Gene_ID,Transcript_ID,Selection_Reason,Total_Length,CDS_Length,5UTR_Length,3UTR_Length,UTR_pair_Length,Status
ENSMUSG00000033845,ENSMUST00000156816.7,appris_principal_1,4203,888,62,3253,3322,Success
ENSMUSG00000025903,ENSMUST00000027036.11,appris_principal_1,2507,693,91,1723,1821,Success
ENSMUSG00000033813,ENSMUST00000081551.14,appris_principal_1,2547,906,100,1541,1648,Success
ENSMUSG00000002459,ENSMUST00000118000.8,Ensembl_canonical,2125,1119,108,898,1013,Success
ENSMUSG00000033793,ENSMUST00000192698.3,appris_principal_1,1811,1398,159,254,420,Success
ENSMUSG00000025907,ENSMUST00000027040.13,appris_principal_1,7607,4767,467,2373,2847,Success
ENSMUSG00000051285,ENSMUST00000061280.17,appris_principal_1,5232,1074,412,3746,4165,Success
ENSMUSG00000025912,ENSMUST00000088658.11,Ensembl_canonical,4980,2256,255,2469,2731,Success
ENSMUSG00000045210,ENSMUST00000057438.7,appris_principal_1,9749,3663,226,5860,6093,Success
ENSMUSG00000056763,ENSMUST00000071087.12,appris_principal_3,4355,3594,138,623,768,Success
ENSMUSG00000067851,ENSMUST00000088615.11,appris_principal_1,6978,5541,176,1261,1444,Success
ENSMUSG00000016918,ENSMUST00000177608.8,appris_principal_1,5598,2613,635,2350,2992,Success
ENSMUSG00000005886,ENSMUST00000006037.13,Ensembl_canonical,4897,4389,222,286,515,Success
ENSMUSG00000025935,ENSMUST00000027068.11,appris_principal_1,2938,1125,188,1625,1820,Success
ENSMUSG00000025937,ENSMUST00000027071.7,appris_principal_1,4494,867,96,3531,3634,Success
ENSMUSG00000025932,ENSMUST00000027066.13,Ensembl_canonical,4347,1776,609,1962,2578,Success
ENSMUSG00000025921,ENSMUST00000027053.8,appris_principal_1,3587,1026,244,2317,2568,Success
ENSMUSG00000025920,ENSMUST00000162751.8,appris_principal_1,3030,1713,218,1099,1324,Success
ENSMUSG00000079658,ENSMUST00000188641.7,appris_principal_1,2014,339,112,1563,1682,Success
ENSMUSG00000041859,ENSMUST00000053266.11,appris_principal_1,3031,2439,104,488,599,Success
ENSMUSG00000025931,ENSMUST00000189400.7,appris_principal_1,5330,1065,303,3962,4272,Success
ENSMUSG00000041779,ENSMUST00000037998.6,appris_principal_1,6492,1113,116,5263,5386,Success
ENSMUSG00000025933,ENSMUST00000027065.12,appris_principal_1,1168,300,331,537,875,Success
ENSMUSG00000026158,ENSMUST00000027343.6,appris_principal_1,4844,1395,124,3325,3456,Success
ENSMUSG00000026155,ENSMUST00000027339.14,appris_principal_1,2289,1323,162,804,973,Success
ENSMUSG00000026153,ENSMUST00000187369.7,appris_principal_2,4976,3933,342,701,1050,Success
ENSMUSG00000073725,ENSMUST00000095062.10,appris_principal_2,5228,1404,259,3565,3831,Success
ENSMUSG00000004768,ENSMUST00000088287.10,appris_principal_1,4322,714,436,3172,3615,Success
ENSMUSG00000042215,ENSMUST00000044691.9,appris_principal_1,1860,633,104,1123,1234,Success
ENSMUSG00000042197,ENSMUST00000044455.8,appris_principal_1,11876,1680,212,9984,10203,Success
ENSMUSG00000026127,ENSMUST00000027303.14,appris_principal_1,5836,876,74,4886,4967,Success
ENSMUSG00000037503,ENSMUST00000167518.8,Ensembl_canonical,5058,621,234,4203,4444,Success
ENSMUSG00000026123,ENSMUST00000027297.11,appris_principal_1,3279,666,80,2533,2620,Success
ENSMUSG00000045216,ENSMUST00000088174.4,appris_principal_1,3719,1236,258,2225,2490,Success
ENSMUSG00000037470,ENSMUST00000046875.14,appris_principal_1,9033,4656,178,4199,4384,Success
ENSMUSG00000037447,ENSMUST00000115032.8,appris_principal_2,4640,1773,79,2788,2874,Success
ENSMUSG00000001143,ENSMUST00000125304.8,appris_principal_1,3378,1044,38,2296,2341,Success
ENSMUSG00000037408,ENSMUST00000153128.2,appris_principal_1,4547,2316,73,2158,2238,Success
ENSMUSG00000026121,ENSMUST00000191677.6,appris_principal_1,3779,2505,374,900,1281,Success
ENSMUSG00000037351,ENSMUST00000043951.10,appris_principal_1,3248,1131,155,1962,2124,Success
ENSMUSG00000026116,ENSMUST00000027290.12,appris_principal_1,6546,5634,182,730,919,Success
ENSMUSG00000026113,ENSMUST00000027287.11,appris_principal_3,5691,2820,394,2477,2878,Success
ENSMUSG00000026112,ENSMUST00000027286.7,appris_principal_1,3863,225,136,3502,3645,Success
ENSMUSG00000026111,ENSMUST00000114925.10,appris_principal_1,1094,780,148,166,321,Success
ENSMUSG00000026110,ENSMUST00000042161.15,appris_principal_1,7030,1608,103,5319,5429,Success
ENSMUSG00000026088,ENSMUST00000139725.8,appris_principal_1,1175,750,97,328,432,Success
ENSMUSG00000026083,ENSMUST00000027252.8,appris_principal_1,7797,3651,280,3866,4153,Success
ENSMUSG00000026082,ENSMUST00000027251.12,appris_principal_1,4262,3750,211,301,519,Success
ENSMUSG00000037138,ENSMUST00000238906.2,Ensembl_canonical,5948,3765,60,2123,2190,Success
ENSMUSG00000026080,ENSMUST00000027249.13,appris_principal_1,2975,1071,273,1631,1911,Success
ENSMUSG00000073702,ENSMUST00000086535.12,appris_principal_1,1049,378,93,578,678,Success
ENSMUSG00000003135,ENSMUST00000161515.8,appris_principal_1,3482,1518,341,1623,1971,Success
ENSMUSG00000026072,ENSMUST00000027241.11,Ensembl_canonical,5819,1731,224,3864,4095,Success
ENSMUSG00000041945,ENSMUST00000039672.6,appris_principal_1,3160,1401,44,1715,1766,Success
ENSMUSG00000070939,ENSMUST00000095014.8,appris_principal_1,5607,2583,565,2459,3031,Success
ENSMUSG00000010290,ENSMUST00000010434.8,appris_principal_1,3458,699,54,2705,2766,Success
ENSMUSG00000008136,ENSMUST00000008280.14,appris_principal_1,1563,840,283,440,730,Success
ENSMUSG00000066877,ENSMUST00000086421.9,appris_principal_1,2772,1143,456,1173,1636,Success
ENSMUSG00000057363,ENSMUST00000126008.8,appris_principal_1,4620,1263,92,3265,3364,Success
ENSMUSG00000041763,ENSMUST00000188313.7,appris_principal_3,4631,3750,74,807,888,Success
ENSMUSG00000026049,ENSMUST00000027215.12,appris_principal_1,1272,678,317,277,601,Success
ENSMUSG00000026047,ENSMUST00000065767.9,appris_principal_1,2359,1509,309,541,857,Success
ENSMUSG00000056870,ENSMUST00000074525.10,appris_principal_1,3138,915,406,1817,2230,Success
ENSMUSG00000026043,ENSMUST00000087883.13,appris_principal_1,5564,4395,210,959,1176,Success
ENSMUSG00000026042,ENSMUST00000086430.5,appris_principal_1,6625,4494,368,1763,2138,Success
ENSMUSG00000025993,ENSMUST00000027137.11,appris_principal_1,3370,1713,319,1338,1664,Success
ENSMUSG00000025986,ENSMUST00000027131.6,appris_principal_1,5498,2502,587,2409,3003,Success
ENSMUSG00000026107,ENSMUST00000027279.12,appris_principal_1,2838,597,484,1757,2248,Success
ENSMUSG00000018417,ENSMUST00000018561.14,Ensembl_canonical,4767,3411,177,1179,1363,Success
ENSMUSG00000026104,ENSMUST00000070968.14,appris_principal_1,5151,2250,333,2568,2908,Success
ENSMUSG00000026103,ENSMUST00000114513.9,appris_principal_1,4966,2025,231,2710,2948,Success
ENSMUSG00000002881,ENSMUST00000069792.14,appris_principal_3,3874,1461,489,1924,2420,Success
ENSMUSG00000043015,ENSMUST00000165859.8,appris_principal_1,3396,1266,55,2075,2137,Success
ENSMUSG00000041439,ENSMUST00000156876.8,appris_principal_2,4932,2385,491,2056,2554,Success
ENSMUSG00000026102,ENSMUST00000027271.9,appris_principal_1,5767,1191,335,4241,4583,Success
ENSMUSG00000026097,ENSMUST00000027266.4,appris_principal_1,1910,462,101,1347,1455,Success
ENSMUSG00000026094,ENSMUST00000027263.14,appris_principal_1,3293,1119,192,1982,2181,Success
ENSMUSG00000042807,ENSMUST00000120904.8,appris_principal_1,11263,4737,180,6346,6533,Success
ENSMUSG00000041303,ENSMUST00000041638.8,appris_principal_1,4582,2649,57,1876,1940,Success
ENSMUSG00000073678,ENSMUST00000097739.5,appris_principal_1,10583,2769,102,7712,7821,Success
ENSMUSG00000052331,ENSMUST00000179030.8,appris_principal_1,6140,2982,221,2937,3165,Success
ENSMUSG00000025982,ENSMUST00000027127.14,appris_principal_1,6195,3915,115,2165,2287,Success
ENSMUSG00000025981,ENSMUST00000027125.7,appris_principal_1,1733,729,105,899,1011,Success
ENSMUSG00000025980,ENSMUST00000027123.15,appris_principal_1,2423,1722,248,453,708,Success
ENSMUSG00000073676,ENSMUST00000075242.7,appris_principal_1,774,309,278,187,472,Success
ENSMUSG00000025979,ENSMUST00000162364.8,appris_principal_1,2840,678,69,2093,2169,Success
ENSMUSG00000046994,ENSMUST00000061334.10,appris_principal_1,11294,1761,63,9470,9540,Success
ENSMUSG00000038331,ENSMUST00000114415.10,appris_principal_1,5805,2202,806,2797,3610,Success
ENSMUSG00000048495,ENSMUST00000162686.8,appris_principal_1,1847,948,640,259,906,Success
ENSMUSG00000025971,ENSMUST00000027114.6,appris_principal_1,3540,876,445,2219,2671,Success
ENSMUSG00000038305,ENSMUST00000170139.8,appris_principal_1,2315,1674,139,502,648,Success
ENSMUSG00000054770,ENSMUST00000114410.10,appris_principal_1,2512,1290,142,1080,1229,Success
ENSMUSG00000051223,ENSMUST00000050552.15,appris_principal_1,3876,1260,329,2287,2623,Success
ENSMUSG00000026034,ENSMUST00000034868.14,appris_principal_1,1796,1452,147,197,351,Success
ENSMUSG00000026035,ENSMUST00000117069.8,appris_principal_1,1363,486,667,210,884,Success
ENSMUSG00000026037,ENSMUST00000027198.12,appris_principal_1,3561,1731,397,1433,1837,Success
ENSMUSG00000038174,ENSMUST00000097724.10,appris_principal_3,4581,1761,183,2637,2827,Success
ENSMUSG00000026028,ENSMUST00000027186.12,appris_principal_1,6189,2742,392,3055,3454,Success
ENSMUSG00000026027,ENSMUST00000027185.11,appris_principal_1,2960,1257,424,1279,1710,Success
ENSMUSG00000026024,ENSMUST00000027178.13,appris_principal_1,6342,4956,135,1251,1393,Success
ENSMUSG00000041075,ENSMUST00000114246.4,appris_principal_1,4532,1719,536,2277,2820,Success
ENSMUSG00000026021,ENSMUST00000091374.9,appris_principal_1,1215,306,143,766,916,Success
ENSMUSG00000026020,ENSMUST00000191142.7,appris_principal_1,9507,1611,173,7723,7903,Success
ENSMUSG00000041040,ENSMUST00000036540.12,appris_principal_1,5532,1755,158,3619,3784,Success
ENSMUSG00000049439,ENSMUST00000060608.13,appris_principal_1,2223,1389,63,771,841,Success
ENSMUSG00000052062,ENSMUST00000075374.10,appris_principal_1,8392,3612,419,4361,4787,Success
ENSMUSG00000025969,ENSMUST00000114157.3,Ensembl_canonical,6357,2796,503,3058,3568,Success
ENSMUSG00000025964,ENSMUST00000087374.10,Ensembl_canonical,6426,2490,316,3620,3943,Success
ENSMUSG00000025962,ENSMUST00000027103.7,appris_principal_1,4486,2070,165,2251,2423,Success
ENSMUSG00000025959,ENSMUST00000114086.8,appris_principal_1,7662,906,490,6266,6763,Success
ENSMUSG00000025958,ENSMUST00000185594.7,appris_principal_1,1569,984,268,317,592,Success
ENSMUSG00000025956,ENSMUST00000114079.9,appris_principal_1,2030,657,106,1267,1380,Success
ENSMUSG00000070871,ENSMUST00000187170.7,appris_principal_2,1506,876,323,307,637,Success
ENSMUSG00000045005,ENSMUST00000063982.7,appris_principal_1,6915,1758,872,4285,5164,Success
ENSMUSG00000051344,ENSMUST00000097713.2,appris_principal_1,8562,2286,360,5916,6283,Success
ENSMUSG00000025950,ENSMUST00000097709.11,appris_principal_1,2302,1245,208,849,1064,Success
ENSMUSG00000025949,ENSMUST00000081154.14,appris_principal_1,11237,6159,141,4937,5085,Success
ENSMUSG00000015222,ENSMUST00000114017.8,appris_principal_1,4981,1497,463,3021,3491,Success
ENSMUSG00000026005,ENSMUST00000027157.10,appris_principal_1,2692,687,76,1929,2012,Success
ENSMUSG00000026004,ENSMUST00000068168.10,appris_principal_1,4459,2844,202,1413,1622,Success
ENSMUSG00000026000,ENSMUST00000027149.12,appris_principal_1,4270,1200,106,2964,3077,Success
ENSMUSG00000025997,ENSMUST00000190771.7,Ensembl_canonical,2483,1599,153,731,891,Success
ENSMUSG00000026196,ENSMUST00000027393.8,appris_principal_1,5659,2298,339,3022,3368,Success
ENSMUSG00000026192,ENSMUST00000027384.6,appris_principal_1,2845,1779,106,960,1073,Success
ENSMUSG00000026193,ENSMUST00000055226.13,appris_principal_1,8315,7434,193,688,888,Success
ENSMUSG00000026189,ENSMUST00000027381.13,appris_principal_1,1186,912,98,176,281,Success
ENSMUSG00000026187,ENSMUST00000027379.10,appris_principal_1,2549,2199,120,230,357,Success
ENSMUSG00000039354,ENSMUST00000047615.15,appris_principal_1,3059,2733,246,80,333,Success
ENSMUSG00000046330,ENSMUST00000059980.11,appris_principal_1,558,279,31,248,286,Success
ENSMUSG00000026185,ENSMUST00000027377.9,appris_principal_1,6006,816,745,4445,5197,Success
ENSMUSG00000006304,ENSMUST00000113820.9,appris_principal_1,1439,903,122,414,543,Success
ENSMUSG00000006299,ENSMUST00000178235.8,Ensembl_canonical,1756,1311,57,388,452,Success
ENSMUSG00000026179,ENSMUST00000087226.11,appris_principal_1,3054,1275,16,1763,1786,Short_or_Missing_UTRs
ENSMUSG00000006301,ENSMUST00000016309.16,appris_principal_1,2378,930,323,1125,1455,Success
ENSMUSG00000026176,ENSMUST00000027367.14,appris_principal_1,2876,786,389,1701,2097,Success
ENSMUSG00000033364,ENSMUST00000189257.7,appris_principal_1,4974,2940,373,1661,2041,Success
ENSMUSG00000026174,ENSMUST00000087215.7,appris_principal_1,3268,900,380,1988,2375,Success
ENSMUSG00000026135,ENSMUST00000027315.14,appris_principal_1,6480,5532,496,452,955,Success
ENSMUSG00000026172,ENSMUST00000113733.10,appris_principal_1,1488,1257,178,53,238,Success
ENSMUSG00000026171,ENSMUST00000113721.8,appris_principal_3,1451,1368,12,71,90,Short_or_Missing_UTRs
ENSMUSG00000033257,ENSMUST00000042125.15,appris_principal_1,10019,3582,406,6031,6444,Success
ENSMUSG00000033159,ENSMUST00000168720.8,appris_principal_1,3669,1224,600,1845,2452,Success
ENSMUSG00000049339,ENSMUST00000097694.11,appris_principal_2,2561,1626,77,858,942,Success
ENSMUSG00000026197,ENSMUST00000160439.8,appris_principal_1,1206,774,83,349,439,Success
ENSMUSG00000026198,ENSMUST00000027396.15,appris_principal_1,2966,2529,274,163,444,Success
ENSMUSG00000033124,ENSMUST00000189702.7,appris_principal_1,4110,2520,524,1066,1597,Success
ENSMUSG00000026199,ENSMUST00000152233.9,appris_principal_1,2739,2247,292,200,499,Success
ENSMUSG00000026200,ENSMUST00000113623.8,appris_principal_1,2339,1941,251,147,405,Success
ENSMUSG00000026201,ENSMUST00000027401.11,appris_principal_1,2876,918,304,1654,1965,Success
ENSMUSG00000026202,ENSMUST00000186213.7,appris_principal_1,2840,1347,99,1394,1500,Success
ENSMUSG00000026203,ENSMUST00000082158.13,appris_principal_1,1253,834,419,0,0,Short_or_Missing_UTRs
ENSMUSG00000026209,ENSMUST00000066668.14,appris_principal_1,2488,1422,303,763,1073,Success
ENSMUSG00000033021,ENSMUST00000037796.14,appris_principal_1,1539,1263,103,173,283,Success
ENSMUSG00000032997,ENSMUST00000079205.14,appris_principal_1,2892,2325,166,401,574,Success
ENSMUSG00000026213,ENSMUST00000027414.16,appris_principal_1,4458,3219,139,1100,1246,Success
ENSMUSG00000006576,ENSMUST00000124341.8,appris_principal_1,7182,3684,216,3282,3505,Success
ENSMUSG00000026235,ENSMUST00000027451.13,appris_principal_1,6328,2961,57,3310,3374,Success
ENSMUSG00000032883,ENSMUST00000035779.15,appris_principal_1,3950,2163,459,1328,1794,Success
ENSMUSG00000026249,ENSMUST00000027467.11,appris_principal_1,2210,1194,208,808,1023,Success
ENSMUSG00000004364,ENSMUST00000163119.8,appris_principal_1,4709,2307,169,2233,2409,Success
ENSMUSG00000055980,ENSMUST00000069799.3,appris_principal_1,9144,3696,923,4525,5455,Success
ENSMUSG00000026142,ENSMUST00000027322.14,appris_principal_1,3636,948,276,2412,2695,Success
ENSMUSG00000026150,ENSMUST00000162003.8,appris_principal_1,2087,1029,380,678,1065,Success
ENSMUSG00000026159,ENSMUST00000186302.7,Ensembl_canonical,2352,1686,49,617,673,Success
ENSMUSG00000026219,ENSMUST00000027421.13,appris_principal_1,9632,6078,125,3429,3561,Success
ENSMUSG00000070034,ENSMUST00000093508.7,appris_principal_1,1921,1338,190,393,590,Success
ENSMUSG00000036707,ENSMUST00000113360.8,appris_principal_1,3805,1026,424,2355,2786,Success
ENSMUSG00000026223,ENSMUST00000027425.16,appris_principal_1,2230,810,383,1037,1427,Success
ENSMUSG00000026229,ENSMUST00000027432.9,appris_principal_1,3112,2862,171,79,257,Success
ENSMUSG00000026234,ENSMUST00000027438.8,appris_principal_1,8202,2124,177,5901,6085,Success
ENSMUSG00000026238,ENSMUST00000045897.15,appris_principal_1,1216,336,180,700,887,Success
ENSMUSG00000026240,ENSMUST00000121534.8,appris_principal_1,5383,795,429,4159,4595,Success
ENSMUSG00000053333,ENSMUST00000065694.8,appris_principal_2,3085,2613,125,347,479,Success
ENSMUSG00000026254,ENSMUST00000113235.8,appris_principal_3,3473,711,86,2676,2769,Success
ENSMUSG00000026255,ENSMUST00000027472.7,appris_principal_1,1854,723,87,1044,1138,Success
ENSMUSG00000048000,ENSMUST00000027475.15,Ensembl_canonical,5724,3876,197,1651,1855,Success
ENSMUSG00000026259,ENSMUST00000027477.15,appris_principal_1,2746,1863,163,720,890,Success
ENSMUSG00000026289,ENSMUST00000027512.13,appris_principal_3,3130,1824,187,1119,1313,Success
ENSMUSG00000044783,ENSMUST00000065420.12,appris_principal_2,2217,1776,88,353,448,Success
ENSMUSG00000049866,ENSMUST00000187810.2,appris_principal_1,2740,579,212,1949,2168,Success
ENSMUSG00000036206,ENSMUST00000066279.11,appris_principal_1,4995,2889,389,1717,2113,Success
ENSMUSG00000055013,ENSMUST00000190096.7,appris_principal_3,4078,2415,556,1107,1670,Success
ENSMUSG00000034432,ENSMUST00000036153.12,appris_principal_1,2287,630,569,1088,1664,Success
ENSMUSG00000034343,ENSMUST00000059743.12,appris_principal_1,1154,558,211,385,603,Success
ENSMUSG00000055866,ENSMUST00000069620.10,appris_principal_1,5833,3774,170,1889,2066,Success
ENSMUSG00000034292,ENSMUST00000047242.9,appris_principal_1,3474,1878,72,1524,1603,Success
ENSMUSG00000026311,ENSMUST00000086843.11,appris_principal_1,2490,1011,269,1210,1486,Success
ENSMUSG00000026313,ENSMUST00000097644.9,appris_principal_1,8100,3231,301,4568,4876,Success
ENSMUSG00000034220,ENSMUST00000045970.8,appris_principal_1,4176,1674,287,2215,2509,Success
ENSMUSG00000026269,ENSMUST00000027487.15,appris_principal_1,3337,2163,188,986,1181,Success
ENSMUSG00000026270,ENSMUST00000027488.11,appris_principal_1,2902,2001,498,403,908,Success
ENSMUSG00000014602,ENSMUST00000190723.7,Ensembl_canonical,6141,5376,248,517,772,Success
ENSMUSG00000026273,ENSMUST00000027492.14,appris_principal_1,1366,1041,70,255,332,Success
ENSMUSG00000026275,ENSMUST00000027494.11,appris_principal_1,10315,1086,806,8423,9236,Success
ENSMUSG00000034088,ENSMUST00000170883.8,appris_principal_1,6231,3807,191,2233,2431,Success
ENSMUSG00000026277,ENSMUST00000027498.14,appris_principal_1,4249,1281,232,2736,2975,Success
ENSMUSG00000026278,ENSMUST00000027499.13,appris_principal_1,1468,642,224,602,833,Success
ENSMUSG00000026280,ENSMUST00000027502.16,appris_principal_1,4173,1182,140,2851,2998,Success
ENSMUSG00000026283,ENSMUST00000027505.13,appris_principal_1,4533,723,38,3772,3817,Success
ENSMUSG00000051185,ENSMUST00000059975.8,appris_principal_1,2112,573,194,1345,1546,Success
ENSMUSG00000040710,ENSMUST00000043336.11,appris_principal_1,5390,1080,310,4000,4317,Success
ENSMUSG00000026333,ENSMUST00000112844.10,appris_principal_1,2046,1557,91,398,496,Success
ENSMUSG00000026335,ENSMUST00000161567.8,appris_principal_2,3630,2622,298,710,1015,Success
ENSMUSG00000047496,ENSMUST00000058688.7,appris_principal_1,8492,612,575,7305,7887,Success
ENSMUSG00000056536,ENSMUST00000070699.15,appris_principal_1,6528,2796,150,3582,3739,Success
ENSMUSG00000026319,ENSMUST00000039173.13,appris_principal_3,4328,3651,225,452,684,Success
ENSMUSG00000038866,ENSMUST00000119166.8,appris_principal_2,6368,3468,101,2799,2907,Success
ENSMUSG00000044340,ENSMUST00000061047.7,appris_principal_1,6226,5064,252,910,1169,Success
ENSMUSG00000057329,ENSMUST00000112751.2,appris_principal_1,7191,711,1394,5086,6487,Success
ENSMUSG00000009905,ENSMUST00000010049.6,appris_principal_1,5518,999,76,4443,4526,Success
ENSMUSG00000009907,ENSMUST00000112736.8,appris_principal_1,4539,1335,220,2984,3211,Success
ENSMUSG00000026315,ENSMUST00000000514.11,appris_principal_1,3001,1125,292,1584,1883,Success
ENSMUSG00000038702,ENSMUST00000035462.7,appris_principal_1,5759,3624,1661,474,2142,Success
ENSMUSG00000026374,ENSMUST00000027623.9,appris_principal_1,7063,687,350,6026,6383,Success
ENSMUSG00000026377,ENSMUST00000027626.13,appris_principal_1,1889,954,54,881,942,Success
ENSMUSG00000064302,ENSMUST00000190571.7,appris_principal_2,7910,4659,748,2503,3258,Success
ENSMUSG00000048402,ENSMUST00000062483.15,appris_principal_1,6637,4635,349,1653,2009,Success
ENSMUSG00000004451,ENSMUST00000004565.15,appris_principal_1,2289,621,267,1401,1675,Success
ENSMUSG00000098923,ENSMUST00000183952.2,appris_principal_1,2824,1053,351,1420,1778,Success
ENSMUSG00000026383,ENSMUST00000191046.7,appris_principal_1,6870,1515,218,5137,5362,Success
ENSMUSG00000026384,ENSMUST00000064091.12,appris_principal_1,10874,2781,729,7364,8100,Success
ENSMUSG00000050777,ENSMUST00000056089.8,appris_principal_1,1311,636,342,333,682,Success
ENSMUSG00000026385,ENSMUST00000027634.13,appris_principal_1,569,264,125,180,312,Success
ENSMUSG00000026389,ENSMUST00000112641.8,appris_principal_1,5158,1467,430,3261,3698,Success
ENSMUSG00000003721,ENSMUST00000003818.14,appris_principal_1,2697,678,466,1553,2026,Success
ENSMUSG00000026339,ENSMUST00000036025.16,appris_principal_3,7274,1890,167,5217,5391,Success
ENSMUSG00000026341,ENSMUST00000027579.17,appris_principal_1,2554,1257,207,1090,1304,Success
ENSMUSG00000026342,ENSMUST00000027580.11,appris_principal_1,2733,1575,229,929,1165,Success
ENSMUSG00000036155,ENSMUST00000038361.11,appris_principal_1,8436,2223,602,5611,6220,Success
ENSMUSG00000026349,ENSMUST00000112570.2,appris_principal_2,4511,1974,64,2473,2544,Success
ENSMUSG00000036086,ENSMUST00000086614.12,appris_principal_1,4210,3210,217,783,1007,Success
ENSMUSG00000056211,ENSMUST00000036288.11,appris_principal_1,4795,3408,409,978,1394,Success
ENSMUSG00000026353,ENSMUST00000027592.6,appris_principal_1,4113,1521,309,2283,2599,Success
ENSMUSG00000026355,ENSMUST00000027601.11,appris_principal_1,2910,2466,99,345,451,Success
ENSMUSG00000026356,ENSMUST00000027602.15,appris_principal_1,2175,1506,142,527,676,Success
ENSMUSG00000045382,ENSMUST00000052172.7,appris_principal_1,1805,1080,81,644,732,Success
ENSMUSG00000026399,ENSMUST00000027650.13,appris_principal_1,2533,1173,75,1285,1367,Success
ENSMUSG00000026409,ENSMUST00000066863.13,appris_principal_3,4425,1557,34,2834,2875,Success
ENSMUSG00000046404,ENSMUST00000049813.6,appris_principal_1,6128,1032,157,4939,5103,Success
ENSMUSG00000016528,ENSMUST00000016672.11,appris_principal_1,2854,1161,301,1392,1700,Success
ENSMUSG00000016526,ENSMUST00000016670.9,appris_principal_1,3164,1761,184,1219,1410,Success
ENSMUSG00000026427,ENSMUST00000068805.14,appris_principal_1,2009,1713,189,107,303,Success
ENSMUSG00000026430,ENSMUST00000027688.15,appris_principal_1,3485,1242,128,2115,2250,Success
ENSMUSG00000042349,ENSMUST00000062108.10,appris_principal_1,3251,2154,389,708,1104,Success
ENSMUSG00000026425,ENSMUST00000097588.9,appris_principal_1,8026,3216,704,4106,4817,Success
ENSMUSG00000013275,ENSMUST00000086559.7,appris_principal_1,4697,1539,1028,2130,3165,Success
ENSMUSG00000026433,ENSMUST00000112386.8,appris_principal_1,1202,615,428,159,594,Success
ENSMUSG00000026434,ENSMUST00000062264.8,Ensembl_canonical,5998,705,178,5115,5300,Success
ENSMUSG00000026435,ENSMUST00000177943.8,appris_principal_1,3212,1662,309,1241,1557,Success
ENSMUSG00000026436,ENSMUST00000086556.12,appris_principal_1,4433,1293,343,2797,3147,Success
ENSMUSG00000026437,ENSMUST00000027697.12,appris_principal_1,4355,1356,300,2699,3006,Success
ENSMUSG00000009772,ENSMUST00000072177.14,appris_principal_2,2936,1920,104,912,1023,Success
ENSMUSG00000042046,ENSMUST00000045110.14,appris_principal_1,6282,2784,51,3447,3505,Success
ENSMUSG00000026439,ENSMUST00000190997.7,Ensembl_canonical,2856,1617,142,1097,1246,Success
ENSMUSG00000054387,ENSMUST00000067398.13,Ensembl_canonical,1914,1473,139,302,448,Success
ENSMUSG00000026447,ENSMUST00000077730.7,appris_principal_1,7928,4899,500,2529,3036,Success
ENSMUSG00000046062,ENSMUST00000052529.4,appris_principal_1,5594,2094,604,2896,3507,Success
ENSMUSG00000041757,ENSMUST00000187285.7,appris_principal_2,5040,3147,374,1519,1900,Success
ENSMUSG00000070644,ENSMUST00000135222.9,appris_principal_1,2297,1158,192,947,1146,Success
ENSMUSG00000070643,ENSMUST00000153799.8,appris_principal_1,3693,1842,503,1348,1858,Success
ENSMUSG00000026463,ENSMUST00000143567.8,appris_principal_1,11725,3618,873,7234,8114,Success
ENSMUSG00000020423,ENSMUST00000020692.7,appris_principal_1,2743,477,67,2199,2273,Success
ENSMUSG00000042305,ENSMUST00000049470.11,appris_principal_1,3149,1128,109,1912,2028,Success
ENSMUSG00000026456,ENSMUST00000027726.14,appris_principal_1,1837,918,258,661,926,Success
ENSMUSG00000026457,ENSMUST00000027727.15,appris_principal_1,3123,1128,302,1693,2002,Success
ENSMUSG00000026455,ENSMUST00000027725.11,appris_principal_1,3408,1707,141,1560,1708,Success
ENSMUSG00000042229,ENSMUST00000047978.9,appris_principal_1,2861,372,36,2453,2496,Success
ENSMUSG00000042207,ENSMUST00000047714.14,appris_principal_1,8714,4635,168,3911,4086,Success
ENSMUSG00000026429,ENSMUST00000027687.8,appris_principal_1,1116,615,285,216,508,Success
ENSMUSG00000026426,ENSMUST00000027684.11,appris_principal_1,1713,561,154,998,1159,Success
ENSMUSG00000062580,ENSMUST00000081104.10,appris_principal_1,7280,516,59,6705,6771,Success
ENSMUSG00000041889,ENSMUST00000041240.4,appris_principal_1,1763,594,276,893,1176,Success
ENSMUSG00000041879,ENSMUST00000041023.14,appris_principal_1,6247,3123,69,3055,3131,Success
ENSMUSG00000026421,ENSMUST00000097561.9,appris_principal_1,1828,582,134,1112,1253,Success
ENSMUSG00000041801,ENSMUST00000038945.6,appris_principal_1,1435,378,330,727,1064,Success
ENSMUSG00000026411,ENSMUST00000165125.8,appris_principal_1,901,552,302,47,356,Success
ENSMUSG00000041642,ENSMUST00000075164.11,appris_principal_1,9115,4875,333,3907,4247,Success
ENSMUSG00000041570,ENSMUST00000048309.12,Ensembl_canonical,7823,4437,667,2719,3393,Success
ENSMUSG00000041498,ENSMUST00000189413.7,appris_principal_1,8943,5025,23,3895,3925,Short_or_Missing_UTRs
ENSMUSG00000041483,ENSMUST00000047734.15,appris_principal_1,4933,2682,165,2086,2258,Success
ENSMUSG00000026393,ENSMUST00000186017.7,appris_principal_1,5258,909,224,4125,4356,Success
ENSMUSG00000056268,ENSMUST00000168527.8,appris_principal_1,8206,2301,160,5745,5912,Success
ENSMUSG00000033964,ENSMUST00000039867.10,appris_principal_1,8361,2727,159,5475,5641,Success
ENSMUSG00000026361,ENSMUST00000018337.9,appris_principal_1,11586,1596,269,9721,9997,Success
ENSMUSG00000018196,ENSMUST00000145969.8,appris_principal_1,924,372,415,137,559,Success
ENSMUSG00000018199,ENSMUST00000159879.2,appris_principal_1,8738,1617,169,6952,7128,Success
ENSMUSG00000018189,ENSMUST00000189936.7,Ensembl_canonical,1696,990,129,577,713,Success
ENSMUSG00000026360,ENSMUST00000127206.8,appris_principal_1,3021,636,43,2342,2392,Success
ENSMUSG00000056220,ENSMUST00000070200.15,appris_principal_1,2856,2247,166,443,616,Success
ENSMUSG00000032487,ENSMUST00000035065.9,appris_principal_1,4453,1815,193,2445,2645,Success
ENSMUSG00000006010,ENSMUST00000111913.9,appris_principal_1,3273,1344,413,1516,1936,Success
ENSMUSG00000006005,ENSMUST00000124973.9,appris_principal_2,7430,7296,106,28,141,Short_or_Missing_UTRs
ENSMUSG00000023150,ENSMUST00000023918.13,appris_principal_1,3511,1929,525,1057,1589,Success
ENSMUSG00000052748,ENSMUST00000064771.12,appris_principal_1,3688,2724,204,760,971,Success
ENSMUSG00000026484,ENSMUST00000187048.7,appris_principal_1,3201,1011,279,1911,2197,Success
ENSMUSG00000026483,ENSMUST00000148810.8,appris_principal_1,6531,2781,157,3593,3757,Success
ENSMUSG00000043019,ENSMUST00000059498.12,appris_principal_2,6327,2796,193,3338,3538,Success
ENSMUSG00000014980,ENSMUST00000015124.15,appris_principal_1,1133,507,98,528,633,Success
ENSMUSG00000026482,ENSMUST00000027760.14,appris_principal_1,4572,2307,207,2058,2272,Success
ENSMUSG00000008475,ENSMUST00000077755.11,appris_principal_1,1914,456,183,1275,1465,Success
ENSMUSG00000026480,ENSMUST00000186568.7,appris_principal_1,3550,1578,1095,877,1979,Success
ENSMUSG00000042772,ENSMUST00000073441.13,appris_principal_3,5767,3405,85,2277,2369,Success
ENSMUSG00000042751,ENSMUST00000043313.15,appris_principal_1,4626,924,111,3591,3709,Success
ENSMUSG00000026479,ENSMUST00000185356.7,appris_principal_1,4916,3582,60,1274,1341,Success
ENSMUSG00000026478,ENSMUST00000027752.15,appris_principal_1,7622,4824,247,2551,2805,Success
ENSMUSG00000042684,ENSMUST00000041874.9,appris_principal_1,1735,963,414,358,779,Success
ENSMUSG00000026475,ENSMUST00000027748.8,appris_principal_1,2339,606,120,1613,1740,Success
ENSMUSG00000066800,ENSMUST00000086209.10,appris_principal_1,2938,2208,619,111,737,Success
ENSMUSG00000026473,ENSMUST00000381746.1,appris_principal_1,1419,1122,297,0,0,Short_or_Missing_UTRs
ENSMUSG00000056708,ENSMUST00000055322.6,appris_principal_1,3276,927,206,2143,2356,Success
ENSMUSG00000026471,ENSMUST00000027744.10,appris_principal_1,2512,1026,97,1389,1493,Success
ENSMUSG00000026470,ENSMUST00000027743.13,appris_principal_1,4589,768,178,3643,3828,Success
ENSMUSG00000026469,ENSMUST00000027741.12,appris_principal_1,7492,2088,95,5309,5411,Success
ENSMUSG00000033684,ENSMUST00000111764.8,appris_principal_2,2722,1986,52,684,743,Success
ENSMUSG00000026466,ENSMUST00000097527.10,appris_principal_1,4234,1731,192,2311,2510,Success
ENSMUSG00000050565,ENSMUST00000111757.10,appris_principal_1,6118,1509,1206,3403,4616,Success
ENSMUSG00000026600,ENSMUST00000189661.7,appris_principal_1,8371,1623,214,6534,6755,Success
ENSMUSG00000060519,ENSMUST00000079625.11,appris_principal_1,3285,1158,51,2076,2134,Success
ENSMUSG00000033557,ENSMUST00000122424.8,appris_principal_1,4532,1230,423,2879,3309,Success
ENSMUSG00000026594,ENSMUST00000185198.7,Ensembl_canonical,2229,1707,221,301,529,Success
ENSMUSG00000070565,ENSMUST00000078308.13,appris_principal_1,10047,3861,657,5529,6193,Success
ENSMUSG00000014226,ENSMUST00000014370.11,appris_principal_1,2098,690,208,1200,1415,Success
ENSMUSG00000026721,ENSMUST00000028049.13,appris_principal_1,2748,2448,253,47,307,Success
ENSMUSG00000040423,ENSMUST00000161609.8,Ensembl_canonical,11006,3393,432,7181,7620,Success
ENSMUSG00000026709,ENSMUST00000035430.4,appris_principal_1,3619,1962,542,1115,1664,Success
ENSMUSG00000026708,ENSMUST00000111618.8,appris_principal_1,1996,1038,679,279,965,Success
ENSMUSG00000026705,ENSMUST00000111611.8,appris_principal_1,4072,1815,205,2052,2264,Success
ENSMUSG00000026701,ENSMUST00000071718.12,appris_principal_1,2387,675,103,1609,1719,Success
ENSMUSG00000040297,ENSMUST00000048377.11,appris_principal_1,6327,3765,310,2252,2569,Success
ENSMUSG00000026698,ENSMUST00000111594.3,appris_principal_1,3290,894,305,2091,2403,Success
ENSMUSG00000040265,ENSMUST00000086074.12,Ensembl_canonical,7523,2592,211,4720,4938,Success
ENSMUSG00000026696,ENSMUST00000135241.8,appris_principal_1,1461,426,244,791,1042,Success
ENSMUSG00000040225,ENSMUST00000182660.8,appris_principal_2,11502,8541,286,2675,2968,Success
ENSMUSG00000026586,ENSMUST00000027878.14,appris_principal_1,4952,738,1075,3139,4221,Success
ENSMUSG00000040124,ENSMUST00000045138.6,appris_principal_1,2538,1107,86,1345,1438,Success
ENSMUSG00000026585,ENSMUST00000027877.7,appris_principal_1,3946,2382,288,1276,1571,Success
ENSMUSG00000026584,ENSMUST00000027876.11,appris_principal_2,4368,2208,472,1688,2167,Success
ENSMUSG00000041406,ENSMUST00000045876.8,appris_principal_1,3179,2712,76,391,474,Success
ENSMUSG00000040918,ENSMUST00000044021.12,appris_principal_1,3571,1497,207,1867,2081,Success
ENSMUSG00000026577,ENSMUST00000120447.8,appris_principal_1,2430,1212,381,837,1225,Success
ENSMUSG00000026576,ENSMUST00000027863.13,appris_principal_1,2580,915,498,1167,1672,Success
ENSMUSG00000040848,ENSMUST00000043338.10,appris_principal_1,5535,480,136,4919,5062,Success
ENSMUSG00000040843,ENSMUST00000043235.8,appris_principal_1,4380,816,110,3454,3571,Success
ENSMUSG00000040836,ENSMUST00000111450.3,appris_principal_2,6862,1587,231,5044,5282,Success
ENSMUSG00000026571,ENSMUST00000027856.13,appris_principal_1,4110,2631,238,1241,1486,Success
ENSMUSG00000026566,ENSMUST00000111435.9,appris_principal_3,2285,813,136,1336,1479,Success
ENSMUSG00000040723,ENSMUST00000097474.9,appris_principal_2,5001,1149,190,3662,3859,Success
ENSMUSG00000040713,ENSMUST00000111432.10,appris_principal_1,2163,663,39,1461,1507,Success
ENSMUSG00000026563,ENSMUST00000027846.8,appris_principal_1,2215,1008,306,901,1214,Success
ENSMUSG00000040596,ENSMUST00000135673.9,appris_principal_1,2433,1824,78,531,616,Success
ENSMUSG00000026558,ENSMUST00000053686.9,appris_principal_1,4731,786,446,3499,3952,Success
ENSMUSG00000026687,ENSMUST00000028004.11,appris_principal_1,2835,1557,245,1033,1285,Success
ENSMUSG00000026688,ENSMUST00000028005.3,appris_principal_1,1097,462,98,537,642,Success
ENSMUSG00000052534,ENSMUST00000176540.8,Ensembl_canonical,6876,1293,393,5190,5590,Success
ENSMUSG00000026678,ENSMUST00000027997.9,appris_principal_1,4096,546,77,3473,3557,Success
ENSMUSG00000026675,ENSMUST00000027989.13,appris_principal_1,4612,1005,109,3498,3614,Success
ENSMUSG00000026674,ENSMUST00000194690.6,appris_principal_1,8590,2565,477,5548,6032,Success
ENSMUSG00000026670,ENSMUST00000111351.10,Ensembl_canonical,2287,1569,240,478,725,Success
ENSMUSG00000026667,ENSMUST00000027979.14,appris_principal_1,7864,1260,157,6447,6611,Success
ENSMUSG00000038473,ENSMUST00000160456.8,appris_principal_1,3022,1512,497,1013,1517,Success
ENSMUSG00000038463,ENSMUST00000046792.9,appris_principal_1,3095,2241,390,464,861,Success
ENSMUSG00000026663,ENSMUST00000027974.7,appris_principal_1,7246,1971,70,5205,5282,Success
ENSMUSG00000058076,ENSMUST00000111336.10,appris_principal_1,3171,510,25,2636,2668,Short_or_Missing_UTRs
ENSMUSG00000005674,ENSMUST00000005817.9,appris_principal_1,4712,927,275,3510,3792,Success
ENSMUSG00000052423,ENSMUST00000064272.10,appris_principal_1,1998,1188,294,516,817,Success
ENSMUSG00000062963,ENSMUST00000080001.9,appris_principal_1,1007,504,175,328,510,Success
ENSMUSG00000013973,ENSMUST00000111300.8,appris_principal_1,2563,957,479,1127,1613,Success
ENSMUSG00000013997,ENSMUST00000111295.8,Ensembl_canonical,1335,972,76,287,370,Success
ENSMUSG00000026556,ENSMUST00000027837.13,appris_principal_1,5698,1566,490,3642,4139,Success
ENSMUSG00000026553,ENSMUST00000135192.8,appris_principal_1,4622,3675,381,566,954,Success
ENSMUSG00000003464,ENSMUST00000075895.9,appris_principal_1,1917,900,24,993,1024,Short_or_Missing_UTRs
ENSMUSG00000026554,ENSMUST00000191689.6,appris_principal_1,2754,1776,143,835,985,Success
ENSMUSG00000013698,ENSMUST00000013842.12,appris_principal_1,2501,393,210,1898,2115,Success
ENSMUSG00000038034,ENSMUST00000085912.10,appris_principal_1,2182,1836,73,273,353,Success
ENSMUSG00000050229,ENSMUST00000052455.4,appris_principal_1,7554,1272,153,6129,6289,Success
ENSMUSG00000026547,ENSMUST00000111230.8,appris_principal_1,1586,600,314,672,993,Success
ENSMUSG00000026544,ENSMUST00000027826.7,appris_principal_1,1410,453,80,877,964,Success
ENSMUSG00000073489,ENSMUST00000111214.4,appris_principal_1,2296,1860,129,307,443,Success
ENSMUSG00000078185,ENSMUST00000104984.4,appris_principal_1,6905,1866,788,4251,5046,Success
ENSMUSG00000039748,ENSMUST00000039725.12,appris_principal_1,7796,2514,358,4924,5289,Success
ENSMUSG00000057335,ENSMUST00000194727.6,Ensembl_canonical,6784,4767,0,2017,0,Short_or_Missing_UTRs
ENSMUSG00000026504,ENSMUST00000027785.15,appris_principal_1,2776,2154,329,293,629,Success
ENSMUSG00000019699,ENSMUST00000111160.9,appris_principal_1,4735,1440,46,3249,3302,Success
ENSMUSG00000063659,ENSMUST00000094276.5,Ensembl_canonical,4204,1596,515,2093,2615,Success
ENSMUSG00000015961,ENSMUST00000016105.9,appris_principal_1,2771,1371,117,1283,1407,Success
ENSMUSG00000026502,ENSMUST00000027783.14,appris_principal_1,8802,585,384,7833,8224,Success
ENSMUSG00000026500,ENSMUST00000027781.7,appris_principal_1,471,354,40,77,124,Success
ENSMUSG00000039630,ENSMUST00000037748.9,appris_principal_1,7640,2403,226,5011,5244,Success
ENSMUSG00000055067,ENSMUST00000128302.8,appris_principal_1,6871,1287,83,5501,5591,Success
ENSMUSG00000038949,ENSMUST00000040706.9,appris_principal_1,4709,2136,299,2274,2580,Success
ENSMUSG00000026491,ENSMUST00000027768.14,appris_principal_1,8506,6732,335,1439,1781,Success
ENSMUSG00000026490,ENSMUST00000212756.2,Ensembl_canonical,5247,5247,0,0,0,Short_or_Missing_UTRs
ENSMUSG00000026489,ENSMUST00000170472.8,appris_principal_1,3928,1938,59,1931,1997,Success
ENSMUSG00000010609,ENSMUST00000111106.8,Ensembl_canonical,2020,1347,104,569,680,Success
ENSMUSG00000038855,ENSMUST00000070181.7,appris_principal_1,6235,2829,494,2912,3413,Success
ENSMUSG00000026496,ENSMUST00000027777.12,appris_principal_1,3873,3045,105,723,835,Success
ENSMUSG00000058729,ENSMUST00000192561.6,appris_principal_1,3160,1629,217,1314,1538,Success
ENSMUSG00000026499,ENSMUST00000027780.6,appris_principal_1,3471,1578,59,1834,1900,Success
ENSMUSG00000038776,ENSMUST00000036928.12,appris_principal_1,1741,1368,148,225,380,Success
ENSMUSG00000026516,ENSMUST00000027797.9,appris_principal_1,9392,2568,97,6727,6831,Success
ENSMUSG00000062169,ENSMUST00000134115.8,appris_principal_1,3268,420,62,2786,2855,Success
ENSMUSG00000038733,ENSMUST00000162819.9,appris_principal_1,7045,1926,541,4578,5126,Success
ENSMUSG00000004880,ENSMUST00000005003.12,appris_principal_1,3510,1881,106,1523,1636,Success
ENSMUSG00000022995,ENSMUST00000078719.13,appris_principal_2,2889,2415,127,347,481,Success
ENSMUSG00000038633,ENSMUST00000035295.6,appris_principal_1,2048,972,101,975,1083,Success
ENSMUSG00000026510,ENSMUST00000117245.2,appris_principal_1,4361,3405,252,704,963,Success
ENSMUSG00000026509,ENSMUST00000068505.10,appris_principal_1,3225,2103,170,952,1129,Success
ENSMUSG00000042901,ENSMUST00000109166.8,appris_principal_1,4279,918,470,2891,3368,Success
ENSMUSG00000039384,ENSMUST00000048655.8,appris_principal_1,2792,1452,227,1113,1347,Success
ENSMUSG00000039377,ENSMUST00000048572.7,appris_principal_1,2278,1431,478,369,854,Success
ENSMUSG00000039349,ENSMUST00000048308.6,appris_principal_1,3035,426,227,2382,2616,Success
ENSMUSG00000026620,ENSMUST00000027929.10,appris_principal_1,4221,2388,98,1735,1840,Success
ENSMUSG00000039318,ENSMUST00000069652.8,appris_principal_1,7052,4164,125,2763,2895,Success
ENSMUSG00000026618,ENSMUST00000027921.11,appris_principal_1,5471,3039,109,2323,2439,Success
ENSMUSG00000026617,ENSMUST00000027916.13,appris_principal_1,2200,927,122,1151,1280,Success
ENSMUSG00000039239,ENSMUST00000045288.14,appris_principal_1,5116,1245,1215,2656,3878,Success
ENSMUSG00000001305,ENSMUST00000001339.6,appris_principal_1,1321,846,50,425,482,Success
ENSMUSG00000039210,ENSMUST00000065573.14,appris_principal_1,4547,1584,113,2850,2970,Success
ENSMUSG00000026608,ENSMUST00000085678.8,appris_principal_1,3706,2448,228,1030,1265,Success
ENSMUSG00000026605,ENSMUST00000171929.8,appris_principal_1,11130,8994,143,1993,2143,Success
ENSMUSG00000010175,ENSMUST00000175916.8,appris_principal_1,7913,2214,514,5185,5706,Success
ENSMUSG00000089872,ENSMUST00000061611.15,appris_principal_1,3995,3171,110,714,831,Success
ENSMUSG00000026634,ENSMUST00000066632.14,Ensembl_canonical,3714,1635,208,1871,2086,Success
ENSMUSG00000066595,ENSMUST00000085635.6,appris_principal_1,4040,1683,65,2292,2364,Success
ENSMUSG00000026632,ENSMUST00000110893.10,appris_principal_2,1242,885,75,282,364,Success
ENSMUSG00000026628,ENSMUST00000027941.14,appris_principal_1,1984,546,252,1186,1445,Success
ENSMUSG00000026627,ENSMUST00000027940.6,appris_principal_1,2246,1053,129,1064,1200,Success
ENSMUSG00000026626,ENSMUST00000067976.9,appris_principal_1,3088,1461,625,1002,1634,Success
ENSMUSG00000037474,ENSMUST00000027933.11,appris_principal_1,4212,2190,144,1878,2029,Success
ENSMUSG00000037461,ENSMUST00000045450.7,appris_principal_1,5347,2901,222,2224,2453,Success
ENSMUSG00000026623,ENSMUST00000110855.8,appris_principal_1,7233,1113,399,5721,6127,Success
ENSMUSG00000026622,ENSMUST00000027931.8,appris_principal_1,3227,1332,202,1693,1902,Success
ENSMUSG00000037434,ENSMUST00000044954.7,appris_principal_1,5244,1512,240,3492,3739,Success
ENSMUSG00000037395,ENSMUST00000192866.6,appris_principal_1,1844,1656,164,24,195,Short_or_Missing_UTRs
ENSMUSG00000016262,ENSMUST00000155579.8,appris_principal_1,3350,1134,331,1885,2223,Success
ENSMUSG00000016181,ENSMUST00000085555.7,appris_principal_1,5570,2307,122,3141,3270,Success
ENSMUSG00000079144,ENSMUST00000160822.3,appris_principal_1,3793,792,302,2699,3008,Success
ENSMUSG00000009633,ENSMUST00000009777.4,appris_principal_1,871,312,257,302,566,Success
ENSMUSG00000026640,ENSMUST00000027952.12,appris_principal_1,11040,5685,647,4708,5362,Success
ENSMUSG00000050530,ENSMUST00000115099.9,appris_principal_1,4149,2679,174,1296,1477,Success
ENSMUSG00000026643,ENSMUST00000102989.10,appris_principal_1,2162,1497,40,625,672,Success
ENSMUSG00000049950,ENSMUST00000062672.7,appris_principal_1,1042,843,127,72,206,Success
ENSMUSG00000026646,ENSMUST00000027956.9,appris_principal_1,4327,1434,85,2808,2900,Success
ENSMUSG00000026655,ENSMUST00000115055.9,appris_principal_1,515,396,119,0,0,Short_or_Missing_UTRs
ENSMUSG00000026657,ENSMUST00000091497.11,appris_principal_1,6208,3129,206,2873,3086,Success
ENSMUSG00000039449,ENSMUST00000035721.14,appris_principal_1,3522,1029,105,2388,2500,Success
ENSMUSG00000026662,ENSMUST00000027973.14,appris_principal_1,5319,1179,378,3762,4147,Success
ENSMUSG00000026664,ENSMUST00000027975.8,appris_principal_1,1438,1017,51,370,428,Success
ENSMUSG00000026676,ENSMUST00000027988.8,appris_principal_1,2670,822,158,1690,1855,Success
ENSMUSG00000039145,ENSMUST00000044009.14,appris_principal_1,6962,1158,278,5526,5811,Success
ENSMUSG00000025817,ENSMUST00000026927.10,appris_principal_1,4764,657,410,3697,4114,Success
ENSMUSG00000025816,ENSMUST00000102981.10,appris_principal_1,2448,1431,169,848,1024,Success
ENSMUSG00000043241,ENSMUST00000060092.13,appris_principal_1,5174,3810,103,1261,1371,Success
ENSMUSG00000039046,ENSMUST00000114937.8,appris_principal_2,7484,2460,376,4648,5031,Success
ENSMUSG00000002107,ENSMUST00000114924.10,appris_principal_3,8738,1581,38,7119,7164,Success
ENSMUSG00000015619,ENSMUST00000102976.4,appris_principal_1,3215,1332,591,1292,1890,Success
ENSMUSG00000025782,ENSMUST00000026888.11,appris_principal_1,4792,2799,196,1797,2000,Success
ENSMUSG00000025781,ENSMUST00000114897.9,Ensembl_canonical,1166,897,107,162,276,Success
ENSMUSG00000061186,ENSMUST00000116594.9,appris_principal_2,7821,2829,321,4671,4999,Success
ENSMUSG00000026773,ENSMUST00000191668.6,Ensembl_canonical,2216,1668,401,147,555,Success
ENSMUSG00000023206,ENSMUST00000114831.9,appris_principal_2,882,693,37,152,196,Success
ENSMUSG00000058594,ENSMUST00000071564.14,appris_principal_1,3567,3129,150,288,445,Success
ENSMUSG00000026767,ENSMUST00000028105.13,appris_principal_1,2344,1335,218,791,1016,Success
ENSMUSG00000026730,ENSMUST00000134794.8,appris_principal_1,3571,1050,133,2388,2528,Success
ENSMUSG00000026727,ENSMUST00000028059.9,appris_principal_1,1546,834,219,493,719,Success
ENSMUSG00000026728,ENSMUST00000028062.8,appris_principal_2,2193,1401,480,312,799,Success
ENSMUSG00000026718,ENSMUST00000028050.14,appris_principal_2,3981,1389,108,2484,2599,Success
ENSMUSG00000026707,ENSMUST00000028034.15,appris_principal_1,2897,1431,284,1182,1473,Success
ENSMUSG00000017418,ENSMUST00000239125.2,Ensembl_canonical,3608,543,203,2862,3072,Success
ENSMUSG00000026748,ENSMUST00000028081.13,appris_principal_3,6947,1593,822,4532,5361,Success
ENSMUSG00000053702,ENSMUST00000028080.12,appris_principal_1,5780,813,182,4785,4974,Success
ENSMUSG00000026743,ENSMUST00000028076.15,appris_principal_1,4917,3207,135,1575,1717,Success
ENSMUSG00000026740,ENSMUST00000091418.12,appris_principal_1,5070,1659,311,3100,3418,Success
ENSMUSG00000026737,ENSMUST00000006912.12,appris_principal_1,3477,1218,131,2128,2266,Success
ENSMUSG00000036617,ENSMUST00000045555.11,appris_principal_2,5931,4059,558,1314,1879,Success
ENSMUSG00000036591,ENSMUST00000173194.8,appris_principal_2,6920,5838,310,772,1089,Success
ENSMUSG00000048550,ENSMUST00000054591.10,appris_principal_1,3899,2244,326,1329,1662,Success
ENSMUSG00000058835,ENSMUST00000123948.8,Ensembl_canonical,3067,1446,57,1564,1628,Success
ENSMUSG00000026781,ENSMUST00000114526.9,appris_principal_2,3725,1527,202,1996,2205,Success
ENSMUSG00000026779,ENSMUST00000028119.7,appris_principal_1,5590,2598,163,2829,2999,Success
ENSMUSG00000026775,ENSMUST00000028117.4,appris_principal_1,4707,2148,330,2229,2566,Success
ENSMUSG00000026771,ENSMUST00000132484.7,appris_principal_1,6595,1179,320,5096,5423,Success
ENSMUSG00000036893,ENSMUST00000147147.8,appris_principal_2,5953,3891,40,2022,2069,Success
ENSMUSG00000026974,ENSMUST00000028350.9,appris_principal_1,3903,684,205,3014,3226,Success
ENSMUSG00000006476,ENSMUST00000100334.11,Ensembl_canonical,2957,1599,246,1112,1365,Success
ENSMUSG00000078202,ENSMUST00000104999.4,appris_principal_1,2582,345,353,1884,2244,Success
ENSMUSG00000006471,ENSMUST00000114349.9,appris_principal_1,2336,1797,58,481,546,Success
ENSMUSG00000048707,ENSMUST00000114336.4,appris_principal_1,2787,2250,70,467,544,Success
ENSMUSG00000026966,ENSMUST00000028342.7,appris_principal_1,862,360,67,435,509,Success
ENSMUSG00000026944,ENSMUST00000102919.4,appris_principal_1,8033,7302,67,664,738,Success
ENSMUSG00000015095,ENSMUST00000015239.10,appris_principal_1,2388,1722,160,506,673,Success
ENSMUSG00000015092,ENSMUST00000015236.4,appris_principal_1,722,447,105,170,282,Success
ENSMUSG00000015087,ENSMUST00000058137.9,appris_principal_1,3230,2178,279,773,1059,Success
ENSMUSG00000026933,ENSMUST00000114167.9,appris_principal_2,7981,4749,344,2888,3239,Success
ENSMUSG00000036352,ENSMUST00000036509.14,appris_principal_1,1852,1230,213,409,629,Success
ENSMUSG00000026932,ENSMUST00000114159.9,appris_principal_1,6675,1761,487,4427,4921,Success
ENSMUSG00000026930,ENSMUST00000066936.9,appris_principal_1,3384,2022,138,1224,1369,Success
ENSMUSG00000075467,ENSMUST00000028295.9,appris_principal_1,2916,534,98,2284,2389,Success
ENSMUSG00000026927,ENSMUST00000077983.13,appris_principal_2,1955,1080,79,796,882,Success
ENSMUSG00000026924,ENSMUST00000114082.9,appris_principal_3,8797,7134,209,1454,1670,Success
ENSMUSG00000026923,ENSMUST00000028288.5,appris_principal_1,9488,7596,264,1628,1899,Success
ENSMUSG00000015776,ENSMUST00000015920.12,Ensembl_canonical,973,603,154,216,377,Success
ENSMUSG00000014873,ENSMUST00000015017.8,appris_principal_1,1203,774,59,370,436,Success
ENSMUSG00000014867,ENSMUST00000015011.10,appris_principal_1,3281,810,606,1865,2478,Success
ENSMUSG00000015488,ENSMUST00000114006.8,appris_principal_1,1648,516,62,1070,1139,Success
ENSMUSG00000036067,ENSMUST00000045702.6,appris_principal_1,2138,1494,93,551,651,Success
ENSMUSG00000026918,ENSMUST00000028282.15,appris_principal_2,5419,2181,352,2886,3245,Success
ENSMUSG00000026917,ENSMUST00000113952.10,appris_principal_1,2890,1005,207,1678,1892,Success
ENSMUSG00000015846,ENSMUST00000077257.12,appris_principal_1,4905,1404,232,3269,3508,Success
ENSMUSG00000026837,ENSMUST00000028280.14,appris_principal_1,8406,5517,391,2498,2896,Success
ENSMUSG00000026833,ENSMUST00000028177.11,appris_principal_3,2757,1458,291,1008,1306,Success
ENSMUSG00000026812,ENSMUST00000113869.8,Ensembl_canonical,7702,3486,222,3994,4223,Success
ENSMUSG00000035666,ENSMUST00000037117.6,appris_principal_1,6941,2454,59,4428,4494,Success
ENSMUSG00000026806,ENSMUST00000113853.3,appris_principal_1,3271,2064,393,814,1214,Success
ENSMUSG00000043535,ENSMUST00000061578.9,appris_principal_1,10970,7941,683,2346,3036,Success
ENSMUSG00000026799,ENSMUST00000028139.11,appris_principal_1,1254,936,26,292,325,Short_or_Missing_UTRs
ENSMUSG00000039844,ENSMUST00000095087.11,Ensembl_canonical,6241,3675,283,2283,2573,Success
ENSMUSG00000026798,ENSMUST00000028137.10,appris_principal_1,1991,801,26,1164,1197,Short_or_Missing_UTRs
ENSMUSG00000059316,ENSMUST00000080065.3,appris_principal_1,4054,1932,333,1789,2129,Success
ENSMUSG00000039787,ENSMUST00000047521.7,appris_principal_1,2715,1779,44,892,943,Success
ENSMUSG00000019715,ENSMUST00000019859.9,appris_principal_1,4030,2100,74,1856,1937,Success
ENSMUSG00000057738,ENSMUST00000100225.9,appris_principal_3,7892,7434,109,349,465,Success
ENSMUSG00000054766,ENSMUST00000067996.7,appris_principal_2,2834,834,365,1635,2007,Success
ENSMUSG00000039686,ENSMUST00000113677.3,appris_principal_1,4189,2301,385,1503,1895,Success
ENSMUSG00000039678,ENSMUST00000044556.12,appris_principal_1,3595,1203,144,2248,2399,Success
ENSMUSG00000075419,ENSMUST00000100219.5,appris_principal_1,2104,1605,303,196,506,Success
ENSMUSG00000052533,ENSMUST00000064447.12,appris_principal_1,5710,5280,42,388,437,Success
ENSMUSG00000026858,ENSMUST00000077977.14,appris_principal_1,3381,1782,213,1386,1606,Success
ENSMUSG00000026856,ENSMUST00000028209.15,appris_principal_1,2251,717,183,1351,1541,Success
ENSMUSG00000026853,ENSMUST00000102855.8,appris_principal_1,4224,1881,236,2107,2350,Success
ENSMUSG00000039515,ENSMUST00000042055.10,appris_principal_1,2586,972,263,1351,1621,Success
ENSMUSG00000089762,ENSMUST00000065134.4,appris_principal_1,2683,1221,208,1254,1469,Success
ENSMUSG00000050737,ENSMUST00000102852.6,appris_principal_1,3647,462,79,3106,3192,Success
ENSMUSG00000026848,ENSMUST00000028199.12,appris_principal_1,3039,1011,66,1962,2035,Success
ENSMUSG00000026849,ENSMUST00000028200.9,appris_principal_1,1401,1002,79,320,406,Success
ENSMUSG00000026851,ENSMUST00000028205.10,appris_principal_1,1984,870,81,1033,1121,Success
ENSMUSG00000026854,ENSMUST00000102849.11,appris_principal_1,5088,2751,235,2102,2344,Success
ENSMUSG00000075415,ENSMUST00000113560.8,Ensembl_canonical,4726,1851,206,2669,2882,Success
ENSMUSG00000000194,ENSMUST00000056433.7,appris_principal_1,6134,1656,43,4435,4485,Success
ENSMUSG00000062661,ENSMUST00000000199.8,appris_principal_1,4653,573,356,3724,4087,Success
ENSMUSG00000026843,ENSMUST00000113482.8,appris_principal_1,3268,1710,219,1339,1565,Success
ENSMUSG00000001864,ENSMUST00000001920.13,appris_principal_1,3117,453,212,2452,2671,Success
ENSMUSG00000001855,ENSMUST00000065398.13,appris_principal_1,6605,6258,128,219,354,Success
ENSMUSG00000002550,ENSMUST00000002625.15,appris_principal_1,2005,852,125,1028,1160,Success
ENSMUSG00000002546,ENSMUST00000239474.2,Ensembl_canonical,4442,3081,60,1301,1368,Success
ENSMUSG00000026825,ENSMUST00000201433.4,appris_principal_3,3146,2595,25,526,558,Short_or_Missing_UTRs
ENSMUSG00000039205,ENSMUST00000113334.8,appris_principal_2,2871,2538,206,127,340,Success
ENSMUSG00000026819,ENSMUST00000113307.9,appris_principal_1,2541,1410,53,1078,1138,Success
ENSMUSG00000039164,ENSMUST00000048431.3,appris_principal_1,4650,984,1982,1684,3673,Success
ENSMUSG00000039157,ENSMUST00000048375.6,appris_principal_1,4223,1179,728,2316,3051,Success
ENSMUSG00000026810,ENSMUST00000028151.7,appris_principal_1,869,255,52,562,621,Success
ENSMUSG00000079442,ENSMUST00000102818.11,appris_principal_1,3626,909,222,2495,2724,Success
ENSMUSG00000026814,ENSMUST00000009705.14,Ensembl_canonical,3422,1962,363,1097,1467,Success
ENSMUSG00000009566,ENSMUST00000028148.11,appris_principal_1,2273,1764,59,450,516,Success
ENSMUSG00000009555,ENSMUST00000009699.16,appris_principal_1,1733,1119,128,486,621,Success
ENSMUSG00000009563,ENSMUST00000009707.14,appris_principal_1,1536,966,66,504,577,Success
ENSMUSG00000026797,ENSMUST00000077458.7,Ensembl_canonical,3616,1812,111,1693,1811,Success
ENSMUSG00000026796,ENSMUST00000028135.15,appris_principal_1,3714,2250,236,1228,1471,Success
ENSMUSG00000038900,ENSMUST00000126610.2,appris_principal_1,1242,498,244,500,751,Success
ENSMUSG00000026791,ENSMUST00000028129.13,appris_principal_1,2108,1434,69,605,681,Success
ENSMUSG00000038831,ENSMUST00000091039.5,appris_principal_1,2738,1758,273,707,987,Success
ENSMUSG00000068966,ENSMUST00000091037.3,appris_principal_1,6510,1557,90,4863,4960,Success
ENSMUSG00000026788,ENSMUST00000028125.12,appris_principal_1,4998,1404,184,3410,3601,Success
ENSMUSG00000038740,ENSMUST00000041555.10,appris_principal_1,4998,954,552,3492,4051,Success
ENSMUSG00000038718,ENSMUST00000040638.15,Ensembl_canonical,2587,1305,124,1158,1289,Success
ENSMUSG00000038696,ENSMUST00000147337.8,Ensembl_canonical,3111,1569,141,1401,1549,Success
ENSMUSG00000026867,ENSMUST00000113099.10,Ensembl_canonical,5758,4377,329,1052,1388,Success
ENSMUSG00000026864,ENSMUST00000028222.13,appris_principal_1,3672,1968,270,1434,1711,Success
ENSMUSG00000035949,ENSMUST00000028220.10,appris_principal_1,2030,1365,132,533,672,Success
ENSMUSG00000057110,ENSMUST00000028237.15,Ensembl_canonical,7615,7005,169,441,617,Success
ENSMUSG00000026878,ENSMUST00000028238.15,appris_principal_1,3081,648,368,2065,2440,Success
ENSMUSG00000026879,ENSMUST00000201185.4,appris_principal_1,2607,2196,187,224,418,Success
ENSMUSG00000026883,ENSMUST00000091010.12,appris_principal_3,6455,3570,123,2762,2892,Success
ENSMUSG00000026889,ENSMUST00000028251.10,appris_principal_1,2617,573,308,1736,2051,Success
ENSMUSG00000026887,ENSMUST00000028250.9,appris_principal_1,2623,789,339,1495,1841,Success
ENSMUSG00000047250,ENSMUST00000062069.6,appris_principal_1,2867,1809,137,921,1065,Success
ENSMUSG00000009030,ENSMUST00000009174.15,appris_principal_1,2858,906,195,1757,1959,Success
ENSMUSG00000075376,ENSMUST00000100143.10,Ensembl_canonical,8799,3564,75,5160,5242,Success
ENSMUSG00000066798,ENSMUST00000053098.6,appris_principal_1,4535,1272,120,3143,3270,Success
ENSMUSG00000050714,ENSMUST00000067043.5,appris_principal_1,5267,1323,445,3499,3951,Success
ENSMUSG00000035437,ENSMUST00000061179.12,appris_principal_1,4967,3195,222,1550,1779,Success
ENSMUSG00000035392,ENSMUST00000102787.10,appris_principal_1,4342,3051,246,1045,1298,Success
ENSMUSG00000026749,ENSMUST00000054234.10,appris_principal_1,10338,942,180,9216,9403,Success
ENSMUSG00000026755,ENSMUST00000112862.7,appris_principal_1,1339,462,120,757,884,Success
ENSMUSG00000026754,ENSMUST00000039165.15,appris_principal_1,4869,2277,338,2254,2599,Success
ENSMUSG00000035236,ENSMUST00000038874.12,appris_principal_1,10709,1821,92,8796,8895,Success
ENSMUSG00000026753,ENSMUST00000028087.6,appris_principal_1,4115,918,210,2987,3204,Success
ENSMUSG00000036890,ENSMUST00000112810.8,appris_principal_1,2564,1338,187,1039,1233,Success
ENSMUSG00000026872,ENSMUST00000176438.9,Ensembl_canonical,9124,3648,535,4941,5483,Success
ENSMUSG00000052155,ENSMUST00000063886.4,appris_principal_1,5686,1542,663,3481,4151,Success
ENSMUSG00000026761,ENSMUST00000028098.11,appris_principal_1,4066,1302,177,2587,2771,Success
ENSMUSG00000069495,ENSMUST00000092123.11,appris_principal_1,4697,2427,320,1950,2277,Success
ENSMUSG00000026764,ENSMUST00000028102.14,appris_principal_1,6856,2871,364,3621,3992,Success
ENSMUSG00000026766,ENSMUST00000102769.11,appris_principal_1,1342,891,124,327,458,Success
ENSMUSG00000017144,ENSMUST00000017288.9,appris_principal_1,2828,735,237,1856,2100,Success
ENSMUSG00000026946,ENSMUST00000028314.9,appris_principal_1,1291,945,257,89,353,Success
ENSMUSG00000036093,ENSMUST00000036541.8,appris_principal_1,5239,540,266,4433,4706,Success
ENSMUSG00000055371,ENSMUST00000102759.8,appris_principal_1,4717,1572,100,3045,3152,Success
ENSMUSG00000036053,ENSMUST00000090952.11,Ensembl_canonical,5414,3276,283,1855,2145,Success
ENSMUSG00000075334,ENSMUST00000100089.3,appris_principal_1,1460,330,248,882,1137,Success
ENSMUSG00000026826,ENSMUST00000028166.9,appris_principal_1,3568,1797,445,1326,1778,Success
ENSMUSG00000026827,ENSMUST00000169687.8,appris_principal_1,5745,2184,319,3242,3568,Success
ENSMUSG00000026836,ENSMUST00000112599.8,appris_principal_1,2891,1530,256,1105,1368,Success
ENSMUSG00000026991,ENSMUST00000102754.11,appris_principal_3,4614,3573,284,757,1048,Success
ENSMUSG00000035168,ENSMUST00000037526.11,appris_principal_1,7873,5571,276,2026,2309,Success
ENSMUSG00000026987,ENSMUST00000112550.8,appris_principal_1,7895,6372,237,1286,1530,Success
ENSMUSG00000026977,ENSMUST00000102748.11,appris_principal_1,3594,2082,210,1302,1519,Success
ENSMUSG00000026970,ENSMUST00000028347.13,appris_principal_1,4436,1212,427,2797,3231,Success
ENSMUSG00000064289,ENSMUST00000078074.9,Ensembl_canonical,2018,1347,55,616,678,Success
ENSMUSG00000035000,ENSMUST00000047812.8,appris_principal_1,5268,2283,440,2545,2992,Success
ENSMUSG00000026896,ENSMUST00000028259.12,appris_principal_2,5470,3078,281,2111,2399,Success
ENSMUSG00000026893,ENSMUST00000028257.3,appris_principal_1,3330,663,148,2519,2674,Success
ENSMUSG00000075324,ENSMUST00000131615.9,appris_principal_1,9734,2280,316,7138,7461,Success
ENSMUSG00000026888,ENSMUST00000028252.14,appris_principal_1,1986,1617,138,231,376,Success
ENSMUSG00000034903,ENSMUST00000102726.8,appris_principal_2,5031,3723,187,1121,1315,Success
ENSMUSG00000034848,ENSMUST00000102718.10,appris_principal_1,4470,3948,83,439,529,Success
ENSMUSG00000027030,ENSMUST00000102715.4,appris_principal_1,3536,1671,391,1474,1872,Success
ENSMUSG00000027035,ENSMUST00000176018.2,Ensembl_canonical,1279,1179,50,50,107,Success
ENSMUSG00000005233,ENSMUST00000112320.8,appris_principal_1,1527,681,320,526,853,Success
ENSMUSG00000042133,ENSMUST00000090858.10,appris_principal_1,6127,2259,238,3630,3875,Success
ENSMUSG00000027088,ENSMUST00000028494.9,appris_principal_1,2260,726,538,996,1541,Success
ENSMUSG00000042155,ENSMUST00000053087.4,appris_principal_1,4617,1677,274,2666,2947,Success
ENSMUSG00000068882,ENSMUST00000090852.11,appris_principal_1,2001,1248,177,576,760,Success
ENSMUSG00000044308,ENSMUST00000055758.16,appris_principal_1,8072,5670,49,2353,2409,Success
ENSMUSG00000014959,ENSMUST00000028509.11,appris_principal_1,2238,1356,122,760,889,Success
ENSMUSG00000041997,ENSMUST00000038584.9,appris_principal_1,4280,2301,397,1582,1986,Success
ENSMUSG00000041975,ENSMUST00000112186.9,appris_principal_2,2347,1167,225,955,1187,Success
ENSMUSG00000041966,ENSMUST00000154704.8,appris_principal_1,7739,1560,250,5929,6186,Success
ENSMUSG00000027012,ENSMUST00000112142.8,appris_principal_3,2585,1899,149,537,693,Success
ENSMUSG00000027010,ENSMUST00000151937.8,appris_principal_1,6351,2034,225,4092,4324,Success
ENSMUSG00000027018,ENSMUST00000112122.9,Ensembl_canonical,1899,1272,340,287,634,Success
ENSMUSG00000027111,ENSMUST00000028522.10,appris_principal_3,4310,3222,161,927,1095,Success
ENSMUSG00000004085,ENSMUST00000090824.12,appris_principal_1,3334,2409,253,672,932,Success
ENSMUSG00000055612,ENSMUST00000102691.11,appris_principal_1,2424,1149,132,1143,1282,Success
ENSMUSG00000027109,ENSMUST00000102689.10,Ensembl_canonical,4181,2352,190,1639,1836,Success
ENSMUSG00000027108,ENSMUST00000028517.13,appris_principal_1,2175,1191,162,822,991,Success
ENSMUSG00000041777,ENSMUST00000058615.10,appris_principal_1,2821,1353,213,1255,1475,Success
ENSMUSG00000008226,ENSMUST00000090811.11,appris_principal_1,3309,1257,115,1937,2059,Success
ENSMUSG00000041762,ENSMUST00000076463.12,appris_principal_2,5061,2607,503,1951,2461,Success
ENSMUSG00000075284,ENSMUST00000094681.11,appris_principal_1,4728,1482,446,2800,3253,Success
ENSMUSG00000056486,ENSMUST00000112024.10,appris_principal_1,4050,1380,305,2365,2677,Success
ENSMUSG00000027104,ENSMUST00000055833.12,appris_principal_1,4210,1464,333,2413,2753,Success
ENSMUSG00000018770,ENSMUST00000111996.8,appris_principal_1,723,426,151,146,304,Success
ENSMUSG00000009207,ENSMUST00000064503.13,appris_principal_3,3195,1278,192,1725,1924,Success
ENSMUSG00000027099,ENSMUST00000028511.8,appris_principal_1,2950,792,201,1957,2165,Success
ENSMUSG00000059005,ENSMUST00000111962.8,appris_principal_2,5150,1074,51,4025,4083,Success
ENSMUSG00000015839,ENSMUST00000102672.5,appris_principal_1,2475,1794,233,448,688,Success
ENSMUSG00000042410,ENSMUST00000175646.2,appris_principal_2,1839,1707,97,35,139,Success
ENSMUSG00000075273,ENSMUST00000099996.5,appris_principal_1,2737,1995,178,564,749,Success
ENSMUSG00000042369,ENSMUST00000046389.5,appris_principal_1,1898,1431,145,322,474,Success
ENSMUSG00000042359,ENSMUST00000077972.11,Ensembl_canonical,8037,2904,472,4661,5140,Success
ENSMUSG00000002731,ENSMUST00000002808.7,appris_principal_1,1614,942,159,513,679,Success
ENSMUSG00000042272,ENSMUST00000102660.8,appris_principal_1,8990,2091,108,6791,6906,Success
ENSMUSG00000027014,ENSMUST00000065889.10,Ensembl_canonical,3471,2727,390,354,751,Success
ENSMUSG00000027011,ENSMUST00000028398.14,appris_principal_1,2249,624,387,1238,1632,Success
ENSMUSG00000027007,ENSMUST00000111785.9,appris_principal_2,5168,3759,188,1221,1416,Success
ENSMUSG00000027001,ENSMUST00000028384.5,appris_principal_1,1632,663,339,630,976,Success
ENSMUSG00000027091,ENSMUST00000081591.7,appris_principal_1,2111,1281,218,612,837,Success
ENSMUSG00000027087,ENSMUST00000028499.11,appris_principal_1,7054,3135,338,3581,3926,Success
ENSMUSG00000048388,ENSMUST00000051454.4,appris_principal_1,5614,2466,113,3035,3155,Success
ENSMUSG00000050043,ENSMUST00000111665.8,appris_principal_1,2282,888,321,1073,1401,Success
ENSMUSG00000027080,ENSMUST00000102645.4,appris_principal_1,2059,735,43,1281,1331,Success
ENSMUSG00000034075,ENSMUST00000035840.6,appris_principal_1,4706,2148,1249,1309,2565,Success
ENSMUSG00000027079,ENSMUST00000028475.9,appris_principal_1,1912,1278,210,424,641,Success
ENSMUSG00000027078,ENSMUST00000102642.9,appris_principal_1,1560,462,78,1020,1105,Success
ENSMUSG00000027075,ENSMUST00000121114.8,appris_principal_1,3089,1695,845,549,1401,Success
ENSMUSG00000027074,ENSMUST00000090726.6,appris_principal_1,2583,1509,349,725,1081,Success
ENSMUSG00000027067,ENSMUST00000168266.8,appris_principal_1,2721,2127,202,392,601,Success
ENSMUSG00000033955,ENSMUST00000111605.9,appris_principal_3,5747,5163,120,464,591,Success
ENSMUSG00000051329,ENSMUST00000057481.7,appris_principal_1,5684,4209,651,824,1482,Success
ENSMUSG00000008200,ENSMUST00000013759.6,appris_principal_2,4691,3234,87,1370,1464,Success
ENSMUSG00000027282,ENSMUST00000136872.8,appris_principal_1,2596,912,144,1540,1691,Success
ENSMUSG00000005505,ENSMUST00000090682.4,appris_principal_1,2437,1557,196,684,887,Success
ENSMUSG00000005506,ENSMUST00000111452.8,Ensembl_canonical,7800,1542,126,6132,6265,Success
ENSMUSG00000002105,ENSMUST00000073575.12,appris_principal_1,2469,1086,271,1112,1390,Success
ENSMUSG00000040687,ENSMUST00000077941.13,Ensembl_canonical,5990,4899,154,937,1098,Success
ENSMUSG00000002108,ENSMUST00000111356.8,appris_principal_1,1955,1338,342,275,624,Success
ENSMUSG00000002103,ENSMUST00000002172.14,appris_principal_1,4656,1272,26,3358,3391,Short_or_Missing_UTRs
ENSMUSG00000002109,ENSMUST00000028696.5,appris_principal_1,1557,1299,166,92,265,Success
ENSMUSG00000027255,ENSMUST00000080008.13,appris_principal_1,3068,1563,359,1146,1512,Success
ENSMUSG00000027253,ENSMUST00000028689.4,appris_principal_1,7926,5718,190,2018,2215,Success
ENSMUSG00000040549,ENSMUST00000111338.10,appris_principal_1,6665,6099,126,440,573,Success
ENSMUSG00000027247,ENSMUST00000111329.8,appris_principal_1,3201,1320,455,1426,1888,Success
ENSMUSG00000027244,ENSMUST00000076803.12,appris_principal_1,3551,1440,343,1768,2118,Success
ENSMUSG00000027243,ENSMUST00000090608.6,appris_principal_1,2308,1050,446,812,1265,Success
ENSMUSG00000040506,ENSMUST00000045705.14,appris_principal_3,5203,3903,274,1026,1307,Success
ENSMUSG00000027239,ENSMUST00000111309.8,appris_principal_1,771,423,63,285,355,Success
ENSMUSG00000027230,ENSMUST00000028663.5,appris_principal_1,2603,1563,397,643,1047,Success
ENSMUSG00000058318,ENSMUST00000111293.9,appris_principal_2,3900,2067,421,1412,1840,Success
ENSMUSG00000027222,ENSMUST00000028650.9,appris_principal_1,1392,1011,258,123,388,Success
ENSMUSG00000027223,ENSMUST00000050312.3,Ensembl_canonical,2930,2124,137,669,813,Success
ENSMUSG00000068742,ENSMUST00000090559.12,appris_principal_1,3976,1779,20,2177,2204,Short_or_Missing_UTRs
ENSMUSG00000049922,ENSMUST00000067631.7,Ensembl_canonical,3139,1092,596,1451,2054,Success
ENSMUSG00000068735,ENSMUST00000111266.8,appris_principal_1,2703,570,293,1840,2140,Success
ENSMUSG00000027217,ENSMUST00000111265.9,appris_principal_1,3751,747,389,2615,3011,Success
ENSMUSG00000027215,ENSMUST00000099696.8,appris_principal_1,1657,801,102,754,863,Success
ENSMUSG00000040174,ENSMUST00000040005.13,appris_principal_3,1228,861,119,248,374,Success
ENSMUSG00000027194,ENSMUST00000111238.8,appris_principal_1,4590,3597,24,969,1000,Short_or_Missing_UTRs
ENSMUSG00000027193,ENSMUST00000028617.7,appris_principal_1,3736,1515,144,2077,2228,Success
ENSMUSG00000027164,ENSMUST00000004949.8,appris_principal_1,6169,1593,406,4170,4583,Success
ENSMUSG00000032841,ENSMUST00000171088.8,appris_principal_1,4296,1113,402,2781,3190,Success
ENSMUSG00000048058,ENSMUST00000058790.12,appris_principal_1,3833,1038,60,2735,2802,Success
ENSMUSG00000075012,ENSMUST00000099678.5,appris_principal_1,3134,1353,911,870,1788,Success
ENSMUSG00000005087,ENSMUST00000099673.9,appris_principal_2,2848,1098,164,1586,1757,Success
ENSMUSG00000010914,ENSMUST00000011058.9,appris_principal_1,2506,1506,64,936,1007,Success
ENSMUSG00000010911,ENSMUST00000011055.7,appris_principal_1,919,726,113,80,200,Success
ENSMUSG00000027187,ENSMUST00000028610.10,appris_principal_1,2613,1584,122,907,1036,Success
ENSMUSG00000032724,ENSMUST00000076212.4,appris_principal_1,4558,3075,417,1066,1490,Success
ENSMUSG00000027185,ENSMUST00000028608.13,appris_principal_1,3879,3075,237,567,811,Success
ENSMUSG00000027184,ENSMUST00000028607.13,appris_principal_1,6169,2124,187,3858,4052,Success
ENSMUSG00000032698,ENSMUST00000170926.8,appris_principal_1,1529,477,268,784,1059,Success
ENSMUSG00000027180,ENSMUST00000102565.4,appris_principal_2,3720,1248,3,2469,2479,Short_or_Missing_UTRs
ENSMUSG00000032679,ENSMUST00000168176.8,appris_principal_1,1806,372,265,1169,1441,Success
ENSMUSG00000027177,ENSMUST00000111125.3,Ensembl_canonical,3651,3642,9,0,0,Short_or_Missing_UTRs
ENSMUSG00000027176,ENSMUST00000028599.8,appris_principal_1,2817,2154,153,510,670,Success
ENSMUSG00000027175,ENSMUST00000111118.8,appris_principal_1,5474,1530,205,3739,3951,Success
ENSMUSG00000074994,ENSMUST00000231375.2,appris_principal_3,9037,5367,0,3670,0,Short_or_Missing_UTRs
ENSMUSG00000027171,ENSMUST00000028593.11,appris_principal_1,2872,681,353,1838,2198,Success
ENSMUSG00000005973,ENSMUST00000006128.7,appris_principal_1,2720,978,114,1628,1749,Success
ENSMUSG00000027115,ENSMUST00000028527.8,appris_principal_1,3369,2661,201,507,715,Success
ENSMUSG00000048482,ENSMUST00000111042.3,Ensembl_canonical,3905,870,180,2855,3042,Success
ENSMUSG00000027162,ENSMUST00000028583.8,appris_principal_1,4228,594,32,3602,3641,Success
ENSMUSG00000050199,ENSMUST00000046548.14,appris_principal_1,5060,2856,474,1730,2211,Success
ENSMUSG00000027160,ENSMUST00000028580.12,appris_principal_1,2070,1104,51,915,973,Success
ENSMUSG00000027134,ENSMUST00000028554.4,appris_principal_1,2275,1575,476,224,707,Success
ENSMUSG00000027133,ENSMUST00000028553.4,appris_principal_1,1109,195,98,816,921,Success
ENSMUSG00000027131,ENSMUST00000028551.4,appris_principal_1,983,552,123,308,438,Success
ENSMUSG00000027132,ENSMUST00000028552.4,appris_principal_1,2886,900,161,1825,1993,Success
ENSMUSG00000055943,ENSMUST00000069747.6,appris_principal_1,5826,726,71,5029,5107,Success
ENSMUSG00000003604,ENSMUST00000099588.4,longest_cds,791,654,120,17,144,Short_or_Missing_UTRs
ENSMUSG00000041219,ENSMUST00000110947.2,appris_principal_2,3199,1497,208,1494,1709,Success
ENSMUSG00000040321,ENSMUST00000050668.4,appris_principal_1,4300,2118,174,2008,2189,Success
ENSMUSG00000057147,ENSMUST00000102542.10,appris_principal_1,2734,804,111,1819,1937,Success
ENSMUSG00000027351,ENSMUST00000028829.13,appris_principal_1,6016,1335,351,4330,4688,Success
ENSMUSG00000027349,ENSMUST00000028825.5,appris_principal_1,1861,1290,29,542,578,Short_or_Missing_UTRs
ENSMUSG00000040152,ENSMUST00000039559.9,appris_principal_1,5848,3516,228,2104,2339,Success
ENSMUSG00000009549,ENSMUST00000009693.15,appris_principal_1,798,333,97,368,472,Success
ENSMUSG00000040035,ENSMUST00000037547.9,appris_principal_1,6626,4038,239,2349,2595,Success
ENSMUSG00000027331,ENSMUST00000134661.8,appris_principal_1,4602,939,98,3565,3670,Success
ENSMUSG00000027332,ENSMUST00000028807.6,appris_principal_1,3665,1275,67,2323,2397,Success
ENSMUSG00000040007,ENSMUST00000036578.7,appris_principal_1,4594,2319,319,1956,2282,Success
ENSMUSG00000039983,ENSMUST00000036470.14,appris_principal_1,1870,540,83,1247,1337,Success
ENSMUSG00000027324,ENSMUST00000028796.2,appris_principal_1,2706,1662,34,1010,1051,Success
ENSMUSG00000027323,ENSMUST00000028795.10,appris_principal_1,3368,1020,230,2118,2355,Success
ENSMUSG00000070730,ENSMUST00000094695.12,appris_principal_1,2249,1413,135,701,843,Success
ENSMUSG00000046814,ENSMUST00000057454.4,appris_principal_1,645,255,65,325,397,Success
ENSMUSG00000034278,ENSMUST00000038439.4,appris_principal_1,1008,912,30,66,103,Success
ENSMUSG00000027315,ENSMUST00000028783.14,appris_principal_1,2273,1524,197,552,756,Success
ENSMUSG00000034216,ENSMUST00000037280.5,appris_principal_1,4054,2922,298,834,1139,Success
ENSMUSG00000027313,ENSMUST00000028780.4,appris_principal_1,1637,672,174,791,972,Success
ENSMUSG00000034154,ENSMUST00000049920.14,appris_principal_1,6354,4680,352,1322,1681,Success
ENSMUSG00000014077,ENSMUST00000014221.13,appris_principal_1,2609,588,154,1867,2028,Success
ENSMUSG00000034032,ENSMUST00000110793.8,appris_principal_1,5458,4230,237,991,1235,Success
ENSMUSG00000027298,ENSMUST00000028763.10,appris_principal_2,3989,2643,276,1070,1353,Success
ENSMUSG00000033902,ENSMUST00000229024.2,Ensembl_canonical,4687,4530,149,8,164,Short_or_Missing_UTRs
ENSMUSG00000027293,ENSMUST00000028755.8,appris_principal_1,3730,1626,131,1973,2111,Success
ENSMUSG00000027291,ENSMUST00000102501.10,Ensembl_canonical,4384,2661,150,1573,1730,Success
ENSMUSG00000033808,ENSMUST00000090042.12,appris_principal_1,2874,1680,9,1185,1201,Short_or_Missing_UTRs
ENSMUSG00000062646,ENSMUST00000135074.2,appris_principal_1,4780,2742,263,1775,2045,Success
ENSMUSG00000027288,ENSMUST00000055241.13,appris_principal_1,9085,5667,152,3266,3425,Success
ENSMUSG00000027287,ENSMUST00000110711.9,appris_principal_1,2723,633,176,1914,2097,Success
ENSMUSG00000090100,ENSMUST00000057135.14,appris_principal_1,11066,3732,418,6916,7341,Success
ENSMUSG00000054484,ENSMUST00000067582.14,appris_principal_1,2921,1932,282,707,996,Success
ENSMUSG00000023572,ENSMUST00000060455.15,appris_principal_1,1569,1071,107,391,505,Success
ENSMUSG00000027259,ENSMUST00000119031.8,appris_principal_1,2477,1083,263,1131,1401,Success
ENSMUSG00000050619,ENSMUST00000163766.8,appris_principal_2,3611,2610,1001,0,0,Short_or_Missing_UTRs
ENSMUSG00000027263,ENSMUST00000039541.12,Ensembl_canonical,4206,2004,179,2023,2209,Success
ENSMUSG00000043909,ENSMUST00000110647.8,appris_principal_2,9405,5760,63,3582,3652,Success
ENSMUSG00000027254,ENSMUST00000094639.10,appris_principal_2,11825,9045,35,2745,2787,Success
ENSMUSG00000033526,ENSMUST00000052029.10,appris_principal_2,5533,4311,127,1095,1229,Success
ENSMUSG00000027248,ENSMUST00000028683.14,appris_principal_1,2770,1518,264,988,1259,Success
ENSMUSG00000074884,ENSMUST00000139253.8,appris_principal_1,3056,180,240,2636,2883,Success
ENSMUSG00000027245,ENSMUST00000110612.8,appris_principal_1,4170,390,3514,266,3787,Success
ENSMUSG00000027242,ENSMUST00000028676.12,appris_principal_2,2789,1575,372,842,1221,Success
ENSMUSG00000027238,ENSMUST00000110592.2,appris_principal_1,2222,1713,161,348,516,Success
ENSMUSG00000033411,ENSMUST00000036647.13,appris_principal_3,5053,1398,641,3014,3662,Success
ENSMUSG00000060802,ENSMUST00000102476.5,appris_principal_1,860,360,52,448,507,Success
ENSMUSG00000027227,ENSMUST00000110551.4,appris_principal_1,2352,1074,144,1134,1285,Success
ENSMUSG00000027199,ENSMUST00000028624.9,appris_principal_1,2389,1272,87,1030,1124,Success
ENSMUSG00000005802,ENSMUST00000005952.11,appris_principal_1,5458,1293,219,3946,4172,Success
ENSMUSG00000005804,ENSMUST00000005954.9,appris_principal_1,3484,519,120,2845,2972,Success
ENSMUSG00000027201,ENSMUST00000152367.8,Ensembl_canonical,2071,1776,108,187,302,Success
ENSMUSG00000027203,ENSMUST00000051605.9,appris_principal_1,1950,489,266,1195,1468,Success
ENSMUSG00000027204,ENSMUST00000028633.13,appris_principal_1,9847,8622,233,992,1232,Success
ENSMUSG00000068394,ENSMUST00000089776.3,appris_principal_1,5768,5211,245,312,564,Success
ENSMUSG00000091337,ENSMUST00000164756.4,appris_principal_1,1691,480,97,1114,1218,Success
ENSMUSG00000035093,ENSMUST00000053699.13,appris_principal_1,6797,3270,248,3279,3534,Success
ENSMUSG00000027206,ENSMUST00000110463.8,Ensembl_canonical,3392,1353,150,1889,2046,Success
ENSMUSG00000027207,ENSMUST00000094604.9,appris_principal_1,1928,1377,226,325,558,Success
ENSMUSG00000027359,ENSMUST00000061491.14,appris_principal_1,2918,1863,748,307,1062,Success
ENSMUSG00000027361,ENSMUST00000110425.9,Ensembl_canonical,4153,1152,213,2788,3008,Success
ENSMUSG00000027365,ENSMUST00000103224.10,Ensembl_canonical,7107,5592,254,1261,1522,Success
ENSMUSG00000027366,ENSMUST00000028844.11,appris_principal_1,5616,1572,223,3821,4051,Success
ENSMUSG00000001998,ENSMUST00000002063.15,appris_principal_1,4600,3369,24,1207,1238,Short_or_Missing_UTRs
ENSMUSG00000034906,ENSMUST00000110387.4,appris_principal_1,2695,2196,87,412,506,Success
ENSMUSG00000074825,ENSMUST00000110386.2,appris_principal_1,1898,1644,106,148,261,Success
ENSMUSG00000034850,ENSMUST00000035871.15,appris_principal_1,4811,717,251,3843,4101,Success
ENSMUSG00000027367,ENSMUST00000110375.9,appris_principal_1,3116,1122,353,1641,2001,Success
ENSMUSG00000027368,ENSMUST00000028846.7,appris_principal_1,1617,957,79,581,667,Success
ENSMUSG00000034800,ENSMUST00000110366.8,appris_principal_1,4912,1284,1355,2273,3635,Success
ENSMUSG00000027379,ENSMUST00000028858.9,appris_principal_2,3418,3180,120,118,245,Success
ENSMUSG00000027381,ENSMUST00000110341.9,appris_principal_1,5036,591,227,4218,4452,Success
ENSMUSG00000014355,ENSMUST00000014499.10,appris_principal_1,8942,5835,263,2844,3114,Success
ENSMUSG00000014353,ENSMUST00000110325.8,Ensembl_canonical,4807,1668,221,2918,3146,Success
ENSMUSG00000042851,ENSMUST00000110320.9,appris_principal_1,4916,3534,403,979,1389,Success
ENSMUSG00000027395,ENSMUST00000103205.11,appris_principal_1,3998,3408,92,498,597,Success
ENSMUSG00000027397,ENSMUST00000028880.10,appris_principal_1,3316,2046,499,771,1277,Success
ENSMUSG00000037902,ENSMUST00000049262.14,longest_cds,3644,1542,58,2044,2109,Success
ENSMUSG00000037885,ENSMUST00000165413.9,appris_principal_1,2882,1620,24,1238,1269,Short_or_Missing_UTRs
ENSMUSG00000027404,ENSMUST00000103199.9,appris_principal_1,1161,696,167,298,472,Success
ENSMUSG00000027406,ENSMUST00000028892.11,appris_principal_1,1616,1155,130,331,468,Success
ENSMUSG00000037773,ENSMUST00000089581.11,appris_principal_1,3496,1350,743,1403,2153,Success
ENSMUSG00000027303,ENSMUST00000028769.14,appris_principal_1,5325,2382,287,2656,2950,Success
ENSMUSG00000027300,ENSMUST00000028761.5,appris_principal_1,3731,1620,307,1804,2118,Success
ENSMUSG00000068290,ENSMUST00000089559.11,appris_principal_1,1238,948,94,196,297,Success
ENSMUSG00000027312,ENSMUST00000028781.9,appris_principal_1,8745,4287,66,4392,4465,Success
ENSMUSG00000068267,ENSMUST00000089510.5,appris_principal_1,4886,1800,191,2895,3093,Success
ENSMUSG00000027330,ENSMUST00000028804.15,appris_principal_1,3089,1731,232,1126,1365,Success
ENSMUSG00000037523,ENSMUST00000041362.12,appris_principal_1,2867,1512,119,1236,1362,Success
ENSMUSG00000048911,ENSMUST00000059372.11,appris_principal_1,5978,447,153,5378,5538,Success
ENSMUSG00000027333,ENSMUST00000028806.12,appris_principal_1,2270,1668,299,303,609,Success
ENSMUSG00000079037,ENSMUST00000091288.13,appris_principal_1,2184,765,184,1235,1426,Success
ENSMUSG00000027339,ENSMUST00000028814.15,appris_principal_1,8233,981,283,6969,7259,Success
ENSMUSG00000027340,ENSMUST00000028815.15,appris_principal_1,6364,1947,244,4173,4424,Success
ENSMUSG00000027341,ENSMUST00000110164.8,appris_principal_1,2957,363,1600,994,2601,Success
ENSMUSG00000027342,ENSMUST00000028817.7,appris_principal_1,1518,786,278,454,739,Success
ENSMUSG00000058793,ENSMUST00000103181.11,appris_principal_1,8396,1335,296,6765,7068,Success
ENSMUSG00000027346,ENSMUST00000060955.12,appris_principal_1,3686,2028,187,1471,1665,Success
ENSMUSG00000037376,ENSMUST00000039554.7,appris_principal_1,2828,1494,120,1214,1341,Success
ENSMUSG00000027357,ENSMUST00000028835.13,appris_principal_1,1924,912,151,861,1019,Success
ENSMUSG00000034723,ENSMUST00000038228.11,appris_principal_1,5488,1008,140,4340,4487,Success
ENSMUSG00000051177,ENSMUST00000110116.8,appris_principal_1,7003,3651,374,2978,3359,Success
ENSMUSG00000027274,ENSMUST00000028730.13,appris_principal_1,2935,1713,736,486,1229,Success
ENSMUSG00000027281,ENSMUST00000099311.9,appris_principal_1,5089,1242,225,3622,3854,Success
ENSMUSG00000027276,ENSMUST00000028735.8,appris_principal_1,5612,3657,387,1568,1962,Success
ENSMUSG00000062098,ENSMUST00000091556.12,appris_principal_1,4657,1386,339,2932,3278,Success
ENSMUSG00000039033,ENSMUST00000046656.9,appris_principal_1,2480,1263,342,875,1224,Success
ENSMUSG00000045624,ENSMUST00000046030.8,appris_principal_1,3396,2538,129,729,865,Success
ENSMUSG00000068205,ENSMUST00000110064.8,appris_principal_2,4883,1428,320,3135,3462,Success
ENSMUSG00000051379,ENSMUST00000110057.3,appris_principal_1,3977,1950,468,1559,2034,Success
ENSMUSG00000038844,ENSMUST00000043589.8,appris_principal_2,6383,3939,160,2284,2451,Success
ENSMUSG00000008333,ENSMUST00000008477.13,appris_principal_1,2061,678,85,1298,1390,Success
ENSMUSG00000015932,ENSMUST00000103172.4,appris_principal_1,1911,498,325,1088,1420,Success
ENSMUSG00000027422,ENSMUST00000037875.6,appris_principal_2,2701,2106,286,309,602,Success
ENSMUSG00000027423,ENSMUST00000028909.5,appris_principal_1,2419,1215,145,1059,1211,Success
ENSMUSG00000027424,ENSMUST00000110028.8,appris_principal_1,2308,1017,417,874,1298,Success
ENSMUSG00000027427,ENSMUST00000028914.9,appris_principal_1,4403,951,146,3306,3459,Success
ENSMUSG00000001768,ENSMUST00000094480.11,appris_principal_2,4657,2577,387,1693,2087,Success
ENSMUSG00000002728,ENSMUST00000110000.8,appris_principal_1,1142,537,69,536,612,Success
ENSMUSG00000001767,ENSMUST00000001818.5,appris_principal_1,3428,2073,410,945,1362,Success
ENSMUSG00000037110,ENSMUST00000131824.8,appris_principal_1,5624,5619,0,5,0,Short_or_Missing_UTRs
ENSMUSG00000027439,ENSMUST00000028928.8,appris_principal_1,4232,2121,210,1901,2118,Success
ENSMUSG00000027438,ENSMUST00000028926.13,appris_principal_1,4412,897,104,3411,3522,Success
ENSMUSG00000033096,ENSMUST00000046399.7,appris_principal_1,2235,1248,88,899,994,Success
ENSMUSG00000027452,ENSMUST00000028944.4,appris_principal_1,3618,2049,61,1508,1576,Success
ENSMUSG00000033068,ENSMUST00000094467.6,appris_principal_1,2540,1368,224,948,1179,Success
ENSMUSG00000033059,ENSMUST00000045441.8,appris_principal_1,3909,2532,133,1244,1384,Success
ENSMUSG00000027454,ENSMUST00000028948.5,appris_principal_1,1087,591,125,371,503,Success
ENSMUSG00000068115,ENSMUST00000109896.8,appris_principal_1,5093,4185,179,729,915,Success
ENSMUSG00000053916,ENSMUST00000066640.5,appris_principal_1,1394,747,72,575,654,Success
ENSMUSG00000027455,ENSMUST00000089140.13,Ensembl_canonical,1486,1119,126,241,374,Success
ENSMUSG00000032966,ENSMUST00000044011.12,appris_principal_1,1658,327,225,1106,1338,Success
ENSMUSG00000032869,ENSMUST00000042452.11,appris_principal_1,3809,816,171,2822,3000,Success
ENSMUSG00000027465,ENSMUST00000028963.14,appris_principal_1,3386,1209,146,2031,2184,Success
ENSMUSG00000027466,ENSMUST00000109847.9,appris_principal_1,2384,1527,357,500,864,Success
ENSMUSG00000032715,ENSMUST00000040312.7,appris_principal_1,2026,1065,176,785,968,Success
ENSMUSG00000051817,ENSMUST00000182625.2,appris_principal_1,4453,945,365,3143,3515,Success
ENSMUSG00000019188,ENSMUST00000125366.8,appris_principal_1,5204,1137,121,3946,4074,Success
ENSMUSG00000042745,ENSMUST00000038368.9,appris_principal_1,934,447,90,397,494,Success
ENSMUSG00000007659,ENSMUST00000007803.12,appris_principal_1,2417,702,238,1477,1722,Success
ENSMUSG00000027472,ENSMUST00000028972.9,appris_principal_1,1273,402,107,764,878,Success
ENSMUSG00000068040,ENSMUST00000089027.3,appris_principal_1,3896,1932,254,1710,1971,Success
ENSMUSG00000051413,ENSMUST00000056924.14,appris_principal_1,5485,1491,264,3730,4001,Success
ENSMUSG00000046020,ENSMUST00000049863.12,appris_principal_1,5600,1182,54,4364,4425,Success
ENSMUSG00000027475,ENSMUST00000028977.7,appris_principal_1,5635,2244,156,3235,3398,Success
ENSMUSG00000042548,ENSMUST00000109790.2,appris_principal_2,6968,4545,489,1934,2430,Success
ENSMUSG00000056941,ENSMUST00000071852.10,appris_principal_1,3210,603,104,2503,2614,Success
ENSMUSG00000027478,ENSMUST00000056495.14,Ensembl_canonical,4318,2583,408,1327,1742,Success
ENSMUSG00000027479,ENSMUST00000028981.9,appris_principal_1,7336,807,149,6380,6536,Success
ENSMUSG00000027488,ENSMUST00000109728.8,appris_principal_1,2131,1500,128,503,638,Success
ENSMUSG00000038533,ENSMUST00000045270.15,Ensembl_canonical,6069,1785,108,4176,4291,Success
ENSMUSG00000027490,ENSMUST00000103145.11,appris_principal_1,2732,1293,158,1281,1446,Success
ENSMUSG00000000876,ENSMUST00000000896.11,appris_principal_1,2789,639,79,2071,2157,Success
ENSMUSG00000059842,ENSMUST00000081926.13,appris_principal_2,3299,2541,75,683,765,Success
ENSMUSG00000038467,ENSMUST00000044277.10,appris_principal_1,1616,675,164,777,948,Success
ENSMUSG00000027593,ENSMUST00000116389.9,appris_principal_2,1759,939,448,372,827,Success
ENSMUSG00000074656,ENSMUST00000099173.11,appris_principal_1,2542,996,231,1315,1553,Success
ENSMUSG00000027597,ENSMUST00000054607.16,appris_principal_1,2543,1299,105,1139,1251,Success
ENSMUSG00000027598,ENSMUST00000029126.15,appris_principal_1,5159,2595,175,2389,2571,Success
ENSMUSG00000038375,ENSMUST00000043237.14,appris_principal_1,3979,666,255,3058,3320,Success
ENSMUSG00000038369,ENSMUST00000043126.12,appris_principal_2,6872,6210,141,521,669,Success
ENSMUSG00000027603,ENSMUST00000029131.11,appris_principal_1,2614,1989,51,574,632,Success
ENSMUSG00000027610,ENSMUST00000079691.13,appris_principal_1,1963,1425,123,415,545,Success
ENSMUSG00000038324,ENSMUST00000041059.12,Ensembl_canonical,3204,2394,78,732,817,Success
ENSMUSG00000027613,ENSMUST00000029142.15,appris_principal_1,1500,738,492,270,769,Success
ENSMUSG00000089824,ENSMUST00000059647.12,appris_principal_1,6667,2979,274,3414,3695,Success
ENSMUSG00000027618,ENSMUST00000029147.16,appris_principal_1,2051,1380,46,625,678,Success
ENSMUSG00000027620,ENSMUST00000146297.8,appris_principal_1,2580,1575,160,845,1012,Success
ENSMUSG00000038116,ENSMUST00000037401.10,appris_principal_1,5737,3033,188,2516,2711,Success
ENSMUSG00000027624,ENSMUST00000103137.10,appris_principal_3,6490,2640,454,3396,3857,Success
ENSMUSG00000027628,ENSMUST00000109570.8,appris_principal_1,2766,1155,487,1124,1618,Success
ENSMUSG00000061689,ENSMUST00000099145.6,appris_principal_1,3402,1362,580,1460,2047,Success
ENSMUSG00000067818,ENSMUST00000088552.7,appris_principal_1,1128,519,113,496,616,Success
ENSMUSG00000062175,ENSMUST00000081335.13,appris_principal_1,2900,714,266,1920,2193,Success
ENSMUSG00000027637,ENSMUST00000029165.4,appris_principal_1,1045,390,176,479,662,Success
ENSMUSG00000027634,ENSMUST00000069600.13,Ensembl_canonical,2612,1167,90,1355,1452,Success
ENSMUSG00000027635,ENSMUST00000103129.9,appris_principal_1,2080,1047,102,931,1040,Success
ENSMUSG00000027639,ENSMUST00000057725.10,appris_principal_1,3926,1977,83,1866,1956,Success
ENSMUSG00000027641,ENSMUST00000029170.8,appris_principal_1,4862,3192,57,1613,1677,Success
ENSMUSG00000027642,ENSMUST00000116380.9,appris_principal_1,2756,1896,264,596,867,Success
ENSMUSG00000063019,ENSMUST00000081202.6,appris_principal_1,1107,258,103,746,856,Success
ENSMUSG00000027646,ENSMUST00000109533.8,appris_principal_1,3813,1608,331,1874,2212,Success
ENSMUSG00000067787,ENSMUST00000109528.9,appris_principal_1,2056,264,264,1528,1799,Success
ENSMUSG00000027650,ENSMUST00000029179.11,appris_principal_1,3830,3258,101,471,579,Success
ENSMUSG00000027651,ENSMUST00000029180.14,Ensembl_canonical,4283,981,174,3128,3309,Success
ENSMUSG00000037820,ENSMUST00000103122.10,appris_principal_1,3596,2061,136,1399,1542,Success
ENSMUSG00000027652,ENSMUST00000109485.9,Ensembl_canonical,6709,4524,183,2002,2192,Success
ENSMUSG00000027654,ENSMUST00000029183.3,appris_principal_1,2266,1758,21,487,515,Short_or_Missing_UTRs
ENSMUSG00000027655,ENSMUST00000109478.9,appris_principal_1,3284,2112,82,1090,1179,Success
ENSMUSG00000074622,ENSMUST00000099126.5,appris_principal_1,3363,972,389,2002,2398,Success
ENSMUSG00000070544,ENSMUST00000109468.3,appris_principal_1,3856,2304,342,1210,1559,Success
ENSMUSG00000016933,ENSMUST00000109462.8,appris_principal_1,5107,3873,84,1150,1241,Success
ENSMUSG00000035877,ENSMUST00000103111.9,appris_principal_1,9563,2856,277,6430,6714,Success
ENSMUSG00000057133,ENSMUST00000039782.14,appris_principal_1,10515,8136,57,2322,2386,Success
ENSMUSG00000016921,ENSMUST00000130411.7,appris_principal_1,3527,1020,143,2364,2514,Success
ENSMUSG00000017858,ENSMUST00000018002.13,appris_principal_1,2248,1281,186,781,974,Success
ENSMUSG00000017861,ENSMUST00000018005.10,appris_principal_1,3651,2115,142,1394,1543,Success
ENSMUSG00000035399,ENSMUST00000046908.10,appris_principal_1,1620,876,161,583,751,Success
ENSMUSG00000048486,ENSMUST00000109418.2,appris_principal_1,3967,789,54,3124,3185,Success
ENSMUSG00000017679,ENSMUST00000171696.8,appris_principal_1,4522,1032,119,3371,3497,Success
ENSMUSG00000017707,ENSMUST00000017851.4,appris_principal_1,3683,1419,95,2169,2271,Success
ENSMUSG00000035268,ENSMUST00000164399.8,appris_principal_1,983,231,130,622,759,Success
ENSMUSG00000017697,ENSMUST00000017841.4,appris_principal_1,1688,1059,148,481,636,Success
ENSMUSG00000018326,ENSMUST00000018470.10,appris_principal_1,3013,741,409,1863,2279,Success
ENSMUSG00000018322,ENSMUST00000109384.10,appris_principal_3,1923,930,130,863,1000,Success
ENSMUSG00000018209,ENSMUST00000018353.14,appris_principal_1,5232,1464,75,3693,3775,Success
ENSMUSG00000017009,ENSMUST00000017153.4,appris_principal_1,2458,597,22,1839,1868,Short_or_Missing_UTRs
ENSMUSG00000045503,ENSMUST00000109352.8,appris_principal_1,2001,471,616,914,1537,Success
ENSMUSG00000017723,ENSMUST00000109345.9,appris_principal_1,558,369,12,177,196,Short_or_Missing_UTRs
ENSMUSG00000017299,ENSMUST00000017443.14,appris_principal_1,1664,987,71,606,684,Success
ENSMUSG00000050373,ENSMUST00000056181.7,appris_principal_1,2590,1092,75,1423,1505,Success
ENSMUSG00000045822,ENSMUST00000052107.5,appris_principal_1,2708,2088,179,441,627,Success
ENSMUSG00000017764,ENSMUST00000017908.3,appris_principal_1,2705,1368,663,674,1344,Success
ENSMUSG00000017760,ENSMUST00000103092.9,appris_principal_1,3646,1479,369,1798,2174,Success
ENSMUSG00000039849,ENSMUST00000041643.5,appris_principal_1,5780,2121,322,3337,3666,Success
ENSMUSG00000039834,ENSMUST00000041361.14,appris_principal_1,4587,4014,291,282,580,Success
ENSMUSG00000039804,ENSMUST00000040381.15,appris_principal_2,3179,1740,214,1225,1446,Success
ENSMUSG00000017664,ENSMUST00000109299.8,appris_principal_1,1926,1095,239,592,838,Success
ENSMUSG00000017670,ENSMUST00000103091.9,appris_principal_1,4695,2163,202,2330,2539,Success
ENSMUSG00000027678,ENSMUST00000088095.7,appris_principal_2,7543,4212,232,3099,3338,Success
ENSMUSG00000006800,ENSMUST00000109249.9,appris_principal_1,4580,2628,253,1699,1959,Success
ENSMUSG00000074582,ENSMUST00000099078.10,appris_principal_1,8770,5379,127,3264,3398,Success
ENSMUSG00000002718,ENSMUST00000002790.14,appris_principal_1,3641,2916,129,596,732,Success
ENSMUSG00000039536,ENSMUST00000109236.9,appris_principal_2,2860,1464,325,1071,1403,Success
ENSMUSG00000017999,ENSMUST00000018143.16,appris_principal_1,2714,2283,141,290,438,Success
ENSMUSG00000039501,ENSMUST00000048988.14,appris_principal_1,7218,5730,556,932,1495,Success
ENSMUSG00000017929,ENSMUST00000109221.9,appris_principal_1,4210,1167,151,2892,3050,Success
ENSMUSG00000039463,ENSMUST00000047815.13,appris_principal_1,4521,1731,40,2750,2797,Success
ENSMUSG00000047030,ENSMUST00000057627.16,appris_principal_1,4012,1548,247,2217,2471,Success
ENSMUSG00000042821,ENSMUST00000052631.8,appris_principal_1,1621,795,95,731,833,Success
ENSMUSG00000090213,ENSMUST00000006587.7,appris_principal_1,2329,816,60,1453,1520,Success
ENSMUSG00000056501,ENSMUST00000070642.4,appris_principal_1,1504,891,107,506,620,Success
ENSMUSG00000027540,ENSMUST00000029053.8,appris_principal_1,4213,1299,167,2747,2921,Success
ENSMUSG00000044641,ENSMUST00000052125.7,appris_principal_1,3399,1116,290,1993,2290,Success
ENSMUSG00000027544,ENSMUST00000074618.10,Ensembl_canonical,6637,2784,69,3784,3860,Success
ENSMUSG00000027546,ENSMUST00000029060.11,appris_principal_1,3529,3144,51,334,392,Success
ENSMUSG00000027551,ENSMUST00000109162.9,appris_principal_1,2848,1932,423,493,923,Success
ENSMUSG00000052056,ENSMUST00000063710.13,appris_principal_1,5685,3126,521,2038,2566,Success
ENSMUSG00000027495,ENSMUST00000028995.5,appris_principal_1,3617,573,97,2947,3051,Success
ENSMUSG00000008999,ENSMUST00000009143.8,appris_principal_1,3670,1293,252,2125,2384,Success
ENSMUSG00000027509,ENSMUST00000029013.10,appris_principal_1,1742,1107,265,370,642,Success
ENSMUSG00000027510,ENSMUST00000173393.8,appris_principal_1,2071,714,432,925,1364,Success
ENSMUSG00000038400,ENSMUST00000036248.13,appris_principal_2,4538,825,349,3364,3720,Success
ENSMUSG00000027519,ENSMUST00000029024.10,appris_principal_1,7155,585,346,6224,6577,Success
ENSMUSG00000054455,ENSMUST00000067530.6,appris_principal_1,7032,732,182,6118,6307,Success
ENSMUSG00000027522,ENSMUST00000087908.10,appris_principal_1,3865,981,136,2748,2891,Success
ENSMUSG00000039263,ENSMUST00000044415.16,appris_principal_1,2467,1575,74,818,899,Success
ENSMUSG00000027523,ENSMUST00000185956.7,Ensembl_canonical,3729,3402,3,324,334,Short_or_Missing_UTRs
ENSMUSG00000016257,ENSMUST00000016401.15,appris_principal_1,1553,588,218,747,972,Success
ENSMUSG00000000305,ENSMUST00000000314.13,appris_principal_1,6388,2742,191,3455,3653,Success
ENSMUSG00000039108,ENSMUST00000055485.12,appris_principal_1,2534,1158,199,1177,1383,Success
ENSMUSG00000039086,ENSMUST00000041126.9,appris_principal_1,4343,1209,291,2843,3141,Success
ENSMUSG00000039050,ENSMUST00000040668.9,appris_principal_1,2805,1455,261,1089,1357,Success
ENSMUSG00000027569,ENSMUST00000169630.8,appris_principal_1,1192,615,431,146,584,Success
ENSMUSG00000049401,ENSMUST00000029087.4,appris_principal_1,2449,1902,236,311,554,Success
ENSMUSG00000038914,ENSMUST00000087517.10,appris_principal_2,8723,6771,577,1375,1959,Success
ENSMUSG00000027573,ENSMUST00000029090.9,appris_principal_1,1655,687,246,722,975,Success
ENSMUSG00000038848,ENSMUST00000037299.15,appris_principal_1,3184,1680,239,1265,1511,Success
ENSMUSG00000027575,ENSMUST00000029092.13,appris_principal_3,2714,1245,313,1156,1476,Success
ENSMUSG00000027577,ENSMUST00000067120.14,appris_principal_2,4565,1890,232,2443,2682,Success
ENSMUSG00000016349,ENSMUST00000055990.9,appris_principal_1,12949,1392,366,11191,11564,Success
ENSMUSG00000038705,ENSMUST00000049032.13,appris_principal_1,4121,1593,194,2334,2535,Success
ENSMUSG00000038671,ENSMUST00000127988.8,appris_principal_1,2447,606,200,1641,1848,Success
ENSMUSG00000027583,ENSMUST00000029106.13,appris_principal_1,5309,1803,204,3302,3513,Success
ENSMUSG00000000827,ENSMUST00000069712.9,appris_principal_3,1799,603,115,1081,1203,Success
ENSMUSG00000000826,ENSMUST00000072334.12,appris_principal_1,6578,597,224,5757,5988,Success
ENSMUSG00000000823,ENSMUST00000108789.9,appris_principal_1,5714,2610,385,2719,3111,Success
ENSMUSG00000038605,ENSMUST00000060173.9,appris_principal_1,2164,609,190,1365,1562,Success
ENSMUSG00000002455,ENSMUST00000136481.8,appris_principal_1,3048,2826,145,77,229,Success
ENSMUSG00000027589,ENSMUST00000029116.14,appris_principal_1,3569,1080,339,2150,2496,Success
ENSMUSG00000027499,ENSMUST00000028999.12,appris_principal_1,3617,231,110,3276,3393,Success
ENSMUSG00000043542,ENSMUST00000051064.9,appris_principal_1,3292,975,29,2288,2324,Short_or_Missing_UTRs
ENSMUSG00000027500,ENSMUST00000029002.9,appris_principal_1,2073,540,252,1281,1540,Success
ENSMUSG00000040289,ENSMUST00000042412.5,appris_principal_1,2423,900,386,1137,1530,Success
ENSMUSG00000027506,ENSMUST00000091354.12,appris_principal_3,2193,675,64,1454,1525,Success
ENSMUSG00000069114,ENSMUST00000155203.2,appris_principal_1,7414,2586,528,4300,4835,Success
ENSMUSG00000027508,ENSMUST00000161949.8,appris_principal_1,8256,1290,678,6288,6973,Success
ENSMUSG00000027533,ENSMUST00000029046.9,appris_principal_1,987,408,92,487,586,Success
ENSMUSG00000027531,ENSMUST00000065938.15,appris_principal_1,4185,834,121,3230,3358,Success
ENSMUSG00000027536,ENSMUST00000029049.7,appris_principal_1,6188,699,125,5364,5496,Success
ENSMUSG00000027534,ENSMUST00000029047.12,appris_principal_1,2288,1035,272,981,1260,Success
ENSMUSG00000027550,ENSMUST00000169079.8,appris_principal_1,5638,3081,111,2446,2564,Success
ENSMUSG00000027552,ENSMUST00000029069.13,appris_principal_1,1779,1008,179,592,778,Success
ENSMUSG00000027555,ENSMUST00000029071.9,appris_principal_1,2299,789,82,1428,1517,Success
ENSMUSG00000027562,ENSMUST00000029078.9,appris_principal_1,1788,783,325,680,1012,Success
ENSMUSG00000047213,ENSMUST00000108345.9,appris_principal_1,5102,1758,285,3059,3351,Success
ENSMUSG00000039519,ENSMUST00000035625.7,appris_principal_1,2166,1524,135,507,649,Success
ENSMUSG00000027599,ENSMUST00000029125.10,appris_principal_1,3673,849,194,2630,2831,Success
ENSMUSG00000027601,ENSMUST00000117529.8,appris_principal_1,1896,987,296,613,916,Success
ENSMUSG00000069094,ENSMUST00000099195.10,appris_principal_1,6298,1449,321,4528,4856,Success
ENSMUSG00000027615,ENSMUST00000012580.13,appris_principal_1,4016,3009,50,957,1014,Success
ENSMUSG00000002428,ENSMUST00000002502.12,appris_principal_1,4955,3012,177,1766,1950,Success
ENSMUSG00000019528,ENSMUST00000178328.8,appris_principal_1,1698,1002,92,604,703,Success
ENSMUSG00000027630,ENSMUST00000193734.6,appris_principal_1,8237,1545,525,6167,6699,Success
ENSMUSG00000027699,ENSMUST00000108300.8,Ensembl_canonical,4086,2742,167,1177,1351,Success
ENSMUSG00000027698,ENSMUST00000046515.15,appris_principal_1,4480,1227,113,3140,3260,Success
ENSMUSG00000039304,ENSMUST00000046383.12,appris_principal_1,4993,876,119,3998,4124,Success
ENSMUSG00000039286,ENSMUST00000195008.6,appris_principal_1,6886,3624,133,3129,3269,Success
ENSMUSG00000027695,ENSMUST00000123539.8,Ensembl_canonical,3732,3225,195,312,514,Success
ENSMUSG00000050192,ENSMUST00000060500.9,appris_principal_1,5027,462,174,4391,4572,Success
ENSMUSG00000037730,ENSMUST00000192715.6,appris_principal_1,5555,1833,662,3060,3729,Success
ENSMUSG00000037643,ENSMUST00000108249.9,appris_principal_1,4708,1788,238,2682,2927,Success
ENSMUSG00000027660,ENSMUST00000029194.12,appris_principal_2,6717,2028,725,3964,4696,Success
ENSMUSG00000027663,ENSMUST00000029199.11,appris_principal_1,7797,873,232,6692,6931,Success
ENSMUSG00000027665,ENSMUST00000108243.8,appris_principal_1,6689,3207,206,3276,3489,Success
ENSMUSG00000027668,ENSMUST00000091257.11,appris_principal_1,4562,2226,238,2098,2343,Success
ENSMUSG00000027669,ENSMUST00000155737.8,appris_principal_1,5997,1023,186,4788,4981,Success
ENSMUSG00000027671,ENSMUST00000029214.14,appris_principal_1,2010,1290,349,371,727,Success
ENSMUSG00000056900,ENSMUST00000072312.12,Ensembl_canonical,7580,2577,165,4838,5010,Success
ENSMUSG00000027677,ENSMUST00000108210.9,appris_principal_1,2684,2301,28,355,390,Short_or_Missing_UTRs
ENSMUSG00000027679,ENSMUST00000108195.10,appris_principal_1,659,351,133,175,315,Success
ENSMUSG00000037400,ENSMUST00000029257.15,appris_principal_1,4868,3528,250,1090,1347,Success
ENSMUSG00000027708,ENSMUST00000108182.10,appris_principal_1,4980,780,685,3515,4207,Success
ENSMUSG00000027712,ENSMUST00000029266.14,appris_principal_1,1731,960,350,421,778,Success
ENSMUSG00000027714,ENSMUST00000029269.12,appris_principal_1,1617,1317,80,220,307,Success
ENSMUSG00000027715,ENSMUST00000029270.10,appris_principal_1,2965,1269,327,1369,1703,Success
ENSMUSG00000050174,ENSMUST00000099130.9,appris_principal_2,1070,939,20,111,138,Short_or_Missing_UTRs
ENSMUSG00000027722,ENSMUST00000108112.10,Ensembl_canonical,3295,2682,445,168,620,Success
ENSMUSG00000037211,ENSMUST00000108109.8,appris_principal_1,2451,942,462,1047,1516,Success
ENSMUSG00000044864,ENSMUST00000120875.8,appris_principal_1,4945,831,956,3158,4121,Success
ENSMUSG00000025757,ENSMUST00000204702.3,appris_principal_1,9479,2517,248,6714,6969,Success
ENSMUSG00000025758,ENSMUST00000026858.11,appris_principal_2,3479,2778,235,466,708,Success
ENSMUSG00000025759,ENSMUST00000026859.11,appris_principal_1,3151,1560,180,1411,1598,Success
ENSMUSG00000049940,ENSMUST00000058578.8,appris_principal_1,3007,654,52,2301,2360,Success
ENSMUSG00000025764,ENSMUST00000191952.2,appris_principal_1,3327,1533,117,1677,1801,Success
ENSMUSG00000037892,ENSMUST00000035931.13,appris_principal_1,5168,3405,452,1311,1770,Success
ENSMUSG00000027737,ENSMUST00000029297.6,appris_principal_1,9223,1509,350,7364,7721,Success
ENSMUSG00000023087,ENSMUST00000144826.2,appris_principal_1,9797,1098,7607,1092,8706,Success
ENSMUSG00000037174,ENSMUST00000194641.6,Ensembl_canonical,5919,1782,496,3641,4144,Success
ENSMUSG00000063273,ENSMUST00000029303.13,appris_principal_1,6090,2598,307,3185,3499,Success
ENSMUSG00000027739,ENSMUST00000054387.8,appris_principal_1,3492,690,366,2436,2809,Success
ENSMUSG00000037111,ENSMUST00000037141.9,appris_principal_1,7411,1101,322,5988,6317,Success
ENSMUSG00000044167,ENSMUST00000053764.7,appris_principal_1,8665,1959,466,6240,6713,Success
ENSMUSG00000027742,ENSMUST00000036665.10,appris_principal_1,3182,1974,39,1169,1215,Success
ENSMUSG00000042997,ENSMUST00000056749.14,appris_principal_1,5047,1044,189,3814,4010,Success
ENSMUSG00000049504,ENSMUST00000058577.5,appris_principal_1,4472,2742,609,1121,1737,Success
ENSMUSG00000027746,ENSMUST00000146598.8,appris_principal_1,4890,258,80,4552,4639,Success
ENSMUSG00000027751,ENSMUST00000170552.6,appris_principal_2,1968,1596,186,186,379,Success
ENSMUSG00000036632,ENSMUST00000044567.4,appris_principal_1,1471,975,45,451,503,Success
ENSMUSG00000027796,ENSMUST00000029371.3,appris_principal_1,5368,1293,319,3756,4082,Success
ENSMUSG00000036615,ENSMUST00000044373.6,appris_principal_1,2162,696,116,1350,1473,Success
ENSMUSG00000036580,ENSMUST00000107971.9,appris_principal_2,3567,1845,91,1631,1729,Success
ENSMUSG00000027797,ENSMUST00000196745.5,appris_principal_1,7962,2220,408,5334,5749,Success
ENSMUSG00000027799,ENSMUST00000029374.8,appris_principal_1,10986,8811,466,1709,2182,Success
ENSMUSG00000027800,ENSMUST00000171384.8,appris_principal_1,2855,609,101,2145,2253,Success
ENSMUSG00000027803,ENSMUST00000029380.14,appris_principal_2,4697,1188,232,3277,3516,Success
ENSMUSG00000036513,ENSMUST00000160959.8,appris_principal_1,2992,600,62,2330,2399,Success
ENSMUSG00000036503,ENSMUST00000041826.14,appris_principal_1,2678,1146,151,1381,1539,Success
ENSMUSG00000027805,ENSMUST00000066882.10,appris_principal_1,2342,423,597,1322,1926,Success
ENSMUSG00000027806,ENSMUST00000199164.2,appris_principal_2,4659,2238,969,1452,2428,Success
ENSMUSG00000027808,ENSMUST00000029385.9,appris_principal_1,4611,201,399,4011,4417,Success
ENSMUSG00000075700,ENSMUST00000107924.3,appris_principal_1,3157,588,101,2468,2576,Success
ENSMUSG00000036432,ENSMUST00000070368.8,appris_principal_1,2511,978,585,948,1540,Success
ENSMUSG00000027763,ENSMUST00000193517.6,appris_principal_3,5151,1164,600,3387,3994,Success
ENSMUSG00000027765,ENSMUST00000029331.7,appris_principal_1,3886,1122,647,2117,2771,Success
ENSMUSG00000027770,ENSMUST00000029336.6,appris_principal_1,5620,3006,65,2549,2621,Success
ENSMUSG00000027820,ENSMUST00000194150.6,appris_principal_1,3345,2253,328,764,1099,Success
ENSMUSG00000027822,ENSMUST00000161659.8,appris_principal_1,2554,1653,476,425,908,Success
ENSMUSG00000027823,ENSMUST00000029405.8,appris_principal_1,8105,2082,178,5845,6030,Success
ENSMUSG00000027827,ENSMUST00000049230.11,appris_principal_1,3245,1206,388,1651,2046,Success
ENSMUSG00000027828,ENSMUST00000029414.12,appris_principal_1,2957,558,86,2313,2406,Success
ENSMUSG00000034640,ENSMUST00000047906.10,appris_principal_1,4191,1974,264,1953,2224,Success
ENSMUSG00000027829,ENSMUST00000029416.14,appris_principal_1,2169,1599,121,449,577,Success
ENSMUSG00000027833,ENSMUST00000029422.14,appris_principal_1,3079,996,215,1868,2090,Success
ENSMUSG00000034544,ENSMUST00000162036.8,appris_principal_1,1406,1005,155,246,408,Success
ENSMUSG00000048416,ENSMUST00000077916.12,appris_principal_1,1114,804,119,191,317,Success
ENSMUSG00000047557,ENSMUST00000058981.3,appris_principal_1,1112,669,212,231,450,Success
ENSMUSG00000027778,ENSMUST00000107812.8,appris_principal_1,4063,2334,157,1572,1736,Success
ENSMUSG00000034317,ENSMUST00000107802.8,appris_principal_1,2939,1212,221,1506,1734,Success
ENSMUSG00000027782,ENSMUST00000194558.6,appris_principal_1,3726,1566,292,1868,2167,Success
ENSMUSG00000027784,ENSMUST00000029355.9,appris_principal_1,9417,1083,706,7628,8341,Success
ENSMUSG00000027787,ENSMUST00000029358.15,appris_principal_1,9135,1512,152,7471,7630,Success
ENSMUSG00000027835,ENSMUST00000161137.8,appris_principal_1,1927,639,258,1030,1295,Success
ENSMUSG00000027834,ENSMUST00000029423.9,appris_principal_1,4091,1233,114,2744,2865,Success
ENSMUSG00000034109,ENSMUST00000117242.8,appris_principal_1,4551,2052,651,1848,2506,Success
ENSMUSG00000062232,ENSMUST00000118100.8,appris_principal_1,6573,4491,62,2020,2089,Success
ENSMUSG00000061175,ENSMUST00000133154.7,Ensembl_canonical,7299,3417,193,3689,3889,Success
ENSMUSG00000027804,ENSMUST00000029382.13,appris_principal_1,1752,1113,108,531,646,Success
ENSMUSG00000027809,ENSMUST00000029386.14,appris_principal_1,2377,1851,312,214,533,Success
ENSMUSG00000028020,ENSMUST00000029654.15,appris_principal_1,3029,1491,173,1365,1545,Success
ENSMUSG00000028019,ENSMUST00000029652.4,appris_principal_1,3521,1038,1021,1462,2490,Success
ENSMUSG00000033900,ENSMUST00000091014.10,appris_principal_1,6218,1941,259,4018,4284,Success
ENSMUSG00000027998,ENSMUST00000150268.8,appris_principal_1,1851,1542,124,185,316,Success
ENSMUSG00000033767,ENSMUST00000191758.6,appris_principal_3,5555,4794,75,686,768,Success
ENSMUSG00000027993,ENSMUST00000054990.11,Ensembl_canonical,3816,2313,128,1375,1510,Success
ENSMUSG00000028086,ENSMUST00000107675.8,appris_principal_1,3599,1770,173,1656,1836,Success
ENSMUSG00000028085,ENSMUST00000127348.8,appris_principal_1,3469,1674,25,1770,1802,Short_or_Missing_UTRs
ENSMUSG00000051000,ENSMUST00000118408.8,appris_principal_1,4445,3246,297,902,1206,Success
ENSMUSG00000028082,ENSMUST00000238331.2,appris_principal_2,7025,2370,840,3815,4662,Success
ENSMUSG00000028080,ENSMUST00000107635.7,appris_principal_1,9888,8565,295,1028,1330,Success
ENSMUSG00000003382,ENSMUST00000119109.8,appris_principal_1,5309,1542,263,3504,3774,Success
ENSMUSG00000041977,ENSMUST00000039476.15,appris_principal_1,6776,4659,1186,931,2124,Success
ENSMUSG00000004895,ENSMUST00000005015.10,appris_principal_1,2099,1476,266,357,630,Success
ENSMUSG00000004897,ENSMUST00000005017.15,appris_principal_1,2245,714,307,1224,1538,Success
ENSMUSG00000019710,ENSMUST00000119968.8,appris_principal_1,1339,651,372,316,695,Success
ENSMUSG00000004896,ENSMUST00000005016.16,appris_principal_1,2492,1428,178,886,1071,Success
ENSMUSG00000048039,ENSMUST00000055984.7,appris_principal_1,2893,1107,451,1335,1793,Success
ENSMUSG00000028068,ENSMUST00000071812.11,appris_principal_1,5756,4899,85,772,864,Success
ENSMUSG00000001419,ENSMUST00000107558.9,appris_principal_1,1767,1521,234,12,253,Short_or_Missing_UTRs
ENSMUSG00000001416,ENSMUST00000001452.14,appris_principal_1,1977,1638,120,219,346,Success
ENSMUSG00000001418,ENSMUST00000177005.8,appris_principal_1,4219,1215,59,2945,3011,Success
ENSMUSG00000001415,ENSMUST00000001451.11,appris_principal_1,4448,3054,164,1230,1401,Success
ENSMUSG00000050144,ENSMUST00000193433.6,appris_principal_1,3429,945,276,2208,2491,Success
ENSMUSG00000028063,ENSMUST00000029699.13,appris_principal_1,3156,1998,232,926,1165,Success
ENSMUSG00000008604,ENSMUST00000008748.8,appris_principal_1,3330,1791,47,1492,1546,Success
ENSMUSG00000041355,ENSMUST00000195014.6,appris_principal_1,1059,552,79,428,514,Success
ENSMUSG00000028060,ENSMUST00000029696.11,appris_principal_1,2981,1839,47,1095,1149,Success
ENSMUSG00000028057,ENSMUST00000029692.15,appris_principal_1,1204,660,159,385,551,Success
ENSMUSG00000068923,ENSMUST00000107505.8,appris_principal_1,5020,1293,727,3000,3734,Success
ENSMUSG00000054199,ENSMUST00000107498.9,appris_principal_2,7537,6729,92,716,815,Success
ENSMUSG00000028053,ENSMUST00000186583.7,appris_principal_1,11644,8877,474,2293,2774,Success
ENSMUSG00000068917,ENSMUST00000249939.1,Ensembl_canonical,2154,1545,267,342,616,Success
ENSMUSG00000028049,ENSMUST00000120697.8,Ensembl_canonical,1475,1053,102,320,429,Success
ENSMUSG00000032657,ENSMUST00000041913.13,appris_principal_1,3083,2010,521,552,1080,Success
ENSMUSG00000028048,ENSMUST00000077367.11,appris_principal_1,1779,1548,174,57,238,Success
ENSMUSG00000028047,ENSMUST00000029682.11,appris_principal_1,3190,2871,66,253,326,Success
ENSMUSG00000042747,ENSMUST00000040888.12,appris_principal_1,1172,411,546,215,768,Success
ENSMUSG00000027953,ENSMUST00000029565.11,appris_principal_1,1022,666,105,251,363,Success
ENSMUSG00000027954,ENSMUST00000029566.9,appris_principal_1,1480,618,103,759,869,Success
ENSMUSG00000028040,ENSMUST00000029674.8,appris_principal_1,1599,621,78,900,985,Success
ENSMUSG00000028041,ENSMUST00000029676.12,appris_principal_2,2975,2595,109,271,387,Success
ENSMUSG00000028042,ENSMUST00000107433.8,appris_principal_1,3650,1635,133,1882,2022,Success
ENSMUSG00000042642,ENSMUST00000129308.9,appris_principal_1,2892,1479,216,1197,1420,Success
ENSMUSG00000028044,ENSMUST00000029679.4,appris_principal_1,849,240,170,439,616,Success
ENSMUSG00000042626,ENSMUST00000094378.10,appris_principal_3,2617,1740,223,654,884,Success
ENSMUSG00000042613,ENSMUST00000038942.10,appris_principal_1,4479,2184,109,2186,2302,Success
ENSMUSG00000027951,ENSMUST00000029563.14,appris_principal_1,3753,3459,63,231,301,Success
ENSMUSG00000042572,ENSMUST00000038356.13,appris_principal_1,3077,1269,96,1712,1815,Success
ENSMUSG00000027947,ENSMUST00000029559.7,Ensembl_canonical,3343,1383,123,1837,1967,Success
ENSMUSG00000060671,ENSMUST00000168276.8,appris_principal_1,4265,3573,388,304,699,Success
ENSMUSG00000027944,ENSMUST00000079724.9,appris_principal_1,1139,843,117,179,303,Success
ENSMUSG00000042520,ENSMUST00000064639.15,Ensembl_canonical,4073,3339,126,608,741,Success
ENSMUSG00000027937,ENSMUST00000029546.15,appris_principal_1,1101,441,361,299,667,Success
ENSMUSG00000052310,ENSMUST00000015467.9,appris_principal_1,2364,975,119,1270,1396,Success
ENSMUSG00000027936,ENSMUST00000029545.15,appris_principal_1,2747,2079,243,425,675,Success
ENSMUSG00000042404,ENSMUST00000098914.10,appris_principal_2,5423,4533,143,747,897,Success
ENSMUSG00000042390,ENSMUST00000199754.5,appris_principal_1,7438,1785,248,5405,5660,Success
ENSMUSG00000027933,ENSMUST00000071488.8,appris_principal_1,4038,3126,353,559,919,Success
ENSMUSG00000001016,ENSMUST00000001042.10,appris_principal_1,2027,1173,94,760,861,Success
ENSMUSG00000001018,ENSMUST00000149884.2,appris_principal_1,1928,411,59,1458,1524,Success
ENSMUSG00000001017,ENSMUST00000049937.13,appris_principal_1,2012,750,325,937,1269,Success
ENSMUSG00000001020,ENSMUST00000001046.7,appris_principal_1,498,306,51,141,199,Success
ENSMUSG00000027907,ENSMUST00000029515.5,appris_principal_1,511,297,74,140,221,Success
ENSMUSG00000041959,ENSMUST00000045756.14,appris_principal_1,685,294,152,239,398,Success
ENSMUSG00000028145,ENSMUST00000049822.10,appris_principal_1,1781,693,128,960,1095,Success
ENSMUSG00000041912,ENSMUST00000166032.8,appris_principal_1,5692,1683,116,3893,4016,Success
ENSMUSG00000005968,ENSMUST00000006123.11,Ensembl_canonical,2631,1173,87,1371,1465,Success
ENSMUSG00000068876,ENSMUST00000238849.2,Ensembl_canonical,5039,3579,169,1291,1467,Success
ENSMUSG00000038902,ENSMUST00000249403.1,Ensembl_canonical,6399,4278,127,1994,2128,Success
ENSMUSG00000068874,ENSMUST00000090839.12,appris_principal_1,1712,1419,103,190,300,Success
ENSMUSG00000005774,ENSMUST00000107260.9,appris_principal_1,2355,1977,250,128,385,Success
ENSMUSG00000038861,ENSMUST00000125476.8,Ensembl_canonical,3400,2487,72,841,920,Success
ENSMUSG00000019338,ENSMUST00000019482.8,appris_principal_1,4632,3714,145,773,925,Success
ENSMUSG00000005625,ENSMUST00000107237.8,appris_principal_1,1332,1131,81,120,208,Success
ENSMUSG00000028126,ENSMUST00000107233.9,Ensembl_canonical,3663,1644,479,1540,2026,Success
ENSMUSG00000053769,ENSMUST00000066386.6,appris_principal_1,2394,681,729,984,1720,Success
ENSMUSG00000038766,ENSMUST00000107209.8,appris_principal_1,8357,1245,208,6904,7119,Success
ENSMUSG00000053192,ENSMUST00000065482.6,appris_principal_1,1923,273,600,1050,1657,Success
ENSMUSG00000046722,ENSMUST00000053872.12,appris_principal_1,2805,243,388,2174,2569,Success
ENSMUSG00000015711,ENSMUST00000015855.8,appris_principal_1,3140,1365,453,1322,1782,Success
ENSMUSG00000015714,ENSMUST00000015858.12,appris_principal_1,2216,1143,263,810,1080,Success
ENSMUSG00000015697,ENSMUST00000015841.12,Ensembl_canonical,4658,3927,183,548,738,Success
ENSMUSG00000015522,ENSMUST00000102749.11,appris_principal_1,2699,2376,149,174,330,Success
ENSMUSG00000038642,ENSMUST00000015667.9,Ensembl_canonical,1355,1026,114,215,336,Success
ENSMUSG00000046519,ENSMUST00000177390.8,appris_principal_1,2836,858,207,1771,1985,Success
ENSMUSG00000038619,ENSMUST00000058230.13,Ensembl_canonical,1130,366,109,655,771,Success
ENSMUSG00000038612,ENSMUST00000178686.2,appris_principal_2,858,858,0,0,0,Short_or_Missing_UTRs
ENSMUSG00000015850,ENSMUST00000117782.8,appris_principal_1,4036,3111,293,632,932,Success
ENSMUSG00000028108,ENSMUST00000029753.14,appris_principal_2,1895,1677,125,93,225,Success
ENSMUSG00000015748,ENSMUST00000015892.14,appris_principal_1,2933,2052,186,695,888,Success
ENSMUSG00000015750,ENSMUST00000056710.10,appris_principal_1,1601,798,116,687,810,Success
ENSMUSG00000015749,ENSMUST00000165307.8,appris_principal_2,3274,783,351,2140,2498,Success
ENSMUSG00000015745,ENSMUST00000015889.10,appris_principal_1,1931,1227,204,500,711,Success
ENSMUSG00000038495,ENSMUST00000090785.9,appris_principal_1,8101,2523,417,5161,5585,Success
ENSMUSG00000068856,ENSMUST00000076372.5,appris_principal_1,1915,1275,242,398,647,Success
ENSMUSG00000038486,ENSMUST00000035371.9,appris_principal_1,4334,2229,500,1605,2112,Success
ENSMUSG00000038393,ENSMUST00000074519.13,Ensembl_canonical,2827,1194,279,1354,1640,Success
ENSMUSG00000028104,ENSMUST00000091924.10,appris_principal_1,1427,657,140,630,777,Success
ENSMUSG00000049288,ENSMUST00000062058.5,appris_principal_1,3312,1014,33,2265,2305,Success
ENSMUSG00000028102,ENSMUST00000118557.8,appris_principal_1,2424,780,258,1386,1651,Success
ENSMUSG00000028101,ENSMUST00000064900.16,appris_principal_1,2931,1887,89,955,1051,Success
ENSMUSG00000028098,ENSMUST00000029740.14,appris_principal_1,2209,918,145,1146,1298,Success
ENSMUSG00000038256,ENSMUST00000046521.14,appris_principal_1,6102,4278,626,1198,1831,Success
ENSMUSG00000028089,ENSMUST00000029730.5,appris_principal_1,3008,2703,32,273,312,Success
ENSMUSG00000038205,ENSMUST00000045743.13,appris_principal_1,5006,816,183,4007,4197,Success
ENSMUSG00000038170,ENSMUST00000168438.9,appris_principal_2,8264,7239,37,988,1032,Success
ENSMUSG00000027879,ENSMUST00000029476.9,appris_principal_1,2810,648,156,2006,2169,Success
ENSMUSG00000027878,ENSMUST00000079812.8,appris_principal_1,10500,7422,161,2917,3085,Success
ENSMUSG00000050064,ENSMUST00000056096.15,appris_principal_1,5166,1710,135,3321,3463,Success
ENSMUSG00000004233,ENSMUST00000004343.7,appris_principal_1,4410,1083,31,3296,3334,Success
ENSMUSG00000027865,ENSMUST00000029459.10,appris_principal_1,3008,1497,349,1162,1518,Success
ENSMUSG00000008763,ENSMUST00000008907.14,appris_principal_1,7969,1926,641,5402,6050,Success
ENSMUSG00000033233,ENSMUST00000037409.13,appris_principal_1,4612,1743,437,2432,2876,Success
ENSMUSG00000027864,ENSMUST00000102694.4,appris_principal_1,5902,2640,138,3124,3269,Success
ENSMUSG00000042035,ENSMUST00000195164.2,Ensembl_canonical,3876,3645,112,119,238,Success
ENSMUSG00000033161,ENSMUST00000036493.8,appris_principal_1,3679,3072,270,337,614,Success
ENSMUSG00000027860,ENSMUST00000029453.13,appris_principal_1,6531,1581,296,4654,4957,Success
ENSMUSG00000027858,ENSMUST00000029451.12,appris_principal_1,4484,666,468,3350,3825,Success
ENSMUSG00000027854,ENSMUST00000029447.12,appris_principal_1,7375,624,101,6650,6758,Success
ENSMUSG00000068823,ENSMUST00000029446.13,appris_principal_1,4318,2397,668,1253,1928,Success
ENSMUSG00000027852,ENSMUST00000029445.13,appris_principal_1,4470,570,173,3727,3907,Success
ENSMUSG00000033014,ENSMUST00000029444.13,appris_principal_2,8875,3423,586,4866,5459,Success
ENSMUSG00000008730,ENSMUST00000118317.8,appris_principal_1,7939,3633,173,4133,4313,Success
ENSMUSG00000027845,ENSMUST00000029435.15,appris_principal_1,4345,1626,356,2363,2726,Success
ENSMUSG00000044098,ENSMUST00000051139.13,appris_principal_1,4762,2388,331,2043,2381,Success
ENSMUSG00000058388,ENSMUST00000117150.8,appris_principal_1,2921,2286,155,480,642,Success
ENSMUSG00000052539,ENSMUST00000064371.14,appris_principal_1,6640,3381,408,2851,3266,Success
ENSMUSG00000032913,ENSMUST00000046316.11,appris_principal_2,7099,3165,149,3785,3941,Success
ENSMUSG00000032902,ENSMUST00000046212.2,appris_principal_1,4426,1482,204,2740,2951,Success
ENSMUSG00000002233,ENSMUST00000196817.5,appris_principal_1,877,582,56,239,302,Success
ENSMUSG00000002227,ENSMUST00000106775.8,Ensembl_canonical,3584,3234,37,313,357,Success
ENSMUSG00000045576,ENSMUST00000059271.13,appris_principal_1,5728,1680,592,3456,4055,Success
ENSMUSG00000062127,ENSMUST00000077548.12,appris_principal_1,4946,1917,294,2735,3036,Success
ENSMUSG00000068798,ENSMUST00000090678.11,appris_principal_1,2407,555,125,1727,1859,Success
ENSMUSG00000000563,ENSMUST00000118209.8,appris_principal_1,1604,771,545,288,840,Success
ENSMUSG00000000561,ENSMUST00000010278.12,appris_principal_1,3682,1029,215,2438,2660,Success
ENSMUSG00000040774,ENSMUST00000068301.11,Ensembl_canonical,2814,1251,198,1365,1570,Success
ENSMUSG00000027900,ENSMUST00000067630.13,appris_principal_1,3271,804,262,2205,2474,Success
ENSMUSG00000056260,ENSMUST00000098750.5,appris_principal_1,3103,2268,109,726,842,Success
ENSMUSG00000087260,ENSMUST00000199317.2,appris_principal_1,743,276,80,387,474,Success
ENSMUSG00000048109,ENSMUST00000061772.11,appris_principal_1,4343,2889,593,861,1461,Success
ENSMUSG00000027893,ENSMUST00000029490.15,appris_principal_1,3863,1593,283,1987,2277,Success
ENSMUSG00000014599,ENSMUST00000014743.10,appris_principal_3,4176,1659,406,2111,2524,Success
ENSMUSG00000027889,ENSMUST00000078912.7,appris_principal_3,3368,2475,65,828,900,Success
ENSMUSG00000050947,ENSMUST00000050909.7,appris_principal_1,5030,1479,440,3111,3558,Success
ENSMUSG00000048796,ENSMUST00000106655.2,appris_principal_1,4275,690,60,3525,3592,Success
ENSMUSG00000068747,ENSMUST00000102632.7,appris_principal_1,6796,2478,50,4268,4325,Success
ENSMUSG00000068740,ENSMUST00000090558.11,appris_principal_1,11113,8760,573,1780,2360,Success
ENSMUSG00000068739,ENSMUST00000090553.12,appris_principal_1,3570,1539,66,1965,2038,Success
ENSMUSG00000068732,ENSMUST00000090546.6,appris_principal_1,2864,225,186,2453,2646,Success
ENSMUSG00000048100,ENSMUST00000143054.2,appris_principal_1,2443,375,23,2045,2075,Short_or_Missing_UTRs
ENSMUSG00000040389,ENSMUST00000051145.15,appris_principal_1,4222,2763,328,1131,1466,Success
ENSMUSG00000027883,ENSMUST00000029482.16,appris_principal_1,3498,2040,517,941,1465,Success
ENSMUSG00000027882,ENSMUST00000102621.11,appris_principal_1,2419,1779,43,597,647,Success
ENSMUSG00000027881,ENSMUST00000029480.9,appris_principal_1,3026,1629,285,1112,1404,Success
ENSMUSG00000040339,ENSMUST00000171143.2,appris_principal_1,5702,1113,286,4303,4596,Success
ENSMUSG00000040322,ENSMUST00000029477.11,appris_principal_1,3431,1428,56,1947,2010,Success
ENSMUSG00000033721,ENSMUST00000046864.14,appris_principal_1,5019,2544,386,2089,2482,Success
ENSMUSG00000049300,ENSMUST00000190378.2,appris_principal_1,3051,1137,22,1892,1921,Short_or_Missing_UTRs
ENSMUSG00000027981,ENSMUST00000092154.10,Ensembl_canonical,3888,1545,95,2248,2350,Success
ENSMUSG00000045092,ENSMUST00000055676.4,appris_principal_1,3046,1149,535,1362,1904,Success
ENSMUSG00000054414,ENSMUST00000067485.4,appris_principal_1,9020,1137,192,7691,7890,Success
ENSMUSG00000027963,ENSMUST00000029575.12,appris_principal_1,3000,993,488,1519,2014,Success
ENSMUSG00000033502,ENSMUST00000090464.7,appris_principal_1,4485,1812,547,2126,2680,Success
ENSMUSG00000000339,ENSMUST00000000348.15,appris_principal_1,1594,1101,219,274,500,Success
ENSMUSG00000027959,ENSMUST00000198311.5,appris_principal_1,2404,1965,106,333,446,Success
ENSMUSG00000089911,ENSMUST00000029570.9,appris_principal_1,2782,1473,199,1110,1316,Success
ENSMUSG00000033400,ENSMUST00000040603.14,appris_principal_1,9625,4599,207,4819,5033,Success
ENSMUSG00000033386,ENSMUST00000040260.11,appris_principal_1,2377,1779,281,317,605,Success
ENSMUSG00000033377,ENSMUST00000040097.14,appris_principal_1,2433,1656,445,332,784,Success
ENSMUSG00000028134,ENSMUST00000029780.12,Ensembl_canonical,3364,1599,179,1586,1772,Success
ENSMUSG00000039887,ENSMUST00000039442.12,appris_principal_1,2037,654,75,1308,1390,Success
ENSMUSG00000053931,ENSMUST00000029773.13,appris_principal_1,2049,993,275,781,1063,Success
ENSMUSG00000028128,ENSMUST00000029771.13,appris_principal_1,1872,885,178,809,994,Success
ENSMUSG00000028127,ENSMUST00000029770.8,appris_principal_1,3489,1980,184,1325,1516,Success
ENSMUSG00000039831,ENSMUST00000037958.14,appris_principal_1,5787,3801,208,1778,1993,Success
ENSMUSG00000028124,ENSMUST00000029769.14,appris_principal_1,5589,825,429,4335,4771,Success
ENSMUSG00000028121,ENSMUST00000029766.9,appris_principal_1,3311,2463,417,431,855,Success
ENSMUSG00000053965,ENSMUST00000200389.2,appris_principal_1,7603,2502,1061,4040,5108,Success
ENSMUSG00000039701,ENSMUST00000090379.7,appris_principal_1,6185,3210,746,2229,2982,Success
ENSMUSG00000039234,ENSMUST00000047923.12,appris_principal_1,3903,3099,124,680,811,Success
ENSMUSG00000028114,ENSMUST00000029759.16,appris_principal_1,2741,1371,281,1089,1377,Success
ENSMUSG00000032854,ENSMUST00000057944.12,appris_principal_1,3740,1626,169,1945,2121,Success
ENSMUSG00000053819,ENSMUST00000200171.5,Ensembl_canonical,5396,1602,234,3560,3801,Success
ENSMUSG00000027968,ENSMUST00000029588.10,appris_principal_1,2121,1713,168,240,415,Success
ENSMUSG00000074238,ENSMUST00000051737.8,appris_principal_1,2662,897,286,1479,1772,Success
ENSMUSG00000050549,ENSMUST00000199273.2,appris_principal_1,2234,396,141,1697,1845,Success
ENSMUSG00000041220,ENSMUST00000199910.5,appris_principal_1,2610,804,325,1481,1813,Success
ENSMUSG00000027994,ENSMUST00000029624.15,appris_principal_1,1318,1011,158,149,314,Success
ENSMUSG00000001052,ENSMUST00000001079.15,appris_principal_1,5128,3756,239,1133,1379,Success
ENSMUSG00000041084,ENSMUST00000043937.9,appris_principal_1,1067,450,69,548,624,Success
ENSMUSG00000027985,ENSMUST00000066849.13,appris_principal_3,3398,1110,1001,1287,2295,Success
ENSMUSG00000027984,ENSMUST00000029610.9,appris_principal_1,1789,945,94,750,851,Success
ENSMUSG00000027983,ENSMUST00000106337.7,appris_principal_1,4378,1593,97,2688,2792,Success
ENSMUSG00000050931,ENSMUST00000090246.5,appris_principal_1,5801,1098,581,4122,4710,Success
ENSMUSG00000028032,ENSMUST00000029666.14,appris_principal_1,2600,1875,156,569,732,Success
ENSMUSG00000028030,ENSMUST00000169172.5,appris_principal_1,6578,2682,279,3617,3903,Success
ENSMUSG00000040998,ENSMUST00000093971.5,appris_principal_2,1830,1830,0,0,0,Short_or_Missing_UTRs
ENSMUSG00000028018,ENSMUST00000029651.11,appris_principal_1,3503,1905,267,1331,1605,Success
ENSMUSG00000028016,ENSMUST00000029650.9,appris_principal_1,3101,1386,146,1569,1722,Success
ENSMUSG00000040943,ENSMUST00000098603.8,appris_principal_2,9179,5739,382,3058,3447,Success
ENSMUSG00000045328,ENSMUST00000062893.12,appris_principal_1,7910,7416,122,372,501,Success
ENSMUSG00000028165,ENSMUST00000029815.8,appris_principal_1,3361,408,564,2389,2960,Success
ENSMUSG00000078578,ENSMUST00000197134.3,Ensembl_canonical,2493,447,564,1482,2053,Success
ENSMUSG00000028164,ENSMUST00000029814.10,appris_principal_1,3675,2640,70,965,1042,Success
ENSMUSG00000028163,ENSMUST00000029812.14,appris_principal_1,4117,2916,501,700,1208,Success
ENSMUSG00000053897,ENSMUST00000081978.10,appris_principal_1,3314,1389,485,1440,1932,Success
ENSMUSG00000028161,ENSMUST00000056758.9,appris_principal_3,2194,1566,74,554,635,Success
ENSMUSG00000046818,ENSMUST00000053855.8,appris_principal_1,2722,582,263,1877,2147,Success
ENSMUSG00000037894,ENSMUST00000041045.14,appris_principal_1,1069,387,207,475,689,Success
ENSMUSG00000074212,ENSMUST00000090178.10,appris_principal_1,9477,1140,249,8088,8344,Success
ENSMUSG00000091512,ENSMUST00000197064.5,appris_principal_1,733,375,159,199,365,Success
ENSMUSG00000004127,ENSMUST00000040321.13,appris_principal_1,4025,987,160,2878,3045,Success
ENSMUSG00000074207,ENSMUST00000004232.10,appris_principal_1,1492,1128,225,139,371,Success
ENSMUSG00000005813,ENSMUST00000029804.13,appris_principal_1,2686,1161,144,1381,1532,Success
ENSMUSG00000028156,ENSMUST00000029803.12,appris_principal_1,4991,654,145,4192,4344,Success
ENSMUSG00000028152,ENSMUST00000029800.9,appris_principal_1,6653,807,385,5461,5853,Success
ENSMUSG00000028149,ENSMUST00000098574.9,appris_principal_3,3669,1824,162,1683,1852,Success
ENSMUSG00000052430,ENSMUST00000029948.15,appris_principal_1,5349,1509,361,3479,3847,Success
ENSMUSG00000028273,ENSMUST00000029941.16,appris_principal_2,5016,1776,150,3090,3247,Success
ENSMUSG00000028271,ENSMUST00000029938.10,appris_principal_1,1455,951,227,277,511,Success
ENSMUSG00000004591,ENSMUST00000043812.15,appris_principal_1,6207,2952,346,2909,3262,Success
ENSMUSG00000028266,ENSMUST00000121796.8,appris_principal_1,1417,498,152,767,926,Success
ENSMUSG00000040151,ENSMUST00000043325.9,appris_principal_1,6177,1071,324,4782,5113,Success
ENSMUSG00000037062,ENSMUST00000163279.6,appris_principal_1,3961,1098,282,2581,2870,Success
ENSMUSG00000074182,ENSMUST00000098534.9,appris_principal_2,2339,1383,136,820,963,Success
ENSMUSG00000028194,ENSMUST00000029845.15,appris_principal_1,3764,858,187,2719,2913,Success
ENSMUSG00000036863,ENSMUST00000039517.11,Ensembl_canonical,5495,3945,129,1421,1557,Success
ENSMUSG00000036825,ENSMUST00000106153.9,Ensembl_canonical,3446,1848,284,1314,1605,Success
ENSMUSG00000028189,ENSMUST00000061937.13,appris_principal_1,2892,1101,32,1759,1798,Success
ENSMUSG00000068523,ENSMUST00000090031.12,appris_principal_1,593,207,133,253,393,Success
ENSMUSG00000005034,ENSMUST00000102515.10,appris_principal_1,4347,1056,277,3014,3298,Success
ENSMUSG00000036745,ENSMUST00000037942.11,Ensembl_canonical,7394,2739,397,4258,4662,Success
ENSMUSG00000028184,ENSMUST00000197567.5,Ensembl_canonical,5585,4464,23,1098,1128,Short_or_Missing_UTRs
ENSMUSG00000028037,ENSMUST00000029671.9,appris_principal_1,2910,1269,183,1458,1648,Success
ENSMUSG00000028035,ENSMUST00000050073.13,appris_principal_1,2464,1014,258,1192,1457,Success
ENSMUSG00000028034,ENSMUST00000200524.5,Ensembl_canonical,2552,1965,111,476,594,Success
ENSMUSG00000039103,ENSMUST00000199423.5,Ensembl_canonical,2016,2016,0,0,0,Short_or_Missing_UTRs
ENSMUSG00000025437,ENSMUST00000197748.5,Ensembl_canonical,4183,2730,202,1251,1460,Success
ENSMUSG00000039068,ENSMUST00000106103.8,appris_principal_1,2674,1230,368,1076,1451,Success
ENSMUSG00000039058,ENSMUST00000045262.11,appris_principal_1,3323,1689,501,1133,1641,Success
ENSMUSG00000039047,ENSMUST00000159899.8,appris_principal_1,4737,1188,35,3514,3556,Success
ENSMUSG00000052544,ENSMUST00000200397.5,appris_principal_1,8169,918,112,7139,7258,Success
ENSMUSG00000062908,ENSMUST00000072697.13,appris_principal_1,2047,1266,207,574,788,Success
ENSMUSG00000047583,ENSMUST00000052774.8,appris_principal_1,4490,774,69,3647,3723,Success
ENSMUSG00000028199,ENSMUST00000192462.6,appris_principal_1,2505,996,587,922,1516,Success
ENSMUSG00000053870,ENSMUST00000066568.6,appris_principal_1,3518,1773,47,1698,1752,Success
ENSMUSG00000028179,ENSMUST00000118539.2,appris_principal_1,1815,1197,47,571,625,Success
ENSMUSG00000039988,ENSMUST00000040787.13,appris_principal_1,3903,1626,113,2164,2284,Success
ENSMUSG00000055436,ENSMUST00000072875.15,appris_principal_2,2654,1431,133,1090,1230,Success
ENSMUSG00000063052,ENSMUST00000072080.10,appris_principal_1,4142,1809,64,2269,2340,Success
ENSMUSG00000028173,ENSMUST00000068952.10,appris_principal_1,3559,1626,270,1663,1940,Success
ENSMUSG00000028232,ENSMUST00000029891.12,appris_principal_1,2690,990,266,1434,1707,Success
ENSMUSG00000028233,ENSMUST00000052712.6,appris_principal_1,4327,2562,151,1614,1772,Success
ENSMUSG00000042228,ENSMUST00000041377.13,Ensembl_canonical,3463,1539,255,1669,1931,Success
ENSMUSG00000066324,ENSMUST00000084949.3,appris_principal_1,6543,1071,252,5220,5479,Success
ENSMUSG00000049119,ENSMUST00000054857.13,appris_principal_1,3210,1101,692,1417,2116,Success
ENSMUSG00000028243,ENSMUST00000029907.6,appris_principal_1,6642,996,32,5614,5653,Success
ENSMUSG00000028249,ENSMUST00000029912.11,Ensembl_canonical,2745,900,125,1720,1852,Success
ENSMUSG00000028245,ENSMUST00000029910.12,appris_principal_1,3507,2763,228,516,751,Success
ENSMUSG00000041272,ENSMUST00000039987.4,appris_principal_1,3961,1581,308,2072,2387,Success
ENSMUSG00000041261,ENSMUST00000066674.8,appris_principal_1,3853,876,87,2890,2984,Success
ENSMUSG00000047187,ENSMUST00000060232.8,appris_principal_1,2133,639,219,1275,1501,Success
ENSMUSG00000041235,ENSMUST00000039267.10,appris_principal_1,9444,8961,328,155,490,Success
ENSMUSG00000028207,ENSMUST00000078139.13,appris_principal_1,6694,2226,252,4216,4475,Success
ENSMUSG00000049969,ENSMUST00000054776.4,appris_principal_1,2977,750,298,1929,2234,Success
ENSMUSG00000050323,ENSMUST00000058183.9,appris_principal_1,1082,1002,28,52,87,Short_or_Missing_UTRs
ENSMUSG00000028211,ENSMUST00000029865.4,appris_principal_1,5404,720,264,4420,4691,Success
ENSMUSG00000028212,ENSMUST00000170901.8,Ensembl_canonical,3006,1215,214,1577,1798,Success
ENSMUSG00000040738,ENSMUST00000044616.10,appris_principal_1,3433,2988,148,297,452,Success
ENSMUSG00000045205,ENSMUST00000084892.12,appris_principal_1,6754,2169,122,4463,4592,Success
ENSMUSG00000040720,ENSMUST00000059914.13,appris_principal_1,6506,5436,85,985,1077,Success
ENSMUSG00000078773,ENSMUST00000070755.13,appris_principal_1,2870,2661,58,151,216,Success
ENSMUSG00000028214,ENSMUST00000108304.9,appris_principal_1,2006,888,119,999,1125,Success
ENSMUSG00000049225,ENSMUST00000108301.8,Ensembl_canonical,2635,1794,75,766,848,Success
ENSMUSG00000046667,ENSMUST00000050069.9,appris_principal_1,2949,2511,278,160,445,Success
ENSMUSG00000006586,ENSMUST00000105566.9,Ensembl_canonical,6090,1815,534,3741,4282,Success
ENSMUSG00000040550,ENSMUST00000236953.2,Ensembl_canonical,3257,978,122,2157,2286,Success
ENSMUSG00000028221,ENSMUST00000029875.4,appris_principal_1,2339,774,256,1309,1572,Success
ENSMUSG00000043252,ENSMUST00000062684.9,appris_principal_1,4670,1146,121,3403,3531,Success
ENSMUSG00000041153,ENSMUST00000037198.10,appris_principal_1,2658,1653,158,847,1012,Success
ENSMUSG00000041135,ENSMUST00000037035.12,appris_principal_1,2692,1620,251,821,1079,Success
ENSMUSG00000028226,ENSMUST00000029881.10,appris_principal_1,5011,1824,263,2924,3194,Success
ENSMUSG00000028228,ENSMUST00000029885.5,appris_principal_1,5648,1602,116,3930,4053,Success
ENSMUSG00000041058,ENSMUST00000108246.9,appris_principal_1,6440,2757,272,3411,3690,Success
ENSMUSG00000028252,ENSMUST00000102997.8,appris_principal_1,3365,852,158,2355,2520,Success
ENSMUSG00000040455,ENSMUST00000065111.15,appris_principal_1,6003,2442,56,3505,3568,Success
ENSMUSG00000028248,ENSMUST00000029911.12,appris_principal_1,4545,2445,568,1532,2107,Success
ENSMUSG00000028246,ENSMUST00000029908.8,appris_principal_1,2627,1230,233,1164,1404,Success
ENSMUSG00000040359,ENSMUST00000102994.10,appris_principal_1,4316,2382,69,1865,1941,Success
ENSMUSG00000040520,ENSMUST00000041374.8,appris_principal_1,4867,1389,333,3145,3485,Success
ENSMUSG00000028289,ENSMUST00000029964.12,Ensembl_canonical,6746,2997,253,3496,3756,Success
ENSMUSG00000028284,ENSMUST00000037607.11,Ensembl_canonical,5773,1821,166,3786,3959,Success
ENSMUSG00000040270,ENSMUST00000108180.9,appris_principal_1,8882,2520,554,5808,6369,Success
ENSMUSG00000028278,ENSMUST00000098190.10,appris_principal_1,5008,1200,426,3382,3815,Success
ENSMUSG00000028277,ENSMUST00000124992.8,appris_principal_1,3530,957,170,2403,2580,Success
ENSMUSG00000040128,ENSMUST00000049357.10,appris_principal_1,1648,894,113,641,761,Success
ENSMUSG00000028274,ENSMUST00000108153.9,appris_principal_1,4157,1794,150,2213,2370,Success
ENSMUSG00000028291,ENSMUST00000084299.6,appris_principal_1,1397,606,108,683,798,Success
ENSMUSG00000040044,ENSMUST00000048706.10,Ensembl_canonical,2300,2148,35,117,159,Success
ENSMUSG00000028292,ENSMUST00000029968.14,appris_principal_1,1868,1737,34,97,138,Success
ENSMUSG00000028293,ENSMUST00000029970.14,appris_principal_1,2039,1011,179,849,1035,Success
ENSMUSG00000073910,ENSMUST00000102975.10,appris_principal_1,6030,651,435,4944,5386,Success
ENSMUSG00000028300,ENSMUST00000108127.4,appris_principal_1,3193,1446,152,1595,1754,Success
ENSMUSG00000028405,ENSMUST00000102973.4,appris_principal_1,3832,2670,491,671,1169,Success
ENSMUSG00000036822,ENSMUST00000042575.7,appris_principal_1,3856,3102,174,580,761,Success
ENSMUSG00000028411,ENSMUST00000030119.10,appris_principal_1,5250,1008,65,4177,4249,Success
ENSMUSG00000028410,ENSMUST00000030118.10,appris_principal_1,3376,1194,164,2018,2189,Success
ENSMUSG00000028409,ENSMUST00000030117.5,appris_principal_1,2418,1542,121,755,883,Success
ENSMUSG00000028413,ENSMUST00000030121.13,appris_principal_1,3983,1200,200,2583,2790,Success
ENSMUSG00000028416,ENSMUST00000030125.5,appris_principal_2,1295,1068,41,186,234,Success
ENSMUSG00000028419,ENSMUST00000030128.6,appris_principal_1,1519,660,201,658,866,Success
ENSMUSG00000028423,ENSMUST00000098143.11,appris_principal_1,4594,3345,129,1120,1256,Success
ENSMUSG00000028435,ENSMUST00000055327.8,appris_principal_1,1765,879,74,812,893,Success
ENSMUSG00000028430,ENSMUST00000030138.9,appris_principal_1,4599,3459,210,930,1147,Success
ENSMUSG00000036241,ENSMUST00000040008.4,appris_principal_1,3600,717,327,2556,2890,Success
ENSMUSG00000028433,ENSMUST00000030143.13,appris_principal_2,4368,3399,134,835,976,Success
ENSMUSG00000028436,ENSMUST00000030145.9,appris_principal_1,3442,1362,324,1756,2087,Success
ENSMUSG00000028437,ENSMUST00000072866.12,appris_principal_1,3456,1509,243,1704,1954,Success
ENSMUSG00000028438,ENSMUST00000108055.9,appris_principal_1,5593,4071,155,1367,1529,Success
ENSMUSG00000028443,ENSMUST00000030154.7,appris_principal_1,845,444,37,364,408,Success
ENSMUSG00000028439,ENSMUST00000108049.9,longest_cds,3296,474,273,2549,2829,Success
ENSMUSG00000028444,ENSMUST00000102961.10,appris_principal_1,1995,1119,222,654,883,Success
ENSMUSG00000036114,ENSMUST00000038434.4,appris_principal_1,856,492,115,249,371,Success
ENSMUSG00000036078,ENSMUST00000059354.15,appris_principal_1,1640,672,107,861,975,Success
ENSMUSG00000036073,ENSMUST00000084695.12,appris_principal_1,1595,1083,400,112,519,Success
ENSMUSG00000036052,ENSMUST00000098112.9,appris_principal_1,3093,1047,172,1874,2053,Success
ENSMUSG00000028452,ENSMUST00000030164.8,appris_principal_1,3316,2421,329,566,902,Success
ENSMUSG00000028454,ENSMUST00000098109.10,appris_principal_1,4239,3282,683,274,964,Success
ENSMUSG00000028455,ENSMUST00000030169.15,appris_principal_1,1874,1062,337,475,819,Success
ENSMUSG00000036002,ENSMUST00000107958.8,appris_principal_1,3280,1617,542,1121,1670,Success
ENSMUSG00000028456,ENSMUST00000207569.2,Ensembl_canonical,14754,13173,295,1286,1588,Success
ENSMUSG00000035969,ENSMUST00000035645.13,appris_principal_1,5300,4548,313,439,759,Success
ENSMUSG00000028458,ENSMUST00000060864.13,appris_principal_1,3947,1884,1496,567,2070,Success
ENSMUSG00000028461,ENSMUST00000030181.12,appris_principal_2,817,729,69,19,95,Short_or_Missing_UTRs
ENSMUSG00000051517,ENSMUST00000054538.13,appris_principal_1,1659,1035,88,536,631,Success
ENSMUSG00000028464,ENSMUST00000107913.10,appris_principal_2,2098,855,34,1209,1250,Success
ENSMUSG00000028465,ENSMUST00000030187.14,appris_principal_1,8393,7626,326,441,774,Success
ENSMUSG00000028467,ENSMUST00000030189.14,appris_principal_1,3544,2757,526,261,794,Success
ENSMUSG00000028468,ENSMUST00000107886.9,appris_principal_1,5888,1176,308,4404,4719,Success
ENSMUSG00000028469,ENSMUST00000030191.15,appris_principal_1,3660,3144,250,266,523,Success
ENSMUSG00000078716,ENSMUST00000107865.9,appris_principal_2,4775,1419,1050,2306,3363,Success
ENSMUSG00000028476,ENSMUST00000030198.7,appris_principal_1,4433,2916,76,1441,1524,Success
ENSMUSG00000028480,ENSMUST00000030202.14,appris_principal_1,2320,465,360,1495,1862,Success
ENSMUSG00000028478,ENSMUST00000107851.10,appris_principal_1,1135,747,114,274,395,Success
ENSMUSG00000028479,ENSMUST00000102936.9,appris_principal_1,2920,2169,459,292,758,Success
ENSMUSG00000035696,ENSMUST00000098098.9,Ensembl_canonical,5061,1395,282,3384,3673,Success
ENSMUSG00000035683,ENSMUST00000045607.12,appris_principal_1,2955,1932,235,788,1030,Success
ENSMUSG00000035649,ENSMUST00000107824.9,appris_principal_1,2503,1626,149,728,884,Success
ENSMUSG00000035637,ENSMUST00000045078.13,appris_principal_1,1280,987,57,236,300,Success
ENSMUSG00000049657,ENSMUST00000055028.9,appris_principal_1,4316,2013,175,2128,2310,Success
ENSMUSG00000028318,ENSMUST00000133157.8,appris_principal_1,2986,1305,89,1592,1688,Success
ENSMUSG00000048232,ENSMUST00000052236.13,appris_principal_1,4635,2853,121,1661,1789,Success
ENSMUSG00000078713,ENSMUST00000107810.3,appris_principal_1,639,156,81,402,490,Success
ENSMUSG00000035601,ENSMUST00000044673.9,Ensembl_canonical,2064,957,97,1010,1114,Success
ENSMUSG00000035572,ENSMUST00000155551.8,appris_principal_1,7250,1701,67,5482,5556,Success
ENSMUSG00000045973,ENSMUST00000116341.4,appris_principal_1,4438,897,223,3318,3548,Success
ENSMUSG00000044813,ENSMUST00000061986.12,appris_principal_1,2244,1512,70,662,739,Success
ENSMUSG00000035517,ENSMUST00000102929.2,appris_principal_2,3716,3261,210,245,462,Success
ENSMUSG00000028328,ENSMUST00000107773.3,appris_principal_1,3158,1080,424,1654,2085,Success
ENSMUSG00000035495,ENSMUST00000107772.8,appris_principal_1,3726,1488,139,2099,2245,Success
ENSMUSG00000028330,ENSMUST00000030014.9,appris_principal_1,3010,2373,240,397,644,Success
ENSMUSG00000028333,ENSMUST00000102926.5,appris_principal_1,1716,819,394,503,904,Success
ENSMUSG00000028334,ENSMUST00000030018.5,appris_principal_1,2179,1080,111,988,1106,Success
ENSMUSG00000039853,ENSMUST00000046897.13,appris_principal_1,1429,1323,61,45,113,Success
ENSMUSG00000028337,ENSMUST00000030021.14,appris_principal_1,4112,1575,338,2199,2544,Success
ENSMUSG00000039813,ENSMUST00000084621.12,appris_principal_1,4315,2769,175,1371,1553,Success
ENSMUSG00000007613,ENSMUST00000007757.15,Ensembl_canonical,5756,1512,90,4154,4251,Success
ENSMUSG00000039740,ENSMUST00000044148.3,appris_principal_1,3021,1248,47,1726,1780,Success
ENSMUSG00000053317,ENSMUST00000065678.6,appris_principal_1,564,291,93,180,280,Success
ENSMUSG00000028341,ENSMUST00000030025.10,appris_principal_1,5720,1884,743,3093,3843,Success
ENSMUSG00000061455,ENSMUST00000107720.9,appris_principal_1,5770,906,95,4769,4871,Success
ENSMUSG00000028343,ENSMUST00000030028.5,appris_principal_1,2624,1221,118,1285,1410,Success
ENSMUSG00000028344,ENSMUST00000030029.10,appris_principal_1,5633,3189,198,2246,2451,Success
ENSMUSG00000039693,ENSMUST00000061135.8,appris_principal_1,1589,828,96,665,768,Success
ENSMUSG00000039634,ENSMUST00000042964.13,appris_principal_1,2835,1827,216,792,1015,Success
ENSMUSG00000028309,ENSMUST00000167496.8,appris_principal_1,4312,2922,481,909,1397,Success
ENSMUSG00000028312,ENSMUST00000102915.10,appris_principal_1,5404,3576,223,1605,1835,Success
ENSMUSG00000015243,ENSMUST00000030010.4,appris_principal_1,10262,6786,320,3156,3483,Success
ENSMUSG00000028412,ENSMUST00000107651.9,appris_principal_3,4382,1971,13,2398,2418,Short_or_Missing_UTRs
ENSMUSG00000054752,ENSMUST00000132151.8,appris_principal_1,7467,1494,127,5846,5980,Success
ENSMUSG00000028414,ENSMUST00000128667.8,appris_principal_1,6080,1386,296,4398,4701,Success
ENSMUSG00000028420,ENSMUST00000030127.13,appris_principal_1,2862,879,64,1919,1990,Success
ENSMUSG00000060206,ENSMUST00000098070.10,appris_principal_1,10465,7488,287,2690,2984,Success
ENSMUSG00000028426,ENSMUST00000030134.9,appris_principal_1,3810,1251,319,2240,2566,Success
ENSMUSG00000003032,ENSMUST00000107619.3,appris_principal_1,3029,1452,595,982,1584,Success
ENSMUSG00000028431,ENSMUST00000030140.3,appris_principal_1,6160,4002,186,1972,2165,Success
ENSMUSG00000038816,ENSMUST00000045142.15,appris_principal_1,3664,2196,74,1394,1475,Success
ENSMUSG00000038764,ENSMUST00000075637.11,appris_principal_1,6369,2742,183,3444,3634,Success
ENSMUSG00000028367,ENSMUST00000030051.6,appris_principal_1,1051,318,201,532,740,Success
ENSMUSG00000038668,ENSMUST00000107571.8,appris_principal_1,3543,1095,370,2078,2455,Success
ENSMUSG00000050812,ENSMUST00000102889.10,appris_principal_1,7045,5523,252,1270,1529,Success
ENSMUSG00000070972,ENSMUST00000095070.4,appris_principal_1,4023,1074,59,2890,2956,Success
ENSMUSG00000038607,ENSMUST00000041160.13,appris_principal_1,1192,207,150,835,992,Success
ENSMUSG00000028381,ENSMUST00000030074.8,appris_principal_1,4012,1185,387,2440,2834,Success
ENSMUSG00000028382,ENSMUST00000174586.8,Ensembl_canonical,6640,1665,140,4835,4982,Success
ENSMUSG00000028383,ENSMUST00000030078.12,appris_principal_1,2611,1473,196,942,1145,Success
ENSMUSG00000045071,ENSMUST00000070150.11,appris_principal_1,10856,2151,305,8400,8712,Success
ENSMUSG00000038544,ENSMUST00000095063.11,appris_principal_1,3237,315,195,2727,2929,Success
ENSMUSG00000028385,ENSMUST00000030080.7,appris_principal_1,7314,1314,230,5770,6007,Success
ENSMUSG00000066151,ENSMUST00000084527.10,appris_principal_2,4264,3651,48,565,620,Success
ENSMUSG00000066150,ENSMUST00000084526.12,appris_principal_1,3718,591,157,2970,3134,Success
ENSMUSG00000066149,ENSMUST00000084525.12,appris_principal_1,819,258,299,262,568,Success
ENSMUSG00000066148,ENSMUST00000084524.4,appris_principal_1,5223,1566,78,3579,3664,Success
ENSMUSG00000038422,ENSMUST00000037820.3,appris_principal_1,1205,756,275,174,456,Success
ENSMUSG00000028393,ENSMUST00000107444.8,appris_principal_1,1247,993,174,80,261,Success
ENSMUSG00000028394,ENSMUST00000030091.10,appris_principal_1,1805,438,72,1295,1374,Success
ENSMUSG00000059810,ENSMUST00000098031.10,appris_principal_1,2072,1809,34,229,270,Success
ENSMUSG00000028358,ENSMUST00000107415.8,appris_principal_2,8826,2862,101,5863,5971,Success
ENSMUSG00000039137,ENSMUST00000084510.8,appris_principal_2,4049,2757,718,574,1299,Success
ENSMUSG00000039105,ENSMUST00000035301.7,appris_principal_1,1135,357,146,632,785,Success
ENSMUSG00000028364,ENSMUST00000107372.8,appris_principal_1,7106,6333,125,648,780,Success
ENSMUSG00000028373,ENSMUST00000084496.3,appris_principal_2,4675,3903,123,649,779,Success
ENSMUSG00000051675,ENSMUST00000050850.14,appris_principal_1,3194,1968,163,1063,1233,Success
ENSMUSG00000039298,ENSMUST00000144099.8,appris_principal_1,11847,5469,176,6202,6385,Success
ENSMUSG00000039270,ENSMUST00000107359.9,appris_principal_1,7924,1803,106,6015,6128,Success
ENSMUSG00000008305,ENSMUST00000072695.13,appris_principal_1,3644,2313,852,479,1338,Success
ENSMUSG00000028397,ENSMUST00000077851.10,appris_principal_1,4189,3165,161,863,1031,Success
ENSMUSG00000048706,ENSMUST00000055922.4,appris_principal_1,3066,666,709,1691,2407,Success
ENSMUSG00000028402,ENSMUST00000220807.2,Ensembl_canonical,6295,6210,63,22,92,Short_or_Missing_UTRs
ENSMUSG00000008575,ENSMUST00000050872.15,Ensembl_canonical,8770,1713,548,6509,7064,Success
ENSMUSG00000028403,ENSMUST00000030110.15,appris_principal_1,8763,798,374,7591,7972,Success
ENSMUSG00000038172,ENSMUST00000102823.10,appris_principal_1,8831,1854,143,6834,6984,Success
ENSMUSG00000028484,ENSMUST00000030207.15,appris_principal_1,3251,1587,325,1339,1671,Success
ENSMUSG00000038070,ENSMUST00000102819.10,appris_principal_2,2239,957,61,1221,1289,Success
ENSMUSG00000028488,ENSMUST00000030212.15,appris_principal_1,2822,1059,136,1627,1770,Success
ENSMUSG00000070934,ENSMUST00000091064.8,appris_principal_1,1618,942,251,425,683,Success
ENSMUSG00000038047,ENSMUST00000070607.9,appris_principal_1,6158,2802,242,3114,3363,Success
ENSMUSG00000028494,ENSMUST00000000466.13,appris_principal_1,1888,1278,142,468,617,Success
ENSMUSG00000028496,ENSMUST00000078090.12,appris_principal_1,6069,1710,269,4090,4366,Success
ENSMUSG00000070923,ENSMUST00000094993.3,appris_principal_1,4174,1854,463,1857,2327,Success
ENSMUSG00000062937,ENSMUST00000058030.10,appris_principal_1,2797,852,370,1575,1952,Success
ENSMUSG00000073802,ENSMUST00000097981.6,appris_principal_1,1390,393,242,755,1004,Success
ENSMUSG00000008489,ENSMUST00000107116.9,Ensembl_canonical,1282,1170,112,0,0,Short_or_Missing_UTRs
ENSMUSG00000054000,ENSMUST00000066774.6,appris_principal_1,1374,618,91,665,763,Success
ENSMUSG00000028578,ENSMUST00000030313.9,appris_principal_1,2107,1071,92,944,1043,Success
ENSMUSG00000028577,ENSMUST00000107107.9,appris_principal_1,2784,2385,219,180,406,Success
ENSMUSG00000028576,ENSMUST00000030311.11,appris_principal_1,2139,1803,176,160,343,Success
ENSMUSG00000062627,ENSMUST00000075872.4,appris_principal_1,7420,2460,35,4925,4967,Success
ENSMUSG00000052684,ENSMUST00000107094.2,appris_principal_1,3189,1005,951,1233,2191,Success
ENSMUSG00000028572,ENSMUST00000030306.14,appris_principal_1,5517,2187,254,3076,3337,Success
ENSMUSG00000028565,ENSMUST00000075448.13,appris_principal_1,9526,1530,360,7636,8003,Success
ENSMUSG00000028563,ENSMUST00000102793.11,Ensembl_canonical,1027,627,70,330,407,Success
ENSMUSG00000061859,ENSMUST00000041284.10,appris_principal_2,7340,5505,168,1667,1842,Success
ENSMUSG00000028560,ENSMUST00000030289.9,appris_principal_1,3577,2355,484,738,1229,Success
ENSMUSG00000028550,ENSMUST00000030279.15,appris_principal_1,3178,1377,578,1223,1808,Success
ENSMUSG00000073792,ENSMUST00000097961.9,appris_principal_1,3079,1524,163,1392,1562,Success
ENSMUSG00000028549,ENSMUST00000146258.2,appris_principal_1,2806,531,99,2176,2282,Success
ENSMUSG00000025791,ENSMUST00000058351.16,appris_principal_1,2371,1689,152,530,689,Success
ENSMUSG00000035305,ENSMUST00000039630.6,appris_principal_1,5762,2814,428,2520,2955,Success
ENSMUSG00000028532,ENSMUST00000030257.15,appris_principal_2,5765,3867,454,1444,1905,Success
ENSMUSG00000035275,ENSMUST00000106955.2,appris_principal_2,2893,1380,131,1382,1520,Success
ENSMUSG00000028530,ENSMUST00000102781.10,appris_principal_1,4906,3462,316,1128,1451,Success
ENSMUSG00000028527,ENSMUST00000102780.8,appris_principal_1,4186,672,186,3328,3521,Success
ENSMUSG00000028528,ENSMUST00000106933.2,Ensembl_canonical,5191,2907,75,2209,2291,Success
ENSMUSG00000028522,ENSMUST00000097945.10,Ensembl_canonical,4698,1671,29,2998,3034,Short_or_Missing_UTRs
ENSMUSG00000028521,ENSMUST00000150285.8,appris_principal_1,4242,921,298,3023,3328,Success
ENSMUSG00000035069,ENSMUST00000035780.4,appris_principal_1,1915,1566,91,258,356,Success
ENSMUSG00000028518,ENSMUST00000030243.8,appris_principal_1,7969,1659,92,6218,6317,Success
ENSMUSG00000028517,ENSMUST00000064139.8,appris_principal_1,3159,939,478,1742,2227,Success
ENSMUSG00000028514,ENSMUST00000094933.6,appris_principal_1,10635,7914,238,2483,2728,Success
ENSMUSG00000034926,ENSMUST00000047973.4,appris_principal_1,4028,1551,129,2348,2484,Success
ENSMUSG00000025413,ENSMUST00000026480.13,appris_principal_1,2121,1161,81,879,967,Success
ENSMUSG00000034853,ENSMUST00000102762.10,appris_principal_1,5689,1785,130,3774,3911,Success
ENSMUSG00000061887,ENSMUST00000030367.15,appris_principal_1,3195,1167,387,1641,2035,Success
ENSMUSG00000028619,ENSMUST00000057043.10,appris_principal_1,6431,624,351,5456,5814,Success
ENSMUSG00000028617,ENSMUST00000030360.11,appris_principal_1,1755,1266,272,217,496,Success
ENSMUSG00000063172,ENSMUST00000106749.8,appris_principal_1,607,432,75,100,182,Success
ENSMUSG00000028614,ENSMUST00000139560.8,appris_principal_1,4584,2022,305,2257,2569,Success
ENSMUSG00000028608,ENSMUST00000135454.8,appris_principal_1,2997,483,78,2436,2521,Success
ENSMUSG00000034636,ENSMUST00000043616.7,appris_principal_1,8691,2235,176,6280,6463,Success
ENSMUSG00000048351,ENSMUST00000131656.2,appris_principal_1,3714,696,45,2973,3025,Success
ENSMUSG00000034610,ENSMUST00000097925.9,Ensembl_canonical,5865,4947,282,636,925,Success
ENSMUSG00000063800,ENSMUST00000079213.6,appris_principal_1,1516,939,222,355,584,Success
ENSMUSG00000028582,ENSMUST00000030320.13,appris_principal_1,3303,2547,151,605,763,Success
ENSMUSG00000034557,ENSMUST00000106657.8,appris_principal_1,6459,4194,472,1793,2272,Success
ENSMUSG00000028567,ENSMUST00000030296.9,appris_principal_1,1359,513,165,681,853,Success
ENSMUSG00000073775,ENSMUST00000102738.4,appris_principal_1,1629,1056,106,467,580,Success
ENSMUSG00000053510,ENSMUST00000106644.9,appris_principal_1,3784,3690,63,31,101,Success
ENSMUSG00000028552,ENSMUST00000102729.10,appris_principal_1,5190,2694,144,2352,2503,Success
ENSMUSG00000028555,ENSMUST00000106618.8,Ensembl_canonical,1970,1737,56,177,240,Success
ENSMUSG00000028557,ENSMUST00000030284.10,appris_principal_1,4061,465,443,3153,3603,Success
ENSMUSG00000010517,ENSMUST00000102724.5,appris_principal_1,4468,1950,440,2078,2525,Success
ENSMUSG00000034401,ENSMUST00000038868.14,Ensembl_canonical,2466,1467,223,776,1006,Success
ENSMUSG00000028719,ENSMUST00000030491.9,appris_principal_1,3170,684,108,2378,2493,Success
ENSMUSG00000028718,ENSMUST00000030490.13,appris_principal_1,5285,3789,263,1233,1503,Success
ENSMUSG00000034210,ENSMUST00000106525.9,appris_principal_2,2792,1455,915,422,1344,Success
ENSMUSG00000028710,ENSMUST00000176047.8,appris_principal_1,2330,1047,165,1118,1290,Success
ENSMUSG00000028709,ENSMUST00000030477.4,appris_principal_1,2884,651,199,2034,2240,Success
ENSMUSG00000028708,ENSMUST00000019677.12,appris_principal_1,2543,1248,229,1066,1302,Success
ENSMUSG00000034171,ENSMUST00000049095.6,appris_principal_1,3827,1740,269,1818,2094,Success
ENSMUSG00000028706,ENSMUST00000030475.3,appris_principal_1,2439,1146,100,1193,1300,Success
ENSMUSG00000028703,ENSMUST00000030471.9,appris_principal_1,3065,2424,140,501,648,Success
ENSMUSG00000028700,ENSMUST00000120083.8,appris_principal_1,2953,1983,651,319,977,Success
ENSMUSG00000003810,ENSMUST00000239177.2,appris_principal_2,5406,5145,208,53,268,Success
ENSMUSG00000028696,ENSMUST00000106479.8,appris_principal_1,2118,1755,152,211,370,Success
ENSMUSG00000055900,ENSMUST00000069674.6,appris_principal_1,974,738,157,79,243,Success
ENSMUSG00000034042,ENSMUST00000030460.15,appris_principal_1,3588,1422,1242,924,2173,Success
ENSMUSG00000028693,ENSMUST00000030457.12,appris_principal_1,2118,1347,107,664,778,Success
ENSMUSG00000028692,ENSMUST00000030455.15,appris_principal_1,1420,978,348,94,449,Success
ENSMUSG00000028688,ENSMUST00000030451.10,appris_principal_1,2090,1536,121,433,561,Success
ENSMUSG00000033948,ENSMUST00000044823.4,appris_principal_1,5582,3567,84,1931,2022,Success
ENSMUSG00000046861,ENSMUST00000050067.10,appris_principal_1,4583,2586,86,1911,2004,Success
ENSMUSG00000028683,ENSMUST00000106448.9,appris_principal_1,1555,1359,85,111,203,Success
ENSMUSG00000028680,ENSMUST00000076859.12,appris_principal_1,2378,1947,99,332,438,Success
ENSMUSG00000028678,ENSMUST00000106436.8,appris_principal_2,2378,2013,341,24,372,Short_or_Missing_UTRs
ENSMUSG00000048772,ENSMUST00000062824.12,appris_principal_1,991,831,123,37,167,Success
ENSMUSG00000028677,ENSMUST00000094853.9,appris_principal_1,1675,1062,236,377,620,Success
ENSMUSG00000033423,ENSMUST00000037127.15,appris_principal_1,1719,1014,231,474,712,Success
ENSMUSG00000009640,ENSMUST00000102687.4,appris_principal_1,1566,1407,105,54,166,Success
ENSMUSG00000028542,ENSMUST00000063857.11,appris_principal_1,3146,1902,190,1054,1251,Success
ENSMUSG00000028541,ENSMUST00000030266.12,appris_principal_1,2312,1110,480,722,1209,Success
ENSMUSG00000028540,ENSMUST00000030265.4,appris_principal_1,2555,1470,176,909,1092,Success
ENSMUSG00000033365,ENSMUST00000036156.6,appris_principal_1,3595,2892,628,75,710,Success
ENSMUSG00000033326,ENSMUST00000106406.9,appris_principal_1,4663,3195,195,1273,1475,Success
ENSMUSG00000033295,ENSMUST00000049074.13,appris_principal_1,7656,5697,351,1608,1966,Success
ENSMUSG00000006390,ENSMUST00000006557.13,appris_principal_1,1811,840,137,834,978,Success
ENSMUSG00000028645,ENSMUST00000030398.10,appris_principal_1,3260,1479,244,1537,1788,Success
ENSMUSG00000045268,ENSMUST00000052715.10,appris_principal_1,2341,852,820,669,1496,Success
ENSMUSG00000028643,ENSMUST00000030395.9,appris_principal_1,733,201,217,315,539,Success
ENSMUSG00000028639,ENSMUST00000079644.13,appris_principal_1,1628,969,241,418,666,Success
ENSMUSG00000028636,ENSMUST00000030385.13,appris_principal_1,1443,936,67,440,514,Success
ENSMUSG00000032998,ENSMUST00000044564.15,Ensembl_canonical,4789,1872,202,2715,2924,Success
ENSMUSG00000000085,ENSMUST00000000087.13,appris_principal_1,3353,1995,433,925,1365,Success
ENSMUSG00000070803,ENSMUST00000094814.6,appris_principal_1,1249,549,231,469,707,Success
ENSMUSG00000032897,ENSMUST00000120779.8,appris_principal_1,2006,1008,259,739,1005,Success
ENSMUSG00000028629,ENSMUST00000030375.9,appris_principal_1,1996,1122,525,349,881,Success
ENSMUSG00000032870,ENSMUST00000043200.8,appris_principal_1,2905,1287,396,1222,1625,Success
ENSMUSG00000043207,ENSMUST00000058754.9,appris_principal_1,3429,1428,242,1759,2008,Success
ENSMUSG00000028656,ENSMUST00000069533.12,appris_principal_1,2620,1425,108,1087,1202,Success
ENSMUSG00000028655,ENSMUST00000030408.12,appris_principal_1,2151,1605,155,391,553,Success
ENSMUSG00000011257,ENSMUST00000106243.8,appris_principal_1,3111,1896,790,425,1222,Success
ENSMUSG00000023075,ENSMUST00000102636.4,appris_principal_1,3052,576,181,2295,2483,Success
ENSMUSG00000028646,ENSMUST00000030399.7,appris_principal_1,2593,1197,88,1308,1403,Success
ENSMUSG00000028907,ENSMUST00000030738.8,appris_principal_1,1603,762,98,743,848,Success
ENSMUSG00000032643,ENSMUST00000038684.6,appris_principal_3,1664,870,153,641,801,Success
ENSMUSG00000028894,ENSMUST00000094782.10,appris_principal_1,3809,2982,137,690,834,Success
ENSMUSG00000028890,ENSMUST00000106193.8,appris_principal_1,7554,2028,490,5036,5533,Success
ENSMUSG00000028889,ENSMUST00000102628.11,appris_principal_1,1634,843,96,695,798,Success
ENSMUSG00000028873,ENSMUST00000084296.10,appris_principal_1,1626,870,235,521,763,Success
ENSMUSG00000050213,ENSMUST00000052183.7,appris_principal_1,2345,1152,81,1112,1200,Success
ENSMUSG00000042677,ENSMUST00000036188.8,appris_principal_1,2755,1791,108,856,971,Success
ENSMUSG00000042616,ENSMUST00000035497.5,appris_principal_1,5013,1140,116,3757,3880,Success
ENSMUSG00000050188,ENSMUST00000055575.8,appris_principal_1,943,369,211,363,581,Success
ENSMUSG00000042608,ENSMUST00000094761.11,appris_principal_1,3492,1308,183,2001,2191,Success
ENSMUSG00000050212,ENSMUST00000052876.3,appris_principal_1,1689,495,983,211,1201,Success
ENSMUSG00000043962,ENSMUST00000080919.12,appris_principal_1,4378,2856,208,1314,1529,Success
ENSMUSG00000028849,ENSMUST00000061143.15,appris_principal_2,3351,2541,221,589,817,Success
ENSMUSG00000028847,ENSMUST00000030660.9,appris_principal_1,1336,543,171,622,800,Success
ENSMUSG00000042489,ENSMUST00000048391.15,appris_principal_1,5027,3948,179,900,1086,Success
ENSMUSG00000028837,ENSMUST00000030642.3,appris_principal_1,859,606,125,128,260,Success
ENSMUSG00000028833,ENSMUST00000030637.14,appris_principal_1,3681,2190,406,1085,1498,Success
ENSMUSG00000028830,ENSMUST00000047431.11,appris_principal_1,4384,3147,254,983,1244,Success
ENSMUSG00000042446,ENSMUST00000106108.9,appris_principal_1,7102,4650,281,2171,2459,Success
ENSMUSG00000028820,ENSMUST00000030623.8,appris_principal_1,3465,2100,93,1272,1372,Success
ENSMUSG00000042380,ENSMUST00000142029.2,appris_principal_1,1022,279,120,623,750,Success
ENSMUSG00000061894,ENSMUST00000097877.9,appris_principal_1,5364,3093,214,2057,2278,Success
ENSMUSG00000028796,ENSMUST00000106079.10,appris_principal_1,2535,972,336,1227,1570,Success
ENSMUSG00000028799,ENSMUST00000106072.9,appris_principal_1,2812,1257,122,1433,1562,Success
ENSMUSG00000041000,ENSMUST00000035667.9,appris_principal_1,3752,1428,582,1742,2331,Success
ENSMUSG00000028789,ENSMUST00000106068.8,appris_principal_1,2049,1380,338,331,676,Success
ENSMUSG00000028792,ENSMUST00000030583.13,Ensembl_canonical,986,720,120,146,273,Success
ENSMUSG00000040928,ENSMUST00000106061.9,appris_principal_1,4426,1191,290,2945,3242,Success
ENSMUSG00000028811,ENSMUST00000106054.4,appris_principal_1,2909,1587,256,1066,1329,Success
ENSMUSG00000050390,ENSMUST00000052602.6,appris_principal_2,5187,3213,97,1877,1981,Success
ENSMUSG00000057236,ENSMUST00000102598.4,appris_principal_1,4407,1278,137,2992,3136,Success
ENSMUSG00000040859,ENSMUST00000048162.10,appris_principal_1,2823,1284,114,1425,1546,Success
ENSMUSG00000047945,ENSMUST00000062356.7,appris_principal_1,1605,603,249,753,1009,Success
ENSMUSG00000053841,ENSMUST00000046425.16,appris_principal_1,4569,1665,101,2803,2911,Success
ENSMUSG00000003731,ENSMUST00000102590.11,Ensembl_canonical,5710,1611,87,4012,4106,Success
ENSMUSG00000028790,ENSMUST00000066257.6,appris_principal_1,3738,1332,136,2270,2413,Success
ENSMUSG00000028788,ENSMUST00000030578.14,appris_principal_1,3646,504,986,2156,3149,Success
ENSMUSG00000040690,ENSMUST00000044565.15,appris_principal_1,5206,4743,278,185,470,Success
ENSMUSG00000023232,ENSMUST00000105996.8,appris_principal_1,1878,1353,90,435,532,Success
ENSMUSG00000028773,ENSMUST00000070532.8,appris_principal_1,823,402,183,238,428,Success
ENSMUSG00000028772,ENSMUST00000134159.3,appris_principal_1,2113,726,123,1264,1394,Success
ENSMUSG00000074088,ENSMUST00000105994.4,appris_principal_1,1584,1077,74,433,514,Success
ENSMUSG00000028580,ENSMUST00000030315.13,Ensembl_canonical,5389,3570,158,1661,1826,Success
ENSMUSG00000025743,ENSMUST00000070478.4,appris_principal_1,4973,1329,134,3510,3651,Success
ENSMUSG00000028911,ENSMUST00000053819.6,appris_principal_1,2257,1476,147,634,788,Success
ENSMUSG00000028906,ENSMUST00000054917.12,appris_principal_2,4948,2415,6,2527,2540,Short_or_Missing_UTRs
ENSMUSG00000040025,ENSMUST00000152796.8,appris_principal_1,4129,1740,377,2012,2396,Success
ENSMUSG00000028901,ENSMUST00000168553.8,appris_principal_1,6523,1689,94,4740,4841,Success
ENSMUSG00000028899,ENSMUST00000030731.11,appris_principal_1,3787,486,197,3104,3308,Success
ENSMUSG00000028896,ENSMUST00000084250.11,appris_principal_1,2285,1266,111,908,1026,Success
ENSMUSG00000066043,ENSMUST00000102568.10,appris_principal_2,4614,2085,183,2346,2536,Success
ENSMUSG00000066042,ENSMUST00000102567.4,appris_principal_1,1675,627,219,829,1055,Success
ENSMUSG00000028893,ENSMUST00000030724.9,appris_principal_1,3475,1443,348,1684,2039,Success
ENSMUSG00000028886,ENSMUST00000081726.13,appris_principal_1,5160,1581,173,3406,3586,Success
ENSMUSG00000037752,ENSMUST00000045550.5,appris_principal_1,4245,1206,81,2958,3046,Success
ENSMUSG00000028884,ENSMUST00000102561.11,appris_principal_1,1813,813,122,878,1007,Success
ENSMUSG00000028882,ENSMUST00000030702.14,Ensembl_canonical,2037,1056,57,924,988,Success
ENSMUSG00000028879,ENSMUST00000030698.5,appris_principal_1,2934,825,144,1965,2116,Success
ENSMUSG00000028878,ENSMUST00000030696.11,appris_principal_1,3053,924,120,2009,2136,Success
ENSMUSG00000037692,ENSMUST00000105915.8,appris_principal_1,6341,4785,636,920,1563,Success
ENSMUSG00000028868,ENSMUST00000084241.12,appris_principal_1,5642,1494,266,3882,4155,Success
ENSMUSG00000028857,ENSMUST00000105907.9,appris_principal_1,1484,627,68,789,864,Success
ENSMUSG00000037622,ENSMUST00000043305.14,appris_principal_1,4191,2034,428,1729,2164,Success
ENSMUSG00000028854,ENSMUST00000030669.8,appris_principal_1,4676,2463,838,1375,2220,Success
ENSMUSG00000028851,ENSMUST00000030665.7,appris_principal_1,1316,999,111,206,324,Success
ENSMUSG00000028848,ENSMUST00000030661.14,appris_principal_1,1367,933,97,337,441,Success
ENSMUSG00000047281,ENSMUST00000057311.4,appris_principal_1,1613,747,399,467,873,Success
ENSMUSG00000037553,ENSMUST00000084238.5,appris_principal_1,4580,1143,80,3357,3444,Success
ENSMUSG00000043257,ENSMUST00000062118.11,appris_principal_1,3979,1482,374,2123,2504,Success
ENSMUSG00000003644,ENSMUST00000105894.11,appris_principal_1,3135,2208,165,762,934,Success
ENSMUSG00000012117,ENSMUST00000105887.8,Ensembl_canonical,2038,1005,209,824,1040,Success
ENSMUSG00000028843,ENSMUST00000030651.9,appris_principal_1,743,282,126,335,468,Success
ENSMUSG00000037443,ENSMUST00000040271.12,Ensembl_canonical,3893,2286,186,1421,1614,Success
ENSMUSG00000028840,ENSMUST00000030644.8,appris_principal_1,1994,405,89,1500,1596,Success
ENSMUSG00000050890,ENSMUST00000061234.14,appris_principal_1,4686,1026,286,3374,3667,Success
ENSMUSG00000037366,ENSMUST00000105869.9,appris_principal_1,2248,1173,150,925,1082,Success
ENSMUSG00000028832,ENSMUST00000030636.11,appris_principal_1,1060,450,170,440,617,Success
ENSMUSG00000037348,ENSMUST00000081525.4,appris_principal_1,2351,1038,371,942,1320,Success
ENSMUSG00000046671,ENSMUST00000102550.10,appris_principal_1,2025,870,298,857,1162,Success
ENSMUSG00000050989,ENSMUST00000060435.8,appris_principal_1,3445,1674,47,1724,1778,Success
ENSMUSG00000037306,ENSMUST00000054096.13,appris_principal_1,4715,1878,821,2016,2844,Success
ENSMUSG00000037295,ENSMUST00000037828.8,appris_principal_1,6549,927,124,5498,5629,Success
ENSMUSG00000028826,ENSMUST00000030628.15,appris_principal_1,3826,1995,228,1603,1838,Success
ENSMUSG00000028822,ENSMUST00000030626.12,appris_principal_1,1204,474,148,582,737,Success
ENSMUSG00000037266,ENSMUST00000078084.7,appris_principal_1,1749,897,228,624,859,Success
ENSMUSG00000028821,ENSMUST00000030622.3,appris_principal_1,1369,729,97,543,647,Success
ENSMUSG00000037242,ENSMUST00000037099.9,appris_principal_1,4119,762,225,3132,3364,Success
ENSMUSG00000028809,ENSMUST00000084846.12,appris_principal_3,3740,2757,127,856,990,Success
ENSMUSG00000059713,ENSMUST00000030606.14,appris_principal_1,5111,720,279,4112,4398,Success
ENSMUSG00000028803,ENSMUST00000102549.10,appris_principal_1,5153,1233,439,3481,3927,Success
ENSMUSG00000028676,ENSMUST00000105853.10,Ensembl_canonical,3058,789,480,1789,2276,Success
ENSMUSG00000028675,ENSMUST00000030436.12,appris_principal_1,1919,423,400,1096,1503,Success
ENSMUSG00000028671,ENSMUST00000102541.10,appris_principal_1,1430,1044,67,319,393,Success
ENSMUSG00000028670,ENSMUST00000105852.8,appris_principal_1,1588,696,99,793,899,Success
ENSMUSG00000028669,ENSMUST00000105851.9,appris_principal_1,1700,636,129,935,1071,Success
ENSMUSG00000028668,ENSMUST00000030427.6,appris_principal_1,4708,2322,138,2248,2393,Success
ENSMUSG00000059291,ENSMUST00000102536.11,appris_principal_1,833,537,40,256,303,Success
ENSMUSG00000007872,ENSMUST00000008016.3,appris_principal_1,1278,360,382,536,925,Success
ENSMUSG00000018983,ENSMUST00000061721.6,appris_principal_1,4739,1332,387,3020,3414,Success
ENSMUSG00000036995,ENSMUST00000047526.8,appris_principal_1,4225,2715,154,1356,1517,Success
ENSMUSG00000001604,ENSMUST00000102533.11,appris_principal_1,1251,1044,97,110,214,Success
ENSMUSG00000051351,ENSMUST00000069195.5,appris_principal_1,4639,1359,553,2727,3287,Success
ENSMUSG00000001089,ENSMUST00000170102.8,appris_principal_1,7526,3207,397,3922,4326,Success
ENSMUSG00000036940,ENSMUST00000105847.8,Ensembl_canonical,3028,2622,102,304,413,Success
ENSMUSG00000060862,ENSMUST00000049583.8,appris_principal_1,7192,3777,97,3318,3422,Success
ENSMUSG00000006699,ENSMUST00000051477.13,appris_principal_3,2108,576,125,1407,1539,Success
ENSMUSG00000043411,ENSMUST00000105840.8,appris_principal_1,5741,3111,243,2387,2637,Success
ENSMUSG00000057530,ENSMUST00000102518.10,appris_principal_1,4816,2262,231,2323,2561,Success
ENSMUSG00000028760,ENSMUST00000249658.1,Ensembl_canonical,6134,5643,491,0,0,Short_or_Missing_UTRs
ENSMUSG00000028759,ENSMUST00000105827.8,Ensembl_canonical,5155,1665,547,2943,3497,Success
ENSMUSG00000028756,ENSMUST00000030536.13,appris_principal_1,2375,1743,88,544,639,Success
ENSMUSG00000028755,ENSMUST00000030535.4,appris_principal_1,846,441,49,356,412,Success
ENSMUSG00000046447,ENSMUST00000050918.4,appris_principal_1,4444,237,872,3335,4214,Success
ENSMUSG00000041161,ENSMUST00000097830.4,appris_principal_1,1668,1191,118,359,484,Success
ENSMUSG00000041143,ENSMUST00000043042.10,appris_principal_1,2922,1896,371,655,1033,Success
ENSMUSG00000041120,ENSMUST00000042844.7,appris_principal_1,1793,537,195,1061,1263,Success
ENSMUSG00000028745,ENSMUST00000102508.10,appris_principal_3,1674,819,127,728,862,Success
ENSMUSG00000028744,ENSMUST00000053862.12,appris_principal_1,1532,882,286,364,657,Success
ENSMUSG00000028737,ENSMUST00000039818.10,appris_principal_1,3382,1689,273,1420,1700,Success
ENSMUSG00000078234,ENSMUST00000105031.4,appris_principal_1,7807,2322,392,5093,5492,Success
ENSMUSG00000040964,ENSMUST00000105799.8,Ensembl_canonical,4508,3843,160,505,672,Success
ENSMUSG00000040945,ENSMUST00000071169.9,appris_principal_1,3999,1563,420,2016,2443,Success
ENSMUSG00000028927,ENSMUST00000030765.7,appris_principal_1,4774,2022,90,2662,2759,Success
ENSMUSG00000036622,ENSMUST00000037055.14,appris_principal_1,3956,3510,194,252,453,Success
ENSMUSG00000060572,ENSMUST00000166376.10,appris_principal_1,890,552,104,234,345,Success
ENSMUSG00000028923,ENSMUST00000030760.15,appris_principal_1,1906,801,53,1052,1112,Success
ENSMUSG00000028920,ENSMUST00000030757.10,appris_principal_1,5934,2154,282,3498,3787,Success
ENSMUSG00000006445,ENSMUST00000006614.3,appris_principal_1,3913,2934,113,866,986,Success
ENSMUSG00000006215,ENSMUST00000006377.13,appris_principal_1,2722,2385,238,99,344,Success
ENSMUSG00000006219,ENSMUST00000006381.11,appris_principal_1,3101,1128,205,1768,1980,Success
ENSMUSG00000028917,ENSMUST00000084203.11,appris_principal_2,4136,3102,198,836,1041,Success
ENSMUSG00000040697,ENSMUST00000038014.11,appris_principal_1,5969,2319,320,3330,3657,Success
ENSMUSG00000040659,ENSMUST00000036854.4,appris_principal_1,2381,723,53,1605,1665,Success
ENSMUSG00000040616,ENSMUST00000036572.4,appris_principal_1,1875,750,431,694,1132,Success
ENSMUSG00000057637,ENSMUST00000105778.8,appris_principal_1,7304,5130,156,2018,2181,Success
ENSMUSG00000028583,ENSMUST00000119654.2,appris_principal_1,762,480,208,74,289,Success
ENSMUSG00000066026,ENSMUST00000154208.8,appris_principal_1,2337,909,438,990,1435,Success
ENSMUSG00000029020,ENSMUST00000105716.9,appris_principal_1,4241,2274,177,1790,1974,Success
ENSMUSG00000019055,ENSMUST00000019199.14,appris_principal_1,3243,2187,90,966,1063,Success
ENSMUSG00000029016,ENSMUST00000030879.12,appris_principal_3,3306,2613,46,647,700,Success
ENSMUSG00000029009,ENSMUST00000069604.15,appris_principal_3,6072,2088,21,3963,3991,Short_or_Missing_UTRs
ENSMUSG00000029007,ENSMUST00000030865.9,appris_principal_1,3996,486,88,3422,3517,Success
ENSMUSG00000029003,ENSMUST00000084129.9,appris_principal_1,1162,636,240,286,533,Success
ENSMUSG00000041556,ENSMUST00000047951.9,appris_principal_1,1288,894,69,325,401,Success
ENSMUSG00000047719,ENSMUST00000051633.3,appris_principal_1,2992,1011,321,1660,1988,Success
ENSMUSG00000028991,ENSMUST00000103221.10,appris_principal_1,8564,7650,91,823,921,Success
ENSMUSG00000006442,ENSMUST00000006611.9,appris_principal_1,1338,909,117,312,436,Success
ENSMUSG00000041459,ENSMUST00000084125.10,appris_principal_1,7477,1245,353,5879,6239,Success
ENSMUSG00000028977,ENSMUST00000122222.8,appris_principal_1,7926,5289,319,2318,2644,Success
ENSMUSG00000028974,ENSMUST00000030816.4,appris_principal_1,2457,996,105,1356,1468,Success
ENSMUSG00000063077,ENSMUST00000060537.13,appris_principal_1,10233,5451,333,4449,4789,Success
ENSMUSG00000028960,ENSMUST00000103212.10,appris_principal_1,5626,3522,844,1260,2111,Success
ENSMUSG00000028992,ENSMUST00000030845.13,appris_principal_1,1238,858,143,237,387,Success
ENSMUSG00000028990,ENSMUST00000030842.8,appris_principal_1,1817,573,714,530,1251,Success
ENSMUSG00000028988,ENSMUST00000030839.13,appris_principal_1,2674,246,254,2174,2435,Success
ENSMUSG00000039953,ENSMUST00000039144.7,appris_principal_2,3319,2940,44,335,386,Success
ENSMUSG00000039936,ENSMUST00000105690.9,Ensembl_canonical,4921,3144,305,1472,1784,Success
ENSMUSG00000044700,ENSMUST00000105687.9,appris_principal_1,3697,1995,97,1605,1709,Success
ENSMUSG00000028982,ENSMUST00000105686.3,appris_principal_1,1887,963,222,702,931,Success
ENSMUSG00000039911,ENSMUST00000038562.9,appris_principal_1,3092,822,339,1931,2277,Success
ENSMUSG00000028980,ENSMUST00000084117.13,appris_principal_1,4571,2370,118,2083,2208,Success
ENSMUSG00000039852,ENSMUST00000105682.9,appris_principal_1,7728,4677,574,2477,3058,Success
ENSMUSG00000028967,ENSMUST00000073600.9,appris_principal_1,3036,1386,260,1390,1657,Success
ENSMUSG00000028955,ENSMUST00000030797.4,appris_principal_1,2120,312,78,1730,1815,Success
ENSMUSG00000014592,ENSMUST00000049790.14,Ensembl_canonical,8423,5049,77,3297,3381,Success
ENSMUSG00000039759,ENSMUST00000036680.8,appris_principal_2,1124,657,41,426,474,Success
ENSMUSG00000047777,ENSMUST00000055688.10,appris_principal_1,3205,891,394,1920,2321,Success
ENSMUSG00000073700,ENSMUST00000097773.4,appris_principal_1,3986,1794,140,2052,2199,Success
ENSMUSG00000028952,ENSMUST00000066715.11,appris_principal_1,2218,2046,122,50,179,Success
ENSMUSG00000039713,ENSMUST00000105661.10,appris_principal_2,3842,3222,69,551,627,Success
ENSMUSG00000028937,ENSMUST00000075363.10,appris_principal_3,1457,1140,37,280,324,Success
ENSMUSG00000039662,ENSMUST00000048892.14,appris_principal_1,4919,855,147,3917,4071,Success
ENSMUSG00000039523,ENSMUST00000047497.15,appris_principal_1,5151,2781,443,1927,2377,Success
ENSMUSG00000029029,ENSMUST00000030895.12,appris_principal_1,1598,1389,73,136,216,Success
ENSMUSG00000057751,ENSMUST00000030897.15,appris_principal_1,6851,4719,294,1838,2139,Success
ENSMUSG00000029032,ENSMUST00000030898.12,appris_principal_1,2860,2142,248,470,725,Success
ENSMUSG00000029048,ENSMUST00000030914.4,appris_principal_1,1596,591,176,829,1012,Success
ENSMUSG00000029049,ENSMUST00000030915.11,appris_principal_1,1659,1434,29,196,232,Short_or_Missing_UTRs
ENSMUSG00000029050,ENSMUST00000030917.6,appris_principal_1,5522,2184,72,3266,3345,Success
ENSMUSG00000029053,ENSMUST00000030922.15,appris_principal_1,2641,1779,139,723,869,Success
ENSMUSG00000029064,ENSMUST00000165335.8,appris_principal_1,3143,1023,309,1811,2127,Success
ENSMUSG00000029063,ENSMUST00000030939.14,appris_principal_1,2946,1320,104,1522,1633,Success
ENSMUSG00000042202,ENSMUST00000105608.9,appris_principal_1,6291,1218,482,4591,5080,Success
ENSMUSG00000042116,ENSMUST00000042196.4,appris_principal_1,3623,1248,196,2179,2382,Success
ENSMUSG00000029068,ENSMUST00000030944.11,appris_principal_1,2442,1557,39,846,892,Success
ENSMUSG00000029070,ENSMUST00000030947.4,appris_principal_1,2203,1329,116,758,881,Success
ENSMUSG00000029071,ENSMUST00000030948.16,appris_principal_1,3358,2088,333,937,1277,Success
ENSMUSG00000029073,ENSMUST00000030950.8,appris_principal_1,2662,651,377,1634,2018,Success
ENSMUSG00000029033,ENSMUST00000105584.10,appris_principal_2,4365,2502,573,1290,1870,Success
ENSMUSG00000041936,ENSMUST00000180572.2,appris_principal_1,6891,6105,68,718,793,Success
ENSMUSG00000040274,ENSMUST00000165117.8,appris_principal_1,11525,981,327,10217,10551,Success
ENSMUSG00000058503,ENSMUST00000115527.8,appris_principal_1,1491,738,86,667,760,Success
ENSMUSG00000005907,ENSMUST00000121291.8,appris_principal_1,4555,3855,323,377,707,Success
ENSMUSG00000007415,ENSMUST00000007559.15,appris_principal_1,2545,801,315,1429,1751,Success
ENSMUSG00000040351,ENSMUST00000043551.11,appris_principal_1,6426,3258,412,2756,3175,Success
ENSMUSG00000000600,ENSMUST00000080085.9,appris_principal_1,2930,2211,302,417,726,Success
ENSMUSG00000001467,ENSMUST00000001507.5,appris_principal_1,3931,1512,439,1980,2426,Success
ENSMUSG00000044674,ENSMUST00000054294.7,appris_principal_1,4197,1929,455,1813,2275,Success
ENSMUSG00000028926,ENSMUST00000030763.13,appris_principal_3,4851,1410,72,3369,3448,Success
ENSMUSG00000046798,ENSMUST00000179804.8,appris_principal_1,3752,735,341,2676,3024,Success
ENSMUSG00000015653,ENSMUST00000115426.9,appris_principal_1,10408,1470,358,8580,8945,Success
ENSMUSG00000015652,ENSMUST00000015796.9,appris_principal_1,1230,1020,111,99,217,Success
ENSMUSG00000040537,ENSMUST00000088761.11,appris_principal_3,9077,2715,28,6334,6369,Short_or_Missing_UTRs
ENSMUSG00000002297,ENSMUST00000171808.8,Ensembl_canonical,2402,1992,204,206,417,Success
ENSMUSG00000054099,ENSMUST00000066921.10,appris_principal_1,2784,1014,271,1499,1777,Success
ENSMUSG00000040584,ENSMUST00000047753.5,appris_principal_1,4997,3831,152,1014,1173,Success
ENSMUSG00000003623,ENSMUST00000003720.5,appris_principal_1,2996,1839,338,819,1164,Success
ENSMUSG00000079659,ENSMUST00000115365.3,appris_principal_1,1040,357,214,469,690,Success
ENSMUSG00000042508,ENSMUST00000071921.13,appris_principal_1,3806,2286,292,1228,1527,Success
ENSMUSG00000028883,ENSMUST00000095012.11,appris_principal_1,4085,2319,381,1385,1773,Success
ENSMUSG00000063531,ENSMUST00000073957.8,appris_principal_1,6861,2328,634,3899,4540,Success
ENSMUSG00000040118,ENSMUST00000039370.14,Ensembl_canonical,3933,3312,226,395,628,Success
ENSMUSG00000028780,ENSMUST00000030568.14,appris_principal_1,5491,2256,723,2512,3242,Success
ENSMUSG00000057614,ENSMUST00000074694.7,appris_principal_1,3135,1065,186,1884,2077,Success
ENSMUSG00000039987,ENSMUST00000118174.8,appris_principal_1,4840,2244,204,2392,2603,Success
ENSMUSG00000045435,ENSMUST00000115259.3,appris_principal_1,1147,402,515,230,752,Success
ENSMUSG00000028771,ENSMUST00000030556.8,appris_principal_1,3280,2328,164,788,959,Success
ENSMUSG00000038525,ENSMUST00000072896.13,appris_principal_1,2221,921,224,1076,1307,Success
ENSMUSG00000044968,ENSMUST00000115217.8,appris_principal_1,3954,1191,436,2327,2770,Success
ENSMUSG00000029017,ENSMUST00000030882.12,appris_principal_1,1615,1470,37,108,152,Success
ENSMUSG00000029014,ENSMUST00000030771.12,appris_principal_1,2133,1866,199,68,274,Success
ENSMUSG00000029012,ENSMUST00000030872.12,appris_principal_1,2103,1308,112,683,802,Success
ENSMUSG00000029004,ENSMUST00000094962.9,appris_principal_1,7252,5607,457,1188,1652,Success
ENSMUSG00000062604,ENSMUST00000088392.9,appris_principal_1,6491,2049,170,4272,4449,Success
ENSMUSG00000057541,ENSMUST00000148618.8,Ensembl_canonical,3266,2001,74,1191,1272,Success
ENSMUSG00000028999,ENSMUST00000030852.13,appris_principal_1,3298,2379,130,789,926,Success
ENSMUSG00000028986,ENSMUST00000030841.10,appris_principal_1,2966,1761,150,1055,1212,Success
ENSMUSG00000048439,ENSMUST00000049887.13,appris_principal_1,2914,1263,114,1537,1658,Success
ENSMUSG00000028969,ENSMUST00000030814.11,appris_principal_1,2059,879,45,1135,1187,Success
ENSMUSG00000028959,ENSMUST00000030800.13,appris_principal_1,1893,1638,140,115,262,Success
ENSMUSG00000028958,ENSMUST00000030799.15,appris_principal_1,1333,738,131,464,602,Success
ENSMUSG00000038181,ENSMUST00000088295.9,appris_principal_1,5371,2307,1297,1767,3071,Success
ENSMUSG00000028954,ENSMUST00000068825.8,appris_principal_1,3269,1845,213,1211,1431,Success
ENSMUSG00000028945,ENSMUST00000030787.9,appris_principal_1,1784,555,388,841,1236,Success
ENSMUSG00000028944,ENSMUST00000076306.12,appris_principal_2,2838,1332,398,1108,1513,Success
ENSMUSG00000038072,ENSMUST00000045737.14,appris_principal_1,2552,1827,188,537,732,Success
ENSMUSG00000028933,ENSMUST00000030773.12,appris_principal_1,3247,837,109,2301,2417,Success
ENSMUSG00000056367,ENSMUST00000088244.6,appris_principal_1,1712,1257,59,396,462,Success
ENSMUSG00000002221,ENSMUST00000002291.12,appris_principal_1,5850,3171,271,2408,2686,Success
ENSMUSG00000045294,ENSMUST00000059155.11,appris_principal_1,2697,780,75,1842,1924,Success
ENSMUSG00000048271,ENSMUST00000059644.13,Ensembl_canonical,9510,3696,191,5623,5821,Success
ENSMUSG00000010721,ENSMUST00000055195.11,appris_principal_1,4926,1473,192,3261,3460,Success
ENSMUSG00000039000,ENSMUST00000049453.9,appris_principal_1,5048,3252,273,1523,1803,Success
ENSMUSG00000025745,ENSMUST00000156859.3,appris_principal_1,4017,2292,214,1511,1732,Success
ENSMUSG00000059447,ENSMUST00000026841.15,appris_principal_1,2033,1428,100,505,612,Success
ENSMUSG00000075703,ENSMUST00000145167.9,appris_principal_1,6803,1197,178,5428,5613,Success
ENSMUSG00000029175,ENSMUST00000062962.12,appris_principal_1,3088,1119,89,1880,1976,Success
ENSMUSG00000029168,ENSMUST00000114729.8,appris_principal_1,5191,1695,443,3053,3503,Success
ENSMUSG00000029166,ENSMUST00000031058.15,appris_principal_1,2021,846,265,910,1182,Success
ENSMUSG00000038828,ENSMUST00000201203.4,appris_principal_1,6110,2064,1656,2390,4053,Success
ENSMUSG00000029165,ENSMUST00000201168.4,Ensembl_canonical,3199,2661,159,379,545,Success
ENSMUSG00000038803,ENSMUST00000132253.5,appris_principal_1,1144,114,125,905,1037,Success
ENSMUSG00000029162,ENSMUST00000031053.15,appris_principal_1,1257,1032,83,142,232,Success
ENSMUSG00000029161,ENSMUST00000031051.9,appris_principal_1,1442,843,251,348,606,Success
ENSMUSG00000045302,ENSMUST00000074840.12,appris_principal_1,6300,1254,256,4790,5053,Success
ENSMUSG00000006641,ENSMUST00000202520.4,appris_principal_1,3248,1905,572,771,1350,Success
ENSMUSG00000013629,ENSMUST00000013773.12,appris_principal_1,7137,6678,175,284,466,Success
ENSMUSG00000029146,ENSMUST00000031029.15,appris_principal_1,2018,1413,176,429,612,Success
ENSMUSG00000043059,ENSMUST00000114590.8,appris_principal_1,2228,1626,262,340,609,Success
ENSMUSG00000029147,ENSMUST00000031032.11,appris_principal_1,2307,1629,265,413,685,Success
ENSMUSG00000029148,ENSMUST00000202576.4,Ensembl_canonical,2221,1632,158,431,596,Success
ENSMUSG00000053134,ENSMUST00000065388.11,appris_principal_1,2693,1239,354,1100,1461,Success
ENSMUSG00000029141,ENSMUST00000202950.4,appris_principal_1,2499,2235,10,254,271,Short_or_Missing_UTRs
ENSMUSG00000052139,ENSMUST00000201352.4,appris_principal_1,1888,1152,418,318,743,Success
ENSMUSG00000029135,ENSMUST00000031017.11,appris_principal_1,6537,981,903,4653,5563,Success
ENSMUSG00000014956,ENSMUST00000015100.15,appris_principal_1,5962,984,513,4465,4985,Success
ENSMUSG00000014932,ENSMUST00000202543.4,appris_principal_1,2657,1626,213,818,1038,Success
ENSMUSG00000023452,ENSMUST00000120591.8,appris_principal_1,2491,1128,557,806,1370,Success
ENSMUSG00000054280,ENSMUST00000120129.9,appris_principal_1,9959,5916,331,3712,4050,Success
ENSMUSG00000037426,ENSMUST00000119705.8,Ensembl_canonical,7929,4776,153,3000,3160,Success
ENSMUSG00000018965,ENSMUST00000019109.8,appris_principal_1,1764,741,252,771,1030,Success
ENSMUSG00000037373,ENSMUST00000079746.10,Ensembl_canonical,2279,1326,176,777,960,Success
ENSMUSG00000079562,ENSMUST00000114449.7,appris_principal_1,2193,1191,68,934,1009,Success
ENSMUSG00000004642,ENSMUST00000057551.14,appris_principal_1,1906,828,321,757,1085,Success
ENSMUSG00000019295,ENSMUST00000019439.9,appris_principal_1,2828,1089,589,1150,1746,Success
ENSMUSG00000054252,ENSMUST00000164207.10,appris_principal_3,4150,2406,241,1503,1751,Success
ENSMUSG00000005299,ENSMUST00000005431.6,appris_principal_1,5272,2217,265,2790,3062,Success
ENSMUSG00000057406,ENSMUST00000075812.11,Ensembl_canonical,7142,4101,252,2789,3048,Success
ENSMUSG00000048142,ENSMUST00000056355.9,appris_principal_1,6529,900,860,4769,5636,Success
ENSMUSG00000037235,ENSMUST00000042701.13,appris_principal_1,3872,630,137,3105,3249,Success
ENSMUSG00000029110,ENSMUST00000182709.8,appris_principal_1,3046,585,402,2059,2468,Success
ENSMUSG00000037210,ENSMUST00000180376.8,appris_principal_2,5536,4554,273,709,989,Success
ENSMUSG00000059866,ENSMUST00000087737.10,appris_principal_2,1987,1293,94,600,701,Success
ENSMUSG00000054520,ENSMUST00000067638.14,appris_principal_2,2885,1680,60,1145,1212,Success
ENSMUSG00000029106,ENSMUST00000001108.11,appris_principal_3,3898,1992,71,1835,1913,Success
ENSMUSG00000029094,ENSMUST00000064571.11,appris_principal_1,6618,2196,224,4198,4429,Success
ENSMUSG00000029198,ENSMUST00000031099.4,appris_principal_1,3528,654,196,2678,2881,Success
ENSMUSG00000029196,ENSMUST00000031097.8,appris_principal_1,3791,1263,228,2300,2535,Success
ENSMUSG00000029192,ENSMUST00000171385.8,appris_principal_1,3884,1242,198,2444,2649,Success
ENSMUSG00000029190,ENSMUST00000031091.13,appris_principal_1,6677,4191,347,2139,2493,Success
ENSMUSG00000055302,ENSMUST00000068795.4,appris_principal_1,1648,378,179,1091,1277,Success
ENSMUSG00000029119,ENSMUST00000031002.10,appris_principal_1,3330,3057,78,195,280,Success
ENSMUSG00000039474,ENSMUST00000043964.13,appris_principal_2,3787,2673,345,769,1121,Success
ENSMUSG00000048450,ENSMUST00000063116.10,appris_principal_1,1935,912,250,773,1030,Success
ENSMUSG00000029126,ENSMUST00000031009.8,appris_principal_1,2581,558,543,1480,2030,Success
ENSMUSG00000029127,ENSMUST00000094833.10,appris_principal_1,2978,2271,150,557,714,Success
ENSMUSG00000067365,ENSMUST00000087511.10,appris_principal_1,1291,492,217,582,806,Success
ENSMUSG00000005103,ENSMUST00000005234.13,appris_principal_1,3089,1821,275,993,1275,Success
ENSMUSG00000046572,ENSMUST00000179555.8,appris_principal_1,6816,3249,639,2928,3574,Success
ENSMUSG00000061755,ENSMUST00000050556.11,appris_principal_2,10540,9099,147,1294,1448,Success
ENSMUSG00000039753,ENSMUST00000196483.5,appris_principal_1,2814,2070,61,683,751,Success
ENSMUSG00000015880,ENSMUST00000117396.3,appris_principal_1,3703,3015,104,584,695,Success
ENSMUSG00000031558,ENSMUST00000174421.8,Ensembl_canonical,7785,4629,1886,1270,3163,Success
ENSMUSG00000029090,ENSMUST00000030971.7,appris_principal_1,4480,3933,231,316,554,Success
ENSMUSG00000029167,ENSMUST00000132734.8,appris_principal_1,6464,2394,140,3930,4077,Success
ENSMUSG00000029169,ENSMUST00000031061.12,appris_principal_1,3010,2388,164,458,629,Success
ENSMUSG00000029173,ENSMUST00000031069.13,appris_principal_1,5252,1515,20,3717,3744,Short_or_Missing_UTRs
ENSMUSG00000029186,ENSMUST00000031081.11,appris_principal_1,3139,1410,145,1584,1736,Success
ENSMUSG00000029179,ENSMUST00000031077.13,appris_principal_2,5743,1539,37,4167,4211,Success
ENSMUSG00000061461,ENSMUST00000147148.5,appris_principal_1,922,210,106,606,719,Success
ENSMUSG00000039191,ENSMUST00000113865.5,appris_principal_1,5440,1464,234,3742,3983,Success
ENSMUSG00000039178,ENSMUST00000037337.10,appris_principal_1,2273,1581,133,559,699,Success
ENSMUSG00000039156,ENSMUST00000117661.9,appris_principal_1,4934,2241,385,2308,2700,Success
ENSMUSG00000029108,ENSMUST00000094783.7,appris_principal_3,3752,3744,8,0,0,Short_or_Missing_UTRs
ENSMUSG00000037999,ENSMUST00000076623.8,appris_principal_1,7306,5112,369,1825,2201,Success
ENSMUSG00000047881,ENSMUST00000154169.4,appris_principal_1,3241,819,164,2258,2429,Success
ENSMUSG00000029171,ENSMUST00000087324.7,appris_principal_1,2369,1863,34,472,513,Success
ENSMUSG00000029174,ENSMUST00000121370.8,appris_principal_2,5419,3489,374,1556,1937,Success
ENSMUSG00000029178,ENSMUST00000165536.8,appris_principal_1,5221,1035,443,3743,4193,Success
ENSMUSG00000029185,ENSMUST00000031080.15,appris_principal_1,2938,1710,82,1146,1235,Success
ENSMUSG00000054920,ENSMUST00000101191.10,appris_principal_3,3610,2127,322,1161,1490,Success
ENSMUSG00000029191,ENSMUST00000203581.3,Ensembl_canonical,4689,3438,38,1213,1258,Success
ENSMUSG00000029201,ENSMUST00000031103.14,appris_principal_1,2550,1482,333,735,1075,Success
ENSMUSG00000037822,ENSMUST00000139122.8,appris_principal_1,4560,300,699,3561,4267,Success
ENSMUSG00000029203,ENSMUST00000142407.8,appris_principal_1,4893,603,251,4039,4297,Success
ENSMUSG00000037795,ENSMUST00000201489.4,appris_principal_1,9055,5037,560,3458,4025,Success
ENSMUSG00000070780,ENSMUST00000113726.8,appris_principal_1,4703,1773,273,2657,2937,Success
ENSMUSG00000029207,ENSMUST00000162349.8,Ensembl_canonical,3362,2283,425,654,1086,Success
ENSMUSG00000037736,ENSMUST00000101164.11,appris_principal_1,5192,3174,65,1953,2025,Success
ENSMUSG00000037720,ENSMUST00000037918.12,Ensembl_canonical,6247,744,267,5236,5510,Success
ENSMUSG00000029221,ENSMUST00000162372.8,appris_principal_1,5711,1704,140,3867,4014,Success
ENSMUSG00000037685,ENSMUST00000135930.8,appris_principal_3,8069,3450,160,4459,4626,Success
ENSMUSG00000029208,ENSMUST00000087228.11,appris_principal_1,3433,1956,94,1383,1484,Success
ENSMUSG00000029209,ENSMUST00000031117.13,Ensembl_canonical,1894,831,172,891,1070,Success
ENSMUSG00000029213,ENSMUST00000013693.11,appris_principal_1,3895,552,45,3298,3350,Success
ENSMUSG00000072889,ENSMUST00000087216.12,appris_principal_1,3712,2757,98,857,962,Success
ENSMUSG00000067219,ENSMUST00000087212.8,appris_principal_1,4206,1251,93,2862,2962,Success
ENSMUSG00000029217,ENSMUST00000071944.13,appris_principal_1,2659,1893,186,580,773,Success
ENSMUSG00000036087,ENSMUST00000144843.8,appris_principal_1,4833,1746,321,2766,3094,Success
ENSMUSG00000070733,ENSMUST00000101127.12,appris_principal_1,11340,9024,599,1717,2323,Success
ENSMUSG00000029152,ENSMUST00000031038.11,appris_principal_2,1523,744,190,589,786,Success
ENSMUSG00000029153,ENSMUST00000087195.9,appris_principal_1,2554,465,522,1567,2096,Success
ENSMUSG00000051674,ENSMUST00000063882.12,appris_principal_1,4116,879,134,3103,3244,Success
ENSMUSG00000029156,ENSMUST00000081170.9,appris_principal_1,3786,963,77,2746,2830,Success
ENSMUSG00000054814,ENSMUST00000068058.14,appris_principal_1,4557,1101,146,3310,3463,Success
ENSMUSG00000049907,ENSMUST00000051937.9,appris_principal_1,1812,744,166,902,1075,Success
ENSMUSG00000062110,ENSMUST00000072857.13,appris_principal_1,3672,2055,130,1487,1624,Success
ENSMUSG00000029227,ENSMUST00000113536.8,Ensembl_canonical,4769,1746,209,2814,3030,Success
ENSMUSG00000029229,ENSMUST00000075452.7,appris_principal_1,9699,498,476,8725,9208,Success
ENSMUSG00000005672,ENSMUST00000005815.7,Ensembl_canonical,5214,2940,97,2177,2281,Success
ENSMUSG00000029233,ENSMUST00000031143.13,appris_principal_1,1747,993,57,697,761,Success
ENSMUSG00000029234,ENSMUST00000031144.14,appris_principal_1,1897,972,266,659,932,Success
ENSMUSG00000029238,ENSMUST00000202651.4,Ensembl_canonical,9744,2568,345,6831,7183,Success
ENSMUSG00000036403,ENSMUST00000121979.8,appris_principal_1,5537,3423,268,1846,2121,Success
ENSMUSG00000029246,ENSMUST00000140076.2,appris_principal_1,3981,1554,494,1933,2434,Success
ENSMUSG00000029249,ENSMUST00000080359.12,appris_principal_1,7004,3249,307,3448,3762,Success
ENSMUSG00000035898,ENSMUST00000113373.2,appris_principal_1,3504,3069,127,308,442,Success
ENSMUSG00000070697,ENSMUST00000090413.6,appris_principal_1,1629,1410,152,67,226,Success
ENSMUSG00000029291,ENSMUST00000198965.5,appris_principal_1,3536,2010,109,1417,1533,Success
ENSMUSG00000044221,ENSMUST00000078945.12,appris_principal_2,2538,1440,60,1038,1105,Success
ENSMUSG00000006262,ENSMUST00000113229.8,Ensembl_canonical,8967,666,253,8048,8308,Success
ENSMUSG00000029366,ENSMUST00000031311.10,appris_principal_1,3078,783,260,2035,2302,Success
ENSMUSG00000060961,ENSMUST00000148750.8,appris_principal_3,7931,3240,508,4183,4698,Success
ENSMUSG00000035505,ENSMUST00000118816.6,Ensembl_canonical,1307,999,33,275,315,Success
ENSMUSG00000055204,ENSMUST00000197021.2,appris_principal_1,8067,7485,41,541,589,Success
ENSMUSG00000029376,ENSMUST00000071652.6,appris_principal_1,2159,1017,38,1104,1149,Success
ENSMUSG00000029397,ENSMUST00000031345.15,appris_principal_1,1967,786,349,832,1188,Success
ENSMUSG00000029405,ENSMUST00000164378.8,Ensembl_canonical,3026,1449,513,1064,1584,Success
ENSMUSG00000029407,ENSMUST00000031355.10,appris_principal_2,3898,2880,160,858,1025,Success
ENSMUSG00000029415,ENSMUST00000031364.5,Ensembl_canonical,5020,2064,143,2813,2963,Success
ENSMUSG00000029426,ENSMUST00000031377.9,appris_principal_1,4698,1437,329,2932,3268,Success
ENSMUSG00000029381,ENSMUST00000113055.9,appris_principal_1,6765,5943,232,590,829,Success
ENSMUSG00000058013,ENSMUST00000202217.3,Ensembl_canonical,1380,1299,0,81,0,Short_or_Missing_UTRs
ENSMUSG00000063015,ENSMUST00000058550.15,appris_principal_1,2804,1134,626,1044,1677,Success
ENSMUSG00000029385,ENSMUST00000031331.13,appris_principal_1,2810,1035,541,1234,1782,Success
ENSMUSG00000034724,ENSMUST00000155901.8,appris_principal_1,8564,1653,64,6847,6918,Success
ENSMUSG00000029484,ENSMUST00000031447.12,appris_principal_1,1595,972,217,406,630,Success
ENSMUSG00000034663,ENSMUST00000035635.10,appris_principal_1,7387,3417,239,3731,3977,Success
ENSMUSG00000055725,ENSMUST00000069453.9,appris_principal_1,1375,936,153,286,446,Success
ENSMUSG00000029338,ENSMUST00000031281.14,appris_principal_1,5656,1464,413,3779,4199,Success
ENSMUSG00000000568,ENSMUST00000172361.8,Ensembl_canonical,6811,1068,314,5429,5750,Success
ENSMUSG00000029328,ENSMUST00000128187.8,appris_principal_1,2752,1263,60,1429,1496,Success
ENSMUSG00000029326,ENSMUST00000169390.8,appris_principal_1,1833,774,234,825,1066,Success
ENSMUSG00000016833,ENSMUST00000016977.15,appris_principal_1,638,432,143,63,213,Success
ENSMUSG00000029314,ENSMUST00000112887.8,appris_principal_1,3059,1317,471,1271,1749,Success
ENSMUSG00000029330,ENSMUST00000031273.9,appris_principal_1,3924,1386,243,2295,2545,Success
ENSMUSG00000057315,ENSMUST00000094559.9,appris_principal_1,3346,2244,492,610,1109,Success
ENSMUSG00000034573,ENSMUST00000048957.11,appris_principal_1,7915,7356,41,518,566,Success
ENSMUSG00000029313,ENSMUST00000054979.10,appris_principal_2,8323,3657,167,4499,4673,Success
ENSMUSG00000029312,ENSMUST00000031254.9,appris_principal_1,3193,1890,285,1018,1310,Success
ENSMUSG00000029311,ENSMUST00000031251.16,appris_principal_1,1825,897,180,748,935,Success
ENSMUSG00000034462,ENSMUST00000086831.4,appris_principal_1,5219,2901,187,2131,2325,Success
ENSMUSG00000070639,ENSMUST00000112707.3,appris_principal_1,6726,2412,315,3999,4321,Success
ENSMUSG00000054720,ENSMUST00000067924.13,appris_principal_1,6976,2412,318,4246,4571,Success
ENSMUSG00000046079,ENSMUST00000060531.16,appris_principal_1,3923,2580,433,910,1350,Success
ENSMUSG00000029290,ENSMUST00000031227.11,appris_principal_1,2667,1743,115,809,931,Success
ENSMUSG00000049606,ENSMUST00000112696.8,appris_principal_1,5785,3972,316,1497,1820,Success
ENSMUSG00000029283,ENSMUST00000031221.12,appris_principal_2,2961,1695,189,1077,1273,Success
ENSMUSG00000029287,ENSMUST00000031224.15,appris_principal_1,6087,2553,465,3069,3541,Success
ENSMUSG00000058558,ENSMUST00000082223.13,appris_principal_1,2045,894,142,1009,1158,Success
ENSMUSG00000029270,ENSMUST00000031198.11,appris_principal_1,2721,1287,83,1351,1441,Success
ENSMUSG00000029267,ENSMUST00000081567.11,appris_principal_1,4060,1782,219,2059,2285,Success
ENSMUSG00000063406,ENSMUST00000002837.11,appris_principal_1,3800,690,196,2914,3117,Success
ENSMUSG00000029265,ENSMUST00000031190.5,appris_principal_1,3085,531,693,1861,2561,Success
ENSMUSG00000029263,ENSMUST00000119014.8,appris_principal_2,4573,2952,316,1305,1628,Success
ENSMUSG00000033623,ENSMUST00000046975.12,appris_principal_1,7708,726,410,6572,6989,Success
ENSMUSG00000062234,ENSMUST00000046603.15,appris_principal_1,4453,3918,94,441,542,Success
ENSMUSG00000004815,ENSMUST00000053913.13,appris_principal_1,4938,2805,116,2017,2140,Success
ENSMUSG00000008090,ENSMUST00000013633.12,appris_principal_1,2329,1590,188,551,746,Success
ENSMUSG00000023284,ENSMUST00000112528.8,appris_principal_1,3158,2085,381,692,1080,Success
ENSMUSG00000014668,ENSMUST00000112519.9,Ensembl_canonical,3159,1995,97,1067,1171,Success
ENSMUSG00000029502,ENSMUST00000112512.8,appris_principal_2,8132,4344,397,3391,3795,Success
ENSMUSG00000029501,ENSMUST00000197188.5,appris_principal_3,4077,2895,233,949,1189,Success
ENSMUSG00000029500,ENSMUST00000112505.9,Ensembl_canonical,2098,867,74,1157,1238,Success
ENSMUSG00000007080,ENSMUST00000007296.12,appris_principal_1,7163,6852,82,229,318,Success
ENSMUSG00000043323,ENSMUST00000069483.12,appris_principal_3,4720,3096,336,1288,1631,Success
ENSMUSG00000029512,ENSMUST00000031490.11,appris_principal_1,5213,3156,373,1684,2064,Success
ENSMUSG00000033209,ENSMUST00000156290.9,appris_principal_3,10688,7353,102,3233,3342,Success
ENSMUSG00000050017,ENSMUST00000200298.2,appris_principal_3,2632,819,7,1806,1820,Short_or_Missing_UTRs
ENSMUSG00000070576,ENSMUST00000094463.5,appris_principal_1,6860,3894,724,2242,2973,Success
ENSMUSG00000029344,ENSMUST00000031287.12,appris_principal_1,1835,1131,226,478,711,Success
ENSMUSG00000029345,ENSMUST00000031288.14,appris_principal_1,3560,2517,311,732,1050,Success
ENSMUSG00000042190,ENSMUST00000047936.13,appris_principal_1,2882,1116,297,1469,1773,Success
ENSMUSG00000053334,ENSMUST00000065698.7,appris_principal_1,3133,1377,298,1458,1763,Success
ENSMUSG00000004530,ENSMUST00000004646.13,appris_principal_1,3491,1425,153,1913,2073,Success
ENSMUSG00000029592,ENSMUST00000031588.12,appris_principal_1,4604,1554,118,2932,3057,Success
ENSMUSG00000029591,ENSMUST00000031587.13,appris_principal_1,1985,921,117,947,1071,Success
ENSMUSG00000001098,ENSMUST00000102581.11,appris_principal_3,3103,948,80,2075,2162,Success
ENSMUSG00000029577,ENSMUST00000074002.12,appris_principal_1,5194,3213,481,1500,1988,Success
ENSMUSG00000029575,ENSMUST00000031560.14,appris_principal_1,3020,714,69,2237,2313,Success
ENSMUSG00000041939,ENSMUST00000043760.15,appris_principal_1,1660,1188,72,400,479,Success
ENSMUSG00000011884,ENSMUST00000012028.14,appris_principal_1,1762,630,123,1009,1139,Success
ENSMUSG00000002486,ENSMUST00000094441.11,appris_principal_1,2882,1494,201,1187,1395,Success
ENSMUSG00000041890,ENSMUST00000086564.11,appris_principal_1,2984,2280,97,607,711,Success
ENSMUSG00000041870,ENSMUST00000102578.11,appris_principal_1,3717,1767,552,1398,1957,Success
ENSMUSG00000041827,ENSMUST00000031540.11,appris_principal_1,2125,1536,95,494,596,Success
ENSMUSG00000029550,ENSMUST00000031530.9,appris_principal_1,3204,1155,456,1593,2056,Success
ENSMUSG00000029545,ENSMUST00000031524.11,appris_principal_1,1870,1239,76,555,638,Success
ENSMUSG00000048578,ENSMUST00000112121.6,appris_principal_1,5955,876,145,4934,5086,Success
ENSMUSG00000041740,ENSMUST00000112097.8,Ensembl_canonical,3476,2418,485,573,1065,Success
ENSMUSG00000009013,ENSMUST00000009157.4,appris_principal_1,2030,270,174,1586,1767,Success
ENSMUSG00000029538,ENSMUST00000031513.14,appris_principal_1,1162,669,132,361,500,Success
ENSMUSG00000029536,ENSMUST00000139167.3,appris_principal_1,1797,468,29,1300,1336,Short_or_Missing_UTRs
ENSMUSG00000029524,ENSMUST00000112067.8,appris_principal_1,1645,1002,252,391,650,Success
ENSMUSG00000029528,ENSMUST00000067268.15,appris_principal_2,3706,1674,180,1852,2039,Success
ENSMUSG00000029518,ENSMUST00000031492.15,appris_principal_1,2820,606,239,1975,2221,Success
ENSMUSG00000029516,ENSMUST00000102560.7,Ensembl_canonical,6213,6213,0,0,0,Short_or_Missing_UTRs
ENSMUSG00000029513,ENSMUST00000031486.14,appris_principal_1,2089,813,213,1063,1283,Success
ENSMUSG00000041548,ENSMUST00000036991.5,appris_principal_1,1816,591,385,840,1232,Success
ENSMUSG00000066900,ENSMUST00000086471.12,appris_principal_2,2425,987,185,1253,1445,Success
ENSMUSG00000061288,ENSMUST00000111978.8,appris_principal_1,4467,2697,387,1383,1777,Success
ENSMUSG00000066894,ENSMUST00000111967.8,Ensembl_canonical,4236,1677,360,2199,2566,Success
ENSMUSG00000029364,ENSMUST00000111959.2,Ensembl_canonical,1526,1221,50,255,312,Success
ENSMUSG00000032898,ENSMUST00000202447.4,Ensembl_canonical,3959,1884,71,2004,2082,Success
ENSMUSG00000032850,ENSMUST00000117177.8,Ensembl_canonical,4381,1341,244,2796,3047,Success
ENSMUSG00000018604,ENSMUST00000079719.11,appris_principal_2,4982,2166,1347,1469,2823,Success
ENSMUSG00000029594,ENSMUST00000031590.12,appris_principal_1,4010,2859,149,1002,1158,Success
ENSMUSG00000032754,ENSMUST00000068326.14,appris_principal_1,2898,1758,173,967,1147,Success
ENSMUSG00000032741,ENSMUST00000046426.10,appris_principal_1,4712,2454,303,1955,2265,Success
ENSMUSG00000029600,ENSMUST00000031599.9,appris_principal_1,1573,762,399,412,818,Success
ENSMUSG00000029599,ENSMUST00000031598.11,appris_principal_1,4322,2625,397,1300,1704,Success
ENSMUSG00000052776,ENSMUST00000080322.8,appris_principal_1,1885,1104,45,736,788,Success
ENSMUSG00000042726,ENSMUST00000042312.14,appris_principal_2,2503,1743,126,634,767,Success
ENSMUSG00000029616,ENSMUST00000130451.2,appris_principal_1,5204,789,166,4249,4422,Success
ENSMUSG00000029458,ENSMUST00000031414.15,appris_principal_1,3744,1776,204,1764,1975,Success
ENSMUSG00000042605,ENSMUST00000051950.14,appris_principal_1,4472,3861,27,584,618,Short_or_Missing_UTRs
ENSMUSG00000042594,ENSMUST00000086310.8,appris_principal_2,4195,1647,425,2123,2555,Success
ENSMUSG00000004455,ENSMUST00000102528.11,appris_principal_1,2384,972,283,1129,1419,Success
ENSMUSG00000038593,ENSMUST00000111738.8,appris_principal_1,5717,1782,91,3844,3942,Success
ENSMUSG00000038582,ENSMUST00000053426.15,appris_principal_1,4644,933,304,3407,3718,Success
ENSMUSG00000029462,ENSMUST00000155671.8,appris_principal_3,2716,549,105,2062,2174,Success
ENSMUSG00000029467,ENSMUST00000177974.8,appris_principal_1,3984,2997,210,777,994,Success
ENSMUSG00000029469,ENSMUST00000031426.14,appris_principal_1,2950,2031,102,817,926,Success
ENSMUSG00000029470,ENSMUST00000031429.14,appris_principal_1,2702,1167,110,1425,1542,Success
ENSMUSG00000029471,ENSMUST00000111668.8,appris_principal_2,4861,1767,189,2905,3101,Success
ENSMUSG00000029472,ENSMUST00000086216.9,appris_principal_1,2760,2223,189,348,544,Success
ENSMUSG00000029474,ENSMUST00000031434.8,appris_principal_1,4440,1131,245,3064,3316,Success
ENSMUSG00000029475,ENSMUST00000046073.16,Ensembl_canonical,5180,3930,199,1051,1257,Success
ENSMUSG00000054434,ENSMUST00000067505.15,appris_principal_1,2164,1020,152,992,1151,Success
ENSMUSG00000029449,ENSMUST00000186469.7,appris_principal_1,4241,636,24,3581,3612,Short_or_Missing_UTRs
ENSMUSG00000029440,ENSMUST00000100729.9,appris_principal_1,2597,669,117,1811,1935,Success
ENSMUSG00000029438,ENSMUST00000031391.9,appris_principal_1,4718,633,182,3903,4092,Success
ENSMUSG00000038342,ENSMUST00000068237.12,appris_principal_1,7303,2754,130,4419,4556,Success
ENSMUSG00000029434,ENSMUST00000031388.13,appris_principal_1,4235,1797,57,2381,2445,Success
ENSMUSG00000049550,ENSMUST00000111566.9,appris_principal_3,6133,4176,475,1482,1964,Success
ENSMUSG00000029427,ENSMUST00000196282.5,appris_principal_1,4350,2130,170,2050,2227,Success
ENSMUSG00000029422,ENSMUST00000050827.14,appris_principal_2,2344,1131,462,751,1220,Success
ENSMUSG00000029414,ENSMUST00000031366.12,appris_principal_1,6961,6624,145,192,344,Success
ENSMUSG00000023106,ENSMUST00000023869.15,appris_principal_1,2339,597,201,1541,1749,Success
ENSMUSG00000000915,ENSMUST00000000939.15,appris_principal_1,6735,3207,135,3393,3535,Success
ENSMUSG00000066278,ENSMUST00000040967.9,appris_principal_1,2522,858,58,1606,1671,Success
ENSMUSG00000023707,ENSMUST00000024470.13,appris_principal_1,1596,1050,41,505,553,Success
ENSMUSG00000029406,ENSMUST00000161938.8,appris_principal_3,5866,4008,342,1516,1865,Success
ENSMUSG00000038126,ENSMUST00000031344.13,appris_principal_2,7747,3345,344,4058,4409,Success
ENSMUSG00000038095,ENSMUST00000065263.12,appris_principal_1,10071,4176,68,5827,5902,Success
ENSMUSG00000049327,ENSMUST00000059580.11,appris_principal_3,2739,1053,76,1610,1693,Success
ENSMUSG00000029401,ENSMUST00000031347.8,appris_principal_1,1391,594,281,516,804,Success
ENSMUSG00000029392,ENSMUST00000062153.12,appris_principal_1,2249,1221,408,620,1035,Success
ENSMUSG00000029390,ENSMUST00000060226.11,appris_principal_1,2074,606,167,1301,1475,Success
ENSMUSG00000029389,ENSMUST00000071057.14,appris_principal_3,2799,1803,68,928,1003,Success
ENSMUSG00000029388,ENSMUST00000031334.15,appris_principal_1,2013,918,118,977,1102,Success
ENSMUSG00000038023,ENSMUST00000037865.13,appris_principal_1,5345,2571,122,2652,2781,Success
ENSMUSG00000037979,ENSMUST00000036206.14,appris_principal_1,2473,945,427,1101,1535,Success
ENSMUSG00000079215,ENSMUST00000111417.9,appris_principal_1,4092,786,1005,2301,3313,Success
ENSMUSG00000037936,ENSMUST00000086075.13,appris_principal_3,2521,1530,212,779,998,Success
ENSMUSG00000008348,ENSMUST00000136312.2,appris_principal_1,2618,2205,321,92,420,Success
ENSMUSG00000037905,ENSMUST00000049040.14,appris_principal_1,6473,762,94,5617,5718,Success
ENSMUSG00000029428,ENSMUST00000031378.14,Ensembl_canonical,2939,870,151,1918,2076,Success
ENSMUSG00000029430,ENSMUST00000031383.14,appris_principal_1,2377,651,221,1505,1733,Success
ENSMUSG00000029439,ENSMUST00000053737.9,appris_principal_1,3313,2838,158,317,482,Success
ENSMUSG00000029446,ENSMUST00000031399.13,appris_principal_1,1733,678,822,233,1062,Success
ENSMUSG00000034173,ENSMUST00000041466.14,appris_principal_1,2492,2271,80,141,228,Success
ENSMUSG00000066735,ENSMUST00000051758.11,appris_principal_1,3112,531,202,2379,2588,Success
ENSMUSG00000025534,ENSMUST00000026613.14,appris_principal_1,2687,1947,233,507,747,Success
ENSMUSG00000034118,ENSMUST00000118993.8,appris_principal_1,1867,1113,210,544,761,Success
ENSMUSG00000034110,ENSMUST00000040616.9,appris_principal_1,4291,870,222,3199,3428,Success
ENSMUSG00000053094,ENSMUST00000065329.13,appris_principal_1,3607,945,195,2467,2669,Success
ENSMUSG00000025337,ENSMUST00000026387.11,appris_principal_1,1548,753,193,602,802,Success
ENSMUSG00000029673,ENSMUST00000182974.9,Ensembl_canonical,3857,3789,48,20,75,Short_or_Missing_UTRs
ENSMUSG00000060261,ENSMUST00000173341.9,appris_principal_3,4302,2889,343,1070,1420,Success
ENSMUSG00000023079,ENSMUST00000111245.9,appris_principal_2,3299,3081,87,131,225,Success
ENSMUSG00000063146,ENSMUST00000100647.7,appris_principal_3,4994,3144,456,1394,1857,Success
ENSMUSG00000040731,ENSMUST00000036125.10,appris_principal_1,2367,687,48,1632,1687,Success
ENSMUSG00000029674,ENSMUST00000015137.10,appris_principal_1,3331,1944,203,1184,1394,Success
ENSMUSG00000040532,ENSMUST00000046999.12,appris_principal_1,1493,924,413,156,576,Success
ENSMUSG00000007207,ENSMUST00000005509.11,appris_principal_1,2162,867,99,1196,1302,Success
ENSMUSG00000061118,ENSMUST00000071263.7,appris_principal_1,1661,660,49,952,1008,Success
ENSMUSG00000043614,ENSMUST00000067935.11,appris_principal_1,1544,786,67,691,765,Success
ENSMUSG00000005374,ENSMUST00000153183.8,appris_principal_1,7488,1329,81,6078,6166,Success
ENSMUSG00000029681,ENSMUST00000031692.12,appris_principal_1,1758,609,224,925,1156,Success
ENSMUSG00000002748,ENSMUST00000002825.6,appris_principal_1,6492,4440,386,1666,2059,Success
ENSMUSG00000000916,ENSMUST00000000940.15,appris_principal_1,2243,1398,31,814,852,Success
ENSMUSG00000039959,ENSMUST00000060311.12,appris_principal_1,7835,3090,59,4686,4752,Success
ENSMUSG00000005514,ENSMUST00000005651.13,appris_principal_1,2636,2037,230,369,606,Success
ENSMUSG00000039886,ENSMUST00000043378.9,appris_principal_1,1559,1032,320,207,534,Success
ENSMUSG00000019179,ENSMUST00000019323.11,appris_principal_1,1456,1017,256,183,446,Success
ENSMUSG00000004951,ENSMUST00000005077.7,appris_principal_1,903,630,140,133,280,Success
ENSMUSG00000051391,ENSMUST00000198270.2,appris_principal_1,1610,744,145,721,873,Success
ENSMUSG00000004947,ENSMUST00000111145.10,appris_principal_3,2493,1722,394,377,778,Success
ENSMUSG00000039771,ENSMUST00000041366.14,appris_principal_1,646,354,122,170,299,Success
ENSMUSG00000029703,ENSMUST00000006301.11,appris_principal_1,2473,1947,123,403,533,Success
ENSMUSG00000039747,ENSMUST00000041048.6,appris_principal_1,3908,753,189,2966,3162,Success
ENSMUSG00000039737,ENSMUST00000151786.8,appris_principal_1,3893,561,63,3269,3339,Success
ENSMUSG00000059518,ENSMUST00000085941.12,appris_principal_1,740,465,69,206,282,Success
ENSMUSG00000004846,ENSMUST00000004968.11,appris_principal_1,3280,2226,667,387,1061,Success
ENSMUSG00000037428,ENSMUST00000190827.7,appris_principal_1,2834,1854,468,512,987,Success
ENSMUSG00000004849,ENSMUST00000111080.8,appris_principal_1,1353,477,125,751,883,Success
ENSMUSG00000037411,ENSMUST00000041388.11,appris_principal_1,3011,1209,132,1670,1809,Success
ENSMUSG00000043279,ENSMUST00000054384.6,appris_principal_1,9279,2205,262,6812,7081,Success
ENSMUSG00000023328,ENSMUST00000024099.11,appris_principal_1,2186,1845,113,228,348,Success
ENSMUSG00000023348,ENSMUST00000024119.11,appris_principal_1,2168,1443,336,389,732,Success
ENSMUSG00000037344,ENSMUST00000039991.14,appris_principal_1,3330,2745,192,393,592,Success
ENSMUSG00000029710,ENSMUST00000111055.9,Ensembl_canonical,4296,2991,426,879,1312,Success
ENSMUSG00000029714,ENSMUST00000031727.10,appris_principal_1,5440,3135,74,2231,2312,Success
ENSMUSG00000029713,ENSMUST00000031726.15,appris_principal_1,1860,1023,461,376,844,Success
ENSMUSG00000037221,ENSMUST00000111007.8,appris_principal_1,1318,708,233,377,617,Success
ENSMUSG00000029718,ENSMUST00000031731.14,appris_principal_2,1626,1407,159,60,226,Success
ENSMUSG00000029722,ENSMUST00000100544.11,Ensembl_canonical,2858,1473,101,1284,1392,Success
ENSMUSG00000029726,ENSMUST00000031740.16,appris_principal_1,3128,2001,601,526,1134,Success
ENSMUSG00000029729,ENSMUST00000019660.11,appris_principal_1,8261,1686,235,6340,6582,Success
ENSMUSG00000037017,ENSMUST00000062350.15,appris_principal_1,2252,1668,254,330,591,Success
ENSMUSG00000037007,ENSMUST00000049393.15,appris_principal_1,6470,1320,185,4965,5157,Success
ENSMUSG00000019494,ENSMUST00000110951.8,appris_principal_1,1098,894,102,102,211,Success
ENSMUSG00000029730,ENSMUST00000000505.16,appris_principal_1,2962,2160,666,136,809,Success
ENSMUSG00000019518,ENSMUST00000019662.11,appris_principal_1,3479,1350,189,1940,2136,Success
ENSMUSG00000025854,ENSMUST00000026972.8,appris_principal_1,3582,1740,1122,720,1849,Success
ENSMUSG00000025856,ENSMUST00000076095.14,appris_principal_1,2060,591,266,1203,1476,Success
ENSMUSG00000036817,ENSMUST00000110882.8,appris_principal_2,2454,2274,68,112,187,Success
ENSMUSG00000025858,ENSMUST00000026976.12,appris_principal_1,2107,984,141,982,1130,Success
ENSMUSG00000056413,ENSMUST00000110865.2,appris_principal_1,2557,1125,260,1172,1439,Success
ENSMUSG00000036718,ENSMUST00000044642.14,appris_principal_1,3346,3030,176,140,323,Success
ENSMUSG00000029547,ENSMUST00000200393.5,Ensembl_canonical,7070,6588,249,233,489,Success
ENSMUSG00000018143,ENSMUST00000018287.10,appris_principal_1,2849,471,244,2134,2385,Success
ENSMUSG00000029551,ENSMUST00000031531.14,appris_principal_1,883,369,185,329,521,Success
ENSMUSG00000029560,ENSMUST00000196130.5,appris_principal_1,2547,1236,83,1228,1318,Success
ENSMUSG00000056076,ENSMUST00000100507.8,appris_principal_1,2945,2412,33,500,540,Success
ENSMUSG00000029570,ENSMUST00000031555.3,appris_principal_1,2305,1137,96,1072,1175,Success
ENSMUSG00000036565,ENSMUST00000042661.8,appris_principal_1,4658,1575,204,2879,3090,Success
ENSMUSG00000036555,ENSMUST00000041783.14,appris_principal_2,6037,2337,161,3539,3707,Success
ENSMUSG00000000148,ENSMUST00000041588.13,appris_principal_1,3333,2469,82,782,871,Success
ENSMUSG00000000149,ENSMUST00000000153.9,appris_principal_1,3416,1140,135,2141,2283,Success
ENSMUSG00000029578,ENSMUST00000110778.2,appris_principal_1,1959,1278,166,515,688,Success
ENSMUSG00000050822,ENSMUST00000058418.8,appris_principal_1,2789,1587,202,1000,1209,Success
ENSMUSG00000039477,ENSMUST00000151477.8,appris_principal_1,6487,5268,635,584,1226,Success
ENSMUSG00000066640,ENSMUST00000035985.8,appris_principal_2,2831,2124,132,575,714,Success
ENSMUSG00000029580,ENSMUST00000100497.11,appris_principal_1,1920,1128,109,683,799,Success
ENSMUSG00000029581,ENSMUST00000031565.15,appris_principal_1,2675,1482,106,1087,1200,Success
ENSMUSG00000045078,ENSMUST00000200607.5,appris_principal_2,3704,2733,142,829,978,Success
ENSMUSG00000061898,ENSMUST00000049861.11,appris_principal_1,3335,2136,224,975,1206,Success
ENSMUSG00000029587,ENSMUST00000077485.11,appris_principal_2,4294,1965,265,2064,2336,Success
ENSMUSG00000046658,ENSMUST00000161448.8,appris_principal_1,6891,3054,325,3512,3844,Success
ENSMUSG00000039244,ENSMUST00000046418.3,appris_principal_1,2208,1347,266,595,868,Success
ENSMUSG00000079111,ENSMUST00000110731.4,appris_principal_1,1829,639,124,1066,1197,Success
ENSMUSG00000039206,ENSMUST00000045593.12,appris_principal_1,4651,2010,98,2543,2648,Success
ENSMUSG00000001847,ENSMUST00000080537.14,appris_principal_1,4159,579,239,3341,3587,Success
ENSMUSG00000018001,ENSMUST00000116456.10,Ensembl_canonical,3738,1200,193,2345,2545,Success
ENSMUSG00000051306,ENSMUST00000053287.6,appris_principal_1,5151,3975,127,1049,1183,Success
ENSMUSG00000029613,ENSMUST00000100487.6,appris_principal_1,4325,1860,103,2362,2472,Success
ENSMUSG00000038970,ENSMUST00000041804.8,appris_principal_1,8114,4416,238,3460,3705,Success
ENSMUSG00000047843,ENSMUST00000056578.7,appris_principal_1,955,378,144,433,584,Success
ENSMUSG00000038859,ENSMUST00000055190.8,appris_principal_1,3247,1545,271,1431,1709,Success
ENSMUSG00000059991,ENSMUST00000071782.8,appris_principal_1,2536,1290,162,1084,1253,Success
ENSMUSG00000038780,ENSMUST00000110677.8,Ensembl_canonical,5420,2274,284,2862,3153,Success
ENSMUSG00000029621,ENSMUST00000031625.15,appris_principal_1,1632,1113,173,346,526,Success
ENSMUSG00000029622,ENSMUST00000196111.5,Ensembl_canonical,1394,1131,49,214,270,Success
ENSMUSG00000029623,ENSMUST00000031627.9,appris_principal_1,2353,546,259,1548,1814,Success
ENSMUSG00000029625,ENSMUST00000160422.8,appris_principal_1,1756,810,110,836,953,Success
ENSMUSG00000055991,ENSMUST00000085671.10,appris_principal_1,3794,2460,733,601,1341,Success
ENSMUSG00000007812,ENSMUST00000167316.8,appris_principal_1,4104,1626,135,2343,2485,Success
ENSMUSG00000070420,ENSMUST00000094116.5,appris_principal_1,1796,1632,45,119,171,Success
ENSMUSG00000029634,ENSMUST00000161859.8,appris_principal_1,3452,2004,437,1011,1455,Success
ENSMUSG00000029635,ENSMUST00000031640.15,appris_principal_1,2973,1395,405,1173,1585,Success
ENSMUSG00000029636,ENSMUST00000016143.9,appris_principal_1,5196,1506,452,3238,3697,Success
ENSMUSG00000029640,ENSMUST00000085614.6,appris_principal_1,4327,1113,344,2870,3221,Success
ENSMUSG00000029641,ENSMUST00000031646.8,appris_principal_1,1126,729,146,251,404,Success
ENSMUSG00000016510,ENSMUST00000066675.10,appris_principal_1,4927,831,75,4021,4103,Success
ENSMUSG00000016520,ENSMUST00000016664.8,appris_principal_1,4557,2064,227,2266,2500,Success
ENSMUSG00000029642,ENSMUST00000050970.4,appris_principal_1,1196,402,618,176,801,Success
ENSMUSG00000029647,ENSMUST00000176600.8,appris_principal_2,5541,2664,127,2750,2884,Success
ENSMUSG00000029648,ENSMUST00000031653.12,appris_principal_1,6895,4002,277,2616,2900,Success
ENSMUSG00000029650,ENSMUST00000118527.8,appris_principal_1,2210,1383,131,696,834,Success
ENSMUSG00000041313,ENSMUST00000048116.15,appris_principal_1,7179,1869,280,5030,5317,Success
ENSMUSG00000001687,ENSMUST00000079324.14,appris_principal_1,2537,354,683,1500,2190,Success
ENSMUSG00000041298,ENSMUST00000047257.15,appris_principal_1,6157,1467,136,4554,4697,Success
ENSMUSG00000066551,ENSMUST00000085546.13,appris_principal_1,2838,648,155,2035,2197,Success
ENSMUSG00000029657,ENSMUST00000201452.4,appris_principal_1,3140,2577,95,468,570,Success
ENSMUSG00000051950,ENSMUST00000100404.6,appris_principal_1,4570,1470,107,2993,3107,Success
ENSMUSG00000041147,ENSMUST00000044620.11,appris_principal_1,10724,9990,499,235,741,Success
ENSMUSG00000029655,ENSMUST00000118316.8,appris_principal_1,8982,1728,112,7142,7261,Success
ENSMUSG00000034021,ENSMUST00000038900.15,Ensembl_canonical,7315,4350,146,2819,2972,Success
ENSMUSG00000016128,ENSMUST00000110483.9,appris_principal_1,5662,3342,175,2145,2327,Success
ENSMUSG00000001376,ENSMUST00000001412.17,appris_principal_1,3788,2895,141,752,900,Success
ENSMUSG00000032757,ENSMUST00000049166.5,appris_principal_1,1516,357,177,982,1166,Success
ENSMUSG00000029661,ENSMUST00000031668.10,appris_principal_1,5348,4119,347,882,1236,Success
ENSMUSG00000015189,ENSMUST00000015333.12,appris_principal_1,3961,2394,330,1237,1574,Success
ENSMUSG00000004631,ENSMUST00000115577.9,Ensembl_canonical,1776,1422,88,266,361,Success
ENSMUSG00000032827,ENSMUST00000035813.9,appris_principal_2,9547,3288,350,5909,6266,Success
ENSMUSG00000032667,ENSMUST00000057792.9,appris_principal_1,2409,1065,170,1174,1351,Success
ENSMUSG00000019577,ENSMUST00000019721.7,appris_principal_1,3484,1239,147,2098,2252,Success
ENSMUSG00000015112,ENSMUST00000015256.15,appris_principal_1,3067,2031,108,928,1043,Success
ENSMUSG00000042541,ENSMUST00000041111.10,appris_principal_1,1472,213,104,1155,1266,Success
ENSMUSG00000042505,ENSMUST00000040826.6,appris_principal_1,4323,378,23,3922,3952,Short_or_Missing_UTRs
ENSMUSG00000029752,ENSMUST00000115542.8,appris_principal_1,2016,1686,184,146,337,Success
ENSMUSG00000042460,ENSMUST00000040159.6,appris_principal_1,6092,1092,570,4430,5007,Success
ENSMUSG00000042447,ENSMUST00000040017.8,appris_principal_1,3710,2628,289,793,1089,Success
ENSMUSG00000089862,ENSMUST00000159433.8,appris_principal_1,2025,402,91,1532,1630,Success
ENSMUSG00000029632,ENSMUST00000204978.3,appris_principal_1,610,249,118,243,368,Success
ENSMUSG00000029629,ENSMUST00000115511.9,appris_principal_1,3336,2826,376,134,517,Success
ENSMUSG00000029571,ENSMUST00000031556.14,appris_principal_1,6002,828,231,4943,5181,Success
ENSMUSG00000029569,ENSMUST00000031554.9,appris_principal_1,4587,2094,393,2100,2500,Success
ENSMUSG00000042742,ENSMUST00000045235.8,appris_principal_1,4143,1212,133,2798,2938,Success
ENSMUSG00000041390,ENSMUST00000101663.10,appris_principal_1,3431,744,387,2300,2694,Success
ENSMUSG00000029552,ENSMUST00000115467.11,appris_principal_1,2440,1260,138,1042,1187,Success
ENSMUSG00000000058,ENSMUST00000000058.7,appris_principal_1,2733,489,176,2068,2251,Success
ENSMUSG00000007655,ENSMUST00000007799.13,appris_principal_3,2522,537,115,1870,1992,Success
ENSMUSG00000009376,ENSMUST00000115443.8,appris_principal_1,6809,4140,512,2157,2676,Success
ENSMUSG00000015733,ENSMUST00000015877.14,appris_principal_1,2537,861,139,1537,1683,Success
ENSMUSG00000029534,ENSMUST00000052113.12,appris_principal_1,2046,1665,180,201,388,Success
ENSMUSG00000029669,ENSMUST00000031678.10,appris_principal_1,2490,918,336,1236,1579,Success
ENSMUSG00000029670,ENSMUST00000031680.10,appris_principal_1,3800,1266,195,2339,2541,Success
ENSMUSG00000029672,ENSMUST00000165576.8,appris_principal_1,2826,684,213,1929,2149,Success
ENSMUSG00000068748,ENSMUST00000202102.2,appris_principal_1,4947,4392,50,505,562,Success
ENSMUSG00000029695,ENSMUST00000031707.14,appris_principal_1,3701,2781,121,799,927,Success
ENSMUSG00000017978,ENSMUST00000115358.9,appris_principal_1,4848,3795,283,770,1060,Success
ENSMUSG00000029684,ENSMUST00000031695.15,appris_principal_1,4352,1506,366,2480,2853,Success
ENSMUSG00000039841,ENSMUST00000115320.8,appris_principal_1,4311,1989,592,1730,2329,Success
ENSMUSG00000029708,ENSMUST00000090511.4,appris_principal_1,4650,2337,408,1905,2320,Success
ENSMUSG00000001424,ENSMUST00000001460.14,appris_principal_1,3482,2733,217,532,756,Success
ENSMUSG00000003500,ENSMUST00000078155.12,appris_principal_1,2437,1545,131,761,899,Success
ENSMUSG00000029767,ENSMUST00000031779.17,appris_principal_1,3229,948,109,2172,2288,Success
ENSMUSG00000068699,ENSMUST00000065090.8,Ensembl_canonical,9038,8181,183,674,864,Success
ENSMUSG00000004285,ENSMUST00000004396.13,appris_principal_1,703,360,99,244,350,Success
ENSMUSG00000029771,ENSMUST00000004392.12,appris_principal_1,2189,1494,161,534,702,Success
ENSMUSG00000012535,ENSMUST00000012679.15,appris_principal_3,4251,2772,402,1077,1486,Success
ENSMUSG00000001763,ENSMUST00000046750.14,Ensembl_canonical,1994,852,221,921,1149,Success
ENSMUSG00000001761,ENSMUST00000001812.5,appris_principal_1,3779,2382,317,1080,1404,Success
ENSMUSG00000029772,ENSMUST00000115238.10,appris_principal_3,5129,1527,344,3258,3609,Success
ENSMUSG00000058440,ENSMUST00000115206.8,appris_principal_1,1879,1605,251,23,281,Short_or_Missing_UTRs
ENSMUSG00000039159,ENSMUST00000102993.10,appris_principal_1,4657,552,435,3670,4112,Success
ENSMUSG00000029775,ENSMUST00000068259.10,Ensembl_canonical,5901,1320,98,4483,4588,Success
ENSMUSG00000029790,ENSMUST00000031810.15,appris_principal_1,3447,1122,80,2245,2332,Success
ENSMUSG00000051855,ENSMUST00000157040.8,appris_principal_1,2383,981,109,1293,1409,Success
ENSMUSG00000025607,ENSMUST00000048774.13,Ensembl_canonical,3961,2616,42,1303,1352,Success
ENSMUSG00000025609,ENSMUST00000026699.15,appris_principal_1,11395,2208,122,9065,9194,Success
ENSMUSG00000025608,ENSMUST00000026698.8,appris_principal_1,5379,1512,333,3534,3874,Success
ENSMUSG00000053768,ENSMUST00000066379.11,appris_principal_1,1550,684,180,686,873,Success
ENSMUSG00000029763,ENSMUST00000052266.15,appris_principal_1,4824,2928,68,1828,1903,Success
ENSMUSG00000018999,ENSMUST00000019143.9,appris_principal_1,6253,996,257,5000,5264,Success
ENSMUSG00000001642,ENSMUST00000102980.11,appris_principal_1,1387,951,73,363,443,Success
ENSMUSG00000038871,ENSMUST00000045372.6,appris_principal_1,2220,780,276,1164,1447,Success
ENSMUSG00000029761,ENSMUST00000115026.8,appris_principal_3,4080,1611,231,2238,2476,Success
ENSMUSG00000038784,ENSMUST00000114993.9,Ensembl_canonical,3473,2133,280,1060,1347,Success
ENSMUSG00000029840,ENSMUST00000031866.9,appris_principal_1,3960,357,278,3325,3610,Success
ENSMUSG00000038648,ENSMUST00000041093.6,appris_principal_1,7082,1566,346,5170,5523,Success
ENSMUSG00000029833,ENSMUST00000031859.14,Ensembl_canonical,4042,3156,300,586,893,Success
ENSMUSG00000029826,ENSMUST00000114900.8,appris_principal_1,4944,2991,51,1902,1960,Success
ENSMUSG00000056832,ENSMUST00000162554.8,appris_principal_1,4195,1665,122,2408,2537,Success
ENSMUSG00000029823,ENSMUST00000057692.11,appris_principal_1,2702,1179,383,1140,1530,Success
ENSMUSG00000038507,ENSMUST00000038398.7,appris_principal_1,3231,2136,190,905,1102,Success
ENSMUSG00000042599,ENSMUST00000002305.9,appris_principal_1,9566,2823,155,6588,6750,Success
ENSMUSG00000029924,ENSMUST00000090243.8,appris_principal_1,4030,1485,126,2419,2552,Success
ENSMUSG00000029922,ENSMUST00000114823.8,appris_principal_2,2992,1254,317,1421,1745,Success
ENSMUSG00000046947,ENSMUST00000140364.8,appris_principal_1,3542,1854,428,1260,1695,Success
ENSMUSG00000002416,ENSMUST00000135671.8,appris_principal_1,4371,318,41,4012,4060,Success
ENSMUSG00000002413,ENSMUST00000002487.15,appris_principal_1,9728,2415,168,7145,7320,Success
ENSMUSG00000029918,ENSMUST00000031978.9,appris_principal_1,1107,321,151,635,793,Success
ENSMUSG00000029916,ENSMUST00000031977.12,appris_principal_1,2531,1266,365,900,1272,Success
ENSMUSG00000029864,ENSMUST00000031897.8,appris_principal_1,930,681,87,162,256,Success
ENSMUSG00000029863,ENSMUST00000031895.13,appris_principal_1,3529,1359,139,2031,2177,Success
ENSMUSG00000029860,ENSMUST00000203652.3,appris_principal_2,2605,1695,304,606,917,Success
ENSMUSG00000036667,ENSMUST00000045054.11,appris_principal_1,5257,2769,144,2344,2495,Success
ENSMUSG00000033542,ENSMUST00000031750.14,appris_principal_1,5469,4746,174,549,730,Success
ENSMUSG00000029735,ENSMUST00000067888.14,appris_principal_1,2671,732,158,1781,1946,Success
ENSMUSG00000029686,ENSMUST00000031697.9,appris_principal_1,3161,2331,325,505,837,Success
ENSMUSG00000029687,ENSMUST00000081721.13,appris_principal_1,2787,2241,144,402,553,Success
ENSMUSG00000025823,ENSMUST00000077290.9,appris_principal_1,2399,1926,126,347,480,Success
ENSMUSG00000062519,ENSMUST00000079881.11,appris_principal_1,2906,1932,233,741,981,Success
ENSMUSG00000025821,ENSMUST00000061890.8,appris_principal_1,5573,2001,468,3104,3579,Success
ENSMUSG00000052763,ENSMUST00000009411.9,appris_principal_1,2801,1479,250,1072,1329,Success
ENSMUSG00000057691,ENSMUST00000073124.9,Ensembl_canonical,3651,1959,255,1437,1699,Success
ENSMUSG00000039347,ENSMUST00000040361.8,appris_principal_1,1789,246,136,1407,1550,Success
ENSMUSG00000052751,ENSMUST00000009420.15,appris_principal_2,3145,1638,370,1137,1514,Success
ENSMUSG00000007216,ENSMUST00000204095.3,appris_principal_1,4143,1617,109,2417,2533,Success
ENSMUSG00000029814,ENSMUST00000031838.9,appris_principal_1,4345,1740,486,2119,2612,Success
ENSMUSG00000050786,ENSMUST00000055559.8,appris_principal_1,2351,423,356,1572,1935,Success
ENSMUSG00000038388,ENSMUST00000036236.15,appris_principal_1,2161,1620,284,257,548,Success
ENSMUSG00000029822,ENSMUST00000090019.10,appris_principal_3,4039,2661,0,1378,0,Short_or_Missing_UTRs
ENSMUSG00000004980,ENSMUST00000114459.8,appris_principal_3,1728,1062,150,516,673,Success
ENSMUSG00000029836,ENSMUST00000094623.10,appris_principal_1,1080,552,101,427,535,Success
ENSMUSG00000038301,ENSMUST00000049152.15,appris_principal_1,2480,606,157,1717,1881,Success
ENSMUSG00000059182,ENSMUST00000204778.3,appris_principal_1,3382,1077,148,2157,2312,Success
ENSMUSG00000038253,ENSMUST00000048794.7,appris_principal_1,1877,813,237,827,1071,Success
ENSMUSG00000038236,ENSMUST00000048715.9,appris_principal_1,2009,690,100,1219,1326,Success
ENSMUSG00000029776,ENSMUST00000031788.9,appris_principal_1,1825,1008,141,676,824,Success
ENSMUSG00000004535,ENSMUST00000080723.11,appris_principal_1,3285,2445,134,706,847,Success
ENSMUSG00000063568,ENSMUST00000074541.6,appris_principal_1,2203,732,64,1407,1478,Success
ENSMUSG00000053007,ENSMUST00000203487.3,Ensembl_canonical,2648,1527,390,731,1128,Success
ENSMUSG00000019124,ENSMUST00000019268.11,appris_principal_1,4810,1245,251,3314,3572,Success
ENSMUSG00000038074,ENSMUST00000046520.13,appris_principal_1,2694,636,134,1924,2065,Success
ENSMUSG00000005225,ENSMUST00000119706.8,appris_principal_1,6739,1560,321,4858,5186,Success
ENSMUSG00000058446,ENSMUST00000079869.13,appris_principal_1,5886,717,100,5069,5176,Success
ENSMUSG00000038058,ENSMUST00000168172.4,appris_principal_1,4064,2862,214,988,1209,Success
ENSMUSG00000002797,ENSMUST00000131475.2,appris_principal_1,3960,567,115,3278,3400,Success
ENSMUSG00000029777,ENSMUST00000003572.10,appris_principal_1,2380,2190,35,155,197,Success
ENSMUSG00000004655,ENSMUST00000004774.4,appris_principal_1,2627,810,59,1758,1824,Success
ENSMUSG00000091625,ENSMUST00000170382.5,appris_principal_1,494,276,24,194,225,Short_or_Missing_UTRs
ENSMUSG00000029787,ENSMUST00000031805.11,appris_principal_1,6670,1950,195,4525,4727,Success
ENSMUSG00000059486,ENSMUST00000114323.8,appris_principal_1,3816,1872,590,1354,1951,Success
ENSMUSG00000029781,ENSMUST00000031795.8,appris_principal_1,3009,1713,148,1148,1303,Success
ENSMUSG00000029780,ENSMUST00000031793.8,appris_principal_1,1676,996,123,557,687,Success
ENSMUSG00000037826,ENSMUST00000042766.6,appris_principal_1,5560,1119,225,4216,4448,Success
ENSMUSG00000043162,ENSMUST00000053386.6,appris_principal_1,3573,339,73,3161,3241,Success
ENSMUSG00000062190,ENSMUST00000072954.8,appris_principal_1,2245,1353,520,372,899,Success
ENSMUSG00000037788,ENSMUST00000114297.5,appris_principal_1,2919,519,179,2221,2407,Success
ENSMUSG00000029804,ENSMUST00000041401.11,appris_principal_1,4731,3153,101,1477,1585,Success
ENSMUSG00000055430,ENSMUST00000059539.5,appris_principal_1,1844,471,109,1264,1380,Success
ENSMUSG00000037709,ENSMUST00000089860.12,appris_principal_1,5786,2082,209,3495,3711,Success
ENSMUSG00000049232,ENSMUST00000062626.4,appris_principal_1,3007,1578,1123,306,1436,Success
ENSMUSG00000025889,ENSMUST00000163779.8,appris_principal_1,1188,423,211,554,772,Success
ENSMUSG00000029920,ENSMUST00000031984.9,appris_principal_1,5168,3066,403,1699,2109,Success
ENSMUSG00000029913,ENSMUST00000031976.14,appris_principal_1,2155,1800,113,242,362,Success
ENSMUSG00000036402,ENSMUST00000043148.13,appris_principal_1,4248,219,268,3761,4036,Success
ENSMUSG00000036390,ENSMUST00000043098.9,appris_principal_1,1223,498,162,563,732,Success
ENSMUSG00000053604,ENSMUST00000066134.6,appris_principal_1,1829,912,83,834,924,Success
ENSMUSG00000053012,ENSMUST00000204436.3,appris_principal_1,1687,771,353,563,923,Success
ENSMUSG00000002222,ENSMUST00000002292.15,appris_principal_1,6165,1176,498,4491,4996,Success
ENSMUSG00000052656,ENSMUST00000064637.11,appris_principal_1,3264,2052,769,443,1219,Success
ENSMUSG00000053119,ENSMUST00000059462.12,appris_principal_1,2654,675,192,1787,1986,Success
ENSMUSG00000053470,ENSMUST00000065509.11,appris_principal_1,4816,3972,181,663,851,Success
ENSMUSG00000052852,ENSMUST00000212792.2,appris_principal_3,3339,855,100,2384,2491,Success
ENSMUSG00000052962,ENSMUST00000065103.4,appris_principal_1,3721,567,52,3102,3161,Success
ENSMUSG00000052337,ENSMUST00000101301.10,appris_principal_3,2299,2241,58,0,0,Short_or_Missing_UTRs
ENSMUSG00000056091,ENSMUST00000069994.11,Ensembl_canonical,2258,1245,112,901,1020,Success
ENSMUSG00000037621,ENSMUST00000042646.8,appris_principal_1,2355,969,413,973,1393,Success
ENSMUSG00000055912,ENSMUST00000069695.9,appris_principal_1,1546,816,215,515,737,Success
ENSMUSG00000073002,ENSMUST00000101285.10,appris_principal_1,623,309,39,275,321,Success
ENSMUSG00000050732,ENSMUST00000059983.10,appris_principal_1,820,306,227,287,521,Success
ENSMUSG00000053460,ENSMUST00000065906.9,appris_principal_1,2929,2274,99,556,662,Success
ENSMUSG00000053907,ENSMUST00000059472.10,appris_principal_1,2804,1188,122,1494,1623,Success
ENSMUSG00000056737,ENSMUST00000071044.13,appris_principal_1,1247,1050,89,108,204,Success
ENSMUSG00000056698,ENSMUST00000114069.8,appris_principal_1,2164,1146,279,739,1025,Success
ENSMUSG00000056666,ENSMUST00000070597.13,appris_principal_1,3027,1830,153,1044,1204,Success
ENSMUSG00000056429,ENSMUST00000070524.5,appris_principal_1,5013,1062,278,3673,3958,Success
ENSMUSG00000055799,ENSMUST00000069536.12,appris_principal_2,3042,1758,302,982,1291,Success
ENSMUSG00000055239,ENSMUST00000068697.11,appris_principal_1,3251,1146,350,1755,2112,Success
ENSMUSG00000079523,ENSMUST00000114050.8,appris_principal_1,570,135,164,271,442,Success
ENSMUSG00000030042,ENSMUST00000160281.8,Ensembl_canonical,648,360,31,257,295,Success
ENSMUSG00000000628,ENSMUST00000000642.11,appris_principal_1,5513,2754,474,2285,2766,Success
ENSMUSG00000000627,ENSMUST00000000641.15,appris_principal_1,4086,2334,146,1606,1759,Success
ENSMUSG00000000693,ENSMUST00000000707.9,appris_principal_1,4098,2265,144,1689,1840,Success
ENSMUSG00000068329,ENSMUST00000089645.13,appris_principal_1,1725,1377,145,203,355,Success
ENSMUSG00000030036,ENSMUST00000032114.8,appris_principal_1,2780,2505,85,190,282,Success
ENSMUSG00000034930,ENSMUST00000065512.11,Ensembl_canonical,2191,1695,137,359,503,Success
ENSMUSG00000030032,ENSMUST00000153148.8,appris_principal_1,4634,1005,224,3405,3636,Success
ENSMUSG00000031865,ENSMUST00000113919.10,appris_principal_1,4292,3846,287,159,453,Success
ENSMUSG00000005667,ENSMUST00000005810.9,appris_principal_1,2085,1053,77,955,1039,Success
ENSMUSG00000043131,ENSMUST00000055261.11,appris_principal_1,4412,651,238,3523,3768,Success
ENSMUSG00000045160,ENSMUST00000136501.2,appris_principal_2,2312,333,55,1924,1986,Success
ENSMUSG00000006906,ENSMUST00000206400.2,appris_principal_1,2144,1275,106,763,876,Success
ENSMUSG00000014748,ENSMUST00000014892.8,appris_principal_1,2984,591,90,2303,2400,Success
ENSMUSG00000034744,ENSMUST00000037376.14,appris_principal_1,1405,1032,272,101,380,Success
ENSMUSG00000045896,ENSMUST00000058383.9,appris_principal_1,3982,411,136,3435,3578,Success
ENSMUSG00000030016,ENSMUST00000204751.3,appris_principal_2,9033,5781,325,2927,3259,Success
ENSMUSG00000033788,ENSMUST00000204591.3,Ensembl_canonical,6641,6363,213,65,285,Success
ENSMUSG00000063415,ENSMUST00000204146.3,appris_principal_1,4495,1539,633,2323,2963,Success
ENSMUSG00000033769,ENSMUST00000160197.6,appris_principal_1,5439,2433,108,2898,3013,Success
ENSMUSG00000033735,ENSMUST00000045986.8,appris_principal_1,1230,789,21,420,448,Short_or_Missing_UTRs
ENSMUSG00000051343,ENSMUST00000060837.10,appris_principal_2,4035,1938,36,2061,2104,Success
ENSMUSG00000030008,ENSMUST00000032080.9,appris_principal_1,1038,567,104,367,478,Success
ENSMUSG00000030002,ENSMUST00000032071.13,appris_principal_1,6435,966,132,5337,5476,Success
ENSMUSG00000029999,ENSMUST00000032066.13,appris_principal_1,4527,480,283,3764,4054,Success
ENSMUSG00000057497,ENSMUST00000071492.9,appris_principal_1,1643,417,87,1139,1233,Success
ENSMUSG00000029998,ENSMUST00000032065.15,appris_principal_1,4295,1518,70,2707,2784,Success
ENSMUSG00000071337,ENSMUST00000095753.9,Ensembl_canonical,4477,1161,278,3038,3323,Success
ENSMUSG00000046679,ENSMUST00000050497.14,appris_principal_1,2534,1725,375,434,816,Success
ENSMUSG00000051695,ENSMUST00000053015.7,appris_principal_1,1830,1071,406,353,766,Success
ENSMUSG00000001156,ENSMUST00000001184.10,appris_principal_1,4666,684,153,3829,3989,Success
ENSMUSG00000001157,ENSMUST00000001185.14,appris_principal_1,2949,1575,219,1155,1381,Success
ENSMUSG00000029994,ENSMUST00000113675.8,appris_principal_1,2030,960,146,924,1077,Success
ENSMUSG00000029993,ENSMUST00000120240.8,Ensembl_canonical,1195,771,305,119,431,Success
ENSMUSG00000029992,ENSMUST00000113658.8,appris_principal_1,6238,2046,153,4039,4199,Success
ENSMUSG00000033420,ENSMUST00000042025.12,appris_principal_2,5253,1689,322,3242,3571,Success
ENSMUSG00000030051,ENSMUST00000032130.8,appris_principal_1,1889,1500,238,151,396,Success
ENSMUSG00000030057,ENSMUST00000204890.3,appris_principal_3,1614,516,141,957,1105,Success
ENSMUSG00000030058,ENSMUST00000113607.10,appris_principal_1,4140,2625,222,1293,1522,Success
ENSMUSG00000079477,ENSMUST00000113600.10,appris_principal_1,2159,624,206,1329,1542,Success
ENSMUSG00000015053,ENSMUST00000170089.8,appris_principal_1,3135,1443,154,1538,1699,Success
ENSMUSG00000033216,ENSMUST00000165242.4,appris_principal_1,2679,1752,60,867,934,Success
ENSMUSG00000030082,ENSMUST00000032168.7,appris_principal_1,3172,1431,213,1528,1748,Success
ENSMUSG00000033174,ENSMUST00000113585.9,appris_principal_1,3676,912,180,2584,2771,Success
ENSMUSG00000030083,ENSMUST00000032169.8,appris_principal_1,1845,1437,76,332,415,Success
ENSMUSG00000002870,ENSMUST00000058011.8,appris_principal_1,3371,2715,130,526,663,Success
ENSMUSG00000030086,ENSMUST00000032172.14,appris_principal_1,1121,822,107,192,306,Success
ENSMUSG00000000811,ENSMUST00000000828.14,appris_principal_1,2836,1848,256,732,995,Success
ENSMUSG00000034430,ENSMUST00000045740.8,appris_principal_2,1612,1539,51,22,80,Short_or_Missing_UTRs
ENSMUSG00000030087,ENSMUST00000032174.12,appris_principal_1,2373,1248,175,950,1132,Success
ENSMUSG00000034312,ENSMUST00000101153.10,appris_principal_2,8036,2886,257,4893,5157,Success
ENSMUSG00000030091,ENSMUST00000032179.14,appris_principal_2,7037,5661,45,1331,1383,Success
ENSMUSG00000034203,ENSMUST00000040835.9,appris_principal_1,3472,420,209,2843,3059,Success
ENSMUSG00000030095,ENSMUST00000032183.6,appris_principal_1,2903,1203,184,1516,1707,Success
ENSMUSG00000034192,ENSMUST00000040607.6,appris_principal_1,743,309,130,304,441,Success
ENSMUSG00000030096,ENSMUST00000032185.9,appris_principal_1,6186,1866,311,4009,4327,Success
ENSMUSG00000034083,ENSMUST00000037783.7,appris_principal_1,1752,1404,92,256,355,Success
ENSMUSG00000005893,ENSMUST00000113463.8,Ensembl_canonical,2368,1890,406,72,485,Success
ENSMUSG00000014551,ENSMUST00000140438.2,appris_principal_1,6073,516,60,5497,5564,Success
ENSMUSG00000014550,ENSMUST00000014694.11,appris_principal_1,5334,2352,384,2598,2989,Success
ENSMUSG00000045100,ENSMUST00000061118.11,appris_principal_1,1922,825,94,1003,1104,Success
ENSMUSG00000030029,ENSMUST00000032105.11,appris_principal_1,4831,3276,460,1095,1562,Success
ENSMUSG00000030031,ENSMUST00000032107.10,appris_principal_1,4869,1800,219,2850,3076,Success
ENSMUSG00000061838,ENSMUST00000204224.3,appris_principal_1,3367,1302,25,2040,2072,Short_or_Missing_UTRs
ENSMUSG00000035245,ENSMUST00000054344.11,appris_principal_1,4424,1584,804,2036,2847,Success
ENSMUSG00000030059,ENSMUST00000095664.6,appris_principal_1,5732,3276,99,2357,2463,Success
ENSMUSG00000035199,ENSMUST00000044681.7,appris_principal_1,1442,567,132,743,882,Success
ENSMUSG00000030064,ENSMUST00000032146.14,Ensembl_canonical,3159,3108,51,0,0,Short_or_Missing_UTRs
ENSMUSG00000035158,ENSMUST00000043637.14,Ensembl_canonical,4881,1581,126,3174,3307,Success
ENSMUSG00000035378,ENSMUST00000113312.9,appris_principal_1,6816,1710,96,5010,5113,Success
ENSMUSG00000052144,ENSMUST00000063854.7,appris_principal_1,4874,1254,262,3358,3627,Success
ENSMUSG00000013736,ENSMUST00000113249.8,appris_principal_1,1614,1305,51,258,316,Success
ENSMUSG00000034648,ENSMUST00000049285.10,appris_principal_1,3700,2151,728,821,1556,Success
ENSMUSG00000030101,ENSMUST00000032191.16,appris_principal_1,2593,1119,26,1448,1481,Short_or_Missing_UTRs
ENSMUSG00000030103,ENSMUST00000032194.11,appris_principal_1,3113,1236,284,1593,1884,Success
ENSMUSG00000030105,ENSMUST00000032196.9,appris_principal_1,4443,561,156,3726,3889,Success
ENSMUSG00000030104,ENSMUST00000089162.5,appris_principal_1,5817,1959,66,3792,3865,Success
ENSMUSG00000057604,ENSMUST00000032376.6,appris_principal_1,1730,1098,173,459,639,Success
ENSMUSG00000030254,ENSMUST00000113182.8,appris_principal_2,2220,1350,10,860,877,Short_or_Missing_UTRs
ENSMUSG00000030264,ENSMUST00000032398.15,appris_principal_1,2163,1518,198,447,652,Success
ENSMUSG00000034269,ENSMUST00000113157.8,Ensembl_canonical,6527,4383,190,1954,2151,Success
ENSMUSG00000030269,ENSMUST00000113146.9,appris_principal_1,2676,1947,123,606,736,Success
ENSMUSG00000001632,ENSMUST00000203577.2,Ensembl_canonical,4468,3759,151,558,716,Success
ENSMUSG00000030271,ENSMUST00000032406.15,appris_principal_1,1549,1038,254,257,518,Success
ENSMUSG00000030272,ENSMUST00000032409.15,appris_principal_1,1496,1125,181,190,378,Success
ENSMUSG00000048930,ENSMUST00000032410.14,appris_principal_1,2848,1299,586,963,1556,Success
ENSMUSG00000079426,ENSMUST00000156898.5,appris_principal_1,2270,507,91,1672,1770,Success
ENSMUSG00000051256,ENSMUST00000101070.5,appris_principal_1,1201,552,140,509,656,Success
ENSMUSG00000030286,ENSMUST00000032425.7,appris_principal_1,1985,786,170,1029,1206,Success
ENSMUSG00000033933,ENSMUST00000035673.8,appris_principal_1,2792,546,182,2064,2253,Success
ENSMUSG00000060477,ENSMUST00000059286.14,appris_principal_2,3196,1869,81,1246,1334,Success
ENSMUSG00000030298,ENSMUST00000032440.6,appris_principal_1,1353,969,96,288,391,Success
ENSMUSG00000030314,ENSMUST00000032457.17,appris_principal_2,3761,2097,73,1591,1671,Success
ENSMUSG00000030315,ENSMUST00000032459.14,appris_principal_1,2028,864,423,741,1171,Success
ENSMUSG00000000440,ENSMUST00000171644.8,appris_principal_1,2125,1428,493,204,704,Success
ENSMUSG00000042389,ENSMUST00000040234.9,appris_principal_1,2106,1383,85,638,730,Success
ENSMUSG00000000439,ENSMUST00000000449.9,appris_principal_1,6230,1251,86,4893,4986,Success
ENSMUSG00000000441,ENSMUST00000112949.8,appris_principal_1,2946,1947,302,697,1006,Success
ENSMUSG00000030319,ENSMUST00000075995.7,appris_principal_1,5474,3708,73,1693,1773,Success
ENSMUSG00000030323,ENSMUST00000112923.7,Ensembl_canonical,3765,3726,34,5,46,Short_or_Missing_UTRs
ENSMUSG00000030123,ENSMUST00000015511.15,appris_principal_1,6907,5778,200,929,1136,Success
ENSMUSG00000030126,ENSMUST00000088896.10,appris_principal_1,5838,1950,412,3476,3895,Success
ENSMUSG00000042213,ENSMUST00000036503.14,appris_principal_1,3123,2220,88,815,910,Success
ENSMUSG00000025702,ENSMUST00000079012.13,appris_principal_2,4450,861,375,3214,3596,Success
ENSMUSG00000059878,ENSMUST00000079749.6,appris_principal_1,3187,714,166,2307,2480,Success
ENSMUSG00000042129,ENSMUST00000035842.7,appris_principal_1,6460,969,261,5230,5498,Success
ENSMUSG00000061353,ENSMUST00000073043.5,Ensembl_canonical,5627,360,79,5188,5274,Success
ENSMUSG00000042079,ENSMUST00000167182.8,appris_principal_1,2271,1248,406,617,1030,Success
ENSMUSG00000042042,ENSMUST00000049344.15,appris_principal_1,3661,1629,382,1650,2039,Success
ENSMUSG00000030145,ENSMUST00000069292.14,appris_principal_1,3683,1731,375,1577,1959,Success
ENSMUSG00000072623,ENSMUST00000161170.2,appris_principal_1,3968,1365,218,2385,2610,Success
ENSMUSG00000007827,ENSMUST00000112830.3,appris_principal_1,6930,5046,169,1715,1891,Success
ENSMUSG00000041477,ENSMUST00000073909.6,appris_principal_2,1748,1638,5,105,117,Short_or_Missing_UTRs
ENSMUSG00000030168,ENSMUST00000032272.13,appris_principal_1,4184,1161,373,2650,3030,Success
ENSMUSG00000030170,ENSMUST00000117171.8,appris_principal_1,2174,1080,227,867,1101,Success
ENSMUSG00000030019,ENSMUST00000032094.7,appris_principal_1,2963,1203,192,1568,1767,Success
ENSMUSG00000030172,ENSMUST00000183703.8,appris_principal_3,8760,3363,568,4829,5404,Success
ENSMUSG00000030166,ENSMUST00000032269.12,appris_principal_2,1617,1260,67,290,364,Success
ENSMUSG00000045962,ENSMUST00000060043.13,appris_principal_2,10575,7134,1040,2401,3448,Success
ENSMUSG00000030177,ENSMUST00000032283.12,appris_principal_1,2610,1470,119,1021,1147,Success
ENSMUSG00000030180,ENSMUST00000005108.10,appris_principal_1,10944,5073,490,5381,5878,Success
ENSMUSG00000002897,ENSMUST00000002976.5,appris_principal_1,7752,2595,82,5075,5164,Success
ENSMUSG00000058979,ENSMUST00000075303.7,appris_principal_1,1928,1260,27,641,675,Short_or_Missing_UTRs
ENSMUSG00000071226,ENSMUST00000100993.9,Ensembl_canonical,4849,4362,0,487,0,Short_or_Missing_UTRs
ENSMUSG00000019210,ENSMUST00000019354.11,appris_principal_1,1312,681,173,458,638,Success
ENSMUSG00000009112,ENSMUST00000009256.4,appris_principal_1,6925,1305,169,5451,5627,Success
ENSMUSG00000004446,ENSMUST00000004560.12,appris_principal_1,2189,588,174,1427,1608,Success
ENSMUSG00000051586,ENSMUST00000238968.2,appris_principal_3,9357,6135,276,2946,3229,Success
ENSMUSG00000030107,ENSMUST00000032198.11,appris_principal_1,1771,1107,264,400,671,Success
ENSMUSG00000007458,ENSMUST00000007602.15,appris_principal_1,2515,837,448,1230,1685,Success
ENSMUSG00000040669,ENSMUST00000079560.10,appris_principal_1,3839,3033,44,762,813,Success
ENSMUSG00000040649,ENSMUST00000068242.9,appris_principal_1,4725,1164,465,3096,3568,Success
ENSMUSG00000003153,ENSMUST00000032476.11,appris_principal_1,3959,1482,355,2122,2484,Success
ENSMUSG00000003154,ENSMUST00000003238.14,appris_principal_1,5283,1698,1071,2514,3592,Success
ENSMUSG00000030327,ENSMUST00000032477.6,appris_principal_1,2476,828,95,1553,1655,Success
ENSMUSG00000005069,ENSMUST00000112531.8,appris_principal_3,3075,1809,114,1152,1273,Success
ENSMUSG00000008153,ENSMUST00000112523.8,appris_principal_2,3703,2760,110,833,950,Success
ENSMUSG00000004270,ENSMUST00000004381.14,appris_principal_1,2281,1464,182,635,824,Success
ENSMUSG00000004264,ENSMUST00000004375.16,appris_principal_1,1318,900,101,317,425,Success
ENSMUSG00000004266,ENSMUST00000004377.15,Ensembl_canonical,2308,1794,113,401,521,Success
ENSMUSG00000004267,ENSMUST00000004378.15,appris_principal_1,2795,1305,252,1238,1497,Success
ENSMUSG00000038451,ENSMUST00000047760.10,appris_principal_1,1213,795,198,220,425,Success
ENSMUSG00000023456,ENSMUST00000172132.10,appris_principal_1,1607,750,174,683,864,Success
ENSMUSG00000038429,ENSMUST00000047510.10,Ensembl_canonical,3213,2577,89,547,643,Success
ENSMUSG00000023191,ENSMUST00000023958.10,appris_principal_1,2850,2199,65,586,658,Success
ENSMUSG00000030122,ENSMUST00000032216.7,appris_principal_1,1149,306,342,501,850,Success
ENSMUSG00000030120,ENSMUST00000180095.4,appris_principal_1,1475,744,183,548,738,Success
ENSMUSG00000038346,ENSMUST00000112427.8,Ensembl_canonical,3072,1755,282,1035,1324,Success
ENSMUSG00000057666,ENSMUST00000118875.8,appris_principal_1,1420,1002,240,178,425,Success
ENSMUSG00000038252,ENSMUST00000043848.11,appris_principal_1,4629,4179,223,227,457,Success
ENSMUSG00000030339,ENSMUST00000032489.8,appris_principal_1,2107,1248,200,659,866,Success
ENSMUSG00000030340,ENSMUST00000081440.14,appris_principal_2,3499,2100,544,855,1406,Success
ENSMUSG00000030341,ENSMUST00000032491.15,appris_principal_1,2156,1365,301,490,798,Success
ENSMUSG00000030347,ENSMUST00000032497.7,appris_principal_1,2501,1659,78,764,849,Success
ENSMUSG00000000184,ENSMUST00000000188.12,appris_principal_1,6330,870,287,5173,5467,Success
ENSMUSG00000030352,ENSMUST00000112173.8,appris_principal_1,3819,720,67,3032,3106,Success
ENSMUSG00000001521,ENSMUST00000001562.9,appris_principal_1,3374,1383,73,1918,1998,Success
ENSMUSG00000048668,ENSMUST00000112152.8,appris_principal_1,2015,708,656,651,1314,Success
ENSMUSG00000001517,ENSMUST00000073316.13,appris_principal_1,4652,2274,198,2180,2385,Success
ENSMUSG00000030357,ENSMUST00000032508.11,appris_principal_1,2217,1377,167,673,847,Success
ENSMUSG00000030161,ENSMUST00000032264.9,appris_principal_1,1820,354,287,1179,1473,Success
ENSMUSG00000030188,ENSMUST00000032307.12,appris_principal_1,767,447,79,241,327,Success
ENSMUSG00000030189,ENSMUST00000087865.4,appris_principal_2,1684,879,221,584,812,Success
ENSMUSG00000072704,ENSMUST00000100864.7,appris_principal_1,2842,204,505,2133,2645,Success
ENSMUSG00000030199,ENSMUST00000081028.13,appris_principal_1,5545,1458,406,3681,4094,Success
ENSMUSG00000030201,ENSMUST00000032322.15,appris_principal_1,9368,4842,216,4310,4533,Success
ENSMUSG00000032718,ENSMUST00000047443.5,appris_principal_1,2376,1245,370,761,1138,Success
ENSMUSG00000030203,ENSMUST00000100857.10,appris_principal_1,5104,1983,710,2411,3128,Success
ENSMUSG00000032652,ENSMUST00000046303.12,appris_principal_1,3629,372,276,2981,3264,Success
ENSMUSG00000003031,ENSMUST00000067327.11,appris_principal_1,4552,594,519,3439,3965,Success
ENSMUSG00000046733,ENSMUST00000050104.8,appris_principal_1,2083,1071,136,876,1019,Success
ENSMUSG00000030207,ENSMUST00000111915.8,appris_principal_1,4221,1875,88,2258,2353,Success
ENSMUSG00000030208,ENSMUST00000205156.3,appris_principal_1,2911,483,395,2033,2435,Success
ENSMUSG00000030213,ENSMUST00000032335.13,appris_principal_1,8059,3921,169,3969,4145,Success
ENSMUSG00000030216,ENSMUST00000116514.4,appris_principal_1,2739,1926,259,554,820,Success
ENSMUSG00000030220,ENSMUST00000111892.8,appris_principal_1,1153,603,78,472,557,Success
ENSMUSG00000030222,ENSMUST00000032347.11,appris_principal_1,2075,600,167,1308,1482,Success
ENSMUSG00000015766,ENSMUST00000058210.13,appris_principal_1,4567,2466,330,1771,2108,Success
ENSMUSG00000030225,ENSMUST00000087675.9,appris_principal_1,1729,957,50,722,779,Success
ENSMUSG00000008540,ENSMUST00000008684.11,appris_principal_1,1167,468,322,377,706,Success
ENSMUSG00000030232,ENSMUST00000249348.1,appris_principal_2,2430,867,98,1465,1570,Success
ENSMUSG00000041671,ENSMUST00000041852.8,appris_principal_1,2831,1497,79,1255,1341,Success
ENSMUSG00000030243,ENSMUST00000111803.9,appris_principal_1,3389,1947,98,1344,1449,Success
ENSMUSG00000030245,ENSMUST00000032372.7,appris_principal_1,2818,417,124,2277,2408,Success
ENSMUSG00000030246,ENSMUST00000032373.12,appris_principal_1,1304,1005,111,188,306,Success
ENSMUSG00000030279,ENSMUST00000203673.3,Ensembl_canonical,3332,3159,102,71,180,Success
ENSMUSG00000030275,ENSMUST00000032413.7,appris_principal_1,6433,1092,251,5090,5348,Success
ENSMUSG00000041540,ENSMUST00000038815.14,appris_principal_1,7243,2292,112,4839,4958,Success
ENSMUSG00000030268,ENSMUST00000111742.8,appris_principal_1,2556,1161,290,1105,1402,Success
ENSMUSG00000040370,ENSMUST00000111725.8,appris_principal_1,872,261,386,225,618,Success
ENSMUSG00000030265,ENSMUST00000111710.8,Ensembl_canonical,1194,570,140,484,631,Success
ENSMUSG00000030259,ENSMUST00000111704.8,appris_principal_1,5446,1260,295,3891,4193,Success
ENSMUSG00000030256,ENSMUST00000032386.11,appris_principal_1,6133,1233,291,4609,4907,Success
ENSMUSG00000030255,ENSMUST00000032383.14,appris_principal_1,4431,651,52,3728,3787,Success
ENSMUSG00000040250,ENSMUST00000032427.15,appris_principal_1,3059,2199,546,314,867,Success
ENSMUSG00000040242,ENSMUST00000067404.13,appris_principal_1,2766,648,352,1766,2125,Success
ENSMUSG00000040234,ENSMUST00000037709.16,appris_principal_1,3241,1698,136,1407,1550,Success
ENSMUSG00000001630,ENSMUST00000001675.14,appris_principal_1,4550,1395,64,3091,3162,Success
ENSMUSG00000016487,ENSMUST00000111623.9,Ensembl_canonical,4782,2943,214,1625,1846,Success
ENSMUSG00000040102,ENSMUST00000036003.8,appris_principal_1,6267,1482,153,4632,4792,Success
ENSMUSG00000030304,ENSMUST00000136008.8,appris_principal_1,4174,1134,442,2598,3047,Success
ENSMUSG00000040029,ENSMUST00000048418.14,appris_principal_1,5360,3033,220,2107,2334,Success
ENSMUSG00000030309,ENSMUST00000111569.9,appris_principal_2,3697,3096,263,338,608,Success
ENSMUSG00000030313,ENSMUST00000111557.8,appris_principal_1,9831,3825,371,5635,6013,Success
ENSMUSG00000003452,ENSMUST00000003544.14,Ensembl_canonical,2928,2928,0,0,0,Short_or_Missing_UTRs
ENSMUSG00000068566,ENSMUST00000203328.4,appris_principal_1,1898,963,336,599,942,Success
ENSMUSG00000035674,ENSMUST00000076657.11,appris_principal_1,515,255,25,235,267,Short_or_Missing_UTRs
ENSMUSG00000078813,ENSMUST00000019878.8,appris_principal_1,2222,786,393,1043,1443,Success
ENSMUSG00000035596,ENSMUST00000038608.14,appris_principal_1,2878,1422,786,670,1463,Success
ENSMUSG00000035585,ENSMUST00000108630.8,Ensembl_canonical,1779,951,519,309,835,Success
ENSMUSG00000006333,ENSMUST00000006496.15,appris_principal_1,751,585,97,69,173,Success
ENSMUSG00000035545,ENSMUST00000121270.8,appris_principal_1,3620,2406,145,1069,1221,Success
ENSMUSG00000043432,ENSMUST00000058358.8,appris_principal_1,2460,1458,699,303,1009,Success
ENSMUSG00000019254,ENSMUST00000013886.9,appris_principal_1,2983,2349,82,552,641,Success
ENSMUSG00000052296,ENSMUST00000064099.8,appris_principal_1,3862,2571,545,746,1298,Success
ENSMUSG00000059851,ENSMUST00000098853.9,appris_principal_1,2189,1407,159,623,789,Success
ENSMUSG00000030432,ENSMUST00000032597.12,appris_principal_1,1106,414,133,559,699,Success
ENSMUSG00000074406,ENSMUST00000116354.4,appris_principal_1,3523,3117,301,105,413,Success
ENSMUSG00000051550,ENSMUST00000162731.2,appris_principal_1,2489,1689,430,370,807,Success
ENSMUSG00000061374,ENSMUST00000167804.9,appris_principal_1,2637,1503,178,956,1141,Success
ENSMUSG00000055633,ENSMUST00000069324.7,appris_principal_2,1096,519,189,388,584,Success
ENSMUSG00000030435,ENSMUST00000209099.2,Ensembl_canonical,2088,1428,43,617,667,Success
ENSMUSG00000046792,ENSMUST00000094870.3,appris_principal_1,1897,1146,137,614,758,Success
ENSMUSG00000034538,ENSMUST00000051435.8,appris_principal_1,2725,1959,202,564,773,Success
ENSMUSG00000000605,ENSMUST00000210594.2,appris_principal_2,2539,2064,393,82,482,Success
ENSMUSG00000030393,ENSMUST00000032551.8,appris_principal_1,4199,1392,259,2548,2814,Success
ENSMUSG00000034071,ENSMUST00000080348.12,appris_principal_1,2591,2091,263,237,507,Success
ENSMUSG00000030386,ENSMUST00000098822.10,appris_principal_1,4748,2385,466,1897,2370,Success
ENSMUSG00000057894,ENSMUST00000072222.8,appris_principal_1,6727,1569,113,5045,5165,Success
ENSMUSG00000058638,ENSMUST00000004614.15,appris_principal_1,3591,2499,440,652,1099,Success
ENSMUSG00000004500,ENSMUST00000038701.8,appris_principal_1,4315,1752,378,2185,2570,Success
ENSMUSG00000005575,ENSMUST00000005714.14,appris_principal_1,1472,552,544,376,927,Success
ENSMUSG00000056394,ENSMUST00000177588.10,appris_principal_1,3174,2751,274,149,430,Success
ENSMUSG00000074364,ENSMUST00000098799.5,appris_principal_1,5119,1632,204,3283,3494,Success
ENSMUSG00000041420,ENSMUST00000002495.18,appris_principal_1,1731,1137,126,468,601,Success
ENSMUSG00000091811,ENSMUST00000169612.3,appris_principal_1,1605,393,327,885,1219,Success
ENSMUSG00000002083,ENSMUST00000002152.13,appris_principal_1,1814,582,261,971,1239,Success
ENSMUSG00000052833,ENSMUST00000210999.2,appris_principal_1,1254,1053,56,145,208,Success
ENSMUSG00000059273,ENSMUST00000249896.1,appris_principal_2,6164,3915,65,2184,2256,Success
ENSMUSG00000058230,ENSMUST00000075845.11,appris_principal_1,9147,4500,713,3934,4654,Success
ENSMUSG00000008036,ENSMUST00000086112.8,appris_principal_1,836,429,126,281,414,Success
ENSMUSG00000001918,ENSMUST00000108496.9,appris_principal_1,2764,1668,561,535,1103,Success
ENSMUSG00000048920,ENSMUST00000061390.9,appris_principal_1,2827,1485,137,1205,1349,Success
ENSMUSG00000030374,ENSMUST00000019220.16,Ensembl_canonical,3535,2283,464,788,1259,Success
ENSMUSG00000041187,ENSMUST00000168093.9,appris_principal_1,3251,2628,274,349,630,Success
ENSMUSG00000041117,ENSMUST00000247846.1,appris_principal_1,4809,2268,1670,871,2548,Success
ENSMUSG00000030411,ENSMUST00000220302.2,appris_principal_1,8372,1479,192,6701,6900,Success
ENSMUSG00000044030,ENSMUST00000053713.5,appris_principal_1,2734,1755,393,586,986,Success
ENSMUSG00000023118,ENSMUST00000023882.14,appris_principal_1,4116,3867,149,100,256,Success
ENSMUSG00000030410,ENSMUST00000032570.14,appris_principal_2,2494,1998,43,453,503,Success
ENSMUSG00000030409,ENSMUST00000108473.10,appris_principal_2,2588,1614,110,864,981,Success
ENSMUSG00000040841,ENSMUST00000049454.6,appris_principal_1,3007,2160,43,804,854,Success
ENSMUSG00000050428,ENSMUST00000053109.5,appris_principal_1,4873,1812,158,2903,3068,Success
ENSMUSG00000030407,ENSMUST00000032566.3,appris_principal_1,2710,1152,106,1452,1565,Success
ENSMUSG00000040811,ENSMUST00000120595.8,appris_principal_2,2255,1950,34,271,312,Success
ENSMUSG00000030403,ENSMUST00000032561.9,appris_principal_1,2215,1128,299,788,1094,Success
ENSMUSG00000030401,ENSMUST00000108468.5,appris_principal_2,1076,615,95,366,468,Success
ENSMUSG00000040734,ENSMUST00000047621.14,appris_principal_1,3130,2475,127,528,662,Success
ENSMUSG00000030400,ENSMUST00000062831.16,appris_principal_1,3578,2283,45,1250,1302,Success
ENSMUSG00000030397,ENSMUST00000085715.7,appris_principal_1,3886,2259,327,1300,1634,Success
ENSMUSG00000051403,ENSMUST00000058444.10,appris_principal_1,3816,2139,1046,631,1684,Success
ENSMUSG00000061028,ENSMUST00000086041.7,appris_principal_1,2180,2007,92,81,180,Success
ENSMUSG00000002983,ENSMUST00000094762.10,appris_principal_1,2209,1677,196,336,539,Success
ENSMUSG00000002985,ENSMUST00000174064.9,appris_principal_1,1408,936,201,271,479,Success
ENSMUSG00000062300,ENSMUST00000075447.14,appris_principal_1,2735,1593,271,871,1149,Success
ENSMUSG00000002980,ENSMUST00000003061.14,appris_principal_1,2429,1869,77,483,567,Success
ENSMUSG00000053175,ENSMUST00000120537.8,appris_principal_1,1850,1347,93,410,510,Success
ENSMUSG00000057101,ENSMUST00000068975.6,appris_principal_1,3901,1968,345,1588,1940,Success
ENSMUSG00000047603,ENSMUST00000056549.9,appris_principal_1,3373,2109,289,975,1271,Success
ENSMUSG00000074277,ENSMUST00000206422.2,appris_principal_1,2564,1947,299,318,624,Success
ENSMUSG00000040952,ENSMUST00000108430.10,appris_principal_1,774,438,297,39,343,Success
ENSMUSG00000040940,ENSMUST00000117796.8,appris_principal_2,3508,2931,235,342,584,Success
ENSMUSG00000003380,ENSMUST00000076961.9,appris_principal_1,899,558,172,169,348,Success
ENSMUSG00000045252,ENSMUST00000179556.2,appris_principal_1,4140,2703,202,1235,1444,Success
ENSMUSG00000054499,ENSMUST00000058702.7,appris_principal_1,1828,993,135,700,842,Success
ENSMUSG00000057177,ENSMUST00000071739.12,appris_principal_2,2260,1473,191,596,794,Success
ENSMUSG00000040857,ENSMUST00000045847.15,appris_principal_1,3505,1656,161,1688,1856,Success
ENSMUSG00000005442,ENSMUST00000169266.8,appris_principal_1,8221,7533,64,624,695,Success
ENSMUSG00000045039,ENSMUST00000128119.2,appris_principal_1,10040,8370,343,1327,1677,Success
ENSMUSG00000003123,ENSMUST00000003207.11,appris_principal_2,3613,2409,770,434,1211,Success
ENSMUSG00000002603,ENSMUST00000002678.10,appris_principal_1,2175,1173,867,135,1009,Success
ENSMUSG00000002608,ENSMUST00000002683.3,appris_principal_1,3032,1023,122,1887,2016,Success
ENSMUSG00000040725,ENSMUST00000206832.2,appris_principal_1,3784,2580,122,1082,1211,Success
ENSMUSG00000002602,ENSMUST00000002677.11,Ensembl_canonical,4265,2667,209,1389,1605,Success
ENSMUSG00000040703,ENSMUST00000043314.10,appris_principal_1,2745,1506,151,1088,1246,Success
ENSMUSG00000061479,ENSMUST00000163311.9,appris_principal_1,1288,864,226,198,431,Success
ENSMUSG00000003752,ENSMUST00000003850.8,appris_principal_1,3247,2037,141,1069,1217,Success
ENSMUSG00000063160,ENSMUST00000079258.7,appris_principal_1,2760,1815,213,732,952,Success
ENSMUSG00000089832,ENSMUST00000003857.7,appris_principal_1,2358,2115,63,180,250,Success
ENSMUSG00000055200,ENSMUST00000068641.8,appris_principal_1,1329,594,107,628,742,Success
ENSMUSG00000008384,ENSMUST00000008528.8,appris_principal_1,1233,711,172,350,529,Success
ENSMUSG00000003363,ENSMUST00000117095.8,appris_principal_1,2282,1467,517,298,822,Success
ENSMUSG00000004056,ENSMUST00000108344.9,appris_principal_1,4544,1446,413,2685,3105,Success
ENSMUSG00000030603,ENSMUST00000032824.10,appris_principal_1,1440,1257,83,100,190,Success
ENSMUSG00000002409,ENSMUST00000085901.13,appris_principal_1,2534,1890,273,371,651,Success
ENSMUSG00000003435,ENSMUST00000003527.10,appris_principal_1,3513,3249,34,230,271,Success
ENSMUSG00000037552,ENSMUST00000121085.8,Ensembl_canonical,4649,4098,351,200,558,Success
ENSMUSG00000044786,ENSMUST00000051241.7,appris_principal_2,2790,960,1056,774,1837,Success
ENSMUSG00000003444,ENSMUST00000003536.9,appris_principal_1,1281,600,45,636,688,Success
ENSMUSG00000003437,ENSMUST00000003529.9,appris_principal_1,2003,1608,257,138,402,Success
ENSMUSG00000030602,ENSMUST00000108283.8,appris_principal_1,2899,1782,286,831,1124,Success
ENSMUSG00000030595,ENSMUST00000032815.11,appris_principal_1,2061,1080,218,763,988,Success
ENSMUSG00000015149,ENSMUST00000072965.5,Ensembl_canonical,1843,1170,85,588,680,Success
ENSMUSG00000015165,ENSMUST00000174548.8,appris_principal_1,2679,1761,558,360,925,Success
ENSMUSG00000053898,ENSMUST00000066264.13,appris_principal_1,1267,984,144,139,290,Success
ENSMUSG00000054808,ENSMUST00000217157.2,appris_principal_1,3530,2799,157,574,738,Success
ENSMUSG00000030591,ENSMUST00000186182.2,appris_principal_1,1512,1062,28,422,457,Short_or_Missing_UTRs
ENSMUSG00000030588,ENSMUST00000032809.10,Ensembl_canonical,1111,936,38,137,182,Success
ENSMUSG00000030584,ENSMUST00000108231.8,Ensembl_canonical,2040,1197,130,713,850,Success
ENSMUSG00000030583,ENSMUST00000085809.11,appris_principal_1,7713,5331,616,1766,2389,Success
ENSMUSG00000046185,ENSMUST00000032802.5,appris_principal_1,4113,1680,176,2257,2440,Success
ENSMUSG00000059975,ENSMUST00000108205.9,appris_principal_1,3711,2040,220,1451,1678,Success
ENSMUSG00000053985,ENSMUST00000207873.2,appris_principal_1,3411,1506,211,1694,1912,Success
ENSMUSG00000049421,ENSMUST00000050735.12,appris_principal_1,4006,1224,1060,1722,2789,Success
ENSMUSG00000074220,ENSMUST00000098596.11,appris_principal_1,2117,1740,92,285,384,Success
ENSMUSG00000037029,ENSMUST00000062181.9,appris_principal_1,2029,879,682,468,1157,Success
ENSMUSG00000001794,ENSMUST00000001845.13,appris_principal_1,1600,807,228,565,800,Success
ENSMUSG00000037020,ENSMUST00000108190.8,appris_principal_1,4742,4575,84,83,174,Success
ENSMUSG00000013921,ENSMUST00000014065.16,appris_principal_1,3300,1644,149,1507,1663,Success
ENSMUSG00000006651,ENSMUST00000006828.9,appris_principal_1,2343,1965,67,311,385,Success
ENSMUSG00000036835,ENSMUST00000207747.2,appris_principal_1,669,306,231,132,370,Success
ENSMUSG00000036751,ENSMUST00000075738.6,appris_principal_1,618,261,109,248,364,Success
ENSMUSG00000036733,ENSMUST00000042726.14,appris_principal_2,1784,1437,240,107,354,Success
ENSMUSG00000078762,ENSMUST00000019697.9,appris_principal_1,2187,1860,66,261,334,Success
ENSMUSG00000006315,ENSMUST00000006478.10,appris_principal_1,870,675,120,75,202,Success
ENSMUSG00000058239,ENSMUST00000058860.14,Ensembl_canonical,2419,1041,46,1332,1385,Success
ENSMUSG00000001248,ENSMUST00000001280.14,appris_principal_1,2713,2169,179,365,551,Success
ENSMUSG00000052997,ENSMUST00000102746.11,appris_principal_1,2579,1917,65,597,669,Success
ENSMUSG00000036427,ENSMUST00000038027.6,appris_principal_1,2884,1677,123,1084,1214,Success
ENSMUSG00000066568,ENSMUST00000085585.12,appris_principal_1,2944,1389,209,1346,1562,Success
ENSMUSG00000030499,ENSMUST00000108069.8,appris_principal_1,2407,852,278,1277,1562,Success
ENSMUSG00000063931,ENSMUST00000075068.14,appris_principal_1,1881,1482,59,340,406,Success
ENSMUSG00000056216,ENSMUST00000130491.3,appris_principal_1,4709,453,294,3962,4263,Success
ENSMUSG00000034957,ENSMUST00000042985.11,appris_principal_1,2626,1080,116,1430,1553,Success
ENSMUSG00000001802,ENSMUST00000118444.3,appris_principal_2,3877,2310,364,1203,1574,Success
ENSMUSG00000030494,ENSMUST00000032705.13,appris_principal_1,3508,2061,173,1274,1454,Success
ENSMUSG00000030493,ENSMUST00000032704.12,appris_principal_1,1857,666,518,673,1198,Success
ENSMUSG00000023072,ENSMUST00000079414.12,appris_principal_1,2610,2376,113,121,241,Success
ENSMUSG00000034867,ENSMUST00000040844.16,appris_principal_1,4284,3147,155,982,1144,Success
ENSMUSG00000030417,ENSMUST00000118501.8,appris_principal_1,684,381,150,153,310,Success
ENSMUSG00000043671,ENSMUST00000051377.15,appris_principal_1,8006,2151,239,5616,5862,Success
ENSMUSG00000044452,ENSMUST00000061586.11,appris_principal_1,6693,2826,249,3618,3874,Success
ENSMUSG00000021217,ENSMUST00000021641.8,appris_principal_1,5098,3246,132,1720,1859,Success
ENSMUSG00000030421,ENSMUST00000085513.6,appris_principal_1,3441,1596,322,1523,1852,Success
ENSMUSG00000002068,ENSMUST00000108023.10,appris_principal_1,2000,1227,242,531,780,Success
ENSMUSG00000074170,ENSMUST00000098513.6,appris_principal_1,5263,840,92,4331,4430,Success
ENSMUSG00000030423,ENSMUST00000032585.8,appris_principal_1,2113,666,270,1177,1454,Success
ENSMUSG00000030469,ENSMUST00000058104.8,appris_principal_1,4494,2208,248,2038,2293,Success
ENSMUSG00000038695,ENSMUST00000035844.11,appris_principal_1,930,567,225,138,370,Success
ENSMUSG00000008140,ENSMUST00000239015.2,Ensembl_canonical,1855,807,114,934,1055,Success
ENSMUSG00000060601,ENSMUST00000107912.8,appris_principal_2,1839,1341,129,369,505,Success
ENSMUSG00000002205,ENSMUST00000002275.15,appris_principal_1,1969,1362,302,305,614,Success
ENSMUSG00000038539,ENSMUST00000047356.11,appris_principal_1,1816,852,373,591,971,Success
ENSMUSG00000011096,ENSMUST00000054343.15,appris_principal_1,1592,774,132,686,825,Success
ENSMUSG00000002968,ENSMUST00000003049.8,appris_principal_2,2619,2238,348,33,388,Success
ENSMUSG00000011658,ENSMUST00000071207.14,appris_principal_1,1698,1248,173,277,457,Success
ENSMUSG00000060279,ENSMUST00000107857.11,appris_principal_1,3301,2868,80,353,440,Success
ENSMUSG00000003190,ENSMUST00000003290.12,appris_principal_1,1075,768,125,182,314,Success
ENSMUSG00000003184,ENSMUST00000003284.16,appris_principal_1,2031,1260,269,502,778,Success
ENSMUSG00000038406,ENSMUST00000211735.2,appris_principal_1,4209,3771,206,232,445,Success
ENSMUSG00000038387,ENSMUST00000044111.10,appris_principal_1,995,657,55,283,345,Success
ENSMUSG00000007833,ENSMUST00000209963.2,appris_principal_1,3537,2409,92,1036,1135,Success
ENSMUSG00000003423,ENSMUST00000210139.2,appris_principal_1,1077,873,122,82,211,Success
ENSMUSG00000030796,ENSMUST00000033060.14,appris_principal_1,2140,1338,86,716,809,Success
ENSMUSG00000038260,ENSMUST00000042194.10,appris_principal_1,4234,3642,59,533,599,Success
ENSMUSG00000003863,ENSMUST00000211067.2,appris_principal_1,4565,3585,75,905,987,Success
ENSMUSG00000063511,ENSMUST00000074575.11,appris_principal_1,1735,1347,244,144,395,Success
ENSMUSG00000003868,ENSMUST00000211214.2,appris_principal_1,2312,1392,700,220,927,Success
ENSMUSG00000003865,ENSMUST00000003964.17,appris_principal_1,3678,2217,209,1252,1468,Success
ENSMUSG00000050708,ENSMUST00000094434.13,appris_principal_1,968,552,253,163,423,Success
ENSMUSG00000003873,ENSMUST00000033093.10,appris_principal_1,867,579,123,165,295,Success
ENSMUSG00000030826,ENSMUST00000033098.16,appris_principal_3,1772,1182,223,367,597,Success
ENSMUSG00000057342,ENSMUST00000107737.11,appris_principal_1,3548,1854,436,1258,1701,Success
ENSMUSG00000003269,ENSMUST00000107729.10,appris_principal_1,2519,1200,195,1124,1326,Success
ENSMUSG00000053801,ENSMUST00000131384.3,appris_principal_1,1974,1341,80,553,640,Success
ENSMUSG00000002778,ENSMUST00000002855.14,appris_principal_1,1599,639,239,721,967,Success
ENSMUSG00000030835,ENSMUST00000033121.7,appris_principal_1,4257,3645,134,478,619,Success
ENSMUSG00000006763,ENSMUST00000143082.4,appris_principal_1,4728,1425,48,3255,3310,Success
ENSMUSG00000014418,ENSMUST00000107654.8,appris_principal_1,4422,3381,117,924,1048,Success
ENSMUSG00000006599,ENSMUST00000006774.11,appris_principal_1,2736,1644,201,891,1099,Success
ENSMUSG00000063229,ENSMUST00000048209.16,appris_principal_1,1588,999,103,486,596,Success
ENSMUSG00000014402,ENSMUST00000014546.15,appris_principal_1,1949,1176,107,666,780,Success
ENSMUSG00000043262,ENSMUST00000094398.13,appris_principal_1,4616,1416,95,3105,3207,Success
ENSMUSG00000049516,ENSMUST00000061639.10,appris_principal_1,5223,2049,277,2897,3181,Success
ENSMUSG00000010307,ENSMUST00000010451.8,appris_principal_1,1831,726,180,925,1112,Success
ENSMUSG00000046179,ENSMUST00000058745.15,appris_principal_1,3691,2583,490,618,1115,Success
ENSMUSG00000039745,ENSMUST00000085272.7,appris_principal_2,1418,729,240,449,696,Success
ENSMUSG00000030447,ENSMUST00000032629.16,appris_principal_1,6440,3762,238,2440,2685,Success
ENSMUSG00000030452,ENSMUST00000119041.8,appris_principal_1,2979,1080,270,1629,1906,Success
ENSMUSG00000033676,ENSMUST00000039697.14,appris_principal_1,5579,1422,114,4043,4164,Success
ENSMUSG00000025326,ENSMUST00000200758.4,Ensembl_canonical,9856,2613,637,6606,7250,Success
ENSMUSG00000052040,ENSMUST00000063694.10,appris_principal_1,6396,870,369,5157,5533,Success
ENSMUSG00000030522,ENSMUST00000032736.11,appris_principal_1,5205,2316,112,2777,2896,Success
ENSMUSG00000070520,ENSMUST00000094331.5,appris_principal_1,5946,840,79,5027,5113,Success
ENSMUSG00000078681,ENSMUST00000206517.2,appris_principal_1,905,759,2,144,153,Short_or_Missing_UTRs
ENSMUSG00000030513,ENSMUST00000098391.11,appris_principal_2,4207,2841,35,1331,1373,Success
ENSMUSG00000075701,ENSMUST00000101801.8,appris_principal_3,1191,573,65,553,625,Success
ENSMUSG00000032640,ENSMUST00000036372.8,appris_principal_1,4176,2403,396,1377,1780,Success
ENSMUSG00000030509,ENSMUST00000124899.8,appris_principal_1,4928,957,750,3221,3978,Success
ENSMUSG00000043831,ENSMUST00000058771.13,appris_principal_1,2898,882,32,1984,2023,Success
ENSMUSG00000030557,ENSMUST00000076325.12,appris_principal_1,2664,1479,356,829,1192,Success
ENSMUSG00000030556,ENSMUST00000053950.10,appris_principal_1,2923,1104,123,1696,1826,Success
ENSMUSG00000030555,ENSMUST00000107471.8,appris_principal_1,2216,1341,441,434,882,Success
ENSMUSG00000005533,ENSMUST00000005671.10,appris_principal_1,11409,4110,32,7267,7306,Success
ENSMUSG00000042659,ENSMUST00000048068.15,appris_principal_1,3905,1248,175,2482,2664,Success
ENSMUSG00000030551,ENSMUST00000032768.15,appris_principal_1,4222,1245,264,2713,2984,Success
ENSMUSG00000070509,ENSMUST00000139780.3,appris_principal_2,3371,1317,188,1866,2061,Success
ENSMUSG00000078671,ENSMUST00000169922.9,appris_principal_1,9085,5484,572,3029,3608,Success
ENSMUSG00000025790,ENSMUST00000026897.14,appris_principal_1,4589,2133,24,2432,2463,Short_or_Missing_UTRs
ENSMUSG00000055652,ENSMUST00000171155.4,appris_principal_1,3403,1770,175,1458,1640,Success
ENSMUSG00000030609,ENSMUST00000107425.8,appris_principal_2,4956,1011,152,3793,3952,Success
ENSMUSG00000039202,ENSMUST00000037315.13,appris_principal_1,6877,1278,247,5352,5606,Success
ENSMUSG00000039176,ENSMUST00000073889.14,appris_principal_1,7837,3654,453,3730,4190,Success
ENSMUSG00000050382,ENSMUST00000183846.8,Ensembl_canonical,4577,4047,80,450,537,Success
ENSMUSG00000030545,ENSMUST00000032761.8,appris_principal_1,2241,741,115,1385,1507,Success
ENSMUSG00000039062,ENSMUST00000107392.8,appris_principal_1,3797,2901,475,421,903,Success
ENSMUSG00000063801,ENSMUST00000075657.8,appris_principal_1,5813,582,72,5159,5238,Success
ENSMUSG00000048897,ENSMUST00000164056.9,appris_principal_1,5871,2001,201,3669,3877,Success
ENSMUSG00000030541,ENSMUST00000107384.10,appris_principal_1,1745,1359,116,270,393,Success
ENSMUSG00000030539,ENSMUST00000032754.9,appris_principal_1,3949,2472,285,1192,1484,Success
ENSMUSG00000050973,ENSMUST00000062915.9,appris_principal_1,4189,1161,350,2678,3035,Success
ENSMUSG00000038943,ENSMUST00000174172.8,Ensembl_canonical,3008,1863,76,1069,1152,Success
ENSMUSG00000038930,ENSMUST00000047362.11,appris_principal_1,3336,1134,893,1309,2209,Success
ENSMUSG00000030533,ENSMUST00000032748.15,appris_principal_1,3260,2835,100,325,432,Success
ENSMUSG00000053158,ENSMUST00000080932.8,Ensembl_canonical,2762,2469,119,174,300,Success
ENSMUSG00000030530,ENSMUST00000122232.8,appris_principal_1,4286,2382,391,1513,1911,Success
ENSMUSG00000030528,ENSMUST00000170315.3,Ensembl_canonical,4770,4260,343,167,517,Success
ENSMUSG00000030527,ENSMUST00000122255.8,appris_principal_1,5115,1860,139,3116,3262,Success
ENSMUSG00000030536,ENSMUST00000167377.3,appris_principal_1,7444,4974,221,2249,2477,Success
ENSMUSG00000025724,ENSMUST00000026818.12,appris_principal_1,1345,540,328,477,812,Success
ENSMUSG00000005621,ENSMUST00000107353.3,appris_principal_1,7297,3789,207,3301,3515,Success
ENSMUSG00000025584,ENSMUST00000026672.8,appris_principal_1,3802,2472,319,1011,1337,Success
ENSMUSG00000045795,ENSMUST00000165460.2,appris_principal_1,3069,2382,30,657,694,Success
ENSMUSG00000025813,ENSMUST00000207983.2,appris_principal_1,1634,1065,46,523,576,Success
ENSMUSG00000025103,ENSMUST00000026093.9,appris_principal_1,3001,1467,40,1494,1541,Success
ENSMUSG00000038563,ENSMUST00000179489.8,appris_principal_1,3608,3384,51,173,231,Success
ENSMUSG00000057706,ENSMUST00000082237.7,appris_principal_1,3355,1731,318,1306,1631,Success
ENSMUSG00000070462,ENSMUST00000094216.5,appris_principal_1,4433,1089,1084,2260,3351,Success
ENSMUSG00000038459,ENSMUST00000117085.2,appris_principal_1,2238,963,49,1226,1282,Success
ENSMUSG00000015709,ENSMUST00000085077.5,appris_principal_1,6151,2139,234,3778,4019,Success
ENSMUSG00000030629,ENSMUST00000209117.2,appris_principal_1,2955,672,229,2054,2290,Success
ENSMUSG00000030560,ENSMUST00000032779.12,appris_principal_1,2493,1389,118,986,1111,Success
ENSMUSG00000030559,ENSMUST00000107256.4,appris_principal_1,1577,636,129,812,948,Success
ENSMUSG00000039428,ENSMUST00000041968.11,appris_principal_1,3700,1377,199,2124,2330,Success
ENSMUSG00000049791,ENSMUST00000058755.5,appris_principal_1,6720,1614,332,4774,5113,Success
ENSMUSG00000039405,ENSMUST00000041761.7,appris_principal_1,3228,1149,151,1928,2086,Success
ENSMUSG00000062797,ENSMUST00000153470.9,appris_principal_1,2224,594,206,1424,1637,Success
ENSMUSG00000030619,ENSMUST00000238981.2,appris_principal_1,2060,1326,451,283,741,Success
ENSMUSG00000039361,ENSMUST00000207484.2,Ensembl_canonical,8209,1983,358,5868,6233,Success
ENSMUSG00000051451,ENSMUST00000061767.5,appris_principal_1,3376,1077,286,2013,2306,Success
ENSMUSG00000030615,ENSMUST00000032844.7,appris_principal_1,799,591,165,43,215,Success
ENSMUSG00000041328,ENSMUST00000119954.9,appris_principal_1,5995,4662,314,1019,1340,Success
ENSMUSG00000030643,ENSMUST00000032879.15,appris_principal_1,9456,612,248,8596,8851,Success
ENSMUSG00000061119,ENSMUST00000076052.8,appris_principal_1,2967,1476,87,1404,1498,Success
ENSMUSG00000004508,ENSMUST00000004622.7,Ensembl_canonical,6168,2001,240,3927,4174,Success
ENSMUSG00000044952,ENSMUST00000054107.6,appris_principal_1,2966,783,74,2109,2190,Success
ENSMUSG00000035642,ENSMUST00000136757.8,appris_principal_1,789,369,150,270,427,Success
ENSMUSG00000025439,ENSMUST00000026506.5,appris_principal_1,1504,726,96,682,785,Success
ENSMUSG00000042797,ENSMUST00000206389.2,appris_principal_1,3737,816,302,2619,2928,Success
ENSMUSG00000030774,ENSMUST00000206984.2,appris_principal_1,2794,1635,458,701,1166,Success
ENSMUSG00000035547,ENSMUST00000040971.14,appris_principal_1,4498,1923,261,2314,2582,Success
ENSMUSG00000030760,ENSMUST00000033020.14,appris_principal_1,11340,804,88,10448,10543,Success
ENSMUSG00000049580,ENSMUST00000094161.11,appris_principal_1,2760,1065,305,1390,1702,Success
ENSMUSG00000035401,ENSMUST00000205276.2,appris_principal_1,7693,3795,345,3553,3905,Success
ENSMUSG00000030753,ENSMUST00000033009.16,appris_principal_1,3723,2277,287,1159,1453,Success
ENSMUSG00000035354,ENSMUST00000037968.10,appris_principal_1,5157,2097,191,2869,3067,Success
ENSMUSG00000030747,ENSMUST00000033001.6,appris_principal_1,2262,1167,207,888,1102,Success
ENSMUSG00000070436,ENSMUST00000169437.9,appris_principal_1,2274,1254,276,744,1027,Success
ENSMUSG00000035314,ENSMUST00000213887.2,Ensembl_canonical,2711,1839,0,872,0,Short_or_Missing_UTRs
ENSMUSG00000018909,ENSMUST00000179755.8,Ensembl_canonical,7135,1260,313,5562,5882,Success
ENSMUSG00000035239,ENSMUST00000036331.7,appris_principal_1,3341,1257,265,1819,2091,Success
ENSMUSG00000035227,ENSMUST00000036274.8,appris_principal_1,2909,681,100,2128,2235,Success
ENSMUSG00000030726,ENSMUST00000032969.14,appris_principal_1,3069,1386,142,1541,1690,Success
ENSMUSG00000030729,ENSMUST00000084935.11,appris_principal_1,8834,1866,530,6438,6975,Success
ENSMUSG00000030718,ENSMUST00000032963.10,appris_principal_1,2772,1161,484,1127,1618,Success
ENSMUSG00000033685,ENSMUST00000126534.8,appris_principal_1,3988,930,388,2670,3065,Success
ENSMUSG00000044881,ENSMUST00000054310.4,appris_principal_1,1391,264,103,1024,1134,Success
ENSMUSG00000030706,ENSMUST00000150042.8,appris_principal_1,4285,636,92,3557,3656,Success
ENSMUSG00000030704,ENSMUST00000032946.10,Ensembl_canonical,3214,627,638,1949,2594,Success
ENSMUSG00000029461,ENSMUST00000049053.9,appris_principal_2,6609,708,250,5651,5908,Success
ENSMUSG00000008318,ENSMUST00000008462.11,appris_principal_1,2851,1311,157,1383,1547,Success
ENSMUSG00000032875,ENSMUST00000107032.3,appris_principal_3,10190,6174,368,3648,4023,Success
ENSMUSG00000030691,ENSMUST00000098250.10,appris_principal_1,4316,2223,244,1849,2100,Success
ENSMUSG00000047767,ENSMUST00000120267.9,appris_principal_2,6459,1872,61,4526,4594,Success
ENSMUSG00000032812,ENSMUST00000084896.10,appris_principal_2,4926,4359,0,567,0,Short_or_Missing_UTRs
ENSMUSG00000001829,ENSMUST00000001884.14,appris_principal_2,4627,2034,178,2415,2600,Success
ENSMUSG00000032737,ENSMUST00000035836.14,appris_principal_1,4995,3774,540,681,1228,Success
ENSMUSG00000030649,ENSMUST00000035395.14,appris_principal_1,836,366,171,299,477,Success
ENSMUSG00000030842,ENSMUST00000033131.12,appris_principal_1,1119,486,95,538,640,Success
ENSMUSG00000066306,ENSMUST00000084852.13,appris_principal_1,7180,6285,178,717,902,Success
ENSMUSG00000030990,ENSMUST00000033292.14,Ensembl_canonical,1201,765,204,232,443,Success
ENSMUSG00000073982,ENSMUST00000106923.2,appris_principal_1,1321,576,199,546,752,Success
ENSMUSG00000030987,ENSMUST00000033289.6,appris_principal_2,4085,2058,609,1418,2034,Success
ENSMUSG00000030978,ENSMUST00000033283.10,appris_principal_1,3997,2379,330,1288,1625,Success
ENSMUSG00000030966,ENSMUST00000033264.12,appris_principal_1,2793,1389,203,1201,1411,Success
ENSMUSG00000073968,ENSMUST00000082175.7,appris_principal_1,2388,1458,225,705,937,Success
ENSMUSG00000057143,ENSMUST00000059037.15,appris_principal_1,3740,1494,225,2021,2253,Success
ENSMUSG00000044465,ENSMUST00000048079.14,appris_principal_3,3443,2970,313,160,480,Success
ENSMUSG00000037032,ENSMUST00000191601.7,Ensembl_canonical,2690,2133,158,399,564,Success
ENSMUSG00000036989,ENSMUST00000057525.14,appris_principal_1,3016,2235,193,588,788,Success
ENSMUSG00000030881,ENSMUST00000131446.8,Ensembl_canonical,3275,1026,214,2035,2256,Success
ENSMUSG00000030888,ENSMUST00000033179.14,appris_principal_1,3053,1374,385,1294,1686,Success
ENSMUSG00000030890,ENSMUST00000033182.10,appris_principal_1,1795,1359,173,263,443,Success
ENSMUSG00000043866,ENSMUST00000141116.2,appris_principal_1,4281,657,43,3581,3631,Success
ENSMUSG00000030894,ENSMUST00000033184.6,appris_principal_1,3558,1689,48,1821,1876,Success
ENSMUSG00000030879,ENSMUST00000124482.3,appris_principal_1,7300,531,118,6651,6776,Success
ENSMUSG00000036528,ENSMUST00000040056.15,appris_principal_2,3310,2649,147,514,668,Success
ENSMUSG00000031028,ENSMUST00000033341.12,appris_principal_1,5997,1518,276,4203,4486,Success
ENSMUSG00000031021,ENSMUST00000033333.13,appris_principal_1,1703,600,101,1002,1110,Success
ENSMUSG00000035901,ENSMUST00000080437.13,Ensembl_canonical,5004,3864,288,852,1147,Success
ENSMUSG00000047554,ENSMUST00000094097.12,appris_principal_1,3840,876,369,2595,2971,Success
ENSMUSG00000066232,ENSMUST00000084731.5,appris_principal_1,4763,3117,151,1495,1653,Success
ENSMUSG00000061079,ENSMUST00000084727.11,Ensembl_canonical,3003,1917,73,1013,1093,Success
ENSMUSG00000031016,ENSMUST00000033326.10,appris_principal_1,3419,1941,304,1174,1485,Success
ENSMUSG00000031015,ENSMUST00000033325.9,appris_principal_1,4027,1758,100,2169,2276,Success
ENSMUSG00000038371,ENSMUST00000164759.8,appris_principal_1,7090,5544,161,1385,1553,Success
ENSMUSG00000030790,ENSMUST00000033054.10,appris_principal_1,1390,555,183,652,842,Success
ENSMUSG00000005686,ENSMUST00000213373.2,Ensembl_canonical,3337,2328,0,1009,0,Short_or_Missing_UTRs
ENSMUSG00000030788,ENSMUST00000177236.8,appris_principal_1,4032,693,170,3169,3346,Success
ENSMUSG00000038296,ENSMUST00000106663.2,appris_principal_1,2530,1824,430,276,713,Success
ENSMUSG00000059263,ENSMUST00000210309.2,Ensembl_canonical,5816,4131,143,1542,1692,Success
ENSMUSG00000030772,ENSMUST00000033036.7,appris_principal_1,3359,1050,115,2194,2316,Success
ENSMUSG00000030770,ENSMUST00000106640.2,appris_principal_1,1465,1011,100,354,461,Success
ENSMUSG00000055320,ENSMUST00000239442.2,appris_principal_1,9962,1311,506,8145,8658,Success
ENSMUSG00000055116,ENSMUST00000211770.2,Ensembl_canonical,2464,1902,341,221,569,Success
ENSMUSG00000038187,ENSMUST00000117577.8,Ensembl_canonical,2384,1452,129,803,939,Success
ENSMUSG00000030759,ENSMUST00000033018.15,appris_principal_3,4962,1548,160,3254,3421,Success
ENSMUSG00000055723,ENSMUST00000069449.7,appris_principal_1,2275,615,278,1382,1667,Success
ENSMUSG00000030754,ENSMUST00000033012.9,appris_principal_1,3346,2862,165,319,491,Success
ENSMUSG00000030751,ENSMUST00000033008.10,appris_principal_1,1201,792,115,294,416,Success
ENSMUSG00000030671,ENSMUST00000032909.9,appris_principal_1,6573,3300,270,3003,3280,Success
ENSMUSG00000051910,ENSMUST00000205405.2,Ensembl_canonical,2903,2487,169,247,423,Success
ENSMUSG00000090862,ENSMUST00000170953.3,appris_principal_1,589,456,88,45,140,Success
ENSMUSG00000030659,ENSMUST00000032895.15,appris_principal_3,1685,1263,287,135,429,Success
ENSMUSG00000030654,ENSMUST00000032888.10,appris_principal_1,2171,612,158,1401,1566,Success
ENSMUSG00000095115,ENSMUST00000178344.3,appris_principal_1,6865,1608,641,4616,5264,Success
ENSMUSG00000042246,ENSMUST00000044195.6,appris_principal_1,4546,2181,69,2296,2372,Success
ENSMUSG00000033917,ENSMUST00000038791.15,appris_principal_1,1582,996,128,458,593,Success
ENSMUSG00000033904,ENSMUST00000106557.8,appris_principal_1,5073,3015,354,1704,2065,Success
ENSMUSG00000030980,ENSMUST00000106550.12,appris_principal_2,5358,1443,354,3561,3922,Success
ENSMUSG00000008734,ENSMUST00000008878.10,appris_principal_2,4518,1233,173,3112,3292,Success
ENSMUSG00000030942,ENSMUST00000033236.9,appris_principal_1,2689,1053,57,1579,1643,Success
ENSMUSG00000030929,ENSMUST00000150844.3,appris_principal_1,3564,2067,118,1379,1504,Success
ENSMUSG00000048787,ENSMUST00000059851.14,appris_principal_1,5985,915,293,4777,5077,Success
ENSMUSG00000030922,ENSMUST00000106518.9,appris_principal_1,875,369,30,476,513,Success
ENSMUSG00000030917,ENSMUST00000033210.13,appris_principal_1,1484,486,267,731,1005,Success
ENSMUSG00000030884,ENSMUST00000033176.7,appris_principal_1,1896,1362,114,420,541,Success
ENSMUSG00000035064,ENSMUST00000047875.16,appris_principal_1,6580,2175,346,4059,4412,Success
ENSMUSG00000030880,ENSMUST00000106483.4,appris_principal_1,3001,2133,151,717,875,Success
ENSMUSG00000030878,ENSMUST00000033169.9,appris_principal_1,2525,1368,260,897,1164,Success
ENSMUSG00000030876,ENSMUST00000033163.8,appris_principal_1,1823,957,366,500,873,Success
ENSMUSG00000030872,ENSMUST00000033160.15,appris_principal_1,4915,1812,134,2969,3110,Success
ENSMUSG00000044702,ENSMUST00000098068.10,appris_principal_2,3750,3315,179,256,442,Success
ENSMUSG00000030868,ENSMUST00000033156.5,appris_principal_1,1532,549,93,890,990,Success
ENSMUSG00000030867,ENSMUST00000033154.8,appris_principal_1,2199,1812,104,283,394,Success
ENSMUSG00000030779,ENSMUST00000052135.14,appris_principal_3,6184,5373,398,413,818,Success
ENSMUSG00000052707,ENSMUST00000094053.7,appris_principal_1,8183,5691,147,2345,2499,Success
ENSMUSG00000030766,ENSMUST00000205262.2,appris_principal_2,3036,2184,79,773,859,Success
ENSMUSG00000000131,ENSMUST00000168189.8,Ensembl_canonical,4552,3378,600,574,1181,Success
ENSMUSG00000030741,ENSMUST00000032994.15,appris_principal_1,2219,1587,373,259,639,Success
ENSMUSG00000030722,ENSMUST00000075671.5,appris_principal_1,3388,1239,22,2127,2156,Short_or_Missing_UTRs
ENSMUSG00000030727,ENSMUST00000106407.9,Ensembl_canonical,2234,1665,66,503,576,Success
ENSMUSG00000030733,ENSMUST00000032978.8,appris_principal_3,3393,2049,568,776,1351,Success
ENSMUSG00000032637,ENSMUST00000040202.15,appris_principal_2,3853,3150,245,458,710,Success
ENSMUSG00000030717,ENSMUST00000032961.4,appris_principal_1,829,243,242,344,593,Success
ENSMUSG00000030714,ENSMUST00000032956.10,appris_principal_1,1312,882,191,239,437,Success
ENSMUSG00000030711,ENSMUST00000106373.9,appris_principal_1,1289,897,114,278,399,Success
ENSMUSG00000047721,ENSMUST00000130498.2,appris_principal_1,1266,261,601,404,1012,Success
ENSMUSG00000042675,ENSMUST00000038614.12,appris_principal_1,973,360,215,398,620,Success
ENSMUSG00000030697,ENSMUST00000032936.8,appris_principal_1,1359,924,139,296,442,Success
ENSMUSG00000030695,ENSMUST00000032934.12,appris_principal_1,1511,1095,231,185,423,Success
ENSMUSG00000030689,ENSMUST00000106343.3,Ensembl_canonical,1973,735,53,1185,1245,Success
ENSMUSG00000059981,ENSMUST00000071268.11,appris_principal_1,4720,3168,833,719,1559,Success
ENSMUSG00000060538,ENSMUST00000121532.8,appris_principal_1,915,723,64,128,199,Success
ENSMUSG00000030685,ENSMUST00000032924.6,appris_principal_1,1676,990,176,510,693,Success
ENSMUSG00000030681,ENSMUST00000165096.10,appris_principal_1,2837,2586,128,123,258,Success
ENSMUSG00000030678,ENSMUST00000205568.2,appris_principal_1,2650,1482,107,1061,1175,Success
ENSMUSG00000042502,ENSMUST00000166791.8,appris_principal_1,3284,1029,95,2160,2262,Success
ENSMUSG00000042492,ENSMUST00000120705.3,appris_principal_1,3614,2397,105,1112,1224,Success
ENSMUSG00000045598,ENSMUST00000106312.4,appris_principal_1,3342,1776,437,1129,1573,Success
ENSMUSG00000030830,ENSMUST00000120857.8,Ensembl_canonical,4533,3606,154,773,934,Success
ENSMUSG00000047371,ENSMUST00000060783.7,appris_principal_2,2356,1707,187,462,656,Success
ENSMUSG00000078580,ENSMUST00000165495.2,appris_principal_1,3324,1386,183,1755,1945,Success
ENSMUSG00000048921,ENSMUST00000053392.11,appris_principal_1,3621,1503,300,1818,2125,Success
ENSMUSG00000030822,ENSMUST00000106292.8,appris_principal_1,2175,1839,237,99,343,Success
ENSMUSG00000030816,ENSMUST00000205694.2,appris_principal_1,5279,3006,117,2156,2280,Success
ENSMUSG00000045639,ENSMUST00000058038.12,appris_principal_1,6120,2604,515,3001,3523,Success
ENSMUSG00000030814,ENSMUST00000061468.9,appris_principal_1,1132,654,406,72,485,Success
ENSMUSG00000030811,ENSMUST00000186207.7,appris_principal_1,3178,2025,156,997,1160,Success
ENSMUSG00000043964,ENSMUST00000061587.13,appris_principal_1,1996,873,174,949,1130,Success
ENSMUSG00000042308,ENSMUST00000047075.14,appris_principal_1,6487,5151,693,643,1343,Success
ENSMUSG00000030805,ENSMUST00000033075.14,appris_principal_1,1456,897,275,284,566,Success
ENSMUSG00000049728,ENSMUST00000054415.12,appris_principal_1,5768,1860,804,3104,3915,Success
ENSMUSG00000096145,ENSMUST00000033074.8,appris_principal_1,748,486,36,226,269,Success
ENSMUSG00000030795,ENSMUST00000106251.10,Ensembl_canonical,5536,1557,108,3871,3986,Success
ENSMUSG00000030846,ENSMUST00000106226.9,appris_principal_3,4451,1179,516,2756,3279,Success
ENSMUSG00000030847,ENSMUST00000033136.9,appris_principal_1,2562,1734,243,585,835,Success
ENSMUSG00000042105,ENSMUST00000043138.13,appris_principal_1,4734,3399,235,1100,1342,Success
ENSMUSG00000048170,ENSMUST00000057557.14,appris_principal_1,4237,1929,305,2003,2315,Success
ENSMUSG00000055319,ENSMUST00000042942.10,appris_principal_1,4505,2997,79,1429,1515,Success
ENSMUSG00000042055,ENSMUST00000084519.7,appris_principal_1,4550,3672,115,763,885,Success
ENSMUSG00000030850,ENSMUST00000216011.2,Ensembl_canonical,1680,1680,0,0,0,Short_or_Missing_UTRs
ENSMUSG00000040331,ENSMUST00000160289.9,appris_principal_1,1435,1146,107,182,296,Success
ENSMUSG00000040167,ENSMUST00000046306.15,appris_principal_1,4430,1260,185,2985,3177,Success
ENSMUSG00000030861,ENSMUST00000015829.15,appris_principal_1,6081,1299,145,4637,4789,Success
ENSMUSG00000066979,ENSMUST00000084502.7,Ensembl_canonical,2218,981,233,1004,1244,Success
ENSMUSG00000030934,ENSMUST00000084500.8,appris_principal_1,2152,1320,140,692,839,Success
ENSMUSG00000030946,ENSMUST00000033241.6,appris_principal_1,1612,813,67,732,806,Success
ENSMUSG00000030956,ENSMUST00000097999.9,appris_principal_1,5465,1269,635,3561,4203,Success
ENSMUSG00000030960,ENSMUST00000033257.15,appris_principal_1,1107,735,65,307,379,Success
ENSMUSG00000030967,ENSMUST00000106157.8,appris_principal_1,5008,2127,441,2440,2888,Success
ENSMUSG00000030970,ENSMUST00000033269.15,appris_principal_1,2321,1338,433,550,990,Success
ENSMUSG00000039990,ENSMUST00000051169.13,appris_principal_2,5424,3723,270,1431,1708,Success
ENSMUSG00000054555,ENSMUST00000067680.11,appris_principal_1,7675,2712,220,4743,4970,Success
ENSMUSG00000058325,ENSMUST00000084488.5,appris_principal_1,6807,5598,112,1097,1216,Success
ENSMUSG00000041836,ENSMUST00000209979.2,appris_principal_1,4959,1929,43,2987,3037,Success
ENSMUSG00000054612,ENSMUST00000081510.4,appris_principal_1,2894,636,86,2172,2265,Success
ENSMUSG00000010476,ENSMUST00000210774.2,Ensembl_canonical,2994,1791,73,1130,1210,Success
ENSMUSG00000031068,ENSMUST00000064404.8,appris_principal_2,1685,1014,60,611,678,Success
ENSMUSG00000025478,ENSMUST00000026551.15,appris_principal_1,3552,1719,122,1711,1840,Success
ENSMUSG00000060260,ENSMUST00000172136.9,appris_principal_1,2543,1803,32,708,747,Success
ENSMUSG00000025477,ENSMUST00000106098.8,appris_principal_1,2826,1239,281,1306,1594,Success
ENSMUSG00000025484,ENSMUST00000026557.10,appris_principal_1,2268,336,870,1062,1939,Success
ENSMUSG00000025485,ENSMUST00000026558.7,appris_principal_1,3406,1593,514,1299,1820,Success
ENSMUSG00000025492,ENSMUST00000026565.7,appris_principal_1,678,414,125,139,271,Success
ENSMUSG00000055629,ENSMUST00000048002.7,appris_principal_1,3556,3105,170,281,458,Success
ENSMUSG00000025495,ENSMUST00000026568.10,appris_principal_1,3624,1422,116,2086,2209,Success
ENSMUSG00000038650,ENSMUST00000106033.5,appris_principal_1,2091,1371,570,150,727,Success
ENSMUSG00000038618,ENSMUST00000046890.12,appris_principal_1,1525,1080,88,357,452,Success
ENSMUSG00000038611,ENSMUST00000106027.9,appris_principal_1,5248,5049,125,74,206,Success
ENSMUSG00000025504,ENSMUST00000026577.13,appris_principal_1,3191,2190,217,784,1008,Success
ENSMUSG00000051007,ENSMUST00000106008.3,appris_principal_1,1898,663,71,1164,1242,Success
ENSMUSG00000019082,ENSMUST00000019226.14,appris_principal_1,2811,972,478,1361,1846,Success
ENSMUSG00000025509,ENSMUST00000164016.8,appris_principal_2,2625,1461,89,1075,1171,Success
ENSMUSG00000025510,ENSMUST00000106000.10,appris_principal_1,1865,762,327,776,1110,Success
ENSMUSG00000025511,ENSMUST00000026585.14,appris_principal_1,1466,717,275,474,756,Success
ENSMUSG00000025512,ENSMUST00000153191.8,appris_principal_1,4182,1182,88,2912,3007,Success
ENSMUSG00000002957,ENSMUST00000003038.12,appris_principal_1,4646,2817,187,1642,1836,Success
ENSMUSG00000025139,ENSMUST00000001950.12,appris_principal_1,3788,825,179,2784,2970,Success
ENSMUSG00000025147,ENSMUST00000209732.2,Ensembl_canonical,977,801,136,40,183,Success
ENSMUSG00000037887,ENSMUST00000039926.10,appris_principal_1,4804,1992,442,2370,2819,Success
ENSMUSG00000018819,ENSMUST00000038946.9,appris_principal_2,1828,987,460,381,848,Success
ENSMUSG00000037706,ENSMUST00000037941.10,appris_principal_1,1533,711,262,560,829,Success
ENSMUSG00000037664,ENSMUST00000037287.8,appris_principal_2,1901,1008,208,685,900,Success
ENSMUSG00000059119,ENSMUST00000208190.2,appris_principal_1,2259,1161,82,1016,1105,Success
ENSMUSG00000010755,ENSMUST00000010899.14,appris_principal_3,3222,2496,84,642,733,Success
ENSMUSG00000037606,ENSMUST00000119499.8,appris_principal_2,3775,2625,93,1057,1157,Success
ENSMUSG00000058454,ENSMUST00000207143.2,Ensembl_canonical,1652,1425,87,140,234,Success
ENSMUSG00000031078,ENSMUST00000103079.4,appris_principal_1,3286,1641,415,1230,1652,Success
ENSMUSG00000037519,ENSMUST00000182226.8,Ensembl_canonical,4829,3801,4,1024,1035,Short_or_Missing_UTRs
ENSMUSG00000031077,ENSMUST00000033394.8,appris_principal_1,3903,618,74,3211,3292,Success
ENSMUSG00000070348,ENSMUST00000093962.5,appris_principal_1,3740,888,176,2676,2859,Success
ENSMUSG00000048677,ENSMUST00000058022.6,appris_principal_1,2993,2196,100,697,804,Success
ENSMUSG00000005534,ENSMUST00000091291.5,appris_principal_1,9355,4119,489,4747,5243,Success
ENSMUSG00000004568,ENSMUST00000004684.13,appris_principal_2,5271,3066,139,2066,2212,Success
ENSMUSG00000004567,ENSMUST00000004683.13,appris_principal_1,2065,1743,140,182,329,Success
ENSMUSG00000004565,ENSMUST00000111070.4,appris_principal_1,4496,3984,274,238,519,Success
ENSMUSG00000044433,ENSMUST00000207432.2,Ensembl_canonical,3865,3840,0,25,0,Short_or_Missing_UTRs
ENSMUSG00000011837,ENSMUST00000011981.5,appris_principal_1,1536,1080,42,414,463,Success
ENSMUSG00000048644,ENSMUST00000053252.9,appris_principal_1,1212,249,242,721,970,Success
ENSMUSG00000040028,ENSMUST00000098950.6,appris_principal_1,5743,981,544,4218,4769,Success
ENSMUSG00000008206,ENSMUST00000008350.16,appris_principal_1,9475,1182,393,7900,8300,Success
ENSMUSG00000022322,ENSMUST00000022945.9,appris_principal_1,2156,2007,31,118,156,Success
ENSMUSG00000001300,ENSMUST00000001319.15,appris_principal_1,4793,1011,628,3154,3789,Success
ENSMUSG00000040459,ENSMUST00000048545.10,appris_principal_1,3197,816,204,2177,2388,Success
ENSMUSG00000040396,ENSMUST00000139793.8,appris_principal_1,5191,1014,440,3737,4184,Success
ENSMUSG00000038894,ENSMUST00000040514.8,appris_principal_1,6323,3966,28,2329,2364,Short_or_Missing_UTRs
ENSMUSG00000031502,ENSMUST00000033898.10,appris_principal_1,6615,5010,227,1378,1612,Success
ENSMUSG00000031503,ENSMUST00000033899.14,appris_principal_1,6450,5124,355,971,1333,Success
ENSMUSG00000031504,ENSMUST00000033900.7,appris_principal_1,1392,702,211,479,697,Success
ENSMUSG00000056228,ENSMUST00000049461.7,appris_principal_1,1902,1659,106,137,250,Success
ENSMUSG00000045969,ENSMUST00000054399.6,appris_principal_1,2814,840,844,1130,1981,Success
ENSMUSG00000031508,ENSMUST00000033905.13,appris_principal_1,2285,1248,137,900,1044,Success
ENSMUSG00000031511,ENSMUST00000110909.9,appris_principal_1,4926,2349,147,2430,2584,Success
ENSMUSG00000000759,ENSMUST00000000776.15,appris_principal_1,3797,2718,218,861,1086,Success
ENSMUSG00000031441,ENSMUST00000033818.10,appris_principal_1,7549,3429,300,3820,4127,Success
ENSMUSG00000031442,ENSMUST00000110879.9,appris_principal_1,3664,3378,1,285,293,Short_or_Missing_UTRs
ENSMUSG00000031447,ENSMUST00000033824.8,appris_principal_1,2229,1221,228,780,1015,Success
ENSMUSG00000038515,ENSMUST00000210317.2,appris_principal_1,3013,1029,93,1891,1991,Success
ENSMUSG00000038497,ENSMUST00000045229.7,appris_principal_1,4335,2037,248,2050,2305,Success
ENSMUSG00000038482,ENSMUST00000209885.2,appris_principal_1,2511,1233,119,1159,1285,Success
ENSMUSG00000031453,ENSMUST00000117551.4,appris_principal_1,4404,2505,156,1743,1906,Success
ENSMUSG00000038416,ENSMUST00000043962.9,appris_principal_1,2301,1863,131,307,445,Success
ENSMUSG00000047710,ENSMUST00000051870.8,appris_principal_1,4013,2409,217,1387,1611,Success
ENSMUSG00000031458,ENSMUST00000033839.9,appris_principal_1,793,522,33,238,278,Success
ENSMUSG00000038365,ENSMUST00000209913.2,Ensembl_canonical,2035,1098,68,869,944,Success
ENSMUSG00000026317,ENSMUST00000027554.8,appris_principal_1,6857,867,1124,4866,5997,Success
ENSMUSG00000031467,ENSMUST00000149565.8,appris_principal_1,10779,1098,283,9398,9688,Success
ENSMUSG00000006567,ENSMUST00000006742.11,appris_principal_1,6505,4389,250,1866,2123,Success
ENSMUSG00000031478,ENSMUST00000033865.16,appris_principal_2,2021,1530,89,402,498,Success
ENSMUSG00000031479,ENSMUST00000033866.9,appris_principal_1,3574,1161,62,2351,2420,Success
ENSMUSG00000031480,ENSMUST00000069828.10,appris_principal_1,4422,2556,202,1664,1873,Success
ENSMUSG00000031482,ENSMUST00000033871.8,appris_principal_1,3430,906,218,2306,2531,Success
ENSMUSG00000037656,ENSMUST00000067786.9,appris_principal_1,3566,1971,403,1192,1602,Success
ENSMUSG00000008892,ENSMUST00000009036.11,appris_principal_1,1354,852,77,425,509,Success
ENSMUSG00000031536,ENSMUST00000033938.7,appris_principal_1,1201,1008,44,149,200,Success
ENSMUSG00000031537,ENSMUST00000033939.13,appris_principal_1,3580,2274,127,1179,1313,Success
ENSMUSG00000031538,ENSMUST00000033941.7,appris_principal_1,2525,1680,107,738,852,Success
ENSMUSG00000031539,ENSMUST00000163739.3,appris_principal_1,3417,1257,161,1999,2167,Success
ENSMUSG00000031540,ENSMUST00000110696.8,appris_principal_2,9041,6012,412,2617,3036,Success
ENSMUSG00000031545,ENSMUST00000167004.3,appris_principal_1,5518,1371,860,3287,4154,Success
ENSMUSG00000015341,ENSMUST00000051094.9,appris_principal_1,1792,414,77,1301,1385,Success
ENSMUSG00000031548,ENSMUST00000033952.8,appris_principal_1,4372,945,283,3144,3434,Success
ENSMUSG00000031555,ENSMUST00000208247.3,appris_principal_1,4044,2592,146,1306,1459,Success
ENSMUSG00000031557,ENSMUST00000064883.14,appris_principal_1,5176,1278,366,3532,3905,Success
ENSMUSG00000065954,ENSMUST00000084512.11,appris_principal_1,6471,1107,164,5200,5371,Success
ENSMUSG00000031565,ENSMUST00000084027.13,Ensembl_canonical,5025,2469,759,1797,2563,Success
ENSMUSG00000054823,ENSMUST00000139966.8,appris_principal_2,5261,4194,497,570,1074,Success
ENSMUSG00000031570,ENSMUST00000068916.16,appris_principal_1,1483,783,53,647,707,Success
ENSMUSG00000061313,ENSMUST00000033975.9,appris_principal_1,4246,2100,102,2044,2153,Success
ENSMUSG00000037296,ENSMUST00000038421.8,appris_principal_1,2663,402,384,1877,2268,Success
ENSMUSG00000031575,ENSMUST00000166078.9,appris_principal_1,2234,1605,98,531,636,Success
ENSMUSG00000037260,ENSMUST00000037609.8,appris_principal_1,2694,1875,138,681,826,Success
ENSMUSG00000037251,ENSMUST00000061850.5,appris_principal_1,3613,1050,293,2270,2570,Success
ENSMUSG00000015994,ENSMUST00000016138.11,appris_principal_1,1930,1134,70,726,803,Success
ENSMUSG00000013878,ENSMUST00000153528.8,appris_principal_2,1026,720,262,44,313,Success
ENSMUSG00000037214,ENSMUST00000036807.13,appris_principal_1,2295,633,310,1352,1669,Success
ENSMUSG00000031483,ENSMUST00000033873.9,appris_principal_1,4838,1023,123,3692,3822,Success
ENSMUSG00000031487,ENSMUST00000033877.6,appris_principal_1,1899,1263,106,530,643,Success
ENSMUSG00000031488,ENSMUST00000033878.14,appris_principal_2,3217,1938,61,1218,1286,Success
ENSMUSG00000031490,ENSMUST00000033880.7,appris_principal_1,1997,354,80,1563,1650,Success
ENSMUSG00000039328,ENSMUST00000217278.2,Ensembl_canonical,1726,468,318,940,1265,Success
ENSMUSG00000031577,ENSMUST00000209851.2,appris_principal_2,3133,1539,535,1059,1601,Success
ENSMUSG00000031578,ENSMUST00000033983.6,appris_principal_1,1902,891,85,926,1018,Success
ENSMUSG00000046152,ENSMUST00000066173.12,appris_principal_1,3183,1446,387,1350,1744,Success
ENSMUSG00000031583,ENSMUST00000033991.13,appris_principal_1,6262,4206,103,1953,2063,Success
ENSMUSG00000009630,ENSMUST00000009774.11,appris_principal_1,1469,930,292,247,546,Success
ENSMUSG00000052906,ENSMUST00000095349.6,appris_principal_1,2808,834,30,1944,1981,Success
ENSMUSG00000031585,ENSMUST00000170705.8,appris_principal_1,1634,879,160,595,762,Success
ENSMUSG00000031586,ENSMUST00000053251.12,appris_principal_1,2466,594,322,1550,1879,Success
ENSMUSG00000031513,ENSMUST00000033910.9,appris_principal_1,2879,396,333,2150,2490,Success
ENSMUSG00000031532,ENSMUST00000239436.2,appris_principal_1,1897,1092,81,724,812,Success
ENSMUSG00000031530,ENSMUST00000033930.5,appris_principal_1,2740,1197,432,1111,1550,Success
ENSMUSG00000031529,ENSMUST00000033929.6,appris_principal_1,9163,3963,25,5175,5207,Short_or_Missing_UTRs
ENSMUSG00000046794,ENSMUST00000210337.2,appris_principal_1,4349,855,228,3266,3501,Success
ENSMUSG00000031527,ENSMUST00000033927.8,appris_principal_1,5079,1038,166,3875,4048,Success
ENSMUSG00000070056,ENSMUST00000037666.6,appris_principal_1,6408,3147,575,2686,3268,Success
ENSMUSG00000039633,ENSMUST00000239119.2,appris_principal_2,3930,2289,262,1379,1648,Success
ENSMUSG00000031523,ENSMUST00000033923.14,appris_principal_1,6159,3279,348,2532,2887,Success
ENSMUSG00000039478,ENSMUST00000068999.14,appris_principal_1,2219,1572,593,54,654,Success
ENSMUSG00000031601,ENSMUST00000034012.10,appris_principal_1,2615,858,310,1447,1764,Success
ENSMUSG00000031600,ENSMUST00000098817.4,appris_principal_1,6002,1194,326,4482,4815,Success
ENSMUSG00000039431,ENSMUST00000048898.17,appris_principal_1,2488,1983,55,450,512,Success
ENSMUSG00000031596,ENSMUST00000098816.10,appris_principal_3,3677,1977,178,1522,1707,Success
ENSMUSG00000045636,ENSMUST00000051379.14,appris_principal_2,3964,1323,273,2368,2648,Success
ENSMUSG00000031592,ENSMUST00000045218.9,appris_principal_2,6624,6078,210,336,553,Success
ENSMUSG00000031591,ENSMUST00000034000.15,appris_principal_1,2773,1185,189,1399,1595,Success
ENSMUSG00000031639,ENSMUST00000034056.12,appris_principal_1,4407,2718,441,1248,1696,Success
ENSMUSG00000031626,ENSMUST00000171337.10,Ensembl_canonical,5651,3645,219,1787,2013,Success
ENSMUSG00000031636,ENSMUST00000034053.7,appris_principal_1,1604,951,119,534,660,Success
ENSMUSG00000038291,ENSMUST00000170416.8,appris_principal_1,3067,2523,63,481,551,Success
ENSMUSG00000031631,ENSMUST00000034048.13,appris_principal_2,4619,1626,115,2878,3000,Success
ENSMUSG00000031633,ENSMUST00000034049.5,appris_principal_1,1925,897,362,666,1035,Success
ENSMUSG00000018796,ENSMUST00000034046.13,Ensembl_canonical,3897,2100,226,1571,1804,Success
ENSMUSG00000031629,ENSMUST00000034045.15,appris_principal_1,2931,1233,59,1639,1705,Success
ENSMUSG00000038225,ENSMUST00000040468.16,appris_principal_1,3772,1614,150,2008,2165,Success
ENSMUSG00000031628,ENSMUST00000211115.2,appris_principal_1,2601,834,226,1541,1774,Success
ENSMUSG00000031627,ENSMUST00000034041.9,appris_principal_1,2497,1050,211,1236,1454,Success
ENSMUSG00000038143,ENSMUST00000079195.6,appris_principal_1,10467,2781,1357,6329,7693,Success
ENSMUSG00000031568,ENSMUST00000033973.14,appris_principal_1,2921,567,256,2098,2361,Success
ENSMUSG00000063049,ENSMUST00000080353.3,appris_principal_1,2812,846,478,1488,1973,Success
ENSMUSG00000038069,ENSMUST00000038738.7,appris_principal_1,3464,360,162,2942,3111,Success
ENSMUSG00000031563,ENSMUST00000057561.9,appris_principal_1,8678,3564,355,4759,5121,Success
ENSMUSG00000031562,ENSMUST00000174278.9,appris_principal_1,799,537,74,188,269,Success
ENSMUSG00000031520,ENSMUST00000033919.6,appris_principal_1,2449,1248,173,1028,1208,Success
ENSMUSG00000054408,ENSMUST00000067476.9,appris_principal_1,3466,543,93,2830,2930,Success
ENSMUSG00000031517,ENSMUST00000033915.9,appris_principal_1,3215,837,436,1942,2385,Success
ENSMUSG00000031613,ENSMUST00000034026.10,appris_principal_1,1683,810,35,838,880,Success
ENSMUSG00000038215,ENSMUST00000040330.15,appris_principal_1,1690,1161,361,168,536,Success
ENSMUSG00000038206,ENSMUST00000040218.13,appris_principal_1,3571,960,295,2316,2618,Success
ENSMUSG00000031609,ENSMUST00000034022.4,appris_principal_1,1178,663,294,221,522,Success
ENSMUSG00000054717,ENSMUST00000067925.8,appris_principal_1,2628,633,123,1872,2002,Success
ENSMUSG00000031608,ENSMUST00000034021.12,Ensembl_canonical,4313,1974,53,2286,2346,Success
ENSMUSG00000031647,ENSMUST00000160719.8,appris_principal_1,6335,1230,331,4774,5112,Success
ENSMUSG00000004319,ENSMUST00000004430.14,Ensembl_canonical,4175,2601,480,1094,1581,Success
ENSMUSG00000031644,ENSMUST00000034065.14,appris_principal_2,5401,3612,600,1189,1796,Success
ENSMUSG00000031642,ENSMUST00000034060.7,appris_principal_1,5479,2676,569,2234,2810,Success
ENSMUSG00000031604,ENSMUST00000034015.11,appris_principal_1,2044,882,315,847,1169,Success
ENSMUSG00000031605,ENSMUST00000034017.9,appris_principal_1,3412,1782,359,1271,1637,Success
ENSMUSG00000014907,ENSMUST00000118009.2,appris_principal_1,2990,1794,150,1046,1203,Success
ENSMUSG00000030465,ENSMUST00000093468.12,appris_principal_2,1739,1557,91,91,189,Success
ENSMUSG00000053886,ENSMUST00000066594.4,appris_principal_1,2718,1266,504,948,1459,Success
ENSMUSG00000031864,ENSMUST00000110242.8,Ensembl_canonical,4250,2211,64,1975,2046,Success
ENSMUSG00000015568,ENSMUST00000015712.15,appris_principal_1,4115,1425,262,2428,2697,Success
ENSMUSG00000006273,ENSMUST00000006435.8,appris_principal_1,2825,1536,147,1142,1296,Success
ENSMUSG00000036306,ENSMUST00000185176.8,appris_principal_1,5019,1800,385,2834,3226,Success
ENSMUSG00000059897,ENSMUST00000212681.2,appris_principal_1,3001,1326,119,1556,1682,Success
ENSMUSG00000031861,ENSMUST00000164890.8,appris_principal_1,5800,1047,292,4461,4760,Success
ENSMUSG00000036180,ENSMUST00000065169.12,Ensembl_canonical,3812,1893,545,1374,1926,Success
ENSMUSG00000031858,ENSMUST00000050561.13,appris_principal_2,5369,1857,49,3463,3519,Success
ENSMUSG00000036120,ENSMUST00000075724.9,appris_principal_1,3609,780,242,2587,2836,Success
ENSMUSG00000071078,ENSMUST00000095273.7,appris_principal_1,1161,423,215,523,745,Success
ENSMUSG00000002345,ENSMUST00000002418.15,appris_principal_1,810,363,237,210,454,Success
ENSMUSG00000002342,ENSMUST00000002413.15,appris_principal_1,3018,1443,33,1542,1582,Success
ENSMUSG00000002346,ENSMUST00000110127.8,appris_principal_1,3196,957,110,2129,2246,Success
ENSMUSG00000036054,ENSMUST00000164403.8,appris_principal_1,4099,3204,442,453,902,Success
ENSMUSG00000058301,ENSMUST00000215817.2,appris_principal_1,4518,3342,218,958,1183,Success
ENSMUSG00000003575,ENSMUST00000076615.6,appris_principal_1,5683,1893,21,3769,3797,Short_or_Missing_UTRs
ENSMUSG00000055553,ENSMUST00000093456.12,appris_principal_2,1216,534,142,540,689,Success
ENSMUSG00000019428,ENSMUST00000075491.14,appris_principal_2,1698,1212,113,373,493,Success
ENSMUSG00000019139,ENSMUST00000019283.10,appris_principal_1,1836,1674,72,90,169,Success
ENSMUSG00000071076,ENSMUST00000095267.8,appris_principal_1,1667,1026,108,533,648,Success
ENSMUSG00000031840,ENSMUST00000110093.9,appris_principal_1,1442,663,190,589,786,Success
ENSMUSG00000035559,ENSMUST00000038626.10,appris_principal_1,980,603,40,337,384,Success
ENSMUSG00000002910,ENSMUST00000002989.11,appris_principal_1,2355,1224,319,812,1138,Success
ENSMUSG00000007721,ENSMUST00000007865.7,appris_principal_1,1356,654,488,214,709,Success
ENSMUSG00000004677,ENSMUST00000240722.1,appris_principal_2,7342,5982,124,1236,1367,Success
ENSMUSG00000002396,ENSMUST00000002469.9,appris_principal_1,1611,660,336,615,958,Success
ENSMUSG00000002393,ENSMUST00000002466.9,appris_principal_1,2218,1173,689,356,1052,Success
ENSMUSG00000007950,ENSMUST00000008094.10,appris_principal_1,1978,1320,180,478,665,Success
ENSMUSG00000074247,ENSMUST00000124745.8,appris_principal_1,1933,309,124,1500,1631,Success
ENSMUSG00000034863,ENSMUST00000093450.6,appris_principal_2,3653,3183,104,366,477,Success
ENSMUSG00000007610,ENSMUST00000007754.13,appris_principal_1,2800,1479,685,636,1328,Success
ENSMUSG00000034807,ENSMUST00000047903.10,appris_principal_1,3207,1854,202,1151,1360,Success
ENSMUSG00000070000,ENSMUST00000093444.13,appris_principal_1,3073,2622,29,422,458,Short_or_Missing_UTRs
ENSMUSG00000031799,ENSMUST00000003575.11,appris_principal_1,2158,747,93,1318,1418,Success
ENSMUSG00000055148,ENSMUST00000067912.8,appris_principal_1,1847,1065,45,737,789,Success
ENSMUSG00000006276,ENSMUST00000163643.3,appris_principal_1,3129,2724,23,382,412,Short_or_Missing_UTRs
ENSMUSG00000052488,ENSMUST00000212991.2,appris_principal_2,3646,2817,144,685,836,Success
ENSMUSG00000019731,ENSMUST00000152080.8,appris_principal_1,4383,1230,28,3125,3160,Short_or_Missing_UTRs
ENSMUSG00000045248,ENSMUST00000058534.7,appris_principal_1,2997,1767,304,926,1237,Success
ENSMUSG00000044600,ENSMUST00000167290.8,appris_principal_1,2892,228,59,2605,2671,Success
ENSMUSG00000031791,ENSMUST00000034244.9,appris_principal_1,2124,897,31,1196,1234,Success
ENSMUSG00000004383,ENSMUST00000004497.11,appris_principal_1,3669,2271,173,1225,1405,Success
ENSMUSG00000034518,ENSMUST00000041759.14,appris_principal_1,4191,1785,467,1939,2413,Success
ENSMUSG00000042870,ENSMUST00000165630.3,appris_principal_1,2267,1479,71,717,795,Success
ENSMUSG00000005413,ENSMUST00000005548.8,appris_principal_1,1569,870,129,570,706,Success
ENSMUSG00000031618,ENSMUST00000109913.9,appris_principal_1,5916,2943,491,2482,2980,Success
ENSMUSG00000031617,ENSMUST00000034030.15,appris_principal_1,2678,1869,428,381,816,Success
ENSMUSG00000031616,ENSMUST00000034029.8,appris_principal_1,3625,1284,396,1945,2348,Success
ENSMUSG00000031684,ENSMUST00000034111.10,appris_principal_1,3595,1023,207,2365,2579,Success
ENSMUSG00000031683,ENSMUST00000130325.8,appris_principal_1,3792,243,203,3346,3556,Success
ENSMUSG00000071064,ENSMUST00000238669.2,appris_principal_1,4511,4041,100,370,477,Success
ENSMUSG00000037022,ENSMUST00000048718.4,appris_principal_1,5650,1248,72,4330,4409,Success
ENSMUSG00000031681,ENSMUST00000066091.14,appris_principal_1,3099,1398,447,1254,1708,Success
ENSMUSG00000036990,ENSMUST00000173078.8,Ensembl_canonical,7354,3324,288,3742,4037,Success
ENSMUSG00000058355,ENSMUST00000080536.8,appris_principal_1,3793,1800,225,1768,2000,Success
ENSMUSG00000031715,ENSMUST00000043359.9,appris_principal_1,6113,3156,401,2556,2964,Success
ENSMUSG00000031714,ENSMUST00000210676.2,appris_principal_3,4985,2178,916,1891,2814,Success
ENSMUSG00000038250,ENSMUST00000042724.8,appris_principal_1,4707,3129,492,1086,1585,Success
ENSMUSG00000047747,ENSMUST00000078525.7,appris_principal_1,9682,1314,654,7714,8375,Success
ENSMUSG00000031709,ENSMUST00000093393.5,appris_principal_1,5334,3795,215,1324,1546,Success
ENSMUSG00000035151,ENSMUST00000177594.8,appris_principal_1,4704,882,138,3684,3829,Success
ENSMUSG00000033938,ENSMUST00000036996.6,appris_principal_1,623,414,148,61,216,Success
ENSMUSG00000005483,ENSMUST00000005620.10,appris_principal_1,2996,1023,139,1834,1980,Success
ENSMUSG00000019433,ENSMUST00000019577.10,appris_principal_1,1522,1002,95,425,527,Success
ENSMUSG00000005481,ENSMUST00000019576.15,appris_principal_1,1656,1284,165,207,379,Success
ENSMUSG00000002885,ENSMUST00000075843.13,appris_principal_2,3000,2457,32,511,550,Success
ENSMUSG00000013033,ENSMUST00000045393.15,appris_principal_3,5643,4416,302,925,1234,Success
ENSMUSG00000005470,ENSMUST00000005607.9,appris_principal_1,1788,609,322,857,1186,Success
ENSMUSG00000005469,ENSMUST00000005606.8,appris_principal_1,2276,1056,194,1026,1227,Success
ENSMUSG00000031706,ENSMUST00000005600.6,appris_principal_2,4172,2892,254,1026,1287,Success
ENSMUSG00000036686,ENSMUST00000040383.9,appris_principal_2,3471,2832,230,409,646,Success
ENSMUSG00000035671,ENSMUST00000039480.7,appris_principal_1,4625,3306,51,1268,1326,Success
ENSMUSG00000004994,ENSMUST00000098578.10,appris_principal_1,2119,1158,275,686,968,Success
ENSMUSG00000053560,ENSMUST00000060427.6,appris_principal_1,1524,666,103,755,865,Success
ENSMUSG00000001910,ENSMUST00000001975.6,appris_principal_1,4344,1545,236,2563,2806,Success
ENSMUSG00000003813,ENSMUST00000109761.9,Ensembl_canonical,1842,1092,100,650,757,Success
ENSMUSG00000003814,ENSMUST00000003912.7,appris_principal_1,2184,1251,136,797,940,Success
ENSMUSG00000003809,ENSMUST00000109745.8,appris_principal_1,2114,1317,210,587,804,Success
ENSMUSG00000003812,ENSMUST00000003910.13,appris_principal_1,1715,1062,216,437,660,Success
ENSMUSG00000005161,ENSMUST00000109734.8,appris_principal_1,1612,597,266,749,1022,Success
ENSMUSG00000052837,ENSMUST00000064922.7,appris_principal_1,1809,1035,289,485,781,Success
ENSMUSG00000052566,ENSMUST00000064495.8,appris_principal_1,2580,2151,91,338,436,Success
ENSMUSG00000031691,ENSMUST00000211601.2,appris_principal_1,2941,2664,137,140,284,Success
ENSMUSG00000008167,ENSMUST00000095220.4,appris_principal_1,1907,1377,73,457,537,Success
ENSMUSG00000031696,ENSMUST00000034131.10,appris_principal_1,3474,2391,345,738,1090,Success
ENSMUSG00000031700,ENSMUST00000034136.12,appris_principal_1,3639,1569,136,1934,2077,Success
ENSMUSG00000031701,ENSMUST00000034138.7,appris_principal_1,2919,1239,97,1583,1687,Success
ENSMUSG00000036902,ENSMUST00000109686.4,Ensembl_canonical,5610,1662,0,3948,0,Short_or_Missing_UTRs
ENSMUSG00000036879,ENSMUST00000249857.1,Ensembl_canonical,4502,3282,20,1200,1227,Short_or_Missing_UTRs
ENSMUSG00000036840,ENSMUST00000045296.6,appris_principal_1,1968,849,120,999,1126,Success
ENSMUSG00000031652,ENSMUST00000034074.8,appris_principal_1,6469,2682,239,3548,3794,Success
ENSMUSG00000036810,ENSMUST00000095214.10,appris_principal_1,1731,378,76,1277,1360,Success
ENSMUSG00000031657,ENSMUST00000034079.14,appris_principal_1,3251,2040,165,1046,1218,Success
ENSMUSG00000031659,ENSMUST00000169037.9,appris_principal_1,5198,3300,677,1221,1905,Success
ENSMUSG00000031660,ENSMUST00000034085.8,appris_principal_1,3625,1956,240,1429,1676,Success
ENSMUSG00000036712,ENSMUST00000209532.2,Ensembl_canonical,7990,2868,190,4932,5129,Success
ENSMUSG00000031665,ENSMUST00000034090.8,appris_principal_1,5265,3972,150,1143,1300,Success
ENSMUSG00000056608,ENSMUST00000048665.8,appris_principal_2,12008,8610,854,2544,3405,Success
ENSMUSG00000031666,ENSMUST00000034091.8,appris_principal_1,4925,3408,119,1398,1524,Success
ENSMUSG00000031667,ENSMUST00000120213.9,appris_principal_1,2200,879,249,1072,1328,Success
ENSMUSG00000033282,ENSMUST00000047783.14,appris_principal_1,7009,3795,67,3147,3221,Success
ENSMUSG00000055932,ENSMUST00000069718.15,appris_principal_1,3564,1509,51,2004,2062,Success
ENSMUSG00000031737,ENSMUST00000034184.12,appris_principal_1,2450,1455,435,560,1002,Success
ENSMUSG00000031740,ENSMUST00000034187.9,appris_principal_1,3078,1989,334,755,1096,Success
ENSMUSG00000033192,ENSMUST00000046290.3,appris_principal_1,2811,1635,116,1060,1183,Success
ENSMUSG00000031748,ENSMUST00000034198.15,appris_principal_1,2948,1065,498,1385,1890,Success
ENSMUSG00000031751,ENSMUST00000053766.14,appris_principal_1,3880,1920,381,1579,1967,Success
ENSMUSG00000031754,ENSMUST00000034204.11,appris_principal_1,5010,684,139,4187,4333,Success
ENSMUSG00000033009,ENSMUST00000109556.9,appris_principal_1,5310,1638,91,3581,3679,Success
ENSMUSG00000031762,ENSMUST00000034214.8,appris_principal_1,511,186,184,141,332,Success
ENSMUSG00000031770,ENSMUST00000161576.8,Ensembl_canonical,1952,1176,154,622,783,Success
ENSMUSG00000034361,ENSMUST00000048653.10,Ensembl_canonical,2342,1647,242,453,702,Success
ENSMUSG00000031774,ENSMUST00000034226.8,appris_principal_1,2873,765,609,1499,2115,Success
ENSMUSG00000050079,ENSMUST00000060389.10,appris_principal_1,3852,1731,646,1475,2128,Success
ENSMUSG00000031776,ENSMUST00000034228.16,appris_principal_1,2063,492,264,1307,1578,Success
ENSMUSG00000031775,ENSMUST00000034227.6,appris_principal_1,1926,549,108,1269,1384,Success
ENSMUSG00000031778,ENSMUST00000034230.7,appris_principal_1,3315,1188,256,1871,2134,Success
ENSMUSG00000031781,ENSMUST00000162538.9,appris_principal_1,4359,930,136,3293,3436,Success
ENSMUSG00000031782,ENSMUST00000034234.15,appris_principal_1,1789,942,101,746,854,Success
ENSMUSG00000031783,ENSMUST00000109521.4,appris_principal_1,1580,828,106,646,759,Success
ENSMUSG00000040631,ENSMUST00000212810.2,appris_principal_1,2558,978,279,1301,1587,Success
ENSMUSG00000031787,ENSMUST00000034239.9,appris_principal_1,3777,1977,375,1425,1807,Success
ENSMUSG00000031788,ENSMUST00000034240.15,appris_principal_2,3277,2475,155,647,809,Success
ENSMUSG00000046556,ENSMUST00000057717.8,appris_principal_1,7232,1746,669,4817,5493,Success
ENSMUSG00000031792,ENSMUST00000034245.16,appris_principal_1,1758,804,78,876,961,Success
ENSMUSG00000031790,ENSMUST00000034243.7,appris_principal_1,5135,1974,601,2560,3168,Success
ENSMUSG00000031796,ENSMUST00000034249.8,appris_principal_1,1295,582,298,415,720,Success
ENSMUSG00000046707,ENSMUST00000056919.9,appris_principal_1,3773,1053,380,2340,2727,Success
ENSMUSG00000031669,ENSMUST00000034094.11,appris_principal_1,2519,651,145,1723,1875,Success
ENSMUSG00000036564,ENSMUST00000073139.14,appris_principal_3,2966,1059,120,1787,1914,Success
ENSMUSG00000036550,ENSMUST00000098473.11,Ensembl_canonical,8390,7131,303,956,1266,Success
ENSMUSG00000036534,ENSMUST00000040481.4,appris_principal_1,3333,1392,292,1649,1948,Success
ENSMUSG00000031672,ENSMUST00000034097.8,appris_principal_1,2530,1293,242,995,1244,Success
ENSMUSG00000035824,ENSMUST00000050211.7,appris_principal_1,2406,813,25,1568,1600,Short_or_Missing_UTRs
ENSMUSG00000031875,ENSMUST00000212081.2,appris_principal_1,850,555,111,184,302,Success
ENSMUSG00000096188,ENSMUST00000179802.2,appris_principal_1,7734,627,171,6936,7114,Success
ENSMUSG00000031878,ENSMUST00000034349.10,appris_principal_1,1808,1605,73,130,210,Success
ENSMUSG00000048371,ENSMUST00000059588.8,appris_principal_1,5692,1599,186,3907,4100,Success
ENSMUSG00000031885,ENSMUST00000052209.9,appris_principal_1,2883,564,302,2017,2326,Success
ENSMUSG00000031889,ENSMUST00000034361.10,appris_principal_1,2916,1269,278,1369,1654,Success
ENSMUSG00000014776,ENSMUST00000014920.8,appris_principal_1,3176,663,476,2037,2520,Success
ENSMUSG00000014859,ENSMUST00000015003.10,appris_principal_1,1993,1233,78,682,767,Success
ENSMUSG00000014778,ENSMUST00000014922.5,appris_principal_1,3928,3594,100,234,341,Success
ENSMUSG00000013160,ENSMUST00000013304.8,appris_principal_1,1629,1056,135,438,580,Success
ENSMUSG00000038604,ENSMUST00000043531.10,appris_principal_1,4108,3672,119,317,443,Success
ENSMUSG00000005698,ENSMUST00000005841.16,appris_principal_1,3782,2211,268,1303,1578,Success
ENSMUSG00000013155,ENSMUST00000013299.11,appris_principal_1,1275,1041,25,209,241,Short_or_Missing_UTRs
ENSMUSG00000037415,ENSMUST00000239468.2,appris_principal_1,5308,1863,166,3279,3452,Success
ENSMUSG00000036442,ENSMUST00000040445.9,appris_principal_1,1819,918,229,672,908,Success
ENSMUSG00000048310,ENSMUST00000049699.9,appris_principal_1,3255,1275,170,1810,1987,Success
ENSMUSG00000031901,ENSMUST00000034375.11,appris_principal_1,1860,1482,88,290,385,Success
ENSMUSG00000031902,ENSMUST00000109308.3,appris_principal_2,5984,3231,258,2495,2760,Success
ENSMUSG00000031903,ENSMUST00000034377.8,appris_principal_1,2706,1239,88,1379,1474,Success
ENSMUSG00000031904,ENSMUST00000034378.5,appris_principal_1,3750,1548,134,2068,2209,Success
ENSMUSG00000033106,ENSMUST00000035925.7,appris_principal_1,1246,921,20,305,332,Short_or_Missing_UTRs
ENSMUSG00000060098,ENSMUST00000071592.12,appris_principal_1,3472,2079,248,1145,1400,Success
ENSMUSG00000061048,ENSMUST00000080797.8,appris_principal_1,4384,2469,68,1847,1922,Success
ENSMUSG00000000303,ENSMUST00000000312.12,appris_principal_1,4430,2655,144,1631,1782,Success
ENSMUSG00000041949,ENSMUST00000048359.5,appris_principal_1,4409,3240,85,1084,1176,Success
ENSMUSG00000046691,ENSMUST00000177068.8,appris_principal_1,2931,366,126,2439,2572,Success
ENSMUSG00000041438,ENSMUST00000047629.7,appris_principal_1,2232,2061,64,107,178,Success
ENSMUSG00000041308,ENSMUST00000212524.2,appris_principal_3,9945,1563,52,8330,8389,Success
ENSMUSG00000031913,ENSMUST00000034388.10,appris_principal_1,2178,1314,249,615,871,Success
ENSMUSG00000031916,ENSMUST00000095517.12,appris_principal_1,4476,1923,34,2519,2560,Success
ENSMUSG00000031924,ENSMUST00000034400.5,appris_principal_1,4316,441,72,3803,3882,Success
ENSMUSG00000003849,ENSMUST00000003947.9,appris_principal_1,1553,825,134,594,735,Success
ENSMUSG00000031930,ENSMUST00000166615.3,appris_principal_1,4314,2613,92,1609,1708,Success
ENSMUSG00000039067,ENSMUST00000044106.6,appris_principal_1,1581,966,112,503,622,Success
ENSMUSG00000031730,ENSMUST00000123605.9,appris_principal_1,2039,1188,251,600,858,Success
ENSMUSG00000031729,ENSMUST00000034164.6,appris_principal_1,2304,1089,92,1123,1222,Success
ENSMUSG00000069895,ENSMUST00000093162.4,appris_principal_1,7526,2064,348,5114,5469,Success
ENSMUSG00000031731,ENSMUST00000093157.13,Ensembl_canonical,6899,2478,412,4009,4428,Success
ENSMUSG00000046441,ENSMUST00000056972.6,appris_principal_1,3545,2304,118,1123,1248,Success
ENSMUSG00000010936,ENSMUST00000034190.11,appris_principal_1,3069,2349,291,429,727,Success
ENSMUSG00000033732,ENSMUST00000042012.7,appris_principal_1,4525,3654,169,702,878,Success
ENSMUSG00000031749,ENSMUST00000034197.5,appris_principal_1,4396,1053,1138,2205,3350,Success
ENSMUSG00000015023,ENSMUST00000040416.8,appris_principal_1,2547,1437,77,1033,1117,Success
ENSMUSG00000033658,ENSMUST00000040241.15,appris_principal_1,6612,1440,110,5062,5179,Success
ENSMUSG00000031960,ENSMUST00000034441.8,appris_principal_1,5750,2907,383,2460,2850,Success
ENSMUSG00000033624,ENSMUST00000039333.10,appris_principal_1,4938,2637,239,2062,2308,Success
ENSMUSG00000003316,ENSMUST00000169020.8,appris_principal_1,7021,3528,20,3473,3500,Short_or_Missing_UTRs
ENSMUSG00000033596,ENSMUST00000038739.5,appris_principal_1,4443,2325,42,2076,2125,Success
ENSMUSG00000012519,ENSMUST00000056157.14,appris_principal_2,2003,1419,356,228,591,Success
ENSMUSG00000031959,ENSMUST00000034437.8,appris_principal_3,4896,2982,89,1825,1921,Success
ENSMUSG00000033545,ENSMUST00000172856.8,appris_principal_1,4600,684,960,2956,3923,Success
ENSMUSG00000031958,ENSMUST00000070004.4,appris_principal_1,2273,1455,64,754,825,Success
ENSMUSG00000031954,ENSMUST00000034432.7,appris_principal_1,1178,888,84,206,297,Success
ENSMUSG00000031953,ENSMUST00000034431.3,appris_principal_1,3878,435,115,3328,3450,Success
ENSMUSG00000031951,ENSMUST00000034429.9,appris_principal_1,2984,948,115,1921,2043,Success
ENSMUSG00000031950,ENSMUST00000034428.8,appris_principal_1,1677,354,116,1207,1330,Success
ENSMUSG00000031949,ENSMUST00000034427.12,appris_principal_1,3159,1500,161,1498,1666,Success
ENSMUSG00000078908,ENSMUST00000179926.9,appris_principal_1,3470,1662,132,1676,1815,Success
ENSMUSG00000031767,ENSMUST00000073521.12,appris_principal_1,3543,711,109,2723,2839,Success
ENSMUSG00000004637,ENSMUST00000004756.14,appris_principal_1,2244,1245,117,882,1006,Success
ENSMUSG00000055435,ENSMUST00000069009.7,appris_principal_2,3223,1143,233,1847,2087,Success
ENSMUSG00000031758,ENSMUST00000109102.4,appris_principal_1,2411,1512,170,729,906,Success
ENSMUSG00000014633,ENSMUST00000148235.8,appris_principal_1,1459,240,131,1088,1226,Success
ENSMUSG00000047388,ENSMUST00000109099.4,appris_principal_1,4877,2457,34,2386,2427,Success
ENSMUSG00000034390,ENSMUST00000166750.9,appris_principal_1,2408,2322,38,48,93,Success
ENSMUSG00000031839,ENSMUST00000034300.8,appris_principal_1,1208,231,88,889,984,Success
ENSMUSG00000031835,ENSMUST00000098362.11,appris_principal_1,4336,3159,554,623,1184,Success
ENSMUSG00000034189,ENSMUST00000036049.6,appris_principal_1,3141,993,98,2050,2155,Success
ENSMUSG00000031827,ENSMUST00000034285.14,appris_principal_1,1596,429,144,1023,1174,Success
ENSMUSG00000031828,ENSMUST00000034287.10,appris_principal_1,2181,1842,193,146,346,Success
ENSMUSG00000031826,ENSMUST00000144458.8,Ensembl_canonical,3726,2382,559,785,1351,Success
ENSMUSG00000031825,ENSMUST00000034282.16,Ensembl_canonical,2898,1488,171,1239,1417,Success
ENSMUSG00000031823,ENSMUST00000034280.9,appris_principal_1,3069,927,492,1650,2149,Success
ENSMUSG00000031822,ENSMUST00000034279.16,appris_principal_2,7127,3672,668,2787,3462,Success
ENSMUSG00000031821,ENSMUST00000034278.6,appris_principal_1,3900,558,289,3053,3349,Success
ENSMUSG00000031819,ENSMUST00000034277.14,appris_principal_1,4942,624,143,4175,4325,Success
ENSMUSG00000031816,ENSMUST00000116415.9,appris_principal_1,1520,1119,24,377,408,Short_or_Missing_UTRs
ENSMUSG00000052934,ENSMUST00000059018.14,appris_principal_1,4358,1524,51,2783,2841,Success
ENSMUSG00000031812,ENSMUST00000034270.17,appris_principal_1,2532,378,164,1990,2161,Success
ENSMUSG00000061410,ENSMUST00000046386.5,appris_principal_1,7444,3282,589,3573,4169,Success
ENSMUSG00000040010,ENSMUST00000045557.10,appris_principal_1,3517,1539,88,1890,1985,Success
ENSMUSG00000025316,ENSMUST00000173254.8,appris_principal_1,1521,1521,0,0,0,Short_or_Missing_UTRs
ENSMUSG00000014470,ENSMUST00000014614.4,appris_principal_1,1783,714,47,1022,1076,Success
ENSMUSG00000049482,ENSMUST00000116412.8,appris_principal_1,3066,1545,85,1436,1528,Success
ENSMUSG00000014444,ENSMUST00000067252.14,appris_principal_2,8216,7641,291,284,582,Success
ENSMUSG00000035569,ENSMUST00000098333.5,Ensembl_canonical,7995,7995,0,0,0,Short_or_Missing_UTRs
ENSMUSG00000000743,ENSMUST00000000759.9,appris_principal_1,2140,591,88,1461,1556,Success
ENSMUSG00000033594,ENSMUST00000166768.3,appris_principal_1,2707,1281,413,1013,1433,Success
ENSMUSG00000001062,ENSMUST00000118279.2,Ensembl_canonical,2696,1953,6,737,750,Short_or_Missing_UTRs
ENSMUSG00000001065,ENSMUST00000001092.15,appris_principal_1,4071,1845,521,1705,2233,Success
ENSMUSG00000010154,ENSMUST00000010298.7,appris_principal_1,2330,2157,52,121,180,Success
ENSMUSG00000062380,ENSMUST00000071134.4,appris_principal_1,1868,1353,182,333,522,Success
ENSMUSG00000001482,ENSMUST00000065534.10,appris_principal_1,3127,1347,76,1704,1787,Success
ENSMUSG00000019478,ENSMUST00000118535.9,appris_principal_1,1419,657,151,611,769,Success
ENSMUSG00000031971,ENSMUST00000034452.12,appris_principal_1,2390,759,120,1511,1638,Success
ENSMUSG00000031974,ENSMUST00000075578.7,appris_principal_1,4306,2148,309,1849,2165,Success
ENSMUSG00000038697,ENSMUST00000093039.6,appris_principal_1,2912,1770,151,991,1149,Success
ENSMUSG00000031976,ENSMUST00000034457.9,appris_principal_1,5853,4575,79,1199,1285,Success
ENSMUSG00000089704,ENSMUST00000034458.9,appris_principal_1,4113,1713,136,2264,2407,Success
ENSMUSG00000050751,ENSMUST00000140012.8,appris_principal_3,3222,1572,212,1438,1657,Success
ENSMUSG00000031979,ENSMUST00000034460.11,appris_principal_1,2825,2196,113,516,636,Success
ENSMUSG00000074030,ENSMUST00000098312.4,appris_principal_1,4598,2151,79,2368,2454,Success
ENSMUSG00000031987,ENSMUST00000034469.7,appris_principal_1,3594,1203,270,2121,2398,Success
ENSMUSG00000056820,ENSMUST00000075896.7,appris_principal_1,2391,873,200,1318,1525,Success
ENSMUSG00000001995,ENSMUST00000108775.2,appris_principal_2,6365,5169,114,1082,1203,Success
ENSMUSG00000033998,ENSMUST00000046765.10,appris_principal_1,2235,1011,290,934,1231,Success
ENSMUSG00000051671,ENSMUST00000059093.7,appris_principal_1,747,240,172,335,514,Success
ENSMUSG00000051495,ENSMUST00000054960.9,appris_principal_1,5080,1713,550,2817,3374,Success
ENSMUSG00000093904,ENSMUST00000179857.3,appris_principal_1,4902,438,116,4348,4471,Success
ENSMUSG00000025812,ENSMUST00000160272.8,Ensembl_canonical,5815,4005,298,1512,1817,Success
ENSMUSG00000025810,ENSMUST00000026917.10,appris_principal_1,3597,2772,276,549,832,Success
ENSMUSG00000025809,ENSMUST00000090006.12,appris_principal_1,3815,2397,306,1112,1425,Success
ENSMUSG00000025894,ENSMUST00000051589.9,appris_principal_1,2843,930,31,1882,1920,Success
ENSMUSG00000025893,ENSMUST00000049648.9,appris_principal_1,2231,1824,126,281,414,Success
ENSMUSG00000041124,ENSMUST00000212075.2,appris_principal_1,2800,1038,206,1556,1769,Success
ENSMUSG00000025887,ENSMUST00000027009.11,appris_principal_1,2649,1260,89,1300,1396,Success
ENSMUSG00000032006,ENSMUST00000168039.8,appris_principal_1,1795,1113,183,499,689,Success
ENSMUSG00000050912,ENSMUST00000052865.16,appris_principal_1,2907,588,181,2138,2326,Success
ENSMUSG00000057367,ENSMUST00000190341.7,appris_principal_1,3331,1839,969,523,1499,Success
ENSMUSG00000053110,ENSMUST00000086580.12,appris_principal_2,4115,1419,198,2498,2703,Success
ENSMUSG00000050730,ENSMUST00000093893.12,appris_principal_1,6116,2526,322,3268,3597,Success
ENSMUSG00000079083,ENSMUST00000110582.4,appris_principal_1,3223,1572,175,1476,1658,Success
ENSMUSG00000031925,ENSMUST00000159294.9,appris_principal_1,6404,3513,107,2784,2898,Success
ENSMUSG00000031918,ENSMUST00000034396.14,appris_principal_2,3788,1932,911,945,1863,Success
ENSMUSG00000031922,ENSMUST00000034398.12,Ensembl_canonical,2523,1503,207,813,1027,Success
ENSMUSG00000037808,ENSMUST00000059579.12,appris_principal_1,3702,1020,259,2423,2689,Success
ENSMUSG00000032009,ENSMUST00000208222.2,appris_principal_1,9125,1479,251,7395,7653,Success
ENSMUSG00000037419,ENSMUST00000167549.2,appris_principal_1,4470,1506,272,2692,2971,Success
ENSMUSG00000013076,ENSMUST00000013220.8,appris_principal_2,8957,2907,224,5826,6057,Success
ENSMUSG00000031931,ENSMUST00000216372.2,appris_principal_1,2679,717,430,1532,1969,Success
ENSMUSG00000031934,ENSMUST00000164273.9,appris_principal_1,5732,1281,441,4010,4458,Success
ENSMUSG00000031935,ENSMUST00000034411.10,appris_principal_1,3964,1950,138,1876,2021,Success
ENSMUSG00000031939,ENSMUST00000034415.6,appris_principal_2,1148,969,96,83,186,Success
ENSMUSG00000058173,ENSMUST00000215907.2,appris_principal_1,994,180,356,458,821,Success
ENSMUSG00000043885,ENSMUST00000061568.9,appris_principal_1,6539,1503,53,4983,5043,Success
ENSMUSG00000001774,ENSMUST00000001825.9,appris_principal_1,5789,996,272,4521,4800,Success
ENSMUSG00000057551,ENSMUST00000208694.2,appris_principal_1,3988,1824,481,1683,2171,Success
ENSMUSG00000066892,ENSMUST00000148631.8,appris_principal_1,3756,981,2184,591,2782,Success
ENSMUSG00000084786,ENSMUST00000129414.9,appris_principal_1,2114,222,1587,305,1899,Success
ENSMUSG00000032171,ENSMUST00000034689.8,appris_principal_1,3843,498,45,3300,3352,Success
ENSMUSG00000004099,ENSMUST00000004202.17,appris_principal_1,5367,4863,192,312,511,Success
ENSMUSG00000043895,ENSMUST00000054197.7,appris_principal_1,6394,1059,224,5111,5342,Success
ENSMUSG00000019471,ENSMUST00000019615.11,appris_principal_1,7851,1140,125,6586,6718,Success
ENSMUSG00000032177,ENSMUST00000003395.10,appris_principal_1,2524,1833,408,283,698,Success
ENSMUSG00000002820,ENSMUST00000065005.5,appris_principal_1,5951,1425,190,4336,4533,Success
ENSMUSG00000096472,ENSMUST00000215619.2,appris_principal_1,1423,501,359,563,929,Success
ENSMUSG00000057193,ENSMUST00000034697.8,appris_principal_1,3456,2121,98,1237,1342,Success
ENSMUSG00000033335,ENSMUST00000072362.14,Ensembl_canonical,3502,2613,151,738,896,Success
ENSMUSG00000032180,ENSMUST00000034698.9,appris_principal_1,1378,684,76,618,701,Success
ENSMUSG00000032185,ENSMUST00000034703.15,appris_principal_2,3220,1827,114,1279,1400,Success
ENSMUSG00000032182,ENSMUST00000078572.9,appris_principal_1,1894,939,66,889,962,Success
ENSMUSG00000032187,ENSMUST00000098948.10,Ensembl_canonical,6376,4854,260,1262,1529,Success
ENSMUSG00000032193,ENSMUST00000034713.9,appris_principal_1,4627,2589,295,1743,2045,Success
ENSMUSG00000032194,ENSMUST00000034717.7,appris_principal_1,5040,2532,341,2167,2515,Success
ENSMUSG00000032198,ENSMUST00000217336.2,appris_principal_3,6880,6336,47,497,551,Success
ENSMUSG00000040883,ENSMUST00000046831.11,appris_principal_1,785,570,180,35,222,Success
ENSMUSG00000040563,ENSMUST00000046371.13,appris_principal_1,2626,1359,310,957,1274,Success
ENSMUSG00000013822,ENSMUST00000166335.2,appris_principal_1,1053,252,246,555,808,Success
ENSMUSG00000001348,ENSMUST00000069330.14,appris_principal_1,1356,984,79,293,379,Success
ENSMUSG00000036777,ENSMUST00000040912.9,appris_principal_1,4605,3366,201,1038,1246,Success
ENSMUSG00000035919,ENSMUST00000039798.16,appris_principal_2,3382,2643,352,387,746,Success
ENSMUSG00000008429,ENSMUST00000008573.9,appris_principal_1,2781,1215,854,712,1573,Success
ENSMUSG00000001833,ENSMUST00000165594.4,appris_principal_3,2516,1314,188,1014,1209,Success
ENSMUSG00000031969,ENSMUST00000060513.8,appris_principal_3,2859,1242,53,1564,1624,Success
ENSMUSG00000031988,ENSMUST00000034470.11,appris_principal_1,3575,1011,444,2120,2571,Success
ENSMUSG00000031993,ENSMUST00000164099.3,appris_principal_1,5762,2994,460,2308,2775,Success
ENSMUSG00000047412,ENSMUST00000217092.2,appris_principal_1,2472,1851,57,564,628,Success
ENSMUSG00000031996,ENSMUST00000072634.15,appris_principal_1,3634,2256,64,1314,1385,Success
ENSMUSG00000042185,ENSMUST00000086167.12,appris_principal_1,5161,3891,117,1153,1277,Success
ENSMUSG00000016087,ENSMUST00000016231.14,appris_principal_1,3318,1359,387,1572,1966,Success
ENSMUSG00000032035,ENSMUST00000034534.13,appris_principal_3,5080,1323,362,3395,3764,Success
ENSMUSG00000032038,ENSMUST00000034537.8,appris_principal_1,2095,1002,236,857,1100,Success
ENSMUSG00000032040,ENSMUST00000034539.12,appris_principal_1,1274,1017,93,164,264,Success
ENSMUSG00000032041,ENSMUST00000175765.8,appris_principal_1,4589,750,479,3360,3846,Success
ENSMUSG00000032042,ENSMUST00000034541.12,appris_principal_1,2993,1911,134,948,1089,Success
ENSMUSG00000050471,ENSMUST00000121564.8,appris_principal_1,1962,1056,192,714,913,Success
ENSMUSG00000038119,ENSMUST00000119129.10,appris_principal_1,7503,3753,318,3432,3757,Success
ENSMUSG00000032113,ENSMUST00000172702.9,appris_principal_1,3797,1431,513,1853,2373,Success
ENSMUSG00000032116,ENSMUST00000120381.9,appris_principal_1,5867,2118,169,3580,3756,Success
ENSMUSG00000062762,ENSMUST00000163192.11,appris_principal_1,2309,1023,338,948,1293,Success
ENSMUSG00000032121,ENSMUST00000034632.10,appris_principal_1,2619,348,184,2087,2278,Success
ENSMUSG00000034303,ENSMUST00000037275.6,appris_principal_3,3525,2472,326,727,1060,Success
ENSMUSG00000053310,ENSMUST00000065668.12,appris_principal_1,1453,237,353,863,1223,Success
ENSMUSG00000001948,ENSMUST00000002013.11,appris_principal_1,696,450,196,50,253,Success
ENSMUSG00000001942,ENSMUST00000215474.2,appris_principal_3,4947,1626,190,3131,3328,Success
ENSMUSG00000023186,ENSMUST00000001544.12,appris_principal_1,4157,2382,211,1564,1782,Success
ENSMUSG00000025602,ENSMUST00000026693.14,appris_principal_1,3461,1926,215,1320,1542,Success
ENSMUSG00000040111,ENSMUST00000045682.7,appris_principal_1,7488,2637,94,4757,4858,Success
ENSMUSG00000032024,ENSMUST00000034522.8,appris_principal_1,4154,1122,323,2709,3039,Success
ENSMUSG00000032020,ENSMUST00000044155.15,appris_principal_1,6354,1917,636,3801,4444,Success
ENSMUSG00000032018,ENSMUST00000052725.15,appris_principal_1,4787,900,140,3747,3894,Success
ENSMUSG00000037287,ENSMUST00000125995.8,appris_principal_1,4849,1275,59,3515,3581,Success
ENSMUSG00000059495,ENSMUST00000165665.9,Ensembl_canonical,10752,4635,777,5340,6124,Success
ENSMUSG00000032014,ENSMUST00000034512.7,appris_principal_1,2526,849,338,1339,1684,Success
ENSMUSG00000032012,ENSMUST00000034510.9,appris_principal_1,5653,1548,660,3445,4112,Success
ENSMUSG00000032011,ENSMUST00000114840.2,appris_principal_1,1735,489,118,1128,1253,Success
ENSMUSG00000032010,ENSMUST00000034508.14,Ensembl_canonical,3867,1860,241,1766,2014,Success
ENSMUSG00000032135,ENSMUST00000034650.15,appris_principal_2,2989,1947,128,914,1049,Success
ENSMUSG00000034342,ENSMUST00000206720.2,appris_principal_2,11372,2742,161,8469,8637,Success
ENSMUSG00000032119,ENSMUST00000216508.2,appris_principal_1,5333,1512,65,3756,3828,Success
ENSMUSG00000032120,ENSMUST00000065080.10,appris_principal_1,4337,2121,397,1819,2223,Success
ENSMUSG00000032123,ENSMUST00000054708.5,appris_principal_1,2205,1233,194,778,979,Success
ENSMUSG00000032126,ENSMUST00000077353.15,appris_principal_1,1605,1086,186,333,526,Success
ENSMUSG00000032127,ENSMUST00000034644.10,appris_principal_1,3536,2826,39,671,717,Success
ENSMUSG00000032115,ENSMUST00000066601.13,appris_principal_1,4432,3000,113,1319,1439,Success
ENSMUSG00000032112,ENSMUST00000034623.8,appris_principal_1,1220,660,299,261,567,Success
ENSMUSG00000063382,ENSMUST00000218183.2,Ensembl_canonical,6771,4485,173,2113,2293,Success
ENSMUSG00000032097,ENSMUST00000170489.2,appris_principal_1,6065,1452,363,4250,4620,Success
ENSMUSG00000048537,ENSMUST00000138356.8,Ensembl_canonical,5600,4350,0,1250,0,Short_or_Missing_UTRs
ENSMUSG00000032096,ENSMUST00000034607.10,appris_principal_1,4072,1536,173,2363,2543,Success
ENSMUSG00000002032,ENSMUST00000002100.8,appris_principal_1,2448,1098,151,1199,1357,Success
ENSMUSG00000059890,ENSMUST00000117549.8,appris_principal_1,3415,3258,156,1,164,Short_or_Missing_UTRs
ENSMUSG00000032092,ENSMUST00000034600.5,appris_principal_1,3107,648,312,2147,2466,Success
ENSMUSG00000043987,ENSMUST00000213154.2,appris_principal_2,6105,6105,0,0,0,Short_or_Missing_UTRs
ENSMUSG00000032086,ENSMUST00000034591.11,appris_principal_1,6058,1506,448,4104,4559,Success
ENSMUSG00000042790,ENSMUST00000161203.8,appris_principal_1,3294,1647,139,1508,1654,Success
ENSMUSG00000035382,ENSMUST00000039059.8,appris_principal_1,3876,2313,679,884,1570,Success
ENSMUSG00000032085,ENSMUST00000034590.4,appris_principal_1,1595,606,237,752,996,Success
ENSMUSG00000034908,ENSMUST00000038488.17,appris_principal_1,4248,2499,352,1397,1756,Success
ENSMUSG00000003131,ENSMUST00000172450.3,appris_principal_1,6873,690,354,5829,6190,Success
ENSMUSG00000034135,ENSMUST00000126865.8,appris_principal_1,6287,4110,38,2139,2184,Success
ENSMUSG00000032077,ENSMUST00000074957.5,appris_principal_1,2539,1914,23,602,632,Short_or_Missing_UTRs
ENSMUSG00000032076,ENSMUST00000152459.8,Ensembl_canonical,1784,1425,162,197,366,Success
ENSMUSG00000042396,ENSMUST00000170000.4,appris_principal_1,1773,798,47,928,982,Success
ENSMUSG00000032271,ENSMUST00000034808.12,appris_principal_1,1043,795,195,53,255,Success
ENSMUSG00000039542,ENSMUST00000193547.6,appris_principal_3,6050,2547,196,3307,3510,Success
ENSMUSG00000039217,ENSMUST00000214117.2,Ensembl_canonical,860,579,158,123,288,Success
ENSMUSG00000000171,ENSMUST00000000175.6,appris_principal_1,1231,480,23,728,758,Short_or_Missing_UTRs
ENSMUSG00000039016,ENSMUST00000044051.6,appris_principal_1,518,252,46,220,273,Success
ENSMUSG00000000168,ENSMUST00000034567.4,appris_principal_1,4035,1929,314,1792,2113,Success
ENSMUSG00000032064,ENSMUST00000117646.8,appris_principal_1,5719,2058,222,3439,3668,Success
ENSMUSG00000032058,ENSMUST00000114437.9,appris_principal_2,3430,1806,48,1576,1631,Success
ENSMUSG00000037112,ENSMUST00000176824.8,appris_principal_2,5369,2784,61,2524,2592,Success
ENSMUSG00000060594,ENSMUST00000098782.4,appris_principal_2,1786,1146,124,516,647,Success
ENSMUSG00000032051,ENSMUST00000034552.8,appris_principal_1,875,567,79,229,315,Success
ENSMUSG00000032050,ENSMUST00000163153.9,appris_principal_1,4131,1752,123,2256,2386,Success
ENSMUSG00000035164,ENSMUST00000213645.2,appris_principal_1,6764,2655,47,4062,4116,Success
ENSMUSG00000053289,ENSMUST00000065630.8,appris_principal_1,3128,2628,50,450,507,Success
ENSMUSG00000033054,ENSMUST00000035850.8,appris_principal_1,6062,4263,105,1694,1806,Success
ENSMUSG00000032047,ENSMUST00000034547.6,appris_principal_1,3405,1275,107,2023,2137,Success
ENSMUSG00000032030,ENSMUST00000034529.14,appris_principal_1,3585,2568,225,792,1024,Success
ENSMUSG00000041268,ENSMUST00000118163.8,appris_principal_2,10614,9165,189,1260,1456,Success
ENSMUSG00000037493,ENSMUST00000041901.7,appris_principal_1,1433,564,200,669,876,Success
ENSMUSG00000032285,ENSMUST00000120452.8,appris_principal_1,1827,1194,548,85,640,Success
ENSMUSG00000061559,ENSMUST00000051822.13,appris_principal_1,1187,918,82,187,276,Success
ENSMUSG00000032293,ENSMUST00000034843.9,appris_principal_1,5770,2892,89,2789,2885,Success
ENSMUSG00000035878,ENSMUST00000039742.8,appris_principal_1,5110,1131,581,3398,3986,Success
ENSMUSG00000032307,ENSMUST00000059555.15,appris_principal_1,3456,1137,781,1538,2326,Success
ENSMUSG00000032309,ENSMUST00000034859.15,appris_principal_1,2112,1209,127,776,910,Success
ENSMUSG00000034007,ENSMUST00000037408.9,Ensembl_canonical,5158,4197,76,885,968,Success
ENSMUSG00000032320,ENSMUST00000114276.3,appris_principal_1,2024,963,195,866,1068,Success
ENSMUSG00000032324,ENSMUST00000034876.10,appris_principal_1,1716,762,195,759,961,Success
ENSMUSG00000032329,ENSMUST00000034879.5,appris_principal_1,3778,1041,327,2410,2744,Success
ENSMUSG00000032911,ENSMUST00000035661.7,appris_principal_1,8121,6984,157,980,1144,Success
ENSMUSG00000032733,ENSMUST00000050916.7,appris_principal_1,4571,1725,1588,1258,2853,Success
ENSMUSG00000032288,ENSMUST00000034827.10,appris_principal_1,924,555,32,337,376,Success
ENSMUSG00000055334,ENSMUST00000068856.5,appris_principal_1,1391,1077,81,233,321,Success
ENSMUSG00000032290,ENSMUST00000034832.8,appris_principal_1,4101,1782,671,1648,2326,Success
ENSMUSG00000042557,ENSMUST00000168177.8,Ensembl_canonical,5086,3834,264,988,1259,Success
ENSMUSG00000032295,ENSMUST00000160147.8,Ensembl_canonical,3820,3120,99,601,707,Success
ENSMUSG00000040722,ENSMUST00000046587.8,appris_principal_1,3225,708,174,2343,2524,Success
ENSMUSG00000062309,ENSMUST00000080514.9,appris_principal_1,1423,600,211,612,830,Success
ENSMUSG00000000088,ENSMUST00000000090.8,appris_principal_1,645,441,49,155,211,Success
ENSMUSG00000032305,ENSMUST00000114200.10,appris_principal_1,3017,594,58,2365,2430,Success
ENSMUSG00000032306,ENSMUST00000034856.15,appris_principal_1,1780,1272,44,464,515,Success
ENSMUSG00000040188,ENSMUST00000045791.11,appris_principal_1,2340,990,111,1239,1357,Success
ENSMUSG00000032308,ENSMUST00000053230.7,appris_principal_1,2826,1419,133,1274,1414,Success
ENSMUSG00000032312,ENSMUST00000034863.8,appris_principal_1,2749,1353,721,675,1403,Success
ENSMUSG00000038957,ENSMUST00000043990.14,appris_principal_1,5708,1527,177,4004,4188,Success
ENSMUSG00000032316,ENSMUST00000065330.8,appris_principal_1,2496,1473,787,236,1030,Success
ENSMUSG00000004661,ENSMUST00000098686.4,appris_principal_2,1969,1611,183,175,365,Success
ENSMUSG00000055720,ENSMUST00000216925.2,appris_principal_1,1319,1143,58,118,183,Success
ENSMUSG00000038264,ENSMUST00000043059.9,appris_principal_1,3297,1995,38,1264,1309,Success
ENSMUSG00000036986,ENSMUST00000085673.11,appris_principal_2,4481,2658,96,1727,1830,Success
ENSMUSG00000032333,ENSMUST00000034883.7,appris_principal_1,1984,1200,103,681,791,Success
ENSMUSG00000032334,ENSMUST00000061799.10,appris_principal_1,3297,1824,300,1173,1480,Success
ENSMUSG00000035914,ENSMUST00000165365.3,appris_principal_1,3603,951,611,2041,2659,Success
ENSMUSG00000032340,ENSMUST00000068664.7,appris_principal_2,7379,4479,313,2587,2907,Success
ENSMUSG00000025236,ENSMUST00000217570.2,Ensembl_canonical,2484,1491,76,917,1000,Success
ENSMUSG00000025235,ENSMUST00000026265.8,appris_principal_1,2518,1563,75,880,962,Success
ENSMUSG00000025232,ENSMUST00000026262.8,appris_principal_1,1996,1587,184,225,416,Success
ENSMUSG00000025237,ENSMUST00000050483.15,appris_principal_1,2631,1833,555,243,805,Success
ENSMUSG00000032294,ENSMUST00000034834.16,appris_principal_3,2432,1596,295,541,843,Success
ENSMUSG00000051705,ENSMUST00000051039.5,appris_principal_2,3682,666,108,2908,3023,Success
ENSMUSG00000034485,ENSMUST00000050183.7,appris_principal_2,4428,4242,61,125,193,Success
ENSMUSG00000032280,ENSMUST00000160882.8,Ensembl_canonical,3523,2349,53,1121,1181,Success
ENSMUSG00000032254,ENSMUST00000034815.9,appris_principal_1,3398,2862,152,384,543,Success
ENSMUSG00000032252,ENSMUST00000034785.8,appris_principal_1,4626,1857,6,2763,2776,Short_or_Missing_UTRs
ENSMUSG00000032249,ENSMUST00000085519.13,appris_principal_1,2113,744,172,1197,1376,Success
ENSMUSG00000041729,ENSMUST00000048043.12,appris_principal_1,3610,1443,377,1790,2174,Success
ENSMUSG00000032244,ENSMUST00000034775.10,appris_principal_1,6785,1884,629,4272,4908,Success
ENSMUSG00000032245,ENSMUST00000034776.13,appris_principal_1,2142,927,96,1119,1222,Success
ENSMUSG00000058444,ENSMUST00000034920.11,appris_principal_1,2310,1347,645,318,970,Success
ENSMUSG00000037257,ENSMUST00000041551.9,appris_principal_1,5294,951,39,4304,4350,Success
ENSMUSG00000032402,ENSMUST00000034973.10,appris_principal_1,5090,1278,317,3495,3819,Success
ENSMUSG00000036867,ENSMUST00000041029.6,appris_principal_1,2971,1488,1035,448,1490,Success
ENSMUSG00000004936,ENSMUST00000005066.9,appris_principal_1,2436,1182,339,915,1261,Success
ENSMUSG00000032397,ENSMUST00000216594.2,appris_principal_1,1841,837,50,954,1011,Success
ENSMUSG00000004771,ENSMUST00000172298.8,appris_principal_1,2336,651,135,1550,1692,Success
ENSMUSG00000053641,ENSMUST00000038890.6,appris_principal_1,8645,5610,463,2572,3042,Success
ENSMUSG00000034263,ENSMUST00000170517.9,appris_principal_1,2820,1548,395,877,1279,Success
ENSMUSG00000033629,ENSMUST00000036615.7,appris_principal_1,2709,1089,150,1470,1627,Success
ENSMUSG00000032393,ENSMUST00000034960.14,appris_principal_1,4808,2679,331,1798,2136,Success
ENSMUSG00000032392,ENSMUST00000216702.2,appris_principal_1,1643,969,233,441,681,Success
ENSMUSG00000015357,ENSMUST00000113824.8,appris_principal_3,2809,1863,192,754,953,Success
ENSMUSG00000041837,ENSMUST00000048184.4,appris_principal_1,2419,1455,38,926,971,Success
ENSMUSG00000059183,ENSMUST00000074792.7,appris_principal_1,2042,1161,32,849,888,Success
ENSMUSG00000032388,ENSMUST00000034955.8,appris_principal_1,2680,927,232,1521,1760,Success
ENSMUSG00000050721,ENSMUST00000068944.9,appris_principal_1,3273,1488,91,1694,1792,Success
ENSMUSG00000032387,ENSMUST00000055844.10,appris_principal_1,1987,621,270,1096,1373,Success
ENSMUSG00000040524,ENSMUST00000159109.2,appris_principal_1,7777,4242,226,3309,3542,Success
ENSMUSG00000032386,ENSMUST00000119245.8,appris_principal_1,4211,1746,843,1622,2472,Success
ENSMUSG00000032384,ENSMUST00000034949.10,appris_principal_1,7208,1380,444,5384,5835,Success
ENSMUSG00000032383,ENSMUST00000034947.7,appris_principal_1,892,651,35,206,248,Success
ENSMUSG00000032382,ENSMUST00000034946.15,appris_principal_1,2073,1566,121,386,514,Success
ENSMUSG00000032381,ENSMUST00000034945.6,appris_principal_1,1240,483,236,521,764,Success
ENSMUSG00000032376,ENSMUST00000127569.8,appris_principal_1,5607,1563,268,3776,4051,Success
ENSMUSG00000032373,ENSMUST00000071889.13,Ensembl_canonical,3716,1065,163,2488,2658,Success
ENSMUSG00000036781,ENSMUST00000040917.14,appris_principal_1,499,255,89,155,251,Success
ENSMUSG00000052698,ENSMUST00000215784.2,Ensembl_canonical,8330,7635,214,481,702,Success
ENSMUSG00000032238,ENSMUST00000113624.3,appris_principal_1,2591,1404,339,848,1194,Success
ENSMUSG00000032235,ENSMUST00000034761.15,appris_principal_1,4169,2967,249,953,1209,Success
ENSMUSG00000032231,ENSMUST00000034756.15,appris_principal_1,1447,1020,137,290,434,Success
ENSMUSG00000011958,ENSMUST00000085393.13,appris_principal_3,2328,945,243,1140,1390,Success
ENSMUSG00000033543,ENSMUST00000118198.8,appris_principal_1,893,330,159,404,570,Success
ENSMUSG00000032220,ENSMUST00000034745.9,appris_principal_1,4625,3324,333,968,1308,Success
ENSMUSG00000032217,ENSMUST00000034739.12,Ensembl_canonical,4880,2970,349,1561,1917,Success
ENSMUSG00000032212,ENSMUST00000049263.9,appris_principal_2,3691,3096,50,545,602,Success
ENSMUSG00000042444,ENSMUST00000049031.6,Ensembl_canonical,8081,1806,128,6147,6282,Success
ENSMUSG00000054693,ENSMUST00000067880.13,appris_principal_1,4593,2250,208,2135,2350,Success
ENSMUSG00000013584,ENSMUST00000034723.6,appris_principal_1,2264,1557,58,649,714,Success
ENSMUSG00000032199,ENSMUST00000034720.12,appris_principal_1,2200,1101,139,960,1106,Success
ENSMUSG00000032232,ENSMUST00000072899.9,appris_principal_1,6754,3894,109,2751,2867,Success
ENSMUSG00000032228,ENSMUST00000183404.8,Ensembl_canonical,6299,2121,294,3884,4185,Success
ENSMUSG00000090626,ENSMUST00000184125.8,appris_principal_2,2794,1164,149,1481,1637,Success
ENSMUSG00000032216,ENSMUST00000034740.15,appris_principal_1,5499,2664,211,2624,2842,Success
ENSMUSG00000034910,ENSMUST00000038489.6,appris_principal_1,7916,1254,267,6395,6669,Success
ENSMUSG00000079469,ENSMUST00000184035.8,appris_principal_1,3221,1629,108,1484,1599,Success
ENSMUSG00000032202,ENSMUST00000184146.8,appris_principal_1,3168,666,329,2173,2509,Success
ENSMUSG00000032215,ENSMUST00000034738.14,appris_principal_1,1543,492,55,996,1058,Success
ENSMUSG00000034858,ENSMUST00000081746.7,appris_principal_2,3795,3249,129,417,553,Success
ENSMUSG00000007656,ENSMUST00000168166.8,appris_principal_1,3944,339,116,3489,3612,Success
ENSMUSG00000034593,ENSMUST00000155282.9,Ensembl_canonical,6372,5568,247,557,811,Success
ENSMUSG00000032192,ENSMUST00000213990.2,Ensembl_canonical,1803,1188,102,513,622,Success
ENSMUSG00000042688,ENSMUST00000168937.8,appris_principal_1,4089,2163,776,1150,1933,Success
ENSMUSG00000042487,ENSMUST00000048937.6,appris_principal_1,2180,2004,42,134,183,Success
ENSMUSG00000058587,ENSMUST00000072232.9,appris_principal_1,3667,1059,199,2409,2615,Success
ENSMUSG00000032186,ENSMUST00000098552.10,appris_principal_1,9871,1056,347,8468,8822,Success
ENSMUSG00000032352,ENSMUST00000183873.8,appris_principal_1,3121,1575,247,1299,1553,Success
ENSMUSG00000032350,ENSMUST00000034905.9,appris_principal_1,3423,1914,275,1234,1516,Success
ENSMUSG00000032349,ENSMUST00000034904.14,appris_principal_1,2782,900,171,1711,1889,Success
ENSMUSG00000001366,ENSMUST00000001402.14,Ensembl_canonical,1850,1314,58,478,543,Success
ENSMUSG00000037742,ENSMUST00000042235.15,appris_principal_1,1794,1389,120,285,412,Success
ENSMUSG00000049624,ENSMUST00000052441.12,appris_principal_1,3236,1488,74,1674,1755,Success
ENSMUSG00000032332,ENSMUST00000071750.13,appris_principal_1,11511,9198,135,2178,2320,Success
ENSMUSG00000032330,ENSMUST00000034881.8,appris_principal_1,659,252,221,186,414,Success
ENSMUSG00000032328,ENSMUST00000034878.12,appris_principal_1,3658,1095,220,2343,2570,Success
ENSMUSG00000034252,ENSMUST00000165607.9,Ensembl_canonical,3495,3420,31,44,82,Success
ENSMUSG00000033577,ENSMUST00000184480.8,appris_principal_3,4139,3885,28,226,261,Short_or_Missing_UTRs
ENSMUSG00000032253,ENSMUST00000034787.12,appris_principal_1,10756,5466,225,5065,5297,Success
ENSMUSG00000066456,ENSMUST00000162246.9,appris_principal_1,983,300,240,443,690,Success
ENSMUSG00000032258,ENSMUST00000034793.15,appris_principal_2,2001,1260,257,484,748,Success
ENSMUSG00000032261,ENSMUST00000113215.10,appris_principal_1,4565,324,131,4110,4248,Success
ENSMUSG00000032262,ENSMUST00000034796.14,appris_principal_1,3001,939,214,1848,2069,Success
ENSMUSG00000038379,ENSMUST00000070326.14,appris_principal_1,2871,2493,60,318,385,Success
ENSMUSG00000032263,ENSMUST00000190637.7,appris_principal_3,1477,1173,25,279,311,Short_or_Missing_UTRs
ENSMUSG00000035941,ENSMUST00000039213.15,appris_principal_1,5650,4059,568,1023,1598,Success
ENSMUSG00000035274,ENSMUST00000006559.14,appris_principal_1,3603,1281,542,1780,2329,Success
ENSMUSG00000032415,ENSMUST00000034986.14,appris_principal_1,1790,1107,133,550,690,Success
ENSMUSG00000056131,ENSMUST00000070064.11,appris_principal_1,2666,1629,100,937,1044,Success
ENSMUSG00000032418,ENSMUST00000034989.15,appris_principal_1,3288,1719,203,1366,1576,Success
ENSMUSG00000032872,ENSMUST00000168529.9,appris_principal_1,2644,1587,165,892,1064,Success
ENSMUSG00000056919,ENSMUST00000093802.6,appris_principal_1,7685,4212,334,3139,3480,Success
ENSMUSG00000032420,ENSMUST00000034992.8,appris_principal_1,3995,1731,489,1775,2271,Success
ENSMUSG00000032423,ENSMUST00000173801.8,appris_principal_3,2944,1872,512,560,1079,Success
ENSMUSG00000032353,ENSMUST00000058488.9,appris_principal_1,1346,666,143,537,687,Success
ENSMUSG00000032359,ENSMUST00000034915.15,appris_principal_1,1617,1002,283,332,622,Success
ENSMUSG00000062270,ENSMUST00000169860.8,appris_principal_1,1824,972,199,653,859,Success
ENSMUSG00000032369,ENSMUST00000093801.10,appris_principal_1,2302,987,625,690,1322,Success
ENSMUSG00000032377,ENSMUST00000034941.9,appris_principal_1,3204,981,574,1649,2230,Success
ENSMUSG00000032374,ENSMUST00000160359.2,appris_principal_3,3663,2277,196,1190,1393,Success
ENSMUSG00000045414,ENSMUST00000113028.2,appris_principal_1,3950,1293,206,2451,2664,Success
ENSMUSG00000031129,ENSMUST00000033463.10,appris_principal_1,3468,1935,153,1380,1540,Success
ENSMUSG00000032407,ENSMUST00000079659.12,Ensembl_canonical,7630,3090,33,4507,4547,Success
ENSMUSG00000015354,ENSMUST00000015498.9,appris_principal_1,4438,1245,193,3000,3200,Success
ENSMUSG00000032839,ENSMUST00000189137.7,appris_principal_1,4559,2430,471,1658,2136,Success
ENSMUSG00000032410,ENSMUST00000190665.2,appris_principal_1,3093,2910,7,176,190,Short_or_Missing_UTRs
ENSMUSG00000041440,ENSMUST00000085217.12,appris_principal_1,2815,1605,89,1121,1217,Success
ENSMUSG00000032411,ENSMUST00000188750.7,Ensembl_canonical,1713,1341,372,0,0,Short_or_Missing_UTRs
ENSMUSG00000032412,ENSMUST00000034983.7,appris_principal_1,1994,837,288,869,1164,Success
ENSMUSG00000032413,ENSMUST00000034984.8,appris_principal_1,5813,2544,124,3145,3276,Success
ENSMUSG00000040433,ENSMUST00000152594.8,appris_principal_1,7406,3594,1146,2666,3819,Success
ENSMUSG00000043587,ENSMUST00000112951.9,appris_principal_1,3118,1443,326,1349,1682,Success
ENSMUSG00000032449,ENSMUST00000085206.11,appris_principal_1,5227,936,206,4085,4298,Success
ENSMUSG00000046402,ENSMUST00000052068.11,appris_principal_1,2652,408,2018,226,2251,Success
ENSMUSG00000032463,ENSMUST00000112911.9,Ensembl_canonical,803,606,152,45,204,Success
ENSMUSG00000032462,ENSMUST00000035037.14,appris_principal_1,6478,3195,224,3059,3290,Success
ENSMUSG00000056267,ENSMUST00000093795.10,appris_principal_2,2606,1851,140,615,762,Success
ENSMUSG00000032470,ENSMUST00000035045.15,appris_principal_1,4701,627,1089,2985,4081,Success
ENSMUSG00000032468,ENSMUST00000035043.12,appris_principal_1,4647,2022,253,2372,2632,Success
ENSMUSG00000032469,ENSMUST00000066650.12,appris_principal_1,2261,1653,130,478,615,Success
ENSMUSG00000037784,ENSMUST00000112885.9,Ensembl_canonical,4350,2325,572,1453,2032,Success
ENSMUSG00000032475,ENSMUST00000116522.8,appris_principal_1,4476,1134,158,3184,3349,Success
ENSMUSG00000037286,ENSMUST00000129269.8,appris_principal_1,6186,3777,422,1987,2416,Success
ENSMUSG00000032527,ENSMUST00000035116.12,appris_principal_1,2320,1626,41,653,701,Success
ENSMUSG00000066415,ENSMUST00000085177.5,appris_principal_1,4889,1734,517,2638,3162,Success
ENSMUSG00000043154,ENSMUST00000075941.12,appris_principal_3,6786,3453,574,2759,3340,Success
ENSMUSG00000032534,ENSMUST00000162655.9,appris_principal_1,4180,1617,297,2266,2570,Success
ENSMUSG00000032531,ENSMUST00000035121.14,appris_principal_2,4328,2319,297,1712,2016,Success
ENSMUSG00000032547,ENSMUST00000175883.8,appris_principal_2,2505,1785,139,581,727,Success
ENSMUSG00000032548,ENSMUST00000035148.13,appris_principal_1,7122,1932,618,4572,5197,Success
ENSMUSG00000032549,ENSMUST00000035155.8,appris_principal_1,5007,627,350,4030,4387,Success
ENSMUSG00000032553,ENSMUST00000035157.10,appris_principal_1,3064,810,78,2176,2261,Success
ENSMUSG00000032803,ENSMUST00000190226.7,appris_principal_2,3107,465,583,2059,2649,Success
ENSMUSG00000032557,ENSMUST00000035166.12,appris_principal_1,2404,1212,188,1004,1199,Success
ENSMUSG00000032560,ENSMUST00000035170.13,appris_principal_3,8012,6732,245,1035,1287,Success
ENSMUSG00000032563,ENSMUST00000035177.15,appris_principal_1,3972,1047,182,2743,2932,Success
ENSMUSG00000032567,ENSMUST00000035181.10,appris_principal_2,2755,2019,292,444,743,Success
ENSMUSG00000032570,ENSMUST00000112558.10,appris_principal_1,5642,2757,264,2621,2892,Success
ENSMUSG00000020258,ENSMUST00000036382.13,appris_principal_1,4209,1572,253,2384,2644,Success
ENSMUSG00000020257,ENSMUST00000020490.13,appris_principal_1,3747,942,291,2514,2812,Success
ENSMUSG00000032786,ENSMUST00000141118.9,Ensembl_canonical,3399,1929,891,579,1477,Success
ENSMUSG00000053716,ENSMUST00000172306.3,appris_principal_1,3213,1269,166,1778,1951,Success
ENSMUSG00000023262,ENSMUST00000024031.13,appris_principal_1,1529,1227,202,100,309,Success
ENSMUSG00000042073,ENSMUST00000216130.2,appris_principal_1,1624,633,383,608,998,Success
ENSMUSG00000023495,ENSMUST00000024260.14,appris_principal_1,2035,1212,230,593,830,Success
ENSMUSG00000041506,ENSMUST00000047721.10,appris_principal_1,1586,1428,79,79,165,Success
ENSMUSG00000040813,ENSMUST00000169068.8,appris_principal_1,1364,930,153,281,441,Success
ENSMUSG00000040661,ENSMUST00000046502.7,appris_principal_1,9305,4404,267,4634,4908,Success
ENSMUSG00000074102,ENSMUST00000055843.9,appris_principal_1,6511,2664,461,3386,3854,Success
ENSMUSG00000032575,ENSMUST00000159283.8,appris_principal_1,2247,540,81,1626,1714,Success
ENSMUSG00000032577,ENSMUST00000035194.8,appris_principal_1,2816,1155,405,1256,1668,Success
ENSMUSG00000032578,ENSMUST00000085102.6,appris_principal_1,2850,774,989,1087,2083,Success
ENSMUSG00000010045,ENSMUST00000010189.3,appris_principal_1,2194,1053,534,607,1148,Success
ENSMUSG00000037190,ENSMUST00000041459.9,appris_principal_1,1786,669,242,875,1124,Success
ENSMUSG00000010067,ENSMUST00000093786.9,appris_principal_1,1787,1023,42,722,771,Success
ENSMUSG00000010054,ENSMUST00000010198.5,appris_principal_1,1665,333,132,1200,1339,Success
ENSMUSG00000010051,ENSMUST00000010195.14,appris_principal_2,3014,1389,61,1564,1632,Success
ENSMUSG00000010048,ENSMUST00000010192.11,appris_principal_1,2056,1326,247,483,737,Success
ENSMUSG00000057969,ENSMUST00000102532.10,appris_principal_1,3191,2250,387,554,948,Success
ENSMUSG00000032562,ENSMUST00000192615.6,appris_principal_1,1777,1068,95,614,716,Success
ENSMUSG00000010064,ENSMUST00000167868.8,appris_principal_1,3151,1518,333,1300,1640,Success
ENSMUSG00000034684,ENSMUST00000080560.9,appris_principal_1,3395,2265,201,929,1137,Success
ENSMUSG00000032582,ENSMUST00000183032.8,appris_principal_1,3716,3357,240,119,366,Success
ENSMUSG00000032586,ENSMUST00000049348.9,appris_principal_1,2706,1413,119,1174,1300,Success
ENSMUSG00000032596,ENSMUST00000035216.11,appris_principal_1,3195,2934,151,110,268,Success
ENSMUSG00000032594,ENSMUST00000035214.11,appris_principal_1,4559,1302,447,2810,3264,Success
ENSMUSG00000070284,ENSMUST00000112295.9,appris_principal_1,2702,1083,275,1344,1626,Success
ENSMUSG00000041528,ENSMUST00000162355.8,Ensembl_canonical,4727,3963,596,168,771,Success
ENSMUSG00000039952,ENSMUST00000191899.6,appris_principal_1,5662,2682,355,2625,2987,Success
ENSMUSG00000032606,ENSMUST00000035227.8,appris_principal_1,2133,642,102,1389,1498,Success
ENSMUSG00000039461,ENSMUST00000192886.6,appris_principal_1,1094,321,216,557,780,Success
ENSMUSG00000007815,ENSMUST00000007959.14,appris_principal_1,2197,582,502,1113,1622,Success
ENSMUSG00000032612,ENSMUST00000035237.12,Ensembl_canonical,3662,2889,65,708,780,Success
ENSMUSG00000032609,ENSMUST00000193286.6,appris_principal_1,2956,1065,1238,653,1898,Success
ENSMUSG00000049305,ENSMUST00000061209.7,appris_principal_1,3092,1302,143,1647,1797,Success
ENSMUSG00000006676,ENSMUST00000006854.13,appris_principal_3,4791,4083,430,278,715,Success
ENSMUSG00000032604,ENSMUST00000006838.16,appris_principal_1,2800,2328,377,95,479,Success
ENSMUSG00000006673,ENSMUST00000112155.9,appris_principal_1,3040,2334,152,554,713,Success
ENSMUSG00000062867,ENSMUST00000081111.14,appris_principal_1,1858,1545,248,65,320,Success
ENSMUSG00000066357,ENSMUST00000068700.7,appris_principal_1,4163,3378,146,639,792,Success
ENSMUSG00000064145,ENSMUST00000013338.14,appris_principal_1,3924,1479,305,2140,2452,Success
ENSMUSG00000032602,ENSMUST00000035222.6,appris_principal_1,1783,906,130,747,884,Success
ENSMUSG00000032601,ENSMUST00000035220.12,appris_principal_1,4965,1209,314,3442,3763,Success
ENSMUSG00000032599,ENSMUST00000085018.6,appris_principal_2,1846,1347,201,298,506,Success
ENSMUSG00000032598,ENSMUST00000035218.9,appris_principal_1,3360,2145,116,1099,1222,Success
ENSMUSG00000025648,ENSMUST00000198140.5,appris_principal_1,3488,1410,238,1840,2085,Success
ENSMUSG00000025647,ENSMUST00000112059.10,Ensembl_canonical,1910,711,130,1069,1206,Success
ENSMUSG00000091537,ENSMUST00000167504.3,appris_principal_1,944,195,245,504,756,Success
ENSMUSG00000053646,ENSMUST00000072093.13,appris_principal_1,8649,6360,316,1973,2296,Success
ENSMUSG00000032478,ENSMUST00000035053.12,appris_principal_1,1074,570,157,347,511,Success
ENSMUSG00000032477,ENSMUST00000094324.8,appris_principal_1,3632,1545,411,1676,2094,Success
ENSMUSG00000032479,ENSMUST00000035055.15,appris_principal_2,6091,3378,500,2213,2720,Success
ENSMUSG00000032481,ENSMUST00000088716.12,Ensembl_canonical,5717,3315,137,2265,2409,Success
ENSMUSG00000054836,ENSMUST00000199592.5,appris_principal_1,1304,801,123,380,510,Success
ENSMUSG00000036057,ENSMUST00000040021.12,appris_principal_1,5346,5079,96,171,274,Success
ENSMUSG00000054792,ENSMUST00000198164.5,Ensembl_canonical,4538,1740,95,2703,2805,Success
ENSMUSG00000044791,ENSMUST00000249998.1,appris_principal_2,8306,7260,392,654,1053,Success
ENSMUSG00000032497,ENSMUST00000098340.7,appris_principal_1,3191,1203,380,1608,1995,Success
ENSMUSG00000032504,ENSMUST00000111861.4,appris_principal_3,3223,2625,137,461,605,Success
ENSMUSG00000033392,ENSMUST00000163895.3,Ensembl_canonical,4112,3924,133,55,195,Success
ENSMUSG00000032507,ENSMUST00000035090.14,appris_principal_1,3464,1272,66,2126,2199,Success
ENSMUSG00000032431,ENSMUST00000084881.5,appris_principal_1,1674,1203,76,395,478,Success
ENSMUSG00000079260,ENSMUST00000111820.4,appris_principal_1,2921,1344,279,1298,1584,Success
ENSMUSG00000056167,ENSMUST00000070117.8,appris_principal_1,2853,2235,134,484,625,Success
ENSMUSG00000032435,ENSMUST00000047404.7,appris_principal_1,2601,1572,92,937,1036,Success
ENSMUSG00000032434,ENSMUST00000035007.10,appris_principal_1,3383,552,63,2768,2838,Success
ENSMUSG00000050627,ENSMUST00000146623.8,appris_principal_1,4391,1056,270,3065,3342,Success
ENSMUSG00000040875,ENSMUST00000183104.8,appris_principal_1,2477,2301,109,67,183,Success
ENSMUSG00000032437,ENSMUST00000035010.10,appris_principal_1,4221,2472,365,1384,1756,Success
ENSMUSG00000032440,ENSMUST00000035014.8,appris_principal_1,3476,1704,323,1449,1779,Success
ENSMUSG00000039607,ENSMUST00000111772.10,appris_principal_1,2234,1248,316,670,993,Success
ENSMUSG00000039285,ENSMUST00000044454.12,appris_principal_1,3396,1218,465,1713,2185,Success
ENSMUSG00000038708,ENSMUST00000084820.6,appris_principal_1,7583,6717,219,647,873,Success
ENSMUSG00000047409,ENSMUST00000073109.12,appris_principal_3,4589,831,409,3349,3765,Success
ENSMUSG00000010660,ENSMUST00000214470.2,appris_principal_3,2706,2349,82,275,364,Success
ENSMUSG00000036737,ENSMUST00000040853.11,appris_principal_1,4647,1584,353,2710,3070,Success
ENSMUSG00000036138,ENSMUST00000039784.12,appris_principal_1,1762,1275,221,266,494,Success
ENSMUSG00000061393,ENSMUST00000215746.2,appris_principal_1,3175,1539,102,1534,1643,Success
ENSMUSG00000042787,ENSMUST00000035094.14,appris_principal_1,3832,1107,45,2680,2732,Success
ENSMUSG00000032513,ENSMUST00000035099.9,appris_principal_1,3906,1341,48,2517,2572,Success
ENSMUSG00000032515,ENSMUST00000035101.9,appris_principal_1,2906,1752,77,1077,1161,Success
ENSMUSG00000006941,ENSMUST00000007139.6,appris_principal_1,1035,342,320,373,700,Success
ENSMUSG00000006932,ENSMUST00000007130.15,appris_principal_1,3623,2346,287,990,1284,Success
ENSMUSG00000032536,ENSMUST00000045903.8,appris_principal_2,4827,2820,88,1919,2014,Success
ENSMUSG00000061536,ENSMUST00000078547.12,appris_principal_1,5713,912,188,4613,4808,Success
ENSMUSG00000032526,ENSMUST00000035113.11,appris_principal_1,577,234,74,269,350,Success
ENSMUSG00000032525,ENSMUST00000035112.13,appris_principal_1,7022,4362,149,2511,2667,Success
ENSMUSG00000013419,ENSMUST00000093772.4,appris_principal_1,6353,2190,190,3973,4170,Success
ENSMUSG00000038412,ENSMUST00000060251.8,appris_principal_1,2232,288,873,1071,1951,Success
ENSMUSG00000038145,ENSMUST00000118886.9,appris_principal_1,4811,2247,265,2299,2571,Success
ENSMUSG00000032540,ENSMUST00000156520.8,appris_principal_1,3157,1056,179,1922,2108,Success
ENSMUSG00000054871,ENSMUST00000068140.6,appris_principal_1,1712,861,219,632,858,Success
ENSMUSG00000035202,ENSMUST00000038863.9,appris_principal_1,3894,2709,199,986,1192,Success
ENSMUSG00000025239,ENSMUST00000026269.4,appris_principal_1,4848,2007,532,2309,2848,Success
ENSMUSG00000025240,ENSMUST00000026270.9,appris_principal_1,3558,1764,131,1663,1801,Success
ENSMUSG00000025245,ENSMUST00000026274.14,appris_principal_1,4070,900,97,3073,3177,Success
ENSMUSG00000025241,ENSMUST00000084715.14,appris_principal_1,7949,4314,461,3174,3642,Success
ENSMUSG00000040653,ENSMUST00000043374.7,appris_principal_1,2617,495,610,1512,2129,Success
ENSMUSG00000040624,ENSMUST00000120274.8,appris_principal_2,7369,4173,345,2851,3203,Success
ENSMUSG00000040675,ENSMUST00000117291.8,appris_principal_1,3669,2934,137,598,742,Success
ENSMUSG00000038587,ENSMUST00000045730.7,Ensembl_canonical,6195,5055,139,1001,1147,Success
ENSMUSG00000075327,ENSMUST00000100077.5,appris_principal_1,3086,1545,136,1405,1548,Success
ENSMUSG00000061759,ENSMUST00000095893.11,appris_principal_1,2429,1320,204,905,1116,Success
ENSMUSG00000019796,ENSMUST00000019931.12,appris_principal_3,3386,1452,235,1699,1941,Success
ENSMUSG00000040021,ENSMUST00000165952.9,appris_principal_1,7209,3390,369,3450,3826,Success
ENSMUSG00000019794,ENSMUST00000165806.8,Ensembl_canonical,1775,1482,131,162,300,Success
ENSMUSG00000040006,ENSMUST00000124838.2,Ensembl_canonical,1525,987,17,521,545,Short_or_Missing_UTRs
ENSMUSG00000015757,ENSMUST00000015901.11,appris_principal_1,3471,1479,60,1932,1999,Success
ENSMUSG00000015755,ENSMUST00000146444.8,appris_principal_1,4380,2082,516,1782,2305,Success
ENSMUSG00000047712,ENSMUST00000061601.9,appris_principal_1,4228,1224,426,2578,3011,Success
ENSMUSG00000015305,ENSMUST00000015449.6,appris_principal_1,7183,3693,212,3278,3497,Success
ENSMUSG00000019790,ENSMUST00000038213.14,Ensembl_canonical,8825,3459,0,5366,0,Short_or_Missing_UTRs
ENSMUSG00000019832,ENSMUST00000019974.5,appris_principal_1,2149,672,177,1300,1484,Success
ENSMUSG00000090112,ENSMUST00000044053.13,appris_principal_1,9271,5025,195,4051,4253,Success
ENSMUSG00000047648,ENSMUST00000129456.8,appris_principal_1,5060,2241,187,2632,2826,Success
ENSMUSG00000078348,ENSMUST00000105139.5,appris_principal_1,3841,261,3280,300,3587,Success
ENSMUSG00000019817,ENSMUST00000121325.8,appris_principal_2,3946,2037,582,1327,1916,Success
ENSMUSG00000062866,ENSMUST00000105543.9,appris_principal_2,2735,1692,180,863,1050,Success
ENSMUSG00000019810,ENSMUST00000060212.13,appris_principal_1,2007,1386,167,454,628,Success
ENSMUSG00000019809,ENSMUST00000019945.15,appris_principal_1,2129,1119,241,769,1017,Success
ENSMUSG00000019808,ENSMUST00000019944.9,appris_principal_1,1466,576,372,518,897,Success
ENSMUSG00000015501,ENSMUST00000187083.7,appris_principal_1,9268,7293,1122,853,1982,Success
ENSMUSG00000039116,ENSMUST00000238680.2,Ensembl_canonical,4482,3663,121,698,826,Success
ENSMUSG00000019868,ENSMUST00000154132.8,appris_principal_1,1974,930,99,945,1051,Success
ENSMUSG00000039910,ENSMUST00000038107.9,appris_principal_1,1979,810,250,919,1176,Success
ENSMUSG00000039879,ENSMUST00000037879.8,appris_principal_1,5098,1635,285,3178,3470,Success
ENSMUSG00000078453,ENSMUST00000020002.9,appris_principal_1,846,246,228,372,607,Success
ENSMUSG00000019854,ENSMUST00000126390.8,Ensembl_canonical,2595,2388,23,184,214,Short_or_Missing_UTRs
ENSMUSG00000059554,ENSMUST00000080860.13,appris_principal_1,1190,555,187,448,642,Success
ENSMUSG00000019853,ENSMUST00000020000.7,appris_principal_1,2535,618,281,1636,1924,Success
ENSMUSG00000019851,ENSMUST00000019998.9,appris_principal_1,1952,582,173,1197,1377,Success
ENSMUSG00000019850,ENSMUST00000019997.11,appris_principal_1,4422,2328,273,1821,2101,Success
ENSMUSG00000020003,ENSMUST00000020182.16,appris_principal_1,8099,957,116,7026,7149,Success
ENSMUSG00000071369,ENSMUST00000095806.10,appris_principal_2,5450,4143,134,1173,1314,Success
ENSMUSG00000037608,ENSMUST00000092678.10,appris_principal_2,5307,2613,250,2444,2701,Success
ENSMUSG00000019986,ENSMUST00000105525.12,appris_principal_1,4851,3144,364,1343,1714,Success
ENSMUSG00000019977,ENSMUST00000219915.2,Ensembl_canonical,2733,2049,101,583,691,Success
ENSMUSG00000019970,ENSMUST00000120509.8,Ensembl_canonical,3096,1575,455,1066,1528,Success
ENSMUSG00000071359,ENSMUST00000127698.8,appris_principal_1,2873,561,375,1937,2319,Success
ENSMUSG00000010461,ENSMUST00000219315.2,Ensembl_canonical,3100,1920,441,739,1187,Success
ENSMUSG00000061983,ENSMUST00000218221.2,Ensembl_canonical,460,447,0,13,0,Short_or_Missing_UTRs
ENSMUSG00000019984,ENSMUST00000020159.15,appris_principal_1,4798,4104,61,633,701,Success
ENSMUSG00000039166,ENSMUST00000041984.14,appris_principal_1,2092,945,217,930,1154,Success
ENSMUSG00000019978,ENSMUST00000053748.16,appris_principal_1,4385,2967,198,1220,1425,Success
ENSMUSG00000039089,ENSMUST00000040219.13,appris_principal_2,4572,2652,271,1649,1927,Success
ENSMUSG00000039031,ENSMUST00000039557.9,appris_principal_1,3651,1992,107,1552,1666,Success
ENSMUSG00000019889,ENSMUST00000218276.2,Ensembl_canonical,4754,4416,227,111,345,Success
ENSMUSG00000038876,ENSMUST00000160144.9,appris_principal_1,4323,1080,610,2633,3250,Success
ENSMUSG00000075266,ENSMUST00000099985.6,Ensembl_canonical,1532,261,80,1191,1278,Success
ENSMUSG00000019791,ENSMUST00000161074.8,appris_principal_1,875,498,127,250,384,Success
ENSMUSG00000039697,ENSMUST00000216172.2,appris_principal_1,2026,666,156,1204,1367,Success
ENSMUSG00000000295,ENSMUST00000000304.14,appris_principal_1,858,600,32,226,265,Success
ENSMUSG00000000296,ENSMUST00000000305.7,appris_principal_2,1308,615,228,465,700,Success
ENSMUSG00000019782,ENSMUST00000019917.6,appris_principal_1,1090,732,186,172,365,Success
ENSMUSG00000039497,ENSMUST00000048010.9,appris_principal_1,4389,2877,689,823,1519,Success
ENSMUSG00000039485,ENSMUST00000047935.8,appris_principal_1,3879,1221,72,2586,2665,Success
ENSMUSG00000019777,ENSMUST00000019911.14,appris_principal_1,2005,1467,208,330,545,Success
ENSMUSG00000069662,ENSMUST00000092584.6,appris_principal_1,4048,930,385,2733,3125,Success
ENSMUSG00000019846,ENSMUST00000019992.6,appris_principal_1,6046,5451,440,155,602,Success
ENSMUSG00000019843,ENSMUST00000099967.10,appris_principal_3,3528,1614,514,1400,1921,Success
ENSMUSG00000019841,ENSMUST00000019986.13,appris_principal_1,10713,9369,357,987,1351,Success
ENSMUSG00000019838,ENSMUST00000092566.8,appris_principal_1,5397,1539,218,3640,3865,Success
ENSMUSG00000038481,ENSMUST00000044672.11,appris_principal_1,5807,1506,286,4015,4308,Success
ENSMUSG00000038446,ENSMUST00000044166.9,appris_principal_1,3534,1740,236,1558,1801,Success
ENSMUSG00000019831,ENSMUST00000019975.14,appris_principal_1,2609,1680,163,766,936,Success
ENSMUSG00000019826,ENSMUST00000080771.10,appris_principal_1,2844,2133,179,532,718,Success
ENSMUSG00000019823,ENSMUST00000019967.16,appris_principal_2,3563,3147,274,142,423,Success
ENSMUSG00000019818,ENSMUST00000019962.15,appris_principal_1,2922,594,121,2207,2335,Success
ENSMUSG00000019813,ENSMUST00000186239.7,appris_principal_2,2255,1290,111,854,972,Success
ENSMUSG00000038332,ENSMUST00000041438.7,appris_principal_1,2600,1479,55,1066,1128,Success
ENSMUSG00000048756,ENSMUST00000105502.8,appris_principal_1,6848,2019,339,4490,4836,Success
ENSMUSG00000019804,ENSMUST00000019939.12,appris_principal_1,1401,489,300,612,919,Success
ENSMUSG00000038280,ENSMUST00000040718.6,appris_principal_1,3006,1017,68,1921,1996,Success
ENSMUSG00000019802,ENSMUST00000019937.5,appris_principal_1,6032,2283,269,3480,3756,Success
ENSMUSG00000038240,ENSMUST00000095725.11,appris_principal_1,2127,1206,276,645,928,Success
ENSMUSG00000038214,ENSMUST00000167488.9,appris_principal_1,6337,2478,553,3306,3866,Success
ENSMUSG00000019797,ENSMUST00000147196.3,appris_principal_1,860,723,41,96,144,Success
ENSMUSG00000047139,ENSMUST00000058714.10,appris_principal_2,1816,231,85,1500,1592,Success
ENSMUSG00000019863,ENSMUST00000020012.7,appris_principal_1,1981,1578,108,295,410,Success
ENSMUSG00000038160,ENSMUST00000039286.5,appris_principal_1,2352,828,285,1239,1531,Success
ENSMUSG00000019849,ENSMUST00000099858.4,appris_principal_1,10933,2133,128,8672,8807,Success
ENSMUSG00000038822,ENSMUST00000037044.13,appris_principal_1,3785,2730,246,809,1062,Success
ENSMUSG00000038774,ENSMUST00000035606.10,appris_principal_1,7760,6597,271,892,1170,Success
ENSMUSG00000019891,ENSMUST00000069004.14,appris_principal_1,3024,1512,132,1380,1519,Success
ENSMUSG00000019861,ENSMUST00000020008.10,appris_principal_2,4216,1368,177,2671,2855,Success
ENSMUSG00000023068,ENSMUST00000023830.16,appris_principal_1,4605,894,195,3516,3718,Success
ENSMUSG00000038602,ENSMUST00000105473.3,appris_principal_1,4941,1227,464,3250,3721,Success
ENSMUSG00000038594,ENSMUST00000220443.2,appris_principal_1,7425,2421,366,4638,5011,Success
ENSMUSG00000019857,ENSMUST00000020004.8,appris_principal_1,2201,615,238,1348,1593,Success
ENSMUSG00000003746,ENSMUST00000003843.16,appris_principal_1,5137,1968,517,2652,3176,Success
ENSMUSG00000050953,ENSMUST00000068581.9,appris_principal_1,3071,1149,202,1720,1929,Success
ENSMUSG00000019878,ENSMUST00000079833.6,appris_principal_1,2604,1554,113,937,1057,Success
ENSMUSG00000019877,ENSMUST00000020027.11,appris_principal_1,2880,1362,135,1383,1525,Success
ENSMUSG00000038039,ENSMUST00000057659.14,Ensembl_canonical,6547,5043,69,1435,1511,Success
ENSMUSG00000019920,ENSMUST00000105468.2,appris_principal_3,1205,1164,31,10,48,Short_or_Missing_UTRs
ENSMUSG00000003226,ENSMUST00000003310.7,appris_principal_1,9608,9162,58,388,453,Success
ENSMUSG00000038010,ENSMUST00000036576.10,appris_principal_1,2455,2043,22,390,419,Short_or_Missing_UTRs
ENSMUSG00000019916,ENSMUST00000009789.15,Ensembl_canonical,4043,1605,208,2230,2445,Success
ENSMUSG00000009647,ENSMUST00000020312.13,appris_principal_1,2872,1053,22,1797,1826,Short_or_Missing_UTRs
ENSMUSG00000020111,ENSMUST00000020311.13,Ensembl_canonical,2336,1452,90,794,891,Success
ENSMUSG00000020109,ENSMUST00000146590.8,appris_principal_3,3070,1131,103,1836,1946,Success
ENSMUSG00000020108,ENSMUST00000020308.5,appris_principal_1,1755,690,198,867,1072,Success
ENSMUSG00000020107,ENSMUST00000182898.8,appris_principal_1,1852,333,205,1314,1526,Success
ENSMUSG00000057337,ENSMUST00000167915.3,appris_principal_1,6108,1419,616,4073,4696,Success
ENSMUSG00000004207,ENSMUST00000105465.8,appris_principal_2,2646,1665,116,865,988,Success
ENSMUSG00000020100,ENSMUST00000117513.8,appris_principal_1,5240,1428,48,3764,3819,Success
ENSMUSG00000020099,ENSMUST00000077925.7,Ensembl_canonical,5869,2838,416,2615,3038,Success
ENSMUSG00000020097,ENSMUST00000122259.8,appris_principal_1,4102,1707,169,2226,2402,Success
ENSMUSG00000020092,ENSMUST00000020289.10,appris_principal_1,4282,2580,268,1434,1709,Success
ENSMUSG00000020091,ENSMUST00000020288.15,appris_principal_1,5784,363,115,5306,5428,Success
ENSMUSG00000037151,ENSMUST00000049242.9,appris_principal_1,3216,555,154,2507,2668,Success
ENSMUSG00000020088,ENSMUST00000020285.10,appris_principal_1,2613,597,120,1896,2023,Success
ENSMUSG00000020087,ENSMUST00000020284.5,appris_principal_1,2286,1707,57,522,586,Success
ENSMUSG00000037031,ENSMUST00000047883.11,appris_principal_1,3638,885,136,2617,2760,Success
ENSMUSG00000037012,ENSMUST00000099691.11,appris_principal_1,4278,2757,467,1054,1528,Success
ENSMUSG00000020078,ENSMUST00000105447.11,appris_principal_1,2597,984,145,1468,1620,Success
ENSMUSG00000036955,ENSMUST00000065887.14,appris_principal_1,2472,1854,80,538,625,Success
ENSMUSG00000020075,ENSMUST00000045866.9,appris_principal_1,4722,2556,67,2099,2173,Success
ENSMUSG00000020076,ENSMUST00000020270.6,appris_principal_1,2535,2205,107,223,337,Success
ENSMUSG00000020074,ENSMUST00000020268.7,appris_principal_1,4352,3441,76,835,918,Success
ENSMUSG00000071253,ENSMUST00000044977.10,appris_principal_1,3145,999,119,2027,2153,Success
ENSMUSG00000020070,ENSMUST00000119567.8,appris_principal_1,4130,1821,87,2222,2316,Success
ENSMUSG00000020069,ENSMUST00000020263.14,appris_principal_3,2213,1041,198,974,1179,Success
ENSMUSG00000020064,ENSMUST00000219577.2,Ensembl_canonical,3914,3174,350,390,747,Success
ENSMUSG00000020063,ENSMUST00000105442.3,appris_principal_2,3740,2097,65,1578,1650,Success
ENSMUSG00000019873,ENSMUST00000020023.9,appris_principal_1,5430,765,124,4541,4672,Success
ENSMUSG00000075000,ENSMUST00000077839.13,appris_principal_1,1813,864,179,770,956,Success
ENSMUSG00000057134,ENSMUST00000075686.7,appris_principal_1,4558,771,295,3492,3794,Success
ENSMUSG00000037846,ENSMUST00000118160.8,appris_principal_2,3970,1815,204,1951,2162,Success
ENSMUSG00000019944,ENSMUST00000164034.8,appris_principal_1,2421,2088,122,211,340,Success
ENSMUSG00000019942,ENSMUST00000020099.13,appris_principal_1,4375,894,129,3352,3488,Success
ENSMUSG00000069601,ENSMUST00000381871.1,Ensembl_canonical,10062,5985,450,3627,4084,Success
ENSMUSG00000048701,ENSMUST00000147545.8,appris_principal_1,5511,1410,179,3922,4108,Success
ENSMUSG00000037762,ENSMUST00000046807.7,appris_principal_1,3756,1527,316,1913,2236,Success
ENSMUSG00000043259,ENSMUST00000062883.7,Ensembl_canonical,3262,1806,88,1368,1463,Success
ENSMUSG00000014329,ENSMUST00000143791.8,appris_principal_3,5431,2934,84,2413,2504,Success
ENSMUSG00000003923,ENSMUST00000092430.11,appris_principal_2,4167,732,340,3095,3442,Success
ENSMUSG00000019927,ENSMUST00000020085.7,appris_principal_1,1431,444,138,849,994,Success
ENSMUSG00000037710,ENSMUST00000045887.9,appris_principal_1,1084,327,200,557,764,Success
ENSMUSG00000060733,ENSMUST00000079252.13,appris_principal_2,5447,1191,189,4067,4263,Success
ENSMUSG00000019923,ENSMUST00000020081.11,appris_principal_1,1834,759,74,1001,1082,Success
ENSMUSG00000040009,ENSMUST00000037813.5,appris_principal_1,3519,1068,756,1695,2458,Success
ENSMUSG00000020175,ENSMUST00000147802.9,appris_principal_1,3291,804,268,2219,2494,Success
ENSMUSG00000009681,ENSMUST00000164107.3,appris_principal_1,6839,3813,434,2592,3033,Success
ENSMUSG00000033416,ENSMUST00000039796.14,appris_principal_1,3500,720,185,2595,2787,Success
ENSMUSG00000020180,ENSMUST00000020397.11,appris_principal_1,3036,381,596,2059,2662,Success
ENSMUSG00000006342,ENSMUST00000095541.11,appris_principal_1,3151,2463,48,640,695,Success
ENSMUSG00000000902,ENSMUST00000000925.10,Ensembl_canonical,1660,1158,222,280,509,Success
ENSMUSG00000000901,ENSMUST00000120281.8,appris_principal_1,1793,1479,22,292,321,Short_or_Missing_UTRs
ENSMUSG00000049422,ENSMUST00000219839.2,appris_principal_1,1488,417,918,153,1078,Success
ENSMUSG00000049764,ENSMUST00000061617.7,appris_principal_1,5097,1605,151,3341,3499,Success
ENSMUSG00000020230,ENSMUST00000099572.10,appris_principal_2,2100,1428,143,529,679,Success
ENSMUSG00000020231,ENSMUST00000036033.14,appris_principal_1,6322,4689,63,1570,1640,Success
ENSMUSG00000001151,ENSMUST00000001179.7,Ensembl_canonical,9331,8751,108,472,587,Success
ENSMUSG00000033126,ENSMUST00000049185.6,appris_principal_1,4522,495,361,3666,4034,Success
ENSMUSG00000001150,ENSMUST00000170795.3,appris_principal_1,6427,5916,394,117,518,Success
ENSMUSG00000033105,ENSMUST00000048678.7,appris_principal_1,4667,2202,54,2411,2472,Success
ENSMUSG00000020241,ENSMUST00000001181.13,appris_principal_1,3949,3105,393,451,851,Success
ENSMUSG00000001119,ENSMUST00000001147.5,appris_principal_1,4100,3078,255,767,1029,Success
ENSMUSG00000020262,ENSMUST00000020496.14,appris_principal_1,6549,2106,387,4056,4450,Success
ENSMUSG00000009291,ENSMUST00000009435.12,appris_principal_2,2294,525,102,1667,1776,Success
ENSMUSG00000020265,ENSMUST00000129492.8,Ensembl_canonical,487,342,96,49,152,Success
ENSMUSG00000009293,ENSMUST00000174510.8,appris_principal_1,2031,498,99,1434,1540,Success
ENSMUSG00000051652,ENSMUST00000057608.5,appris_principal_1,4296,774,270,3252,3529,Success
ENSMUSG00000000374,ENSMUST00000000384.8,appris_principal_1,5047,3777,139,1131,1277,Success
ENSMUSG00000001211,ENSMUST00000001240.12,appris_principal_1,5980,1131,340,4509,4856,Success
ENSMUSG00000032788,ENSMUST00000041616.15,appris_principal_1,5124,939,128,4057,4192,Success
ENSMUSG00000032714,ENSMUST00000040580.7,appris_principal_1,3288,2214,75,999,1081,Success
ENSMUSG00000035890,ENSMUST00000047203.9,appris_principal_1,1639,942,125,572,704,Success
ENSMUSG00000035863,ENSMUST00000046945.13,appris_principal_1,2651,1152,164,1335,1506,Success
ENSMUSG00000006498,ENSMUST00000172282.8,appris_principal_1,3110,1668,287,1155,1449,Success
ENSMUSG00000035781,ENSMUST00000045628.15,appris_principal_1,1898,789,122,987,1116,Success
ENSMUSG00000019564,ENSMUST00000019708.12,appris_principal_2,5361,1806,473,3082,3562,Success
ENSMUSG00000013858,ENSMUST00000052885.14,appris_principal_1,2225,1725,199,301,507,Success
ENSMUSG00000004665,ENSMUST00000004784.11,appris_principal_1,2460,918,94,1448,1549,Success
ENSMUSG00000075706,ENSMUST00000105372.9,appris_principal_1,959,594,144,221,372,Success
ENSMUSG00000035673,ENSMUST00000219260.2,appris_principal_1,4850,4050,376,424,807,Success
ENSMUSG00000003068,ENSMUST00000003152.14,appris_principal_1,2566,1311,815,440,1262,Success
ENSMUSG00000035640,ENSMUST00000170219.9,appris_principal_1,2941,2097,7,837,851,Short_or_Missing_UTRs
ENSMUSG00000035621,ENSMUST00000042057.12,Ensembl_canonical,3727,1527,474,1726,2207,Success
ENSMUSG00000045193,ENSMUST00000105365.9,appris_principal_1,1321,519,145,657,809,Success
ENSMUSG00000069565,ENSMUST00000092305.6,Ensembl_canonical,1994,1221,76,697,780,Success
ENSMUSG00000035504,ENSMUST00000105355.8,appris_principal_2,2127,525,278,1324,1609,Success
ENSMUSG00000035478,ENSMUST00000092295.10,appris_principal_1,1662,858,319,485,811,Success
ENSMUSG00000020167,ENSMUST00000105342.8,Ensembl_canonical,2928,1962,381,585,973,Success
ENSMUSG00000047417,ENSMUST00000057910.16,appris_principal_3,5250,3642,140,1468,1615,Success
ENSMUSG00000035397,ENSMUST00000038558.9,appris_principal_1,2674,756,121,1797,1925,Success
ENSMUSG00000003346,ENSMUST00000003436.12,appris_principal_1,1468,933,351,184,542,Success
ENSMUSG00000003345,ENSMUST00000085435.7,appris_principal_1,1825,1248,316,261,584,Success
ENSMUSG00000020190,ENSMUST00000200082.5,appris_principal_1,3439,1380,279,1780,2066,Success
ENSMUSG00000020198,ENSMUST00000020420.9,appris_principal_1,4805,3600,273,932,1212,Success
ENSMUSG00000061589,ENSMUST00000105336.9,appris_principal_1,6808,4623,238,1947,2192,Success
ENSMUSG00000035278,ENSMUST00000036805.7,appris_principal_1,1260,495,452,313,772,Success
ENSMUSG00000035206,ENSMUST00000035597.10,appris_principal_1,2869,1737,66,1066,1139,Success
ENSMUSG00000020219,ENSMUST00000020440.7,appris_principal_1,1225,288,226,711,944,Success
ENSMUSG00000062075,ENSMUST00000057623.14,appris_principal_2,3531,1848,27,1656,1690,Short_or_Missing_UTRs
ENSMUSG00000048240,ENSMUST00000117805.8,appris_principal_1,3382,207,178,2997,3182,Success
ENSMUSG00000004937,ENSMUST00000005067.6,appris_principal_3,1969,948,87,934,1028,Success
ENSMUSG00000004929,ENSMUST00000005057.7,appris_principal_1,2832,2064,228,540,775,Success
ENSMUSG00000035011,ENSMUST00000048128.15,appris_principal_1,5938,1710,441,3787,4235,Success
ENSMUSG00000004934,ENSMUST00000005064.14,appris_principal_1,2571,1524,212,835,1054,Success
ENSMUSG00000034974,ENSMUST00000178422.9,appris_principal_1,1730,1347,130,253,390,Success
ENSMUSG00000004931,ENSMUST00000220297.2,appris_principal_1,2268,1716,436,116,559,Success
ENSMUSG00000020232,ENSMUST00000105323.8,appris_principal_1,1463,954,92,417,516,Success
ENSMUSG00000034854,ENSMUST00000044844.9,appris_principal_1,3971,1431,107,2433,2547,Success
ENSMUSG00000055053,ENSMUST00000020461.15,appris_principal_1,3348,1320,68,1960,2035,Success
ENSMUSG00000020238,ENSMUST00000020463.14,appris_principal_1,3118,1692,129,1297,1433,Success
ENSMUSG00000034781,ENSMUST00000043604.6,appris_principal_1,3414,1080,263,2071,2341,Success
ENSMUSG00000034748,ENSMUST00000042923.9,appris_principal_1,1891,1005,260,626,893,Success
ENSMUSG00000034674,ENSMUST00000151390.8,appris_principal_2,3502,1266,157,2079,2243,Success
ENSMUSG00000020251,ENSMUST00000020485.11,appris_principal_1,2153,1050,187,916,1110,Success
ENSMUSG00000020246,ENSMUST00000020478.14,appris_principal_1,3422,2169,137,1116,1260,Success
ENSMUSG00000020248,ENSMUST00000130911.8,appris_principal_1,2554,624,216,1714,1937,Success
ENSMUSG00000020250,ENSMUST00000020484.9,appris_principal_1,3325,1500,158,1667,1832,Success
ENSMUSG00000034612,ENSMUST00000040110.8,appris_principal_1,5527,1059,367,4101,4475,Success
ENSMUSG00000034591,ENSMUST00000039956.6,appris_principal_1,4742,1722,303,2717,3027,Success
ENSMUSG00000020256,ENSMUST00000020497.14,appris_principal_1,6027,2772,126,3129,3262,Success
ENSMUSG00000034560,ENSMUST00000038388.7,appris_principal_1,5858,3522,101,2235,2343,Success
ENSMUSG00000020263,ENSMUST00000020500.14,appris_principal_1,3020,1989,157,874,1038,Success
ENSMUSG00000020032,ENSMUST00000020220.15,appris_principal_1,5558,1977,240,3341,3588,Success
ENSMUSG00000046841,ENSMUST00000053871.5,appris_principal_1,3089,1728,196,1165,1368,Success
ENSMUSG00000020034,ENSMUST00000020223.8,appris_principal_1,2725,1554,538,633,1178,Success
ENSMUSG00000035620,ENSMUST00000038523.15,appris_principal_1,3069,1683,126,1260,1393,Success
ENSMUSG00000060935,ENSMUST00000095383.6,appris_principal_1,3616,348,377,2891,3275,Success
ENSMUSG00000049038,ENSMUST00000050813.4,appris_principal_1,1567,1158,241,168,416,Success
ENSMUSG00000020038,ENSMUST00000020227.11,appris_principal_1,3026,1821,593,612,1212,Success
ENSMUSG00000020042,ENSMUST00000105306.3,appris_principal_1,3945,1923,79,1943,2029,Success
ENSMUSG00000035529,ENSMUST00000037646.9,appris_principal_1,3877,2391,326,1160,1493,Success
ENSMUSG00000001783,ENSMUST00000001834.4,appris_principal_1,2009,1518,116,375,498,Success
ENSMUSG00000001786,ENSMUST00000130320.8,appris_principal_3,5388,1572,51,3765,3823,Success
ENSMUSG00000020044,ENSMUST00000020234.14,appris_principal_1,4722,636,482,3604,4093,Success
ENSMUSG00000020048,ENSMUST00000020238.14,appris_principal_1,2825,2409,154,262,423,Success
ENSMUSG00000054027,ENSMUST00000099396.3,appris_principal_1,5952,1641,105,4206,4318,Success
ENSMUSG00000035365,ENSMUST00000048518.16,appris_principal_1,3594,1722,449,1423,1879,Success
ENSMUSG00000035351,ENSMUST00000052355.15,appris_principal_1,1267,981,143,143,293,Success
ENSMUSG00000020057,ENSMUST00000020249.2,appris_principal_1,2807,717,153,1937,2097,Success
ENSMUSG00000035311,ENSMUST00000020251.10,appris_principal_1,5390,3708,193,1489,1689,Success
ENSMUSG00000060002,ENSMUST00000117440.8,appris_principal_1,4863,1221,216,3426,3649,Success
ENSMUSG00000060904,ENSMUST00000116234.9,appris_principal_1,2080,546,493,1041,1541,Success
ENSMUSG00000074802,ENSMUST00000220128.2,appris_principal_2,2111,1107,300,704,1011,Success
ENSMUSG00000069539,ENSMUST00000174252.8,Ensembl_canonical,4817,2793,276,1748,2031,Success
ENSMUSG00000019948,ENSMUST00000020109.5,appris_principal_1,1705,1191,54,460,521,Success
ENSMUSG00000019951,ENSMUST00000020112.7,appris_principal_1,6448,4374,254,1820,2081,Success
ENSMUSG00000019979,ENSMUST00000159110.8,appris_principal_1,6433,3750,544,2139,2690,Success
ENSMUSG00000019975,ENSMUST00000020150.10,appris_principal_1,1328,1038,187,103,297,Success
ENSMUSG00000061904,ENSMUST00000076694.13,appris_principal_3,1612,1074,148,390,545,Success
ENSMUSG00000019961,ENSMUST00000020123.7,appris_principal_1,3772,2082,265,1425,1697,Success
ENSMUSG00000019988,ENSMUST00000020163.7,appris_principal_1,3534,1983,106,1445,1558,Success
ENSMUSG00000020015,ENSMUST00000069965.9,appris_principal_1,3615,1572,340,1703,2050,Success
ENSMUSG00000008398,ENSMUST00000008542.12,appris_principal_1,4212,1230,386,2596,2989,Success
ENSMUSG00000020018,ENSMUST00000020203.7,appris_principal_1,861,261,165,435,607,Success
ENSMUSG00000036112,ENSMUST00000047910.15,appris_principal_1,4424,1437,126,2861,2994,Success
ENSMUSG00000020021,ENSMUST00000020208.5,appris_principal_1,8044,4200,294,3550,3851,Success
ENSMUSG00000005897,ENSMUST00000105290.9,appris_principal_1,3732,1773,99,1860,1966,Success
ENSMUSG00000020023,ENSMUST00000065060.12,appris_principal_1,5530,1434,170,3926,4103,Success
ENSMUSG00000020024,ENSMUST00000020212.6,appris_principal_1,3639,2079,515,1045,1567,Success
ENSMUSG00000020027,ENSMUST00000172070.8,appris_principal_1,2153,597,393,1163,1563,Success
ENSMUSG00000074781,ENSMUST00000099329.5,appris_principal_1,3867,459,63,3345,3415,Success
ENSMUSG00000036499,ENSMUST00000053484.8,appris_principal_1,7749,4236,199,3314,3520,Success
ENSMUSG00000036478,ENSMUST00000038377.9,appris_principal_1,5001,516,319,4166,4492,Success
ENSMUSG00000019943,ENSMUST00000020107.8,appris_principal_1,7130,3663,443,3024,3474,Success
ENSMUSG00000019952,ENSMUST00000020113.15,appris_principal_1,2862,1431,173,1258,1438,Success
ENSMUSG00000019960,ENSMUST00000020118.5,appris_principal_1,2796,1146,461,1189,1657,Success
ENSMUSG00000019966,ENSMUST00000105283.9,appris_principal_1,5648,822,391,4435,4833,Success
ENSMUSG00000036676,ENSMUST00000058154.15,appris_principal_1,5993,2763,203,3027,3237,Success
ENSMUSG00000019894,ENSMUST00000179636.3,appris_principal_1,3543,2190,372,981,1360,Success
ENSMUSG00000036019,ENSMUST00000061506.9,appris_principal_1,5629,2511,686,2432,3125,Success
ENSMUSG00000019907,ENSMUST00000219263.2,appris_principal_1,3355,3090,207,58,272,Success
ENSMUSG00000035873,ENSMUST00000095313.5,appris_principal_1,1745,1002,257,486,750,Success
ENSMUSG00000035864,ENSMUST00000105276.8,appris_principal_1,4820,1266,664,2890,3561,Success
ENSMUSG00000020185,ENSMUST00000073781.12,appris_principal_1,5473,2715,212,2546,2765,Success
ENSMUSG00000020186,ENSMUST00000020403.7,appris_principal_1,1384,582,467,335,809,Success
ENSMUSG00000035798,ENSMUST00000041723.15,appris_principal_1,4548,1899,36,2613,2656,Success
ENSMUSG00000020189,ENSMUST00000105275.9,appris_principal_3,7204,2670,509,4025,4541,Success
ENSMUSG00000035759,ENSMUST00000040454.5,appris_principal_1,2744,2142,44,558,609,Success
ENSMUSG00000020205,ENSMUST00000164773.2,appris_principal_1,1949,1218,119,612,738,Success
ENSMUSG00000074748,ENSMUST00000099276.4,appris_principal_1,3566,294,273,2999,3279,Success
ENSMUSG00000020130,ENSMUST00000020339.10,appris_principal_1,3752,2016,56,1680,1743,Success
ENSMUSG00000069520,ENSMUST00000092170.7,appris_principal_1,3012,1011,237,1764,2008,Success
ENSMUSG00000020137,ENSMUST00000218842.2,appris_principal_1,4970,654,160,4156,4323,Success
ENSMUSG00000034163,ENSMUST00000036044.9,appris_principal_1,6957,5979,239,739,985,Success
ENSMUSG00000020140,ENSMUST00000020350.15,appris_principal_1,4714,2724,287,1703,1997,Success
ENSMUSG00000020154,ENSMUST00000092167.7,appris_principal_1,11911,5997,254,5660,5921,Success
ENSMUSG00000020166,ENSMUST00000105267.8,appris_principal_1,2800,1623,143,1034,1184,Success
ENSMUSG00000034024,ENSMUST00000047672.9,appris_principal_1,1959,1608,106,245,358,Success
ENSMUSG00000020170,ENSMUST00000020381.5,appris_principal_1,6420,1527,391,4502,4900,Success
ENSMUSG00000020171,ENSMUST00000020382.8,appris_principal_1,1327,684,198,445,650,Success
ENSMUSG00000055531,ENSMUST00000176670.8,Ensembl_canonical,2227,1767,31,429,467,Success
ENSMUSG00000020183,ENSMUST00000020399.6,appris_principal_1,5195,1332,31,3832,3870,Success
ENSMUSG00000052798,ENSMUST00000064848.7,appris_principal_1,3114,2781,94,239,340,Success
ENSMUSG00000020212,ENSMUST00000163238.9,appris_principal_1,2461,2157,86,218,311,Success
ENSMUSG00000028630,ENSMUST00000004281.10,appris_principal_1,6129,1800,380,3949,4336,Success
ENSMUSG00000020114,ENSMUST00000020315.13,appris_principal_1,7766,3693,347,3726,4080,Success
ENSMUSG00000034813,ENSMUST00000138410.8,appris_principal_2,3532,3384,68,80,155,Success
ENSMUSG00000056758,ENSMUST00000072777.14,appris_principal_1,3710,327,406,2977,3390,Success
ENSMUSG00000051236,ENSMUST00000092143.12,appris_principal_1,3843,561,310,2972,3289,Success
ENSMUSG00000034707,ENSMUST00000040344.7,appris_principal_1,3855,1635,101,2119,2227,Success
ENSMUSG00000020115,ENSMUST00000020316.4,appris_principal_1,3024,2190,152,682,841,Success
ENSMUSG00000034667,ENSMUST00000218004.2,appris_principal_3,6005,2889,302,2814,3123,Success
ENSMUSG00000053684,ENSMUST00000065600.8,appris_principal_1,3123,1338,39,1746,1792,Success
ENSMUSG00000034620,ENSMUST00000140299.3,appris_principal_1,4793,1335,300,3158,3465,Success
ENSMUSG00000034613,ENSMUST00000067918.12,appris_principal_1,6369,1542,404,4423,4834,Success
ENSMUSG00000020124,ENSMUST00000220377.2,appris_principal_3,11525,2946,80,8499,8586,Success
ENSMUSG00000020105,ENSMUST00000074807.8,appris_principal_1,4016,3354,223,439,669,Success
ENSMUSG00000078429,ENSMUST00000105256.10,appris_principal_1,4817,813,521,3483,4011,Success
ENSMUSG00000006732,ENSMUST00000006915.14,appris_principal_1,1791,807,47,937,991,Success
ENSMUSG00000006736,ENSMUST00000060991.6,appris_principal_1,1556,633,87,836,930,Success
ENSMUSG00000006731,ENSMUST00000006914.11,appris_principal_1,2395,1602,296,497,800,Success
ENSMUSG00000040415,ENSMUST00000116229.2,Ensembl_canonical,1994,1188,332,474,813,Success
ENSMUSG00000025417,ENSMUST00000013970.9,appris_principal_1,3307,1266,44,1997,2048,Success
ENSMUSG00000074657,ENSMUST00000099172.5,appris_principal_1,6295,3084,452,2759,3218,Success
ENSMUSG00000025410,ENSMUST00000026479.11,appris_principal_1,1784,1209,112,463,582,Success
ENSMUSG00000025409,ENSMUST00000026476.13,Ensembl_canonical,4165,3018,270,877,1154,Success
ENSMUSG00000025404,ENSMUST00000166820.8,appris_principal_2,4281,3135,495,651,1153,Success
ENSMUSG00000025403,ENSMUST00000026470.6,appris_principal_1,2289,1515,124,650,781,Success
ENSMUSG00000040258,ENSMUST00000095266.3,appris_principal_1,1675,915,127,633,767,Success
ENSMUSG00000002147,ENSMUST00000092074.12,appris_principal_1,3775,2514,285,976,1268,Success
ENSMUSG00000025402,ENSMUST00000026469.9,appris_principal_3,2582,1578,252,752,1011,Success
ENSMUSG00000040195,ENSMUST00000048099.5,Ensembl_canonical,6002,1314,32,4656,4695,Success
ENSMUSG00000044617,ENSMUST00000054287.9,appris_principal_1,5960,2139,169,3652,3828,Success
ENSMUSG00000025395,ENSMUST00000026461.8,appris_principal_1,1583,1254,77,252,336,Success
ENSMUSG00000061315,ENSMUST00000073868.9,appris_principal_1,885,648,111,126,244,Success
ENSMUSG00000071072,ENSMUST00000052798.14,appris_principal_1,2000,483,331,1186,1524,Success
ENSMUSG00000025393,ENSMUST00000026459.6,appris_principal_1,1916,1590,54,272,333,Success
ENSMUSG00000040054,ENSMUST00000217851.2,Ensembl_canonical,8385,5673,163,2549,2719,Success
ENSMUSG00000040043,ENSMUST00000092033.4,appris_principal_1,1481,1152,64,265,336,Success
ENSMUSG00000039994,ENSMUST00000055539.11,Ensembl_canonical,4457,3594,178,685,870,Success
ENSMUSG00000040033,ENSMUST00000085708.3,appris_principal_1,4394,2769,149,1476,1632,Success
ENSMUSG00000005682,ENSMUST00000218315.2,appris_principal_1,4379,3576,215,588,810,Success
ENSMUSG00000005683,ENSMUST00000005826.9,appris_principal_1,2926,1395,184,1347,1538,Success
ENSMUSG00000039914,ENSMUST00000220227.2,appris_principal_1,1434,750,160,524,691,Success
ENSMUSG00000014498,ENSMUST00000014642.10,appris_principal_1,6620,3231,104,3285,3396,Success
ENSMUSG00000025373,ENSMUST00000171342.3,appris_principal_1,3283,954,375,1954,2336,Success
ENSMUSG00000025369,ENSMUST00000099131.11,appris_principal_2,4562,3393,19,1150,1176,Short_or_Missing_UTRs
ENSMUSG00000090841,ENSMUST00000164181.2,appris_principal_1,665,456,64,145,216,Success
ENSMUSG00000039824,ENSMUST00000026428.4,appris_principal_1,1026,624,104,298,409,Success
ENSMUSG00000025366,ENSMUST00000026427.8,appris_principal_1,3981,3279,47,655,709,Success
ENSMUSG00000039810,ENSMUST00000040572.10,appris_principal_1,3721,1308,197,2216,2420,Success
ENSMUSG00000025364,ENSMUST00000026425.13,appris_principal_1,2432,1185,107,1140,1254,Success
ENSMUSG00000018166,ENSMUST00000082059.7,appris_principal_1,6016,4020,151,1845,2003,Success
ENSMUSG00000049858,ENSMUST00000054764.9,appris_principal_1,2497,1641,233,623,863,Success
ENSMUSG00000000711,ENSMUST00000000727.4,appris_principal_1,3180,648,177,2355,2539,Success
ENSMUSG00000025358,ENSMUST00000026415.9,appris_principal_1,2240,897,176,1167,1350,Success
ENSMUSG00000025357,ENSMUST00000026414.9,appris_principal_1,2834,2193,352,289,648,Success
ENSMUSG00000025354,ENSMUST00000217745.2,appris_principal_1,4133,2112,173,1848,2028,Success
ENSMUSG00000025353,ENSMUST00000026409.5,appris_principal_1,1573,462,133,978,1118,Success
ENSMUSG00000025352,ENSMUST00000026408.7,appris_principal_1,4062,1218,33,2811,2851,Success
ENSMUSG00000025351,ENSMUST00000219317.2,appris_principal_1,1109,717,310,82,399,Success
ENSMUSG00000025348,ENSMUST00000099112.4,appris_principal_2,4013,3411,171,431,609,Success
ENSMUSG00000020454,ENSMUST00000110049.8,appris_principal_1,3614,2952,163,499,669,Success
ENSMUSG00000020457,ENSMUST00000020741.12,appris_principal_1,1546,1104,83,359,449,Success
ENSMUSG00000020453,ENSMUST00000110043.8,appris_principal_1,3702,2064,621,1017,1645,Success
ENSMUSG00000034614,ENSMUST00000045153.11,appris_principal_1,2573,795,534,1244,1785,Success
ENSMUSG00000020451,ENSMUST00000101638.4,appris_principal_3,3514,1917,113,1484,1604,Success
ENSMUSG00000020448,ENSMUST00000077078.12,appris_principal_1,2787,579,200,2008,2215,Success
ENSMUSG00000020439,ENSMUST00000020721.15,appris_principal_2,3335,2766,244,325,576,Success
ENSMUSG00000034543,ENSMUST00000096441.5,appris_principal_1,5656,3093,1189,1374,2570,Success
ENSMUSG00000047205,ENSMUST00000109996.8,appris_principal_1,2685,567,343,1775,2125,Success
ENSMUSG00000048807,ENSMUST00000109995.2,Ensembl_canonical,3063,1056,1477,530,2014,Success
ENSMUSG00000004748,ENSMUST00000004868.6,appris_principal_1,1411,501,163,747,917,Success
ENSMUSG00000003585,ENSMUST00000003681.8,appris_principal_1,2631,1212,153,1266,1426,Success
ENSMUSG00000003581,ENSMUST00000003677.11,appris_principal_1,1874,1140,71,663,741,Success
ENSMUSG00000002129,ENSMUST00000002198.4,appris_principal_1,4920,2376,138,2406,2551,Success
ENSMUSG00000034412,ENSMUST00000180088.2,appris_principal_1,1921,1503,69,349,425,Success
ENSMUSG00000034354,ENSMUST00000249885.1,Ensembl_canonical,4092,3618,259,215,481,Success
ENSMUSG00000020412,ENSMUST00000070257.14,appris_principal_1,2650,2250,93,307,407,Success
ENSMUSG00000059534,ENSMUST00000058407.6,appris_principal_1,434,195,36,203,246,Success
ENSMUSG00000009076,ENSMUST00000009220.5,appris_principal_1,792,513,71,208,286,Success
ENSMUSG00000009073,ENSMUST00000109910.9,appris_principal_1,4720,1791,551,2378,2936,Success
ENSMUSG00000034285,ENSMUST00000038570.9,appris_principal_1,1926,855,55,1016,1078,Success
ENSMUSG00000009090,ENSMUST00000009234.16,appris_principal_1,4085,2832,254,999,1260,Success
ENSMUSG00000034201,ENSMUST00000056649.13,appris_principal_2,2847,2037,391,419,817,Success
ENSMUSG00000009079,ENSMUST00000079949.13,appris_principal_2,2588,1968,245,375,627,Success
ENSMUSG00000020393,ENSMUST00000020662.15,appris_principal_1,4856,1422,33,3401,3441,Success
ENSMUSG00000041961,ENSMUST00000109867.8,appris_principal_1,6311,2742,169,3400,3576,Success
ENSMUSG00000020484,ENSMUST00000239150.3,appris_principal_2,1116,1116,0,0,0,Short_or_Missing_UTRs
ENSMUSG00000020482,ENSMUST00000020776.5,appris_principal_1,3372,834,129,2409,2545,Success
ENSMUSG00000020477,ENSMUST00000154330.2,appris_principal_1,995,504,25,466,498,Short_or_Missing_UTRs
ENSMUSG00000049680,ENSMUST00000120306.8,appris_principal_1,3972,2652,606,714,1327,Success
ENSMUSG00000020476,ENSMUST00000020769.14,Ensembl_canonical,1638,1311,38,289,334,Success
ENSMUSG00000002741,ENSMUST00000002818.9,appris_principal_1,2541,597,208,1736,1951,Success
ENSMUSG00000053838,ENSMUST00000066496.10,appris_principal_1,3927,1092,281,2554,2842,Success
ENSMUSG00000004393,ENSMUST00000004507.11,appris_principal_1,1956,1641,53,262,322,Success
ENSMUSG00000004394,ENSMUST00000004508.13,appris_principal_1,2003,684,37,1282,1326,Success
ENSMUSG00000020456,ENSMUST00000003461.15,appris_principal_3,4127,3072,87,968,1062,Success
ENSMUSG00000041164,ENSMUST00000109787.8,appris_principal_1,4116,2763,292,1061,1360,Success
ENSMUSG00000041126,ENSMUST00000109737.9,appris_principal_1,1633,387,104,1142,1253,Success
ENSMUSG00000094483,ENSMUST00000179343.3,appris_principal_1,8319,975,31,7313,7351,Success
ENSMUSG00000000378,ENSMUST00000000388.15,appris_principal_1,1858,1362,113,383,503,Success
ENSMUSG00000000384,ENSMUST00000189268.7,appris_principal_1,2347,1893,231,223,461,Success
ENSMUSG00000020427,ENSMUST00000020702.11,appris_principal_1,2421,879,107,1435,1549,Success
ENSMUSG00000020407,ENSMUST00000020677.8,appris_principal_1,1277,936,277,64,348,Success
ENSMUSG00000035455,ENSMUST00000047689.11,appris_principal_1,2961,2052,195,714,916,Success
ENSMUSG00000020176,ENSMUST00000093321.12,appris_principal_2,5061,1791,315,2955,3277,Success
ENSMUSG00000020173,ENSMUST00000046755.14,appris_principal_2,5615,4014,235,1366,1608,Success
ENSMUSG00000020122,ENSMUST00000020329.13,appris_principal_1,10208,3633,272,6303,6582,Success
ENSMUSG00000033953,ENSMUST00000102880.5,appris_principal_1,2859,513,277,2069,2353,Success
ENSMUSG00000020116,ENSMUST00000020317.8,appris_principal_1,1544,747,61,736,804,Success
ENSMUSG00000016984,ENSMUST00000076661.7,appris_principal_1,4185,2634,81,1470,1558,Success
ENSMUSG00000020160,ENSMUST00000185131.8,appris_principal_3,3346,1398,737,1211,1955,Success
ENSMUSG00000045671,ENSMUST00000093299.13,Ensembl_canonical,4449,1314,556,2579,3142,Success
ENSMUSG00000020152,ENSMUST00000000137.8,appris_principal_1,3631,1185,61,2385,2453,Success
ENSMUSG00000020149,ENSMUST00000163483.2,Ensembl_canonical,2657,618,28,2011,2046,Short_or_Missing_UTRs
ENSMUSG00000044066,ENSMUST00000050611.14,appris_principal_1,4804,2202,153,2449,2609,Success
ENSMUSG00000020142,ENSMUST00000109594.8,appris_principal_1,3926,1599,241,2086,2334,Success
ENSMUSG00000049800,ENSMUST00000093292.11,appris_principal_1,5647,930,431,4286,4724,Success
ENSMUSG00000049659,ENSMUST00000146722.9,Ensembl_canonical,3763,2796,0,967,0,Short_or_Missing_UTRs
ENSMUSG00000042363,ENSMUST00000047028.9,appris_principal_1,3362,519,47,2796,2850,Success
ENSMUSG00000020134,ENSMUST00000093290.12,appris_principal_1,3514,1257,457,1800,2264,Success
ENSMUSG00000020128,ENSMUST00000006221.14,appris_principal_1,4323,2934,111,1278,1396,Success
ENSMUSG00000001891,ENSMUST00000102875.11,appris_principal_1,2683,1527,272,884,1163,Success
ENSMUSG00000020319,ENSMUST00000020568.10,appris_principal_1,2792,2169,160,463,630,Success
ENSMUSG00000042302,ENSMUST00000045167.11,appris_principal_2,4821,3621,247,953,1207,Success
ENSMUSG00000051650,ENSMUST00000062844.11,appris_principal_1,3057,1194,617,1246,1870,Success
ENSMUSG00000051355,ENSMUST00000159081.8,appris_principal_1,4508,567,127,3814,3948,Success
ENSMUSG00000007739,ENSMUST00000173867.8,appris_principal_1,2484,1620,235,629,871,Success
ENSMUSG00000020290,ENSMUST00000102870.8,appris_principal_1,3471,3216,129,126,262,Success
ENSMUSG00000056342,ENSMUST00000180046.8,appris_principal_1,12200,10749,79,1372,1458,Success
ENSMUSG00000020283,ENSMUST00000020523.4,appris_principal_1,4146,1218,115,2813,2935,Success
ENSMUSG00000020280,ENSMUST00000109525.8,appris_principal_1,3177,1584,76,1517,1600,Success
ENSMUSG00000020275,ENSMUST00000102864.5,appris_principal_1,7466,1767,281,5418,5706,Success
ENSMUSG00000020273,ENSMUST00000020513.10,appris_principal_1,3747,2220,215,1312,1534,Success
ENSMUSG00000020467,ENSMUST00000020759.12,appris_principal_1,2037,1482,130,425,562,Success
ENSMUSG00000020463,ENSMUST00000020755.12,appris_principal_1,5125,2463,416,2246,2669,Success
ENSMUSG00000020462,ENSMUST00000020754.10,appris_principal_1,1664,1032,280,352,639,Success
ENSMUSG00000032740,ENSMUST00000040182.13,appris_principal_1,9376,5538,690,3148,3845,Success
ENSMUSG00000020458,ENSMUST00000060992.6,appris_principal_1,1773,600,286,887,1180,Success
ENSMUSG00000020315,ENSMUST00000006629.14,appris_principal_1,8461,7092,268,1101,1376,Success
ENSMUSG00000040850,ENSMUST00000041231.14,appris_principal_1,6491,5532,257,702,966,Success
ENSMUSG00000020311,ENSMUST00000073192.14,appris_principal_1,2532,1452,77,1003,1087,Success
ENSMUSG00000020305,ENSMUST00000020551.13,appris_principal_1,3228,1578,188,1462,1657,Success
ENSMUSG00000020303,ENSMUST00000020546.3,appris_principal_1,3940,891,212,2837,3056,Success
ENSMUSG00000044502,ENSMUST00000058060.14,appris_principal_1,1394,522,184,688,879,Success
ENSMUSG00000020300,ENSMUST00000109412.9,appris_principal_1,6303,2139,62,4102,4171,Success
ENSMUSG00000020282,ENSMUST00000020524.15,appris_principal_1,2946,2571,156,219,382,Success
ENSMUSG00000020287,ENSMUST00000020528.14,appris_principal_1,1737,1002,30,705,742,Success
ENSMUSG00000040711,ENSMUST00000038753.6,appris_principal_2,7413,2727,74,4612,4693,Success
ENSMUSG00000044949,ENSMUST00000051053.5,appris_principal_1,1012,705,107,200,314,Success
ENSMUSG00000020272,ENSMUST00000102821.4,appris_principal_1,5026,2901,99,2026,2132,Success
ENSMUSG00000057113,ENSMUST00000075641.10,appris_principal_1,1633,879,227,527,761,Success
ENSMUSG00000056427,ENSMUST00000069837.4,appris_principal_1,5228,4572,291,365,663,Success
ENSMUSG00000018846,ENSMUST00000018990.8,appris_principal_1,7376,1113,436,5827,6270,Success
ENSMUSG00000018849,ENSMUST00000018993.7,appris_principal_1,4531,3315,438,778,1223,Success
ENSMUSG00000042032,ENSMUST00000040167.11,appris_principal_3,1949,1005,234,710,951,Success
ENSMUSG00000020326,ENSMUST00000020576.8,appris_principal_1,3512,885,311,2316,2634,Success
ENSMUSG00000020415,ENSMUST00000020687.15,appris_principal_1,741,600,62,79,148,Success
ENSMUSG00000044707,ENSMUST00000050574.7,appris_principal_1,2672,1164,226,1282,1515,Success
ENSMUSG00000044950,ENSMUST00000061070.6,appris_principal_2,3277,2193,95,989,1091,Success
ENSMUSG00000041231,ENSMUST00000102795.4,appris_principal_1,2088,957,114,1017,1138,Success
ENSMUSG00000019189,ENSMUST00000019333.10,appris_principal_1,3570,1992,343,1235,1585,Success
ENSMUSG00000057098,ENSMUST00000101326.10,Ensembl_canonical,3422,1779,862,781,1650,Success
ENSMUSG00000006169,ENSMUST00000109261.11,appris_principal_3,3452,1926,188,1338,1533,Success
ENSMUSG00000044847,ENSMUST00000129820.8,appris_principal_1,6453,1086,23,5344,5374,Short_or_Missing_UTRs
ENSMUSG00000011254,ENSMUST00000011398.13,appris_principal_1,2250,897,29,1324,1360,Short_or_Missing_UTRs
ENSMUSG00000011256,ENSMUST00000011400.8,appris_principal_1,6383,2763,122,3498,3627,Success
ENSMUSG00000020340,ENSMUST00000165599.9,appris_principal_1,6659,3762,447,2450,2904,Success
ENSMUSG00000020397,ENSMUST00000020665.13,appris_principal_1,1193,702,245,246,498,Success
ENSMUSG00000040365,ENSMUST00000047145.14,appris_principal_1,3432,1893,698,841,1546,Success
ENSMUSG00000040350,ENSMUST00000046903.6,appris_principal_1,2161,1533,62,566,635,Success
ENSMUSG00000046311,ENSMUST00000109198.8,appris_principal_1,3872,2724,402,746,1155,Success
ENSMUSG00000020346,ENSMUST00000167400.8,appris_principal_1,3151,1344,820,987,1814,Success
ENSMUSG00000020362,ENSMUST00000145353.8,appris_principal_3,5736,1674,372,3690,4069,Success
ENSMUSG00000020363,ENSMUST00000020629.5,appris_principal_1,2947,2049,50,848,905,Success
ENSMUSG00000020366,ENSMUST00000020634.14,appris_principal_3,4675,1272,271,3132,3410,Success
ENSMUSG00000020376,ENSMUST00000238748.2,Ensembl_canonical,7879,1260,54,6565,6626,Success
ENSMUSG00000036644,ENSMUST00000101270.5,Ensembl_canonical,5213,3792,43,1378,1428,Success
ENSMUSG00000020381,ENSMUST00000020647.10,appris_principal_1,1142,1008,37,97,141,Success
ENSMUSG00000015837,ENSMUST00000102774.11,appris_principal_1,2037,1329,70,638,715,Success
ENSMUSG00000036620,ENSMUST00000041725.14,appris_principal_1,2429,1647,308,474,789,Success
ENSMUSG00000050567,ENSMUST00000059458.5,appris_principal_1,5528,3063,250,2215,2472,Success
ENSMUSG00000020368,ENSMUST00000179865.8,appris_principal_1,4281,1776,184,2321,2512,Success
ENSMUSG00000007850,ENSMUST00000077817.8,Ensembl_canonical,2126,1419,74,633,714,Success
ENSMUSG00000020375,ENSMUST00000020643.4,appris_principal_1,2688,2139,20,529,556,Short_or_Missing_UTRs
ENSMUSG00000036545,ENSMUST00000040523.9,appris_principal_1,7266,3642,80,3544,3631,Success
ENSMUSG00000020364,ENSMUST00000109119.8,Ensembl_canonical,2078,1722,307,49,363,Success
ENSMUSG00000020385,ENSMUST00000093132.13,appris_principal_1,1949,1446,156,347,510,Success
ENSMUSG00000020358,ENSMUST00000074669.10,appris_principal_2,2370,858,204,1308,1519,Success
ENSMUSG00000001056,ENSMUST00000127405.2,appris_principal_1,1042,462,83,497,587,Success
ENSMUSG00000001053,ENSMUST00000001080.16,appris_principal_1,2367,1614,195,558,760,Success
ENSMUSG00000036391,ENSMUST00000109097.9,Ensembl_canonical,6581,3273,445,2863,3315,Success
ENSMUSG00000020386,ENSMUST00000020653.6,appris_principal_1,1201,597,122,482,611,Success
ENSMUSG00000020387,ENSMUST00000020655.14,appris_principal_1,6273,2490,343,3440,3790,Success
ENSMUSG00000020390,ENSMUST00000020657.13,appris_principal_1,1792,459,148,1185,1340,Success
ENSMUSG00000020389,ENSMUST00000063303.11,appris_principal_1,2765,1788,305,672,984,Success
ENSMUSG00000020349,ENSMUST00000020608.3,appris_principal_1,7102,930,368,5804,6179,Success
ENSMUSG00000036309,ENSMUST00000037324.12,appris_principal_1,1440,492,110,838,955,Success
ENSMUSG00000000782,ENSMUST00000109071.3,appris_principal_1,2059,1260,152,647,806,Success
ENSMUSG00000020402,ENSMUST00000102758.8,appris_principal_1,2022,852,296,874,1177,Success
ENSMUSG00000020361,ENSMUST00000020630.8,appris_principal_1,4618,2529,291,1798,2096,Success
ENSMUSG00000049470,ENSMUST00000060945.12,appris_principal_1,10099,3483,301,6315,6623,Success
ENSMUSG00000044894,ENSMUST00000061326.5,appris_principal_1,1521,249,138,1134,1279,Success
ENSMUSG00000018387,ENSMUST00000109013.9,appris_principal_2,3312,2472,169,671,847,Success
ENSMUSG00000018398,ENSMUST00000121334.8,appris_principal_3,2801,1455,240,1106,1353,Success
ENSMUSG00000018395,ENSMUST00000118353.9,Ensembl_canonical,2178,2178,0,0,0,Short_or_Missing_UTRs
ENSMUSG00000018899,ENSMUST00000108920.10,appris_principal_1,2136,990,269,877,1153,Success
ENSMUSG00000018900,ENSMUST00000019044.8,appris_principal_1,3062,1674,121,1267,1395,Success
ENSMUSG00000020334,ENSMUST00000020586.7,appris_principal_1,2263,1662,114,487,608,Success
ENSMUSG00000020388,ENSMUST00000018755.10,appris_principal_1,1182,993,82,107,196,Success
ENSMUSG00000018906,ENSMUST00000019050.12,appris_principal_2,2230,1614,224,392,623,Success
ENSMUSG00000035992,ENSMUST00000046835.14,appris_principal_1,6255,3498,98,2659,2764,Success
ENSMUSG00000052298,ENSMUST00000064104.13,appris_principal_1,3069,255,529,2285,2821,Success
ENSMUSG00000020400,ENSMUST00000102731.8,Ensembl_canonical,2973,1944,279,750,1036,Success
ENSMUSG00000018340,ENSMUST00000102727.3,appris_principal_3,2471,2004,113,354,474,Success
ENSMUSG00000000594,ENSMUST00000000608.8,appris_principal_1,4127,582,49,3496,3552,Success
ENSMUSG00000020261,ENSMUST00000108872.9,appris_principal_1,5264,1428,144,3692,3843,Success
ENSMUSG00000018593,ENSMUST00000213866.2,Ensembl_canonical,1366,999,203,164,374,Success
ENSMUSG00000018585,ENSMUST00000108857.2,appris_principal_1,541,207,146,188,341,Success
ENSMUSG00000018583,ENSMUST00000018727.4,appris_principal_1,6703,1398,135,5170,5312,Success
ENSMUSG00000020523,ENSMUST00000020831.13,appris_principal_2,2557,1473,59,1025,1091,Success
ENSMUSG00000020522,ENSMUST00000108849.8,appris_principal_1,4827,1050,206,3571,3784,Success
ENSMUSG00000020520,ENSMUST00000066987.14,appris_principal_1,4715,1812,117,2786,2910,Success
ENSMUSG00000020519,ENSMUST00000020826.6,appris_principal_1,1151,549,455,147,609,Success
ENSMUSG00000037331,ENSMUST00000178636.2,appris_principal_2,6617,3219,129,3269,3405,Success
ENSMUSG00000020515,ENSMUST00000108843.8,appris_principal_1,2099,879,214,1006,1227,Success
ENSMUSG00000037275,ENSMUST00000172035.8,appris_principal_3,6213,4512,86,1615,1708,Success
ENSMUSG00000013646,ENSMUST00000116376.9,appris_principal_1,3016,1179,506,1331,1844,Success
ENSMUSG00000020455,ENSMUST00000093061.7,appris_principal_1,2251,1404,124,723,854,Success
ENSMUSG00000048076,ENSMUST00000163300.8,appris_principal_1,1991,546,323,1122,1452,Success
ENSMUSG00000009894,ENSMUST00000010038.10,appris_principal_1,1896,1242,124,530,661,Success
ENSMUSG00000020472,ENSMUST00000013262.15,appris_principal_1,4064,1758,760,1546,2313,Success
ENSMUSG00000032633,ENSMUST00000102697.10,appris_principal_1,3437,1740,495,1202,1704,Success
ENSMUSG00000019373,ENSMUST00000019517.10,appris_principal_1,1646,1272,114,260,381,Success
ENSMUSG00000032615,ENSMUST00000102695.4,appris_principal_1,1306,663,57,586,650,Success
ENSMUSG00000061650,ENSMUST00000081980.7,appris_principal_1,1920,429,61,1430,1498,Success
ENSMUSG00000049892,ENSMUST00000062405.8,appris_principal_1,1611,843,139,629,775,Success
ENSMUSG00000062115,ENSMUST00000064190.13,appris_principal_1,7348,5670,528,1150,1685,Success
ENSMUSG00000020538,ENSMUST00000020846.8,appris_principal_1,4299,3405,61,833,901,Success
ENSMUSG00000000538,ENSMUST00000102683.11,appris_principal_3,4999,1524,97,3378,3482,Success
ENSMUSG00000018415,ENSMUST00000070681.7,appris_principal_1,4283,654,394,3235,3636,Success
ENSMUSG00000042650,ENSMUST00000044250.4,appris_principal_1,5730,1188,445,4097,4549,Success
ENSMUSG00000020536,ENSMUST00000052346.10,appris_principal_1,4303,3189,138,976,1121,Success
ENSMUSG00000018599,ENSMUST00000018743.5,appris_principal_1,2522,1365,176,981,1164,Success
ENSMUSG00000002814,ENSMUST00000002891.11,appris_principal_1,3741,3012,264,465,736,Success
ENSMUSG00000049323,ENSMUST00000056907.7,appris_principal_1,7391,2808,503,4080,4590,Success
ENSMUSG00000018932,ENSMUST00000019076.10,appris_principal_1,2198,1044,190,964,1161,Success
ENSMUSG00000010025,ENSMUST00000074127.14,appris_principal_1,3091,1455,179,1457,1643,Success
ENSMUSG00000010122,ENSMUST00000010267.10,appris_principal_1,2639,1704,34,901,942,Success
ENSMUSG00000001034,ENSMUST00000079080.13,appris_principal_1,3019,2421,293,305,605,Success
ENSMUSG00000001036,ENSMUST00000108712.8,appris_principal_3,4458,1905,384,2169,2560,Success
ENSMUSG00000004798,ENSMUST00000004920.4,appris_principal_1,5743,3114,497,2132,2636,Success
ENSMUSG00000047804,ENSMUST00000102650.10,appris_principal_1,3874,1989,176,1709,1892,Success
ENSMUSG00000042331,ENSMUST00000201364.4,appris_principal_1,4955,3177,23,1755,1785,Short_or_Missing_UTRs
ENSMUSG00000018500,ENSMUST00000018644.3,appris_principal_1,1845,999,118,728,853,Success
ENSMUSG00000014243,ENSMUST00000072916.5,appris_principal_1,732,459,43,230,280,Success
ENSMUSG00000042298,ENSMUST00000050646.13,appris_principal_1,3410,1098,29,2283,2319,Short_or_Missing_UTRs
ENSMUSG00000018501,ENSMUST00000101066.10,appris_principal_3,8852,7365,70,1417,1494,Success
ENSMUSG00000018509,ENSMUST00000018653.8,appris_principal_1,1032,759,56,217,280,Success
ENSMUSG00000018507,ENSMUST00000018651.14,appris_principal_1,2909,2271,320,318,645,Success
ENSMUSG00000014177,ENSMUST00000014321.5,appris_principal_1,1784,618,129,1037,1173,Success
ENSMUSG00000018217,ENSMUST00000108702.8,appris_principal_1,1822,483,208,1131,1346,Success
ENSMUSG00000042148,ENSMUST00000049091.9,appris_principal_1,2915,1332,88,1495,1590,Success
ENSMUSG00000033389,ENSMUST00000093002.12,appris_principal_1,3982,2445,266,1271,1544,Success
ENSMUSG00000020910,ENSMUST00000116363.2,appris_principal_1,1283,1023,160,100,267,Success
ENSMUSG00000033066,ENSMUST00000108681.9,appris_principal_1,1941,1431,501,9,517,Short_or_Missing_UTRs
ENSMUSG00000020902,ENSMUST00000021284.4,appris_principal_1,5738,1815,281,3642,3930,Success
ENSMUSG00000020900,ENSMUST00000102611.10,appris_principal_1,7791,5931,299,1561,1867,Success
ENSMUSG00000018736,ENSMUST00000018880.14,appris_principal_1,2382,1038,206,1138,1351,Success
ENSMUSG00000060938,ENSMUST00000073471.13,appris_principal_3,526,438,47,41,95,Success
ENSMUSG00000018740,ENSMUST00000102606.10,appris_principal_3,1828,903,532,393,932,Success
ENSMUSG00000020898,ENSMUST00000116359.3,Ensembl_canonical,3978,3639,36,303,346,Success
ENSMUSG00000045176,ENSMUST00000051888.4,appris_principal_1,1862,1083,81,698,786,Success
ENSMUSG00000020895,ENSMUST00000075980.12,appris_principal_1,779,423,141,215,363,Success
ENSMUSG00000020894,ENSMUST00000021273.13,appris_principal_1,2205,351,136,1718,1861,Success
ENSMUSG00000020893,ENSMUST00000021271.14,appris_principal_1,4671,3876,194,601,802,Success
ENSMUSG00000032782,ENSMUST00000092973.6,appris_principal_1,3861,2664,813,384,1204,Success
ENSMUSG00000044795,ENSMUST00000051620.5,appris_principal_1,753,687,40,26,73,Short_or_Missing_UTRs
ENSMUSG00000018476,ENSMUST00000094077.5,appris_principal_1,6654,4926,410,1318,1735,Success
ENSMUSG00000059552,ENSMUST00000108658.10,Ensembl_canonical,1771,1173,157,441,605,Success
ENSMUSG00000041329,ENSMUST00000047889.13,appris_principal_1,2842,873,457,1512,1976,Success
ENSMUSG00000018765,ENSMUST00000018909.4,appris_principal_1,2951,2025,328,598,933,Success
ENSMUSG00000005204,ENSMUST00000005336.9,appris_principal_1,2313,1707,195,411,613,Success
ENSMUSG00000018750,ENSMUST00000108640.8,appris_principal_1,4067,2949,310,808,1125,Success
ENSMUSG00000051790,ENSMUST00000056484.10,appris_principal_1,5003,2511,411,2081,2499,Success
ENSMUSG00000046731,ENSMUST00000238978.2,appris_principal_1,2721,699,775,1247,2029,Success
ENSMUSG00000023170,ENSMUST00000072581.9,appris_principal_1,1311,984,254,73,334,Success
ENSMUSG00000078812,ENSMUST00000164359.8,appris_principal_1,1281,465,177,639,823,Success
ENSMUSG00000018566,ENSMUST00000018710.13,appris_principal_1,2524,1530,168,826,1001,Success
ENSMUSG00000018559,ENSMUST00000108593.8,appris_principal_1,1627,735,328,564,899,Success
ENSMUSG00000018567,ENSMUST00000018711.15,appris_principal_1,1351,354,570,427,1004,Success
ENSMUSG00000020888,ENSMUST00000019362.15,appris_principal_1,2968,2211,238,519,764,Success
ENSMUSG00000018574,ENSMUST00000102574.10,appris_principal_1,2168,1971,84,113,204,Success
ENSMUSG00000020886,ENSMUST00000108589.10,Ensembl_canonical,3414,2304,273,837,1117,Success
ENSMUSG00000044367,ENSMUST00000060010.3,appris_principal_1,2531,1287,317,927,1251,Success
ENSMUSG00000060216,ENSMUST00000102564.11,appris_principal_1,1848,1233,78,537,622,Success
ENSMUSG00000020828,ENSMUST00000018429.12,appris_principal_1,3659,2802,310,547,864,Success
ENSMUSG00000020827,ENSMUST00000072237.13,Ensembl_canonical,4994,4035,189,770,966,Success
ENSMUSG00000014606,ENSMUST00000014750.15,appris_principal_1,1711,945,196,570,773,Success
ENSMUSG00000040746,ENSMUST00000037534.8,appris_principal_1,1833,1044,582,207,796,Success
ENSMUSG00000018293,ENSMUST00000018437.3,appris_principal_1,861,423,164,274,445,Success
ENSMUSG00000060600,ENSMUST00000072841.12,appris_principal_1,1454,1305,68,81,156,Success
ENSMUSG00000040712,ENSMUST00000036299.14,Ensembl_canonical,4495,3627,132,736,875,Success
ENSMUSG00000020821,ENSMUST00000102554.8,appris_principal_1,6684,3303,296,3085,3388,Success
ENSMUSG00000020817,ENSMUST00000108533.10,Ensembl_canonical,2791,2595,33,163,203,Success
ENSMUSG00000040620,ENSMUST00000108527.8,appris_principal_1,5184,2097,59,3028,3094,Success
ENSMUSG00000020808,ENSMUST00000021164.4,appris_principal_1,1513,696,113,704,824,Success
ENSMUSG00000020803,ENSMUST00000021158.4,appris_principal_1,981,372,77,532,616,Success
ENSMUSG00000040463,ENSMUST00000045633.6,appris_principal_1,4358,4035,29,294,330,Short_or_Missing_UTRs
ENSMUSG00000020794,ENSMUST00000021148.13,appris_principal_1,3815,513,307,2995,3309,Success
ENSMUSG00000057778,ENSMUST00000079681.6,appris_principal_1,2393,792,94,1507,1608,Success
ENSMUSG00000055670,ENSMUST00000207107.2,appris_principal_3,11306,8862,43,2401,2451,Success
ENSMUSG00000020785,ENSMUST00000092937.13,appris_principal_1,3424,1518,126,1780,1913,Success
ENSMUSG00000040158,ENSMUST00000040687.12,appris_principal_1,1523,375,221,927,1155,Success
ENSMUSG00000005949,ENSMUST00000006103.9,appris_principal_1,2570,1104,144,1322,1473,Success
ENSMUSG00000038807,ENSMUST00000102521.9,appris_principal_2,6565,2139,240,4186,4433,Success
ENSMUSG00000020741,ENSMUST00000092915.12,appris_principal_1,5379,4062,80,1237,1324,Success
ENSMUSG00000020745,ENSMUST00000021091.15,appris_principal_1,5803,1233,850,3720,4577,Success
ENSMUSG00000000282,ENSMUST00000000291.9,appris_principal_1,4590,1776,409,2405,2821,Success
ENSMUSG00000038351,ENSMUST00000057631.12,appris_principal_2,4743,3018,179,1546,1732,Success
ENSMUSG00000038335,ENSMUST00000045807.14,appris_principal_1,3389,2412,41,936,984,Success
ENSMUSG00000001323,ENSMUST00000065211.9,appris_principal_1,3699,1020,410,2269,2686,Success
ENSMUSG00000038290,ENSMUST00000045281.13,appris_principal_1,5848,4257,93,1498,1598,Success
ENSMUSG00000038268,ENSMUST00000071562.3,appris_principal_1,2670,678,40,1952,1999,Success
ENSMUSG00000078789,ENSMUST00000044949.11,appris_principal_1,2139,1317,60,762,829,Success
ENSMUSG00000000751,ENSMUST00000092907.12,appris_principal_1,5077,1872,66,3139,3212,Success
ENSMUSG00000018809,ENSMUST00000044530.3,appris_principal_1,3517,2400,331,786,1124,Success
ENSMUSG00000000753,ENSMUST00000000769.14,appris_principal_1,1832,1254,213,365,585,Success
ENSMUSG00000038178,ENSMUST00000042561.14,appris_principal_1,6891,1707,85,5099,5191,Success
ENSMUSG00000017781,ENSMUST00000143219.8,appris_principal_1,3761,816,236,2709,2952,Success
ENSMUSG00000006127,ENSMUST00000006286.9,appris_principal_1,2679,1407,112,1160,1279,Success
ENSMUSG00000017774,ENSMUST00000108431.3,appris_principal_3,4718,3135,311,1272,1590,Success
ENSMUSG00000017776,ENSMUST00000017920.14,appris_principal_1,3642,915,165,2562,2734,Success
ENSMUSG00000020849,ENSMUST00000067664.10,appris_principal_1,2100,768,159,1173,1339,Success
ENSMUSG00000049396,ENSMUST00000102500.5,appris_principal_1,3540,3177,177,186,370,Success
ENSMUSG00000038046,ENSMUST00000040577.5,appris_principal_1,1510,1257,58,195,260,Success
ENSMUSG00000020844,ENSMUST00000021204.4,appris_principal_1,2755,1308,80,1367,1454,Success
ENSMUSG00000017631,ENSMUST00000094012.11,longest_cds,5236,2616,250,2370,2627,Success
ENSMUSG00000010392,ENSMUST00000010536.9,appris_principal_1,4289,753,29,3507,3543,Short_or_Missing_UTRs
ENSMUSG00000020841,ENSMUST00000021201.6,appris_principal_1,7946,4134,52,3760,3819,Success
ENSMUSG00000037958,ENSMUST00000102494.8,appris_principal_1,3114,1629,37,1448,1492,Success
ENSMUSG00000037926,ENSMUST00000037912.12,appris_principal_3,9178,4272,166,4740,4913,Success
ENSMUSG00000037907,ENSMUST00000037593.14,appris_principal_1,3105,1881,114,1110,1231,Success
ENSMUSG00000011877,ENSMUST00000037285.10,appris_principal_3,3512,2313,21,1178,1206,Short_or_Missing_UTRs
ENSMUSG00000000686,ENSMUST00000094004.5,appris_principal_1,2662,1380,78,1204,1289,Success
ENSMUSG00000037857,ENSMUST00000100802.11,appris_principal_1,5158,2079,73,3006,3086,Success
ENSMUSG00000000631,ENSMUST00000167856.8,Ensembl_canonical,6132,4929,58,1145,1210,Success
ENSMUSG00000037791,ENSMUST00000049167.14,appris_principal_1,4410,3012,510,888,1405,Success
ENSMUSG00000061981,ENSMUST00000072289.12,appris_principal_3,2621,1287,133,1201,1341,Success
ENSMUSG00000037750,ENSMUST00000073705.12,appris_principal_1,3258,1689,172,1397,1576,Success
ENSMUSG00000017386,ENSMUST00000017530.4,appris_principal_1,2078,1413,149,516,672,Success
ENSMUSG00000017405,ENSMUST00000017549.13,appris_principal_1,2809,2097,69,643,719,Success
ENSMUSG00000019437,ENSMUST00000127587.8,appris_principal_1,1412,744,178,490,675,Success
ENSMUSG00000002059,ENSMUST00000002128.14,appris_principal_1,1368,780,241,347,595,Success
ENSMUSG00000002052,ENSMUST00000002121.5,appris_principal_1,6488,5181,470,837,1314,Success
ENSMUSG00000002064,ENSMUST00000002133.9,appris_principal_1,1268,636,274,358,639,Success
ENSMUSG00000002055,ENSMUST00000045026.4,appris_principal_1,3887,3498,131,258,396,Success
ENSMUSG00000017390,ENSMUST00000017534.15,appris_principal_1,2786,1092,267,1427,1701,Success
ENSMUSG00000041958,ENSMUST00000048073.9,appris_principal_1,2501,1668,60,773,840,Success
ENSMUSG00000002058,ENSMUST00000002127.14,appris_principal_1,1329,723,85,521,613,Success
ENSMUSG00000050132,ENSMUST00000061174.7,appris_principal_1,4083,2175,296,1612,1915,Success
ENSMUSG00000051232,ENSMUST00000052566.8,appris_principal_1,1347,627,65,655,727,Success
ENSMUSG00000001100,ENSMUST00000001127.11,appris_principal_1,2054,1107,119,828,954,Success
ENSMUSG00000017615,ENSMUST00000017759.9,appris_principal_1,3720,951,314,2455,2776,Success
ENSMUSG00000001105,ENSMUST00000128788.8,appris_principal_1,1141,399,447,295,749,Success
ENSMUSG00000037278,ENSMUST00000103242.5,appris_principal_1,1375,531,124,720,851,Success
ENSMUSG00000017376,ENSMUST00000142739.8,appris_principal_1,4444,1584,1107,1753,2867,Success
ENSMUSG00000018334,ENSMUST00000018478.11,appris_principal_1,5495,2622,128,2745,2880,Success
ENSMUSG00000017677,ENSMUST00000017821.12,appris_principal_1,2476,1266,279,931,1217,Success
ENSMUSG00000017639,ENSMUST00000017783.13,appris_principal_1,7156,1908,64,5184,5255,Success
ENSMUSG00000017548,ENSMUST00000017692.15,appris_principal_1,4373,2226,214,1933,2154,Success
ENSMUSG00000017561,ENSMUST00000061283.15,appris_principal_1,2396,1329,79,988,1074,Success
ENSMUSG00000017550,ENSMUST00000017694.7,appris_principal_2,7272,5481,371,1420,1798,Success
ENSMUSG00000046909,ENSMUST00000050207.10,appris_principal_1,1309,1095,56,158,221,Success
ENSMUSG00000020707,ENSMUST00000017839.3,appris_principal_1,1984,1254,66,664,737,Success
ENSMUSG00000017686,ENSMUST00000077451.14,appris_principal_3,3297,2115,229,953,1189,Success
ENSMUSG00000048895,ENSMUST00000053413.12,appris_principal_1,4162,924,486,2752,3245,Success
ENSMUSG00000035441,ENSMUST00000041065.14,appris_principal_1,5354,3021,233,2100,2340,Success
ENSMUSG00000035413,ENSMUST00000040865.9,appris_principal_1,1633,681,338,614,959,Success
ENSMUSG00000035385,ENSMUST00000000193.6,appris_principal_1,813,447,91,275,373,Success
ENSMUSG00000046010,ENSMUST00000056677.8,appris_principal_1,1591,1092,27,472,506,Short_or_Missing_UTRs
ENSMUSG00000020697,ENSMUST00000173347.8,appris_principal_3,3631,3036,84,511,602,Success
ENSMUSG00000020696,ENSMUST00000074515.11,appris_principal_1,4973,1092,322,3559,3888,Success
ENSMUSG00000018841,ENSMUST00000018985.15,appris_principal_1,3426,990,195,2241,2443,Success
ENSMUSG00000054404,ENSMUST00000067443.10,appris_principal_1,5979,2655,188,3136,3331,Success
ENSMUSG00000018733,ENSMUST00000018877.9,appris_principal_1,2729,1080,250,1399,1656,Success
ENSMUSG00000035152,ENSMUST00000018875.13,appris_principal_1,5625,2856,378,2391,2776,Success
ENSMUSG00000020680,ENSMUST00000021018.11,appris_principal_1,2068,1674,108,286,401,Success
ENSMUSG00000020677,ENSMUST00000049257.8,appris_principal_1,3194,1797,116,1281,1404,Success
ENSMUSG00000034940,ENSMUST00000049714.15,appris_principal_2,3995,3921,48,26,81,Short_or_Missing_UTRs
ENSMUSG00000018648,ENSMUST00000100705.11,appris_principal_1,1447,597,274,576,857,Success
ENSMUSG00000018651,ENSMUST00000018795.13,appris_principal_1,2151,1332,147,672,826,Success
ENSMUSG00000020532,ENSMUST00000103201.8,appris_principal_1,9513,7038,507,1968,2482,Success
ENSMUSG00000034449,ENSMUST00000047560.8,appris_principal_1,1254,783,67,404,478,Success
ENSMUSG00000020530,ENSMUST00000018547.9,Ensembl_canonical,2478,2217,112,149,268,Success
ENSMUSG00000045140,ENSMUST00000067058.3,appris_principal_1,2675,1512,488,675,1170,Success
ENSMUSG00000020527,ENSMUST00000093969.11,appris_principal_1,4091,2892,494,705,1206,Success
ENSMUSG00000000804,ENSMUST00000108075.9,appris_principal_1,7053,4815,270,1968,2245,Success
ENSMUSG00000018481,ENSMUST00000018625.10,appris_principal_1,6463,1758,321,4384,4712,Success
ENSMUSG00000020525,ENSMUST00000020835.16,appris_principal_1,2899,1797,229,873,1109,Success
ENSMUSG00000034329,ENSMUST00000044423.4,appris_principal_1,6931,3525,115,3291,3413,Success
ENSMUSG00000018068,ENSMUST00000018212.13,appris_principal_1,5906,3597,358,1951,2316,Success
ENSMUSG00000034297,ENSMUST00000043624.9,appris_principal_1,10546,6516,77,3953,4037,Success
ENSMUSG00000020521,ENSMUST00000020827.7,appris_principal_1,4452,1188,194,3070,3271,Success
ENSMUSG00000020516,ENSMUST00000154617.8,appris_principal_1,5531,1578,99,3854,3960,Success
ENSMUSG00000018171,ENSMUST00000018315.10,appris_principal_1,2787,1221,123,1443,1573,Success
ENSMUSG00000072582,ENSMUST00000108022.8,appris_principal_1,3038,546,139,2353,2499,Success
ENSMUSG00000047126,ENSMUST00000060766.16,Ensembl_canonical,6163,5040,212,911,1130,Success
ENSMUSG00000018425,ENSMUST00000018569.14,appris_principal_1,3813,2340,197,1276,1480,Success
ENSMUSG00000018427,ENSMUST00000018571.5,appris_principal_1,4847,360,313,4174,4494,Success
ENSMUSG00000061666,ENSMUST00000020804.8,appris_principal_1,2336,945,85,1306,1398,Success
ENSMUSG00000020495,ENSMUST00000020801.14,appris_principal_1,3218,2976,21,221,249,Short_or_Missing_UTRs
ENSMUSG00000020493,ENSMUST00000051395.9,appris_principal_1,3824,1107,73,2644,2724,Success
ENSMUSG00000020492,ENSMUST00000020794.6,appris_principal_1,3037,363,38,2636,2681,Success
ENSMUSG00000018548,ENSMUST00000041282.13,appris_principal_1,5632,2886,397,2349,2753,Success
ENSMUSG00000046442,ENSMUST00000055438.5,appris_principal_1,6344,2250,120,3974,4101,Success
ENSMUSG00000018401,ENSMUST00000103179.10,appris_principal_1,5753,3573,131,2049,2187,Success
ENSMUSG00000020485,ENSMUST00000093955.12,appris_principal_1,706,354,48,304,359,Success
ENSMUSG00000020483,ENSMUST00000178105.3,appris_principal_1,2187,270,9,1908,1924,Short_or_Missing_UTRs
ENSMUSG00000018379,ENSMUST00000139129.9,appris_principal_1,5362,747,466,4149,4622,Success
ENSMUSG00000018377,ENSMUST00000018521.11,appris_principal_1,4583,1557,122,2904,3033,Success
ENSMUSG00000018378,ENSMUST00000018522.13,appris_principal_1,3180,1167,466,1547,2020,Success
ENSMUSG00000018428,ENSMUST00000107903.8,appris_principal_2,3721,2574,184,963,1154,Success
ENSMUSG00000000278,ENSMUST00000000287.9,appris_principal_1,2097,1359,96,642,745,Success
ENSMUSG00000000275,ENSMUST00000107896.10,appris_principal_2,5590,1905,113,3572,3692,Success
ENSMUSG00000000276,ENSMUST00000107894.8,appris_principal_1,8347,1695,1099,5553,6659,Success
ENSMUSG00000020553,ENSMUST00000020864.9,appris_principal_1,2723,645,52,2026,2085,Success
ENSMUSG00000003948,ENSMUST00000004050.7,appris_principal_1,2677,717,234,1726,1967,Success
ENSMUSG00000003949,ENSMUST00000004051.8,appris_principal_1,5642,888,531,4223,4761,Success
ENSMUSG00000059474,ENSMUST00000107853.8,appris_principal_1,5245,1896,257,3092,3356,Success
ENSMUSG00000037601,ENSMUST00000135884.8,appris_principal_1,3181,459,305,2417,2729,Success
ENSMUSG00000020859,ENSMUST00000041956.14,appris_principal_1,7340,3924,168,3248,3423,Success
ENSMUSG00000037573,ENSMUST00000041589.6,appris_principal_1,2288,1089,432,767,1206,Success
ENSMUSG00000020863,ENSMUST00000107821.9,appris_principal_1,2050,1299,200,551,758,Success
ENSMUSG00000020864,ENSMUST00000107818.9,appris_principal_1,3487,1092,253,2142,2402,Success
ENSMUSG00000020865,ENSMUST00000178136.8,appris_principal_1,5005,4572,61,372,440,Success
ENSMUSG00000076435,ENSMUST00000103164.4,appris_principal_1,3154,1848,101,1205,1313,Success
ENSMUSG00000020869,ENSMUST00000021239.7,appris_principal_1,2837,924,238,1675,1920,Success
ENSMUSG00000039055,ENSMUST00000039949.5,appris_principal_1,2444,1713,298,433,738,Success
ENSMUSG00000001506,ENSMUST00000001547.8,appris_principal_1,5930,4362,145,1423,1575,Success
ENSMUSG00000038976,ENSMUST00000038696.12,appris_principal_1,4508,2454,513,1541,2061,Success
ENSMUSG00000038967,ENSMUST00000038431.8,appris_principal_1,2246,1224,98,924,1029,Success
ENSMUSG00000001507,ENSMUST00000001548.14,appris_principal_1,4861,3162,378,1321,1706,Success
ENSMUSG00000038909,ENSMUST00000107734.10,appris_principal_1,3560,1836,197,1527,1731,Success
ENSMUSG00000038893,ENSMUST00000037502.7,appris_principal_1,2317,1356,48,913,968,Success
ENSMUSG00000057522,ENSMUST00000107724.9,appris_principal_1,2881,1125,191,1565,1763,Success
ENSMUSG00000038845,ENSMUST00000125172.8,appris_principal_1,1799,819,113,867,987,Success
ENSMUSG00000075595,ENSMUST00000107717.8,appris_principal_1,10433,1827,312,8294,8613,Success
ENSMUSG00000013415,ENSMUST00000013559.3,appris_principal_1,8378,1734,307,6337,6651,Success
ENSMUSG00000006058,ENSMUST00000006217.10,appris_principal_1,1004,777,129,98,234,Success
ENSMUSG00000014349,ENSMUST00000100528.5,appris_principal_1,3997,1071,114,2812,2933,Success
ENSMUSG00000020876,ENSMUST00000021246.9,appris_principal_1,2551,816,244,1491,1742,Success
ENSMUSG00000038615,ENSMUST00000167149.8,appris_principal_1,4596,2226,608,1762,2377,Success
ENSMUSG00000018669,ENSMUST00000103152.11,appris_principal_1,2250,1512,107,631,745,Success
ENSMUSG00000018659,ENSMUST00000018803.12,appris_principal_1,1994,786,118,1090,1215,Success
ENSMUSG00000018678,ENSMUST00000107624.8,Ensembl_canonical,3055,1842,84,1129,1220,Success
ENSMUSG00000038534,ENSMUST00000090020.13,appris_principal_1,3771,2514,403,854,1264,Success
ENSMUSG00000038517,ENSMUST00000066078.12,Ensembl_canonical,3338,1836,126,1376,1509,Success
ENSMUSG00000001440,ENSMUST00000001479.5,appris_principal_1,5894,2631,296,2967,3270,Success
ENSMUSG00000001441,ENSMUST00000001480.14,appris_principal_1,4215,2763,180,1272,1459,Success
ENSMUSG00000038485,ENSMUST00000045540.4,appris_principal_1,7015,1740,91,5184,5282,Success
ENSMUSG00000049807,ENSMUST00000121799.8,appris_principal_1,5816,4467,72,1277,1356,Success
ENSMUSG00000038437,ENSMUST00000044730.12,appris_principal_2,7274,3240,158,3876,4041,Success
ENSMUSG00000018537,ENSMUST00000179765.8,appris_principal_1,2485,1029,292,1164,1463,Success
ENSMUSG00000018547,ENSMUST00000018691.9,appris_principal_1,5053,1251,100,3702,3809,Success
ENSMUSG00000018541,ENSMUST00000018685.9,appris_principal_1,3105,1251,114,1740,1861,Success
ENSMUSG00000038366,ENSMUST00000043843.12,appris_principal_1,3540,792,229,2519,2755,Success
ENSMUSG00000020882,ENSMUST00000017552.13,appris_principal_1,3396,1794,209,1393,1609,Success
ENSMUSG00000017404,ENSMUST00000017548.7,Ensembl_canonical,751,591,62,98,167,Success
ENSMUSG00000020883,ENSMUST00000103143.10,appris_principal_1,8601,1311,255,7035,7297,Success
ENSMUSG00000018160,ENSMUST00000107545.9,appris_principal_2,8024,4728,210,3086,3303,Success
ENSMUSG00000003119,ENSMUST00000107538.2,Ensembl_canonical,5143,4455,33,655,695,Success
ENSMUSG00000018167,ENSMUST00000018311.5,appris_principal_1,2070,1341,192,537,736,Success
ENSMUSG00000019312,ENSMUST00000019456.5,appris_principal_1,2397,1608,421,368,796,Success
ENSMUSG00000038150,ENSMUST00000052919.8,appris_principal_1,2184,462,266,1456,1729,Success
ENSMUSG00000017221,ENSMUST00000017365.15,appris_principal_1,2148,1593,176,379,562,Success
ENSMUSG00000052915,ENSMUST00000037915.9,appris_principal_3,4593,1851,315,2427,2749,Success
ENSMUSG00000038013,ENSMUST00000037480.9,appris_principal_1,7011,1323,333,5355,5695,Success
ENSMUSG00000017499,ENSMUST00000092706.13,appris_principal_1,4614,1689,194,2731,2932,Success
ENSMUSG00000037992,ENSMUST00000107474.8,appris_principal_1,2380,1389,466,525,998,Success
ENSMUSG00000017493,ENSMUST00000017637.13,appris_principal_1,3831,765,253,2813,3073,Success
ENSMUSG00000037935,ENSMUST00000103133.4,appris_principal_1,2919,1236,661,1022,1690,Success
ENSMUSG00000020911,ENSMUST00000007317.8,appris_principal_1,1576,1212,261,103,371,Success
ENSMUSG00000035530,ENSMUST00000049385.14,appris_principal_1,1322,342,245,735,987,Success
ENSMUSG00000001552,ENSMUST00000001592.15,appris_principal_1,3205,2238,122,845,974,Success
ENSMUSG00000006931,ENSMUST00000066489.13,appris_principal_1,2178,1332,180,666,853,Success
ENSMUSG00000001555,ENSMUST00000001595.10,appris_principal_1,2584,1746,87,751,845,Success
ENSMUSG00000020917,ENSMUST00000107389.8,appris_principal_3,4426,3306,229,891,1127,Success
ENSMUSG00000006782,ENSMUST00000103120.5,appris_principal_1,2357,1263,162,932,1101,Success
ENSMUSG00000014195,ENSMUST00000014339.15,appris_principal_1,2330,1485,564,281,852,Success
ENSMUSG00000017837,ENSMUST00000107376.8,appris_principal_1,1727,576,585,566,1158,Success
ENSMUSG00000020918,ENSMUST00000103118.4,Ensembl_canonical,3046,2493,61,492,560,Success
ENSMUSG00000019173,ENSMUST00000107364.8,appris_principal_1,1915,651,226,1038,1271,Success
ENSMUSG00000020919,ENSMUST00000107358.9,appris_principal_1,5213,2361,487,2365,2859,Success
ENSMUSG00000004043,ENSMUST00000004145.14,appris_principal_1,3888,2382,333,1173,1513,Success
ENSMUSG00000004040,ENSMUST00000127638.8,Ensembl_canonical,4516,2313,308,1895,2210,Success
ENSMUSG00000004044,ENSMUST00000060792.6,appris_principal_1,3491,1179,421,1891,2319,Success
ENSMUSG00000019302,ENSMUST00000044721.13,appris_principal_1,4008,2517,177,1314,1498,Success
ENSMUSG00000001751,ENSMUST00000001802.10,appris_principal_1,2560,2220,113,227,347,Success
ENSMUSG00000001755,ENSMUST00000001806.10,appris_principal_1,2138,1692,137,309,453,Success
ENSMUSG00000017801,ENSMUST00000107302.8,appris_principal_1,1826,735,49,1042,1098,Success
ENSMUSG00000017802,ENSMUST00000017946.6,appris_principal_1,3165,1401,114,1650,1771,Success
ENSMUSG00000035198,ENSMUST00000043680.9,appris_principal_1,1802,1356,256,190,453,Success
ENSMUSG00000006920,ENSMUST00000107285.8,Ensembl_canonical,4193,2253,117,1823,1947,Success
ENSMUSG00000078656,ENSMUST00000042477.13,appris_principal_1,1106,531,48,527,582,Success
ENSMUSG00000017188,ENSMUST00000017332.4,appris_principal_1,886,327,187,372,566,Success
ENSMUSG00000035086,ENSMUST00000130916.8,appris_principal_1,4365,1347,157,2861,3025,Success
ENSMUSG00000078652,ENSMUST00000019470.14,appris_principal_1,2664,765,234,1665,1906,Success
ENSMUSG00000010358,ENSMUST00000010502.13,appris_principal_1,1362,861,195,306,508,Success
ENSMUSG00000034993,ENSMUST00000040430.8,appris_principal_1,2766,1221,97,1448,1552,Success
ENSMUSG00000017146,ENSMUST00000017290.11,appris_principal_1,6572,5439,130,1003,1140,Success
ENSMUSG00000017119,ENSMUST00000107212.8,appris_principal_2,4168,2892,83,1193,1283,Success
ENSMUSG00000034936,ENSMUST00000039388.3,appris_principal_1,1382,606,199,577,783,Success
ENSMUSG00000034931,ENSMUST00000039152.14,appris_principal_1,4325,3735,91,499,597,Success
ENSMUSG00000017724,ENSMUST00000017868.7,Ensembl_canonical,2395,1461,315,619,941,Success
ENSMUSG00000003518,ENSMUST00000003612.13,appris_principal_1,4212,558,63,3591,3661,Success
ENSMUSG00000052373,ENSMUST00000100400.9,appris_principal_1,2997,1758,338,901,1246,Success
ENSMUSG00000017314,ENSMUST00000100398.5,Ensembl_canonical,3577,1710,74,1793,1874,Success
ENSMUSG00000020921,ENSMUST00000021296.7,appris_principal_1,1574,774,60,740,807,Success
ENSMUSG00000020922,ENSMUST00000021297.6,appris_principal_1,2256,588,90,1578,1675,Success
ENSMUSG00000034793,ENSMUST00000070334.10,appris_principal_1,1404,1041,88,275,370,Success
ENSMUSG00000008855,ENSMUST00000107152.9,appris_principal_1,3788,3348,362,78,447,Success
ENSMUSG00000034757,ENSMUST00000036376.13,appris_principal_1,1939,960,178,801,986,Success
ENSMUSG00000059995,ENSMUST00000107132.3,Ensembl_canonical,3706,1065,287,2354,2648,Success
ENSMUSG00000020923,ENSMUST00000174302.8,appris_principal_1,4692,2295,316,2081,2404,Success
ENSMUSG00000018677,ENSMUST00000018821.9,Ensembl_canonical,1685,1080,170,435,612,Success
ENSMUSG00000034685,ENSMUST00000049057.5,appris_principal_1,3118,2469,167,482,656,Success
ENSMUSG00000034621,ENSMUST00000143842.2,appris_principal_1,6871,4518,75,2278,2360,Success
ENSMUSG00000050288,ENSMUST00000057893.7,appris_principal_1,3663,1713,336,1614,1957,Success
ENSMUSG00000020925,ENSMUST00000092569.13,appris_principal_1,2366,669,74,1623,1704,Success
ENSMUSG00000034520,ENSMUST00000107075.9,appris_principal_1,2314,1191,717,406,1130,Success
ENSMUSG00000051378,ENSMUST00000021311.10,appris_principal_1,3326,2505,150,671,828,Success
ENSMUSG00000020935,ENSMUST00000021313.9,appris_principal_1,1744,696,214,834,1055,Success
ENSMUSG00000020936,ENSMUST00000021314.8,appris_principal_1,4861,1491,226,3144,3377,Success
ENSMUSG00000056938,ENSMUST00000107040.10,appris_principal_1,1959,864,559,536,1102,Success
ENSMUSG00000048878,ENSMUST00000053063.7,appris_principal_1,3495,1071,691,1733,2431,Success
ENSMUSG00000020941,ENSMUST00000021324.3,appris_principal_1,4246,2829,154,1263,1424,Success
ENSMUSG00000034247,ENSMUST00000041272.10,appris_principal_1,5968,3225,136,2607,2750,Success
ENSMUSG00000020946,ENSMUST00000021329.14,appris_principal_1,3266,639,240,2387,2634,Success
ENSMUSG00000034187,ENSMUST00000103075.11,appris_principal_1,3766,2235,75,1456,1538,Success
ENSMUSG00000018411,ENSMUST00000100347.11,appris_principal_2,1362,1293,37,32,76,Success
ENSMUSG00000018412,ENSMUST00000106972.8,appris_principal_3,5427,3300,650,1477,2134,Success
ENSMUSG00000020687,ENSMUST00000106962.9,Ensembl_canonical,3160,2496,3,661,671,Short_or_Missing_UTRs
ENSMUSG00000020689,ENSMUST00000021028.5,appris_principal_1,5784,2364,89,3331,3427,Success
ENSMUSG00000020694,ENSMUST00000106941.9,appris_principal_1,3699,2253,527,919,1453,Success
ENSMUSG00000020695,ENSMUST00000100335.10,appris_principal_1,5795,4440,141,1214,1362,Success
ENSMUSG00000019590,ENSMUST00000019734.11,appris_principal_1,2741,753,315,1673,1995,Success
ENSMUSG00000049354,ENSMUST00000058438.9,appris_principal_1,5750,1029,252,4469,4728,Success
ENSMUSG00000001983,ENSMUST00000002048.8,appris_principal_1,1383,885,187,311,505,Success
ENSMUSG00000020700,ENSMUST00000002044.10,appris_principal_1,3450,1881,317,1252,1576,Success
ENSMUSG00000040699,ENSMUST00000045923.10,appris_principal_1,2950,387,145,2418,2570,Success
ENSMUSG00000069631,ENSMUST00000007444.14,appris_principal_1,2099,1296,115,688,810,Success
ENSMUSG00000078622,ENSMUST00000002043.10,appris_principal_1,5193,1452,213,3528,3748,Success
ENSMUSG00000020705,ENSMUST00000021046.6,appris_principal_1,4011,2790,248,973,1228,Success
ENSMUSG00000020715,ENSMUST00000001059.9,appris_principal_1,6946,2934,120,3892,4019,Success
ENSMUSG00000040548,ENSMUST00000042780.14,appris_principal_1,4934,3387,98,1449,1554,Success
ENSMUSG00000020719,ENSMUST00000021062.12,appris_principal_1,3559,1848,216,1495,1718,Success
ENSMUSG00000018372,ENSMUST00000018516.11,appris_principal_2,2696,2484,84,128,219,Success
ENSMUSG00000018363,ENSMUST00000092517.9,appris_principal_1,3125,2247,238,640,885,Success
ENSMUSG00000018362,ENSMUST00000018506.13,appris_principal_1,2054,1590,206,258,471,Success
ENSMUSG00000040430,ENSMUST00000103064.10,appris_principal_1,6329,807,761,4761,5529,Success
ENSMUSG00000020720,ENSMUST00000021063.13,appris_principal_1,1904,1371,93,440,540,Success
ENSMUSG00000050965,ENSMUST00000059595.11,appris_principal_1,8409,2019,261,6129,6397,Success
ENSMUSG00000020611,ENSMUST00000020930.14,appris_principal_1,6160,1134,143,4883,5033,Success
ENSMUSG00000041920,ENSMUST00000070872.13,appris_principal_1,2354,1572,364,418,789,Success
ENSMUSG00000020604,ENSMUST00000020928.13,appris_principal_1,3273,1578,863,832,1702,Success
ENSMUSG00000020612,ENSMUST00000106677.8,appris_principal_1,3513,1146,313,2054,2374,Success
ENSMUSG00000018800,ENSMUST00000043961.12,appris_principal_1,8231,4929,212,3090,3309,Success
ENSMUSG00000000567,ENSMUST00000000579.3,appris_principal_1,4135,1524,361,2250,2618,Success
ENSMUSG00000041654,ENSMUST00000042657.16,Ensembl_canonical,2781,1113,104,1564,1675,Success
ENSMUSG00000041629,ENSMUST00000120194.2,appris_principal_1,2619,558,70,1991,2068,Success
ENSMUSG00000041598,ENSMUST00000106616.2,appris_principal_1,3405,1050,691,1664,2362,Success
ENSMUSG00000051043,ENSMUST00000053361.12,Ensembl_canonical,3667,1326,77,2264,2348,Success
ENSMUSG00000020733,ENSMUST00000021077.4,appris_principal_1,1925,1068,185,672,864,Success
ENSMUSG00000045980,ENSMUST00000061450.7,Ensembl_canonical,4564,1491,180,2893,3080,Success
ENSMUSG00000034586,ENSMUST00000106542.9,Ensembl_canonical,3276,2367,147,762,916,Success
ENSMUSG00000050910,ENSMUST00000053288.6,appris_principal_1,3700,1398,407,1895,2309,Success
ENSMUSG00000016940,ENSMUST00000103035.10,appris_principal_1,1764,792,40,932,979,Success
ENSMUSG00000020737,ENSMUST00000021083.7,appris_principal_1,1375,465,112,798,917,Success
ENSMUSG00000020738,ENSMUST00000153892.2,appris_principal_1,1051,288,158,605,770,Success
ENSMUSG00000046756,ENSMUST00000058109.9,appris_principal_1,1962,729,236,997,1240,Success
ENSMUSG00000020743,ENSMUST00000106507.9,appris_principal_1,1656,669,519,468,994,Success
ENSMUSG00000059923,ENSMUST00000106497.8,appris_principal_1,2683,654,305,1724,2036,Success
ENSMUSG00000020747,ENSMUST00000093912.11,appris_principal_1,5329,4083,227,1019,1253,Success
ENSMUSG00000034471,ENSMUST00000041684.11,appris_principal_1,4929,3606,519,804,1330,Success
ENSMUSG00000020781,ENSMUST00000021134.10,appris_principal_1,1979,1578,40,361,408,Success
ENSMUSG00000020782,ENSMUST00000103032.11,appris_principal_1,3551,3084,160,307,474,Success
ENSMUSG00000020752,ENSMUST00000021097.10,appris_principal_1,3971,2949,559,463,1029,Success
ENSMUSG00000020755,ENSMUST00000140991.2,appris_principal_1,3654,927,394,2333,2734,Success
ENSMUSG00000020758,ENSMUST00000106460.9,appris_principal_3,5919,5421,186,312,505,Success
ENSMUSG00000020770,ENSMUST00000021116.12,appris_principal_2,3735,2433,66,1236,1309,Success
ENSMUSG00000034341,ENSMUST00000074628.13,appris_principal_1,1826,786,70,970,1047,Success
ENSMUSG00000020773,ENSMUST00000021120.6,Ensembl_canonical,2204,1929,26,249,282,Short_or_Missing_UTRs
ENSMUSG00000020777,ENSMUST00000072948.11,appris_principal_3,3743,1986,97,1660,1764,Success
ENSMUSG00000052949,ENSMUST00000100202.10,appris_principal_1,4619,2046,220,2353,2580,Success
ENSMUSG00000050628,ENSMUST00000057676.7,appris_principal_1,1482,495,215,772,994,Success
ENSMUSG00000020806,ENSMUST00000103029.10,appris_principal_1,3593,2484,255,854,1116,Success
ENSMUSG00000056962,ENSMUST00000047616.10,appris_principal_1,1668,1212,256,200,463,Success
ENSMUSG00000090266,ENSMUST00000106370.10,appris_principal_1,1276,762,329,185,521,Success
ENSMUSG00000034120,ENSMUST00000092404.13,appris_principal_1,1899,666,165,1068,1240,Success
ENSMUSG00000020823,ENSMUST00000021177.15,appris_principal_1,2866,2160,210,496,713,Success
ENSMUSG00000059248,ENSMUST00000100193.8,appris_principal_2,2924,1005,166,1753,1926,Success
ENSMUSG00000025571,ENSMUST00000026658.13,appris_principal_1,8724,5703,435,2586,3028,Success
ENSMUSG00000025572,ENSMUST00000026659.10,appris_principal_1,2865,2433,177,255,439,Success
ENSMUSG00000048277,ENSMUST00000026649.14,appris_principal_1,1520,675,37,808,852,Success
ENSMUSG00000017716,ENSMUST00000081387.11,appris_principal_1,947,423,100,424,531,Success
ENSMUSG00000053113,ENSMUST00000054002.4,appris_principal_1,2552,678,400,1474,1881,Success
ENSMUSG00000017132,ENSMUST00000017276.14,longest_cds,3135,1194,100,1841,1948,Success
ENSMUSG00000033909,ENSMUST00000106296.9,appris_principal_1,5655,3297,441,1917,2365,Success
ENSMUSG00000017466,ENSMUST00000017610.11,appris_principal_1,3717,663,416,2638,3061,Success
ENSMUSG00000025575,ENSMUST00000106288.8,appris_principal_1,2873,1212,226,1435,1668,Success
ENSMUSG00000017446,ENSMUST00000017590.9,appris_principal_1,2532,846,74,1612,1693,Success
ENSMUSG00000033857,ENSMUST00000135383.9,appris_principal_1,4064,2205,157,1702,1866,Success
ENSMUSG00000025577,ENSMUST00000026662.8,appris_principal_1,3807,1560,147,2100,2254,Success
ENSMUSG00000025578,ENSMUST00000026663.8,appris_principal_1,3580,1089,119,2372,2498,Success
ENSMUSG00000039989,ENSMUST00000026665.8,appris_principal_1,5179,1656,204,3319,3530,Success
ENSMUSG00000039976,ENSMUST00000036113.4,Ensembl_canonical,6986,2301,162,4523,4692,Success
ENSMUSG00000005043,ENSMUST00000005173.11,appris_principal_1,4357,1509,52,2796,2855,Success
ENSMUSG00000025582,ENSMUST00000026670.5,appris_principal_1,5217,1299,164,3754,3925,Success
ENSMUSG00000025583,ENSMUST00000026671.13,appris_principal_1,6594,4008,661,1925,2593,Success
ENSMUSG00000025371,ENSMUST00000026434.13,appris_principal_1,1557,603,65,889,961,Success
ENSMUSG00000025372,ENSMUST00000106233.2,appris_principal_3,2442,1566,432,444,883,Success
ENSMUSG00000039741,ENSMUST00000122148.8,appris_principal_1,10712,7932,381,2399,2787,Success
ENSMUSG00000062825,ENSMUST00000071555.13,appris_principal_1,1952,1128,124,700,831,Success
ENSMUSG00000025384,ENSMUST00000026448.10,appris_principal_1,3193,2640,58,495,560,Success
ENSMUSG00000039703,ENSMUST00000044271.15,appris_principal_1,4121,1827,195,2099,2301,Success
ENSMUSG00000025793,ENSMUST00000106203.9,Ensembl_canonical,2903,2331,92,480,579,Success
ENSMUSG00000025792,ENSMUST00000026899.4,appris_principal_1,2023,864,147,1012,1166,Success
ENSMUSG00000025130,ENSMUST00000026122.11,appris_principal_1,2861,1530,446,885,1338,Success
ENSMUSG00000025132,ENSMUST00000106197.10,appris_principal_1,1867,615,125,1127,1259,Success
ENSMUSG00000025138,ENSMUST00000080202.12,appris_principal_1,1727,1209,42,476,525,Success
ENSMUSG00000051510,ENSMUST00000058162.14,appris_principal_1,4923,489,267,4167,4441,Success
ENSMUSG00000025156,ENSMUST00000116305.8,appris_principal_3,1827,1464,5,358,370,Short_or_Missing_UTRs
ENSMUSG00000025155,ENSMUST00000167023.8,appris_principal_1,1909,1428,263,218,488,Success
ENSMUSG00000025153,ENSMUST00000055655.9,appris_principal_3,10050,7515,527,2008,2542,Success
ENSMUSG00000025161,ENSMUST00000070653.13,appris_principal_1,2272,1413,216,643,866,Success
ENSMUSG00000025162,ENSMUST00000018274.10,appris_principal_3,3675,1248,320,2107,2434,Success
ENSMUSG00000025169,ENSMUST00000026169.7,appris_principal_1,1308,948,149,211,367,Success
ENSMUSG00000000056,ENSMUST00000103015.4,appris_principal_1,4395,1389,72,2934,3013,Success
ENSMUSG00000039275,ENSMUST00000106113.2,appris_principal_1,5029,1956,141,2932,3080,Success
ENSMUSG00000025173,ENSMUST00000026173.13,appris_principal_1,2321,1035,152,1134,1293,Success
ENSMUSG00000039208,ENSMUST00000106089.8,appris_principal_2,1101,690,181,230,418,Success
ENSMUSG00000020671,ENSMUST00000021001.10,appris_principal_1,3513,603,551,2359,2917,Success
ENSMUSG00000020668,ENSMUST00000220210.2,appris_principal_1,4144,2391,574,1179,1760,Success
ENSMUSG00000071454,ENSMUST00000174663.8,appris_principal_1,2381,1881,179,321,507,Success
ENSMUSG00000020661,ENSMUST00000020991.15,appris_principal_3,9685,2727,262,6696,6965,Success
ENSMUSG00000020658,ENSMUST00000111178.2,appris_principal_1,6547,2454,205,3888,4100,Success
ENSMUSG00000020654,ENSMUST00000127756.8,Ensembl_canonical,4672,3438,497,737,1241,Success
ENSMUSG00000020652,ENSMUST00000140975.8,appris_principal_1,4348,897,624,2827,3458,Success
ENSMUSG00000020647,ENSMUST00000085814.5,appris_principal_1,7329,4218,712,2399,3118,Success
ENSMUSG00000020640,ENSMUST00000220311.2,Ensembl_canonical,6080,5058,257,765,1029,Success
ENSMUSG00000020635,ENSMUST00000020964.7,appris_principal_1,976,327,156,493,656,Success
ENSMUSG00000020634,ENSMUST00000020962.12,appris_principal_1,2696,777,369,1550,1926,Success
ENSMUSG00000052812,ENSMUST00000045664.7,appris_principal_1,8035,4383,305,3347,3659,Success
ENSMUSG00000037669,ENSMUST00000037383.13,appris_principal_1,2737,981,88,1668,1763,Success
ENSMUSG00000020605,ENSMUST00000020927.10,appris_principal_1,2959,1188,34,1737,1778,Success
ENSMUSG00000054364,ENSMUST00000067384.6,appris_principal_1,2349,591,377,1381,1765,Success
ENSMUSG00000020594,ENSMUST00000111123.9,appris_principal_3,4984,3195,55,1734,1796,Success
ENSMUSG00000020592,ENSMUST00000020911.14,appris_principal_1,3157,936,313,1908,2228,Success
ENSMUSG00000020585,ENSMUST00000020909.5,appris_principal_1,1839,702,586,551,1144,Success
ENSMUSG00000066643,ENSMUST00000111113.3,appris_principal_3,4312,3513,109,690,806,Success
ENSMUSG00000066637,ENSMUST00000085741.2,appris_principal_1,1000,447,60,493,560,Success
ENSMUSG00000048387,ENSMUST00000057021.9,appris_principal_1,2012,801,336,875,1218,Success
ENSMUSG00000020621,ENSMUST00000020947.7,appris_principal_1,1480,1005,68,407,482,Success
ENSMUSG00000051235,ENSMUST00000166117.4,appris_principal_1,5268,2727,206,2335,2548,Success
ENSMUSG00000020608,ENSMUST00000020931.6,appris_principal_1,5603,3294,408,1901,2316,Success
ENSMUSG00000037149,ENSMUST00000071103.10,appris_principal_1,4842,2223,94,2525,2626,Success
ENSMUSG00000020601,ENSMUST00000020922.8,appris_principal_1,4198,1032,1285,1881,3173,Success
ENSMUSG00000020593,ENSMUST00000067124.6,appris_principal_3,5581,2775,62,2744,2813,Success
ENSMUSG00000057469,ENSMUST00000020908.9,appris_principal_1,2418,819,231,1368,1606,Success
ENSMUSG00000020580,ENSMUST00000020904.8,appris_principal_1,7644,4167,295,3182,3484,Success
ENSMUSG00000020571,ENSMUST00000057288.8,appris_principal_1,2175,1338,73,764,844,Success
ENSMUSG00000011179,ENSMUST00000171737.3,appris_principal_1,2208,1386,489,333,829,Success
ENSMUSG00000052632,ENSMUST00000064595.15,Ensembl_canonical,5678,3003,296,2379,2682,Success
ENSMUSG00000062352,ENSMUST00000232072.2,appris_principal_1,954,603,173,178,358,Success
ENSMUSG00000052593,ENSMUST00000064536.13,appris_principal_1,4443,2484,200,1759,1966,Success
ENSMUSG00000076432,ENSMUST00000135088.9,appris_principal_1,2197,738,174,1285,1466,Success
ENSMUSG00000020653,ENSMUST00000020982.7,appris_principal_1,4086,1509,251,2326,2584,Success
ENSMUSG00000020649,ENSMUST00000020980.12,appris_principal_1,2193,1173,106,914,1027,Success
ENSMUSG00000020646,ENSMUST00000110942.11,appris_principal_1,2351,1560,77,714,798,Success
ENSMUSG00000036333,ENSMUST00000222941.2,appris_principal_1,6277,5292,103,882,992,Success
ENSMUSG00000020644,ENSMUST00000221761.2,appris_principal_1,1969,405,779,785,1571,Success
ENSMUSG00000020642,ENSMUST00000020971.14,appris_principal_1,5164,879,421,3864,4292,Success
ENSMUSG00000020629,ENSMUST00000020957.13,appris_principal_1,1652,540,22,1090,1119,Short_or_Missing_UTRs
ENSMUSG00000020674,ENSMUST00000122328.8,appris_principal_1,6614,4428,98,2088,2193,Success
ENSMUSG00000043061,ENSMUST00000057151.10,appris_principal_1,2971,423,80,2468,2555,Success
ENSMUSG00000002900,ENSMUST00000169088.8,appris_principal_1,5557,5361,196,0,0,Short_or_Missing_UTRs
ENSMUSG00000020664,ENSMUST00000110857.5,appris_principal_1,2544,1530,114,900,1021,Success
ENSMUSG00000020659,ENSMUST00000101499.10,Ensembl_canonical,3900,1476,81,2343,2431,Success
ENSMUSG00000035933,ENSMUST00000036862.5,appris_principal_1,2997,2490,21,486,514,Short_or_Missing_UTRs
ENSMUSG00000002997,ENSMUST00000003079.12,appris_principal_1,1657,1251,153,253,413,Success
ENSMUSG00000090946,ENSMUST00000172332.4,appris_principal_1,4240,657,280,3303,3590,Success
ENSMUSG00000020572,ENSMUST00000020886.9,appris_principal_1,4527,1476,235,2816,3058,Success
ENSMUSG00000020570,ENSMUST00000020885.13,appris_principal_1,2019,732,107,1180,1294,Success
ENSMUSG00000020564,ENSMUST00000146040.9,appris_principal_2,2973,2784,65,124,196,Success
ENSMUSG00000020561,ENSMUST00000020877.9,appris_principal_1,4325,993,20,3312,3339,Short_or_Missing_UTRs
ENSMUSG00000035799,ENSMUST00000049089.7,appris_principal_1,1628,621,307,700,1014,Success
ENSMUSG00000020590,ENSMUST00000048519.17,appris_principal_1,6231,2874,214,3143,3364,Success
ENSMUSG00000019256,ENSMUST00000116436.9,appris_principal_1,5548,2418,415,2715,3137,Success
ENSMUSG00000020547,ENSMUST00000020856.6,appris_principal_1,1871,1260,165,446,618,Success
ENSMUSG00000004151,ENSMUST00000095767.11,appris_principal_1,6576,1434,427,4715,5149,Success
ENSMUSG00000047446,ENSMUST00000146905.2,appris_principal_1,3710,603,254,2853,3114,Success
ENSMUSG00000001627,ENSMUST00000001672.12,appris_principal_1,3378,1350,233,1795,2035,Success
ENSMUSG00000035954,ENSMUST00000037488.8,appris_principal_2,8552,5937,406,2209,2622,Success
ENSMUSG00000056899,ENSMUST00000132121.8,appris_principal_1,1147,528,131,488,626,Success
ENSMUSG00000014905,ENSMUST00000015049.5,appris_principal_1,2461,669,397,1395,1799,Success
ENSMUSG00000046314,ENSMUST00000053768.14,appris_principal_1,4553,633,550,3370,3927,Success
ENSMUSG00000002688,ENSMUST00000002765.9,appris_principal_1,3653,2757,125,771,903,Success
ENSMUSG00000035293,ENSMUST00000054308.13,appris_principal_2,6803,2151,388,4264,4659,Success
ENSMUSG00000020953,ENSMUST00000164782.10,appris_principal_1,2681,1659,283,739,1029,Success
ENSMUSG00000020954,ENSMUST00000013130.15,Ensembl_canonical,3046,2391,184,471,662,Success
ENSMUSG00000020955,ENSMUST00000021338.10,appris_principal_1,1035,435,349,251,607,Success
ENSMUSG00000035247,ENSMUST00000042052.9,appris_principal_1,8988,7833,356,799,1162,Success
ENSMUSG00000035181,ENSMUST00000040583.7,appris_principal_1,7763,6117,205,1441,1653,Success
ENSMUSG00000035142,ENSMUST00000040090.16,appris_principal_1,2987,960,47,1980,2034,Success
ENSMUSG00000035133,ENSMUST00000219443.2,appris_principal_1,9323,4512,174,4637,4818,Success
ENSMUSG00000035105,ENSMUST00000039516.4,appris_principal_1,2662,720,299,1643,1949,Success
ENSMUSG00000044408,ENSMUST00000056228.8,appris_principal_1,1346,216,90,1040,1137,Success
ENSMUSG00000005656,ENSMUST00000005798.9,appris_principal_1,1928,1221,50,657,714,Success
ENSMUSG00000062929,ENSMUST00000078124.8,appris_principal_1,2940,501,131,2308,2446,Success
ENSMUSG00000035021,ENSMUST00000173433.8,appris_principal_1,5788,4659,375,754,1136,Success
ENSMUSG00000021022,ENSMUST00000021410.10,appris_principal_1,4216,1362,228,2626,2861,Success
ENSMUSG00000021024,ENSMUST00000021412.9,appris_principal_1,1042,741,141,160,308,Success
ENSMUSG00000021025,ENSMUST00000021413.9,appris_principal_1,1578,945,121,512,640,Success
ENSMUSG00000021027,ENSMUST00000220367.2,appris_principal_1,7473,6249,0,1224,0,Short_or_Missing_UTRs
ENSMUSG00000012076,ENSMUST00000059250.8,appris_principal_1,2609,972,180,1457,1644,Success
ENSMUSG00000021028,ENSMUST00000021416.9,appris_principal_1,1512,1026,94,392,493,Success
ENSMUSG00000047022,ENSMUST00000123498.8,appris_principal_2,2117,1203,239,675,921,Success
ENSMUSG00000020986,ENSMUST00000021375.12,appris_principal_1,4109,2298,197,1614,1818,Success
ENSMUSG00000060121,ENSMUST00000021379.8,appris_principal_1,1588,810,84,694,785,Success
ENSMUSG00000020993,ENSMUST00000021380.10,appris_principal_1,1255,477,225,553,785,Success
ENSMUSG00000020994,ENSMUST00000021381.6,appris_principal_1,3485,2181,119,1185,1311,Success
ENSMUSG00000035329,ENSMUST00000043204.8,appris_principal_1,3688,1689,246,1753,2006,Success
ENSMUSG00000020948,ENSMUST00000222508.2,appris_principal_1,6459,1716,126,4617,4750,Success
ENSMUSG00000035597,ENSMUST00000120580.8,appris_principal_1,4069,1998,165,1906,2078,Success
ENSMUSG00000020949,ENSMUST00000021332.10,appris_principal_1,1022,675,85,262,354,Success
ENSMUSG00000043998,ENSMUST00000060579.10,appris_principal_1,2614,1329,497,788,1292,Success
ENSMUSG00000020973,ENSMUST00000021356.6,appris_principal_1,3390,2445,144,801,952,Success
ENSMUSG00000020978,ENSMUST00000021362.5,appris_principal_1,1905,1221,273,411,691,Success
ENSMUSG00000020982,ENSMUST00000021368.10,appris_principal_1,4732,3195,56,1481,1544,Success
ENSMUSG00000044147,ENSMUST00000050063.9,appris_principal_1,1534,528,544,462,1013,Success
ENSMUSG00000034801,ENSMUST00000183277.8,Ensembl_canonical,4512,4002,240,270,517,Success
ENSMUSG00000020988,ENSMUST00000021370.10,appris_principal_1,3340,1395,77,1868,1952,Success
ENSMUSG00000034761,ENSMUST00000110570.8,appris_principal_1,4498,2544,440,1514,1961,Success
ENSMUSG00000021066,ENSMUST00000021466.10,appris_principal_1,5150,1677,394,3079,3480,Success
ENSMUSG00000021067,ENSMUST00000021467.8,appris_principal_1,2524,1161,235,1128,1370,Success
ENSMUSG00000021068,ENSMUST00000220689.2,appris_principal_2,4723,3819,215,689,911,Success
ENSMUSG00000021072,ENSMUST00000021471.13,appris_principal_1,2795,837,74,1884,1965,Success
ENSMUSG00000048285,ENSMUST00000057859.9,appris_principal_1,4662,1869,227,2566,2800,Success
ENSMUSG00000021076,ENSMUST00000021479.6,appris_principal_1,4022,1254,98,2670,2775,Success
ENSMUSG00000060073,ENSMUST00000160027.8,appris_principal_1,2846,768,126,1952,2085,Success
ENSMUSG00000048118,ENSMUST00000046305.12,appris_principal_1,4998,3786,224,988,1219,Success
ENSMUSG00000021079,ENSMUST00000021486.10,appris_principal_1,794,270,145,379,531,Success
ENSMUSG00000034574,ENSMUST00000223272.2,appris_principal_3,5835,3234,156,2445,2608,Success
ENSMUSG00000019718,ENSMUST00000019862.3,appris_principal_1,1831,1065,283,483,773,Success
ENSMUSG00000021087,ENSMUST00000021497.16,appris_principal_1,1544,627,135,782,924,Success
ENSMUSG00000021096,ENSMUST00000021514.10,appris_principal_1,7668,1149,441,6078,6526,Success
ENSMUSG00000051367,ENSMUST00000050029.8,appris_principal_1,3316,855,753,1708,2468,Success
ENSMUSG00000034460,ENSMUST00000043208.8,appris_principal_1,6402,2328,241,3833,4081,Success
ENSMUSG00000021103,ENSMUST00000021523.7,appris_principal_1,2505,930,121,1454,1582,Success
ENSMUSG00000034442,ENSMUST00000116420.4,appris_principal_1,2066,1506,21,539,567,Short_or_Missing_UTRs
ENSMUSG00000021109,ENSMUST00000021530.8,appris_principal_2,4724,2511,386,1827,2220,Success
ENSMUSG00000021113,ENSMUST00000021532.6,appris_principal_1,6275,1170,36,5069,5112,Success
ENSMUSG00000021051,ENSMUST00000021447.9,appris_principal_1,4810,1404,573,2833,3413,Success
ENSMUSG00000021054,ENSMUST00000021450.6,appris_principal_1,3323,1293,166,1864,2037,Success
ENSMUSG00000056459,ENSMUST00000176102.8,appris_principal_1,2707,1320,42,1345,1394,Success
ENSMUSG00000033454,ENSMUST00000042779.4,appris_principal_1,12190,2142,481,9567,10055,Success
ENSMUSG00000059970,ENSMUST00000080449.7,appris_principal_1,2524,1902,119,503,629,Success
ENSMUSG00000052609,ENSMUST00000075249.6,appris_principal_2,5138,4026,478,634,1119,Success
ENSMUSG00000090258,ENSMUST00000041262.14,appris_principal_1,676,339,62,275,344,Success
ENSMUSG00000059436,ENSMUST00000110395.11,Ensembl_canonical,1942,483,160,1299,1466,Success
ENSMUSG00000021065,ENSMUST00000177595.9,appris_principal_1,2980,1728,583,669,1259,Success
ENSMUSG00000047454,ENSMUST00000110388.10,appris_principal_1,3300,2319,125,856,988,Success
ENSMUSG00000021112,ENSMUST00000082024.7,appris_principal_1,5470,2028,362,3080,3449,Success
ENSMUSG00000021114,ENSMUST00000021536.9,appris_principal_1,3667,744,179,2744,2930,Success
ENSMUSG00000021116,ENSMUST00000071230.8,appris_principal_1,3405,948,363,2094,2464,Success
ENSMUSG00000060716,ENSMUST00000039928.7,appris_principal_1,6439,4071,306,2062,2375,Success
ENSMUSG00000021120,ENSMUST00000072154.9,appris_principal_1,2339,567,32,1740,1779,Success
ENSMUSG00000021125,ENSMUST00000021550.7,appris_principal_1,1428,1065,93,270,370,Success
ENSMUSG00000021124,ENSMUST00000055262.13,appris_principal_1,1490,699,333,458,798,Success
ENSMUSG00000066441,ENSMUST00000161204.8,appris_principal_2,3262,951,503,1808,2318,Success
ENSMUSG00000066440,ENSMUST00000021547.8,appris_principal_1,9391,7590,181,1620,1808,Success
ENSMUSG00000021127,ENSMUST00000021552.3,appris_principal_1,2990,1017,138,1835,1980,Success
ENSMUSG00000015143,ENSMUST00000021554.16,appris_principal_1,3734,2679,280,775,1062,Success
ENSMUSG00000049106,ENSMUST00000054145.8,appris_principal_1,5706,2841,203,2662,2872,Success
ENSMUSG00000032705,ENSMUST00000038185.10,appris_principal_1,3310,1953,232,1125,1364,Success
ENSMUSG00000048833,ENSMUST00000085245.7,appris_principal_1,5201,927,642,3632,4281,Success
ENSMUSG00000021133,ENSMUST00000220238.2,appris_principal_1,2127,972,403,752,1162,Success
ENSMUSG00000021134,ENSMUST00000110351.8,Ensembl_canonical,1498,813,160,525,692,Success
ENSMUSG00000021136,ENSMUST00000110347.9,Ensembl_canonical,3496,1392,255,1849,2111,Success
ENSMUSG00000090935,ENSMUST00000163402.8,appris_principal_1,4655,438,132,4085,4224,Success
ENSMUSG00000002679,ENSMUST00000161211.8,appris_principal_1,1059,741,45,273,325,Success
ENSMUSG00000042734,ENSMUST00000218362.2,appris_principal_1,4754,660,156,3938,4101,Success
ENSMUSG00000042700,ENSMUST00000166429.9,appris_principal_1,8215,5349,1124,1742,2873,Success
ENSMUSG00000042628,ENSMUST00000221919.2,appris_principal_1,4420,2334,761,1325,2093,Success
ENSMUSG00000010608,ENSMUST00000048155.16,appris_principal_1,4226,2517,181,1528,1716,Success
ENSMUSG00000019969,ENSMUST00000041806.13,appris_principal_1,2690,1404,262,1024,1293,Success
ENSMUSG00000042523,ENSMUST00000123491.8,appris_principal_1,5727,573,31,5123,5161,Success
ENSMUSG00000042507,ENSMUST00000046266.13,appris_principal_1,6848,3270,352,3226,3585,Success
ENSMUSG00000072946,ENSMUST00000123614.8,appris_principal_1,3168,1056,293,1819,2119,Success
ENSMUSG00000021234,ENSMUST00000065536.9,appris_principal_1,3000,1770,88,1142,1237,Success
ENSMUSG00000021236,ENSMUST00000021662.12,appris_principal_1,4931,1284,210,3437,3654,Success
ENSMUSG00000021238,ENSMUST00000085192.7,appris_principal_1,3399,1608,64,1727,1798,Success
ENSMUSG00000021242,ENSMUST00000021668.10,appris_principal_1,3299,450,285,2564,2856,Success
ENSMUSG00000042350,ENSMUST00000043169.14,appris_principal_1,5446,2472,646,2328,2981,Success
ENSMUSG00000021244,ENSMUST00000168977.8,appris_principal_2,4893,4302,169,422,598,Success
ENSMUSG00000004789,ENSMUST00000053811.10,appris_principal_1,2764,1365,64,1335,1406,Success
ENSMUSG00000019235,ENSMUST00000221972.2,appris_principal_1,2881,1635,122,1124,1253,Success
ENSMUSG00000004788,ENSMUST00000004910.12,appris_principal_1,1605,1056,81,468,556,Success
ENSMUSG00000021245,ENSMUST00000019378.8,appris_principal_2,5463,4236,125,1102,1234,Success
ENSMUSG00000008822,ENSMUST00000008966.13,appris_principal_1,648,300,134,214,355,Success
ENSMUSG00000034290,ENSMUST00000040992.8,appris_principal_1,5386,2955,141,2290,2438,Success
ENSMUSG00000021248,ENSMUST00000040766.9,appris_principal_1,1482,660,182,640,829,Success
ENSMUSG00000021250,ENSMUST00000021674.7,appris_principal_1,2108,1143,150,815,972,Success
ENSMUSG00000034271,ENSMUST00000177587.9,appris_principal_1,1645,492,233,920,1160,Success
ENSMUSG00000021252,ENSMUST00000021676.12,appris_principal_1,1169,423,80,666,753,Success
ENSMUSG00000021253,ENSMUST00000003687.8,appris_principal_1,3383,1239,1109,1035,2151,Success
ENSMUSG00000021257,ENSMUST00000021682.9,appris_principal_1,3850,2004,67,1779,1853,Success
ENSMUSG00000034168,ENSMUST00000038422.8,appris_principal_1,4098,2328,901,869,1777,Success
ENSMUSG00000034157,ENSMUST00000187814.7,Ensembl_canonical,4098,1299,104,2695,2806,Success
ENSMUSG00000034126,ENSMUST00000037788.6,appris_principal_1,5064,2463,274,2327,2608,Success
ENSMUSG00000021033,ENSMUST00000063117.10,Ensembl_canonical,1656,651,112,893,1012,Success
ENSMUSG00000034111,ENSMUST00000037418.7,appris_principal_1,7409,981,251,6177,6435,Success
ENSMUSG00000021038,ENSMUST00000072744.15,appris_principal_1,2524,1476,105,943,1055,Success
ENSMUSG00000021037,ENSMUST00000021425.8,appris_principal_1,1377,1017,144,216,367,Success
ENSMUSG00000021036,ENSMUST00000021424.5,appris_principal_1,6710,1683,184,4843,5034,Success
ENSMUSG00000021044,ENSMUST00000101165.9,appris_principal_1,2158,1578,53,527,587,Success
ENSMUSG00000061533,ENSMUST00000141429.8,appris_principal_1,4807,3309,467,1031,1505,Success
ENSMUSG00000020962,ENSMUST00000021345.14,appris_principal_1,6064,1137,445,4482,4934,Success
ENSMUSG00000020961,ENSMUST00000052969.15,appris_principal_1,9896,2688,495,6713,7215,Success
ENSMUSG00000020964,ENSMUST00000021347.12,appris_principal_1,6300,2373,126,3801,3934,Success
ENSMUSG00000021007,ENSMUST00000048402.12,appris_principal_1,2052,1749,159,144,310,Success
ENSMUSG00000021009,ENSMUST00000170188.8,appris_principal_1,5562,3531,222,1809,2038,Success
ENSMUSG00000033713,ENSMUST00000046859.12,appris_principal_1,7705,1374,142,6189,6338,Success
ENSMUSG00000021176,ENSMUST00000046485.5,appris_principal_1,2068,489,86,1493,1586,Success
ENSMUSG00000021177,ENSMUST00000153627.8,appris_principal_1,2036,1830,23,183,213,Short_or_Missing_UTRs
ENSMUSG00000021178,ENSMUST00000021595.10,appris_principal_1,1591,1323,55,213,275,Success
ENSMUSG00000001175,ENSMUST00000110082.11,appris_principal_1,4115,450,279,3386,3672,Success
ENSMUSG00000021180,ENSMUST00000222731.2,appris_principal_1,5642,2397,240,3005,3252,Success
ENSMUSG00000041846,ENSMUST00000048305.10,appris_principal_1,4516,2463,793,1260,2060,Success
ENSMUSG00000021186,ENSMUST00000021603.9,appris_principal_1,5829,1347,305,4177,4489,Success
ENSMUSG00000021188,ENSMUST00000021605.14,appris_principal_1,9873,5931,439,3503,3949,Success
ENSMUSG00000021189,ENSMUST00000021606.12,appris_principal_1,5363,1068,89,4206,4302,Success
ENSMUSG00000021190,ENSMUST00000110020.8,appris_principal_1,1835,1308,41,486,534,Success
ENSMUSG00000021192,ENSMUST00000179218.9,appris_principal_1,2827,2190,259,378,644,Success
ENSMUSG00000057963,ENSMUST00000046518.12,appris_principal_1,2918,1260,114,1544,1665,Success
ENSMUSG00000046675,ENSMUST00000057416.8,appris_principal_1,3367,492,325,2550,2882,Success
ENSMUSG00000041712,ENSMUST00000046404.8,appris_principal_1,3261,1278,62,1921,1990,Success
ENSMUSG00000041702,ENSMUST00000223554.2,appris_principal_1,8157,3393,450,4314,4771,Success
ENSMUSG00000021203,ENSMUST00000021620.13,appris_principal_1,2791,705,173,1913,2093,Success
ENSMUSG00000064215,ENSMUST00000066701.13,appris_principal_2,889,648,173,68,248,Success
ENSMUSG00000041415,ENSMUST00000041987.8,appris_principal_3,9851,5751,249,3851,4107,Success
ENSMUSG00000044715,ENSMUST00000051934.7,appris_principal_1,2720,435,61,2224,2292,Success
ENSMUSG00000021111,ENSMUST00000109901.9,appris_principal_1,4380,2220,213,1947,2167,Success
ENSMUSG00000021115,ENSMUST00000072040.7,appris_principal_1,1509,1191,136,182,325,Success
ENSMUSG00000048251,ENSMUST00000109891.3,appris_principal_2,2888,2439,271,178,456,Success
ENSMUSG00000056770,ENSMUST00000071095.14,appris_principal_1,2755,1785,169,801,977,Success
ENSMUSG00000021258,ENSMUST00000221167.2,appris_principal_1,2789,1749,384,656,1047,Success
ENSMUSG00000058070,ENSMUST00000109860.8,appris_principal_1,4160,2445,379,1336,1722,Success
ENSMUSG00000021262,ENSMUST00000109854.9,appris_principal_1,1870,1200,223,447,677,Success
ENSMUSG00000021264,ENSMUST00000021692.9,appris_principal_1,6178,1245,440,4493,4940,Success
ENSMUSG00000021266,ENSMUST00000161410.8,appris_principal_1,2764,1428,101,1235,1343,Success
ENSMUSG00000021270,ENSMUST00000094361.11,appris_principal_1,3281,2202,144,935,1086,Success
ENSMUSG00000037957,ENSMUST00000095410.8,appris_principal_1,2384,1710,37,637,681,Success
ENSMUSG00000056458,ENSMUST00000070565.15,appris_principal_1,1693,1263,187,243,437,Success
ENSMUSG00000021276,ENSMUST00000043716.9,appris_principal_1,2029,639,73,1317,1397,Success
ENSMUSG00000021275,ENSMUST00000165978.3,appris_principal_1,7778,4272,132,3374,3513,Success
ENSMUSG00000037904,ENSMUST00000128353.8,appris_principal_2,2577,981,430,1166,1603,Success
ENSMUSG00000037896,ENSMUST00000084968.14,appris_principal_1,5684,1443,255,3986,4248,Success
ENSMUSG00000021277,ENSMUST00000021706.11,appris_principal_1,7060,1704,268,5088,5363,Success
ENSMUSG00000021279,ENSMUST00000041965.5,appris_principal_1,6714,5142,447,1125,1579,Success
ENSMUSG00000021281,ENSMUST00000102745.10,appris_principal_1,3762,2076,230,1456,1693,Success
ENSMUSG00000021282,ENSMUST00000166123.9,appris_principal_1,4050,1290,626,2134,2767,Success
ENSMUSG00000007411,ENSMUST00000221753.2,Ensembl_canonical,2394,2394,0,0,0,Short_or_Missing_UTRs
ENSMUSG00000001270,ENSMUST00000001304.9,appris_principal_1,1472,1146,124,202,333,Success
ENSMUSG00000060950,ENSMUST00000084947.10,appris_principal_1,2433,873,527,1033,1567,Success
ENSMUSG00000049792,ENSMUST00000054636.7,appris_principal_1,2139,1344,239,556,802,Success
ENSMUSG00000021286,ENSMUST00000021714.9,appris_principal_1,1308,705,70,533,610,Success
ENSMUSG00000021285,ENSMUST00000054815.15,appris_principal_1,4389,3264,240,885,1132,Success
ENSMUSG00000037679,ENSMUST00000101029.4,appris_principal_1,4001,3816,121,64,192,Success
ENSMUSG00000064326,ENSMUST00000021728.12,appris_principal_1,924,528,288,108,403,Success
ENSMUSG00000001729,ENSMUST00000001780.10,appris_principal_1,2690,1443,370,877,1254,Success
ENSMUSG00000072825,ENSMUST00000101018.11,appris_principal_1,6641,4725,236,1680,1923,Success
ENSMUSG00000047832,ENSMUST00000062092.7,appris_principal_1,2425,714,547,1164,1718,Success
ENSMUSG00000002799,ENSMUST00000075827.5,appris_principal_1,5106,3744,292,1070,1369,Success
ENSMUSG00000002804,ENSMUST00000221397.2,appris_principal_1,1241,669,53,519,579,Success
ENSMUSG00000021143,ENSMUST00000223502.2,Ensembl_canonical,3223,2685,56,482,545,Success
ENSMUSG00000021144,ENSMUST00000109726.8,appris_principal_1,2775,2097,140,538,685,Success
ENSMUSG00000006356,ENSMUST00000084882.9,appris_principal_1,1439,627,336,476,819,Success
ENSMUSG00000049036,ENSMUST00000058491.8,appris_principal_1,1574,957,214,403,624,Success
ENSMUSG00000021171,ENSMUST00000100986.4,appris_principal_1,5560,2538,147,2875,3029,Success
ENSMUSG00000042029,ENSMUST00000084828.5,appris_principal_1,4684,3417,271,996,1274,Success
ENSMUSG00000041992,ENSMUST00000109691.4,appris_principal_1,6746,2445,645,3656,4308,Success
ENSMUSG00000021175,ENSMUST00000021592.16,appris_principal_1,2957,1317,419,1221,1647,Success
ENSMUSG00000025323,ENSMUST00000222314.2,Ensembl_canonical,2677,2349,135,193,335,Success
ENSMUSG00000025321,ENSMUST00000026360.9,appris_principal_1,8403,2304,1004,5095,6106,Success
ENSMUSG00000021218,ENSMUST00000223396.2,appris_principal_1,4303,1338,236,2729,2972,Success
ENSMUSG00000033781,ENSMUST00000042288.8,appris_principal_1,4453,837,101,3515,3623,Success
ENSMUSG00000021215,ENSMUST00000099946.6,appris_principal_1,3871,1626,193,2052,2252,Success
ENSMUSG00000021213,ENSMUST00000021634.4,appris_principal_1,1262,972,77,213,297,Success
ENSMUSG00000000078,ENSMUST00000000080.8,appris_principal_1,4225,957,157,3111,3275,Success
ENSMUSG00000021196,ENSMUST00000138703.8,appris_principal_1,4145,2355,98,1692,1797,Success
ENSMUSG00000021147,ENSMUST00000054251.13,appris_principal_1,4626,1491,288,2847,3142,Success
ENSMUSG00000058258,ENSMUST00000240539.1,appris_principal_1,2590,684,145,1761,1913,Success
ENSMUSG00000021149,ENSMUST00000222098.2,appris_principal_1,8783,1905,87,6791,6885,Success
ENSMUSG00000033499,ENSMUST00000188211.8,appris_principal_1,5610,2226,338,3046,3391,Success
ENSMUSG00000048264,ENSMUST00000174552.8,appris_principal_1,8023,4671,454,2898,3359,Success
ENSMUSG00000021156,ENSMUST00000110636.9,appris_principal_1,4117,1809,279,2029,2315,Success
ENSMUSG00000021311,ENSMUST00000099856.6,appris_principal_1,8294,3762,239,4293,4539,Success
ENSMUSG00000050244,ENSMUST00000059270.10,appris_principal_1,6780,6432,132,216,355,Success
ENSMUSG00000057554,ENSMUST00000124888.8,appris_principal_1,2843,951,462,1430,1899,Success
ENSMUSG00000021306,ENSMUST00000021738.10,appris_principal_1,2971,1158,121,1692,1820,Success
ENSMUSG00000039242,ENSMUST00000099747.5,appris_principal_1,3892,1515,336,2041,2384,Success
ENSMUSG00000021302,ENSMUST00000170957.3,appris_principal_1,4244,903,306,3035,3348,Success
ENSMUSG00000039219,ENSMUST00000110534.8,appris_principal_1,5864,3945,290,1629,1926,Success
ENSMUSG00000021318,ENSMUST00000110510.4,appris_principal_1,8170,4752,173,3245,3425,Success
ENSMUSG00000012429,ENSMUST00000049744.4,appris_principal_1,2672,537,72,2063,2142,Success
ENSMUSG00000008859,ENSMUST00000009003.9,appris_principal_1,2688,621,259,1808,2074,Success
ENSMUSG00000021314,ENSMUST00000200466.5,appris_principal_2,3224,2073,82,1069,1158,Success
ENSMUSG00000002808,ENSMUST00000002885.8,appris_principal_1,2363,675,242,1446,1695,Success
ENSMUSG00000041112,ENSMUST00000072519.7,appris_principal_1,5464,2184,226,3054,3287,Success
ENSMUSG00000036721,ENSMUST00000225545.2,appris_principal_1,4405,1506,123,2776,2906,Success
ENSMUSG00000021327,ENSMUST00000070785.16,appris_principal_1,2561,1662,103,796,906,Success
ENSMUSG00000022228,ENSMUST00000110485.3,appris_principal_1,4366,1401,214,2751,2972,Success
ENSMUSG00000063894,ENSMUST00000045228.12,appris_principal_1,8805,1767,259,6779,7045,Success
ENSMUSG00000046351,ENSMUST00000050101.9,appris_principal_1,4844,1233,376,3235,3618,Success
ENSMUSG00000006611,ENSMUST00000091706.14,appris_principal_1,3572,1080,140,2352,2499,Success
ENSMUSG00000021338,ENSMUST00000072889.12,appris_principal_1,4988,4125,195,668,870,Success
ENSMUSG00000019132,ENSMUST00000019276.12,appris_principal_1,5849,690,1724,3435,5166,Success
ENSMUSG00000006717,ENSMUST00000006900.7,appris_principal_1,721,423,211,87,305,Success
ENSMUSG00000035936,ENSMUST00000037615.7,appris_principal_1,5647,1572,93,3982,4082,Success
ENSMUSG00000021339,ENSMUST00000021772.4,appris_principal_1,7035,1305,135,5595,5737,Success
ENSMUSG00000076431,ENSMUST00000067230.6,appris_principal_1,4795,1323,692,2780,3479,Success
ENSMUSG00000016477,ENSMUST00000102948.11,Ensembl_canonical,5097,1374,395,3328,3730,Success
ENSMUSG00000038732,ENSMUST00000047311.16,appris_principal_1,2905,1479,178,1248,1433,Success
ENSMUSG00000038462,ENSMUST00000042834.4,appris_principal_1,1363,825,115,423,545,Success
ENSMUSG00000069255,ENSMUST00000095914.7,appris_principal_1,3015,618,25,2372,2404,Short_or_Missing_UTRs
ENSMUSG00000050295,ENSMUST00000062292.5,appris_principal_1,5844,1662,575,3607,4189,Success
ENSMUSG00000038372,ENSMUST00000041859.9,appris_principal_1,1713,1119,257,337,601,Success
ENSMUSG00000021400,ENSMUST00000021832.7,appris_principal_1,2633,1983,200,450,657,Success
ENSMUSG00000044734,ENSMUST00000076352.8,appris_principal_1,1918,1140,52,726,785,Success
ENSMUSG00000060147,ENSMUST00000167163.8,appris_principal_1,1654,1137,394,123,524,Success
ENSMUSG00000046949,ENSMUST00000058978.9,appris_principal_1,3842,696,195,2951,3153,Success
ENSMUSG00000021408,ENSMUST00000021844.15,appris_principal_1,3266,1971,400,895,1302,Success
ENSMUSG00000038286,ENSMUST00000040656.8,appris_principal_1,1253,876,66,311,384,Success
ENSMUSG00000058672,ENSMUST00000056427.10,appris_principal_1,1610,1338,78,194,279,Success
ENSMUSG00000045136,ENSMUST00000075774.5,appris_principal_1,2182,1338,121,723,851,Success
ENSMUSG00000071451,ENSMUST00000147632.3,appris_principal_1,555,372,112,71,190,Success
ENSMUSG00000021411,ENSMUST00000053459.15,appris_principal_1,2684,696,1051,937,1995,Success
ENSMUSG00000021413,ENSMUST00000077853.5,appris_principal_1,7844,3024,352,4468,4827,Success
ENSMUSG00000021417,ENSMUST00000171229.8,Ensembl_canonical,1426,1176,87,163,257,Success
ENSMUSG00000059288,ENSMUST00000163595.3,appris_principal_1,3575,1635,552,1388,1947,Success
ENSMUSG00000039114,ENSMUST00000037623.15,appris_principal_1,1619,429,187,1003,1197,Success
ENSMUSG00000039087,ENSMUST00000128570.9,appris_principal_1,8436,5265,281,2890,3178,Success
ENSMUSG00000021427,ENSMUST00000021864.8,appris_principal_1,9333,861,134,8338,8479,Success
ENSMUSG00000054889,ENSMUST00000124830.3,appris_principal_2,9592,8652,295,645,947,Success
ENSMUSG00000039004,ENSMUST00000171970.3,appris_principal_1,3593,1533,826,1234,2067,Success
ENSMUSG00000001707,ENSMUST00000001757.9,appris_principal_1,2553,525,65,1963,2035,Success
ENSMUSG00000021432,ENSMUST00000225432.2,appris_principal_1,2216,1110,480,626,1113,Success
ENSMUSG00000021359,ENSMUST00000225180.2,Ensembl_canonical,1828,1401,36,391,434,Success
ENSMUSG00000021364,ENSMUST00000021793.15,appris_principal_1,3840,879,48,2913,2968,Success
ENSMUSG00000091264,ENSMUST00000165561.4,appris_principal_1,4483,267,395,3821,4223,Success
ENSMUSG00000021365,ENSMUST00000021794.14,Ensembl_canonical,4871,2502,289,2080,2376,Success
ENSMUSG00000021366,ENSMUST00000060148.6,appris_principal_1,8753,8067,173,513,693,Success
ENSMUSG00000021367,ENSMUST00000021796.9,appris_principal_1,2139,609,419,1111,1537,Success
ENSMUSG00000051335,ENSMUST00000055341.7,appris_principal_1,6928,1173,675,5080,5762,Success
ENSMUSG00000038546,ENSMUST00000144326.4,appris_principal_1,3371,2133,354,884,1245,Success
ENSMUSG00000021371,ENSMUST00000021800.6,appris_principal_1,4339,1023,35,3281,3323,Success
ENSMUSG00000015396,ENSMUST00000015540.4,appris_principal_1,2477,591,439,1447,1893,Success
ENSMUSG00000038518,ENSMUST00000173704.8,appris_principal_1,4135,3705,274,156,437,Success
ENSMUSG00000057531,ENSMUST00000072329.15,appris_principal_2,1362,1059,175,128,310,Success
ENSMUSG00000038175,ENSMUST00000038275.11,appris_principal_1,3065,1338,215,1512,1734,Success
ENSMUSG00000000253,ENSMUST00000000260.13,appris_principal_1,1580,1038,213,329,549,Success
ENSMUSG00000046876,ENSMUST00000091628.11,appris_principal_1,10569,2376,893,7300,8200,Success
ENSMUSG00000021373,ENSMUST00000021802.16,appris_principal_1,3713,1431,365,1917,2289,Success
ENSMUSG00000069237,ENSMUST00000099547.4,appris_principal_1,3664,1200,64,2400,2471,Success
ENSMUSG00000021374,ENSMUST00000021803.10,appris_principal_1,6109,4389,467,1253,1727,Success
ENSMUSG00000021375,ENSMUST00000056978.8,appris_principal_1,6866,5250,97,1519,1623,Success
ENSMUSG00000021376,ENSMUST00000021806.11,appris_principal_1,2708,723,163,1822,1992,Success
ENSMUSG00000038080,ENSMUST00000037025.16,appris_principal_1,4987,2481,185,2321,2513,Success
ENSMUSG00000021377,ENSMUST00000021807.13,appris_principal_1,2556,1143,127,1286,1420,Success
ENSMUSG00000038068,ENSMUST00000068891.12,appris_principal_1,4640,906,244,3490,3741,Success
ENSMUSG00000021379,ENSMUST00000021810.3,appris_principal_1,3849,486,270,3093,3370,Success
ENSMUSG00000050954,ENSMUST00000177530.8,appris_principal_1,4145,2196,154,1795,1956,Success
ENSMUSG00000038042,ENSMUST00000222028.2,appris_principal_2,3164,2427,211,526,744,Success
ENSMUSG00000038025,ENSMUST00000035540.9,appris_principal_1,5494,3291,354,1849,2210,Success
ENSMUSG00000038014,ENSMUST00000060805.7,appris_principal_1,5105,3339,189,1577,1773,Success
ENSMUSG00000037966,ENSMUST00000049022.15,appris_principal_1,1187,459,78,650,735,Success
ENSMUSG00000037960,ENSMUST00000048946.7,appris_principal_1,804,552,83,169,259,Success
ENSMUSG00000037933,ENSMUST00000048544.14,Ensembl_canonical,6309,2556,86,3667,3760,Success
ENSMUSG00000021385,ENSMUST00000220447.2,appris_principal_1,4421,1470,137,2814,2958,Success
ENSMUSG00000021392,ENSMUST00000222197.2,Ensembl_canonical,4368,3498,568,302,877,Success
ENSMUSG00000037851,ENSMUST00000165316.8,appris_principal_1,4426,3789,111,526,644,Success
ENSMUSG00000021395,ENSMUST00000095797.6,appris_principal_1,4434,789,260,3385,3652,Success
ENSMUSG00000067586,ENSMUST00000087978.5,appris_principal_1,4463,1137,450,2876,3333,Success
ENSMUSG00000062248,ENSMUST00000075853.6,appris_principal_1,692,240,181,271,459,Success
ENSMUSG00000035139,ENSMUST00000040117.15,appris_principal_1,3328,2577,88,663,758,Success
ENSMUSG00000021451,ENSMUST00000110040.9,appris_principal_1,4472,2586,523,1363,1893,Success
ENSMUSG00000021453,ENSMUST00000021903.3,appris_principal_1,1071,480,102,489,598,Success
ENSMUSG00000021457,ENSMUST00000120135.8,appris_principal_1,5363,1890,476,2997,3480,Success
ENSMUSG00000021460,ENSMUST00000021913.16,appris_principal_1,1320,945,20,355,382,Short_or_Missing_UTRs
ENSMUSG00000056749,ENSMUST00000071065.8,appris_principal_1,2026,1389,368,269,644,Success
ENSMUSG00000021464,ENSMUST00000021918.10,appris_principal_2,3985,2835,247,903,1157,Success
ENSMUSG00000021468,ENSMUST00000021920.8,appris_principal_1,2606,1422,48,1136,1191,Success
ENSMUSG00000021474,ENSMUST00000021930.10,appris_principal_1,2783,969,75,1739,1821,Success
ENSMUSG00000043183,ENSMUST00000121401.8,appris_principal_3,4819,4065,97,657,761,Success
ENSMUSG00000025870,ENSMUST00000026988.11,appris_principal_1,1046,732,80,234,321,Success
ENSMUSG00000025869,ENSMUST00000026987.12,appris_principal_1,1756,537,123,1096,1226,Success
ENSMUSG00000047547,ENSMUST00000049575.8,appris_principal_3,1004,690,28,286,321,Short_or_Missing_UTRs
ENSMUSG00000025873,ENSMUST00000126071.9,appris_principal_1,4322,1338,57,2927,2991,Success
ENSMUSG00000034928,ENSMUST00000125871.8,Ensembl_canonical,4292,1299,645,2348,3000,Success
ENSMUSG00000025875,ENSMUST00000099503.10,Ensembl_canonical,822,822,0,0,0,Short_or_Missing_UTRs
ENSMUSG00000025878,ENSMUST00000026997.12,appris_principal_2,2931,2184,107,640,754,Success
ENSMUSG00000034789,ENSMUST00000035242.9,appris_principal_1,1168,612,291,265,563,Success
ENSMUSG00000021486,ENSMUST00000021942.8,appris_principal_1,2644,654,1690,300,1997,Success
ENSMUSG00000021485,ENSMUST00000021941.8,appris_principal_1,1327,621,91,615,713,Success
ENSMUSG00000021484,ENSMUST00000021940.8,appris_principal_1,4315,1077,194,3044,3245,Success
ENSMUSG00000034686,ENSMUST00000046533.9,appris_principal_1,1359,810,385,164,556,Success
ENSMUSG00000034675,ENSMUST00000021950.15,Ensembl_canonical,3078,2121,163,794,964,Success
ENSMUSG00000021495,ENSMUST00000021957.8,appris_principal_2,4341,2337,1606,398,2011,Success
ENSMUSG00000021504,ENSMUST00000064701.8,appris_principal_1,2130,984,78,1068,1153,Success
ENSMUSG00000021500,ENSMUST00000223736.2,appris_principal_1,5612,3099,88,2425,2520,Success
ENSMUSG00000045767,ENSMUST00000057844.10,appris_principal_1,4652,567,227,3858,4092,Success
ENSMUSG00000021497,ENSMUST00000021959.11,appris_principal_1,1527,1035,128,364,499,Success
ENSMUSG00000035493,ENSMUST00000045173.10,appris_principal_1,2714,2052,61,601,669,Success
ENSMUSG00000021540,ENSMUST00000069557.14,appris_principal_1,6584,1398,287,4899,5193,Success
ENSMUSG00000007836,ENSMUST00000007980.7,appris_principal_1,2678,918,243,1517,1767,Success
ENSMUSG00000005312,ENSMUST00000058735.12,appris_principal_3,3686,1749,217,1720,1944,Success
ENSMUSG00000021552,ENSMUST00000091579.6,appris_principal_1,1523,1101,157,265,429,Success
ENSMUSG00000021546,ENSMUST00000116403.9,Ensembl_canonical,2970,1395,274,1301,1582,Success
ENSMUSG00000021557,ENSMUST00000022040.14,appris_principal_2,8174,3657,122,4395,4524,Success
ENSMUSG00000021555,ENSMUST00000022038.15,appris_principal_1,3793,2178,170,1445,1622,Success
ENSMUSG00000021556,ENSMUST00000022039.7,appris_principal_1,3954,1182,106,2666,2779,Success
ENSMUSG00000044792,ENSMUST00000057115.7,appris_principal_1,1942,390,106,1446,1559,Success
ENSMUSG00000035248,ENSMUST00000071703.6,appris_principal_1,5869,4425,98,1346,1451,Success
ENSMUSG00000021559,ENSMUST00000077453.13,appris_principal_1,5491,4293,264,934,1205,Success
ENSMUSG00000021461,ENSMUST00000073029.13,appris_principal_1,3165,1677,328,1160,1495,Success
ENSMUSG00000021466,ENSMUST00000021921.11,appris_principal_1,7725,4305,215,3205,3427,Success
ENSMUSG00000021470,ENSMUST00000067821.13,appris_principal_2,2743,2100,172,471,650,Success
ENSMUSG00000033114,ENSMUST00000099441.6,appris_principal_1,2303,981,48,1274,1329,Success
ENSMUSG00000044934,ENSMUST00000059817.12,appris_principal_1,3532,1023,213,2296,2516,Success
ENSMUSG00000021476,ENSMUST00000021929.10,appris_principal_1,2564,1239,117,1208,1332,Success
ENSMUSG00000033102,ENSMUST00000221634.2,Ensembl_canonical,1953,1479,238,236,481,Success
ENSMUSG00000021477,ENSMUST00000222517.2,appris_principal_1,6168,1005,402,4761,5170,Success
ENSMUSG00000021483,ENSMUST00000021939.8,appris_principal_1,4118,1041,282,2795,3084,Success
ENSMUSG00000038212,ENSMUST00000155487.8,appris_principal_1,3832,1524,358,1950,2315,Success
ENSMUSG00000021518,ENSMUST00000021990.4,appris_principal_1,3424,1422,678,1324,2009,Success
ENSMUSG00000095432,ENSMUST00000181892.9,appris_principal_1,5293,2667,794,1832,2633,Success
ENSMUSG00000034617,ENSMUST00000045827.5,appris_principal_1,3692,2091,93,1508,1608,Success
ENSMUSG00000034575,ENSMUST00000223344.3,appris_principal_2,2118,1629,131,358,496,Success
ENSMUSG00000021595,ENSMUST00000022087.7,appris_principal_2,4164,2076,159,1929,2095,Success
ENSMUSG00000034525,ENSMUST00000043493.7,appris_principal_1,7667,6726,37,904,948,Success
ENSMUSG00000021608,ENSMUST00000022099.15,Ensembl_canonical,3675,1605,186,1884,2077,Success
ENSMUSG00000021610,ENSMUST00000022102.9,appris_principal_1,2340,1620,232,488,727,Success
ENSMUSG00000017756,ENSMUST00000017900.9,appris_principal_1,5142,3252,70,1820,1897,Success
ENSMUSG00000021572,ENSMUST00000036456.8,appris_principal_1,3641,1941,37,1663,1707,Success
ENSMUSG00000021576,ENSMUST00000022060.7,appris_principal_1,1131,576,114,441,562,Success
ENSMUSG00000021578,ENSMUST00000022063.14,appris_principal_1,9559,783,110,8666,8783,Success
ENSMUSG00000021583,ENSMUST00000169114.3,appris_principal_1,5644,2793,379,2472,2858,Success
ENSMUSG00000001542,ENSMUST00000001583.8,appris_principal_1,4382,1920,894,1568,2469,Success
ENSMUSG00000021591,ENSMUST00000022082.8,appris_principal_1,1345,324,101,920,1028,Success
ENSMUSG00000021589,ENSMUST00000022078.12,appris_principal_1,4980,1836,335,2809,3151,Success
ENSMUSG00000043190,ENSMUST00000050997.2,appris_principal_1,2807,474,1043,1290,2340,Success
ENSMUSG00000033991,ENSMUST00000091466.4,appris_principal_1,5381,4692,380,309,696,Success
ENSMUSG00000021597,ENSMUST00000151524.9,appris_principal_1,3747,3165,121,461,589,Success
ENSMUSG00000064138,ENSMUST00000163257.9,Ensembl_canonical,1436,1254,182,0,0,Short_or_Missing_UTRs
ENSMUSG00000069171,ENSMUST00000091458.13,appris_principal_1,3207,1263,1184,760,1951,Success
ENSMUSG00000074794,ENSMUST00000099356.10,appris_principal_1,4101,1245,240,2616,2863,Success
ENSMUSG00000035840,ENSMUST00000224300.2,appris_principal_1,4250,918,284,3048,3339,Success
ENSMUSG00000035834,ENSMUST00000048993.12,appris_principal_1,3054,672,189,2193,2389,Success
ENSMUSG00000051098,ENSMUST00000057598.7,appris_principal_1,3957,840,188,2929,3124,Success
ENSMUSG00000021537,ENSMUST00000022009.10,appris_principal_1,1226,504,264,458,729,Success
ENSMUSG00000005583,ENSMUST00000163888.8,Ensembl_canonical,6277,1455,375,4447,4829,Success
ENSMUSG00000035762,ENSMUST00000057495.10,appris_principal_1,2857,1464,132,1261,1400,Success
ENSMUSG00000021548,ENSMUST00000022030.11,appris_principal_1,2045,972,128,945,1080,Success
ENSMUSG00000021549,ENSMUST00000109552.3,appris_principal_1,4563,3117,122,1324,1453,Success
ENSMUSG00000017778,ENSMUST00000131011.2,appris_principal_1,540,192,229,119,355,Success
ENSMUSG00000034488,ENSMUST00000081769.13,appris_principal_1,5317,1443,471,3403,3881,Success
ENSMUSG00000021614,ENSMUST00000109543.9,appris_principal_1,2321,1968,178,175,360,Success
ENSMUSG00000012422,ENSMUST00000161568.8,appris_principal_1,8689,219,658,7812,8477,Success
ENSMUSG00000003992,ENSMUST00000004094.15,appris_principal_1,3957,1086,137,2734,2878,Success
ENSMUSG00000021621,ENSMUST00000022121.13,appris_principal_1,1541,816,122,603,732,Success
ENSMUSG00000021707,ENSMUST00000022218.6,appris_principal_1,5347,564,533,4250,4790,Success
ENSMUSG00000021706,ENSMUST00000022217.9,appris_principal_1,6150,4587,209,1354,1570,Success
ENSMUSG00000021703,ENSMUST00000049488.9,appris_principal_1,5366,1386,170,3810,3987,Success
ENSMUSG00000042167,ENSMUST00000048702.7,Ensembl_canonical,2990,1455,227,1308,1542,Success
ENSMUSG00000007617,ENSMUST00000060490.11,appris_principal_1,2765,1065,139,1561,1707,Success
ENSMUSG00000021690,ENSMUST00000065537.9,appris_principal_1,8776,2952,502,5322,5831,Success
ENSMUSG00000045312,ENSMUST00000054274.8,appris_principal_1,4348,669,371,3308,3686,Success
ENSMUSG00000021687,ENSMUST00000022197.15,appris_principal_1,4259,1017,553,2689,3249,Success
ENSMUSG00000021686,ENSMUST00000022196.5,appris_principal_1,4021,3318,144,559,710,Success
ENSMUSG00000042043,ENSMUST00000046644.7,appris_principal_1,559,327,40,192,239,Success
ENSMUSG00000042015,ENSMUST00000160801.8,appris_principal_1,3062,1383,191,1488,1686,Success
ENSMUSG00000041995,ENSMUST00000221807.2,appris_principal_1,1945,687,173,1085,1265,Success
ENSMUSG00000021681,ENSMUST00000022189.9,appris_principal_1,3249,2136,294,819,1120,Success
ENSMUSG00000021678,ENSMUST00000022185.10,appris_principal_1,2741,1200,100,1441,1548,Success
ENSMUSG00000048376,ENSMUST00000059193.7,appris_principal_1,3336,1293,113,1930,2050,Success
ENSMUSG00000021676,ENSMUST00000068603.8,appris_principal_1,5847,4728,286,833,1126,Success
ENSMUSG00000021671,ENSMUST00000099295.6,appris_principal_1,5183,1677,388,3118,3513,Success
ENSMUSG00000021668,ENSMUST00000022172.12,appris_principal_1,4225,2559,186,1480,1673,Success
ENSMUSG00000021669,ENSMUST00000077672.12,Ensembl_canonical,2746,1875,429,442,878,Success
ENSMUSG00000021670,ENSMUST00000022176.15,appris_principal_1,4425,2664,149,1612,1768,Success
ENSMUSG00000060739,ENSMUST00000073456.9,appris_principal_1,2700,783,180,1737,1924,Success
ENSMUSG00000021666,ENSMUST00000161639.8,Ensembl_canonical,3157,2340,103,714,824,Success
ENSMUSG00000041773,ENSMUST00000041623.9,appris_principal_1,4737,1770,438,2529,2974,Success
ENSMUSG00000021662,ENSMUST00000109426.3,Ensembl_canonical,5387,5103,106,178,291,Success
ENSMUSG00000041747,ENSMUST00000040972.4,appris_principal_1,4120,1587,249,2284,2540,Success
ENSMUSG00000021660,ENSMUST00000152704.8,appris_principal_1,888,489,141,258,406,Success
ENSMUSG00000041685,ENSMUST00000040340.16,appris_principal_1,5122,2430,341,2351,2699,Success
ENSMUSG00000009470,ENSMUST00000109399.9,appris_principal_1,8445,2673,135,5637,5779,Success
ENSMUSG00000052727,ENSMUST00000064762.6,appris_principal_1,11808,7395,53,4360,4420,Success
ENSMUSG00000049658,ENSMUST00000038104.12,appris_principal_2,9921,7404,232,2285,2524,Success
ENSMUSG00000021639,ENSMUST00000066984.14,appris_principal_1,1656,1191,138,327,472,Success
ENSMUSG00000021638,ENSMUST00000069756.11,appris_principal_1,4052,1566,179,2307,2493,Success
ENSMUSG00000021636,ENSMUST00000022137.14,appris_principal_1,3061,1668,61,1332,1400,Success
ENSMUSG00000021635,ENSMUST00000022136.14,appris_principal_1,2839,2067,292,480,779,Success
ENSMUSG00000048924,ENSMUST00000057325.15,appris_principal_2,2413,1503,89,821,917,Success
ENSMUSG00000061474,ENSMUST00000109333.8,appris_principal_1,701,309,91,301,399,Success
ENSMUSG00000041431,ENSMUST00000072119.15,appris_principal_1,2489,1293,168,1028,1203,Success
ENSMUSG00000021629,ENSMUST00000067246.6,appris_principal_1,3179,2286,250,643,900,Success
ENSMUSG00000041417,ENSMUST00000055518.13,appris_principal_1,7113,2175,621,4317,4945,Success
ENSMUSG00000034751,ENSMUST00000167058.8,appris_principal_2,10636,7857,268,2511,2786,Success
ENSMUSG00000032621,ENSMUST00000074616.7,appris_principal_1,3934,1833,149,1952,2108,Success
ENSMUSG00000021709,ENSMUST00000188997.7,appris_principal_2,5084,3885,107,1092,1206,Success
ENSMUSG00000021710,ENSMUST00000109315.5,appris_principal_1,4162,2115,158,1889,2054,Success
ENSMUSG00000042743,ENSMUST00000044385.14,appris_principal_1,3048,915,249,1884,2140,Success
ENSMUSG00000021711,ENSMUST00000022224.16,Ensembl_canonical,2342,1257,264,821,1092,Success
ENSMUSG00000021712,ENSMUST00000022225.12,appris_principal_1,3416,1725,84,1607,1698,Success
ENSMUSG00000021713,ENSMUST00000022226.6,appris_principal_1,2342,1941,21,380,408,Short_or_Missing_UTRs
ENSMUSG00000021716,ENSMUST00000022230.15,appris_principal_1,2365,462,177,1726,1910,Success
ENSMUSG00000042590,ENSMUST00000080856.14,appris_principal_3,4325,2928,205,1192,1404,Success
ENSMUSG00000021692,ENSMUST00000022203.10,appris_principal_1,2051,942,46,1063,1116,Success
ENSMUSG00000021693,ENSMUST00000159772.8,Ensembl_canonical,2570,2232,51,287,345,Success
ENSMUSG00000071180,ENSMUST00000095458.6,appris_principal_1,1918,225,207,1486,1700,Success
ENSMUSG00000021694,ENSMUST00000054835.15,appris_principal_1,2111,1194,56,861,924,Success
ENSMUSG00000021696,ENSMUST00000022207.10,appris_principal_1,4013,846,165,3002,3174,Success
ENSMUSG00000021697,ENSMUST00000051594.12,appris_principal_1,2563,1590,90,883,980,Success
ENSMUSG00000021699,ENSMUST00000120671.8,Ensembl_canonical,2455,2412,0,43,0,Short_or_Missing_UTRs
ENSMUSG00000021701,ENSMUST00000022212.9,appris_principal_1,2800,2049,131,620,758,Success
ENSMUSG00000032745,ENSMUST00000047627.14,appris_principal_2,3694,1482,1399,813,2219,Success
ENSMUSG00000032727,ENSMUST00000109272.9,Ensembl_canonical,5279,1656,168,3455,3630,Success
ENSMUSG00000021754,ENSMUST00000109267.9,appris_principal_1,6978,4482,24,2472,2503,Short_or_Missing_UTRs
ENSMUSG00000021756,ENSMUST00000183663.8,appris_principal_1,8678,2754,283,5641,5931,Success
ENSMUSG00000047789,ENSMUST00000052514.6,appris_principal_1,8910,1683,142,7085,7234,Success
ENSMUSG00000021759,ENSMUST00000016144.12,Ensembl_canonical,1598,855,417,326,750,Success
ENSMUSG00000016018,ENSMUST00000022281.5,appris_principal_1,3689,3123,41,525,573,Success
ENSMUSG00000021760,ENSMUST00000022282.6,appris_principal_1,1042,630,35,377,419,Success
ENSMUSG00000042364,ENSMUST00000109241.5,appris_principal_1,4447,1848,169,2430,2606,Success
ENSMUSG00000042348,ENSMUST00000091201.7,appris_principal_1,3364,615,144,2605,2756,Success
ENSMUSG00000021764,ENSMUST00000022286.8,appris_principal_1,1698,528,202,968,1177,Success
ENSMUSG00000015536,ENSMUST00000166176.9,appris_principal_1,1855,570,112,1173,1292,Success
ENSMUSG00000042284,ENSMUST00000061673.9,appris_principal_1,10967,3540,433,6994,7434,Success
ENSMUSG00000021725,ENSMUST00000223949.2,appris_principal_1,2965,2559,129,277,413,Success
ENSMUSG00000021728,ENSMUST00000022242.9,appris_principal_1,2923,993,577,1353,1937,Success
ENSMUSG00000025451,ENSMUST00000109203.9,appris_principal_1,1525,1104,111,310,428,Success
ENSMUSG00000093930,ENSMUST00000179869.3,appris_principal_1,3245,1563,78,1604,1689,Success
ENSMUSG00000094870,ENSMUST00000177916.8,appris_principal_1,3067,1860,42,1165,1214,Success
ENSMUSG00000058317,ENSMUST00000150727.8,appris_principal_1,1523,606,200,717,924,Success
ENSMUSG00000021774,ENSMUST00000022296.7,appris_principal_1,1408,582,206,620,833,Success
ENSMUSG00000021772,ENSMUST00000132374.9,appris_principal_1,4598,579,205,3814,4026,Success
ENSMUSG00000012405,ENSMUST00000080281.14,appris_principal_1,1922,615,119,1188,1314,Success
ENSMUSG00000021775,ENSMUST00000090543.6,appris_principal_1,4663,1731,301,2631,2939,Success
ENSMUSG00000021779,ENSMUST00000022304.12,appris_principal_1,6195,1428,348,4419,4774,Success
ENSMUSG00000017491,ENSMUST00000063750.8,appris_principal_1,3108,1347,529,1232,1768,Success
ENSMUSG00000017485,ENSMUST00000017629.12,appris_principal_1,10335,4839,500,4996,5503,Success
ENSMUSG00000021785,ENSMUST00000022310.7,appris_principal_1,2935,1956,87,892,986,Success
ENSMUSG00000021733,ENSMUST00000057015.8,appris_principal_1,8132,3396,954,3782,4743,Success
ENSMUSG00000021738,ENSMUST00000022257.4,appris_principal_2,6853,2604,271,3978,4256,Success
ENSMUSG00000060579,ENSMUST00000162278.8,appris_principal_1,981,453,235,293,535,Success
ENSMUSG00000021752,ENSMUST00000022272.14,appris_principal_1,1650,714,246,690,943,Success
ENSMUSG00000021748,ENSMUST00000022268.10,appris_principal_1,1513,1080,93,340,440,Success
ENSMUSG00000033885,ENSMUST00000225653.2,Ensembl_canonical,2765,1749,60,956,1023,Success
ENSMUSG00000025277,ENSMUST00000166497.9,appris_principal_1,2226,1011,96,1119,1222,Success
ENSMUSG00000025278,ENSMUST00000052678.9,appris_principal_1,9100,7809,195,1096,1298,Success
ENSMUSG00000021806,ENSMUST00000022340.5,appris_principal_1,4876,4212,73,591,671,Success
ENSMUSG00000043004,ENSMUST00000160013.8,appris_principal_1,3826,216,362,3248,3617,Success
ENSMUSG00000045107,ENSMUST00000059666.6,appris_principal_1,2315,567,96,1652,1755,Success
ENSMUSG00000023243,ENSMUST00000024011.10,appris_principal_1,3392,1509,357,1526,1890,Success
ENSMUSG00000021809,ENSMUST00000223663.2,appris_principal_1,1633,1059,302,272,581,Success
ENSMUSG00000039599,ENSMUST00000090499.13,appris_principal_1,2370,1737,126,507,640,Success
ENSMUSG00000021811,ENSMUST00000022345.7,appris_principal_1,1631,780,127,724,858,Success
ENSMUSG00000049960,ENSMUST00000061444.5,appris_principal_1,2572,408,141,2023,2171,Success
ENSMUSG00000021814,ENSMUST00000100844.6,Ensembl_canonical,2904,1458,228,1218,1453,Success
ENSMUSG00000021816,ENSMUST00000159027.8,Ensembl_canonical,3831,1578,133,2120,2260,Success
ENSMUSG00000034235,ENSMUST00000035340.14,appris_principal_1,6495,4767,739,989,1735,Success
ENSMUSG00000039367,ENSMUST00000048657.10,appris_principal_1,4461,3291,109,1061,1177,Success
ENSMUSG00000039357,ENSMUST00000048016.3,appris_principal_1,4163,1470,35,2658,2700,Success
ENSMUSG00000021820,ENSMUST00000226630.2,Ensembl_canonical,1937,1698,1,238,246,Short_or_Missing_UTRs
ENSMUSG00000021822,ENSMUST00000022368.4,appris_principal_1,2342,1302,105,935,1047,Success
ENSMUSG00000021823,ENSMUST00000224380.3,appris_principal_1,5471,3405,123,1943,2073,Success
ENSMUSG00000021824,ENSMUST00000154460.8,appris_principal_1,6732,1257,314,5161,5482,Success
ENSMUSG00000021767,ENSMUST00000182855.8,appris_principal_2,6791,5292,301,1198,1506,Success
ENSMUSG00000021770,ENSMUST00000119430.3,appris_principal_1,6801,1248,68,5485,5560,Success
ENSMUSG00000021771,ENSMUST00000173456.8,appris_principal_1,956,852,104,0,0,Short_or_Missing_UTRs
ENSMUSG00000021773,ENSMUST00000124549.9,appris_principal_1,2314,789,105,1420,1532,Success
ENSMUSG00000039081,ENSMUST00000043409.9,appris_principal_1,4216,1959,1328,929,2264,Success
ENSMUSG00000021782,ENSMUST00000090398.11,appris_principal_1,7851,5766,470,1615,2092,Success
ENSMUSG00000025280,ENSMUST00000026322.9,appris_principal_1,4687,4173,136,378,521,Success
ENSMUSG00000007817,ENSMUST00000162645.8,Ensembl_canonical,7482,3219,567,3696,4270,Success
ENSMUSG00000021868,ENSMUST00000022419.7,appris_principal_1,1549,621,62,866,935,Success
ENSMUSG00000055538,ENSMUST00000069180.8,appris_principal_1,4556,726,183,3647,3837,Success
ENSMUSG00000021866,ENSMUST00000022416.15,appris_principal_1,2394,1512,148,734,889,Success
ENSMUSG00000021870,ENSMUST00000139075.8,Ensembl_canonical,4508,2538,1370,600,1977,Success
ENSMUSG00000040818,ENSMUST00000037585.9,appris_principal_1,6638,1818,57,4763,4827,Success
ENSMUSG00000021877,ENSMUST00000022429.9,appris_principal_1,2165,543,346,1276,1629,Success
ENSMUSG00000043702,ENSMUST00000052932.10,appris_principal_1,7725,1827,331,5567,5905,Success
ENSMUSG00000040760,ENSMUST00000036570.5,appris_principal_1,7642,2124,778,4740,5525,Success
ENSMUSG00000040717,ENSMUST00000035336.5,appris_principal_1,8280,2217,163,5900,6070,Success
ENSMUSG00000021895,ENSMUST00000224981.2,appris_principal_1,3618,1575,111,1932,2050,Success
ENSMUSG00000040651,ENSMUST00000022450.6,appris_principal_1,7590,4497,235,2858,3100,Success
ENSMUSG00000046753,ENSMUST00000050480.8,appris_principal_2,2457,2340,13,104,124,Short_or_Missing_UTRs
ENSMUSG00000021994,ENSMUST00000063465.12,Ensembl_canonical,7010,1143,1359,4508,5874,Success
ENSMUSG00000042682,ENSMUST00000112268.4,appris_principal_1,1678,285,210,1183,1400,Success
ENSMUSG00000015971,ENSMUST00000016115.6,appris_principal_1,2119,1875,129,115,251,Success
ENSMUSG00000015970,ENSMUST00000067620.12,appris_principal_1,5690,1791,262,3637,3906,Success
ENSMUSG00000021957,ENSMUST00000022529.8,appris_principal_1,3223,1872,143,1208,1358,Success
ENSMUSG00000021948,ENSMUST00000112210.11,appris_principal_1,2777,2025,239,513,759,Success
ENSMUSG00000006527,ENSMUST00000112184.10,appris_principal_1,2936,2592,229,115,351,Success
ENSMUSG00000021918,ENSMUST00000228328.2,appris_principal_2,4245,2379,249,1617,1873,Success
ENSMUSG00000021916,ENSMUST00000168584.9,appris_principal_1,1498,1116,67,315,389,Success
ENSMUSG00000071547,ENSMUST00000227096.2,appris_principal_2,1848,1662,104,82,193,Success
ENSMUSG00000021910,ENSMUST00000172142.8,appris_principal_1,2780,1551,164,1065,1236,Success
ENSMUSG00000021901,ENSMUST00000022458.11,appris_principal_1,3460,2187,168,1105,1280,Success
ENSMUSG00000021893,ENSMUST00000022451.14,appris_principal_1,3648,2442,244,962,1213,Success
ENSMUSG00000021892,ENSMUST00000091903.5,appris_principal_1,2684,1377,108,1199,1314,Success
ENSMUSG00000021890,ENSMUST00000022446.7,appris_principal_1,4918,807,870,3241,4118,Success
ENSMUSG00000014496,ENSMUST00000014640.9,appris_principal_1,6712,3162,298,3252,3557,Success
ENSMUSG00000021906,ENSMUST00000022462.14,appris_principal_1,2376,936,649,791,1447,Success
ENSMUSG00000056234,ENSMUST00000163336.8,appris_principal_1,4065,1878,160,2027,2194,Success
ENSMUSG00000013701,ENSMUST00000013845.13,appris_principal_1,1173,630,150,393,550,Success
ENSMUSG00000021911,ENSMUST00000022470.15,appris_principal_1,4413,2886,297,1230,1534,Success
ENSMUSG00000021913,ENSMUST00000228529.2,appris_principal_1,3723,3033,168,522,697,Success
ENSMUSG00000054051,ENSMUST00000066807.8,appris_principal_1,8423,4446,89,3888,3984,Success
ENSMUSG00000021936,ENSMUST00000022504.12,appris_principal_3,2587,1284,178,1125,1310,Success
ENSMUSG00000021794,ENSMUST00000022322.17,appris_principal_1,3390,1677,171,1542,1720,Success
ENSMUSG00000023064,ENSMUST00000023826.5,appris_principal_1,852,372,209,271,487,Success
ENSMUSG00000021796,ENSMUST00000049005.15,appris_principal_1,5956,1599,547,3810,4364,Success
ENSMUSG00000041408,ENSMUST00000048263.14,Ensembl_canonical,6351,3603,455,2293,2755,Success
ENSMUSG00000058690,ENSMUST00000090024.11,appris_principal_1,7509,2502,275,4732,5014,Success
ENSMUSG00000041028,ENSMUST00000165649.4,appris_principal_1,3188,1041,97,2050,2154,Success
ENSMUSG00000021830,ENSMUST00000139526.9,Ensembl_canonical,5045,2463,339,2243,2589,Success
ENSMUSG00000021831,ENSMUST00000022378.9,appris_principal_1,4418,1395,82,2941,3030,Success
ENSMUSG00000021832,ENSMUST00000022380.9,appris_principal_1,2234,1170,60,1004,1071,Success
ENSMUSG00000037722,ENSMUST00000046191.9,appris_principal_1,2788,555,228,2005,2240,Success
ENSMUSG00000037712,ENSMUST00000045905.15,appris_principal_1,3293,2043,195,1055,1257,Success
ENSMUSG00000037697,ENSMUST00000051310.13,appris_principal_2,5012,2571,132,2309,2448,Success
ENSMUSG00000037628,ENSMUST00000067426.6,appris_principal_1,917,636,99,182,288,Success
ENSMUSG00000015759,ENSMUST00000015903.12,appris_principal_1,1538,435,148,955,1110,Success
ENSMUSG00000062014,ENSMUST00000111817.8,appris_principal_1,4171,429,139,3603,3749,Success
ENSMUSG00000021838,ENSMUST00000022386.15,appris_principal_3,4564,2136,737,1691,2435,Success
ENSMUSG00000037580,ENSMUST00000089959.7,appris_principal_1,2775,726,146,1903,2056,Success
ENSMUSG00000037572,ENSMUST00000187531.8,appris_principal_1,4260,3357,235,668,910,Success
ENSMUSG00000048379,ENSMUST00000065562.6,appris_principal_1,6877,1311,384,5182,5573,Success
ENSMUSG00000021840,ENSMUST00000166743.9,appris_principal_1,4542,729,141,3672,3820,Success
ENSMUSG00000021843,ENSMUST00000187839.8,appris_principal_2,7945,3984,161,3800,3968,Success
ENSMUSG00000021846,ENSMUST00000073150.6,appris_principal_1,5900,1260,334,4306,4647,Success
ENSMUSG00000036339,ENSMUST00000111735.10,appris_principal_2,5485,2112,74,3299,3380,Success
ENSMUSG00000036291,ENSMUST00000037473.6,appris_principal_1,6321,1473,296,4552,4855,Success
ENSMUSG00000036282,ENSMUST00000037362.6,Ensembl_canonical,4464,1101,19,3344,3370,Short_or_Missing_UTRs
ENSMUSG00000006281,ENSMUST00000006444.9,appris_principal_1,8171,7890,172,109,288,Success
ENSMUSG00000006289,ENSMUST00000159292.8,appris_principal_1,3388,1008,115,2265,2387,Success
ENSMUSG00000035960,ENSMUST00000049411.12,appris_principal_1,1239,954,119,166,292,Success
ENSMUSG00000035953,ENSMUST00000160835.9,Ensembl_canonical,2755,855,74,1826,1907,Success
ENSMUSG00000004558,ENSMUST00000004673.15,appris_principal_3,2099,1116,114,869,990,Success
ENSMUSG00000004562,ENSMUST00000093813.12,appris_principal_1,5621,4554,151,916,1074,Success
ENSMUSG00000049295,ENSMUST00000226522.2,appris_principal_1,2804,2181,160,463,630,Success
ENSMUSG00000060373,ENSMUST00000111610.12,Ensembl_canonical,2847,942,202,1703,1912,Success
ENSMUSG00000035726,ENSMUST00000046709.9,appris_principal_1,4673,3144,266,1263,1536,Success
ENSMUSG00000053754,ENSMUST00000089752.11,appris_principal_1,8190,7749,0,441,0,Short_or_Missing_UTRs
ENSMUSG00000022159,ENSMUST00000022765.14,appris_principal_1,2906,651,304,1951,2262,Success
ENSMUSG00000016831,ENSMUST00000022766.8,appris_principal_1,5350,1860,350,3140,3497,Success
ENSMUSG00000022160,ENSMUST00000022767.16,appris_principal_1,2025,1743,141,141,289,Success
ENSMUSG00000049532,ENSMUST00000058326.6,appris_principal_2,5147,3015,587,1545,2139,Success
ENSMUSG00000040997,ENSMUST00000180359.8,appris_principal_1,2508,957,333,1218,1558,Success
ENSMUSG00000000957,ENSMUST00000089688.6,appris_principal_1,2596,1749,254,593,854,Success
ENSMUSG00000022175,ENSMUST00000022782.10,appris_principal_1,4228,2142,438,1648,2093,Success
ENSMUSG00000022177,ENSMUST00000022784.9,appris_principal_1,1587,1092,206,289,502,Success
ENSMUSG00000022178,ENSMUST00000054487.10,appris_principal_1,3397,1644,294,1459,1760,Success
ENSMUSG00000059674,ENSMUST00000067784.8,appris_principal_1,3489,2346,261,882,1150,Success
ENSMUSG00000022185,ENSMUST00000022793.15,Ensembl_canonical,4735,4017,151,567,725,Success
ENSMUSG00000022180,ENSMUST00000022787.8,appris_principal_1,4084,1596,603,1885,2495,Success
ENSMUSG00000022199,ENSMUST00000228495.3,Ensembl_canonical,2340,1884,136,320,463,Success
ENSMUSG00000045691,ENSMUST00000050575.9,appris_principal_1,2830,675,676,1479,2162,Success
ENSMUSG00000040701,ENSMUST00000036041.15,appris_principal_1,2673,2376,87,210,304,Success
ENSMUSG00000022214,ENSMUST00000117236.8,appris_principal_2,2538,1650,194,694,895,Success
ENSMUSG00000022216,ENSMUST00000174259.8,appris_principal_1,1112,750,215,147,369,Success
ENSMUSG00000002319,ENSMUST00000047131.16,appris_principal_1,3846,3249,86,511,604,Success
ENSMUSG00000002329,ENSMUST00000002400.7,appris_principal_1,1733,495,134,1104,1245,Success
ENSMUSG00000010376,ENSMUST00000010520.10,appris_principal_1,824,246,312,266,585,Success
ENSMUSG00000040472,ENSMUST00000227061.2,appris_principal_1,2882,1704,204,974,1185,Success
ENSMUSG00000002332,ENSMUST00000002403.10,appris_principal_1,1477,942,271,264,542,Success
ENSMUSG00000019297,ENSMUST00000019441.9,appris_principal_1,3694,1911,81,1702,1790,Success
ENSMUSG00000023411,ENSMUST00000024179.6,appris_principal_2,3267,2706,242,319,568,Success
ENSMUSG00000075592,ENSMUST00000168479.3,appris_principal_1,7511,5523,212,1776,1995,Success
ENSMUSG00000047153,ENSMUST00000022831.5,appris_principal_1,3898,2016,213,1669,1889,Success
ENSMUSG00000022223,ENSMUST00000111325.5,appris_principal_1,1255,882,53,320,380,Success
ENSMUSG00000064128,ENSMUST00000065302.8,appris_principal_1,4363,4035,170,158,335,Success
ENSMUSG00000054509,ENSMUST00000161553.2,appris_principal_1,6387,5910,113,364,484,Success
ENSMUSG00000079184,ENSMUST00000116468.2,appris_principal_1,2939,2577,104,258,369,Success
ENSMUSG00000021938,ENSMUST00000022507.13,appris_principal_1,4114,1572,157,2385,2549,Success
ENSMUSG00000040123,ENSMUST00000039812.16,appris_principal_1,5290,1884,225,3181,3413,Success
ENSMUSG00000021945,ENSMUST00000022511.10,appris_principal_1,6974,4131,49,2794,2850,Success
ENSMUSG00000046352,ENSMUST00000055698.8,appris_principal_1,2406,681,256,1469,1732,Success
ENSMUSG00000040040,ENSMUST00000122063.8,appris_principal_1,3088,2478,132,478,617,Success
ENSMUSG00000021952,ENSMUST00000174545.9,appris_principal_1,8680,3456,474,4750,5231,Success
ENSMUSG00000021967,ENSMUST00000022538.5,appris_principal_1,2877,309,97,2471,2575,Success
ENSMUSG00000021969,ENSMUST00000089473.5,appris_principal_1,5186,1107,96,3983,4086,Success
ENSMUSG00000035469,ENSMUST00000043227.13,appris_principal_1,3903,1596,401,1906,2314,Success
ENSMUSG00000021987,ENSMUST00000022563.9,appris_principal_1,3813,1854,110,1849,1966,Success
ENSMUSG00000060548,ENSMUST00000111236.4,appris_principal_1,3958,1251,125,2582,2714,Success
ENSMUSG00000021928,ENSMUST00000022494.10,appris_principal_1,10092,621,49,9422,9478,Success
ENSMUSG00000021929,ENSMUST00000022496.9,appris_principal_1,4069,1566,83,2420,2510,Success
ENSMUSG00000021930,ENSMUST00000022497.15,appris_principal_1,4002,591,260,3151,3418,Success
ENSMUSG00000014547,ENSMUST00000014691.10,appris_principal_1,6646,1203,243,5200,5450,Success
ENSMUSG00000021939,ENSMUST00000006235.9,appris_principal_1,4743,1020,129,3594,3730,Success
ENSMUSG00000035078,ENSMUST00000058679.7,appris_principal_1,2570,1638,343,589,939,Success
ENSMUSG00000021972,ENSMUST00000176128.8,Ensembl_canonical,2958,1263,352,1343,1702,Success
ENSMUSG00000021978,ENSMUST00000022550.8,appris_principal_1,5977,2760,664,2553,3224,Success
ENSMUSG00000034522,ENSMUST00000066994.7,appris_principal_1,4229,1527,102,2600,2709,Success
ENSMUSG00000022035,ENSMUST00000022614.7,appris_principal_1,2230,627,155,1448,1610,Success
ENSMUSG00000034463,ENSMUST00000042046.5,appris_principal_1,3597,1821,433,1343,1783,Success
ENSMUSG00000022037,ENSMUST00000022616.14,appris_principal_1,1810,1347,233,230,470,Success
ENSMUSG00000022040,ENSMUST00000070515.2,appris_principal_1,2035,1665,65,305,377,Success
ENSMUSG00000059456,ENSMUST00000022622.14,Ensembl_canonical,4034,3030,207,797,1011,Success
ENSMUSG00000022043,ENSMUST00000022623.13,appris_principal_1,3678,1551,39,2088,2134,Success
ENSMUSG00000022048,ENSMUST00000022629.9,appris_principal_1,4520,1719,320,2481,2808,Success
ENSMUSG00000046204,ENSMUST00000089236.11,appris_principal_1,5518,1098,623,3797,4427,Success
ENSMUSG00000022051,ENSMUST00000022634.9,appris_principal_1,3238,657,93,2488,2588,Success
ENSMUSG00000022052,ENSMUST00000089230.7,appris_principal_1,4010,1344,348,2318,2673,Success
ENSMUSG00000048922,ENSMUST00000150006.9,appris_principal_1,3568,2949,90,529,626,Success
ENSMUSG00000034327,ENSMUST00000150768.8,appris_principal_1,1302,1170,75,57,139,Success
ENSMUSG00000044447,ENSMUST00000039135.6,appris_principal_1,9988,5607,98,4283,4388,Success
ENSMUSG00000022055,ENSMUST00000022639.8,appris_principal_1,3380,1632,100,1648,1755,Success
ENSMUSG00000014813,ENSMUST00000014957.10,appris_principal_1,4197,744,152,3301,3460,Success
ENSMUSG00000034248,ENSMUST00000037064.5,appris_principal_1,4174,1017,171,2986,3164,Success
ENSMUSG00000034205,ENSMUST00000022660.14,appris_principal_1,5316,2331,270,2715,2992,Success
ENSMUSG00000034190,ENSMUST00000036381.10,appris_principal_1,2649,1356,45,1248,1300,Success
ENSMUSG00000022074,ENSMUST00000022663.7,appris_principal_1,3179,1146,188,1845,2040,Success
ENSMUSG00000022075,ENSMUST00000022665.4,appris_principal_1,5322,2187,610,2525,3142,Success
ENSMUSG00000022089,ENSMUST00000022680.9,appris_principal_1,1767,762,84,921,1012,Success
ENSMUSG00000033712,ENSMUST00000035612.7,appris_principal_1,3725,2769,221,735,963,Success
ENSMUSG00000022090,ENSMUST00000022681.11,appris_principal_1,1523,1050,75,398,480,Success
ENSMUSG00000022092,ENSMUST00000228911.2,appris_principal_1,1836,1569,48,219,274,Success
ENSMUSG00000022094,ENSMUST00000068044.14,Ensembl_canonical,4926,1470,259,3197,3463,Success
ENSMUSG00000000776,ENSMUST00000000793.13,appris_principal_1,2016,1197,120,699,826,Success
ENSMUSG00000022098,ENSMUST00000022693.9,appris_principal_1,3684,2976,151,557,715,Success
ENSMUSG00000033589,ENSMUST00000047218.5,appris_principal_1,1565,774,353,438,798,Success
ENSMUSG00000022095,ENSMUST00000022690.10,appris_principal_1,4033,2235,49,1749,1805,Success
ENSMUSG00000022099,ENSMUST00000022694.17,appris_principal_1,5418,1218,722,3478,4207,Success
ENSMUSG00000022100,ENSMUST00000167242.8,Ensembl_canonical,15121,3267,99,11755,11861,Success
ENSMUSG00000033487,ENSMUST00000089017.12,appris_principal_1,6143,3597,325,2221,2553,Success
ENSMUSG00000022106,ENSMUST00000164822.8,appris_principal_3,3531,1656,256,1619,1882,Success
ENSMUSG00000022105,ENSMUST00000022701.7,appris_principal_1,4656,2766,181,1709,1897,Success
ENSMUSG00000022108,ENSMUST00000022704.9,appris_principal_1,1796,801,163,832,1002,Success
ENSMUSG00000022109,ENSMUST00000022705.7,appris_principal_1,1328,813,36,479,522,Success
ENSMUSG00000033405,ENSMUST00000043813.3,appris_principal_1,3579,513,429,2637,3073,Success
ENSMUSG00000021996,ENSMUST00000022573.17,appris_principal_1,1988,849,99,1040,1146,Success
ENSMUSG00000068015,ENSMUST00000088970.7,appris_principal_2,4694,2130,206,2358,2571,Success
ENSMUSG00000021998,ENSMUST00000124499.8,appris_principal_1,2523,1884,181,458,646,Success
ENSMUSG00000022000,ENSMUST00000022577.6,appris_principal_2,6151,5190,299,662,968,Success
ENSMUSG00000034893,ENSMUST00000049168.9,appris_principal_1,4268,2487,120,1661,1788,Success
ENSMUSG00000022003,ENSMUST00000022580.8,appris_principal_1,3588,876,180,2532,2719,Success
ENSMUSG00000060126,ENSMUST00000110894.9,appris_principal_1,1169,519,336,314,657,Success
ENSMUSG00000067995,ENSMUST00000088922.5,appris_principal_1,1467,750,120,597,724,Success
ENSMUSG00000022008,ENSMUST00000022585.5,appris_principal_1,5389,1041,56,4292,4355,Success
ENSMUSG00000022009,ENSMUST00000022586.2,appris_principal_1,3974,1455,42,2477,2526,Success
ENSMUSG00000022010,ENSMUST00000022587.10,appris_principal_1,1762,432,239,1091,1337,Success
ENSMUSG00000034795,ENSMUST00000048208.10,appris_principal_1,1721,873,248,600,855,Success
ENSMUSG00000022012,ENSMUST00000022589.9,appris_principal_1,3142,1932,747,463,1217,Success
ENSMUSG00000022013,ENSMUST00000226459.2,appris_principal_1,6193,450,27,5716,5750,Short_or_Missing_UTRs
ENSMUSG00000022016,ENSMUST00000123853.9,appris_principal_1,9364,5685,149,3530,3686,Success
ENSMUSG00000058997,ENSMUST00000040990.7,appris_principal_1,7054,5718,232,1104,1343,Success
ENSMUSG00000022018,ENSMUST00000022595.8,appris_principal_1,918,414,148,356,511,Success
ENSMUSG00000043881,ENSMUST00000061222.9,appris_principal_1,4526,2073,219,2234,2460,Success
ENSMUSG00000022023,ENSMUST00000022601.7,appris_principal_1,3704,1131,588,1985,2580,Success
ENSMUSG00000036461,ENSMUST00000040131.13,appris_principal_1,4235,1839,672,1724,2403,Success
ENSMUSG00000022021,ENSMUST00000168889.3,appris_principal_1,4582,3516,110,956,1073,Success
ENSMUSG00000022019,ENSMUST00000168275.9,appris_principal_1,2657,2232,169,256,432,Success
ENSMUSG00000055639,ENSMUST00000069334.8,appris_principal_2,5063,2100,234,2729,2970,Success
ENSMUSG00000033186,ENSMUST00000042662.10,appris_principal_1,2240,237,57,1946,2010,Success
ENSMUSG00000022070,ENSMUST00000022656.8,appris_principal_1,2726,1578,319,829,1155,Success
ENSMUSG00000033166,ENSMUST00000042471.11,appris_principal_1,5150,2877,97,2176,2280,Success
ENSMUSG00000022064,ENSMUST00000022650.9,appris_principal_1,2797,2271,244,282,533,Success
ENSMUSG00000005148,ENSMUST00000005279.8,appris_principal_1,3352,1341,304,1707,2018,Success
ENSMUSG00000072294,ENSMUST00000228216.2,appris_principal_1,5890,1209,180,4501,4688,Success
ENSMUSG00000033083,ENSMUST00000161991.8,appris_principal_2,6483,3732,573,2178,2758,Success
ENSMUSG00000022111,ENSMUST00000002289.8,appris_principal_1,903,693,70,140,217,Success
ENSMUSG00000033060,ENSMUST00000100337.10,appris_principal_2,6092,5100,200,792,999,Success
ENSMUSG00000098557,ENSMUST00000184744.2,appris_principal_1,6057,984,197,4876,5080,Success
ENSMUSG00000022125,ENSMUST00000022721.8,appris_principal_1,2445,1026,130,1289,1426,Success
ENSMUSG00000022124,ENSMUST00000022720.15,appris_principal_1,4309,1287,394,2628,3029,Success
ENSMUSG00000055717,ENSMUST00000069443.14,appris_principal_1,2863,1740,127,996,1130,Success
ENSMUSG00000053253,ENSMUST00000249907.1,appris_principal_1,2393,726,252,1415,1674,Success
ENSMUSG00000022114,ENSMUST00000022709.6,appris_principal_1,2087,948,283,856,1146,Success
ENSMUSG00000058571,ENSMUST00000088483.10,appris_principal_1,3488,1668,362,1458,1827,Success
ENSMUSG00000022131,ENSMUST00000022728.4,appris_principal_1,1875,1326,35,514,556,Success
ENSMUSG00000032849,ENSMUST00000036554.14,appris_principal_1,5715,3978,96,1641,1744,Success
ENSMUSG00000042156,ENSMUST00000047208.12,appris_principal_1,4476,2559,254,1663,1924,Success
ENSMUSG00000022136,ENSMUST00000022734.9,appris_principal_1,5141,1515,113,3513,3633,Success
ENSMUSG00000022139,ENSMUST00000167459.3,Ensembl_canonical,4534,1158,630,2746,3383,Success
ENSMUSG00000030662,ENSMUST00000032898.9,appris_principal_1,4518,3294,30,1194,1231,Success
ENSMUSG00000025555,ENSMUST00000026635.8,appris_principal_1,4885,3147,385,1353,1745,Success
ENSMUSG00000063410,ENSMUST00000079817.8,appris_principal_1,2676,1296,395,985,1387,Success
ENSMUSG00000025558,ENSMUST00000212181.2,appris_principal_1,7368,6267,104,997,1108,Success
ENSMUSG00000025544,ENSMUST00000026624.11,appris_principal_1,3107,1989,230,888,1125,Success
ENSMUSG00000041703,ENSMUST00000039118.7,appris_principal_1,4767,1869,360,2538,2905,Success
ENSMUSG00000061524,ENSMUST00000075888.6,appris_principal_1,2440,1590,241,609,857,Success
ENSMUSG00000041650,ENSMUST00000038374.13,appris_principal_1,2592,2175,28,389,424,Short_or_Missing_UTRs
ENSMUSG00000041594,ENSMUST00000037726.14,appris_principal_1,3416,2226,166,1024,1197,Success
ENSMUSG00000041935,ENSMUST00000046633.10,appris_principal_1,5076,885,30,4161,4198,Success
ENSMUSG00000022186,ENSMUST00000110690.9,appris_principal_1,3527,1563,389,1575,1971,Success
ENSMUSG00000022151,ENSMUST00000118193.8,appris_principal_1,1671,789,49,833,889,Success
ENSMUSG00000039942,ENSMUST00000120563.2,appris_principal_1,3312,1467,612,1233,1852,Success
ENSMUSG00000022150,ENSMUST00000110664.9,appris_principal_2,4450,2238,283,1929,2219,Success
ENSMUSG00000050310,ENSMUST00000061656.8,appris_principal_1,9312,5127,20,4165,4192,Short_or_Missing_UTRs
ENSMUSG00000022146,ENSMUST00000022746.13,Ensembl_canonical,5491,2916,781,1794,2582,Success
ENSMUSG00000054263,ENSMUST00000067190.12,appris_principal_1,4143,3279,290,574,871,Success
ENSMUSG00000022142,ENSMUST00000163765.3,appris_principal_1,7832,4176,173,3483,3663,Success
ENSMUSG00000022141,ENSMUST00000052965.8,appris_principal_1,9423,8397,418,608,1033,Success
ENSMUSG00000005360,ENSMUST00000005493.14,appris_principal_1,4163,1632,523,2008,2538,Success
ENSMUSG00000022253,ENSMUST00000190591.10,appris_principal_1,4135,1359,242,2534,2783,Success
ENSMUSG00000054115,ENSMUST00000096482.10,appris_principal_1,3118,1275,174,1669,1850,Success
ENSMUSG00000039704,ENSMUST00000227556.3,appris_principal_1,8098,2085,247,5766,6020,Success
ENSMUSG00000005268,ENSMUST00000124470.8,appris_principal_3,9900,1827,331,7742,8080,Success
ENSMUSG00000044224,ENSMUST00000136591.8,appris_principal_1,2060,1596,155,309,471,Success
ENSMUSG00000022246,ENSMUST00000090339.11,appris_principal_1,4909,2940,241,1728,1976,Success
ENSMUSG00000022205,ENSMUST00000022816.15,appris_principal_1,3372,384,109,2879,2995,Success
ENSMUSG00000022201,ENSMUST00000122941.8,appris_principal_1,4850,3225,80,1545,1632,Success
ENSMUSG00000039458,ENSMUST00000038172.16,appris_principal_1,6840,2244,171,4425,4603,Success
ENSMUSG00000022200,ENSMUST00000059680.7,appris_principal_1,2652,897,282,1473,1762,Success
ENSMUSG00000022191,ENSMUST00000169061.8,appris_principal_1,4570,4122,280,168,455,Success
ENSMUSG00000045763,ENSMUST00000058845.9,appris_principal_1,1855,681,222,952,1181,Success
ENSMUSG00000022272,ENSMUST00000110457.8,appris_principal_1,8125,6189,485,1451,1943,Success
ENSMUSG00000052253,ENSMUST00000061875.8,appris_principal_1,2802,1431,184,1187,1378,Success
ENSMUSG00000022265,ENSMUST00000022875.7,appris_principal_1,3498,1479,327,1692,2026,Success
ENSMUSG00000046034,ENSMUST00000059662.8,appris_principal_1,1491,1059,84,348,439,Success
ENSMUSG00000022263,ENSMUST00000090247.7,appris_principal_1,11495,9312,352,1831,2190,Success
ENSMUSG00000022240,ENSMUST00000226119.2,appris_principal_1,4111,3666,76,369,452,Success
ENSMUSG00000039168,ENSMUST00000044524.16,appris_principal_1,1555,309,215,1031,1253,Success
ENSMUSG00000022237,ENSMUST00000110410.10,appris_principal_1,2070,1434,151,485,643,Success
ENSMUSG00000039100,ENSMUST00000090227.6,appris_principal_1,6260,2730,232,3298,3537,Success
ENSMUSG00000022231,ENSMUST00000067458.7,appris_principal_1,10809,3225,658,6926,7591,Success
ENSMUSG00000022261,ENSMUST00000022871.7,appris_principal_1,3527,609,523,2395,2925,Success
ENSMUSG00000038984,ENSMUST00000042021.5,appris_principal_1,4010,1221,87,2702,2796,Success
ENSMUSG00000022255,ENSMUST00000022865.17,appris_principal_1,6919,1740,317,4862,5186,Success
ENSMUSG00000022257,ENSMUST00000022867.5,appris_principal_1,1902,684,296,922,1225,Success
ENSMUSG00000022324,ENSMUST00000227759.2,appris_principal_3,3569,2871,247,451,705,Success
ENSMUSG00000022323,ENSMUST00000022946.6,appris_principal_1,1004,408,138,458,603,Success
ENSMUSG00000022329,ENSMUST00000018476.14,appris_principal_1,2914,1494,254,1166,1427,Success
ENSMUSG00000014313,ENSMUST00000014457.15,appris_principal_1,503,231,135,137,279,Success
ENSMUSG00000037617,ENSMUST00000047348.11,appris_principal_1,3646,2706,217,723,947,Success
ENSMUSG00000022280,ENSMUST00000022890.10,appris_principal_1,4277,2523,318,1436,1761,Success
ENSMUSG00000048307,ENSMUST00000057486.9,appris_principal_1,2509,687,233,1589,1829,Success
ENSMUSG00000022283,ENSMUST00000001809.15,appris_principal_1,2817,1911,467,439,913,Success
ENSMUSG00000022285,ENSMUST00000022894.14,appris_principal_1,3288,738,602,1948,2557,Success
ENSMUSG00000062397,ENSMUST00000078976.9,appris_principal_1,4417,231,277,3909,4193,Success
ENSMUSG00000051359,ENSMUST00000168992.8,appris_principal_1,3538,582,303,2653,2963,Success
ENSMUSG00000022292,ENSMUST00000022901.16,appris_principal_1,4561,1056,212,3293,3512,Success
ENSMUSG00000037465,ENSMUST00000074043.7,appris_principal_1,3044,1440,112,1492,1611,Success
ENSMUSG00000037458,ENSMUST00000065308.13,appris_principal_1,4871,1347,590,2934,3531,Success
ENSMUSG00000022295,ENSMUST00000022904.8,appris_principal_1,2071,1149,183,739,929,Success
ENSMUSG00000022297,ENSMUST00000179165.9,appris_principal_1,4325,2130,561,1634,2202,Success
ENSMUSG00000022299,ENSMUST00000022908.10,appris_principal_1,5905,951,215,4739,4961,Success
ENSMUSG00000022305,ENSMUST00000022916.13,Ensembl_canonical,4109,2577,106,1426,1539,Success
ENSMUSG00000022307,ENSMUST00000166917.3,appris_principal_1,798,651,132,15,154,Short_or_Missing_UTRs
ENSMUSG00000022309,ENSMUST00000022921.7,appris_principal_1,4260,1497,516,2247,2770,Success
ENSMUSG00000022337,ENSMUST00000022962.8,appris_principal_1,1231,894,57,280,344,Success
ENSMUSG00000038736,ENSMUST00000227843.2,Ensembl_canonical,5077,1749,97,3231,3335,Success
ENSMUSG00000022338,ENSMUST00000226827.2,appris_principal_1,558,291,88,179,274,Success
ENSMUSG00000022339,ENSMUST00000227691.2,appris_principal_1,1945,642,210,1093,1310,Success
ENSMUSG00000038679,ENSMUST00000183757.8,Ensembl_canonical,6202,3858,98,2246,2351,Success
ENSMUSG00000022312,ENSMUST00000022925.10,appris_principal_1,1295,1059,66,170,243,Success
ENSMUSG00000022313,ENSMUST00000137116.3,appris_principal_1,2921,750,94,2077,2178,Success
ENSMUSG00000022314,ENSMUST00000022927.11,appris_principal_1,3956,1908,232,1816,2055,Success
ENSMUSG00000061731,ENSMUST00000077273.9,appris_principal_1,7663,2241,796,4626,5429,Success
ENSMUSG00000063727,ENSMUST00000079772.4,appris_principal_1,2818,1206,237,1375,1619,Success
ENSMUSG00000024479,ENSMUST00000025356.4,appris_principal_1,2950,528,317,2105,2429,Success
ENSMUSG00000022422,ENSMUST00000023059.13,appris_principal_1,1324,1200,66,58,131,Success
ENSMUSG00000022419,ENSMUST00000096433.10,appris_principal_3,8547,1230,181,7136,7324,Success
ENSMUSG00000022371,ENSMUST00000110221.10,appris_principal_3,5679,5385,103,191,301,Success
ENSMUSG00000060429,ENSMUST00000039769.13,appris_principal_1,4919,1614,358,2947,3312,Success
ENSMUSG00000071757,ENSMUST00000096430.11,appris_principal_1,4376,2511,619,1246,1872,Success
ENSMUSG00000022365,ENSMUST00000022993.7,appris_principal_1,3175,756,153,2266,2426,Success
ENSMUSG00000022361,ENSMUST00000175805.9,appris_principal_1,4839,2622,431,1786,2224,Success
ENSMUSG00000022360,ENSMUST00000228783.2,appris_principal_2,3472,3123,226,123,356,Success
ENSMUSG00000022358,ENSMUST00000022986.8,appris_principal_1,6976,1068,321,5587,5915,Success
ENSMUSG00000037119,ENSMUST00000037270.5,appris_principal_1,5560,2514,238,2808,3053,Success
ENSMUSG00000062373,ENSMUST00000072113.6,appris_principal_1,3747,705,402,2640,3049,Success
ENSMUSG00000037085,ENSMUST00000036937.9,appris_principal_1,4454,1341,81,3032,3120,Success
ENSMUSG00000037075,ENSMUST00000036904.7,appris_principal_1,4348,2007,85,2256,2348,Success
ENSMUSG00000022354,ENSMUST00000022980.5,appris_principal_1,704,540,82,82,171,Success
ENSMUSG00000022353,ENSMUST00000080371.8,appris_principal_1,4938,2280,462,2196,2665,Success
ENSMUSG00000022350,ENSMUST00000022976.6,appris_principal_1,4033,3480,247,306,560,Success
ENSMUSG00000059586,ENSMUST00000079703.11,appris_principal_1,1054,744,83,227,317,Success
ENSMUSG00000032501,ENSMUST00000067543.8,appris_principal_1,4330,1119,813,2398,3218,Success
ENSMUSG00000022378,ENSMUST00000063838.11,appris_principal_1,3797,975,303,2519,2829,Success
ENSMUSG00000022377,ENSMUST00000177083.8,appris_principal_1,4415,3339,165,911,1083,Success
ENSMUSG00000015002,ENSMUST00000015146.16,appris_principal_1,5215,2460,197,2558,2762,Success
ENSMUSG00000072501,ENSMUST00000230948.2,appris_principal_1,6584,2964,305,3315,3627,Success
ENSMUSG00000005125,ENSMUST00000005256.14,appris_principal_1,2889,1185,155,1549,1711,Success
ENSMUSG00000013846,ENSMUST00000092640.6,appris_principal_1,4985,1014,189,3782,3978,Success
ENSMUSG00000022332,ENSMUST00000022954.7,appris_principal_1,1887,1041,326,520,853,Success
ENSMUSG00000022607,ENSMUST00000239146.2,appris_principal_1,4540,3282,312,946,1265,Success
ENSMUSG00000036661,ENSMUST00000043414.12,appris_principal_1,5299,3825,186,1288,1481,Success
ENSMUSG00000079020,ENSMUST00000151288.8,appris_principal_1,7509,2358,810,4341,5158,Success
ENSMUSG00000059895,ENSMUST00000165541.8,appris_principal_1,3539,522,1165,1852,3024,Success
ENSMUSG00000022602,ENSMUST00000023268.14,appris_principal_1,3055,1191,196,1668,1871,Success
ENSMUSG00000046380,ENSMUST00000050234.4,appris_principal_1,5853,1674,719,3460,4186,Success
ENSMUSG00000056665,ENSMUST00000070923.3,appris_principal_1,1784,624,91,1069,1167,Success
ENSMUSG00000075600,ENSMUST00000100538.4,appris_principal_1,3362,2853,20,489,516,Short_or_Missing_UTRs
ENSMUSG00000022575,ENSMUST00000023238.6,appris_principal_1,1792,1464,159,169,335,Success
ENSMUSG00000046761,ENSMUST00000170153.2,appris_principal_2,4534,3630,140,764,911,Success
ENSMUSG00000063268,ENSMUST00000165738.8,appris_principal_1,3367,2883,185,299,491,Success
ENSMUSG00000022564,ENSMUST00000023225.8,appris_principal_1,1725,1038,149,538,694,Success
ENSMUSG00000022553,ENSMUST00000161527.8,appris_principal_1,1743,777,462,504,973,Success
ENSMUSG00000022558,ENSMUST00000096385.11,appris_principal_1,5268,4923,218,127,352,Success
ENSMUSG00000022556,ENSMUST00000227478.2,appris_principal_1,2084,1578,156,350,513,Success
ENSMUSG00000022555,ENSMUST00000023214.11,appris_principal_1,1888,1497,170,221,398,Success
ENSMUSG00000022560,ENSMUST00000023220.10,appris_principal_1,5289,1353,454,3482,3943,Success
ENSMUSG00000063354,ENSMUST00000230977.2,appris_principal_1,2750,1983,623,144,774,Success
ENSMUSG00000053929,ENSMUST00000176274.2,appris_principal_2,1854,1239,204,411,622,Success
ENSMUSG00000033819,ENSMUST00000037551.15,appris_principal_1,2692,1575,870,247,1124,Success
ENSMUSG00000033728,ENSMUST00000127208.8,appris_principal_1,4849,1482,315,3052,3374,Success
ENSMUSG00000033697,ENSMUST00000239003.2,Ensembl_canonical,4587,3330,260,997,1264,Success
ENSMUSG00000022526,ENSMUST00000080406.7,appris_principal_1,4036,1899,753,1384,2144,Success
ENSMUSG00000003970,ENSMUST00000004072.10,appris_principal_1,851,774,42,35,84,Success
ENSMUSG00000054967,ENSMUST00000229055.2,appris_principal_1,2212,1608,124,480,611,Success
ENSMUSG00000033565,ENSMUST00000171751.10,Ensembl_canonical,6907,1350,385,5172,5564,Success
ENSMUSG00000022443,ENSMUST00000016771.13,appris_principal_1,7433,5883,238,1312,1557,Success
ENSMUSG00000005354,ENSMUST00000005487.12,appris_principal_1,1298,501,100,697,804,Success
ENSMUSG00000016552,ENSMUST00000016696.13,appris_principal_1,4793,1998,157,2638,2802,Success
ENSMUSG00000016637,ENSMUST00000016781.8,appris_principal_1,1013,561,305,147,459,Success
ENSMUSG00000071711,ENSMUST00000167140.8,appris_principal_1,1279,894,60,325,392,Success
ENSMUSG00000022440,ENSMUST00000023075.9,appris_principal_1,2402,795,102,1505,1614,Success
ENSMUSG00000033170,ENSMUST00000164826.8,appris_principal_2,4726,3213,58,1455,1520,Success
ENSMUSG00000049521,ENSMUST00000059619.3,appris_principal_1,2560,1230,364,966,1337,Success
ENSMUSG00000033128,ENSMUST00000041587.8,appris_principal_1,3034,1908,385,741,1133,Success
ENSMUSG00000068220,ENSMUST00000089377.6,appris_principal_1,800,408,71,321,399,Success
ENSMUSG00000033055,ENSMUST00000040676.11,appris_principal_1,1904,900,88,916,1011,Success
ENSMUSG00000033039,ENSMUST00000040320.10,appris_principal_1,6712,2613,320,3779,4106,Success
ENSMUSG00000033020,ENSMUST00000230271.2,appris_principal_1,885,384,406,95,508,Success
ENSMUSG00000042632,ENSMUST00000166977.9,appris_principal_3,3365,2259,583,523,1113,Success
ENSMUSG00000042622,ENSMUST00000229130.2,appris_principal_1,1873,471,185,1217,1409,Success
ENSMUSG00000009035,ENSMUST00000228002.2,appris_principal_3,3315,1245,130,1940,2077,Success
ENSMUSG00000055065,ENSMUST00000054014.9,Ensembl_canonical,4732,1959,497,2276,2780,Success
ENSMUSG00000022427,ENSMUST00000023062.5,appris_principal_1,1569,429,31,1109,1147,Success
ENSMUSG00000022426,ENSMUST00000023061.7,appris_principal_1,3440,609,1002,1829,2838,Success
ENSMUSG00000042524,ENSMUST00000046259.14,Ensembl_canonical,3804,2196,234,1374,1615,Success
ENSMUSG00000022420,ENSMUST00000023055.8,appris_principal_1,1472,318,246,908,1161,Success
ENSMUSG00000022421,ENSMUST00000023057.10,appris_principal_1,5006,1482,183,3341,3531,Success
ENSMUSG00000089715,ENSMUST00000109627.8,appris_principal_2,5806,1245,477,4084,4568,Success
ENSMUSG00000053411,ENSMUST00000089293.11,appris_principal_1,3388,756,123,2509,2639,Success
ENSMUSG00000000489,ENSMUST00000000500.8,appris_principal_1,2944,726,810,1408,2225,Success
ENSMUSG00000022415,ENSMUST00000009727.12,Ensembl_canonical,4180,705,50,3425,3482,Success
ENSMUSG00000022414,ENSMUST00000023050.9,appris_principal_1,2964,1509,29,1426,1462,Short_or_Missing_UTRs
ENSMUSG00000022412,ENSMUST00000023048.12,appris_principal_1,5148,1392,520,3236,3763,Success
ENSMUSG00000042292,ENSMUST00000109579.9,appris_principal_1,4154,2895,265,994,1266,Success
ENSMUSG00000022403,ENSMUST00000172107.8,appris_principal_1,3346,1116,449,1781,2237,Success
ENSMUSG00000022401,ENSMUST00000163754.9,appris_principal_1,6058,1521,86,4451,4544,Success
ENSMUSG00000055024,ENSMUST00000068387.11,appris_principal_1,9566,7239,1232,1095,2334,Success
ENSMUSG00000022391,ENSMUST00000170134.9,appris_principal_1,2984,1770,273,941,1221,Success
ENSMUSG00000022390,ENSMUST00000109554.3,appris_principal_1,5740,2949,296,2495,2798,Success
ENSMUSG00000022389,ENSMUST00000023024.8,appris_principal_3,4079,906,156,3017,3180,Success
ENSMUSG00000048546,ENSMUST00000050467.9,appris_principal_1,4151,1038,656,2457,3120,Success
ENSMUSG00000061360,ENSMUST00000023117.10,appris_principal_1,1663,333,47,1283,1337,Success
ENSMUSG00000022477,ENSMUST00000023116.7,appris_principal_1,2918,2343,204,371,582,Success
ENSMUSG00000022474,ENSMUST00000023112.12,appris_principal_1,1300,789,129,382,518,Success
ENSMUSG00000022472,ENSMUST00000152227.8,appris_principal_1,2934,507,198,2229,2434,Success
ENSMUSG00000022471,ENSMUST00000100399.11,appris_principal_1,3296,1827,1302,167,1476,Success
ENSMUSG00000068114,ENSMUST00000089174.6,appris_principal_1,2046,690,144,1212,1363,Success
ENSMUSG00000022463,ENSMUST00000023100.8,appris_principal_2,5077,3393,222,1462,1691,Success
ENSMUSG00000068101,ENSMUST00000089157.11,appris_principal_1,1202,543,69,590,666,Success
ENSMUSG00000022453,ENSMUST00000023088.8,appris_principal_1,1913,1248,136,529,672,Success
ENSMUSG00000041852,ENSMUST00000048966.7,appris_principal_2,7417,5898,185,1334,1526,Success
ENSMUSG00000041815,ENSMUST00000058793.14,appris_principal_1,3299,1263,131,1905,2043,Success
ENSMUSG00000018042,ENSMUST00000018186.16,appris_principal_1,2422,906,460,1056,1523,Success
ENSMUSG00000054277,ENSMUST00000067215.9,Ensembl_canonical,2619,1575,98,946,1051,Success
ENSMUSG00000016664,ENSMUST00000171436.8,appris_principal_1,3693,1461,221,2011,2239,Success
ENSMUSG00000022442,ENSMUST00000016897.12,appris_principal_1,2060,1272,373,415,795,Success
ENSMUSG00000016757,ENSMUST00000016901.5,appris_principal_1,3774,1920,47,1807,1861,Success
ENSMUSG00000022437,ENSMUST00000023071.8,appris_principal_1,4629,1410,123,3096,3226,Success
ENSMUSG00000022438,ENSMUST00000023072.7,appris_principal_1,3784,1098,29,2657,2693,Short_or_Missing_UTRs
ENSMUSG00000036106,ENSMUST00000065499.5,Ensembl_canonical,1830,1164,181,485,673,Success
ENSMUSG00000016619,ENSMUST00000165443.4,appris_principal_1,4766,1401,250,3115,3372,Success
ENSMUSG00000022434,ENSMUST00000023069.9,appris_principal_1,2518,1074,165,1279,1451,Success
ENSMUSG00000006369,ENSMUST00000057410.14,appris_principal_3,3659,2118,185,1356,1548,Success
ENSMUSG00000016541,ENSMUST00000163242.3,appris_principal_1,1937,1428,220,289,516,Success
ENSMUSG00000064284,ENSMUST00000071876.13,appris_principal_1,997,360,205,432,644,Success
ENSMUSG00000016028,ENSMUST00000016172.10,appris_principal_1,11305,9105,433,1767,2207,Success
ENSMUSG00000035900,ENSMUST00000088931.10,appris_principal_1,4115,1902,33,2180,2220,Success
ENSMUSG00000035891,ENSMUST00000044332.16,appris_principal_1,4518,1596,493,2429,2929,Success
ENSMUSG00000051864,ENSMUST00000063414.9,appris_principal_1,3229,1551,116,1562,1685,Success
ENSMUSG00000022387,ENSMUST00000109381.9,appris_principal_3,5152,3570,319,1263,1589,Success
ENSMUSG00000034333,ENSMUST00000041297.15,appris_principal_1,5425,3507,639,1279,1925,Success
ENSMUSG00000035845,ENSMUST00000162183.8,appris_principal_1,2130,1461,84,585,676,Success
ENSMUSG00000023272,ENSMUST00000024042.5,appris_principal_1,1366,1053,66,247,320,Success
ENSMUSG00000035828,ENSMUST00000042818.11,appris_principal_1,2427,981,482,964,1453,Success
ENSMUSG00000015363,ENSMUST00000081702.12,appris_principal_1,2439,1131,164,1144,1315,Success
ENSMUSG00000035757,ENSMUST00000082439.6,appris_principal_1,2383,2004,25,354,386,Short_or_Missing_UTRs
ENSMUSG00000051786,ENSMUST00000109353.9,appris_principal_2,7635,5310,270,2055,2332,Success
ENSMUSG00000022610,ENSMUST00000088827.8,appris_principal_1,1808,1104,149,555,711,Success
ENSMUSG00000053137,ENSMUST00000088823.5,appris_principal_1,2461,1095,115,1251,1373,Success
ENSMUSG00000036606,ENSMUST00000060808.10,appris_principal_1,6394,5529,133,732,872,Success
ENSMUSG00000036561,ENSMUST00000238818.2,Ensembl_canonical,3378,2853,407,118,532,Success
ENSMUSG00000036529,ENSMUST00000144585.9,appris_principal_3,6165,5682,139,344,490,Success
ENSMUSG00000022614,ENSMUST00000023283.6,appris_principal_1,2906,2109,210,587,804,Success
ENSMUSG00000008690,ENSMUST00000088717.7,Ensembl_canonical,3302,1827,100,1375,1482,Success
ENSMUSG00000022619,ENSMUST00000023291.6,appris_principal_1,5558,2493,308,2757,3072,Success
ENSMUSG00000052560,ENSMUST00000064391.12,appris_principal_1,3366,1734,128,1504,1639,Success
ENSMUSG00000036197,ENSMUST00000057896.5,Ensembl_canonical,1891,1308,70,513,590,Success
ENSMUSG00000022634,ENSMUST00000080299.7,appris_principal_1,1676,540,26,1110,1143,Short_or_Missing_UTRs
ENSMUSG00000022635,ENSMUST00000076070.9,Ensembl_canonical,877,654,174,49,230,Success
ENSMUSG00000036167,ENSMUST00000068457.15,appris_principal_2,3351,939,82,2330,2419,Success
ENSMUSG00000036158,ENSMUST00000109255.3,appris_principal_1,4144,2499,312,1333,1652,Success
ENSMUSG00000022451,ENSMUST00000023087.13,appris_principal_1,3025,1053,103,1869,1979,Success
ENSMUSG00000064210,ENSMUST00000227791.2,Ensembl_canonical,3149,2799,92,258,357,Success
ENSMUSG00000033237,ENSMUST00000096250.5,appris_principal_1,8507,5487,122,2898,3027,Success
ENSMUSG00000033228,ENSMUST00000047835.8,appris_principal_1,5766,4371,263,1132,1402,Success
ENSMUSG00000023169,ENSMUST00000088454.13,appris_principal_1,6966,1458,215,5293,5515,Success
ENSMUSG00000022462,ENSMUST00000023099.8,appris_principal_1,4660,1515,410,2735,3152,Success
ENSMUSG00000048218,ENSMUST00000229890.2,appris_principal_1,2998,1560,583,855,1445,Success
ENSMUSG00000081534,ENSMUST00000117892.2,appris_principal_1,2536,441,126,1969,2102,Success
ENSMUSG00000022475,ENSMUST00000118294.8,appris_principal_2,4069,2841,240,988,1235,Success
ENSMUSG00000033075,ENSMUST00000044189.16,appris_principal_1,6575,1923,506,4146,4659,Success
ENSMUSG00000033065,ENSMUST00000163507.8,appris_principal_1,2816,2343,85,388,480,Success
ENSMUSG00000048175,ENSMUST00000143400.8,appris_principal_1,2226,867,190,1169,1366,Success
ENSMUSG00000022992,ENSMUST00000230542.2,appris_principal_1,3596,1461,371,1764,2142,Success
ENSMUSG00000011960,ENSMUST00000169707.8,appris_principal_1,7397,2175,700,4522,5229,Success
ENSMUSG00000022994,ENSMUST00000096224.6,Ensembl_canonical,6038,3507,154,2377,2538,Success
ENSMUSG00000003352,ENSMUST00000230490.2,appris_principal_1,2477,1455,64,958,1029,Success
ENSMUSG00000054855,ENSMUST00000003451.11,appris_principal_1,2203,699,112,1392,1511,Success
ENSMUSG00000051853,ENSMUST00000053183.12,appris_principal_1,4566,546,321,3699,4027,Success
ENSMUSG00000067713,ENSMUST00000168846.3,appris_principal_1,1652,993,83,576,666,Success
ENSMUSG00000023755,ENSMUST00000024518.11,appris_principal_1,1261,555,279,427,713,Success
ENSMUSG00000022999,ENSMUST00000023736.10,appris_principal_1,2304,1470,310,524,841,Success
ENSMUSG00000072235,ENSMUST00000097014.7,appris_principal_1,1803,1356,250,197,454,Success
ENSMUSG00000043091,ENSMUST00000058914.10,appris_principal_1,1982,1350,531,101,639,Success
ENSMUSG00000038009,ENSMUST00000061295.7,appris_principal_1,1564,1020,302,242,551,Success
ENSMUSG00000051934,ENSMUST00000063517.6,appris_principal_1,3096,1638,604,854,1465,Success
ENSMUSG00000037570,ENSMUST00000041190.17,Ensembl_canonical,1916,1389,210,317,534,Success
ENSMUSG00000023007,ENSMUST00000145482.8,Ensembl_canonical,3308,2622,221,465,693,Success
ENSMUSG00000023010,ENSMUST00000023749.15,appris_principal_1,2452,714,187,1551,1745,Success
ENSMUSG00000023009,ENSMUST00000023747.14,appris_principal_1,4853,3972,217,664,888,Success
ENSMUSG00000023017,ENSMUST00000023758.9,appris_principal_1,4114,1581,543,1990,2540,Success
ENSMUSG00000023018,ENSMUST00000023759.6,appris_principal_1,3307,1548,193,1566,1766,Success
ENSMUSG00000023020,ENSMUST00000023761.4,appris_principal_1,2090,174,210,1706,1923,Success
ENSMUSG00000023021,ENSMUST00000023762.13,appris_principal_2,2096,1245,222,629,858,Success
ENSMUSG00000023022,ENSMUST00000073691.5,appris_principal_2,4243,2262,154,1827,1988,Success
ENSMUSG00000023025,ENSMUST00000100206.4,Ensembl_canonical,6530,2160,186,4184,4377,Success
ENSMUSG00000023026,ENSMUST00000100203.10,appris_principal_1,8914,4725,146,4043,4196,Success
ENSMUSG00000023027,ENSMUST00000023769.11,appris_principal_1,2365,810,270,1285,1562,Success
ENSMUSG00000054619,ENSMUST00000067752.5,appris_principal_1,1946,735,86,1125,1218,Success
ENSMUSG00000023030,ENSMUST00000023774.12,appris_principal_1,3025,1707,132,1186,1325,Success
ENSMUSG00000037353,ENSMUST00000037001.10,appris_principal_1,2502,1083,101,1318,1426,Success
ENSMUSG00000044636,ENSMUST00000061457.7,appris_principal_1,4375,1605,536,2234,2777,Success
ENSMUSG00000009733,ENSMUST00000229696.2,appris_principal_1,3302,1509,134,1659,1800,Success
ENSMUSG00000000346,ENSMUST00000000356.10,appris_principal_1,2135,507,363,1265,1635,Success
ENSMUSG00000053559,ENSMUST00000066068.7,appris_principal_1,1135,294,332,509,848,Success
ENSMUSG00000037280,ENSMUST00000159715.8,appris_principal_1,3796,1869,387,1540,1934,Success
ENSMUSG00000023032,ENSMUST00000023776.13,appris_principal_1,11790,3270,183,8337,8527,Success
ENSMUSG00000000532,ENSMUST00000000544.12,appris_principal_1,4418,1518,78,2822,2907,Success
ENSMUSG00000023034,ENSMUST00000228985.2,appris_principal_1,2553,1806,204,543,754,Success
ENSMUSG00000058655,ENSMUST00000169681.3,appris_principal_1,3854,1836,178,1840,2025,Success
ENSMUSG00000036966,ENSMUST00000154032.2,appris_principal_1,2456,1329,76,1051,1134,Success
ENSMUSG00000023044,ENSMUST00000023805.3,appris_principal_1,2279,1482,183,614,804,Success
ENSMUSG00000046897,ENSMUST00000230867.2,appris_principal_1,744,432,297,15,319,Short_or_Missing_UTRs
ENSMUSG00000001288,ENSMUST00000043172.15,Ensembl_canonical,2953,1377,490,1086,1583,Success
ENSMUSG00000045665,ENSMUST00000051341.6,appris_principal_1,1754,1353,194,207,408,Success
ENSMUSG00000058290,ENSMUST00000064924.6,appris_principal_1,6658,6357,159,142,308,Success
ENSMUSG00000001280,ENSMUST00000001326.7,appris_principal_1,7754,2346,36,5372,5415,Success
ENSMUSG00000023048,ENSMUST00000023810.12,appris_principal_1,1224,414,219,591,817,Success
ENSMUSG00000056851,ENSMUST00000249860.1,Ensembl_canonical,2188,1416,335,437,779,Success
ENSMUSG00000023050,ENSMUST00000023812.10,appris_principal_1,5185,2667,83,2435,2525,Success
ENSMUSG00000023051,ENSMUST00000023813.9,appris_principal_1,1523,1098,91,334,432,Success
ENSMUSG00000099083,ENSMUST00000184616.8,appris_principal_1,7147,1452,110,5585,5702,Success
ENSMUSG00000062683,ENSMUST00000185641.7,appris_principal_1,731,441,140,150,297,Success
ENSMUSG00000023055,ENSMUST00000023818.11,appris_principal_1,2824,2076,156,592,755,Success
ENSMUSG00000036061,ENSMUST00000229377.2,appris_principal_1,3601,840,398,2363,2768,Success
ENSMUSG00000009575,ENSMUST00000118152.8,appris_principal_1,8803,576,130,8097,8234,Success
ENSMUSG00000046434,ENSMUST00000087351.9,appris_principal_1,1737,963,60,714,781,Success
ENSMUSG00000000552,ENSMUST00000168828.3,appris_principal_3,2298,1161,37,1100,1144,Success
ENSMUSG00000000555,ENSMUST00000023128.8,appris_principal_1,4382,3162,237,983,1227,Success
ENSMUSG00000022529,ENSMUST00000023176.5,appris_principal_1,3241,2043,282,916,1205,Success
ENSMUSG00000039789,ENSMUST00000090522.5,appris_principal_1,5668,1260,305,4103,4415,Success
ENSMUSG00000005982,ENSMUST00000186375.8,appris_principal_1,2350,729,130,1491,1628,Success
ENSMUSG00000039738,ENSMUST00000040790.14,appris_principal_1,5706,4698,310,698,1015,Success
ENSMUSG00000022521,ENSMUST00000023165.9,appris_principal_1,10820,7326,774,2720,3501,Success
ENSMUSG00000005580,ENSMUST00000117801.8,appris_principal_1,4507,4062,76,369,452,Success
ENSMUSG00000005718,ENSMUST00000005862.9,appris_principal_1,2247,1017,338,892,1237,Success
ENSMUSG00000014303,ENSMUST00000014447.13,appris_principal_1,3619,1566,272,1781,2060,Success
ENSMUSG00000039646,ENSMUST00000038770.4,appris_principal_1,2829,2022,217,590,814,Success
ENSMUSG00000063445,ENSMUST00000120056.8,appris_principal_1,2440,900,175,1365,1547,Success
ENSMUSG00000004070,ENSMUST00000004172.15,appris_principal_1,1730,948,145,637,789,Success
ENSMUSG00000004071,ENSMUST00000004173.12,appris_principal_1,3953,627,249,3077,3333,Success
ENSMUSG00000039568,ENSMUST00000037843.7,appris_principal_1,1851,531,579,741,1327,Success
ENSMUSG00000022517,ENSMUST00000023159.10,Ensembl_canonical,3095,1671,137,1287,1431,Success
ENSMUSG00000039473,ENSMUST00000230703.2,appris_principal_2,6356,3408,764,2184,2955,Success
ENSMUSG00000039457,ENSMUST00000035672.5,appris_principal_1,6217,5265,78,874,959,Success
ENSMUSG00000023143,ENSMUST00000023911.11,appris_principal_1,2143,1554,30,559,596,Success
ENSMUSG00000022544,ENSMUST00000064635.12,appris_principal_1,2170,1008,47,1115,1169,Success
ENSMUSG00000057880,ENSMUST00000065987.14,appris_principal_1,4636,1503,191,2942,3140,Success
ENSMUSG00000022711,ENSMUST00000023396.10,appris_principal_1,1842,729,101,1012,1120,Success
ENSMUSG00000008393,ENSMUST00000008537.10,appris_principal_1,2858,447,50,2361,2418,Success
ENSMUSG00000022710,ENSMUST00000161046.9,appris_principal_1,4003,3312,57,634,698,Success
ENSMUSG00000022505,ENSMUST00000078357.5,appris_principal_1,3440,519,242,2679,2928,Success
ENSMUSG00000022503,ENSMUST00000023146.5,appris_principal_1,2121,963,29,1129,1165,Short_or_Missing_UTRs
ENSMUSG00000038055,ENSMUST00000184863.8,appris_principal_1,2537,288,364,1885,2256,Success
ENSMUSG00000068663,ENSMUST00000115824.10,Ensembl_canonical,6244,3111,224,2909,3140,Success
ENSMUSG00000022500,ENSMUST00000023143.14,appris_principal_1,2235,486,81,1668,1756,Success
ENSMUSG00000037972,ENSMUST00000228962.2,appris_principal_1,847,267,182,398,587,Success
ENSMUSG00000022498,ENSMUST00000038424.14,appris_principal_1,3095,2847,141,107,255,Success
ENSMUSG00000037965,ENSMUST00000037633.16,appris_principal_1,3825,2913,208,704,919,Success
ENSMUSG00000005846,ENSMUST00000119953.2,appris_principal_1,1945,1359,76,510,593,Success
ENSMUSG00000062203,ENSMUST00000080030.14,Ensembl_canonical,2898,1911,212,775,994,Success
ENSMUSG00000071669,ENSMUST00000180792.8,appris_principal_1,2667,2457,64,146,217,Success
ENSMUSG00000065979,ENSMUST00000096272.11,appris_principal_1,2663,939,88,1636,1731,Success
ENSMUSG00000009569,ENSMUST00000149359.2,appris_principal_2,8295,3243,218,4834,5059,Success
ENSMUSG00000022685,ENSMUST00000058884.10,appris_principal_1,2906,1875,141,890,1038,Success
ENSMUSG00000022684,ENSMUST00000023365.13,appris_principal_1,3003,1353,295,1355,1657,Success
ENSMUSG00000022680,ENSMUST00000115804.9,appris_principal_2,2880,2133,86,661,754,Success
ENSMUSG00000060657,ENSMUST00000090300.6,appris_principal_1,7751,5211,183,2357,2547,Success
ENSMUSG00000022678,ENSMUST00000023359.13,appris_principal_1,2287,1035,135,1117,1259,Success
ENSMUSG00000023088,ENSMUST00000100167.10,appris_principal_1,6792,4587,36,2169,2212,Success
ENSMUSG00000022676,ENSMUST00000023356.8,appris_principal_1,2021,810,122,1089,1218,Success
ENSMUSG00000022674,ENSMUST00000115777.10,appris_principal_1,4207,438,49,3720,3776,Success
ENSMUSG00000041974,ENSMUST00000040248.9,appris_principal_1,3282,2802,74,406,487,Success
ENSMUSG00000022789,ENSMUST00000096229.11,appris_principal_3,3966,2139,73,1754,1834,Success
ENSMUSG00000022788,ENSMUST00000161861.8,appris_principal_1,8342,2301,395,5646,6048,Success
ENSMUSG00000026181,ENSMUST00000027373.12,appris_principal_1,4922,1359,221,3342,3570,Success
ENSMUSG00000063358,ENSMUST00000232611.2,appris_principal_1,2390,1077,245,1068,1320,Success
ENSMUSG00000022769,ENSMUST00000023453.10,appris_principal_1,1108,666,73,369,449,Success
ENSMUSG00000038965,ENSMUST00000232139.2,appris_principal_1,2906,465,326,2115,2448,Success
ENSMUSG00000041720,ENSMUST00000036161.12,appris_principal_1,6431,6135,78,218,303,Success
ENSMUSG00000022765,ENSMUST00000023449.11,appris_principal_1,3447,783,137,2527,2671,Success
ENSMUSG00000006134,ENSMUST00000006293.5,appris_principal_1,5042,912,491,3639,4137,Success
ENSMUSG00000022761,ENSMUST00000023444.11,appris_principal_1,3394,2514,340,540,887,Success
ENSMUSG00000012114,ENSMUST00000012259.9,appris_principal_1,3410,2370,124,916,1047,Success
ENSMUSG00000012017,ENSMUST00000012161.5,appris_principal_2,3308,2502,97,709,813,Success
ENSMUSG00000003528,ENSMUST00000003622.16,appris_principal_1,1666,936,140,590,737,Success
ENSMUSG00000060166,ENSMUST00000076957.7,appris_principal_1,4868,2289,126,2453,2586,Success
ENSMUSG00000005732,ENSMUST00000115645.10,appris_principal_1,1085,612,170,303,480,Success
ENSMUSG00000022721,ENSMUST00000115640.8,Ensembl_canonical,2367,1842,348,177,532,Success
ENSMUSG00000022718,ENSMUST00000009321.11,appris_principal_1,4320,2322,424,1574,2005,Success
ENSMUSG00000013539,ENSMUST00000115628.10,appris_principal_1,1622,831,186,605,798,Success
ENSMUSG00000000326,ENSMUST00000165430.8,appris_principal_1,1978,798,229,951,1187,Success
ENSMUSG00000005262,ENSMUST00000115578.10,appris_principal_1,2078,924,208,946,1161,Success
ENSMUSG00000062901,ENSMUST00000023509.5,appris_principal_1,8172,1803,254,6115,6376,Success
ENSMUSG00000041215,ENSMUST00000115560.4,appris_principal_1,6112,4224,188,1700,1895,Success
ENSMUSG00000022822,ENSMUST00000079158.13,appris_principal_1,5811,4311,199,1301,1507,Success
ENSMUSG00000003235,ENSMUST00000003320.14,appris_principal_1,2554,2154,97,303,407,Success
ENSMUSG00000003233,ENSMUST00000171572.9,Ensembl_canonical,3983,2157,131,1695,1833,Success
ENSMUSG00000022841,ENSMUST00000090023.13,appris_principal_3,2080,1302,167,611,785,Success
ENSMUSG00000003234,ENSMUST00000003319.6,appris_principal_1,3090,2130,96,864,967,Success
ENSMUSG00000006998,ENSMUST00000007212.9,appris_principal_1,2961,2727,65,169,241,Success
ENSMUSG00000005958,ENSMUST00000006112.7,appris_principal_1,4185,2982,415,788,1210,Success
ENSMUSG00000022856,ENSMUST00000023562.9,appris_principal_1,1360,795,66,499,572,Success
ENSMUSG00000022855,ENSMUST00000023561.8,appris_principal_1,4499,1767,158,2574,2739,Success
ENSMUSG00000033581,ENSMUST00000100052.11,appris_principal_1,3899,1779,336,1784,2127,Success
ENSMUSG00000022858,ENSMUST00000161286.8,appris_principal_2,3403,867,229,2307,2543,Success
ENSMUSG00000013089,ENSMUST00000079601.13,appris_principal_1,3975,1533,281,2161,2449,Success
ENSMUSG00000004462,ENSMUST00000004576.8,appris_principal_1,2803,1659,368,776,1151,Success
ENSMUSG00000022884,ENSMUST00000023599.13,appris_principal_1,2208,1224,348,636,991,Success
ENSMUSG00000022885,ENSMUST00000023601.14,appris_principal_1,4506,1212,816,2478,3301,Success
ENSMUSG00000022508,ENSMUST00000023151.6,appris_principal_1,3525,2124,328,1073,1408,Success
ENSMUSG00000022514,ENSMUST00000023156.13,appris_principal_1,4520,1713,131,2676,2814,Success
ENSMUSG00000038127,ENSMUST00000100026.10,appris_principal_2,7089,918,220,5951,6178,Success
ENSMUSG00000038084,ENSMUST00000160597.8,appris_principal_3,6230,2883,206,3141,3354,Success
ENSMUSG00000022528,ENSMUST00000023171.8,appris_principal_1,1468,849,251,368,626,Success
ENSMUSG00000022533,ENSMUST00000100013.9,Ensembl_canonical,7310,3750,279,3281,3567,Success
ENSMUSG00000022537,ENSMUST00000140402.8,appris_principal_1,2405,1302,79,1024,1110,Success
ENSMUSG00000022538,ENSMUST00000117363.9,appris_principal_1,3180,1935,56,1189,1252,Success
ENSMUSG00000046546,ENSMUST00000059078.4,appris_principal_1,3075,1275,877,923,1807,Success
ENSMUSG00000049076,ENSMUST00000230614.2,appris_principal_2,3414,2313,171,930,1108,Success
ENSMUSG00000047714,ENSMUST00000060188.14,appris_principal_1,4078,621,307,3150,3464,Success
ENSMUSG00000046598,ENSMUST00000089759.9,appris_principal_1,1711,1032,276,403,686,Success
ENSMUSG00000022770,ENSMUST00000115201.8,appris_principal_3,3248,2739,444,65,516,Success
ENSMUSG00000022774,ENSMUST00000023460.7,appris_principal_1,2070,471,137,1462,1606,Success
ENSMUSG00000022772,ENSMUST00000231360.2,appris_principal_1,6332,2250,327,3755,4089,Success
ENSMUSG00000022781,ENSMUST00000023467.9,appris_principal_1,5741,1575,276,3890,4173,Success
ENSMUSG00000023791,ENSMUST00000096109.11,appris_principal_2,993,765,169,59,235,Success
ENSMUSG00000035790,ENSMUST00000115168.9,appris_principal_1,1718,492,424,802,1233,Success
ENSMUSG00000035764,ENSMUST00000042732.6,appris_principal_1,4179,861,347,2971,3325,Success
ENSMUSG00000014074,ENSMUST00000171474.2,Ensembl_canonical,4460,1704,648,2108,2763,Success
ENSMUSG00000053774,ENSMUST00000115151.5,appris_principal_1,10313,1470,31,8812,8850,Success
ENSMUSG00000005615,ENSMUST00000079791.11,appris_principal_1,4789,1104,118,3567,3692,Success
ENSMUSG00000022797,ENSMUST00000023486.15,appris_principal_1,4890,2292,140,2458,2605,Success
ENSMUSG00000022791,ENSMUST00000238856.2,Ensembl_canonical,4267,3219,246,802,1055,Success
ENSMUSG00000035629,ENSMUST00000040986.15,appris_principal_3,5257,2826,191,2240,2438,Success
ENSMUSG00000022800,ENSMUST00000023489.11,appris_principal_1,4312,954,113,3245,3365,Success
ENSMUSG00000022801,ENSMUST00000135193.9,appris_principal_2,2794,2391,0,403,0,Short_or_Missing_UTRs
ENSMUSG00000035578,ENSMUST00000115100.9,appris_principal_1,5618,1260,103,4255,4365,Success
ENSMUSG00000060636,ENSMUST00000078804.12,appris_principal_1,491,333,90,68,165,Success
ENSMUSG00000022807,ENSMUST00000232181.2,appris_principal_2,4475,2274,733,1468,2208,Success
ENSMUSG00000022811,ENSMUST00000165418.9,appris_principal_1,9830,2385,426,7019,7452,Success
ENSMUSG00000075254,ENSMUST00000126532.2,appris_principal_2,6714,4014,67,2633,2707,Success
ENSMUSG00000022817,ENSMUST00000115028.11,appris_principal_1,3282,2400,296,586,889,Success
ENSMUSG00000022814,ENSMUST00000023510.7,appris_principal_1,3484,1446,57,1981,2045,Success
ENSMUSG00000022833,ENSMUST00000023532.7,appris_principal_2,4107,2805,42,1260,1309,Success
ENSMUSG00000022836,ENSMUST00000023538.9,appris_principal_1,7824,5853,83,1888,1978,Success
ENSMUSG00000035376,ENSMUST00000061156.10,appris_principal_1,3598,765,53,2780,2840,Success
ENSMUSG00000034473,ENSMUST00000043521.5,appris_principal_1,3992,924,112,2956,3075,Success
ENSMUSG00000022844,ENSMUST00000023550.9,appris_principal_1,1809,1554,109,146,262,Success
ENSMUSG00000022848,ENSMUST00000023554.9,appris_principal_1,5395,1437,115,3843,3965,Success
ENSMUSG00000034422,ENSMUST00000042665.9,appris_principal_1,7417,5454,191,1772,1970,Success
ENSMUSG00000022906,ENSMUST00000114878.8,appris_principal_1,3548,2493,679,376,1062,Success
ENSMUSG00000022905,ENSMUST00000004054.13,appris_principal_1,5039,1617,199,3223,3429,Success
ENSMUSG00000022837,ENSMUST00000023535.4,appris_principal_1,2257,1797,168,292,467,Success
ENSMUSG00000022828,ENSMUST00000023525.9,appris_principal_1,3084,1323,162,1599,1768,Success
ENSMUSG00000022816,ENSMUST00000114763.3,appris_principal_1,3789,921,280,2588,2875,Success
ENSMUSG00000034158,ENSMUST00000078717.7,appris_principal_1,8604,1101,107,7396,7510,Success
ENSMUSG00000022812,ENSMUST00000114750.2,Ensembl_canonical,1750,1302,238,210,455,Success
ENSMUSG00000034064,ENSMUST00000036210.7,appris_principal_1,2758,1179,91,1488,1586,Success
ENSMUSG00000002845,ENSMUST00000163884.8,appris_principal_1,1645,1461,139,45,191,Success
ENSMUSG00000022799,ENSMUST00000023487.5,appris_principal_1,7964,4278,601,3085,3693,Success
ENSMUSG00000022793,ENSMUST00000023482.13,appris_principal_1,2304,1035,250,1019,1276,Success
ENSMUSG00000036292,ENSMUST00000214098.2,appris_principal_1,2046,1989,47,10,64,Short_or_Missing_UTRs
ENSMUSG00000052459,ENSMUST00000114666.9,appris_principal_1,4234,1854,358,2022,2387,Success
ENSMUSG00000022698,ENSMUST00000159514.8,Ensembl_canonical,3756,528,394,2834,3235,Success
ENSMUSG00000036208,ENSMUST00000048788.14,appris_principal_1,2866,1695,62,1109,1178,Success
ENSMUSG00000022664,ENSMUST00000023344.10,appris_principal_1,4233,1314,345,2574,2926,Success
ENSMUSG00000022663,ENSMUST00000023343.4,appris_principal_1,2057,945,315,797,1119,Success
ENSMUSG00000033157,ENSMUST00000066983.13,appris_principal_1,2848,894,64,1890,1961,Success
ENSMUSG00000033149,ENSMUST00000036355.13,appris_principal_1,5483,3750,185,1548,1740,Success
ENSMUSG00000022656,ENSMUST00000023335.13,appris_principal_1,9116,1533,193,7390,7590,Success
ENSMUSG00000064061,ENSMUST00000121869.8,appris_principal_1,5820,3615,445,1760,2212,Success
ENSMUSG00000032965,ENSMUST00000046777.11,appris_principal_1,2601,1290,105,1206,1318,Success
ENSMUSG00000055447,ENSMUST00000229206.2,appris_principal_1,1316,966,142,208,357,Success
ENSMUSG00000022641,ENSMUST00000138166.8,appris_principal_1,8743,2724,304,5715,6026,Success
ENSMUSG00000022637,ENSMUST00000226593.2,appris_principal_3,3864,2949,94,821,922,Success
ENSMUSG00000022636,ENSMUST00000170035.8,appris_principal_3,1917,1713,0,204,0,Short_or_Missing_UTRs
ENSMUSG00000035356,ENSMUST00000114457.8,appris_principal_1,3767,1890,522,1355,1884,Success
ENSMUSG00000075033,ENSMUST00000099705.5,appris_principal_1,6436,1680,533,4223,4763,Success
ENSMUSG00000022604,ENSMUST00000023270.14,appris_principal_1,7911,2571,60,5280,5347,Success
ENSMUSG00000022601,ENSMUST00000050248.9,appris_principal_1,4920,3153,179,1588,1774,Success
ENSMUSG00000071533,ENSMUST00000114444.9,appris_principal_1,2295,537,73,1685,1765,Success
ENSMUSG00000052917,ENSMUST00000089362.9,appris_principal_2,4825,3114,71,1640,1718,Success
ENSMUSG00000022757,ENSMUST00000065515.14,appris_principal_1,1945,1194,312,439,758,Success
ENSMUSG00000022754,ENSMUST00000023435.6,appris_principal_1,2701,822,357,1522,1886,Success
ENSMUSG00000022752,ENSMUST00000166897.3,appris_principal_1,5964,1836,159,3969,4135,Success
ENSMUSG00000022749,ENSMUST00000226586.2,appris_principal_3,3112,2100,0,1012,0,Short_or_Missing_UTRs
ENSMUSG00000043336,ENSMUST00000159816.8,appris_principal_2,4452,3396,376,680,1063,Success
ENSMUSG00000035107,ENSMUST00000046663.8,appris_principal_1,6561,2310,313,3938,4258,Success
ENSMUSG00000022747,ENSMUST00000137035.8,appris_principal_1,4123,990,611,2522,3140,Success
ENSMUSG00000022742,ENSMUST00000060077.7,appris_principal_1,3097,1332,136,1629,1772,Success
ENSMUSG00000022744,ENSMUST00000023426.12,appris_principal_1,2147,762,193,1192,1392,Success
ENSMUSG00000022724,ENSMUST00000023407.12,appris_principal_1,2159,1398,199,562,768,Success
ENSMUSG00000022722,ENSMUST00000023405.16,appris_principal_1,1696,561,265,870,1142,Success
ENSMUSG00000050312,ENSMUST00000063089.12,appris_principal_1,3813,1047,95,2671,2773,Success
ENSMUSG00000022911,ENSMUST00000089289.6,appris_principal_1,3528,1284,297,1947,2251,Success
ENSMUSG00000054604,ENSMUST00000067744.8,appris_principal_1,4425,504,490,3431,3928,Success
ENSMUSG00000004843,ENSMUST00000004965.8,appris_principal_1,1872,642,218,1012,1237,Success
ENSMUSG00000022707,ENSMUST00000163832.8,appris_principal_1,2984,2109,204,671,882,Success
ENSMUSG00000022883,ENSMUST00000023600.8,appris_principal_1,7563,4839,991,1733,2731,Success
ENSMUSG00000032932,ENSMUST00000046283.16,appris_principal_1,4237,1416,62,2759,2828,Success
ENSMUSG00000048490,ENSMUST00000121927.8,appris_principal_1,7868,3486,600,3782,4389,Success
ENSMUSG00000022867,ENSMUST00000239066.2,Ensembl_canonical,4986,3378,390,1218,1615,Success
ENSMUSG00000022865,ENSMUST00000023572.15,appris_principal_3,5742,1098,336,4308,4651,Success
ENSMUSG00000022863,ENSMUST00000023570.14,appris_principal_1,1414,759,216,439,662,Success
ENSMUSG00000022864,ENSMUST00000231973.2,appris_principal_1,5687,873,34,4780,4821,Success
ENSMUSG00000008976,ENSMUST00000114184.8,appris_principal_1,2202,1365,125,712,844,Success
ENSMUSG00000022892,ENSMUST00000226232.2,appris_principal_1,3120,2256,177,687,871,Success
ENSMUSG00000022893,ENSMUST00000023610.15,appris_principal_1,4884,2907,403,1574,1984,Success
ENSMUSG00000044442,ENSMUST00000054442.11,appris_principal_1,1884,645,68,1171,1246,Success
ENSMUSG00000041079,ENSMUST00000039101.12,appris_principal_1,2009,873,151,985,1143,Success
ENSMUSG00000025616,ENSMUST00000026710.12,appris_principal_1,3205,2478,441,286,734,Success
ENSMUSG00000025612,ENSMUST00000026703.6,appris_principal_1,5867,2220,172,3475,3654,Success
ENSMUSG00000002489,ENSMUST00000163370.8,appris_principal_1,7255,4776,468,2011,2486,Success
ENSMUSG00000022982,ENSMUST00000023707.11,appris_principal_1,641,465,104,72,183,Success
ENSMUSG00000022983,ENSMUST00000039280.9,appris_principal_2,4266,3630,393,243,643,Success
ENSMUSG00000053414,ENSMUST00000065856.8,appris_principal_1,5393,2145,443,2805,3255,Success
ENSMUSG00000022974,ENSMUST00000118522.8,appris_principal_1,3973,2760,189,1024,1220,Success
ENSMUSG00000022967,ENSMUST00000023689.11,appris_principal_1,3909,1773,106,2030,2143,Success
ENSMUSG00000022965,ENSMUST00000023687.9,appris_principal_1,3708,999,91,2618,2716,Success
ENSMUSG00000022964,ENSMUST00000023686.15,appris_principal_1,2347,477,260,1610,1877,Success
ENSMUSG00000022961,ENSMUST00000114037.9,appris_principal_2,8399,7335,29,1035,1071,Short_or_Missing_UTRs
ENSMUSG00000022960,ENSMUST00000023682.12,appris_principal_1,2365,1683,58,624,689,Success
ENSMUSG00000022956,ENSMUST00000023677.10,appris_principal_1,838,642,132,64,203,Success
ENSMUSG00000089774,ENSMUST00000113975.3,appris_principal_1,10913,2157,496,8260,8763,Success
ENSMUSG00000022951,ENSMUST00000023672.10,appris_principal_1,2190,597,95,1498,1600,Success
ENSMUSG00000022952,ENSMUST00000023673.14,appris_principal_1,5861,1398,274,4189,4470,Success
ENSMUSG00000039456,ENSMUST00000202261.5,appris_principal_1,4179,2829,189,1161,1357,Success
ENSMUSG00000040820,ENSMUST00000163193.9,appris_principal_2,5371,2169,292,2910,3209,Success
ENSMUSG00000040785,ENSMUST00000117648.9,appris_principal_1,7415,5940,255,1220,1482,Success
ENSMUSG00000022898,ENSMUST00000023615.7,appris_principal_1,2547,894,436,1217,1660,Success
ENSMUSG00000022897,ENSMUST00000122284.9,appris_principal_3,2311,2178,133,0,0,Short_or_Missing_UTRs
ENSMUSG00000022895,ENSMUST00000023612.17,appris_principal_1,3890,1407,570,1913,2490,Success
ENSMUSG00000022914,ENSMUST00000099502.9,appris_principal_2,8547,6915,126,1506,1639,Success
ENSMUSG00000040681,ENSMUST00000050884.16,appris_principal_1,2174,291,125,1758,1890,Success
ENSMUSG00000023147,ENSMUST00000023913.11,appris_principal_1,2495,525,70,1900,1977,Success
ENSMUSG00000040605,ENSMUST00000047275.8,appris_principal_1,7646,1545,60,6041,6108,Success
ENSMUSG00000014039,ENSMUST00000095849.10,Ensembl_canonical,6346,3525,108,2713,2828,Success
ENSMUSG00000045975,ENSMUST00000170757.3,appris_principal_1,6556,2091,318,4147,4472,Success
ENSMUSG00000046962,ENSMUST00000063605.15,appris_principal_2,5463,3201,214,2048,2269,Success
ENSMUSG00000046201,ENSMUST00000076734.8,appris_principal_1,4866,3807,410,649,1066,Success
ENSMUSG00000036983,ENSMUST00000041003.8,appris_principal_1,1402,1038,68,296,371,Success
ENSMUSG00000069729,ENSMUST00000232180.2,Ensembl_canonical,7309,6891,0,418,0,Short_or_Missing_UTRs
ENSMUSG00000004945,ENSMUST00000005053.14,appris_principal_1,948,423,26,499,532,Short_or_Missing_UTRs
ENSMUSG00000034265,ENSMUST00000089185.6,appris_principal_1,3078,1470,890,718,1615,Success
ENSMUSG00000002365,ENSMUST00000002436.11,appris_principal_1,3331,1788,206,1337,1550,Success
ENSMUSG00000023805,ENSMUST00000115791.10,appris_principal_2,5664,4440,171,1053,1231,Success
ENSMUSG00000015659,ENSMUST00000097432.10,appris_principal_1,4007,1965,124,1918,2049,Success
ENSMUSG00000034377,ENSMUST00000039655.3,appris_principal_1,9687,4644,757,4286,5050,Success
ENSMUSG00000052397,ENSMUST00000064234.7,appris_principal_1,3164,1761,141,1262,1410,Success
ENSMUSG00000023809,ENSMUST00000024575.8,appris_principal_1,5406,2202,230,2974,3211,Success
ENSMUSG00000023861,ENSMUST00000155364.8,appris_principal_1,958,330,129,499,635,Success
ENSMUSG00000023868,ENSMUST00000089085.10,appris_principal_1,7769,2391,386,4992,5385,Success
ENSMUSG00000062078,ENSMUST00000233645.2,appris_principal_1,8547,1026,507,7014,7528,Success
ENSMUSG00000023827,ENSMUST00000024594.9,appris_principal_1,1915,1137,212,566,785,Success
ENSMUSG00000014426,ENSMUST00000089058.7,Ensembl_canonical,5441,4794,168,479,654,Success
ENSMUSG00000068039,ENSMUST00000151287.8,appris_principal_1,2446,1671,184,591,782,Success
ENSMUSG00000023832,ENSMUST00000007005.14,appris_principal_1,2250,1194,84,972,1063,Success
ENSMUSG00000060475,ENSMUST00000159551.8,appris_principal_1,2060,1191,197,672,876,Success
ENSMUSG00000068036,ENSMUST00000139666.8,appris_principal_3,7732,5463,126,2143,2276,Success
ENSMUSG00000023883,ENSMUST00000024657.12,appris_principal_1,1663,1494,79,90,176,Success
ENSMUSG00000036552,ENSMUST00000097393.11,appris_principal_1,2535,1869,433,233,673,Success
ENSMUSG00000014773,ENSMUST00000014917.8,appris_principal_1,3581,2169,736,676,1419,Success
ENSMUSG00000014763,ENSMUST00000055352.8,appris_principal_1,4420,2361,376,1683,2066,Success
ENSMUSG00000014771,ENSMUST00000054450.7,appris_principal_1,1120,1032,28,60,95,Short_or_Missing_UTRs
ENSMUSG00000023852,ENSMUST00000024627.14,appris_principal_1,7916,5136,493,2287,2787,Success
ENSMUSG00000048027,ENSMUST00000170578.3,appris_principal_1,5698,1311,430,3957,4394,Success
ENSMUSG00000023845,ENSMUST00000041047.4,appris_principal_1,12052,3078,635,8339,8981,Success
ENSMUSG00000071256,ENSMUST00000095606.5,appris_principal_1,2686,1407,386,893,1286,Success
ENSMUSG00000041319,ENSMUST00000047436.11,appris_principal_1,1504,1026,290,188,485,Success
ENSMUSG00000023904,ENSMUST00000024697.5,Ensembl_canonical,946,363,375,208,590,Success
ENSMUSG00000023905,ENSMUST00000024698.10,appris_principal_1,984,390,48,546,601,Success
ENSMUSG00000023909,ENSMUST00000024702.5,appris_principal_1,2575,822,373,1380,1760,Success
ENSMUSG00000040097,ENSMUST00000045517.10,appris_principal_1,2798,2022,547,229,783,Success
ENSMUSG00000039218,ENSMUST00000190686.7,appris_principal_1,8864,8112,241,511,759,Success
ENSMUSG00000016946,ENSMUST00000017090.6,appris_principal_1,2443,705,57,1681,1745,Success
ENSMUSG00000024122,ENSMUST00000102927.10,appris_principal_3,7161,1680,135,5346,5488,Success
ENSMUSG00000024121,ENSMUST00000024932.12,appris_principal_1,1183,468,177,538,722,Success
ENSMUSG00000036473,ENSMUST00000097376.10,Ensembl_canonical,7265,1686,318,5261,5586,Success
ENSMUSG00000072082,ENSMUST00000115390.5,appris_principal_1,4133,2334,99,1700,1806,Success
ENSMUSG00000024130,ENSMUST00000039013.15,appris_principal_1,6476,5115,560,801,1368,Success
ENSMUSG00000034681,ENSMUST00000163717.2,Ensembl_canonical,1920,918,292,710,1009,Success
ENSMUSG00000024137,ENSMUST00000056032.9,appris_principal_1,2574,2349,23,202,232,Short_or_Missing_UTRs
ENSMUSG00000043445,ENSMUST00000053024.8,appris_principal_1,2627,966,118,1543,1668,Success
ENSMUSG00000024142,ENSMUST00000179163.3,appris_principal_1,3340,981,77,2282,2366,Success
ENSMUSG00000052752,ENSMUST00000176652.8,appris_principal_1,3003,2010,211,782,1000,Success
ENSMUSG00000002504,ENSMUST00000002572.6,appris_principal_1,2136,1014,177,945,1129,Success
ENSMUSG00000007021,ENSMUST00000007236.5,appris_principal_1,1965,690,136,1139,1282,Success
ENSMUSG00000040888,ENSMUST00000046839.10,appris_principal_1,1776,597,89,1090,1186,Success
ENSMUSG00000040688,ENSMUST00000126319.8,appris_principal_1,5226,2406,96,2724,2827,Success
ENSMUSG00000075705,ENSMUST00000115262.9,appris_principal_1,886,351,66,469,542,Success
ENSMUSG00000045316,ENSMUST00000049642.7,appris_principal_1,1473,666,281,526,814,Success
ENSMUSG00000073436,ENSMUST00000121542.2,appris_principal_1,1521,1122,38,361,406,Success
ENSMUSG00000024163,ENSMUST00000088345.12,Ensembl_canonical,5543,4014,114,1415,1536,Success
ENSMUSG00000024165,ENSMUST00000024981.9,appris_principal_1,2672,573,78,2021,2106,Success
ENSMUSG00000038002,ENSMUST00000073337.8,appris_principal_1,7519,3858,105,3556,3668,Success
ENSMUSG00000015120,ENSMUST00000173084.9,appris_principal_1,3230,477,833,1920,2760,Success
ENSMUSG00000041199,ENSMUST00000237785.2,appris_principal_1,1761,921,160,680,847,Success
ENSMUSG00000063011,ENSMUST00000075884.8,Ensembl_canonical,2114,1890,95,129,231,Success
ENSMUSG00000002274,ENSMUST00000165838.9,appris_principal_2,2751,876,121,1754,1882,Success
ENSMUSG00000025738,ENSMUST00000045692.9,appris_principal_1,3489,1440,316,1733,2056,Success
ENSMUSG00000025733,ENSMUST00000043897.16,appris_principal_1,3189,1863,415,911,1333,Success
ENSMUSG00000025732,ENSMUST00000026828.7,appris_principal_1,842,483,88,271,366,Success
ENSMUSG00000025730,ENSMUST00000167626.8,appris_principal_1,2506,846,146,1514,1667,Success
ENSMUSG00000037098,ENSMUST00000120691.9,appris_principal_2,5249,3144,378,1727,2112,Success
ENSMUSG00000024177,ENSMUST00000025007.7,appris_principal_1,1006,561,150,295,452,Success
ENSMUSG00000024182,ENSMUST00000074370.11,Ensembl_canonical,3777,2592,435,750,1192,Success
ENSMUSG00000024187,ENSMUST00000114988.8,appris_principal_1,3714,1668,362,1684,2053,Success
ENSMUSG00000024188,ENSMUST00000114976.9,appris_principal_1,4934,1116,80,3738,3825,Success
ENSMUSG00000024190,ENSMUST00000025025.7,appris_principal_1,1990,1104,196,690,893,Success
ENSMUSG00000001576,ENSMUST00000167662.8,appris_principal_1,2754,873,124,1757,1888,Success
ENSMUSG00000015575,ENSMUST00000015719.16,appris_principal_1,823,246,105,472,584,Success
ENSMUSG00000048249,ENSMUST00000062519.14,appris_principal_1,7462,1923,311,5228,5546,Success
ENSMUSG00000024193,ENSMUST00000237189.2,Ensembl_canonical,2526,1800,402,324,733,Success
ENSMUSG00000067629,ENSMUST00000194598.6,appris_principal_1,6011,4023,199,1789,1995,Success
ENSMUSG00000057789,ENSMUST00000078691.12,appris_principal_1,2387,630,636,1121,1764,Success
ENSMUSG00000042644,ENSMUST00000049308.9,appris_principal_1,8990,8013,282,695,984,Success
ENSMUSG00000062753,ENSMUST00000154473.9,appris_principal_1,862,309,175,378,560,Success
ENSMUSG00000024213,ENSMUST00000025050.13,appris_principal_1,2223,507,310,1406,1723,Success
ENSMUSG00000056692,ENSMUST00000114863.10,appris_principal_1,3892,876,291,2725,3023,Success
ENSMUSG00000024217,ENSMUST00000232873.2,appris_principal_1,984,480,298,206,511,Success
ENSMUSG00000039512,ENSMUST00000114849.3,appris_principal_1,8634,4290,310,4034,4351,Success
ENSMUSG00000024219,ENSMUST00000025058.15,Ensembl_canonical,6846,3570,90,3186,3283,Success
ENSMUSG00000024220,ENSMUST00000073534.10,appris_principal_1,2864,1707,480,677,1164,Success
ENSMUSG00000002257,ENSMUST00000002327.6,appris_principal_1,2277,1893,65,319,391,Success
ENSMUSG00000002250,ENSMUST00000002320.16,appris_principal_2,3277,1323,329,1625,1961,Success
ENSMUSG00000024222,ENSMUST00000079413.11,appris_principal_1,3543,1371,219,1953,2179,Success
ENSMUSG00000004865,ENSMUST00000130643.9,appris_principal_1,4653,1947,297,2409,2713,Success
ENSMUSG00000053436,ENSMUST00000004990.14,Ensembl_canonical,3562,1083,411,2068,2486,Success
ENSMUSG00000063952,ENSMUST00000004985.11,appris_principal_1,7169,3615,298,3256,3561,Success
ENSMUSG00000005936,ENSMUST00000233197.2,appris_principal_1,4196,1260,331,2605,2943,Success
ENSMUSG00000024006,ENSMUST00000009138.13,appris_principal_1,3351,1398,287,1666,1960,Success
ENSMUSG00000071172,ENSMUST00000130216.3,appris_principal_1,2618,495,161,1962,2130,Success
ENSMUSG00000023067,ENSMUST00000119901.9,appris_principal_1,922,480,134,308,449,Success
ENSMUSG00000024007,ENSMUST00000024802.10,appris_principal_1,1462,501,259,702,968,Success
ENSMUSG00000024012,ENSMUST00000095427.12,Ensembl_canonical,1952,1170,147,635,789,Success
ENSMUSG00000024014,ENSMUST00000024811.9,appris_principal_1,2698,942,391,1365,1763,Success
ENSMUSG00000042203,ENSMUST00000048677.9,appris_principal_1,3595,1518,154,1923,2084,Success
ENSMUSG00000024019,ENSMUST00000024816.13,appris_principal_1,6380,2514,182,3684,3873,Success
ENSMUSG00000024018,ENSMUST00000128751.3,appris_principal_1,1397,294,69,1034,1110,Success
ENSMUSG00000044477,ENSMUST00000226208.3,appris_principal_1,3039,684,505,1850,2362,Success
ENSMUSG00000062202,ENSMUST00000168787.8,appris_principal_1,7058,1839,370,4849,5226,Success
ENSMUSG00000024026,ENSMUST00000236335.2,appris_principal_1,9865,555,108,9202,9317,Success
ENSMUSG00000024030,ENSMUST00000024829.8,appris_principal_1,5832,2001,128,3703,3838,Success
ENSMUSG00000024036,ENSMUST00000171233.9,appris_principal_1,2972,1596,434,942,1383,Success
ENSMUSG00000024038,ENSMUST00000064798.16,appris_principal_1,493,315,99,79,185,Success
ENSMUSG00000006705,ENSMUST00000097352.11,Ensembl_canonical,4252,1311,212,2729,2948,Success
ENSMUSG00000058392,ENSMUST00000081339.13,appris_principal_1,4874,2175,375,2324,2706,Success
ENSMUSG00000038146,ENSMUST00000087723.5,appris_principal_1,8016,6957,59,1000,1066,Success
ENSMUSG00000024002,ENSMUST00000003726.16,Ensembl_canonical,5957,4206,273,1478,1758,Success
ENSMUSG00000024045,ENSMUST00000002699.7,appris_principal_1,3731,2064,82,1585,1674,Success
ENSMUSG00000059208,ENSMUST00000148178.8,appris_principal_2,3934,2190,1481,263,1751,Success
ENSMUSG00000077450,ENSMUST00000057373.14,appris_principal_1,6109,657,268,5184,5459,Success
ENSMUSG00000002289,ENSMUST00000002360.17,appris_principal_1,3308,1233,438,1637,2082,Success
ENSMUSG00000051390,ENSMUST00000053429.11,appris_principal_1,2612,1917,169,526,702,Success
ENSMUSG00000041354,ENSMUST00000047503.16,appris_principal_1,3252,2337,504,411,922,Success
ENSMUSG00000024309,ENSMUST00000025163.14,appris_principal_1,807,384,256,167,430,Success
ENSMUSG00000024325,ENSMUST00000025183.9,appris_principal_1,2034,1221,223,590,820,Success
ENSMUSG00000039656,ENSMUST00000116612.3,Ensembl_canonical,2283,1233,188,862,1057,Success
ENSMUSG00000024335,ENSMUST00000114242.9,appris_principal_2,4483,2397,1534,552,2093,Success
ENSMUSG00000037321,ENSMUST00000170086.8,appris_principal_1,2953,2175,327,451,785,Success
ENSMUSG00000024338,ENSMUST00000025196.9,appris_principal_1,1628,831,609,188,804,Success
ENSMUSG00000034673,ENSMUST00000038149.13,appris_principal_1,3068,1293,291,1484,1782,Success
ENSMUSG00000015478,ENSMUST00000015622.8,appris_principal_1,1238,543,217,478,702,Success
ENSMUSG00000034254,ENSMUST00000037489.15,appris_principal_1,2190,858,320,1012,1339,Success
ENSMUSG00000015474,ENSMUST00000171121.9,appris_principal_1,1710,909,119,682,808,Success
ENSMUSG00000015461,ENSMUST00000173984.2,Ensembl_canonical,2315,2130,3,182,192,Short_or_Missing_UTRs
ENSMUSG00000073418,ENSMUST00000069507.9,appris_principal_1,5379,5217,56,106,169,Success
ENSMUSG00000061207,ENSMUST00000077477.12,appris_principal_1,1120,765,69,286,362,Success
ENSMUSG00000024369,ENSMUST00000097343.11,appris_principal_1,1607,1104,292,211,510,Success
ENSMUSG00000049823,ENSMUST00000052778.10,appris_principal_1,1858,1380,231,247,485,Success
ENSMUSG00000007038,ENSMUST00000007253.6,appris_principal_1,2474,1230,154,1090,1251,Success
ENSMUSG00000090877,ENSMUST00000172753.2,appris_principal_1,2803,1929,231,643,881,Success
ENSMUSG00000007029,ENSMUST00000087315.14,appris_principal_1,4137,3792,278,67,352,Success
ENSMUSG00000007039,ENSMUST00000007255.13,appris_principal_1,1342,858,300,184,491,Success
ENSMUSG00000043311,ENSMUST00000061859.7,appris_principal_1,2142,882,401,859,1267,Success
ENSMUSG00000024392,ENSMUST00000166426.9,appris_principal_2,3787,3411,307,69,383,Success
ENSMUSG00000024393,ENSMUST00000025253.12,appris_principal_1,6888,6477,226,185,418,Success
ENSMUSG00000050410,ENSMUST00000161012.8,appris_principal_1,1665,792,429,444,880,Success
ENSMUSG00000003534,ENSMUST00000119825.8,appris_principal_3,3769,2736,222,811,1040,Success
ENSMUSG00000003541,ENSMUST00000003635.7,appris_principal_1,1131,483,35,613,655,Success
ENSMUSG00000059714,ENSMUST00000001569.15,appris_principal_1,1825,1287,286,252,545,Success
ENSMUSG00000001525,ENSMUST00000001566.10,appris_principal_1,2649,1335,253,1061,1321,Success
ENSMUSG00000059791,ENSMUST00000074259.15,appris_principal_1,1466,789,67,610,684,Success
ENSMUSG00000034595,ENSMUST00000144382.8,appris_principal_3,2536,1785,75,676,758,Success
ENSMUSG00000024422,ENSMUST00000025292.15,appris_principal_1,3351,3135,93,123,223,Success
ENSMUSG00000024436,ENSMUST00000025305.16,appris_principal_1,1079,765,26,288,321,Short_or_Missing_UTRs
ENSMUSG00000039220,ENSMUST00000087211.9,appris_principal_1,4255,2667,563,1025,1595,Success
ENSMUSG00000024429,ENSMUST00000087200.4,appris_principal_1,2848,1824,324,700,1031,Success
ENSMUSG00000045409,ENSMUST00000173369.2,Ensembl_canonical,2914,1491,159,1264,1430,Success
ENSMUSG00000024457,ENSMUST00000130367.8,appris_principal_1,3187,1638,233,1316,1556,Success
ENSMUSG00000036398,ENSMUST00000040402.14,appris_principal_1,1599,396,207,996,1210,Success
ENSMUSG00000023919,ENSMUST00000087114.5,appris_principal_1,1942,804,701,437,1145,Success
ENSMUSG00000023921,ENSMUST00000169611.4,appris_principal_1,3674,2247,135,1292,1434,Success
ENSMUSG00000061665,ENSMUST00000024709.9,appris_principal_1,5364,1914,73,3377,3457,Success
ENSMUSG00000023915,ENSMUST00000024708.6,appris_principal_1,3627,1968,442,1217,1666,Success
ENSMUSG00000039601,ENSMUST00000177857.9,appris_principal_1,987,594,130,263,400,Success
ENSMUSG00000023960,ENSMUST00000154166.8,appris_principal_1,2490,1434,121,935,1063,Success
ENSMUSG00000023961,ENSMUST00000024757.14,appris_principal_1,4560,1371,184,3005,3196,Success
ENSMUSG00000023932,ENSMUST00000024727.10,appris_principal_1,3027,2409,302,316,625,Success
ENSMUSG00000023947,ENSMUST00000024742.9,appris_principal_1,2435,1095,238,1102,1347,Success
ENSMUSG00000037089,ENSMUST00000224905.2,appris_principal_1,1906,1296,184,426,617,Success
ENSMUSG00000023942,ENSMUST00000167692.8,Ensembl_canonical,2092,1383,240,469,716,Success
ENSMUSG00000036026,ENSMUST00000113523.9,appris_principal_1,3284,2499,167,618,792,Success
ENSMUSG00000023939,ENSMUST00000024734.8,appris_principal_1,645,438,126,81,214,Success
ENSMUSG00000023952,ENSMUST00000024748.14,appris_principal_1,2966,1809,109,1048,1164,Success
ENSMUSG00000023953,ENSMUST00000024749.9,appris_principal_1,3238,2085,255,898,1160,Success
ENSMUSG00000067150,ENSMUST00000087031.7,appris_principal_1,5081,3615,139,1327,1473,Success
ENSMUSG00000071074,ENSMUST00000095263.10,appris_principal_1,2035,1044,168,823,998,Success
ENSMUSG00000012296,ENSMUST00000225413.2,appris_principal_2,2189,1650,0,539,0,Short_or_Missing_UTRs
ENSMUSG00000032842,ENSMUST00000167360.8,appris_principal_2,4866,4506,91,269,367,Success
ENSMUSG00000015597,ENSMUST00000138127.8,appris_principal_2,3936,3465,88,383,478,Success
ENSMUSG00000015605,ENSMUST00000015749.7,appris_principal_1,2616,1515,347,754,1108,Success
ENSMUSG00000023972,ENSMUST00000044442.10,appris_principal_1,4235,3189,182,864,1053,Success
ENSMUSG00000003546,ENSMUST00000233974.2,appris_principal_1,2313,1860,54,399,460,Success
ENSMUSG00000023971,ENSMUST00000233136.2,appris_principal_2,1289,735,65,489,561,Success
ENSMUSG00000063576,ENSMUST00000071841.7,appris_principal_1,2100,1149,415,536,958,Success
ENSMUSG00000002768,ENSMUST00000232732.2,appris_principal_1,748,525,56,167,230,Success
ENSMUSG00000059409,ENSMUST00000002839.9,appris_principal_2,2926,1785,143,998,1148,Success
ENSMUSG00000023973,ENSMUST00000059844.13,appris_principal_1,1908,831,91,986,1084,Success
ENSMUSG00000023977,ENSMUST00000113337.10,appris_principal_3,7633,5268,301,2064,2372,Success
ENSMUSG00000034165,ENSMUST00000171031.8,appris_principal_1,2113,879,327,907,1241,Success
ENSMUSG00000023988,ENSMUST00000024783.9,appris_principal_1,3854,1311,321,2222,2550,Success
ENSMUSG00000092558,ENSMUST00000024778.3,appris_principal_1,2054,639,97,1318,1422,Success
ENSMUSG00000023990,ENSMUST00000086932.10,appris_principal_1,2342,1428,309,605,921,Success
ENSMUSG00000023991,ENSMUST00000097311.9,appris_principal_2,3197,2058,247,892,1146,Success
ENSMUSG00000023994,ENSMUST00000046719.14,Ensembl_canonical,3645,1044,208,2393,2608,Success
ENSMUSG00000064120,ENSMUST00000173033.8,appris_principal_1,2588,1911,32,645,684,Success
ENSMUSG00000040260,ENSMUST00000057610.8,appris_principal_1,3646,3348,199,99,305,Success
ENSMUSG00000039316,ENSMUST00000044503.14,appris_principal_1,4029,1665,466,1898,2371,Success
ENSMUSG00000038910,ENSMUST00000043938.8,appris_principal_1,4185,3387,205,593,805,Success
ENSMUSG00000023923,ENSMUST00000024717.10,appris_principal_2,5435,2448,166,2821,2994,Success
ENSMUSG00000023927,ENSMUST00000140979.8,Ensembl_canonical,3748,2388,938,422,1367,Success
ENSMUSG00000017831,ENSMUST00000017975.7,appris_principal_1,2366,648,467,1251,1725,Success
ENSMUSG00000000708,ENSMUST00000000724.15,appris_principal_1,4653,2442,359,1852,2218,Success
ENSMUSG00000011589,ENSMUST00000011733.9,appris_principal_1,1748,1491,128,129,264,Success
ENSMUSG00000003200,ENSMUST00000003268.11,appris_principal_1,2073,1107,176,790,973,Success
ENSMUSG00000019578,ENSMUST00000019722.12,appris_principal_1,2949,1329,110,1510,1627,Success
ENSMUSG00000001227,ENSMUST00000001256.11,appris_principal_1,3736,2661,159,916,1082,Success
ENSMUSG00000001229,ENSMUST00000038794.6,appris_principal_1,3374,2589,233,552,792,Success
ENSMUSG00000001228,ENSMUST00000001258.15,appris_principal_2,3586,2349,253,984,1244,Success
ENSMUSG00000024201,ENSMUST00000025036.11,appris_principal_1,4577,3261,180,1136,1323,Success
ENSMUSG00000013236,ENSMUST00000067538.6,appris_principal_1,6855,5724,239,892,1138,Success
ENSMUSG00000042625,ENSMUST00000075510.12,appris_principal_1,3277,2976,141,160,308,Success
ENSMUSG00000071054,ENSMUST00000182533.8,Ensembl_canonical,3122,2820,188,114,309,Success
ENSMUSG00000002372,ENSMUST00000002445.10,appris_principal_2,2373,1476,32,865,904,Success
ENSMUSG00000024206,ENSMUST00000002444.15,Ensembl_canonical,3350,2154,134,1062,1203,Success
ENSMUSG00000024212,ENSMUST00000025053.10,appris_principal_1,3636,1644,141,1851,1999,Success
ENSMUSG00000002660,ENSMUST00000002735.9,appris_principal_1,983,819,23,141,171,Short_or_Missing_UTRs
ENSMUSG00000007670,ENSMUST00000007814.10,appris_principal_2,3978,2247,89,1642,1738,Success
ENSMUSG00000046329,ENSMUST00000040280.14,appris_principal_1,3362,1404,190,1768,1965,Success
ENSMUSG00000019487,ENSMUST00000224152.2,Ensembl_canonical,1812,1812,0,0,0,Short_or_Missing_UTRs
ENSMUSG00000034116,ENSMUST00000005889.16,appris_principal_1,2963,2538,98,327,432,Success
ENSMUSG00000024228,ENSMUST00000025065.12,appris_principal_1,4113,1389,161,2563,2731,Success
ENSMUSG00000048915,ENSMUST00000076840.12,Ensembl_canonical,4032,687,187,3158,3352,Success
ENSMUSG00000000127,ENSMUST00000000129.14,appris_principal_1,2973,2472,55,446,508,Success
ENSMUSG00000024083,ENSMUST00000172818.8,appris_principal_1,4740,2124,208,2408,2623,Success
ENSMUSG00000024085,ENSMUST00000086723.10,appris_principal_1,6991,3453,1000,2538,3545,Success
ENSMUSG00000024091,ENSMUST00000024897.10,appris_principal_1,3369,750,257,2362,2626,Success
ENSMUSG00000056515,ENSMUST00000070673.9,appris_principal_1,3473,588,208,2677,2892,Success
ENSMUSG00000061950,ENSMUST00000073104.11,Ensembl_canonical,3850,2856,88,906,1001,Success
ENSMUSG00000024096,ENSMUST00000024905.11,appris_principal_1,3811,1947,332,1532,1871,Success
ENSMUSG00000024098,ENSMUST00000233580.2,appris_principal_1,1850,669,86,1095,1188,Success
ENSMUSG00000034647,ENSMUST00000038116.13,appris_principal_1,10821,6126,241,4454,4702,Success
ENSMUSG00000023460,ENSMUST00000070538.12,appris_principal_1,2069,876,15,1178,1200,Short_or_Missing_UTRs
ENSMUSG00000033278,ENSMUST00000223982.2,appris_principal_3,4802,4359,358,85,450,Success
ENSMUSG00000024043,ENSMUST00000024840.12,Ensembl_canonical,5322,2190,110,3022,3139,Success
ENSMUSG00000024044,ENSMUST00000080208.7,appris_principal_2,4047,2790,112,1145,1264,Success
ENSMUSG00000049672,ENSMUST00000112674.8,appris_principal_1,3743,1350,301,2092,2400,Success
ENSMUSG00000047407,ENSMUST00000059775.15,appris_principal_1,1631,819,320,492,819,Success
ENSMUSG00000024048,ENSMUST00000148960.8,appris_principal_1,1937,519,462,956,1425,Success
ENSMUSG00000024052,ENSMUST00000129635.8,appris_principal_1,5640,2682,112,2846,2965,Success
ENSMUSG00000024053,ENSMUST00000233057.2,appris_principal_2,3939,3225,130,584,721,Success
ENSMUSG00000024054,ENSMUST00000127430.2,appris_principal_1,7052,6024,179,849,1035,Success
ENSMUSG00000024059,ENSMUST00000024854.9,appris_principal_1,2480,2115,138,227,372,Success
ENSMUSG00000039770,ENSMUST00000045174.7,appris_principal_1,3120,366,363,2391,2761,Success
ENSMUSG00000024063,ENSMUST00000024857.14,appris_principal_1,3069,318,248,2503,2758,Success
ENSMUSG00000054469,ENSMUST00000067545.8,appris_principal_1,4467,1131,188,3148,3343,Success
ENSMUSG00000024065,ENSMUST00000024860.9,appris_principal_1,3659,1608,402,1649,2058,Success
ENSMUSG00000058704,ENSMUST00000233514.3,appris_principal_1,3163,894,111,2158,2276,Success
ENSMUSG00000024067,ENSMUST00000233581.2,appris_principal_1,734,300,156,278,441,Success
ENSMUSG00000024068,ENSMUST00000024869.8,appris_principal_2,4672,1845,24,2803,2834,Short_or_Missing_UTRs
ENSMUSG00000024069,ENSMUST00000179074.9,Ensembl_canonical,1938,1398,45,495,547,Success
ENSMUSG00000024072,ENSMUST00000024873.7,appris_principal_1,2133,741,223,1169,1399,Success
ENSMUSG00000001870,ENSMUST00000112516.8,appris_principal_1,5140,4185,172,783,962,Success
ENSMUSG00000002017,ENSMUST00000112507.4,appris_principal_1,2817,1548,153,1116,1276,Success
ENSMUSG00000024074,ENSMUST00000112498.3,appris_principal_1,5995,3114,521,2360,2888,Success
ENSMUSG00000056121,ENSMUST00000112487.3,Ensembl_canonical,2041,1128,69,844,920,Success
ENSMUSG00000039414,ENSMUST00000097281.4,appris_principal_1,6388,6213,41,134,182,Success
ENSMUSG00000024081,ENSMUST00000024885.10,appris_principal_1,4070,3159,36,875,918,Success
ENSMUSG00000024082,ENSMUST00000024887.6,appris_principal_2,1749,1311,29,409,445,Short_or_Missing_UTRs
ENSMUSG00000024070,ENSMUST00000119284.8,Ensembl_canonical,4743,2673,762,1308,2077,Success
ENSMUSG00000036533,ENSMUST00000068958.9,appris_principal_1,2265,765,502,998,1507,Success
ENSMUSG00000024087,ENSMUST00000024894.2,appris_principal_1,5128,1632,356,3140,3503,Success
ENSMUSG00000024095,ENSMUST00000184635.8,appris_principal_1,3009,1776,235,998,1240,Success
ENSMUSG00000035473,ENSMUST00000039205.11,appris_principal_1,2314,1029,245,1040,1292,Success
ENSMUSG00000024097,ENSMUST00000063417.11,Ensembl_canonical,2288,717,103,1468,1578,Success
ENSMUSG00000055760,ENSMUST00000069486.13,appris_principal_1,1134,501,249,384,640,Success
ENSMUSG00000035051,ENSMUST00000038166.9,appris_principal_2,4913,4008,427,478,912,Success
ENSMUSG00000045257,ENSMUST00000227729.2,appris_principal_1,656,459,77,120,204,Success
ENSMUSG00000024241,ENSMUST00000068714.7,appris_principal_1,8436,3960,46,4430,4483,Success
ENSMUSG00000024242,ENSMUST00000112389.9,Ensembl_canonical,4231,2691,204,1336,1547,Success
ENSMUSG00000054640,ENSMUST00000163123.3,appris_principal_3,3180,2913,100,167,274,Success
ENSMUSG00000024247,ENSMUST00000170794.8,appris_principal_1,2446,1479,174,793,974,Success
ENSMUSG00000032624,ENSMUST00000096766.12,appris_principal_3,5441,2967,284,2190,2481,Success
ENSMUSG00000045817,ENSMUST00000060366.7,appris_principal_1,3530,1455,253,1822,2082,Success
ENSMUSG00000024251,ENSMUST00000047524.10,appris_principal_1,7784,5817,92,1875,1974,Success
ENSMUSG00000024120,ENSMUST00000112308.9,appris_principal_1,4393,4179,45,169,221,Success
ENSMUSG00000061130,ENSMUST00000080217.14,appris_principal_1,2670,1434,410,826,1243,Success
ENSMUSG00000024127,ENSMUST00000171795.9,Ensembl_canonical,2734,2178,442,114,563,Success
ENSMUSG00000024135,ENSMUST00000095187.4,appris_principal_1,3530,2946,55,529,591,Success
ENSMUSG00000045038,ENSMUST00000097275.9,appris_principal_1,6254,2214,808,3232,4047,Success
ENSMUSG00000024140,ENSMUST00000024954.11,appris_principal_1,5516,2625,583,2308,2898,Success
ENSMUSG00000024143,ENSMUST00000024956.15,appris_principal_1,4151,618,524,3009,3540,Success
ENSMUSG00000024145,ENSMUST00000024957.7,appris_principal_1,988,660,130,198,335,Success
ENSMUSG00000024146,ENSMUST00000024959.10,appris_principal_1,1184,306,110,768,885,Success
ENSMUSG00000037104,ENSMUST00000041369.8,appris_principal_1,4648,1611,442,2595,3044,Success
ENSMUSG00000024150,ENSMUST00000024963.11,appris_principal_1,2038,438,117,1483,1607,Success
ENSMUSG00000036918,ENSMUST00000041110.12,appris_principal_1,4614,2577,338,1699,2044,Success
ENSMUSG00000024151,ENSMUST00000024967.14,appris_principal_1,3283,2808,266,209,482,Success
ENSMUSG00000005370,ENSMUST00000005503.5,appris_principal_1,4251,4077,87,87,181,Success
ENSMUSG00000005371,ENSMUST00000130379.9,appris_principal_1,3753,2529,37,1187,1231,Success
ENSMUSG00000034998,ENSMUST00000112238.9,appris_principal_1,5085,1290,188,3607,3802,Success
ENSMUSG00000034709,ENSMUST00000038551.8,appris_principal_1,3141,2343,144,654,805,Success
ENSMUSG00000063889,ENSMUST00000150235.8,Ensembl_canonical,2662,1074,354,1234,1595,Success
ENSMUSG00000024231,ENSMUST00000162301.8,appris_principal_1,3828,2238,188,1402,1597,Success
ENSMUSG00000024232,ENSMUST00000025075.3,appris_principal_1,5074,783,287,4004,4298,Success
ENSMUSG00000024235,ENSMUST00000025078.10,appris_principal_1,2569,1404,186,979,1172,Success
ENSMUSG00000024234,ENSMUST00000025077.7,appris_principal_1,2651,1758,30,863,900,Success
ENSMUSG00000024236,ENSMUST00000126977.8,appris_principal_2,7907,6513,535,859,1401,Success
ENSMUSG00000024238,ENSMUST00000025081.13,appris_principal_1,5801,3354,46,2401,2454,Success
ENSMUSG00000041225,ENSMUST00000182213.8,Ensembl_canonical,4162,2532,271,1359,1637,Success
ENSMUSG00000006740,ENSMUST00000025083.14,appris_principal_1,6032,2892,416,2724,3147,Success
ENSMUSG00000024240,ENSMUST00000028100.13,appris_principal_1,3965,2442,241,1282,1530,Success
ENSMUSG00000073639,ENSMUST00000234626.2,Ensembl_canonical,729,639,52,38,97,Success
ENSMUSG00000057440,ENSMUST00000115869.4,appris_principal_1,4981,1731,244,3006,3257,Success
ENSMUSG00000024283,ENSMUST00000167020.8,Ensembl_canonical,5208,1941,378,2889,3274,Success
ENSMUSG00000036904,ENSMUST00000041080.7,appris_principal_1,5974,2058,757,3159,3923,Success
ENSMUSG00000024286,ENSMUST00000053917.6,appris_principal_1,5757,1026,479,4252,4738,Success
ENSMUSG00000036103,ENSMUST00000234965.2,appris_principal_1,8024,2229,158,5637,5802,Success
ENSMUSG00000024287,ENSMUST00000025137.9,appris_principal_1,4134,1974,287,1873,2167,Success
ENSMUSG00000047879,ENSMUST00000092096.14,appris_principal_1,4726,1482,213,3031,3251,Success
ENSMUSG00000024290,ENSMUST00000067947.7,appris_principal_1,6440,4065,728,1647,2382,Success
ENSMUSG00000024293,ENSMUST00000025142.13,appris_principal_2,4545,2532,1021,992,2020,Success
ENSMUSG00000002477,ENSMUST00000002551.5,appris_principal_1,858,360,138,360,505,Success
ENSMUSG00000002475,ENSMUST00000117726.9,appris_principal_1,1890,1224,22,644,673,Short_or_Missing_UTRs
ENSMUSG00000024294,ENSMUST00000052838.11,appris_principal_1,10231,3021,757,6453,7217,Success
ENSMUSG00000005836,ENSMUST00000047762.10,appris_principal_1,3234,1770,311,1153,1471,Success
ENSMUSG00000041238,ENSMUST00000115861.9,appris_principal_1,3523,2682,347,494,848,Success
ENSMUSG00000049411,ENSMUST00000209859.2,appris_principal_1,1426,894,78,454,539,Success
ENSMUSG00000024404,ENSMUST00000025270.8,appris_principal_1,3790,1560,170,2060,2237,Success
ENSMUSG00000024410,ENSMUST00000025276.15,appris_principal_1,2170,1974,84,112,203,Success
ENSMUSG00000024413,ENSMUST00000025279.6,appris_principal_1,5224,3834,163,1227,1397,Success
ENSMUSG00000057766,ENSMUST00000118525.9,appris_principal_1,3328,930,166,2232,2405,Success
ENSMUSG00000024424,ENSMUST00000234966.2,appris_principal_1,4385,1743,542,2100,2649,Success
ENSMUSG00000044252,ENSMUST00000074352.11,appris_principal_1,3956,2853,212,891,1110,Success
ENSMUSG00000024423,ENSMUST00000025290.7,appris_principal_1,3763,957,414,2392,2813,Success
ENSMUSG00000024420,ENSMUST00000025288.9,appris_principal_1,6206,3936,288,1982,2277,Success
ENSMUSG00000037013,ENSMUST00000040924.9,Ensembl_canonical,3098,1257,179,1662,1848,Success
ENSMUSG00000054321,ENSMUST00000234789.2,appris_principal_3,5134,2553,350,2231,2588,Success
ENSMUSG00000024304,ENSMUST00000025166.14,appris_principal_1,4843,2721,852,1270,2129,Success
ENSMUSG00000044393,ENSMUST00000059787.15,appris_principal_1,5766,3369,211,2186,2404,Success
ENSMUSG00000056124,ENSMUST00000070080.6,appris_principal_1,5808,1149,937,3722,4666,Success
ENSMUSG00000033107,ENSMUST00000234316.2,appris_principal_1,1406,702,165,539,711,Success
ENSMUSG00000024317,ENSMUST00000234107.2,appris_principal_1,2422,738,303,1381,1691,Success
ENSMUSG00000042680,ENSMUST00000049260.7,appris_principal_1,4923,2631,368,1924,2299,Success
ENSMUSG00000024302,ENSMUST00000115832.4,appris_principal_3,6295,2049,312,3934,4253,Success
ENSMUSG00000024277,ENSMUST00000025127.5,Ensembl_canonical,4026,981,119,2926,3052,Success
ENSMUSG00000024276,ENSMUST00000060762.6,appris_principal_1,5472,1584,258,3630,3895,Success
ENSMUSG00000051469,ENSMUST00000066497.12,appris_principal_1,5732,1107,180,4445,4632,Success
ENSMUSG00000047989,ENSMUST00000153360.8,appris_principal_1,2498,576,152,1770,1929,Success
ENSMUSG00000000420,ENSMUST00000000430.14,appris_principal_1,3977,1680,335,1962,2304,Success
ENSMUSG00000040446,ENSMUST00000046206.5,appris_principal_1,4299,939,138,3222,3367,Success
ENSMUSG00000024270,ENSMUST00000070726.10,appris_principal_1,3882,2298,540,1044,1591,Success
ENSMUSG00000039616,ENSMUST00000068006.9,appris_principal_1,2903,2589,235,79,321,Success
ENSMUSG00000034295,ENSMUST00000037097.9,appris_principal_2,5409,4737,164,508,679,Success
ENSMUSG00000024269,ENSMUST00000115817.3,appris_principal_2,4159,891,399,2869,3275,Success
ENSMUSG00000033628,ENSMUST00000115812.10,appris_principal_1,3257,2664,204,389,600,Success
ENSMUSG00000024259,ENSMUST00000060396.7,appris_principal_1,4371,1257,91,3023,3121,Success
ENSMUSG00000024260,ENSMUST00000235017.2,Ensembl_canonical,4030,3174,125,731,863,Success
ENSMUSG00000041915,ENSMUST00000115808.4,appris_principal_1,3385,933,464,1988,2459,Success
ENSMUSG00000024400,ENSMUST00000025264.8,appris_principal_1,4575,3993,180,402,589,Success
ENSMUSG00000024395,ENSMUST00000025254.9,appris_principal_1,1870,1026,215,629,851,Success
ENSMUSG00000024383,ENSMUST00000096575.5,appris_principal_1,10684,1860,421,8403,8831,Success
ENSMUSG00000024381,ENSMUST00000091967.13,appris_principal_1,2091,1434,162,495,664,Success
ENSMUSG00000090523,ENSMUST00000174459.2,appris_principal_2,2180,288,209,1683,1899,Success
ENSMUSG00000038128,ENSMUST00000042868.6,appris_principal_1,2717,1410,238,1069,1314,Success
ENSMUSG00000024378,ENSMUST00000025236.9,appris_principal_1,5097,675,191,4231,4429,Success
ENSMUSG00000024376,ENSMUST00000025234.7,appris_principal_1,3566,2061,490,1015,1512,Success
ENSMUSG00000014504,ENSMUST00000072576.10,appris_principal_1,876,435,74,367,448,Success
ENSMUSG00000005873,ENSMUST00000006027.7,appris_principal_1,2852,570,48,2234,2289,Success
ENSMUSG00000003778,ENSMUST00000003876.10,appris_principal_1,4468,2856,45,1567,1619,Success
ENSMUSG00000003779,ENSMUST00000167161.9,appris_principal_1,3146,2664,262,220,489,Success
ENSMUSG00000034300,ENSMUST00000049281.12,appris_principal_1,4475,1182,391,2902,3300,Success
ENSMUSG00000038773,ENSMUST00000043775.9,appris_principal_1,6363,5289,84,990,1081,Success
ENSMUSG00000038555,ENSMUST00000043484.8,appris_principal_1,1926,765,167,994,1168,Success
ENSMUSG00000038418,ENSMUST00000064795.6,appris_principal_1,4484,1602,1666,1216,2889,Success
ENSMUSG00000024360,ENSMUST00000025218.8,appris_principal_1,3709,1314,192,2203,2402,Success
ENSMUSG00000024359,ENSMUST00000025217.11,appris_principal_1,3049,2040,107,902,1016,Success
ENSMUSG00000037815,ENSMUST00000042345.8,appris_principal_1,3733,2721,125,887,1019,Success
ENSMUSG00000024357,ENSMUST00000025215.10,appris_principal_1,1703,1398,148,157,312,Success
ENSMUSG00000037058,ENSMUST00000041314.17,appris_principal_1,1475,375,169,931,1107,Success
ENSMUSG00000024350,ENSMUST00000025208.7,appris_principal_1,5146,1074,56,4016,4079,Success
ENSMUSG00000024349,ENSMUST00000237919.2,appris_principal_1,2134,1137,173,824,1004,Success
ENSMUSG00000091896,ENSMUST00000170693.9,appris_principal_1,2480,444,431,1605,2043,Success
ENSMUSG00000046668,ENSMUST00000060722.8,appris_principal_1,2302,954,354,994,1355,Success
ENSMUSG00000043991,ENSMUST00000051301.6,appris_principal_1,5957,966,583,4408,4998,Success
ENSMUSG00000024346,ENSMUST00000025204.7,appris_principal_1,1109,369,39,701,747,Success
ENSMUSG00000024486,ENSMUST00000025363.7,appris_principal_1,2375,627,292,1456,1755,Success
ENSMUSG00000006050,ENSMUST00000173875.9,appris_principal_1,1979,699,507,773,1287,Success
ENSMUSG00000033272,ENSMUST00000050476.11,appris_principal_1,2362,975,627,760,1394,Success
ENSMUSG00000014294,ENSMUST00000014438.5,appris_principal_1,572,300,37,235,279,Success
ENSMUSG00000042660,ENSMUST00000049323.9,appris_principal_1,1619,1167,67,385,459,Success
ENSMUSG00000001380,ENSMUST00000001416.8,appris_principal_1,1989,1530,105,354,466,Success
ENSMUSG00000051316,ENSMUST00000066272.6,appris_principal_1,3302,1026,280,1996,2283,Success
ENSMUSG00000038524,ENSMUST00000043437.14,appris_principal_1,4270,2067,48,2155,2210,Success
ENSMUSG00000051375,ENSMUST00000057185.13,appris_principal_1,3902,3117,230,555,792,Success
ENSMUSG00000060450,ENSMUST00000072376.13,appris_principal_1,3040,1458,345,1237,1589,Success
ENSMUSG00000052102,ENSMUST00000063814.15,appris_principal_1,2289,870,104,1315,1426,Success
ENSMUSG00000024425,ENSMUST00000236085.2,appris_principal_2,1796,666,207,923,1137,Success
ENSMUSG00000024427,ENSMUST00000025295.8,appris_principal_1,4755,903,293,3559,3859,Success
ENSMUSG00000036585,ENSMUST00000040647.11,appris_principal_1,3981,468,259,3254,3520,Success
ENSMUSG00000036452,ENSMUST00000097593.9,Ensembl_canonical,7898,2445,331,5122,5460,Success
ENSMUSG00000024431,ENSMUST00000115567.8,appris_principal_2,6436,2379,120,3937,4064,Success
ENSMUSG00000024487,ENSMUST00000025364.6,appris_principal_1,3328,774,212,2342,2561,Success
ENSMUSG00000024491,ENSMUST00000236240.2,appris_principal_3,6301,3183,162,2956,3125,Success
ENSMUSG00000024498,ENSMUST00000237602.2,Ensembl_canonical,4417,3303,40,1074,1121,Success
ENSMUSG00000024501,ENSMUST00000025379.14,appris_principal_1,2106,1713,349,44,400,Success
ENSMUSG00000024472,ENSMUST00000025350.10,appris_principal_1,8616,1269,107,7240,7354,Success
ENSMUSG00000034653,ENSMUST00000037763.11,appris_principal_1,7215,4338,941,1936,2884,Success
ENSMUSG00000033949,ENSMUST00000037011.6,Ensembl_canonical,4546,2190,243,2113,2363,Success
ENSMUSG00000024477,ENSMUST00000236216.2,appris_principal_1,7477,1134,174,6169,6350,Success
ENSMUSG00000071855,ENSMUST00000072835.7,appris_principal_1,2801,1578,118,1105,1230,Success
ENSMUSG00000033319,ENSMUST00000036226.6,appris_principal_1,5726,1854,538,3334,3879,Success
ENSMUSG00000033184,ENSMUST00000151189.2,appris_principal_1,1348,675,253,420,680,Success
ENSMUSG00000033022,ENSMUST00000035804.9,appris_principal_1,1595,603,253,739,999,Success
ENSMUSG00000024480,ENSMUST00000025357.9,appris_principal_2,1520,582,137,801,945,Success
ENSMUSG00000042705,ENSMUST00000049388.9,appris_principal_1,1610,609,72,929,1008,Success
ENSMUSG00000019647,ENSMUST00000076043.13,appris_principal_3,4123,2931,247,945,1199,Success
ENSMUSG00000024505,ENSMUST00000163590.9,appris_principal_1,3145,897,63,2185,2255,Success
ENSMUSG00000037416,ENSMUST00000180611.8,appris_principal_2,11319,9042,420,1857,2284,Success
ENSMUSG00000062210,ENSMUST00000148989.3,appris_principal_1,1002,567,199,236,442,Success
ENSMUSG00000024507,ENSMUST00000025385.7,appris_principal_1,2684,2208,151,325,483,Success
ENSMUSG00000024529,ENSMUST00000025409.9,appris_principal_1,4741,1236,345,3160,3512,Success
ENSMUSG00000034484,ENSMUST00000037850.7,appris_principal_1,2067,1560,64,443,514,Success
ENSMUSG00000024535,ENSMUST00000165032.9,appris_principal_1,1977,510,131,1336,1474,Success
ENSMUSG00000024538,ENSMUST00000025419.9,appris_principal_1,1403,639,159,605,771,Success
ENSMUSG00000048799,ENSMUST00000049811.8,appris_principal_1,4554,2967,77,1510,1594,Success
ENSMUSG00000073563,ENSMUST00000237880.2,appris_principal_1,2180,1347,659,174,840,Success
ENSMUSG00000052713,ENSMUST00000064763.7,appris_principal_1,6095,4536,532,1027,1566,Success
ENSMUSG00000001700,ENSMUST00000237355.2,appris_principal_2,2629,1299,395,935,1337,Success
ENSMUSG00000053644,ENSMUST00000066208.13,appris_principal_1,1914,1620,85,209,301,Success
ENSMUSG00000024590,ENSMUST00000025486.9,appris_principal_1,2843,1767,300,776,1083,Success
ENSMUSG00000024592,ENSMUST00000025488.15,appris_principal_1,2400,348,143,1909,2059,Success
ENSMUSG00000024594,ENSMUST00000025490.10,appris_principal_1,5030,1332,171,3527,3705,Success
ENSMUSG00000024597,ENSMUST00000115366.3,appris_principal_1,6520,3621,129,2770,2906,Success
ENSMUSG00000024601,ENSMUST00000025503.10,appris_principal_1,3377,894,26,2457,2490,Short_or_Missing_UTRs
ENSMUSG00000038059,ENSMUST00000042710.8,appris_principal_1,1990,183,602,1205,1814,Success
ENSMUSG00000024603,ENSMUST00000025505.7,appris_principal_3,3738,1383,30,2325,2362,Success
ENSMUSG00000043079,ENSMUST00000130360.2,appris_principal_2,5159,3303,20,1836,1863,Short_or_Missing_UTRs
ENSMUSG00000054008,ENSMUST00000237783.2,appris_principal_1,6478,2649,547,3282,3836,Success
ENSMUSG00000024620,ENSMUST00000115274.2,Ensembl_canonical,5423,3312,438,1673,2118,Success
ENSMUSG00000024622,ENSMUST00000091884.6,appris_principal_2,5103,3765,475,863,1345,Success
ENSMUSG00000034320,ENSMUST00000146409.8,appris_principal_1,7814,2220,375,5219,5601,Success
ENSMUSG00000033871,ENSMUST00000063307.6,Ensembl_canonical,3330,3093,64,173,244,Success
ENSMUSG00000024576,ENSMUST00000166990.8,Ensembl_canonical,1860,1125,433,302,742,Success
ENSMUSG00000024579,ENSMUST00000025472.7,appris_principal_1,2017,1488,54,475,536,Success
ENSMUSG00000024580,ENSMUST00000062991.9,appris_principal_1,4038,675,24,3339,3370,Short_or_Missing_UTRs
ENSMUSG00000033032,ENSMUST00000120472.2,appris_principal_1,3444,2307,111,1026,1144,Success
ENSMUSG00000032735,ENSMUST00000166783.3,appris_principal_1,4187,2049,235,1903,2145,Success
ENSMUSG00000045730,ENSMUST00000053640.5,appris_principal_1,2144,1257,207,680,894,Success
ENSMUSG00000042211,ENSMUST00000048688.8,appris_principal_1,4254,3585,122,547,676,Success
ENSMUSG00000024581,ENSMUST00000025474.14,appris_principal_1,3567,939,138,2490,2635,Success
ENSMUSG00000024583,ENSMUST00000237004.2,appris_principal_1,4343,870,264,3209,3480,Success
ENSMUSG00000024588,ENSMUST00000025484.9,appris_principal_2,2059,1047,194,818,1019,Success
ENSMUSG00000024587,ENSMUST00000237400.2,Ensembl_canonical,2745,1680,194,871,1072,Success
ENSMUSG00000024589,ENSMUST00000235343.2,appris_principal_3,3792,2931,343,518,868,Success
ENSMUSG00000032688,ENSMUST00000224056.3,Ensembl_canonical,4113,2499,234,1380,1621,Success
ENSMUSG00000042439,ENSMUST00000235822.2,appris_principal_1,6708,3915,806,1987,2800,Success
ENSMUSG00000024516,ENSMUST00000025394.14,appris_principal_1,860,579,110,171,288,Success
ENSMUSG00000041891,ENSMUST00000048260.15,appris_principal_1,3581,1554,28,1999,2034,Short_or_Missing_UTRs
ENSMUSG00000024521,ENSMUST00000025399.9,appris_principal_1,2727,312,228,2187,2422,Success
ENSMUSG00000024525,ENSMUST00000025403.8,appris_principal_1,5054,873,219,3962,4188,Success
ENSMUSG00000001473,ENSMUST00000001513.8,appris_principal_1,1758,1344,41,373,421,Success
ENSMUSG00000024527,ENSMUST00000025408.10,appris_principal_1,3094,2409,171,514,692,Success
ENSMUSG00000024533,ENSMUST00000115050.10,appris_principal_1,5405,2232,91,3082,3180,Success
ENSMUSG00000073542,ENSMUST00000097542.4,appris_principal_1,3576,1980,162,1434,1603,Success
ENSMUSG00000024539,ENSMUST00000122412.2,appris_principal_3,2667,1221,85,1361,1453,Success
ENSMUSG00000079614,ENSMUST00000025421.9,Ensembl_canonical,3542,1083,134,2325,2466,Success
ENSMUSG00000038121,ENSMUST00000042852.7,appris_principal_1,9651,822,297,8532,8836,Success
ENSMUSG00000009535,ENSMUST00000009679.11,appris_principal_1,5008,1398,113,3497,3617,Success
ENSMUSG00000053477,ENSMUST00000066717.12,Ensembl_canonical,4250,2079,900,1271,2178,Success
ENSMUSG00000024511,ENSMUST00000121693.8,appris_principal_1,6891,657,177,6057,6241,Success
ENSMUSG00000038425,ENSMUST00000121674.9,appris_principal_1,2778,2214,333,231,571,Success
ENSMUSG00000024513,ENSMUST00000074058.11,appris_principal_1,1953,1245,228,480,715,Success
ENSMUSG00000024515,ENSMUST00000025393.14,appris_principal_1,3384,1656,479,1249,1735,Success
ENSMUSG00000036941,ENSMUST00000041138.3,appris_principal_1,4971,1089,86,3796,3889,Success
ENSMUSG00000024556,ENSMUST00000025439.5,appris_principal_1,2638,1770,145,723,875,Success
ENSMUSG00000025885,ENSMUST00000074157.13,appris_principal_3,6745,5457,244,1044,1295,Success
ENSMUSG00000036880,ENSMUST00000041053.11,appris_principal_1,1516,1194,53,269,329,Success
ENSMUSG00000053846,ENSMUST00000066532.5,appris_principal_1,3787,1503,289,1995,2291,Success
ENSMUSG00000035765,ENSMUST00000039608.9,appris_principal_1,2456,2010,251,195,453,Success
ENSMUSG00000025880,ENSMUST00000026999.10,appris_principal_1,4278,1281,1427,1570,3004,Success
ENSMUSG00000052928,ENSMUST00000165559.3,appris_principal_1,6031,1872,189,3970,4166,Success
ENSMUSG00000025421,ENSMUST00000097522.11,appris_principal_1,5477,780,104,4593,4704,Success
ENSMUSG00000025423,ENSMUST00000114777.10,appris_principal_1,3060,1866,188,1006,1201,Success
ENSMUSG00000025428,ENSMUST00000026495.15,appris_principal_1,2471,1662,322,487,816,Success
ENSMUSG00000025429,ENSMUST00000114741.4,appris_principal_1,2267,1005,173,1089,1269,Success
ENSMUSG00000024548,ENSMUST00000025430.11,appris_principal_1,9953,4749,369,4835,5211,Success
ENSMUSG00000056214,ENSMUST00000070219.9,appris_principal_1,3147,1149,181,1817,2005,Success
ENSMUSG00000053950,ENSMUST00000066743.11,appris_principal_1,5012,3498,130,1384,1521,Success
ENSMUSG00000057130,ENSMUST00000145963.9,appris_principal_1,4078,429,144,3505,3656,Success
ENSMUSG00000033323,ENSMUST00000036229.13,appris_principal_1,3713,2883,149,681,837,Success
ENSMUSG00000058881,ENSMUST00000171238.8,appris_principal_1,7725,3474,269,3982,4258,Success
ENSMUSG00000046982,ENSMUST00000060303.10,appris_principal_1,5656,3255,1001,1400,2408,Success
ENSMUSG00000049090,ENSMUST00000060223.4,appris_principal_1,3430,1134,102,2194,2303,Success
ENSMUSG00000024646,ENSMUST00000160180.9,appris_principal_1,833,405,141,287,435,Success
ENSMUSG00000024645,ENSMUST00000025547.4,appris_principal_1,2418,735,227,1456,1690,Success
ENSMUSG00000056153,ENSMUST00000070116.12,appris_principal_1,6036,1602,415,4019,4441,Success
ENSMUSG00000023066,ENSMUST00000023828.9,appris_principal_1,7271,6681,258,332,597,Success
ENSMUSG00000024614,ENSMUST00000025515.7,appris_principal_1,4611,1371,169,3071,3247,Success
ENSMUSG00000024831,ENSMUST00000025751.11,appris_principal_1,5569,2982,231,2356,2594,Success
ENSMUSG00000024900,ENSMUST00000025835.6,appris_principal_1,4317,2322,103,1892,2002,Success
ENSMUSG00000024908,ENSMUST00000113997.9,Ensembl_canonical,4952,2622,263,2067,2337,Success
ENSMUSG00000024913,ENSMUST00000025856.17,appris_principal_1,5161,4845,114,202,323,Success
ENSMUSG00000045098,ENSMUST00000113972.9,appris_principal_3,4159,2652,705,802,1514,Success
ENSMUSG00000024843,ENSMUST00000072055.13,appris_principal_1,2549,1308,279,962,1248,Success
ENSMUSG00000001750,ENSMUST00000145791.8,appris_principal_1,2729,2505,160,64,231,Success
ENSMUSG00000024847,ENSMUST00000117831.8,appris_principal_1,1378,993,240,145,392,Success
ENSMUSG00000024835,ENSMUST00000008893.9,appris_principal_1,1888,1455,120,313,440,Success
ENSMUSG00000040385,ENSMUST00000046094.6,appris_principal_1,1473,993,152,328,487,Success
ENSMUSG00000024824,ENSMUST00000025740.8,appris_principal_1,2081,1170,120,791,918,Success
ENSMUSG00000024854,ENSMUST00000025773.5,appris_principal_1,913,324,193,396,596,Success
ENSMUSG00000034616,ENSMUST00000236794.2,Ensembl_canonical,2062,1962,100,0,0,Short_or_Missing_UTRs
ENSMUSG00000005986,ENSMUST00000056888.13,appris_principal_1,2139,1818,165,156,328,Success
ENSMUSG00000024858,ENSMUST00000088737.11,appris_principal_1,3376,2070,208,1098,1313,Success
ENSMUSG00000054611,ENSMUST00000047898.14,appris_principal_1,8578,3486,411,4681,5099,Success
ENSMUSG00000041845,ENSMUST00000048197.10,appris_principal_1,1344,633,81,630,718,Success
ENSMUSG00000024892,ENSMUST00000068004.13,Ensembl_canonical,4148,3540,144,464,615,Success
ENSMUSG00000045045,ENSMUST00000113822.3,appris_principal_1,2918,1911,715,292,1014,Success
ENSMUSG00000033760,ENSMUST00000182821.8,appris_principal_1,1443,1074,131,238,376,Success
ENSMUSG00000006456,ENSMUST00000006625.8,appris_principal_1,3165,2010,126,1029,1162,Success
ENSMUSG00000083282,ENSMUST00000119694.3,appris_principal_1,1980,1389,138,453,598,Success
ENSMUSG00000063904,ENSMUST00000025851.4,appris_principal_1,2683,2217,73,393,473,Success
ENSMUSG00000024891,ENSMUST00000236152.2,appris_principal_1,2619,1371,389,859,1255,Success
ENSMUSG00000024883,ENSMUST00000025818.8,appris_principal_2,4184,2325,26,1833,1866,Short_or_Missing_UTRs
ENSMUSG00000024875,ENSMUST00000025811.6,appris_principal_1,1488,882,173,433,613,Success
ENSMUSG00000024870,ENSMUST00000025804.7,appris_principal_1,1913,606,134,1173,1314,Success
ENSMUSG00000024862,ENSMUST00000116563.8,Ensembl_canonical,3169,1860,450,859,1316,Success
ENSMUSG00000024855,ENSMUST00000025786.9,appris_principal_1,4869,2886,231,1752,1990,Success
ENSMUSG00000024844,ENSMUST00000025762.16,appris_principal_1,1261,270,617,374,998,Success
ENSMUSG00000024841,ENSMUST00000025759.9,appris_principal_1,2556,513,602,1441,2050,Success
ENSMUSG00000047423,ENSMUST00000159759.3,appris_principal_1,1528,897,25,606,638,Short_or_Missing_UTRs
ENSMUSG00000095098,ENSMUST00000179549.3,appris_principal_1,4715,609,497,3609,4113,Success
ENSMUSG00000024909,ENSMUST00000166303.9,appris_principal_1,2634,1332,507,795,1309,Success
ENSMUSG00000056201,ENSMUST00000209469.2,appris_principal_1,2354,501,145,1708,1860,Success
ENSMUSG00000049562,ENSMUST00000235575.2,appris_principal_1,2785,2631,77,77,161,Success
ENSMUSG00000024927,ENSMUST00000025867.6,appris_principal_1,2716,1650,352,714,1073,Success
ENSMUSG00000056917,ENSMUST00000169854.2,appris_principal_1,3583,3117,235,231,473,Success
ENSMUSG00000054874,ENSMUST00000113615.9,appris_principal_1,7264,6087,759,418,1184,Success
ENSMUSG00000004054,ENSMUST00000004156.10,appris_principal_1,3898,2553,824,521,1352,Success
ENSMUSG00000024937,ENSMUST00000049295.15,appris_principal_2,6404,5157,297,950,1254,Success
ENSMUSG00000024940,ENSMUST00000081496.6,appris_principal_1,5190,3762,988,440,1435,Success
ENSMUSG00000024941,ENSMUST00000236978.2,appris_principal_1,2731,2421,89,221,317,Success
ENSMUSG00000024816,ENSMUST00000025728.13,appris_principal_1,4504,1401,184,2919,3110,Success
ENSMUSG00000024818,ENSMUST00000025732.14,appris_principal_1,2480,867,838,775,1620,Success
ENSMUSG00000024826,ENSMUST00000136983.8,appris_principal_1,3314,1176,99,2039,2145,Success
ENSMUSG00000024942,ENSMUST00000025891.11,appris_principal_1,3062,2142,102,818,927,Success
ENSMUSG00000024807,ENSMUST00000138532.8,appris_principal_1,3464,1839,570,1055,1632,Success
ENSMUSG00000007338,ENSMUST00000007482.8,appris_principal_1,1764,501,49,1214,1270,Success
ENSMUSG00000024799,ENSMUST00000025713.12,appris_principal_1,1471,1257,122,92,221,Success
ENSMUSG00000024792,ENSMUST00000025707.9,Ensembl_canonical,1287,933,88,266,361,Success
ENSMUSG00000024944,ENSMUST00000025893.7,appris_principal_1,1286,555,447,284,738,Success
ENSMUSG00000024777,ENSMUST00000025695.10,appris_principal_1,2742,1494,629,619,1255,Success
ENSMUSG00000024773,ENSMUST00000045351.13,appris_principal_1,6371,5745,128,498,633,Success
ENSMUSG00000024772,ENSMUST00000025684.4,appris_principal_1,3353,1605,250,1498,1755,Success
ENSMUSG00000024948,ENSMUST00000025897.13,appris_principal_1,4644,2466,90,2088,2185,Success
ENSMUSG00000024949,ENSMUST00000113489.8,appris_principal_3,2863,1716,369,778,1154,Success
ENSMUSG00000024953,ENSMUST00000025904.12,appris_principal_2,1262,633,489,140,636,Success
ENSMUSG00000024955,ENSMUST00000025906.12,appris_principal_1,2241,1269,199,773,979,Success
ENSMUSG00000024958,ENSMUST00000166115.9,appris_principal_1,1858,1191,354,313,674,Success
ENSMUSG00000024959,ENSMUST00000238184.2,appris_principal_1,540,489,15,36,58,Short_or_Missing_UTRs
ENSMUSG00000056612,ENSMUST00000070850.8,appris_principal_1,999,444,281,274,562,Success
ENSMUSG00000024767,ENSMUST00000025679.11,appris_principal_1,1713,816,57,840,904,Success
ENSMUSG00000035885,ENSMUST00000039758.6,appris_principal_1,550,210,104,236,347,Success
ENSMUSG00000024764,ENSMUST00000025675.11,appris_principal_1,3231,714,240,2277,2524,Success
ENSMUSG00000024968,ENSMUST00000066646.12,appris_principal_1,2823,1572,683,568,1258,Success
ENSMUSG00000024969,ENSMUST00000165965.8,appris_principal_3,2874,2331,212,331,550,Success
ENSMUSG00000024970,ENSMUST00000025924.4,appris_principal_1,3152,1146,193,1813,2013,Success
ENSMUSG00000024758,ENSMUST00000088169.7,appris_principal_1,2762,714,119,1929,2055,Success
ENSMUSG00000024759,ENSMUST00000025668.9,appris_principal_1,4368,1626,178,2564,2749,Success
ENSMUSG00000060675,ENSMUST00000025925.11,appris_principal_1,3523,489,155,2879,3041,Success
ENSMUSG00000010110,ENSMUST00000176381.8,appris_principal_1,2251,1068,182,1001,1190,Success
ENSMUSG00000010097,ENSMUST00000010241.14,appris_principal_1,2326,1857,159,310,476,Success
ENSMUSG00000071661,ENSMUST00000172175.3,appris_principal_1,2004,1557,182,265,454,Success
ENSMUSG00000071660,ENSMUST00000096751.11,appris_principal_1,3509,516,324,2669,3000,Success
ENSMUSG00000071659,ENSMUST00000096753.5,appris_principal_1,5118,2238,272,2608,2887,Success
ENSMUSG00000071658,ENSMUST00000096259.6,appris_principal_1,1643,228,205,1210,1422,Success
ENSMUSG00000071655,ENSMUST00000166407.9,appris_principal_1,1033,894,54,85,146,Success
ENSMUSG00000071650,ENSMUST00000096246.5,appris_principal_2,3860,2901,21,938,966,Short_or_Missing_UTRs
ENSMUSG00000071649,ENSMUST00000096243.7,appris_principal_1,1603,1008,193,402,602,Success
ENSMUSG00000071647,ENSMUST00000224272.2,appris_principal_3,2978,2691,38,249,294,Success
ENSMUSG00000071646,ENSMUST00000096240.3,appris_principal_1,3135,2007,480,648,1135,Success
ENSMUSG00000071645,ENSMUST00000096239.7,appris_principal_1,2753,2610,93,50,150,Success
ENSMUSG00000069833,ENSMUST00000092955.11,appris_principal_2,830,453,246,131,384,Success
ENSMUSG00000024654,ENSMUST00000049948.6,appris_principal_1,4195,981,82,3132,3221,Success
ENSMUSG00000024663,ENSMUST00000113161.10,appris_principal_2,5146,1152,156,3838,4001,Success
ENSMUSG00000024665,ENSMUST00000025567.9,appris_principal_1,3150,1335,317,1498,1822,Success
ENSMUSG00000010663,ENSMUST00000010807.6,appris_principal_1,3460,1344,164,1952,2123,Success
ENSMUSG00000024742,ENSMUST00000156291.2,appris_principal_1,2373,1143,426,804,1237,Success
ENSMUSG00000036372,ENSMUST00000040372.14,appris_principal_1,606,240,248,118,373,Success
ENSMUSG00000035735,ENSMUST00000039327.11,appris_principal_1,5634,3135,100,2399,2506,Success
ENSMUSG00000024668,ENSMUST00000025570.8,appris_principal_1,2981,495,21,2465,2493,Short_or_Missing_UTRs
ENSMUSG00000034820,ENSMUST00000237321.2,appris_principal_1,1760,1416,117,227,351,Success
ENSMUSG00000024667,ENSMUST00000154383.2,appris_principal_1,927,426,26,475,508,Short_or_Missing_UTRs
ENSMUSG00000034445,ENSMUST00000237814.2,appris_principal_1,3130,729,1120,1281,2408,Success
ENSMUSG00000048832,ENSMUST00000235927.2,appris_principal_1,2690,1059,239,1392,1638,Success
ENSMUSG00000024736,ENSMUST00000025645.14,appris_principal_1,3657,3057,314,286,607,Success
ENSMUSG00000034659,ENSMUST00000038128.15,appris_principal_1,2188,732,358,1098,1463,Success
ENSMUSG00000024735,ENSMUST00000025642.14,appris_principal_1,2134,1515,219,400,626,Success
ENSMUSG00000024683,ENSMUST00000167199.3,appris_principal_1,1162,756,79,327,413,Success
ENSMUSG00000041488,ENSMUST00000075304.14,appris_principal_1,2430,864,90,1476,1573,Success
ENSMUSG00000046139,ENSMUST00000061618.9,appris_principal_1,4216,2313,164,1739,1910,Success
ENSMUSG00000039982,ENSMUST00000045521.9,appris_principal_1,5226,1851,237,3138,3382,Success
ENSMUSG00000024691,ENSMUST00000144662.8,appris_principal_2,3912,1842,900,1170,2077,Success
ENSMUSG00000024695,ENSMUST00000038627.9,appris_principal_1,5531,1719,793,3019,3819,Success
ENSMUSG00000024642,ENSMUST00000052011.15,appris_principal_1,4545,2322,639,1584,2230,Success
ENSMUSG00000024639,ENSMUST00000025541.6,appris_principal_1,5644,1080,495,4069,4571,Success
ENSMUSG00000046230,ENSMUST00000068156.8,appris_principal_1,10838,9501,158,1179,1344,Success
ENSMUSG00000038843,ENSMUST00000174236.8,appris_principal_1,4606,1287,387,2932,3326,Success
ENSMUSG00000024712,ENSMUST00000025617.4,appris_principal_1,2482,468,268,1746,2021,Success
ENSMUSG00000024725,ENSMUST00000025631.7,appris_principal_1,2726,648,136,1942,2085,Success
ENSMUSG00000037847,ENSMUST00000042392.14,appris_principal_1,1357,588,85,684,776,Success
ENSMUSG00000047044,ENSMUST00000062753.3,Ensembl_canonical,1677,492,131,1054,1192,Success
ENSMUSG00000024750,ENSMUST00000237651.2,appris_principal_1,7385,642,474,6269,6750,Success
ENSMUSG00000047368,ENSMUST00000052556.5,appris_principal_1,2259,867,72,1320,1399,Success
ENSMUSG00000024754,ENSMUST00000096194.9,appris_principal_1,6667,4152,539,1976,2522,Success
ENSMUSG00000033863,ENSMUST00000036884.3,appris_principal_1,4486,735,529,3222,3758,Success
ENSMUSG00000024943,ENSMUST00000087556.7,appris_principal_3,5683,3306,0,2377,0,Short_or_Missing_UTRs
ENSMUSG00000059363,ENSMUST00000081333.11,appris_principal_1,1114,624,40,450,497,Success
ENSMUSG00000024878,ENSMUST00000025815.10,appris_principal_1,1929,1182,70,677,754,Success
ENSMUSG00000032702,ENSMUST00000049400.15,appris_principal_1,5637,4083,641,913,1561,Success
ENSMUSG00000024921,ENSMUST00000176030.8,appris_principal_3,5862,4806,151,905,1063,Success
ENSMUSG00000024924,ENSMUST00000167487.8,appris_principal_3,7971,2622,258,5091,5356,Success
ENSMUSG00000041360,ENSMUST00000076219.7,appris_principal_1,3471,1944,44,1483,1534,Success
ENSMUSG00000040929,ENSMUST00000165566.8,appris_principal_1,9146,2250,162,6734,6903,Success
ENSMUSG00000024935,ENSMUST00000025875.5,appris_principal_1,3800,1572,168,2060,2235,Success
ENSMUSG00000040105,ENSMUST00000045674.4,appris_principal_1,2859,879,48,1932,1987,Success
ENSMUSG00000024780,ENSMUST00000050148.5,appris_principal_1,5179,1008,38,4133,4178,Success
ENSMUSG00000024782,ENSMUST00000025696.5,appris_principal_1,2809,684,132,1993,2132,Success
ENSMUSG00000024785,ENSMUST00000064393.6,appris_principal_1,1803,1122,130,551,688,Success
ENSMUSG00000024789,ENSMUST00000025705.7,appris_principal_1,4947,3399,316,1232,1555,Success
ENSMUSG00000016495,ENSMUST00000143467.8,appris_principal_1,1020,444,291,285,583,Success
ENSMUSG00000016496,ENSMUST00000016640.8,appris_principal_1,3622,873,66,2683,2756,Success
ENSMUSG00000038658,ENSMUST00000043610.13,appris_principal_1,7190,4269,241,2680,2928,Success
ENSMUSG00000046324,ENSMUST00000159692.8,appris_principal_1,7058,2697,60,4301,4368,Success
ENSMUSG00000024817,ENSMUST00000025739.14,appris_principal_1,3536,2412,266,858,1131,Success
ENSMUSG00000024827,ENSMUST00000025778.9,appris_principal_1,3767,3078,169,520,696,Success
ENSMUSG00000052920,ENSMUST00000065067.14,appris_principal_1,6976,2016,211,4749,4967,Success
ENSMUSG00000053536,ENSMUST00000066039.8,appris_principal_1,4233,1899,229,2105,2341,Success
ENSMUSG00000040451,ENSMUST00000099514.10,appris_principal_1,3665,1260,787,1618,2412,Success
ENSMUSG00000024896,ENSMUST00000025827.10,appris_principal_1,2613,1446,172,995,1174,Success
ENSMUSG00000024899,ENSMUST00000235594.2,appris_principal_1,2047,1845,59,143,209,Success
ENSMUSG00000013662,ENSMUST00000235412.2,appris_principal_1,3771,1086,79,2606,2692,Success
ENSMUSG00000013663,ENSMUST00000013807.8,appris_principal_1,8292,1212,948,6132,7087,Success
ENSMUSG00000035783,ENSMUST00000039631.10,appris_principal_1,2035,1134,324,577,908,Success
ENSMUSG00000024778,ENSMUST00000025691.13,appris_principal_2,1481,984,49,448,504,Success
ENSMUSG00000024781,ENSMUST00000178114.2,appris_principal_1,2965,1194,109,1662,1778,Success
ENSMUSG00000033610,ENSMUST00000112460.3,appris_principal_1,2760,1122,204,1434,1645,Success
ENSMUSG00000024795,ENSMUST00000087341.7,Ensembl_canonical,5564,5325,74,165,246,Success
ENSMUSG00000024805,ENSMUST00000225411.2,Ensembl_canonical,1626,771,331,524,862,Success
ENSMUSG00000041180,ENSMUST00000169036.9,Ensembl_canonical,3842,2328,116,1398,1521,Success
ENSMUSG00000067279,ENSMUST00000087321.4,appris_principal_1,2725,954,87,1684,1778,Success
ENSMUSG00000024811,ENSMUST00000025729.12,appris_principal_2,6481,3501,306,2674,2987,Success
ENSMUSG00000040565,ENSMUST00000099494.4,appris_principal_1,7204,5547,309,1348,1664,Success
ENSMUSG00000039652,ENSMUST00000079754.11,appris_principal_3,5899,2151,179,3569,3755,Success
ENSMUSG00000023307,ENSMUST00000024078.15,appris_principal_1,1809,837,327,645,979,Success
ENSMUSG00000012443,ENSMUST00000012587.4,appris_principal_1,4819,3159,191,1469,1667,Success
ENSMUSG00000024986,ENSMUST00000025944.9,appris_principal_1,1802,816,60,926,993,Success
ENSMUSG00000048612,ENSMUST00000226068.2,appris_principal_1,6633,6186,28,419,454,Short_or_Missing_UTRs
ENSMUSG00000024989,ENSMUST00000169673.3,Ensembl_canonical,2757,1389,445,923,1375,Success
ENSMUSG00000044026,ENSMUST00000054098.4,appris_principal_1,3474,1107,135,2232,2374,Success
ENSMUSG00000024998,ENSMUST00000182481.8,appris_principal_2,8357,6849,580,928,1515,Success
ENSMUSG00000024999,ENSMUST00000025963.8,appris_principal_1,3977,2424,136,1417,1560,Success
ENSMUSG00000048720,ENSMUST00000037302.6,appris_principal_1,4209,2097,128,1984,2119,Success
ENSMUSG00000025001,ENSMUST00000025965.12,appris_principal_1,5868,2466,178,3224,3409,Success
ENSMUSG00000025007,ENSMUST00000025979.13,Ensembl_canonical,3527,2388,248,891,1146,Success
ENSMUSG00000025008,ENSMUST00000135795.8,appris_principal_2,1686,1479,59,148,214,Success
ENSMUSG00000025010,ENSMUST00000025983.13,appris_principal_1,3819,1140,205,2474,2686,Success
ENSMUSG00000049164,ENSMUST00000050092.7,appris_principal_1,6840,4437,521,1882,2410,Success
ENSMUSG00000025016,ENSMUST00000237871.2,appris_principal_1,3170,1764,126,1280,1413,Success
ENSMUSG00000025017,ENSMUST00000059672.9,appris_principal_1,4482,2436,127,1919,2053,Success
ENSMUSG00000025019,ENSMUST00000067795.13,appris_principal_1,4833,1302,550,2981,3538,Success
ENSMUSG00000047604,ENSMUST00000059231.4,appris_principal_1,2161,696,221,1244,1472,Success
ENSMUSG00000035049,ENSMUST00000038677.5,appris_principal_1,4340,3888,96,356,459,Success
ENSMUSG00000011752,ENSMUST00000011896.8,appris_principal_1,1775,765,125,885,1017,Success
ENSMUSG00000025157,ENSMUST00000026154.9,appris_principal_1,1821,1086,327,408,742,Success
ENSMUSG00000025159,ENSMUST00000171561.8,appris_principal_1,6607,3096,44,3467,3518,Success
ENSMUSG00000025171,ENSMUST00000026170.3,appris_principal_1,1529,684,176,669,852,Success
ENSMUSG00000049670,ENSMUST00000051772.10,appris_principal_1,1800,441,194,1165,1366,Success
ENSMUSG00000025178,ENSMUST00000235932.2,appris_principal_1,1939,1440,32,467,506,Success
ENSMUSG00000044345,ENSMUST00000061111.10,appris_principal_1,3066,522,249,2295,2551,Success
ENSMUSG00000018820,ENSMUST00000169536.8,Ensembl_canonical,5611,1248,220,4143,4370,Success
ENSMUSG00000025188,ENSMUST00000162004.8,appris_principal_1,2847,2115,203,529,739,Success
ENSMUSG00000025190,ENSMUST00000026196.14,appris_principal_1,2058,1242,150,666,823,Success
ENSMUSG00000025192,ENSMUST00000081079.6,appris_principal_1,5911,1821,328,3762,4097,Success
ENSMUSG00000040018,ENSMUST00000045562.6,appris_principal_1,4798,1242,89,3467,3563,Success
ENSMUSG00000025193,ENSMUST00000112047.10,appris_principal_1,1233,819,65,349,421,Success
ENSMUSG00000025195,ENSMUST00000212396.2,appris_principal_2,6100,4743,85,1272,1364,Success
ENSMUSG00000025198,ENSMUST00000170801.8,appris_principal_1,3172,1047,142,1983,2132,Success
ENSMUSG00000025199,ENSMUST00000026217.11,appris_principal_1,3502,2238,88,1176,1271,Success
ENSMUSG00000057506,ENSMUST00000079033.6,appris_principal_1,885,432,30,423,460,Success
ENSMUSG00000037071,ENSMUST00000041331.4,appris_principal_1,4832,1068,300,3464,3771,Success
ENSMUSG00000036450,ENSMUST00000040455.5,appris_principal_1,6194,1050,28,5116,5151,Short_or_Missing_UTRs
ENSMUSG00000036097,ENSMUST00000096053.6,appris_principal_1,6879,3492,192,3195,3394,Success
ENSMUSG00000025207,ENSMUST00000026225.15,appris_principal_1,4548,2514,634,1400,2041,Success
ENSMUSG00000035342,ENSMUST00000039016.14,appris_principal_1,3062,2016,501,545,1053,Success
ENSMUSG00000025212,ENSMUST00000062213.13,appris_principal_1,2867,966,220,1681,1908,Success
ENSMUSG00000040913,ENSMUST00000046869.11,appris_principal_1,2068,1233,283,552,842,Success
ENSMUSG00000056209,ENSMUST00000070215.8,appris_principal_1,888,528,35,325,367,Success
ENSMUSG00000025220,ENSMUST00000026243.5,appris_principal_1,5057,2751,421,1885,2313,Success
ENSMUSG00000074811,ENSMUST00000099393.4,appris_principal_1,2666,2418,118,130,255,Success
ENSMUSG00000025223,ENSMUST00000056931.14,Ensembl_canonical,2295,1128,650,517,1174,Success
ENSMUSG00000015176,ENSMUST00000165017.2,appris_principal_2,3634,2109,167,1358,1532,Success
ENSMUSG00000025224,ENSMUST00000026254.14,appris_principal_1,6450,5586,294,570,871,Success
ENSMUSG00000025225,ENSMUST00000073116.13,appris_principal_1,2979,2700,151,128,286,Success
ENSMUSG00000025226,ENSMUST00000026256.9,appris_principal_1,1348,903,290,155,452,Success
ENSMUSG00000036748,ENSMUST00000235485.2,appris_principal_1,1790,855,59,876,942,Success
ENSMUSG00000025227,ENSMUST00000128041.8,appris_principal_1,2223,1560,125,538,670,Success
ENSMUSG00000025228,ENSMUST00000040270.6,appris_principal_1,2757,1131,70,1556,1633,Success
ENSMUSG00000025231,ENSMUST00000111867.9,Ensembl_canonical,1747,1458,185,104,296,Success
ENSMUSG00000025034,ENSMUST00000026008.9,appris_principal_1,3580,1656,742,1182,1931,Success
ENSMUSG00000025035,ENSMUST00000026009.10,appris_principal_1,843,549,51,243,301,Success
ENSMUSG00000025036,ENSMUST00000026011.8,appris_principal_1,3205,969,112,2124,2243,Success
ENSMUSG00000047731,ENSMUST00000138302.9,appris_principal_2,3900,1110,120,2670,2797,Success
ENSMUSG00000025041,ENSMUST00000168536.9,appris_principal_1,3728,1683,56,1989,2052,Success
ENSMUSG00000034336,ENSMUST00000037636.4,appris_principal_1,3240,1506,57,1677,1741,Success
ENSMUSG00000025050,ENSMUST00000026032.7,appris_principal_1,2159,1062,85,1012,1104,Success
ENSMUSG00000053617,ENSMUST00000081619.10,Ensembl_canonical,10454,3375,266,6813,7086,Success
ENSMUSG00000042694,ENSMUST00000049369.16,appris_principal_1,1992,1137,328,527,862,Success
ENSMUSG00000025060,ENSMUST00000051691.8,appris_principal_1,4239,3702,175,362,544,Success
ENSMUSG00000025066,ENSMUST00000099353.6,appris_principal_1,1657,960,127,570,704,Success
ENSMUSG00000025026,ENSMUST00000111741.10,appris_principal_3,4426,2025,292,2109,2408,Success
ENSMUSG00000025025,ENSMUST00000111737.3,appris_principal_1,2340,687,235,1418,1660,Success
ENSMUSG00000025024,ENSMUST00000025997.7,appris_principal_1,1948,717,163,1068,1238,Success
ENSMUSG00000034765,ENSMUST00000038287.7,appris_principal_1,2473,1155,209,1109,1325,Success
ENSMUSG00000024974,ENSMUST00000025930.10,appris_principal_1,4851,3654,142,1055,1204,Success
ENSMUSG00000024975,ENSMUST00000074371.13,appris_principal_1,2408,1410,290,708,1005,Success
ENSMUSG00000084957,ENSMUST00000135402.4,appris_principal_1,2043,204,355,1484,1846,Success
ENSMUSG00000024976,ENSMUST00000169861.9,appris_principal_1,3664,1749,324,1591,1922,Success
ENSMUSG00000024978,ENSMUST00000235957.2,appris_principal_1,6172,2484,394,3294,3695,Success
ENSMUSG00000024981,ENSMUST00000043150.6,appris_principal_1,4243,2052,827,1364,2198,Success
ENSMUSG00000024982,ENSMUST00000224897.2,appris_principal_1,2168,1242,442,484,933,Success
ENSMUSG00000024983,ENSMUST00000095950.3,appris_principal_3,3405,654,100,2651,2758,Success
ENSMUSG00000024985,ENSMUST00000111657.11,Ensembl_canonical,2135,1797,0,338,0,Short_or_Missing_UTRs
ENSMUSG00000025076,ENSMUST00000026062.10,appris_principal_1,2350,912,189,1249,1445,Success
ENSMUSG00000025078,ENSMUST00000071423.7,appris_principal_1,8591,2178,422,5991,6420,Success
ENSMUSG00000035173,ENSMUST00000118592.8,appris_principal_1,6445,2754,209,3482,3698,Success
ENSMUSG00000025085,ENSMUST00000111546.8,appris_principal_1,2267,2106,77,84,168,Success
ENSMUSG00000033478,ENSMUST00000036407.6,appris_principal_1,5951,2295,646,3010,3663,Success
ENSMUSG00000025086,ENSMUST00000026073.14,appris_principal_1,3789,1017,35,2737,2779,Success
ENSMUSG00000025089,ENSMUST00000026076.14,appris_principal_3,4641,1407,447,2787,3241,Success
ENSMUSG00000025092,ENSMUST00000066285.6,appris_principal_1,5734,2028,95,3611,3713,Success
ENSMUSG00000041362,ENSMUST00000047511.15,appris_principal_2,3974,1896,588,1490,2085,Success
ENSMUSG00000074746,ENSMUST00000099274.4,appris_principal_1,5982,3444,193,2345,2545,Success
ENSMUSG00000033417,ENSMUST00000081790.15,appris_principal_1,5792,1134,307,4351,4665,Success
ENSMUSG00000072437,ENSMUST00000088237.6,appris_principal_1,3928,804,279,2845,3131,Success
ENSMUSG00000024991,ENSMUST00000025955.8,appris_principal_1,5125,4035,126,964,1097,Success
ENSMUSG00000024997,ENSMUST00000025961.7,appris_principal_1,1478,774,89,615,711,Success
ENSMUSG00000003228,ENSMUST00000003313.10,appris_principal_1,6580,1773,831,3976,4814,Success
ENSMUSG00000004317,ENSMUST00000004428.14,longest_cds,8390,2241,230,5919,6156,Success
ENSMUSG00000046269,ENSMUST00000191497.2,appris_principal_1,4273,1317,965,1991,2963,Success
ENSMUSG00000031144,ENSMUST00000069520.11,appris_principal_1,2591,945,222,1424,1653,Success
ENSMUSG00000031146,ENSMUST00000033486.6,appris_principal_1,1157,459,152,546,705,Success
ENSMUSG00000039382,ENSMUST00000043045.10,appris_principal_1,1609,1083,179,347,533,Success
ENSMUSG00000031150,ENSMUST00000033490.13,appris_principal_1,3658,1890,326,1442,1775,Success
ENSMUSG00000000134,ENSMUST00000077680.10,appris_principal_1,3277,1719,287,1271,1565,Success
ENSMUSG00000031153,ENSMUST00000115675.9,appris_principal_1,3015,2514,32,469,508,Success
ENSMUSG00000031154,ENSMUST00000115667.10,Ensembl_canonical,2708,1716,61,931,999,Success
ENSMUSG00000031158,ENSMUST00000033498.11,appris_principal_1,3959,519,87,3353,3447,Success
ENSMUSG00000039231,ENSMUST00000115638.10,appris_principal_1,3116,1239,198,1679,1884,Success
ENSMUSG00000031166,ENSMUST00000033506.13,appris_principal_1,4183,1458,481,2244,2732,Success
ENSMUSG00000031167,ENSMUST00000115619.8,appris_principal_3,969,462,57,450,514,Success
ENSMUSG00000039201,ENSMUST00000239441.2,appris_principal_1,2648,2067,348,233,588,Success
ENSMUSG00000031168,ENSMUST00000033509.15,appris_principal_1,1743,693,769,281,1057,Success
ENSMUSG00000031169,ENSMUST00000077595.12,Ensembl_canonical,1872,1386,160,326,493,Success
ENSMUSG00000015342,ENSMUST00000015486.7,appris_principal_1,5076,1341,234,3501,3742,Success
ENSMUSG00000031176,ENSMUST00000033519.3,appris_principal_1,2176,351,105,1720,1832,Success
ENSMUSG00000031174,ENSMUST00000044598.14,appris_principal_2,3805,3006,341,458,806,Success
ENSMUSG00000008035,ENSMUST00000115524.8,appris_principal_1,2022,549,561,912,1480,Success
ENSMUSG00000040363,ENSMUST00000115513.9,Ensembl_canonical,6941,5280,775,886,1668,Success
ENSMUSG00000031007,ENSMUST00000033313.3,appris_principal_1,2324,1053,95,1176,1278,Success
ENSMUSG00000064127,ENSMUST00000096495.11,appris_principal_1,6963,4380,374,2209,2590,Success
ENSMUSG00000000787,ENSMUST00000000804.7,appris_principal_1,4692,1989,143,2560,2710,Success
ENSMUSG00000025037,ENSMUST00000026013.6,appris_principal_1,4167,1581,143,2443,2593,Success
ENSMUSG00000025040,ENSMUST00000026016.13,appris_principal_1,1983,468,145,1370,1522,Success
ENSMUSG00000037369,ENSMUST00000044484.13,appris_principal_1,5918,4206,431,1281,1719,Success
ENSMUSG00000037347,ENSMUST00000044138.8,appris_principal_1,2206,1455,156,595,758,Success
ENSMUSG00000037341,ENSMUST00000072451.11,appris_principal_1,2512,2181,123,208,338,Success
ENSMUSG00000060090,ENSMUST00000033372.13,appris_principal_3,4417,1044,255,3118,3380,Success
ENSMUSG00000037315,ENSMUST00000115384.9,appris_principal_1,4866,2472,351,2043,2401,Success
ENSMUSG00000031059,ENSMUST00000116621.2,appris_principal_1,908,456,359,93,459,Success
ENSMUSG00000031060,ENSMUST00000115374.8,Ensembl_canonical,3564,2793,554,217,778,Success
ENSMUSG00000031065,ENSMUST00000033380.7,appris_principal_1,3120,1491,395,1234,1636,Success
ENSMUSG00000001127,ENSMUST00000001155.11,appris_principal_1,2358,1815,137,406,550,Success
ENSMUSG00000009406,ENSMUST00000009550.14,appris_principal_1,3548,1290,203,2055,2265,Success
ENSMUSG00000054737,ENSMUST00000115333.9,appris_principal_2,3130,1884,121,1125,1253,Success
ENSMUSG00000036769,ENSMUST00000035766.13,appris_principal_1,4167,2748,412,1007,1426,Success
ENSMUSG00000031093,ENSMUST00000033419.13,appris_principal_1,6665,6222,99,344,450,Success
ENSMUSG00000017057,ENSMUST00000033418.8,appris_principal_1,3712,1275,84,2353,2444,Success
ENSMUSG00000016239,ENSMUST00000016383.10,appris_principal_1,2911,2262,227,422,656,Success
ENSMUSG00000006373,ENSMUST00000073339.7,appris_principal_1,1857,588,81,1188,1276,Success
ENSMUSG00000016319,ENSMUST00000016463.4,appris_principal_1,1240,897,80,263,350,Success
ENSMUSG00000016308,ENSMUST00000240546.1,Ensembl_canonical,2005,654,269,1082,1358,Success
ENSMUSG00000006423,ENSMUST00000115248.10,appris_principal_1,3340,669,114,2557,2678,Success
ENSMUSG00000050379,ENSMUST00000115239.10,Ensembl_canonical,1845,1305,248,292,547,Success
ENSMUSG00000079641,ENSMUST00000115231.4,appris_principal_1,612,156,275,181,463,Success
ENSMUSG00000036572,ENSMUST00000076265.13,appris_principal_1,2344,1419,91,834,932,Success
ENSMUSG00000016409,ENSMUST00000016553.5,appris_principal_1,4230,1248,201,2781,2989,Success
ENSMUSG00000048047,ENSMUST00000049740.3,appris_principal_1,5122,2016,292,2814,3113,Success
ENSMUSG00000016534,ENSMUST00000016678.14,appris_principal_3,1769,1248,151,370,528,Success
ENSMUSG00000031095,ENSMUST00000016681.15,appris_principal_2,3354,2691,304,359,670,Success
ENSMUSG00000037475,ENSMUST00000047037.15,appris_principal_1,7622,4785,30,2807,2844,Success
ENSMUSG00000025860,ENSMUST00000115094.8,appris_principal_1,6542,1491,379,4672,5058,Success
ENSMUSG00000025862,ENSMUST00000115073.9,appris_principal_1,6171,3807,465,1899,2371,Success
ENSMUSG00000031099,ENSMUST00000101616.9,Ensembl_canonical,3991,3189,123,679,809,Success
ENSMUSG00000001173,ENSMUST00000001202.15,appris_principal_1,5253,2703,266,2284,2557,Success
ENSMUSG00000036985,ENSMUST00000037960.11,appris_principal_1,2982,1095,331,1556,1894,Success
ENSMUSG00000036959,ENSMUST00000136348.8,appris_principal_1,7446,5346,250,1850,2107,Success
ENSMUSG00000031103,ENSMUST00000114958.8,appris_principal_1,6088,1968,503,3617,4127,Success
ENSMUSG00000031109,ENSMUST00000114912.8,appris_principal_1,3167,1749,373,1045,1425,Success
ENSMUSG00000050029,ENSMUST00000053593.8,appris_principal_1,3545,552,120,2873,3000,Success
ENSMUSG00000036109,ENSMUST00000114876.9,appris_principal_1,2243,1029,287,927,1221,Success
ENSMUSG00000062184,ENSMUST00000114871.2,appris_principal_1,4351,1839,254,2258,2519,Success
ENSMUSG00000031119,ENSMUST00000033450.3,appris_principal_1,2651,1674,477,500,984,Success
ENSMUSG00000025626,ENSMUST00000078944.13,appris_principal_1,4350,1095,217,3038,3262,Success
ENSMUSG00000025630,ENSMUST00000026723.9,appris_principal_1,1289,657,87,545,639,Success
ENSMUSG00000036022,ENSMUST00000071023.12,Ensembl_canonical,4334,771,832,2731,3570,Success
ENSMUSG00000023074,ENSMUST00000023836.4,Ensembl_canonical,1763,645,181,937,1125,Success
ENSMUSG00000073176,ENSMUST00000101560.4,appris_principal_1,3738,1557,132,2049,2188,Success
ENSMUSG00000035967,ENSMUST00000039374.9,appris_principal_1,3766,2586,329,851,1187,Success
ENSMUSG00000061273,ENSMUST00000059899.3,appris_principal_1,4234,396,206,3632,3845,Success
ENSMUSG00000060681,ENSMUST00000077741.12,appris_principal_2,4976,2109,85,2782,2874,Success
ENSMUSG00000023092,ENSMUST00000114772.9,appris_principal_1,2283,891,50,1342,1399,Success
ENSMUSG00000031133,ENSMUST00000033468.11,appris_principal_1,4569,2316,227,2026,2260,Success
ENSMUSG00000031134,ENSMUST00000114730.8,appris_principal_1,2019,1176,118,725,850,Success
ENSMUSG00000062949,ENSMUST00000033480.13,appris_principal_3,5939,3351,150,2438,2595,Success
ENSMUSG00000035847,ENSMUST00000101509.9,appris_principal_1,4972,1659,181,3132,3320,Success
ENSMUSG00000073139,ENSMUST00000114630.3,appris_principal_1,1307,1053,165,89,261,Success
ENSMUSG00000031337,ENSMUST00000171933.8,appris_principal_1,3488,1812,194,1482,1683,Success
ENSMUSG00000015214,ENSMUST00000015358.8,appris_principal_2,4634,2010,155,2469,2631,Success
ENSMUSG00000035776,ENSMUST00000080035.11,appris_principal_1,3327,645,57,2625,2689,Success
ENSMUSG00000015217,ENSMUST00000072699.13,appris_principal_1,1571,603,96,872,975,Success
ENSMUSG00000073131,ENSMUST00000114576.9,appris_principal_1,4195,306,130,3759,3896,Success
ENSMUSG00000031347,ENSMUST00000114551.10,appris_principal_1,1286,519,95,672,774,Success
ENSMUSG00000031351,ENSMUST00000164800.8,appris_principal_2,3557,1461,225,1871,2103,Success
ENSMUSG00000031365,ENSMUST00000033731.4,appris_principal_1,6376,1500,179,4697,4883,Success
ENSMUSG00000031375,ENSMUST00000033741.15,appris_principal_1,2419,1110,172,1137,1316,Success
ENSMUSG00000031383,ENSMUST00000019701.9,appris_principal_1,2722,1359,258,1105,1370,Success
ENSMUSG00000002015,ENSMUST00000002091.6,appris_principal_1,1219,738,102,379,488,Success
ENSMUSG00000031378,ENSMUST00000002084.14,appris_principal_1,3648,2211,434,1003,1444,Success
ENSMUSG00000002014,ENSMUST00000166518.8,Ensembl_canonical,800,522,212,66,285,Success
ENSMUSG00000031388,ENSMUST00000033763.15,appris_principal_1,962,708,168,86,261,Success
ENSMUSG00000031386,ENSMUST00000033761.13,appris_principal_2,8138,6138,354,1646,2007,Success
ENSMUSG00000031392,ENSMUST00000114354.10,appris_principal_3,3835,2136,173,1526,1706,Success
ENSMUSG00000031393,ENSMUST00000100750.10,appris_principal_1,10538,1455,258,8825,9090,Success
ENSMUSG00000031328,ENSMUST00000114299.8,appris_principal_1,8456,7920,207,329,543,Success
ENSMUSG00000009995,ENSMUST00000114180.11,Ensembl_canonical,1786,792,246,748,1001,Success
ENSMUSG00000015291,ENSMUST00000015435.11,appris_principal_1,2666,1344,399,923,1329,Success
ENSMUSG00000031398,ENSMUST00000004326.4,appris_principal_1,6943,5619,177,1147,1331,Success
ENSMUSG00000015289,ENSMUST00000015433.4,appris_principal_1,761,447,91,223,321,Success
ENSMUSG00000032806,ENSMUST00000114146.8,appris_principal_2,1902,1422,246,234,487,Success
ENSMUSG00000031399,ENSMUST00000114143.10,appris_principal_1,1899,693,585,621,1213,Success
ENSMUSG00000031400,ENSMUST00000004327.11,appris_principal_1,2652,1548,380,724,1111,Success
ENSMUSG00000031403,ENSMUST00000033776.15,appris_principal_1,2804,1530,258,1016,1281,Success
ENSMUSG00000031402,ENSMUST00000033775.9,appris_principal_1,2525,1401,190,934,1131,Success
ENSMUSG00000031198,ENSMUST00000033541.5,appris_principal_1,2562,456,34,2072,2113,Success
ENSMUSG00000031201,ENSMUST00000033544.14,appris_principal_1,4310,876,91,3343,3441,Success
ENSMUSG00000031197,ENSMUST00000033540.6,appris_principal_1,1595,591,40,964,1011,Success
ENSMUSG00000031202,ENSMUST00000033545.6,appris_principal_1,3401,642,224,2535,2766,Success
ENSMUSG00000016382,ENSMUST00000114059.10,appris_principal_1,3149,1893,143,1113,1263,Success
ENSMUSG00000025246,ENSMUST00000088217.12,appris_principal_1,5234,1584,408,3242,3657,Success
ENSMUSG00000035725,ENSMUST00000036333.14,appris_principal_1,4146,1068,574,2504,3085,Success
ENSMUSG00000047996,ENSMUST00000177904.8,appris_principal_1,3851,657,120,3074,3201,Success
ENSMUSG00000025666,ENSMUST00000171953.8,appris_principal_1,1801,546,230,1025,1262,Success
ENSMUSG00000035476,ENSMUST00000048250.10,appris_principal_1,6364,2151,298,3915,4220,Success
ENSMUSG00000025059,ENSMUST00000113978.9,Ensembl_canonical,4279,1680,150,2449,2606,Success
ENSMUSG00000035246,ENSMUST00000045898.4,appris_principal_1,4888,1110,258,3520,3785,Success
ENSMUSG00000079509,ENSMUST00000088102.12,appris_principal_1,7002,2400,437,4165,4609,Success
ENSMUSG00000043929,ENSMUST00000113916.10,appris_principal_1,2363,1815,498,50,555,Success
ENSMUSG00000025151,ENSMUST00000026142.8,appris_principal_1,2821,2328,281,212,500,Success
ENSMUSG00000071723,ENSMUST00000096368.4,appris_principal_1,2491,1899,188,404,599,Success
ENSMUSG00000073062,ENSMUST00000101388.4,appris_principal_1,5619,2622,106,2891,3004,Success
ENSMUSG00000071722,ENSMUST00000096367.5,appris_principal_1,4173,750,488,2935,3430,Success
ENSMUSG00000025656,ENSMUST00000113884.8,Ensembl_canonical,3784,1683,394,1707,2108,Success
ENSMUSG00000050332,ENSMUST00000084535.6,appris_principal_1,8496,3399,303,4794,5104,Success
ENSMUSG00000035062,ENSMUST00000044382.7,appris_principal_1,2219,675,205,1339,1551,Success
ENSMUSG00000057421,ENSMUST00000079987.13,appris_principal_2,2530,2280,65,185,257,Success
ENSMUSG00000031207,ENSMUST00000117399.2,appris_principal_1,3842,1734,190,1918,2115,Success
ENSMUSG00000034457,ENSMUST00000037353.10,appris_principal_1,4752,894,224,3634,3865,Success
ENSMUSG00000031214,ENSMUST00000033560.9,appris_principal_1,7170,2409,624,4137,4768,Success
ENSMUSG00000031216,ENSMUST00000036606.14,appris_principal_1,4963,3060,375,1528,1910,Success
ENSMUSG00000031217,ENSMUST00000052839.7,appris_principal_1,3258,1038,756,1464,2227,Success
ENSMUSG00000034403,ENSMUST00000113792.2,appris_principal_2,3038,1737,470,831,1308,Success
ENSMUSG00000031221,ENSMUST00000033570.6,appris_principal_1,1518,1023,75,420,502,Success
ENSMUSG00000015668,ENSMUST00000015812.12,appris_principal_1,1626,423,696,507,1210,Success
ENSMUSG00000034311,ENSMUST00000048962.4,appris_principal_1,4983,3696,732,555,1294,Success
ENSMUSG00000000881,ENSMUST00000087984.11,Ensembl_canonical,4956,2550,323,2083,2413,Success
ENSMUSG00000046032,ENSMUST00000120389.8,appris_principal_1,2415,489,123,1803,1933,Success
ENSMUSG00000042903,ENSMUST00000062000.6,appris_principal_1,3162,1518,293,1351,1651,Success
ENSMUSG00000031311,ENSMUST00000033673.7,appris_principal_1,2562,1422,277,863,1147,Success
ENSMUSG00000034160,ENSMUST00000044475.5,appris_principal_3,5384,3141,222,2021,2250,Success
ENSMUSG00000051220,ENSMUST00000056904.3,appris_principal_1,5302,3723,116,1463,1586,Success
ENSMUSG00000034055,ENSMUST00000052012.14,Ensembl_canonical,6115,3726,322,2067,2396,Success
ENSMUSG00000031327,ENSMUST00000116547.3,appris_principal_1,7375,684,109,6582,6698,Success
ENSMUSG00000056537,ENSMUST00000121153.8,appris_principal_1,7439,1803,308,5328,5643,Success
ENSMUSG00000073016,ENSMUST00000087867.6,appris_principal_1,2304,933,143,1228,1378,Success
ENSMUSG00000031229,ENSMUST00000113573.8,appris_principal_1,10275,7431,284,2560,2851,Success
ENSMUSG00000031232,ENSMUST00000238718.2,Ensembl_canonical,4524,1107,37,3380,3424,Success
ENSMUSG00000033792,ENSMUST00000113557.8,appris_principal_1,4900,4476,122,302,431,Success
ENSMUSG00000062070,ENSMUST00000081593.13,appris_principal_1,1825,1254,151,420,578,Success
ENSMUSG00000047242,ENSMUST00000055497.15,appris_principal_1,2633,750,272,1611,1890,Success
ENSMUSG00000031245,ENSMUST00000033597.9,appris_principal_1,1934,1221,138,575,720,Success
ENSMUSG00000031246,ENSMUST00000033598.9,appris_principal_1,2882,345,228,2309,2544,Success
ENSMUSG00000034551,ENSMUST00000113422.9,appris_principal_1,9534,2079,113,7342,7462,Success
ENSMUSG00000025525,ENSMUST00000026599.10,appris_principal_1,1359,798,88,473,568,Success
ENSMUSG00000025531,ENSMUST00000026607.15,appris_principal_1,4868,1989,28,2851,2886,Short_or_Missing_UTRs
ENSMUSG00000034480,ENSMUST00000037854.15,appris_principal_2,3742,3309,171,262,440,Success
ENSMUSG00000067377,ENSMUST00000087557.12,appris_principal_1,1765,738,135,892,1034,Success
ENSMUSG00000031256,ENSMUST00000033609.9,appris_principal_1,4502,1743,168,2591,2766,Success
ENSMUSG00000031262,ENSMUST00000081064.12,appris_principal_1,3227,2241,349,637,993,Success
ENSMUSG00000048007,ENSMUST00000054213.5,appris_principal_1,1421,294,277,850,1134,Success
ENSMUSG00000045427,ENSMUST00000074950.11,appris_principal_1,2426,1350,279,797,1083,Success
ENSMUSG00000033460,ENSMUST00000113201.8,appris_principal_1,2228,1371,470,387,864,Success
ENSMUSG00000050394,ENSMUST00000113194.8,appris_principal_1,2120,906,500,714,1221,Success
ENSMUSG00000049047,ENSMUST00000081834.10,appris_principal_1,3327,1140,494,1693,2194,Success
ENSMUSG00000033436,ENSMUST00000119010.8,appris_principal_1,3007,2355,269,383,659,Success
ENSMUSG00000072966,ENSMUST00000173804.8,appris_principal_1,3814,2481,977,356,1340,Success
ENSMUSG00000051579,ENSMUST00000163584.8,appris_principal_1,2358,354,319,1685,2011,Success
ENSMUSG00000046432,ENSMUST00000178632.8,appris_principal_2,933,375,245,313,565,Success
ENSMUSG00000049536,ENSMUST00000055104.6,appris_principal_1,2803,498,134,2171,2312,Success
ENSMUSG00000031422,ENSMUST00000033797.13,appris_principal_1,1996,867,460,669,1136,Success
ENSMUSG00000042595,ENSMUST00000047852.8,appris_principal_1,8299,1167,279,6853,7139,Success
ENSMUSG00000031438,ENSMUST00000113026.2,appris_principal_1,2750,1287,186,1277,1470,Success
ENSMUSG00000042473,ENSMUST00000096313.4,appris_principal_1,5094,3345,185,1564,1756,Success
ENSMUSG00000031434,ENSMUST00000087401.12,appris_principal_2,3862,2787,304,771,1082,Success
ENSMUSG00000031433,ENSMUST00000113011.9,Ensembl_canonical,3728,1314,50,2364,2421,Success
ENSMUSG00000031432,ENSMUST00000033809.4,appris_principal_1,1965,957,129,879,1015,Success
ENSMUSG00000031431,ENSMUST00000055738.12,appris_principal_1,1974,414,220,1340,1567,Success
ENSMUSG00000000266,ENSMUST00000112990.8,appris_principal_1,6271,2058,379,3834,4220,Success
ENSMUSG00000031429,ENSMUST00000033805.15,appris_principal_1,1430,696,22,712,741,Short_or_Missing_UTRs
ENSMUSG00000031274,ENSMUST00000112931.8,appris_principal_1,6536,5076,350,1110,1467,Success
ENSMUSG00000042271,ENSMUST00000042329.12,appris_principal_1,2447,429,153,1865,2025,Success
ENSMUSG00000031278,ENSMUST00000033634.5,Ensembl_canonical,5280,2136,460,2684,3151,Success
ENSMUSG00000047045,ENSMUST00000087333.9,appris_principal_1,5149,891,411,3847,4265,Success
ENSMUSG00000025269,ENSMUST00000112720.8,appris_principal_1,4742,1551,285,2906,3198,Success
ENSMUSG00000025272,ENSMUST00000112709.8,appris_principal_2,6610,6264,117,229,353,Success
ENSMUSG00000025265,ENSMUST00000026296.8,appris_principal_1,4001,2883,505,613,1125,Success
ENSMUSG00000041245,ENSMUST00000184730.8,appris_principal_2,5253,5133,62,58,127,Success
ENSMUSG00000025262,ENSMUST00000073364.6,appris_principal_1,5463,3276,75,2112,2194,Success
ENSMUSG00000041229,ENSMUST00000168501.8,appris_principal_1,6359,3072,857,2430,3294,Success
ENSMUSG00000041133,ENSMUST00000045312.6,appris_principal_1,4691,3702,104,885,996,Success
ENSMUSG00000041115,ENSMUST00000112605.8,appris_principal_1,6017,4467,201,1349,1557,Success
ENSMUSG00000025332,ENSMUST00000112588.9,appris_principal_2,6449,4656,332,1461,1800,Success
ENSMUSG00000041096,ENSMUST00000044509.7,appris_principal_1,2696,2034,100,562,669,Success
ENSMUSG00000041658,ENSMUST00000039720.11,appris_principal_1,2258,1125,503,630,1140,Success
ENSMUSG00000050148,ENSMUST00000060714.10,appris_principal_1,3344,1917,227,1200,1434,Success
ENSMUSG00000025283,ENSMUST00000026318.15,appris_principal_1,1162,516,281,365,653,Success
ENSMUSG00000025287,ENSMUST00000026324.10,appris_principal_1,1752,1320,212,220,439,Success
ENSMUSG00000025289,ENSMUST00000026328.11,appris_principal_1,990,825,105,60,172,Success
ENSMUSG00000071708,ENSMUST00000112529.8,appris_principal_1,3717,1101,334,2282,2623,Success
ENSMUSG00000031309,ENSMUST00000033671.13,appris_principal_1,7244,2223,262,4759,5028,Success
ENSMUSG00000067194,ENSMUST00000087143.7,appris_principal_1,5172,435,222,4515,4744,Success
ENSMUSG00000040990,ENSMUST00000073094.10,appris_principal_3,2280,2130,147,3,157,Short_or_Missing_UTRs
ENSMUSG00000031299,ENSMUST00000033662.9,appris_principal_1,2848,1173,101,1574,1682,Success
ENSMUSG00000031295,ENSMUST00000112377.8,appris_principal_1,3947,3708,207,32,246,Success
ENSMUSG00000031353,ENSMUST00000033720.12,appris_principal_1,2244,1278,290,676,973,Success
ENSMUSG00000031357,ENSMUST00000033723.4,appris_principal_1,2087,1098,162,827,996,Success
ENSMUSG00000031360,ENSMUST00000112303.8,appris_principal_1,3289,1761,274,1254,1535,Success
ENSMUSG00000031367,ENSMUST00000112294.9,Ensembl_canonical,3199,483,129,2587,2723,Success
ENSMUSG00000031370,ENSMUST00000112289.9,appris_principal_1,2735,1626,263,846,1116,Success
ENSMUSG00000031373,ENSMUST00000033739.5,appris_principal_1,3436,954,113,2369,2489,Success
ENSMUSG00000031381,ENSMUST00000033754.15,appris_principal_1,3594,1458,116,2020,2143,Success
ENSMUSG00000061778,ENSMUST00000004715.2,appris_principal_3,2015,1557,112,346,465,Success
ENSMUSG00000031342,ENSMUST00000112229.9,Ensembl_canonical,3203,987,329,1887,2223,Success
ENSMUSG00000040586,ENSMUST00000049501.10,appris_principal_1,4453,3054,416,983,1406,Success
ENSMUSG00000079316,ENSMUST00000112091.9,appris_principal_1,1447,606,386,455,848,Success
ENSMUSG00000049775,ENSMUST00000112172.4,appris_principal_1,768,135,225,408,640,Success
ENSMUSG00000025742,ENSMUST00000026839.5,appris_principal_1,3699,957,158,2584,2749,Success
ENSMUSG00000031358,ENSMUST00000033725.16,appris_principal_1,2399,1578,69,752,828,Success
ENSMUSG00000031352,ENSMUST00000033717.9,appris_principal_1,2320,819,207,1294,1508,Success
