seqname	len_5utr	linker_len	len_3utr
ENSG00000187961_ENST00000338591.8_UTR_pair	110	7	528
ENSG00000188290_ENST00000304952.11_UTR_pair	124	7	95
ENSG00000187608_ENST00000649529.1_UTR_pair	77	7	62
ENSG00000188157_ENST00000379370.7_UTR_pair	53	7	1135
ENSG00000176022_ENST00000379198.5_UTR_pair	42	7	1773
ENSG00000160087_ENST00000349431.11_UTR_pair	189	7	1291
ENSG00000131584_ENST00000354700.10_UTR_pair	115	7	1173
ENSG00000224051_ENST00000343938.9_UTR_pair	376	7	1133
ENSG00000107404_ENST00000378888.10_UTR_pair	353	7	864
ENSG00000162576_ENST00000309212.11_UTR_pair	51	7	913
ENSG00000221978_ENST00000400809.8_UTR_pair	29	7	1520
ENSG00000179403_ENST00000476993.2_UTR_pair	59	7	3095
ENSG00000197785_ENST00000378756.8_UTR_pair	107	7	613
ENSG00000248333_ENST00000341832.11_UTR_pair	104	7	539
ENSG00000189339_ENST00000617444.5_UTR_pair	912	7	4304
ENSG00000008130_ENST00000341426.9_UTR_pair	222	7	1672
ENSG00000078369_ENST00000378609.9_UTR_pair	363	7	1777
ENSG00000067606_ENST00000378567.8_UTR_pair	220	7	386
ENSG00000157933_ENST00000378536.5_UTR_pair	448	7	3448
ENSG00000116151_ENST00000378531.8_UTR_pair	21	7	130
ENSG00000157916_ENST00000605895.6_UTR_pair	125	7	2312
ENSG00000157911_ENST00000447513.7_UTR_pair	62	7	1792
ENSG00000130762_ENST00000378378.9_UTR_pair	166	7	526
ENSG00000116213_ENST00000270708.12_UTR_pair	104	7	205
ENSG00000116198_ENST00000378230.8_UTR_pair	337	7	3316
ENSG00000069424_ENST00000378083.8_UTR_pair	322	7	2606
ENSG00000116237_ENST00000343813.10_UTR_pair	53	7	3887
ENSG00000097021_ENST00000361521.9_UTR_pair	368	7	325
ENSG00000171680_ENST00000377728.8_UTR_pair	118	7	441
ENSG00000204859_ENST00000377674.9_UTR_pair	212	7	68
ENSG00000162413_ENST00000377658.8_UTR_pair	52	7	2641
ENSG00000116273_ENST00000377648.5_UTR_pair	336	7	2393
ENSG00000041988_ENST00000054650.9_UTR_pair	156	7	485
ENSG00000171735_ENST00000303635.12_UTR_pair	77	7	3215
ENSG00000049245_ENST00000054666.11_UTR_pair	88	7	1787
ENSG00000116285_ENST00000377482.10_UTR_pair	225	7	1483
ENSG00000142599_ENST00000400908.7_UTR_pair	625	7	2683
ENSG00000074800_ENST00000234590.10_UTR_pair	116	7	360
ENSG00000049239_ENST00000377403.7_UTR_pair	303	7	6468
ENSG00000171621_ENST00000328089.11_UTR_pair	327	7	1957
ENSG00000171612_ENST00000302692.7_UTR_pair	227	7	2672
ENSG00000188807_ENST00000340381.11_UTR_pair	20	7	1794
ENSG00000171608_ENST00000377346.9_UTR_pair	209	7	2068
ENSG00000171603_ENST00000377298.9_UTR_pair	232	7	1582
ENSG00000178585_ENST00000377263.6_UTR_pair	318	7	2442
ENSG00000162441_ENST00000377223.6_UTR_pair	310	7	4106
ENSG00000173614_ENST00000377205.6_UTR_pair	97	7	2797
ENSG00000130939_ENST00000343090.11_UTR_pair	713	7	1283
ENSG00000054523_ENST00000676179.1_UTR_pair	388	7	5016
ENSG00000160049_ENST00000377038.8_UTR_pair	71	7	4968
ENSG00000130940_ENST00000377022.8_UTR_pair	316	7	2338
ENSG00000120948_ENST00000240185.8_UTR_pair	102	7	2838
ENSG00000116649_ENST00000376957.7_UTR_pair	75	7	276
ENSG00000198793_ENST00000361445.9_UTR_pair	121	7	950
ENSG00000120942_ENST00000376810.6_UTR_pair	334	7	2303
ENSG00000116661_ENST00000354287.5_UTR_pair	89	7	307
ENSG00000132879_ENST00000251547.10_UTR_pair	106	7	2054
ENSG00000116663_ENST00000376753.9_UTR_pair	59	7	503
ENSG00000116670_ENST00000376692.9_UTR_pair	122	7	295
ENSG00000177674_ENST00000314340.10_UTR_pair	73	7	577
ENSG00000177000_ENST00000376590.9_UTR_pair	90	7	4957
ENSG00000011021_ENST00000346436.11_UTR_pair	72	7	2907
ENSG00000083444_ENST00000196061.5_UTR_pair	63	7	729
ENSG00000116688_ENST00000235329.10_UTR_pair	190	7	1943
ENSG00000162496_ENST00000616661.5_UTR_pair	862	7	430
ENSG00000162493_ENST00000621990.5_UTR_pair	202	7	2046
ENSG00000116731_ENST00000311066.10_UTR_pair	178	7	1944
ENSG00000171729_ENST00000376008.3_UTR_pair	474	7	735
ENSG00000142634_ENST00000375980.9_UTR_pair	84	7	1615
ENSG00000116138_ENST00000375847.8_UTR_pair	129	7	3556
ENSG00000116786_ENST00000375799.8_UTR_pair	239	7	835
ENSG00000162458_ENST00000375766.8_UTR_pair	264	7	1928
ENSG00000116809_ENST00000375743.9_UTR_pair	208	7	100
ENSG00000142627_ENST00000358432.8_UTR_pair	137	7	878
ENSG00000142632_ENST00000270747.8_UTR_pair	180	7	733
ENSG00000037637_ENST00000375592.8_UTR_pair	243	7	3830
ENSG00000157191_ENST00000337132.10_UTR_pair	38	7	1188
ENSG00000117122_ENST00000375535.4_UTR_pair	75	7	418
ENSG00000159363_ENST00000326735.13_UTR_pair	190	7	263
ENSG00000117115_ENST00000375486.9_UTR_pair	80	7	2283
ENSG00000179051_ENST00000375436.9_UTR_pair	141	7	2330
ENSG00000074964_ENST00000361221.8_UTR_pair	296	7	489
ENSG00000159423_ENST00000375341.8_UTR_pair	32	7	1415
ENSG00000053371_ENST00000235835.8_UTR_pair	20	7	260
ENSG00000040487_ENST00000375153.8_UTR_pair	642	7	657
ENSG00000077549_ENST00000264202.8_UTR_pair	101	7	755
ENSG00000158747_ENST00000375136.8_UTR_pair	155	7	1323
ENSG00000162542_ENST00000294543.11_UTR_pair	241	7	800
ENSG00000169914_ENST00000375120.4_UTR_pair	119	7	5199
ENSG00000162545_ENST00000375078.4_UTR_pair	831	7	1258
ENSG00000090432_ENST00000264198.5_UTR_pair	127	7	1242
ENSG00000158825_ENST00000375071.4_UTR_pair	33	7	335
ENSG00000158828_ENST00000321556.5_UTR_pair	91	7	820
ENSG00000127483_ENST00000438032.6_UTR_pair	213	7	4531
ENSG00000117298_ENST00000374893.11_UTR_pair	49	7	2705
ENSG00000090686_ENST00000308271.14_UTR_pair	192	7	1119
ENSG00000070831_ENST00000656825.1_UTR_pair	84	7	9843
ENSG00000184677_ENST00000375647.5_UTR_pair	223	7	4758
ENSG00000004487_ENST00000400181.9_UTR_pair	129	7	325
ENSG00000169641_ENST00000302291.9_UTR_pair	316	7	4865
ENSG00000125945_ENST00000314011.9_UTR_pair	531	7	2521
ENSG00000088280_ENST00000336689.8_UTR_pair	46	7	1293
ENSG00000007968_ENST00000361729.3_UTR_pair	440	7	3442
ENSG00000117318_ENST00000374561.6_UTR_pair	75	7	515
ENSG00000142676_ENST00000643754.2_UTR_pair	18	7	462
ENSG00000011007_ENST00000613537.5_UTR_pair	33	7	2486
ENSG00000057757_ENST00000246151.9_UTR_pair	98	7	856
ENSG00000011009_ENST00000374514.8_UTR_pair	132	7	807
ENSG00000117308_ENST00000617979.5_UTR_pair	119	7	350
ENSG00000189266_ENST00000334351.8_UTR_pair	395	7	1585
ENSG00000188529_ENST00000492112.3_UTR_pair	72	7	6795
ENSG00000001461_ENST00000374399.9_UTR_pair	360	7	3791
ENSG00000117602_ENST00000374395.9_UTR_pair	374	7	5763
ENSG00000133226_ENST00000323848.14_UTR_pair	25	7	995
ENSG00000169504_ENST00000374379.9_UTR_pair	107	7	3384
ENSG00000117614_ENST00000236273.9_UTR_pair	35	7	990
ENSG00000117616_ENST00000243189.12_UTR_pair	212	7	340
ENSG00000183726_ENST00000374358.5_UTR_pair	136	7	1656
ENSG00000204178_ENST00000374343.5_UTR_pair	202	7	1743
ENSG00000157978_ENST00000374338.5_UTR_pair	93	7	1894
ENSG00000117643_ENST00000374332.9_UTR_pair	1007	7	661
ENSG00000162430_ENST00000374315.1_UTR_pair	38	7	2503
ENSG00000117640_ENST00000374303.7_UTR_pair	162	7	912
ENSG00000182749_ENST00000675840.1_UTR_pair	329	7	1315
ENSG00000117632_ENST00000455785.7_UTR_pair	93	7	900
ENSG00000158006_ENST00000374282.8_UTR_pair	86	7	2222
ENSG00000175087_ENST00000374269.2_UTR_pair	109	7	2978
ENSG00000142684_ENST00000374266.7_UTR_pair	76	7	157
ENSG00000130695_ENST00000451429.8_UTR_pair	133	7	1515
ENSG00000142669_ENST00000270792.10_UTR_pair	70	7	399
ENSG00000117682_ENST00000236342.12_UTR_pair	111	7	2175
ENSG00000117676_ENST00000374168.7_UTR_pair	160	7	824
ENSG00000060642_ENST00000674202.1_UTR_pair	376	7	2815
ENSG00000204160_ENST00000374142.9_UTR_pair	117	7	3761
ENSG00000175793_ENST00000339276.6_UTR_pair	64	7	497
ENSG00000142751_ENST00000374135.9_UTR_pair	187	7	3545
ENSG00000090273_ENST00000321265.10_UTR_pair	106	7	690
ENSG00000090020_ENST00000263980.8_UTR_pair	791	7	1498
ENSG00000142784_ENST00000319394.8_UTR_pair	419	7	2253
ENSG00000186501_ENST00000374076.9_UTR_pair	35	7	934
ENSG00000142733_ENST00000357582.3_UTR_pair	364	7	207
ENSG00000158195_ENST00000618852.5_UTR_pair	225	7	3959
ENSG00000126705_ENST00000673934.1_UTR_pair	901	7	715
ENSG00000126709_ENST00000361157.11_UTR_pair	102	7	317
ENSG00000009780_ENST00000373954.11_UTR_pair	120	7	2535
ENSG00000117758_ENST00000373943.9_UTR_pair	89	7	2114
ENSG00000117751_ENST00000311772.10_UTR_pair	54	7	1230
ENSG00000117748_ENST00000373912.8_UTR_pair	132	7	639
ENSG00000158156_ENST00000373884.6_UTR_pair	97	7	893
ENSG00000158161_ENST00000373871.8_UTR_pair	155	7	4122
ENSG00000130766_ENST00000253063.4_UTR_pair	330	7	1689
ENSG00000130772_ENST00000373842.9_UTR_pair	207	7	995
ENSG00000204138_ENST00000373839.8_UTR_pair	124	7	3815
ENSG00000180198_ENST00000683442.1_UTR_pair	303	7	982
ENSG00000120656_ENST00000373824.9_UTR_pair	160	7	689
ENSG00000162419_ENST00000373816.6_UTR_pair	86	7	4580
ENSG00000198492_ENST00000373812.8_UTR_pair	181	7	823
ENSG00000159023_ENST00000343067.9_UTR_pair	207	7	3229
ENSG00000116350_ENST00000373795.7_UTR_pair	148	7	667
ENSG00000116353_ENST00000263702.11_UTR_pair	28	7	1365
ENSG00000162512_ENST00000339394.7_UTR_pair	172	7	3745
ENSG00000134644_ENST00000426105.7_UTR_pair	113	7	1705
ENSG00000060688_ENST00000263694.9_UTR_pair	37	7	504
ENSG00000121766_ENST00000344147.10_UTR_pair	99	7	743
ENSG00000121769_ENST00000373713.7_UTR_pair	62	7	633
ENSG00000168528_ENST00000373709.8_UTR_pair	53	7	479
ENSG00000084636_ENST00000373672.8_UTR_pair	215	7	388
ENSG00000184007_ENST00000647444.2_UTR_pair	975	7	2431
ENSG00000121774_ENST00000327300.12_UTR_pair	128	7	1253
ENSG00000121775_ENST00000336294.10_UTR_pair	109	7	190
ENSG00000025800_ENST00000373625.8_UTR_pair	75	7	5669
ENSG00000084652_ENST00000373610.8_UTR_pair	134	7	3090
ENSG00000160050_ENST00000373602.10_UTR_pair	138	7	139
ENSG00000084623_ENST00000677711.2_UTR_pair	35	7	408
ENSG00000116478_ENST00000373548.8_UTR_pair	87	7	582
ENSG00000175130_ENST00000329421.8_UTR_pair	200	7	758
ENSG00000160058_ENST00000455895.7_UTR_pair	27	7	1989
ENSG00000162521_ENST00000373493.10_UTR_pair	99	7	6506
ENSG00000162522_ENST00000401073.7_UTR_pair	125	7	2083
ENSG00000134684_ENST00000373477.9_UTR_pair	114	7	742
ENSG00000116497_ENST00000373475.10_UTR_pair	156	7	2837
ENSG00000004455_ENST00000672715.1_UTR_pair	55	7	5195
ENSG00000142920_ENST00000294517.11_UTR_pair	547	7	3310
ENSG00000116525_ENST00000291416.10_UTR_pair	611	7	1778
ENSG00000160094_ENST00000539719.6_UTR_pair	251	7	1673
ENSG00000134686_ENST00000683057.1_UTR_pair	174	7	1239
ENSG00000121903_ENST00000684572.1_UTR_pair	157	7	6167
ENSG00000163866_ENST00000521580.3_UTR_pair	78	7	5337
ENSG00000163867_ENST00000357182.9_UTR_pair	205	7	939
ENSG00000197056_ENST00000359858.9_UTR_pair	132	7	600
ENSG00000116560_ENST00000357214.6_UTR_pair	96	7	1520
ENSG00000146463_ENST00000314607.11_UTR_pair	338	7	2381
ENSG00000142687_ENST00000325722.8_UTR_pair	225	7	1402
ENSG00000020129_ENST00000373243.7_UTR_pair	392	7	1116
ENSG00000126067_ENST00000373237.4_UTR_pair	94	7	3726
ENSG00000092853_ENST00000318121.8_UTR_pair	108	7	4384
ENSG00000054116_ENST00000373166.8_UTR_pair	108	7	631
ENSG00000116871_ENST00000474796.2_UTR_pair	258	7	591
ENSG00000054118_ENST00000354618.10_UTR_pair	197	7	1340
ENSG00000142694_ENST00000490466.2_UTR_pair	217	7	265
ENSG00000196182_ENST00000373132.4_UTR_pair	210	7	2127
ENSG00000181817_ENST00000315732.3_UTR_pair	166	7	322
ENSG00000116885_ENST00000235532.9_UTR_pair	82	7	233
ENSG00000163874_ENST00000373087.7_UTR_pair	88	7	766
ENSG00000163877_ENST00000296215.8_UTR_pair	64	7	3299
ENSG00000134697_ENST00000373062.8_UTR_pair	115	7	39
ENSG00000134690_ENST00000373055.6_UTR_pair	175	7	1353
ENSG00000196449_ENST00000373044.3_UTR_pair	28	7	980
ENSG00000188786_ENST00000373036.5_UTR_pair	113	7	5562
ENSG00000204084_ENST00000373024.8_UTR_pair	90	7	1618
ENSG00000183386_ENST00000373016.4_UTR_pair	178	7	635
ENSG00000183520_ENST00000373014.5_UTR_pair	69	7	1192
ENSG00000116954_ENST00000373001.4_UTR_pair	126	7	1355
ENSG00000174574_ENST00000432648.8_UTR_pair	105	7	2004
ENSG00000090621_ENST00000372858.8_UTR_pair	839	7	320
ENSG00000168389_ENST00000372811.10_UTR_pair	148	7	388
ENSG00000131236_ENST00000372805.8_UTR_pair	83	7	1115
ENSG00000084073_ENST00000372759.4_UTR_pair	36	7	1511
ENSG00000084070_ENST00000372718.8_UTR_pair	394	7	1221
ENSG00000164002_ENST00000415550.6_UTR_pair	405	7	372
ENSG00000117010_ENST00000372699.8_UTR_pair	175	7	707
ENSG00000066136_ENST00000447388.8_UTR_pair	172	7	775
ENSG00000179862_ENST00000372638.4_UTR_pair	236	7	519
ENSG00000171793_ENST00000650070.2_UTR_pair	147	7	917
ENSG00000010803_ENST00000695335.1_UTR_pair	365	7	992
ENSG00000198815_ENST00000361346.6_UTR_pair	194	7	3162
ENSG00000127125_ENST00000372561.4_UTR_pair	23	7	1310
ENSG00000171960_ENST00000304979.8_UTR_pair	24	7	196
ENSG00000065978_ENST00000321358.12_UTR_pair	148	7	1856
ENSG00000177868_ENST00000372521.9_UTR_pair	244	7	362
ENSG00000164011_ENST00000651192.1_UTR_pair	262	7	664
ENSG00000117394_ENST00000426263.10_UTR_pair	217	7	1688
ENSG00000117399_ENST00000310955.11_UTR_pair	75	7	74
ENSG00000066322_ENST00000372458.8_UTR_pair	111	7	515
ENSG00000142949_ENST00000359947.9_UTR_pair	333	7	1663
ENSG00000066135_ENST00000372396.4_UTR_pair	143	7	1148
ENSG00000117408_ENST00000372343.8_UTR_pair	651	7	340
ENSG00000132768_ENST00000255108.8_UTR_pair	166	7	830
ENSG00000117410_ENST00000472174.7_UTR_pair	81	7	288
ENSG00000117411_ENST00000372324.6_UTR_pair	354	7	720
ENSG00000196517_ENST00000372310.8_UTR_pair	242	7	1062
ENSG00000178028_ENST00000372289.7_UTR_pair	283	7	55
ENSG00000117419_ENST00000372257.7_UTR_pair	231	7	488
ENSG00000187147_ENST00000361799.7_UTR_pair	393	7	948
ENSG00000126106_ENST00000372237.8_UTR_pair	90	7	1312
ENSG00000142945_ENST00000372224.9_UTR_pair	96	7	588
ENSG00000173846_ENST00000372201.5_UTR_pair	87	7	312
ENSG00000070785_ENST00000360403.7_UTR_pair	112	7	429
ENSG00000126107_ENST00000372172.5_UTR_pair	67	7	944
ENSG00000162415_ENST00000359600.6_UTR_pair	255	7	2055
ENSG00000132773_ENST00000372090.6_UTR_pair	83	7	271
ENSG00000117450_ENST00000319248.13_UTR_pair	67	7	278
ENSG00000117448_ENST00000351829.9_UTR_pair	336	7	93
ENSG00000132780_ENST00000350030.8_UTR_pair	106	7	752
ENSG00000159592_ENST00000355105.8_UTR_pair	1264	7	952
ENSG00000159596_ENST00000372025.5_UTR_pair	190	7	531
ENSG00000197429_ENST00000396478.4_UTR_pair	107	7	1255
ENSG00000086015_ENST00000361297.7_UTR_pair	284	7	56
ENSG00000085998_ENST00000371984.8_UTR_pair	149	7	587
ENSG00000085999_ENST00000371975.9_UTR_pair	643	7	191
ENSG00000132128_ENST00000617190.5_UTR_pair	294	7	1403
ENSG00000117481_ENST00000474844.6_UTR_pair	20	7	3172
ENSG00000117480_ENST00000243167.9_UTR_pair	32	7	270
ENSG00000079277_ENST00000371945.10_UTR_pair	254	7	1168
ENSG00000142961_ENST00000319928.9_UTR_pair	151	7	1936
ENSG00000123472_ENST00000574428.6_UTR_pair	42	7	3039
ENSG00000159658_ENST00000371933.8_UTR_pair	1027	7	3302
ENSG00000123473_ENST00000371877.8_UTR_pair	155	7	997
ENSG00000162368_ENST00000371873.10_UTR_pair	156	7	2094
ENSG00000132122_ENST00000371847.8_UTR_pair	196	7	3340
ENSG00000185104_ENST00000396153.7_UTR_pair	456	7	4412
ENSG00000123080_ENST00000371761.4_UTR_pair	124	7	364
ENSG00000123091_ENST00000242719.4_UTR_pair	484	7	2125
ENSG00000085831_ENST00000680483.1_UTR_pair	85	7	899
ENSG00000085832_ENST00000371733.8_UTR_pair	35	7	2437
ENSG00000078618_ENST00000352171.12_UTR_pair	112	7	26
ENSG00000117862_ENST00000371626.9_UTR_pair	95	7	802
ENSG00000198841_ENST00000371614.2_UTR_pair	49	7	594
ENSG00000157077_ENST00000287727.8_UTR_pair	457	7	413
ENSG00000154222_ENST00000284376.8_UTR_pair	151	7	2628
ENSG00000085840_ENST00000371568.8_UTR_pair	183	7	352
ENSG00000134748_ENST00000257181.10_UTR_pair	148	7	4146
ENSG00000134744_ENST00000257177.9_UTR_pair	255	7	660
ENSG00000116157_ENST00000361314.5_UTR_pair	39	7	626
ENSG00000162377_ENST00000371538.5_UTR_pair	21	7	3271
ENSG00000162378_ENST00000294353.7_UTR_pair	201	7	5707
ENSG00000203995_ENST00000371528.2_UTR_pair	124	7	2041
ENSG00000121310_ENST00000371522.9_UTR_pair	67	7	610
ENSG00000116171_ENST00000371514.8_UTR_pair	121	7	994
ENSG00000157184_ENST00000371486.4_UTR_pair	120	7	602
ENSG00000162384_ENST00000294360.5_UTR_pair	59	7	560
ENSG00000162385_ENST00000371470.8_UTR_pair	70	7	145
ENSG00000058804_ENST00000371429.4_UTR_pair	35	7	2492
ENSG00000058799_ENST00000072644.7_UTR_pair	354	7	546
ENSG00000081870_ENST00000194214.10_UTR_pair	160	7	90
ENSG00000116212_ENST00000371370.8_UTR_pair	248	7	229
ENSG00000116205_ENST00000234827.6_UTR_pair	193	7	9609
ENSG00000157216_ENST00000610401.6_UTR_pair	386	7	1699
ENSG00000162390_ENST00000343744.7_UTR_pair	82	7	1217
ENSG00000243725_ENST00000371281.4_UTR_pair	48	7	1144
ENSG00000116133_ENST00000371269.9_UTR_pair	76	7	2606
ENSG00000162402_ENST00000294383.7_UTR_pair	251	7	2686
ENSG00000162407_ENST00000371250.4_UTR_pair	547	7	1790
ENSG00000162409_ENST00000371244.9_UTR_pair	74	7	7622
ENSG00000162600_ENST00000371226.8_UTR_pair	40	7	246
ENSG00000177606_ENST00000371222.4_UTR_pair	977	7	1284
ENSG00000134709_ENST00000371208.5_UTR_pair	169	7	3357
ENSG00000162599_ENST00000403491.8_UTR_pair	231	7	7468
ENSG00000162604_ENST00000606498.5_UTR_pair	21	7	324
ENSG00000132849_ENST00000642238.2_UTR_pair	111	7	2861
ENSG00000162607_ENST00000339950.5_UTR_pair	421	7	823
ENSG00000125703_ENST00000317868.9_UTR_pair	210	7	1357
ENSG00000088035_ENST00000263440.6_UTR_pair	268	7	1533
ENSG00000142856_ENST00000271002.15_UTR_pair	92	7	335
ENSG00000079739_ENST00000371084.8_UTR_pair	78	7	570
ENSG00000185483_ENST00000371079.6_UTR_pair	401	7	2643
ENSG00000158966_ENST00000651257.2_UTR_pair	616	7	1492
ENSG00000162437_ENST00000294428.8_UTR_pair	98	7	2247
ENSG00000162434_ENST00000342505.5_UTR_pair	294	7	1333
ENSG00000162433_ENST00000327299.8_UTR_pair	205	7	5968
ENSG00000116675_ENST00000371069.5_UTR_pair	203	7	2846
ENSG00000213625_ENST00000371065.9_UTR_pair	57	7	4088
ENSG00000198160_ENST00000401041.6_UTR_pair	39	7	3719
ENSG00000116704_ENST00000235345.6_UTR_pair	135	7	4990
ENSG00000116717_ENST00000370986.9_UTR_pair	294	7	560
ENSG00000172380_ENST00000370982.4_UTR_pair	200	7	3976
ENSG00000116729_ENST00000262348.9_UTR_pair	224	7	866
ENSG00000024526_ENST00000456315.7_UTR_pair	83	7	2780
ENSG00000066557_ENST00000370952.4_UTR_pair	39	7	995
ENSG00000116754_ENST00000370949.2_UTR_pair	257	7	2247
ENSG00000118454_ENST00000370944.9_UTR_pair	314	7	3718
ENSG00000116761_ENST00000370938.8_UTR_pair	148	7	724
ENSG00000254685_ENST00000370898.9_UTR_pair	37	7	2870
ENSG00000116791_ENST00000340866.10_UTR_pair	108	7	810
ENSG00000162623_ENST00000370867.8_UTR_pair	93	7	2564
ENSG00000117054_ENST00000370841.9_UTR_pair	79	7	916
ENSG00000184005_ENST00000328299.4_UTR_pair	121	7	5797
ENSG00000142892_ENST00000370812.8_UTR_pair	28	7	3385
ENSG00000154027_ENST00000354567.7_UTR_pair	295	7	1296
ENSG00000036549_ENST00000370801.8_UTR_pair	476	7	3224
ENSG00000077254_ENST00000370794.7_UTR_pair	261	7	1330
ENSG00000162614_ENST00000334785.12_UTR_pair	188	7	1066
ENSG00000162613_ENST00000370768.7_UTR_pair	68	7	4711
ENSG00000162616_ENST00000370763.6_UTR_pair	172	7	1717
ENSG00000137959_ENST00000370751.10_UTR_pair	134	7	4336
ENSG00000137965_ENST00000370747.9_UTR_pair	85	7	262
ENSG00000117114_ENST00000686636.1_UTR_pair	235	7	2787
ENSG00000137941_ENST00000260505.13_UTR_pair	378	7	4938
ENSG00000142875_ENST00000370685.7_UTR_pair	91	7	3193
ENSG00000174021_ENST00000370645.9_UTR_pair	356	7	243
ENSG00000117151_ENST00000370630.6_UTR_pair	25	7	5388
ENSG00000117155_ENST00000342203.8_UTR_pair	180	7	3727
ENSG00000097096_ENST00000341460.6_UTR_pair	20	7	1861
ENSG00000153904_ENST00000284031.13_UTR_pair	114	7	2967
ENSG00000117174_ENST00000370574.4_UTR_pair	149	7	4641
ENSG00000097033_ENST00000370558.8_UTR_pair	324	7	4949
ENSG00000153936_ENST00000370550.10_UTR_pair	402	7	5286
ENSG00000143013_ENST00000370544.10_UTR_pair	368	7	4127
ENSG00000065243_ENST00000370521.8_UTR_pair	308	7	2807
ENSG00000137947_ENST00000370500.10_UTR_pair	68	7	580
ENSG00000197147_ENST00000330947.7_UTR_pair	434	7	4818
ENSG00000171488_ENST00000370454.9_UTR_pair	207	7	4551
ENSG00000171492_ENST00000337338.9_UTR_pair	407	7	966
ENSG00000162664_ENST00000340281.9_UTR_pair	148	7	7832
ENSG00000122482_ENST00000337393.10_UTR_pair	63	7	1494
ENSG00000097046_ENST00000234626.11_UTR_pair	161	7	1329
ENSG00000069702_ENST00000212355.9_UTR_pair	387	7	3396
ENSG00000172031_ENST00000370383.5_UTR_pair	95	7	252
ENSG00000189195_ENST00000636805.2_UTR_pair	227	7	393
ENSG00000122406_ENST00000370321.8_UTR_pair	75	7	59
ENSG00000154511_ENST00000370310.5_UTR_pair	33	7	1216
ENSG00000143033_ENST00000370298.9_UTR_pair	244	7	2049
ENSG00000117500_ENST00000370282.8_UTR_pair	171	7	4928
ENSG00000117505_ENST00000370272.9_UTR_pair	739	7	8854
ENSG00000137936_ENST00000260502.11_UTR_pair	251	7	500
ENSG00000023909_ENST00000370238.8_UTR_pair	267	7	3791
ENSG00000137962_ENST00000260526.11_UTR_pair	202	7	4964
ENSG00000117528_ENST00000370214.9_UTR_pair	90	7	1534
ENSG00000117525_ENST00000334047.12_UTR_pair	123	7	1287
ENSG00000143036_ENST00000271227.11_UTR_pair	95	7	324
ENSG00000117519_ENST00000370206.9_UTR_pair	216	7	785
ENSG00000172339_ENST00000370205.6_UTR_pair	53	7	8671
ENSG00000117569_ENST00000674951.1_UTR_pair	81	7	1644
ENSG00000099260_ENST00000263174.9_UTR_pair	205	7	473
ENSG00000156869_ENST00000646001.2_UTR_pair	134	7	5058
ENSG00000162688_ENST00000361915.8_UTR_pair	123	7	2369
ENSG00000156876_ENST00000287482.6_UTR_pair	116	7	1758
ENSG00000137996_ENST00000370128.9_UTR_pair	160	7	1265
ENSG00000079335_ENST00000336454.5_UTR_pair	449	7	1997
ENSG00000162694_ENST00000370114.8_UTR_pair	281	7	1551
ENSG00000162695_ENST00000357650.9_UTR_pair	173	7	6900
ENSG00000170989_ENST00000305352.7_UTR_pair	244	7	1385
ENSG00000185946_ENST00000423855.7_UTR_pair	372	7	218
ENSG00000198890_ENST00000370078.2_UTR_pair	42	7	1451
ENSG00000134215_ENST00000370056.9_UTR_pair	311	7	2170
ENSG00000085491_ENST00000565488.6_UTR_pair	205	7	2610
ENSG00000162636_ENST00000370035.8_UTR_pair	329	7	4172
ENSG00000134186_ENST00000370025.9_UTR_pair	282	7	2908
ENSG00000116266_ENST00000370008.4_UTR_pair	64	7	646
ENSG00000121957_ENST00000264126.9_UTR_pair	492	7	4605
ENSG00000085433_ENST00000369962.8_UTR_pair	250	7	1216
ENSG00000197780_ENST00000338366.6_UTR_pair	56	7	383
ENSG00000215717_ENST00000338272.9_UTR_pair	109	7	2435
ENSG00000031698_ENST00000234677.7_UTR_pair	75	7	294
ENSG00000143126_ENST00000271332.4_UTR_pair	541	7	1702
ENSG00000134243_ENST00000256637.8_UTR_pair	26	7	4468
ENSG00000174151_ENST00000420578.7_UTR_pair	46	7	4176
ENSG00000181754_ENST00000369864.5_UTR_pair	395	7	3253
ENSG00000116337_ENST00000528667.7_UTR_pair	704	7	899
ENSG00000184371_ENST00000329608.11_UTR_pair	175	7	2154
ENSG00000168710_ENST00000369799.10_UTR_pair	288	7	2062
ENSG00000162775_ENST00000369784.9_UTR_pair	29	7	410
ENSG00000134248_ENST00000602318.6_UTR_pair	74	7	270
ENSG00000121931_ENST00000369763.5_UTR_pair	234	7	769
ENSG00000156171_ENST00000484310.6_UTR_pair	300	7	997
ENSG00000134255_ENST00000357172.9_UTR_pair	158	7	794
ENSG00000116455_ENST00000235090.10_UTR_pair	87	7	1340
ENSG00000116459_ENST00000369722.8_UTR_pair	78	7	1779
ENSG00000116473_ENST00000369709.4_UTR_pair	173	7	4290
ENSG00000064703_ENST00000369702.5_UTR_pair	24	7	1101
ENSG00000143079_ENST00000271277.11_UTR_pair	192	7	3752
ENSG00000007341_ENST00000358039.9_UTR_pair	28	7	2499
ENSG00000155363_ENST00000369645.6_UTR_pair	136	7	232
ENSG00000155366_ENST00000339083.12_UTR_pair	126	7	409
ENSG00000155367_ENST00000309276.11_UTR_pair	31	7	165
ENSG00000155380_ENST00000369626.8_UTR_pair	206	7	2044
ENSG00000198799_ENST00000361127.6_UTR_pair	209	7	8159
ENSG00000081026_ENST00000307546.14_UTR_pair	519	7	1909
ENSG00000116793_ENST00000369604.6_UTR_pair	494	7	874
ENSG00000081019_ENST00000261441.9_UTR_pair	64	7	4148
ENSG00000134262_ENST00000369569.6_UTR_pair	82	7	871
ENSG00000118655_ENST00000650450.2_UTR_pair	261	7	1895
ENSG00000163349_ENST00000426820.7_UTR_pair	211	7	4357
ENSG00000197323_ENST00000358465.7_UTR_pair	127	7	4858
ENSG00000213281_ENST00000369535.5_UTR_pair	131	7	3625
ENSG00000009307_ENST00000358528.9_UTR_pair	447	7	1253
ENSG00000052723_ENST00000060969.6_UTR_pair	78	7	4792
ENSG00000134198_ENST00000369516.7_UTR_pair	71	7	2479
ENSG00000173218_ENST00000355485.7_UTR_pair	254	7	6842
ENSG00000163399_ENST00000295598.10_UTR_pair	268	7	330
ENSG00000143061_ENST00000369486.8_UTR_pair	746	7	2904
ENSG00000134247_ENST00000393203.3_UTR_pair	288	7	3386
ENSG00000116830_ENST00000369466.9_UTR_pair	21	7	5929
ENSG00000134253_ENST00000256649.9_UTR_pair	548	7	1245
ENSG00000198162_ENST00000356554.7_UTR_pair	735	7	5915
ENSG00000196505_ENST00000369443.10_UTR_pair	241	7	7084
ENSG00000065183_ENST00000349139.6_UTR_pair	76	7	7096
ENSG00000116874_ENST00000235521.5_UTR_pair	9	7	1695
ENSG00000143067_ENST00000421812.3_UTR_pair	613	7	3328
ENSG00000092621_ENST00000641023.2_UTR_pair	89	7	175
ENSG00000134250_ENST00000256646.7_UTR_pair	256	7	3753
ENSG00000265808_ENST00000578049.4_UTR_pair	139	7	6140
ENSG00000265491_ENST00000582693.5_UTR_pair	222	7	7998
ENSG00000131788_ENST00000393045.7_UTR_pair	91	7	924
ENSG00000131779_ENST00000369306.8_UTR_pair	29	7	811
ENSG00000271601_ENST00000604000.4_UTR_pair	90	7	2887
ENSG00000121851_ENST00000369314.2_UTR_pair	120	7	401
ENSG00000265972_ENST00000582401.6_UTR_pair	313	7	1416
ENSG00000131791_ENST00000254101.4_UTR_pair	65	7	4459
ENSG00000131778_ENST00000369258.8_UTR_pair	20	7	253
ENSG00000116128_ENST00000234739.8_UTR_pair	651	7	1257
ENSG00000178104_ENST00000695795.1_UTR_pair	347	7	1031
ENSG00000178096_ENST00000369152.6_UTR_pair	155	7	322
ENSG00000159164_ENST00000369146.8_UTR_pair	453	7	1696
ENSG00000143368_ENST00000271628.9_UTR_pair	44	7	225
ENSG00000264522_ENST00000581312.6_UTR_pair	345	7	6045
ENSG00000023902_ENST00000369124.5_UTR_pair	342	7	542
ENSG00000143401_ENST00000583931.6_UTR_pair	326	7	2274
ENSG00000117362_ENST00000369109.8_UTR_pair	206	7	726
ENSG00000117360_ENST00000324862.7_UTR_pair	108	7	254
ENSG00000143369_ENST00000369047.9_UTR_pair	101	7	322
ENSG00000143382_ENST00000271643.9_UTR_pair	250	7	737
ENSG00000143384_ENST00000369026.3_UTR_pair	80	7	2817
ENSG00000143420_ENST00000369014.10_UTR_pair	142	7	719
ENSG00000143457_ENST00000271732.8_UTR_pair	175	7	2091
ENSG00000163131_ENST00000368985.8_UTR_pair	82	7	2858
ENSG00000143437_ENST00000358595.10_UTR_pair	32	7	2308
ENSG00000143379_ENST00000692827.1_UTR_pair	166	7	373
ENSG00000143418_ENST00000368954.10_UTR_pair	218	7	962
ENSG00000143409_ENST00000683666.2_UTR_pair	680	7	452
ENSG00000143363_ENST00000271620.8_UTR_pair	184	7	1479
ENSG00000197622_ENST00000357235.6_UTR_pair	407	7	2359
ENSG00000213190_ENST00000368921.5_UTR_pair	163	7	2047
ENSG00000143458_ENST00000368918.8_UTR_pair	174	7	7286
ENSG00000163155_ENST00000368908.10_UTR_pair	644	7	1134
ENSG00000143398_ENST00000368888.9_UTR_pair	445	7	1666
ENSG00000159352_ENST00000368884.8_UTR_pair	49	7	136
ENSG00000143373_ENST00000336715.11_UTR_pair	114	7	967
ENSG00000143393_ENST00000368873.6_UTR_pair	174	7	1048
ENSG00000143390_ENST00000452671.7_UTR_pair	173	7	1546
ENSG00000143416_ENST00000368868.10_UTR_pair	64	7	239
ENSG00000143442_ENST00000271715.7_UTR_pair	344	7	2078
ENSG00000143375_ENST00000271636.12_UTR_pair	143	7	1346
ENSG00000143367_ENST00000368849.8_UTR_pair	58	7	1876
ENSG00000182134_ENST00000368824.8_UTR_pair	148	7	958
ENSG00000159445_ENST00000368814.8_UTR_pair	53	7	4022
ENSG00000197747_ENST00000368811.8_UTR_pair	129	7	248
ENSG00000163191_ENST00000271638.3_UTR_pair	89	7	156
ENSG00000196154_ENST00000368716.9_UTR_pair	69	7	138
ENSG00000196754_ENST00000368708.9_UTR_pair	349	7	331
ENSG00000188643_ENST00000368706.9_UTR_pair	212	7	648
ENSG00000160679_ENST00000368694.8_UTR_pair	295	7	1037
ENSG00000143553_ENST00000368685.6_UTR_pair	41	7	551
ENSG00000143621_ENST00000361891.9_UTR_pair	71	7	608
ENSG00000143624_ENST00000318967.7_UTR_pair	585	7	1538
ENSG00000143614_ENST00000368655.5_UTR_pair	241	7	5452
ENSG00000198837_ENST00000361217.9_UTR_pair	441	7	796
ENSG00000160741_ENST00000368633.2_UTR_pair	115	7	434
ENSG00000143570_ENST00000356205.9_UTR_pair	75	7	988
ENSG00000143543_ENST00000271843.9_UTR_pair	422	7	410
ENSG00000143549_ENST00000651641.1_UTR_pair	82	7	6124
ENSG00000143569_ENST00000428931.6_UTR_pair	61	7	552
ENSG00000143575_ENST00000328703.12_UTR_pair	95	7	174
ENSG00000143515_ENST00000368489.6_UTR_pair	215	7	2186
ENSG00000160712_ENST00000368485.8_UTR_pair	287	7	4070
ENSG00000160714_ENST00000292211.5_UTR_pair	109	7	1861
ENSG00000160710_ENST00000368474.9_UTR_pair	180	7	2749
ENSG00000163346_ENST00000368463.8_UTR_pair	67	7	944
ENSG00000160691_ENST00000448116.7_UTR_pair	221	7	1505
ENSG00000173207_ENST00000308987.6_UTR_pair	65	7	474
ENSG00000160688_ENST00000292180.8_UTR_pair	351	7	74
ENSG00000160685_ENST00000535420.6_UTR_pair	148	7	1838
ENSG00000143537_ENST00000356955.7_UTR_pair	71	7	273
ENSG00000243364_ENST00000368409.8_UTR_pair	84	7	564
ENSG00000169242_ENST00000368407.8_UTR_pair	102	7	832
ENSG00000169241_ENST00000368404.9_UTR_pair	60	7	572
ENSG00000163463_ENST00000295682.6_UTR_pair	80	7	32
ENSG00000169231_ENST00000368378.7_UTR_pair	21	7	253
ENSG00000177628_ENST00000368373.8_UTR_pair	137	7	543
ENSG00000160767_ENST00000361361.7_UTR_pair	606	7	577
ENSG00000116521_ENST00000302631.8_UTR_pair	209	7	292
ENSG00000176444_ENST00000368361.9_UTR_pair	304	7	350
ENSG00000116539_ENST00000392403.8_UTR_pair	750	7	2392
ENSG00000116580_ENST00000368331.6_UTR_pair	94	7	925
ENSG00000132718_ENST00000368324.5_UTR_pair	195	7	3691
ENSG00000143622_ENST00000368323.8_UTR_pair	150	7	2580
ENSG00000132680_ENST00000368321.8_UTR_pair	40	7	1076
ENSG00000163479_ENST00000295702.9_UTR_pair	64	7	492
ENSG00000160803_ENST00000368309.4_UTR_pair	97	7	1679
ENSG00000160789_ENST00000368300.9_UTR_pair	208	7	975
ENSG00000160785_ENST00000359511.5_UTR_pair	157	7	2365
ENSG00000198952_ENST00000361813.5_UTR_pair	145	7	1363
ENSG00000198715_ENST00000362007.6_UTR_pair	34	7	356
ENSG00000163468_ENST00000295688.8_UTR_pair	108	7	231
ENSG00000116604_ENST00000348159.9_UTR_pair	428	7	3918
ENSG00000183856_ENST00000361170.7_UTR_pair	36	7	1081
ENSG00000143320_ENST00000368222.8_UTR_pair	137	7	420
ENSG00000143319_ENST00000368219.2_UTR_pair	469	7	1454
ENSG00000143303_ENST00000368216.9_UTR_pair	636	7	207
ENSG00000143314_ENST00000361531.6_UTR_pair	137	7	95
ENSG00000143321_ENST00000357325.10_UTR_pair	246	7	1340
ENSG00000143294_ENST00000271526.9_UTR_pair	237	7	355
ENSG00000132694_ENST00000368194.8_UTR_pair	1412	7	1160
ENSG00000117036_ENST00000368192.9_UTR_pair	93	7	3650
ENSG00000163565_ENST00000295809.12_UTR_pair	275	7	250
ENSG00000158716_ENST00000368107.2_UTR_pair	139	7	205
ENSG00000158710_ENST00000368097.9_UTR_pair	86	7	689
ENSG00000143315_ENST00000368090.5_UTR_pair	251	7	5515
ENSG00000162729_ENST00000314485.12_UTR_pair	147	7	281
ENSG00000162734_ENST00000360472.9_UTR_pair	141	7	1886
ENSG00000132716_ENST00000368074.6_UTR_pair	201	7	1872
ENSG00000162735_ENST00000368072.10_UTR_pair	9	7	2744
ENSG00000122218_ENST00000241704.8_UTR_pair	80	7	1563
ENSG00000162738_ENST00000368061.3_UTR_pair	496	7	3292
ENSG00000158773_ENST00000368021.7_UTR_pair	205	7	669
ENSG00000158793_ENST00000368009.7_UTR_pair	72	7	429
ENSG00000158796_ENST00000368006.8_UTR_pair	214	7	1173
ENSG00000143222_ENST00000368003.6_UTR_pair	20	7	364
ENSG00000143258_ENST00000368002.8_UTR_pair	341	7	276
ENSG00000158850_ENST00000319769.10_UTR_pair	245	7	506
ENSG00000158882_ENST00000367988.8_UTR_pair	212	7	1651
ENSG00000143252_ENST00000367975.7_UTR_pair	25	7	773
ENSG00000118217_ENST00000367942.4_UTR_pair	41	7	5416
ENSG00000162745_ENST00000294794.8_UTR_pair	439	7	483
ENSG00000198929_ENST00000361897.10_UTR_pair	487	7	3008
ENSG00000152332_ENST00000489294.2_UTR_pair	183	7	7081
ENSG00000117143_ENST00000367925.6_UTR_pair	113	7	1877
ENSG00000162733_ENST00000367921.8_UTR_pair	359	7	7159
ENSG00000132196_ENST00000254521.8_UTR_pair	99	7	403
ENSG00000143248_ENST00000313961.10_UTR_pair	81	7	5043
ENSG00000185630_ENST00000420696.7_UTR_pair	639	7	5155
ENSG00000143198_ENST00000367889.8_UTR_pair	67	7	632
ENSG00000143149_ENST00000354775.5_UTR_pair	4	7	834
ENSG00000143179_ENST00000367879.9_UTR_pair	220	7	3795
ENSG00000143157_ENST00000367876.9_UTR_pair	132	7	3789
ENSG00000152382_ENST00000367874.5_UTR_pair	31	7	1057
ENSG00000143162_ENST00000370509.5_UTR_pair	21	7	1285
ENSG00000197965_ENST00000359523.7_UTR_pair	170	7	3998
ENSG00000143164_ENST00000367840.4_UTR_pair	229	7	401
ENSG00000143147_ENST00000682931.1_UTR_pair	236	7	5989
ENSG00000143155_ENST00000367833.7_UTR_pair	116	7	2063
ENSG00000213064_ENST00000271375.7_UTR_pair	76	7	10481
ENSG00000143153_ENST00000367815.9_UTR_pair	140	7	1164
ENSG00000117475_ENST00000367808.8_UTR_pair	198	7	1123
ENSG00000117479_ENST00000236137.10_UTR_pair	178	7	1940
ENSG00000000460_ENST00000359326.9_UTR_pair	356	7	1093
ENSG00000000457_ENST00000367771.11_UTR_pair	159	7	4082
ENSG00000075945_ENST00000361580.7_UTR_pair	228	7	347
ENSG00000120370_ENST00000367763.8_UTR_pair	58	7	1372
ENSG00000116132_ENST00000239461.11_UTR_pair	88	7	3235
ENSG00000117523_ENST00000647382.2_UTR_pair	263	7	1664
ENSG00000117533_ENST00000236192.12_UTR_pair	205	7	4346
ENSG00000197959_ENST00000627582.3_UTR_pair	159	7	4876
ENSG00000135845_ENST00000344529.5_UTR_pair	290	7	272
ENSG00000094975_ENST00000263688.4_UTR_pair	286	7	1574
ENSG00000117592_ENST00000340385.6_UTR_pair	63	7	952
ENSG00000076321_ENST00000209884.5_UTR_pair	139	7	1445
ENSG00000120334_ENST00000682279.1_UTR_pair	773	7	898
ENSG00000117593_ENST00000649689.2_UTR_pair	557	7	841
ENSG00000135870_ENST00000367696.7_UTR_pair	412	7	7637
ENSG00000152061_ENST00000681986.1_UTR_pair	171	7	5307
ENSG00000116161_ENST00000367679.7_UTR_pair	234	7	1948
ENSG00000075391_ENST00000367649.8_UTR_pair	389	7	5611
ENSG00000116191_ENST00000367635.8_UTR_pair	259	7	5481
ENSG00000116199_ENST00000263733.5_UTR_pair	338	7	4423
ENSG00000186283_ENST00000367627.8_UTR_pair	59	7	778
ENSG00000057252_ENST00000367619.8_UTR_pair	148	7	5039
ENSG00000169905_ENST00000609928.6_UTR_pair	811	7	6095
ENSG00000143337_ENST00000606911.7_UTR_pair	218	7	1837
ENSG00000116260_ENST00000367602.8_UTR_pair	39	7	6993
ENSG00000230124_ENST00000367595.4_UTR_pair	311	7	133
ENSG00000143324_ENST00000367590.9_UTR_pair	180	7	6213
ENSG00000135823_ENST00000258301.6_UTR_pair	197	7	3845
ENSG00000153029_ENST00000367580.6_UTR_pair	25	7	6673
ENSG00000162783_ENST00000367577.7_UTR_pair	203	7	3014
ENSG00000135821_ENST00000331872.11_UTR_pair	125	7	6307
ENSG00000135828_ENST00000367559.7_UTR_pair	254	7	1758
ENSG00000143333_ENST00000367558.6_UTR_pair	130	7	1669
ENSG00000135838_ENST00000367553.6_UTR_pair	104	7	1476
ENSG00000135829_ENST00000367549.4_UTR_pair	132	7	548
ENSG00000135862_ENST00000258341.5_UTR_pair	297	7	2802
ENSG00000058085_ENST00000264144.5_UTR_pair	89	7	1727
ENSG00000157064_ENST00000287713.7_UTR_pair	113	7	4404
ENSG00000116698_ENST00000688051.1_UTR_pair	122	7	2260
ENSG00000116701_ENST00000367535.8_UTR_pair	130	7	556
ENSG00000162704_ENST00000359856.11_UTR_pair	124	7	6686
ENSG00000143344_ENST00000360851.4_UTR_pair	178	7	2240
ENSG00000198860_ENST00000645668.2_UTR_pair	26	7	1365
ENSG00000116406_ENST00000318130.13_UTR_pair	212	7	3826
ENSG00000135842_ENST00000367511.4_UTR_pair	152	7	3945
ENSG00000121481_ENST00000367510.8_UTR_pair	94	7	2302
ENSG00000116668_ENST00000367500.9_UTR_pair	157	7	978
ENSG00000116679_ENST00000367498.8_UTR_pair	537	7	1647
ENSG00000047410_ENST00000367478.9_UTR_pair	225	7	2319
ENSG00000157181_ENST00000287859.11_UTR_pair	156	7	2299
ENSG00000073756_ENST00000367468.10_UTR_pair	133	7	2562
ENSG00000116711_ENST00000367466.4_UTR_pair	156	7	473
ENSG00000116741_ENST00000235382.7_UTR_pair	33	7	679
ENSG00000116750_ENST00000367454.6_UTR_pair	100	7	4097
ENSG00000116747_ENST00000400968.7_UTR_pair	186	7	6488
ENSG00000023572_ENST00000367439.8_UTR_pair	32	7	155
ENSG00000134371_ENST00000367435.5_UTR_pair	170	7	4103
ENSG00000177888_ENST00000367405.5_UTR_pair	188	7	5677
ENSG00000213047_ENST00000620048.6_UTR_pair	325	7	5712
ENSG00000151414_ENST00000367385.9_UTR_pair	307	7	2898
ENSG00000162702_ENST00000367353.2_UTR_pair	109	7	2067
ENSG00000118193_ENST00000367350.5_UTR_pair	456	7	1888
ENSG00000118197_ENST00000331314.11_UTR_pair	152	7	217
ENSG00000118200_ENST00000358823.7_UTR_pair	935	7	2645
ENSG00000116857_ENST00000367330.6_UTR_pair	551	7	891
ENSG00000174307_ENST00000367311.5_UTR_pair	402	7	1963
ENSG00000159176_ENST00000340006.7_UTR_pair	55	7	1183
ENSG00000198700_ENST00000361565.9_UTR_pair	53	7	8237
ENSG00000198892_ENST00000362011.7_UTR_pair	97	7	741
ENSG00000134375_ENST00000367287.5_UTR_pair	24	7	1110
ENSG00000143862_ENST00000272217.7_UTR_pair	165	7	1063
ENSG00000077152_ENST00000646651.1_UTR_pair	106	7	178
ENSG00000117139_ENST00000367265.9_UTR_pair	116	7	4541
ENSG00000183155_ENST00000367262.4_UTR_pair	51	7	2696
ENSG00000117153_ENST00000367261.8_UTR_pair	191	7	1413
ENSG00000159346_ENST00000340990.10_UTR_pair	222	7	741
ENSG00000159348_ENST00000367249.9_UTR_pair	52	7	654
ENSG00000163444_ENST00000367242.4_UTR_pair	92	7	1808
ENSG00000159388_ENST00000290551.5_UTR_pair	88	7	2164
ENSG00000058668_ENST00000357681.10_UTR_pair	852	7	4227
ENSG00000182004_ENST00000414487.7_UTR_pair	61	7	1220
ENSG00000143842_ENST00000367204.6_UTR_pair	598	7	1609
ENSG00000143845_ENST00000367202.9_UTR_pair	192	7	1122
ENSG00000143850_ENST00000272203.8_UTR_pair	330	7	3935
ENSG00000158615_ENST00000367188.5_UTR_pair	406	7	2711
ENSG00000133056_ENST00000684373.1_UTR_pair	534	7	2219
ENSG00000198625_ENST00000367182.8_UTR_pair	139	7	8438
ENSG00000170382_ENST00000367177.4_UTR_pair	645	7	681
ENSG00000117222_ENST00000264515.11_UTR_pair	105	7	2645
ENSG00000133059_ENST00000367162.8_UTR_pair	167	7	5053
ENSG00000163545_ENST00000367157.6_UTR_pair	117	7	1387
ENSG00000117266_ENST00000429964.7_UTR_pair	149	7	1412
ENSG00000158711_ENST00000357992.9_UTR_pair	389	7	8603
ENSG00000158715_ENST00000367145.4_UTR_pair	346	7	1383
ENSG00000069275_ENST00000367142.5_UTR_pair	209	7	5458
ENSG00000117280_ENST00000367139.8_UTR_pair	340	7	2356
ENSG00000133065_ENST00000367137.4_UTR_pair	1037	7	2438
ENSG00000266028_ENST00000573034.8_UTR_pair	652	7	3016
ENSG00000263528_ENST00000581977.7_UTR_pair	345	7	744
ENSG00000266094_ENST00000579436.7_UTR_pair	72	7	2470
ENSG00000143486_ENST00000271764.7_UTR_pair	123	7	133
ENSG00000143479_ENST00000367109.8_UTR_pair	168	7	6193
ENSG00000162889_ENST00000367103.4_UTR_pair	325	7	1563
ENSG00000180667_ENST00000315927.9_UTR_pair	178	7	5171
ENSG00000123836_ENST00000367080.8_UTR_pair	109	7	5446
ENSG00000196352_ENST00000367064.9_UTR_pair	88	7	1356
ENSG00000076356_ENST00000367033.4_UTR_pair	822	7	5001
ENSG00000123689_ENST00000367029.5_UTR_pair	170	7	394
ENSG00000162757_ENST00000294811.2_UTR_pair	257	7	3617
ENSG00000117597_ENST00000491415.7_UTR_pair	92	7	6118
ENSG00000082497_ENST00000367012.4_UTR_pair	233	7	3918
ENSG00000117625_ENST00000419091.7_UTR_pair	195	7	2617
ENSG00000082512_ENST00000261464.10_UTR_pair	58	7	2244
ENSG00000170385_ENST00000367001.5_UTR_pair	549	7	3820
ENSG00000117650_ENST00000366999.9_UTR_pair	142	7	654
ENSG00000123684_ENST00000366997.9_UTR_pair	218	7	6442
ENSG00000143493_ENST00000366994.8_UTR_pair	120	7	1421
ENSG00000143476_ENST00000366991.5_UTR_pair	143	7	2073
ENSG00000066027_ENST00000261461.7_UTR_pair	701	7	1083
ENSG00000065600_ENST00000261455.9_UTR_pair	129	7	1287
ENSG00000117691_ENST00000366988.5_UTR_pair	24	7	373
ENSG00000162772_ENST00000341491.9_UTR_pair	174	7	1220
ENSG00000203705_ENST00000366974.9_UTR_pair	28	7	1674
ENSG00000162769_ENST00000366971.9_UTR_pair	178	7	4073
ENSG00000174606_ENST00000366962.8_UTR_pair	196	7	2859
ENSG00000136643_ENST00000366960.8_UTR_pair	164	7	2140
ENSG00000117707_ENST00000366958.9_UTR_pair	578	7	5676
ENSG00000143499_ENST00000366957.10_UTR_pair	96	7	347
ENSG00000117724_ENST00000366955.8_UTR_pair	168	7	777
ENSG00000136636_ENST00000259154.9_UTR_pair	382	7	1189
ENSG00000092978_ENST00000366935.8_UTR_pair	119	7	4153
ENSG00000067533_ENST00000366932.4_UTR_pair	24	7	6892
ENSG00000092969_ENST00000366930.9_UTR_pair	1366	7	3257
ENSG00000136628_ENST00000366923.8_UTR_pair	117	7	206
ENSG00000162813_ENST00000322067.12_UTR_pair	111	7	1362
ENSG00000067704_ENST00000366922.3_UTR_pair	85	7	406
ENSG00000118873_ENST00000358951.7_UTR_pair	116	7	2958
ENSG00000116141_ENST00000366917.6_UTR_pair	687	7	2295
ENSG00000162817_ENST00000294889.6_UTR_pair	40	7	2422
ENSG00000136630_ENST00000366903.8_UTR_pair	415	7	355
ENSG00000143507_ENST00000366899.4_UTR_pair	152	7	988
ENSG00000186063_ENST00000340020.11_UTR_pair	174	7	1880
ENSG00000154309_ENST00000675850.1_UTR_pair	198	7	23
ENSG00000162909_ENST00000295006.6_UTR_pair	102	7	1161
ENSG00000143514_ENST00000343537.12_UTR_pair	267	7	960
ENSG00000143753_ENST00000323699.9_UTR_pair	97	7	963
ENSG00000143748_ENST00000281701.11_UTR_pair	45	7	281
ENSG00000143771_ENST00000465271.6_UTR_pair	46	7	3630
ENSG00000162923_ENST00000414423.9_UTR_pair	392	7	4689
ENSG00000143815_ENST00000272163.9_UTR_pair	99	7	1801
ENSG00000154380_ENST00000366843.7_UTR_pair	433	7	10946
ENSG00000143819_ENST00000272167.10_UTR_pair	51	7	216
ENSG00000196187_ENST00000366835.8_UTR_pair	282	7	1403
ENSG00000182827_ENST00000366812.6_UTR_pair	66	7	1931
ENSG00000183814_ENST00000681046.1_UTR_pair	25	7	1344
ENSG00000143799_ENST00000366794.10_UTR_pair	164	7	769
ENSG00000143772_ENST00000429204.6_UTR_pair	447	7	2981
ENSG00000143801_ENST00000366783.8_UTR_pair	383	7	519
ENSG00000163050_ENST00000366777.4_UTR_pair	115	7	807
ENSG00000143776_ENST00000366766.8_UTR_pair	1310	7	4403
ENSG00000143740_ENST00000617596.5_UTR_pair	110	7	553
ENSG00000143761_ENST00000272102.10_UTR_pair	95	7	1199
ENSG00000143774_ENST00000453943.6_UTR_pair	24	7	254
ENSG00000154370_ENST00000284551.11_UTR_pair	274	7	1029
ENSG00000168118_ENST00000366690.5_UTR_pair	229	7	2101
ENSG00000154429_ENST00000284617.7_UTR_pair	184	7	4220
ENSG00000135776_ENST00000344517.5_UTR_pair	55	7	1597
ENSG00000135801_ENST00000258281.7_UTR_pair	241	7	1163
ENSG00000135763_ENST00000258243.7_UTR_pair	123	7	903
ENSG00000143641_ENST00000366672.5_UTR_pair	43	7	2664
ENSG00000177614_ENST00000391860.7_UTR_pair	404	7	8935
ENSG00000135775_ENST00000366669.9_UTR_pair	126	7	589
ENSG00000116906_ENST00000366647.9_UTR_pair	167	7	431
ENSG00000116903_ENST00000366645.1_UTR_pair	107	7	2815
ENSG00000135766_ENST00000366641.4_UTR_pair	399	7	2655
ENSG00000116918_ENST00000366639.9_UTR_pair	142	7	1619
ENSG00000116991_ENST00000674635.1_UTR_pair	583	7	1162
ENSG00000135750_ENST00000366621.8_UTR_pair	66	7	984
ENSG00000168275_ENST00000366615.10_UTR_pair	11	7	1262
ENSG00000168264_ENST00000366609.4_UTR_pair	684	7	2868
ENSG00000173726_ENST00000366607.5_UTR_pair	122	7	2723
ENSG00000054267_ENST00000264183.9_UTR_pair	460	7	1623
ENSG00000152904_ENST00000282841.9_UTR_pair	232	7	1760
ENSG00000162885_ENST00000366600.8_UTR_pair	200	7	3016
ENSG00000077585_ENST00000366592.8_UTR_pair	84	7	749
ENSG00000116977_ENST00000366584.9_UTR_pair	183	7	4820
ENSG00000119285_ENST00000366582.8_UTR_pair	127	7	1897
ENSG00000116984_ENST00000366577.10_UTR_pair	412	7	6337
ENSG00000203668_ENST00000366553.3_UTR_pair	795	7	4945
ENSG00000174371_ENST00000366548.8_UTR_pair	569	7	339
ENSG00000143702_ENST00000366542.6_UTR_pair	283	7	2021
ENSG00000054282_ENST00000366541.8_UTR_pair	133	7	306
ENSG00000117020_ENST00000673466.1_UTR_pair	316	7	5525
ENSG00000179456_ENST00000358704.4_UTR_pair	149	7	2106
ENSG00000035687_ENST00000366535.4_UTR_pair	92	7	1092
ENSG00000121644_ENST00000302550.16_UTR_pair	188	7	3244
ENSG00000203667_ENST00000411948.7_UTR_pair	57	7	1881
ENSG00000153187_ENST00000640218.2_UTR_pair	236	7	4153
ENSG00000185420_ENST00000490107.6_UTR_pair	62	7	216
ENSG00000162852_ENST00000366513.9_UTR_pair	259	7	2690
ENSG00000153207_ENST00000648844.2_UTR_pair	378	7	1708
ENSG00000162714_ENST00000682384.1_UTR_pair	447	7	3104
ENSG00000175137_ENST00000366472.6_UTR_pair	512	7	1454
ENSG00000171163_ENST00000306601.9_UTR_pair	180	7	202
ENSG00000035115_ENST00000356150.10_UTR_pair	48	7	667
ENSG00000151353_ENST00000281017.8_UTR_pair	61	7	5703
ENSG00000130508_ENST00000252804.9_UTR_pair	60	7	2317
ENSG00000182551_ENST00000327435.11_UTR_pair	44	7	1597
ENSG00000151692_ENST00000320892.11_UTR_pair	422	7	4419
ENSG00000115738_ENST00000396290.2_UTR_pair	110	7	784
ENSG00000134313_ENST00000256707.8_UTR_pair	170	7	1862
ENSG00000143797_ENST00000305997.8_UTR_pair	70	7	5989
ENSG00000151693_ENST00000281419.8_UTR_pair	293	7	2351
ENSG00000119185_ENST00000355346.9_UTR_pair	191	7	3359
ENSG00000151694_ENST00000310823.8_UTR_pair	225	7	1691
ENSG00000134308_ENST00000238081.8_UTR_pair	139	7	1319
ENSG00000172059_ENST00000305883.6_UTR_pair	167	7	2329
ENSG00000171848_ENST00000304567.10_UTR_pair	60	7	2028
ENSG00000115756_ENST00000307845.8_UTR_pair	384	7	783
ENSG00000115758_ENST00000234111.9_UTR_pair	334	7	756
ENSG00000143870_ENST00000272227.8_UTR_pair	89	7	867
ENSG00000134318_ENST00000315872.11_UTR_pair	500	7	3678
ENSG00000169016_ENST00000381525.8_UTR_pair	282	7	2102
ENSG00000134324_ENST00000674199.1_UTR_pair	49	7	2618
ENSG00000071575_ENST00000155926.9_UTR_pair	1372	7	1940
ENSG00000079785_ENST00000233084.8_UTR_pair	66	7	195
ENSG00000163029_ENST00000448223.7_UTR_pair	277	7	1687
ENSG00000178295_ENST00000381254.7_UTR_pair	223	7	7007
ENSG00000240857_ENST00000381249.4_UTR_pair	81	7	468
ENSG00000183891_ENST00000333610.4_UTR_pair	129	7	356
ENSG00000118965_ENST00000281405.9_UTR_pair	90	7	3295
ENSG00000068697_ENST00000175091.5_UTR_pair	108	7	555
ENSG00000115884_ENST00000254351.9_UTR_pair	263	7	1969
ENSG00000055917_ENST00000361078.7_UTR_pair	266	7	2848
ENSG00000143878_ENST00000272233.6_UTR_pair	392	7	1384
ENSG00000118960_ENST00000304031.8_UTR_pair	35	7	1169
ENSG00000118961_ENST00000237822.8_UTR_pair	67	7	2872
ENSG00000119778_ENST00000238789.10_UTR_pair	353	7	3382
ENSG00000173960_ENST00000309033.5_UTR_pair	200	7	5042
ENSG00000119782_ENST00000380986.9_UTR_pair	109	7	489
ENSG00000115128_ENST00000233468.5_UTR_pair	97	7	176
ENSG00000198399_ENST00000355123.9_UTR_pair	266	7	762
ENSG00000084676_ENST00000348332.8_UTR_pair	744	7	2311
ENSG00000138092_ENST00000380834.7_UTR_pair	145	7	3058
ENSG00000138031_ENST00000679454.1_UTR_pair	752	7	763
ENSG00000084710_ENST00000403714.8_UTR_pair	237	7	4795
ENSG00000119772_ENST00000321117.10_UTR_pair	277	7	6405
ENSG00000138101_ENST00000406818.8_UTR_pair	193	7	340
ENSG00000084731_ENST00000264712.8_UTR_pair	580	7	2380
ENSG00000084733_ENST00000264710.5_UTR_pair	525	7	2433
ENSG00000084754_ENST00000380649.8_UTR_pair	36	7	615
ENSG00000138029_ENST00000317799.10_UTR_pair	60	7	512
ENSG00000138018_ENST00000260585.12_UTR_pair	90	7	6782
ENSG00000213699_ENST00000344420.10_UTR_pair	66	7	2720
ENSG00000157851_ENST00000288699.11_UTR_pair	127	7	3356
ENSG00000084764_ENST00000233121.7_UTR_pair	173	7	871
ENSG00000119777_ENST00000238788.14_UTR_pair	51	7	857
ENSG00000084693_ENST00000360131.5_UTR_pair	172	7	355
ENSG00000228474_ENST00000456793.2_UTR_pair	55	7	273
ENSG00000138030_ENST00000260598.10_UTR_pair	488	7	1012
ENSG00000138028_ENST00000402394.6_UTR_pair	294	7	680
ENSG00000138073_ENST00000260643.7_UTR_pair	215	7	658
ENSG00000138074_ENST00000310574.8_UTR_pair	456	7	849
ENSG00000084774_ENST00000264705.9_UTR_pair	183	7	425
ENSG00000115204_ENST00000380044.6_UTR_pair	51	7	420
ENSG00000115234_ENST00000233575.7_UTR_pair	128	7	816
ENSG00000163795_ENST00000323703.11_UTR_pair	208	7	310
ENSG00000115241_ENST00000344034.5_UTR_pair	169	7	400
ENSG00000115216_ENST00000379852.8_UTR_pair	121	7	447
ENSG00000243943_ENST00000355467.6_UTR_pair	71	7	1756
ENSG00000119760_ENST00000337768.10_UTR_pair	375	7	2676
ENSG00000163798_ENST00000326019.11_UTR_pair	26	7	286
ENSG00000158019_ENST00000379624.6_UTR_pair	138	7	388
ENSG00000075426_ENST00000264716.9_UTR_pair	863	7	4869
ENSG00000213639_ENST00000395366.3_UTR_pair	295	7	3637
ENSG00000115295_ENST00000320081.10_UTR_pair	266	7	1915
ENSG00000119801_ENST00000261353.9_UTR_pair	80	7	1690
ENSG00000213626_ENST00000395323.9_UTR_pair	205	7	2407
ENSG00000172954_ENST00000379509.8_UTR_pair	142	7	3606
ENSG00000013016_ENST00000322054.10_UTR_pair	470	7	2747
ENSG00000162959_ENST00000404530.6_UTR_pair	84	7	538
ENSG00000162961_ENST00000342166.10_UTR_pair	109	7	279
ENSG00000021574_ENST00000315285.9_UTR_pair	276	7	3141
ENSG00000152683_ENST00000282587.9_UTR_pair	37	7	3666
ENSG00000119820_ENST00000238831.9_UTR_pair	252	7	10968
ENSG00000049323_ENST00000404816.7_UTR_pair	372	7	964
ENSG00000119812_ENST00000238823.13_UTR_pair	78	7	1116
ENSG00000150938_ENST00000280527.7_UTR_pair	515	7	2434
ENSG00000171055_ENST00000405912.8_UTR_pair	26	7	905
ENSG00000008869_ENST00000233099.6_UTR_pair	126	7	595
ENSG00000055332_ENST00000233057.9_UTR_pair	256	7	8063
ENSG00000115816_ENST00000234170.10_UTR_pair	29	7	152
ENSG00000003509_ENST00000002125.9_UTR_pair	48	7	810
ENSG00000115825_ENST00000234179.8_UTR_pair	808	7	2675
ENSG00000115828_ENST00000338415.8_UTR_pair	102	7	495
ENSG00000163171_ENST00000295324.4_UTR_pair	452	7	3879
ENSG00000138061_ENST00000610745.5_UTR_pair	373	7	3213
ENSG00000143889_ENST00000449105.8_UTR_pair	302	7	2213
ENSG00000143891_ENST00000272252.10_UTR_pair	48	7	1200
ENSG00000115875_ENST00000313117.11_UTR_pair	105	7	1534
ENSG00000152147_ENST00000281950.8_UTR_pair	91	7	3110
ENSG00000163214_ENST00000457308.6_UTR_pair	154	7	570
ENSG00000188010_ENST00000644631.4_UTR_pair	77	7	194
ENSG00000115904_ENST00000402219.8_UTR_pair	629	7	4275
ENSG00000011566_ENST00000263881.8_UTR_pair	298	7	1352
ENSG00000183023_ENST00000332839.9_UTR_pair	211	7	17983
ENSG00000162878_ENST00000294964.6_UTR_pair	179	7	829
ENSG00000143924_ENST00000318522.10_UTR_pair	259	7	2341
ENSG00000115944_ENST00000234301.3_UTR_pair	56	7	1881
ENSG00000152518_ENST00000282388.4_UTR_pair	291	7	1917
ENSG00000115970_ENST00000405975.7_UTR_pair	132	7	97
ENSG00000138095_ENST00000260665.12_UTR_pair	42	7	2376
ENSG00000138032_ENST00000282412.9_UTR_pair	414	7	754
ENSG00000138078_ENST00000409411.6_UTR_pair	163	7	3749
ENSG00000068784_ENST00000263736.5_UTR_pair	49	7	630
ENSG00000171132_ENST00000306156.8_UTR_pair	426	7	3109
ENSG00000116016_ENST00000263734.5_UTR_pair	505	7	2037
ENSG00000119729_ENST00000238738.9_UTR_pair	557	7	3605
ENSG00000151665_ENST00000281382.11_UTR_pair	93	7	541
ENSG00000119878_ENST00000238892.4_UTR_pair	68	7	5949
ENSG00000171150_ENST00000394861.3_UTR_pair	167	7	2988
ENSG00000180398_ENST00000319466.9_UTR_pair	90	7	3589
ENSG00000068724_ENST00000319190.11_UTR_pair	318	7	2200
ENSG00000143933_ENST00000272298.12_UTR_pair	68	7	692
ENSG00000095002_ENST00000233146.7_UTR_pair	36	7	274
ENSG00000116062_ENST00000234420.11_UTR_pair	89	7	93
ENSG00000138081_ENST00000403359.8_UTR_pair	778	7	1198
ENSG00000170802_ENST00000340553.8_UTR_pair	289	7	3852
ENSG00000162869_ENST00000294952.13_UTR_pair	188	7	642
ENSG00000115239_ENST00000263634.8_UTR_pair	146	7	523
ENSG00000143942_ENST00000295304.5_UTR_pair	83	7	671
ENSG00000068912_ENST00000185150.9_UTR_pair	167	7	827
ENSG00000068878_ENST00000404125.6_UTR_pair	209	7	1509
ENSG00000170634_ENST00000394666.9_UTR_pair	84	7	498
ENSG00000115306_ENST00000356805.9_UTR_pair	239	7	2877
ENSG00000115310_ENST00000337526.11_UTR_pair	151	7	967
ENSG00000143947_ENST00000272317.11_UTR_pair	38	7	276
ENSG00000085760_ENST00000263629.9_UTR_pair	299	7	53
ENSG00000115355_ENST00000436346.7_UTR_pair	777	7	3358
ENSG00000163001_ENST00000349456.9_UTR_pair	84	7	71
ENSG00000275052_ENST00000616407.2_UTR_pair	337	7	2619
ENSG00000115380_ENST00000355426.8_UTR_pair	120	7	1106
ENSG00000028116_ENST00000340157.9_UTR_pair	68	7	178
ENSG00000119866_ENST00000642384.2_UTR_pair	384	7	3210
ENSG00000115421_ENST00000238714.8_UTR_pair	211	7	4926
ENSG00000162924_ENST00000394479.4_UTR_pair	267	7	9077
ENSG00000162927_ENST00000316752.11_UTR_pair	263	7	2172
ENSG00000162928_ENST00000295030.6_UTR_pair	40	7	3220
ENSG00000115464_ENST00000398571.7_UTR_pair	395	7	639
ENSG00000082898_ENST00000401558.7_UTR_pair	801	7	971
ENSG00000115484_ENST00000394440.8_UTR_pair	149	7	607
ENSG00000173163_ENST00000311832.6_UTR_pair	5	7	117
ENSG00000170340_ENST00000301998.5_UTR_pair	250	7	1317
ENSG00000115504_ENST00000431489.6_UTR_pair	635	7	987
ENSG00000143951_ENST00000272321.12_UTR_pair	206	7	2447
ENSG00000169764_ENST00000337130.10_UTR_pair	290	7	333
ENSG00000143952_ENST00000272322.9_UTR_pair	511	7	1280
ENSG00000197329_ENST00000358912.5_UTR_pair	409	7	2050
ENSG00000119862_ENST00000238875.10_UTR_pair	384	7	2953
ENSG00000119844_ENST00000409933.6_UTR_pair	317	7	970
ENSG00000179833_ENST00000313349.3_UTR_pair	298	7	4306
ENSG00000115902_ENST00000234256.4_UTR_pair	245	7	2719
ENSG00000011523_ENST00000377990.7_UTR_pair	159	7	3370
ENSG00000138069_ENST00000409784.8_UTR_pair	191	7	1639
ENSG00000138071_ENST00000260641.10_UTR_pair	79	7	2519
ENSG00000198369_ENST00000356388.9_UTR_pair	612	7	2650
ENSG00000143995_ENST00000272369.14_UTR_pair	732	7	2661
ENSG00000143971_ENST00000272342.6_UTR_pair	116	7	2051
ENSG00000115946_ENST00000263657.7_UTR_pair	47	7	1436
ENSG00000221823_ENST00000234310.8_UTR_pair	405	7	2106
ENSG00000169621_ENST00000303795.9_UTR_pair	147	7	2140
ENSG00000169604_ENST00000303714.9_UTR_pair	321	7	3842
ENSG00000198380_ENST00000357308.9_UTR_pair	156	7	6409
ENSG00000169599_ENST00000410022.7_UTR_pair	13	7	120
ENSG00000196975_ENST00000394295.6_UTR_pair	88	7	1597
ENSG00000087338_ENST00000282570.4_UTR_pair	233	7	2380
ENSG00000059728_ENST00000264444.7_UTR_pair	222	7	4661
ENSG00000169564_ENST00000303577.7_UTR_pair	267	7	389
ENSG00000115998_ENST00000264434.7_UTR_pair	328	7	471
ENSG00000116001_ENST00000433529.7_UTR_pair	198	7	3275
ENSG00000116005_ENST00000433351.7_UTR_pair	28	7	3793
ENSG00000143977_ENST00000272348.7_UTR_pair	91	7	272
ENSG00000035141_ENST00000430566.6_UTR_pair	56	7	1313
ENSG00000163235_ENST00000295400.11_UTR_pair	59	7	3575
ENSG00000144043_ENST00000272438.9_UTR_pair	116	7	2658
ENSG00000124357_ENST00000244204.11_UTR_pair	36	7	1300
ENSG00000124374_ENST00000244221.9_UTR_pair	187	7	5741
ENSG00000075292_ENST00000264447.9_UTR_pair	296	7	254
ENSG00000135636_ENST00000410020.8_UTR_pair	144	7	271
ENSG00000003137_ENST00000001146.7_UTR_pair	28	7	2989
ENSG00000144036_ENST00000272427.11_UTR_pair	123	7	3351
ENSG00000116096_ENST00000234454.6_UTR_pair	25	7	621
ENSG00000135631_ENST00000486777.7_UTR_pair	171	7	2139
ENSG00000135617_ENST00000258083.3_UTR_pair	79	7	444
ENSG00000135624_ENST00000258091.10_UTR_pair	71	7	144
ENSG00000144048_ENST00000272444.8_UTR_pair	129	7	448
ENSG00000124356_ENST00000394070.7_UTR_pair	562	7	4909
ENSG00000114956_ENST00000264093.9_UTR_pair	31	7	210
ENSG00000163170_ENST00000327428.10_UTR_pair	38	7	193
ENSG00000114978_ENST00000396049.5_UTR_pair	205	7	4040
ENSG00000065911_ENST00000394053.7_UTR_pair	27	7	3323
ENSG00000204843_ENST00000628224.3_UTR_pair	274	7	344
ENSG00000005448_ENST00000348227.4_UTR_pair	88	7	54
ENSG00000114993_ENST00000272430.10_UTR_pair	121	7	408
ENSG00000115275_ENST00000448666.7_UTR_pair	135	7	218
ENSG00000115289_ENST00000233630.11_UTR_pair	27	7	100
ENSG00000115317_ENST00000258080.8_UTR_pair	74	7	334
ENSG00000115318_ENST00000264094.8_UTR_pair	79	7	1348
ENSG00000135622_ENST00000357877.7_UTR_pair	130	7	3632
ENSG00000159399_ENST00000290573.7_UTR_pair	454	7	2418
ENSG00000115350_ENST00000483063.2_UTR_pair	37	7	706
ENSG00000005436_ENST00000321027.8_UTR_pair	60	7	1961
ENSG00000034510_ENST00000233143.6_UTR_pair	78	7	248
ENSG00000176407_ENST00000409785.9_UTR_pair	291	7	6063
ENSG00000152284_ENST00000282111.4_UTR_pair	293	7	925
ENSG00000152291_ENST00000377386.8_UTR_pair	27	7	4709
ENSG00000042445_ENST00000295802.9_UTR_pair	21	7	1287
ENSG00000115459_ENST00000409013.8_UTR_pair	432	7	786
ENSG00000042493_ENST00000263867.9_UTR_pair	63	7	140
ENSG00000168906_ENST00000306434.8_UTR_pair	120	7	1509
ENSG00000115486_ENST00000233838.9_UTR_pair	65	7	5214
ENSG00000118640_ENST00000263864.10_UTR_pair	61	7	315
ENSG00000168899_ENST00000306384.5_UTR_pair	60	7	249
ENSG00000168890_ENST00000334462.10_UTR_pair	208	7	529
ENSG00000168874_ENST00000306279.4_UTR_pair	199	7	4493
ENSG00000115525_ENST00000638572.2_UTR_pair	85	7	3024
ENSG00000132305_ENST00000410111.8_UTR_pair	80	7	332
ENSG00000132313_ENST00000337109.9_UTR_pair	34	7	3122
ENSG00000068615_ENST00000538924.7_UTR_pair	116	7	3046
ENSG00000115548_ENST00000312912.10_UTR_pair	104	7	597
ENSG00000115561_ENST00000263856.9_UTR_pair	95	7	2374
ENSG00000239305_ENST00000237455.5_UTR_pair	979	7	445
ENSG00000153561_ENST00000283632.5_UTR_pair	377	7	4630
ENSG00000172086_ENST00000347055.4_UTR_pair	448	7	579
ENSG00000172071_ENST00000303236.9_UTR_pair	190	7	995
ENSG00000153574_ENST00000283646.5_UTR_pair	26	7	851
ENSG00000144026_ENST00000295208.7_UTR_pair	704	7	4282
ENSG00000275111_ENST00000614034.5_UTR_pair	91	7	2211
ENSG00000115042_ENST00000233379.9_UTR_pair	171	7	3659
ENSG00000158050_ENST00000288943.5_UTR_pair	86	7	654
ENSG00000084090_ENST00000337288.10_UTR_pair	393	7	1871
ENSG00000135956_ENST00000258439.8_UTR_pair	260	7	5294
ENSG00000144021_ENST00000488633.2_UTR_pair	126	7	2822
ENSG00000144028_ENST00000323853.10_UTR_pair	109	7	674
ENSG00000121152_ENST00000240423.9_UTR_pair	64	7	3740
ENSG00000196843_ENST00000357485.8_UTR_pair	75	7	321
ENSG00000114988_ENST00000264963.9_UTR_pair	24	7	1327
ENSG00000158158_ENST00000377075.3_UTR_pair	98	7	2357
ENSG00000213337_ENST00000393537.5_UTR_pair	29	7	311
ENSG00000168758_ENST00000305476.10_UTR_pair	242	7	908
ENSG00000115073_ENST00000289228.7_UTR_pair	154	7	919
ENSG00000075568_ENST00000186436.10_UTR_pair	286	7	763
ENSG00000040933_ENST00000409851.8_UTR_pair	393	7	6784
ENSG00000183513_ENST00000328709.8_UTR_pair	107	7	1438
ENSG00000115446_ENST00000357765.7_UTR_pair	142	7	211
ENSG00000071073_ENST00000393487.6_UTR_pair	320	7	6460
ENSG00000158411_ENST00000289359.6_UTR_pair	77	7	112
ENSG00000158417_ENST00000289371.11_UTR_pair	166	7	1912
ENSG00000135945_ENST00000258428.8_UTR_pair	211	7	764
ENSG00000144218_ENST00000672756.2_UTR_pair	334	7	6055
ENSG00000115526_ENST00000264249.8_UTR_pair	398	7	1385
ENSG00000071082_ENST00000264258.8_UTR_pair	27	7	886
ENSG00000158435_ENST00000289382.8_UTR_pair	79	7	903
ENSG00000115594_ENST00000410023.6_UTR_pair	358	7	3115
ENSG00000135953_ENST00000258436.10_UTR_pair	78	7	3790
ENSG00000135966_ENST00000393359.7_UTR_pair	128	7	2969
ENSG00000135974_ENST00000258457.7_UTR_pair	48	7	3840
ENSG00000115641_ENST00000530340.6_UTR_pair	285	7	457
ENSG00000071051_ENST00000233154.9_UTR_pair	427	7	1096
ENSG00000115652_ENST00000283148.12_UTR_pair	60	7	715
ENSG00000135968_ENST00000309863.11_UTR_pair	69	7	1785
ENSG00000169756_ENST00000544547.6_UTR_pair	93	7	3247
ENSG00000153201_ENST00000283195.11_UTR_pair	125	7	1908
ENSG00000163006_ENST00000295124.9_UTR_pair	52	7	325
ENSG00000144061_ENST00000445609.7_UTR_pair	45	7	443
ENSG00000169679_ENST00000302759.11_UTR_pair	68	7	436
ENSG00000153094_ENST00000393256.8_UTR_pair	288	7	4213
ENSG00000153107_ENST00000341068.8_UTR_pair	276	7	1651
ENSG00000153208_ENST00000295408.9_UTR_pair	129	7	697
ENSG00000153214_ENST00000283206.9_UTR_pair	323	7	3171
ENSG00000144161_ENST00000409573.7_UTR_pair	61	7	4955
ENSG00000188177_ENST00000409871.6_UTR_pair	398	7	7571
ENSG00000125630_ENST00000263331.10_UTR_pair	30	7	4089
ENSG00000144136_ENST00000272542.8_UTR_pair	457	7	800
ENSG00000136682_ENST00000259199.9_UTR_pair	178	7	461
ENSG00000115084_ENST00000245680.7_UTR_pair	233	7	8509
ENSG00000115091_ENST00000263238.7_UTR_pair	191	7	5141
ENSG00000088205_ENST00000263239.7_UTR_pair	87	7	1653
ENSG00000125633_ENST00000376300.7_UTR_pair	75	7	4862
ENSG00000125629_ENST00000245787.9_UTR_pair	209	7	2675
ENSG00000115107_ENST00000393110.7_UTR_pair	448	7	2314
ENSG00000155368_ENST00000355857.8_UTR_pair	75	7	225
ENSG00000171227_ENST00000306406.5_UTR_pair	50	7	1064
ENSG00000088179_ENST00000263708.7_UTR_pair	480	7	7829
ENSG00000115109_ENST00000263713.10_UTR_pair	142	7	4212
ENSG00000226479_ENST00000426077.3_UTR_pair	424	7	4445
ENSG00000144118_ENST00000272519.10_UTR_pair	176	7	1450
ENSG00000074047_ENST00000361492.9_UTR_pair	448	7	1978
ENSG00000074054_ENST00000696935.1_UTR_pair	376	7	3085
ENSG00000155438_ENST00000285814.9_UTR_pair	25	7	779
ENSG00000211460_ENST00000389682.8_UTR_pair	129	7	2486
ENSG00000136732_ENST00000259254.9_UTR_pair	106	7	525
ENSG00000136717_ENST00000316724.10_UTR_pair	211	7	494
ENSG00000169967_ENST00000682094.1_UTR_pair	589	7	8911
ENSG00000072163_ENST00000355119.9_UTR_pair	506	7	855
ENSG00000136709_ENST00000322313.9_UTR_pair	183	7	5296
ENSG00000144233_ENST00000272647.10_UTR_pair	295	7	3464
ENSG00000136715_ENST00000643581.2_UTR_pair	126	7	784
ENSG00000136731_ENST00000259253.11_UTR_pair	158	7	5935
ENSG00000136720_ENST00000259241.7_UTR_pair	305	7	2682
ENSG00000136718_ENST00000259239.8_UTR_pair	36	7	1499
ENSG00000072135_ENST00000175756.10_UTR_pair	52	7	2181
ENSG00000152102_ENST00000389915.4_UTR_pair	258	7	4589
ENSG00000115762_ENST00000693505.1_UTR_pair	71	7	3072
ENSG00000152127_ENST00000281923.4_UTR_pair	332	7	5774
ENSG00000082258_ENST00000264157.10_UTR_pair	33	7	4694
ENSG00000121988_ENST00000264159.11_UTR_pair	99	7	3373
ENSG00000048991_ENST00000683871.1_UTR_pair	399	7	977
ENSG00000144224_ENST00000272638.14_UTR_pair	75	7	2169
ENSG00000076003_ENST00000264156.3_UTR_pair	78	7	1209
ENSG00000115866_ENST00000264161.9_UTR_pair	158	7	1435
ENSG00000121966_ENST00000241393.4_UTR_pair	89	7	520
ENSG00000144228_ENST00000280098.9_UTR_pair	410	7	4467
ENSG00000121964_ENST00000682281.1_UTR_pair	224	7	8984
ENSG00000169554_ENST00000627532.3_UTR_pair	250	7	5370
ENSG00000121989_ENST00000241416.12_UTR_pair	124	7	3548
ENSG00000115947_ENST00000392857.10_UTR_pair	122	7	5114
ENSG00000135999_ENST00000258484.11_UTR_pair	267	7	1192
ENSG00000168280_ENST00000435030.6_UTR_pair	391	7	3689
ENSG00000168288_ENST00000303319.10_UTR_pair	164	7	337
ENSG00000115963_ENST00000263895.9_UTR_pair	157	7	1792
ENSG00000123609_ENST00000243346.10_UTR_pair	82	7	223
ENSG00000162980_ENST00000295087.13_UTR_pair	245	7	4479
ENSG00000115145_ENST00000263904.5_UTR_pair	121	7	3773
ENSG00000157827_ENST00000288670.14_UTR_pair	430	7	1921
ENSG00000177519_ENST00000325926.4_UTR_pair	197	7	898
ENSG00000153234_ENST00000339562.9_UTR_pair	368	7	1307
ENSG00000115159_ENST00000438166.7_UTR_pair	143	7	3485
ENSG00000115170_ENST00000434821.7_UTR_pair	717	7	1085
ENSG00000144283_ENST00000389759.8_UTR_pair	272	7	752
ENSG00000115183_ENST00000263635.8_UTR_pair	268	7	1647
ENSG00000196151_ENST00000359774.9_UTR_pair	145	7	235
ENSG00000123636_ENST00000392783.7_UTR_pair	352	7	1286
ENSG00000136536_ENST00000409175.6_UTR_pair	243	7	3685
ENSG00000153250_ENST00000348849.8_UTR_pair	444	7	2621
ENSG00000136560_ENST00000392749.7_UTR_pair	108	7	712
ENSG00000115233_ENST00000409682.8_UTR_pair	317	7	317
ENSG00000197635_ENST00000360534.8_UTR_pair	234	7	1038
ENSG00000115267_ENST00000649979.2_UTR_pair	377	7	126
ENSG00000115271_ENST00000437150.7_UTR_pair	117	7	2880
ENSG00000182263_ENST00000333129.4_UTR_pair	316	7	6941
ENSG00000115290_ENST00000263915.8_UTR_pair	173	7	619
ENSG00000082438_ENST00000652658.2_UTR_pair	164	7	5758
ENSG00000123607_ENST00000243344.8_UTR_pair	71	7	1393
ENSG00000198648_ENST00000355999.5_UTR_pair	160	7	1474
ENSG00000172292_ENST00000305747.11_UTR_pair	177	7	5472
ENSG00000152253_ENST00000282074.7_UTR_pair	127	7	540
ENSG00000138398_ENST00000260970.8_UTR_pair	209	7	3883
ENSG00000144362_ENST00000359744.8_UTR_pair	384	7	11
ENSG00000213160_ENST00000392647.7_UTR_pair	258	7	2146
ENSG00000138385_ENST00000260956.9_UTR_pair	115	7	308
ENSG00000144357_ENST00000272793.11_UTR_pair	54	7	2288
ENSG00000115806_ENST00000234160.5_UTR_pair	88	7	1000
ENSG00000198586_ENST00000431350.7_UTR_pair	465	7	2957
ENSG00000123600_ENST00000375258.9_UTR_pair	120	7	8426
ENSG00000115827_ENST00000375255.8_UTR_pair	352	7	3938
ENSG00000077380_ENST00000397119.8_UTR_pair	168	7	2269
ENSG00000115840_ENST00000422440.7_UTR_pair	30	7	1869
ENSG00000128708_ENST00000264108.5_UTR_pair	40	7	334
ENSG00000091409_ENST00000684293.1_UTR_pair	203	7	2391
ENSG00000091436_ENST00000375213.8_UTR_pair	191	7	1265
ENSG00000144354_ENST00000306721.8_UTR_pair	92	7	1333
ENSG00000172845_ENST00000310015.12_UTR_pair	202	7	9166
ENSG00000138430_ENST00000284719.8_UTR_pair	81	7	2979
ENSG00000138433_ENST00000342016.8_UTR_pair	90	7	475
ENSG00000144306_ENST00000272732.11_UTR_pair	97	7	1680
ENSG00000163328_ENST00000392552.7_UTR_pair	188	7	4545
ENSG00000115935_ENST00000679041.1_UTR_pair	242	7	2973
ENSG00000128656_ENST00000409900.9_UTR_pair	469	7	1307
ENSG00000115966_ENST00000264110.7_UTR_pair	296	7	2350
ENSG00000154518_ENST00000284727.9_UTR_pair	128	7	2030
ENSG00000144320_ENST00000272748.9_UTR_pair	170	7	6085
ENSG00000128654_ENST00000249442.11_UTR_pair	188	7	361
ENSG00000170144_ENST00000392524.7_UTR_pair	6	7	4567
ENSG00000116044_ENST00000397062.8_UTR_pair	151	7	477
ENSG00000018510_ENST00000264167.11_UTR_pair	17	7	5639
ENSG00000196659_ENST00000408939.4_UTR_pair	33	7	1768
ENSG00000155636_ENST00000286070.10_UTR_pair	110	7	268
ENSG00000079156_ENST00000190611.9_UTR_pair	513	7	7334
ENSG00000180228_ENST00000325748.9_UTR_pair	145	7	683
ENSG00000187231_ENST00000428443.8_UTR_pair	359	7	8221
ENSG00000163510_ENST00000410053.8_UTR_pair	544	7	253
ENSG00000170035_ENST00000410062.9_UTR_pair	394	7	537
ENSG00000138434_ENST00000431877.7_UTR_pair	337	7	1191
ENSG00000162999_ENST00000354221.5_UTR_pair	187	7	4350
ENSG00000065548_ENST00000337859.11_UTR_pair	123	7	628
ENSG00000138448_ENST00000261023.8_UTR_pair	283	7	3609
ENSG00000144369_ENST00000304698.10_UTR_pair	114	7	3136
ENSG00000144366_ENST00000409830.6_UTR_pair	464	7	1915
ENSG00000168542_ENST00000304636.9_UTR_pair	117	7	972
ENSG00000204262_ENST00000374866.9_UTR_pair	157	7	2172
ENSG00000138449_ENST00000261024.7_UTR_pair	326	7	1288
ENSG00000128699_ENST00000392349.9_UTR_pair	188	7	1500
ENSG00000151689_ENST00000392329.7_UTR_pair	581	7	263
ENSG00000151690_ENST00000392328.6_UTR_pair	324	7	2096
ENSG00000189362_ENST00000409150.8_UTR_pair	67	7	4851
ENSG00000138386_ENST00000337386.10_UTR_pair	611	7	2433
ENSG00000115419_ENST00000320717.8_UTR_pair	264	7	2566
ENSG00000115415_ENST00000361099.8_UTR_pair	309	7	1554
ENSG00000128641_ENST00000392318.8_UTR_pair	232	7	1426
ENSG00000173559_ENST00000425611.9_UTR_pair	479	7	1175
ENSG00000196950_ENST00000359634.10_UTR_pair	67	7	2659
ENSG00000081320_ENST00000263955.9_UTR_pair	290	7	3864
ENSG00000138411_ENST00000644978.2_UTR_pair	82	7	7205
ENSG00000119041_ENST00000263956.8_UTR_pair	72	7	1528
ENSG00000197121_ENST00000354764.9_UTR_pair	91	7	8230
ENSG00000065413_ENST00000282272.15_UTR_pair	176	7	2929
ENSG00000115524_ENST00000335508.11_UTR_pair	29	7	2519
ENSG00000115520_ENST00000263960.7_UTR_pair	9	7	1386
ENSG00000144381_ENST00000388968.8_UTR_pair	61	7	462
ENSG00000115541_ENST00000233893.10_UTR_pair	58	7	190
ENSG00000115540_ENST00000323303.9_UTR_pair	21	7	3053
ENSG00000247626_ENST00000282276.8_UTR_pair	37	7	1208
ENSG00000119042_ENST00000417098.6_UTR_pair	660	7	2706
ENSG00000162971_ENST00000354611.9_UTR_pair	21	7	4154
ENSG00000162972_ENST00000392290.6_UTR_pair	217	7	306
ENSG00000196141_ENST00000409140.8_UTR_pair	302	7	4233
ENSG00000155729_ENST00000359878.8_UTR_pair	516	7	1142
ENSG00000082153_ENST00000409600.6_UTR_pair	91	7	5160
ENSG00000013441_ENST00000321356.9_UTR_pair	95	7	297
ENSG00000240344_ENST00000392283.9_UTR_pair	192	7	488
ENSG00000115942_ENST00000234296.7_UTR_pair	230	7	2324
ENSG00000155744_ENST00000681958.1_UTR_pair	190	7	7552
ENSG00000064012_ENST00000673742.1_UTR_pair	104	7	1115
ENSG00000115993_ENST00000332624.8_UTR_pair	308	7	3336
ENSG00000082146_ENST00000194530.8_UTR_pair	294	7	671
ENSG00000003393_ENST00000264276.11_UTR_pair	117	7	1584
ENSG00000155760_ENST00000286201.3_UTR_pair	793	7	2069
ENSG00000116030_ENST00000392246.7_UTR_pair	146	7	1071
ENSG00000055044_ENST00000264279.10_UTR_pair	179	7	225
ENSG00000138439_ENST00000392238.3_UTR_pair	219	7	3993
ENSG00000138442_ENST00000261015.5_UTR_pair	197	7	6599
ENSG00000119004_ENST00000356079.9_UTR_pair	45	7	9118
ENSG00000116117_ENST00000406610.7_UTR_pair	525	7	4349
ENSG00000118257_ENST00000357785.10_UTR_pair	790	7	3073
ENSG00000114942_ENST00000392222.7_UTR_pair	85	7	45
ENSG00000183671_ENST00000621141.5_UTR_pair	93	7	864
ENSG00000114948_ENST00000264377.8_UTR_pair	335	7	3500
ENSG00000118246_ENST00000402774.8_UTR_pair	192	7	4387
ENSG00000118263_ENST00000309446.11_UTR_pair	380	7	7076
ENSG00000118260_ENST00000353267.8_UTR_pair	181	7	8930
ENSG00000144401_ENST00000411432.6_UTR_pair	362	7	307
ENSG00000163249_ENST00000295414.8_UTR_pair	257	7	2476
ENSG00000163251_ENST00000295417.4_UTR_pair	897	7	4384
ENSG00000178385_ENST00000427836.8_UTR_pair	457	7	7031
ENSG00000138413_ENST00000345146.7_UTR_pair	223	7	850
ENSG00000115020_ENST00000264380.9_UTR_pair	170	7	3441
ENSG00000078018_ENST00000682079.1_UTR_pair	451	7	3715
ENSG00000197713_ENST00000359429.11_UTR_pair	24	7	2469
ENSG00000144445_ENST00000281772.14_UTR_pair	290	7	1528
ENSG00000115365_ENST00000450366.7_UTR_pair	156	7	3236
ENSG00000030419_ENST00000434687.6_UTR_pair	319	7	7662
ENSG00000138376_ENST00000260947.9_UTR_pair	114	7	3030
ENSG00000138363_ENST00000236959.14_UTR_pair	84	7	109
ENSG00000115414_ENST00000354785.11_UTR_pair	266	7	690
ENSG00000115425_ENST00000265322.8_UTR_pair	68	7	887
ENSG00000079246_ENST00000392132.7_UTR_pair	89	7	1091
ENSG00000138375_ENST00000357276.9_UTR_pair	260	7	76
ENSG00000197756_ENST00000491306.6_UTR_pair	31	7	2682
ENSG00000115457_ENST00000233809.9_UTR_pair	104	7	332
ENSG00000115461_ENST00000233813.5_UTR_pair	774	7	4646
ENSG00000163466_ENST00000315717.10_UTR_pair	74	7	433
ENSG00000127837_ENST00000248450.9_UTR_pair	51	7	404
ENSG00000135926_ENST00000258412.8_UTR_pair	78	7	1278
ENSG00000144579_ENST00000273062.7_UTR_pair	223	7	1516
ENSG00000135913_ENST00000258399.8_UTR_pair	403	7	4679
ENSG00000144580_ENST00000273064.11_UTR_pair	116	7	2804
ENSG00000115568_ENST00000411696.7_UTR_pair	616	7	5010
ENSG00000074582_ENST00000359273.8_UTR_pair	110	7	57
ENSG00000163481_ENST00000295704.7_UTR_pair	32	7	65
ENSG00000163482_ENST00000295709.8_UTR_pair	219	7	706
ENSG00000135912_ENST00000392102.6_UTR_pair	380	7	1027
ENSG00000115649_ENST00000360507.10_UTR_pair	97	7	689
ENSG00000144567_ENST00000430297.7_UTR_pair	78	7	2846
ENSG00000158552_ENST00000289528.10_UTR_pair	206	7	342
ENSG00000115657_ENST00000265316.9_UTR_pair	285	7	166
ENSG00000198925_ENST00000361242.9_UTR_pair	183	7	1067
ENSG00000163516_ENST00000323348.10_UTR_pair	125	7	234
ENSG00000163521_ENST00000295759.12_UTR_pair	286	7	474
ENSG00000115661_ENST00000396738.7_UTR_pair	422	7	1778
ENSG00000127824_ENST00000248437.9_UTR_pair	60	7	642
ENSG00000135924_ENST00000336576.10_UTR_pair	189	7	1908
ENSG00000123992_ENST00000273075.9_UTR_pair	118	7	2249
ENSG00000144591_ENST00000313597.10_UTR_pair	68	7	191
ENSG00000123989_ENST00000243776.11_UTR_pair	271	7	429
ENSG00000124006_ENST00000404537.6_UTR_pair	307	7	107
ENSG00000144589_ENST00000456909.6_UTR_pair	93	7	258
ENSG00000116106_ENST00000281821.7_UTR_pair	56	7	3345
ENSG00000123983_ENST00000357430.8_UTR_pair	429	7	2985
ENSG00000135919_ENST00000409304.6_UTR_pair	210	7	822
ENSG00000036257_ENST00000264414.9_UTR_pair	354	7	4095
ENSG00000169047_ENST00000305123.6_UTR_pair	1082	7	4960
ENSG00000144468_ENST00000392062.7_UTR_pair	425	7	3688
ENSG00000168958_ENST00000304593.14_UTR_pair	329	7	716
ENSG00000173744_ENST00000310078.13_UTR_pair	266	7	6722
ENSG00000153827_ENST00000675903.1_UTR_pair	179	7	3717
ENSG00000135899_ENST00000258381.11_UTR_pair	112	7	3938
ENSG00000135932_ENST00000258418.10_UTR_pair	432	7	2371
ENSG00000135916_ENST00000326427.11_UTR_pair	84	7	1149
ENSG00000173692_ENST00000308696.11_UTR_pair	159	7	302
ENSG00000115053_ENST00000322723.9_UTR_pair	131	7	1660
ENSG00000187514_ENST00000409115.8_UTR_pair	182	7	700
ENSG00000144524_ENST00000350033.8_UTR_pair	110	7	1608
ENSG00000144535_ENST00000325385.12_UTR_pair	146	7	562
ENSG00000221944_ENST00000408957.7_UTR_pair	675	7	4224
ENSG00000135930_ENST00000258416.8_UTR_pair	36	7	193
ENSG00000115468_ENST00000264059.8_UTR_pair	101	7	1057
ENSG00000204120_ENST00000373563.9_UTR_pair	171	7	3745
ENSG00000066248_ENST00000264051.8_UTR_pair	263	7	788
ENSG00000085978_ENST00000392017.9_UTR_pair	155	7	1319
ENSG00000123485_ENST00000411486.7_UTR_pair	35	7	875
ENSG00000188042_ENST00000339728.6_UTR_pair	495	7	2765
ENSG00000130147_ENST00000392011.7_UTR_pair	360	7	1898
ENSG00000157985_ENST00000304032.13_UTR_pair	644	7	7671
ENSG00000198612_ENST00000354371.7_UTR_pair	76	7	2732
ENSG00000184182_ENST00000272930.9_UTR_pair	135	7	1444
ENSG00000132330_ENST00000254663.12_UTR_pair	54	7	1058
ENSG00000132323_ENST00000254654.8_UTR_pair	142	7	134
ENSG00000144485_ENST00000272937.10_UTR_pair	133	7	560
ENSG00000132326_ENST00000254657.8_UTR_pair	281	7	2331
ENSG00000204104_ENST00000373327.5_UTR_pair	145	7	1978
ENSG00000065802_ENST00000264607.9_UTR_pair	144	7	5739
ENSG00000068024_ENST00000543185.6_UTR_pair	262	7	4929
ENSG00000063660_ENST00000264039.7_UTR_pair	256	7	1786
ENSG00000188542_ENST00000405954.2_UTR_pair	328	7	3789
ENSG00000142327_ENST00000270357.10_UTR_pair	103	7	3480
ENSG00000142330_ENST00000391984.7_UTR_pair	178	7	424
ENSG00000130294_ENST00000498729.9_UTR_pair	158	7	3597
ENSG00000122085_ENST00000391980.7_UTR_pair	14	7	427
ENSG00000115687_ENST00000234040.9_UTR_pair	101	7	467
ENSG00000115685_ENST00000234038.11_UTR_pair	29	7	829
ENSG00000115677_ENST00000310931.10_UTR_pair	205	7	2310
ENSG00000006607_ENST00000264042.8_UTR_pair	128	7	716
ENSG00000115694_ENST00000316586.9_UTR_pair	242	7	2992
ENSG00000176720_ENST00000318407.5_UTR_pair	278	7	1709
ENSG00000176946_ENST00000407315.6_UTR_pair	141	7	201
ENSG00000168397_ENST00000404914.8_UTR_pair	22	7	1593
ENSG00000168395_ENST00000313552.11_UTR_pair	27	7	4447
ENSG00000072756_ENST00000251607.11_UTR_pair	78	7	869
ENSG00000175928_ENST00000319331.4_UTR_pair	767	7	3042
ENSG00000144455_ENST00000272902.10_UTR_pair	24	7	998
ENSG00000134107_ENST00000256495.4_UTR_pair	282	7	1631
ENSG00000134108_ENST00000256496.8_UTR_pair	174	7	2198
ENSG00000134109_ENST00000256497.9_UTR_pair	99	7	4040
ENSG00000071282_ENST00000157600.8_UTR_pair	116	7	7070
ENSG00000070950_ENST00000264926.7_UTR_pair	87	7	4282
ENSG00000134077_ENST00000452837.7_UTR_pair	127	7	2103
ENSG00000168137_ENST00000402198.7_UTR_pair	539	7	2063
ENSG00000163719_ENST00000296003.9_UTR_pair	79	7	420
ENSG00000156983_ENST00000383829.7_UTR_pair	414	7	666
ENSG00000114026_ENST00000344629.12_UTR_pair	335	7	257
ENSG00000134072_ENST00000256460.8_UTR_pair	148	7	192
ENSG00000171148_ENST00000301964.7_UTR_pair	285	7	390
ENSG00000241553_ENST00000397261.8_UTR_pair	40	7	886
ENSG00000171135_ENST00000647897.1_UTR_pair	113	7	972
ENSG00000125037_ENST00000245046.7_UTR_pair	180	7	1387
ENSG00000134086_ENST00000256474.3_UTR_pair	70	7	3702
ENSG00000134070_ENST00000256458.5_UTR_pair	36	7	1517
ENSG00000157020_ENST00000350697.8_UTR_pair	60	7	330
ENSG00000197548_ENST00000693202.1_UTR_pair	399	7	2822
ENSG00000144560_ENST00000430365.7_UTR_pair	397	7	2487
ENSG00000132170_ENST00000651735.1_UTR_pair	147	7	199
ENSG00000154743_ENST00000284995.11_UTR_pair	418	7	937
ENSG00000075975_ENST00000170447.12_UTR_pair	64	7	1460
ENSG00000132155_ENST00000251849.9_UTR_pair	331	7	913
ENSG00000144712_ENST00000456430.6_UTR_pair	41	7	821
ENSG00000144711_ENST00000613206.2_UTR_pair	415	7	3940
ENSG00000132182_ENST00000254508.7_UTR_pair	96	7	1446
ENSG00000163517_ENST00000295757.8_UTR_pair	42	7	1733
ENSG00000163528_ENST00000396914.4_UTR_pair	194	7	810
ENSG00000170876_ENST00000306077.5_UTR_pair	142	7	1885
ENSG00000170860_ENST00000306024.4_UTR_pair	44	7	3006
ENSG00000131389_ENST00000622186.5_UTR_pair	295	7	4342
ENSG00000154781_ENST00000383794.7_UTR_pair	75	7	1461
ENSG00000177463_ENST00000425241.6_UTR_pair	363	7	6265
ENSG00000131368_ENST00000253686.7_UTR_pair	121	7	3929
ENSG00000131381_ENST00000253699.7_UTR_pair	614	7	3709
ENSG00000131375_ENST00000253693.7_UTR_pair	250	7	1656
ENSG00000131370_ENST00000383791.8_UTR_pair	178	7	1733
ENSG00000206562_ENST00000383790.8_UTR_pair	267	7	1496
ENSG00000144597_ENST00000396842.7_UTR_pair	182	7	3458
ENSG00000206560_ENST00000683139.1_UTR_pair	1458	7	3034
ENSG00000154814_ENST00000285083.10_UTR_pair	452	7	2525
ENSG00000131378_ENST00000334133.9_UTR_pair	266	7	983
ENSG00000154822_ENST00000615277.5_UTR_pair	85	7	692
ENSG00000131374_ENST00000696125.1_UTR_pair	251	7	3795
ENSG00000182568_ENST00000338745.11_UTR_pair	1737	7	3793
ENSG00000144566_ENST00000273047.9_UTR_pair	518	7	1352
ENSG00000114166_ENST00000263754.5_UTR_pair	32	7	1879
ENSG00000182247_ENST00000396703.6_UTR_pair	146	7	1963
ENSG00000170142_ENST00000306627.8_UTR_pair	167	7	1034
ENSG00000197885_ENST00000425478.7_UTR_pair	346	7	3144
ENSG00000174748_ENST00000307839.10_UTR_pair	52	7	1488
ENSG00000174738_ENST00000312521.9_UTR_pair	293	7	3198
ENSG00000151090_ENST00000646209.2_UTR_pair	459	7	5731
ENSG00000077092_ENST00000330688.9_UTR_pair	469	7	1316
ENSG00000077097_ENST00000264331.9_UTR_pair	610	7	323
ENSG00000151092_ENST00000280700.10_UTR_pair	53	7	516
ENSG00000033867_ENST00000454389.6_UTR_pair	258	7	4041
ENSG00000163512_ENST00000479665.6_UTR_pair	229	7	2995
ENSG00000144642_ENST00000383767.7_UTR_pair	611	7	6524
ENSG00000163513_ENST00000295754.10_UTR_pair	283	7	2543
ENSG00000163527_ENST00000295770.4_UTR_pair	74	7	1552
ENSG00000144645_ENST00000396556.7_UTR_pair	83	7	1247
ENSG00000152642_ENST00000282541.10_UTR_pair	92	7	2799
ENSG00000170293_ENST00000307526.4_UTR_pair	293	7	354
ENSG00000153551_ENST00000334983.10_UTR_pair	54	7	1274
ENSG00000091317_ENST00000205636.4_UTR_pair	107	7	2648
ENSG00000144635_ENST00000273130.9_UTR_pair	88	7	825
ENSG00000182973_ENST00000328834.10_UTR_pair	273	7	264
ENSG00000170266_ENST00000307363.10_UTR_pair	61	7	428
ENSG00000188167_ENST00000342462.5_UTR_pair	536	7	2412
ENSG00000170275_ENST00000320954.11_UTR_pair	64	7	5325
ENSG00000153558_ENST00000484457.6_UTR_pair	71	7	2484
ENSG00000163539_ENST00000682230.1_UTR_pair	252	7	2386
ENSG00000170248_ENST00000307296.8_UTR_pair	99	7	3178
ENSG00000076242_ENST00000231790.8_UTR_pair	30	7	193
ENSG00000093167_ENST00000336686.9_UTR_pair	99	7	1225
ENSG00000144674_ENST00000361924.7_UTR_pair	280	7	833
ENSG00000144677_ENST00000273179.10_UTR_pair	320	7	3602
ENSG00000187091_ENST00000334661.5_UTR_pair	103	7	277
ENSG00000060971_ENST00000333167.13_UTR_pair	92	7	332
ENSG00000172939_ENST00000311806.8_UTR_pair	340	7	2593
ENSG00000114739_ENST00000352511.5_UTR_pair	433	7	9810
ENSG00000157036_ENST00000287675.10_UTR_pair	28	7	1941
ENSG00000114745_ENST00000319283.8_UTR_pair	86	7	1637
ENSG00000144655_ENST00000273153.10_UTR_pair	194	7	1200
ENSG00000144659_ENST00000650617.1_UTR_pair	355	7	831
ENSG00000114784_ENST00000232905.4_UTR_pair	235	7	410
ENSG00000172888_ENST00000339296.10_UTR_pair	377	7	6692
ENSG00000168036_ENST00000349496.11_UTR_pair	214	7	1101
ENSG00000182606_ENST00000327628.10_UTR_pair	113	7	2153
ENSG00000093183_ENST00000264454.8_UTR_pair	149	7	5279
ENSG00000008324_ENST00000011691.6_UTR_pair	38	7	2425
ENSG00000114857_ENST00000232978.13_UTR_pair	116	7	2760
ENSG00000114853_ENST00000232974.11_UTR_pair	268	7	2982
ENSG00000181061_ENST00000321331.12_UTR_pair	77	7	2363
ENSG00000144647_ENST00000344697.3_UTR_pair	349	7	455
ENSG00000163788_ENST00000296088.12_UTR_pair	304	7	2586
ENSG00000011198_ENST00000644371.2_UTR_pair	55	7	4193
ENSG00000169981_ENST00000396056.7_UTR_pair	230	7	844
ENSG00000163808_ENST00000326047.9_UTR_pair	72	7	521
ENSG00000075914_ENST00000265564.8_UTR_pair	34	7	132
ENSG00000249992_ENST00000503771.2_UTR_pair	260	7	659
ENSG00000011376_ENST00000645846.2_UTR_pair	192	7	1877
ENSG00000144791_ENST00000273317.5_UTR_pair	129	7	9282
ENSG00000211456_ENST00000389061.10_UTR_pair	70	7	1740
ENSG00000163818_ENST00000296135.11_UTR_pair	128	7	2998
ENSG00000163820_ENST00000296137.7_UTR_pair	215	7	3862
ENSG00000181555_ENST00000409792.4_UTR_pair	189	7	657
ENSG00000088727_ENST00000684063.1_UTR_pair	310	7	654
ENSG00000114648_ENST00000232766.6_UTR_pair	22	7	2875
ENSG00000076201_ENST00000265562.5_UTR_pair	76	7	250
ENSG00000163832_ENST00000296149.9_UTR_pair	122	7	429
ENSG00000173473_ENST00000254480.10_UTR_pair	96	7	2940
ENSG00000132153_ENST00000445061.6_UTR_pair	197	7	73
ENSG00000047849_ENST00000683076.1_UTR_pair	102	7	2239
ENSG00000164045_ENST00000302506.8_UTR_pair	470	7	1799
ENSG00000172113_ENST00000442597.6_UTR_pair	22	7	2320
ENSG00000164050_ENST00000296440.11_UTR_pair	138	7	632
ENSG00000232112_ENST00000438607.2_UTR_pair	40	7	326
ENSG00000164054_ENST00000296444.7_UTR_pair	80	7	1231
ENSG00000114268_ENST00000232375.8_UTR_pair	26	7	2063
ENSG00000010256_ENST00000203407.6_UTR_pair	26	7	126
ENSG00000213672_ENST00000294129.7_UTR_pair	108	7	700
ENSG00000068745_ENST00000328631.10_UTR_pair	195	7	270
ENSG00000114302_ENST00000265563.13_UTR_pair	278	7	4999
ENSG00000178537_ENST00000319017.5_UTR_pair	88	7	784
ENSG00000177479_ENST00000356401.9_UTR_pair	318	7	3112
ENSG00000178252_ENST00000608424.6_UTR_pair	41	7	663
ENSG00000178035_ENST00000326739.9_UTR_pair	48	7	58
ENSG00000198218_ENST00000395443.7_UTR_pair	181	7	745
ENSG00000172053_ENST00000306125.12_UTR_pair	24	7	97
ENSG00000172046_ENST00000417901.6_UTR_pair	204	7	362
ENSG00000172037_ENST00000305544.9_UTR_pair	183	7	112
ENSG00000177352_ENST00000321895.7_UTR_pair	117	7	270
ENSG00000185909_ENST00000332780.4_UTR_pair	222	7	685
ENSG00000114316_ENST00000265560.9_UTR_pair	29	7	1149
ENSG00000067560_ENST00000418115.6_UTR_pair	159	7	1064
ENSG00000145022_ENST00000273590.4_UTR_pair	4	7	1614
ENSG00000145029_ENST00000273598.8_UTR_pair	85	7	2500
ENSG00000173402_ENST00000308775.7_UTR_pair	283	7	2416
ENSG00000164068_ENST00000327697.11_UTR_pair	86	7	224
ENSG00000173540_ENST00000308388.7_UTR_pair	225	7	1836
ENSG00000176095_ENST00000321599.9_UTR_pair	317	7	2828
ENSG00000182179_ENST00000333486.4_UTR_pair	166	7	99
ENSG00000183763_ENST00000331456.7_UTR_pair	111	7	502
ENSG00000164077_ENST00000296473.8_UTR_pair	216	7	141
ENSG00000004534_ENST00000266022.9_UTR_pair	142	7	116
ENSG00000003756_ENST00000347869.8_UTR_pair	164	7	565
ENSG00000001617_ENST00000002829.8_UTR_pair	289	7	960
ENSG00000188338_ENST00000614032.5_UTR_pair	129	7	1309
ENSG00000114353_ENST00000313601.11_UTR_pair	132	7	1019
ENSG00000012171_ENST00000616701.5_UTR_pair	94	7	840
ENSG00000214706_ENST00000417626.8_UTR_pair	155	7	459
ENSG00000186792_ENST00000336307.6_UTR_pair	210	7	414
ENSG00000114383_ENST00000232496.5_UTR_pair	124	7	1212
ENSG00000068028_ENST00000359365.9_UTR_pair	31	7	793
ENSG00000114395_ENST00000425346.6_UTR_pair	148	7	325
ENSG00000126062_ENST00000266025.4_UTR_pair	458	7	593
ENSG00000114737_ENST00000348721.4_UTR_pair	124	7	1118
ENSG00000114738_ENST00000621469.5_UTR_pair	143	7	1245
ENSG00000145050_ENST00000528157.7_UTR_pair	52	7	308
ENSG00000259956_ENST00000563281.2_UTR_pair	115	7	3836
ENSG00000164080_ENST00000684192.1_UTR_pair	313	7	5240
ENSG00000164081_ENST00000341333.10_UTR_pair	71	7	307
ENSG00000114767_ENST00000232888.7_UTR_pair	37	7	77
ENSG00000041880_ENST00000398755.8_UTR_pair	348	7	387
ENSG00000090097_ENST00000461554.6_UTR_pair	341	7	603
ENSG00000114779_ENST00000361143.10_UTR_pair	113	7	911
ENSG00000248487_ENST00000273596.8_UTR_pair	72	7	178
ENSG00000243989_ENST00000636358.2_UTR_pair	73	7	122
ENSG00000164086_ENST00000495880.2_UTR_pair	205	7	1896
ENSG00000164087_ENST00000296484.7_UTR_pair	51	7	661
ENSG00000023330_ENST00000484952.6_UTR_pair	305	7	147
ENSG00000247596_ENST00000305533.10_UTR_pair	142	7	422
ENSG00000164088_ENST00000323588.9_UTR_pair	66	7	785
ENSG00000164091_ENST00000296490.8_UTR_pair	288	7	3056
ENSG00000168237_ENST00000436784.7_UTR_pair	88	7	2131
ENSG00000163930_ENST00000460680.6_UTR_pair	130	7	1280
ENSG00000010322_ENST00000345716.9_UTR_pair	38	7	586
ENSG00000168268_ENST00000422318.7_UTR_pair	120	7	83
ENSG00000016864_ENST00000266014.11_UTR_pair	381	7	359
ENSG00000114904_ENST00000233027.10_UTR_pair	194	7	3333
ENSG00000163935_ENST00000394752.8_UTR_pair	388	7	1564
ENSG00000163932_ENST00000330452.8_UTR_pair	351	7	451
ENSG00000163931_ENST00000462138.6_UTR_pair	80	7	1044
ENSG00000016391_ENST00000315251.11_UTR_pair	467	7	5442
ENSG00000113812_ENST00000335754.8_UTR_pair	51	7	1653
ENSG00000113811_ENST00000495461.6_UTR_pair	71	7	1141
ENSG00000114251_ENST00000264634.9_UTR_pair	321	7	4377
ENSG00000180376_ENST00000394672.8_UTR_pair	68	7	219
ENSG00000163946_ENST00000683822.1_UTR_pair	259	7	2905
ENSG00000163947_ENST00000296315.8_UTR_pair	151	7	1850
ENSG00000144730_ENST00000296318.12_UTR_pair	67	7	6411
ENSG00000157500_ENST00000288266.8_UTR_pair	155	7	3784
ENSG00000174840_ENST00000311180.9_UTR_pair	106	7	6844
ENSG00000168374_ENST00000303436.11_UTR_pair	204	7	849
ENSG00000174839_ENST00000311128.10_UTR_pair	59	7	2760
ENSG00000163681_ENST00000671191.1_UTR_pair	1138	7	2714
ENSG00000136068_ENST00000295956.9_UTR_pair	143	7	1489
ENSG00000163686_ENST00000478253.6_UTR_pair	215	7	969
ENSG00000168297_ENST00000356151.7_UTR_pair	97	7	1167
ENSG00000168291_ENST00000302746.11_UTR_pair	23	7	404
ENSG00000168301_ENST00000404589.8_UTR_pair	117	7	724
ENSG00000189283_ENST00000492590.6_UTR_pair	364	7	2308
ENSG00000144724_ENST00000474889.6_UTR_pair	717	7	4302
ENSG00000163635_ENST00000674280.1_UTR_pair	402	7	3995
ENSG00000144741_ENST00000354883.11_UTR_pair	94	7	1116
ENSG00000144749_ENST00000273261.8_UTR_pair	615	7	1466
ENSG00000163376_ENST00000417314.2_UTR_pair	49	7	2825
ENSG00000172340_ENST00000307227.10_UTR_pair	26	7	1025
ENSG00000163378_ENST00000383701.8_UTR_pair	466	7	2393
ENSG00000144747_ENST00000398559.7_UTR_pair	247	7	3350
ENSG00000144746_ENST00000273258.4_UTR_pair	111	7	1456
ENSG00000114541_ENST00000398540.8_UTR_pair	99	7	3079
ENSG00000187098_ENST00000352241.9_UTR_pair	134	7	3084
ENSG00000144736_ENST00000325599.13_UTR_pair	105	7	1007
ENSG00000163605_ENST00000356692.10_UTR_pair	227	7	3476
ENSG00000169855_ENST00000464233.6_UTR_pair	297	7	1674
ENSG00000114480_ENST00000429644.7_UTR_pair	128	7	704
ENSG00000083937_ENST00000263780.9_UTR_pair	214	7	1734
ENSG00000163320_ENST00000482016.6_UTR_pair	521	7	3523
ENSG00000169379_ENST00000394222.8_UTR_pair	269	7	2415
ENSG00000178694_ENST00000314622.9_UTR_pair	66	7	5342
ENSG00000113966_ENST00000463745.6_UTR_pair	247	7	3180
ENSG00000170854_ENST00000394198.7_UTR_pair	90	7	3366
ENSG00000080822_ENST00000341181.11_UTR_pair	72	7	1176
ENSG00000080819_ENST00000647941.2_UTR_pair	107	7	1237
ENSG00000064225_ENST00000483910.6_UTR_pair	111	7	2091
ENSG00000057019_ENST00000326840.11_UTR_pair	369	7	3431
ENSG00000168386_ENST00000477258.2_UTR_pair	459	7	1603
ENSG00000036054_ENST00000394144.9_UTR_pair	27	7	1570
ENSG00000114021_ENST00000394140.9_UTR_pair	35	7	6367
ENSG00000154174_ENST00000284320.6_UTR_pair	140	7	2133
ENSG00000181458_ENST00000323523.8_UTR_pair	313	7	426
ENSG00000114354_ENST00000240851.9_UTR_pair	271	7	433
ENSG00000138468_ENST00000394095.7_UTR_pair	82	7	1738
ENSG00000081154_ENST00000265260.8_UTR_pair	36	7	1712
ENSG00000066422_ENST00000312938.5_UTR_pair	218	7	2277
ENSG00000114391_ENST00000394077.8_UTR_pair	42	7	44
ENSG00000182504_ENST00000341893.8_UTR_pair	63	7	5011
ENSG00000144815_ENST00000273347.10_UTR_pair	611	7	6277
ENSG00000144802_ENST00000326172.9_UTR_pair	115	7	1651
ENSG00000170017_ENST00000306107.9_UTR_pair	500	7	2449
ENSG00000114423_ENST00000394030.8_UTR_pair	291	7	3509
ENSG00000114439_ENST00000325805.13_UTR_pair	301	7	5882
ENSG00000196776_ENST00000361309.6_UTR_pair	123	7	4197
ENSG00000114446_ENST00000264538.4_UTR_pair	102	7	1665
ENSG00000198919_ENST00000361582.8_UTR_pair	190	7	1487
ENSG00000177707_ENST00000485303.6_UTR_pair	202	7	3345
ENSG00000144824_ENST00000431670.7_UTR_pair	326	7	1954
ENSG00000144827_ENST00000273359.8_UTR_pair	36	7	1647
ENSG00000144848_ENST00000283290.10_UTR_pair	434	7	189
ENSG00000138459_ENST00000492406.6_UTR_pair	248	7	2843
ENSG00000163608_ENST00000314400.10_UTR_pair	24	7	3092
ENSG00000121579_ENST00000240922.8_UTR_pair	300	7	5302
ENSG00000114573_ENST00000273398.8_UTR_pair	92	7	2629
ENSG00000178075_ENST00000358160.9_UTR_pair	122	7	1696
ENSG00000121578_ENST00000393765.7_UTR_pair	392	7	807
ENSG00000031081_ENST00000264245.9_UTR_pair	522	7	4450
ENSG00000176142_ENST00000319172.10_UTR_pair	354	7	3032
ENSG00000163389_ENST00000295588.9_UTR_pair	59	7	2270
ENSG00000082701_ENST00000264235.13_UTR_pair	1013	7	5467
ENSG00000163428_ENST00000295628.4_UTR_pair	111	7	6691
ENSG00000163430_ENST00000295633.8_UTR_pair	96	7	4659
ENSG00000153767_ENST00000283875.6_UTR_pair	81	7	1599
ENSG00000173226_ENST00000310864.11_UTR_pair	196	7	584
ENSG00000145088_ENST00000273668.7_UTR_pair	77	7	138
ENSG00000196981_ENST00000330689.6_UTR_pair	534	7	2690
ENSG00000114030_ENST00000344337.11_UTR_pair	188	7	5083
ENSG00000138496_ENST00000682323.1_UTR_pair	145	7	440
ENSG00000163840_ENST00000296161.9_UTR_pair	89	7	3456
ENSG00000173193_ENST00000474629.7_UTR_pair	45	7	2243
ENSG00000169087_ENST00000306103.3_UTR_pair	151	7	346
ENSG00000138463_ENST00000261038.6_UTR_pair	124	7	1761
ENSG00000065485_ENST00000316218.12_UTR_pair	140	7	144
ENSG00000121542_ENST00000492595.6_UTR_pair	63	7	2414
ENSG00000206527_ENST00000383657.10_UTR_pair	26	7	3334
ENSG00000065534_ENST00000360304.8_UTR_pair	312	7	4056
ENSG00000175455_ENST00000409697.8_UTR_pair	56	7	1357
ENSG00000114491_ENST00000232607.7_UTR_pair	20	7	5189
ENSG00000082781_ENST00000296181.9_UTR_pair	365	7	1675
ENSG00000173706_ENST00000311127.9_UTR_pair	107	7	4942
ENSG00000221955_ENST00000469902.6_UTR_pair	94	7	1246
ENSG00000163848_ENST00000360647.9_UTR_pair	457	7	6672
ENSG00000144909_ENST00000296220.6_UTR_pair	697	7	1657
ENSG00000114544_ENST00000360370.9_UTR_pair	59	7	659
ENSG00000163884_ENST00000296233.4_UTR_pair	197	7	1092
ENSG00000070476_ENST00000389709.8_UTR_pair	26	7	774
ENSG00000197763_ENST00000524230.9_UTR_pair	134	7	855
ENSG00000159685_ENST00000290913.8_UTR_pair	73	7	219
ENSG00000073111_ENST00000265056.12_UTR_pair	56	7	663
ENSG00000114626_ENST00000232744.13_UTR_pair	74	7	451
ENSG00000074416_ENST00000265052.10_UTR_pair	197	7	3132
ENSG00000058262_ENST00000243253.8_UTR_pair	116	7	2021
ENSG00000175792_ENST00000322623.10_UTR_pair	88	7	440
ENSG00000132394_ENST00000254730.11_UTR_pair	27	7	387
ENSG00000179348_ENST00000341105.7_UTR_pair	348	7	1592
ENSG00000075785_ENST00000265062.8_UTR_pair	185	7	1376
ENSG00000177646_ENST00000308982.12_UTR_pair	72	7	507
ENSG00000169714_ENST00000422453.7_UTR_pair	135	7	2626
ENSG00000181789_ENST00000314797.10_UTR_pair	104	7	349
ENSG00000129071_ENST00000429544.7_UTR_pair	115	7	554
ENSG00000163913_ENST00000348417.7_UTR_pair	107	7	242
ENSG00000004399_ENST00000324093.9_UTR_pair	37	7	1098
ENSG00000172765_ENST00000393238.8_UTR_pair	652	7	3689
ENSG00000017260_ENST00000510168.6_UTR_pair	434	7	1800
ENSG00000034533_ENST00000264992.8_UTR_pair	465	7	182
ENSG00000114670_ENST00000383366.9_UTR_pair	299	7	689
ENSG00000114686_ENST00000264995.8_UTR_pair	150	7	511
ENSG00000138246_ENST00000260818.11_UTR_pair	272	7	750
ENSG00000081307_ENST00000356232.10_UTR_pair	209	7	3268
ENSG00000091527_ENST00000264993.8_UTR_pair	359	7	2215
ENSG00000163781_ENST00000260810.10_UTR_pair	180	7	1012
ENSG00000144867_ENST00000678299.1_UTR_pair	34	7	1726
ENSG00000154917_ENST00000285208.9_UTR_pair	416	7	4553
ENSG00000174640_ENST00000310926.11_UTR_pair	123	7	2012
ENSG00000163785_ENST00000623711.4_UTR_pair	205	7	1020
ENSG00000114019_ENST00000249883.10_UTR_pair	167	7	2358
ENSG00000182923_ENST00000675561.1_UTR_pair	171	7	3496
ENSG00000073711_ENST00000264977.8_UTR_pair	562	7	2728
ENSG00000174579_ENST00000309993.3_UTR_pair	1222	7	2230
ENSG00000114054_ENST00000251654.9_UTR_pair	36	7	143
ENSG00000118007_ENST00000383202.7_UTR_pair	267	7	2018
ENSG00000158092_ENST00000481752.6_UTR_pair	164	7	3153
ENSG00000158163_ENST00000327532.7_UTR_pair	362	7	826
ENSG00000138231_ENST00000260803.9_UTR_pair	126	7	901
ENSG00000114098_ENST00000469044.6_UTR_pair	254	7	2481
ENSG00000158186_ENST00000423968.7_UTR_pair	207	7	3264
ENSG00000114107_ENST00000264982.8_UTR_pair	171	7	671
ENSG00000158234_ENST00000360570.8_UTR_pair	183	7	297
ENSG00000051382_ENST00000674063.1_UTR_pair	355	7	2691
ENSG00000184432_ENST00000333188.10_UTR_pair	97	7	457
ENSG00000114115_ENST00000672186.1_UTR_pair	24	7	189
ENSG00000114120_ENST00000324194.12_UTR_pair	219	7	4542
ENSG00000155893_ENST00000286353.9_UTR_pair	140	7	1719
ENSG00000177311_ENST00000321464.7_UTR_pair	610	7	3816
ENSG00000155903_ENST00000286364.9_UTR_pair	57	7	3031
ENSG00000069849_ENST00000286371.8_UTR_pair	159	7	848
ENSG00000114126_ENST00000489671.6_UTR_pair	454	7	8085
ENSG00000175066_ENST00000392993.7_UTR_pair	130	7	8095
ENSG00000114127_ENST00000392981.7_UTR_pair	93	7	4901
ENSG00000144935_ENST00000476941.6_UTR_pair	526	7	1653
ENSG00000163710_ENST00000295992.8_UTR_pair	187	7	461
ENSG00000163714_ENST00000473835.7_UTR_pair	59	7	4275
ENSG00000181804_ENST00000316549.11_UTR_pair	146	7	1480
ENSG00000181744_ENST00000315691.8_UTR_pair	510	7	2527
ENSG00000152952_ENST00000282903.10_UTR_pair	195	7	1277
ENSG00000114698_ENST00000354952.7_UTR_pair	167	7	2076
ENSG00000188313_ENST00000342435.9_UTR_pair	154	7	865
ENSG00000163754_ENST00000345003.9_UTR_pair	101	7	4842
ENSG00000071794_ENST00000310053.10_UTR_pair	197	7	2093
ENSG00000163755_ENST00000296051.7_UTR_pair	86	7	1510
ENSG00000169908_ENST00000305366.8_UTR_pair	102	7	844
ENSG00000018408_ENST00000360632.8_UTR_pair	264	7	3570
ENSG00000114744_ENST00000473414.6_UTR_pair	45	7	3049
ENSG00000082996_ENST00000392894.8_UTR_pair	155	7	1035
ENSG00000070087_ENST00000239940.12_UTR_pair	39	7	1585
ENSG00000196428_ENST00000688009.1_UTR_pair	1053	7	7786
ENSG00000120742_ENST00000239944.7_UTR_pair	361	7	2460
ENSG00000198843_ENST00000471696.6_UTR_pair	42	7	2807
ENSG00000181788_ENST00000312960.4_UTR_pair	320	7	1016
ENSG00000152601_ENST00000324210.10_UTR_pair	953	7	3414
ENSG00000169860_ENST00000305097.6_UTR_pair	652	7	4535
ENSG00000174953_ENST00000496811.6_UTR_pair	71	7	3625
ENSG00000196549_ENST00000360490.7_UTR_pair	158	7	3245
ENSG00000163655_ENST00000496455.7_UTR_pair	221	7	6328
ENSG00000114850_ENST00000265044.7_UTR_pair	28	7	3650
ENSG00000163659_ENST00000295924.12_UTR_pair	248	7	1639
ENSG00000163660_ENST00000295926.8_UTR_pair	53	7	688
ENSG00000168779_ENST00000483851.7_UTR_pair	396	7	2122
ENSG00000174891_ENST00000611884.5_UTR_pair	137	7	1455
ENSG00000178053_ENST00000466246.7_UTR_pair	107	7	1254
ENSG00000168827_ENST00000486715.6_UTR_pair	108	7	4114
ENSG00000079257_ENST00000264265.4_UTR_pair	170	7	232
ENSG00000068885_ENST00000326448.12_UTR_pair	126	7	1539
ENSG00000213186_ENST00000309784.9_UTR_pair	143	7	2469
ENSG00000186432_ENST00000334256.9_UTR_pair	289	7	7097
ENSG00000163590_ENST00000498165.6_UTR_pair	78	7	9745
ENSG00000169251_ENST00000351193.7_UTR_pair	119	7	1397
ENSG00000114209_ENST00000392750.7_UTR_pair	484	7	1010
ENSG00000163536_ENST00000446050.7_UTR_pair	121	7	246
ENSG00000173905_ENST00000470487.6_UTR_pair	639	7	1580
ENSG00000085274_ENST00000349841.10_UTR_pair	98	7	3038
ENSG00000163558_ENST00000295797.5_UTR_pair	246	7	2850
ENSG00000136603_ENST00000259119.9_UTR_pair	682	7	4418
ENSG00000163577_ENST00000295822.7_UTR_pair	130	7	4942
ENSG00000075651_ENST00000351298.9_UTR_pair	116	7	2674
ENSG00000075420_ENST00000415807.7_UTR_pair	222	7	4194
ENSG00000121858_ENST00000241261.7_UTR_pair	46	7	984
ENSG00000144959_ENST00000475381.7_UTR_pair	83	7	3226
ENSG00000114346_ENST00000392692.8_UTR_pair	154	7	1237
ENSG00000177565_ENST00000457928.7_UTR_pair	483	7	6154
ENSG00000172667_ENST00000311417.7_UTR_pair	272	7	7794
ENSG00000121879_ENST00000263967.4_UTR_pair	323	7	5729
ENSG00000121864_ENST00000496856.6_UTR_pair	343	7	4161
ENSG00000171109_ENST00000471841.6_UTR_pair	109	7	2877
ENSG00000114450_ENST00000232564.8_UTR_pair	167	7	5125
ENSG00000136518_ENST00000429709.7_UTR_pair	167	7	397
ENSG00000058056_ENST00000263966.8_UTR_pair	186	7	5260
ENSG00000163728_ENST00000296015.9_UTR_pair	99	7	588
ENSG00000205981_ENST00000382564.8_UTR_pair	134	7	931
ENSG00000058063_ENST00000323116.10_UTR_pair	256	7	3525
ENSG00000043093_ENST00000292782.9_UTR_pair	49	7	7020
ENSG00000078070_ENST00000265594.9_UTR_pair	56	7	220
ENSG00000114796_ENST00000242810.11_UTR_pair	295	7	5233
ENSG00000163872_ENST00000305135.10_UTR_pair	216	7	2041
ENSG00000114770_ENST00000334444.11_UTR_pair	110	7	1366
ENSG00000145191_ENST00000648915.2_UTR_pair	28	7	368
ENSG00000161202_ENST00000313143.9_UTR_pair	259	7	2859
ENSG00000161203_ENST00000292807.9_UTR_pair	148	7	475
ENSG00000161204_ENST00000429586.7_UTR_pair	9	7	307
ENSG00000175166_ENST00000310118.9_UTR_pair	26	7	160
ENSG00000114867_ENST00000346169.7_UTR_pair	160	7	445
ENSG00000182580_ENST00000330394.3_UTR_pair	451	7	786
ENSG00000177383_ENST00000317897.5_UTR_pair	243	7	534
ENSG00000113790_ENST00000231887.8_UTR_pair	27	7	1602
ENSG00000163900_ENST00000421852.6_UTR_pair	74	7	1936
ENSG00000163904_ENST00000296257.10_UTR_pair	119	7	3707
ENSG00000073792_ENST00000382199.7_UTR_pair	82	7	2401
ENSG00000136527_ENST00000453386.7_UTR_pair	154	7	3157
ENSG00000244405_ENST00000306376.10_UTR_pair	224	7	2325
ENSG00000113838_ENST00000338733.10_UTR_pair	116	7	910
ENSG00000090520_ENST00000265028.8_UTR_pair	178	7	385
ENSG00000156976_ENST00000323963.10_UTR_pair	34	7	628
ENSG00000073849_ENST00000169298.8_UTR_pair	633	7	2750
ENSG00000113916_ENST00000406870.7_UTR_pair	108	7	1077
ENSG00000196083_ENST00000447382.6_UTR_pair	223	7	2809
ENSG00000152492_ENST00000392455.9_UTR_pair	281	7	6899
ENSG00000198836_ENST00000361510.8_UTR_pair	170	7	3211
ENSG00000114315_ENST00000232424.4_UTR_pair	233	7	499
ENSG00000133657_ENST00000645319.2_UTR_pair	525	7	3242
ENSG00000145014_ENST00000347147.9_UTR_pair	204	7	851
ENSG00000041802_ENST00000265245.10_UTR_pair	29	7	1277
ENSG00000185112_ENST00000329759.6_UTR_pair	944	7	939
ENSG00000114331_ENST00000326793.11_UTR_pair	173	7	4583
ENSG00000184203_ENST00000618156.5_UTR_pair	300	7	2468
ENSG00000061938_ENST00000672887.2_UTR_pair	85	7	817
ENSG00000072274_ENST00000360110.9_UTR_pair	71	7	2658
ENSG00000161217_ENST00000431016.6_UTR_pair	122	7	4320
ENSG00000163960_ENST00000296328.9_UTR_pair	28	7	9023
ENSG00000163961_ENST00000318037.3_UTR_pair	595	7	3036
ENSG00000174013_ENST00000311630.7_UTR_pair	325	7	4741
ENSG00000174007_ENST00000409690.5_UTR_pair	392	7	1274
ENSG00000163964_ENST00000392391.9_UTR_pair	156	7	2105
ENSG00000180370_ENST00000327134.7_UTR_pair	322	7	4242
ENSG00000119231_ENST00000323460.10_UTR_pair	185	7	3791
ENSG00000114503_ENST00000321256.10_UTR_pair	25	7	1605
ENSG00000075711_ENST00000667157.1_UTR_pair	108	7	2063
ENSG00000161267_ENST00000392379.6_UTR_pair	383	7	2112
ENSG00000145016_ENST00000296343.10_UTR_pair	185	7	6151
ENSG00000122068_ENST00000241502.9_UTR_pair	89	7	5687
ENSG00000186001_ENST00000425562.7_UTR_pair	25	7	4770
ENSG00000114473_ENST00000265239.11_UTR_pair	397	7	503
ENSG00000182899_ENST00000647248.2_UTR_pair	64	7	837
ENSG00000174227_ENST00000453061.7_UTR_pair	126	7	831
ENSG00000185619_ENST00000362003.10_UTR_pair	328	7	4010
ENSG00000178950_ENST00000314167.9_UTR_pair	129	7	396
ENSG00000145214_ENST00000273814.8_UTR_pair	87	7	1733
ENSG00000127418_ENST00000510644.6_UTR_pair	345	7	1551
ENSG00000159692_ENST00000382952.8_UTR_pair	403	7	795
ENSG00000090316_ENST00000303400.9_UTR_pair	23	7	968
ENSG00000163950_ENST00000489418.6_UTR_pair	131	7	866
ENSG00000168936_ENST00000382936.8_UTR_pair	486	7	1228
ENSG00000068078_ENST00000440486.8_UTR_pair	275	7	1605
ENSG00000168924_ENST00000302787.3_UTR_pair	206	7	2945
ENSG00000109685_ENST00000508803.6_UTR_pair	179	7	3283
ENSG00000185818_ENST00000423729.3_UTR_pair	185	7	4962
ENSG00000123933_ENST00000337190.7_UTR_pair	129	7	3112
ENSG00000063978_ENST00000314289.13_UTR_pair	310	7	2038
ENSG00000125386_ENST00000637812.2_UTR_pair	269	7	705
ENSG00000168884_ENST00000315423.12_UTR_pair	47	7	609
ENSG00000087266_ENST00000503393.8_UTR_pair	58	7	7262
ENSG00000087274_ENST00000683351.1_UTR_pair	201	7	1539
ENSG00000109736_ENST00000355443.9_UTR_pair	78	7	271
ENSG00000132406_ENST00000382753.5_UTR_pair	21	7	724
ENSG00000168826_ENST00000337872.9_UTR_pair	121	7	467
ENSG00000168824_ENST00000621129.5_UTR_pair	98	7	1623
ENSG00000163132_ENST00000382723.5_UTR_pair	235	7	793
ENSG00000072832_ENST00000324989.12_UTR_pair	117	7	996
ENSG00000109501_ENST00000226760.5_UTR_pair	170	7	797
ENSG00000013288_ENST00000285599.8_UTR_pair	22	7	2077
ENSG00000179010_ENST00000382581.5_UTR_pair	178	7	1012
ENSG00000170871_ENST00000307659.6_UTR_pair	468	7	3198
ENSG00000132405_ENST00000409757.9_UTR_pair	143	7	2722
ENSG00000173011_ENST00000310074.8_UTR_pair	208	7	2898
ENSG00000109519_ENST00000264954.5_UTR_pair	32	7	1967
ENSG00000196526_ENST00000420658.6_UTR_pair	208	7	5051
ENSG00000071127_ENST00000499869.7_UTR_pair	133	7	1039
ENSG00000178163_ENST00000326756.4_UTR_pair	505	7	3224
ENSG00000157869_ENST00000330852.10_UTR_pair	190	7	834
ENSG00000038219_ENST00000040738.10_UTR_pair	138	7	1273
ENSG00000118564_ENST00000341285.8_UTR_pair	70	7	1342
ENSG00000002549_ENST00000226299.9_UTR_pair	268	7	381
ENSG00000109805_ENST00000251496.7_UTR_pair	99	7	1440
ENSG00000145147_ENST00000504154.6_UTR_pair	1911	7	1552
ENSG00000152990_ENST00000334304.10_UTR_pair	282	7	329
ENSG00000109819_ENST00000264867.7_UTR_pair	90	7	3801
ENSG00000109606_ENST00000336812.5_UTR_pair	161	7	449
ENSG00000109618_ENST00000382103.7_UTR_pair	80	7	3917
ENSG00000038210_ENST00000264864.8_UTR_pair	131	7	2017
ENSG00000168228_ENST00000302874.9_UTR_pair	36	7	1219
ENSG00000250317_ENST00000506197.3_UTR_pair	94	7	621
ENSG00000168214_ENST00000355476.8_UTR_pair	15	7	3916
ENSG00000109680_ENST00000264866.9_UTR_pair	110	7	1276
ENSG00000109689_ENST00000467087.7_UTR_pair	378	7	2385
ENSG00000169851_ENST00000695919.1_UTR_pair	1054	7	3951
ENSG00000047365_ENST00000303965.9_UTR_pair	495	7	1903
ENSG00000181826_ENST00000454158.7_UTR_pair	89	7	2712
ENSG00000169299_ENST00000381967.9_UTR_pair	47	7	1325
ENSG00000065882_ENST00000698857.1_UTR_pair	358	7	1838
ENSG00000109787_ENST00000261438.10_UTR_pair	302	7	4254
ENSG00000197712_ENST00000358869.5_UTR_pair	186	7	2182
ENSG00000109790_ENST00000504108.7_UTR_pair	421	7	5167
ENSG00000035928_ENST00000349703.7_UTR_pair	121	7	1305
ENSG00000109814_ENST00000316423.11_UTR_pair	164	7	1388
ENSG00000163683_ENST00000295958.10_UTR_pair	162	7	5790
ENSG00000078140_ENST00000261427.10_UTR_pair	192	7	4358
ENSG00000121892_ENST00000303538.13_UTR_pair	495	7	2622
ENSG00000078177_ENST00000261435.11_UTR_pair	392	7	4015
ENSG00000163694_ENST00000295971.12_UTR_pair	708	7	2624
ENSG00000163697_ENST00000508593.6_UTR_pair	554	7	6065
ENSG00000154277_ENST00000284440.9_UTR_pair	49	7	382
ENSG00000064042_ENST00000503057.6_UTR_pair	434	7	2859
ENSG00000109133_ENST00000504986.6_UTR_pair	56	7	6604
ENSG00000014824_ENST00000264451.12_UTR_pair	122	7	4335
ENSG00000124406_ENST00000381668.9_UTR_pair	232	7	4543
ENSG00000151806_ENST00000281543.6_UTR_pair	203	7	2247
ENSG00000163281_ENST00000295448.8_UTR_pair	118	7	1286
ENSG00000169019_ENST00000381571.6_UTR_pair	51	7	858
ENSG00000170448_ENST00000507489.2_UTR_pair	221	7	923
ENSG00000163293_ENST00000295461.10_UTR_pair	68	7	4001
ENSG00000135605_ENST00000381501.8_UTR_pair	132	7	1633
ENSG00000109171_ENST00000264313.11_UTR_pair	211	7	4124
ENSG00000075539_ENST00000358350.9_UTR_pair	585	7	2065
ENSG00000109180_ENST00000264312.12_UTR_pair	167	7	1053
ENSG00000145247_ENST00000508632.6_UTR_pair	179	7	465
ENSG00000109184_ENST00000334635.10_UTR_pair	90	7	3253
ENSG00000163069_ENST00000381431.10_UTR_pair	40	7	3251
ENSG00000109189_ENST00000441222.8_UTR_pair	151	7	6680
ENSG00000128045_ENST00000248706.5_UTR_pair	191	7	1030
ENSG00000184178_ENST00000401642.8_UTR_pair	120	7	987
ENSG00000145216_ENST00000337488.11_UTR_pair	198	7	1413
ENSG00000109220_ENST00000263921.8_UTR_pair	305	7	306
ENSG00000157404_ENST00000288135.6_UTR_pair	58	7	2158
ENSG00000128039_ENST00000264228.9_UTR_pair	95	7	3009
ENSG00000134851_ENST00000381334.10_UTR_pair	233	7	723
ENSG00000134852_ENST00000513440.6_UTR_pair	417	7	7512
ENSG00000090989_ENST00000381295.7_UTR_pair	316	7	591
ENSG00000174799_ENST00000257287.5_UTR_pair	160	7	2013
ENSG00000128059_ENST00000264220.6_UTR_pair	138	7	1990
ENSG00000084093_ENST00000309042.12_UTR_pair	323	7	3692
ENSG00000047315_ENST00000314595.6_UTR_pair	90	7	170
ENSG00000033178_ENST00000322244.10_UTR_pair	36	7	6345
ENSG00000132467_ENST00000254803.4_UTR_pair	146	7	434
ENSG00000018189_ENST00000381006.8_UTR_pair	610	7	1960
ENSG00000132463_ENST00000254799.11_UTR_pair	63	7	5104
ENSG00000173542_ENST00000309395.7_UTR_pair	168	7	6111
ENSG00000156136_ENST00000286648.10_UTR_pair	187	7	1536
ENSG00000080493_ENST00000264485.11_UTR_pair	144	7	4332
ENSG00000163626_ENST00000507544.3_UTR_pair	67	7	5752
ENSG00000132466_ENST00000358602.9_UTR_pair	130	7	2855
ENSG00000163738_ENST00000325278.7_UTR_pair	21	7	1290
ENSG00000163743_ENST00000324439.10_UTR_pair	117	7	3505
ENSG00000174796_ENST00000311638.7_UTR_pair	68	7	2812
ENSG00000138757_ENST00000359707.9_UTR_pair	228	7	2644
ENSG00000138768_ENST00000514213.7_UTR_pair	243	7	991
ENSG00000138744_ENST00000286733.9_UTR_pair	64	7	715
ENSG00000198301_ENST00000356260.10_UTR_pair	104	7	835
ENSG00000138760_ENST00000264896.8_UTR_pair	281	7	2976
ENSG00000138771_ENST00000296043.7_UTR_pair	824	7	4076
ENSG00000138758_ENST00000264893.11_UTR_pair	152	7	4103
ENSG00000118816_ENST00000237654.9_UTR_pair	561	7	1064
ENSG00000138764_ENST00000316355.10_UTR_pair	300	7	4136
ENSG00000138767_ENST00000504123.7_UTR_pair	60	7	7044
ENSG00000138772_ENST00000264908.11_UTR_pair	128	7	332
ENSG00000138756_ENST00000502613.3_UTR_pair	194	7	4332
ENSG00000163291_ENST00000512733.5_UTR_pair	214	7	8661
ENSG00000163297_ENST00000403729.7_UTR_pair	669	7	6283
ENSG00000138668_ENST00000313899.12_UTR_pair	313	7	1687
ENSG00000152795_ENST00000295470.10_UTR_pair	772	7	2337
ENSG00000145293_ENST00000273920.8_UTR_pair	240	7	1057
ENSG00000145284_ENST00000319540.9_UTR_pair	259	7	1788
ENSG00000168152_ENST00000302236.10_UTR_pair	68	7	1045
ENSG00000163319_ENST00000295491.9_UTR_pair	20	7	1101
ENSG00000138678_ENST00000264409.5_UTR_pair	515	7	1108
ENSG00000163624_ENST00000295887.6_UTR_pair	275	7	2648
ENSG00000138639_ENST00000395184.6_UTR_pair	430	7	1944
ENSG00000163629_ENST00000411767.7_UTR_pair	480	7	610
ENSG00000172493_ENST00000395146.9_UTR_pair	266	7	5338
ENSG00000145332_ENST00000273963.10_UTR_pair	352	7	3416
ENSG00000198189_ENST00000358290.9_UTR_pair	118	7	761
ENSG00000118762_ENST00000237596.7_UTR_pair	99	7	2083
ENSG00000163644_ENST00000608933.6_UTR_pair	215	7	4975
ENSG00000138642_ENST00000264346.12_UTR_pair	70	7	637
ENSG00000138646_ENST00000264350.8_UTR_pair	151	7	285
ENSG00000145337_ENST00000273968.5_UTR_pair	76	7	890
ENSG00000177432_ENST00000323061.7_UTR_pair	75	7	1293
ENSG00000138640_ENST00000264344.10_UTR_pair	221	7	2573
ENSG00000180346_ENST00000603357.3_UTR_pair	1259	7	349
ENSG00000145335_ENST00000394991.8_UTR_pair	225	7	2529
ENSG00000163104_ENST00000354268.9_UTR_pair	255	7	1758
ENSG00000163110_ENST00000317968.9_UTR_pair	96	7	4156
ENSG00000138696_ENST00000515059.6_UTR_pair	296	7	3775
ENSG00000138698_ENST00000408927.8_UTR_pair	182	7	1741
ENSG00000168785_ENST00000305798.8_UTR_pair	385	7	2155
ENSG00000151247_ENST00000450253.7_UTR_pair	21	7	1752
ENSG00000164024_ENST00000296411.11_UTR_pair	33	7	1492
ENSG00000197894_ENST00000296412.14_UTR_pair	88	7	1439
ENSG00000145331_ENST00000394876.7_UTR_pair	150	7	2377
ENSG00000109270_ENST00000499666.7_UTR_pair	130	7	3658
ENSG00000164031_ENST00000442697.7_UTR_pair	47	7	4780
ENSG00000164032_ENST00000296417.6_UTR_pair	105	7	374
ENSG00000145358_ENST00000273990.6_UTR_pair	215	7	1807
ENSG00000138814_ENST00000394854.8_UTR_pair	730	7	2447
ENSG00000138821_ENST00000356736.5_UTR_pair	391	7	1378
ENSG00000109320_ENST00000226574.9_UTR_pair	437	7	708
ENSG00000109323_ENST00000647097.2_UTR_pair	74	7	1287
ENSG00000109332_ENST00000453744.7_UTR_pair	253	7	3032
ENSG00000145354_ENST00000273986.10_UTR_pair	93	7	5377
ENSG00000164039_ENST00000296424.9_UTR_pair	72	7	2110
ENSG00000138778_ENST00000265148.9_UTR_pair	24	7	411
ENSG00000168769_ENST00000380013.9_UTR_pair	296	7	3284
ENSG00000138785_ENST00000340139.10_UTR_pair	223	7	106
ENSG00000138780_ENST00000515279.6_UTR_pair	254	7	2148
ENSG00000168743_ENST00000379987.7_UTR_pair	182	7	2681
ENSG00000145348_ENST00000394708.7_UTR_pair	308	7	4971
ENSG00000164022_ENST00000672341.1_UTR_pair	70	7	1764
ENSG00000138801_ENST00000265174.5_UTR_pair	55	7	583
ENSG00000164023_ENST00000690982.1_UTR_pair	648	7	4494
ENSG00000155016_ENST00000332884.11_UTR_pair	95	7	3038
ENSG00000138796_ENST00000309522.8_UTR_pair	44	7	814
ENSG00000138795_ENST00000265165.6_UTR_pair	1165	7	1210
ENSG00000198856_ENST00000361564.9_UTR_pair	57	7	555
ENSG00000138802_ENST00000265175.5_UTR_pair	55	7	1221
ENSG00000005059_ENST00000394650.7_UTR_pair	92	7	1127
ENSG00000138794_ENST00000265164.7_UTR_pair	50	7	702
ENSG00000170522_ENST00000302274.8_UTR_pair	280	7	5492
ENSG00000174749_ENST00000309733.6_UTR_pair	127	7	8318
ENSG00000138660_ENST00000274000.10_UTR_pair	305	7	4701
ENSG00000138658_ENST00000505019.6_UTR_pair	125	7	208
ENSG00000174720_ENST00000344442.10_UTR_pair	99	7	259
ENSG00000145349_ENST00000511664.6_UTR_pair	670	7	3513
ENSG00000174607_ENST00000310836.11_UTR_pair	170	7	1937
ENSG00000145388_ENST00000388822.10_UTR_pair	143	7	5128
ENSG00000150961_ENST00000280551.11_UTR_pair	227	7	692
ENSG00000145390_ENST00000692078.1_UTR_pair	1102	7	2307
ENSG00000138735_ENST00000354960.8_UTR_pair	133	7	4198
ENSG00000138738_ENST00000264808.8_UTR_pair	118	7	3196
ENSG00000164111_ENST00000296511.10_UTR_pair	153	7	522
ENSG00000123737_ENST00000243498.10_UTR_pair	102	7	165
ENSG00000145386_ENST00000274026.10_UTR_pair	255	7	1194
ENSG00000138685_ENST00000644866.2_UTR_pair	344	7	5840
ENSG00000170917_ENST00000304430.10_UTR_pair	25	7	251
ENSG00000145375_ENST00000274008.5_UTR_pair	65	7	5369
ENSG00000164056_ENST00000651917.1_UTR_pair	439	7	1204
ENSG00000151458_ENST00000504087.6_UTR_pair	1038	7	3470
ENSG00000164070_ENST00000296464.9_UTR_pair	229	7	7859
ENSG00000142731_ENST00000270861.10_UTR_pair	242	7	683
ENSG00000164073_ENST00000641686.2_UTR_pair	40	7	2825
ENSG00000164040_ENST00000296425.10_UTR_pair	23	7	2074
ENSG00000077684_ENST00000226319.11_UTR_pair	204	7	2962
ENSG00000189184_ENST00000344876.9_UTR_pair	406	7	2111
ENSG00000151012_ENST00000280612.9_UTR_pair	280	7	7859
ENSG00000151014_ENST00000280614.4_UTR_pair	201	7	465
ENSG00000109381_ENST00000686138.1_UTR_pair	503	7	1718
ENSG00000164134_ENST00000296543.10_UTR_pair	273	7	3300
ENSG00000172007_ENST00000305626.6_UTR_pair	75	7	3483
ENSG00000145391_ENST00000274031.8_UTR_pair	82	7	5625
ENSG00000153132_ENST00000325617.10_UTR_pair	121	7	771
ENSG00000179387_ENST00000323570.8_UTR_pair	122	7	3395
ENSG00000109436_ENST00000442267.3_UTR_pair	340	7	1413
ENSG00000170153_ENST00000515673.7_UTR_pair	661	7	8454
ENSG00000109452_ENST00000262992.9_UTR_pair	346	7	5622
ENSG00000170185_ENST00000307017.9_UTR_pair	534	7	3418
ENSG00000109458_ENST00000262994.9_UTR_pair	313	7	5376
ENSG00000153147_ENST00000283131.4_UTR_pair	223	7	4302
ENSG00000164162_ENST00000507656.6_UTR_pair	89	7	797
ENSG00000164163_ENST00000296577.9_UTR_pair	136	7	1951
ENSG00000164164_ENST00000447906.8_UTR_pair	616	7	3780
ENSG00000170365_ENST00000302085.9_UTR_pair	362	7	1242
ENSG00000151611_ENST00000649156.2_UTR_pair	88	7	4599
ENSG00000151612_ENST00000508784.6_UTR_pair	416	7	3989
ENSG00000164167_ENST00000296581.11_UTR_pair	104	7	1879
ENSG00000120519_ENST00000335472.12_UTR_pair	223	7	2510
ENSG00000151617_ENST00000651419.1_UTR_pair	350	7	2336
ENSG00000164168_ENST00000296582.8_UTR_pair	560	7	2287
ENSG00000164169_ENST00000322396.7_UTR_pair	176	7	747
ENSG00000071205_ENST00000336498.8_UTR_pair	214	7	695
ENSG00000151623_ENST00000358102.8_UTR_pair	257	7	2580
ENSG00000198589_ENST00000651943.2_UTR_pair	302	7	1287
ENSG00000109686_ENST00000604030.7_UTR_pair	253	7	1810
ENSG00000164142_ENST00000435205.6_UTR_pair	645	7	7749
ENSG00000059691_ENST00000263985.11_UTR_pair	25	7	670
ENSG00000109670_ENST00000281708.10_UTR_pair	1178	7	2337
ENSG00000109654_ENST00000338700.10_UTR_pair	88	7	4351
ENSG00000121210_ENST00000409959.8_UTR_pair	38	7	135
ENSG00000171566_ENST00000499023.7_UTR_pair	92	7	1680
ENSG00000164114_ENST00000311277.9_UTR_pair	259	7	5125
ENSG00000145431_ENST00000502773.6_UTR_pair	896	7	2636
ENSG00000109738_ENST00000264428.9_UTR_pair	177	7	1362
ENSG00000171503_ENST00000511912.6_UTR_pair	161	7	1096
ENSG00000171497_ENST00000307720.4_UTR_pair	108	7	609
ENSG00000052795_ENST00000264433.11_UTR_pair	187	7	3506
ENSG00000109756_ENST00000691494.1_UTR_pair	1084	7	2034
ENSG00000145414_ENST00000274054.3_UTR_pair	163	7	228
ENSG00000109466_ENST00000226725.11_UTR_pair	316	7	1087
ENSG00000052802_ENST00000261507.11_UTR_pair	127	7	1218
ENSG00000145439_ENST00000306193.8_UTR_pair	166	7	2560
ENSG00000154447_ENST00000284637.14_UTR_pair	193	7	2260
ENSG00000137601_ENST00000507142.6_UTR_pair	534	7	1701
ENSG00000109572_ENST00000513761.6_UTR_pair	502	7	3676
ENSG00000198948_ENST00000361618.4_UTR_pair	295	7	4776
ENSG00000109586_ENST00000265000.9_UTR_pair	25	7	2250
ENSG00000164104_ENST00000296503.10_UTR_pair	107	7	704
ENSG00000164105_ENST00000296504.4_UTR_pair	229	7	205
ENSG00000164117_ENST00000393674.7_UTR_pair	266	7	754
ENSG00000164118_ENST00000503780.6_UTR_pair	180	7	2945
ENSG00000164120_ENST00000296522.11_UTR_pair	37	7	1781
ENSG00000150625_ENST00000393658.7_UTR_pair	37	7	1968
ENSG00000129128_ENST00000503362.2_UTR_pair	111	7	3915
ENSG00000150630_ENST00000618562.2_UTR_pair	611	7	388
ENSG00000109674_ENST00000264596.4_UTR_pair	80	7	465
ENSG00000038002_ENST00000264595.7_UTR_pair	62	7	934
ENSG00000129187_ENST00000438320.7_UTR_pair	83	7	1308
ENSG00000151718_ENST00000403733.8_UTR_pair	235	7	5048
ENSG00000168564_ENST00000504169.2_UTR_pair	162	7	1637
ENSG00000168556_ENST00000302327.4_UTR_pair	138	7	1477
ENSG00000182552_ENST00000326397.10_UTR_pair	233	7	1801
ENSG00000173320_ENST00000308497.9_UTR_pair	1484	7	6242
ENSG00000168310_ENST00000393593.8_UTR_pair	178	7	1029
ENSG00000164305_ENST00000308394.9_UTR_pair	235	7	1576
ENSG00000164306_ENST00000314970.11_UTR_pair	308	7	173
ENSG00000151725_ENST00000281453.10_UTR_pair	34	7	1203
ENSG00000151726_ENST00000281455.7_UTR_pair	85	7	1530
ENSG00000151729_ENST00000281456.11_UTR_pair	107	7	3411
ENSG00000164323_ENST00000458385.7_UTR_pair	119	7	3133
ENSG00000109762_ENST00000652585.2_UTR_pair	229	7	501
ENSG00000186352_ENST00000335174.6_UTR_pair	83	7	224
ENSG00000154553_ENST00000284767.12_UTR_pair	73	7	1634
ENSG00000154556_ENST00000695409.1_UTR_pair	767	7	2104
ENSG00000164342_ENST00000296795.8_UTR_pair	100	7	3200
ENSG00000164366_ENST00000296824.4_UTR_pair	71	7	8429
ENSG00000249915_ENST00000264933.9_UTR_pair	75	7	459
ENSG00000112877_ENST00000264935.6_UTR_pair	22	7	400
ENSG00000028310_ENST00000467963.6_UTR_pair	144	7	727
ENSG00000071539_ENST00000166345.8_UTR_pair	115	7	1017
ENSG00000113504_ENST00000264930.10_UTR_pair	72	7	1976
ENSG00000049656_ENST00000320895.10_UTR_pair	258	7	617
ENSG00000153395_ENST00000283415.4_UTR_pair	116	7	2224
ENSG00000164151_ENST00000296564.9_UTR_pair	239	7	890
ENSG00000037474_ENST00000264670.11_UTR_pair	65	7	687
ENSG00000145545_ENST00000274192.7_UTR_pair	137	7	6118
ENSG00000112941_ENST00000230859.8_UTR_pair	552	7	2099
ENSG00000124275_ENST00000440940.7_UTR_pair	93	7	1055
ENSG00000112902_ENST00000382496.10_UTR_pair	666	7	7864
ENSG00000150753_ENST00000280326.9_UTR_pair	61	7	1606
ENSG00000145495_ENST00000274140.10_UTR_pair	204	7	6704
ENSG00000164236_ENST00000296657.7_UTR_pair	398	7	7703
ENSG00000112977_ENST00000230895.11_UTR_pair	166	7	1826
ENSG00000038382_ENST00000344204.9_UTR_pair	384	7	1782
ENSG00000154124_ENST00000284274.5_UTR_pair	108	7	6802
ENSG00000154122_ENST00000284268.8_UTR_pair	331	7	6397
ENSG00000173545_ENST00000308683.3_UTR_pair	135	7	138
ENSG00000145555_ENST00000513610.6_UTR_pair	480	7	4785
ENSG00000176788_ENST00000322611.4_UTR_pair	189	7	934
ENSG00000113360_ENST00000344624.8_UTR_pair	353	7	938
ENSG00000113384_ENST00000265070.7_UTR_pair	285	7	1496
ENSG00000150712_ENST00000382142.8_UTR_pair	101	7	2771
ENSG00000056097_ENST00000265069.13_UTR_pair	82	7	1410
ENSG00000113387_ENST00000265073.9_UTR_pair	70	7	2995
ENSG00000039560_ENST00000265109.8_UTR_pair	196	7	1847
ENSG00000168724_ENST00000648817.1_UTR_pair	261	7	4250
ENSG00000164187_ENST00000296603.5_UTR_pair	389	7	5639
ENSG00000145604_ENST00000274255.11_UTR_pair	152	7	2288
ENSG00000152620_ENST00000381937.9_UTR_pair	127	7	2555
ENSG00000079215_ENST00000265113.9_UTR_pair	225	7	2065
ENSG00000164190_ENST00000282516.13_UTR_pair	489	7	1521
ENSG00000113569_ENST00000231498.8_UTR_pair	129	7	3763
ENSG00000113594_ENST00000453190.7_UTR_pair	332	7	6927
ENSG00000145623_ENST00000274276.8_UTR_pair	389	7	2197
ENSG00000164327_ENST00000357387.8_UTR_pair	22	7	4384
ENSG00000153071_ENST00000320816.11_UTR_pair	278	7	1754
ENSG00000171522_ENST00000302472.4_UTR_pair	607	7	1357
ENSG00000113638_ENST00000337702.5_UTR_pair	139	7	4569
ENSG00000083720_ENST00000196371.10_UTR_pair	67	7	1664
ENSG00000205765_ENST00000381647.7_UTR_pair	24	7	4337
ENSG00000151876_ENST00000281623.8_UTR_pair	29	7	462
ENSG00000172262_ENST00000682664.1_UTR_pair	225	7	1189
ENSG00000112972_ENST00000325110.11_UTR_pair	126	7	3661
ENSG00000172239_ENST00000306846.8_UTR_pair	231	7	1109
ENSG00000170571_ENST00000303221.10_UTR_pair	137	7	3081
ENSG00000151883_ENST00000281631.10_UTR_pair	459	7	4451
ENSG00000213949_ENST00000282588.7_UTR_pair	438	7	6758
ENSG00000164172_ENST00000396954.8_UTR_pair	676	7	2923
ENSG00000164258_ENST00000296684.10_UTR_pair	24	7	117
ENSG00000185305_ENST00000504924.6_UTR_pair	94	7	2619
ENSG00000178996_ENST00000381410.5_UTR_pair	194	7	3154
ENSG00000164294_ENST00000503787.6_UTR_pair	22	7	3079
ENSG00000152669_ENST00000282572.5_UTR_pair	85	7	223
ENSG00000067248_ENST00000251636.10_UTR_pair	121	7	433
ENSG00000039123_ENST00000230640.10_UTR_pair	25	7	807
ENSG00000067113_ENST00000307259.9_UTR_pair	335	7	352
ENSG00000177058_ENST00000396865.7_UTR_pair	190	7	646
ENSG00000134352_ENST00000381298.7_UTR_pair	283	7	5987
ENSG00000095015_ENST00000399503.4_UTR_pair	25	7	2472
ENSG00000155545_ENST00000381199.8_UTR_pair	21	7	3525
ENSG00000062194_ENST00000506184.7_UTR_pair	1163	7	1921
ENSG00000145632_ENST00000274289.8_UTR_pair	127	7	601
ENSG00000113448_ENST00000340635.11_UTR_pair	104	7	5626
ENSG00000035499_ENST00000265036.10_UTR_pair	73	7	841
ENSG00000164181_ENST00000508821.6_UTR_pair	195	7	2833
ENSG00000049167_ENST00000676185.1_UTR_pair	62	7	8161
ENSG00000188725_ENST00000339020.8_UTR_pair	420	7	2243
ENSG00000068796_ENST00000407818.8_UTR_pair	267	7	5456
ENSG00000086189_ENST00000199320.9_UTR_pair	133	7	1756
ENSG00000086200_ENST00000325324.11_UTR_pair	173	7	1264
ENSG00000153006_ENST00000513458.9_UTR_pair	174	7	6236
ENSG00000153015_ENST00000381070.8_UTR_pair	217	7	429
ENSG00000113595_ENST00000231524.14_UTR_pair	59	7	2079
ENSG00000113597_ENST00000399438.8_UTR_pair	34	7	1622
ENSG00000197860_ENST00000381007.9_UTR_pair	215	7	4318
ENSG00000123213_ENST00000380985.10_UTR_pair	169	7	6368
ENSG00000112851_ENST00000284037.10_UTR_pair	289	7	4016
ENSG00000153914_ENST00000334121.11_UTR_pair	77	7	4747
ENSG00000069020_ENST00000403625.7_UTR_pair	263	7	2542
ENSG00000145675_ENST00000521381.6_UTR_pair	580	7	4220
ENSG00000145740_ENST00000396591.8_UTR_pair	242	7	1452
ENSG00000134057_ENST00000256442.10_UTR_pair	113	7	614
ENSG00000134056_ENST00000256441.5_UTR_pair	70	7	933
ENSG00000134058_ENST00000256443.8_UTR_pair	90	7	295
ENSG00000183323_ENST00000396496.7_UTR_pair	193	7	2554
ENSG00000273841_ENST00000217893.10_UTR_pair	168	7	200
ENSG00000152942_ENST00000354868.10_UTR_pair	532	7	509
ENSG00000152939_ENST00000325631.10_UTR_pair	70	7	2676
ENSG00000197822_ENST00000396442.7_UTR_pair	179	7	4433
ENSG00000145736_ENST00000274400.10_UTR_pair	216	7	330
ENSG00000145734_ENST00000358731.9_UTR_pair	227	7	2935
ENSG00000131844_ENST00000340941.11_UTR_pair	86	7	1846
ENSG00000131711_ENST00000296755.12_UTR_pair	57	7	4326
ENSG00000083312_ENST00000337273.10_UTR_pair	77	7	5715
ENSG00000157107_ENST00000430046.7_UTR_pair	56	7	2432
ENSG00000145741_ENST00000380591.8_UTR_pair	226	7	429
ENSG00000164331_ENST00000296785.8_UTR_pair	612	7	607
ENSG00000164338_ENST00000296792.9_UTR_pair	253	7	3286
ENSG00000214944_ENST00000513042.7_UTR_pair	138	7	977
ENSG00000171617_ENST00000302351.9_UTR_pair	435	7	2616
ENSG00000049860_ENST00000261416.12_UTR_pair	28	7	113
ENSG00000164347_ENST00000296805.8_UTR_pair	204	7	449
ENSG00000164346_ENST00000610426.5_UTR_pair	112	7	3442
ENSG00000113161_ENST00000287936.9_UTR_pair	104	7	1759
ENSG00000113163_ENST00000643780.2_UTR_pair	422	7	1571
ENSG00000122008_ENST00000241436.9_UTR_pair	37	7	11973
ENSG00000152359_ENST00000428202.7_UTR_pair	146	7	311
ENSG00000145703_ENST00000274364.11_UTR_pair	261	7	819
ENSG00000181104_ENST00000319211.5_UTR_pair	182	7	2267
ENSG00000164251_ENST00000296677.5_UTR_pair	153	7	1514
ENSG00000164252_ENST00000312916.12_UTR_pair	363	7	1982
ENSG00000132846_ENST00000255198.3_UTR_pair	327	7	5102
ENSG00000164253_ENST00000296679.9_UTR_pair	96	7	2202
ENSG00000171530_ENST00000380377.9_UTR_pair	82	7	252
ENSG00000132842_ENST00000255194.11_UTR_pair	119	7	576
ENSG00000085365_ENST00000621999.5_UTR_pair	55	7	5071
ENSG00000145685_ENST00000380345.7_UTR_pair	623	7	3667
ENSG00000152409_ENST00000396137.5_UTR_pair	520	7	5609
ENSG00000152413_ENST00000334082.11_UTR_pair	1360	7	3373
ENSG00000164329_ENST00000453514.6_UTR_pair	672	7	2973
ENSG00000164300_ENST00000507668.7_UTR_pair	126	7	4936
ENSG00000039319_ENST00000505560.5_UTR_pair	183	7	6002
ENSG00000228716_ENST00000439211.7_UTR_pair	494	7	2861
ENSG00000131732_ENST00000407610.8_UTR_pair	129	7	635
ENSG00000145687_ENST00000615665.5_UTR_pair	55	7	7700
ENSG00000174695_ENST00000502346.2_UTR_pair	71	7	4238
ENSG00000038427_ENST00000265077.8_UTR_pair	286	7	1868
ENSG00000164176_ENST00000296591.10_UTR_pair	506	7	2865
ENSG00000127184_ENST00000247655.4_UTR_pair	115	7	322
ENSG00000145715_ENST00000274376.11_UTR_pair	569	7	1033
ENSG00000134480_ENST00000256897.9_UTR_pair	136	7	172
ENSG00000164180_ENST00000296595.11_UTR_pair	122	7	1164
ENSG00000081189_ENST00000504921.7_UTR_pair	372	7	5487
ENSG00000153140_ENST00000283122.8_UTR_pair	95	7	1807
ENSG00000176055_ENST00000316610.7_UTR_pair	479	7	2958
ENSG00000113356_ENST00000651687.1_UTR_pair	200	7	2418
ENSG00000176018_ENST00000315948.11_UTR_pair	148	7	3193
ENSG00000113369_ENST00000265138.4_UTR_pair	225	7	2769
ENSG00000175745_ENST00000327111.8_UTR_pair	1802	7	769
ENSG00000113391_ENST00000395965.8_UTR_pair	171	7	3262
ENSG00000133302_ENST00000265140.10_UTR_pair	97	7	2309
ENSG00000198677_ENST00000358746.7_UTR_pair	269	7	713
ENSG00000175449_ENST00000380005.9_UTR_pair	176	7	1773
ENSG00000164292_ENST00000379982.8_UTR_pair	347	7	3187
ENSG00000173221_ENST00000237858.11_UTR_pair	64	7	547
ENSG00000118985_ENST00000237853.9_UTR_pair	130	7	3773
ENSG00000164307_ENST00000443439.7_UTR_pair	103	7	1912
ENSG00000164308_ENST00000437043.8_UTR_pair	150	7	2098
ENSG00000113441_ENST00000231368.10_UTR_pair	76	7	8980
ENSG00000174136_ENST00000513185.3_UTR_pair	408	7	2741
ENSG00000153922_ENST00000614616.5_UTR_pair	617	7	2395
ENSG00000174132_ENST00000312637.5_UTR_pair	157	7	557
ENSG00000113532_ENST00000231461.10_UTR_pair	327	7	4914
ENSG00000145730_ENST00000438793.8_UTR_pair	417	7	651
ENSG00000145723_ENST00000399004.7_UTR_pair	82	7	1898
ENSG00000112874_ENST00000230792.7_UTR_pair	93	7	2006
ENSG00000184349_ENST00000333274.11_UTR_pair	324	7	4361
ENSG00000151422_ENST00000281092.9_UTR_pair	309	7	9266
ENSG00000198961_ENST00000361189.7_UTR_pair	220	7	2509
ENSG00000112893_ENST00000261483.5_UTR_pair	491	7	2627
ENSG00000164209_ENST00000355943.8_UTR_pair	113	7	3375
ENSG00000134987_ENST00000513710.4_UTR_pair	109	7	3619
ENSG00000152495_ENST00000282356.9_UTR_pair	100	7	10420
ENSG00000164211_ENST00000296632.8_UTR_pair	160	7	3853
ENSG00000129595_ENST00000261486.6_UTR_pair	238	7	2371
ENSG00000153037_ENST00000505459.6_UTR_pair	90	7	2251
ENSG00000129625_ENST00000379638.9_UTR_pair	37	7	2401
ENSG00000172795_ENST00000389063.3_UTR_pair	136	7	8711
ENSG00000047188_ENST00000161863.9_UTR_pair	202	7	1810
ENSG00000152503_ENST00000513154.6_UTR_pair	274	7	1731
ENSG00000164219_ENST00000419445.6_UTR_pair	26	7	8390
ENSG00000164221_ENST00000379611.10_UTR_pair	111	7	686
ENSG00000145780_ENST00000274457.5_UTR_pair	443	7	3400
ENSG00000134970_ENST00000456936.4_UTR_pair	244	7	2999
ENSG00000129596_ENST00000250535.5_UTR_pair	262	7	700
ENSG00000177879_ENST00000316788.12_UTR_pair	103	7	591
ENSG00000145781_ENST00000274458.9_UTR_pair	28	7	798
ENSG00000092421_ENST00000343348.11_UTR_pair	677	7	3058
ENSG00000169570_ENST00000510708.6_UTR_pair	36	7	4843
ENSG00000172869_ENST00000539542.6_UTR_pair	483	7	1908
ENSG00000145779_ENST00000504771.3_UTR_pair	72	7	6307
ENSG00000133835_ENST00000510025.7_UTR_pair	79	7	338
ENSG00000113083_ENST00000231004.5_UTR_pair	274	7	3548
ENSG00000205302_ENST00000379516.7_UTR_pair	24	7	4895
ENSG00000064652_ENST00000261369.9_UTR_pair	21	7	1456
ENSG00000168938_ENST00000306442.5_UTR_pair	100	7	625
ENSG00000168944_ENST00000306467.10_UTR_pair	405	7	1627
ENSG00000151292_ENST00000696905.1_UTR_pair	641	7	2653
ENSG00000168916_ENST00000513986.2_UTR_pair	628	7	985
ENSG00000155324_ENST00000285689.8_UTR_pair	198	7	1408
ENSG00000164904_ENST00000409134.8_UTR_pair	21	7	3124
ENSG00000113368_ENST00000261366.10_UTR_pair	373	7	756
ENSG00000164241_ENST00000296662.10_UTR_pair	161	7	467
ENSG00000164244_ENST00000296666.13_UTR_pair	157	7	3169
ENSG00000064651_ENST00000262461.7_UTR_pair	189	7	3046
ENSG00000169567_ENST00000304043.10_UTR_pair	51	7	420
ENSG00000158985_ENST00000505065.2_UTR_pair	568	7	3581
ENSG00000217128_ENST00000510461.6_UTR_pair	96	7	2971
ENSG00000072682_ENST00000360568.8_UTR_pair	82	7	2863
ENSG00000131435_ENST00000253754.8_UTR_pair	39	7	1225
ENSG00000197208_ENST00000200652.4_UTR_pair	223	7	355
ENSG00000197375_ENST00000245407.8_UTR_pair	263	7	1340
ENSG00000125347_ENST00000245414.9_UTR_pair	234	7	2342
ENSG00000131437_ENST00000403231.6_UTR_pair	127	7	4003
ENSG00000164402_ENST00000378719.7_UTR_pair	102	7	1197
ENSG00000164403_ENST00000378679.8_UTR_pair	554	7	655
ENSG00000164405_ENST00000378670.8_UTR_pair	59	7	1265
ENSG00000072364_ENST00000265343.10_UTR_pair	380	7	5664
ENSG00000170606_ENST00000304858.7_UTR_pair	238	7	2013
ENSG00000213585_ENST00000265333.8_UTR_pair	87	7	900
ENSG00000081059_ENST00000342854.10_UTR_pair	226	7	1907
ENSG00000113558_ENST00000353411.11_UTR_pair	96	7	8798
ENSG00000113575_ENST00000481195.6_UTR_pair	212	7	3440
ENSG00000006837_ENST00000265334.9_UTR_pair	216	7	227
ENSG00000119048_ENST00000265339.7_UTR_pair	27	7	1755
ENSG00000237190_ENST00000458198.3_UTR_pair	27	7	850
ENSG00000043143_ENST00000681547.2_UTR_pair	342	7	3910
ENSG00000152700_ENST00000402673.7_UTR_pair	119	7	5801
ENSG00000113615_ENST00000398844.7_UTR_pair	292	7	2815
ENSG00000145833_ENST00000452510.7_UTR_pair	160	7	2415
ENSG00000181904_ENST00000394976.4_UTR_pair	248	7	4268
ENSG00000113621_ENST00000358387.9_UTR_pair	57	7	1950
ENSG00000120708_ENST00000442011.7_UTR_pair	68	7	592
ENSG00000113658_ENST00000545279.6_UTR_pair	362	7	5253
ENSG00000177733_ENST00000314940.7_UTR_pair	297	7	7498
ENSG00000031003_ENST00000689681.1_UTR_pair	500	7	2265
ENSG00000112983_ENST00000254900.10_UTR_pair	16	7	304
ENSG00000112984_ENST00000394894.8_UTR_pair	112	7	310
ENSG00000158402_ENST00000323760.11_UTR_pair	248	7	423
ENSG00000120709_ENST00000239906.10_UTR_pair	194	7	2770
ENSG00000120733_ENST00000314358.10_UTR_pair	111	7	1327
ENSG00000132563_ENST00000378339.7_UTR_pair	152	7	1214
ENSG00000120738_ENST00000239938.5_UTR_pair	283	7	1222
ENSG00000120705_ENST00000360541.10_UTR_pair	158	7	2210
ENSG00000113013_ENST00000297185.9_UTR_pair	83	7	2281
ENSG00000044115_ENST00000302763.12_UTR_pair	88	7	945
ENSG00000120725_ENST00000394817.7_UTR_pair	110	7	393
ENSG00000120727_ENST00000265192.9_UTR_pair	153	7	919
ENSG00000170464_ENST00000302060.10_UTR_pair	80	7	3945
ENSG00000184584_ENST00000330794.9_UTR_pair	302	7	728
ENSG00000131508_ENST00000398733.8_UTR_pair	453	7	1633
ENSG00000171604_ENST00000302517.8_UTR_pair	657	7	975
ENSG00000185129_ENST00000331327.5_UTR_pair	73	7	10469
ENSG00000113068_ENST00000261813.9_UTR_pair	28	7	939
ENSG00000113070_ENST00000230990.7_UTR_pair	275	7	1456
ENSG00000213523_ENST00000336283.9_UTR_pair	21	7	632
ENSG00000176087_ENST00000323146.8_UTR_pair	735	7	956
ENSG00000131495_ENST00000252102.9_UTR_pair	47	7	302
ENSG00000120314_ENST00000358337.10_UTR_pair	9	7	2691
ENSG00000170445_ENST00000504156.7_UTR_pair	66	7	352
ENSG00000112855_ENST00000230771.9_UTR_pair	194	7	753
ENSG00000178913_ENST00000313368.8_UTR_pair	740	7	505
ENSG00000171720_ENST00000305264.8_UTR_pair	59	7	587
ENSG00000197948_ENST00000435817.7_UTR_pair	50	7	2196
ENSG00000156453_ENST00000287008.8_UTR_pair	148	7	952
ENSG00000013561_ENST00000394520.7_UTR_pair	243	7	2502
ENSG00000113552_ENST00000311337.11_UTR_pair	39	7	1358
ENSG00000131507_ENST00000253814.6_UTR_pair	196	7	2712
ENSG00000187678_ENST00000434127.3_UTR_pair	225	7	3779
ENSG00000145819_ENST00000645722.2_UTR_pair	385	7	6561
ENSG00000113580_ENST00000394464.7_UTR_pair	489	7	3955
ENSG00000145817_ENST00000274496.10_UTR_pair	135	7	2235
ENSG00000091009_ENST00000265271.7_UTR_pair	161	7	3193
ENSG00000113649_ENST00000679501.2_UTR_pair	17	7	1319
ENSG00000113657_ENST00000343218.10_UTR_pair	210	7	3227
ENSG00000145868_ENST00000340253.10_UTR_pair	145	7	689
ENSG00000169252_ENST00000305988.6_UTR_pair	221	7	550
ENSG00000173210_ENST00000309868.12_UTR_pair	249	7	2138
ENSG00000157510_ENST00000296721.9_UTR_pair	110	7	3607
ENSG00000164284_ENST00000329271.8_UTR_pair	41	7	3301
ENSG00000145882_ENST00000274569.9_UTR_pair	23	7	999
ENSG00000113712_ENST00000377843.8_UTR_pair	475	7	3871
ENSG00000155846_ENST00000309241.10_UTR_pair	33	7	7464
ENSG00000155850_ENST00000286298.5_UTR_pair	247	7	5587
ENSG00000113716_ENST00000502717.6_UTR_pair	443	7	936
ENSG00000113721_ENST00000261799.9_UTR_pair	455	7	1924
ENSG00000070614_ENST00000261797.7_UTR_pair	483	7	4879
ENSG00000171992_ENST00000307662.5_UTR_pair	527	7	2120
ENSG00000132912_ENST00000447998.7_UTR_pair	24	7	2709
ENSG00000256235_ENST00000526627.2_UTR_pair	227	7	1111
ENSG00000145908_ENST00000274599.10_UTR_pair	418	7	1025
ENSG00000145901_ENST00000521591.6_UTR_pair	191	7	768
ENSG00000197043_ENST00000354546.10_UTR_pair	125	7	742
ENSG00000196743_ENST00000357164.4_UTR_pair	32	7	2989
ENSG00000123643_ENST00000243389.8_UTR_pair	216	7	4125
ENSG00000113140_ENST00000231061.9_UTR_pair	64	7	2475
ENSG00000177556_ENST00000313115.11_UTR_pair	80	7	184
ENSG00000145907_ENST00000356245.8_UTR_pair	132	7	8694
ENSG00000055147_ENST00000351797.9_UTR_pair	68	7	2828
ENSG00000037749_ENST00000522782.6_UTR_pair	211	7	3737
ENSG00000164574_ENST00000297107.11_UTR_pair	134	7	4012
ENSG00000164576_ENST00000297109.11_UTR_pair	608	7	5025
ENSG00000155506_ENST00000518297.6_UTR_pair	381	7	3509
ENSG00000155508_ENST00000285896.11_UTR_pair	214	7	1353
ENSG00000082516_ENST00000285873.8_UTR_pair	78	7	799
ENSG00000155868_ENST00000286317.6_UTR_pair	63	7	1306
ENSG00000055163_ENST00000620254.5_UTR_pair	96	7	2594
ENSG00000135074_ENST00000257527.9_UTR_pair	79	7	3645
ENSG00000113272_ENST00000231198.12_UTR_pair	21	7	1967
ENSG00000155858_ENST00000286307.6_UTR_pair	39	7	5445
ENSG00000113282_ENST00000411809.7_UTR_pair	175	7	1899
ENSG00000164330_ENST00000313708.11_UTR_pair	438	7	3191
ENSG00000145860_ENST00000424310.7_UTR_pair	362	7	1261
ENSG00000164332_ENST00000296786.8_UTR_pair	117	7	1105
ENSG00000113312_ENST00000231238.10_UTR_pair	84	7	478
ENSG00000170234_ENST00000307063.9_UTR_pair	62	7	1043
ENSG00000135083_ENST00000257536.13_UTR_pair	250	7	4295
ENSG00000221886_ENST00000408953.4_UTR_pair	465	7	558
ENSG00000164611_ENST00000352433.10_UTR_pair	48	7	58
ENSG00000113328_ENST00000340828.7_UTR_pair	210	7	1346
ENSG00000038274_ENST00000321757.11_UTR_pair	68	7	991
ENSG00000113645_ENST00000265293.9_UTR_pair	508	7	3286
ENSG00000113643_ENST00000231572.8_UTR_pair	28	7	111
ENSG00000120137_ENST00000239231.7_UTR_pair	85	7	9076
ENSG00000184347_ENST00000519560.6_UTR_pair	430	7	4714
ENSG00000181163_ENST00000296930.10_UTR_pair	100	7	335
ENSG00000072786_ENST00000176763.10_UTR_pair	182	7	2803
ENSG00000168246_ENST00000393792.3_UTR_pair	99	7	2184
ENSG00000174705_ENST00000311601.6_UTR_pair	173	7	4870
ENSG00000120129_ENST00000239223.4_UTR_pair	243	7	666
ENSG00000113719_ENST00000393784.8_UTR_pair	163	7	1867
ENSG00000113732_ENST00000519374.6_UTR_pair	90	7	1083
ENSG00000164463_ENST00000296953.6_UTR_pair	319	7	5539
ENSG00000113739_ENST00000265087.9_UTR_pair	221	7	3124
ENSG00000145919_ENST00000311086.9_UTR_pair	214	7	1149
ENSG00000113742_ENST00000265085.10_UTR_pair	1385	7	5843
ENSG00000164466_ENST00000321442.10_UTR_pair	89	7	3008
ENSG00000051596_ENST00000265097.9_UTR_pair	107	7	438
ENSG00000170085_ENST00000429602.7_UTR_pair	85	7	544
ENSG00000175414_ENST00000310389.6_UTR_pair	77	7	10014
ENSG00000048162_ENST00000614830.5_UTR_pair	59	7	285
ENSG00000146066_ENST00000274787.3_UTR_pair	69	7	264
ENSG00000175416_ENST00000310418.9_UTR_pair	176	7	273
ENSG00000113194_ENST00000261942.7_UTR_pair	23	7	3124
ENSG00000146083_ENST00000274811.9_UTR_pair	507	7	2316
ENSG00000048140_ENST00000508164.6_UTR_pair	132	7	1353
ENSG00000087206_ENST00000511320.6_UTR_pair	138	7	276
ENSG00000169228_ENST00000303251.11_UTR_pair	431	7	545
ENSG00000169230_ENST00000303204.9_UTR_pair	187	7	379
ENSG00000213347_ENST00000439742.7_UTR_pair	68	7	378
ENSG00000169223_ENST00000303127.12_UTR_pair	21	7	519
ENSG00000131188_ENST00000323249.8_UTR_pair	471	7	165
ENSG00000113758_ENST00000393565.6_UTR_pair	113	7	823
ENSG00000196923_ENST00000355841.7_UTR_pair	88	7	250
ENSG00000146067_ENST00000514747.6_UTR_pair	105	7	394
ENSG00000027847_ENST00000029410.10_UTR_pair	79	7	635
ENSG00000145911_ENST00000274605.6_UTR_pair	270	7	4080
ENSG00000145916_ENST00000313386.9_UTR_pair	193	7	2536
ENSG00000145912_ENST00000274606.8_UTR_pair	68	7	250
ENSG00000197451_ENST00000358344.8_UTR_pair	231	7	540
ENSG00000113240_ENST00000316308.9_UTR_pair	105	7	953
ENSG00000169131_ENST00000335815.7_UTR_pair	155	7	548
ENSG00000087116_ENST00000251582.12_UTR_pair	133	7	3014
ENSG00000176783_ENST00000319449.9_UTR_pair	16	7	493
ENSG00000169045_ENST00000393432.9_UTR_pair	108	7	782
ENSG00000127022_ENST00000247461.9_UTR_pair	139	7	2997
ENSG00000161021_ENST00000292599.4_UTR_pair	291	7	2406
ENSG00000161013_ENST00000292591.12_UTR_pair	283	7	435
ENSG00000161011_ENST00000389805.9_UTR_pair	32	7	1485
ENSG00000161010_ENST00000292586.11_UTR_pair	21	7	115
ENSG00000197226_ENST00000355235.8_UTR_pair	76	7	1377
ENSG00000113269_ENST00000521389.6_UTR_pair	57	7	587
ENSG00000050748_ENST00000452135.7_UTR_pair	283	7	3241
ENSG00000131459_ENST00000253778.13_UTR_pair	119	7	866
ENSG00000113300_ENST00000261951.9_UTR_pair	387	7	4158
ENSG00000131446_ENST00000307826.5_UTR_pair	253	7	6854
ENSG00000196670_ENST00000502412.2_UTR_pair	57	7	1181
ENSG00000146054_ENST00000274773.12_UTR_pair	86	7	1242
ENSG00000146063_ENST00000315073.10_UTR_pair	719	7	1033
ENSG00000204628_ENST00000512805.6_UTR_pair	106	7	80
ENSG00000183718_ENST00000688015.1_UTR_pair	330	7	1662
ENSG00000112679_ENST00000419235.7_UTR_pair	53	7	2404
ENSG00000054598_ENST00000645831.2_UTR_pair	531	7	1790
ENSG00000112699_ENST00000380815.5_UTR_pair	183	7	363
ENSG00000124535_ENST00000380773.9_UTR_pair	230	7	1670
ENSG00000021355_ENST00000380739.6_UTR_pair	60	7	1276
ENSG00000124570_ENST00000380539.7_UTR_pair	45	7	139
ENSG00000124588_ENST00000380455.11_UTR_pair	277	7	100
ENSG00000137275_ENST00000259808.9_UTR_pair	228	7	1848
ENSG00000137274_ENST00000380379.10_UTR_pair	30	7	1003
ENSG00000137267_ENST00000333628.4_UTR_pair	81	7	197
ENSG00000137285_ENST00000259818.8_UTR_pair	110	7	474
ENSG00000180822_ENST00000438998.7_UTR_pair	76	7	337
ENSG00000168994_ENST00000380283.5_UTR_pair	182	7	1000
ENSG00000112739_ENST00000337659.11_UTR_pair	126	7	4367
ENSG00000198721_ENST00000380118.8_UTR_pair	15	7	168
ENSG00000153046_ENST00000397588.8_UTR_pair	380	7	1488
ENSG00000124785_ENST00000244766.7_UTR_pair	176	7	977
ENSG00000124782_ENST00000379938.7_UTR_pair	384	7	3012
ENSG00000124783_ENST00000244763.9_UTR_pair	79	7	8721
ENSG00000124784_ENST00000379834.7_UTR_pair	195	7	596
ENSG00000096696_ENST00000379802.8_UTR_pair	245	7	836
ENSG00000153162_ENST00000283147.7_UTR_pair	857	7	1385
ENSG00000124802_ENST00000379715.10_UTR_pair	27	7	495
ENSG00000124786_ENST00000710437.1_UTR_pair	296	7	2114
ENSG00000137203_ENST00000379613.10_UTR_pair	83	7	1740
ENSG00000111843_ENST00000229563.6_UTR_pair	216	7	461
ENSG00000197977_ENST00000354666.4_UTR_pair	75	7	3022
ENSG00000224531_ENST00000416247.4_UTR_pair	480	7	4131
ENSG00000111859_ENST00000379446.10_UTR_pair	153	7	1864
ENSG00000095951_ENST00000379388.7_UTR_pair	358	7	538
ENSG00000078401_ENST00000379375.6_UTR_pair	269	7	1127
ENSG00000145990_ENST00000379287.4_UTR_pair	710	7	6913
ENSG00000124523_ENST00000606117.2_UTR_pair	338	7	3293
ENSG00000010017_ENST00000011619.6_UTR_pair	330	7	864
ENSG00000050393_ENST00000379170.9_UTR_pair	128	7	4252
ENSG00000112149_ENST00000379153.4_UTR_pair	40	7	1670
ENSG00000008083_ENST00000341776.7_UTR_pair	471	7	1791
ENSG00000047579_ENST00000344537.10_UTR_pair	159	7	168
ENSG00000007944_ENST00000356840.8_UTR_pair	237	7	1497
ENSG00000137198_ENST00000259727.5_UTR_pair	107	7	363
ENSG00000124788_ENST00000436367.6_UTR_pair	892	7	7217
ENSG00000112186_ENST00000229922.7_UTR_pair	153	7	1338
ENSG00000137414_ENST00000259963.4_UTR_pair	108	7	3376
ENSG00000124789_ENST00000262077.3_UTR_pair	538	7	1060
ENSG00000137177_ENST00000259711.11_UTR_pair	172	7	417
ENSG00000137364_ENST00000309983.5_UTR_pair	89	7	2357
ENSG00000165097_ENST00000650836.2_UTR_pair	207	7	1862
ENSG00000124795_ENST00000652689.1_UTR_pair	155	7	1859
ENSG00000137393_ENST00000259939.4_UTR_pair	317	7	3803
ENSG00000172201_ENST00000378700.8_UTR_pair	385	7	3002
ENSG00000172197_ENST00000324607.8_UTR_pair	235	7	2602
ENSG00000112242_ENST00000346618.8_UTR_pair	354	7	3284
ENSG00000124766_ENST00000244745.4_UTR_pair	784	7	2660
ENSG00000124532_ENST00000378386.8_UTR_pair	111	7	2496
ENSG00000112294_ENST00000357578.8_UTR_pair	28	7	3495
ENSG00000112304_ENST00000230048.5_UTR_pair	187	7	3431
ENSG00000112308_ENST00000378119.9_UTR_pair	486	7	1276
ENSG00000079691_ENST00000329474.7_UTR_pair	422	7	947
ENSG00000010704_ENST00000357618.10_UTR_pair	12	7	4117
ENSG00000181315_ENST00000415922.7_UTR_pair	640	7	2962
ENSG00000197279_ENST00000683778.1_UTR_pair	403	7	93
ENSG00000196812_ENST00000340487.5_UTR_pair	100	7	132
ENSG00000198315_ENST00000330236.7_UTR_pair	239	7	5443
ENSG00000137185_ENST00000252207.10_UTR_pair	165	7	309
ENSG00000187626_ENST00000377294.3_UTR_pair	289	7	3419
ENSG00000197062_ENST00000421553.7_UTR_pair	137	7	1108
ENSG00000235109_ENST00000344279.11_UTR_pair	162	7	1429
ENSG00000158691_ENST00000684592.1_UTR_pair	159	7	5716
ENSG00000204713_ENST00000377199.4_UTR_pair	353	7	1068
ENSG00000204619_ENST00000376772.8_UTR_pair	213	7	1027
ENSG00000234127_ENST00000454678.7_UTR_pair	477	7	1421
ENSG00000204590_ENST00000376621.8_UTR_pair	286	7	4691
ENSG00000204576_ENST00000376560.8_UTR_pair	50	7	1228
ENSG00000204574_ENST00000326195.13_UTR_pair	46	7	821
ENSG00000204569_ENST00000376511.7_UTR_pair	552	7	1136
ENSG00000204568_ENST00000259873.5_UTR_pair	26	7	595
ENSG00000204560_ENST00000376442.8_UTR_pair	165	7	115
ENSG00000146112_ENST00000274853.8_UTR_pair	627	7	880
ENSG00000137404_ENST00000376421.7_UTR_pair	10	7	612
ENSG00000137337_ENST00000376406.8_UTR_pair	40	7	658
ENSG00000196230_ENST00000327892.13_UTR_pair	155	7	1025
ENSG00000137312_ENST00000376389.8_UTR_pair	175	7	407
ENSG00000137331_ENST00000259874.6_UTR_pair	29	7	737
ENSG00000204580_ENST00000376568.8_UTR_pair	234	7	860
ENSG00000137411_ENST00000676266.1_UTR_pair	134	7	249
ENSG00000137310_ENST00000376257.8_UTR_pair	707	7	1498
ENSG00000204469_ENST00000376033.3_UTR_pair	244	7	185
ENSG00000204463_ENST00000676615.2_UTR_pair	251	7	103
ENSG00000204439_ENST00000375911.2_UTR_pair	831	7	765
ENSG00000213722_ENST00000375789.7_UTR_pair	138	7	197
ENSG00000213719_ENST00000375784.8_UTR_pair	230	7	243
ENSG00000204390_ENST00000375654.5_UTR_pair	408	7	428
ENSG00000204388_ENST00000375650.5_UTR_pair	213	7	378
ENSG00000204386_ENST00000375631.5_UTR_pair	45	7	2060
ENSG00000204366_ENST00000375527.3_UTR_pair	270	7	313
ENSG00000204356_ENST00000375429.8_UTR_pair	88	7	214
ENSG00000204344_ENST00000685781.1_UTR_pair	49	7	397
ENSG00000213676_ENST00000375203.8_UTR_pair	39	7	475
ENSG00000204315_ENST00000375156.4_UTR_pair	268	7	24
ENSG00000221988_ENST00000324816.11_UTR_pair	272	7	725
ENSG00000204310_ENST00000375107.8_UTR_pair	280	7	1064
ENSG00000204308_ENST00000375094.4_UTR_pair	107	7	467
ENSG00000204304_ENST00000375050.6_UTR_pair	287	7	1649
ENSG00000204264_ENST00000374882.8_UTR_pair	51	7	242
ENSG00000168394_ENST00000354258.5_UTR_pair	68	7	370
ENSG00000204256_ENST00000374825.9_UTR_pair	1767	7	783
ENSG00000204231_ENST00000374680.4_UTR_pair	189	7	1094
ENSG00000112473_ENST00000374677.8_UTR_pair	379	7	624
ENSG00000204227_ENST00000374656.5_UTR_pair	203	7	317
ENSG00000204220_ENST00000374606.10_UTR_pair	256	7	88
ENSG00000237441_ENST00000497454.6_UTR_pair	114	7	448
ENSG00000236104_ENST00000431845.3_UTR_pair	161	7	594
ENSG00000237649_ENST00000428849.7_UTR_pair	163	7	206
ENSG00000112511_ENST00000374516.8_UTR_pair	218	7	341
ENSG00000197283_ENST00000646630.1_UTR_pair	200	7	1783
ENSG00000030110_ENST00000374467.4_UTR_pair	283	7	1251
ENSG00000096433_ENST00000605930.3_UTR_pair	281	7	782
ENSG00000186577_ENST00000476320.6_UTR_pair	101	7	408
ENSG00000272325_ENST00000607016.2_UTR_pair	307	7	9074
ENSG00000196821_ENST00000374023.8_UTR_pair	164	7	3277
ENSG00000124562_ENST00000244520.10_UTR_pair	39	7	287
ENSG00000065060_ENST00000192788.6_UTR_pair	168	7	5076
ENSG00000064999_ENST00000360359.5_UTR_pair	148	7	2797
ENSG00000065029_ENST00000373953.8_UTR_pair	203	7	737
ENSG00000023892_ENST00000316637.7_UTR_pair	39	7	361
ENSG00000112033_ENST00000360694.8_UTR_pair	309	7	2099
ENSG00000096060_ENST00000357266.9_UTR_pair	131	7	2245
ENSG00000096063_ENST00000373825.7_UTR_pair	42	7	2338
ENSG00000112062_ENST00000229794.9_UTR_pair	350	7	2789
ENSG00000156711_ENST00000211287.9_UTR_pair	70	7	5148
ENSG00000096070_ENST00000357641.10_UTR_pair	253	7	2181
ENSG00000112078_ENST00000373731.7_UTR_pair	158	7	3966
ENSG00000112079_ENST00000229812.8_UTR_pair	295	7	1892
ENSG00000112081_ENST00000373715.11_UTR_pair	122	7	3611
ENSG00000124762_ENST00000244741.10_UTR_pair	90	7	1532
ENSG00000137168_ENST00000373699.6_UTR_pair	31	7	984
ENSG00000137409_ENST00000373627.10_UTR_pair	23	7	762
ENSG00000137193_ENST00000373509.6_UTR_pair	424	7	1337
ENSG00000065491_ENST00000373491.3_UTR_pair	146	7	1798
ENSG00000137200_ENST00000373451.9_UTR_pair	163	7	1363
ENSG00000198937_ENST00000373408.4_UTR_pair	30	7	248
ENSG00000156639_ENST00000287218.9_UTR_pair	219	7	2235
ENSG00000183826_ENST00000481247.6_UTR_pair	157	7	6534
ENSG00000124767_ENST00000373365.5_UTR_pair	91	7	1370
ENSG00000112167_ENST00000229903.5_UTR_pair	97	7	1369
ENSG00000164626_ENST00000359534.4_UTR_pair	364	7	1919
ENSG00000146122_ENST00000274867.9_UTR_pair	146	7	2832
ENSG00000124615_ENST00000340692.10_UTR_pair	45	7	2187
ENSG00000001167_ENST00000341376.11_UTR_pair	172	7	4993
ENSG00000137166_ENST00000307972.10_UTR_pair	503	7	3448
ENSG00000112561_ENST00000373033.6_UTR_pair	281	7	621
ENSG00000124641_ENST00000265350.9_UTR_pair	121	7	1718
ENSG00000112578_ENST00000230340.9_UTR_pair	64	7	340
ENSG00000112576_ENST00000372991.9_UTR_pair	159	7	988
ENSG00000124496_ENST00000695948.1_UTR_pair	791	7	3414
ENSG00000024048_ENST00000372901.2_UTR_pair	291	7	2332
ENSG00000137161_ENST00000372836.5_UTR_pair	91	7	503
ENSG00000124587_ENST00000304611.13_UTR_pair	31	7	470
ENSG00000112640_ENST00000485511.6_UTR_pair	108	7	1056
ENSG00000124733_ENST00000244711.4_UTR_pair	133	7	1327
ENSG00000124702_ENST00000326974.9_UTR_pair	159	7	561
ENSG00000124541_ENST00000244496.6_UTR_pair	32	7	371
ENSG00000044090_ENST00000265348.9_UTR_pair	238	7	71
ENSG00000137171_ENST00000347162.10_UTR_pair	80	7	421
ENSG00000112655_ENST00000230419.9_UTR_pair	175	7	834
ENSG00000112658_ENST00000265354.6_UTR_pair	388	7	2316
ENSG00000112659_ENST00000252050.9_UTR_pair	63	7	142
ENSG00000171467_ENST00000361428.3_UTR_pair	282	7	1088
ENSG00000124574_ENST00000372530.9_UTR_pair	228	7	336
ENSG00000137221_ENST00000372449.6_UTR_pair	326	7	699
ENSG00000137207_ENST00000372422.7_UTR_pair	119	7	335
ENSG00000171453_ENST00000642195.1_UTR_pair	21	7	213
ENSG00000124571_ENST00000265351.12_UTR_pair	174	7	1534
ENSG00000170734_ENST00000372236.9_UTR_pair	260	7	5966
ENSG00000172432_ENST00000307126.10_UTR_pair	102	7	1120
ENSG00000180992_ENST00000372014.5_UTR_pair	127	7	392
ENSG00000137216_ENST00000323267.11_UTR_pair	149	7	636
ENSG00000112759_ENST00000371755.9_UTR_pair	98	7	614
ENSG00000096384_ENST00000371646.10_UTR_pair	95	7	285
ENSG00000157593_ENST00000393812.4_UTR_pair	118	7	605
ENSG00000146232_ENST00000619360.6_UTR_pair	205	7	1053
ENSG00000096401_ENST00000371477.4_UTR_pair	118	7	3714
ENSG00000001561_ENST00000321037.5_UTR_pair	234	7	3048
ENSG00000112796_ENST00000371383.7_UTR_pair	270	7	2141
ENSG00000172348_ENST00000371374.6_UTR_pair	279	7	2405
ENSG00000146072_ENST00000296861.2_UTR_pair	394	7	1233
ENSG00000198087_ENST00000359314.5_UTR_pair	456	7	3036
ENSG00000146085_ENST00000274813.4_UTR_pair	190	7	1368
ENSG00000031691_ENST00000335783.4_UTR_pair	102	7	832
ENSG00000112118_ENST00000596288.7_UTR_pair	68	7	573
ENSG00000170915_ENST00000442253.3_UTR_pair	151	7	3499
ENSG00000065308_ENST00000182527.4_UTR_pair	145	7	5789
ENSG00000096092_ENST00000211314.5_UTR_pair	149	7	539
ENSG00000112146_ENST00000323557.12_UTR_pair	386	7	3043
ENSG00000012660_ENST00000304434.11_UTR_pair	142	7	1723
ENSG00000001084_ENST00000650454.1_UTR_pair	456	7	1415
ENSG00000137269_ENST00000370888.6_UTR_pair	252	7	1332
ENSG00000112200_ENST00000370706.9_UTR_pair	66	7	1836
ENSG00000112208_ENST00000370693.5_UTR_pair	372	7	5643
ENSG00000112210_ENST00000468148.6_UTR_pair	647	7	3469
ENSG00000168216_ENST00000649934.3_UTR_pair	129	7	2148
ENSG00000082269_ENST00000418814.7_UTR_pair	414	7	1253
ENSG00000112305_ENST00000370455.8_UTR_pair	141	7	1669
ENSG00000119900_ENST00000370435.5_UTR_pair	126	7	7010
ENSG00000156508_ENST00000309268.11_UTR_pair	63	7	2060
ENSG00000119899_ENST00000355773.6_UTR_pair	106	7	1698
ENSG00000111799_ENST00000322507.13_UTR_pair	312	7	2221
ENSG00000112695_ENST00000684430.2_UTR_pair	67	7	143
ENSG00000112697_ENST00000230461.11_UTR_pair	154	7	3178
ENSG00000112701_ENST00000447266.7_UTR_pair	645	7	2687
ENSG00000196586_ENST00000369977.8_UTR_pair	232	7	4525
ENSG00000146247_ENST00000275034.5_UTR_pair	186	7	6274
ENSG00000118418_ENST00000620514.2_UTR_pair	122	7	443
ENSG00000135338_ENST00000369846.9_UTR_pair	457	7	2013
ENSG00000198478_ENST00000369838.6_UTR_pair	133	7	4146
ENSG00000118402_ENST00000369816.5_UTR_pair	274	7	1794
ENSG00000112742_ENST00000369798.7_UTR_pair	67	7	325
ENSG00000083123_ENST00000320393.9_UTR_pair	23	7	2466
ENSG00000005700_ENST00000306270.12_UTR_pair	540	7	1438
ENSG00000146242_ENST00000369750.4_UTR_pair	431	7	1196
ENSG00000118420_ENST00000369747.8_UTR_pair	123	7	632
ENSG00000013375_ENST00000513973.6_UTR_pair	89	7	4361
ENSG00000013392_ENST00000369724.5_UTR_pair	227	7	2663
ENSG00000065833_ENST00000369705.4_UTR_pair	97	7	1522
ENSG00000065615_ENST00000369681.10_UTR_pair	94	7	7545
ENSG00000135315_ENST00000403245.8_UTR_pair	123	7	820
ENSG00000135318_ENST00000257770.8_UTR_pair	57	7	1780
ENSG00000135317_ENST00000314673.8_UTR_pair	140	7	471
ENSG00000135316_ENST00000369622.8_UTR_pair	102	7	780
ENSG00000164414_ENST00000369552.9_UTR_pair	30	7	810
ENSG00000146282_ENST00000369536.10_UTR_pair	30	7	475
ENSG00000135336_ENST00000392844.8_UTR_pair	34	7	328
ENSG00000135334_ENST00000257787.6_UTR_pair	549	7	737
ENSG00000111880_ENST00000369485.9_UTR_pair	209	7	2822
ENSG00000146278_ENST00000336032.4_UTR_pair	144	7	964
ENSG00000198833_ENST00000435041.3_UTR_pair	153	7	3054
ENSG00000025039_ENST00000369415.9_UTR_pair	280	7	3440
ENSG00000112182_ENST00000257749.9_UTR_pair	809	7	5880
ENSG00000135341_ENST00000369329.8_UTR_pair	189	7	2922
ENSG00000135333_ENST00000369303.9_UTR_pair	218	7	3406
ENSG00000172469_ENST00000358812.9_UTR_pair	142	7	3047
ENSG00000014123_ENST00000369278.5_UTR_pair	68	7	1773
ENSG00000112234_ENST00000369244.7_UTR_pair	449	7	5743
ENSG00000146267_ENST00000389677.6_UTR_pair	302	7	9996
ENSG00000132424_ENST00000369239.10_UTR_pair	205	7	2490
ENSG00000123552_ENST00000500704.7_UTR_pair	42	7	3391
ENSG00000112237_ENST00000520429.6_UTR_pair	133	7	1168
ENSG00000112249_ENST00000369162.7_UTR_pair	310	7	1192
ENSG00000085382_ENST00000262903.9_UTR_pair	277	7	1568
ENSG00000085377_ENST00000652536.2_UTR_pair	191	7	4926
ENSG00000057663_ENST00000369076.8_UTR_pair	293	7	2064
ENSG00000130347_ENST00000369063.8_UTR_pair	477	7	1225
ENSG00000130348_ENST00000369046.8_UTR_pair	104	7	2415
ENSG00000272398_ENST00000606017.2_UTR_pair	83	7	1830
ENSG00000130349_ENST00000311381.8_UTR_pair	85	7	350
ENSG00000178409_ENST00000369042.6_UTR_pair	437	7	3522
ENSG00000164494_ENST00000369037.9_UTR_pair	279	7	2057
ENSG00000025796_ENST00000369002.9_UTR_pair	199	7	3948
ENSG00000081087_ENST00000193322.8_UTR_pair	90	7	3376
ENSG00000112335_ENST00000230085.13_UTR_pair	119	7	927
ENSG00000118689_ENST00000406360.2_UTR_pair	292	7	4982
ENSG00000080546_ENST00000436639.7_UTR_pair	773	7	3235
ENSG00000183137_ENST00000517392.6_UTR_pair	72	7	11448
ENSG00000135535_ENST00000310786.10_UTR_pair	89	7	2337
ENSG00000135596_ENST00000358807.8_UTR_pair	97	7	129
ENSG00000112365_ENST00000230122.4_UTR_pair	150	7	3257
ENSG00000112290_ENST00000392589.6_UTR_pair	503	7	703
ENSG00000168438_ENST00000307731.2_UTR_pair	18	7	2101
ENSG00000155111_ENST00000368911.8_UTR_pair	333	7	4557
ENSG00000112394_ENST00000368851.10_UTR_pair	250	7	8959
ENSG00000009413_ENST00000368802.8_UTR_pair	330	7	983
ENSG00000010810_ENST00000354650.7_UTR_pair	607	7	1407
ENSG00000074935_ENST00000368662.10_UTR_pair	48	7	749
ENSG00000112769_ENST00000230538.12_UTR_pair	250	7	1506
ENSG00000277443_ENST00000612661.2_UTR_pair	401	7	2896
ENSG00000196591_ENST00000519065.6_UTR_pair	240	7	8030
ENSG00000178425_ENST00000319550.9_UTR_pair	78	7	5473
ENSG00000187189_ENST00000420283.3_UTR_pair	67	7	2800
ENSG00000189241_ENST00000368608.4_UTR_pair	100	7	3659
ENSG00000111817_ENST00000644252.3_UTR_pair	228	7	7516
ENSG00000111832_ENST00000466444.7_UTR_pair	79	7	4574
ENSG00000196911_ENST00000368564.7_UTR_pair	124	7	9544
ENSG00000164465_ENST00000338728.10_UTR_pair	108	7	1358
ENSG00000047932_ENST00000368498.7_UTR_pair	223	7	2985
ENSG00000153989_ENST00000368494.4_UTR_pair	202	7	3712
ENSG00000111860_ENST00000368491.8_UTR_pair	322	7	4633
ENSG00000111875_ENST00000229595.6_UTR_pair	262	7	1557
ENSG00000111885_ENST00000368468.4_UTR_pair	442	7	2614
ENSG00000152661_ENST00000282561.4_UTR_pair	203	7	1731
ENSG00000025156_ENST00000368455.9_UTR_pair	86	7	899
ENSG00000111897_ENST00000339697.5_UTR_pair	70	7	1693
ENSG00000111907_ENST00000534000.6_UTR_pair	179	7	1445
ENSG00000111906_ENST00000398153.7_UTR_pair	35	7	796
ENSG00000111912_ENST00000392477.7_UTR_pair	172	7	3263
ENSG00000111911_ENST00000229633.7_UTR_pair	208	7	2568
ENSG00000203760_ENST00000368328.5_UTR_pair	159	7	383
ENSG00000118518_ENST00000368314.6_UTR_pair	170	7	869
ENSG00000152894_ENST00000368226.9_UTR_pair	241	7	1442
ENSG00000146376_ENST00000368149.3_UTR_pair	41	7	2381
ENSG00000198945_ENST00000361794.7_UTR_pair	178	7	1685
ENSG00000079819_ENST00000337057.8_UTR_pair	105	7	1257
ENSG00000118507_ENST00000431975.7_UTR_pair	297	7	1806
ENSG00000112282_ENST00000368068.8_UTR_pair	193	7	947
ENSG00000112306_ENST00000230050.4_UTR_pair	82	7	22
ENSG00000112319_ENST00000355286.12_UTR_pair	458	7	3323
ENSG00000028839_ENST00000237264.9_UTR_pair	246	7	3392
ENSG00000118515_ENST00000367858.10_UTR_pair	652	7	1012
ENSG00000112339_ENST00000367837.10_UTR_pair	131	7	4901
ENSG00000135541_ENST00000265602.11_UTR_pair	359	7	2113
ENSG00000146410_ENST00000420702.6_UTR_pair	390	7	241
ENSG00000029363_ENST00000531224.6_UTR_pair	248	7	4483
ENSG00000197442_ENST00000359015.5_UTR_pair	320	7	712
ENSG00000112357_ENST00000318471.5_UTR_pair	74	7	408
ENSG00000118503_ENST00000612899.5_UTR_pair	299	7	1993
ENSG00000112378_ENST00000421351.4_UTR_pair	79	7	3537
ENSG00000051620_ENST00000607197.6_UTR_pair	273	7	9119
ENSG00000024862_ENST00000617445.5_UTR_pair	176	7	516
ENSG00000135597_ENST00000450536.7_UTR_pair	571	7	1571
ENSG00000146386_ENST00000367660.4_UTR_pair	137	7	399
ENSG00000112406_ENST00000367658.3_UTR_pair	317	7	3697
ENSG00000164442_ENST00000367651.4_UTR_pair	244	7	1325
ENSG00000009844_ENST00000367630.9_UTR_pair	25	7	6042
ENSG00000112414_ENST00000367609.8_UTR_pair	323	7	2746
ENSG00000010818_ENST00000367603.8_UTR_pair	718	7	1638
ENSG00000189007_ENST00000237283.9_UTR_pair	37	7	5631
ENSG00000034693_ENST00000367591.5_UTR_pair	238	7	1390
ENSG00000001036_ENST00000002165.11_UTR_pair	86	7	895
ENSG00000112419_ENST00000440869.7_UTR_pair	199	7	7496
ENSG00000118495_ENST00000674357.1_UTR_pair	753	7	1124
ENSG00000169976_ENST00000367569.4_UTR_pair	76	7	353
ENSG00000118496_ENST00000237281.5_UTR_pair	209	7	6604
ENSG00000146414_ENST00000275233.12_UTR_pair	660	7	1884
ENSG00000118508_ENST00000367495.4_UTR_pair	39	7	348
ENSG00000164506_ENST00000321680.11_UTR_pair	116	7	5718
ENSG00000111961_ENST00000367467.8_UTR_pair	230	7	3486
ENSG00000111962_ENST00000367463.5_UTR_pair	401	7	2874
ENSG00000055208_ENST00000637181.2_UTR_pair	393	7	1888
ENSG00000131013_ENST00000253329.3_UTR_pair	38	7	958
ENSG00000055211_ENST00000367419.10_UTR_pair	40	7	910
ENSG00000186625_ENST00000367411.7_UTR_pair	259	7	163
ENSG00000131023_ENST00000543571.6_UTR_pair	393	7	3576
ENSG00000120256_ENST00000239367.7_UTR_pair	339	7	1792
ENSG00000198729_ENST00000361131.5_UTR_pair	149	7	1572
ENSG00000120278_ENST00000696526.1_UTR_pair	290	7	2769
ENSG00000120254_ENST00000367321.8_UTR_pair	121	7	393
ENSG00000131016_ENST00000402676.7_UTR_pair	272	7	2845
ENSG00000181472_ENST00000325144.5_UTR_pair	152	7	1406
ENSG00000146476_ENST00000367294.4_UTR_pair	80	7	991
ENSG00000213079_ENST00000367178.8_UTR_pair	485	7	826
ENSG00000029639_ENST00000367166.5_UTR_pair	56	7	1702
ENSG00000049618_ENST00000636930.2_UTR_pair	303	7	2888
ENSG00000215712_ENST00000400788.9_UTR_pair	20	7	3876
ENSG00000175048_ENST00000359775.10_UTR_pair	832	7	5035
ENSG00000130340_ENST00000392185.8_UTR_pair	189	7	2239
ENSG00000078269_ENST00000355585.9_UTR_pair	99	7	2812
ENSG00000122335_ENST00000647468.2_UTR_pair	124	7	1847
ENSG00000130338_ENST00000367097.8_UTR_pair	1552	7	5134
ENSG00000092820_ENST00000367075.4_UTR_pair	125	7	1166
ENSG00000146457_ENST00000621533.5_UTR_pair	206	7	708
ENSG00000120437_ENST00000367048.5_UTR_pair	43	7	283
ENSG00000120438_ENST00000321394.12_UTR_pair	134	7	547
ENSG00000085511_ENST00000392142.9_UTR_pair	163	7	510
ENSG00000026652_ENST00000320285.9_UTR_pair	213	7	6573
ENSG00000112531_ENST00000361752.8_UTR_pair	476	7	7882
ENSG00000112541_ENST00000539869.4_UTR_pair	430	7	5736
ENSG00000060762_ENST00000360961.11_UTR_pair	64	7	510
ENSG00000071242_ENST00000265678.9_UTR_pair	232	7	3398
ENSG00000130396_ENST00000683244.1_UTR_pair	222	7	2088
ENSG00000130024_ENST00000339209.9_UTR_pair	569	7	101
ENSG00000130023_ENST00000366773.8_UTR_pair	36	7	87
ENSG00000198719_ENST00000366756.4_UTR_pair	939	7	668
ENSG00000112584_ENST00000476287.4_UTR_pair	106	7	2316
ENSG00000071994_ENST00000541970.6_UTR_pair	56	7	2264
ENSG00000177706_ENST00000313766.6_UTR_pair	629	7	792
ENSG00000197461_ENST00000402802.8_UTR_pair	845	7	1306
ENSG00000188191_ENST00000537384.6_UTR_pair	94	7	1232
ENSG00000164828_ENST00000401592.6_UTR_pair	49	7	1603
ENSG00000239857_ENST00000265857.8_UTR_pair	92	7	1014
ENSG00000105963_ENST00000265846.10_UTR_pair	203	7	1021
ENSG00000178381_ENST00000316495.8_UTR_pair	278	7	162
ENSG00000164877_ENST00000297508.8_UTR_pair	144	7	237
ENSG00000164880_ENST00000404767.8_UTR_pair	108	7	300
ENSG00000198517_ENST00000343242.9_UTR_pair	241	7	2668
ENSG00000157778_ENST00000288607.3_UTR_pair	693	7	366
ENSG00000106266_ENST00000222990.8_UTR_pair	20	7	3286
ENSG00000106263_ENST00000360876.9_UTR_pair	95	7	556
ENSG00000106003_ENST00000222725.10_UTR_pair	88	7	1217
ENSG00000106009_ENST00000340611.9_UTR_pair	54	7	259
ENSG00000106012_ENST00000402050.7_UTR_pair	203	7	4566
ENSG00000136295_ENST00000258796.12_UTR_pair	170	7	3063
ENSG00000146535_ENST00000275364.8_UTR_pair	147	7	3076
ENSG00000146587_ENST00000396912.2_UTR_pair	581	7	3886
ENSG00000157954_ENST00000288828.9_UTR_pair	187	7	2893
ENSG00000164638_ENST00000396872.8_UTR_pair	148	7	3973
ENSG00000182095_ENST00000430969.6_UTR_pair	637	7	1295
ENSG00000155034_ENST00000382368.8_UTR_pair	135	7	5978
ENSG00000075624_ENST00000646664.1_UTR_pair	84	7	600
ENSG00000075618_ENST00000382361.8_UTR_pair	121	7	1181
ENSG00000011275_ENST00000389902.8_UTR_pair	192	7	2813
ENSG00000086232_ENST00000199389.11_UTR_pair	92	7	2426
ENSG00000106346_ENST00000306177.10_UTR_pair	93	7	1046
ENSG00000008256_ENST00000350796.8_UTR_pair	117	7	3165
ENSG00000136238_ENST00000348035.9_UTR_pair	209	7	1521
ENSG00000164535_ENST00000297056.11_UTR_pair	112	7	708
ENSG00000136240_ENST00000258739.9_UTR_pair	95	7	2052
ENSG00000136247_ENST00000335965.11_UTR_pair	207	7	464
ENSG00000146576_ENST00000344417.10_UTR_pair	263	7	565
ENSG00000205903_ENST00000382252.6_UTR_pair	560	7	3668
ENSG00000164631_ENST00000405858.6_UTR_pair	566	7	2415
ENSG00000106392_ENST00000436587.7_UTR_pair	294	7	4889
ENSG00000164654_ENST00000340080.9_UTR_pair	409	7	1840
ENSG00000219545_ENST00000682710.1_UTR_pair	133	7	1685
ENSG00000189043_ENST00000339600.6_UTR_pair	96	7	1693
ENSG00000106443_ENST00000634607.2_UTR_pair	452	7	128
ENSG00000122644_ENST00000651779.1_UTR_pair	185	7	2101
ENSG00000006468_ENST00000430479.6_UTR_pair	388	7	4637
ENSG00000106524_ENST00000306999.7_UTR_pair	181	7	982
ENSG00000136261_ENST00000258761.8_UTR_pair	115	7	429
ENSG00000106537_ENST00000262067.5_UTR_pair	213	7	1045
ENSG00000106546_ENST00000242057.9_UTR_pair	613	7	3083
ENSG00000071189_ENST00000428135.7_UTR_pair	199	7	3284
ENSG00000122691_ENST00000242261.6_UTR_pair	315	7	706
ENSG00000105849_ENST00000222567.6_UTR_pair	21	7	2855
ENSG00000105855_ENST00000222573.5_UTR_pair	907	7	5757
ENSG00000105866_ENST00000222584.8_UTR_pair	169	7	3553
ENSG00000164649_ENST00000406877.8_UTR_pair	95	7	1423
ENSG00000136237_ENST00000665637.1_UTR_pair	94	7	4170
ENSG00000122550_ENST00000339077.10_UTR_pair	242	7	3616
ENSG00000136243_ENST00000258742.10_UTR_pair	38	7	261
ENSG00000136231_ENST00000258729.8_UTR_pair	381	7	2153
ENSG00000164548_ENST00000297071.9_UTR_pair	157	7	779
ENSG00000169193_ENST00000307471.8_UTR_pair	454	7	1593
ENSG00000105926_ENST00000222644.10_UTR_pair	144	7	6579
ENSG00000070882_ENST00000313367.7_UTR_pair	442	7	3643
ENSG00000122566_ENST00000618183.5_UTR_pair	169	7	2433
ENSG00000122565_ENST00000396386.7_UTR_pair	110	7	1399
ENSG00000086300_ENST00000338523.9_UTR_pair	248	7	1811
ENSG00000005020_ENST00000345317.7_UTR_pair	161	7	2598
ENSG00000106004_ENST00000222726.4_UTR_pair	74	7	783
ENSG00000122592_ENST00000242159.5_UTR_pair	130	7	1193
ENSG00000106049_ENST00000265395.7_UTR_pair	95	7	772
ENSG00000106052_ENST00000396319.7_UTR_pair	115	7	938
ENSG00000153814_ENST00000283928.10_UTR_pair	218	7	2223
ENSG00000146592_ENST00000357727.7_UTR_pair	397	7	6615
ENSG00000136193_ENST00000242059.10_UTR_pair	161	7	3848
ENSG00000106080_ENST00000222803.10_UTR_pair	194	7	4148
ENSG00000106086_ENST00000449726.6_UTR_pair	351	7	5863
ENSG00000180233_ENST00000323037.5_UTR_pair	761	7	1677
ENSG00000106100_ENST00000222823.9_UTR_pair	530	7	1111
ENSG00000006625_ENST00000275428.9_UTR_pair	120	7	471
ENSG00000106105_ENST00000389266.8_UTR_pair	44	7	173
ENSG00000240583_ENST00000311813.11_UTR_pair	57	7	1887
ENSG00000105778_ENST00000318709.9_UTR_pair	221	7	4819
ENSG00000170852_ENST00000304056.9_UTR_pair	563	7	1173
ENSG00000122642_ENST00000242209.9_UTR_pair	134	7	1577
ENSG00000122643_ENST00000610140.7_UTR_pair	71	7	600
ENSG00000122507_ENST00000242067.11_UTR_pair	489	7	843
ENSG00000122557_ENST00000311350.8_UTR_pair	632	7	1031
ENSG00000122545_ENST00000350320.11_UTR_pair	153	7	2817
ENSG00000011426_ENST00000265748.7_UTR_pair	165	7	1191
ENSG00000155849_ENST00000310758.9_UTR_pair	263	7	2645
ENSG00000086289_ENST00000199448.9_UTR_pair	300	7	1540
ENSG00000010270_ENST00000009041.12_UTR_pair	234	7	764
ENSG00000078053_ENST00000356264.7_UTR_pair	22	7	1114
ENSG00000006451_ENST00000005257.7_UTR_pair	291	7	1875
ENSG00000168303_ENST00000306984.8_UTR_pair	55	7	7032
ENSG00000106571_ENST00000395925.8_UTR_pair	281	7	3381
ENSG00000164543_ENST00000319357.6_UTR_pair	136	7	2537
ENSG00000062582_ENST00000317534.6_UTR_pair	22	7	141
ENSG00000106608_ENST00000453200.6_UTR_pair	21	7	754
ENSG00000078967_ENST00000222402.8_UTR_pair	97	7	3441
ENSG00000136279_ENST00000448521.6_UTR_pair	36	7	8540
ENSG00000106636_ENST00000223369.3_UTR_pair	158	7	2012
ENSG00000015676_ENST00000355451.8_UTR_pair	58	7	6892
ENSG00000136271_ENST00000258772.10_UTR_pair	13	7	198
ENSG00000158604_ENST00000457408.7_UTR_pair	25	7	1585
ENSG00000105953_ENST00000222673.6_UTR_pair	54	7	1067
ENSG00000122515_ENST00000309315.9_UTR_pair	207	7	2258
ENSG00000196262_ENST00000468812.6_UTR_pair	44	7	1695
ENSG00000105968_ENST00000308153.9_UTR_pair	116	7	2523
ENSG00000146676_ENST00000395699.5_UTR_pair	182	7	8111
ENSG00000136280_ENST00000258781.11_UTR_pair	133	7	396
ENSG00000136270_ENST00000258770.8_UTR_pair	105	7	225
ENSG00000146674_ENST00000613132.5_UTR_pair	132	7	1605
ENSG00000183696_ENST00000395564.9_UTR_pair	352	7	379
ENSG00000132436_ENST00000433017.6_UTR_pair	775	7	1130
ENSG00000106070_ENST00000401949.6_UTR_pair	799	7	2884
ENSG00000106078_ENST00000265136.12_UTR_pair	176	7	1339
ENSG00000146648_ENST00000275493.7_UTR_pair	261	7	6011
ENSG00000132434_ENST00000254770.3_UTR_pair	689	7	2417
ENSG00000154978_ENST00000285279.10_UTR_pair	178	7	2242
ENSG00000146729_ENST00000322090.8_UTR_pair	25	7	1107
ENSG00000146733_ENST00000275605.8_UTR_pair	598	7	698
ENSG00000129103_ENST00000434526.8_UTR_pair	26	7	1058
ENSG00000106153_ENST00000395422.4_UTR_pair	63	7	278
ENSG00000196715_ENST00000360768.5_UTR_pair	298	7	5258
ENSG00000169919_ENST00000304895.9_UTR_pair	30	7	213
ENSG00000169902_ENST00000304842.6_UTR_pair	290	7	578
ENSG00000243335_ENST00000639828.2_UTR_pair	184	7	3815
ENSG00000106609_ENST00000341567.8_UTR_pair	255	7	3029
ENSG00000126524_ENST00000246868.7_UTR_pair	169	7	691
ENSG00000198874_ENST00000359626.10_UTR_pair	146	7	985
ENSG00000158321_ENST00000342771.10_UTR_pair	1179	7	2510
ENSG00000130305_ENST00000438747.7_UTR_pair	36	7	899
ENSG00000009954_ENST00000339594.9_UTR_pair	360	7	1303
ENSG00000106635_ENST00000223368.7_UTR_pair	112	7	942
ENSG00000106638_ENST00000305632.11_UTR_pair	30	7	2970
ENSG00000176428_ENST00000324941.5_UTR_pair	128	7	734
ENSG00000176410_ENST00000395176.3_UTR_pair	30	7	1825
ENSG00000106089_ENST00000222812.8_UTR_pair	38	7	1197
ENSG00000106077_ENST00000222800.8_UTR_pair	32	7	465
ENSG00000106683_ENST00000336180.7_UTR_pair	187	7	1224
ENSG00000106682_ENST00000265753.13_UTR_pair	28	7	1788
ENSG00000106665_ENST00000223398.11_UTR_pair	395	7	2087
ENSG00000006704_ENST00000424337.7_UTR_pair	277	7	172
ENSG00000263001_ENST00000573035.6_UTR_pair	356	7	1162
ENSG00000274523_ENST00000610322.5_UTR_pair	65	7	849
ENSG00000127946_ENST00000336926.11_UTR_pair	21	7	4874
ENSG00000127948_ENST00000461988.6_UTR_pair	38	7	374
ENSG00000189077_ENST00000493111.7_UTR_pair	25	7	341
ENSG00000127952_ENST00000359697.8_UTR_pair	343	7	126
ENSG00000146701_ENST00000315758.10_UTR_pair	55	7	1098
ENSG00000106211_ENST00000248553.7_UTR_pair	40	7	119
ENSG00000170027_ENST00000307630.5_UTR_pair	183	7	2778
ENSG00000091073_ENST00000430490.7_UTR_pair	382	7	390
ENSG00000127947_ENST00000248594.11_UTR_pair	252	7	789
ENSG00000135211_ENST00000257663.4_UTR_pair	231	7	244
ENSG00000006576_ENST00000422959.8_UTR_pair	234	7	2347
ENSG00000127955_ENST00000649796.2_UTR_pair	330	7	8688
ENSG00000075223_ENST00000265361.8_UTR_pair	262	7	2356
ENSG00000153956_ENST00000356860.8_UTR_pair	318	7	3948
ENSG00000170381_ENST00000643230.2_UTR_pair	597	7	4348
ENSG00000075213_ENST00000265362.9_UTR_pair	203	7	5594
ENSG00000135164_ENST00000331242.12_UTR_pair	234	7	1185
ENSG00000135185_ENST00000257637.8_UTR_pair	229	7	476
ENSG00000005469_ENST00000331536.8_UTR_pair	216	7	1150
ENSG00000085563_ENST00000622132.5_UTR_pair	136	7	1226
ENSG00000075303_ENST00000341119.10_UTR_pair	358	7	2681
ENSG00000006634_ENST00000265728.6_UTR_pair	240	7	1390
ENSG00000008277_ENST00000413139.2_UTR_pair	215	7	6398
ENSG00000164647_ENST00000297205.7_UTR_pair	106	7	93
ENSG00000157214_ENST00000394621.7_UTR_pair	452	7	5059
ENSG00000105793_ENST00000222511.11_UTR_pair	26	7	6299
ENSG00000157224_ENST00000496677.6_UTR_pair	255	7	2543
ENSG00000058091_ENST00000380050.8_UTR_pair	307	7	3454
ENSG00000157240_ENST00000287934.4_UTR_pair	448	7	4502
ENSG00000001630_ENST00000003100.13_UTR_pair	113	7	1512
ENSG00000001631_ENST00000394505.7_UTR_pair	545	7	1323
ENSG00000001629_ENST00000265742.8_UTR_pair	636	7	2434
ENSG00000157259_ENST00000287957.5_UTR_pair	248	7	3513
ENSG00000127980_ENST00000248633.9_UTR_pair	85	7	432
ENSG00000234545_ENST00000445716.6_UTR_pair	99	7	1524
ENSG00000105810_ENST00000424848.3_UTR_pair	463	7	10219
ENSG00000004766_ENST00000305866.10_UTR_pair	102	7	2687
ENSG00000127920_ENST00000248564.6_UTR_pair	403	7	2394
ENSG00000105829_ENST00000222547.8_UTR_pair	139	7	985
ENSG00000164692_ENST00000297268.11_UTR_pair	137	7	834
ENSG00000127995_ENST00000297273.9_UTR_pair	276	7	1261
ENSG00000127990_ENST00000648936.2_UTR_pair	35	7	519
ENSG00000158528_ENST00000433360.6_UTR_pair	325	7	6097
ENSG00000105854_ENST00000222572.8_UTR_pair	77	7	468
ENSG00000004799_ENST00000005178.6_UTR_pair	223	7	2142
ENSG00000004864_ENST00000265631.10_UTR_pair	142	7	971
ENSG00000127922_ENST00000248566.4_UTR_pair	83	7	162
ENSG00000196636_ENST00000432641.3_UTR_pair	26	7	548
ENSG00000070669_ENST00000394308.8_UTR_pair	117	7	582
ENSG00000164715_ENST00000297293.6_UTR_pair	316	7	4146
ENSG00000164713_ENST00000297290.4_UTR_pair	110	7	302
ENSG00000006453_ENST00000005260.9_UTR_pair	238	7	1871
ENSG00000106236_ENST00000265634.4_UTR_pair	177	7	1240
ENSG00000198742_ENST00000361368.7_UTR_pair	328	7	3144
ENSG00000241685_ENST00000262942.10_UTR_pair	136	7	333
ENSG00000130429_ENST00000646101.2_UTR_pair	65	7	327
ENSG00000106244_ENST00000350498.8_UTR_pair	49	7	2009
ENSG00000160917_ENST00000292476.10_UTR_pair	140	7	873
ENSG00000198556_ENST00000331410.10_UTR_pair	221	7	117
ENSG00000160908_ENST00000337673.7_UTR_pair	188	7	289
ENSG00000196652_ENST00000326775.10_UTR_pair	112	7	2451
ENSG00000221909_ENST00000449309.2_UTR_pair	360	7	386
ENSG00000197343_ENST00000252713.9_UTR_pair	173	7	2869
ENSG00000197037_ENST00000394152.7_UTR_pair	329	7	2388
ENSG00000146833_ENST00000349062.7_UTR_pair	129	7	1760
ENSG00000106261_ENST00000324306.11_UTR_pair	219	7	7492
ENSG00000166529_ENST00000292450.9_UTR_pair	164	7	423
ENSG00000166526_ENST00000299667.9_UTR_pair	286	7	1170
ENSG00000168090_ENST00000303904.8_UTR_pair	22	7	398
ENSG00000166508_ENST00000303887.10_UTR_pair	103	7	204
ENSG00000221838_ENST00000359593.9_UTR_pair	72	7	2157
ENSG00000166997_ENST00000262932.5_UTR_pair	111	7	620
ENSG00000146834_ENST00000310512.4_UTR_pair	188	7	564
ENSG00000166925_ENST00000300181.7_UTR_pair	690	7	440
ENSG00000106351_ENST00000300176.9_UTR_pair	144	7	3229
ENSG00000106333_ENST00000223061.6_UTR_pair	94	7	72
ENSG00000106330_ENST00000393950.7_UTR_pair	252	7	194
ENSG00000172354_ENST00000303210.9_UTR_pair	273	7	368
ENSG00000146830_ENST00000678049.1_UTR_pair	1239	7	2212
ENSG00000196411_ENST00000358173.8_UTR_pair	493	7	896
ENSG00000146828_ENST00000354161.8_UTR_pair	165	7	405
ENSG00000087077_ENST00000200457.9_UTR_pair	111	7	151
ENSG00000087085_ENST00000241069.11_UTR_pair	107	7	220
ENSG00000169871_ENST00000306085.11_UTR_pair	255	7	8387
ENSG00000106366_ENST00000223095.5_UTR_pair	142	7	1805
ENSG00000106367_ENST00000337619.11_UTR_pair	39	7	710
ENSG00000128564_ENST00000249330.3_UTR_pair	216	7	487
ENSG00000106397_ENST00000223127.8_UTR_pair	307	7	297
ENSG00000106400_ENST00000305105.3_UTR_pair	31	7	232
ENSG00000128563_ENST00000397912.3_UTR_pair	49	7	1555
ENSG00000160991_ENST00000495936.7_UTR_pair	209	7	9773
ENSG00000161036_ENST00000292616.10_UTR_pair	97	7	119
ENSG00000005075_ENST00000292614.10_UTR_pair	62	7	521
ENSG00000170632_ENST00000323716.8_UTR_pair	133	7	1206
ENSG00000161048_ENST00000465647.6_UTR_pair	305	7	3653
ENSG00000105819_ENST00000249269.9_UTR_pair	25	7	2415
ENSG00000105821_ENST00000379263.8_UTR_pair	145	7	280
ENSG00000161057_ENST00000292644.5_UTR_pair	69	7	1341
ENSG00000164815_ENST00000297431.9_UTR_pair	109	7	507
ENSG00000005483_ENST00000311117.8_UTR_pair	519	7	1686
ENSG00000135250_ENST00000393651.8_UTR_pair	115	7	1464
ENSG00000091127_ENST00000469408.6_UTR_pair	252	7	1287
ENSG00000135249_ENST00000257700.7_UTR_pair	115	7	366
ENSG00000146776_ENST00000419735.8_UTR_pair	41	7	3080
ENSG00000008282_ENST00000455385.7_UTR_pair	104	7	1300
ENSG00000105835_ENST00000222553.8_UTR_pair	99	7	2785
ENSG00000253276_ENST00000523505.3_UTR_pair	262	7	5829
ENSG00000005249_ENST00000265717.5_UTR_pair	203	7	2229
ENSG00000105856_ENST00000222574.9_UTR_pair	198	7	1091
ENSG00000164597_ENST00000297135.9_UTR_pair	24	7	2144
ENSG00000105865_ENST00000265720.8_UTR_pair	349	7	963
ENSG00000105879_ENST00000440859.8_UTR_pair	22	7	2489
ENSG00000091140_ENST00000205402.10_UTR_pair	68	7	1939
ENSG00000091136_ENST00000222399.11_UTR_pair	137	7	152
ENSG00000177683_ENST00000415914.4_UTR_pair	137	7	2059
ENSG00000128590_ENST00000249356.4_UTR_pair	240	7	1497
ENSG00000184903_ENST00000405709.7_UTR_pair	644	7	958
ENSG00000128512_ENST00000428084.6_UTR_pair	261	7	2164
ENSG00000006652_ENST00000403825.8_UTR_pair	229	7	1684
ENSG00000146802_ENST00000312814.11_UTR_pair	362	7	4820
ENSG00000164603_ENST00000297145.9_UTR_pair	125	7	2597
ENSG00000135272_ENST00000393486.6_UTR_pair	650	7	3982
ENSG00000135269_ENST00000358204.9_UTR_pair	169	7	1301
ENSG00000105971_ENST00000222693.5_UTR_pair	44	7	2420
ENSG00000105974_ENST00000341049.7_UTR_pair	27	7	1892
ENSG00000105976_ENST00000397752.8_UTR_pair	396	7	2253
ENSG00000198898_ENST00000361183.8_UTR_pair	25	7	4182
ENSG00000004866_ENST00000323984.8_UTR_pair	40	7	319
ENSG00000106025_ENST00000222747.8_UTR_pair	395	7	1272
ENSG00000071243_ENST00000315870.10_UTR_pair	120	7	2372
ENSG00000196937_ENST00000359943.8_UTR_pair	188	7	1583
ENSG00000008311_ENST00000417368.7_UTR_pair	104	7	2940
ENSG00000081803_ENST00000449022.7_UTR_pair	123	7	1754
ENSG00000106299_ENST00000223023.5_UTR_pair	269	7	2576
ENSG00000048405_ENST00000265827.8_UTR_pair	707	7	1771
ENSG00000179562_ENST00000321407.3_UTR_pair	414	7	1386
ENSG00000197157_ENST00000354725.8_UTR_pair	180	7	535
ENSG00000106348_ENST00000338791.11_UTR_pair	81	7	730
ENSG00000128595_ENST00000249364.9_UTR_pair	85	7	4233
ENSG00000128596_ENST00000297788.9_UTR_pair	444	7	337
ENSG00000128591_ENST00000325888.13_UTR_pair	232	7	749
ENSG00000128524_ENST00000249289.5_UTR_pair	49	7	269
ENSG00000128604_ENST00000357234.10_UTR_pair	134	7	1220
ENSG00000064419_ENST00000265388.10_UTR_pair	341	7	1232
ENSG00000158457_ENST00000486685.3_UTR_pair	274	7	1825
ENSG00000128602_ENST00000249373.8_UTR_pair	519	7	1094
ENSG00000158467_ENST00000325006.8_UTR_pair	47	7	3166
ENSG00000106459_ENST00000393232.6_UTR_pair	111	7	1895
ENSG00000186591_ENST00000355621.8_UTR_pair	405	7	4205
ENSG00000128607_ENST00000335420.10_UTR_pair	110	7	4959
ENSG00000106477_ENST00000223208.10_UTR_pair	50	7	5120
ENSG00000106484_ENST00000223215.10_UTR_pair	229	7	1409
ENSG00000158623_ENST00000425248.5_UTR_pair	80	7	438
ENSG00000128585_ENST00000352689.11_UTR_pair	24	7	8904
ENSG00000128567_ENST00000378555.8_UTR_pair	269	7	4040
ENSG00000106554_ENST00000262570.10_UTR_pair	153	7	767
ENSG00000131558_ENST00000253861.5_UTR_pair	24	7	1233
ENSG00000205060_ENST00000378509.9_UTR_pair	179	7	5501
ENSG00000085662_ENST00000285930.9_UTR_pair	38	7	372
ENSG00000172331_ENST00000344924.8_UTR_pair	146	7	785
ENSG00000122786_ENST00000361675.7_UTR_pair	245	7	2384
ENSG00000080802_ENST00000541284.6_UTR_pair	306	7	1090
ENSG00000105887_ENST00000393085.4_UTR_pair	259	7	3166
ENSG00000182158_ENST00000330387.11_UTR_pair	381	7	5497
ENSG00000122779_ENST00000343526.9_UTR_pair	290	7	5045
ENSG00000105939_ENST00000242351.10_UTR_pair	389	7	4079
ENSG00000105948_ENST00000464848.5_UTR_pair	80	7	2554
ENSG00000146963_ENST00000354926.9_UTR_pair	368	7	1114
ENSG00000059378_ENST00000263549.8_UTR_pair	104	7	811
ENSG00000006459_ENST00000397560.7_UTR_pair	46	7	6348
ENSG00000157800_ENST00000326232.14_UTR_pair	185	7	1660
ENSG00000133606_ENST00000255977.7_UTR_pair	161	7	1484
ENSG00000133597_ENST00000072869.9_UTR_pair	386	7	307
ENSG00000090266_ENST00000247866.9_UTR_pair	37	7	110
ENSG00000157764_ENST00000646891.2_UTR_pair	226	7	3932
ENSG00000090263_ENST00000324787.10_UTR_pair	69	7	3820
ENSG00000006530_ENST00000649286.2_UTR_pair	39	7	2320
ENSG00000197448_ENST00000358406.10_UTR_pair	73	7	278
ENSG00000106144_ENST00000310447.10_UTR_pair	105	7	2625
ENSG00000159840_ENST00000322764.10_UTR_pair	80	7	429
ENSG00000198420_ENST00000479870.6_UTR_pair	230	7	2758
ENSG00000050327_ENST00000056217.10_UTR_pair	112	7	576
ENSG00000196511_ENST00000360057.7_UTR_pair	103	7	1604
ENSG00000055130_ENST00000325222.9_UTR_pair	288	7	528
ENSG00000106462_ENST00000320356.7_UTR_pair	135	7	263
ENSG00000155660_ENST00000652332.1_UTR_pair	97	7	732
ENSG00000197024_ENST00000475153.6_UTR_pair	290	7	3241
ENSG00000170265_ENST00000610704.5_UTR_pair	44	7	1591
ENSG00000170260_ENST00000335870.7_UTR_pair	128	7	1191
ENSG00000181220_ENST00000458143.7_UTR_pair	273	7	1590
ENSG00000133619_ENST00000496259.6_UTR_pair	104	7	528
ENSG00000171130_ENST00000425642.3_UTR_pair	97	7	1380
ENSG00000214022_ENST00000489432.7_UTR_pair	161	7	1094
ENSG00000196456_ENST00000329630.10_UTR_pair	112	7	535
ENSG00000197150_ENST00000358849.9_UTR_pair	66	7	2433
ENSG00000164885_ENST00000485972.6_UTR_pair	49	7	194
ENSG00000164889_ENST00000413384.7_UTR_pair	237	7	156
ENSG00000164896_ENST00000297532.11_UTR_pair	43	7	101
ENSG00000164897_ENST00000297533.9_UTR_pair	90	7	464
ENSG00000033100_ENST00000035307.7_UTR_pair	1529	7	141
ENSG00000082014_ENST00000262188.13_UTR_pair	132	7	323
ENSG00000013374_ENST00000568733.6_UTR_pair	37	7	1224
ENSG00000106615_ENST00000262187.10_UTR_pair	384	7	1107
ENSG00000106617_ENST00000287878.9_UTR_pair	495	7	1074
ENSG00000178234_ENST00000430044.7_UTR_pair	249	7	663
ENSG00000196584_ENST00000359321.2_UTR_pair	62	7	3866
ENSG00000133627_ENST00000256001.13_UTR_pair	131	7	825
ENSG00000157212_ENST00000404141.6_UTR_pair	195	7	459
ENSG00000186480_ENST00000340368.9_UTR_pair	109	7	1965
ENSG00000184863_ENST00000401878.8_UTR_pair	216	7	6439
ENSG00000105983_ENST00000353442.10_UTR_pair	190	7	6287
ENSG00000009335_ENST00000348165.10_UTR_pair	347	7	1615
ENSG00000105993_ENST00000262177.9_UTR_pair	167	7	1341
ENSG00000146918_ENST00000356309.8_UTR_pair	120	7	497
ENSG00000117868_ENST00000275418.13_UTR_pair	91	7	3210
ENSG00000147364_ENST00000350302.8_UTR_pair	116	7	9163
ENSG00000182372_ENST00000331222.6_UTR_pair	220	7	6003
ENSG00000176595_ENST00000320248.4_UTR_pair	1167	7	3872
ENSG00000155189_ENST00000285518.11_UTR_pair	27	7	4115
ENSG00000147324_ENST00000276282.7_UTR_pair	572	7	2668
ENSG00000104626_ENST00000250263.8_UTR_pair	167	7	3304
ENSG00000173281_ENST00000310455.4_UTR_pair	113	7	4539
ENSG00000173273_ENST00000310430.11_UTR_pair	28	7	5610
ENSG00000104643_ENST00000221086.8_UTR_pair	73	7	5358
ENSG00000164733_ENST00000353047.11_UTR_pair	112	7	2601
ENSG00000154359_ENST00000398246.8_UTR_pair	106	7	1190
ENSG00000164741_ENST00000276297.9_UTR_pair	375	7	2450
ENSG00000104723_ENST00000503731.6_UTR_pair	168	7	2482
ENSG00000104219_ENST00000262096.13_UTR_pair	242	7	4578
ENSG00000198791_ENST00000361272.9_UTR_pair	278	7	5754
ENSG00000155975_ENST00000324849.9_UTR_pair	287	7	3038
ENSG00000003989_ENST00000494857.6_UTR_pair	218	7	5420
ENSG00000104213_ENST00000251630.11_UTR_pair	37	7	343
ENSG00000129422_ENST00000693296.1_UTR_pair	188	7	2124
ENSG00000078674_ENST00000325083.13_UTR_pair	291	7	2286
ENSG00000104763_ENST00000637790.2_UTR_pair	49	7	1542
ENSG00000156011_ENST00000327040.13_UTR_pair	120	7	8440
ENSG00000104611_ENST00000265807.8_UTR_pair	335	7	1576
ENSG00000104613_ENST00000397977.8_UTR_pair	122	7	262
ENSG00000175445_ENST00000650287.1_UTR_pair	188	7	1949
ENSG00000147416_ENST00000276390.7_UTR_pair	26	7	1294
ENSG00000061337_ENST00000381569.5_UTR_pair	358	7	3557
ENSG00000130227_ENST00000252512.14_UTR_pair	109	7	1497
ENSG00000158856_ENST00000358242.6_UTR_pair	494	7	1062
ENSG00000158863_ENST00000289921.8_UTR_pair	104	7	1980
ENSG00000168476_ENST00000306306.8_UTR_pair	425	7	467
ENSG00000168487_ENST00000306385.10_UTR_pair	34	7	598
ENSG00000168495_ENST00000306433.9_UTR_pair	56	7	4083
ENSG00000104635_ENST00000381237.6_UTR_pair	146	7	3038
ENSG00000120910_ENST00000240139.10_UTR_pair	332	7	323
ENSG00000120913_ENST00000409417.6_UTR_pair	130	7	388
ENSG00000158941_ENST00000308511.9_UTR_pair	124	7	789
ENSG00000147439_ENST00000276416.11_UTR_pair	70	7	1004
ENSG00000008853_ENST00000251822.7_UTR_pair	568	7	2730
ENSG00000104689_ENST00000221132.8_UTR_pair	41	7	1242
ENSG00000147457_ENST00000397677.6_UTR_pair	648	7	1400
ENSG00000134013_ENST00000389131.8_UTR_pair	250	7	1146
ENSG00000147454_ENST00000519973.6_UTR_pair	47	7	3608
ENSG00000159167_ENST00000290271.7_UTR_pair	283	7	2841
ENSG00000277586_ENST00000610854.2_UTR_pair	97	7	1855
ENSG00000147459_ENST00000276440.12_UTR_pair	220	7	4413
ENSG00000104756_ENST00000221200.9_UTR_pair	187	7	2010
ENSG00000184661_ENST00000330560.8_UTR_pair	241	7	173
ENSG00000221914_ENST00000380737.8_UTR_pair	312	7	2267
ENSG00000104765_ENST00000380629.7_UTR_pair	77	7	2715
ENSG00000240694_ENST00000522362.7_UTR_pair	675	7	2960
ENSG00000092964_ENST00000521913.7_UTR_pair	295	7	2469
ENSG00000104228_ENST00000305364.9_UTR_pair	37	7	2664
ENSG00000120899_ENST00000346049.10_UTR_pair	167	7	877
ENSG00000120915_ENST00000521400.6_UTR_pair	66	7	1042
ENSG00000120885_ENST00000316403.15_UTR_pair	75	7	1324
ENSG00000168077_ENST00000301904.4_UTR_pair	299	7	1667
ENSG00000147419_ENST00000356537.9_UTR_pair	100	7	2900
ENSG00000171320_ENST00000305188.13_UTR_pair	70	7	1878
ENSG00000168078_ENST00000301905.9_UTR_pair	186	7	681
ENSG00000186918_ENST00000344423.10_UTR_pair	126	7	3129
ENSG00000214050_ENST00000380254.7_UTR_pair	60	7	315
ENSG00000012232_ENST00000220562.9_UTR_pair	728	7	4733
ENSG00000147421_ENST00000287701.15_UTR_pair	341	7	2107
ENSG00000120875_ENST00000240100.7_UTR_pair	406	7	3962
ENSG00000133872_ENST00000256255.11_UTR_pair	115	7	885
ENSG00000104660_ENST00000321250.13_UTR_pair	105	7	2662
ENSG00000157110_ENST00000397323.9_UTR_pair	552	7	1731
ENSG00000197265_ENST00000355904.9_UTR_pair	268	7	603
ENSG00000104691_ENST00000265616.10_UTR_pair	26	7	612
ENSG00000104695_ENST00000221138.9_UTR_pair	397	7	619
ENSG00000165392_ENST00000298139.7_UTR_pair	240	7	3036
ENSG00000172728_ENST00000327671.10_UTR_pair	356	7	1753
ENSG00000198042_ENST00000360128.11_UTR_pair	25	7	2633
ENSG00000129696_ENST00000431156.7_UTR_pair	153	7	451
ENSG00000133874_ENST00000256257.2_UTR_pair	405	7	999
ENSG00000147475_ENST00000519638.3_UTR_pair	60	7	4307
ENSG00000104221_ENST00000220659.11_UTR_pair	78	7	1222
ENSG00000156675_ENST00000330843.9_UTR_pair	56	7	4277
ENSG00000187840_ENST00000338825.5_UTR_pair	40	7	430
ENSG00000129691_ENST00000343823.11_UTR_pair	22	7	1009
ENSG00000175324_ENST00000311351.9_UTR_pair	173	7	331
ENSG00000085788_ENST00000397166.7_UTR_pair	283	7	2263
ENSG00000147535_ENST00000424479.7_UTR_pair	25	7	1314
ENSG00000147548_ENST00000317025.13_UTR_pair	517	7	5937
ENSG00000165046_ENST00000379957.9_UTR_pair	127	7	1253
ENSG00000077782_ENST00000447712.7_UTR_pair	743	7	2485
ENSG00000147526_ENST00000317827.9_UTR_pair	347	7	5005
ENSG00000169499_ENST00000617275.5_UTR_pair	123	7	4129
ENSG00000169490_ENST00000456397.7_UTR_pair	70	7	2524
ENSG00000168615_ENST00000487273.7_UTR_pair	91	7	1561
ENSG00000104332_ENST00000220772.8_UTR_pair	314	7	3205
ENSG00000147533_ENST00000357743.9_UTR_pair	273	7	1412
ENSG00000158669_ENST00000396987.7_UTR_pair	927	7	4000
ENSG00000083168_ENST00000265713.8_UTR_pair	412	7	2726
ENSG00000070718_ENST00000396926.8_UTR_pair	115	7	2122
ENSG00000104368_ENST00000220809.9_UTR_pair	98	7	1275
ENSG00000104365_ENST00000520810.6_UTR_pair	186	7	1481
ENSG00000070501_ENST00000265421.9_UTR_pair	131	7	151
ENSG00000078668_ENST00000022615.9_UTR_pair	91	7	475
ENSG00000168575_ENST00000520262.6_UTR_pair	465	7	1328
ENSG00000131931_ENST00000254250.7_UTR_pair	231	7	1288
ENSG00000120925_ENST00000527424.6_UTR_pair	129	7	2858
ENSG00000168522_ENST00000302279.8_UTR_pair	24	7	503
ENSG00000185900_ENST00000331373.10_UTR_pair	258	7	557
ENSG00000165102_ENST00000379644.9_UTR_pair	33	7	3286
ENSG00000164808_ENST00000297423.9_UTR_pair	21	7	856
ENSG00000221869_ENST00000408965.4_UTR_pair	44	7	398
ENSG00000104738_ENST00000649973.1_UTR_pair	88	7	1382
ENSG00000169139_ENST00000523111.7_UTR_pair	24	7	3880
ENSG00000019549_ENST00000020945.4_UTR_pair	164	7	1209
ENSG00000168300_ENST00000522514.6_UTR_pair	202	7	2768
ENSG00000023287_ENST00000025008.10_UTR_pair	527	7	1324
ENSG00000047249_ENST00000359530.7_UTR_pair	247	7	421
ENSG00000147509_ENST00000276500.5_UTR_pair	144	7	845
ENSG00000187735_ENST00000521604.7_UTR_pair	323	7	1548
ENSG00000120992_ENST00000316963.8_UTR_pair	124	7	1698
ENSG00000137547_ENST00000260102.9_UTR_pair	43	7	795
ENSG00000167904_ENST00000434581.7_UTR_pair	224	7	1374
ENSG00000137574_ENST00000260129.6_UTR_pair	173	7	1742
ENSG00000254087_ENST00000519728.6_UTR_pair	274	7	4059
ENSG00000104331_ENST00000262644.9_UTR_pair	282	7	5862
ENSG00000169122_ENST00000519262.6_UTR_pair	795	7	1441
ENSG00000215114_ENST00000399598.7_UTR_pair	25	7	3950
ENSG00000137575_ENST00000260130.9_UTR_pair	58	7	1118
ENSG00000035681_ENST00000038176.8_UTR_pair	222	7	598
ENSG00000198846_ENST00000361421.2_UTR_pair	160	7	2335
ENSG00000178538_ENST00000317995.5_UTR_pair	253	7	4609
ENSG00000104388_ENST00000262646.12_UTR_pair	221	7	2875
ENSG00000171316_ENST00000423902.7_UTR_pair	517	7	2095
ENSG00000198363_ENST00000379454.9_UTR_pair	221	7	2803
ENSG00000185728_ENST00000539294.6_UTR_pair	257	7	3080
ENSG00000172817_ENST00000310193.4_UTR_pair	150	7	5791
ENSG00000104442_ENST00000276569.8_UTR_pair	215	7	1936
ENSG00000066855_ENST00000262146.9_UTR_pair	131	7	1518
ENSG00000205268_ENST00000401827.8_UTR_pair	556	7	4956
ENSG00000185697_ENST00000522677.8_UTR_pair	380	7	2522
ENSG00000175073_ENST00000310421.5_UTR_pair	273	7	6014
ENSG00000104218_ENST00000678616.1_UTR_pair	157	7	1021
ENSG00000066777_ENST00000262215.8_UTR_pair	494	7	1276
ENSG00000137573_ENST00000402687.9_UTR_pair	669	7	2377
ENSG00000140396_ENST00000452400.7_UTR_pair	185	7	3850
ENSG00000067167_ENST00000262213.7_UTR_pair	217	7	1714
ENSG00000147592_ENST00000276590.5_UTR_pair	65	7	594
ENSG00000104313_ENST00000340726.8_UTR_pair	477	7	1907
ENSG00000121039_ENST00000240285.10_UTR_pair	688	7	2245
ENSG00000040341_ENST00000524300.6_UTR_pair	254	7	1003
ENSG00000154582_ENST00000520242.6_UTR_pair	165	7	1511
ENSG00000171033_ENST00000396418.7_UTR_pair	285	7	3446
ENSG00000104427_ENST00000263849.9_UTR_pair	60	7	2272
ENSG00000164683_ENST00000354724.8_UTR_pair	104	7	1178
ENSG00000076554_ENST00000518937.6_UTR_pair	121	7	3371
ENSG00000205189_ENST00000455036.8_UTR_pair	585	7	6737
ENSG00000076641_ENST00000220597.4_UTR_pair	711	7	8734
ENSG00000164687_ENST00000297258.11_UTR_pair	60	7	208
ENSG00000133731_ENST00000256108.10_UTR_pair	98	7	2437
ENSG00000164695_ENST00000297265.5_UTR_pair	179	7	971
ENSG00000104497_ENST00000345957.9_UTR_pair	160	7	1914
ENSG00000133739_ENST00000360375.8_UTR_pair	58	7	569
ENSG00000133740_ENST00000416274.7_UTR_pair	267	7	656
ENSG00000185015_ENST00000321764.4_UTR_pair	371	7	2724
ENSG00000104267_ENST00000285379.10_UTR_pair	75	7	704
ENSG00000123124_ENST00000517970.6_UTR_pair	498	7	1610
ENSG00000176623_ENST00000406452.8_UTR_pair	66	7	1959
ENSG00000085719_ENST00000517490.6_UTR_pair	155	7	3088
ENSG00000156103_ENST00000286614.11_UTR_pair	277	7	9450
ENSG00000104312_ENST00000220751.5_UTR_pair	245	7	648
ENSG00000164823_ENST00000451899.7_UTR_pair	224	7	2356
ENSG00000180694_ENST00000458549.7_UTR_pair	178	7	3671
ENSG00000155099_ENST00000285419.8_UTR_pair	110	7	1875
ENSG00000155100_ENST00000404789.8_UTR_pair	41	7	2225
ENSG00000079102_ENST00000523629.7_UTR_pair	614	7	5270
ENSG00000183808_ENST00000520560.6_UTR_pair	274	7	5250
ENSG00000164951_ENST00000297598.5_UTR_pair	201	7	2395
ENSG00000164949_ENST00000297596.3_UTR_pair	239	7	1057
ENSG00000197275_ENST00000336148.10_UTR_pair	131	7	210
ENSG00000164944_ENST00000297591.10_UTR_pair	22	7	1017
ENSG00000156162_ENST00000414645.6_UTR_pair	99	7	3926
ENSG00000164941_ENST00000523731.6_UTR_pair	145	7	1512
ENSG00000175305_ENST00000308108.9_UTR_pair	51	7	1408
ENSG00000164938_ENST00000342697.5_UTR_pair	375	7	4507
ENSG00000156170_ENST00000396124.9_UTR_pair	20	7	773
ENSG00000175895_ENST00000315367.4_UTR_pair	260	7	1891
ENSG00000156471_ENST00000517309.6_UTR_pair	139	7	3429
ENSG00000169439_ENST00000302190.9_UTR_pair	459	7	2242
ENSG00000180543_ENST00000322128.5_UTR_pair	84	7	3103
ENSG00000147649_ENST00000336273.8_UTR_pair	323	7	5590
ENSG00000104341_ENST00000521545.7_UTR_pair	222	7	1539
ENSG00000132561_ENST00000254898.7_UTR_pair	250	7	1012
ENSG00000132541_ENST00000254878.8_UTR_pair	75	7	498
ENSG00000104375_ENST00000419617.7_UTR_pair	148	7	1209
ENSG00000164920_ENST00000297565.9_UTR_pair	496	7	399
ENSG00000164919_ENST00000520468.7_UTR_pair	100	7	416
ENSG00000104450_ENST00000388798.7_UTR_pair	32	7	882
ENSG00000034677_ENST00000341084.7_UTR_pair	180	7	1489
ENSG00000186106_ENST00000335659.7_UTR_pair	179	7	1783
ENSG00000070756_ENST00000318607.10_UTR_pair	505	7	445
ENSG00000164924_ENST00000395958.6_UTR_pair	103	7	4170
ENSG00000120963_ENST00000311212.9_UTR_pair	241	7	2200
ENSG00000104490_ENST00000220931.11_UTR_pair	127	7	2767
ENSG00000048392_ENST00000251810.8_UTR_pair	87	7	3631
ENSG00000155090_ENST00000285407.11_UTR_pair	124	7	1348
ENSG00000155096_ENST00000337198.10_UTR_pair	590	7	2259
ENSG00000155097_ENST00000518738.2_UTR_pair	182	7	4304
ENSG00000164930_ENST00000358755.5_UTR_pair	250	7	1357
ENSG00000164933_ENST00000297578.9_UTR_pair	170	7	1773
ENSG00000164934_ENST00000612750.5_UTR_pair	61	7	571
ENSG00000147650_ENST00000276654.10_UTR_pair	361	7	1437
ENSG00000164830_ENST00000517566.7_UTR_pair	316	7	1753
ENSG00000154188_ENST00000517746.6_UTR_pair	360	7	2373
ENSG00000104412_ENST00000220853.8_UTR_pair	35	7	2598
ENSG00000120526_ENST00000239690.9_UTR_pair	77	7	2090
ENSG00000120533_ENST00000521688.6_UTR_pair	122	7	2473
ENSG00000147654_ENST00000337573.10_UTR_pair	304	7	1437
ENSG00000104447_ENST00000395715.8_UTR_pair	552	7	5527
ENSG00000147677_ENST00000521861.6_UTR_pair	26	7	2876
ENSG00000147679_ENST00000309822.7_UTR_pair	80	7	2842
ENSG00000164754_ENST00000297338.7_UTR_pair	198	7	1566
ENSG00000182197_ENST00000378204.7_UTR_pair	780	7	5222
ENSG00000164761_ENST00000297350.9_UTR_pair	64	7	817
ENSG00000147676_ENST00000614891.5_UTR_pair	110	7	2185
ENSG00000136982_ENST00000313655.5_UTR_pair	99	7	917
ENSG00000155792_ENST00000286234.6_UTR_pair	125	7	1214
ENSG00000187955_ENST00000297848.8_UTR_pair	276	7	2342
ENSG00000172164_ENST00000517992.2_UTR_pair	203	7	3121
ENSG00000178764_ENST00000314393.6_UTR_pair	574	7	1273
ENSG00000136986_ENST00000259512.9_UTR_pair	180	7	2277
ENSG00000165156_ENST00000395571.8_UTR_pair	409	7	1868
ENSG00000156802_ENST00000287394.10_UTR_pair	90	7	1284
ENSG00000156804_ENST00000517956.5_UTR_pair	192	7	5484
ENSG00000176853_ENST00000334705.12_UTR_pair	264	7	2748
ENSG00000164983_ENST00000297632.8_UTR_pair	544	7	7771
ENSG00000183665_ENST00000328599.4_UTR_pair	108	7	752
ENSG00000170881_ENST00000303545.4_UTR_pair	230	7	974
ENSG00000147684_ENST00000276689.8_UTR_pair	64	7	87
ENSG00000170873_ENST00000518547.6_UTR_pair	518	7	2208
ENSG00000164961_ENST00000318410.12_UTR_pair	302	7	357
ENSG00000156831_ENST00000287437.8_UTR_pair	209	7	235
ENSG00000173334_ENST00000311922.4_UTR_pair	545	7	1932
ENSG00000153310_ENST00000694912.1_UTR_pair	380	7	2549
ENSG00000153317_ENST00000518721.6_UTR_pair	242	7	2627
ENSG00000132294_ENST00000254624.10_UTR_pair	220	7	2747
ENSG00000129292_ENST00000395386.7_UTR_pair	295	7	2884
ENSG00000104419_ENST00000323851.13_UTR_pair	137	7	1703
ENSG00000008513_ENST00000522652.6_UTR_pair	776	7	4916
ENSG00000131773_ENST00000355849.10_UTR_pair	411	7	526
ENSG00000104472_ENST00000220913.10_UTR_pair	178	7	1907
ENSG00000169398_ENST00000696786.1_UTR_pair	279	7	1566
ENSG00000105339_ENST00000519811.6_UTR_pair	119	7	1571
ENSG00000022567_ENST00000517878.6_UTR_pair	593	7	4398
ENSG00000184489_ENST00000521578.6_UTR_pair	917	7	1410
ENSG00000171045_ENST00000524325.6_UTR_pair	118	7	245
ENSG00000198576_ENST00000356613.4_UTR_pair	208	7	1551
ENSG00000234616_ENST00000612905.2_UTR_pair	498	7	6892
ENSG00000130193_ENST00000336138.4_UTR_pair	124	7	1488
ENSG00000014164_ENST00000262577.6_UTR_pair	26	7	397
ENSG00000104518_ENST00000262580.9_UTR_pair	110	7	158
ENSG00000179886_ENST00000504548.4_UTR_pair	73	7	3392
ENSG00000180921_ENST00000388913.4_UTR_pair	104	7	1988
ENSG00000185189_ENST00000442628.7_UTR_pair	139	7	2079
ENSG00000178685_ENST00000313028.12_UTR_pair	101	7	326
ENSG00000178719_ENST00000395068.9_UTR_pair	168	7	574
ENSG00000179526_ENST00000398712.7_UTR_pair	20	7	164
ENSG00000179632_ENST00000322428.10_UTR_pair	442	7	502
ENSG00000179832_ENST00000326134.10_UTR_pair	237	7	186
ENSG00000261236_ENST00000569669.6_UTR_pair	68	7	119
ENSG00000185122_ENST00000528838.6_UTR_pair	154	7	390
ENSG00000185000_ENST00000528718.6_UTR_pair	216	7	1970
ENSG00000185803_ENST00000643944.2_UTR_pair	563	7	257
ENSG00000173137_ENST00000308860.11_UTR_pair	49	7	168
ENSG00000147804_ENST00000301305.8_UTR_pair	55	7	124
ENSG00000160949_ENST00000409379.8_UTR_pair	26	7	368
ENSG00000187954_ENST00000530374.6_UTR_pair	217	7	797
ENSG00000160972_ENST00000435887.2_UTR_pair	1059	7	218
ENSG00000167700_ENST00000301327.5_UTR_pair	264	7	49
ENSG00000160957_ENST00000617875.6_UTR_pair	49	7	143
ENSG00000160959_ENST00000292524.6_UTR_pair	161	7	3694
ENSG00000147799_ENST00000377307.7_UTR_pair	242	7	1243
ENSG00000196378_ENST00000429371.7_UTR_pair	146	7	1042
ENSG00000161016_ENST00000528957.6_UTR_pair	261	7	35
ENSG00000196150_ENST00000417550.7_UTR_pair	109	7	4560
ENSG00000107104_ENST00000382297.7_UTR_pair	143	7	868
ENSG00000080503_ENST00000349721.8_UTR_pair	94	7	881
ENSG00000147852_ENST00000382100.8_UTR_pair	403	7	6188
ENSG00000080608_ENST00000397885.3_UTR_pair	61	7	179
ENSG00000080298_ENST00000617270.5_UTR_pair	263	7	6745
ENSG00000106688_ENST00000262352.8_UTR_pair	212	7	1911
ENSG00000205808_ENST00000381883.5_UTR_pair	82	7	1995
ENSG00000106993_ENST00000381854.4_UTR_pair	199	7	2287
ENSG00000147853_ENST00000381809.8_UTR_pair	115	7	3420
ENSG00000120158_ENST00000381750.9_UTR_pair	148	7	791
ENSG00000096968_ENST00000381652.4_UTR_pair	467	7	3157
ENSG00000107020_ENST00000223864.7_UTR_pair	269	7	268
ENSG00000120217_ENST00000381577.4_UTR_pair	69	7	2692
ENSG00000107036_ENST00000414202.7_UTR_pair	203	7	2311
ENSG00000099219_ENST00000339450.10_UTR_pair	90	7	2572
ENSG00000147854_ENST00000276893.10_UTR_pair	292	7	875
ENSG00000178445_ENST00000321612.8_UTR_pair	230	7	550
ENSG00000107077_ENST00000381309.8_UTR_pair	248	7	919
ENSG00000153714_ENST00000319264.4_UTR_pair	696	7	1300
ENSG00000107186_ENST00000319217.12_UTR_pair	350	7	1258
ENSG00000147862_ENST00000380953.6_UTR_pair	630	7	6461
ENSG00000175893_ENST00000380916.9_UTR_pair	428	7	7895
ENSG00000155158_ENST00000512701.7_UTR_pair	91	7	8397
ENSG00000164985_ENST00000380733.9_UTR_pair	295	7	1454
ENSG00000044459_ENST00000380647.8_UTR_pair	26	7	1271
ENSG00000107295_ENST00000380607.5_UTR_pair	177	7	1381
ENSG00000155876_ENST00000380527.3_UTR_pair	233	7	424
ENSG00000147874_ENST00000380502.8_UTR_pair	253	7	3202
ENSG00000147872_ENST00000276914.7_UTR_pair	96	7	487
ENSG00000171843_ENST00000380338.9_UTR_pair	243	7	4774
ENSG00000198642_ENST00000359039.5_UTR_pair	545	7	3341
ENSG00000099810_ENST00000644715.2_UTR_pair	113	7	5067
ENSG00000147889_ENST00000304494.10_UTR_pair	30	7	477
ENSG00000147883_ENST00000276925.7_UTR_pair	352	7	3084
ENSG00000107105_ENST00000397312.7_UTR_pair	450	7	2453
ENSG00000198680_ENST00000358022.6_UTR_pair	132	7	714
ENSG00000120159_ENST00000333916.8_UTR_pair	87	7	1616
ENSG00000137055_ENST00000397292.8_UTR_pair	197	7	2139
ENSG00000096872_ENST00000380062.10_UTR_pair	124	7	3398
ENSG00000120162_ENST00000262244.6_UTR_pair	458	7	5378
ENSG00000147894_ENST00000380003.8_UTR_pair	95	7	1690
ENSG00000122729_ENST00000309951.8_UTR_pair	115	7	4658
ENSG00000107201_ENST00000379883.3_UTR_pair	30	7	1820
ENSG00000197579_ENST00000360538.7_UTR_pair	150	7	843
ENSG00000137074_ENST00000379817.7_UTR_pair	66	7	882
ENSG00000086061_ENST00000330899.5_UTR_pair	121	7	1004
ENSG00000122692_ENST00000397149.4_UTR_pair	66	7	5528
ENSG00000086062_ENST00000379731.5_UTR_pair	167	7	2812
ENSG00000107262_ENST00000634734.3_UTR_pair	34	7	2748
ENSG00000086065_ENST00000223500.9_UTR_pair	30	7	1211
ENSG00000086102_ENST00000379540.8_UTR_pair	57	7	1179
ENSG00000165272_ENST00000297991.6_UTR_pair	63	7	883
ENSG00000165271_ENST00000297990.9_UTR_pair	82	7	1311
ENSG00000107341_ENST00000263228.4_UTR_pair	598	7	3162
ENSG00000137073_ENST00000379238.7_UTR_pair	104	7	811
ENSG00000198876_ENST00000361264.9_UTR_pair	267	7	1963
ENSG00000165006_ENST00000297661.9_UTR_pair	205	7	991
ENSG00000186638_ENST00000402558.7_UTR_pair	188	7	2000
ENSG00000164978_ENST00000379158.7_UTR_pair	295	7	259
ENSG00000164970_ENST00000651358.1_UTR_pair	307	7	2780
ENSG00000122756_ENST00000378980.8_UTR_pair	281	7	638
ENSG00000164967_ENST00000378959.9_UTR_pair	70	7	310
ENSG00000147955_ENST00000277010.9_UTR_pair	90	7	910
ENSG00000213930_ENST00000378842.8_UTR_pair	30	7	586
ENSG00000137094_ENST00000682809.1_UTR_pair	219	7	1169
ENSG00000165280_ENST00000358901.11_UTR_pair	272	7	1053
ENSG00000165282_ENST00000378617.4_UTR_pair	438	7	404
ENSG00000165283_ENST00000356493.10_UTR_pair	37	7	257
ENSG00000005238_ENST00000322813.10_UTR_pair	277	7	1104
ENSG00000198722_ENST00000635942.2_UTR_pair	275	7	1302
ENSG00000198853_ENST00000361226.8_UTR_pair	154	7	513
ENSG00000107140_ENST00000336395.6_UTR_pair	358	7	291
ENSG00000159884_ENST00000426546.7_UTR_pair	88	7	324
ENSG00000137135_ENST00000378387.4_UTR_pair	26	7	2644
ENSG00000198467_ENST00000645482.3_UTR_pair	108	7	227
ENSG00000137076_ENST00000314888.10_UTR_pair	154	7	843
ENSG00000070610_ENST00000378103.7_UTR_pair	524	7	303
ENSG00000107185_ENST00000378078.5_UTR_pair	141	7	5711
ENSG00000159899_ENST00000342694.7_UTR_pair	818	7	286
ENSG00000122707_ENST00000377966.4_UTR_pair	86	7	1410
ENSG00000122694_ENST00000377960.9_UTR_pair	46	7	1384
ENSG00000122705_ENST00000345519.10_UTR_pair	136	7	285
ENSG00000159921_ENST00000642385.2_UTR_pair	170	7	2924
ENSG00000137075_ENST00000259605.11_UTR_pair	161	7	3352
ENSG00000165304_ENST00000298048.7_UTR_pair	151	7	345
ENSG00000147905_ENST00000336755.10_UTR_pair	71	7	881
ENSG00000137106_ENST00000318158.11_UTR_pair	55	7	208
ENSG00000168795_ENST00000307750.5_UTR_pair	240	7	2416
ENSG00000137054_ENST00000377798.9_UTR_pair	100	7	495
ENSG00000147912_ENST00000432825.7_UTR_pair	176	7	1655
ENSG00000175768_ENST00000321301.7_UTR_pair	65	7	485
ENSG00000165275_ENST00000297994.4_UTR_pair	77	7	1265
ENSG00000122741_ENST00000377724.8_UTR_pair	70	7	6156
ENSG00000122696_ENST00000242275.7_UTR_pair	224	7	53
ENSG00000107338_ENST00000377707.4_UTR_pair	582	7	3923
ENSG00000137124_ENST00000377698.4_UTR_pair	115	7	1359
ENSG00000165060_ENST00000484259.3_UTR_pair	31	7	6314
ENSG00000198887_ENST00000361138.7_UTR_pair	101	7	2542
ENSG00000119138_ENST00000377126.4_UTR_pair	1294	7	3172
ENSG00000135048_ENST00000377044.9_UTR_pair	169	7	1831
ENSG00000107362_ENST00000333421.7_UTR_pair	563	7	1635
ENSG00000107372_ENST00000376962.10_UTR_pair	659	7	4540
ENSG00000135046_ENST00000257497.11_UTR_pair	74	7	286
ENSG00000135045_ENST00000376854.6_UTR_pair	301	7	1465
ENSG00000106733_ENST00000361092.9_UTR_pair	183	7	971
ENSG00000134996_ENST00000346234.7_UTR_pair	179	7	524
ENSG00000135002_ENST00000376736.6_UTR_pair	255	7	1873
ENSG00000187210_ENST00000376730.5_UTR_pair	531	7	3748
ENSG00000197969_ENST00000360280.8_UTR_pair	171	7	5531
ENSG00000156052_ENST00000286548.9_UTR_pair	576	7	5226
ENSG00000106829_ENST00000376552.8_UTR_pair	826	7	1738
ENSG00000196781_ENST00000376499.8_UTR_pair	1307	7	515
ENSG00000135018_ENST00000376395.9_UTR_pair	279	7	1819
ENSG00000165113_ENST00000376371.7_UTR_pair	428	7	272
ENSG00000165115_ENST00000297814.7_UTR_pair	149	7	2902
ENSG00000165119_ENST00000376263.8_UTR_pair	170	7	1324
ENSG00000178966_ENST00000445877.6_UTR_pair	212	7	1210
ENSG00000135049_ENST00000357081.8_UTR_pair	213	7	570
ENSG00000135040_ENST00000361671.10_UTR_pair	133	7	3502
ENSG00000135052_ENST00000388712.7_UTR_pair	169	7	1671
ENSG00000135070_ENST00000375991.9_UTR_pair	80	7	1497
ENSG00000083223_ENST00000375963.8_UTR_pair	171	7	944
ENSG00000196730_ENST00000408954.8_UTR_pair	349	7	1270
ENSG00000156345_ENST00000325303.9_UTR_pair	87	7	1021
ENSG00000106723_ENST00000375859.4_UTR_pair	253	7	3417
ENSG00000213694_ENST00000358157.3_UTR_pair	375	7	2818
ENSG00000123975_ENST00000314355.7_UTR_pair	98	7	278
ENSG00000187742_ENST00000375807.8_UTR_pair	77	7	839
ENSG00000187764_ENST00000422704.7_UTR_pair	504	7	1469
ENSG00000130222_ENST00000252506.11_UTR_pair	110	7	476
ENSG00000165025_ENST00000375754.9_UTR_pair	116	7	2949
ENSG00000148090_ENST00000375731.9_UTR_pair	29	7	525
ENSG00000165030_ENST00000297689.4_UTR_pair	365	7	301
ENSG00000169071_ENST00000375708.4_UTR_pair	265	7	1061
ENSG00000090054_ENST00000262554.7_UTR_pair	43	7	1318
ENSG00000196305_ENST00000443024.7_UTR_pair	94	7	600
ENSG00000198000_ENST00000442668.7_UTR_pair	93	7	478
ENSG00000127080_ENST00000287996.8_UTR_pair	143	7	2649
ENSG00000185963_ENST00000356884.11_UTR_pair	89	7	3791
ENSG00000165233_ENST00000375464.7_UTR_pair	129	7	176
ENSG00000131669_ENST00000375446.5_UTR_pair	34	7	744
ENSG00000048828_ENST00000277165.11_UTR_pair	231	7	1572
ENSG00000197724_ENST00000359246.9_UTR_pair	190	7	1911
ENSG00000158079_ENST00000620992.5_UTR_pair	67	7	1909
ENSG00000148110_ENST00000375344.8_UTR_pair	251	7	1630
ENSG00000158169_ENST00000289081.8_UTR_pair	262	7	2653
ENSG00000185920_ENST00000331920.11_UTR_pair	905	7	3413
ENSG00000182150_ENST00000653738.2_UTR_pair	348	7	5244
ENSG00000130958_ENST00000253270.13_UTR_pair	77	7	532
ENSG00000165244_ENST00000375256.5_UTR_pair	338	7	2296
ENSG00000130956_ENST00000375249.5_UTR_pair	111	7	1298
ENSG00000081377_ENST00000375241.6_UTR_pair	465	7	3640
ENSG00000196597_ENST00000481138.6_UTR_pair	688	7	1654
ENSG00000136943_ENST00000259470.6_UTR_pair	82	7	3272
ENSG00000196116_ENST00000355295.5_UTR_pair	149	7	242
ENSG00000136842_ENST00000259365.9_UTR_pair	186	7	2045
ENSG00000136925_ENST00000341170.5_UTR_pair	176	7	2389
ENSG00000136937_ENST00000375147.8_UTR_pair	61	7	2549
ENSG00000136938_ENST00000339399.5_UTR_pair	215	7	512
ENSG00000095380_ENST00000210444.6_UTR_pair	77	7	22
ENSG00000106785_ENST00000341469.7_UTR_pair	34	7	3117
ENSG00000106789_ENST00000375077.5_UTR_pair	79	7	3799
ENSG00000095383_ENST00000465784.7_UTR_pair	108	7	370
ENSG00000106799_ENST00000374994.9_UTR_pair	93	7	4887
ENSG00000119523_ENST00000476832.2_UTR_pair	48	7	1509
ENSG00000106803_ENST00000223641.5_UTR_pair	82	7	191
ENSG00000119508_ENST00000395097.7_UTR_pair	699	7	3024
ENSG00000136874_ENST00000259400.11_UTR_pair	115	7	5861
ENSG00000023318_ENST00000262455.7_UTR_pair	160	7	3427
ENSG00000119509_ENST00000262457.7_UTR_pair	198	7	1501
ENSG00000066697_ENST00000395067.7_UTR_pair	284	7	768
ENSG00000136870_ENST00000339664.7_UTR_pair	306	7	1005
ENSG00000155827_ENST00000389120.8_UTR_pair	88	7	922
ENSG00000136824_ENST00000374793.8_UTR_pair	230	7	2104
ENSG00000070214_ENST00000374720.8_UTR_pair	218	7	8290
ENSG00000106701_ENST00000481272.6_UTR_pair	187	7	5950
ENSG00000106692_ENST00000357998.10_UTR_pair	215	7	5854
ENSG00000095209_ENST00000374692.8_UTR_pair	120	7	2549
ENSG00000148143_ENST00000277225.10_UTR_pair	220	7	2604
ENSG00000119318_ENST00000358015.8_UTR_pair	351	7	2533
ENSG00000136826_ENST00000374672.5_UTR_pair	597	7	899
ENSG00000070061_ENST00000374647.10_UTR_pair	316	7	1598
ENSG00000119326_ENST00000325551.9_UTR_pair	57	7	192
ENSG00000070159_ENST00000374541.4_UTR_pair	106	7	3856
ENSG00000136810_ENST00000374517.6_UTR_pair	72	7	347
ENSG00000198121_ENST00000683809.1_UTR_pair	565	7	2158
ENSG00000136813_ENST00000684092.1_UTR_pair	350	7	1345
ENSG00000106853_ENST00000407693.7_UTR_pair	55	7	554
ENSG00000059769_ENST00000313525.4_UTR_pair	74	7	1123
ENSG00000242616_ENST00000374293.5_UTR_pair	30	7	964
ENSG00000148154_ENST00000374279.4_UTR_pair	402	7	2372
ENSG00000119314_ENST00000374257.6_UTR_pair	201	7	5416
ENSG00000119471_ENST00000398805.8_UTR_pair	56	7	1861
ENSG00000165185_ENST00000337530.11_UTR_pair	316	7	9328
ENSG00000148153_ENST00000374242.9_UTR_pair	187	7	3612
ENSG00000148158_ENST00000374232.8_UTR_pair	242	7	6144
ENSG00000119321_ENST00000238256.8_UTR_pair	34	7	5072
ENSG00000136868_ENST00000374212.5_UTR_pair	170	7	4019
ENSG00000176386_ENST00000374206.4_UTR_pair	342	7	271
ENSG00000136875_ENST00000374198.5_UTR_pair	86	7	1245
ENSG00000119431_ENST00000374180.4_UTR_pair	548	7	177
ENSG00000148218_ENST00000409155.8_UTR_pair	148	7	1988
ENSG00000148229_ENST00000374171.5_UTR_pair	174	7	1576
ENSG00000138835_ENST00000695401.1_UTR_pair	76	7	785
ENSG00000157657_ENST00000374126.10_UTR_pair	72	7	6426
ENSG00000095397_ENST00000362057.4_UTR_pair	672	7	674
ENSG00000136888_ENST00000374050.4_UTR_pair	70	7	1136
ENSG00000041982_ENST00000350763.9_UTR_pair	312	7	1582
ENSG00000148219_ENST00000313400.9_UTR_pair	119	7	2739
ENSG00000119401_ENST00000450136.2_UTR_pair	158	7	1595
ENSG00000136861_ENST00000349780.9_UTR_pair	189	7	361
ENSG00000106780_ENST00000373930.4_UTR_pair	112	7	4379
ENSG00000119402_ENST00000608872.6_UTR_pair	192	7	7585
ENSG00000119397_ENST00000373855.7_UTR_pair	317	7	424
ENSG00000119396_ENST00000373840.9_UTR_pair	238	7	3263
ENSG00000148180_ENST00000432226.7_UTR_pair	160	7	239
ENSG00000136848_ENST00000408936.8_UTR_pair	142	7	3032
ENSG00000119446_ENST00000417201.4_UTR_pair	142	7	4262
ENSG00000148187_ENST00000344641.8_UTR_pair	85	7	8720
ENSG00000095303_ENST00000362012.7_UTR_pair	61	7	3159
ENSG00000136940_ENST00000259467.9_UTR_pair	123	7	1988
ENSG00000056586_ENST00000357244.7_UTR_pair	317	7	5071
ENSG00000186130_ENST00000373659.4_UTR_pair	82	7	2742
ENSG00000171448_ENST00000373656.4_UTR_pair	86	7	3043
ENSG00000011454_ENST00000373647.9_UTR_pair	123	7	1653
ENSG00000119522_ENST00000394215.7_UTR_pair	221	7	1774
ENSG00000119408_ENST00000320246.10_UTR_pair	166	7	2360
ENSG00000136950_ENST00000353214.6_UTR_pair	1252	7	793
ENSG00000136935_ENST00000373555.9_UTR_pair	318	7	2255
ENSG00000173611_ENST00000336505.11_UTR_pair	91	7	10199
ENSG00000119414_ENST00000373547.9_UTR_pair	85	7	3100
ENSG00000136933_ENST00000373538.8_UTR_pair	371	7	181
ENSG00000044574_ENST00000324460.7_UTR_pair	217	7	1739
ENSG00000165219_ENST00000297933.11_UTR_pair	332	7	4461
ENSG00000119487_ENST00000265960.8_UTR_pair	307	7	1493
ENSG00000167081_ENST00000373489.10_UTR_pair	81	7	1454
ENSG00000196814_ENST00000361171.8_UTR_pair	101	7	3777
ENSG00000169155_ENST00000373464.5_UTR_pair	239	7	4297
ENSG00000177125_ENST00000319119.5_UTR_pair	111	7	4964
ENSG00000136828_ENST00000259351.10_UTR_pair	259	7	4397
ENSG00000136856_ENST00000373371.8_UTR_pair	62	7	649
ENSG00000197958_ENST00000361436.10_UTR_pair	89	7	47
ENSG00000148356_ENST00000300417.11_UTR_pair	348	7	600
ENSG00000136830_ENST00000373312.4_UTR_pair	199	7	1502
ENSG00000136854_ENST00000373299.5_UTR_pair	127	7	1842
ENSG00000160404_ENST00000373284.10_UTR_pair	24	7	510
ENSG00000136807_ENST00000373264.5_UTR_pair	115	7	1249
ENSG00000136877_ENST00000373247.7_UTR_pair	43	7	477
ENSG00000106991_ENST00000373203.9_UTR_pair	303	7	666
ENSG00000136840_ENST00000335791.10_UTR_pair	291	7	506
ENSG00000136908_ENST00000314392.13_UTR_pair	34	7	623
ENSG00000167106_ENST00000373095.6_UTR_pair	852	7	2610
ENSG00000171169_ENST00000373078.5_UTR_pair	219	7	2195
ENSG00000148339_ENST00000373069.10_UTR_pair	88	7	1801
ENSG00000148337_ENST00000372938.10_UTR_pair	146	7	132
ENSG00000106976_ENST00000372923.8_UTR_pair	92	7	530
ENSG00000167110_ENST00000611957.5_UTR_pair	31	7	1238
ENSG00000167112_ENST00000372890.6_UTR_pair	39	7	4391
ENSG00000167113_ENST00000300452.8_UTR_pair	20	7	427
ENSG00000167114_ENST00000300456.5_UTR_pair	318	7	979
ENSG00000167123_ENST00000372838.9_UTR_pair	21	7	499
ENSG00000119392_ENST00000309971.9_UTR_pair	87	7	1118
ENSG00000197694_ENST00000372739.7_UTR_pair	113	7	328
ENSG00000119335_ENST00000322030.13_UTR_pair	361	7	1732
ENSG00000160447_ENST00000291906.5_UTR_pair	413	7	310
ENSG00000160446_ENST00000372663.9_UTR_pair	34	7	308
ENSG00000160445_ENST00000291900.7_UTR_pair	441	7	1551
ENSG00000107021_ENST00000372648.10_UTR_pair	101	7	2551
ENSG00000167136_ENST00000372642.5_UTR_pair	185	7	66
ENSG00000175283_ENST00000372586.4_UTR_pair	300	7	157
ENSG00000095319_ENST00000372577.2_UTR_pair	21	7	418
ENSG00000148341_ENST00000372564.8_UTR_pair	177	7	1648
ENSG00000148343_ENST00000684074.1_UTR_pair	199	7	1629
ENSG00000167130_ENST00000372546.9_UTR_pair	21	7	1431
ENSG00000095321_ENST00000318080.7_UTR_pair	284	7	603
ENSG00000119383_ENST00000393370.7_UTR_pair	186	7	1482
ENSG00000188483_ENST00000372491.4_UTR_pair	209	7	1286
ENSG00000148344_ENST00000340607.5_UTR_pair	30	7	1262
ENSG00000136816_ENST00000259339.7_UTR_pair	29	7	1698
ENSG00000136827_ENST00000351698.5_UTR_pair	51	7	1030
ENSG00000136819_ENST00000372447.7_UTR_pair	54	7	871
ENSG00000136878_ENST00000372429.8_UTR_pair	170	7	1378
ENSG00000187239_ENST00000446176.7_UTR_pair	214	7	3352
ENSG00000148358_ENST00000347136.11_UTR_pair	27	7	5043
ENSG00000107130_ENST00000372398.6_UTR_pair	260	7	4331
ENSG00000107164_ENST00000319725.10_UTR_pair	104	7	1330
ENSG00000126878_ENST00000247291.8_UTR_pair	99	7	2822
ENSG00000126883_ENST00000359428.10_UTR_pair	119	7	1176
ENSG00000130714_ENST00000402686.8_UTR_pair	186	7	693
ENSG00000130717_ENST00000372215.5_UTR_pair	89	7	1239
ENSG00000107263_ENST00000683357.1_UTR_pair	246	7	2722
ENSG00000160563_ENST00000292035.10_UTR_pair	23	7	426
ENSG00000107290_ENST00000224140.6_UTR_pair	184	7	2883
ENSG00000125485_ENST00000372159.8_UTR_pair	49	7	1869
ENSG00000125484_ENST00000372146.5_UTR_pair	135	7	6008
ENSG00000165699_ENST00000298552.9_UTR_pair	217	7	4886
ENSG00000148297_ENST00000343730.10_UTR_pair	248	7	3193
ENSG00000148291_ENST00000371964.5_UTR_pair	43	7	19
ENSG00000148248_ENST00000371989.8_UTR_pair	91	7	2029
ENSG00000148300_ENST00000371942.8_UTR_pair	166	7	891
ENSG00000160325_ENST00000316948.9_UTR_pair	89	7	2195
ENSG00000160326_ENST00000371899.9_UTR_pair	40	7	927
ENSG00000123453_ENST00000439388.6_UTR_pair	129	7	329
ENSG00000169925_ENST00000303407.12_UTR_pair	195	7	3285
ENSG00000196363_ENST00000358625.4_UTR_pair	177	7	1975
ENSG00000186350_ENST00000481739.2_UTR_pair	177	7	3971
ENSG00000130635_ENST00000371817.8_UTR_pair	385	7	2540
ENSG00000130558_ENST00000371793.8_UTR_pair	322	7	1002
ENSG00000130559_ENST00000389532.9_UTR_pair	387	7	2822
ENSG00000130560_ENST00000371756.4_UTR_pair	211	7	431
ENSG00000148411_ENST00000277554.4_UTR_pair	160	7	4979
ENSG00000160360_ENST00000440944.6_UTR_pair	157	7	1381
ENSG00000213221_ENST00000371738.4_UTR_pair	30	7	2529
ENSG00000165689_ENST00000357365.8_UTR_pair	217	7	866
ENSG00000148384_ENST00000371712.4_UTR_pair	426	7	1056
ENSG00000148396_ENST00000684901.1_UTR_pair	294	7	1650
ENSG00000148400_ENST00000651671.1_UTR_pair	262	7	1638
ENSG00000172889_ENST00000308874.12_UTR_pair	545	7	392
ENSG00000169692_ENST00000371696.7_UTR_pair	100	7	609
ENSG00000196642_ENST00000311502.12_UTR_pair	249	7	665
ENSG00000107223_ENST00000224073.6_UTR_pair	50	7	165
ENSG00000127191_ENST00000247668.7_UTR_pair	54	7	706
ENSG00000159069_ENST00000325285.8_UTR_pair	168	7	493
ENSG00000107331_ENST00000341511.11_UTR_pair	97	7	695
ENSG00000176978_ENST00000371579.7_UTR_pair	20	7	102
ENSG00000176101_ENST00000322310.10_UTR_pair	51	7	452
ENSG00000176058_ENST00000409012.6_UTR_pair	30	7	493
ENSG00000188566_ENST00000684003.1_UTR_pair	78	7	2945
ENSG00000198113_ENST00000357503.3_UTR_pair	219	7	2680
ENSG00000198435_ENST00000356628.4_UTR_pair	343	7	1953
ENSG00000165802_ENST00000371475.9_UTR_pair	232	7	1824
ENSG00000165724_ENST00000298585.3_UTR_pair	249	7	462
ENSG00000181090_ENST00000460843.6_UTR_pair	24	7	1174
ENSG00000015171_ENST00000381604.9_UTR_pair	124	7	2167
ENSG00000151240_ENST00000280886.12_UTR_pair	90	7	3124
ENSG00000107929_ENST00000316157.8_UTR_pair	317	7	3429
ENSG00000107937_ENST00000360803.9_UTR_pair	46	7	2705
ENSG00000067064_ENST00000381344.8_UTR_pair	116	7	1768
ENSG00000047056_ENST00000263150.9_UTR_pair	624	7	3028
ENSG00000067057_ENST00000381125.9_UTR_pair	48	7	223
ENSG00000067082_ENST00000497571.6_UTR_pair	195	7	3543
ENSG00000187134_ENST00000380872.9_UTR_pair	30	7	5541
ENSG00000196139_ENST00000380554.5_UTR_pair	31	7	183
ENSG00000173848_ENST00000355029.9_UTR_pair	136	7	2062
ENSG00000196372_ENST00000357700.11_UTR_pair	44	7	1836
ENSG00000057608_ENST00000380191.9_UTR_pair	176	7	783
ENSG00000134452_ENST00000362091.9_UTR_pair	103	7	313
ENSG00000134470_ENST00000379977.8_UTR_pair	51	7	711
ENSG00000170525_ENST00000379775.9_UTR_pair	329	7	2590
ENSG00000198879_ENST00000397167.6_UTR_pair	225	7	5146
ENSG00000165629_ENST00000356708.12_UTR_pair	31	7	173
ENSG00000165632_ENST00000344293.6_UTR_pair	205	7	1880
ENSG00000107485_ENST00000379328.9_UTR_pair	573	7	1175
ENSG00000048740_ENST00000633077.2_UTR_pair	218	7	7622
ENSG00000148429_ENST00000609104.6_UTR_pair	291	7	1931
ENSG00000134463_ENST00000379215.9_UTR_pair	195	7	526
ENSG00000151461_ENST00000357604.10_UTR_pair	73	7	1276
ENSG00000181192_ENST00000263035.9_UTR_pair	80	7	2333
ENSG00000065665_ENST00000298428.14_UTR_pair	111	7	953
ENSG00000165609_ENST00000491614.6_UTR_pair	163	7	2372
ENSG00000183049_ENST00000619168.5_UTR_pair	272	7	6658
ENSG00000151468_ENST00000378825.5_UTR_pair	143	7	1791
ENSG00000107537_ENST00000263038.9_UTR_pair	22	7	502
ENSG00000086475_ENST00000327347.10_UTR_pair	372	7	1714
ENSG00000165630_ENST00000378572.8_UTR_pair	122	7	519
ENSG00000151474_ENST00000357447.7_UTR_pair	409	7	3332
ENSG00000065809_ENST00000181796.7_UTR_pair	234	7	2633
ENSG00000187522_ENST00000378372.8_UTR_pair	97	7	135
ENSG00000152455_ENST00000354919.11_UTR_pair	23	7	1803
ENSG00000152457_ENST00000378278.7_UTR_pair	86	7	3795
ENSG00000176244_ENST00000356189.6_UTR_pair	48	7	3055
ENSG00000152464_ENST00000378197.5_UTR_pair	541	7	91
ENSG00000152465_ENST00000378165.9_UTR_pair	81	7	3425
ENSG00000148468_ENST00000378116.9_UTR_pair	237	7	1272
ENSG00000148481_ENST00000277632.8_UTR_pair	208	7	818
ENSG00000165983_ENST00000535784.7_UTR_pair	86	7	2489
ENSG00000148484_ENST00000345264.10_UTR_pair	113	7	2783
ENSG00000026025_ENST00000544301.7_UTR_pair	431	7	322
ENSG00000136738_ENST00000377524.8_UTR_pair	189	7	2044
ENSG00000241058_ENST00000377304.7_UTR_pair	384	7	372
ENSG00000165997_ENST00000377275.4_UTR_pair	207	7	6423
ENSG00000120594_ENST00000377252.5_UTR_pair	648	7	10037
ENSG00000078114_ENST00000377122.9_UTR_pair	106	7	5774
ENSG00000078403_ENST00000307729.12_UTR_pair	289	7	1647
ENSG00000136770_ENST00000376980.8_UTR_pair	296	7	139
ENSG00000150867_ENST00000376573.9_UTR_pair	252	7	2347
ENSG00000148450_ENST00000376510.8_UTR_pair	30	7	1151
ENSG00000120549_ENST00000376454.8_UTR_pair	56	7	1519
ENSG00000107863_ENST00000396432.7_UTR_pair	706	7	798
ENSG00000099256_ENST00000320152.11_UTR_pair	31	7	1230
ENSG00000185875_ENST00000376356.5_UTR_pair	296	7	1209
ENSG00000136754_ENST00000376140.4_UTR_pair	95	7	1974
ENSG00000107890_ENST00000376087.5_UTR_pair	168	7	1474
ENSG00000136758_ENST00000376016.8_UTR_pair	174	7	1866
ENSG00000120539_ENST00000375940.9_UTR_pair	75	7	1417
ENSG00000107897_ENST00000396271.8_UTR_pair	109	7	2216
ENSG00000099246_ENST00000356940.11_UTR_pair	66	7	4188
ENSG00000150054_ENST00000683449.1_UTR_pair	335	7	3072
ENSG00000095787_ENST00000354911.9_UTR_pair	462	7	3506
ENSG00000095739_ENST00000375533.6_UTR_pair	377	7	531
ENSG00000197321_ENST00000355867.9_UTR_pair	752	7	909
ENSG00000107951_ENST00000263063.9_UTR_pair	3	7	3808
ENSG00000107968_ENST00000263056.6_UTR_pair	449	7	997
ENSG00000183621_ENST00000436087.7_UTR_pair	282	7	329
ENSG00000148516_ENST00000424869.6_UTR_pair	19	7	2540
ENSG00000165322_ENST00000344936.7_UTR_pair	259	7	2260
ENSG00000170759_ENST00000302418.5_UTR_pair	452	7	2522
ENSG00000120616_ENST00000319778.11_UTR_pair	243	7	1312
ENSG00000150093_ENST00000302278.8_UTR_pair	86	7	1252
ENSG00000099250_ENST00000374867.7_UTR_pair	285	7	2583
ENSG00000148498_ENST00000374788.8_UTR_pair	301	7	1608
ENSG00000108094_ENST00000374749.8_UTR_pair	185	7	1760
ENSG00000095794_ENST00000685392.1_UTR_pair	402	7	1555
ENSG00000108100_ENST00000374704.8_UTR_pair	545	7	3497
ENSG00000177283_ENST00000374694.3_UTR_pair	867	7	1098
ENSG00000198105_ENST00000395867.8_UTR_pair	551	7	2852
ENSG00000175395_ENST00000302609.8_UTR_pair	227	7	2554
ENSG00000169826_ENST00000374466.4_UTR_pair	376	7	1760
ENSG00000169813_ENST00000682386.1_UTR_pair	302	7	1019
ENSG00000169740_ENST00000374433.7_UTR_pair	149	7	188
ENSG00000107562_ENST00000343575.11_UTR_pair	92	7	1566
ENSG00000107551_ENST00000340258.10_UTR_pair	103	7	2562
ENSG00000165512_ENST00000298299.4_UTR_pair	145	7	1283
ENSG00000165406_ENST00000453424.7_UTR_pair	239	7	3654
ENSG00000172671_ENST00000344646.10_UTR_pair	640	7	936
ENSG00000265354_ENST00000580018.4_UTR_pair	136	7	424
ENSG00000266412_ENST00000581486.6_UTR_pair	112	7	1504
ENSG00000107643_ENST00000374189.6_UTR_pair	194	7	4331
ENSG00000225830_ENST00000355832.10_UTR_pair	174	7	4345
ENSG00000197444_ENST00000374103.9_UTR_pair	86	7	587
ENSG00000227345_ENST00000616448.2_UTR_pair	302	7	1061
ENSG00000099290_ENST00000282633.10_UTR_pair	52	7	564
ENSG00000198964_ENST00000361781.7_UTR_pair	933	7	1542
ENSG00000185532_ENST00000373980.11_UTR_pair	104	7	4450
ENSG00000177613_ENST00000331173.6_UTR_pair	46	7	2213
ENSG00000122952_ENST00000373944.8_UTR_pair	23	7	1000
ENSG00000151151_ENST00000373935.4_UTR_pair	283	7	4559
ENSG00000122873_ENST00000333926.6_UTR_pair	112	7	1936
ENSG00000072401_ENST00000373910.9_UTR_pair	196	7	1983
ENSG00000108064_ENST00000487519.6_UTR_pair	138	7	4146
ENSG00000122870_ENST00000373886.8_UTR_pair	272	7	2544
ENSG00000148541_ENST00000618804.5_UTR_pair	89	7	1481
ENSG00000165449_ENST00000395348.8_UTR_pair	408	7	2008
ENSG00000108091_ENST00000263102.7_UTR_pair	132	7	4170
ENSG00000151150_ENST00000280772.7_UTR_pair	337	7	3548
ENSG00000170312_ENST00000395284.8_UTR_pair	118	7	877
ENSG00000072422_ENST00000337910.10_UTR_pair	276	7	2044
ENSG00000182010_ENST00000373789.8_UTR_pair	234	7	4822
ENSG00000181915_ENST00000373783.3_UTR_pair	340	7	2607
ENSG00000148572_ENST00000277746.11_UTR_pair	143	7	806
ENSG00000165476_ENST00000373758.5_UTR_pair	145	7	4259
ENSG00000108176_ENST00000225171.7_UTR_pair	177	7	447
ENSG00000096717_ENST00000212015.11_UTR_pair	66	7	1797
ENSG00000148634_ENST00000373700.9_UTR_pair	248	7	1026
ENSG00000096746_ENST00000265866.12_UTR_pair	176	7	1139
ENSG00000204130_ENST00000602465.6_UTR_pair	88	7	2360
ENSG00000138346_ENST00000358410.8_UTR_pair	109	7	975
ENSG00000122912_ENST00000609923.6_UTR_pair	148	7	5434
ENSG00000060339_ENST00000265872.11_UTR_pair	94	7	1111
ENSG00000165730_ENST00000298596.11_UTR_pair	93	7	324
ENSG00000107625_ENST00000373585.8_UTR_pair	70	7	217
ENSG00000165732_ENST00000354185.9_UTR_pair	56	7	2256
ENSG00000198954_ENST00000361983.7_UTR_pair	30	7	566
ENSG00000122958_ENST00000263559.11_UTR_pair	100	7	3143
ENSG00000156515_ENST00000359426.7_UTR_pair	101	7	747
ENSG00000099282_ENST00000373290.7_UTR_pair	130	7	688
ENSG00000156521_ENST00000287078.7_UTR_pair	114	7	1943
ENSG00000079332_ENST00000373241.9_UTR_pair	118	7	5187
ENSG00000172731_ENST00000446961.4_UTR_pair	140	7	2379
ENSG00000148730_ENST00000373218.5_UTR_pair	257	7	6871
ENSG00000107719_ENST00000263563.7_UTR_pair	322	7	1717
ENSG00000166224_ENST00000373202.8_UTR_pair	222	7	3849
ENSG00000107731_ENST00000335350.10_UTR_pair	416	7	3587
ENSG00000198246_ENST00000373189.6_UTR_pair	51	7	777
ENSG00000197746_ENST00000394936.8_UTR_pair	30	7	1143
ENSG00000122863_ENST00000373115.5_UTR_pair	407	7	5087
ENSG00000166295_ENST00000299381.5_UTR_pair	154	7	2744
ENSG00000168209_ENST00000307365.4_UTR_pair	197	7	848
ENSG00000148719_ENST00000444643.8_UTR_pair	22	7	1785
ENSG00000107745_ENST00000361114.10_UTR_pair	71	7	855
ENSG00000156026_ENST00000373053.8_UTR_pair	9	7	1872
ENSG00000122884_ENST00000394890.7_UTR_pair	133	7	1005
ENSG00000166321_ENST00000357321.9_UTR_pair	122	7	920
ENSG00000138286_ENST00000242505.11_UTR_pair	221	7	3485
ENSG00000213551_ENST00000372950.6_UTR_pair	66	7	1446
ENSG00000182180_ENST00000372945.8_UTR_pair	162	7	2003
ENSG00000138279_ENST00000372921.10_UTR_pair	48	7	994
ENSG00000107758_ENST00000360663.10_UTR_pair	135	7	1809
ENSG00000166348_ENST00000687698.1_UTR_pair	646	7	1091
ENSG00000176986_ENST00000345254.9_UTR_pair	94	7	1066
ENSG00000196968_ENST00000372841.8_UTR_pair	58	7	534
ENSG00000214655_ENST00000604729.6_UTR_pair	273	7	274
ENSG00000148660_ENST00000423381.6_UTR_pair	94	7	2017
ENSG00000122861_ENST00000372764.4_UTR_pair	118	7	929
ENSG00000035403_ENST00000211998.10_UTR_pair	92	7	2000
ENSG00000185009_ENST00000355264.9_UTR_pair	77	7	3555
ENSG00000156650_ENST00000287239.10_UTR_pair	514	7	1578
ENSG00000156671_ENST00000542569.6_UTR_pair	82	7	5431
ENSG00000165637_ENST00000332211.11_UTR_pair	168	7	459
ENSG00000165644_ENST00000372538.8_UTR_pair	29	7	432
ENSG00000165655_ENST00000372524.5_UTR_pair	345	7	919
ENSG00000151208_ENST00000372391.7_UTR_pair	235	7	1649
ENSG00000148606_ENST00000372371.8_UTR_pair	108	7	2329
ENSG00000108175_ENST00000334512.10_UTR_pair	641	7	3770
ENSG00000108179_ENST00000225174.8_UTR_pair	80	7	1492
ENSG00000165424_ENST00000372336.4_UTR_pair	184	7	4020
ENSG00000122359_ENST00000422982.8_UTR_pair	252	7	4964
ENSG00000165678_ENST00000372134.6_UTR_pair	124	7	1220
ENSG00000107771_ENST00000372088.8_UTR_pair	259	7	4250
ENSG00000062650_ENST00000298767.10_UTR_pair	450	7	2287
ENSG00000107779_ENST00000372037.8_UTR_pair	568	7	4250
ENSG00000173267_ENST00000372017.4_UTR_pair	99	7	273
ENSG00000148672_ENST00000277865.5_UTR_pair	74	7	1549
ENSG00000107789_ENST00000371996.9_UTR_pair	23	7	983
ENSG00000198682_ENST00000456849.2_UTR_pair	104	7	1735
ENSG00000138138_ENST00000680024.1_UTR_pair	73	7	3175
ENSG00000171862_ENST00000371953.8_UTR_pair	845	7	6458
ENSG00000138134_ENST00000371926.8_UTR_pair	447	7	263
ENSG00000107796_ENST00000224784.10_UTR_pair	66	7	149
ENSG00000026103_ENST00000652046.1_UTR_pair	79	7	2609
ENSG00000107798_ENST00000336233.10_UTR_pair	40	7	1256
ENSG00000152782_ENST00000307534.10_UTR_pair	351	7	1418
ENSG00000138182_ENST00000371728.8_UTR_pair	92	7	886
ENSG00000180628_ENST00000336126.6_UTR_pair	357	7	6021
ENSG00000165338_ENST00000298068.10_UTR_pair	95	7	2436
ENSG00000119938_ENST00000238994.6_UTR_pair	102	7	1485
ENSG00000107854_ENST00000371627.5_UTR_pair	265	7	2476
ENSG00000095564_ENST00000265990.12_UTR_pair	307	7	2504
ENSG00000107864_ENST00000265997.5_UTR_pair	164	7	5520
ENSG00000198060_ENST00000358935.3_UTR_pair	328	7	2757
ENSG00000138160_ENST00000260731.5_UTR_pair	246	7	1599
ENSG00000152804_ENST00000282728.10_UTR_pair	32	7	879
ENSG00000138119_ENST00000359263.9_UTR_pair	140	7	534
ENSG00000138180_ENST00000371485.8_UTR_pair	324	7	939
ENSG00000176273_ENST00000427197.2_UTR_pair	56	7	2334
ENSG00000138193_ENST00000371380.8_UTR_pair	692	7	4880
ENSG00000173145_ENST00000371361.3_UTR_pair	101	7	951
ENSG00000108239_ENST00000225235.5_UTR_pair	73	7	3236
ENSG00000119969_ENST00000348459.10_UTR_pair	134	7	477
ENSG00000107438_ENST00000329399.7_UTR_pair	88	7	353
ENSG00000059573_ENST00000371224.7_UTR_pair	143	7	821
ENSG00000119977_ENST00000371217.10_UTR_pair	28	7	666
ENSG00000107443_ENST00000465148.3_UTR_pair	178	7	2629
ENSG00000177853_ENST00000316045.10_UTR_pair	908	7	2985
ENSG00000077147_ENST00000371142.9_UTR_pair	177	7	4153
ENSG00000155629_ENST00000339364.10_UTR_pair	120	7	2262
ENSG00000196233_ENST00000421806.4_UTR_pair	505	7	10822
ENSG00000181274_ENST00000371019.4_UTR_pair	157	7	1374
ENSG00000052749_ENST00000370992.9_UTR_pair	109	7	393
ENSG00000171314_ENST00000334828.6_UTR_pair	117	7	920
ENSG00000171307_ENST00000393760.6_UTR_pair	364	7	479
ENSG00000155229_ENST00000438925.7_UTR_pair	38	7	368
ENSG00000165886_ENST00000370664.4_UTR_pair	280	7	683
ENSG00000171160_ENST00000307450.11_UTR_pair	184	7	1708
ENSG00000155252_ENST00000370631.4_UTR_pair	72	7	2692
ENSG00000155254_ENST00000285605.8_UTR_pair	147	7	2544
ENSG00000155256_ENST00000684270.1_UTR_pair	195	7	1595
ENSG00000107521_ENST00000361490.9_UTR_pair	234	7	1366
ENSG00000120053_ENST00000370508.7_UTR_pair	59	7	677
ENSG00000155287_ENST00000370495.6_UTR_pair	104	7	327
ENSG00000198018_ENST00000370489.5_UTR_pair	175	7	6558
ENSG00000014919_ENST00000016171.6_UTR_pair	78	7	3719
ENSG00000119929_ENST00000370476.10_UTR_pair	115	7	395
ENSG00000107554_ENST00000324109.9_UTR_pair	120	7	1574
ENSG00000107566_ENST00000421367.7_UTR_pair	403	7	2037
ENSG00000213341_ENST00000370397.8_UTR_pair	64	7	1298
ENSG00000196072_ENST00000370372.7_UTR_pair	21	7	2169
ENSG00000099194_ENST00000370355.3_UTR_pair	272	7	3893
ENSG00000119906_ENST00000238961.9_UTR_pair	148	7	3222
ENSG00000095539_ENST00000210633.4_UTR_pair	472	7	1485
ENSG00000107816_ENST00000454422.2_UTR_pair	187	7	665
ENSG00000107819_ENST00000393459.6_UTR_pair	473	7	1656
ENSG00000166169_ENST00000370162.8_UTR_pair	482	7	571
ENSG00000107829_ENST00000331272.9_UTR_pair	65	7	625
ENSG00000107833_ENST00000370110.6_UTR_pair	56	7	317
ENSG00000198408_ENST00000361464.8_UTR_pair	422	7	2001
ENSG00000166189_ENST00000299238.7_UTR_pair	126	7	234
ENSG00000198728_ENST00000673968.1_UTR_pair	258	7	1604
ENSG00000148840_ENST00000278070.7_UTR_pair	29	7	304
ENSG00000166197_ENST00000605788.6_UTR_pair	22	7	1601
ENSG00000107862_ENST00000369983.5_UTR_pair	260	7	560
ENSG00000077150_ENST00000661543.1_UTR_pair	164	7	148
ENSG00000107872_ENST00000369956.8_UTR_pair	294	7	143
ENSG00000107874_ENST00000369937.5_UTR_pair	59	7	177
ENSG00000138111_ENST00000238936.8_UTR_pair	237	7	1061
ENSG00000138107_ENST00000369905.9_UTR_pair	65	7	1634
ENSG00000107882_ENST00000369902.8_UTR_pair	181	7	3380
ENSG00000171206_ENST00000643721.2_UTR_pair	139	7	964
ENSG00000138175_ENST00000260746.6_UTR_pair	122	7	3163
ENSG00000156398_ENST00000369893.10_UTR_pair	71	7	5730
ENSG00000166272_ENST00000448841.7_UTR_pair	106	7	2931
ENSG00000076685_ENST00000404739.8_UTR_pair	205	7	1634
ENSG00000148798_ENST00000369849.9_UTR_pair	74	7	1677
ENSG00000156374_ENST00000369847.4_UTR_pair	74	7	1109
ENSG00000107957_ENST00000369774.9_UTR_pair	310	7	7789
ENSG00000107960_ENST00000224950.8_UTR_pair	147	7	5115
ENSG00000065613_ENST00000369755.4_UTR_pair	606	7	3513
ENSG00000156384_ENST00000369727.4_UTR_pair	13	7	679
ENSG00000148834_ENST00000369713.10_UTR_pair	37	7	50
ENSG00000148841_ENST00000337478.3_UTR_pair	233	7	4708
ENSG00000148700_ENST00000356080.9_UTR_pair	345	7	1947
ENSG00000119950_ENST00000332674.9_UTR_pair	204	7	2378
ENSG00000119953_ENST00000369603.10_UTR_pair	173	7	3420
ENSG00000138166_ENST00000369583.4_UTR_pair	215	7	1107
ENSG00000108055_ENST00000361804.5_UTR_pair	122	7	1746
ENSG00000150593_ENST00000280154.12_UTR_pair	153	7	1918
ENSG00000214413_ENST00000448814.7_UTR_pair	116	7	1630
ENSG00000108061_ENST00000369452.9_UTR_pair	288	7	1847
ENSG00000119927_ENST00000348367.9_UTR_pair	200	7	3685
ENSG00000197142_ENST00000354655.9_UTR_pair	183	7	1018
ENSG00000023041_ENST00000369405.7_UTR_pair	424	7	504
ENSG00000151532_ENST00000393077.3_UTR_pair	159	7	3361
ENSG00000148737_ENST00000355995.9_UTR_pair	510	7	1706
ENSG00000165806_ENST00000369318.8_UTR_pair	67	7	1365
ENSG00000198924_ENST00000361384.7_UTR_pair	900	7	427
ENSG00000196865_ENST00000369301.3_UTR_pair	212	7	8658
ENSG00000165813_ENST00000369287.8_UTR_pair	250	7	4281
ENSG00000099204_ENST00000533213.7_UTR_pair	75	7	5148
ENSG00000151553_ENST00000369248.9_UTR_pair	299	7	3177
ENSG00000165832_ENST00000298746.5_UTR_pair	59	7	2297
ENSG00000151892_ENST00000355422.11_UTR_pair	290	7	7473
ENSG00000165868_ENST00000369209.8_UTR_pair	97	7	3589
ENSG00000187164_ENST00000355371.9_UTR_pair	108	7	4867
ENSG00000165650_ENST00000334464.7_UTR_pair	213	7	5994
ENSG00000151893_ENST00000369151.8_UTR_pair	208	7	9717
ENSG00000188613_ENST00000425699.3_UTR_pair	88	7	3050
ENSG00000107581_ENST00000369144.8_UTR_pair	141	7	2369
ENSG00000165672_ENST00000298510.4_UTR_pair	22	7	760
ENSG00000198873_ENST00000392870.3_UTR_pair	347	7	4678
ENSG00000148908_ENST00000369103.3_UTR_pair	81	7	296
ENSG00000151923_ENST00000436547.7_UTR_pair	499	7	2200
ENSG00000151929_ENST00000369085.8_UTR_pair	296	7	537
ENSG00000198825_ENST00000650623.2_UTR_pair	213	7	1367
ENSG00000197771_ENST00000369077.4_UTR_pair	259	7	2034
ENSG00000107651_ENST00000369075.8_UTR_pair	53	7	4092
ENSG00000120008_ENST00000263461.11_UTR_pair	59	7	811
ENSG00000107669_ENST00000224652.12_UTR_pair	82	7	3256
ENSG00000107672_ENST00000369023.8_UTR_pair	52	7	181
ENSG00000095574_ENST00000368886.10_UTR_pair	299	7	2973
ENSG00000196177_ENST00000358776.7_UTR_pair	24	7	4525
ENSG00000154473_ENST00000368865.9_UTR_pair	84	7	6632
ENSG00000065154_ENST00000368845.6_UTR_pair	80	7	639
ENSG00000107902_ENST00000368842.10_UTR_pair	40	7	781
ENSG00000189319_ENST00000337318.8_UTR_pair	540	7	3950
ENSG00000203791_ENST00000368836.7_UTR_pair	54	7	2669
ENSG00000019995_ENST00000359653.4_UTR_pair	371	7	3197
ENSG00000175029_ENST00000337195.11_UTR_pair	450	7	5201
ENSG00000107938_ENST00000356792.9_UTR_pair	99	7	667
ENSG00000089876_ENST00000284690.4_UTR_pair	468	7	350
ENSG00000148848_ENST00000448723.2_UTR_pair	332	7	4888
ENSG00000150760_ENST00000623213.2_UTR_pair	90	7	1089
ENSG00000132334_ENST00000254667.8_UTR_pair	237	7	2949
ENSG00000170430_ENST00000651593.1_UTR_pair	68	7	3986
ENSG00000108001_ENST00000440978.2_UTR_pair	506	7	2710
ENSG00000108010_ENST00000331244.10_UTR_pair	30	7	280
ENSG00000151640_ENST00000338492.9_UTR_pair	116	7	829
ENSG00000148814_ENST00000368614.8_UTR_pair	112	7	6266
ENSG00000171813_ENST00000305233.6_UTR_pair	27	7	815
ENSG00000068383_ENST00000368594.8_UTR_pair	310	7	1451
ENSG00000127884_ENST00000368547.4_UTR_pair	21	7	383
ENSG00000177951_ENST00000382762.8_UTR_pair	78	7	2378
ENSG00000177963_ENST00000526104.6_UTR_pair	1147	7	763
ENSG00000185885_ENST00000408968.4_UTR_pair	131	7	159
ENSG00000142089_ENST00000399808.5_UTR_pair	47	7	162
ENSG00000182272_ENST00000329962.11_UTR_pair	305	7	325
ENSG00000184363_ENST00000331563.7_UTR_pair	84	7	339
ENSG00000185187_ENST00000431843.7_UTR_pair	330	7	180
ENSG00000174915_ENST00000308020.6_UTR_pair	177	7	817
ENSG00000023191_ENST00000354420.7_UTR_pair	390	7	176
ENSG00000099849_ENST00000397583.8_UTR_pair	515	7	380
ENSG00000070047_ENST00000264555.10_UTR_pair	144	7	445
ENSG00000185507_ENST00000525445.6_UTR_pair	321	7	90
ENSG00000177030_ENST00000382409.4_UTR_pair	175	7	317
ENSG00000177042_ENST00000397510.9_UTR_pair	12	7	979
ENSG00000177106_ENST00000318562.13_UTR_pair	136	7	746
ENSG00000177225_ENST00000319863.13_UTR_pair	25	7	3675
ENSG00000177542_ENST00000628067.3_UTR_pair	228	7	1440
ENSG00000177666_ENST00000336615.9_UTR_pair	190	7	711
ENSG00000177697_ENST00000397420.9_UTR_pair	144	7	639
ENSG00000214063_ENST00000397397.7_UTR_pair	181	7	481
ENSG00000177830_ENST00000323578.13_UTR_pair	79	7	1999
ENSG00000183020_ENST00000448903.7_UTR_pair	152	7	1615
ENSG00000078902_ENST00000317204.11_UTR_pair	134	7	2668
ENSG00000182208_ENST00000329957.7_UTR_pair	223	7	715
ENSG00000184545_ENST00000397374.8_UTR_pair	479	7	2467
ENSG00000130592_ENST00000311604.8_UTR_pair	61	7	504
ENSG00000110651_ENST00000263645.10_UTR_pair	240	7	531
ENSG00000129757_ENST00000440480.8_UTR_pair	152	7	703
ENSG00000181649_ENST00000314222.5_UTR_pair	56	7	405
ENSG00000205531_ENST00000380542.9_UTR_pair	93	7	1242
ENSG00000110619_ENST00000380525.9_UTR_pair	56	7	185
ENSG00000021762_ENST00000263650.12_UTR_pair	116	7	1098
ENSG00000148985_ENST00000278243.9_UTR_pair	102	7	913
ENSG00000177105_ENST00000351018.5_UTR_pair	134	7	585
ENSG00000167323_ENST00000526596.2_UTR_pair	607	7	1410
ENSG00000167325_ENST00000300738.10_UTR_pair	214	7	549
ENSG00000132109_ENST00000254436.8_UTR_pair	119	7	388
ENSG00000167333_ENST00000300747.10_UTR_pair	262	7	1604
ENSG00000132256_ENST00000380034.8_UTR_pair	268	7	1614
ENSG00000051009_ENST00000449352.7_UTR_pair	284	7	161
ENSG00000166313_ENST00000609360.6_UTR_pair	124	7	409
ENSG00000110171_ENST00000345851.8_UTR_pair	188	7	415
ENSG00000132254_ENST00000396777.8_UTR_pair	143	7	594
ENSG00000132275_ENST00000254605.11_UTR_pair	114	7	5074
ENSG00000166333_ENST00000299421.9_UTR_pair	141	7	259
ENSG00000166337_ENST00000299424.9_UTR_pair	27	7	4628
ENSG00000166340_ENST00000299427.12_UTR_pair	22	7	1778
ENSG00000158042_ENST00000288937.7_UTR_pair	44	7	1733
ENSG00000166387_ENST00000299492.9_UTR_pair	159	7	538
ENSG00000166394_ENST00000299498.11_UTR_pair	148	7	270
ENSG00000166402_ENST00000299506.3_UTR_pair	300	7	4624
ENSG00000175348_ENST00000534025.6_UTR_pair	129	7	1118
ENSG00000184014_ENST00000328194.8_UTR_pair	281	7	846
ENSG00000166471_ENST00000528080.6_UTR_pair	152	7	2770
ENSG00000205339_ENST00000379719.8_UTR_pair	112	7	2933
ENSG00000166478_ENST00000396602.7_UTR_pair	72	7	911
ENSG00000166483_ENST00000450114.7_UTR_pair	264	7	1383
ENSG00000133789_ENST00000318950.11_UTR_pair	103	7	3023
ENSG00000133812_ENST00000256190.13_UTR_pair	150	7	1750
ENSG00000148926_ENST00000278175.10_UTR_pair	178	7	756
ENSG00000133805_ENST00000396553.7_UTR_pair	190	7	1695
ENSG00000110315_ENST00000265981.7_UTR_pair	113	7	3243
ENSG00000236287_ENST00000413761.7_UTR_pair	447	7	158
ENSG00000110328_ENST00000227756.5_UTR_pair	412	7	267
ENSG00000170242_ENST00000527733.7_UTR_pair	214	7	5712
ENSG00000050165_ENST00000683431.1_UTR_pair	44	7	1428
ENSG00000197702_ENST00000334956.15_UTR_pair	77	7	7431
ENSG00000187079_ENST00000527636.7_UTR_pair	621	7	7515
ENSG00000133794_ENST00000403290.6_UTR_pair	396	7	510
ENSG00000148925_ENST00000278174.10_UTR_pair	188	7	823
ENSG00000197601_ENST00000354817.8_UTR_pair	146	7	3572
ENSG00000133818_ENST00000256196.9_UTR_pair	313	7	1415
ENSG00000129083_ENST00000439561.7_UTR_pair	162	7	312
ENSG00000129084_ENST00000396394.7_UTR_pair	87	7	316
ENSG00000152270_ENST00000282096.9_UTR_pair	272	7	2384
ENSG00000110693_ENST00000683767.1_UTR_pair	457	7	6360
ENSG00000110700_ENST00000525634.6_UTR_pair	26	7	45
ENSG00000070081_ENST00000529010.6_UTR_pair	245	7	792
ENSG00000129158_ENST00000265965.10_UTR_pair	37	7	37
ENSG00000166788_ENST00000524803.6_UTR_pair	41	7	107
ENSG00000110756_ENST00000349215.8_UTR_pair	244	7	1206
ENSG00000110768_ENST00000265963.9_UTR_pair	189	7	1176
ENSG00000134333_ENST00000422447.8_UTR_pair	98	7	1144
ENSG00000074319_ENST00000251968.4_UTR_pair	126	7	235
ENSG00000151116_ENST00000396197.8_UTR_pair	80	7	2711
ENSG00000179119_ENST00000336349.6_UTR_pair	85	7	3458
ENSG00000151117_ENST00000280734.3_UTR_pair	108	7	2776
ENSG00000177054_ENST00000446113.7_UTR_pair	82	7	455
ENSG00000129173_ENST00000250024.9_UTR_pair	507	7	595
ENSG00000109854_ENST00000451739.7_UTR_pair	524	7	577
ENSG00000109881_ENST00000328697.11_UTR_pair	21	7	309
ENSG00000205213_ENST00000379214.9_UTR_pair	488	7	1906
ENSG00000176697_ENST00000356660.9_UTR_pair	313	7	2928
ENSG00000121621_ENST00000263181.7_UTR_pair	139	7	581
ENSG00000170946_ENST00000465995.6_UTR_pair	86	7	2434
ENSG00000148950_ENST00000532287.6_UTR_pair	133	7	99
ENSG00000049449_ENST00000054950.4_UTR_pair	123	7	1250
ENSG00000135378_ENST00000257836.4_UTR_pair	269	7	4593
ENSG00000060749_ENST00000650167.2_UTR_pair	315	7	3796
ENSG00000176148_ENST00000334274.9_UTR_pair	245	7	874
ENSG00000176102_ENST00000323959.9_UTR_pair	155	7	503
ENSG00000110422_ENST00000303296.9_UTR_pair	511	7	3455
ENSG00000085063_ENST00000642928.2_UTR_pair	60	7	7116
ENSG00000110429_ENST00000265651.8_UTR_pair	23	7	964
ENSG00000135363_ENST00000257818.3_UTR_pair	617	7	780
ENSG00000135387_ENST00000341394.9_UTR_pair	141	7	3243
ENSG00000135372_ENST00000257829.8_UTR_pair	179	7	716
ENSG00000166016_ENST00000435224.3_UTR_pair	427	7	1400
ENSG00000121691_ENST00000241052.5_UTR_pair	80	7	627
ENSG00000149089_ENST00000395787.4_UTR_pair	95	7	422
ENSG00000110435_ENST00000227868.9_UTR_pair	38	7	956
ENSG00000026508_ENST00000428726.8_UTR_pair	133	7	3069
ENSG00000179431_ENST00000317811.6_UTR_pair	177	7	915
ENSG00000179241_ENST00000315571.6_UTR_pair	37	7	2739
ENSG00000135362_ENST00000530639.6_UTR_pair	276	7	2468
ENSG00000175104_ENST00000526995.6_UTR_pair	247	7	6069
ENSG00000166181_ENST00000531273.6_UTR_pair	132	7	2019
ENSG00000052841_ENST00000039989.9_UTR_pair	35	7	1027
ENSG00000149084_ENST00000278353.10_UTR_pair	90	7	1367
ENSG00000166199_ENST00000302708.9_UTR_pair	419	7	264
ENSG00000151348_ENST00000533608.7_UTR_pair	205	7	7675
ENSG00000085117_ENST00000227155.9_UTR_pair	176	7	1232
ENSG00000157570_ENST00000520358.7_UTR_pair	565	7	3245
ENSG00000175274_ENST00000525680.6_UTR_pair	238	7	2536
ENSG00000181830_ENST00000314134.4_UTR_pair	653	7	1681
ENSG00000121671_ENST00000616080.2_UTR_pair	16	7	2333
ENSG00000121653_ENST00000241014.6_UTR_pair	170	7	744
ENSG00000121680_ENST00000378750.10_UTR_pair	66	7	591
ENSG00000165905_ENST00000401752.6_UTR_pair	135	7	251
ENSG00000135365_ENST00000676320.1_UTR_pair	756	7	4649
ENSG00000157613_ENST00000621158.5_UTR_pair	450	7	663
ENSG00000110492_ENST00000395566.9_UTR_pair	91	7	307
ENSG00000110497_ENST00000683756.1_UTR_pair	316	7	1036
ENSG00000180423_ENST00000326737.3_UTR_pair	248	7	669
ENSG00000175224_ENST00000683050.1_UTR_pair	407	7	2186
ENSG00000175220_ENST00000311956.9_UTR_pair	118	7	1957
ENSG00000175216_ENST00000529230.6_UTR_pair	98	7	975
ENSG00000134569_ENST00000378623.6_UTR_pair	171	7	2266
ENSG00000149182_ENST00000524782.6_UTR_pair	26	7	1181
ENSG00000165912_ENST00000298838.11_UTR_pair	189	7	409
ENSG00000134574_ENST00000256996.9_UTR_pair	163	7	368
ENSG00000134575_ENST00000672073.1_UTR_pair	25	7	814
ENSG00000025434_ENST00000441012.7_UTR_pair	171	7	337
ENSG00000110514_ENST00000706887.1_UTR_pair	202	7	881
ENSG00000165915_ENST00000362021.9_UTR_pair	81	7	1133
ENSG00000165916_ENST00000298852.8_UTR_pair	160	7	60
ENSG00000149187_ENST00000687097.1_UTR_pair	294	7	6293
ENSG00000109919_ENST00000302503.8_UTR_pair	94	7	1516
ENSG00000109920_ENST00000263773.10_UTR_pair	53	7	928
ENSG00000030066_ENST00000378460.7_UTR_pair	32	7	987
ENSG00000149177_ENST00000418331.7_UTR_pair	354	7	3477
ENSG00000149115_ENST00000358252.8_UTR_pair	178	7	452
ENSG00000149136_ENST00000278412.7_UTR_pair	282	7	419
ENSG00000134802_ENST00000395124.6_UTR_pair	305	7	838
ENSG00000149150_ENST00000278426.8_UTR_pair	272	7	562
ENSG00000156587_ENST00000287156.9_UTR_pair	61	7	696
ENSG00000172409_ENST00000533682.2_UTR_pair	121	7	429
ENSG00000156599_ENST00000287169.8_UTR_pair	1144	7	1151
ENSG00000156603_ENST00000431606.5_UTR_pair	36	7	328
ENSG00000213593_ENST00000278422.9_UTR_pair	26	7	728
ENSG00000110031_ENST00000395074.7_UTR_pair	84	7	583
ENSG00000186660_ENST00000316059.7_UTR_pair	219	7	3844
ENSG00000189057_ENST00000343597.4_UTR_pair	191	7	1110
ENSG00000110042_ENST00000227451.4_UTR_pair	464	7	3679
ENSG00000166889_ENST00000300146.10_UTR_pair	142	7	1674
ENSG00000166900_ENST00000337979.9_UTR_pair	230	7	5054
ENSG00000166902_ENST00000300151.5_UTR_pair	120	7	207
ENSG00000110107_ENST00000227524.9_UTR_pair	203	7	619
ENSG00000110108_ENST00000227525.8_UTR_pair	119	7	1278
ENSG00000006118_ENST00000453848.7_UTR_pair	174	7	252
ENSG00000167987_ENST00000301765.10_UTR_pair	42	7	1563
ENSG00000162144_ENST00000294072.9_UTR_pair	261	7	1594
ENSG00000187049_ENST00000515837.7_UTR_pair	45	7	570
ENSG00000149532_ENST00000439958.8_UTR_pair	117	7	1981
ENSG00000167985_ENST00000301761.7_UTR_pair	23	7	662
ENSG00000134780_ENST00000257215.10_UTR_pair	158	7	2512
ENSG00000134825_ENST00000537328.6_UTR_pair	41	7	297
ENSG00000168496_ENST00000305885.3_UTR_pair	139	7	734
ENSG00000149485_ENST00000350997.12_UTR_pair	74	7	2784
ENSG00000134824_ENST00000278840.9_UTR_pair	91	7	1665
ENSG00000221968_ENST00000278829.7_UTR_pair	164	7	288
ENSG00000167994_ENST00000394836.7_UTR_pair	199	7	977
ENSG00000167996_ENST00000273550.12_UTR_pair	209	7	442
ENSG00000162174_ENST00000415229.6_UTR_pair	215	7	1128
ENSG00000124942_ENST00000378024.9_UTR_pair	246	7	842
ENSG00000149016_ENST00000476907.6_UTR_pair	38	7	42
ENSG00000149480_ENST00000278823.7_UTR_pair	415	7	661
ENSG00000149499_ENST00000394773.7_UTR_pair	318	7	257
ENSG00000149541_ENST00000265471.10_UTR_pair	39	7	405
ENSG00000162191_ENST00000301935.10_UTR_pair	150	7	90
ENSG00000214753_ENST00000301785.7_UTR_pair	301	7	2669
ENSG00000162222_ENST00000316461.9_UTR_pair	363	7	254
ENSG00000185670_ENST00000394807.5_UTR_pair	248	7	1127
ENSG00000162231_ENST00000294172.7_UTR_pair	84	7	346
ENSG00000162236_ENST00000294179.8_UTR_pair	117	7	609
ENSG00000176485_ENST00000415826.3_UTR_pair	103	7	483
ENSG00000184743_ENST00000398868.8_UTR_pair	41	7	5232
ENSG00000133318_ENST00000377819.10_UTR_pair	137	7	1681
ENSG00000168005_ENST00000294244.9_UTR_pair	231	7	577
ENSG00000072518_ENST00000402010.8_UTR_pair	397	7	1783
ENSG00000167771_ENST00000301459.5_UTR_pair	708	7	635
ENSG00000110583_ENST00000377793.9_UTR_pair	95	7	2840
ENSG00000176340_ENST00000314133.4_UTR_pair	61	7	223
ENSG00000167770_ENST00000538426.6_UTR_pair	19	7	866
ENSG00000133315_ENST00000255681.7_UTR_pair	119	7	160
ENSG00000168439_ENST00000305218.9_UTR_pair	91	7	417
ENSG00000173457_ENST00000309318.8_UTR_pair	270	7	275
ENSG00000002330_ENST00000309032.8_UTR_pair	43	7	379
ENSG00000173264_ENST00000438980.7_UTR_pair	677	7	298
ENSG00000173153_ENST00000000442.11_UTR_pair	225	7	777
ENSG00000126432_ENST00000265462.9_UTR_pair	95	7	120
ENSG00000162302_ENST00000334205.9_UTR_pair	74	7	735
ENSG00000168066_ENST00000377390.8_UTR_pair	150	7	1212
ENSG00000168067_ENST00000294066.7_UTR_pair	65	7	4619
ENSG00000110047_ENST00000320631.8_UTR_pair	157	7	2691
ENSG00000110046_ENST00000377264.8_UTR_pair	74	7	427
ENSG00000068971_ENST00000164133.7_UTR_pair	604	7	631
ENSG00000213465_ENST00000246747.9_UTR_pair	48	7	329
ENSG00000168061_ENST00000652489.1_UTR_pair	83	7	101
ENSG00000162300_ENST00000294258.8_UTR_pair	165	7	284
ENSG00000149809_ENST00000279263.14_UTR_pair	144	7	177
ENSG00000149806_ENST00000529639.6_UTR_pair	53	7	51
ENSG00000149792_ENST00000279242.7_UTR_pair	26	7	1499
ENSG00000162298_ENST00000377190.8_UTR_pair	81	7	1103
ENSG00000014216_ENST00000279247.11_UTR_pair	87	7	720
ENSG00000133884_ENST00000528416.6_UTR_pair	35	7	2503
ENSG00000162241_ENST00000398802.6_UTR_pair	179	7	1215
ENSG00000126391_ENST00000317568.10_UTR_pair	125	7	2165
ENSG00000142186_ENST00000270176.10_UTR_pair	71	7	138
ENSG00000168056_ENST00000301873.11_UTR_pair	400	7	521
ENSG00000173442_ENST00000309295.9_UTR_pair	250	7	348
ENSG00000173327_ENST00000309100.8_UTR_pair	465	7	534
ENSG00000197136_ENST00000355703.4_UTR_pair	536	7	461
ENSG00000213445_ENST00000534313.6_UTR_pair	173	7	197
ENSG00000173039_ENST00000406246.8_UTR_pair	84	7	777
ENSG00000254470_ENST00000532090.3_UTR_pair	385	7	3958
ENSG00000172757_ENST00000308162.10_UTR_pair	81	7	663
ENSG00000172638_ENST00000307998.11_UTR_pair	125	7	477
ENSG00000175602_ENST00000312579.4_UTR_pair	111	7	243
ENSG00000175573_ENST00000438576.3_UTR_pair	31	7	649
ENSG00000175550_ENST00000312515.7_UTR_pair	76	7	128
ENSG00000175376_ENST00000533544.6_UTR_pair	364	7	2054
ENSG00000175334_ENST00000312175.7_UTR_pair	84	7	377
ENSG00000175115_ENST00000320580.9_UTR_pair	215	7	1464
ENSG00000174996_ENST00000394067.7_UTR_pair	180	7	904
ENSG00000174903_ENST00000311481.11_UTR_pair	41	7	1254
ENSG00000174851_ENST00000376901.9_UTR_pair	158	7	57
ENSG00000174791_ENST00000311320.9_UTR_pair	32	7	2035
ENSG00000174669_ENST00000357440.7_UTR_pair	169	7	915
ENSG00000254986_ENST00000531863.6_UTR_pair	40	7	406
ENSG00000174165_ENST00000310442.5_UTR_pair	45	7	3903
ENSG00000174080_ENST00000310325.10_UTR_pair	120	7	469
ENSG00000173992_ENST00000533244.6_UTR_pair	77	7	164
ENSG00000239306_ENST00000310137.5_UTR_pair	91	7	3266
ENSG00000173914_ENST00000310046.9_UTR_pair	136	7	590
ENSG00000173599_ENST00000393960.7_UTR_pair	289	7	479
ENSG00000173621_ENST00000309602.5_UTR_pair	681	7	280
ENSG00000173156_ENST00000308831.7_UTR_pair	56	7	415
ENSG00000173120_ENST00000529006.7_UTR_pair	870	7	3027
ENSG00000173020_ENST00000308595.10_UTR_pair	227	7	1106
ENSG00000172932_ENST00000511455.7_UTR_pair	158	7	152
ENSG00000172830_ENST00000308127.9_UTR_pair	96	7	705
ENSG00000175482_ENST00000312419.8_UTR_pair	147	7	1223
ENSG00000172613_ENST00000307980.7_UTR_pair	59	7	851
ENSG00000172531_ENST00000376745.9_UTR_pair	76	7	352
ENSG00000175634_ENST00000312629.10_UTR_pair	52	7	232
ENSG00000110711_ENST00000279146.8_UTR_pair	133	7	110
ENSG00000110697_ENST00000356404.8_UTR_pair	217	7	265
ENSG00000167799_ENST00000376693.3_UTR_pair	26	7	8
ENSG00000006534_ENST00000342456.11_UTR_pair	67	7	1337
ENSG00000110719_ENST00000265686.8_UTR_pair	99	7	76
ENSG00000110721_ENST00000265689.9_UTR_pair	211	7	1129
ENSG00000110066_ENST00000304363.9_UTR_pair	235	7	2825
ENSG00000162337_ENST00000294304.12_UTR_pair	124	7	205
ENSG00000110075_ENST00000393800.7_UTR_pair	233	7	2217
ENSG00000110090_ENST00000265641.10_UTR_pair	155	7	2761
ENSG00000132740_ENST00000255078.8_UTR_pair	62	7	870
ENSG00000162341_ENST00000294309.8_UTR_pair	66	7	2644
ENSG00000110092_ENST00000227507.3_UTR_pair	158	7	3192
ENSG00000168040_ENST00000301838.5_UTR_pair	164	7	917
ENSG00000131626_ENST00000253925.12_UTR_pair	225	7	1406
ENSG00000085733_ENST00000301843.13_UTR_pair	183	7	1413
ENSG00000172893_ENST00000355527.8_UTR_pair	235	7	964
ENSG00000137497_ENST00000393695.8_UTR_pair	187	7	663
ENSG00000149357_ENST00000278671.10_UTR_pair	73	7	530
ENSG00000110200_ENST00000227618.9_UTR_pair	141	7	294
ENSG00000165458_ENST00000298229.7_UTR_pair	218	7	794
ENSG00000162129_ENST00000538039.6_UTR_pair	57	7	7872
ENSG00000186635_ENST00000393609.8_UTR_pair	208	7	595
ENSG00000168010_ENST00000321297.10_UTR_pair	35	7	245
ENSG00000137478_ENST00000409418.9_UTR_pair	441	7	2046
ENSG00000110237_ENST00000263674.4_UTR_pair	363	7	1608
ENSG00000054967_ENST00000064780.7_UTR_pair	126	7	1983
ENSG00000054965_ENST00000356467.5_UTR_pair	208	7	6276
ENSG00000175582_ENST00000336083.8_UTR_pair	439	7	2260
ENSG00000175581_ENST00000310614.12_UTR_pair	98	7	763
ENSG00000181924_ENST00000355693.5_UTR_pair	106	7	448
ENSG00000175567_ENST00000663595.2_UTR_pair	379	7	335
ENSG00000214517_ENST00000328257.13_UTR_pair	133	7	1193
ENSG00000165434_ENST00000298198.5_UTR_pair	272	7	6336
ENSG00000077514_ENST00000263681.7_UTR_pair	77	7	2310
ENSG00000118363_ENST00000263672.11_UTR_pair	20	7	1990
ENSG00000162139_ENST00000294064.9_UTR_pair	128	7	4415
ENSG00000137486_ENST00000420843.7_UTR_pair	54	7	6041
ENSG00000158555_ENST00000336898.8_UTR_pair	876	7	867
ENSG00000149257_ENST00000358171.8_UTR_pair	101	7	700
ENSG00000062282_ENST00000228027.12_UTR_pair	214	7	1026
ENSG00000198382_ENST00000356136.8_UTR_pair	198	7	2819
ENSG00000137492_ENST00000260045.8_UTR_pair	296	7	908
ENSG00000158636_ENST00000695367.1_UTR_pair	150	7	2885
ENSG00000182704_ENST00000333090.5_UTR_pair	57	7	1466
ENSG00000078124_ENST00000532485.6_UTR_pair	59	7	6470
ENSG00000149260_ENST00000648180.1_UTR_pair	159	7	2285
ENSG00000149269_ENST00000356341.8_UTR_pair	564	7	1257
ENSG00000178301_ENST00000313578.4_UTR_pair	40	7	979
ENSG00000074201_ENST00000525428.6_UTR_pair	80	7	2188
ENSG00000087884_ENST00000393427.7_UTR_pair	116	7	37
ENSG00000188997_ENST00000340067.4_UTR_pair	83	7	2523
ENSG00000118369_ENST00000529308.6_UTR_pair	249	7	1419
ENSG00000033327_ENST00000361507.5_UTR_pair	100	7	3979
ENSG00000137509_ENST00000313010.8_UTR_pair	28	7	1970
ENSG00000137502_ENST00000527633.6_UTR_pair	215	7	9032
ENSG00000165494_ENST00000690938.1_UTR_pair	309	7	900
ENSG00000137500_ENST00000529689.6_UTR_pair	395	7	2830
ENSG00000171202_ENST00000304511.7_UTR_pair	130	7	41
ENSG00000137504_ENST00000527447.2_UTR_pair	254	7	5821
ENSG00000073921_ENST00000393346.8_UTR_pair	304	7	1871
ENSG00000074266_ENST00000263360.11_UTR_pair	477	7	285
ENSG00000149196_ENST00000278483.8_UTR_pair	209	7	305
ENSG00000150687_ENST00000280258.6_UTR_pair	123	7	2438
ENSG00000174804_ENST00000531380.2_UTR_pair	310	7	5463
ENSG00000166575_ENST00000305494.6_UTR_pair	112	7	7491
ENSG00000123892_ENST00000243662.11_UTR_pair	59	7	737
ENSG00000109861_ENST00000227266.10_UTR_pair	64	7	414
ENSG00000110172_ENST00000320585.11_UTR_pair	95	7	1976
ENSG00000180773_ENST00000326402.9_UTR_pair	159	7	4363
ENSG00000166002_ENST00000298966.7_UTR_pair	269	7	538
ENSG00000166012_ENST00000448108.7_UTR_pair	201	7	594
ENSG00000042429_ENST00000251871.9_UTR_pair	232	7	2899
ENSG00000110218_ENST00000227638.8_UTR_pair	472	7	1099
ENSG00000168876_ENST00000544612.6_UTR_pair	142	7	1046
ENSG00000166025_ENST00000433060.3_UTR_pair	156	7	5953
ENSG00000186280_ENST00000335080.6_UTR_pair	804	7	575
ENSG00000149218_ENST00000278505.5_UTR_pair	82	7	3066
ENSG00000149212_ENST00000536441.7_UTR_pair	342	7	7742
ENSG00000077458_ENST00000358780.10_UTR_pair	304	7	2608
ENSG00000166037_ENST00000325542.10_UTR_pair	201	7	1437
ENSG00000087053_ENST00000346299.10_UTR_pair	153	7	2410
ENSG00000184384_ENST00000524717.6_UTR_pair	1300	7	2350
ENSG00000183340_ENST00000332349.5_UTR_pair	228	7	1337
ENSG00000165895_ENST00000298815.13_UTR_pair	391	7	5140
ENSG00000137693_ENST00000282441.10_UTR_pair	402	7	3484
ENSG00000110330_ENST00000227758.7_UTR_pair	1420	7	487
ENSG00000152558_ENST00000398136.7_UTR_pair	142	7	2535
ENSG00000170962_ENST00000393158.7_UTR_pair	220	7	2505
ENSG00000196954_ENST00000444739.7_UTR_pair	49	7	113
ENSG00000137752_ENST00000533400.6_UTR_pair	31	7	750
ENSG00000170903_ENST00000301919.9_UTR_pair	1429	7	1636
ENSG00000182359_ENST00000531837.2_UTR_pair	249	7	1752
ENSG00000149313_ENST00000278618.9_UTR_pair	49	7	1788
ENSG00000110660_ENST00000525815.6_UTR_pair	20	7	1624
ENSG00000166266_ENST00000393094.7_UTR_pair	451	7	3377
ENSG00000075239_ENST00000265838.9_UTR_pair	40	7	213
ENSG00000149308_ENST00000278612.9_UTR_pair	102	7	1727
ENSG00000178105_ENST00000322536.8_UTR_pair	85	7	504
ENSG00000149289_ENST00000278590.8_UTR_pair	20	7	6104
ENSG00000137710_ENST00000645495.2_UTR_pair	212	7	2428
ENSG00000137714_ENST00000260270.3_UTR_pair	173	7	2416
ENSG00000204381_ENST00000375614.7_UTR_pair	124	7	1287
ENSG00000170145_ENST00000304987.4_UTR_pair	115	7	6726
ENSG00000137713_ENST00000527614.6_UTR_pair	28	7	3719
ENSG00000150764_ENST00000440460.7_UTR_pair	157	7	3617
ENSG00000150768_ENST00000280346.11_UTR_pair	65	7	1869
ENSG00000150779_ENST00000504148.3_UTR_pair	33	7	495
ENSG00000204370_ENST00000375549.8_UTR_pair	35	7	824
ENSG00000150782_ENST00000280357.12_UTR_pair	197	7	336
ENSG00000149294_ENST00000316851.12_UTR_pair	193	7	3049
ENSG00000149292_ENST00000529221.6_UTR_pair	51	7	87
ENSG00000166741_ENST00000299964.4_UTR_pair	158	7	1059
ENSG00000076053_ENST00000375490.10_UTR_pair	6	7	2800
ENSG00000182985_ENST00000331581.11_UTR_pair	21	7	7238
ENSG00000137656_ENST00000260210.5_UTR_pair	23	7	309
ENSG00000168092_ENST00000527958.6_UTR_pair	139	7	3346
ENSG00000149577_ENST00000324225.9_UTR_pair	521	7	1376
ENSG00000149591_ENST00000392951.9_UTR_pair	75	7	3105
ENSG00000160613_ENST00000320934.8_UTR_pair	179	7	1660
ENSG00000167257_ENST00000300650.9_UTR_pair	62	7	1303
ENSG00000186318_ENST00000313005.11_UTR_pair	461	7	3868
ENSG00000110274_ENST00000278935.8_UTR_pair	148	7	1098
ENSG00000149573_ENST00000278937.7_UTR_pair	144	7	1830
ENSG00000110344_ENST00000252108.8_UTR_pair	116	7	2771
ENSG00000149582_ENST00000313236.10_UTR_pair	70	7	1249
ENSG00000095139_ENST00000264028.5_UTR_pair	139	7	2319
ENSG00000019144_ENST00000600882.6_UTR_pair	106	7	1205
ENSG00000110367_ENST00000534980.7_UTR_pair	334	7	4342
ENSG00000186174_ENST00000683865.1_UTR_pair	819	7	2279
ENSG00000196655_ENST00000533632.6_UTR_pair	30	7	735
ENSG00000149428_ENST00000617285.5_UTR_pair	193	7	1405
ENSG00000160695_ENST00000621676.5_UTR_pair	6	7	349
ENSG00000256269_ENST00000652429.1_UTR_pair	153	7	266
ENSG00000172269_ENST00000354202.9_UTR_pair	198	7	488
ENSG00000172375_ENST00000648610.2_UTR_pair	398	7	2288
ENSG00000172273_ENST00000350777.7_UTR_pair	70	7	1561
ENSG00000110395_ENST00000264033.6_UTR_pair	79	7	8368
ENSG00000076706_ENST00000264036.6_UTR_pair	29	7	1357
ENSG00000036672_ENST00000260187.7_UTR_pair	259	7	1620
ENSG00000154096_ENST00000284240.10_UTR_pair	84	7	3932
ENSG00000110400_ENST00000264025.8_UTR_pair	647	7	3755
ENSG00000184232_ENST00000328965.9_UTR_pair	248	7	1192
ENSG00000196914_ENST00000397843.7_UTR_pair	831	7	4860
ENSG00000154114_ENST00000683345.1_UTR_pair	315	7	3680
ENSG00000109929_ENST00000264027.9_UTR_pair	56	7	5898
ENSG00000154127_ENST00000284273.6_UTR_pair	328	7	4587
ENSG00000109971_ENST00000534624.6_UTR_pair	78	7	245
ENSG00000166250_ENST00000448775.4_UTR_pair	308	7	3602
ENSG00000023171_ENST00000635736.2_UTR_pair	524	7	5172
ENSG00000166261_ENST00000530393.6_UTR_pair	405	7	2083
ENSG00000110002_ENST00000456829.7_UTR_pair	163	7	1776
ENSG00000110013_ENST00000263593.8_UTR_pair	31	7	3838
ENSG00000064199_ENST00000227135.7_UTR_pair	76	7	3072
ENSG00000154146_ENST00000284292.11_UTR_pair	143	7	830
ENSG00000149548_ENST00000344762.6_UTR_pair	178	7	778
ENSG00000150433_ENST00000682305.1_UTR_pair	240	7	3217
ENSG00000149557_ENST00000278919.8_UTR_pair	190	7	3214
ENSG00000149547_ENST00000278903.11_UTR_pair	167	7	1001
ENSG00000134910_ENST00000392708.9_UTR_pair	102	7	2281
ENSG00000149554_ENST00000438015.7_UTR_pair	870	7	1827
ENSG00000064309_ENST00000531738.6_UTR_pair	349	7	4121
ENSG00000197798_ENST00000533050.6_UTR_pair	125	7	835
ENSG00000182934_ENST00000332118.11_UTR_pair	91	7	978
ENSG00000150455_ENST00000392679.6_UTR_pair	277	7	1246
ENSG00000110063_ENST00000263579.5_UTR_pair	21	7	4392
ENSG00000110080_ENST00000444328.7_UTR_pair	217	7	591
ENSG00000134954_ENST00000392668.8_UTR_pair	85	7	3596
ENSG00000151702_ENST00000527786.7_UTR_pair	187	7	2279
ENSG00000170322_ENST00000682444.1_UTR_pair	184	7	1089
ENSG00000170325_ENST00000360871.8_UTR_pair	232	7	2602
ENSG00000084234_ENST00000338167.10_UTR_pair	84	7	1357
ENSG00000196323_ENST00000357899.9_UTR_pair	599	7	5087
ENSG00000120451_ENST00000265909.9_UTR_pair	540	7	12172
ENSG00000151502_ENST00000281187.10_UTR_pair	452	7	2198
ENSG00000151498_ENST00000281182.9_UTR_pair	33	7	895
ENSG00000073614_ENST00000399788.7_UTR_pair	229	7	5399
ENSG00000120647_ENST00000239830.9_UTR_pair	111	7	722
ENSG00000060237_ENST00000315939.11_UTR_pair	987	7	2660
ENSG00000002016_ENST00000358495.8_UTR_pair	111	7	1655
ENSG00000082805_ENST00000360905.9_UTR_pair	256	7	5701
ENSG00000171823_ENST00000339235.4_UTR_pair	515	7	755
ENSG00000111186_ENST00000397196.7_UTR_pair	198	7	960
ENSG00000006831_ENST00000357103.5_UTR_pair	208	7	2602
ENSG00000151065_ENST00000280665.11_UTR_pair	26	7	153
ENSG00000004478_ENST00000001008.6_UTR_pair	170	7	2165
ENSG00000111206_ENST00000359843.8_UTR_pair	302	7	958
ENSG00000171792_ENST00000489288.7_UTR_pair	144	7	1065
ENSG00000078246_ENST00000448120.7_UTR_pair	57	7	1694
ENSG00000197905_ENST00000359864.8_UTR_pair	207	7	198
ENSG00000011105_ENST00000011898.10_UTR_pair	159	7	3443
ENSG00000130038_ENST00000440314.7_UTR_pair	481	7	27
ENSG00000111224_ENST00000228820.9_UTR_pair	170	7	3262
ENSG00000118971_ENST00000261254.8_UTR_pair	279	7	5344
ENSG00000047621_ENST00000261250.8_UTR_pair	86	7	2072
ENSG00000010278_ENST00000009180.10_UTR_pair	100	7	438
ENSG00000067182_ENST00000162749.7_UTR_pair	262	7	541
ENSG00000111319_ENST00000228916.7_UTR_pair	113	7	1026
ENSG00000111321_ENST00000228918.9_UTR_pair	197	7	629
ENSG00000010292_ENST00000315579.10_UTR_pair	76	7	543
ENSG00000111640_ENST00000229239.10_UTR_pair	76	7	201
ENSG00000126746_ENST00000683879.1_UTR_pair	343	7	1237
ENSG00000111652_ENST00000543155.6_UTR_pair	177	7	826
ENSG00000089693_ENST00000203630.10_UTR_pair	231	7	577
ENSG00000159335_ENST00000309083.8_UTR_pair	343	7	510
ENSG00000110811_ENST00000290510.10_UTR_pair	34	7	386
ENSG00000111667_ENST00000229268.13_UTR_pair	30	7	555
ENSG00000111669_ENST00000396705.10_UTR_pair	36	7	565
ENSG00000111671_ENST00000524270.6_UTR_pair	154	7	257
ENSG00000111674_ENST00000229277.6_UTR_pair	92	7	897
ENSG00000111679_ENST00000318974.14_UTR_pair	157	7	216
ENSG00000215021_ENST00000535923.6_UTR_pair	121	7	358
ENSG00000111684_ENST00000261407.9_UTR_pair	52	7	719
ENSG00000139182_ENST00000266546.11_UTR_pair	278	7	864
ENSG00000139197_ENST00000675855.1_UTR_pair	81	7	1236
ENSG00000059804_ENST00000075120.12_UTR_pair	153	7	2183
ENSG00000065970_ENST00000162391.8_UTR_pair	1132	7	2667
ENSG00000089818_ENST00000339754.11_UTR_pair	15	7	1791
ENSG00000166532_ENST00000535829.6_UTR_pair	363	7	3407
ENSG00000111752_ENST00000544916.6_UTR_pair	367	7	2008
ENSG00000003056_ENST00000000412.8_UTR_pair	159	7	1457
ENSG00000139112_ENST00000266458.10_UTR_pair	253	7	1276
ENSG00000111196_ENST00000320756.7_UTR_pair	77	7	2082
ENSG00000060138_ENST00000228251.9_UTR_pair	212	7	600
ENSG00000256537_ENST00000622602.2_UTR_pair	163	7	4453
ENSG00000139083_ENST00000396373.9_UTR_pair	454	7	4331
ENSG00000070018_ENST00000261349.9_UTR_pair	309	7	5101
ENSG00000111261_ENST00000535902.6_UTR_pair	265	7	3971
ENSG00000111266_ENST00000298573.9_UTR_pair	1112	7	3551
ENSG00000111269_ENST00000228865.3_UTR_pair	297	7	3110
ENSG00000111276_ENST00000228872.9_UTR_pair	472	7	1342
ENSG00000213782_ENST00000358007.7_UTR_pair	22	7	427
ENSG00000013588_ENST00000014914.6_UTR_pair	110	7	5398
ENSG00000084444_ENST00000197268.13_UTR_pair	23	7	2819
ENSG00000134531_ENST00000256951.10_UTR_pair	189	7	5250
ENSG00000171681_ENST00000261168.9_UTR_pair	153	7	4857
ENSG00000084463_ENST00000261167.7_UTR_pair	172	7	2483
ENSG00000111348_ENST00000228945.9_UTR_pair	77	7	491
ENSG00000134533_ENST00000256953.6_UTR_pair	337	7	1327
ENSG00000151491_ENST00000281172.10_UTR_pair	249	7	1183
ENSG00000023734_ENST00000419869.7_UTR_pair	321	7	500
ENSG00000023697_ENST00000428559.7_UTR_pair	52	7	635
ENSG00000008394_ENST00000396210.8_UTR_pair	88	7	369
ENSG00000139154_ENST00000266508.14_UTR_pair	208	7	4110
ENSG00000121350_ENST00000240651.14_UTR_pair	76	7	2496
ENSG00000004700_ENST00000444129.7_UTR_pair	511	7	1284
ENSG00000111711_ENST00000229314.10_UTR_pair	135	7	2701
ENSG00000111716_ENST00000350669.5_UTR_pair	98	7	200
ENSG00000111731_ENST00000446597.6_UTR_pair	252	7	1177
ENSG00000139163_ENST00000266517.9_UTR_pair	260	7	5711
ENSG00000134532_ENST00000451604.7_UTR_pair	69	7	4715
ENSG00000060982_ENST00000261192.12_UTR_pair	169	7	7984
ENSG00000205707_ENST00000381356.9_UTR_pair	138	7	831
ENSG00000133703_ENST00000311936.8_UTR_pair	190	7	4549
ENSG00000123094_ENST00000689635.1_UTR_pair	669	7	4051
ENSG00000123095_ENST00000242728.5_UTR_pair	258	7	2036
ENSG00000123096_ENST00000242729.7_UTR_pair	100	7	3701
ENSG00000064102_ENST00000261191.12_UTR_pair	197	7	316
ENSG00000111790_ENST00000229395.8_UTR_pair	255	7	1915
ENSG00000064115_ENST00000343028.9_UTR_pair	216	7	2386
ENSG00000211455_ENST00000389032.8_UTR_pair	58	7	3504
ENSG00000110841_ENST00000228425.11_UTR_pair	283	7	2682
ENSG00000087448_ENST00000381271.7_UTR_pair	98	7	4874
ENSG00000087502_ENST00000360150.9_UTR_pair	95	7	3804
ENSG00000133704_ENST00000256079.9_UTR_pair	222	7	1872
ENSG00000110888_ENST00000695402.1_UTR_pair	240	7	349
ENSG00000170456_ENST00000389082.10_UTR_pair	304	7	5377
ENSG00000151746_ENST00000652176.1_UTR_pair	485	7	6006
ENSG00000139132_ENST00000534526.7_UTR_pair	236	7	5517
ENSG00000087470_ENST00000549701.6_UTR_pair	63	7	2240
ENSG00000139117_ENST00000331366.10_UTR_pair	57	7	1679
ENSG00000151233_ENST00000398675.8_UTR_pair	228	7	5941
ENSG00000015153_ENST00000534854.7_UTR_pair	68	7	3485
ENSG00000139168_ENST00000266529.8_UTR_pair	173	7	981
ENSG00000134283_ENST00000358314.12_UTR_pair	83	7	672
ENSG00000139174_ENST00000345127.9_UTR_pair	330	7	3052
ENSG00000198001_ENST00000613694.5_UTR_pair	75	7	2826
ENSG00000151239_ENST00000395510.7_UTR_pair	72	7	1862
ENSG00000177119_ENST00000320560.13_UTR_pair	227	7	3038
ENSG00000189079_ENST00000334344.11_UTR_pair	131	7	2959
ENSG00000139218_ENST00000369367.8_UTR_pair	243	7	2917
ENSG00000111371_ENST00000398637.10_UTR_pair	726	7	5907
ENSG00000134294_ENST00000256689.10_UTR_pair	351	7	2923
ENSG00000139211_ENST00000550413.2_UTR_pair	668	7	987
ENSG00000005175_ENST00000005386.8_UTR_pair	85	7	2256
ENSG00000211584_ENST00000442218.3_UTR_pair	67	7	2470
ENSG00000061273_ENST00000080059.12_UTR_pair	118	7	1119
ENSG00000134291_ENST00000429772.7_UTR_pair	137	7	649
ENSG00000079387_ENST00000549518.6_UTR_pair	96	7	2425
ENSG00000152556_ENST00000359794.11_UTR_pair	51	7	696
ENSG00000177981_ENST00000317697.8_UTR_pair	90	7	1577
ENSG00000139620_ENST00000420613.7_UTR_pair	61	7	833
ENSG00000129315_ENST00000261900.8_UTR_pair	32	7	4575
ENSG00000174233_ENST00000357869.8_UTR_pair	188	7	2397
ENSG00000167535_ENST00000301050.7_UTR_pair	434	7	1042
ENSG00000174243_ENST00000308025.8_UTR_pair	80	7	713
ENSG00000172602_ENST00000309739.6_UTR_pair	103	7	851
ENSG00000134285_ENST00000550765.6_UTR_pair	64	7	21
ENSG00000134287_ENST00000256682.9_UTR_pair	271	7	3224
ENSG00000181929_ENST00000548065.7_UTR_pair	36	7	625
ENSG00000167550_ENST00000301068.11_UTR_pair	194	7	427
ENSG00000139636_ENST00000267102.13_UTR_pair	292	7	533
ENSG00000123416_ENST00000336023.9_UTR_pair	95	7	176
ENSG00000167552_ENST00000301071.12_UTR_pair	101	7	215
ENSG00000167553_ENST00000301072.11_UTR_pair	100	7	1373
ENSG00000178401_ENST00000549441.7_UTR_pair	1233	7	2188
ENSG00000123352_ENST00000552918.6_UTR_pair	432	7	1170
ENSG00000187778_ENST00000343810.9_UTR_pair	205	7	344
ENSG00000110844_ENST00000548825.7_UTR_pair	30	7	473
ENSG00000139644_ENST00000267115.10_UTR_pair	85	7	2038
ENSG00000167566_ENST00000335999.7_UTR_pair	190	7	687
ENSG00000161800_ENST00000312377.10_UTR_pair	101	7	1106
ENSG00000110881_ENST00000447966.7_UTR_pair	337	7	1962
ENSG00000066117_ENST00000394963.9_UTR_pair	28	7	1707
ENSG00000178449_ENST00000550487.6_UTR_pair	74	7	236
ENSG00000139624_ENST00000317551.12_UTR_pair	72	7	1256
ENSG00000050405_ENST00000341247.9_UTR_pair	124	7	1276
ENSG00000161813_ENST00000398473.7_UTR_pair	126	7	4140
ENSG00000066084_ENST00000301180.10_UTR_pair	156	7	3818
ENSG00000123268_ENST00000262053.8_UTR_pair	213	7	1383
ENSG00000185432_ENST00000332160.5_UTR_pair	24	7	2358
ENSG00000110911_ENST00000262052.9_UTR_pair	113	7	2333
ENSG00000050426_ENST00000262055.9_UTR_pair	30	7	993
ENSG00000110925_ENST00000228515.6_UTR_pair	344	7	2541
ENSG00000135457_ENST00000257915.10_UTR_pair	713	7	1585
ENSG00000183283_ENST00000412716.8_UTR_pair	82	7	1475
ENSG00000170545_ENST00000603798.6_UTR_pair	198	7	1383
ENSG00000139629_ENST00000356317.8_UTR_pair	311	7	3127
ENSG00000050438_ENST00000453097.7_UTR_pair	157	7	8325
ENSG00000135503_ENST00000257963.9_UTR_pair	45	7	2968
ENSG00000123358_ENST00000394825.6_UTR_pair	129	7	559
ENSG00000063046_ENST00000262056.14_UTR_pair	28	7	1992
ENSG00000167778_ENST00000301463.9_UTR_pair	57	7	1516
ENSG00000167779_ENST00000301464.4_UTR_pair	51	7	173
ENSG00000139631_ENST00000444623.6_UTR_pair	284	7	848
ENSG00000139651_ENST00000416904.5_UTR_pair	423	7	7552
ENSG00000172819_ENST00000425354.7_UTR_pair	445	7	1107
ENSG00000182544_ENST00000329548.5_UTR_pair	192	7	218
ENSG00000135476_ENST00000257934.9_UTR_pair	91	7	164
ENSG00000185591_ENST00000327443.9_UTR_pair	116	7	5206
ENSG00000205352_ENST00000429243.7_UTR_pair	79	7	579
ENSG00000197111_ENST00000546463.6_UTR_pair	350	7	1720
ENSG00000139625_ENST00000547488.6_UTR_pair	69	7	1513
ENSG00000139546_ENST00000266987.7_UTR_pair	126	7	283
ENSG00000170653_ENST00000420353.7_UTR_pair	125	7	5083
ENSG00000135390_ENST00000394349.9_UTR_pair	62	7	144
ENSG00000012822_ENST00000550804.6_UTR_pair	73	7	3427
ENSG00000123415_ENST00000682136.1_UTR_pair	138	7	1730
ENSG00000094916_ENST00000209875.9_UTR_pair	157	7	10813
ENSG00000135486_ENST00000340913.11_UTR_pair	82	7	2543
ENSG00000161642_ENST00000394313.7_UTR_pair	219	7	1120
ENSG00000161638_ENST00000293379.9_UTR_pair	68	7	1032
ENSG00000135424_ENST00000257879.11_UTR_pair	222	7	490
ENSG00000135404_ENST00000257857.9_UTR_pair	68	7	238
ENSG00000135414_ENST00000257868.10_UTR_pair	195	7	7382
ENSG00000123353_ENST00000243045.10_UTR_pair	73	7	1484
ENSG00000135392_ENST00000678005.2_UTR_pair	155	7	992
ENSG00000065357_ENST00000331886.10_UTR_pair	264	7	255
ENSG00000123374_ENST00000266970.9_UTR_pair	179	7	1164
ENSG00000111540_ENST00000360299.10_UTR_pair	154	7	4471
ENSG00000139531_ENST00000266971.8_UTR_pair	183	7	498
ENSG00000065361_ENST00000267101.8_UTR_pair	136	7	1450
ENSG00000170515_ENST00000303305.11_UTR_pair	179	7	1022
ENSG00000135482_ENST00000257940.7_UTR_pair	169	7	5647
ENSG00000139641_ENST00000394048.10_UTR_pair	53	7	812
ENSG00000196465_ENST00000695999.1_UTR_pair	91	7	110
ENSG00000092841_ENST00000550697.6_UTR_pair	43	7	209
ENSG00000139613_ENST00000550164.6_UTR_pair	22	7	1330
ENSG00000181852_ENST00000345093.9_UTR_pair	371	7	4268
ENSG00000139579_ENST00000267023.9_UTR_pair	123	7	641
ENSG00000139645_ENST00000267116.8_UTR_pair	115	7	5335
ENSG00000135469_ENST00000308197.10_UTR_pair	177	7	649
ENSG00000062485_ENST00000351328.8_UTR_pair	129	7	1385
ENSG00000135473_ENST00000440411.8_UTR_pair	253	7	673
ENSG00000170581_ENST00000314128.9_UTR_pair	57	7	1792
ENSG00000111602_ENST00000553532.6_UTR_pair	178	7	1353
ENSG00000076067_ENST00000262031.10_UTR_pair	204	7	7060
ENSG00000076108_ENST00000549884.6_UTR_pair	204	7	3022
ENSG00000110955_ENST00000262030.8_UTR_pair	21	7	148
ENSG00000110958_ENST00000262033.11_UTR_pair	285	7	1130
ENSG00000196531_ENST00000454682.6_UTR_pair	39	7	111
ENSG00000198056_ENST00000338193.11_UTR_pair	25	7	135
ENSG00000166860_ENST00000300101.3_UTR_pair	186	7	3943
ENSG00000166881_ENST00000300128.9_UTR_pair	46	7	4236
ENSG00000166886_ENST00000300131.8_UTR_pair	158	7	755
ENSG00000166888_ENST00000300134.8_UTR_pair	255	7	1164
ENSG00000182379_ENST00000349394.6_UTR_pair	176	7	702
ENSG00000182199_ENST00000328923.8_UTR_pair	68	7	574
ENSG00000179912_ENST00000402412.6_UTR_pair	429	7	1009
ENSG00000166987_ENST00000355673.8_UTR_pair	276	7	914
ENSG00000175203_ENST00000548249.6_UTR_pair	129	7	638
ENSG00000155980_ENST00000455537.7_UTR_pair	228	7	2452
ENSG00000166908_ENST00000354947.10_UTR_pair	98	7	1812
ENSG00000178498_ENST00000337737.8_UTR_pair	334	7	650
ENSG00000135454_ENST00000341156.9_UTR_pair	431	7	3335
ENSG00000135452_ENST00000257910.8_UTR_pair	116	7	2929
ENSG00000135446_ENST00000257904.11_UTR_pair	155	7	798
ENSG00000037897_ENST00000324871.12_UTR_pair	22	7	525
ENSG00000175215_ENST00000398073.7_UTR_pair	294	7	3675
ENSG00000139263_ENST00000320743.8_UTR_pair	269	7	417
ENSG00000111110_ENST00000228705.7_UTR_pair	414	7	4495
ENSG00000118600_ENST00000261234.11_UTR_pair	52	7	470
ENSG00000174206_ENST00000398055.8_UTR_pair	59	7	2762
ENSG00000184575_ENST00000332707.10_UTR_pair	487	7	2994
ENSG00000183735_ENST00000331710.10_UTR_pair	99	7	733
ENSG00000135677_ENST00000258145.8_UTR_pair	130	7	3292
ENSG00000174099_ENST00000308259.10_UTR_pair	234	7	3585
ENSG00000149948_ENST00000403681.7_UTR_pair	788	7	2999
ENSG00000155957_ENST00000358230.8_UTR_pair	45	7	2114
ENSG00000155974_ENST00000359742.9_UTR_pair	172	7	1588
ENSG00000111530_ENST00000545606.6_UTR_pair	360	7	7123
ENSG00000127334_ENST00000344096.4_UTR_pair	389	7	6693
ENSG00000111554_ENST00000682720.1_UTR_pair	117	7	688
ENSG00000111581_ENST00000229179.9_UTR_pair	88	7	3347
ENSG00000135679_ENST00000258149.11_UTR_pair	301	7	5695
ENSG00000135678_ENST00000551568.6_UTR_pair	33	7	5262
ENSG00000111605_ENST00000435070.7_UTR_pair	78	7	4850
ENSG00000127337_ENST00000247843.7_UTR_pair	230	7	554
ENSG00000166225_ENST00000549921.6_UTR_pair	403	7	4838
ENSG00000166226_ENST00000299300.11_UTR_pair	63	7	245
ENSG00000127328_ENST00000247833.12_UTR_pair	197	7	7753
ENSG00000111596_ENST00000229195.8_UTR_pair	143	7	1078
ENSG00000139292_ENST00000266674.10_UTR_pair	283	7	1576
ENSG00000133858_ENST00000378743.9_UTR_pair	238	7	829
ENSG00000173451_ENST00000308086.3_UTR_pair	209	7	3536
ENSG00000139291_ENST00000266673.10_UTR_pair	599	7	4052
ENSG00000121749_ENST00000485960.7_UTR_pair	23	7	1109
ENSG00000253719_ENST00000519948.4_UTR_pair	278	7	7024
ENSG00000139289_ENST00000266671.10_UTR_pair	35	7	4672
ENSG00000179941_ENST00000650064.2_UTR_pair	57	7	1339
ENSG00000091039_ENST00000261183.8_UTR_pair	442	7	4092
ENSG00000186908_ENST00000426126.7_UTR_pair	122	7	2711
ENSG00000175183_ENST00000311083.10_UTR_pair	83	7	243
ENSG00000165891_ENST00000322886.12_UTR_pair	225	7	2764
ENSG00000067715_ENST00000261205.9_UTR_pair	552	7	2884
ENSG00000177425_ENST00000328827.9_UTR_pair	240	7	7728
ENSG00000058272_ENST00000450142.7_UTR_pair	166	7	2361
ENSG00000127720_ENST00000248306.8_UTR_pair	37	7	215
ENSG00000179104_ENST00000321196.8_UTR_pair	681	7	2477
ENSG00000072041_ENST00000266682.10_UTR_pair	465	7	2141
ENSG00000139324_ENST00000266712.11_UTR_pair	209	7	4238
ENSG00000049130_ENST00000644744.1_UTR_pair	193	7	4426
ENSG00000139318_ENST00000279488.8_UTR_pair	462	7	2019
ENSG00000139323_ENST00000313546.8_UTR_pair	152	7	1435
ENSG00000070961_ENST00000428670.8_UTR_pair	464	7	2935
ENSG00000133639_ENST00000256015.5_UTR_pair	311	7	3802
ENSG00000102189_ENST00000322349.13_UTR_pair	229	7	5374
ENSG00000177889_ENST00000318066.7_UTR_pair	63	7	4355
ENSG00000120833_ENST00000551556.2_UTR_pair	223	7	1566
ENSG00000173588_ENST00000397809.10_UTR_pair	465	7	1115
ENSG00000057704_ENST00000261226.9_UTR_pair	127	7	4313
ENSG00000120798_ENST00000333003.10_UTR_pair	246	7	2000
ENSG00000180263_ENST00000343958.9_UTR_pair	227	7	4771
ENSG00000111142_ENST00000323666.10_UTR_pair	28	7	1935
ENSG00000139343_ENST00000266735.10_UTR_pair	122	7	69
ENSG00000111144_ENST00000228740.7_UTR_pair	68	7	236
ENSG00000111145_ENST00000228741.8_UTR_pair	333	7	2644
ENSG00000059758_ENST00000261211.8_UTR_pair	483	7	1981
ENSG00000139350_ENST00000266742.9_UTR_pair	305	7	1727
ENSG00000120802_ENST00000556029.6_UTR_pair	278	7	2493
ENSG00000075415_ENST00000552981.6_UTR_pair	59	7	4839
ENSG00000166130_ENST00000299157.5_UTR_pair	87	7	1681
ENSG00000120868_ENST00000551964.6_UTR_pair	587	7	2867
ENSG00000111647_ENST00000279907.12_UTR_pair	239	7	564
ENSG00000075089_ENST00000188312.7_UTR_pair	37	7	509
ENSG00000136021_ENST00000360820.7_UTR_pair	644	7	2543
ENSG00000139354_ENST00000547754.6_UTR_pair	253	7	3398
ENSG00000120805_ENST00000261636.13_UTR_pair	127	7	2524
ENSG00000111666_ENST00000229266.8_UTR_pair	222	7	129
ENSG00000111670_ENST00000299314.12_UTR_pair	284	7	1665
ENSG00000136048_ENST00000258534.13_UTR_pair	210	7	2352
ENSG00000075188_ENST00000552283.6_UTR_pair	130	7	1251
ENSG00000185480_ENST00000327680.7_UTR_pair	107	7	1229
ENSG00000111696_ENST00000392876.8_UTR_pair	78	7	5519
ENSG00000166598_ENST00000299767.10_UTR_pair	106	7	264
ENSG00000139372_ENST00000392872.8_UTR_pair	166	7	1784
ENSG00000120820_ENST00000360814.9_UTR_pair	456	7	421
ENSG00000111727_ENST00000229330.9_UTR_pair	30	7	3251
ENSG00000120837_ENST00000240055.8_UTR_pair	149	7	2651
ENSG00000198431_ENST00000525566.6_UTR_pair	24	7	1886
ENSG00000171310_ENST00000303694.6_UTR_pair	464	7	4211
ENSG00000136052_ENST00000258538.8_UTR_pair	370	7	3351
ENSG00000136010_ENST00000258494.14_UTR_pair	22	7	4634
ENSG00000136051_ENST00000332180.10_UTR_pair	70	7	2199
ENSG00000136044_ENST00000258530.8_UTR_pair	162	7	1014
ENSG00000074590_ENST00000261402.7_UTR_pair	301	7	3457
ENSG00000136026_ENST00000378026.5_UTR_pair	169	7	1143
ENSG00000166046_ENST00000299045.8_UTR_pair	244	7	473
ENSG00000013503_ENST00000228347.9_UTR_pair	132	7	649
ENSG00000111785_ENST00000392837.9_UTR_pair	64	7	3301
ENSG00000151135_ENST00000280756.9_UTR_pair	233	7	2644
ENSG00000120832_ENST00000240050.9_UTR_pair	346	7	280
ENSG00000008405_ENST00000008527.10_UTR_pair	588	7	638
ENSG00000151136_ENST00000280758.10_UTR_pair	507	7	1924
ENSG00000110851_ENST00000228437.10_UTR_pair	437	7	1339
ENSG00000198855_ENST00000552695.6_UTR_pair	143	7	1735
ENSG00000110880_ENST00000261401.8_UTR_pair	95	7	2294
ENSG00000135093_ENST00000257548.10_UTR_pair	103	7	2092
ENSG00000189046_ENST00000429722.3_UTR_pair	377	7	17
ENSG00000076248_ENST00000242576.7_UTR_pair	83	7	1023
ENSG00000110906_ENST00000228495.11_UTR_pair	38	7	2940
ENSG00000151148_ENST00000342494.8_UTR_pair	603	7	1920
ENSG00000139428_ENST00000545712.7_UTR_pair	24	7	3313
ENSG00000110921_ENST00000228510.8_UTR_pair	94	7	1548
ENSG00000139433_ENST00000318348.9_UTR_pair	167	7	1610
ENSG00000139437_ENST00000405876.9_UTR_pair	153	7	1446
ENSG00000139436_ENST00000355312.8_UTR_pair	144	7	3174
ENSG00000076513_ENST00000261739.9_UTR_pair	259	7	2209
ENSG00000122970_ENST00000242591.10_UTR_pair	526	7	567
ENSG00000174437_ENST00000539276.7_UTR_pair	543	7	4623
ENSG00000111231_ENST00000228827.8_UTR_pair	54	7	548
ENSG00000111237_ENST00000549578.6_UTR_pair	60	7	922
ENSG00000196850_ENST00000354300.5_UTR_pair	287	7	3792
ENSG00000204852_ENST00000397659.9_UTR_pair	54	7	389
ENSG00000186298_ENST00000335007.10_UTR_pair	184	7	1396
ENSG00000111252_ENST00000341259.7_UTR_pair	382	7	3321
ENSG00000204842_ENST00000673436.1_UTR_pair	281	7	598
ENSG00000089234_ENST00000419234.9_UTR_pair	164	7	2053
ENSG00000111275_ENST00000261733.7_UTR_pair	50	7	7957
ENSG00000089248_ENST00000261735.4_UTR_pair	40	7	797
ENSG00000135148_ENST00000412615.7_UTR_pair	71	7	813
ENSG00000089127_ENST00000202917.10_UTR_pair	78	7	350
ENSG00000123064_ENST00000306014.10_UTR_pair	27	7	1704
ENSG00000139405_ENST00000548278.2_UTR_pair	497	7	551
ENSG00000186815_ENST00000335509.11_UTR_pair	288	7	2509
ENSG00000089060_ENST00000680972.1_UTR_pair	749	7	1006
ENSG00000122965_ENST00000261741.10_UTR_pair	98	7	1167
ENSG00000135111_ENST00000349155.7_UTR_pair	975	7	1586
ENSG00000135119_ENST00000257575.9_UTR_pair	209	7	4183
ENSG00000088992_ENST00000335209.12_UTR_pair	134	7	210
ENSG00000135108_ENST00000622495.5_UTR_pair	14	7	4096
ENSG00000176871_ENST00000315436.8_UTR_pair	131	7	1509
ENSG00000176834_ENST00000359236.10_UTR_pair	340	7	3046
ENSG00000135090_ENST00000392533.8_UTR_pair	453	7	1196
ENSG00000111707_ENST00000543473.2_UTR_pair	137	7	3600
ENSG00000152137_ENST00000281938.7_UTR_pair	382	7	888
ENSG00000111725_ENST00000229328.10_UTR_pair	112	7	1294
ENSG00000122966_ENST00000392521.7_UTR_pair	85	7	2441
ENSG00000111737_ENST00000229340.10_UTR_pair	103	7	2146
ENSG00000089159_ENST00000637617.2_UTR_pair	101	7	1867
ENSG00000089163_ENST00000202967.4_UTR_pair	59	7	213
ENSG00000257218_ENST00000551765.6_UTR_pair	37	7	3790
ENSG00000111786_ENST00000229390.8_UTR_pair	139	7	347
ENSG00000088986_ENST00000242577.11_UTR_pair	110	7	283
ENSG00000022840_ENST00000325954.9_UTR_pair	456	7	922
ENSG00000110917_ENST00000228506.8_UTR_pair	148	7	5314
ENSG00000122971_ENST00000242592.9_UTR_pair	60	7	560
ENSG00000157837_ENST00000353487.7_UTR_pair	491	7	2489
ENSG00000135114_ENST00000257570.10_UTR_pair	275	7	1450
ENSG00000135124_ENST00000337233.9_UTR_pair	36	7	557
ENSG00000110931_ENST00000404169.8_UTR_pair	131	7	3007
ENSG00000089053_ENST00000261819.8_UTR_pair	71	7	235
ENSG00000170633_ENST00000361234.10_UTR_pair	95	7	772
ENSG00000089094_ENST00000377071.9_UTR_pair	112	7	1192
ENSG00000188735_ENST00000449592.7_UTR_pair	144	7	6346
ENSG00000139725_ENST00000267205.7_UTR_pair	55	7	1744
ENSG00000110801_ENST00000541212.6_UTR_pair	67	7	1986
ENSG00000110987_ENST00000261822.5_UTR_pair	208	7	2881
ENSG00000175727_ENST00000319080.12_UTR_pair	98	7	5532
ENSG00000139719_ENST00000267199.9_UTR_pair	86	7	2682
ENSG00000130779_ENST00000620786.5_UTR_pair	255	7	1406
ENSG00000033030_ENST00000633063.3_UTR_pair	92	7	1897
ENSG00000111011_ENST00000331738.12_UTR_pair	83	7	2073
ENSG00000184445_ENST00000333479.12_UTR_pair	176	7	168
ENSG00000139726_ENST00000280557.11_UTR_pair	136	7	1986
ENSG00000130787_ENST00000253083.9_UTR_pair	94	7	1208
ENSG00000139722_ENST00000267202.7_UTR_pair	62	7	1786
ENSG00000111325_ENST00000228922.12_UTR_pair	8	7	696
ENSG00000051825_ENST00000606320.6_UTR_pair	225	7	2592
ENSG00000139697_ENST00000602398.3_UTR_pair	147	7	6799
ENSG00000183955_ENST00000402868.8_UTR_pair	67	7	1650
ENSG00000150977_ENST00000280571.10_UTR_pair	264	7	852
ENSG00000184209_ENST00000526639.3_UTR_pair	81	7	655
ENSG00000188026_ENST00000376874.9_UTR_pair	237	7	2484
ENSG00000086598_ENST00000262225.8_UTR_pair	85	7	1853
ENSG00000111364_ENST00000238146.9_UTR_pair	50	7	803
ENSG00000111361_ENST00000424014.7_UTR_pair	129	7	1350
ENSG00000185344_ENST00000330342.8_UTR_pair	213	7	3723
ENSG00000119242_ENST00000238156.8_UTR_pair	362	7	1432
ENSG00000179195_ENST00000337815.9_UTR_pair	1029	7	2497
ENSG00000073060_ENST00000261693.11_UTR_pair	144	7	1731
ENSG00000150991_ENST00000339647.6_UTR_pair	67	7	68
ENSG00000150990_ENST00000308736.7_UTR_pair	109	7	976
ENSG00000184992_ENST00000341446.9_UTR_pair	146	7	5801
ENSG00000111450_ENST00000392373.7_UTR_pair	151	7	2423
ENSG00000132341_ENST00000543796.6_UTR_pair	71	7	1752
ENSG00000061936_ENST00000261674.9_UTR_pair	140	7	250
ENSG00000177169_ENST00000321867.6_UTR_pair	380	7	1789
ENSG00000112787_ENST00000680143.1_UTR_pair	420	7	1410
ENSG00000177084_ENST00000320574.10_UTR_pair	27	7	935
ENSG00000176894_ENST00000317479.8_UTR_pair	84	7	298
ENSG00000247077_ENST00000498926.7_UTR_pair	35	7	1906
ENSG00000176915_ENST00000357997.10_UTR_pair	34	7	1739
ENSG00000090615_ENST00000450791.8_UTR_pair	250	7	4191
ENSG00000072609_ENST00000450056.7_UTR_pair	71	7	9198
ENSG00000196458_ENST00000360187.9_UTR_pair	349	7	7067
ENSG00000256223_ENST00000248211.11_UTR_pair	187	7	2497
ENSG00000196199_ENST00000361479.10_UTR_pair	90	7	1566
ENSG00000121390_ENST00000338910.9_UTR_pair	188	7	675
ENSG00000132950_ENST00000337963.9_UTR_pair	278	7	995
ENSG00000121741_ENST00000610343.5_UTR_pair	194	7	3101
ENSG00000165474_ENST00000382848.5_UTR_pair	178	7	1431
ENSG00000032742_ENST00000351808.10_UTR_pair	106	7	269
ENSG00000132953_ENST00000255305.11_UTR_pair	8	7	6393
ENSG00000173141_ENST00000309594.5_UTR_pair	65	7	1859
ENSG00000180776_ENST00000400590.8_UTR_pair	132	7	4125
ENSG00000165487_ENST00000382374.9_UTR_pair	22	7	558
ENSG00000127863_ENST00000248484.9_UTR_pair	471	7	2713
ENSG00000102699_ENST00000381989.4_UTR_pair	74	7	188
ENSG00000151849_ENST00000381884.9_UTR_pair	167	7	898
ENSG00000139505_ENST00000381801.6_UTR_pair	241	7	3010
ENSG00000127870_ENST00000381588.9_UTR_pair	413	7	1049
ENSG00000132964_ENST00000381527.8_UTR_pair	513	7	1157
ENSG00000132970_ENST00000335327.6_UTR_pair	245	7	3103
ENSG00000152484_ENST00000282344.11_UTR_pair	172	7	3127
ENSG00000122035_ENST00000241463.5_UTR_pair	115	7	1698
ENSG00000122034_ENST00000381140.10_UTR_pair	119	7	226
ENSG00000122033_ENST00000381120.8_UTR_pair	126	7	32
ENSG00000139517_ENST00000316334.5_UTR_pair	255	7	2422
ENSG00000186184_ENST00000302979.5_UTR_pair	92	7	199
ENSG00000152520_ENST00000380958.8_UTR_pair	113	7	2813
ENSG00000102755_ENST00000282397.9_UTR_pair	285	7	2821
ENSG00000139508_ENST00000266943.11_UTR_pair	499	7	1417
ENSG00000139514_ENST00000380752.10_UTR_pair	387	7	5066
ENSG00000122042_ENST00000380680.5_UTR_pair	1079	7	2884
ENSG00000102781_ENST00000380615.8_UTR_pair	235	7	5910
ENSG00000189403_ENST00000341423.10_UTR_pair	155	7	4653
ENSG00000120694_ENST00000320027.10_UTR_pair	322	7	2345
ENSG00000187676_ENST00000343307.5_UTR_pair	110	7	2608
ENSG00000139618_ENST00000380152.8_UTR_pair	199	7	1498
ENSG00000244754_ENST00000267068.6_UTR_pair	178	7	7510
ENSG00000083642_ENST00000315596.15_UTR_pair	161	7	2967
ENSG00000133121_ENST00000336934.10_UTR_pair	117	7	2456
ENSG00000172915_ENST00000379939.7_UTR_pair	551	7	1745
ENSG00000133083_ENST00000360631.8_UTR_pair	288	7	5883
ENSG00000133104_ENST00000438666.7_UTR_pair	172	7	2727
ENSG00000133111_ENST00000255476.3_UTR_pair	136	7	1351
ENSG00000120693_ENST00000379826.5_UTR_pair	309	7	3845
ENSG00000120697_ENST00000239891.4_UTR_pair	40	7	204
ENSG00000120699_ENST00000389704.4_UTR_pair	20	7	315
ENSG00000102710_ENST00000350612.11_UTR_pair	223	7	360
ENSG00000120686_ENST00000239878.9_UTR_pair	69	7	2841
ENSG00000120685_ENST00000352251.8_UTR_pair	847	7	1500
ENSG00000188811_ENST00000379600.8_UTR_pair	184	7	2183
ENSG00000133103_ENST00000455146.8_UTR_pair	65	7	1535
ENSG00000150907_ENST00000379561.6_UTR_pair	429	7	3382
ENSG00000102743_ENST00000338625.9_UTR_pair	122	7	2793
ENSG00000120690_ENST00000239882.7_UTR_pair	317	7	1501
ENSG00000120688_ENST00000379487.5_UTR_pair	165	7	1092
ENSG00000165572_ENST00000379485.2_UTR_pair	291	7	2918
ENSG00000120696_ENST00000379483.4_UTR_pair	312	7	2369
ENSG00000102760_ENST00000379359.4_UTR_pair	158	7	386
ENSG00000102763_ENST00000379310.8_UTR_pair	94	7	1362
ENSG00000023516_ENST00000025301.4_UTR_pair	176	7	4033
ENSG00000120675_ENST00000379221.4_UTR_pair	41	7	6965
ENSG00000120658_ENST00000690772.1_UTR_pair	605	7	860
ENSG00000151773_ENST00000444614.8_UTR_pair	309	7	928
ENSG00000083635_ENST00000379161.5_UTR_pair	35	7	1957
ENSG00000133114_ENST00000379151.9_UTR_pair	117	7	2302
ENSG00000188342_ENST00000340473.8_UTR_pair	146	7	1332
ENSG00000133112_ENST00000530705.6_UTR_pair	114	7	3915
ENSG00000174032_ENST00000519676.6_UTR_pair	129	7	2658
ENSG00000136152_ENST00000349995.10_UTR_pair	98	7	1970
ENSG00000123200_ENST00000679008.1_UTR_pair	352	7	2662
ENSG00000136167_ENST00000323076.7_UTR_pair	91	7	1668
ENSG00000136141_ENST00000389797.8_UTR_pair	227	7	3050
ENSG00000139684_ENST00000378720.8_UTR_pair	112	7	160
ENSG00000136159_ENST00000258662.3_UTR_pair	21	7	1422
ENSG00000136146_ENST00000258648.7_UTR_pair	26	7	1415
ENSG00000136156_ENST00000647800.2_UTR_pair	155	7	9133
ENSG00000139687_ENST00000267163.6_UTR_pair	162	7	1819
ENSG00000136161_ENST00000344532.8_UTR_pair	271	7	1148
ENSG00000102531_ENST00000492622.6_UTR_pair	305	7	2384
ENSG00000102547_ENST00000409308.6_UTR_pair	324	7	2164
ENSG00000136169_ENST00000611815.2_UTR_pair	925	7	3154
ENSG00000136144_ENST00000378302.7_UTR_pair	236	7	2176
ENSG00000123179_ENST00000242827.11_UTR_pair	62	7	294
ENSG00000102753_ENST00000261667.8_UTR_pair	176	7	2480
ENSG00000123178_ENST00000361840.8_UTR_pair	105	7	2361
ENSG00000204977_ENST00000378182.4_UTR_pair	728	7	5303
ENSG00000102786_ENST00000311234.9_UTR_pair	511	7	4175
ENSG00000139668_ENST00000298125.7_UTR_pair	226	7	7940
ENSG00000123191_ENST00000242839.10_UTR_pair	113	7	2087
ENSG00000136098_ENST00000610828.5_UTR_pair	112	7	495
ENSG00000136114_ENST00000258613.5_UTR_pair	223	7	244
ENSG00000136100_ENST00000378060.9_UTR_pair	40	7	3224
ENSG00000139734_ENST00000400324.9_UTR_pair	162	7	1001
ENSG00000083544_ENST00000377881.8_UTR_pair	145	7	265
ENSG00000276644_ENST00000613252.5_UTR_pair	435	7	2689
ENSG00000204899_ENST00000377818.4_UTR_pair	27	7	1955
ENSG00000136122_ENST00000390667.11_UTR_pair	100	7	980
ENSG00000083520_ENST00000377767.9_UTR_pair	68	7	7626
ENSG00000083535_ENST00000326291.11_UTR_pair	264	7	542
ENSG00000102554_ENST00000377687.6_UTR_pair	323	7	1652
ENSG00000118922_ENST00000703967.1_UTR_pair	464	7	9401
ENSG00000136111_ENST00000377636.8_UTR_pair	402	7	3289
ENSG00000118939_ENST00000377595.8_UTR_pair	30	7	208
ENSG00000136153_ENST00000377534.8_UTR_pair	328	7	1923
ENSG00000178695_ENST00000377474.4_UTR_pair	257	7	4996
ENSG00000102805_ENST00000377453.9_UTR_pair	18	7	4148
ENSG00000005812_ENST00000355619.10_UTR_pair	334	7	1885
ENSG00000139737_ENST00000418532.6_UTR_pair	227	7	1009
ENSG00000102471_ENST00000218652.12_UTR_pair	49	7	3564
ENSG00000136158_ENST00000377104.4_UTR_pair	556	7	782
ENSG00000183098_ENST00000377047.9_UTR_pair	650	7	4803
ENSG00000152749_ENST00000376958.5_UTR_pair	71	7	7490
ENSG00000125257_ENST00000645237.2_UTR_pair	137	7	1740
ENSG00000134874_ENST00000376829.7_UTR_pair	855	7	4032
ENSG00000102580_ENST00000602402.6_UTR_pair	117	7	3958
ENSG00000102595_ENST00000376747.8_UTR_pair	89	7	210
ENSG00000139793_ENST00000679496.1_UTR_pair	803	7	2671
ENSG00000065150_ENST00000651721.2_UTR_pair	234	7	2474
ENSG00000152767_ENST00000319562.11_UTR_pair	422	7	6859
ENSG00000102572_ENST00000539966.6_UTR_pair	321	7	7988
ENSG00000088387_ENST00000682017.1_UTR_pair	155	7	1197
ENSG00000125304_ENST00000376387.5_UTR_pair	135	7	1290
ENSG00000139800_ENST00000267294.5_UTR_pair	164	7	2413
ENSG00000043355_ENST00000376335.8_UTR_pair	281	7	1083
ENSG00000175198_ENST00000376285.6_UTR_pair	28	7	269
ENSG00000125247_ENST00000342624.10_UTR_pair	259	7	1369
ENSG00000134900_ENST00000376052.5_UTR_pair	53	7	1642
ENSG00000151287_ENST00000376032.9_UTR_pair	165	7	513
ENSG00000134901_ENST00000376004.5_UTR_pair	306	7	214
ENSG00000125266_ENST00000646441.1_UTR_pair	698	7	3295
ENSG00000134884_ENST00000400198.8_UTR_pair	218	7	2323
ENSG00000139826_ENST00000375898.4_UTR_pair	288	7	4011
ENSG00000185950_ENST00000375856.5_UTR_pair	530	7	3609
ENSG00000187498_ENST00000375820.10_UTR_pair	130	7	1400
ENSG00000134871_ENST00000360467.7_UTR_pair	289	7	1018
ENSG00000139832_ENST00000267328.5_UTR_pair	203	7	599
ENSG00000134905_ENST00000257347.9_UTR_pair	23	7	120
ENSG00000153487_ENST00000333219.9_UTR_pair	450	7	3407
ENSG00000088448_ENST00000267339.6_UTR_pair	135	7	1097
ENSG00000102606_ENST00000646102.2_UTR_pair	217	7	2619
ENSG00000126216_ENST00000261965.8_UTR_pair	173	7	982
ENSG00000068650_ENST00000375645.8_UTR_pair	379	7	5302
ENSG00000126217_ENST00000535094.7_UTR_pair	166	7	2883
ENSG00000185896_ENST00000332556.5_UTR_pair	196	7	1251
ENSG00000139835_ENST00000375431.9_UTR_pair	79	7	325
ENSG00000150403_ENST00000434316.7_UTR_pair	333	7	691
ENSG00000198176_ENST00000375370.10_UTR_pair	200	7	1206
ENSG00000185989_ENST00000334062.8_UTR_pair	134	7	1564
ENSG00000130177_ENST00000356221.8_UTR_pair	188	7	280
ENSG00000169062_ENST00000375299.8_UTR_pair	39	7	900
ENSG00000198824_ENST00000361283.4_UTR_pair	319	7	1041
ENSG00000129484_ENST00000429687.8_UTR_pair	7	7	107
ENSG00000129566_ENST00000262715.10_UTR_pair	121	7	2770
ENSG00000092094_ENST00000206542.9_UTR_pair	129	7	839
ENSG00000100823_ENST00000216714.8_UTR_pair	237	7	259
ENSG00000165782_ENST00000250489.9_UTR_pair	109	7	878
ENSG00000165795_ENST00000556147.6_UTR_pair	1038	7	824
ENSG00000165801_ENST00000298694.9_UTR_pair	93	7	1240
ENSG00000165804_ENST00000360947.8_UTR_pair	427	7	459
ENSG00000092199_ENST00000553300.6_UTR_pair	207	7	2076
ENSG00000092201_ENST00000216297.7_UTR_pair	92	7	1197
ENSG00000100888_ENST00000646647.2_UTR_pair	307	7	414
ENSG00000129472_ENST00000397762.6_UTR_pair	87	7	2176
ENSG00000092203_ENST00000448790.7_UTR_pair	84	7	2564
ENSG00000165819_ENST00000298717.9_UTR_pair	117	7	120
ENSG00000165821_ENST00000537235.2_UTR_pair	219	7	1624
ENSG00000100439_ENST00000428304.7_UTR_pair	7	7	2015
ENSG00000157227_ENST00000311852.11_UTR_pair	233	7	1719
ENSG00000197324_ENST00000359591.9_UTR_pair	564	7	4186
ENSG00000100461_ENST00000359890.8_UTR_pair	161	7	8526
ENSG00000092036_ENST00000541587.6_UTR_pair	197	7	297
ENSG00000129474_ENST00000262713.7_UTR_pair	285	7	2266
ENSG00000139880_ENST00000487137.7_UTR_pair	242	7	827
ENSG00000100813_ENST00000605057.6_UTR_pair	24	7	584
ENSG00000092068_ENST00000316902.12_UTR_pair	746	7	1882
ENSG00000092096_ENST00000354772.10_UTR_pair	146	7	330
ENSG00000259431_ENST00000288014.7_UTR_pair	487	7	1431
ENSG00000213983_ENST00000397120.8_UTR_pair	58	7	182
ENSG00000100897_ENST00000446197.8_UTR_pair	730	7	1933
ENSG00000092010_ENST00000206451.11_UTR_pair	69	7	146
ENSG00000100908_ENST00000216799.9_UTR_pair	166	7	45
ENSG00000100911_ENST00000216802.10_UTR_pair	29	7	44
ENSG00000196497_ENST00000354464.11_UTR_pair	29	7	223
ENSG00000254505_ENST00000347519.12_UTR_pair	49	7	262
ENSG00000213920_ENST00000288087.12_UTR_pair	111	7	81
ENSG00000129559_ENST00000250495.10_UTR_pair	100	7	270
ENSG00000100938_ENST00000399440.7_UTR_pair	84	7	464
ENSG00000100949_ENST00000216840.11_UTR_pair	165	7	77
ENSG00000157379_ENST00000288111.12_UTR_pair	224	7	261
ENSG00000196943_ENST00000267425.8_UTR_pair	105	7	4029
ENSG00000100968_ENST00000250373.9_UTR_pair	157	7	1896
ENSG00000205978_ENST00000382554.4_UTR_pair	101	7	1837
ENSG00000100441_ENST00000553935.6_UTR_pair	183	7	4558
ENSG00000100445_ENST00000399395.8_UTR_pair	7	7	317
ENSG00000168952_ENST00000323944.10_UTR_pair	302	7	3255
ENSG00000184304_ENST00000331968.11_UTR_pair	335	7	759
ENSG00000092140_ENST00000206595.11_UTR_pair	119	7	3530
ENSG00000100473_ENST00000396618.9_UTR_pair	56	7	827
ENSG00000196792_ENST00000357479.10_UTR_pair	194	7	1607
ENSG00000100478_ENST00000542754.7_UTR_pair	210	7	3415
ENSG00000092148_ENST00000399332.6_UTR_pair	799	7	813
ENSG00000129493_ENST00000543095.7_UTR_pair	153	7	1517
ENSG00000151413_ENST00000281081.12_UTR_pair	36	7	2044
ENSG00000100852_ENST00000345122.8_UTR_pair	300	7	4780
ENSG00000129521_ENST00000250457.9_UTR_pair	322	7	1664
ENSG00000165389_ENST00000298130.5_UTR_pair	33	7	2413
ENSG00000129515_ENST00000362031.10_UTR_pair	32	7	2029
ENSG00000165410_ENST00000298159.11_UTR_pair	53	7	3752
ENSG00000198604_ENST00000360310.6_UTR_pair	281	7	777
ENSG00000092020_ENST00000261475.10_UTR_pair	31	7	118
ENSG00000100902_ENST00000261479.9_UTR_pair	95	7	187
ENSG00000100906_ENST00000216797.10_UTR_pair	105	7	500
ENSG00000174373_ENST00000680220.1_UTR_pair	460	7	1358
ENSG00000100916_ENST00000216807.12_UTR_pair	179	7	1486
ENSG00000151332_ENST00000416007.9_UTR_pair	49	7	519
ENSG00000151338_ENST00000684589.1_UTR_pair	366	7	4288
ENSG00000100934_ENST00000307712.11_UTR_pair	225	7	1320
ENSG00000092208_ENST00000308317.12_UTR_pair	16	7	494
ENSG00000182400_ENST00000330149.10_UTR_pair	238	7	2536
ENSG00000100941_ENST00000216832.9_UTR_pair	26	7	1357
ENSG00000165355_ENST00000298097.8_UTR_pair	271	7	1832
ENSG00000179454_ENST00000396128.9_UTR_pair	102	7	4704
ENSG00000185246_ENST00000355765.11_UTR_pair	153	7	1369
ENSG00000100442_ENST00000396062.4_UTR_pair	25	7	599
ENSG00000187790_ENST00000267430.10_UTR_pair	102	7	882
ENSG00000165501_ENST00000298288.11_UTR_pair	81	7	176
ENSG00000168282_ENST00000305386.4_UTR_pair	470	7	869
ENSG00000165506_ENST00000298292.13_UTR_pair	95	7	368
ENSG00000165516_ENST00000298307.10_UTR_pair	316	7	3432
ENSG00000165525_ENST00000298310.10_UTR_pair	35	7	2553
ENSG00000165527_ENST00000298316.7_UTR_pair	557	7	2790
ENSG00000100485_ENST00000216373.10_UTR_pair	295	7	1214
ENSG00000087299_ENST00000267436.9_UTR_pair	79	7	4624
ENSG00000012983_ENST00000682126.1_UTR_pair	231	7	1498
ENSG00000198513_ENST00000358385.12_UTR_pair	121	7	706
ENSG00000151748_ENST00000324679.5_UTR_pair	339	7	1603
ENSG00000100503_ENST00000530997.7_UTR_pair	232	7	3700
ENSG00000100504_ENST00000216392.8_UTR_pair	80	7	175
ENSG00000139921_ENST00000457354.7_UTR_pair	46	7	3136
ENSG00000139926_ENST00000344768.10_UTR_pair	233	7	2698
ENSG00000186469_ENST00000556766.6_UTR_pair	249	7	3108
ENSG00000087303_ENST00000216286.10_UTR_pair	65	7	677
ENSG00000087301_ENST00000281741.9_UTR_pair	371	7	1708
ENSG00000197930_ENST00000395686.8_UTR_pair	77	7	3655
ENSG00000100522_ENST00000216410.8_UTR_pair	194	7	3118
ENSG00000073712_ENST00000341590.8_UTR_pair	139	7	1104
ENSG00000100523_ENST00000673822.2_UTR_pair	225	7	10013
ENSG00000100526_ENST00000335183.11_UTR_pair	62	7	140
ENSG00000100528_ENST00000216416.9_UTR_pair	47	7	4253
ENSG00000197045_ENST00000358056.8_UTR_pair	53	7	3603
ENSG00000020577_ENST00000554335.6_UTR_pair	632	7	4368
ENSG00000131979_ENST00000491895.7_UTR_pair	163	7	2000
ENSG00000198554_ENST00000360586.8_UTR_pair	88	7	2541
ENSG00000180008_ENST00000555846.2_UTR_pair	455	7	5125
ENSG00000168175_ENST00000395468.9_UTR_pair	161	7	5567
ENSG00000126777_ENST00000395314.8_UTR_pair	178	7	476
ENSG00000139946_ENST00000267460.9_UTR_pair	250	7	4358
ENSG00000070269_ENST00000261556.11_UTR_pair	117	7	2018
ENSG00000053770_ENST00000261558.8_UTR_pair	344	7	9858
ENSG00000139977_ENST00000556492.6_UTR_pair	121	7	6390
ENSG00000131966_ENST00000254286.9_UTR_pair	69	7	1085
ENSG00000100567_ENST00000216455.9_UTR_pair	78	7	109
ENSG00000032219_ENST00000355431.8_UTR_pair	203	7	1887
ENSG00000100575_ENST00000395159.7_UTR_pair	443	7	539
ENSG00000100592_ENST00000360909.8_UTR_pair	139	7	2544
ENSG00000126790_ENST00000247194.9_UTR_pair	92	7	359
ENSG00000139970_ENST00000267484.10_UTR_pair	146	7	762
ENSG00000100612_ENST00000557185.6_UTR_pair	89	7	847
ENSG00000100614_ENST00000395076.9_UTR_pair	477	7	6605
ENSG00000126778_ENST00000645694.3_UTR_pair	288	7	2862
ENSG00000100625_ENST00000216513.5_UTR_pair	277	7	3868
ENSG00000020426_ENST00000261245.9_UTR_pair	102	7	1616
ENSG00000126814_ENST00000261249.7_UTR_pair	106	7	3668
ENSG00000139974_ENST00000267488.9_UTR_pair	33	7	201
ENSG00000027075_ENST00000332981.11_UTR_pair	523	7	1145
ENSG00000100644_ENST00000337138.9_UTR_pair	292	7	1173
ENSG00000023608_ENST00000216294.5_UTR_pair	41	7	1445
ENSG00000154001_ENST00000337537.8_UTR_pair	606	7	4645
ENSG00000126821_ENST00000247225.7_UTR_pair	121	7	1889
ENSG00000100714_ENST00000652337.1_UTR_pair	75	7	271
ENSG00000089775_ENST00000608382.6_UTR_pair	185	7	8872
ENSG00000126804_ENST00000683701.1_UTR_pair	195	7	1305
ENSG00000126803_ENST00000247207.7_UTR_pair	109	7	468
ENSG00000126822_ENST00000247226.13_UTR_pair	320	7	6546
ENSG00000258289_ENST00000549115.7_UTR_pair	41	7	3138
ENSG00000125952_ENST00000358664.9_UTR_pair	178	7	1349
ENSG00000033170_ENST00000673929.1_UTR_pair	810	7	1711
ENSG00000171723_ENST00000478722.6_UTR_pair	381	7	866
ENSG00000072415_ENST00000261681.9_UTR_pair	335	7	3105
ENSG00000100554_ENST00000216442.12_UTR_pair	106	7	749
ENSG00000134001_ENST00000256383.11_UTR_pair	130	7	3076
ENSG00000054690_ENST00000329153.10_UTR_pair	143	7	2377
ENSG00000100564_ENST00000216452.9_UTR_pair	65	7	762
ENSG00000081181_ENST00000261783.4_UTR_pair	58	7	788
ENSG00000100568_ENST00000554659.6_UTR_pair	143	7	4300
ENSG00000072042_ENST00000381346.9_UTR_pair	61	7	1521
ENSG00000072121_ENST00000347230.9_UTR_pair	140	7	1914
ENSG00000182185_ENST00000471583.6_UTR_pair	77	7	429
ENSG00000185650_ENST00000439696.3_UTR_pair	129	7	1871
ENSG00000072110_ENST00000394419.9_UTR_pair	246	7	731
ENSG00000139990_ENST00000341516.10_UTR_pair	141	7	2976
ENSG00000081177_ENST00000685843.1_UTR_pair	225	7	2918
ENSG00000029364_ENST00000336643.10_UTR_pair	678	7	3797
ENSG00000100647_ENST00000342745.5_UTR_pair	313	7	4165
ENSG00000100650_ENST00000557154.6_UTR_pair	133	7	544
ENSG00000198732_ENST00000361956.8_UTR_pair	263	7	2108
ENSG00000213463_ENST00000256366.6_UTR_pair	127	7	6492
ENSG00000133997_ENST00000256379.10_UTR_pair	18	7	1592
ENSG00000133985_ENST00000256367.3_UTR_pair	214	7	4211
ENSG00000197555_ENST00000381232.8_UTR_pair	552	7	2048
ENSG00000165861_ENST00000556143.6_UTR_pair	615	7	1431
ENSG00000119707_ENST00000261973.12_UTR_pair	187	7	4094
ENSG00000080815_ENST00000324501.10_UTR_pair	212	7	4402
ENSG00000119661_ENST00000553645.7_UTR_pair	54	7	7790
ENSG00000140043_ENST00000555661.6_UTR_pair	160	7	1549
ENSG00000156050_ENST00000286544.5_UTR_pair	68	7	1980
ENSG00000187097_ENST00000334696.11_UTR_pair	276	7	3698
ENSG00000119711_ENST00000553458.6_UTR_pair	59	7	3795
ENSG00000119688_ENST00000356924.9_UTR_pair	22	7	1192
ENSG00000119655_ENST00000555619.6_UTR_pair	31	7	334
ENSG00000119682_ENST00000356357.9_UTR_pair	481	7	2464
ENSG00000119596_ENST00000325680.12_UTR_pair	174	7	1580
ENSG00000119689_ENST00000334220.9_UTR_pair	38	7	1413
ENSG00000198208_ENST00000557413.6_UTR_pair	609	7	3063
ENSG00000119718_ENST00000266126.10_UTR_pair	70	7	3178
ENSG00000119684_ENST00000355774.7_UTR_pair	151	7	3307
ENSG00000119640_ENST00000238618.8_UTR_pair	79	7	201
ENSG00000119638_ENST00000238616.10_UTR_pair	127	7	5211
ENSG00000170348_ENST00000303575.9_UTR_pair	33	7	3416
ENSG00000170345_ENST00000303562.9_UTR_pair	155	7	806
ENSG00000140044_ENST00000651602.1_UTR_pair	254	7	4632
ENSG00000133935_ENST00000256319.7_UTR_pair	133	7	1764
ENSG00000119685_ENST00000298832.14_UTR_pair	237	7	633
ENSG00000119699_ENST00000238682.8_UTR_pair	1102	7	1090
ENSG00000013523_ENST00000251089.8_UTR_pair	55	7	3219
ENSG00000119669_ENST00000238647.5_UTR_pair	916	7	859
ENSG00000198894_ENST00000361786.7_UTR_pair	156	7	2969
ENSG00000009830_ENST00000261534.9_UTR_pair	202	7	2420
ENSG00000100577_ENST00000216465.10_UTR_pair	133	7	402
ENSG00000100580_ENST00000216468.8_UTR_pair	41	7	6742
ENSG00000151445_ENST00000557658.6_UTR_pair	107	7	941
ENSG00000100591_ENST00000216479.8_UTR_pair	97	7	223
ENSG00000100596_ENST00000216484.7_UTR_pair	58	7	6287
ENSG00000063761_ENST00000238561.10_UTR_pair	73	7	1623
ENSG00000100629_ENST00000555265.6_UTR_pair	329	7	1000
ENSG00000165417_ENST00000553612.6_UTR_pair	441	7	4771
ENSG00000140022_ENST00000614646.5_UTR_pair	244	7	7762
ENSG00000071537_ENST00000336735.9_UTR_pair	109	7	5425
ENSG00000042317_ENST00000393545.9_UTR_pair	162	7	38
ENSG00000070778_ENST00000556564.6_UTR_pair	559	7	2359
ENSG00000053254_ENST00000557258.6_UTR_pair	377	7	6237
ENSG00000140025_ENST00000316738.12_UTR_pair	70	7	2574
ENSG00000042088_ENST00000335725.9_UTR_pair	274	7	1621
ENSG00000100764_ENST00000261303.13_UTR_pair	45	7	3022
ENSG00000100796_ENST00000554943.6_UTR_pair	663	7	1251
ENSG00000140092_ENST00000342058.9_UTR_pair	465	7	813
ENSG00000100815_ENST00000267622.8_UTR_pair	374	7	3682
ENSG00000066427_ENST00000644486.2_UTR_pair	30	7	5768
ENSG00000100599_ENST00000216487.12_UTR_pair	152	7	742
ENSG00000100600_ENST00000334869.9_UTR_pair	168	7	510
ENSG00000066455_ENST00000163416.7_UTR_pair	182	7	501
ENSG00000100605_ENST00000267615.11_UTR_pair	296	7	4647
ENSG00000153485_ENST00000415050.3_UTR_pair	89	7	1792
ENSG00000012963_ENST00000013070.11_UTR_pair	36	7	2180
ENSG00000011114_ENST00000334746.10_UTR_pair	323	7	4723
ENSG00000089723_ENST00000203664.10_UTR_pair	198	7	3008
ENSG00000089737_ENST00000621632.5_UTR_pair	89	7	2904
ENSG00000119632_ENST00000238609.4_UTR_pair	40	7	18
ENSG00000100697_ENST00000343455.8_UTR_pair	345	7	4270
ENSG00000100744_ENST00000555181.6_UTR_pair	145	7	1604
ENSG00000090060_ENST00000216277.13_UTR_pair	211	7	2066
ENSG00000100749_ENST00000216639.8_UTR_pair	71	7	401
ENSG00000183576_ENST00000331768.10_UTR_pair	140	7	931
ENSG00000090061_ENST00000389879.9_UTR_pair	123	7	1658
ENSG00000066629_ENST00000262233.11_UTR_pair	64	7	1948
ENSG00000196405_ENST00000392920.8_UTR_pair	79	7	498
ENSG00000100811_ENST00000262238.10_UTR_pair	101	7	5188
ENSG00000197119_ENST00000359232.8_UTR_pair	212	7	1167
ENSG00000140105_ENST00000392882.7_UTR_pair	138	7	1085
ENSG00000176473_ENST00000402312.8_UTR_pair	26	7	262
ENSG00000080824_ENST00000216281.13_UTR_pair	59	7	970
ENSG00000140153_ENST00000342702.8_UTR_pair	27	7	647
ENSG00000080823_ENST00000361847.7_UTR_pair	196	7	453
ENSG00000100865_ENST00000216756.11_UTR_pair	39	7	275
ENSG00000196663_ENST00000359520.12_UTR_pair	248	7	4220
ENSG00000156381_ENST00000286918.9_UTR_pair	582	7	5169
ENSG00000089902_ENST00000262241.7_UTR_pair	238	7	4055
ENSG00000131323_ENST00000392745.8_UTR_pair	383	7	5716
ENSG00000198752_ENST00000361246.7_UTR_pair	376	7	1332
ENSG00000185215_ENST00000560869.6_UTR_pair	639	7	2079
ENSG00000100664_ENST00000216554.8_UTR_pair	441	7	3973
ENSG00000075413_ENST00000429436.7_UTR_pair	615	7	604
ENSG00000166165_ENST00000348956.7_UTR_pair	77	7	197
ENSG00000166166_ENST00000389749.9_UTR_pair	95	7	2252
ENSG00000166170_ENST00000299204.6_UTR_pair	70	7	3270
ENSG00000100711_ENST00000311141.7_UTR_pair	32	7	646
ENSG00000088808_ENST00000202556.14_UTR_pair	268	7	1959
ENSG00000203485_ENST00000392634.9_UTR_pair	131	7	3742
ENSG00000184990_ENST00000329967.11_UTR_pair	55	7	169
ENSG00000142208_ENST00000649815.2_UTR_pair	522	7	992
ENSG00000099814_ENST00000414716.8_UTR_pair	273	7	1789
ENSG00000170779_ENST00000336219.4_UTR_pair	91	7	1631
ENSG00000184916_ENST00000331782.8_UTR_pair	356	7	1700
ENSG00000183828_ENST00000392568.7_UTR_pair	103	7	82
ENSG00000184887_ENST00000392554.8_UTR_pair	179	7	421
ENSG00000179364_ENST00000447393.6_UTR_pair	171	7	3475
ENSG00000182979_ENST00000331320.12_UTR_pair	209	7	514
ENSG00000182809_ENST00000329146.9_UTR_pair	42	7	509
ENSG00000184986_ENST00000392519.7_UTR_pair	184	7	404
ENSG00000140157_ENST00000337451.8_UTR_pair	607	7	1537
ENSG00000273749_ENST00000617928.5_UTR_pair	88	7	2976
ENSG00000128739_ENST00000390687.9_UTR_pair	466	7	279
ENSG00000114062_ENST00000648336.2_UTR_pair	700	7	5409
ENSG00000166206_ENST00000311550.10_UTR_pair	104	7	4241
ENSG00000185115_ENST00000332303.6_UTR_pair	117	7	3802
ENSG00000166912_ENST00000435680.6_UTR_pair	122	7	2529
ENSG00000169926_ENST00000307145.4_UTR_pair	378	7	5600
ENSG00000198826_ENST00000361627.8_UTR_pair	708	7	2096
ENSG00000169857_ENST00000306730.8_UTR_pair	158	7	386
ENSG00000134153_ENST00000256545.9_UTR_pair	23	7	317
ENSG00000134152_ENST00000256544.8_UTR_pair	160	7	1665
ENSG00000128463_ENST00000267750.9_UTR_pair	99	7	368
ENSG00000182117_ENST00000328848.6_UTR_pair	63	7	249
ENSG00000176454_ENST00000314891.11_UTR_pair	96	7	494
ENSG00000021776_ENST00000156471.10_UTR_pair	129	7	5010
ENSG00000198146_ENST00000356321.4_UTR_pair	345	7	3018
ENSG00000134146_ENST00000256538.9_UTR_pair	24	7	1270
ENSG00000134138_ENST00000561208.6_UTR_pair	1083	7	2969
ENSG00000166068_ENST00000299084.9_UTR_pair	350	7	5585
ENSG00000171262_ENST00000397609.6_UTR_pair	35	7	3051
ENSG00000137801_ENST00000260356.6_UTR_pair	179	7	4097
ENSG00000128829_ENST00000263791.10_UTR_pair	81	7	507
ENSG00000140319_ENST00000267884.11_UTR_pair	65	7	643
ENSG00000259330_ENST00000638170.2_UTR_pair	364	7	2198
ENSG00000128944_ENST00000249776.13_UTR_pair	115	7	691
ENSG00000128928_ENST00000487418.8_UTR_pair	33	7	3045
ENSG00000140320_ENST00000416165.6_UTR_pair	330	7	2106
ENSG00000128891_ENST00000416810.7_UTR_pair	79	7	872
ENSG00000166133_ENST00000315616.12_UTR_pair	39	7	688
ENSG00000051180_ENST00000267868.8_UTR_pair	254	7	1162
ENSG00000137824_ENST00000338376.8_UTR_pair	179	7	654
ENSG00000137880_ENST00000260447.6_UTR_pair	113	7	359
ENSG00000104129_ENST00000220496.9_UTR_pair	27	7	2779
ENSG00000166140_ENST00000355341.8_UTR_pair	501	7	858
ENSG00000166145_ENST00000562057.6_UTR_pair	204	7	1232
ENSG00000104142_ENST00000220509.10_UTR_pair	319	7	634
ENSG00000128965_ENST00000617768.5_UTR_pair	113	7	738
ENSG00000128908_ENST00000648947.1_UTR_pair	351	7	1343
ENSG00000187446_ENST00000334660.10_UTR_pair	115	7	2498
ENSG00000137825_ENST00000260386.7_UTR_pair	54	7	385
ENSG00000103932_ENST00000304330.9_UTR_pair	115	7	366
ENSG00000092445_ENST00000263798.8_UTR_pair	46	7	5313
ENSG00000137802_ENST00000457542.7_UTR_pair	236	7	2419
ENSG00000103966_ENST00000220325.9_UTR_pair	63	7	4712
ENSG00000166887_ENST00000318006.10_UTR_pair	151	7	2053
ENSG00000103978_ENST00000389834.9_UTR_pair	35	7	1261
ENSG00000214013_ENST00000318010.13_UTR_pair	1281	7	1527
ENSG00000103994_ENST00000564754.7_UTR_pair	194	7	4481
ENSG00000092531_ENST00000249647.8_UTR_pair	94	7	1580
ENSG00000128881_ENST00000267890.11_UTR_pair	408	7	7065
ENSG00000137842_ENST00000260403.7_UTR_pair	217	7	558
ENSG00000166946_ENST00000300213.9_UTR_pair	96	7	2336
ENSG00000168803_ENST00000562188.7_UTR_pair	576	7	2624
ENSG00000140265_ENST00000684362.1_UTR_pair	598	7	2898
ENSG00000137822_ENST00000564079.6_UTR_pair	254	7	4557
ENSG00000067369_ENST00000382044.9_UTR_pair	113	7	4322
ENSG00000166963_ENST00000300231.6_UTR_pair	467	7	1387
ENSG00000168781_ENST00000420765.6_UTR_pair	159	7	1199
ENSG00000167004_ENST00000300289.10_UTR_pair	102	7	2060
ENSG00000140264_ENST00000249786.9_UTR_pair	57	7	2306
ENSG00000242028_ENST00000442995.4_UTR_pair	24	7	2621
ENSG00000092470_ENST00000263795.11_UTR_pair	31	7	2020
ENSG00000171877_ENST00000417257.6_UTR_pair	217	7	3121
ENSG00000137770_ENST00000260327.9_UTR_pair	168	7	4864
ENSG00000166710_ENST00000648006.3_UTR_pair	30	7	553
ENSG00000140263_ENST00000267814.14_UTR_pair	89	7	3655
ENSG00000171766_ENST00000396659.8_UTR_pair	91	7	985
ENSG00000171763_ENST00000305560.11_UTR_pair	94	7	205
ENSG00000104154_ENST00000261867.5_UTR_pair	263	7	5557
ENSG00000104164_ENST00000220531.9_UTR_pair	65	7	3194
ENSG00000104177_ENST00000324324.12_UTR_pair	58	7	8276
ENSG00000128951_ENST00000331200.8_UTR_pair	87	7	1295
ENSG00000166147_ENST00000316623.10_UTR_pair	316	7	2677
ENSG00000103995_ENST00000380950.7_UTR_pair	116	7	311
ENSG00000255302_ENST00000530028.3_UTR_pair	43	7	1433
ENSG00000138593_ENST00000559471.6_UTR_pair	147	7	3606
ENSG00000166200_ENST00000388901.10_UTR_pair	21	7	5223
ENSG00000156958_ENST00000560031.6_UTR_pair	76	7	3723
ENSG00000140284_ENST00000267842.10_UTR_pair	232	7	289
ENSG00000104064_ENST00000380877.8_UTR_pair	214	7	3243
ENSG00000092439_ENST00000646667.1_UTR_pair	264	7	4520
ENSG00000138600_ENST00000261854.10_UTR_pair	173	7	5534
ENSG00000081014_ENST00000261842.10_UTR_pair	96	7	3233
ENSG00000104093_ENST00000560891.6_UTR_pair	226	7	1193
ENSG00000140280_ENST00000267838.7_UTR_pair	33	7	596
ENSG00000128872_ENST00000249700.9_UTR_pair	185	7	7909
ENSG00000138594_ENST00000308580.12_UTR_pair	258	7	6915
ENSG00000166477_ENST00000299601.10_UTR_pair	33	7	131
ENSG00000069956_ENST00000261845.7_UTR_pair	789	7	2375
ENSG00000069966_ENST00000261837.12_UTR_pair	89	7	7657
ENSG00000197535_ENST00000399233.7_UTR_pair	74	7	6413
ENSG00000128989_ENST00000249822.9_UTR_pair	138	7	4889
ENSG00000047346_ENST00000619572.5_UTR_pair	662	7	833
ENSG00000137876_ENST00000260443.9_UTR_pair	51	7	1346
ENSG00000069974_ENST00000336787.6_UTR_pair	240	7	2541
ENSG00000069943_ENST00000164305.10_UTR_pair	29	7	216
ENSG00000171016_ENST00000563719.4_UTR_pair	462	7	7139
ENSG00000069869_ENST00000435532.8_UTR_pair	57	7	2975
ENSG00000151575_ENST00000696102.1_UTR_pair	25	7	1710
ENSG00000140262_ENST00000333725.10_UTR_pair	285	7	3708
ENSG00000128849_ENST00000281282.6_UTR_pair	78	7	3227
ENSG00000255529_ENST00000299638.8_UTR_pair	129	7	2878
ENSG00000128918_ENST00000249750.9_UTR_pair	61	7	1768
ENSG00000137845_ENST00000260408.8_UTR_pair	173	7	8738
ENSG00000128923_ENST00000559228.6_UTR_pair	94	7	7290
ENSG00000137776_ENST00000380516.7_UTR_pair	114	7	949
ENSG00000157450_ENST00000348370.9_UTR_pair	425	7	2519
ENSG00000157456_ENST00000288207.7_UTR_pair	123	7	168
ENSG00000157483_ENST00000288235.9_UTR_pair	371	7	4946
ENSG00000140307_ENST00000396060.7_UTR_pair	159	7	1070
ENSG00000140299_ENST00000607373.6_UTR_pair	243	7	4923
ENSG00000182718_ENST00000451270.7_UTR_pair	55	7	479
ENSG00000128915_ENST00000261520.9_UTR_pair	232	7	4025
ENSG00000069667_ENST00000335670.11_UTR_pair	84	7	9171
ENSG00000171914_ENST00000636159.2_UTR_pair	373	7	4021
ENSG00000140416_ENST00000403994.9_UTR_pair	83	7	279
ENSG00000185088_ENST00000330964.10_UTR_pair	72	7	5783
ENSG00000074410_ENST00000178638.8_UTR_pair	126	7	4907
ENSG00000140455_ENST00000380324.8_UTR_pair	147	7	3807
ENSG00000166797_ENST00000300030.8_UTR_pair	70	7	366
ENSG00000028528_ENST00000559844.6_UTR_pair	32	7	6613
ENSG00000166794_ENST00000300026.4_UTR_pair	36	7	206
ENSG00000169118_ENST00000303052.13_UTR_pair	410	7	6406
ENSG00000103671_ENST00000261884.8_UTR_pair	28	7	239
ENSG00000180357_ENST00000326648.5_UTR_pair	388	7	4382
ENSG00000166831_ENST00000300069.5_UTR_pair	270	7	1117
ENSG00000241839_ENST00000323544.5_UTR_pair	102	7	2114
ENSG00000090487_ENST00000204566.7_UTR_pair	274	7	598
ENSG00000103707_ENST00000220058.9_UTR_pair	26	7	1550
ENSG00000090470_ENST00000204549.9_UTR_pair	27	7	1338
ENSG00000166855_ENST00000300107.7_UTR_pair	189	7	2604
ENSG00000138617_ENST00000649807.2_UTR_pair	457	7	1308
ENSG00000074603_ENST00000300141.11_UTR_pair	215	7	4417
ENSG00000074696_ENST00000261875.10_UTR_pair	169	7	1970
ENSG00000138614_ENST00000313182.7_UTR_pair	96	7	651
ENSG00000174485_ENST00000443035.8_UTR_pair	385	7	2728
ENSG00000103769_ENST00000261890.7_UTR_pair	95	7	4149
ENSG00000166938_ENST00000319212.9_UTR_pair	29	7	586
ENSG00000075131_ENST00000261881.9_UTR_pair	55	7	767
ENSG00000169032_ENST00000307102.10_UTR_pair	436	7	929
ENSG00000137834_ENST00000288840.10_UTR_pair	1023	7	1314
ENSG00000166949_ENST00000327367.9_UTR_pair	553	7	4633
ENSG00000103591_ENST00000261880.10_UTR_pair	30	7	2154
ENSG00000137764_ENST00000178640.10_UTR_pair	633	7	364
ENSG00000128973_ENST00000249806.11_UTR_pair	144	7	1148
ENSG00000169018_ENST00000306917.5_UTR_pair	673	7	4620
ENSG00000103647_ENST00000261861.10_UTR_pair	270	7	1832
ENSG00000140350_ENST00000465139.6_UTR_pair	144	7	1546
ENSG00000138604_ENST00000261858.7_UTR_pair	227	7	2963
ENSG00000137807_ENST00000679126.1_UTR_pair	117	7	618
ENSG00000140332_ENST00000451782.7_UTR_pair	1119	7	2307
ENSG00000137831_ENST00000322954.11_UTR_pair	151	7	2502
ENSG00000166192_ENST00000340912.6_UTR_pair	109	7	3430
ENSG00000067225_ENST00000335181.10_UTR_pair	88	7	621
ENSG00000137817_ENST00000569795.6_UTR_pair	621	7	274
ENSG00000213614_ENST00000268097.10_UTR_pair	42	7	3153
ENSG00000140463_ENST00000268057.9_UTR_pair	21	7	886
ENSG00000159322_ENST00000456471.3_UTR_pair	67	7	1047
ENSG00000067141_ENST00000261908.11_UTR_pair	213	7	2509
ENSG00000103855_ENST00000318443.10_UTR_pair	132	7	1558
ENSG00000129038_ENST00000261921.8_UTR_pair	322	7	299
ENSG00000067221_ENST00000541638.6_UTR_pair	72	7	5011
ENSG00000140464_ENST00000268058.8_UTR_pair	97	7	2819
ENSG00000138623_ENST00000261918.9_UTR_pair	40	7	1335
ENSG00000138629_ENST00000395081.7_UTR_pair	153	7	113
ENSG00000179361_ENST00000346246.10_UTR_pair	188	7	2357
ENSG00000179335_ENST00000395066.9_UTR_pair	63	7	318
ENSG00000179151_ENST00000315127.9_UTR_pair	163	7	2054
ENSG00000103653_ENST00000220003.14_UTR_pair	706	7	684
ENSG00000140474_ENST00000440863.7_UTR_pair	51	7	1110
ENSG00000140497_ENST00000268099.13_UTR_pair	110	7	1353
ENSG00000178802_ENST00000352410.9_UTR_pair	32	7	4489
ENSG00000178761_ENST00000357635.10_UTR_pair	51	7	2627
ENSG00000178741_ENST00000322347.11_UTR_pair	59	7	661
ENSG00000178718_ENST00000322177.6_UTR_pair	189	7	1566
ENSG00000198794_ENST00000425597.8_UTR_pair	159	7	2512
ENSG00000140400_ENST00000267978.10_UTR_pair	24	7	114
ENSG00000169375_ENST00000394947.8_UTR_pair	301	7	2600
ENSG00000169410_ENST00000618819.5_UTR_pair	539	7	5518
ENSG00000169371_ENST00000308588.10_UTR_pair	65	7	272
ENSG00000177971_ENST00000403490.3_UTR_pair	56	7	521
ENSG00000173548_ENST00000308527.6_UTR_pair	1191	7	5086
ENSG00000173546_ENST00000308508.5_UTR_pair	93	7	1228
ENSG00000140367_ENST00000267938.9_UTR_pair	220	7	1620
ENSG00000167196_ENST00000308275.8_UTR_pair	86	7	9409
ENSG00000140386_ENST00000563290.6_UTR_pair	101	7	729
ENSG00000117906_ENST00000394885.8_UTR_pair	93	7	5171
ENSG00000140391_ENST00000267970.9_UTR_pair	155	7	5431
ENSG00000140382_ENST00000336216.9_UTR_pair	121	7	2640
ENSG00000136425_ENST00000258930.8_UTR_pair	230	7	705
ENSG00000140403_ENST00000394852.8_UTR_pair	202	7	1731
ENSG00000140395_ENST00000267973.7_UTR_pair	87	7	197
ENSG00000136381_ENST00000258886.13_UTR_pair	122	7	3310
ENSG00000188266_ENST00000388988.9_UTR_pair	100	7	2975
ENSG00000169684_ENST00000299565.9_UTR_pair	200	7	2016
ENSG00000185787_ENST00000426013.7_UTR_pair	128	7	1072
ENSG00000103811_ENST00000220166.10_UTR_pair	65	7	1072
ENSG00000166557_ENST00000299705.10_UTR_pair	138	7	626
ENSG00000086666_ENST00000261749.11_UTR_pair	314	7	765
ENSG00000172379_ENST00000303329.9_UTR_pair	134	7	4235
ENSG00000136379_ENST00000258884.5_UTR_pair	120	7	1251
ENSG00000140406_ENST00000267984.4_UTR_pair	1349	7	2428
ENSG00000172345_ENST00000302824.7_UTR_pair	42	7	4203
ENSG00000183496_ENST00000329713.5_UTR_pair	313	7	1382
ENSG00000140598_ENST00000268206.12_UTR_pair	140	7	140
ENSG00000156232_ENST00000286760.5_UTR_pair	99	7	2572
ENSG00000103942_ENST00000450735.7_UTR_pair	185	7	732
ENSG00000064726_ENST00000261721.9_UTR_pair	101	7	1644
ENSG00000140612_ENST00000268220.12_UTR_pair	64	7	475
ENSG00000166716_ENST00000560079.7_UTR_pair	331	7	4052
ENSG00000073417_ENST00000394553.6_UTR_pair	307	7	1239
ENSG00000183655_ENST00000337975.6_UTR_pair	170	7	1710
ENSG00000181026_ENST00000332810.4_UTR_pair	107	7	1987
ENSG00000172183_ENST00000306072.10_UTR_pair	85	7	952
ENSG00000140545_ENST00000268150.13_UTR_pair	60	7	712
ENSG00000140526_ENST00000352732.10_UTR_pair	214	7	6932
ENSG00000140521_ENST00000268124.11_UTR_pair	311	7	431
ENSG00000166813_ENST00000394412.8_UTR_pair	93	7	442
ENSG00000166821_ENST00000300056.8_UTR_pair	122	7	1842
ENSG00000166825_ENST00000300060.7_UTR_pair	304	7	454
ENSG00000157823_ENST00000336418.9_UTR_pair	45	7	4916
ENSG00000140548_ENST00000268154.9_UTR_pair	319	7	2362
ENSG00000182054_ENST00000330062.8_UTR_pair	78	7	1221
ENSG00000185033_ENST00000411539.7_UTR_pair	249	7	1017
ENSG00000183208_ENST00000329600.8_UTR_pair	225	7	3745
ENSG00000140575_ENST00000268182.10_UTR_pair	100	7	2131
ENSG00000140577_ENST00000268184.11_UTR_pair	149	7	3205
ENSG00000197299_ENST00000355112.8_UTR_pair	99	7	887
ENSG00000140564_ENST00000268171.8_UTR_pair	283	7	1579
ENSG00000182511_ENST00000328850.8_UTR_pair	50	7	218
ENSG00000196547_ENST00000559717.6_UTR_pair	149	7	2792
ENSG00000140553_ENST00000418476.2_UTR_pair	40	7	377
ENSG00000166965_ENST00000394258.7_UTR_pair	188	7	1356
ENSG00000198901_ENST00000394249.8_UTR_pair	118	7	1091
ENSG00000176463_ENST00000318445.11_UTR_pair	201	7	2768
ENSG00000173575_ENST00000394196.9_UTR_pair	572	7	3291
ENSG00000182175_ENST00000329082.12_UTR_pair	279	7	9727
ENSG00000185551_ENST00000394166.8_UTR_pair	1406	7	2636
ENSG00000140450_ENST00000268042.7_UTR_pair	159	7	2646
ENSG00000140443_ENST00000650285.1_UTR_pair	1043	7	7088
ENSG00000103852_ENST00000394132.7_UTR_pair	841	7	1687
ENSG00000168904_ENST00000301981.8_UTR_pair	121	7	4627
ENSG00000068305_ENST00000557942.6_UTR_pair	345	7	3717
ENSG00000183060_ENST00000684762.1_UTR_pair	101	7	1718
ENSG00000183475_ENST00000332783.12_UTR_pair	730	7	3239
ENSG00000131873_ENST00000254190.4_UTR_pair	592	7	1661
ENSG00000131871_ENST00000526049.6_UTR_pair	68	7	580
ENSG00000131876_ENST00000254193.11_UTR_pair	70	7	214
ENSG00000140479_ENST00000611716.5_UTR_pair	37	7	1325
ENSG00000184277_ENST00000333202.8_UTR_pair	20	7	631
ENSG00000161980_ENST00000293860.6_UTR_pair	22	7	1023
ENSG00000007384_ENST00000262316.10_UTR_pair	143	7	281
ENSG00000103152_ENST00000356432.8_UTR_pair	85	7	69
ENSG00000007392_ENST00000293872.13_UTR_pair	110	7	208
ENSG00000167930_ENST00000399932.8_UTR_pair	176	7	1074
ENSG00000103126_ENST00000262320.8_UTR_pair	436	7	682
ENSG00000129925_ENST00000431232.7_UTR_pair	157	7	1199
ENSG00000103202_ENST00000219479.7_UTR_pair	24	7	412
ENSG00000242612_ENST00000219481.10_UTR_pair	79	7	593
ENSG00000090565_ENST00000262305.9_UTR_pair	358	7	2172
ENSG00000197562_ENST00000248139.8_UTR_pair	226	7	1646
ENSG00000172366_ENST00000307650.9_UTR_pair	164	7	284
ENSG00000161996_ENST00000293879.9_UTR_pair	52	7	241
ENSG00000140983_ENST00000315082.9_UTR_pair	68	7	565
ENSG00000103266_ENST00000219548.9_UTR_pair	116	7	312
ENSG00000127580_ENST00000293883.9_UTR_pair	758	7	112
ENSG00000127585_ENST00000397621.6_UTR_pair	304	7	1775
ENSG00000103260_ENST00000568223.7_UTR_pair	172	7	2268
ENSG00000103253_ENST00000389703.8_UTR_pair	404	7	259
ENSG00000102854_ENST00000545450.7_UTR_pair	199	7	129
ENSG00000007376_ENST00000007264.7_UTR_pair	133	7	976
ENSG00000103275_ENST00000397514.8_UTR_pair	149	7	2224
ENSG00000103249_ENST00000382745.9_UTR_pair	54	7	1696
ENSG00000007545_ENST00000397412.8_UTR_pair	299	7	3863
ENSG00000206053_ENST00000248098.8_UTR_pair	34	7	3088
ENSG00000138834_ENST00000610761.2_UTR_pair	145	7	1527
ENSG00000103024_ENST00000219302.8_UTR_pair	9	7	329
ENSG00000197774_ENST00000568449.7_UTR_pair	418	7	5464
ENSG00000162032_ENST00000566339.6_UTR_pair	82	7	385
ENSG00000095906_ENST00000262302.14_UTR_pair	61	7	472
ENSG00000063854_ENST00000397356.8_UTR_pair	38	7	1654
ENSG00000180185_ENST00000427358.5_UTR_pair	33	7	1006
ENSG00000198736_ENST00000361871.8_UTR_pair	43	7	883
ENSG00000183751_ENST00000568546.6_UTR_pair	112	7	4244
ENSG00000127554_ENST00000248114.7_UTR_pair	26	7	1721
ENSG00000127561_ENST00000248121.7_UTR_pair	133	7	1203
ENSG00000065054_ENST00000424542.7_UTR_pair	104	7	1042
ENSG00000103197_ENST00000219476.9_UTR_pair	110	7	881
ENSG00000131653_ENST00000326181.11_UTR_pair	115	7	1555
ENSG00000167965_ENST00000569417.6_UTR_pair	114	7	576
ENSG00000184207_ENST00000333503.8_UTR_pair	63	7	2135
ENSG00000167967_ENST00000301727.9_UTR_pair	23	7	170
ENSG00000167969_ENST00000301729.9_UTR_pair	21	7	577
ENSG00000205937_ENST00000320225.10_UTR_pair	189	7	844
ENSG00000167972_ENST00000301732.10_UTR_pair	694	7	793
ENSG00000162063_ENST00000397066.9_UTR_pair	35	7	1834
ENSG00000162065_ENST00000646147.1_UTR_pair	159	7	4772
ENSG00000185883_ENST00000330398.9_UTR_pair	152	7	473
ENSG00000140992_ENST00000342085.9_UTR_pair	92	7	5421
ENSG00000167977_ENST00000301738.9_UTR_pair	26	7	1703
ENSG00000167978_ENST00000301740.13_UTR_pair	240	7	545
ENSG00000059122_ENST00000253928.14_UTR_pair	411	7	2481
ENSG00000162073_ENST00000318782.9_UTR_pair	327	7	1536
ENSG00000127564_ENST00000262300.13_UTR_pair	416	7	145
ENSG00000006327_ENST00000326577.9_UTR_pair	30	7	557
ENSG00000103145_ENST00000248089.8_UTR_pair	1	7	238
ENSG00000131652_ENST00000326266.13_UTR_pair	292	7	93
ENSG00000122386_ENST00000219091.9_UTR_pair	111	7	192
ENSG00000085644_ENST00000396878.8_UTR_pair	474	7	1457
ENSG00000010539_ENST00000414144.7_UTR_pair	253	7	1567
ENSG00000006194_ENST00000219069.6_UTR_pair	328	7	902
ENSG00000162086_ENST00000669516.2_UTR_pair	263	7	982
ENSG00000122390_ENST00000407558.9_UTR_pair	234	7	1693
ENSG00000188827_ENST00000294008.4_UTR_pair	649	7	1161
ENSG00000005339_ENST00000262367.10_UTR_pair	797	7	2664
ENSG00000162104_ENST00000294016.8_UTR_pair	796	7	3122
ENSG00000090447_ENST00000204517.11_UTR_pair	277	7	869
ENSG00000126603_ENST00000433375.2_UTR_pair	254	7	2071
ENSG00000168140_ENST00000304735.4_UTR_pair	155	7	639
ENSG00000153406_ENST00000283429.11_UTR_pair	106	7	86
ENSG00000103415_ENST00000570646.6_UTR_pair	131	7	591
ENSG00000089486_ENST00000567695.6_UTR_pair	176	7	1903
ENSG00000153443_ENST00000283474.12_UTR_pair	91	7	749
ENSG00000102858_ENST00000262370.12_UTR_pair	135	7	2064
ENSG00000168096_ENST00000304283.9_UTR_pair	404	7	397
ENSG00000103199_ENST00000219478.11_UTR_pair	244	7	4137
ENSG00000118900_ENST00000262376.11_UTR_pair	769	7	2269
ENSG00000118898_ENST00000345988.7_UTR_pair	103	7	877
ENSG00000103174_ENST00000312251.8_UTR_pair	21	7	634
ENSG00000118894_ENST00000427587.9_UTR_pair	56	7	1348
ENSG00000183044_ENST00000268251.13_UTR_pair	136	7	3140
ENSG00000140650_ENST00000268261.9_UTR_pair	44	7	1500
ENSG00000153048_ENST00000311052.10_UTR_pair	48	7	2217
ENSG00000187555_ENST00000344836.9_UTR_pair	621	7	1901
ENSG00000213853_ENST00000359543.8_UTR_pair	110	7	4483
ENSG00000103274_ENST00000283027.10_UTR_pair	22	7	246
ENSG00000182108_ENST00000331808.5_UTR_pair	463	7	818
ENSG00000038532_ENST00000409790.6_UTR_pair	154	7	3496
ENSG00000189067_ENST00000622633.5_UTR_pair	39	7	1915
ENSG00000184602_ENST00000329565.6_UTR_pair	171	7	2826
ENSG00000153066_ENST00000283033.10_UTR_pair	127	7	112
ENSG00000122299_ENST00000355758.9_UTR_pair	169	7	720
ENSG00000171490_ENST00000571133.6_UTR_pair	30	7	3937
ENSG00000103342_ENST00000434724.7_UTR_pair	236	7	4991
ENSG00000048471_ENST00000566228.6_UTR_pair	73	7	5658
ENSG00000103381_ENST00000381774.9_UTR_pair	111	7	5087
ENSG00000186260_ENST00000571589.6_UTR_pair	175	7	5329
ENSG00000140694_ENST00000437198.7_UTR_pair	135	7	1016
ENSG00000103429_ENST00000261658.7_UTR_pair	141	7	1409
ENSG00000103512_ENST00000287667.12_UTR_pair	131	7	512
ENSG00000179889_ENST00000396410.9_UTR_pair	174	7	2057
ENSG00000166783_ENST00000396368.8_UTR_pair	195	7	2306
ENSG00000072864_ENST00000396354.6_UTR_pair	93	7	2102
ENSG00000103222_ENST00000399410.8_UTR_pair	136	7	1772
ENSG00000170540_ENST00000304414.12_UTR_pair	83	7	1583
ENSG00000170537_ENST00000304381.10_UTR_pair	130	7	2099
ENSG00000205730_ENST00000381440.5_UTR_pair	498	7	5560
ENSG00000006007_ENST00000353258.8_UTR_pair	134	7	1777
ENSG00000103540_ENST00000694978.1_UTR_pair	162	7	2137
ENSG00000103550_ENST00000219837.12_UTR_pair	72	7	4973
ENSG00000167191_ENST00000300571.7_UTR_pair	123	7	3809
ENSG00000066654_ENST00000396083.7_UTR_pair	79	7	3216
ENSG00000196678_ENST00000357967.9_UTR_pair	42	7	1384
ENSG00000005189_ENST00000261377.11_UTR_pair	181	7	185
ENSG00000188215_ENST00000324344.9_UTR_pair	260	7	4961
ENSG00000102897_ENST00000567954.6_UTR_pair	119	7	890
ENSG00000011638_ENST00000233047.9_UTR_pair	171	7	1060
ENSG00000197006_ENST00000358154.8_UTR_pair	157	7	2039
ENSG00000140740_ENST00000268379.9_UTR_pair	63	7	489
ENSG00000103319_ENST00000263026.10_UTR_pair	478	7	4742
ENSG00000058600_ENST00000299853.10_UTR_pair	167	7	1396
ENSG00000140743_ENST00000268383.7_UTR_pair	310	7	1029
ENSG00000103365_ENST00000309859.8_UTR_pair	83	7	4048
ENSG00000083093_ENST00000261584.9_UTR_pair	153	7	294
ENSG00000166847_ENST00000300087.7_UTR_pair	77	7	10328
ENSG00000166851_ENST00000300093.9_UTR_pair	44	7	304
ENSG00000122257_ENST00000319715.10_UTR_pair	1061	7	418
ENSG00000090905_ENST00000395799.8_UTR_pair	191	7	2411
ENSG00000140750_ENST00000289968.11_UTR_pair	108	7	741
ENSG00000155666_ENST00000286096.9_UTR_pair	142	7	1038
ENSG00000169180_ENST00000304658.10_UTR_pair	597	7	562
ENSG00000176046_ENST00000324873.8_UTR_pair	67	7	4975
ENSG00000176476_ENST00000317058.8_UTR_pair	193	7	84
ENSG00000196502_ENST00000314752.12_UTR_pair	118	7	563
ENSG00000168488_ENST00000336783.9_UTR_pair	261	7	967
ENSG00000178952_ENST00000313511.8_UTR_pair	79	7	564
ENSG00000178188_ENST00000684370.1_UTR_pair	2252	7	385
ENSG00000177548_ENST00000358201.9_UTR_pair	75	7	522
ENSG00000176953_ENST00000320805.9_UTR_pair	75	7	3229
ENSG00000169682_ENST00000311008.16_UTR_pair	374	7	244
ENSG00000103495_ENST00000322945.11_UTR_pair	173	7	933
ENSG00000013364_ENST00000357402.10_UTR_pair	84	7	32
ENSG00000174943_ENST00000568000.6_UTR_pair	193	7	533
ENSG00000149932_ENST00000279396.11_UTR_pair	91	7	132
ENSG00000149930_ENST00000308893.9_UTR_pair	816	7	413
ENSG00000169592_ENST00000563197.6_UTR_pair	70	7	349
ENSG00000149925_ENST00000642816.3_UTR_pair	181	7	202
ENSG00000149923_ENST00000279387.12_UTR_pair	164	7	314
ENSG00000090238_ENST00000398841.6_UTR_pair	731	7	396
ENSG00000102879_ENST00000219150.10_UTR_pair	125	7	112
ENSG00000169217_ENST00000305596.8_UTR_pair	123	7	2212
ENSG00000169221_ENST00000409939.8_UTR_pair	311	7	842
ENSG00000180035_ENST00000613509.2_UTR_pair	174	7	1001
ENSG00000179965_ENST00000319296.10_UTR_pair	68	7	1047
ENSG00000169957_ENST00000380412.7_UTR_pair	153	7	513
ENSG00000169951_ENST00000395091.3_UTR_pair	192	7	1430
ENSG00000229809_ENST00000223459.11_UTR_pair	85	7	190
ENSG00000156853_ENST00000287461.8_UTR_pair	348	7	1706
ENSG00000156858_ENST00000300835.9_UTR_pair	218	7	102
ENSG00000103549_ENST00000324685.11_UTR_pair	110	7	2193
ENSG00000102870_ENST00000262525.6_UTR_pair	211	7	3262
ENSG00000099385_ENST00000215115.5_UTR_pair	133	7	70
ENSG00000099364_ENST00000338343.10_UTR_pair	912	7	1553
ENSG00000175938_ENST00000318663.5_UTR_pair	222	7	1094
ENSG00000099381_ENST00000262519.14_UTR_pair	226	7	641
ENSG00000103496_ENST00000313843.8_UTR_pair	248	7	268
ENSG00000167394_ENST00000300849.5_UTR_pair	604	7	221
ENSG00000167395_ENST00000300850.5_UTR_pair	289	7	1104
ENSG00000167397_ENST00000394975.3_UTR_pair	68	7	280
ENSG00000103507_ENST00000219794.11_UTR_pair	271	7	526
ENSG00000103510_ENST00000219797.9_UTR_pair	18	7	100
ENSG00000089280_ENST00000254108.12_UTR_pair	76	7	167
ENSG00000140682_ENST00000394863.8_UTR_pair	37	7	382
ENSG00000171241_ENST00000303383.8_UTR_pair	20	7	3138
ENSG00000069329_ENST00000299138.12_UTR_pair	45	7	4340
ENSG00000166123_ENST00000340124.9_UTR_pair	128	7	2292
ENSG00000069345_ENST00000317089.10_UTR_pair	102	7	1667
ENSG00000171208_ENST00000562435.6_UTR_pair	333	7	5518
ENSG00000102893_ENST00000323584.10_UTR_pair	20	7	2157
ENSG00000196470_ENST00000394725.3_UTR_pair	212	7	1049
ENSG00000102921_ENST00000262384.4_UTR_pair	208	7	4178
ENSG00000205423_ENST00000427478.7_UTR_pair	91	7	1623
ENSG00000155393_ENST00000299192.8_UTR_pair	162	7	2211
ENSG00000121281_ENST00000673801.1_UTR_pair	398	7	2630
ENSG00000083799_ENST00000427738.8_UTR_pair	242	7	5427
ENSG00000103449_ENST00000251020.9_UTR_pair	29	7	1130
ENSG00000177200_ENST00000447540.6_UTR_pair	251	7	2602
ENSG00000103479_ENST00000262133.11_UTR_pair	86	7	1348
ENSG00000166971_ENST00000394657.12_UTR_pair	133	7	1372
ENSG00000103494_ENST00000647211.2_UTR_pair	64	7	3923
ENSG00000140718_ENST00000471389.6_UTR_pair	29	7	10026
ENSG00000176842_ENST00000394636.9_UTR_pair	334	7	612
ENSG00000087245_ENST00000219070.9_UTR_pair	282	7	1249
ENSG00000087253_ENST00000262134.10_UTR_pair	110	7	3568
ENSG00000087258_ENST00000262493.12_UTR_pair	747	7	1370
ENSG00000159461_ENST00000290649.10_UTR_pair	218	7	1457
ENSG00000167005_ENST00000300291.10_UTR_pair	130	7	3579
ENSG00000087263_ENST00000566157.6_UTR_pair	59	7	2899
ENSG00000125148_ENST00000245185.6_UTR_pair	72	7	143
ENSG00000051108_ENST00000439977.7_UTR_pair	103	7	1574
ENSG00000140848_ENST00000290776.13_UTR_pair	243	7	711
ENSG00000172775_ENST00000309137.13_UTR_pair	234	7	1824
ENSG00000159579_ENST00000394420.9_UTR_pair	278	7	1494
ENSG00000102931_ENST00000219204.8_UTR_pair	109	7	1368
ENSG00000102934_ENST00000219207.10_UTR_pair	132	7	816
ENSG00000006210_ENST00000006053.7_UTR_pair	79	7	2012
ENSG00000005194_ENST00000394391.9_UTR_pair	99	7	983
ENSG00000088682_ENST00000262507.11_UTR_pair	27	7	646
ENSG00000102978_ENST00000219252.10_UTR_pair	46	7	890
ENSG00000125170_ENST00000340099.10_UTR_pair	370	7	1455
ENSG00000140854_ENST00000379661.8_UTR_pair	352	7	298
ENSG00000140859_ENST00000445690.7_UTR_pair	161	7	717
ENSG00000166188_ENST00000299237.3_UTR_pair	1437	7	1841
ENSG00000103005_ENST00000219281.8_UTR_pair	77	7	1373
ENSG00000102996_ENST00000219271.4_UTR_pair	597	7	1455
ENSG00000070761_ENST00000262498.8_UTR_pair	266	7	433
ENSG00000070770_ENST00000262506.8_UTR_pair	370	7	464
ENSG00000181938_ENST00000318129.6_UTR_pair	131	7	1418
ENSG00000103034_ENST00000570248.6_UTR_pair	106	7	2043
ENSG00000125107_ENST00000317147.10_UTR_pair	273	7	1007
ENSG00000103042_ENST00000219320.9_UTR_pair	393	7	2276
ENSG00000125166_ENST00000245206.10_UTR_pair	88	7	1040
ENSG00000166548_ENST00000544898.6_UTR_pair	61	7	3965
ENSG00000140931_ENST00000567572.6_UTR_pair	102	7	1250
ENSG00000183723_ENST00000394106.7_UTR_pair	218	7	7308
ENSG00000159593_ENST00000290810.8_UTR_pair	77	7	131
ENSG00000172840_ENST00000311765.4_UTR_pair	180	7	5227
ENSG00000067955_ENST00000412916.7_UTR_pair	259	7	2280
ENSG00000125149_ENST00000219139.8_UTR_pair	235	7	1413
ENSG00000140939_ENST00000564992.2_UTR_pair	45	7	683
ENSG00000205250_ENST00000379378.8_UTR_pair	73	7	795
ENSG00000135723_ENST00000258201.9_UTR_pair	71	7	247
ENSG00000196155_ENST00000379344.8_UTR_pair	264	7	672
ENSG00000159720_ENST00000290949.8_UTR_pair	71	7	509
ENSG00000039523_ENST00000042381.9_UTR_pair	109	7	323
ENSG00000102974_ENST00000264010.10_UTR_pair	325	7	1305
ENSG00000124074_ENST00000243878.9_UTR_pair	308	7	216
ENSG00000141098_ENST00000268797.12_UTR_pair	241	7	619
ENSG00000141084_ENST00000317506.8_UTR_pair	24	7	3358
ENSG00000168286_ENST00000303596.3_UTR_pair	235	7	696
ENSG00000159792_ENST00000291041.6_UTR_pair	188	7	2034
ENSG00000205220_ENST00000358514.9_UTR_pair	101	7	54
ENSG00000182810_ENST00000332395.7_UTR_pair	30	7	664
ENSG00000167264_ENST00000565263.6_UTR_pair	166	7	334
ENSG00000072736_ENST00000346183.8_UTR_pair	312	7	2788
ENSG00000103066_ENST00000219345.10_UTR_pair	54	7	1401
ENSG00000103064_ENST00000219343.11_UTR_pair	216	7	4491
ENSG00000103061_ENST00000263997.11_UTR_pair	20	7	3241
ENSG00000132600_ENST00000441236.3_UTR_pair	299	7	1360
ENSG00000184939_ENST00000563169.7_UTR_pair	224	7	2433
ENSG00000062038_ENST00000264012.9_UTR_pair	70	7	1892
ENSG00000039068_ENST00000261769.10_UTR_pair	124	7	2038
ENSG00000103047_ENST00000261778.2_UTR_pair	87	7	1521
ENSG00000168802_ENST00000448552.7_UTR_pair	140	7	2415
ENSG00000141076_ENST00000314423.12_UTR_pair	43	7	84
ENSG00000168807_ENST00000336278.9_UTR_pair	3	7	8128
ENSG00000132612_ENST00000254950.13_UTR_pair	162	7	2630
ENSG00000213380_ENST00000306875.10_UTR_pair	12	7	2778
ENSG00000103018_ENST00000307892.13_UTR_pair	65	7	3744
ENSG00000181019_ENST00000320623.10_UTR_pair	121	7	1575
ENSG00000198373_ENST00000359154.7_UTR_pair	75	7	1799
ENSG00000090857_ENST00000288050.9_UTR_pair	251	7	5658
ENSG00000090861_ENST00000261772.13_UTR_pair	107	7	423
ENSG00000157349_ENST00000288071.11_UTR_pair	112	7	1723
ENSG00000168872_ENST00000302243.12_UTR_pair	89	7	1397
ENSG00000157350_ENST00000342907.3_UTR_pair	1155	7	5712
ENSG00000189091_ENST00000302516.10_UTR_pair	183	7	5855
ENSG00000103043_ENST00000261776.10_UTR_pair	258	7	489
ENSG00000180917_ENST00000434935.7_UTR_pair	346	7	2216
ENSG00000166747_ENST00000299980.9_UTR_pair	75	7	4058
ENSG00000224470_ENST00000427980.7_UTR_pair	308	7	5518
ENSG00000102984_ENST00000425432.6_UTR_pair	415	7	333
ENSG00000182149_ENST00000378799.11_UTR_pair	74	7	3386
ENSG00000102967_ENST00000219240.9_UTR_pair	21	7	3460
ENSG00000140830_ENST00000268483.8_UTR_pair	291	7	1780
ENSG00000140829_ENST00000268482.8_UTR_pair	224	7	415
ENSG00000103035_ENST00000219313.9_UTR_pair	101	7	555
ENSG00000090863_ENST00000422840.7_UTR_pair	20	7	5727
ENSG00000168411_ENST00000361070.9_UTR_pair	94	7	2529
ENSG00000168404_ENST00000308807.12_UTR_pair	412	7	649
ENSG00000103091_ENST00000262144.11_UTR_pair	106	7	2847
ENSG00000186187_ENST00000335325.9_UTR_pair	648	7	3294
ENSG00000166816_ENST00000450168.3_UTR_pair	60	7	492
ENSG00000050820_ENST00000162330.10_UTR_pair	142	7	1330
ENSG00000153774_ENST00000283882.4_UTR_pair	151	7	242
ENSG00000166822_ENST00000561878.2_UTR_pair	89	7	4504
ENSG00000205084_ENST00000258173.11_UTR_pair	43	7	3253
ENSG00000034713_ENST00000037243.7_UTR_pair	108	7	512
ENSG00000065457_ENST00000564657.2_UTR_pair	900	7	3348
ENSG00000103111_ENST00000248248.8_UTR_pair	79	7	4090
ENSG00000140876_ENST00000268533.9_UTR_pair	69	7	310
ENSG00000186153_ENST00000566780.6_UTR_pair	125	7	871
ENSG00000178573_ENST00000326043.5_UTR_pair	835	7	622
ENSG00000166446_ENST00000570137.7_UTR_pair	425	7	6481
ENSG00000103121_ENST00000219400.8_UTR_pair	187	7	9645
ENSG00000166454_ENST00000299575.5_UTR_pair	29	7	2380
ENSG00000153815_ENST00000537098.8_UTR_pair	434	7	1963
ENSG00000197943_ENST00000564138.6_UTR_pair	181	7	4687
ENSG00000230989_ENST00000433866.7_UTR_pair	99	7	8319
ENSG00000140961_ENST00000393306.6_UTR_pair	163	7	325
ENSG00000140943_ENST00000343411.8_UTR_pair	532	7	686
ENSG00000103160_ENST00000219439.9_UTR_pair	166	7	2489
ENSG00000103187_ENST00000262428.5_UTR_pair	164	7	1249
ENSG00000135686_ENST00000564996.6_UTR_pair	155	7	5553
ENSG00000103194_ENST00000219473.12_UTR_pair	91	7	840
ENSG00000103196_ENST00000262424.10_UTR_pair	223	7	2866
ENSG00000153786_ENST00000313732.9_UTR_pair	353	7	2168
ENSG00000131149_ENST00000253458.12_UTR_pair	70	7	3661
ENSG00000131153_ENST00000253462.8_UTR_pair	56	7	2014
ENSG00000131148_ENST00000253457.8_UTR_pair	249	7	1084
ENSG00000103248_ENST00000360900.11_UTR_pair	51	7	1825
ENSG00000103264_ENST00000311635.12_UTR_pair	32	7	4301
ENSG00000140941_ENST00000268607.10_UTR_pair	92	7	1677
ENSG00000140948_ENST00000671377.2_UTR_pair	786	7	4032
ENSG00000104731_ENST00000270583.10_UTR_pair	96	7	265
ENSG00000103257_ENST00000261622.5_UTR_pair	85	7	2947
ENSG00000172530_ENST00000682872.1_UTR_pair	150	7	655
ENSG00000158717_ENST00000312838.9_UTR_pair	83	7	1067
ENSG00000174177_ENST00000453996.7_UTR_pair	28	7	145
ENSG00000103335_ENST00000301015.14_UTR_pair	256	7	267
ENSG00000141012_ENST00000268695.10_UTR_pair	70	7	705
ENSG00000167522_ENST00000301030.10_UTR_pair	461	7	848
ENSG00000131165_ENST00000397901.8_UTR_pair	120	7	1631
ENSG00000185324_ENST00000353379.12_UTR_pair	22	7	662
ENSG00000158792_ENST00000289805.10_UTR_pair	79	7	977
ENSG00000075399_ENST00000389386.8_UTR_pair	37	7	727
ENSG00000158805_ENST00000443381.7_UTR_pair	104	7	2679
ENSG00000204991_ENST00000378247.8_UTR_pair	76	7	1047
ENSG00000258947_ENST00000315491.12_UTR_pair	60	7	293
ENSG00000140995_ENST00000563594.6_UTR_pair	167	7	2097
ENSG00000179409_ENST00000319004.6_UTR_pair	122	7	445
ENSG00000171861_ENST00000304478.9_UTR_pair	26	7	440
ENSG00000167693_ENST00000336868.8_UTR_pair	98	7	1639
ENSG00000159842_ENST00000302538.10_UTR_pair	254	7	2561
ENSG00000108953_ENST00000264335.13_UTR_pair	112	7	1172
ENSG00000167193_ENST00000300574.3_UTR_pair	115	7	2820
ENSG00000197879_ENST00000648651.1_UTR_pair	199	7	1540
ENSG00000132376_ENST00000421807.7_UTR_pair	113	7	1246
ENSG00000174238_ENST00000313486.12_UTR_pair	232	7	2843
ENSG00000167703_ENST00000301335.10_UTR_pair	87	7	6336
ENSG00000167705_ENST00000301336.7_UTR_pair	62	7	292
ENSG00000185561_ENST00000330676.8_UTR_pair	135	7	4954
ENSG00000132386_ENST00000254722.9_UTR_pair	62	7	119
ENSG00000186532_ENST00000305513.12_UTR_pair	189	7	1801
ENSG00000132383_ENST00000254719.10_UTR_pair	89	7	2907
ENSG00000108963_ENST00000263083.12_UTR_pair	17	7	1312
ENSG00000262664_ENST00000572195.3_UTR_pair	26	7	321
ENSG00000070366_ENST00000263073.11_UTR_pair	65	7	1649
ENSG00000167720_ENST00000344595.10_UTR_pair	72	7	1387
ENSG00000167721_ENST00000301364.10_UTR_pair	30	7	1800
ENSG00000141258_ENST00000268989.8_UTR_pair	188	7	1534
ENSG00000070444_ENST00000174618.5_UTR_pair	348	7	2828
ENSG00000007168_ENST00000397195.10_UTR_pair	543	7	3813
ENSG00000132361_ENST00000651024.2_UTR_pair	103	7	1207
ENSG00000132359_ENST00000254695.13_UTR_pair	90	7	4380
ENSG00000040531_ENST00000046640.9_UTR_pair	301	7	2734
ENSG00000213977_ENST00000225525.4_UTR_pair	52	7	853
ENSG00000083457_ENST00000263087.9_UTR_pair	44	7	219
ENSG00000004660_ENST00000348335.7_UTR_pair	158	7	1896
ENSG00000074370_ENST00000397041.8_UTR_pair	146	7	1549
ENSG00000074755_ENST00000381638.7_UTR_pair	135	7	2445
ENSG00000167740_ENST00000301391.8_UTR_pair	559	7	615
ENSG00000132388_ENST00000396981.7_UTR_pair	359	7	3295
ENSG00000132382_ENST00000254718.9_UTR_pair	60	7	511
ENSG00000141480_ENST00000269260.7_UTR_pair	90	7	458
ENSG00000129219_ENST00000263088.11_UTR_pair	75	7	566
ENSG00000141503_ENST00000355280.11_UTR_pair	244	7	774
ENSG00000108528_ENST00000225665.12_UTR_pair	136	7	611
ENSG00000108523_ENST00000262482.11_UTR_pair	516	7	206
ENSG00000108518_ENST00000225655.6_UTR_pair	136	7	248
ENSG00000108515_ENST00000519602.6_UTR_pair	66	7	82
ENSG00000108509_ENST00000348066.8_UTR_pair	147	7	759
ENSG00000129250_ENST00000320785.10_UTR_pair	355	7	4250
ENSG00000029725_ENST00000537505.6_UTR_pair	203	7	3117
ENSG00000005100_ENST00000225296.8_UTR_pair	123	7	3288
ENSG00000129195_ENST00000572447.6_UTR_pair	69	7	1122
ENSG00000129235_ENST00000250101.10_UTR_pair	23	7	1522
ENSG00000174327_ENST00000308027.7_UTR_pair	368	7	155
ENSG00000132535_ENST00000399506.9_UTR_pair	480	7	3521
ENSG00000072778_ENST00000356839.10_UTR_pair	47	7	169
ENSG00000004975_ENST00000005340.10_UTR_pair	255	7	523
ENSG00000040633_ENST00000320316.8_UTR_pair	178	7	588
ENSG00000170296_ENST00000302386.10_UTR_pair	119	7	846
ENSG00000175826_ENST00000574322.6_UTR_pair	438	7	594
ENSG00000181856_ENST00000317370.13_UTR_pair	217	7	1628
ENSG00000132507_ENST00000336458.13_UTR_pair	146	7	653
ENSG00000132522_ENST00000380728.7_UTR_pair	97	7	95
ENSG00000213859_ENST00000333751.8_UTR_pair	664	7	1303
ENSG00000169992_ENST00000302926.7_UTR_pair	411	7	2061
ENSG00000174282_ENST00000380599.9_UTR_pair	256	7	2562
ENSG00000161956_ENST00000321337.12_UTR_pair	356	7	486
ENSG00000129245_ENST00000250113.12_UTR_pair	365	7	600
ENSG00000141504_ENST00000269298.10_UTR_pair	186	7	213
ENSG00000129244_ENST00000250111.9_UTR_pair	593	7	1875
ENSG00000141510_ENST00000269305.9_UTR_pair	142	7	1188
ENSG00000132510_ENST00000448097.7_UTR_pair	521	7	1275
ENSG00000182224_ENST00000332439.5_UTR_pair	132	7	2670
ENSG00000170043_ENST00000303731.9_UTR_pair	117	7	257
ENSG00000170037_ENST00000563694.6_UTR_pair	874	7	410
ENSG00000179094_ENST00000317276.9_UTR_pair	207	7	596
ENSG00000220205_ENST00000316509.11_UTR_pair	69	7	1706
ENSG00000179029_ENST00000437139.7_UTR_pair	94	7	1746
ENSG00000196544_ENST00000389017.6_UTR_pair	40	7	722
ENSG00000178999_ENST00000585124.6_UTR_pair	71	7	137
ENSG00000178971_ENST00000651323.1_UTR_pair	20	7	3365
ENSG00000125434_ENST00000577745.2_UTR_pair	593	7	444
ENSG00000161970_ENST00000648839.1_UTR_pair	42	7	48
ENSG00000166579_ENST00000334527.12_UTR_pair	174	7	1140
ENSG00000133026_ENST00000360416.8_UTR_pair	103	7	1580
ENSG00000065320_ENST00000173229.7_UTR_pair	139	7	4032
ENSG00000007237_ENST00000432992.7_UTR_pair	216	7	6622
ENSG00000170222_ENST00000379774.5_UTR_pair	91	7	414
ENSG00000006740_ENST00000379672.10_UTR_pair	341	7	1472
ENSG00000006695_ENST00000261643.8_UTR_pair	102	7	1464
ENSG00000109099_ENST00000312280.9_UTR_pair	207	7	1138
ENSG00000221926_ENST00000649191.2_UTR_pair	1014	7	649
ENSG00000170425_ENST00000304222.3_UTR_pair	119	7	404
ENSG00000214941_ENST00000399277.6_UTR_pair	110	7	1487
ENSG00000011295_ENST00000261647.10_UTR_pair	25	7	1882
ENSG00000141027_ENST00000268712.8_UTR_pair	243	7	3139
ENSG00000166582_ENST00000299736.5_UTR_pair	33	7	280
ENSG00000170315_ENST00000302182.8_UTR_pair	100	7	143
ENSG00000187688_ENST00000338560.12_UTR_pair	370	7	114
ENSG00000141040_ENST00000395825.4_UTR_pair	451	7	4902
ENSG00000154803_ENST00000285071.9_UTR_pair	484	7	1443
ENSG00000141030_ENST00000268717.10_UTR_pair	60	7	482
ENSG00000141026_ENST00000268711.4_UTR_pair	42	7	1726
ENSG00000108551_ENST00000225688.4_UTR_pair	214	7	688
ENSG00000108557_ENST00000353383.6_UTR_pair	484	7	1472
ENSG00000072310_ENST00000261646.11_UTR_pair	169	7	1288
ENSG00000175662_ENST00000379504.8_UTR_pair	87	7	4124
ENSG00000141034_ENST00000268719.9_UTR_pair	57	7	3162
ENSG00000108591_ENST00000225729.8_UTR_pair	76	7	729
ENSG00000091542_ENST00000399138.5_UTR_pair	416	7	1558
ENSG00000131899_ENST00000316843.9_UTR_pair	48	7	969
ENSG00000177731_ENST00000327031.9_UTR_pair	48	7	323
ENSG00000177427_ENST00000323019.9_UTR_pair	83	7	1788
ENSG00000177302_ENST00000321105.10_UTR_pair	216	7	3374
ENSG00000176994_ENST00000406438.5_UTR_pair	497	7	4986
ENSG00000176974_ENST00000316694.8_UTR_pair	198	7	877
ENSG00000171928_ENST00000307767.13_UTR_pair	111	7	1147
ENSG00000141127_ENST00000268835.7_UTR_pair	259	7	589
ENSG00000072134_ENST00000314728.10_UTR_pair	459	7	2461
ENSG00000166484_ENST00000395604.8_UTR_pair	138	7	313
ENSG00000142494_ENST00000270570.8_UTR_pair	86	7	1481
ENSG00000072210_ENST00000176643.11_UTR_pair	221	7	2024
ENSG00000083290_ENST00000395544.9_UTR_pair	519	7	5519
ENSG00000108599_ENST00000225737.11_UTR_pair	149	7	1925
ENSG00000128487_ENST00000395527.9_UTR_pair	87	7	4961
ENSG00000124422_ENST00000261497.9_UTR_pair	176	7	3435
ENSG00000109016_ENST00000395511.8_UTR_pair	8	7	267
ENSG00000034152_ENST00000342679.9_UTR_pair	210	7	1002
ENSG00000109046_ENST00000262394.7_UTR_pair	282	7	3557
ENSG00000141068_ENST00000644974.2_UTR_pair	196	7	3043
ENSG00000087095_ENST00000407008.8_UTR_pair	197	7	1745
ENSG00000109084_ENST00000226230.8_UTR_pair	40	7	1892
ENSG00000109083_ENST00000395418.8_UTR_pair	135	7	326
ENSG00000109079_ENST00000226225.7_UTR_pair	210	7	2409
ENSG00000004142_ENST00000540200.6_UTR_pair	79	7	1484
ENSG00000244045_ENST00000292114.8_UTR_pair	24	7	2431
ENSG00000004139_ENST00000585482.6_UTR_pair	339	7	7763
ENSG00000076351_ENST00000612814.5_UTR_pair	98	7	5014
ENSG00000109103_ENST00000335765.9_UTR_pair	67	7	589
ENSG00000087111_ENST00000308360.8_UTR_pair	28	7	833
ENSG00000109107_ENST00000226253.9_UTR_pair	107	7	406
ENSG00000076382_ENST00000321765.10_UTR_pair	79	7	125
ENSG00000132581_ENST00000247020.9_UTR_pair	30	7	643
ENSG00000109111_ENST00000314616.11_UTR_pair	169	7	1054
ENSG00000109113_ENST00000395245.9_UTR_pair	602	7	359
ENSG00000160606_ENST00000292090.8_UTR_pair	136	7	162
ENSG00000160602_ENST00000268766.11_UTR_pair	26	7	1468
ENSG00000076604_ENST00000262395.10_UTR_pair	102	7	1379
ENSG00000173065_ENST00000581407.6_UTR_pair	149	7	2290
ENSG00000132589_ENST00000394908.9_UTR_pair	159	7	1222
ENSG00000167536_ENST00000378895.9_UTR_pair	135	7	660
ENSG00000109118_ENST00000332830.9_UTR_pair	558	7	933
ENSG00000196535_ENST00000527372.7_UTR_pair	167	7	3648
ENSG00000108256_ENST00000225388.9_UTR_pair	89	7	8700
ENSG00000168792_ENST00000307201.5_UTR_pair	71	7	2014
ENSG00000108262_ENST00000225394.8_UTR_pair	270	7	1227
ENSG00000198720_ENST00000394859.8_UTR_pair	490	7	1179
ENSG00000141298_ENST00000540801.6_UTR_pair	228	7	4903
ENSG00000126653_ENST00000247026.10_UTR_pair	28	7	801
ENSG00000108582_ENST00000225719.9_UTR_pair	54	7	5175
ENSG00000108587_ENST00000451249.7_UTR_pair	26	7	5214
ENSG00000176390_ENST00000324238.7_UTR_pair	41	7	1503
ENSG00000176208_ENST00000321990.5_UTR_pair	382	7	956
ENSG00000172171_ENST00000581216.6_UTR_pair	40	7	183
ENSG00000181481_ENST00000328381.10_UTR_pair	35	7	720
ENSG00000131242_ENST00000621161.5_UTR_pair	178	7	6479
ENSG00000172301_ENST00000302362.11_UTR_pair	45	7	268
ENSG00000178691_ENST00000322652.10_UTR_pair	240	7	2035
ENSG00000126858_ENST00000545287.7_UTR_pair	191	7	994
ENSG00000176749_ENST00000313401.4_UTR_pair	315	7	2709
ENSG00000176658_ENST00000318217.10_UTR_pair	252	7	2237
ENSG00000006042_ENST00000579849.6_UTR_pair	215	7	3322
ENSG00000108691_ENST00000225831.4_UTR_pair	65	7	376
ENSG00000198783_ENST00000361952.5_UTR_pair	27	7	1092
ENSG00000005156_ENST00000378526.9_UTR_pair	115	7	5237
ENSG00000092871_ENST00000394597.7_UTR_pair	140	7	5978
ENSG00000185379_ENST00000345365.11_UTR_pair	247	7	8732
ENSG00000073536_ENST00000442241.9_UTR_pair	28	7	3707
ENSG00000172716_ENST00000685675.1_UTR_pair	382	7	2051
ENSG00000108733_ENST00000225873.9_UTR_pair	550	7	987
ENSG00000006125_ENST00000610402.5_UTR_pair	130	7	2714
ENSG00000270647_ENST00000605844.6_UTR_pair	86	7	297
ENSG00000278259_ENST00000614623.5_UTR_pair	403	7	615
ENSG00000277161_ENST00000614443.2_UTR_pair	614	7	687
ENSG00000278311_ENST00000613102.5_UTR_pair	285	7	437
ENSG00000278535_ENST00000618403.5_UTR_pair	131	7	601
ENSG00000278540_ENST00000616317.5_UTR_pair	537	7	2324
ENSG00000276234_ENST00000615182.5_UTR_pair	161	7	2743
ENSG00000276023_ENST00000617516.5_UTR_pair	248	7	629
ENSG00000275066_ENST00000612223.5_UTR_pair	63	7	4133
ENSG00000278053_ENST00000617633.5_UTR_pair	26	7	4557
ENSG00000274211_ENST00000612932.6_UTR_pair	209	7	6111
ENSG00000275832_ENST00000622683.5_UTR_pair	22	7	1413
ENSG00000275023_ENST00000621332.5_UTR_pair	360	7	4197
ENSG00000277258_ENST00000620225.5_UTR_pair	274	7	1325
ENSG00000276293_ENST00000619039.5_UTR_pair	132	7	4000
ENSG00000273559_ENST00000614790.5_UTR_pair	138	7	1651
ENSG00000002834_ENST00000318008.11_UTR_pair	132	7	2992
ENSG00000067191_ENST00000394303.8_UTR_pair	174	7	1740
ENSG00000108298_ENST00000225430.9_UTR_pair	62	7	84
ENSG00000108306_ENST00000264658.11_UTR_pair	224	7	8797
ENSG00000125686_ENST00000300651.11_UTR_pair	201	7	3190
ENSG00000167258_ENST00000447079.6_UTR_pair	586	7	3228
ENSG00000131748_ENST00000336308.10_UTR_pair	139	7	1293
ENSG00000141736_ENST00000269571.10_UTR_pair	175	7	614
ENSG00000141738_ENST00000309156.9_UTR_pair	246	7	388
ENSG00000172057_ENST00000304046.7_UTR_pair	140	7	1507
ENSG00000108344_ENST00000264639.9_UTR_pair	164	7	378
ENSG00000126351_ENST00000450525.7_UTR_pair	425	7	3546
ENSG00000126368_ENST00000246672.4_UTR_pair	495	7	290
ENSG00000188895_ENST00000398532.9_UTR_pair	642	7	2548
ENSG00000171475_ENST00000323571.9_UTR_pair	258	7	5911
ENSG00000094804_ENST00000209728.9_UTR_pair	225	7	2656
ENSG00000131759_ENST00000254066.10_UTR_pair	469	7	1417
ENSG00000131747_ENST00000423485.6_UTR_pair	105	7	994
ENSG00000141753_ENST00000269593.5_UTR_pair	286	7	1142
ENSG00000073584_ENST00000348513.12_UTR_pair	91	7	3823
ENSG00000171345_ENST00000361566.7_UTR_pair	61	7	126
ENSG00000173812_ENST00000469257.2_UTR_pair	154	7	1842
ENSG00000173801_ENST00000393931.8_UTR_pair	132	7	1135
ENSG00000141696_ENST00000393928.6_UTR_pair	34	7	1004
ENSG00000141756_ENST00000321562.9_UTR_pair	31	7	805
ENSG00000141698_ENST00000435506.7_UTR_pair	39	7	466
ENSG00000131473_ENST00000352035.7_UTR_pair	95	7	892
ENSG00000173786_ENST00000393892.8_UTR_pair	90	7	3816
ENSG00000168259_ENST00000457167.9_UTR_pair	23	7	298
ENSG00000168256_ENST00000393885.9_UTR_pair	129	7	1748
ENSG00000108773_ENST00000225916.10_UTR_pair	63	7	538
ENSG00000108774_ENST00000346213.9_UTR_pair	185	7	804
ENSG00000173757_ENST00000293328.8_UTR_pair	154	7	2561
ENSG00000126561_ENST00000590949.6_UTR_pair	111	7	1274
ENSG00000168610_ENST00000264657.10_UTR_pair	187	7	2421
ENSG00000177469_ENST00000357037.6_UTR_pair	159	7	2238
ENSG00000033627_ENST00000343619.9_UTR_pair	133	7	1459
ENSG00000108784_ENST00000225927.7_UTR_pair	32	7	211
ENSG00000108786_ENST00000585807.6_UTR_pair	11	7	276
ENSG00000068120_ENST00000393818.3_UTR_pair	475	7	309
ENSG00000108788_ENST00000435881.7_UTR_pair	25	7	1600
ENSG00000141699_ENST00000309428.10_UTR_pair	50	7	2298
ENSG00000131462_ENST00000251413.8_UTR_pair	55	7	197
ENSG00000037042_ENST00000251412.8_UTR_pair	220	7	206
ENSG00000068137_ENST00000591022.6_UTR_pair	431	7	213
ENSG00000108799_ENST00000428826.7_UTR_pair	132	7	2257
ENSG00000131475_ENST00000253794.7_UTR_pair	27	7	530
ENSG00000183978_ENST00000328434.8_UTR_pair	23	7	436
ENSG00000126581_ENST00000590099.6_UTR_pair	130	7	626
ENSG00000131467_ENST00000590720.6_UTR_pair	235	7	2182
ENSG00000068079_ENST00000415816.7_UTR_pair	164	7	157
ENSG00000108828_ENST00000355653.8_UTR_pair	63	7	1454
ENSG00000108830_ENST00000587250.4_UTR_pair	117	7	3361
ENSG00000012048_ENST00000357654.9_UTR_pair	113	7	1383
ENSG00000188554_ENST00000590996.6_UTR_pair	98	7	1614
ENSG00000175906_ENST00000320033.5_UTR_pair	173	7	799
ENSG00000067596_ENST00000262415.8_UTR_pair	63	7	1823
ENSG00000175832_ENST00000319349.10_UTR_pair	207	7	673
ENSG00000108861_ENST00000226004.8_UTR_pair	53	7	3484
ENSG00000161647_ENST00000398389.9_UTR_pair	142	7	890
ENSG00000108852_ENST00000269095.9_UTR_pair	96	7	2447
ENSG00000091947_ENST00000206380.8_UTR_pair	11	7	740
ENSG00000161654_ENST00000293406.8_UTR_pair	84	7	1880
ENSG00000141349_ENST00000269097.9_UTR_pair	231	7	301
ENSG00000108840_ENST00000682912.1_UTR_pair	327	7	1623
ENSG00000168591_ENST00000538716.7_UTR_pair	171	7	1065
ENSG00000087152_ENST00000587097.6_UTR_pair	449	7	2458
ENSG00000108312_ENST00000436088.6_UTR_pair	298	7	2202
ENSG00000013306_ENST00000377095.10_UTR_pair	128	7	373
ENSG00000161682_ENST00000293443.12_UTR_pair	139	7	518
ENSG00000186566_ENST00000591680.6_UTR_pair	36	7	2287
ENSG00000180340_ENST00000315323.5_UTR_pair	205	7	1876
ENSG00000180329_ENST00000315286.13_UTR_pair	23	7	1416
ENSG00000161692_ENST00000315005.8_UTR_pair	156	7	1011
ENSG00000182963_ENST00000592524.6_UTR_pair	322	7	6179
ENSG00000108883_ENST00000426333.7_UTR_pair	81	7	1326
ENSG00000186185_ENST00000593135.6_UTR_pair	160	7	1369
ENSG00000172992_ENST00000651974.1_UTR_pair	386	7	1089
ENSG00000136448_ENST00000258960.7_UTR_pair	13	7	3377
ENSG00000181513_ENST00000321854.13_UTR_pair	304	7	605
ENSG00000186834_ENST00000332499.4_UTR_pair	716	7	1829
ENSG00000168517_ENST00000589230.6_UTR_pair	349	7	226
ENSG00000184922_ENST00000331495.8_UTR_pair	240	7	460
ENSG00000006062_ENST00000344686.8_UTR_pair	81	7	1517
ENSG00000225190_ENST00000430334.8_UTR_pair	111	7	1958
ENSG00000186868_ENST00000262410.10_UTR_pair	150	7	4163
ENSG00000120071_ENST00000432791.7_UTR_pair	696	7	1560
ENSG00000073969_ENST00000398238.8_UTR_pair	107	7	1641
ENSG00000108433_ENST00000640051.2_UTR_pair	33	7	3260
ENSG00000004897_ENST00000066544.8_UTR_pair	123	7	3232
ENSG00000259207_ENST00000559488.7_UTR_pair	35	7	3539
ENSG00000141279_ENST00000322157.9_UTR_pair	193	7	1356
ENSG00000108424_ENST00000290158.9_UTR_pair	326	7	3101
ENSG00000198933_ENST00000578982.6_UTR_pair	68	7	1426
ENSG00000006025_ENST00000007414.8_UTR_pair	216	7	919
ENSG00000141295_ENST00000290216.14_UTR_pair	66	7	152
ENSG00000167182_ENST00000376741.5_UTR_pair	51	7	1133
ENSG00000108439_ENST00000642017.2_UTR_pair	105	7	2526
ENSG00000108465_ENST00000338399.9_UTR_pair	34	7	279
ENSG00000082641_ENST00000362042.8_UTR_pair	616	7	1904
ENSG00000108468_ENST00000225603.9_UTR_pair	248	7	1376
ENSG00000002919_ENST00000359238.7_UTR_pair	86	7	2093
ENSG00000159202_ENST00000360943.10_UTR_pair	97	7	1922
ENSG00000159210_ENST00000502492.6_UTR_pair	108	7	1159
ENSG00000159217_ENST00000290341.8_UTR_pair	361	7	6701
ENSG00000198740_ENST00000430262.3_UTR_pair	600	7	9207
ENSG00000167085_ENST00000300408.8_UTR_pair	75	7	940
ENSG00000121067_ENST00000504102.6_UTR_pair	231	7	1494
ENSG00000121104_ENST00000240364.7_UTR_pair	44	7	923
ENSG00000136504_ENST00000259021.9_UTR_pair	154	7	7524
ENSG00000005884_ENST00000320031.13_UTR_pair	330	7	1403
ENSG00000005882_ENST00000503176.6_UTR_pair	85	7	2055
ENSG00000108819_ENST00000612501.2_UTR_pair	164	7	1594
ENSG00000108821_ENST00000225964.10_UTR_pair	118	7	1401
ENSG00000154920_ENST00000338165.9_UTR_pair	73	7	544
ENSG00000108829_ENST00000225972.8_UTR_pair	206	7	1750
ENSG00000167107_ENST00000300441.9_UTR_pair	44	7	285
ENSG00000108846_ENST00000285238.13_UTR_pair	56	7	1053
ENSG00000154945_ENST00000285243.7_UTR_pair	260	7	2799
ENSG00000108848_ENST00000505658.6_UTR_pair	130	7	5558
ENSG00000141232_ENST00000499247.3_UTR_pair	443	7	757
ENSG00000008294_ENST00000262013.12_UTR_pair	212	7	4098
ENSG00000239672_ENST00000393196.8_UTR_pair	108	7	323
ENSG00000011258_ENST00000586178.6_UTR_pair	327	7	3151
ENSG00000108960_ENST00000262065.8_UTR_pair	140	7	1712
ENSG00000141179_ENST00000268896.10_UTR_pair	53	7	1274
ENSG00000153933_ENST00000284061.8_UTR_pair	128	7	6776
ENSG00000121060_ENST00000316881.9_UTR_pair	61	7	3791
ENSG00000121064_ENST00000262288.8_UTR_pair	29	7	533
ENSG00000121057_ENST00000337714.8_UTR_pair	177	7	1020
ENSG00000180891_ENST00000577830.6_UTR_pair	503	7	2046
ENSG00000136451_ENST00000581208.2_UTR_pair	143	7	2921
ENSG00000136450_ENST00000258962.5_UTR_pair	109	7	4487
ENSG00000264364_ENST00000579991.3_UTR_pair	274	7	6263
ENSG00000213246_ENST00000225504.8_UTR_pair	66	7	1068
ENSG00000108389_ENST00000682306.1_UTR_pair	231	7	2126
ENSG00000175175_ENST00000308249.4_UTR_pair	144	7	4148
ENSG00000108395_ENST00000262294.12_UTR_pair	419	7	1175
ENSG00000182628_ENST00000330137.12_UTR_pair	23	7	2420
ENSG00000068489_ENST00000262293.9_UTR_pair	65	7	5078
ENSG00000167447_ENST00000300917.10_UTR_pair	17	7	228
ENSG00000153982_ENST00000284116.9_UTR_pair	99	7	2197
ENSG00000175155_ENST00000312655.9_UTR_pair	365	7	4539
ENSG00000108406_ENST00000251241.9_UTR_pair	62	7	1173
ENSG00000141367_ENST00000269122.8_UTR_pair	237	7	3104
ENSG00000141378_ENST00000393038.3_UTR_pair	60	7	131
ENSG00000062716_ENST00000262291.9_UTR_pair	121	7	2344
ENSG00000108423_ENST00000325752.8_UTR_pair	286	7	843
ENSG00000108443_ENST00000225577.9_UTR_pair	64	7	3786
ENSG00000189050_ENST00000305783.13_UTR_pair	77	7	737
ENSG00000170832_ENST00000300896.9_UTR_pair	194	7	1928
ENSG00000062725_ENST00000083182.8_UTR_pair	311	7	4423
ENSG00000170836_ENST00000305921.8_UTR_pair	222	7	2728
ENSG00000136492_ENST00000259008.7_UTR_pair	275	7	4157
ENSG00000108506_ENST00000251334.7_UTR_pair	347	7	2190
ENSG00000108510_ENST00000397786.7_UTR_pair	73	7	3863
ENSG00000146872_ENST00000346027.10_UTR_pair	471	7	2916
ENSG00000011028_ENST00000303375.10_UTR_pair	133	7	1146
ENSG00000008283_ENST00000360793.8_UTR_pair	75	7	2098
ENSG00000136485_ENST00000614556.5_UTR_pair	201	7	5094
ENSG00000136463_ENST00000258975.7_UTR_pair	189	7	363
ENSG00000198909_ENST00000361733.8_UTR_pair	343	7	2528
ENSG00000136490_ENST00000259006.8_UTR_pair	144	7	2664
ENSG00000266173_ENST00000336174.12_UTR_pair	103	7	767
ENSG00000108588_ENST00000225726.10_UTR_pair	205	7	1626
ENSG00000198231_ENST00000389924.7_UTR_pair	223	7	919
ENSG00000087191_ENST00000310144.11_UTR_pair	60	7	50
ENSG00000178607_ENST00000433197.4_UTR_pair	115	7	4846
ENSG00000136478_ENST00000584379.6_UTR_pair	118	7	1742
ENSG00000108654_ENST00000225792.10_UTR_pair	170	7	1669
ENSG00000258890_ENST00000556440.7_UTR_pair	121	7	167
ENSG00000108854_ENST00000262435.14_UTR_pair	427	7	3566
ENSG00000120063_ENST00000439174.7_UTR_pair	147	7	4968
ENSG00000154229_ENST00000413366.8_UTR_pair	239	7	6706
ENSG00000197170_ENST00000356126.8_UTR_pair	58	7	2927
ENSG00000154217_ENST00000581322.6_UTR_pair	874	7	4368
ENSG00000182481_ENST00000330459.8_UTR_pair	129	7	258
ENSG00000108932_ENST00000580666.6_UTR_pair	49	7	2070
ENSG00000141337_ENST00000621439.5_UTR_pair	625	7	351
ENSG00000070540_ENST00000262139.10_UTR_pair	75	7	492
ENSG00000108946_ENST00000589228.6_UTR_pair	125	7	2982
ENSG00000154265_ENST00000392676.8_UTR_pair	97	7	3226
ENSG00000125398_ENST00000245479.3_UTR_pair	372	7	2029
ENSG00000133195_ENST00000255559.8_UTR_pair	89	7	1635
ENSG00000133193_ENST00000405159.8_UTR_pair	88	7	2164
ENSG00000179604_ENST00000335793.4_UTR_pair	221	7	1806
ENSG00000170412_ENST00000392627.7_UTR_pair	86	7	401
ENSG00000109062_ENST00000262613.10_UTR_pair	219	7	697
ENSG00000109066_ENST00000335464.10_UTR_pair	146	7	3066
ENSG00000167861_ENST00000425042.7_UTR_pair	103	7	828
ENSG00000109089_ENST00000337231.5_UTR_pair	412	7	1726
ENSG00000180901_ENST00000322444.7_UTR_pair	26	7	2839
ENSG00000170190_ENST00000329783.9_UTR_pair	293	7	129
ENSG00000125458_ENST00000245552.7_UTR_pair	35	7	260
ENSG00000189159_ENST00000409753.8_UTR_pair	115	7	854
ENSG00000188612_ENST00000420826.7_UTR_pair	125	7	2753
ENSG00000125445_ENST00000245539.11_UTR_pair	22	7	453
ENSG00000125457_ENST00000325102.13_UTR_pair	138	7	512
ENSG00000125454_ENST00000416858.7_UTR_pair	208	7	459
ENSG00000177885_ENST00000316804.10_UTR_pair	327	7	2292
ENSG00000177728_ENST00000314256.12_UTR_pair	223	7	1118
ENSG00000177303_ENST00000321617.8_UTR_pair	541	7	819
ENSG00000182173_ENST00000333213.11_UTR_pair	33	7	323
ENSG00000073350_ENST00000392550.8_UTR_pair	159	7	331
ENSG00000108469_ENST00000317905.10_UTR_pair	125	7	568
ENSG00000161526_ENST00000584667.6_UTR_pair	35	7	1538
ENSG00000132470_ENST00000200181.8_UTR_pair	164	7	263
ENSG00000132478_ENST00000589666.6_UTR_pair	75	7	1382
ENSG00000132471_ENST00000254806.8_UTR_pair	38	7	1035
ENSG00000132481_ENST00000254816.6_UTR_pair	33	7	319
ENSG00000161533_ENST00000293217.10_UTR_pair	93	7	5241
ENSG00000141576_ENST00000269391.11_UTR_pair	253	7	2761
ENSG00000185262_ENST00000327490.8_UTR_pair	158	7	793
ENSG00000161542_ENST00000446526.8_UTR_pair	213	7	2064
ENSG00000176170_ENST00000592299.6_UTR_pair	392	7	269
ENSG00000129667_ENST00000675367.1_UTR_pair	290	7	737
ENSG00000070495_ENST00000397625.9_UTR_pair	131	7	278
ENSG00000181038_ENST00000341249.11_UTR_pair	361	7	194
ENSG00000161547_ENST00000359995.10_UTR_pair	171	7	1051
ENSG00000129657_ENST00000436233.9_UTR_pair	274	7	3078
ENSG00000184640_ENST00000427177.6_UTR_pair	37	7	1935
ENSG00000078687_ENST00000696270.1_UTR_pair	603	7	3977
ENSG00000141524_ENST00000590602.6_UTR_pair	218	7	5751
ENSG00000108639_ENST00000225777.8_UTR_pair	36	7	784
ENSG00000089685_ENST00000350051.8_UTR_pair	64	7	2081
ENSG00000184557_ENST00000330871.3_UTR_pair	416	7	1640
ENSG00000108669_ENST00000446868.8_UTR_pair	50	7	2043
ENSG00000055483_ENST00000449938.7_UTR_pair	252	7	2248
ENSG00000035862_ENST00000262768.11_UTR_pair	299	7	2690
ENSG00000171302_ENST00000392446.10_UTR_pair	247	7	1834
ENSG00000173918_ENST00000579760.6_UTR_pair	340	7	1700
ENSG00000167280_ENST00000579016.6_UTR_pair	121	7	2250
ENSG00000173894_ENST00000310942.9_UTR_pair	88	7	2941
ENSG00000141570_ENST00000269385.9_UTR_pair	79	7	2503
ENSG00000141582_ENST00000269397.9_UTR_pair	189	7	803
ENSG00000167291_ENST00000310924.7_UTR_pair	140	7	8516
ENSG00000171298_ENST00000302262.8_UTR_pair	342	7	550
ENSG00000141543_ENST00000649764.2_UTR_pair	167	7	1121
ENSG00000181523_ENST00000326317.11_UTR_pair	20	7	1176
ENSG00000171246_ENST00000306773.5_UTR_pair	161	7	3979
ENSG00000141564_ENST00000306801.8_UTR_pair	792	7	2038
ENSG00000176108_ENST00000325167.9_UTR_pair	78	7	980
ENSG00000175866_ENST00000428708.7_UTR_pair	104	7	1595
ENSG00000266074_ENST00000675386.2_UTR_pair	385	7	2514
ENSG00000184009_ENST00000573283.7_UTR_pair	72	7	719
ENSG00000185504_ENST00000327787.13_UTR_pair	23	7	928
ENSG00000182446_ENST00000331134.11_UTR_pair	182	7	2372
ENSG00000182612_ENST00000611590.2_UTR_pair	317	7	455
ENSG00000185359_ENST00000329138.9_UTR_pair	56	7	503
ENSG00000183048_ENST00000350690.10_UTR_pair	143	7	935
ENSG00000225663_ENST00000455127.7_UTR_pair	102	7	886
ENSG00000185624_ENST00000331483.9_UTR_pair	64	7	846
ENSG00000141522_ENST00000269321.12_UTR_pair	67	7	1155
ENSG00000185813_ENST00000538936.7_UTR_pair	44	7	3875
ENSG00000187531_ENST00000328666.11_UTR_pair	45	7	477
ENSG00000197063_ENST00000357736.9_UTR_pair	237	7	4335
ENSG00000169750_ENST00000306897.9_UTR_pair	84	7	375
ENSG00000169733_ENST00000310496.9_UTR_pair	45	7	824
ENSG00000169727_ENST00000578552.6_UTR_pair	34	7	343
ENSG00000169718_ENST00000306796.10_UTR_pair	202	7	609
ENSG00000169710_ENST00000306749.4_UTR_pair	123	7	805
ENSG00000141526_ENST00000582743.6_UTR_pair	91	7	1110
ENSG00000141551_ENST00000314028.11_UTR_pair	319	7	2114
ENSG00000181396_ENST00000313056.10_UTR_pair	101	7	3188
ENSG00000141562_ENST00000309794.16_UTR_pair	63	7	2380
ENSG00000141568_ENST00000335255.10_UTR_pair	157	7	3103
ENSG00000141580_ENST00000392325.9_UTR_pair	104	7	1357
ENSG00000176845_ENST00000320095.12_UTR_pair	207	7	547
ENSG00000101557_ENST00000261601.8_UTR_pair	142	7	3345
ENSG00000079134_ENST00000261600.11_UTR_pair	28	7	106
ENSG00000158270_ENST00000400256.5_UTR_pair	187	7	3308
ENSG00000176105_ENST00000314574.5_UTR_pair	137	7	2836
ENSG00000101596_ENST00000320876.11_UTR_pair	350	7	2465
ENSG00000132205_ENST00000254528.4_UTR_pair	183	7	2599
ENSG00000101577_ENST00000677752.1_UTR_pair	67	7	3294
ENSG00000118680_ENST00000237500.10_UTR_pair	120	7	524
ENSG00000177426_ENST00000343820.10_UTR_pair	318	7	2038
ENSG00000198081_ENST00000651870.1_UTR_pair	186	7	1836
ENSG00000082397_ENST00000341928.7_UTR_pair	96	7	1099
ENSG00000088756_ENST00000383472.9_UTR_pair	106	7	3562
ENSG00000173482_ENST00000580170.6_UTR_pair	503	7	694
ENSG00000206418_ENST00000649141.2_UTR_pair	3	7	1121
ENSG00000101745_ENST00000262126.9_UTR_pair	236	7	4859
ENSG00000128791_ENST00000262120.10_UTR_pair	185	7	2893
ENSG00000017797_ENST00000383432.8_UTR_pair	234	7	2177
ENSG00000154845_ENST00000400556.8_UTR_pair	75	7	995
ENSG00000168461_ENST00000578921.6_UTR_pair	105	7	3226
ENSG00000101558_ENST00000400000.7_UTR_pair	241	7	5810
ENSG00000134265_ENST00000322897.11_UTR_pair	76	7	2544
ENSG00000141401_ENST00000269159.8_UTR_pair	163	7	419
ENSG00000176014_ENST00000317702.10_UTR_pair	52	7	486
ENSG00000141385_ENST00000269143.8_UTR_pair	145	7	621
ENSG00000134278_ENST00000409402.9_UTR_pair	241	7	3126
ENSG00000101624_ENST00000262127.7_UTR_pair	175	7	740
ENSG00000175354_ENST00000309660.10_UTR_pair	96	7	2126
ENSG00000085415_ENST00000399892.7_UTR_pair	111	7	474
ENSG00000177150_ENST00000651643.1_UTR_pair	258	7	3133
ENSG00000101654_ENST00000383314.7_UTR_pair	228	7	4577
ENSG00000067900_ENST00000399799.3_UTR_pair	903	7	4478
ENSG00000141446_ENST00000269214.10_UTR_pair	906	7	1059
ENSG00000167088_ENST00000300413.10_UTR_pair	116	7	4382
ENSG00000158201_ENST00000289119.7_UTR_pair	109	7	690
ENSG00000101752_ENST00000261537.7_UTR_pair	792	7	6287
ENSG00000141448_ENST00000269216.10_UTR_pair	131	7	1705
ENSG00000101773_ENST00000327155.10_UTR_pair	335	7	246
ENSG00000134490_ENST00000383233.8_UTR_pair	109	7	1994
ENSG00000101782_ENST00000339486.8_UTR_pair	153	7	1861
ENSG00000141452_ENST00000269221.8_UTR_pair	108	7	118
ENSG00000141458_ENST00000269228.10_UTR_pair	163	7	760
ENSG00000168234_ENST00000317571.8_UTR_pair	118	7	3026
ENSG00000141447_ENST00000319481.8_UTR_pair	172	7	1127
ENSG00000154059_ENST00000284202.9_UTR_pair	87	7	2684
ENSG00000198795_ENST00000361524.8_UTR_pair	163	7	788
ENSG00000141380_ENST00000415083.7_UTR_pair	44	7	2101
ENSG00000141384_ENST00000269142.10_UTR_pair	489	7	1673
ENSG00000170558_ENST00000269141.8_UTR_pair	108	7	1187
ENSG00000046604_ENST00000261590.13_UTR_pair	75	7	2265
ENSG00000118276_ENST00000306851.10_UTR_pair	155	7	3368
ENSG00000101695_ENST00000217740.4_UTR_pair	39	7	4835
ENSG00000134758_ENST00000261593.8_UTR_pair	439	7	2374
ENSG00000141441_ENST00000269209.7_UTR_pair	454	7	4349
ENSG00000134769_ENST00000444659.6_UTR_pair	149	7	4110
ENSG00000166974_ENST00000300249.10_UTR_pair	127	7	3101
ENSG00000186812_ENST00000330501.12_UTR_pair	156	7	3498
ENSG00000186814_ENST00000333206.10_UTR_pair	249	7	2388
ENSG00000172466_ENST00000261332.11_UTR_pair	144	7	5005
ENSG00000153391_ENST00000334598.12_UTR_pair	86	7	278
ENSG00000141429_ENST00000269195.6_UTR_pair	226	7	2064
ENSG00000141425_ENST00000399022.9_UTR_pair	155	7	3327
ENSG00000141424_ENST00000269187.10_UTR_pair	236	7	1062
ENSG00000075643_ENST00000261326.6_UTR_pair	43	7	3472
ENSG00000134775_ENST00000590592.6_UTR_pair	123	7	690
ENSG00000134779_ENST00000334295.9_UTR_pair	235	7	2697
ENSG00000078142_ENST00000262039.9_UTR_pair	58	7	6693
ENSG00000152217_ENST00000649279.2_UTR_pair	306	7	4812
ENSG00000152229_ENST00000409746.5_UTR_pair	72	7	1923
ENSG00000152234_ENST00000398752.11_UTR_pair	65	7	4034
ENSG00000078043_ENST00000585916.6_UTR_pair	162	7	9215
ENSG00000167220_ENST00000300605.11_UTR_pair	133	7	1272
ENSG00000134030_ENST00000256413.8_UTR_pair	310	7	3658
ENSG00000101665_ENST00000262158.8_UTR_pair	541	7	1519
ENSG00000141627_ENST00000675505.1_UTR_pair	301	7	7668
ENSG00000101670_ENST00000261292.9_UTR_pair	252	7	8663
ENSG00000167315_ENST00000285093.15_UTR_pair	49	7	1683
ENSG00000167306_ENST00000285039.12_UTR_pair	354	7	3682
ENSG00000141644_ENST00000269468.10_UTR_pair	186	7	1005
ENSG00000154832_ENST00000285106.11_UTR_pair	103	7	246
ENSG00000082212_ENST00000321341.11_UTR_pair	203	7	7073
ENSG00000141642_ENST00000269466.8_UTR_pair	83	7	1036
ENSG00000141646_ENST00000342988.8_UTR_pair	538	7	6575
ENSG00000134046_ENST00000256429.8_UTR_pair	110	7	3718
ENSG00000101751_ENST00000579534.6_UTR_pair	30	7	3767
ENSG00000041353_ENST00000262094.10_UTR_pair	243	7	6103
ENSG00000196628_ENST00000354452.8_UTR_pair	175	7	5850
ENSG00000091164_ENST00000217515.11_UTR_pair	152	7	5818
ENSG00000066926_ENST00000262093.11_UTR_pair	82	7	6335
ENSG00000134440_ENST00000256854.10_UTR_pair	119	7	996
ENSG00000049759_ENST00000400345.8_UTR_pair	435	7	5270
ENSG00000172175_ENST00000649217.2_UTR_pair	179	7	6635
ENSG00000074657_ENST00000591808.6_UTR_pair	636	7	2014
ENSG00000166562_ENST00000587834.6_UTR_pair	65	7	147
ENSG00000074695_ENST00000251047.6_UTR_pair	21	7	3270
ENSG00000141682_ENST00000316660.7_UTR_pair	182	7	1552
ENSG00000176641_ENST00000312828.4_UTR_pair	348	7	7785
ENSG00000197563_ENST00000640252.2_UTR_pair	448	7	4692
ENSG00000134444_ENST00000644646.2_UTR_pair	251	7	4715
ENSG00000141664_ENST00000269499.10_UTR_pair	400	7	2000
ENSG00000081913_ENST00000262719.10_UTR_pair	143	7	1002
ENSG00000171791_ENST00000333681.5_UTR_pair	882	7	5279
ENSG00000119537_ENST00000645214.2_UTR_pair	88	7	4056
ENSG00000119541_ENST00000238497.10_UTR_pair	217	7	1785
ENSG00000166401_ENST00000397985.7_UTR_pair	100	7	2096
ENSG00000171451_ENST00000310045.9_UTR_pair	1244	7	4383
ENSG00000166479_ENST00000299608.7_UTR_pair	127	7	3245
ENSG00000176225_ENST00000640769.2_UTR_pair	29	7	1120
ENSG00000170677_ENST00000397942.4_UTR_pair	172	7	3923
ENSG00000075336_ENST00000169551.11_UTR_pair	286	7	2051
ENSG00000166347_ENST00000340533.9_UTR_pair	88	7	2738
ENSG00000180011_ENST00000322342.4_UTR_pair	81	7	6303
ENSG00000179981_ENST00000580243.3_UTR_pair	1080	7	1303
ENSG00000101493_ENST00000443185.7_UTR_pair	370	7	4816
ENSG00000060069_ENST00000613122.5_UTR_pair	145	7	713
ENSG00000226742_ENST00000451882.3_UTR_pair	93	7	371
ENSG00000141759_ENST00000269601.10_UTR_pair	171	7	2872
ENSG00000101544_ENST00000262198.9_UTR_pair	224	7	1537
ENSG00000178184_ENST00000353265.8_UTR_pair	166	7	2539
ENSG00000141934_ENST00000434325.7_UTR_pair	67	7	345
ENSG00000070423_ENST00000292363.10_UTR_pair	93	7	602
ENSG00000099864_ENST00000338448.10_UTR_pair	212	7	1515
ENSG00000011304_ENST00000356948.11_UTR_pair	46	7	1486
ENSG00000198858_ENST00000361574.10_UTR_pair	62	7	934
ENSG00000116017_ENST00000263620.8_UTR_pair	292	7	3874
ENSG00000182087_ENST00000356663.8_UTR_pair	127	7	697
ENSG00000064666_ENST00000263097.9_UTR_pair	54	7	1165
ENSG00000064687_ENST00000263094.11_UTR_pair	227	7	147
ENSG00000180448_ENST00000313093.7_UTR_pair	239	7	622
ENSG00000167468_ENST00000354171.13_UTR_pair	50	7	207
ENSG00000064932_ENST00000361757.8_UTR_pair	223	7	582
ENSG00000118046_ENST00000326873.12_UTR_pair	1136	7	855
ENSG00000099625_ENST00000650044.2_UTR_pair	271	7	892
ENSG00000167470_ENST00000682408.1_UTR_pair	485	7	1871
ENSG00000099622_ENST00000587896.6_UTR_pair	85	7	2367
ENSG00000071626_ENST00000233078.9_UTR_pair	188	7	772
ENSG00000115255_ENST00000233596.8_UTR_pair	89	7	716
ENSG00000071655_ENST00000434436.8_UTR_pair	234	7	4568
ENSG00000071564_ENST00000262965.12_UTR_pair	355	7	2415
ENSG00000079313_ENST00000170168.9_UTR_pair	125	7	818
ENSG00000129911_ENST00000250916.6_UTR_pair	82	7	2060
ENSG00000129968_ENST00000292577.12_UTR_pair	383	7	390
ENSG00000227500_ENST00000316097.13_UTR_pair	82	7	1729
ENSG00000133275_ENST00000255641.13_UTR_pair	512	7	1135
ENSG00000099875_ENST00000250896.9_UTR_pair	245	7	2142
ENSG00000172081_ENST00000357066.8_UTR_pair	374	7	2359
ENSG00000065000_ENST00000643116.3_UTR_pair	232	7	1185
ENSG00000104885_ENST00000398665.8_UTR_pair	252	7	2786
ENSG00000104886_ENST00000326631.7_UTR_pair	81	7	687
ENSG00000005206_ENST00000613503.5_UTR_pair	26	7	1886
ENSG00000099800_ENST00000215570.8_UTR_pair	53	7	1323
ENSG00000176619_ENST00000325327.4_UTR_pair	26	7	2745
ENSG00000099860_ENST00000215631.9_UTR_pair	232	7	656
ENSG00000176533_ENST00000382159.8_UTR_pair	183	7	3803
ENSG00000141873_ENST00000269740.9_UTR_pair	195	7	227
ENSG00000104969_ENST00000221566.7_UTR_pair	64	7	1225
ENSG00000172009_ENST00000307741.11_UTR_pair	160	7	2531
ENSG00000172006_ENST00000317243.10_UTR_pair	204	7	1883
ENSG00000088256_ENST00000078429.9_UTR_pair	290	7	2820
ENSG00000125912_ENST00000246117.9_UTR_pair	101	7	1887
ENSG00000141905_ENST00000443272.3_UTR_pair	54	7	6448
ENSG00000105325_ENST00000441788.7_UTR_pair	198	7	3498
ENSG00000161091_ENST00000355415.7_UTR_pair	183	7	511
ENSG00000064961_ENST00000333651.11_UTR_pair	69	7	562
ENSG00000011132_ENST00000316757.4_UTR_pair	194	7	254
ENSG00000167657_ENST00000545797.7_UTR_pair	273	7	648
ENSG00000167658_ENST00000309311.7_UTR_pair	83	7	498
ENSG00000105229_ENST00000262971.3_UTR_pair	25	7	1511
ENSG00000178951_ENST00000322357.9_UTR_pair	233	7	4449
ENSG00000126934_ENST00000262948.10_UTR_pair	247	7	277
ENSG00000077463_ENST00000337491.7_UTR_pair	24	7	508
ENSG00000105248_ENST00000262962.12_UTR_pair	67	7	392
ENSG00000105255_ENST00000221856.11_UTR_pair	149	7	193
ENSG00000008382_ENST00000599840.6_UTR_pair	32	7	76
ENSG00000141985_ENST00000269886.7_UTR_pair	179	7	1230
ENSG00000167671_ENST00000301281.11_UTR_pair	97	7	492
ENSG00000167674_ENST00000616600.5_UTR_pair	54	7	197
ENSG00000167680_ENST00000586582.6_UTR_pair	187	7	1008
ENSG00000185361_ENST00000327473.9_UTR_pair	117	7	3138
ENSG00000142002_ENST00000262960.14_UTR_pair	257	7	1337
ENSG00000141965_ENST00000269856.5_UTR_pair	121	7	7409
ENSG00000105355_ENST00000221957.9_UTR_pair	76	7	851
ENSG00000276043_ENST00000650932.1_UTR_pair	165	7	1351
ENSG00000127663_ENST00000159111.9_UTR_pair	226	7	2087
ENSG00000105426_ENST00000262963.11_UTR_pair	243	7	1266
ENSG00000130254_ENST00000252542.9_UTR_pair	61	7	244
ENSG00000160633_ENST00000588852.2_UTR_pair	123	7	187
ENSG00000141994_ENST00000309061.12_UTR_pair	22	7	63
ENSG00000031823_ENST00000340578.10_UTR_pair	58	7	1471
ENSG00000087903_ENST00000303657.10_UTR_pair	116	7	1671
ENSG00000130382_ENST00000252674.9_UTR_pair	191	7	2661
ENSG00000125656_ENST00000245816.11_UTR_pair	44	7	1532
ENSG00000088247_ENST00000600480.2_UTR_pair	110	7	1922
ENSG00000125648_ENST00000301454.9_UTR_pair	164	7	1911
ENSG00000125730_ENST00000245907.11_UTR_pair	61	7	178
ENSG00000125734_ENST00000264080.12_UTR_pair	4	7	398
ENSG00000125733_ENST00000313244.14_UTR_pair	82	7	319
ENSG00000125731_ENST00000245908.11_UTR_pair	117	7	433
ENSG00000141968_ENST00000602142.6_UTR_pair	100	7	254
ENSG00000171105_ENST00000302850.10_UTR_pair	523	7	4791
ENSG00000104880_ENST00000668164.2_UTR_pair	415	7	2180
ENSG00000090674_ENST00000264079.11_UTR_pair	127	7	214
ENSG00000032444_ENST00000600737.6_UTR_pair	72	7	202
ENSG00000076826_ENST00000160298.9_UTR_pair	140	7	247
ENSG00000076944_ENST00000221283.10_UTR_pair	40	7	63
ENSG00000104976_ENST00000221573.11_UTR_pair	29	7	486
ENSG00000178531_ENST00000318978.6_UTR_pair	189	7	799
ENSG00000066044_ENST00000407627.7_UTR_pair	163	7	4910
ENSG00000090661_ENST00000251363.10_UTR_pair	283	7	312
ENSG00000167772_ENST00000301455.7_UTR_pair	167	7	484
ENSG00000185236_ENST00000328024.11_UTR_pair	57	7	876
ENSG00000099783_ENST00000325495.9_UTR_pair	24	7	260
ENSG00000130803_ENST00000247956.11_UTR_pair	288	7	1980
ENSG00000127452_ENST00000247977.9_UTR_pair	266	7	626
ENSG00000198258_ENST00000586895.6_UTR_pair	78	7	107
ENSG00000127445_ENST00000247970.9_UTR_pair	27	7	490
ENSG00000130816_ENST00000359526.9_UTR_pair	54	7	321
ENSG00000267534_ENST00000646641.1_UTR_pair	170	7	2411
ENSG00000105397_ENST00000525621.6_UTR_pair	378	7	301
ENSG00000105401_ENST00000222005.7_UTR_pair	63	7	418
ENSG00000079999_ENST00000171111.10_UTR_pair	163	7	527
ENSG00000130734_ENST00000309469.9_UTR_pair	187	7	351
ENSG00000129355_ENST00000393599.3_UTR_pair	326	7	598
ENSG00000129353_ENST00000335757.10_UTR_pair	81	7	1172
ENSG00000079805_ENST00000389253.9_UTR_pair	164	7	856
ENSG00000099203_ENST00000214869.7_UTR_pair	21	7	928
ENSG00000142453_ENST00000327064.9_UTR_pair	150	7	1318
ENSG00000130733_ENST00000586748.6_UTR_pair	159	7	1001
ENSG00000127616_ENST00000344626.10_UTR_pair	176	7	457
ENSG00000130164_ENST00000558518.6_UTR_pair	86	7	2504
ENSG00000197256_ENST00000586659.6_UTR_pair	339	7	2288
ENSG00000130158_ENST00000294618.12_UTR_pair	84	7	202
ENSG00000105518_ENST00000354882.10_UTR_pair	649	7	37
ENSG00000105520_ENST00000688289.1_UTR_pair	330	7	1008
ENSG00000130165_ENST00000252445.8_UTR_pair	58	7	700
ENSG00000102575_ENST00000648477.1_UTR_pair	53	7	350
ENSG00000123154_ENST00000418543.8_UTR_pair	342	7	160
ENSG00000132004_ENST00000393261.8_UTR_pair	50	7	300
ENSG00000105576_ENST00000425528.6_UTR_pair	294	7	2063
ENSG00000095066_ENST00000397668.8_UTR_pair	103	7	279
ENSG00000171223_ENST00000302754.6_UTR_pair	286	7	500
ENSG00000167815_ENST00000301522.3_UTR_pair	70	7	258
ENSG00000105612_ENST00000222219.8_UTR_pair	74	7	781
ENSG00000105607_ENST00000222214.10_UTR_pair	77	7	458
ENSG00000179218_ENST00000316448.10_UTR_pair	71	7	576
ENSG00000179262_ENST00000586534.6_UTR_pair	87	7	593
ENSG00000160877_ENST00000292431.5_UTR_pair	199	7	2741
ENSG00000104915_ENST00000587230.6_UTR_pair	202	7	352
ENSG00000160888_ENST00000292433.4_UTR_pair	385	7	1053
ENSG00000104957_ENST00000221554.13_UTR_pair	261	7	221
ENSG00000037757_ENST00000040663.8_UTR_pair	67	7	2001
ENSG00000132003_ENST00000590508.6_UTR_pair	206	7	1204
ENSG00000132024_ENST00000318003.11_UTR_pair	241	7	484
ENSG00000132005_ENST00000254325.9_UTR_pair	270	7	1165
ENSG00000072062_ENST00000308677.9_UTR_pair	215	7	1424
ENSG00000105011_ENST00000263382.8_UTR_pair	133	7	947
ENSG00000072071_ENST00000361434.8_UTR_pair	280	7	3130
ENSG00000123146_ENST00000242786.6_UTR_pair	80	7	602
ENSG00000123136_ENST00000242776.9_UTR_pair	76	7	138
ENSG00000123143_ENST00000242783.11_UTR_pair	216	7	75
ENSG00000123159_ENST00000393033.9_UTR_pair	265	7	654
ENSG00000132002_ENST00000254322.3_UTR_pair	48	7	1171
ENSG00000099795_ENST00000215565.3_UTR_pair	66	7	55
ENSG00000160961_ENST00000292530.11_UTR_pair	144	7	2574
ENSG00000105137_ENST00000342784.7_UTR_pair	33	7	1011
ENSG00000074181_ENST00000263388.7_UTR_pair	90	7	1624
ENSG00000141867_ENST00000679869.1_UTR_pair	284	7	2858
ENSG00000105127_ENST00000269701.7_UTR_pair	56	7	1530
ENSG00000011243_ENST00000397410.10_UTR_pair	65	7	72
ENSG00000167460_ENST00000643579.2_UTR_pair	71	7	1656
ENSG00000127528_ENST00000248071.6_UTR_pair	98	7	1654
ENSG00000127527_ENST00000455140.7_UTR_pair	25	7	458
ENSG00000085872_ENST00000546361.7_UTR_pair	59	7	1265
ENSG00000127526_ENST00000595753.6_UTR_pair	51	7	3842
ENSG00000105085_ENST00000263390.8_UTR_pair	261	7	1108
ENSG00000214046_ENST00000487416.7_UTR_pair	34	7	1098
ENSG00000072954_ENST00000187762.7_UTR_pair	79	7	1652
ENSG00000127511_ENST00000248054.10_UTR_pair	23	7	1622
ENSG00000099331_ENST00000682292.1_UTR_pair	156	7	976
ENSG00000099330_ENST00000215061.9_UTR_pair	22	7	294
ENSG00000160113_ENST00000291442.4_UTR_pair	699	7	469
ENSG00000127220_ENST00000247706.4_UTR_pair	192	7	530
ENSG00000130311_ENST00000359866.9_UTR_pair	92	7	3642
ENSG00000074855_ENST00000159087.7_UTR_pair	185	7	294
ENSG00000130299_ENST00000324894.13_UTR_pair	59	7	1028
ENSG00000141971_ENST00000317040.12_UTR_pair	89	7	339
ENSG00000130313_ENST00000252603.7_UTR_pair	24	7	207
ENSG00000130309_ENST00000252599.9_UTR_pair	65	7	1713
ENSG00000130479_ENST00000324096.9_UTR_pair	23	7	85
ENSG00000130475_ENST00000596536.6_UTR_pair	283	7	255
ENSG00000007080_ENST00000445755.7_UTR_pair	45	7	270
ENSG00000105643_ENST00000222250.5_UTR_pair	141	7	1136
ENSG00000254858_ENST00000599612.3_UTR_pair	64	7	893
ENSG00000105649_ENST00000222256.9_UTR_pair	147	7	686
ENSG00000130522_ENST00000252818.5_UTR_pair	138	7	747
ENSG00000130520_ENST00000593829.6_UTR_pair	56	7	1228
ENSG00000130511_ENST00000270061.12_UTR_pair	251	7	316
ENSG00000105655_ENST00000338128.13_UTR_pair	50	7	525
ENSG00000105701_ENST00000608443.6_UTR_pair	113	7	406
ENSG00000105700_ENST00000222307.9_UTR_pair	66	7	747
ENSG00000221983_ENST00000442744.7_UTR_pair	61	7	2400
ENSG00000006016_ENST00000392386.8_UTR_pair	143	7	329
ENSG00000105662_ENST00000321949.13_UTR_pair	23	7	4951
ENSG00000005007_ENST00000262803.10_UTR_pair	251	7	1713
ENSG00000105671_ENST00000247003.9_UTR_pair	27	7	314
ENSG00000051128_ENST00000392351.8_UTR_pair	234	7	240
ENSG00000064607_ENST00000452918.7_UTR_pair	92	7	2848
ENSG00000181035_ENST00000318596.8_UTR_pair	156	7	2154
ENSG00000064545_ENST00000162044.14_UTR_pair	50	7	761
ENSG00000254901_ENST00000462790.8_UTR_pair	35	7	597
ENSG00000064490_ENST00000303088.9_UTR_pair	446	7	147
ENSG00000184162_ENST00000331552.12_UTR_pair	354	7	516
ENSG00000129933_ENST00000262815.13_UTR_pair	31	7	2972
ENSG00000167491_ENST00000683918.1_UTR_pair	351	7	3458
ENSG00000064547_ENST00000407877.8_UTR_pair	138	7	601
ENSG00000089639_ENST00000203556.9_UTR_pair	128	7	487
ENSG00000169021_ENST00000304863.6_UTR_pair	33	7	2228
ENSG00000105171_ENST00000585603.6_UTR_pair	36	7	1857
ENSG00000166289_ENST00000436066.4_UTR_pair	61	7	798
ENSG00000105173_ENST00000262643.8_UTR_pair	186	7	535
ENSG00000105176_ENST00000392271.6_UTR_pair	309	7	1543
ENSG00000121297_ENST00000240587.5_UTR_pair	217	7	1602
ENSG00000168813_ENST00000355898.6_UTR_pair	270	7	4584
ENSG00000178904_ENST00000392250.7_UTR_pair	177	7	3650
ENSG00000105185_ENST00000590247.7_UTR_pair	72	7	153
ENSG00000105186_ENST00000306065.9_UTR_pair	140	7	1139
ENSG00000121289_ENST00000305768.10_UTR_pair	84	7	3237
ENSG00000131944_ENST00000588258.6_UTR_pair	118	7	1547
ENSG00000131941_ENST00000254260.8_UTR_pair	36	7	1404
ENSG00000130881_ENST00000253193.9_UTR_pair	456	7	1289
ENSG00000245848_ENST00000498907.3_UTR_pair	120	7	1404
ENSG00000153879_ENST00000284000.9_UTR_pair	283	7	2994
ENSG00000124299_ENST00000244137.12_UTR_pair	31	7	394
ENSG00000153885_ENST00000683859.1_UTR_pair	244	7	2813
ENSG00000257103_ENST00000544216.8_UTR_pair	139	7	1900
ENSG00000105220_ENST00000356487.11_UTR_pair	71	7	2377
ENSG00000126261_ENST00000246548.9_UTR_pair	52	7	2030
ENSG00000180884_ENST00000404801.2_UTR_pair	567	7	1602
ENSG00000089351_ENST00000317991.10_UTR_pair	156	7	328
ENSG00000105698_ENST00000222305.8_UTR_pair	140	7	565
ENSG00000105677_ENST00000222284.10_UTR_pair	114	7	79
ENSG00000249115_ENST00000203166.10_UTR_pair	60	7	2362
ENSG00000126254_ENST00000262633.9_UTR_pair	118	7	131
ENSG00000126267_ENST00000649813.2_UTR_pair	92	7	135
ENSG00000205155_ENST00000587708.7_UTR_pair	146	7	672
ENSG00000105290_ENST00000221891.9_UTR_pair	63	7	351
ENSG00000105270_ENST00000360535.9_UTR_pair	208	7	1498
ENSG00000161277_ENST00000292894.2_UTR_pair	68	7	456
ENSG00000075702_ENST00000401500.7_UTR_pair	75	7	80
ENSG00000105254_ENST00000221855.8_UTR_pair	93	7	159
ENSG00000126247_ENST00000246533.8_UTR_pair	107	7	514
ENSG00000167635_ENST00000443387.3_UTR_pair	1019	7	1449
ENSG00000142065_ENST00000270001.12_UTR_pair	118	7	5771
ENSG00000254004_ENST00000523638.6_UTR_pair	733	7	3313
ENSG00000186020_ENST00000591340.6_UTR_pair	199	7	3253
ENSG00000161298_ENST00000292928.7_UTR_pair	119	7	6564
ENSG00000189042_ENST00000682579.1_UTR_pair	190	7	668
ENSG00000267041_ENST00000591344.2_UTR_pair	152	7	4287
ENSG00000185869_ENST00000391711.8_UTR_pair	365	7	3368
ENSG00000198453_ENST00000333987.12_UTR_pair	515	7	1646
ENSG00000196437_ENST00000316950.11_UTR_pair	565	7	1440
ENSG00000105738_ENST00000222345.11_UTR_pair	529	7	2129
ENSG00000011332_ENST00000355526.10_UTR_pair	80	7	1057
ENSG00000167641_ENST00000301242.9_UTR_pair	35	7	81
ENSG00000167642_ENST00000301244.12_UTR_pair	320	7	609
ENSG00000167645_ENST00000339413.11_UTR_pair	30	7	1794
ENSG00000099337_ENST00000263372.5_UTR_pair	106	7	4673
ENSG00000099341_ENST00000215071.9_UTR_pair	31	7	434
ENSG00000130402_ENST00000252699.7_UTR_pair	97	7	2157
ENSG00000104823_ENST00000221418.9_UTR_pair	22	7	191
ENSG00000104824_ENST00000221419.10_UTR_pair	20	7	352
ENSG00000068903_ENST00000249396.12_UTR_pair	97	7	595
ENSG00000104825_ENST00000313582.6_UTR_pair	64	7	57
ENSG00000104835_ENST00000221431.11_UTR_pair	27	7	340
ENSG00000130669_ENST00000360442.8_UTR_pair	229	7	825
ENSG00000179134_ENST00000610417.5_UTR_pair	422	7	2173
ENSG00000006712_ENST00000221265.8_UTR_pair	242	7	362
ENSG00000063322_ENST00000315588.11_UTR_pair	45	7	2942
ENSG00000128016_ENST00000597629.3_UTR_pair	58	7	708
ENSG00000090924_ENST00000425673.6_UTR_pair	766	7	3121
ENSG00000196235_ENST00000432763.7_UTR_pair	143	7	271
ENSG00000090932_ENST00000356433.10_UTR_pair	28	7	212
ENSG00000105204_ENST00000323039.10_UTR_pair	241	7	365
ENSG00000013275_ENST00000157812.7_UTR_pair	38	7	459
ENSG00000105221_ENST00000392038.7_UTR_pair	249	7	3555
ENSG00000105223_ENST00000409735.9_UTR_pair	352	7	312
ENSG00000197019_ENST00000357949.5_UTR_pair	126	7	1247
ENSG00000167565_ENST00000322354.4_UTR_pair	127	7	646
ENSG00000160410_ENST00000291842.10_UTR_pair	27	7	190
ENSG00000105245_ENST00000252891.8_UTR_pair	168	7	1563
ENSG00000123815_ENST00000324464.8_UTR_pair	303	7	505
ENSG00000086544_ENST00000263370.3_UTR_pair	24	7	1300
ENSG00000077312_ENST00000243563.8_UTR_pair	206	7	222
ENSG00000167600_ENST00000310054.9_UTR_pair	46	7	1051
ENSG00000167601_ENST00000301178.9_UTR_pair	170	7	1862
ENSG00000105323_ENST00000392006.8_UTR_pair	132	7	1222
ENSG00000142039_ENST00000269967.4_UTR_pair	139	7	2158
ENSG00000105329_ENST00000221930.6_UTR_pair	878	7	729
ENSG00000105372_ENST00000598742.6_UTR_pair	35	7	1548
ENSG00000076928_ENST00000354532.8_UTR_pair	125	7	365
ENSG00000105404_ENST00000222008.11_UTR_pair	29	7	163
ENSG00000105732_ENST00000359044.5_UTR_pair	141	7	255
ENSG00000160570_ENST00000596251.6_UTR_pair	84	7	840
ENSG00000167625_ENST00000301215.8_UTR_pair	184	7	1785
ENSG00000105723_ENST00000222330.8_UTR_pair	137	7	604
ENSG00000105722_ENST00000222329.9_UTR_pair	129	7	896
ENSG00000079432_ENST00000681038.1_UTR_pair	140	7	605
ENSG00000079462_ENST00000262890.8_UTR_pair	315	7	43
ENSG00000105429_ENST00000251268.11_UTR_pair	609	7	1990
ENSG00000079435_ENST00000244289.9_UTR_pair	239	7	298
ENSG00000176531_ENST00000292140.10_UTR_pair	172	7	307
ENSG00000105755_ENST00000292147.7_UTR_pair	24	7	131
ENSG00000124444_ENST00000336564.5_UTR_pair	164	7	1899
ENSG00000131115_ENST00000313040.12_UTR_pair	211	7	438
ENSG00000159917_ENST00000291182.9_UTR_pair	103	7	870
ENSG00000062370_ENST00000354340.9_UTR_pair	58	7	878
ENSG00000167384_ENST00000592529.6_UTR_pair	291	7	1959
ENSG00000073008_ENST00000425690.8_UTR_pair	187	7	4351
ENSG00000069399_ENST00000164227.10_UTR_pair	83	7	429
ENSG00000187244_ENST00000270233.12_UTR_pair	22	7	500
ENSG00000130202_ENST00000252483.10_UTR_pair	229	7	844
ENSG00000130204_ENST00000426677.7_UTR_pair	162	7	520
ENSG00000130203_ENST00000252486.9_UTR_pair	69	7	143
ENSG00000104856_ENST00000221452.13_UTR_pair	116	7	402
ENSG00000104859_ENST00000221455.8_UTR_pair	93	7	111
ENSG00000104866_ENST00000221462.9_UTR_pair	147	7	723
ENSG00000007047_ENST00000262891.9_UTR_pair	318	7	2574
ENSG00000104884_ENST00000391945.10_UTR_pair	33	7	1792
ENSG00000104881_ENST00000360957.10_UTR_pair	92	7	552
ENSG00000125744_ENST00000245923.9_UTR_pair	222	7	414
ENSG00000125753_ENST00000245932.11_UTR_pair	293	7	806
ENSG00000125746_ENST00000245925.8_UTR_pair	21	7	263
ENSG00000011478_ENST00000012049.10_UTR_pair	38	7	938
ENSG00000177051_ENST00000317683.4_UTR_pair	126	7	1055
ENSG00000177045_ENST00000317578.7_UTR_pair	408	7	716
ENSG00000104936_ENST00000291270.9_UTR_pair	138	7	771
ENSG00000185800_ENST00000270223.7_UTR_pair	89	7	1296
ENSG00000125755_ENST00000245934.12_UTR_pair	102	7	150
ENSG00000170604_ENST00000302165.5_UTR_pair	367	7	412
ENSG00000104967_ENST00000263257.6_UTR_pair	514	7	6129
ENSG00000169515_ENST00000307522.5_UTR_pair	754	7	865
ENSG00000105287_ENST00000291281.9_UTR_pair	744	7	207
ENSG00000090372_ENST00000263280.11_UTR_pair	20	7	894
ENSG00000181027_ENST00000318584.10_UTR_pair	286	7	1637
ENSG00000105281_ENST00000542575.6_UTR_pair	629	7	627
ENSG00000042753_ENST00000263270.11_UTR_pair	80	7	280
ENSG00000160007_ENST00000672722.1_UTR_pair	401	7	4389
ENSG00000130749_ENST00000253048.10_UTR_pair	62	7	2169
ENSG00000142230_ENST00000270225.12_UTR_pair	96	7	1385
ENSG00000105327_ENST00000439096.3_UTR_pair	286	7	978
ENSG00000134815_ENST00000328771.9_UTR_pair	315	7	591
ENSG00000105419_ENST00000558555.6_UTR_pair	446	7	447
ENSG00000105402_ENST00000263354.8_UTR_pair	123	7	651
ENSG00000024422_ENST00000263277.8_UTR_pair	172	7	1702
ENSG00000105486_ENST00000263274.12_UTR_pair	161	7	204
ENSG00000142227_ENST00000270221.11_UTR_pair	74	7	83
ENSG00000105438_ENST00000330720.7_UTR_pair	193	7	718
ENSG00000105447_ENST00000253237.10_UTR_pair	23	7	3997
ENSG00000105443_ENST00000452733.7_UTR_pair	139	7	3104
ENSG00000063176_ENST00000245222.9_UTR_pair	151	7	632
ENSG00000105516_ENST00000222122.10_UTR_pair	385	7	807
ENSG00000105552_ENST00000316273.11_UTR_pair	22	7	362
ENSG00000087076_ENST00000263278.9_UTR_pair	80	7	157
ENSG00000104805_ENST00000405315.9_UTR_pair	72	7	948
ENSG00000087088_ENST00000345358.12_UTR_pair	54	7	162
ENSG00000087086_ENST00000331825.11_UTR_pair	199	7	144
ENSG00000104812_ENST00000323798.8_UTR_pair	197	7	1158
ENSG00000183207_ENST00000595090.6_UTR_pair	25	7	128
ENSG00000104852_ENST00000598441.6_UTR_pair	196	7	161
ENSG00000104863_ENST00000221459.7_UTR_pair	35	7	87
ENSG00000177380_ENST00000334186.9_UTR_pair	194	7	804
ENSG00000130529_ENST00000252826.10_UTR_pair	75	7	338
ENSG00000074219_ENST00000593945.6_UTR_pair	90	7	729
ENSG00000104872_ENST00000262265.10_UTR_pair	240	7	84
ENSG00000161618_ENST00000293350.9_UTR_pair	107	7	583
ENSG00000142552_ENST00000270645.8_UTR_pair	62	7	420
ENSG00000126458_ENST00000246792.4_UTR_pair	45	7	284
ENSG00000126461_ENST00000360565.8_UTR_pair	40	7	243
ENSG00000126456_ENST00000377139.8_UTR_pair	235	7	76
ENSG00000126453_ENST00000246784.8_UTR_pair	143	7	168
ENSG00000169169_ENST00000598293.6_UTR_pair	308	7	126
ENSG00000196961_ENST00000354293.10_UTR_pair	133	7	356
ENSG00000010361_ENST00000313777.9_UTR_pair	186	7	285
ENSG00000104973_ENST00000312865.10_UTR_pair	53	7	35
ENSG00000104960_ENST00000391842.6_UTR_pair	170	7	463
ENSG00000204673_ENST00000344175.10_UTR_pair	126	7	878
ENSG00000104946_ENST00000221543.10_UTR_pair	22	7	126
ENSG00000169136_ENST00000423777.7_UTR_pair	315	7	843
ENSG00000105053_ENST00000316763.8_UTR_pair	170	7	328
ENSG00000131408_ENST00000253727.10_UTR_pair	247	7	786
ENSG00000161671_ENST00000334976.11_UTR_pair	38	7	8612
ENSG00000161677_ENST00000598418.6_UTR_pair	92	7	175
ENSG00000105497_ENST00000262259.7_UTR_pair	373	7	4043
ENSG00000176024_ENST00000293471.11_UTR_pair	427	7	884
ENSG00000256683_ENST00000243644.9_UTR_pair	242	7	514
ENSG00000142556_ENST00000270649.11_UTR_pair	354	7	2516
ENSG00000256087_ENST00000221315.10_UTR_pair	336	7	2342
ENSG00000105568_ENST00000322088.11_UTR_pair	45	7	3537
ENSG00000130844_ENST00000449416.6_UTR_pair	356	7	2317
ENSG00000179820_ENST00000391770.9_UTR_pair	148	7	1937
ENSG00000170906_ENST00000485876.6_UTR_pair	24	7	666
ENSG00000105618_ENST00000321030.9_UTR_pair	52	7	281
ENSG00000088038_ENST00000221232.11_UTR_pair	282	7	274
ENSG00000105617_ENST00000222224.4_UTR_pair	26	7	560
ENSG00000125505_ENST00000245615.6_UTR_pair	246	7	629
ENSG00000170892_ENST00000396388.3_UTR_pair	57	7	1170
ENSG00000170889_ENST00000302907.9_UTR_pair	56	7	72
ENSG00000167615_ENST00000326764.10_UTR_pair	167	7	1088
ENSG00000275183_ENST00000611161.2_UTR_pair	252	7	358
ENSG00000160439_ENST00000415061.8_UTR_pair	116	7	758
ENSG00000125503_ENST00000263433.8_UTR_pair	94	7	554
ENSG00000105063_ENST00000412770.7_UTR_pair	589	7	749
ENSG00000133247_ENST00000255613.8_UTR_pair	225	7	672
ENSG00000108107_ENST00000344063.7_UTR_pair	42	7	3753
ENSG00000108106_ENST00000264552.14_UTR_pair	199	7	1691
ENSG00000063241_ENST00000425675.7_UTR_pair	134	7	323
ENSG00000197483_ENST00000598519.2_UTR_pair	268	7	114
ENSG00000218891_ENST00000325421.7_UTR_pair	56	7	1177
ENSG00000179943_ENST00000221665.5_UTR_pair	80	7	1074
ENSG00000261221_ENST00000568956.2_UTR_pair	112	7	471
ENSG00000213015_ENST00000325333.10_UTR_pair	194	7	443
ENSG00000063244_ENST00000308924.9_UTR_pair	70	7	648
ENSG00000142409_ENST00000610935.2_UTR_pair	134	7	657
ENSG00000167685_ENST00000337080.8_UTR_pair	267	7	692
ENSG00000083844_ENST00000263095.10_UTR_pair	414	7	9865
ENSG00000204524_ENST00000414468.3_UTR_pair	260	7	8025
ENSG00000188785_ENST00000336128.12_UTR_pair	246	7	3103
ENSG00000197128_ENST00000356584.8_UTR_pair	257	7	3688
ENSG00000105136_ENST00000221735.12_UTR_pair	201	7	2008
ENSG00000152439_ENST00000282292.9_UTR_pair	143	7	805
ENSG00000251369_ENST00000699333.1_UTR_pair	181	7	5137
ENSG00000083817_ENST00000196489.4_UTR_pair	207	7	553
ENSG00000213762_ENST00000396161.10_UTR_pair	319	7	3321
ENSG00000121417_ENST00000240731.5_UTR_pair	179	7	1860
ENSG00000166704_ENST00000551380.7_UTR_pair	476	7	1225
ENSG00000181894_ENST00000598312.6_UTR_pair	245	7	1630
ENSG00000171606_ENST00000617501.5_UTR_pair	427	7	419
ENSG00000171574_ENST00000306910.9_UTR_pair	499	7	543
ENSG00000083812_ENST00000196482.4_UTR_pair	110	7	3282
ENSG00000083807_ENST00000263093.7_UTR_pair	37	7	182
ENSG00000130724_ENST00000312547.7_UTR_pair	142	7	83
ENSG00000130725_ENST00000253023.8_UTR_pair	230	7	377
ENSG00000177732_ENST00000342665.5_UTR_pair	373	7	3352
ENSG00000101255_ENST00000217233.9_UTR_pair	410	7	869
ENSG00000125826_ENST00000356286.10_UTR_pair	459	7	1709
ENSG00000125875_ENST00000354200.5_UTR_pair	128	7	3106
ENSG00000125898_ENST00000381941.8_UTR_pair	334	7	585
ENSG00000125818_ENST00000335877.11_UTR_pair	172	7	7166
ENSG00000088832_ENST00000400137.9_UTR_pair	56	7	1131
ENSG00000088833_ENST00000216879.9_UTR_pair	25	7	1583
ENSG00000198053_ENST00000358771.5_UTR_pair	41	7	3024
ENSG00000125834_ENST00000381482.8_UTR_pair	55	7	4809
ENSG00000125835_ENST00000381342.7_UTR_pair	99	7	287
ENSG00000101361_ENST00000329276.10_UTR_pair	29	7	99
ENSG00000101365_ENST00000380843.9_UTR_pair	28	7	356
ENSG00000132635_ENST00000360652.7_UTR_pair	466	7	148
ENSG00000132670_ENST00000399903.7_UTR_pair	408	7	536
ENSG00000185019_ENST00000217173.7_UTR_pair	141	7	2533
ENSG00000198171_ENST00000354488.8_UTR_pair	55	7	303
ENSG00000088812_ENST00000262919.10_UTR_pair	90	7	4271
ENSG00000125817_ENST00000379751.5_UTR_pair	257	7	833
ENSG00000101224_ENST00000245960.10_UTR_pair	222	7	1154
ENSG00000088888_ENST00000428216.4_UTR_pair	137	7	9971
ENSG00000101236_ENST00000358395.11_UTR_pair	129	7	6752
ENSG00000088826_ENST00000305958.9_UTR_pair	176	7	320
ENSG00000171867_ENST00000379440.9_UTR_pair	67	7	1606
ENSG00000101265_ENST00000379400.8_UTR_pair	159	7	4250
ENSG00000089057_ENST00000338244.6_UTR_pair	386	7	4614
ENSG00000089063_ENST00000202834.12_UTR_pair	131	7	941
ENSG00000132646_ENST00000379143.10_UTR_pair	160	7	330
ENSG00000101290_ENST00000460006.6_UTR_pair	85	7	7653
ENSG00000125772_ENST00000379019.7_UTR_pair	193	7	3222
ENSG00000089195_ENST00000203001.7_UTR_pair	128	7	1307
ENSG00000088766_ENST00000378863.9_UTR_pair	124	7	2895
ENSG00000125827_ENST00000246024.7_UTR_pair	148	7	4905
ENSG00000182621_ENST00000338037.11_UTR_pair	386	7	3051
ENSG00000132623_ENST00000378392.6_UTR_pair	455	7	2643
ENSG00000125863_ENST00000347364.7_UTR_pair	763	7	4238
ENSG00000149346_ENST00000334534.10_UTR_pair	178	7	4651
ENSG00000101384_ENST00000254958.10_UTR_pair	469	7	1814
ENSG00000132640_ENST00000378226.7_UTR_pair	383	7	2929
ENSG00000089123_ENST00000337743.9_UTR_pair	113	7	966
ENSG00000089048_ENST00000617257.2_UTR_pair	83	7	549
ENSG00000125848_ENST00000341420.5_UTR_pair	455	7	2572
ENSG00000089177_ENST00000354981.7_UTR_pair	173	7	1149
ENSG00000125870_ENST00000246071.8_UTR_pair	174	7	1559
ENSG00000125868_ENST00000246069.12_UTR_pair	134	7	2773
ENSG00000125844_ENST00000377813.6_UTR_pair	313	7	503
ENSG00000089006_ENST00000377759.9_UTR_pair	369	7	757
ENSG00000125871_ENST00000377710.10_UTR_pair	183	7	1013
ENSG00000125846_ENST00000425686.3_UTR_pair	509	7	180
ENSG00000132664_ENST00000377603.5_UTR_pair	117	7	1088
ENSG00000101310_ENST00000650089.1_UTR_pair	47	7	675
ENSG00000132669_ENST00000255006.12_UTR_pair	232	7	1520
ENSG00000173418_ENST00000334982.9_UTR_pair	35	7	468
ENSG00000101343_ENST00000536226.2_UTR_pair	124	7	1827
ENSG00000188559_ENST00000202677.12_UTR_pair	164	7	3759
ENSG00000088930_ENST00000377191.5_UTR_pair	68	7	487
ENSG00000132661_ENST00000254998.3_UTR_pair	332	7	307
ENSG00000125812_ENST00000338121.10_UTR_pair	77	7	2621
ENSG00000125814_ENST00000377026.4_UTR_pair	86	7	2854
ENSG00000101474_ENST00000217456.3_UTR_pair	63	7	888
ENSG00000154930_ENST00000323482.9_UTR_pair	37	7	1525
ENSG00000197586_ENST00000376652.9_UTR_pair	171	7	2478
ENSG00000100994_ENST00000216962.9_UTR_pair	94	7	1490
ENSG00000101003_ENST00000262460.5_UTR_pair	148	7	2572
ENSG00000101004_ENST00000278886.11_UTR_pair	88	7	754
ENSG00000170191_ENST00000304788.4_UTR_pair	66	7	2990
ENSG00000101294_ENST00000398174.9_UTR_pair	110	7	324
ENSG00000125968_ENST00000376112.4_UTR_pair	99	7	416
ENSG00000171552_ENST00000307677.5_UTR_pair	381	7	1491
ENSG00000088356_ENST00000202017.6_UTR_pair	85	7	1470
ENSG00000101337_ENST00000398022.7_UTR_pair	27	7	1812
ENSG00000126003_ENST00000246229.5_UTR_pair	217	7	3948
ENSG00000101346_ENST00000375749.8_UTR_pair	62	7	3997
ENSG00000101350_ENST00000375712.4_UTR_pair	180	7	3692
ENSG00000171456_ENST00000375687.10_UTR_pair	445	7	1981
ENSG00000149600_ENST00000278980.11_UTR_pair	76	7	683
ENSG00000088305_ENST00000328111.6_UTR_pair	321	7	1453
ENSG00000101367_ENST00000375571.6_UTR_pair	78	7	1677
ENSG00000101400_ENST00000217381.3_UTR_pair	143	7	550
ENSG00000078699_ENST00000342704.11_UTR_pair	172	7	5384
ENSG00000101412_ENST00000343380.6_UTR_pair	121	7	1255
ENSG00000101417_ENST00000409299.8_UTR_pair	103	7	4948
ENSG00000131061_ENST00000375200.6_UTR_pair	26	7	752
ENSG00000101421_ENST00000217402.3_UTR_pair	121	7	806
ENSG00000125970_ENST00000246194.8_UTR_pair	313	7	4979
ENSG00000125977_ENST00000374980.3_UTR_pair	133	7	1421
ENSG00000101444_ENST00000217426.7_UTR_pair	85	7	766
ENSG00000078747_ENST00000374864.10_UTR_pair	175	7	3979
ENSG00000078804_ENST00000374810.8_UTR_pair	335	7	3129
ENSG00000198646_ENST00000359003.7_UTR_pair	343	7	548
ENSG00000131067_ENST00000336431.10_UTR_pair	41	7	608
ENSG00000131069_ENST00000360596.7_UTR_pair	34	7	745
ENSG00000100983_ENST00000651619.1_UTR_pair	88	7	396
ENSG00000100991_ENST00000252015.3_UTR_pair	26	7	742
ENSG00000088298_ENST00000374492.8_UTR_pair	78	7	69
ENSG00000242372_ENST00000374450.8_UTR_pair	52	7	279
ENSG00000125991_ENST00000348547.7_UTR_pair	20	7	130
ENSG00000061656_ENST00000374273.8_UTR_pair	175	7	72
ENSG00000244462_ENST00000374114.8_UTR_pair	248	7	3599
ENSG00000244005_ENST00000374092.9_UTR_pair	64	7	1570
ENSG00000131051_ENST00000253363.11_UTR_pair	333	7	3134
ENSG00000025293_ENST00000374012.8_UTR_pair	97	7	2743
ENSG00000171222_ENST00000305978.7_UTR_pair	110	7	121
ENSG00000088367_ENST00000338074.7_UTR_pair	171	7	3459
ENSG00000131043_ENST00000320849.9_UTR_pair	74	7	1188
ENSG00000080845_ENST00000339266.10_UTR_pair	477	7	1602
ENSG00000101335_ENST00000279022.7_UTR_pair	69	7	2198
ENSG00000118707_ENST00000373872.9_UTR_pair	183	7	2519
ENSG00000101084_ENST00000344795.8_UTR_pair	173	7	506
ENSG00000101079_ENST00000349004.6_UTR_pair	94	7	1749
ENSG00000149636_ENST00000373750.9_UTR_pair	117	7	993
ENSG00000101347_ENST00000646673.2_UTR_pair	65	7	2703
ENSG00000080839_ENST00000373664.8_UTR_pair	69	7	2410
ENSG00000118705_ENST00000237530.11_UTR_pair	27	7	304
ENSG00000101363_ENST00000373606.8_UTR_pair	88	7	845
ENSG00000197122_ENST00000373578.7_UTR_pair	362	7	2671
ENSG00000166619_ENST00000373537.7_UTR_pair	260	7	1494
ENSG00000101407_ENST00000373447.8_UTR_pair	94	7	435
ENSG00000101413_ENST00000373433.9_UTR_pair	202	7	2489
ENSG00000198959_ENST00000361475.7_UTR_pair	72	7	2834
ENSG00000170471_ENST00000262879.11_UTR_pair	257	7	3891
ENSG00000101447_ENST00000619850.2_UTR_pair	26	7	586
ENSG00000101452_ENST00000252011.8_UTR_pair	24	7	1178
ENSG00000204103_ENST00000373313.3_UTR_pair	386	7	2031
ENSG00000198900_ENST00000361337.3_UTR_pair	246	7	1190
ENSG00000124181_ENST00000685551.1_UTR_pair	99	7	3117
ENSG00000174306_ENST00000683867.1_UTR_pair	467	7	6736
ENSG00000132793_ENST00000373257.8_UTR_pair	190	7	1716
ENSG00000124177_ENST00000373233.8_UTR_pair	61	7	2510
ENSG00000124193_ENST00000244020.5_UTR_pair	138	7	3180
ENSG00000101052_ENST00000373030.8_UTR_pair	124	7	316
ENSG00000101057_ENST00000217026.5_UTR_pair	170	7	395
ENSG00000132823_ENST00000255174.3_UTR_pair	117	7	1113
ENSG00000197296_ENST00000396825.4_UTR_pair	54	7	3785
ENSG00000124120_ENST00000262605.9_UTR_pair	133	7	5062
ENSG00000132824_ENST00000342374.5_UTR_pair	119	7	2855
ENSG00000168734_ENST00000372886.6_UTR_pair	246	7	673
ENSG00000196839_ENST00000372874.9_UTR_pair	92	7	312
ENSG00000166913_ENST00000353703.9_UTR_pair	185	7	2094
ENSG00000025772_ENST00000372813.4_UTR_pair	64	7	979
ENSG00000101109_ENST00000372806.8_UTR_pair	57	7	4845
ENSG00000124145_ENST00000372733.3_UTR_pair	40	7	1976
ENSG00000204070_ENST00000243918.10_UTR_pair	163	7	2094
ENSG00000101457_ENST00000372622.8_UTR_pair	51	7	223
ENSG00000175063_ENST00000356455.9_UTR_pair	52	7	185
ENSG00000124104_ENST00000491381.6_UTR_pair	121	7	1963
ENSG00000132801_ENST00000255152.3_UTR_pair	212	7	473
ENSG00000168612_ENST00000372523.1_UTR_pair	95	7	1216
ENSG00000064601_ENST00000646241.3_UTR_pair	45	7	370
ENSG00000100982_ENST00000372409.8_UTR_pair	309	7	265
ENSG00000198026_ENST00000322927.3_UTR_pair	132	7	293
ENSG00000124160_ENST00000290231.11_UTR_pair	175	7	1309
ENSG00000080189_ENST00000372230.10_UTR_pair	312	7	4410
ENSG00000062598_ENST00000290246.11_UTR_pair	193	7	1310
ENSG00000124151_ENST00000371998.8_UTR_pair	231	7	3455
ENSG00000196562_ENST00000688720.1_UTR_pair	239	7	956
ENSG00000124198_ENST00000371917.5_UTR_pair	179	7	3494
ENSG00000124207_ENST00000262982.3_UTR_pair	123	7	511
ENSG00000124214_ENST00000371856.7_UTR_pair	378	7	1539
ENSG00000124228_ENST00000618172.5_UTR_pair	33	7	239
ENSG00000124201_ENST00000396105.6_UTR_pair	85	7	1367
ENSG00000158470_ENST00000371711.4_UTR_pair	188	7	3367
ENSG00000197818_ENST00000361573.3_UTR_pair	95	7	4306
ENSG00000158480_ENST00000289431.10_UTR_pair	252	7	2228
ENSG00000124216_ENST00000244050.3_UTR_pair	80	7	830
ENSG00000240849_ENST00000371652.9_UTR_pair	86	7	6804
ENSG00000172216_ENST00000303004.5_UTR_pair	204	7	597
ENSG00000196396_ENST00000371621.5_UTR_pair	145	7	2526
ENSG00000124171_ENST00000371610.7_UTR_pair	207	7	3253
ENSG00000101096_ENST00000371564.8_UTR_pair	220	7	4533
ENSG00000054793_ENST00000338821.6_UTR_pair	21	7	4697
ENSG00000020256_ENST00000216923.5_UTR_pair	143	7	868
ENSG00000171940_ENST00000371471.7_UTR_pair	426	7	2217
ENSG00000124098_ENST00000371384.4_UTR_pair	32	7	2376
ENSG00000087586_ENST00000395915.8_UTR_pair	53	7	768
ENSG00000101144_ENST00000395863.8_UTR_pair	519	7	2206
ENSG00000101146_ENST00000395841.7_UTR_pair	175	7	1103
ENSG00000132819_ENST00000356208.10_UTR_pair	186	7	1487
ENSG00000124225_ENST00000341744.8_UTR_pair	433	7	3657
ENSG00000124209_ENST00000244040.4_UTR_pair	262	7	7804
ENSG00000124164_ENST00000475243.6_UTR_pair	231	7	6866
ENSG00000124222_ENST00000371141.8_UTR_pair	724	7	3235
ENSG00000087460_ENST00000371085.8_UTR_pair	306	7	363
ENSG00000101160_ENST00000217131.6_UTR_pair	126	7	464
ENSG00000101166_ENST00000355937.9_UTR_pair	56	7	1862
ENSG00000179242_ENST00000614565.5_UTR_pair	253	7	3674
ENSG00000149657_ENST00000279068.11_UTR_pair	192	7	1226
ENSG00000184402_ENST00000331758.8_UTR_pair	52	7	3306
ENSG00000130703_ENST00000313733.9_UTR_pair	205	7	2296
ENSG00000101189_ENST00000370487.5_UTR_pair	51	7	2086
ENSG00000060491_ENST00000290291.10_UTR_pair	25	7	351
ENSG00000101191_ENST00000395343.6_UTR_pair	266	7	1490
ENSG00000101193_ENST00000266069.5_UTR_pair	119	7	3563
ENSG00000149658_ENST00000370339.8_UTR_pair	239	7	1279
ENSG00000101199_ENST00000370283.9_UTR_pair	112	7	1917
ENSG00000101210_ENST00000217182.6_UTR_pair	97	7	284
ENSG00000101216_ENST00000370077.2_UTR_pair	203	7	2484
ENSG00000197457_ENST00000370053.3_UTR_pair	79	7	1626
ENSG00000101246_ENST00000622789.5_UTR_pair	116	7	1796
ENSG00000197114_ENST00000355969.11_UTR_pair	108	7	223
ENSG00000130584_ENST00000245663.9_UTR_pair	201	7	3260
ENSG00000101150_ENST00000346249.9_UTR_pair	96	7	1593
ENSG00000101152_ENST00000360864.9_UTR_pair	209	7	4443
ENSG00000198276_ENST00000354216.11_UTR_pair	44	7	147
ENSG00000196700_ENST00000369888.6_UTR_pair	119	7	3184
ENSG00000130590_ENST00000369886.8_UTR_pair	175	7	1394
ENSG00000101161_ENST00000266079.5_UTR_pair	114	7	107
ENSG00000171703_ENST00000343484.10_UTR_pair	115	7	167
ENSG00000171700_ENST00000395042.2_UTR_pair	293	7	672
ENSG00000203880_ENST00000308824.11_UTR_pair	147	7	2626
ENSG00000155304_ENST00000285667.4_UTR_pair	27	7	2502
ENSG00000180530_ENST00000318948.7_UTR_pair	793	7	3481
ENSG00000155313_ENST00000400183.7_UTR_pair	412	7	1589
ENSG00000154639_ENST00000284878.12_UTR_pair	87	7	4408
ENSG00000154640_ENST00000348354.7_UTR_pair	211	7	440
ENSG00000154642_ENST00000284881.9_UTR_pair	61	7	4441
ENSG00000154727_ENST00000400075.4_UTR_pair	633	7	3228
ENSG00000142192_ENST00000346798.8_UTR_pair	150	7	1120
ENSG00000154734_ENST00000284984.8_UTR_pair	455	7	1824
ENSG00000156239_ENST00000303775.10_UTR_pair	22	7	4194
ENSG00000156253_ENST00000493196.2_UTR_pair	72	7	2033
ENSG00000156256_ENST00000399976.7_UTR_pair	151	7	301
ENSG00000156261_ENST00000286788.9_UTR_pair	58	7	149
ENSG00000156273_ENST00000286800.8_UTR_pair	92	7	3315
ENSG00000156299_ENST00000541036.6_UTR_pair	492	7	1950
ENSG00000142168_ENST00000270142.11_UTR_pair	77	7	353
ENSG00000156304_ENST00000286835.12_UTR_pair	426	7	399
ENSG00000142149_ENST00000270112.7_UTR_pair	655	7	4880
ENSG00000159086_ENST00000331923.9_UTR_pair	87	7	1051
ENSG00000142166_ENST00000270139.8_UTR_pair	86	7	4315
ENSG00000159128_ENST00000290219.11_UTR_pair	131	7	554
ENSG00000142188_ENST00000542230.7_UTR_pair	178	7	1677
ENSG00000177692_ENST00000381947.4_UTR_pair	146	7	172
ENSG00000159131_ENST00000381815.9_UTR_pair	94	7	191
ENSG00000159140_ENST00000356577.10_UTR_pair	55	7	1057
ENSG00000159147_ENST00000303071.10_UTR_pair	43	7	756
ENSG00000241837_ENST00000290299.7_UTR_pair	41	7	73
ENSG00000198743_ENST00000381151.5_UTR_pair	504	7	8905
ENSG00000159200_ENST00000313806.9_UTR_pair	102	7	1642
ENSG00000159216_ENST00000675419.1_UTR_pair	194	7	4334
ENSG00000159228_ENST00000290349.11_UTR_pair	92	7	282
ENSG00000159231_ENST00000290354.6_UTR_pair	114	7	50
ENSG00000159256_ENST00000400485.6_UTR_pair	68	7	1336
ENSG00000159259_ENST00000314103.6_UTR_pair	137	7	2649
ENSG00000159267_ENST00000674895.3_UTR_pair	31	7	5620
ENSG00000182670_ENST00000418766.6_UTR_pair	231	7	1533
ENSG00000157538_ENST00000309117.11_UTR_pair	40	7	2122
ENSG00000157540_ENST00000647188.2_UTR_pair	932	7	13827
ENSG00000157557_ENST00000360938.8_UTR_pair	192	7	2066
ENSG00000185658_ENST00000342449.8_UTR_pair	141	7	10777
ENSG00000205581_ENST00000380749.10_UTR_pair	171	7	797
ENSG00000182093_ENST00000649170.1_UTR_pair	59	7	950
ENSG00000182240_ENST00000330333.11_UTR_pair	104	7	6906
ENSG00000157601_ENST00000398598.8_UTR_pair	333	7	454
ENSG00000141956_ENST00000398548.6_UTR_pair	84	7	3015
ENSG00000157617_ENST00000380486.4_UTR_pair	370	7	4012
ENSG00000173276_ENST00000310826.10_UTR_pair	187	7	4064
ENSG00000160179_ENST00000398449.8_UTR_pair	123	7	852
ENSG00000160190_ENST00000352133.3_UTR_pair	1044	7	1066
ENSG00000160191_ENST00000291539.11_UTR_pair	194	7	216
ENSG00000160194_ENST00000354250.7_UTR_pair	25	7	4278
ENSG00000160199_ENST00000291547.10_UTR_pair	159	7	3830
ENSG00000160208_ENST00000340648.6_UTR_pair	105	7	2696
ENSG00000160209_ENST00000291565.9_UTR_pair	166	7	6236
ENSG00000160214_ENST00000497547.2_UTR_pair	53	7	1519
ENSG00000160216_ENST00000291572.13_UTR_pair	234	7	5200
ENSG00000160218_ENST00000291574.9_UTR_pair	185	7	3021
ENSG00000141959_ENST00000349048.9_UTR_pair	53	7	511
ENSG00000160233_ENST00000291592.6_UTR_pair	293	7	4778
ENSG00000184787_ENST00000345496.7_UTR_pair	72	7	2797
ENSG00000184900_ENST00000332859.11_UTR_pair	94	7	1334
ENSG00000183255_ENST00000330938.8_UTR_pair	74	7	1983
ENSG00000197381_ENST00000348831.9_UTR_pair	433	7	4363
ENSG00000173638_ENST00000311124.9_UTR_pair	122	7	3093
ENSG00000142156_ENST00000361866.8_UTR_pair	81	7	1035
ENSG00000142173_ENST00000300527.9_UTR_pair	89	7	296
ENSG00000160285_ENST00000397728.8_UTR_pair	29	7	2658
ENSG00000160294_ENST00000291688.6_UTR_pair	325	7	135
ENSG00000182362_ENST00000397701.9_UTR_pair	118	7	117
ENSG00000160299_ENST00000359568.10_UTR_pair	73	7	442
ENSG00000160305_ENST00000417564.3_UTR_pair	241	7	2393
ENSG00000160310_ENST00000355680.8_UTR_pair	255	7	797
ENSG00000177663_ENST00000319363.11_UTR_pair	92	7	5873
ENSG00000069998_ENST00000336737.8_UTR_pair	26	7	501
ENSG00000099954_ENST00000262608.13_UTR_pair	324	7	5311
ENSG00000131100_ENST00000253413.10_UTR_pair	114	7	538
ENSG00000099968_ENST00000317582.10_UTR_pair	180	7	3321
ENSG00000015475_ENST00000622694.5_UTR_pair	147	7	1442
ENSG00000243156_ENST00000441493.7_UTR_pair	355	7	3083
ENSG00000184979_ENST00000215794.8_UTR_pair	159	7	580
ENSG00000100075_ENST00000215882.10_UTR_pair	63	7	549
ENSG00000070010_ENST00000263202.15_UTR_pair	108	7	759
ENSG00000093010_ENST00000361682.11_UTR_pair	217	7	1239
ENSG00000183597_ENST00000327374.9_UTR_pair	176	7	2502
ENSG00000128191_ENST00000351989.8_UTR_pair	420	7	1764
ENSG00000099899_ENST00000252136.12_UTR_pair	320	7	688
ENSG00000099901_ENST00000430524.6_UTR_pair	81	7	303
ENSG00000099904_ENST00000334554.12_UTR_pair	144	7	2607
ENSG00000244486_ENST00000622235.5_UTR_pair	71	7	791
ENSG00000099917_ENST00000263205.11_UTR_pair	69	7	915
ENSG00000241973_ENST00000255882.11_UTR_pair	86	7	356
ENSG00000099940_ENST00000215730.12_UTR_pair	104	7	3378
ENSG00000099942_ENST00000354336.8_UTR_pair	528	7	3902
ENSG00000099949_ENST00000646124.2_UTR_pair	75	7	1684
ENSG00000184436_ENST00000215742.9_UTR_pair	207	7	776
ENSG00000185651_ENST00000342192.9_UTR_pair	31	7	2365
ENSG00000128228_ENST00000248958.5_UTR_pair	35	7	124
ENSG00000100023_ENST00000398831.8_UTR_pair	88	7	2417
ENSG00000100030_ENST00000215832.11_UTR_pair	205	7	4593
ENSG00000100034_ENST00000263212.10_UTR_pair	117	7	3667
ENSG00000100038_ENST00000357179.10_UTR_pair	156	7	89
ENSG00000275004_ENST00000626650.3_UTR_pair	331	7	3346
ENSG00000185686_ENST00000405655.8_UTR_pair	408	7	366
ENSG00000128266_ENST00000615612.2_UTR_pair	501	7	1601
ENSG00000100228_ENST00000263116.8_UTR_pair	87	7	4099
ENSG00000186716_ENST00000305877.13_UTR_pair	452	7	2515
ENSG00000250479_ENST00000484558.3_UTR_pair	98	7	173
ENSG00000099953_ENST00000215743.8_UTR_pair	22	7	772
ENSG00000099956_ENST00000644036.2_UTR_pair	204	7	3829
ENSG00000099994_ENST00000358321.4_UTR_pair	33	7	670
ENSG00000138867_ENST00000435822.6_UTR_pair	147	7	2568
ENSG00000100028_ENST00000215829.8_UTR_pair	91	7	2994
ENSG00000100109_ENST00000407690.6_UTR_pair	252	7	773
ENSG00000128294_ENST00000338754.9_UTR_pair	240	7	4279
ENSG00000169184_ENST00000302326.5_UTR_pair	1213	7	2638
ENSG00000180957_ENST00000335272.10_UTR_pair	65	7	2033
ENSG00000100154_ENST00000397906.7_UTR_pair	117	7	4207
ENSG00000183765_ENST00000404276.6_UTR_pair	58	7	154
ENSG00000159873_ENST00000249064.9_UTR_pair	155	7	2969
ENSG00000100219_ENST00000344347.6_UTR_pair	45	7	615
ENSG00000183579_ENST00000544604.7_UTR_pair	195	7	3866
ENSG00000183762_ENST00000400335.9_UTR_pair	96	7	4708
ENSG00000182944_ENST00000397938.7_UTR_pair	69	7	360
ENSG00000185340_ENST00000616432.5_UTR_pair	523	7	290
ENSG00000100280_ENST00000357586.7_UTR_pair	174	7	1141
ENSG00000184117_ENST00000216121.12_UTR_pair	31	7	1127
ENSG00000186575_ENST00000338641.10_UTR_pair	366	7	3796
ENSG00000100319_ENST00000344318.4_UTR_pair	163	7	269
ENSG00000184076_ENST00000330029.6_UTR_pair	30	7	694
ENSG00000100325_ENST00000307790.8_UTR_pair	114	7	402
ENSG00000100330_ENST00000401950.7_UTR_pair	323	7	5067
ENSG00000099992_ENST00000215790.12_UTR_pair	60	7	385
ENSG00000099995_ENST00000215793.13_UTR_pair	102	7	2606
ENSG00000099999_ENST00000382363.8_UTR_pair	98	7	779
ENSG00000100003_ENST00000615189.5_UTR_pair	99	7	2896
ENSG00000242114_ENST00000266263.10_UTR_pair	112	7	520
ENSG00000100036_ENST00000343605.5_UTR_pair	670	7	862
ENSG00000133422_ENST00000397641.8_UTR_pair	885	7	1673
ENSG00000183963_ENST00000333137.12_UTR_pair	219	7	329
ENSG00000138942_ENST00000326132.11_UTR_pair	170	7	2433
ENSG00000182541_ENST00000331728.9_UTR_pair	111	7	1639
ENSG00000100100_ENST00000215912.10_UTR_pair	144	7	1484
ENSG00000100105_ENST00000266269.10_UTR_pair	744	7	1087
ENSG00000185721_ENST00000331457.9_UTR_pair	80	7	481
ENSG00000184708_ENST00000330125.10_UTR_pair	176	7	513
ENSG00000241878_ENST00000439502.7_UTR_pair	7	7	1121
ENSG00000183530_ENST00000327423.11_UTR_pair	191	7	4180
ENSG00000100150_ENST00000651528.2_UTR_pair	206	7	1536
ENSG00000128245_ENST00000248975.6_UTR_pair	199	7	811
ENSG00000100220_ENST00000216038.6_UTR_pair	91	7	410
ENSG00000100225_ENST00000266087.12_UTR_pair	192	7	299
ENSG00000100234_ENST00000266085.7_UTR_pair	297	7	3664
ENSG00000133424_ENST00000397394.8_UTR_pair	564	7	1918
ENSG00000100281_ENST00000216106.6_UTR_pair	133	7	2156
ENSG00000100284_ENST00000449058.7_UTR_pair	35	7	764
ENSG00000100292_ENST00000216117.9_UTR_pair	78	7	609
ENSG00000100297_ENST00000216122.9_UTR_pair	77	7	1176
ENSG00000100320_ENST00000695854.1_UTR_pair	399	7	5469
ENSG00000100345_ENST00000216181.11_UTR_pair	180	7	1388
ENSG00000100348_ENST00000216185.7_UTR_pair	77	7	758
ENSG00000100350_ENST00000397224.9_UTR_pair	33	7	2818
ENSG00000100360_ENST00000433985.7_UTR_pair	412	7	100
ENSG00000128311_ENST00000249042.8_UTR_pair	69	7	162
ENSG00000128309_ENST00000429360.6_UTR_pair	95	7	301
ENSG00000133466_ENST00000337843.7_UTR_pair	34	7	2022
ENSG00000128340_ENST00000249071.11_UTR_pair	121	7	772
ENSG00000100065_ENST00000251973.10_UTR_pair	215	7	797
ENSG00000128283_ENST00000249014.5_UTR_pair	387	7	585
ENSG00000100083_ENST00000343632.9_UTR_pair	27	7	853
ENSG00000241360_ENST00000215904.7_UTR_pair	60	7	1061
ENSG00000100097_ENST00000215909.10_UTR_pair	67	7	53
ENSG00000100116_ENST00000248924.11_UTR_pair	34	7	179
ENSG00000100124_ENST00000215941.9_UTR_pair	96	7	1088
ENSG00000100139_ENST00000215957.10_UTR_pair	126	7	1992
ENSG00000100142_ENST00000442738.7_UTR_pair	89	7	1597
ENSG00000184381_ENST00000332509.8_UTR_pair	212	7	666
ENSG00000185022_ENST00000338483.7_UTR_pair	250	7	1629
ENSG00000198792_ENST00000361906.8_UTR_pair	185	7	2178
ENSG00000100196_ENST00000216014.9_UTR_pair	138	7	911
ENSG00000100201_ENST00000403230.3_UTR_pair	74	7	2497
ENSG00000100216_ENST00000216034.6_UTR_pair	22	7	1580
ENSG00000100221_ENST00000683374.1_UTR_pair	775	7	2359
ENSG00000100242_ENST00000689035.1_UTR_pair	273	7	1533
ENSG00000100246_ENST00000216068.9_UTR_pair	215	7	941
ENSG00000221890_ENST00000333039.4_UTR_pair	170	7	4157
ENSG00000183741_ENST00000407418.8_UTR_pair	26	7	4787
ENSG00000100307_ENST00000216133.10_UTR_pair	236	7	3119
ENSG00000100311_ENST00000331163.11_UTR_pair	1019	7	1983
ENSG00000100321_ENST00000328933.10_UTR_pair	20	7	3661
ENSG00000100324_ENST00000216160.11_UTR_pair	23	7	1660
ENSG00000100335_ENST00000325301.7_UTR_pair	487	7	3809
ENSG00000128272_ENST00000674920.3_UTR_pair	282	7	81
ENSG00000196588_ENST00000355630.10_UTR_pair	325	7	1101
ENSG00000100372_ENST00000435456.7_UTR_pair	98	7	1204
ENSG00000100380_ENST00000216218.8_UTR_pair	99	7	2003
ENSG00000196236_ENST00000357137.9_UTR_pair	34	7	6380
ENSG00000100393_ENST00000263253.9_UTR_pair	413	7	1121
ENSG00000100395_ENST00000216237.10_UTR_pair	51	7	1020
ENSG00000100401_ENST00000356244.8_UTR_pair	240	7	1824
ENSG00000100403_ENST00000352645.5_UTR_pair	254	7	2718
ENSG00000167074_ENST00000266304.9_UTR_pair	103	7	3366
ENSG00000183864_ENST00000327492.4_UTR_pair	485	7	2817
ENSG00000100410_ENST00000216252.4_UTR_pair	39	7	681
ENSG00000100412_ENST00000216254.9_UTR_pair	30	7	361
ENSG00000100417_ENST00000216259.8_UTR_pair	35	7	418
ENSG00000100418_ENST00000263256.7_UTR_pair	204	7	3069
ENSG00000196419_ENST00000360079.8_UTR_pair	66	7	226
ENSG00000100138_ENST00000401959.6_UTR_pair	71	7	1000
ENSG00000100147_ENST00000255784.6_UTR_pair	104	7	6341
ENSG00000198911_ENST00000361204.9_UTR_pair	166	7	1645
ENSG00000100162_ENST00000215980.10_UTR_pair	76	7	319
ENSG00000198951_ENST00000396398.8_UTR_pair	515	7	1945
ENSG00000100207_ENST00000677622.1_UTR_pair	351	7	1390
ENSG00000100227_ENST00000252115.10_UTR_pair	26	7	2070
ENSG00000100243_ENST00000352397.10_UTR_pair	77	7	1933
ENSG00000242247_ENST00000263245.10_UTR_pair	91	7	1086
ENSG00000100266_ENST00000263246.8_UTR_pair	206	7	1584
ENSG00000100271_ENST00000266254.12_UTR_pair	204	7	260
ENSG00000100304_ENST00000216129.7_UTR_pair	65	7	1386
ENSG00000100344_ENST00000216180.8_UTR_pair	107	7	1200
ENSG00000100347_ENST00000350028.5_UTR_pair	136	7	146
ENSG00000188677_ENST00000338758.12_UTR_pair	38	7	4261
ENSG00000186654_ENST00000336985.11_UTR_pair	271	7	434
ENSG00000093000_ENST00000347635.9_UTR_pair	382	7	3362
ENSG00000100376_ENST00000441876.7_UTR_pair	259	7	1550
ENSG00000077942_ENST00000327858.11_UTR_pair	103	7	689
ENSG00000130638_ENST00000252934.10_UTR_pair	230	7	1636
ENSG00000205643_ENST00000314567.8_UTR_pair	38	7	1079
ENSG00000075275_ENST00000674500.2_UTR_pair	450	7	2049
ENSG00000075240_ENST00000406902.6_UTR_pair	229	7	2534
ENSG00000100422_ENST00000216264.13_UTR_pair	104	7	2724
ENSG00000054611_ENST00000337137.9_UTR_pair	137	7	2067
ENSG00000100425_ENST00000404760.6_UTR_pair	391	7	950
ENSG00000100426_ENST00000216268.6_UTR_pair	475	7	2902
ENSG00000182858_ENST00000330817.11_UTR_pair	254	7	3609
ENSG00000184164_ENST00000328268.9_UTR_pair	136	7	230
ENSG00000198355_ENST00000360612.5_UTR_pair	176	7	945
ENSG00000170638_ENST00000380909.9_UTR_pair	98	7	1076
ENSG00000073169_ENST00000380903.7_UTR_pair	26	7	247
ENSG00000128159_ENST00000248846.10_UTR_pair	564	7	42
ENSG00000100429_ENST00000216271.10_UTR_pair	233	7	324
ENSG00000188130_ENST00000215659.13_UTR_pair	174	7	500
ENSG00000185386_ENST00000330651.11_UTR_pair	88	7	1235
ENSG00000196576_ENST00000359337.9_UTR_pair	167	7	725
ENSG00000205593_ENST00000413817.8_UTR_pair	24	7	3109
ENSG00000100239_ENST00000612753.5_UTR_pair	371	7	843
ENSG00000100241_ENST00000380817.8_UTR_pair	195	7	2142
ENSG00000100258_ENST00000474879.7_UTR_pair	27	7	442
ENSG00000025770_ENST00000420993.7_UTR_pair	114	7	1405
ENSG00000008735_ENST00000329492.6_UTR_pair	26	7	3199
ENSG00000100299_ENST00000216124.10_UTR_pair	373	7	2391
ENSG00000167393_ENST00000390665.9_UTR_pair	216	7	434
ENSG00000169100_ENST00000381401.11_UTR_pair	104	7	450
ENSG00000002586_ENST00000381192.10_UTR_pair	66	7	505
ENSG00000056998_ENST00000398806.8_UTR_pair	174	7	1605
ENSG00000006756_ENST00000381154.6_UTR_pair	64	7	3299
ENSG00000183943_ENST00000262848.6_UTR_pair	396	7	4629
ENSG00000101846_ENST00000674429.1_UTR_pair	505	7	4380
ENSG00000006757_ENST00000381042.9_UTR_pair	141	7	2439
ENSG00000011201_ENST00000262648.8_UTR_pair	101	7	4121
ENSG00000101849_ENST00000645353.2_UTR_pair	590	7	3494
ENSG00000073464_ENST00000380833.9_UTR_pair	400	7	4076
ENSG00000101871_ENST00000317552.9_UTR_pair	352	7	3812
ENSG00000004961_ENST00000380762.5_UTR_pair	229	7	1276
ENSG00000005302_ENST00000312196.10_UTR_pair	27	7	693
ENSG00000101911_ENST00000380668.10_UTR_pair	86	7	1426
ENSG00000205542_ENST00000451311.7_UTR_pair	75	7	412
ENSG00000123595_ENST00000464506.2_UTR_pair	276	7	1152
ENSG00000046651_ENST00000340096.11_UTR_pair	324	7	249
ENSG00000046653_ENST00000316715.9_UTR_pair	189	7	1942
ENSG00000130150_ENST00000380492.8_UTR_pair	108	7	2518
ENSG00000165195_ENST00000333590.6_UTR_pair	85	7	2050
ENSG00000169239_ENST00000318636.8_UTR_pair	136	7	5747
ENSG00000169249_ENST00000307771.8_UTR_pair	12	7	18
ENSG00000182287_ENST00000672987.1_UTR_pair	126	7	1519
ENSG00000047230_ENST00000359276.9_UTR_pair	374	7	1818
ENSG00000169895_ENST00000380155.4_UTR_pair	113	7	4981
ENSG00000086712_ENST00000380122.10_UTR_pair	22	7	2753
ENSG00000102054_ENST00000380087.7_UTR_pair	309	7	694
ENSG00000102098_ENST00000251900.9_UTR_pair	121	7	1938
ENSG00000044446_ENST00000379942.5_UTR_pair	182	7	1187
ENSG00000131828_ENST00000422285.7_UTR_pair	111	7	2065
ENSG00000147010_ENST00000397821.8_UTR_pair	290	7	2440
ENSG00000173674_ENST00000379607.10_UTR_pair	198	7	3781
ENSG00000177189_ENST00000379565.9_UTR_pair	277	7	5487
ENSG00000102172_ENST00000404933.7_UTR_pair	116	7	486
ENSG00000123131_ENST00000379341.9_UTR_pair	78	7	62
ENSG00000123130_ENST00000379303.10_UTR_pair	132	7	2839
ENSG00000130066_ENST00000379270.5_UTR_pair	179	7	354
ENSG00000174010_ENST00000328046.8_UTR_pair	256	7	4201
ENSG00000005889_ENST00000304543.10_UTR_pair	315	7	4879
ENSG00000198814_ENST00000427190.6_UTR_pair	115	7	2720
ENSG00000157625_ENST00000288422.4_UTR_pair	523	7	3985
ENSG00000147027_ENST00000275954.4_UTR_pair	256	7	3238
ENSG00000130962_ENST00000378628.9_UTR_pair	73	7	3670
ENSG00000047597_ENST00000378616.5_UTR_pair	171	7	3668
ENSG00000165169_ENST00000378578.9_UTR_pair	61	7	1739
ENSG00000156313_ENST00000645032.1_UTR_pair	142	7	1132
ENSG00000165175_ENST00000614558.3_UTR_pair	2172	7	1034
ENSG00000183337_ENST00000378444.9_UTR_pair	784	7	858
ENSG00000182220_ENST00000636580.2_UTR_pair	96	7	1093
ENSG00000180182_ENST00000324817.6_UTR_pair	130	7	3501
ENSG00000215301_ENST00000644876.2_UTR_pair	91	7	2555
ENSG00000189221_ENST00000338702.4_UTR_pair	43	7	2304
ENSG00000069535_ENST00000378069.5_UTR_pair	151	7	856
ENSG00000069509_ENST00000378045.5_UTR_pair	27	7	559
ENSG00000147050_ENST00000611820.5_UTR_pair	364	7	1368
ENSG00000147119_ENST00000276055.4_UTR_pair	167	7	768
ENSG00000065923_ENST00000616978.5_UTR_pair	89	7	7701
ENSG00000102218_ENST00000218340.4_UTR_pair	58	7	2589
ENSG00000102221_ENST00000614628.5_UTR_pair	310	7	2165
ENSG00000147123_ENST00000377811.4_UTR_pair	23	7	101
ENSG00000130985_ENST00000335972.11_UTR_pair	196	7	199
ENSG00000102225_ENST00000357227.9_UTR_pair	431	7	1229
ENSG00000102226_ENST00000377107.7_UTR_pair	35	7	398
ENSG00000078061_ENST00000377045.9_UTR_pair	106	7	451
ENSG00000102265_ENST00000218388.9_UTR_pair	47	7	98
ENSG00000126767_ENST00000376983.8_UTR_pair	281	7	1308
ENSG00000197779_ENST00000338637.13_UTR_pair	249	7	8995
ENSG00000147118_ENST00000376943.8_UTR_pair	320	7	1316
ENSG00000068438_ENST00000348411.3_UTR_pair	285	7	624
ENSG00000102312_ENST00000326194.11_UTR_pair	149	7	332
ENSG00000147155_ENST00000495186.6_UTR_pair	173	7	259
ENSG00000068354_ENST00000376771.9_UTR_pair	84	7	1634
ENSG00000102317_ENST00000376759.8_UTR_pair	103	7	3721
ENSG00000101940_ENST00000376729.10_UTR_pair	162	7	3837
ENSG00000101945_ENST00000376687.4_UTR_pair	51	7	1446
ENSG00000094631_ENST00000334136.11_UTR_pair	106	7	364
ENSG00000126768_ENST00000696123.1_UTR_pair	19	7	280
ENSG00000068308_ENST00000376488.8_UTR_pair	37	7	1150
ENSG00000068400_ENST00000376423.8_UTR_pair	35	7	470
ENSG00000068323_ENST00000315869.8_UTR_pair	131	7	1432
ENSG00000147144_ENST00000603986.6_UTR_pair	180	7	1196
ENSG00000196998_ENST00000376372.9_UTR_pair	154	7	361
ENSG00000102007_ENST00000376327.6_UTR_pair	103	7	541
ENSG00000102003_ENST00000263233.9_UTR_pair	7	7	1472
ENSG00000273820_ENST00000621775.2_UTR_pair	824	7	934
ENSG00000171365_ENST00000376091.8_UTR_pair	401	7	7011
ENSG00000189369_ENST00000340438.6_UTR_pair	185	7	719
ENSG00000179222_ENST00000326587.12_UTR_pair	169	7	217
ENSG00000184205_ENST00000375442.8_UTR_pair	132	7	601
ENSG00000126012_ENST00000375401.8_UTR_pair	318	7	809
ENSG00000124313_ENST00000642864.1_UTR_pair	227	7	1343
ENSG00000072501_ENST00000322213.9_UTR_pair	54	7	5954
ENSG00000072506_ENST00000168216.11_UTR_pair	25	7	143
ENSG00000172943_ENST00000338154.11_UTR_pair	804	7	2478
ENSG00000184083_ENST00000375180.7_UTR_pair	56	7	4709
ENSG00000196632_ENST00000354646.7_UTR_pair	480	7	5501
ENSG00000102302_ENST00000375135.4_UTR_pair	802	7	655
ENSG00000102316_ENST00000375068.6_UTR_pair	87	7	143
ENSG00000169188_ENST00000374987.4_UTR_pair	60	7	1622
ENSG00000187601_ENST00000342972.3_UTR_pair	248	7	532
ENSG00000083750_ENST00000374941.9_UTR_pair	579	7	431
ENSG00000188021_ENST00000338222.7_UTR_pair	247	7	2120
ENSG00000198455_ENST00000374888.3_UTR_pair	38	7	3017
ENSG00000186767_ENST00000374884.3_UTR_pair	513	7	2842
ENSG00000131089_ENST00000671741.2_UTR_pair	69	7	3061
ENSG00000184675_ENST00000374869.8_UTR_pair	237	7	4762
ENSG00000102043_ENST00000374852.4_UTR_pair	89	7	456
ENSG00000126970_ENST00000374839.8_UTR_pair	73	7	1976
ENSG00000001497_ENST00000374811.8_UTR_pair	72	7	193
ENSG00000147065_ENST00000360270.7_UTR_pair	188	7	2038
ENSG00000131080_ENST00000374719.8_UTR_pair	94	7	2467
ENSG00000079482_ENST00000355520.6_UTR_pair	332	7	4828
ENSG00000130052_ENST00000374599.8_UTR_pair	217	7	1414
ENSG00000090776_ENST00000204961.5_UTR_pair	756	7	1506
ENSG00000181191_ENST00000374571.5_UTR_pair	149	7	446
ENSG00000089289_ENST00000356413.5_UTR_pair	319	7	343
ENSG00000120509_ENST00000239666.9_UTR_pair	81	7	487
ENSG00000090889_ENST00000374403.4_UTR_pair	68	7	621
ENSG00000082458_ENST00000374360.8_UTR_pair	367	7	3221
ENSG00000147164_ENST00000374274.8_UTR_pair	28	7	1769
ENSG00000184481_ENST00000374259.8_UTR_pair	678	7	1448
ENSG00000147130_ENST00000314425.9_UTR_pair	131	7	1292
ENSG00000147140_ENST00000276079.13_UTR_pair	153	7	1092
ENSG00000147162_ENST00000373719.8_UTR_pair	196	7	2098
ENSG00000102309_ENST00000373669.8_UTR_pair	29	7	814
ENSG00000186871_ENST00000334463.4_UTR_pair	116	7	349
ENSG00000125931_ENST00000651998.1_UTR_pair	155	7	77
ENSG00000147099_ENST00000373573.9_UTR_pair	82	7	538
ENSG00000067177_ENST00000373542.9_UTR_pair	426	7	2188
ENSG00000204116_ENST00000373502.10_UTR_pair	88	7	6106
ENSG00000131263_ENST00000332687.11_UTR_pair	226	7	8464
ENSG00000094841_ENST00000373383.9_UTR_pair	170	7	1374
ENSG00000198934_ENST00000361470.4_UTR_pair	221	7	538
ENSG00000085224_ENST00000373344.11_UTR_pair	215	7	3471
ENSG00000102158_ENST00000618282.5_UTR_pair	25	7	3473
ENSG00000165240_ENST00000341514.11_UTR_pair	164	7	3825
ENSG00000102144_ENST00000373316.5_UTR_pair	93	7	3465
ENSG00000187325_ENST00000341864.6_UTR_pair	39	7	1862
ENSG00000198157_ENST00000358130.7_UTR_pair	300	7	950
ENSG00000131171_ENST00000373212.6_UTR_pair	99	7	1320
ENSG00000165259_ENST00000373177.3_UTR_pair	221	7	4011
ENSG00000155008_ENST00000373173.7_UTR_pair	36	7	5637
ENSG00000188419_ENST00000357749.7_UTR_pair	26	7	3450
ENSG00000147202_ENST00000324765.13_UTR_pair	217	7	5680
ENSG00000000003_ENST00000373020.9_UTR_pair	112	7	2918
ENSG00000102384_ENST00000682095.1_UTR_pair	154	7	3159
ENSG00000126953_ENST00000372902.4_UTR_pair	78	7	838
ENSG00000102393_ENST00000218516.4_UTR_pair	22	7	6
ENSG00000126945_ENST00000316594.6_UTR_pair	151	7	795
ENSG00000126947_ENST00000372829.8_UTR_pair	355	7	408
ENSG00000198960_ENST00000361910.9_UTR_pair	344	7	593
ENSG00000102401_ENST00000471229.7_UTR_pair	484	7	1724
ENSG00000184867_ENST00000356824.9_UTR_pair	511	7	409
ENSG00000158301_ENST00000483720.7_UTR_pair	672	7	347
ENSG00000102409_ENST00000372695.6_UTR_pair	219	7	730
ENSG00000180964_ENST00000372685.8_UTR_pair	189	7	631
ENSG00000133134_ENST00000372677.8_UTR_pair	212	7	244
ENSG00000185222_ENST00000372661.6_UTR_pair	250	7	463
ENSG00000166681_ENST00000361298.9_UTR_pair	167	7	337
ENSG00000172465_ENST00000372625.8_UTR_pair	163	7	557
ENSG00000123562_ENST00000441076.7_UTR_pair	336	7	663
ENSG00000123575_ENST00000493442.2_UTR_pair	333	7	6124
ENSG00000133135_ENST00000255499.3_UTR_pair	213	7	1303
ENSG00000133138_ENST00000357242.10_UTR_pair	181	7	2185
ENSG00000133131_ENST00000355610.9_UTR_pair	243	7	741
ENSG00000089682_ENST00000685964.1_UTR_pair	49	7	5642
ENSG00000147224_ENST00000372435.10_UTR_pair	119	7	994
ENSG00000157514_ENST00000372383.9_UTR_pair	368	7	1298
ENSG00000101843_ENST00000217958.8_UTR_pair	22	7	767
ENSG00000188153_ENST00000328300.11_UTR_pair	288	7	1167
ENSG00000101888_ENST00000372106.6_UTR_pair	163	7	2010
ENSG00000068366_ENST00000672401.1_UTR_pair	184	7	2694
ENSG00000157600_ENST00000372068.7_UTR_pair	339	7	4337
ENSG00000102024_ENST00000355899.8_UTR_pair	95	7	1300
ENSG00000131725_ENST00000254029.8_UTR_pair	398	7	974
ENSG00000147251_ENST00000276202.9_UTR_pair	157	7	340
ENSG00000131724_ENST00000371666.8_UTR_pair	33	7	2679
ENSG00000175556_ENST00000371628.8_UTR_pair	163	7	665
ENSG00000101856_ENST00000217971.8_UTR_pair	79	7	1212
ENSG00000005022_ENST00000317881.9_UTR_pair	72	7	338
ENSG00000018610_ENST00000644802.2_UTR_pair	54	7	1578
ENSG00000077721_ENST00000371558.7_UTR_pair	149	7	1168
ENSG00000125354_ENST00000394610.7_UTR_pair	63	7	3148
ENSG00000198918_ENST00000361575.4_UTR_pair	54	7	180
ENSG00000125351_ENST00000276201.7_UTR_pair	35	7	856
ENSG00000101882_ENST00000371410.5_UTR_pair	146	7	4548
ENSG00000177485_ENST00000557385.2_UTR_pair	270	7	2964
ENSG00000005893_ENST00000200639.9_UTR_pair	127	7	5175
ENSG00000158290_ENST00000371322.11_UTR_pair	324	7	2903
ENSG00000125676_ENST00000245838.13_UTR_pair	30	7	788
ENSG00000101966_ENST00000371199.8_UTR_pair	273	7	6791
ENSG00000101972_ENST00000371145.8_UTR_pair	313	7	2059
ENSG00000102038_ENST00000371121.5_UTR_pair	120	7	656
ENSG00000122126_ENST00000371113.9_UTR_pair	181	7	2286
ENSG00000188706_ENST00000357166.11_UTR_pair	394	7	3082
ENSG00000085185_ENST00000540052.6_UTR_pair	172	7	1935
ENSG00000102034_ENST00000308167.10_UTR_pair	382	7	2766
ENSG00000102078_ENST00000545805.6_UTR_pair	230	7	407
ENSG00000134597_ENST00000305536.11_UTR_pair	46	7	808
ENSG00000165675_ENST00000394363.6_UTR_pair	391	7	2989
ENSG00000123728_ENST00000370874.2_UTR_pair	823	7	2597
ENSG00000076770_ENST00000370853.8_UTR_pair	891	7	10346
ENSG00000171004_ENST00000370833.7_UTR_pair	27	7	2208
ENSG00000076716_ENST00000370828.4_UTR_pair	524	7	2764
ENSG00000156531_ENST00000370803.8_UTR_pair	202	7	3130
ENSG00000165704_ENST00000298556.8_UTR_pair	147	7	591
ENSG00000156504_ENST00000343004.10_UTR_pair	1000	7	2573
ENSG00000101928_ENST00000370783.8_UTR_pair	177	7	1529
ENSG00000173275_ENST00000339249.5_UTR_pair	140	7	2337
ENSG00000165359_ENST00000639893.2_UTR_pair	333	7	874
ENSG00000169446_ENST00000305963.3_UTR_pair	313	7	4436
ENSG00000198689_ENST00000630721.3_UTR_pair	99	7	2545
ENSG00000022267_ENST00000370683.6_UTR_pair	66	7	1329
ENSG00000129675_ENST00000250617.7_UTR_pair	50	7	2479
ENSG00000147274_ENST00000320676.11_UTR_pair	155	7	681
ENSG00000101974_ENST00000682941.1_UTR_pair	1011	7	2618
ENSG00000010404_ENST00000340855.11_UTR_pair	169	7	5758
ENSG00000269556_ENST00000600449.8_UTR_pair	212	7	1455
ENSG00000171100_ENST00000370396.7_UTR_pair	52	7	1548
ENSG00000063601_ENST00000445323.7_UTR_pair	135	7	2379
ENSG00000102181_ENST00000370377.8_UTR_pair	80	7	2698
ENSG00000029993_ENST00000325307.12_UTR_pair	47	7	2857
ENSG00000160131_ENST00000330374.7_UTR_pair	103	7	4306
ENSG00000147400_ENST00000370277.5_UTR_pair	47	7	847
ENSG00000147394_ENST00000695776.1_UTR_pair	217	7	2201
ENSG00000063587_ENST00000650114.2_UTR_pair	179	7	4951
ENSG00000182492_ENST00000331595.9_UTR_pair	145	7	1101
ENSG00000130829_ENST00000342782.4_UTR_pair	258	7	1021
ENSG00000185825_ENST00000345046.12_UTR_pair	98	7	445
ENSG00000101986_ENST00000218104.6_UTR_pair	411	7	1020
ENSG00000067829_ENST00000217901.10_UTR_pair	49	7	104
ENSG00000180879_ENST00000370086.8_UTR_pair	20	7	66
ENSG00000102030_ENST00000464845.6_UTR_pair	133	7	762
ENSG00000172534_ENST00000310441.12_UTR_pair	978	7	1790
ENSG00000184216_ENST00000369980.8_UTR_pair	90	7	1352
ENSG00000169057_ENST00000453960.7_UTR_pair	52	7	8794
ENSG00000196924_ENST00000369850.10_UTR_pair	245	7	318
ENSG00000102125_ENST00000601016.6_UTR_pair	305	7	722
ENSG00000203879_ENST00000447750.7_UTR_pair	101	7	795
ENSG00000130827_ENST00000369682.4_UTR_pair	175	7	5094
ENSG00000196976_ENST00000357360.5_UTR_pair	366	7	169
ENSG00000126903_ENST00000651600.1_UTR_pair	465	7	196
ENSG00000071889_ENST00000447601.7_UTR_pair	460	7	640
ENSG00000160211_ENST00000393562.10_UTR_pair	66	7	609
ENSG00000130826_ENST00000369550.10_UTR_pair	102	7	822
ENSG00000130830_ENST00000369534.8_UTR_pair	112	7	493
ENSG00000165775_ENST00000369498.8_UTR_pair	95	7	5632
ENSG00000185515_ENST00000330045.12_UTR_pair	20	7	1873
ENSG00000155959_ENST00000286428.7_UTR_pair	23	7	999
ENSG00000155961_ENST00000369454.4_UTR_pair	203	7	2568
ENSG00000124333_ENST00000286448.12_UTR_pair	113	7	1818
