seqname	len_5utr	linker_len	len_3utr
ENSBTAG00000020035_ENSBTAT00000037243_UTR_pair	222	7	1601
ENSBTAG00000018278_ENSBTAT00000073708_UTR_pair	1337	7	65
ENSBTAG00000035175_ENSBTAT00000049667_UTR_pair	199	7	662
ENSBTAG00000008482_ENSBTAT00000011175_UTR_pair	199	7	1001
ENSBTAG00000009188_ENSBTAT00000116578_UTR_pair	122	7	591
ENSBTAG00000009187_ENSBTAT00000133069_UTR_pair	669	7	2465
ENSBTAG00000001258_ENSBTAT00000001660_UTR_pair	1716	7	1429
ENSBTAG00000012899_ENSBTAT00000080092_UTR_pair	149	7	792
ENSBTAG00000021819_ENSBTAT00000029080_UTR_pair	185	7	1422
ENSBTAG00000003064_ENSBTAT00000003986_UTR_pair	199	7	1857
ENSBTAG00000020762_ENSBTAT00000027668_UTR_pair	199	7	1001
ENSBTAG00000018855_ENSBTAT00000083963_UTR_pair	413	7	363
ENSBTAG00000018854_ENSBTAT00000032452_UTR_pair	23	7	318
ENSBTAG00000048631_ENSBTAT00000023716_UTR_pair	353	7	310
ENSBTAG00000004139_ENSBTAT00000005416_UTR_pair	238	7	1001
ENSBTAG00000014233_ENSBTAT00000096559_UTR_pair	59	7	237
ENSBTAG00000020122_ENSBTAT00000026801_UTR_pair	104	7	288
ENSBTAG00000020121_ENSBTAT00000026800_UTR_pair	351	7	1015
ENSBTAG00000001412_ENSBTAT00000074692_UTR_pair	6	7	199
ENSBTAG00000000706_ENSBTAT00000000944_UTR_pair	441	7	1324
ENSBTAG00000017753_ENSBTAT00000085054_UTR_pair	150	7	1120
ENSBTAG00000019043_ENSBTAT00000025345_UTR_pair	114	7	149
ENSBTAG00000001395_ENSBTAT00000001832_UTR_pair	199	7	4644
ENSBTAG00000018704_ENSBTAT00000024895_UTR_pair	181	7	420
ENSBTAG00000019314_ENSBTAT00000109948_UTR_pair	199	7	1001
ENSBTAG00000047293_ENSBTAT00000114020_UTR_pair	4507	7	4213
ENSBTAG00000073338_ENSBTAT00000139161_UTR_pair	8	7	3492
ENSBTAG00000009851_ENSBTAT00000101606_UTR_pair	437	7	1677
ENSBTAG00000036262_ENSBTAT00000083071_UTR_pair	199	7	1001
ENSBTAG00000046959_ENSBTAT00000109204_UTR_pair	1359	7	3816
ENSBTAG00000005155_ENSBTAT00000006796_UTR_pair	300	7	1
ENSBTAG00000015728_ENSBTAT00000020876_UTR_pair	124	7	1822
ENSBTAG00000010091_ENSBTAT00000013306_UTR_pair	470	7	2650
ENSBTAG00000073969_ENSBTAT00000151826_UTR_pair	265	7	274
ENSBTAG00000015546_ENSBTAT00000113470_UTR_pair	199	7	293
ENSBTAG00000020996_ENSBTAT00000080474_UTR_pair	138	7	1175
ENSBTAG00000004124_ENSBTAT00000005398_UTR_pair	124	7	635
ENSBTAG00000004471_ENSBTAT00000005868_UTR_pair	531	7	1545
ENSBTAG00000014889_ENSBTAT00000134326_UTR_pair	199	7	1216
ENSBTAG00000015010_ENSBTAT00000134465_UTR_pair	15	7	1562
ENSBTAG00000004833_ENSBTAT00000087123_UTR_pair	15	7	377
ENSBTAG00000014302_ENSBTAT00000019001_UTR_pair	75	7	265
ENSBTAG00000004459_ENSBTAT00000074340_UTR_pair	318	7	16
ENSBTAG00000016363_ENSBTAT00000068901_UTR_pair	207	7	430
ENSBTAG00000016932_ENSBTAT00000022522_UTR_pair	59	7	1681
ENSBTAG00000015069_ENSBTAT00000143378_UTR_pair	199	7	913
ENSBTAG00000013460_ENSBTAT00000017903_UTR_pair	596	7	38
ENSBTAG00000013461_ENSBTAT00000130779_UTR_pair	37	7	85
ENSBTAG00000013464_ENSBTAT00000101506_UTR_pair	77	7	1001
ENSBTAG00000013465_ENSBTAT00000150377_UTR_pair	383	7	955
ENSBTAG00000010987_ENSBTAT00000014591_UTR_pair	195	7	1327
ENSBTAG00000000088_ENSBTAT00000000097_UTR_pair	676	7	2455
ENSBTAG00000013057_ENSBTAT00000062945_UTR_pair	144	7	230
ENSBTAG00000006893_ENSBTAT00000009058_UTR_pair	298	7	501
ENSBTAG00000003585_ENSBTAT00000131152_UTR_pair	118	7	1001
ENSBTAG00000005787_ENSBTAT00000007606_UTR_pair	106	7	206
ENSBTAG00000006158_ENSBTAT00000129215_UTR_pair	199	7	1624
ENSBTAG00000013769_ENSBTAT00000132201_UTR_pair	216	7	3370
ENSBTAG00000001209_ENSBTAT00000068946_UTR_pair	48	7	797
ENSBTAG00000004601_ENSBTAT00000006038_UTR_pair	199	7	484
ENSBTAG00000009084_ENSBTAT00000011976_UTR_pair	419	7	163
ENSBTAG00000009085_ENSBTAT00000011977_UTR_pair	30	7	1608
ENSBTAG00000005723_ENSBTAT00000118693_UTR_pair	76	7	1001
ENSBTAG00000007784_ENSBTAT00000120788_UTR_pair	199	7	2167
ENSBTAG00000002703_ENSBTAT00000055158_UTR_pair	392	7	2248
ENSBTAG00000004971_ENSBTAT00000065613_UTR_pair	399	7	1577
ENSBTAG00000001390_ENSBTAT00000047259_UTR_pair	236	7	777
ENSBTAG00000000210_ENSBTAT00000071475_UTR_pair	632	7	1249
ENSBTAG00000000213_ENSBTAT00000083926_UTR_pair	355	7	163
ENSBTAG00000008562_ENSBTAT00000011287_UTR_pair	54	7	3109
ENSBTAG00000033170_ENSBTAT00000047119_UTR_pair	199	7	440
ENSBTAG00000022155_ENSBTAT00000029891_UTR_pair	79	7	2577
ENSBTAG00000016848_ENSBTAT00000070754_UTR_pair	239	7	206
ENSBTAG00000013069_ENSBTAT00000017379_UTR_pair	186	7	349
ENSBTAG00000054326_ENSBTAT00000113503_UTR_pair	251	7	1781
ENSBTAG00000011143_ENSBTAT00000080763_UTR_pair	259	7	847
ENSBTAG00000021791_ENSBTAT00000029045_UTR_pair	376	7	454
ENSBTAG00000009933_ENSBTAT00000013108_UTR_pair	72	7	2087
ENSBTAG00000016656_ENSBTAT00000022152_UTR_pair	48	7	203
ENSBTAG00000005066_ENSBTAT00000095463_UTR_pair	220	7	364
ENSBTAG00000005071_ENSBTAT00000006685_UTR_pair	99	7	909
ENSBTAG00000018877_ENSBTAT00000106951_UTR_pair	39	7	150
ENSBTAG00000014797_ENSBTAT00000019691_UTR_pair	171	7	1001
ENSBTAG00000023607_ENSBTAT00000032276_UTR_pair	199	7	143
ENSBTAG00000014567_ENSBTAT00000090379_UTR_pair	251	7	58
ENSBTAG00000000566_ENSBTAT00000109092_UTR_pair	147	7	1173
ENSBTAG00000013727_ENSBTAT00000125275_UTR_pair	77	7	1001
ENSBTAG00000013755_ENSBTAT00000018278_UTR_pair	45	7	394
ENSBTAG00000021396_ENSBTAT00000146576_UTR_pair	199	7	1001
ENSBTAG00000000496_ENSBTAT00000018208_UTR_pair	428	7	302
ENSBTAG00000050482_ENSBTAT00000070820_UTR_pair	202	7	1001
ENSBTAG00000006471_ENSBTAT00000103845_UTR_pair	161	7	923
ENSBTAG00000014208_ENSBTAT00000018888_UTR_pair	34	7	50
ENSBTAG00000018025_ENSBTAT00000023995_UTR_pair	175	7	372
ENSBTAG00000014874_ENSBTAT00000046614_UTR_pair	59	7	94
ENSBTAG00000032839_ENSBTAT00000025116_UTR_pair	199	7	86
ENSBTAG00000001890_ENSBTAT00000002461_UTR_pair	180	7	2608
ENSBTAG00000021364_ENSBTAT00000028482_UTR_pair	297	7	746
ENSBTAG00000032719_ENSBTAT00000118037_UTR_pair	308	7	207
ENSBTAG00000016979_ENSBTAT00000022580_UTR_pair	280	7	121
ENSBTAG00000007577_ENSBTAT00000009970_UTR_pair	182	7	468
ENSBTAG00000013317_ENSBTAT00000017712_UTR_pair	325	7	1756
ENSBTAG00000006388_ENSBTAT00000050590_UTR_pair	57	7	568
ENSBTAG00000013192_ENSBTAT00000017558_UTR_pair	243	7	983
ENSBTAG00000048195_ENSBTAT00000108301_UTR_pair	233	7	857
ENSBTAG00000047856_ENSBTAT00000082239_UTR_pair	155	7	1660
ENSBTAG00000032674_ENSBTAT00000080821_UTR_pair	211	7	3256
ENSBTAG00000008873_ENSBTAT00000099835_UTR_pair	473	7	513
ENSBTAG00000020378_ENSBTAT00000067511_UTR_pair	199	7	1001
ENSBTAG00000000448_ENSBTAT00000082799_UTR_pair	199	7	356
ENSBTAG00000006724_ENSBTAT00000101017_UTR_pair	208	7	904
ENSBTAG00000054986_ENSBTAT00000098057_UTR_pair	179	7	673
ENSBTAG00000008462_ENSBTAT00000117439_UTR_pair	998	7	1615
ENSBTAG00000008461_ENSBTAT00000072998_UTR_pair	82	7	276
ENSBTAG00000002394_ENSBTAT00000032260_UTR_pair	144	7	813
ENSBTAG00000013204_ENSBTAT00000017579_UTR_pair	50	7	1179
ENSBTAG00000000569_ENSBTAT00000000742_UTR_pair	222	7	1001
ENSBTAG00000019514_ENSBTAT00000082852_UTR_pair	122	7	1045
ENSBTAG00000006945_ENSBTAT00000075658_UTR_pair	215	7	402
ENSBTAG00000013205_ENSBTAT00000070445_UTR_pair	28	7	1001
ENSBTAG00000001511_ENSBTAT00000071778_UTR_pair	84	7	1074
ENSBTAG00000010357_ENSBTAT00000012565_UTR_pair	172	7	308
ENSBTAG00000014724_ENSBTAT00000019596_UTR_pair	362	7	633
ENSBTAG00000003151_ENSBTAT00000004094_UTR_pair	75	7	380
ENSBTAG00000003143_ENSBTAT00000004087_UTR_pair	315	7	930
ENSBTAG00000014915_ENSBTAT00000105660_UTR_pair	139	7	2251
ENSBTAG00000001697_ENSBTAT00000149595_UTR_pair	149	7	3796
ENSBTAG00000007666_ENSBTAT00000123291_UTR_pair	71	7	173
ENSBTAG00000001749_ENSBTAT00000002296_UTR_pair	199	7	729
ENSBTAG00000017115_ENSBTAT00000148663_UTR_pair	199	7	1622
ENSBTAG00000019625_ENSBTAT00000089657_UTR_pair	41	7	1983
ENSBTAG00000019014_ENSBTAT00000025309_UTR_pair	310	7	1307
ENSBTAG00000005313_ENSBTAT00000120222_UTR_pair	199	7	765
ENSBTAG00000012881_ENSBTAT00000032213_UTR_pair	363	7	1001
ENSBTAG00000005660_ENSBTAT00000007436_UTR_pair	51	7	157
ENSBTAG00000006920_ENSBTAT00000009087_UTR_pair	10	7	289
ENSBTAG00000019336_ENSBTAT00000112547_UTR_pair	199	7	1001
ENSBTAG00000011414_ENSBTAT00000015168_UTR_pair	199	7	1001
ENSBTAG00000017666_ENSBTAT00000023496_UTR_pair	153	7	1349
ENSBTAG00000014451_ENSBTAT00000019219_UTR_pair	161	7	1622
ENSBTAG00000017450_ENSBTAT00000023192_UTR_pair	236	7	263
ENSBTAG00000012797_ENSBTAT00000083735_UTR_pair	199	7	2696
ENSBTAG00000000290_ENSBTAT00000084243_UTR_pair	308	7	316
ENSBTAG00000023513_ENSBTAT00000032097_UTR_pair	122	7	682
ENSBTAG00000001968_ENSBTAT00000002554_UTR_pair	111	7	605
ENSBTAG00000005946_ENSBTAT00000061390_UTR_pair	79	7	52
ENSBTAG00000002460_ENSBTAT00000105321_UTR_pair	47	7	386
ENSBTAG00000002767_ENSBTAT00000146290_UTR_pair	206	7	1406
ENSBTAG00000010485_ENSBTAT00000013860_UTR_pair	68	7	919
ENSBTAG00000037393_ENSBTAT00000111881_UTR_pair	251	7	1001
ENSBTAG00000009232_ENSBTAT00000072391_UTR_pair	558	7	1001
ENSBTAG00000073599_ENSBTAT00000146066_UTR_pair	258	7	7223
ENSBTAG00000021910_ENSBTAT00000087441_UTR_pair	245	7	4995
ENSBTAG00000023814_ENSBTAT00000032677_UTR_pair	287	7	1170
ENSBTAG00000020073_ENSBTAT00000144004_UTR_pair	206	7	3329
ENSBTAG00000057675_ENSBTAT00000152633_UTR_pair	122	7	6361
ENSBTAG00000019376_ENSBTAT00000025816_UTR_pair	199	7	3198
ENSBTAG00000017490_ENSBTAT00000076794_UTR_pair	164	7	2006
ENSBTAG00000010550_ENSBTAT00000136631_UTR_pair	202	7	4739
ENSBTAG00000004154_ENSBTAT00000005438_UTR_pair	256	7	990
ENSBTAG00000001403_ENSBTAT00000061563_UTR_pair	134	7	769
ENSBTAG00000013142_ENSBTAT00000092038_UTR_pair	318	7	1536
ENSBTAG00000018727_ENSBTAT00000024928_UTR_pair	364	7	1571
ENSBTAG00000012708_ENSBTAT00000016890_UTR_pair	100	7	251
ENSBTAG00000031709_ENSBTAT00000076471_UTR_pair	330	7	394
ENSBTAG00000016228_ENSBTAT00000116795_UTR_pair	199	7	1269
ENSBTAG00000001274_ENSBTAT00000092025_UTR_pair	199	7	1001
ENSBTAG00000017416_ENSBTAT00000095452_UTR_pair	304	7	1939
ENSBTAG00000058033_ENSBTAT00000132628_UTR_pair	398	7	14040
ENSBTAG00000031572_ENSBTAT00000108062_UTR_pair	199	7	1397
ENSBTAG00000027795_ENSBTAT00000135413_UTR_pair	236	7	1087
ENSBTAG00000009336_ENSBTAT00000104232_UTR_pair	358	7	974
ENSBTAG00000004126_ENSBTAT00000074635_UTR_pair	142	7	15
ENSBTAG00000031561_ENSBTAT00000044707_UTR_pair	131	7	471
ENSBTAG00000003851_ENSBTAT00000005025_UTR_pair	1261	7	585
ENSBTAG00000012120_ENSBTAT00000016071_UTR_pair	229	7	1621
ENSBTAG00000076513_ENSBTAT00000140019_UTR_pair	96	7	3336
ENSBTAG00000013013_ENSBTAT00000084984_UTR_pair	199	7	18
ENSBTAG00000002075_ENSBTAT00000002681_UTR_pair	345	7	1124
ENSBTAG00000006142_ENSBTAT00000100836_UTR_pair	63	7	3076
ENSBTAG00000001465_ENSBTAT00000100582_UTR_pair	1139	7	5008
ENSBTAG00000004564_ENSBTAT00000069762_UTR_pair	6	7	416
ENSBTAG00000023445_ENSBTAT00000044404_UTR_pair	506	7	1008
ENSBTAG00000031435_ENSBTAT00000148942_UTR_pair	114	7	2575
ENSBTAG00000018402_ENSBTAT00000024485_UTR_pair	642	7	1453
ENSBTAG00000011147_ENSBTAT00000014803_UTR_pair	101	7	1008
ENSBTAG00000005068_ENSBTAT00000123126_UTR_pair	61	7	41
ENSBTAG00000007814_ENSBTAT00000010277_UTR_pair	68	7	3257
ENSBTAG00000015163_ENSBTAT00000113254_UTR_pair	62	7	838
ENSBTAG00000002395_ENSBTAT00000003112_UTR_pair	21	7	670
ENSBTAG00000019704_ENSBTAT00000129406_UTR_pair	208	7	2109
ENSBTAG00000001721_ENSBTAT00000075393_UTR_pair	109	7	680
ENSBTAG00000022227_ENSBTAT00000110973_UTR_pair	93	7	919
ENSBTAG00000011986_ENSBTAT00000083481_UTR_pair	137	7	2060
ENSBTAG00000007331_ENSBTAT00000031949_UTR_pair	351	7	1263
ENSBTAG00000007933_ENSBTAT00000010430_UTR_pair	688	7	2587
ENSBTAG00000031178_ENSBTAT00000072060_UTR_pair	146	7	1455
ENSBTAG00000009154_ENSBTAT00000088655_UTR_pair	21	7	1001
ENSBTAG00000016026_ENSBTAT00000021330_UTR_pair	221	7	537
ENSBTAG00000002232_ENSBTAT00000002887_UTR_pair	199	7	25
ENSBTAG00000011524_ENSBTAT00000093517_UTR_pair	66	7	4484
ENSBTAG00000018138_ENSBTAT00000096969_UTR_pair	42	7	6358
ENSBTAG00000006222_ENSBTAT00000008169_UTR_pair	1	7	37
ENSBTAG00000014140_ENSBTAT00000018795_UTR_pair	164	7	502
ENSBTAG00000015413_ENSBTAT00000044150_UTR_pair	92	7	462
ENSBTAG00000040061_ENSBTAT00000124188_UTR_pair	8643	7	3661
ENSBTAG00000050763_ENSBTAT00000081879_UTR_pair	203	7	1001
ENSBTAG00000015310_ENSBTAT00000020353_UTR_pair	191	7	23
ENSBTAG00000020028_ENSBTAT00000115958_UTR_pair	256	7	186
ENSBTAG00000014843_ENSBTAT00000090923_UTR_pair	100	7	687
ENSBTAG00000006909_ENSBTAT00000009083_UTR_pair	457	7	1337
ENSBTAG00000023426_ENSBTAT00000132762_UTR_pair	52	7	294
ENSBTAG00000018538_ENSBTAT00000096413_UTR_pair	163	7	1075
ENSBTAG00000001497_ENSBTAT00000052818_UTR_pair	87	7	3245
ENSBTAG00000019952_ENSBTAT00000070490_UTR_pair	13	7	657
ENSBTAG00000019949_ENSBTAT00000026574_UTR_pair	144	7	195
ENSBTAG00000015198_ENSBTAT00000128659_UTR_pair	199	7	1001
ENSBTAG00000018427_ENSBTAT00000024518_UTR_pair	137	7	493
ENSBTAG00000035437_ENSBTAT00000110879_UTR_pair	363	7	1963
ENSBTAG00000015221_ENSBTAT00000074470_UTR_pair	4	7	1001
ENSBTAG00000000750_ENSBTAT00000000991_UTR_pair	1196	7	1774
ENSBTAG00000023416_ENSBTAT00000069850_UTR_pair	199	7	2427
ENSBTAG00000007014_ENSBTAT00000009235_UTR_pair	199	7	1001
ENSBTAG00000000742_ENSBTAT00000077451_UTR_pair	165	7	1370
ENSBTAG00000016999_ENSBTAT00000022607_UTR_pair	199	7	284
ENSBTAG00000001324_ENSBTAT00000001747_UTR_pair	101	7	2554
ENSBTAG00000000905_ENSBTAT00000001199_UTR_pair	364	7	3047
ENSBTAG00000044075_ENSBTAT00000106872_UTR_pair	24	7	974
ENSBTAG00000000526_ENSBTAT00000084226_UTR_pair	164	7	698
ENSBTAG00000035556_ENSBTAT00000023484_UTR_pair	333	7	2254
ENSBTAG00000004495_ENSBTAT00000005894_UTR_pair	193	7	1951
ENSBTAG00000002966_ENSBTAT00000133182_UTR_pair	271	7	759
ENSBTAG00000030942_ENSBTAT00000067478_UTR_pair	168	7	54
ENSBTAG00000009258_ENSBTAT00000115351_UTR_pair	261	7	9
ENSBTAG00000007462_ENSBTAT00000068941_UTR_pair	557	7	2127
ENSBTAG00000011626_ENSBTAT00000114603_UTR_pair	93	7	248
ENSBTAG00000013602_ENSBTAT00000018087_UTR_pair	123	7	2790
ENSBTAG00000013629_ENSBTAT00000018116_UTR_pair	69	7	1633
ENSBTAG00000030913_ENSBTAT00000012035_UTR_pair	284	7	926
ENSBTAG00000021253_ENSBTAT00000028324_UTR_pair	199	7	1001
ENSBTAG00000021259_ENSBTAT00000093461_UTR_pair	150	7	1001
ENSBTAG00000030836_ENSBTAT00000096215_UTR_pair	199	7	1001
ENSBTAG00000066612_ENSBTAT00000028342_UTR_pair	100	7	3320
ENSBTAG00000021286_ENSBTAT00000078051_UTR_pair	268	7	893
ENSBTAG00000021899_ENSBTAT00000029195_UTR_pair	12	7	209
ENSBTAG00000021491_ENSBTAT00000077373_UTR_pair	189	7	421
ENSBTAG00000014153_ENSBTAT00000018809_UTR_pair	238	7	2890
ENSBTAG00000017418_ENSBTAT00000023157_UTR_pair	70	7	2441
ENSBTAG00000074909_ENSBTAT00000149796_UTR_pair	140	7	5435
ENSBTAG00000003981_ENSBTAT00000070390_UTR_pair	80	7	285
ENSBTAG00000020456_ENSBTAT00000027260_UTR_pair	30	7	2038
ENSBTAG00000007100_ENSBTAT00000087207_UTR_pair	151	7	2944
ENSBTAG00000010658_ENSBTAT00000056305_UTR_pair	93	7	428
ENSBTAG00000060080_ENSBTAT00000118633_UTR_pair	398	7	4063
ENSBTAG00000048090_ENSBTAT00000063929_UTR_pair	52	7	1001
ENSBTAG00000021771_ENSBTAT00000029020_UTR_pair	66	7	1668
ENSBTAG00000017486_ENSBTAT00000102649_UTR_pair	278	7	4211
ENSBTAG00000024162_ENSBTAT00000043357_UTR_pair	209	7	608
ENSBTAG00000011802_ENSBTAT00000015668_UTR_pair	219	7	766
ENSBTAG00000019269_ENSBTAT00000111108_UTR_pair	141	7	506
ENSBTAG00000018936_ENSBTAT00000025201_UTR_pair	53	7	1977
ENSBTAG00000003148_ENSBTAT00000004097_UTR_pair	457	7	129
ENSBTAG00000003161_ENSBTAT00000004104_UTR_pair	199	7	1696
ENSBTAG00000030670_ENSBTAT00000029328_UTR_pair	127	7	338
ENSBTAG00000011495_ENSBTAT00000066782_UTR_pair	246	7	1713
ENSBTAG00000005503_ENSBTAT00000031549_UTR_pair	199	7	401
ENSBTAG00000007039_ENSBTAT00000009259_UTR_pair	131	7	802
ENSBTAG00000004742_ENSBTAT00000006224_UTR_pair	221	7	1001
ENSBTAG00000018688_ENSBTAT00000024873_UTR_pair	184	7	44
ENSBTAG00000011876_ENSBTAT00000154656_UTR_pair	41	7	3015
ENSBTAG00000011880_ENSBTAT00000015764_UTR_pair	167	7	220
ENSBTAG00000033679_ENSBTAT00000120155_UTR_pair	58	7	3185
ENSBTAG00000008167_ENSBTAT00000104757_UTR_pair	199	7	484
ENSBTAG00000004791_ENSBTAT00000119990_UTR_pair	36	7	2
ENSBTAG00000001771_ENSBTAT00000072702_UTR_pair	264	7	2725
ENSBTAG00000009214_ENSBTAT00000074510_UTR_pair	108	7	1999
ENSBTAG00000006479_ENSBTAT00000008495_UTR_pair	294	7	1065
ENSBTAG00000023377_ENSBTAT00000031822_UTR_pair	199	7	1239
ENSBTAG00000023375_ENSBTAT00000079401_UTR_pair	281	7	320
ENSBTAG00000019202_ENSBTAT00000118955_UTR_pair	12	7	3264
ENSBTAG00000024815_ENSBTAT00000130471_UTR_pair	199	7	2977
ENSBTAG00000004891_ENSBTAT00000097695_UTR_pair	477	7	397
ENSBTAG00000030593_ENSBTAT00000134763_UTR_pair	11	7	1001
ENSBTAG00000009942_ENSBTAT00000013117_UTR_pair	199	7	1822
ENSBTAG00000021158_ENSBTAT00000028199_UTR_pair	168	7	1392
ENSBTAG00000046385_ENSBTAT00000136322_UTR_pair	356	7	543
ENSBTAG00000000746_ENSBTAT00000075969_UTR_pair	199	7	1848
ENSBTAG00000012867_ENSBTAT00000017100_UTR_pair	199	7	1001
ENSBTAG00000002896_ENSBTAT00000003764_UTR_pair	14	7	536
ENSBTAG00000016954_ENSBTAT00000135036_UTR_pair	57	7	176
ENSBTAG00000012497_ENSBTAT00000016581_UTR_pair	157	7	572
ENSBTAG00000000767_ENSBTAT00000123914_UTR_pair	132	7	1001
ENSBTAG00000012803_ENSBTAT00000017007_UTR_pair	65	7	358
ENSBTAG00000014750_ENSBTAT00000071153_UTR_pair	882	7	532
ENSBTAG00000014099_ENSBTAT00000018745_UTR_pair	211	7	1782
ENSBTAG00000014027_ENSBTAT00000116005_UTR_pair	199	7	1723
ENSBTAG00000001895_ENSBTAT00000107053_UTR_pair	97	7	287
ENSBTAG00000001898_ENSBTAT00000002468_UTR_pair	170	7	573
ENSBTAG00000008699_ENSBTAT00000011464_UTR_pair	191	7	1700
ENSBTAG00000035030_ENSBTAT00000110586_UTR_pair	199	7	414
ENSBTAG00000017442_ENSBTAT00000023186_UTR_pair	211	7	694
ENSBTAG00000034998_ENSBTAT00000020753_UTR_pair	199	7	1001
ENSBTAG00000035174_ENSBTAT00000049661_UTR_pair	63	7	585
ENSBTAG00000014536_ENSBTAT00000131082_UTR_pair	271	7	1475
ENSBTAG00000007840_ENSBTAT00000010315_UTR_pair	193	7	1575
ENSBTAG00000000081_ENSBTAT00000116228_UTR_pair	111	7	47
ENSBTAG00000004028_ENSBTAT00000120925_UTR_pair	184	7	1517
ENSBTAG00000007114_ENSBTAT00000126283_UTR_pair	126	7	376
ENSBTAG00000000897_ENSBTAT00000094339_UTR_pair	205	7	836
ENSBTAG00000020199_ENSBTAT00000026902_UTR_pair	193	7	2084
ENSBTAG00000034848_ENSBTAT00000049319_UTR_pair	161	7	2848
ENSBTAG00000034823_ENSBTAT00000049280_UTR_pair	355	7	2469
ENSBTAG00000065804_ENSBTAT00000078442_UTR_pair	285	7	1001
ENSBTAG00000020212_ENSBTAT00000026917_UTR_pair	110	7	60
ENSBTAG00000003263_ENSBTAT00000095668_UTR_pair	199	7	972
ENSBTAG00000005016_ENSBTAT00000096427_UTR_pair	40	7	573
ENSBTAG00000007371_ENSBTAT00000009693_UTR_pair	67	7	158
ENSBTAG00000007374_ENSBTAT00000009698_UTR_pair	204	7	3874
ENSBTAG00000025856_ENSBTAT00000061226_UTR_pair	514	7	1186
ENSBTAG00000025853_ENSBTAT00000082088_UTR_pair	199	7	1617
ENSBTAG00000006751_ENSBTAT00000008885_UTR_pair	511	7	1349
ENSBTAG00000001619_ENSBTAT00000002123_UTR_pair	199	7	344
ENSBTAG00000075267_ENSBTAT00000153652_UTR_pair	152	7	2901
ENSBTAG00000015716_ENSBTAT00000079822_UTR_pair	199	7	3269
ENSBTAG00000010399_ENSBTAT00000069909_UTR_pair	258	7	1517
ENSBTAG00000011540_ENSBTAT00000102792_UTR_pair	132	7	559
ENSBTAG00000021630_ENSBTAT00000028820_UTR_pair	11	7	231
ENSBTAG00000039658_ENSBTAT00000054198_UTR_pair	152	7	1033
ENSBTAG00000008386_ENSBTAT00000011038_UTR_pair	199	7	29
ENSBTAG00000012352_ENSBTAT00000084343_UTR_pair	199	7	1272
ENSBTAG00000014807_ENSBTAT00000019706_UTR_pair	199	7	573
ENSBTAG00000015155_ENSBTAT00000125394_UTR_pair	138	7	1001
ENSBTAG00000015158_ENSBTAT00000020164_UTR_pair	353	7	574
ENSBTAG00000017095_ENSBTAT00000102724_UTR_pair	437	7	581
ENSBTAG00000077962_ENSBTAT00000025235_UTR_pair	44	7	1598
ENSBTAG00000000371_ENSBTAT00000000481_UTR_pair	119	7	286
ENSBTAG00000000372_ENSBTAT00000068089_UTR_pair	40	7	640
ENSBTAG00000000625_ENSBTAT00000077858_UTR_pair	764	7	255
ENSBTAG00000012599_ENSBTAT00000016728_UTR_pair	66	7	4256
ENSBTAG00000040368_ENSBTAT00000097764_UTR_pair	25	7	649
ENSBTAG00000000218_ENSBTAT00000000265_UTR_pair	682	7	340
ENSBTAG00000005565_ENSBTAT00000107273_UTR_pair	199	7	708
ENSBTAG00000071642_ENSBTAT00000152501_UTR_pair	671	7	4609
ENSBTAG00000012681_ENSBTAT00000080431_UTR_pair	160	7	1829
ENSBTAG00000012365_ENSBTAT00000123888_UTR_pair	138	7	1167
ENSBTAG00000001405_ENSBTAT00000001844_UTR_pair	215	7	3208
ENSBTAG00000009983_ENSBTAT00000069739_UTR_pair	199	7	591
ENSBTAG00000015580_ENSBTAT00000090679_UTR_pair	251	7	1914
ENSBTAG00000013982_ENSBTAT00000075718_UTR_pair	27	7	118
ENSBTAG00000001601_ENSBTAT00000108129_UTR_pair	256	7	623
ENSBTAG00000005753_ENSBTAT00000007566_UTR_pair	202	7	272
ENSBTAG00000012981_ENSBTAT00000017261_UTR_pair	35	7	181
ENSBTAG00000007614_ENSBTAT00000101286_UTR_pair	349	7	696
ENSBTAG00000001578_ENSBTAT00000002065_UTR_pair	64	7	1042
ENSBTAG00000004990_ENSBTAT00000006569_UTR_pair	193	7	741
ENSBTAG00000019734_ENSBTAT00000026300_UTR_pair	273	7	1399
ENSBTAG00000010666_ENSBTAT00000089432_UTR_pair	199	7	1191
ENSBTAG00000007149_ENSBTAT00000124336_UTR_pair	132	7	1840
ENSBTAG00000006366_ENSBTAT00000039158_UTR_pair	199	7	773
ENSBTAG00000010235_ENSBTAT00000047185_UTR_pair	94	7	116
ENSBTAG00000010234_ENSBTAT00000013522_UTR_pair	289	7	255
ENSBTAG00000002712_ENSBTAT00000055751_UTR_pair	114	7	342
ENSBTAG00000002707_ENSBTAT00000080214_UTR_pair	62	7	929
ENSBTAG00000005814_ENSBTAT00000077746_UTR_pair	1035	7	41
ENSBTAG00000025778_ENSBTAT00000036447_UTR_pair	206	7	959
ENSBTAG00000021395_ENSBTAT00000069799_UTR_pair	199	7	137
ENSBTAG00000021392_ENSBTAT00000028515_UTR_pair	393	7	712
ENSBTAG00000007099_ENSBTAT00000055864_UTR_pair	199	7	177
ENSBTAG00000016467_ENSBTAT00000036406_UTR_pair	151	7	639
ENSBTAG00000007415_ENSBTAT00000108232_UTR_pair	440	7	1957
ENSBTAG00000011571_ENSBTAT00000153623_UTR_pair	199	7	606
ENSBTAG00000011349_ENSBTAT00000015083_UTR_pair	308	7	517
ENSBTAG00000012724_ENSBTAT00000016915_UTR_pair	353	7	1168
ENSBTAG00000012723_ENSBTAT00000016912_UTR_pair	421	7	279
ENSBTAG00000038333_ENSBTAT00000082396_UTR_pair	184	7	787
ENSBTAG00000016378_ENSBTAT00000073812_UTR_pair	437	7	527
ENSBTAG00000014824_ENSBTAT00000019744_UTR_pair	127	7	431
ENSBTAG00000013249_ENSBTAT00000077475_UTR_pair	253	7	934
ENSBTAG00000015148_ENSBTAT00000020151_UTR_pair	136	7	130
ENSBTAG00000015146_ENSBTAT00000020149_UTR_pair	6	7	721
ENSBTAG00000044207_ENSBTAT00000061077_UTR_pair	318	7	1531
ENSBTAG00000020422_ENSBTAT00000027215_UTR_pair	266	7	409
ENSBTAG00000020421_ENSBTAT00000132215_UTR_pair	199	7	1172
ENSBTAG00000021008_ENSBTAT00000133684_UTR_pair	1964	7	463
ENSBTAG00000013401_ENSBTAT00000063701_UTR_pair	318	7	544
ENSBTAG00000000843_ENSBTAT00000080282_UTR_pair	146	7	821
ENSBTAG00000002748_ENSBTAT00000003561_UTR_pair	139	7	697
ENSBTAG00000002745_ENSBTAT00000131142_UTR_pair	192	7	283
ENSBTAG00000002743_ENSBTAT00000003557_UTR_pair	202	7	146
ENSBTAG00000001179_ENSBTAT00000001564_UTR_pair	119	7	108
ENSBTAG00000009374_ENSBTAT00000063765_UTR_pair	199	7	170
ENSBTAG00000020040_ENSBTAT00000128185_UTR_pair	199	7	478
ENSBTAG00000025632_ENSBTAT00000036177_UTR_pair	50	7	2694
ENSBTAG00000006416_ENSBTAT00000008411_UTR_pair	92	7	332
ENSBTAG00000007385_ENSBTAT00000009709_UTR_pair	68	7	2099
ENSBTAG00000044029_ENSBTAT00000066898_UTR_pair	26	7	1001
ENSBTAG00000020100_ENSBTAT00000116189_UTR_pair	268	7	159
ENSBTAG00000012712_ENSBTAT00000077178_UTR_pair	158	7	180
ENSBTAG00000040206_ENSBTAT00000111588_UTR_pair	1170	7	2740
ENSBTAG00000001364_ENSBTAT00000055382_UTR_pair	22	7	1002
ENSBTAG00000032518_ENSBTAT00000046117_UTR_pair	995	7	4378
ENSBTAG00000021870_ENSBTAT00000122984_UTR_pair	199	7	1001
ENSBTAG00000014351_ENSBTAT00000019083_UTR_pair	62	7	173
ENSBTAG00000014353_ENSBTAT00000122666_UTR_pair	201	7	462
ENSBTAG00000066139_ENSBTAT00000090090_UTR_pair	2355	7	2664
ENSBTAG00000032340_ENSBTAT00000056746_UTR_pair	199	7	2296
ENSBTAG00000004409_ENSBTAT00000005782_UTR_pair	199	7	1798
ENSBTAG00000004420_ENSBTAT00000005794_UTR_pair	383	7	2004
ENSBTAG00000025593_ENSBTAT00000036068_UTR_pair	36	7	848
ENSBTAG00000057394_ENSBTAT00000088053_UTR_pair	39	7	285
ENSBTAG00000002918_ENSBTAT00000003788_UTR_pair	483	7	1244
ENSBTAG00000002921_ENSBTAT00000003795_UTR_pair	47	7	671
ENSBTAG00000013480_ENSBTAT00000017926_UTR_pair	12	7	69
ENSBTAG00000004086_ENSBTAT00000045851_UTR_pair	311	7	677
ENSBTAG00000011567_ENSBTAT00000015368_UTR_pair	342	7	616
ENSBTAG00000010371_ENSBTAT00000013689_UTR_pair	152	7	687
ENSBTAG00000010380_ENSBTAT00000077722_UTR_pair	292	7	1366
ENSBTAG00000027173_ENSBTAT00000038963_UTR_pair	270	7	1890
ENSBTAG00000001675_ENSBTAT00000002194_UTR_pair	6	7	401
ENSBTAG00000001693_ENSBTAT00000081849_UTR_pair	78	7	368
ENSBTAG00000001694_ENSBTAT00000068773_UTR_pair	257	7	1065
ENSBTAG00000015142_ENSBTAT00000079188_UTR_pair	234	7	2205
ENSBTAG00000006792_ENSBTAT00000008933_UTR_pair	96	7	461
ENSBTAG00000032055_ENSBTAT00000006949_UTR_pair	216	7	1001
ENSBTAG00000008863_ENSBTAT00000092141_UTR_pair	19	7	1208
ENSBTAG00000008866_ENSBTAT00000128627_UTR_pair	477	7	1624
ENSBTAG00000004079_ENSBTAT00000111399_UTR_pair	207	7	1001
ENSBTAG00000005661_ENSBTAT00000007438_UTR_pair	179	7	1503
ENSBTAG00000006470_ENSBTAT00000107168_UTR_pair	199	7	1001
ENSBTAG00000013031_ENSBTAT00000017324_UTR_pair	83	7	516
ENSBTAG00000013032_ENSBTAT00000017326_UTR_pair	38	7	1167
ENSBTAG00000004926_ENSBTAT00000006480_UTR_pair	137	7	517
ENSBTAG00000033891_ENSBTAT00000048092_UTR_pair	2747	7	1275
ENSBTAG00000004930_ENSBTAT00000044951_UTR_pair	225	7	338
ENSBTAG00000004933_ENSBTAT00000006490_UTR_pair	284	7	1260
ENSBTAG00000004934_ENSBTAT00000071070_UTR_pair	87	7	375
ENSBTAG00000068075_ENSBTAT00000102330_UTR_pair	1676	7	5053
ENSBTAG00000005550_ENSBTAT00000007299_UTR_pair	199	7	1001
ENSBTAG00000014792_ENSBTAT00000086348_UTR_pair	199	7	742
ENSBTAG00000014312_ENSBTAT00000019032_UTR_pair	331	7	714
ENSBTAG00000001539_ENSBTAT00000002017_UTR_pair	385	7	1208
ENSBTAG00000020281_ENSBTAT00000061216_UTR_pair	444	7	1001
ENSBTAG00000011494_ENSBTAT00000083932_UTR_pair	65	7	48
ENSBTAG00000011225_ENSBTAT00000014908_UTR_pair	132	7	1438
ENSBTAG00000031707_ENSBTAT00000052708_UTR_pair	221	7	2715
ENSBTAG00000076045_ENSBTAT00000154427_UTR_pair	199	7	3118
ENSBTAG00000021945_ENSBTAT00000029257_UTR_pair	50	7	685
ENSBTAG00000015808_ENSBTAT00000020995_UTR_pair	207	7	5
ENSBTAG00000014493_ENSBTAT00000019269_UTR_pair	21	7	229
ENSBTAG00000016823_ENSBTAT00000101317_UTR_pair	313	7	667
ENSBTAG00000016822_ENSBTAT00000022378_UTR_pair	86	7	209
ENSBTAG00000002014_ENSBTAT00000002609_UTR_pair	140	7	383
ENSBTAG00000002012_ENSBTAT00000002607_UTR_pair	187	7	356
ENSBTAG00000008805_ENSBTAT00000087295_UTR_pair	199	7	628
ENSBTAG00000019390_ENSBTAT00000025837_UTR_pair	538	7	2843
ENSBTAG00000005373_ENSBTAT00000066573_UTR_pair	199	7	1001
ENSBTAG00000003667_ENSBTAT00000061376_UTR_pair	325	7	1001
ENSBTAG00000015904_ENSBTAT00000067938_UTR_pair	199	7	198
ENSBTAG00000005328_ENSBTAT00000085432_UTR_pair	171	7	2007
ENSBTAG00000013493_ENSBTAT00000017939_UTR_pair	312	7	4539
ENSBTAG00000010298_ENSBTAT00000123995_UTR_pair	30	7	1133
ENSBTAG00000021538_ENSBTAT00000118032_UTR_pair	367	7	972
ENSBTAG00000005269_ENSBTAT00000006943_UTR_pair	146	7	259
ENSBTAG00000014181_ENSBTAT00000018858_UTR_pair	322	7	1529
ENSBTAG00000011319_ENSBTAT00000077935_UTR_pair	84	7	957
ENSBTAG00000012391_ENSBTAT00000107915_UTR_pair	82	7	1001
ENSBTAG00000005481_ENSBTAT00000075105_UTR_pair	254	7	2147
ENSBTAG00000010119_ENSBTAT00000013358_UTR_pair	214	7	1777
ENSBTAG00000040384_ENSBTAT00000110502_UTR_pair	121	7	235
ENSBTAG00000008575_ENSBTAT00000035934_UTR_pair	413	7	1001
ENSBTAG00000002586_ENSBTAT00000035927_UTR_pair	254	7	2376
ENSBTAG00000031433_ENSBTAT00000101082_UTR_pair	529	7	119
ENSBTAG00000013793_ENSBTAT00000018331_UTR_pair	252	7	2883
ENSBTAG00000009151_ENSBTAT00000087201_UTR_pair	199	7	1001
ENSBTAG00000012740_ENSBTAT00000016934_UTR_pair	44	7	229
ENSBTAG00000012408_ENSBTAT00000016464_UTR_pair	310	7	2106
ENSBTAG00000001342_ENSBTAT00000001767_UTR_pair	199	7	1915
ENSBTAG00000024958_ENSBTAT00000065691_UTR_pair	199	7	846
ENSBTAG00000011022_ENSBTAT00000079763_UTR_pair	199	7	4083
ENSBTAG00000006489_ENSBTAT00000063531_UTR_pair	73	7	496
ENSBTAG00000003762_ENSBTAT00000004896_UTR_pair	199	7	5263
ENSBTAG00000005865_ENSBTAT00000007709_UTR_pair	482	7	1001
ENSBTAG00000013830_ENSBTAT00000132132_UTR_pair	420	7	130
ENSBTAG00000048622_ENSBTAT00000104728_UTR_pair	122	7	1
ENSBTAG00000014011_ENSBTAT00000026116_UTR_pair	165	7	5
ENSBTAG00000017683_ENSBTAT00000023518_UTR_pair	199	7	790
ENSBTAG00000000737_ENSBTAT00000035892_UTR_pair	460	7	1327
ENSBTAG00000013616_ENSBTAT00000061383_UTR_pair	84	7	1001
ENSBTAG00000011831_ENSBTAT00000076826_UTR_pair	261	7	1001
ENSBTAG00000031165_ENSBTAT00000044081_UTR_pair	264	7	1344
ENSBTAG00000022801_ENSBTAT00000030952_UTR_pair	265	7	1348
ENSBTAG00000004303_ENSBTAT00000005640_UTR_pair	199	7	296
ENSBTAG00000004011_ENSBTAT00000119432_UTR_pair	199	7	345
ENSBTAG00000013425_ENSBTAT00000017862_UTR_pair	76	7	2922
ENSBTAG00000046553_ENSBTAT00000065830_UTR_pair	119	7	3571
ENSBTAG00000027764_ENSBTAT00000022914_UTR_pair	206	7	3341
ENSBTAG00000008771_ENSBTAT00000074935_UTR_pair	79	7	1134
ENSBTAG00000012250_ENSBTAT00000016245_UTR_pair	86	7	1772
ENSBTAG00000021019_ENSBTAT00000061150_UTR_pair	414	7	4280
ENSBTAG00000018279_ENSBTAT00000024327_UTR_pair	25	7	169
ENSBTAG00000005586_ENSBTAT00000007338_UTR_pair	122	7	924
ENSBTAG00000025496_ENSBTAT00000079564_UTR_pair	81	7	906
ENSBTAG00000014501_ENSBTAT00000098041_UTR_pair	148	7	1104
ENSBTAG00000019924_ENSBTAT00000123560_UTR_pair	187	7	1001
ENSBTAG00000019496_ENSBTAT00000117666_UTR_pair	271	7	1033
ENSBTAG00000019500_ENSBTAT00000096555_UTR_pair	55	7	1139
ENSBTAG00000054095_ENSBTAT00000072079_UTR_pair	81	7	250
ENSBTAG00000001468_ENSBTAT00000001925_UTR_pair	199	7	54
ENSBTAG00000040151_ENSBTAT00000009020_UTR_pair	199	7	155
ENSBTAG00000019120_ENSBTAT00000025453_UTR_pair	100	7	609
ENSBTAG00000058350_ENSBTAT00000116471_UTR_pair	445	7	5240
ENSBTAG00000021986_ENSBTAT00000043779_UTR_pair	179	7	4343
ENSBTAG00000017713_ENSBTAT00000120578_UTR_pair	372	7	473
ENSBTAG00000005141_ENSBTAT00000067567_UTR_pair	30	7	2679
ENSBTAG00000030881_ENSBTAT00000052373_UTR_pair	115	7	887
ENSBTAG00000013043_ENSBTAT00000017337_UTR_pair	264	7	6687
ENSBTAG00000012998_ENSBTAT00000017282_UTR_pair	199	7	6041
ENSBTAG00000014392_ENSBTAT00000130571_UTR_pair	74	7	1832
ENSBTAG00000002808_ENSBTAT00000094648_UTR_pair	285	7	3120
ENSBTAG00000018898_ENSBTAT00000025155_UTR_pair	203	7	1756
ENSBTAG00000010503_ENSBTAT00000013873_UTR_pair	432	7	283
ENSBTAG00000005984_ENSBTAT00000083224_UTR_pair	199	7	2501
ENSBTAG00000030824_ENSBTAT00000108889_UTR_pair	76	7	1001
ENSBTAG00000059252_ENSBTAT00000061568_UTR_pair	199	7	551
ENSBTAG00000018127_ENSBTAT00000083846_UTR_pair	14	7	860
ENSBTAG00000012139_ENSBTAT00000016104_UTR_pair	221	7	1007
ENSBTAG00000049091_ENSBTAT00000067806_UTR_pair	88	7	1001
ENSBTAG00000030801_ENSBTAT00000104072_UTR_pair	133	7	342
ENSBTAG00000011796_ENSBTAT00000015658_UTR_pair	21	7	812
ENSBTAG00000007931_ENSBTAT00000069837_UTR_pair	21	7	1526
ENSBTAG00000003276_ENSBTAT00000004240_UTR_pair	331	7	1130
ENSBTAG00000020935_ENSBTAT00000095033_UTR_pair	413	7	1164
ENSBTAG00000020937_ENSBTAT00000027888_UTR_pair	85	7	1143
ENSBTAG00000019784_ENSBTAT00000119262_UTR_pair	528	7	1001
ENSBTAG00000004430_ENSBTAT00000005808_UTR_pair	137	7	1889
ENSBTAG00000009641_ENSBTAT00000012704_UTR_pair	216	7	248
ENSBTAG00000009643_ENSBTAT00000135642_UTR_pair	199	7	1001
ENSBTAG00000040551_ENSBTAT00000100755_UTR_pair	1320	7	8741
ENSBTAG00000007807_ENSBTAT00000132169_UTR_pair	114	7	4109
ENSBTAG00000001551_ENSBTAT00000071705_UTR_pair	111	7	610
ENSBTAG00000003469_ENSBTAT00000071144_UTR_pair	47	7	14
ENSBTAG00000017994_ENSBTAT00000125566_UTR_pair	199	7	42
ENSBTAG00000019819_ENSBTAT00000026406_UTR_pair	199	7	684
ENSBTAG00000004171_ENSBTAT00000077631_UTR_pair	506	7	864
ENSBTAG00000011767_ENSBTAT00000081434_UTR_pair	398	7	2843
ENSBTAG00000016309_ENSBTAT00000021699_UTR_pair	137	7	542
ENSBTAG00000016311_ENSBTAT00000043322_UTR_pair	63	7	709
ENSBTAG00000018297_ENSBTAT00000024351_UTR_pair	114	7	2187
ENSBTAG00000018299_ENSBTAT00000024352_UTR_pair	58	7	560
ENSBTAG00000001945_ENSBTAT00000064065_UTR_pair	35	7	267
ENSBTAG00000001948_ENSBTAT00000002532_UTR_pair	199	7	231
ENSBTAG00000001950_ENSBTAT00000120920_UTR_pair	199	7	1001
ENSBTAG00000014334_ENSBTAT00000043260_UTR_pair	268	7	1880
ENSBTAG00000018971_ENSBTAT00000100920_UTR_pair	199	7	206
ENSBTAG00000025434_ENSBTAT00000035742_UTR_pair	138	7	1858
ENSBTAG00000018255_ENSBTAT00000073695_UTR_pair	278	7	580
ENSBTAG00000048519_ENSBTAT00000086238_UTR_pair	198	7	1001
ENSBTAG00000010052_ENSBTAT00000095943_UTR_pair	146	7	3178
ENSBTAG00000017811_ENSBTAT00000124421_UTR_pair	353	7	3731
ENSBTAG00000003857_ENSBTAT00000063813_UTR_pair	481	7	108
ENSBTAG00000011596_ENSBTAT00000015408_UTR_pair	16	7	663
ENSBTAG00000030599_ENSBTAT00000043227_UTR_pair	259	7	1905
ENSBTAG00000007586_ENSBTAT00000020908_UTR_pair	92	7	614
ENSBTAG00000045604_ENSBTAT00000064762_UTR_pair	314	7	4269
ENSBTAG00000015805_ENSBTAT00000035650_UTR_pair	546	7	210
ENSBTAG00000011041_ENSBTAT00000091884_UTR_pair	199	7	153
ENSBTAG00000017177_ENSBTAT00000022826_UTR_pair	160	7	3748
ENSBTAG00000011757_ENSBTAT00000068561_UTR_pair	339	7	1091
ENSBTAG00000003747_ENSBTAT00000004878_UTR_pair	123	7	980
ENSBTAG00000020329_ENSBTAT00000027092_UTR_pair	20	7	1001
ENSBTAG00000020334_ENSBTAT00000027098_UTR_pair	184	7	584
ENSBTAG00000014633_ENSBTAT00000087641_UTR_pair	76	7	1130
ENSBTAG00000021955_ENSBTAT00000029271_UTR_pair	199	7	768
ENSBTAG00000020379_ENSBTAT00000043122_UTR_pair	326	7	797
ENSBTAG00000008287_ENSBTAT00000010906_UTR_pair	199	7	445
ENSBTAG00000006463_ENSBTAT00000072007_UTR_pair	199	7	1447
ENSBTAG00000006688_ENSBTAT00000063286_UTR_pair	97	7	2
ENSBTAG00000008664_ENSBTAT00000154123_UTR_pair	12	7	6993
ENSBTAG00000019279_ENSBTAT00000061421_UTR_pair	205	7	1001
ENSBTAG00000013992_ENSBTAT00000018595_UTR_pair	166	7	203
ENSBTAG00000016612_ENSBTAT00000022098_UTR_pair	199	7	641
ENSBTAG00000005694_ENSBTAT00000007481_UTR_pair	32	7	1423
ENSBTAG00000004322_ENSBTAT00000005660_UTR_pair	175	7	806
ENSBTAG00000009451_ENSBTAT00000096849_UTR_pair	28	7	943
ENSBTAG00000076769_ENSBTAT00000153044_UTR_pair	83	7	145
ENSBTAG00000012004_ENSBTAT00000015925_UTR_pair	107	7	1092
ENSBTAG00000019454_ENSBTAT00000025915_UTR_pair	70	7	1001
ENSBTAG00000072142_ENSBTAT00000145005_UTR_pair	4846	7	1957
ENSBTAG00000009923_ENSBTAT00000013093_UTR_pair	808	7	2602
ENSBTAG00000002704_ENSBTAT00000003502_UTR_pair	199	7	1001
ENSBTAG00000002706_ENSBTAT00000117095_UTR_pair	199	7	406
ENSBTAG00000020469_ENSBTAT00000027275_UTR_pair	282	7	1001
ENSBTAG00000020477_ENSBTAT00000035554_UTR_pair	227	7	222
ENSBTAG00000020480_ENSBTAT00000027289_UTR_pair	79	7	273
ENSBTAG00000012106_ENSBTAT00000016066_UTR_pair	246	7	180
ENSBTAG00000021708_ENSBTAT00000075442_UTR_pair	158	7	879
ENSBTAG00000013652_ENSBTAT00000103165_UTR_pair	199	7	4118
ENSBTAG00000025308_ENSBTAT00000061260_UTR_pair	384	7	1001
ENSBTAG00000008083_ENSBTAT00000010628_UTR_pair	108	7	4089
ENSBTAG00000030456_ENSBTAT00000125583_UTR_pair	156	7	45
ENSBTAG00000018596_ENSBTAT00000024750_UTR_pair	305	7	1001
ENSBTAG00000046684_ENSBTAT00000090351_UTR_pair	166	7	6109
ENSBTAG00000013136_ENSBTAT00000092973_UTR_pair	199	7	1001
ENSBTAG00000013138_ENSBTAT00000105216_UTR_pair	278	7	2
ENSBTAG00000005426_ENSBTAT00000007135_UTR_pair	61	7	185
ENSBTAG00000015385_ENSBTAT00000086410_UTR_pair	414	7	3035
ENSBTAG00000048782_ENSBTAT00000132065_UTR_pair	199	7	1589
ENSBTAG00000015965_ENSBTAT00000021230_UTR_pair	98	7	611
ENSBTAG00000012099_ENSBTAT00000078018_UTR_pair	183	7	1001
ENSBTAG00000005828_ENSBTAT00000007664_UTR_pair	111	7	543
ENSBTAG00000027991_ENSBTAT00000080604_UTR_pair	290	7	251
ENSBTAG00000024105_ENSBTAT00000123753_UTR_pair	170	7	52
ENSBTAG00000021181_ENSBTAT00000028226_UTR_pair	82	7	419
ENSBTAG00000007675_ENSBTAT00000105511_UTR_pair	199	7	2697
ENSBTAG00000001947_ENSBTAT00000053384_UTR_pair	206	7	322
ENSBTAG00000055838_ENSBTAT00000095052_UTR_pair	199	7	2074
ENSBTAG00000020350_ENSBTAT00000027120_UTR_pair	97	7	150
ENSBTAG00000018372_ENSBTAT00000071992_UTR_pair	199	7	1649
ENSBTAG00000015667_ENSBTAT00000020807_UTR_pair	221	7	752
ENSBTAG00000015659_ENSBTAT00000146202_UTR_pair	125	7	2169
ENSBTAG00000000848_ENSBTAT00000001130_UTR_pair	137	7	238
ENSBTAG00000012925_ENSBTAT00000130240_UTR_pair	199	7	1001
ENSBTAG00000003975_ENSBTAT00000005195_UTR_pair	199	7	976
ENSBTAG00000019213_ENSBTAT00000025574_UTR_pair	11	7	2352
ENSBTAG00000035244_ENSBTAT00000135719_UTR_pair	168	7	989
ENSBTAG00000021920_ENSBTAT00000091414_UTR_pair	199	7	718
ENSBTAG00000048041_ENSBTAT00000081801_UTR_pair	107	7	1003
ENSBTAG00000006744_ENSBTAT00000089177_UTR_pair	199	7	1001
ENSBTAG00000004814_ENSBTAT00000006322_UTR_pair	417	7	400
ENSBTAG00000014873_ENSBTAT00000019802_UTR_pair	66	7	482
ENSBTAG00000014877_ENSBTAT00000019807_UTR_pair	24	7	772
ENSBTAG00000010388_ENSBTAT00000133662_UTR_pair	65	7	348
ENSBTAG00000003970_ENSBTAT00000005179_UTR_pair	4	7	736
ENSBTAG00000034255_ENSBTAT00000034635_UTR_pair	190	7	71
ENSBTAG00000043999_ENSBTAT00000116347_UTR_pair	171	7	1001
ENSBTAG00000012449_ENSBTAT00000016523_UTR_pair	190	7	1001
ENSBTAG00000004328_ENSBTAT00000005667_UTR_pair	25	7	1329
ENSBTAG00000019697_ENSBTAT00000110024_UTR_pair	24	7	1245
ENSBTAG00000008267_ENSBTAT00000010879_UTR_pair	58	7	726
ENSBTAG00000005273_ENSBTAT00000120063_UTR_pair	112	7	1698
ENSBTAG00000001714_ENSBTAT00000002247_UTR_pair	199	7	1001
ENSBTAG00000021731_ENSBTAT00000096888_UTR_pair	199	7	2363
ENSBTAG00000062291_ENSBTAT00000097410_UTR_pair	35	7	289
ENSBTAG00000013108_ENSBTAT00000079050_UTR_pair	199	7	1001
ENSBTAG00000006989_ENSBTAT00000009186_UTR_pair	81	7	1698
ENSBTAG00000018578_ENSBTAT00000024724_UTR_pair	116	7	484
ENSBTAG00000020124_ENSBTAT00000114958_UTR_pair	199	7	186
ENSBTAG00000016606_ENSBTAT00000022090_UTR_pair	230	7	90
ENSBTAG00000001844_ENSBTAT00000077351_UTR_pair	150	7	199
ENSBTAG00000000490_ENSBTAT00000000619_UTR_pair	128	7	364
ENSBTAG00000000489_ENSBTAT00000000617_UTR_pair	199	7	56
ENSBTAG00000004887_ENSBTAT00000070221_UTR_pair	271	7	339
ENSBTAG00000004881_ENSBTAT00000091729_UTR_pair	199	7	540
ENSBTAG00000006259_ENSBTAT00000047356_UTR_pair	269	7	3599
ENSBTAG00000050675_ENSBTAT00000147932_UTR_pair	199	7	224
ENSBTAG00000012037_ENSBTAT00000095583_UTR_pair	143	7	213
ENSBTAG00000009600_ENSBTAT00000012633_UTR_pair	75	7	602
ENSBTAG00000033255_ENSBTAT00000047256_UTR_pair	141	7	788
ENSBTAG00000012756_ENSBTAT00000016954_UTR_pair	15	7	122
ENSBTAG00000008765_ENSBTAT00000105017_UTR_pair	97	7	118
ENSBTAG00000006162_ENSBTAT00000008106_UTR_pair	123	7	1968
ENSBTAG00000021961_ENSBTAT00000069648_UTR_pair	87	7	627
ENSBTAG00000020799_ENSBTAT00000121207_UTR_pair	138	7	3263
ENSBTAG00000012212_ENSBTAT00000016198_UTR_pair	829	7	3037
ENSBTAG00000013290_ENSBTAT00000093138_UTR_pair	199	7	223
ENSBTAG00000009242_ENSBTAT00000098376_UTR_pair	10	7	256
ENSBTAG00000054656_ENSBTAT00000085587_UTR_pair	294	7	5613
ENSBTAG00000014668_ENSBTAT00000019528_UTR_pair	49	7	149
ENSBTAG00000070987_ENSBTAT00000151667_UTR_pair	199	7	2134
ENSBTAG00000000783_ENSBTAT00000085129_UTR_pair	28	7	31
ENSBTAG00000008674_ENSBTAT00000011436_UTR_pair	5	7	1397
ENSBTAG00000007734_ENSBTAT00000088528_UTR_pair	199	7	541
ENSBTAG00000009246_ENSBTAT00000012183_UTR_pair	108	7	205
ENSBTAG00000021694_ENSBTAT00000046919_UTR_pair	303	7	1255
ENSBTAG00000010898_ENSBTAT00000014475_UTR_pair	37	7	2997
ENSBTAG00000033041_ENSBTAT00000129136_UTR_pair	263	7	2732
ENSBTAG00000019839_ENSBTAT00000026435_UTR_pair	199	7	803
ENSBTAG00000008548_ENSBTAT00000011270_UTR_pair	28	7	1132
ENSBTAG00000009020_ENSBTAT00000083246_UTR_pair	32	7	2385
ENSBTAG00000009021_ENSBTAT00000011880_UTR_pair	19	7	940
ENSBTAG00000014310_ENSBTAT00000019031_UTR_pair	22	7	1001
ENSBTAG00000008703_ENSBTAT00000011469_UTR_pair	286	7	362
ENSBTAG00000039770_ENSBTAT00000053855_UTR_pair	40	7	171
ENSBTAG00000001113_ENSBTAT00000001470_UTR_pair	37	7	1719
ENSBTAG00000001114_ENSBTAT00000001474_UTR_pair	199	7	91
ENSBTAG00000013923_ENSBTAT00000018493_UTR_pair	18	7	915
ENSBTAG00000023736_ENSBTAT00000120613_UTR_pair	1303	7	3081
ENSBTAG00000010531_ENSBTAT00000013922_UTR_pair	375	7	243
ENSBTAG00000020567_ENSBTAT00000027405_UTR_pair	253	7	984
ENSBTAG00000021102_ENSBTAT00000132177_UTR_pair	215	7	1106
ENSBTAG00000014891_ENSBTAT00000033124_UTR_pair	106	7	242
ENSBTAG00000014679_ENSBTAT00000019540_UTR_pair	195	7	549
ENSBTAG00000024042_ENSBTAT00000033131_UTR_pair	57	7	125
ENSBTAG00000011643_ENSBTAT00000118195_UTR_pair	199	7	1001
ENSBTAG00000016442_ENSBTAT00000061256_UTR_pair	18	7	553
ENSBTAG00000013861_ENSBTAT00000022795_UTR_pair	123	7	2945
ENSBTAG00000019382_ENSBTAT00000025826_UTR_pair	160	7	818
ENSBTAG00000010935_ENSBTAT00000100614_UTR_pair	372	7	2313
ENSBTAG00000000705_ENSBTAT00000000943_UTR_pair	199	7	772
ENSBTAG00000003553_ENSBTAT00000004621_UTR_pair	342	7	1948
ENSBTAG00000003555_ENSBTAT00000119892_UTR_pair	378	7	847
ENSBTAG00000016368_ENSBTAT00000102974_UTR_pair	199	7	1001
ENSBTAG00000000223_ENSBTAT00000046197_UTR_pair	26	7	755
ENSBTAG00000017429_ENSBTAT00000023171_UTR_pair	199	7	1001
ENSBTAG00000007508_ENSBTAT00000066115_UTR_pair	188	7	599
ENSBTAG00000020614_ENSBTAT00000027471_UTR_pair	199	7	3141
ENSBTAG00000003711_ENSBTAT00000004836_UTR_pair	443	7	2067
ENSBTAG00000078055_ENSBTAT00000142878_UTR_pair	34	7	3122
ENSBTAG00000015719_ENSBTAT00000020863_UTR_pair	155	7	192
ENSBTAG00000078057_ENSBTAT00000138652_UTR_pair	59	7	2892
ENSBTAG00000008987_ENSBTAT00000100094_UTR_pair	3241	7	2854
ENSBTAG00000003358_ENSBTAT00000077670_UTR_pair	199	7	1370
ENSBTAG00000032558_ENSBTAT00000117241_UTR_pair	183	7	119
ENSBTAG00000002742_ENSBTAT00000003556_UTR_pair	103	7	283
ENSBTAG00000001424_ENSBTAT00000096821_UTR_pair	89	7	85
ENSBTAG00000001425_ENSBTAT00000098444_UTR_pair	10	7	1001
ENSBTAG00000015151_ENSBTAT00000079323_UTR_pair	327	7	259
ENSBTAG00000002570_ENSBTAT00000133378_UTR_pair	105	7	624
ENSBTAG00000019458_ENSBTAT00000025921_UTR_pair	191	7	1600
ENSBTAG00000019459_ENSBTAT00000116052_UTR_pair	199	7	1146
ENSBTAG00000008068_ENSBTAT00000104911_UTR_pair	139	7	3244
ENSBTAG00000020262_ENSBTAT00000071685_UTR_pair	199	7	1535
ENSBTAG00000006852_ENSBTAT00000114998_UTR_pair	52	7	603
ENSBTAG00000006995_ENSBTAT00000084367_UTR_pair	283	7	1095
ENSBTAG00000076859_ENSBTAT00000144697_UTR_pair	32	7	2278
ENSBTAG00000015481_ENSBTAT00000020573_UTR_pair	199	7	46
ENSBTAG00000017469_ENSBTAT00000033104_UTR_pair	426	7	1001
ENSBTAG00000000542_ENSBTAT00000000705_UTR_pair	18	7	250
ENSBTAG00000000545_ENSBTAT00000067169_UTR_pair	216	7	232
ENSBTAG00000017448_ENSBTAT00000086039_UTR_pair	198	7	466
ENSBTAG00000033801_ENSBTAT00000047969_UTR_pair	205	7	29
ENSBTAG00000016534_ENSBTAT00000132757_UTR_pair	368	7	408
ENSBTAG00000007414_ENSBTAT00000129018_UTR_pair	209	7	1001
ENSBTAG00000015386_ENSBTAT00000087865_UTR_pair	64	7	54
ENSBTAG00000009694_ENSBTAT00000012785_UTR_pair	185	7	1935
ENSBTAG00000008048_ENSBTAT00000075814_UTR_pair	37	7	3708
ENSBTAG00000000157_ENSBTAT00000108364_UTR_pair	199	7	362
ENSBTAG00000000152_ENSBTAT00000068436_UTR_pair	199	7	892
ENSBTAG00000010971_ENSBTAT00000014566_UTR_pair	199	7	1072
ENSBTAG00000016038_ENSBTAT00000021345_UTR_pair	26	7	1001
ENSBTAG00000005614_ENSBTAT00000123609_UTR_pair	63	7	563
ENSBTAG00000015205_ENSBTAT00000020230_UTR_pair	199	7	1030
ENSBTAG00000007895_ENSBTAT00000010384_UTR_pair	966	7	798
ENSBTAG00000002866_ENSBTAT00000003719_UTR_pair	4	7	272
ENSBTAG00000000184_ENSBTAT00000000210_UTR_pair	193	7	1001
ENSBTAG00000002542_ENSBTAT00000067840_UTR_pair	443	7	560
ENSBTAG00000021140_ENSBTAT00000028174_UTR_pair	199	7	155
ENSBTAG00000020947_ENSBTAT00000027899_UTR_pair	207	7	438
ENSBTAG00000013589_ENSBTAT00000018071_UTR_pair	93	7	3947
ENSBTAG00000013580_ENSBTAT00000135886_UTR_pair	309	7	634
ENSBTAG00000004824_ENSBTAT00000104393_UTR_pair	124	7	1001
ENSBTAG00000004823_ENSBTAT00000087903_UTR_pair	199	7	162
ENSBTAG00000003307_ENSBTAT00000004280_UTR_pair	173	7	318
ENSBTAG00000024000_ENSBTAT00000108197_UTR_pair	123	7	925
ENSBTAG00000018289_ENSBTAT00000108726_UTR_pair	234	7	1055
ENSBTAG00000018285_ENSBTAT00000115263_UTR_pair	46	7	232
ENSBTAG00000023997_ENSBTAT00000033040_UTR_pair	59	7	297
ENSBTAG00000038477_ENSBTAT00000090678_UTR_pair	85	7	1765
ENSBTAG00000020873_ENSBTAT00000075325_UTR_pair	105	7	1001
ENSBTAG00000005432_ENSBTAT00000125488_UTR_pair	199	7	109
ENSBTAG00000021935_ENSBTAT00000100973_UTR_pair	20	7	688
ENSBTAG00000021934_ENSBTAT00000029241_UTR_pair	85	7	1491
ENSBTAG00000010111_ENSBTAT00000013336_UTR_pair	199	7	1001
ENSBTAG00000005654_ENSBTAT00000007429_UTR_pair	78	7	255
ENSBTAG00000006027_ENSBTAT00000064054_UTR_pair	199	7	1001
ENSBTAG00000013254_ENSBTAT00000017629_UTR_pair	104	7	1798
ENSBTAG00000004531_ENSBTAT00000044819_UTR_pair	157	7	177
ENSBTAG00000018046_ENSBTAT00000094791_UTR_pair	478	7	4219
ENSBTAG00000044173_ENSBTAT00000073339_UTR_pair	303	7	994
ENSBTAG00000005151_ENSBTAT00000006794_UTR_pair	393	7	464
ENSBTAG00000000115_ENSBTAT00000084043_UTR_pair	334	7	532
ENSBTAG00000020865_ENSBTAT00000027798_UTR_pair	394	7	1869
ENSBTAG00000055296_ENSBTAT00000069519_UTR_pair	1	7	3028
ENSBTAG00000009299_ENSBTAT00000061249_UTR_pair	336	7	977
ENSBTAG00000049341_ENSBTAT00000091084_UTR_pair	384	7	1001
ENSBTAG00000007763_ENSBTAT00000010206_UTR_pair	294	7	2604
ENSBTAG00000016717_ENSBTAT00000083630_UTR_pair	199	7	1001
ENSBTAG00000019456_ENSBTAT00000103981_UTR_pair	199	7	1001
ENSBTAG00000008448_ENSBTAT00000074592_UTR_pair	676	7	913
ENSBTAG00000011727_ENSBTAT00000015577_UTR_pair	108	7	2062
ENSBTAG00000010604_ENSBTAT00000014019_UTR_pair	101	7	652
ENSBTAG00000018401_ENSBTAT00000098254_UTR_pair	184	7	5
ENSBTAG00000007808_ENSBTAT00000072891_UTR_pair	390	7	3608
ENSBTAG00000017626_ENSBTAT00000119673_UTR_pair	70	7	110
ENSBTAG00000000141_ENSBTAT00000000163_UTR_pair	1	7	115
ENSBTAG00000001105_ENSBTAT00000001463_UTR_pair	246	7	1017
ENSBTAG00000001108_ENSBTAT00000089584_UTR_pair	282	7	66
ENSBTAG00000001042_ENSBTAT00000071951_UTR_pair	199	7	4819
ENSBTAG00000008985_ENSBTAT00000131639_UTR_pair	686	7	1060
ENSBTAG00000019182_ENSBTAT00000094181_UTR_pair	178	7	1001
ENSBTAG00000002783_ENSBTAT00000044517_UTR_pair	58	7	2589
ENSBTAG00000001662_ENSBTAT00000044505_UTR_pair	139	7	1658
ENSBTAG00000054158_ENSBTAT00000121448_UTR_pair	206	7	1001
ENSBTAG00000069495_ENSBTAT00000122357_UTR_pair	199	7	1709
ENSBTAG00000023744_ENSBTAT00000113028_UTR_pair	199	7	716
ENSBTAG00000007378_ENSBTAT00000089315_UTR_pair	242	7	1001
ENSBTAG00000012447_ENSBTAT00000119444_UTR_pair	119	7	1696
ENSBTAG00000023929_ENSBTAT00000032910_UTR_pair	169	7	1303
ENSBTAG00000031335_ENSBTAT00000083929_UTR_pair	83	7	16
ENSBTAG00000018680_ENSBTAT00000024864_UTR_pair	27	7	569
ENSBTAG00000003906_ENSBTAT00000104134_UTR_pair	528	7	2875
ENSBTAG00000003902_ENSBTAT00000032958_UTR_pair	46	7	782
ENSBTAG00000018153_ENSBTAT00000114714_UTR_pair	90	7	442
ENSBTAG00000019522_ENSBTAT00000026003_UTR_pair	262	7	392
ENSBTAG00000019518_ENSBTAT00000025999_UTR_pair	182	7	346
ENSBTAG00000019515_ENSBTAT00000025998_UTR_pair	88	7	448
ENSBTAG00000018269_ENSBTAT00000148855_UTR_pair	3	7	1320
ENSBTAG00000017894_ENSBTAT00000134428_UTR_pair	169	7	290
ENSBTAG00000006832_ENSBTAT00000032961_UTR_pair	455	7	809
ENSBTAG00000007080_ENSBTAT00000116221_UTR_pair	237	7	778
ENSBTAG00000051104_ENSBTAT00000096359_UTR_pair	107	7	670
ENSBTAG00000011325_ENSBTAT00000134342_UTR_pair	199	7	202
ENSBTAG00000013403_ENSBTAT00000079929_UTR_pair	244	7	1001
ENSBTAG00000017423_ENSBTAT00000123808_UTR_pair	27	7	813
ENSBTAG00000008884_ENSBTAT00000011696_UTR_pair	199	7	861
ENSBTAG00000018576_ENSBTAT00000024720_UTR_pair	157	7	2867
ENSBTAG00000018761_ENSBTAT00000132497_UTR_pair	138	7	2198
ENSBTAG00000007837_ENSBTAT00000123354_UTR_pair	87	7	6643
ENSBTAG00000010083_ENSBTAT00000119829_UTR_pair	121	7	737
ENSBTAG00000000985_ENSBTAT00000001303_UTR_pair	494	7	1177
ENSBTAG00000019138_ENSBTAT00000025475_UTR_pair	700	7	2383
ENSBTAG00000021072_ENSBTAT00000072428_UTR_pair	180	7	395
ENSBTAG00000021143_ENSBTAT00000032936_UTR_pair	303	7	81
ENSBTAG00000007888_ENSBTAT00000074603_UTR_pair	43	7	1001
ENSBTAG00000018705_ENSBTAT00000153237_UTR_pair	199	7	1001
ENSBTAG00000015014_ENSBTAT00000092454_UTR_pair	287	7	1001
ENSBTAG00000015007_ENSBTAT00000064008_UTR_pair	291	7	2251
ENSBTAG00000023172_ENSBTAT00000080857_UTR_pair	245	7	746
ENSBTAG00000003407_ENSBTAT00000004418_UTR_pair	275	7	163
ENSBTAG00000003409_ENSBTAT00000104660_UTR_pair	33	7	475
ENSBTAG00000002033_ENSBTAT00000119834_UTR_pair	199	7	1376
ENSBTAG00000017255_ENSBTAT00000098013_UTR_pair	351	7	664
ENSBTAG00000031014_ENSBTAT00000123410_UTR_pair	199	7	3504
ENSBTAG00000015490_ENSBTAT00000086892_UTR_pair	236	7	285
ENSBTAG00000061681_ENSBTAT00000119511_UTR_pair	428	7	1734
ENSBTAG00000011155_ENSBTAT00000014813_UTR_pair	271	7	2808
ENSBTAG00000011154_ENSBTAT00000014810_UTR_pair	63	7	1990
ENSBTAG00000020894_ENSBTAT00000027837_UTR_pair	181	7	544
ENSBTAG00000051164_ENSBTAT00000087269_UTR_pair	199	7	816
ENSBTAG00000015587_ENSBTAT00000020704_UTR_pair	118	7	578
ENSBTAG00000023928_ENSBTAT00000006933_UTR_pair	124	7	433
ENSBTAG00000020059_ENSBTAT00000043571_UTR_pair	216	7	553
ENSBTAG00000018256_ENSBTAT00000142814_UTR_pair	203	7	1646
ENSBTAG00000009906_ENSBTAT00000111067_UTR_pair	293	7	207
ENSBTAG00000001744_ENSBTAT00000002289_UTR_pair	63	7	2412
ENSBTAG00000073157_ENSBTAT00000143233_UTR_pair	89	7	734
ENSBTAG00000016045_ENSBTAT00000021347_UTR_pair	2	7	2019
ENSBTAG00000048286_ENSBTAT00000107379_UTR_pair	199	7	1946
ENSBTAG00000005847_ENSBTAT00000076992_UTR_pair	199	7	784
ENSBTAG00000001928_ENSBTAT00000002508_UTR_pair	106	7	945
ENSBTAG00000004259_ENSBTAT00000109085_UTR_pair	435	7	657
ENSBTAG00000004256_ENSBTAT00000005575_UTR_pair	298	7	344
ENSBTAG00000008216_ENSBTAT00000100717_UTR_pair	199	7	1866
ENSBTAG00000046218_ENSBTAT00000080078_UTR_pair	199	7	2378
ENSBTAG00000002108_ENSBTAT00000151067_UTR_pair	236	7	1919
ENSBTAG00000001141_ENSBTAT00000120140_UTR_pair	149	7	1537
ENSBTAG00000013063_ENSBTAT00000148786_UTR_pair	244	7	2603
ENSBTAG00000002329_ENSBTAT00000003007_UTR_pair	199	7	1001
ENSBTAG00000008160_ENSBTAT00000135164_UTR_pair	102	7	6153
ENSBTAG00000007963_ENSBTAT00000085900_UTR_pair	187	7	1435
ENSBTAG00000021187_ENSBTAT00000028235_UTR_pair	137	7	637
ENSBTAG00000044064_ENSBTAT00000079848_UTR_pair	200	7	1001
ENSBTAG00000008232_ENSBTAT00000082513_UTR_pair	199	7	1447
ENSBTAG00000016367_ENSBTAT00000021769_UTR_pair	16	7	346
ENSBTAG00000018426_ENSBTAT00000024516_UTR_pair	199	7	2274
ENSBTAG00000006716_ENSBTAT00000008833_UTR_pair	199	7	770
ENSBTAG00000030675_ENSBTAT00000135214_UTR_pair	199	7	864
ENSBTAG00000023867_ENSBTAT00000075508_UTR_pair	297	7	1001
ENSBTAG00000039815_ENSBTAT00000043362_UTR_pair	199	7	1001
ENSBTAG00000038610_ENSBTAT00000110143_UTR_pair	143	7	1001
ENSBTAG00000039172_ENSBTAT00000061025_UTR_pair	278	7	919
ENSBTAG00000003610_ENSBTAT00000112329_UTR_pair	88	7	1001
ENSBTAG00000015278_ENSBTAT00000020318_UTR_pair	92	7	487
ENSBTAG00000015286_ENSBTAT00000020327_UTR_pair	321	7	853
ENSBTAG00000015553_ENSBTAT00000072829_UTR_pair	186	7	17
ENSBTAG00000008033_ENSBTAT00000010568_UTR_pair	64	7	554
ENSBTAG00000015098_ENSBTAT00000020093_UTR_pair	54	7	189
ENSBTAG00000007662_ENSBTAT00000057533_UTR_pair	146	7	346
ENSBTAG00000011544_ENSBTAT00000137669_UTR_pair	155	7	593
ENSBTAG00000010271_ENSBTAT00000013577_UTR_pair	301	7	424
ENSBTAG00000013314_ENSBTAT00000017706_UTR_pair	101	7	484
ENSBTAG00000050426_ENSBTAT00000105371_UTR_pair	46	7	1001
ENSBTAG00000003438_ENSBTAT00000125538_UTR_pair	1665	7	4047
ENSBTAG00000039343_ENSBTAT00000090194_UTR_pair	8605	7	4712
ENSBTAG00000023843_ENSBTAT00000081918_UTR_pair	266	7	4561
ENSBTAG00000006957_ENSBTAT00000009144_UTR_pair	128	7	470
ENSBTAG00000006963_ENSBTAT00000009152_UTR_pair	56	7	43
ENSBTAG00000012844_ENSBTAT00000088191_UTR_pair	367	7	32
ENSBTAG00000012847_ENSBTAT00000097601_UTR_pair	26	7	1001
ENSBTAG00000003525_ENSBTAT00000133471_UTR_pair	199	7	1878
ENSBTAG00000013510_ENSBTAT00000017963_UTR_pair	24	7	509
ENSBTAG00000004695_ENSBTAT00000006162_UTR_pair	199	7	568
ENSBTAG00000008994_ENSBTAT00000011844_UTR_pair	46	7	477
ENSBTAG00000008997_ENSBTAT00000011846_UTR_pair	158	7	649
ENSBTAG00000046548_ENSBTAT00000063122_UTR_pair	175	7	449
ENSBTAG00000003388_ENSBTAT00000004393_UTR_pair	21	7	563
ENSBTAG00000023851_ENSBTAT00000090770_UTR_pair	199	7	563
ENSBTAG00000012156_ENSBTAT00000016123_UTR_pair	108	7	1840
ENSBTAG00000011912_ENSBTAT00000032751_UTR_pair	142	7	1882
ENSBTAG00000012274_ENSBTAT00000132328_UTR_pair	128	7	2
ENSBTAG00000011307_ENSBTAT00000073787_UTR_pair	90	7	77
ENSBTAG00000011317_ENSBTAT00000084718_UTR_pair	63	7	750
ENSBTAG00000004663_ENSBTAT00000100798_UTR_pair	199	7	1
ENSBTAG00000004664_ENSBTAT00000006120_UTR_pair	85	7	358
ENSBTAG00000015436_ENSBTAT00000020526_UTR_pair	133	7	657
ENSBTAG00000030566_ENSBTAT00000070346_UTR_pair	75	7	1089
ENSBTAG00000015327_ENSBTAT00000066436_UTR_pair	106	7	346
ENSBTAG00000020959_ENSBTAT00000116314_UTR_pair	199	7	1764
ENSBTAG00000010195_ENSBTAT00000075730_UTR_pair	56	7	307
ENSBTAG00000030540_ENSBTAT00000043115_UTR_pair	126	7	1001
ENSBTAG00000010208_ENSBTAT00000095975_UTR_pair	215	7	152
ENSBTAG00000012480_ENSBTAT00000102867_UTR_pair	44	7	2443
ENSBTAG00000012484_ENSBTAT00000117364_UTR_pair	216	7	1001
ENSBTAG00000010601_ENSBTAT00000101751_UTR_pair	1123	7	2758
ENSBTAG00000010613_ENSBTAT00000098178_UTR_pair	24	7	757
ENSBTAG00000010626_ENSBTAT00000070343_UTR_pair	164	7	667
ENSBTAG00000010653_ENSBTAT00000014090_UTR_pair	450	7	1597
ENSBTAG00000017922_ENSBTAT00000127866_UTR_pair	28	7	147
ENSBTAG00000001932_ENSBTAT00000079641_UTR_pair	199	7	629
ENSBTAG00000001933_ENSBTAT00000093041_UTR_pair	199	7	1274
ENSBTAG00000030521_ENSBTAT00000043070_UTR_pair	435	7	1003
ENSBTAG00000019453_ENSBTAT00000104895_UTR_pair	144	7	387
ENSBTAG00000002837_ENSBTAT00000003678_UTR_pair	100	7	1639
ENSBTAG00000020307_ENSBTAT00000090511_UTR_pair	26	7	567
ENSBTAG00000020311_ENSBTAT00000027070_UTR_pair	226	7	1359
ENSBTAG00000020313_ENSBTAT00000064823_UTR_pair	194	7	2942
ENSBTAG00000004204_ENSBTAT00000005512_UTR_pair	23	7	6438
ENSBTAG00000008726_ENSBTAT00000110935_UTR_pair	335	7	680
ENSBTAG00000013072_ENSBTAT00000017383_UTR_pair	98	7	1352
ENSBTAG00000075398_ENSBTAT00000076033_UTR_pair	199	7	2404
ENSBTAG00000021896_ENSBTAT00000029190_UTR_pair	89	7	1154
ENSBTAG00000010805_ENSBTAT00000099728_UTR_pair	274	7	596
ENSBTAG00000010810_ENSBTAT00000014316_UTR_pair	199	7	1017
ENSBTAG00000020791_ENSBTAT00000066818_UTR_pair	278	7	747
ENSBTAG00000000382_ENSBTAT00000100749_UTR_pair	26	7	397
ENSBTAG00000024822_ENSBTAT00000042924_UTR_pair	290	7	328
ENSBTAG00000003530_ENSBTAT00000128289_UTR_pair	233	7	431
ENSBTAG00000004091_ENSBTAT00000077124_UTR_pair	109	7	1001
ENSBTAG00000005190_ENSBTAT00000101873_UTR_pair	82	7	440
ENSBTAG00000006008_ENSBTAT00000007892_UTR_pair	199	7	1595
ENSBTAG00000039851_ENSBTAT00000098028_UTR_pair	102	7	440
ENSBTAG00000020490_ENSBTAT00000081805_UTR_pair	193	7	1001
ENSBTAG00000063275_ENSBTAT00000102872_UTR_pair	59	7	1001
ENSBTAG00000001352_ENSBTAT00000079885_UTR_pair	199	7	897
ENSBTAG00000001354_ENSBTAT00000125540_UTR_pair	199	7	1001
ENSBTAG00000023933_ENSBTAT00000042743_UTR_pair	199	7	1001
ENSBTAG00000022799_ENSBTAT00000017746_UTR_pair	312	7	1001
ENSBTAG00000030278_ENSBTAT00000115788_UTR_pair	149	7	463
ENSBTAG00000025161_ENSBTAT00000106289_UTR_pair	199	7	488
ENSBTAG00000011556_ENSBTAT00000015357_UTR_pair	39	7	570
ENSBTAG00000000046_ENSBTAT00000000051_UTR_pair	10	7	420
ENSBTAG00000051352_ENSBTAT00000133395_UTR_pair	199	7	2034
ENSBTAG00000019721_ENSBTAT00000026283_UTR_pair	199	7	1001
ENSBTAG00000015097_ENSBTAT00000020090_UTR_pair	56	7	1482
ENSBTAG00000001824_ENSBTAT00000002385_UTR_pair	21	7	567
ENSBTAG00000004510_ENSBTAT00000005925_UTR_pair	200	7	48
ENSBTAG00000010582_ENSBTAT00000013992_UTR_pair	168	7	1001
ENSBTAG00000047031_ENSBTAT00000068353_UTR_pair	237	7	1656
ENSBTAG00000017851_ENSBTAT00000115144_UTR_pair	199	7	3286
ENSBTAG00000047998_ENSBTAT00000063052_UTR_pair	199	7	527
ENSBTAG00000052600_ENSBTAT00000098831_UTR_pair	88	7	1012
ENSBTAG00000039573_ENSBTAT00000001237_UTR_pair	184	7	450
ENSBTAG00000030302_ENSBTAT00000109233_UTR_pair	94	7	1001
ENSBTAG00000010497_ENSBTAT00000013869_UTR_pair	80	7	939
ENSBTAG00000010515_ENSBTAT00000078511_UTR_pair	146	7	494
ENSBTAG00000047254_ENSBTAT00000106257_UTR_pair	199	7	799
ENSBTAG00000047958_ENSBTAT00000064726_UTR_pair	24	7	1001
ENSBTAG00000046415_ENSBTAT00000066088_UTR_pair	65	7	415
ENSBTAG00000047715_ENSBTAT00000064376_UTR_pair	199	7	341
ENSBTAG00000047061_ENSBTAT00000066145_UTR_pair	199	7	2749
ENSBTAG00000023787_ENSBTAT00000124046_UTR_pair	614	7	3392
ENSBTAG00000030247_ENSBTAT00000097321_UTR_pair	199	7	1001
ENSBTAG00000012144_ENSBTAT00000121557_UTR_pair	247	7	1001
ENSBTAG00000012148_ENSBTAT00000068548_UTR_pair	324	7	963
ENSBTAG00000009308_ENSBTAT00000086142_UTR_pair	33	7	260
ENSBTAG00000012443_ENSBTAT00000061079_UTR_pair	154	7	968
ENSBTAG00000007356_ENSBTAT00000009677_UTR_pair	262	7	1455
ENSBTAG00000016637_ENSBTAT00000074649_UTR_pair	148	7	250
ENSBTAG00000008656_ENSBTAT00000011412_UTR_pair	311	7	558
ENSBTAG00000039823_ENSBTAT00000135912_UTR_pair	199	7	314
ENSBTAG00000034885_ENSBTAT00000049347_UTR_pair	97	7	371
ENSBTAG00000001133_ENSBTAT00000001513_UTR_pair	88	7	1001
ENSBTAG00000014752_ENSBTAT00000019629_UTR_pair	115	7	1001
ENSBTAG00000034785_ENSBTAT00000072409_UTR_pair	39	7	366
ENSBTAG00000012434_ENSBTAT00000117146_UTR_pair	203	7	825
ENSBTAG00000034753_ENSBTAT00000049203_UTR_pair	222	7	58
ENSBTAG00000009415_ENSBTAT00000012392_UTR_pair	32	7	241
ENSBTAG00000009416_ENSBTAT00000107631_UTR_pair	199	7	4658
ENSBTAG00000034495_ENSBTAT00000102172_UTR_pair	46	7	830
ENSBTAG00000010156_ENSBTAT00000013402_UTR_pair	199	7	216
ENSBTAG00000016529_ENSBTAT00000117010_UTR_pair	121	7	2878
ENSBTAG00000017907_ENSBTAT00000023803_UTR_pair	284	7	1936
ENSBTAG00000007067_ENSBTAT00000092907_UTR_pair	327	7	1001
ENSBTAG00000007079_ENSBTAT00000068059_UTR_pair	87	7	123
ENSBTAG00000003415_ENSBTAT00000078636_UTR_pair	406	7	1120
ENSBTAG00000077016_ENSBTAT00000101729_UTR_pair	199	7	1001
ENSBTAG00000019502_ENSBTAT00000025979_UTR_pair	5	7	508
ENSBTAG00000003109_ENSBTAT00000004044_UTR_pair	39	7	913
ENSBTAG00000006640_ENSBTAT00000008728_UTR_pair	176	7	2462
ENSBTAG00000006647_ENSBTAT00000116936_UTR_pair	15	7	1114
ENSBTAG00000020681_ENSBTAT00000071650_UTR_pair	108	7	2479
ENSBTAG00000034222_ENSBTAT00000037908_UTR_pair	199	7	2121
ENSBTAG00000007329_ENSBTAT00000009641_UTR_pair	338	7	3133
ENSBTAG00000034269_ENSBTAT00000035796_UTR_pair	195	7	604
ENSBTAG00000018410_ENSBTAT00000024496_UTR_pair	41	7	418
ENSBTAG00000004850_ENSBTAT00000080687_UTR_pair	23	7	2470
ENSBTAG00000018829_ENSBTAT00000066562_UTR_pair	230	7	1001
ENSBTAG00000008173_ENSBTAT00000115511_UTR_pair	62	7	1001
ENSBTAG00000002970_ENSBTAT00000003868_UTR_pair	199	7	49
ENSBTAG00000008053_ENSBTAT00000082531_UTR_pair	212	7	6954
ENSBTAG00000010353_ENSBTAT00000013674_UTR_pair	199	7	1001
ENSBTAG00000020612_ENSBTAT00000112860_UTR_pair	101	7	501
ENSBTAG00000004307_ENSBTAT00000005646_UTR_pair	54	7	3295
ENSBTAG00000020374_ENSBTAT00000027155_UTR_pair	189	7	237
ENSBTAG00000011647_ENSBTAT00000015468_UTR_pair	111	7	408
ENSBTAG00000044105_ENSBTAT00000061127_UTR_pair	199	7	3254
ENSBTAG00000016635_ENSBTAT00000022131_UTR_pair	46	7	1268
ENSBTAG00000010951_ENSBTAT00000074005_UTR_pair	210	7	64
ENSBTAG00000010949_ENSBTAT00000014539_UTR_pair	790	7	1266
ENSBTAG00000051486_ENSBTAT00000077211_UTR_pair	75	7	2047
ENSBTAG00000011860_ENSBTAT00000098820_UTR_pair	260	7	361
ENSBTAG00000011855_ENSBTAT00000085784_UTR_pair	10	7	95
ENSBTAG00000011850_ENSBTAT00000105655_UTR_pair	250	7	74
ENSBTAG00000007589_ENSBTAT00000009982_UTR_pair	342	7	3325
ENSBTAG00000008040_ENSBTAT00000133815_UTR_pair	199	7	1386
ENSBTAG00000053984_ENSBTAT00000141273_UTR_pair	282	7	4072
ENSBTAG00000022991_ENSBTAT00000069105_UTR_pair	199	7	1001
ENSBTAG00000021815_ENSBTAT00000029081_UTR_pair	129	7	1543
ENSBTAG00000011597_ENSBTAT00000015410_UTR_pair	257	7	1001
ENSBTAG00000000988_ENSBTAT00000001311_UTR_pair	168	7	1001
ENSBTAG00000033412_ENSBTAT00000115818_UTR_pair	199	7	1001
ENSBTAG00000005012_ENSBTAT00000128698_UTR_pair	512	7	437
ENSBTAG00000018103_ENSBTAT00000024094_UTR_pair	221	7	398
ENSBTAG00000009340_ENSBTAT00000012297_UTR_pair	391	7	4360
ENSBTAG00000012170_ENSBTAT00000152749_UTR_pair	252	7	1415
ENSBTAG00000018577_ENSBTAT00000019060_UTR_pair	431	7	4811
ENSBTAG00000059801_ENSBTAT00000108165_UTR_pair	417	7	4113
ENSBTAG00000016915_ENSBTAT00000092917_UTR_pair	42	7	2538
ENSBTAG00000009912_ENSBTAT00000068135_UTR_pair	199	7	1001
ENSBTAG00000015614_ENSBTAT00000020741_UTR_pair	282	7	2057
ENSBTAG00000020530_ENSBTAT00000027352_UTR_pair	467	7	714
ENSBTAG00000012600_ENSBTAT00000133226_UTR_pair	199	7	97
ENSBTAG00000005244_ENSBTAT00000006899_UTR_pair	199	7	674
ENSBTAG00000017179_ENSBTAT00000106339_UTR_pair	199	7	3102
ENSBTAG00000014619_ENSBTAT00000019468_UTR_pair	261	7	800
ENSBTAG00000016737_ENSBTAT00000022252_UTR_pair	199	7	1001
ENSBTAG00000005318_ENSBTAT00000067906_UTR_pair	254	7	1264
ENSBTAG00000003116_ENSBTAT00000100121_UTR_pair	100	7	1183
ENSBTAG00000018300_ENSBTAT00000072286_UTR_pair	301	7	1001
ENSBTAG00000015943_ENSBTAT00000046840_UTR_pair	17	7	507
ENSBTAG00000071516_ENSBTAT00000145341_UTR_pair	5	7	613
ENSBTAG00000003710_ENSBTAT00000004832_UTR_pair	26	7	3001
ENSBTAG00000014286_ENSBTAT00000018980_UTR_pair	559	7	187
ENSBTAG00000017425_ENSBTAT00000023167_UTR_pair	243	7	3562
ENSBTAG00000020403_ENSBTAT00000084054_UTR_pair	199	7	722
ENSBTAG00000007167_ENSBTAT00000009433_UTR_pair	280	7	639
ENSBTAG00000003934_ENSBTAT00000005134_UTR_pair	153	7	633
ENSBTAG00000003922_ENSBTAT00000125475_UTR_pair	199	7	1001
ENSBTAG00000025400_ENSBTAT00000124929_UTR_pair	143	7	1001
ENSBTAG00000017048_ENSBTAT00000022667_UTR_pair	66	7	80
ENSBTAG00000043985_ENSBTAT00000061013_UTR_pair	199	7	1001
ENSBTAG00000048960_ENSBTAT00000081883_UTR_pair	37	7	1777
ENSBTAG00000019886_ENSBTAT00000139260_UTR_pair	34	7	249
ENSBTAG00000019889_ENSBTAT00000026500_UTR_pair	19	7	1001
ENSBTAG00000019895_ENSBTAT00000099518_UTR_pair	411	7	1001
ENSBTAG00000002129_ENSBTAT00000002751_UTR_pair	312	7	1635
ENSBTAG00000044007_ENSBTAT00000146988_UTR_pair	284	7	1001
ENSBTAG00000005760_ENSBTAT00000007574_UTR_pair	199	7	2236
ENSBTAG00000008024_ENSBTAT00000075234_UTR_pair	398	7	120
ENSBTAG00000010693_ENSBTAT00000083323_UTR_pair	291	7	738
ENSBTAG00000001414_ENSBTAT00000001854_UTR_pair	185	7	1001
ENSBTAG00000018846_ENSBTAT00000025093_UTR_pair	46	7	3089
ENSBTAG00000018848_ENSBTAT00000132187_UTR_pair	199	7	1841
ENSBTAG00000003511_ENSBTAT00000117474_UTR_pair	199	7	1013
ENSBTAG00000014227_ENSBTAT00000018911_UTR_pair	120	7	2478
ENSBTAG00000001774_ENSBTAT00000095934_UTR_pair	1407	7	4288
ENSBTAG00000040347_ENSBTAT00000054389_UTR_pair	199	7	968
ENSBTAG00000005310_ENSBTAT00000114227_UTR_pair	107	7	2233
ENSBTAG00000003569_ENSBTAT00000070100_UTR_pair	309	7	1001
ENSBTAG00000012065_ENSBTAT00000118901_UTR_pair	108	7	3457
ENSBTAG00000004401_ENSBTAT00000106626_UTR_pair	223	7	1001
ENSBTAG00000018313_ENSBTAT00000106174_UTR_pair	794	7	61
ENSBTAG00000039374_ENSBTAT00000149633_UTR_pair	322	7	57
ENSBTAG00000000146_ENSBTAT00000136444_UTR_pair	222	7	98
ENSBTAG00000032234_ENSBTAT00000113362_UTR_pair	199	7	1053
ENSBTAG00000010395_ENSBTAT00000115752_UTR_pair	158	7	1748
ENSBTAG00000001589_ENSBTAT00000121242_UTR_pair	188	7	855
ENSBTAG00000046271_ENSBTAT00000064715_UTR_pair	199	7	1001
ENSBTAG00000025246_ENSBTAT00000035414_UTR_pair	305	7	624
ENSBTAG00000010672_ENSBTAT00000081754_UTR_pair	230	7	270
ENSBTAG00000007066_ENSBTAT00000023929_UTR_pair	123	7	1094
ENSBTAG00000020389_ENSBTAT00000154735_UTR_pair	85	7	1088
ENSBTAG00000025221_ENSBTAT00000091690_UTR_pair	199	7	291
ENSBTAG00000008880_ENSBTAT00000106564_UTR_pair	268	7	101
ENSBTAG00000016991_ENSBTAT00000035350_UTR_pair	199	7	1001
ENSBTAG00000015124_ENSBTAT00000020126_UTR_pair	233	7	50
ENSBTAG00000067980_ENSBTAT00000110568_UTR_pair	882	7	4075
ENSBTAG00000012019_ENSBTAT00000095648_UTR_pair	199	7	678
ENSBTAG00000012849_ENSBTAT00000129888_UTR_pair	241	7	744
ENSBTAG00000025210_ENSBTAT00000005916_UTR_pair	232	7	784
ENSBTAG00000049416_ENSBTAT00000073303_UTR_pair	199	7	650
ENSBTAG00000011471_ENSBTAT00000126133_UTR_pair	18	7	73
ENSBTAG00000025211_ENSBTAT00000086454_UTR_pair	199	7	1001
ENSBTAG00000004041_ENSBTAT00000063159_UTR_pair	181	7	1083
ENSBTAG00000020726_ENSBTAT00000027619_UTR_pair	81	7	2150
ENSBTAG00000044184_ENSBTAT00000061427_UTR_pair	89	7	846
ENSBTAG00000000446_ENSBTAT00000086293_UTR_pair	223	7	523
ENSBTAG00000017289_ENSBTAT00000072851_UTR_pair	199	7	1471
ENSBTAG00000010242_ENSBTAT00000045121_UTR_pair	249	7	267
ENSBTAG00000010246_ENSBTAT00000132578_UTR_pair	46	7	1001
ENSBTAG00000015704_ENSBTAT00000020850_UTR_pair	407	7	477
ENSBTAG00000019645_ENSBTAT00000084839_UTR_pair	199	7	942
ENSBTAG00000019967_ENSBTAT00000026598_UTR_pair	52	7	1319
ENSBTAG00000019971_ENSBTAT00000133619_UTR_pair	124	7	497
ENSBTAG00000020861_ENSBTAT00000120258_UTR_pair	199	7	998
ENSBTAG00000035323_ENSBTAT00000049814_UTR_pair	96	7	2446
ENSBTAG00000008338_ENSBTAT00000078977_UTR_pair	199	7	777
ENSBTAG00000019726_ENSBTAT00000026288_UTR_pair	288	7	156
ENSBTAG00000034987_ENSBTAT00000049460_UTR_pair	730	7	203
ENSBTAG00000051621_ENSBTAT00000076476_UTR_pair	278	7	3496
ENSBTAG00000012817_ENSBTAT00000009631_UTR_pair	476	7	1728
ENSBTAG00000048432_ENSBTAT00000070199_UTR_pair	241	7	2900
ENSBTAG00000021614_ENSBTAT00000102078_UTR_pair	69	7	993
ENSBTAG00000007130_ENSBTAT00000135936_UTR_pair	238	7	497
ENSBTAG00000003319_ENSBTAT00000004298_UTR_pair	1101	7	1561
ENSBTAG00000000939_ENSBTAT00000116117_UTR_pair	326	7	945
ENSBTAG00000027506_ENSBTAT00000039526_UTR_pair	65	7	357
ENSBTAG00000000686_ENSBTAT00000095826_UTR_pair	199	7	1001
ENSBTAG00000040490_ENSBTAT00000056087_UTR_pair	213	7	1561
ENSBTAG00000008650_ENSBTAT00000011406_UTR_pair	199	7	1001
ENSBTAG00000019509_ENSBTAT00000134072_UTR_pair	198	7	204
ENSBTAG00000019508_ENSBTAT00000025985_UTR_pair	108	7	367
ENSBTAG00000000291_ENSBTAT00000079686_UTR_pair	125	7	1913
ENSBTAG00000000288_ENSBTAT00000075557_UTR_pair	186	7	1267
ENSBTAG00000012377_ENSBTAT00000016423_UTR_pair	199	7	49
ENSBTAG00000019488_ENSBTAT00000087030_UTR_pair	30	7	1973
ENSBTAG00000017243_ENSBTAT00000022908_UTR_pair	415	7	269
ENSBTAG00000002836_ENSBTAT00000003674_UTR_pair	200	7	1001
ENSBTAG00000013930_ENSBTAT00000018505_UTR_pair	31	7	164
ENSBTAG00000005915_ENSBTAT00000007770_UTR_pair	308	7	4540
ENSBTAG00000008401_ENSBTAT00000057357_UTR_pair	322	7	2
ENSBTAG00000006078_ENSBTAT00000087740_UTR_pair	199	7	1001
ENSBTAG00000004147_ENSBTAT00000085868_UTR_pair	199	7	2156
ENSBTAG00000008288_ENSBTAT00000135225_UTR_pair	144	7	846
ENSBTAG00000061002_ENSBTAT00000092998_UTR_pair	96	7	686
ENSBTAG00000016445_ENSBTAT00000133335_UTR_pair	199	7	225
ENSBTAG00000017271_ENSBTAT00000127302_UTR_pair	93	7	2
ENSBTAG00000017278_ENSBTAT00000094514_UTR_pair	199	7	77
ENSBTAG00000005136_ENSBTAT00000100246_UTR_pair	111	7	1940
ENSBTAG00000005492_ENSBTAT00000094157_UTR_pair	199	7	611
ENSBTAG00000016060_ENSBTAT00000135708_UTR_pair	349	7	1001
ENSBTAG00000007133_ENSBTAT00000055001_UTR_pair	388	7	462
ENSBTAG00000014991_ENSBTAT00000069687_UTR_pair	5	7	1001
ENSBTAG00000019866_ENSBTAT00000026471_UTR_pair	519	7	2535
ENSBTAG00000015910_ENSBTAT00000056716_UTR_pair	2	7	1204
ENSBTAG00000070235_ENSBTAT00000139911_UTR_pair	139	7	6286
ENSBTAG00000009475_ENSBTAT00000081379_UTR_pair	726	7	384
ENSBTAG00000013339_ENSBTAT00000061339_UTR_pair	25	7	5912
ENSBTAG00000033315_ENSBTAT00000047358_UTR_pair	199	7	1001
ENSBTAG00000018033_ENSBTAT00000024007_UTR_pair	199	7	588
ENSBTAG00000018395_ENSBTAT00000081936_UTR_pair	311	7	1001
ENSBTAG00000021857_ENSBTAT00000079207_UTR_pair	199	7	952
ENSBTAG00000058821_ENSBTAT00000142300_UTR_pair	61	7	658
ENSBTAG00000009117_ENSBTAT00000135686_UTR_pair	1016	7	5219
ENSBTAG00000052989_ENSBTAT00000076029_UTR_pair	895	7	1
ENSBTAG00000007700_ENSBTAT00000010126_UTR_pair	67	7	342
ENSBTAG00000008821_ENSBTAT00000011613_UTR_pair	274	7	173
ENSBTAG00000017244_ENSBTAT00000077640_UTR_pair	11	7	1225
ENSBTAG00000008279_ENSBTAT00000010894_UTR_pair	40	7	1236
ENSBTAG00000016451_ENSBTAT00000064694_UTR_pair	459	7	85
ENSBTAG00000010210_ENSBTAT00000013472_UTR_pair	143	7	563
ENSBTAG00000010220_ENSBTAT00000126683_UTR_pair	36	7	65
ENSBTAG00000007703_ENSBTAT00000095928_UTR_pair	156	7	1338
ENSBTAG00000078976_ENSBTAT00000145798_UTR_pair	199	7	1327
ENSBTAG00000063884_ENSBTAT00000099014_UTR_pair	1051	7	11638
ENSBTAG00000008787_ENSBTAT00000032523_UTR_pair	123	7	1288
ENSBTAG00000010387_ENSBTAT00000133454_UTR_pair	199	7	835
ENSBTAG00000016676_ENSBTAT00000022174_UTR_pair	401	7	633
ENSBTAG00000027446_ENSBTAT00000039415_UTR_pair	127	7	469
ENSBTAG00000018463_ENSBTAT00000024572_UTR_pair	178	7	319
ENSBTAG00000002658_ENSBTAT00000088673_UTR_pair	199	7	1001
ENSBTAG00000022003_ENSBTAT00000096160_UTR_pair	397	7	1001
ENSBTAG00000001552_ENSBTAT00000002038_UTR_pair	205	7	633
ENSBTAG00000002280_ENSBTAT00000070620_UTR_pair	445	7	2481
ENSBTAG00000012677_ENSBTAT00000085714_UTR_pair	249	7	2199
ENSBTAG00000020053_ENSBTAT00000038847_UTR_pair	2	7	1916
ENSBTAG00000016294_ENSBTAT00000073948_UTR_pair	255	7	302
ENSBTAG00000027444_ENSBTAT00000105813_UTR_pair	199	7	878
ENSBTAG00000004387_ENSBTAT00000005760_UTR_pair	199	7	389
ENSBTAG00000011600_ENSBTAT00000080762_UTR_pair	199	7	1001
ENSBTAG00000003045_ENSBTAT00000003960_UTR_pair	301	7	1554
ENSBTAG00000018263_ENSBTAT00000119499_UTR_pair	199	7	1001
ENSBTAG00000009871_ENSBTAT00000114796_UTR_pair	199	7	1078
ENSBTAG00000015434_ENSBTAT00000073890_UTR_pair	199	7	1091
ENSBTAG00000015438_ENSBTAT00000061585_UTR_pair	210	7	646
ENSBTAG00000003422_ENSBTAT00000039411_UTR_pair	124	7	675
ENSBTAG00000003425_ENSBTAT00000004442_UTR_pair	183	7	1000
ENSBTAG00000008825_ENSBTAT00000091015_UTR_pair	89	7	764
ENSBTAG00000020382_ENSBTAT00000079606_UTR_pair	99	7	1516
ENSBTAG00000001144_ENSBTAT00000001522_UTR_pair	86	7	435
ENSBTAG00000008472_ENSBTAT00000011148_UTR_pair	99	7	594
ENSBTAG00000014178_ENSBTAT00000070842_UTR_pair	47	7	1001
ENSBTAG00000011304_ENSBTAT00000015019_UTR_pair	86	7	550
ENSBTAG00000004993_ENSBTAT00000006568_UTR_pair	417	7	493
ENSBTAG00000032704_ENSBTAT00000046446_UTR_pair	87	7	2422
ENSBTAG00000004278_ENSBTAT00000132049_UTR_pair	102	7	80
ENSBTAG00000004281_ENSBTAT00000005606_UTR_pair	12	7	554
ENSBTAG00000009881_ENSBTAT00000081265_UTR_pair	286	7	1125
ENSBTAG00000004625_ENSBTAT00000089713_UTR_pair	141	7	1134
ENSBTAG00000005316_ENSBTAT00000078619_UTR_pair	636	7	788
ENSBTAG00000018805_ENSBTAT00000025032_UTR_pair	58	7	2267
ENSBTAG00000007648_ENSBTAT00000118700_UTR_pair	199	7	1445
ENSBTAG00000015188_ENSBTAT00000020207_UTR_pair	101	7	2990
ENSBTAG00000002683_ENSBTAT00000003472_UTR_pair	188	7	166
ENSBTAG00000000683_ENSBTAT00000139764_UTR_pair	201	7	1001
ENSBTAG00000004075_ENSBTAT00000005323_UTR_pair	261	7	1112
ENSBTAG00000014917_ENSBTAT00000120452_UTR_pair	246	7	715
ENSBTAG00000013899_ENSBTAT00000086707_UTR_pair	264	7	3036
ENSBTAG00000006531_ENSBTAT00000097547_UTR_pair	21	7	3416
ENSBTAG00000002578_ENSBTAT00000003338_UTR_pair	19	7	2164
ENSBTAG00000063812_ENSBTAT00000101610_UTR_pair	454	7	5083
ENSBTAG00000017346_ENSBTAT00000023060_UTR_pair	199	7	808
ENSBTAG00000006063_ENSBTAT00000090401_UTR_pair	199	7	943
ENSBTAG00000006065_ENSBTAT00000007967_UTR_pair	124	7	1078
ENSBTAG00000006066_ENSBTAT00000113751_UTR_pair	199	7	6778
ENSBTAG00000008293_ENSBTAT00000010913_UTR_pair	324	7	21
ENSBTAG00000001314_ENSBTAT00000001734_UTR_pair	241	7	228
ENSBTAG00000000065_ENSBTAT00000000072_UTR_pair	159	7	897
ENSBTAG00000001112_ENSBTAT00000106374_UTR_pair	243	7	686
ENSBTAG00000007922_ENSBTAT00000153127_UTR_pair	359	7	5818
ENSBTAG00000013545_ENSBTAT00000085261_UTR_pair	199	7	1143
ENSBTAG00000008436_ENSBTAT00000075264_UTR_pair	219	7	1145
ENSBTAG00000045784_ENSBTAT00000114589_UTR_pair	479	7	2577
ENSBTAG00000003848_ENSBTAT00000091435_UTR_pair	199	7	191
ENSBTAG00000013753_ENSBTAT00000123807_UTR_pair	199	7	277
ENSBTAG00000015379_ENSBTAT00000020438_UTR_pair	422	7	523
ENSBTAG00000011425_ENSBTAT00000015189_UTR_pair	416	7	561
ENSBTAG00000003863_ENSBTAT00000005039_UTR_pair	252	7	125
ENSBTAG00000018813_ENSBTAT00000025044_UTR_pair	33	7	246
ENSBTAG00000018812_ENSBTAT00000025042_UTR_pair	28	7	81
ENSBTAG00000001038_ENSBTAT00000001379_UTR_pair	131	7	282
ENSBTAG00000003561_ENSBTAT00000004632_UTR_pair	199	7	331
ENSBTAG00000007213_ENSBTAT00000072837_UTR_pair	163	7	873
ENSBTAG00000019984_ENSBTAT00000026619_UTR_pair	125	7	1989
ENSBTAG00000031715_ENSBTAT00000123466_UTR_pair	199	7	2359
ENSBTAG00000021837_ENSBTAT00000073856_UTR_pair	208	7	600
ENSBTAG00000021836_ENSBTAT00000119126_UTR_pair	10	7	885
ENSBTAG00000011656_ENSBTAT00000096097_UTR_pair	97	7	40
ENSBTAG00000011655_ENSBTAT00000015478_UTR_pair	60	7	1359
ENSBTAG00000011646_ENSBTAT00000039336_UTR_pair	199	7	3089
ENSBTAG00000015798_ENSBTAT00000100109_UTR_pair	46	7	95
ENSBTAG00000015796_ENSBTAT00000070817_UTR_pair	11	7	3659
ENSBTAG00000021232_ENSBTAT00000081888_UTR_pair	135	7	1212
ENSBTAG00000016667_ENSBTAT00000131237_UTR_pair	120	7	2802
ENSBTAG00000007497_ENSBTAT00000009858_UTR_pair	199	7	934
ENSBTAG00000038974_ENSBTAT00000107172_UTR_pair	95	7	1850
ENSBTAG00000014769_ENSBTAT00000019648_UTR_pair	190	7	1001
ENSBTAG00000021685_ENSBTAT00000028899_UTR_pair	103	7	277
ENSBTAG00000004916_ENSBTAT00000006468_UTR_pair	127	7	272
ENSBTAG00000010383_ENSBTAT00000013703_UTR_pair	199	7	1334
ENSBTAG00000001827_ENSBTAT00000002387_UTR_pair	75	7	633
ENSBTAG00000006002_ENSBTAT00000007879_UTR_pair	330	7	1001
ENSBTAG00000031718_ENSBTAT00000020676_UTR_pair	13	7	328
ENSBTAG00000031716_ENSBTAT00000044971_UTR_pair	67	7	1006
ENSBTAG00000017402_ENSBTAT00000044841_UTR_pair	136	7	1001
ENSBTAG00000014438_ENSBTAT00000019202_UTR_pair	53	7	2106
ENSBTAG00000021558_ENSBTAT00000028723_UTR_pair	199	7	14
ENSBTAG00000004402_ENSBTAT00000005773_UTR_pair	107	7	1831
ENSBTAG00000018784_ENSBTAT00000115997_UTR_pair	192	7	439
ENSBTAG00000003872_ENSBTAT00000106948_UTR_pair	199	7	1001
ENSBTAG00000017424_ENSBTAT00000023164_UTR_pair	195	7	1330
ENSBTAG00000018053_ENSBTAT00000024031_UTR_pair	256	7	1559
ENSBTAG00000054628_ENSBTAT00000136208_UTR_pair	199	7	201
ENSBTAG00000008105_ENSBTAT00000010660_UTR_pair	184	7	1260
ENSBTAG00000010934_ENSBTAT00000014523_UTR_pair	188	7	360
ENSBTAG00000015362_ENSBTAT00000060945_UTR_pair	113	7	1880
ENSBTAG00000013009_ENSBTAT00000107072_UTR_pair	101	7	484
ENSBTAG00000013007_ENSBTAT00000017292_UTR_pair	7	7	2305
ENSBTAG00000006533_ENSBTAT00000008580_UTR_pair	13	7	225
ENSBTAG00000018417_ENSBTAT00000024505_UTR_pair	122	7	375
ENSBTAG00000008638_ENSBTAT00000123636_UTR_pair	99	7	777
ENSBTAG00000013330_ENSBTAT00000017725_UTR_pair	169	7	2024
ENSBTAG00000017002_ENSBTAT00000124610_UTR_pair	461	7	565
ENSBTAG00000017007_ENSBTAT00000022616_UTR_pair	199	7	806
ENSBTAG00000027386_ENSBTAT00000039303_UTR_pair	364	7	1956
ENSBTAG00000008840_ENSBTAT00000132305_UTR_pair	199	7	322
ENSBTAG00000016169_ENSBTAT00000021521_UTR_pair	101	7	413
ENSBTAG00000006526_ENSBTAT00000076163_UTR_pair	452	7	1525
ENSBTAG00000009743_ENSBTAT00000012845_UTR_pair	42	7	1550
ENSBTAG00000001015_ENSBTAT00000105631_UTR_pair	225	7	1818
ENSBTAG00000018334_ENSBTAT00000024395_UTR_pair	158	7	1001
ENSBTAG00000016231_ENSBTAT00000085391_UTR_pair	92	7	3840
ENSBTAG00000003215_ENSBTAT00000004174_UTR_pair	290	7	2121
ENSBTAG00000031402_ENSBTAT00000081808_UTR_pair	199	7	1960
ENSBTAG00000016427_ENSBTAT00000120172_UTR_pair	28	7	24
ENSBTAG00000003901_ENSBTAT00000105225_UTR_pair	430	7	133
ENSBTAG00000003908_ENSBTAT00000149974_UTR_pair	36	7	5779
ENSBTAG00000000512_ENSBTAT00000108002_UTR_pair	10	7	491
ENSBTAG00000010131_ENSBTAT00000013366_UTR_pair	107	7	4548
ENSBTAG00000003971_ENSBTAT00000005182_UTR_pair	199	7	893
ENSBTAG00000038738_ENSBTAT00000053065_UTR_pair	92	7	768
ENSBTAG00000039313_ENSBTAT00000061145_UTR_pair	76	7	692
ENSBTAG00000013387_ENSBTAT00000017812_UTR_pair	132	7	808
ENSBTAG00000016524_ENSBTAT00000123606_UTR_pair	469	7	364
ENSBTAG00000005969_ENSBTAT00000086329_UTR_pair	124	7	1001
ENSBTAG00000018101_ENSBTAT00000024092_UTR_pair	91	7	734
ENSBTAG00000000308_ENSBTAT00000073616_UTR_pair	206	7	3308
ENSBTAG00000005504_ENSBTAT00000081881_UTR_pair	295	7	3152
ENSBTAG00000007930_ENSBTAT00000143926_UTR_pair	253	7	754
ENSBTAG00000013301_ENSBTAT00000017688_UTR_pair	37	7	568
ENSBTAG00000013303_ENSBTAT00000078990_UTR_pair	9	7	738
ENSBTAG00000003504_ENSBTAT00000103666_UTR_pair	21	7	425
ENSBTAG00000002236_ENSBTAT00000002893_UTR_pair	199	7	47
ENSBTAG00000006670_ENSBTAT00000116153_UTR_pair	60	7	398
ENSBTAG00000006949_ENSBTAT00000009127_UTR_pair	135	7	18
ENSBTAG00000044015_ENSBTAT00000117588_UTR_pair	22	7	4481
ENSBTAG00000006962_ENSBTAT00000120414_UTR_pair	199	7	671
ENSBTAG00000003949_ENSBTAT00000136841_UTR_pair	13	7	851
ENSBTAG00000005571_ENSBTAT00000115961_UTR_pair	111	7	2418
ENSBTAG00000005573_ENSBTAT00000007322_UTR_pair	1	7	898
ENSBTAG00000001640_ENSBTAT00000070030_UTR_pair	149	7	3343
ENSBTAG00000001645_ENSBTAT00000002156_UTR_pair	361	7	1148
ENSBTAG00000001741_ENSBTAT00000075492_UTR_pair	292	7	1609
ENSBTAG00000076838_ENSBTAT00000143872_UTR_pair	94	7	2743
ENSBTAG00000052632_ENSBTAT00000088965_UTR_pair	376	7	2269
ENSBTAG00000021805_ENSBTAT00000029063_UTR_pair	268	7	499
ENSBTAG00000019621_ENSBTAT00000098089_UTR_pair	97	7	1407
ENSBTAG00000013915_ENSBTAT00000034528_UTR_pair	275	7	828
ENSBTAG00000022007_ENSBTAT00000126640_UTR_pair	122	7	1001
ENSBTAG00000011541_ENSBTAT00000015333_UTR_pair	199	7	593
ENSBTAG00000014648_ENSBTAT00000074564_UTR_pair	283	7	299
ENSBTAG00000000528_ENSBTAT00000000687_UTR_pair	258	7	765
ENSBTAG00000008938_ENSBTAT00000011767_UTR_pair	199	7	2031
ENSBTAG00000003209_ENSBTAT00000004167_UTR_pair	275	7	1476
ENSBTAG00000004100_ENSBTAT00000005359_UTR_pair	61	7	556
ENSBTAG00000005086_ENSBTAT00000070479_UTR_pair	429	7	2488
ENSBTAG00000016208_ENSBTAT00000074363_UTR_pair	55	7	1749
ENSBTAG00000003040_ENSBTAT00000078786_UTR_pair	251	7	3885
ENSBTAG00000000660_ENSBTAT00000000862_UTR_pair	107	7	458
ENSBTAG00000004039_ENSBTAT00000112297_UTR_pair	69	7	497
ENSBTAG00000003396_ENSBTAT00000004402_UTR_pair	199	7	381
ENSBTAG00000007960_ENSBTAT00000119968_UTR_pair	235	7	1173
ENSBTAG00000017584_ENSBTAT00000088963_UTR_pair	245	7	428
ENSBTAG00000017594_ENSBTAT00000137224_UTR_pair	582	7	8828
ENSBTAG00000009165_ENSBTAT00000012081_UTR_pair	528	7	1405
ENSBTAG00000005733_ENSBTAT00000068711_UTR_pair	111	7	330
ENSBTAG00000008527_ENSBTAT00000011240_UTR_pair	142	7	2253
ENSBTAG00000019606_ENSBTAT00000026122_UTR_pair	196	7	191
ENSBTAG00000007783_ENSBTAT00000043539_UTR_pair	248	7	385
ENSBTAG00000016873_ENSBTAT00000022448_UTR_pair	199	7	535
ENSBTAG00000020030_ENSBTAT00000026679_UTR_pair	50	7	2719
ENSBTAG00000018873_ENSBTAT00000148263_UTR_pair	199	7	5907
ENSBTAG00000002187_ENSBTAT00000125358_UTR_pair	199	7	664
ENSBTAG00000005275_ENSBTAT00000043503_UTR_pair	411	7	609
ENSBTAG00000016846_ENSBTAT00000022411_UTR_pair	224	7	1885
ENSBTAG00000003256_ENSBTAT00000141856_UTR_pair	108	7	923
ENSBTAG00000003257_ENSBTAT00000086531_UTR_pair	94	7	48
ENSBTAG00000015127_ENSBTAT00000020125_UTR_pair	103	7	1001
ENSBTAG00000005181_ENSBTAT00000006825_UTR_pair	242	7	548
ENSBTAG00000016743_ENSBTAT00000022261_UTR_pair	69	7	220
ENSBTAG00000016746_ENSBTAT00000079595_UTR_pair	83	7	193
ENSBTAG00000051238_ENSBTAT00000108975_UTR_pair	87	7	399
ENSBTAG00000000958_ENSBTAT00000001267_UTR_pair	244	7	473
ENSBTAG00000000959_ENSBTAT00000087597_UTR_pair	509	7	106
ENSBTAG00000010126_ENSBTAT00000013362_UTR_pair	302	7	1035
ENSBTAG00000010130_ENSBTAT00000061303_UTR_pair	218	7	308
ENSBTAG00000014186_ENSBTAT00000077488_UTR_pair	160	7	1001
ENSBTAG00000003635_ENSBTAT00000074591_UTR_pair	268	7	422
ENSBTAG00000003639_ENSBTAT00000130799_UTR_pair	2	7	1291
ENSBTAG00000007489_ENSBTAT00000009850_UTR_pair	245	7	3389
ENSBTAG00000007490_ENSBTAT00000009852_UTR_pair	131	7	634
ENSBTAG00000007120_ENSBTAT00000122425_UTR_pair	161	7	2810
ENSBTAG00000005957_ENSBTAT00000057219_UTR_pair	116	7	1695
ENSBTAG00000000241_ENSBTAT00000131231_UTR_pair	426	7	1503
ENSBTAG00000006671_ENSBTAT00000107948_UTR_pair	80	7	1001
ENSBTAG00000020166_ENSBTAT00000026859_UTR_pair	199	7	1067
ENSBTAG00000012626_ENSBTAT00000016760_UTR_pair	199	7	133
ENSBTAG00000008969_ENSBTAT00000106969_UTR_pair	85	7	4767
ENSBTAG00000018063_ENSBTAT00000024049_UTR_pair	162	7	2153
ENSBTAG00000014554_ENSBTAT00000134122_UTR_pair	92	7	159
ENSBTAG00000010135_ENSBTAT00000013376_UTR_pair	23	7	939
ENSBTAG00000021601_ENSBTAT00000126589_UTR_pair	4	7	1001
ENSBTAG00000018270_ENSBTAT00000082305_UTR_pair	118	7	44
ENSBTAG00000007962_ENSBTAT00000073955_UTR_pair	96	7	1001
ENSBTAG00000001512_ENSBTAT00000001981_UTR_pair	112	7	639
ENSBTAG00000030556_ENSBTAT00000073166_UTR_pair	199	7	293
ENSBTAG00000012353_ENSBTAT00000016390_UTR_pair	274	7	1022
ENSBTAG00000026327_ENSBTAT00000037367_UTR_pair	34	7	31
ENSBTAG00000007186_ENSBTAT00000037363_UTR_pair	199	7	26
ENSBTAG00000004969_ENSBTAT00000006542_UTR_pair	169	7	102
ENSBTAG00000010276_ENSBTAT00000056581_UTR_pair	248	7	225
ENSBTAG00000007838_ENSBTAT00000074427_UTR_pair	249	7	42
ENSBTAG00000007834_ENSBTAT00000110496_UTR_pair	122	7	203
ENSBTAG00000007749_ENSBTAT00000010191_UTR_pair	199	7	60
ENSBTAG00000046026_ENSBTAT00000069250_UTR_pair	86	7	123
ENSBTAG00000011064_ENSBTAT00000107702_UTR_pair	192	7	121
ENSBTAG00000000857_ENSBTAT00000001142_UTR_pair	526	7	2
ENSBTAG00000026356_ENSBTAT00000037423_UTR_pair	71	7	273
ENSBTAG00000020751_ENSBTAT00000027654_UTR_pair	139	7	304
ENSBTAG00000009811_ENSBTAT00000099417_UTR_pair	56	7	77
ENSBTAG00000014458_ENSBTAT00000037418_UTR_pair	48	7	182
ENSBTAG00000012242_ENSBTAT00000016239_UTR_pair	350	7	453
ENSBTAG00000000312_ENSBTAT00000084417_UTR_pair	240	7	554
ENSBTAG00000009677_ENSBTAT00000012765_UTR_pair	169	7	213
ENSBTAG00000008079_ENSBTAT00000086809_UTR_pair	64	7	1622
ENSBTAG00000038682_ENSBTAT00000086728_UTR_pair	9	7	1591
ENSBTAG00000061239_ENSBTAT00000096027_UTR_pair	12629	7	7365
ENSBTAG00000021474_ENSBTAT00000087110_UTR_pair	169	7	64
ENSBTAG00000021472_ENSBTAT00000028621_UTR_pair	87	7	349
ENSBTAG00000005063_ENSBTAT00000006673_UTR_pair	199	7	1352
ENSBTAG00000055204_ENSBTAT00000093710_UTR_pair	414	7	7096
ENSBTAG00000021639_ENSBTAT00000130381_UTR_pair	152	7	139
ENSBTAG00000009974_ENSBTAT00000072801_UTR_pair	76	7	968
ENSBTAG00000046467_ENSBTAT00000064455_UTR_pair	495	7	515
ENSBTAG00000008597_ENSBTAT00000011341_UTR_pair	199	7	1001
ENSBTAG00000006132_ENSBTAT00000080590_UTR_pair	199	7	1001
ENSBTAG00000009578_ENSBTAT00000012605_UTR_pair	415	7	1000
ENSBTAG00000020226_ENSBTAT00000026936_UTR_pair	3	7	508
ENSBTAG00000002181_ENSBTAT00000002827_UTR_pair	8	7	522
ENSBTAG00000001156_ENSBTAT00000001538_UTR_pair	1025	7	4181
ENSBTAG00000000711_ENSBTAT00000070564_UTR_pair	141	7	1850
ENSBTAG00000006869_ENSBTAT00000009033_UTR_pair	311	7	4782
ENSBTAG00000020801_ENSBTAT00000080408_UTR_pair	199	7	676
ENSBTAG00000023179_ENSBTAT00000031530_UTR_pair	507	7	1860
ENSBTAG00000009394_ENSBTAT00000074600_UTR_pair	16	7	742
ENSBTAG00000010275_ENSBTAT00000075468_UTR_pair	311	7	344
ENSBTAG00000020407_ENSBTAT00000070757_UTR_pair	230	7	2221
ENSBTAG00000020405_ENSBTAT00000120398_UTR_pair	199	7	303
ENSBTAG00000020399_ENSBTAT00000027187_UTR_pair	199	7	1001
ENSBTAG00000020398_ENSBTAT00000098068_UTR_pair	277	7	2409
ENSBTAG00000022114_ENSBTAT00000099341_UTR_pair	199	7	2549
ENSBTAG00000005025_ENSBTAT00000123854_UTR_pair	203	7	1001
ENSBTAG00000016194_ENSBTAT00000153914_UTR_pair	212	7	5232
ENSBTAG00000002002_ENSBTAT00000061524_UTR_pair	90	7	1512
ENSBTAG00000015334_ENSBTAT00000129703_UTR_pair	1082	7	3771
ENSBTAG00000020693_ENSBTAT00000079315_UTR_pair	251	7	2105
ENSBTAG00000026309_ENSBTAT00000069922_UTR_pair	2303	7	1288
ENSBTAG00000046307_ENSBTAT00000064621_UTR_pair	85	7	1001
ENSBTAG00000044106_ENSBTAT00000061199_UTR_pair	108	7	1001
ENSBTAG00000017021_ENSBTAT00000122009_UTR_pair	289	7	519
ENSBTAG00000023218_ENSBTAT00000144927_UTR_pair	199	7	4373
ENSBTAG00000013227_ENSBTAT00000017600_UTR_pair	166	7	1069
ENSBTAG00000017492_ENSBTAT00000023247_UTR_pair	289	7	2236
ENSBTAG00000000878_ENSBTAT00000001169_UTR_pair	199	7	1127
ENSBTAG00000003450_ENSBTAT00000115642_UTR_pair	52	7	59
ENSBTAG00000003454_ENSBTAT00000004487_UTR_pair	100	7	571
ENSBTAG00000004243_ENSBTAT00000081950_UTR_pair	113	7	1705
ENSBTAG00000001174_ENSBTAT00000001557_UTR_pair	56	7	933
ENSBTAG00000005893_ENSBTAT00000107274_UTR_pair	404	7	23
ENSBTAG00000005898_ENSBTAT00000007749_UTR_pair	187	7	283
ENSBTAG00000020034_ENSBTAT00000026686_UTR_pair	412	7	1211
ENSBTAG00000015637_ENSBTAT00000020766_UTR_pair	237	7	1070
ENSBTAG00000050550_ENSBTAT00000068055_UTR_pair	203	7	373
ENSBTAG00000009138_ENSBTAT00000128316_UTR_pair	199	7	4032
ENSBTAG00000019910_ENSBTAT00000103963_UTR_pair	201	7	1054
ENSBTAG00000008958_ENSBTAT00000011793_UTR_pair	190	7	179
ENSBTAG00000004954_ENSBTAT00000006516_UTR_pair	143	7	2090
ENSBTAG00000017529_ENSBTAT00000023308_UTR_pair	301	7	735
ENSBTAG00000000948_ENSBTAT00000072804_UTR_pair	282	7	1389
ENSBTAG00000021841_ENSBTAT00000026607_UTR_pair	498	7	1001
ENSBTAG00000026283_ENSBTAT00000103251_UTR_pair	188	7	287
ENSBTAG00000018557_ENSBTAT00000077633_UTR_pair	237	7	3052
ENSBTAG00000001299_ENSBTAT00000001710_UTR_pair	133	7	3
ENSBTAG00000015901_ENSBTAT00000021138_UTR_pair	228	7	1991
ENSBTAG00000008629_ENSBTAT00000011379_UTR_pair	166	7	1491
ENSBTAG00000011614_ENSBTAT00000090034_UTR_pair	196	7	1001
ENSBTAG00000011981_ENSBTAT00000015897_UTR_pair	54	7	138
ENSBTAG00000006695_ENSBTAT00000008802_UTR_pair	199	7	1001
ENSBTAG00000014689_ENSBTAT00000075341_UTR_pair	199	7	648
ENSBTAG00000014691_ENSBTAT00000019553_UTR_pair	157	7	1284
ENSBTAG00000004720_ENSBTAT00000090833_UTR_pair	464	7	1001
ENSBTAG00000020312_ENSBTAT00000027071_UTR_pair	228	7	1001
ENSBTAG00000007562_ENSBTAT00000009951_UTR_pair	215	7	1485
ENSBTAG00000001808_ENSBTAT00000113264_UTR_pair	62	7	118
ENSBTAG00000011298_ENSBTAT00000015010_UTR_pair	352	7	1001
ENSBTAG00000020143_ENSBTAT00000026830_UTR_pair	43	7	1262
ENSBTAG00000002076_ENSBTAT00000075712_UTR_pair	212	7	996
ENSBTAG00000050514_ENSBTAT00000078734_UTR_pair	262	7	4209
ENSBTAG00000008150_ENSBTAT00000074880_UTR_pair	420	7	3400
ENSBTAG00000074342_ENSBTAT00000152879_UTR_pair	199	7	2430
ENSBTAG00000015717_ENSBTAT00000020864_UTR_pair	124	7	263
ENSBTAG00000007335_ENSBTAT00000107216_UTR_pair	42	7	1538
ENSBTAG00000003339_ENSBTAT00000004333_UTR_pair	199	7	145
ENSBTAG00000014026_ENSBTAT00000067689_UTR_pair	252	7	1001
ENSBTAG00000047330_ENSBTAT00000065769_UTR_pair	66	7	1414
ENSBTAG00000011779_ENSBTAT00000134254_UTR_pair	82	7	1001
ENSBTAG00000007423_ENSBTAT00000009759_UTR_pair	198	7	829
ENSBTAG00000006209_ENSBTAT00000008154_UTR_pair	840	7	359
ENSBTAG00000007303_ENSBTAT00000009607_UTR_pair	275	7	1476
ENSBTAG00000040422_ENSBTAT00000119196_UTR_pair	91	7	1001
ENSBTAG00000017694_ENSBTAT00000076789_UTR_pair	557	7	197
ENSBTAG00000037571_ENSBTAT00000056537_UTR_pair	9	7	1300
ENSBTAG00000007387_ENSBTAT00000125722_UTR_pair	256	7	183
ENSBTAG00000007386_ENSBTAT00000078438_UTR_pair	15	7	1
ENSBTAG00000010006_ENSBTAT00000013197_UTR_pair	31	7	335
ENSBTAG00000014051_ENSBTAT00000118514_UTR_pair	199	7	1001
ENSBTAG00000011516_ENSBTAT00000071287_UTR_pair	6	7	1887
ENSBTAG00000021449_ENSBTAT00000028594_UTR_pair	199	7	20
ENSBTAG00000033902_ENSBTAT00000048106_UTR_pair	199	7	1001
ENSBTAG00000010529_ENSBTAT00000061468_UTR_pair	199	7	1001
ENSBTAG00000013513_ENSBTAT00000017968_UTR_pair	172	7	534
ENSBTAG00000007943_ENSBTAT00000010441_UTR_pair	745	7	1607
ENSBTAG00000014396_ENSBTAT00000076027_UTR_pair	154	7	1340
ENSBTAG00000021208_ENSBTAT00000128849_UTR_pair	172	7	474
ENSBTAG00000026963_ENSBTAT00000111836_UTR_pair	246	7	598
ENSBTAG00000008054_ENSBTAT00000079220_UTR_pair	282	7	3148
ENSBTAG00000000236_ENSBTAT00000000289_UTR_pair	541	7	2322
ENSBTAG00000046358_ENSBTAT00000064237_UTR_pair	475	7	441
ENSBTAG00000001254_ENSBTAT00000099150_UTR_pair	354	7	2
ENSBTAG00000017833_ENSBTAT00000023707_UTR_pair	391	7	1504
ENSBTAG00000050156_ENSBTAT00000074810_UTR_pair	10	7	441
ENSBTAG00000014130_ENSBTAT00000018778_UTR_pair	152	7	140
ENSBTAG00000013213_ENSBTAT00000017584_UTR_pair	499	7	1001
ENSBTAG00000026234_ENSBTAT00000037202_UTR_pair	207	7	2320
ENSBTAG00000012595_ENSBTAT00000016718_UTR_pair	72	7	621
ENSBTAG00000017165_ENSBTAT00000022815_UTR_pair	210	7	522
ENSBTAG00000016959_ENSBTAT00000103833_UTR_pair	235	7	220
ENSBTAG00000003098_ENSBTAT00000070099_UTR_pair	14	7	1652
ENSBTAG00000011572_ENSBTAT00000056995_UTR_pair	73	7	467
ENSBTAG00000013901_ENSBTAT00000133407_UTR_pair	10	7	878
ENSBTAG00000019581_ENSBTAT00000092793_UTR_pair	1489	7	2609
ENSBTAG00000007570_ENSBTAT00000009959_UTR_pair	3	7	1418
ENSBTAG00000055158_ENSBTAT00000084811_UTR_pair	324	7	4540
ENSBTAG00000004906_ENSBTAT00000006455_UTR_pair	131	7	1427
ENSBTAG00000004902_ENSBTAT00000006451_UTR_pair	4	7	77
ENSBTAG00000013621_ENSBTAT00000107592_UTR_pair	104	7	1001
ENSBTAG00000003789_ENSBTAT00000073552_UTR_pair	199	7	1017
ENSBTAG00000007596_ENSBTAT00000084858_UTR_pair	199	7	1358
ENSBTAG00000000199_ENSBTAT00000045859_UTR_pair	285	7	1001
ENSBTAG00000072724_ENSBTAT00000138787_UTR_pair	502	7	14594
ENSBTAG00000017339_ENSBTAT00000090597_UTR_pair	130	7	5308
ENSBTAG00000003481_ENSBTAT00000090491_UTR_pair	45	7	227
ENSBTAG00000039968_ENSBTAT00000028656_UTR_pair	86	7	2256
ENSBTAG00000011268_ENSBTAT00000045778_UTR_pair	199	7	265
ENSBTAG00000013678_ENSBTAT00000116596_UTR_pair	199	7	1001
ENSBTAG00000015271_ENSBTAT00000020312_UTR_pair	41	7	8
ENSBTAG00000006877_ENSBTAT00000061368_UTR_pair	300	7	1197
ENSBTAG00000015536_ENSBTAT00000020644_UTR_pair	181	7	1190
ENSBTAG00000015734_ENSBTAT00000091612_UTR_pair	199	7	2691
ENSBTAG00000015720_ENSBTAT00000020867_UTR_pair	23	7	597
ENSBTAG00000017733_ENSBTAT00000023581_UTR_pair	101	7	618
ENSBTAG00000001000_ENSBTAT00000001324_UTR_pair	10	7	133
ENSBTAG00000003338_ENSBTAT00000004335_UTR_pair	59	7	710
ENSBTAG00000019639_ENSBTAT00000078298_UTR_pair	257	7	2291
ENSBTAG00000004792_ENSBTAT00000006291_UTR_pair	47	7	820
ENSBTAG00000060527_ENSBTAT00000118024_UTR_pair	3791	7	14350
ENSBTAG00000015338_ENSBTAT00000090394_UTR_pair	199	7	379
ENSBTAG00000015341_ENSBTAT00000089915_UTR_pair	199	7	76
ENSBTAG00000013369_ENSBTAT00000017783_UTR_pair	98	7	1613
ENSBTAG00000044126_ENSBTAT00000086501_UTR_pair	199	7	1001
ENSBTAG00000009176_ENSBTAT00000048242_UTR_pair	140	7	2398
ENSBTAG00000012279_ENSBTAT00000040234_UTR_pair	99	7	3349
ENSBTAG00000005392_ENSBTAT00000149932_UTR_pair	113	7	5956
ENSBTAG00000023989_ENSBTAT00000033028_UTR_pair	184	7	5135
ENSBTAG00000050239_ENSBTAT00000072083_UTR_pair	30	7	692
ENSBTAG00000020884_ENSBTAT00000027820_UTR_pair	199	7	848
ENSBTAG00000034827_ENSBTAT00000049292_UTR_pair	200	7	809
ENSBTAG00000049233_ENSBTAT00000068225_UTR_pair	91	7	2524
ENSBTAG00000035735_ENSBTAT00000066518_UTR_pair	612	7	1692
ENSBTAG00000039307_ENSBTAT00000006112_UTR_pair	199	7	1001
ENSBTAG00000004423_ENSBTAT00000077406_UTR_pair	199	7	482
ENSBTAG00000037488_ENSBTAT00000056224_UTR_pair	630	7	1298
ENSBTAG00000037962_ENSBTAT00000054262_UTR_pair	199	7	2311
ENSBTAG00000016557_ENSBTAT00000071612_UTR_pair	127	7	2948
ENSBTAG00000016547_ENSBTAT00000129515_UTR_pair	199	7	1001
ENSBTAG00000020748_ENSBTAT00000027650_UTR_pair	116	7	66
ENSBTAG00000004034_ENSBTAT00000088066_UTR_pair	199	7	1083
ENSBTAG00000024803_ENSBTAT00000034535_UTR_pair	79	7	2973
ENSBTAG00000018945_ENSBTAT00000074995_UTR_pair	47	7	1001
ENSBTAG00000012882_ENSBTAT00000068692_UTR_pair	302	7	3393
ENSBTAG00000012885_ENSBTAT00000017122_UTR_pair	105	7	1441
ENSBTAG00000010286_ENSBTAT00000013589_UTR_pair	266	7	1001
ENSBTAG00000002382_ENSBTAT00000003086_UTR_pair	129	7	498
ENSBTAG00000008732_ENSBTAT00000011504_UTR_pair	34	7	637
ENSBTAG00000004672_ENSBTAT00000083581_UTR_pair	237	7	31
ENSBTAG00000011793_ENSBTAT00000015660_UTR_pair	229	7	2591
ENSBTAG00000017901_ENSBTAT00000134182_UTR_pair	199	7	256
ENSBTAG00000020272_ENSBTAT00000027019_UTR_pair	69	7	2202
ENSBTAG00000020277_ENSBTAT00000112230_UTR_pair	199	7	1001
ENSBTAG00000008665_ENSBTAT00000132067_UTR_pair	181	7	3148
ENSBTAG00000010709_ENSBTAT00000014176_UTR_pair	74	7	1866
ENSBTAG00000016266_ENSBTAT00000139134_UTR_pair	3	7	2666
ENSBTAG00000000277_ENSBTAT00000099595_UTR_pair	326	7	23
ENSBTAG00000005710_ENSBTAT00000081233_UTR_pair	287	7	3077
ENSBTAG00000010008_ENSBTAT00000013201_UTR_pair	218	7	77
ENSBTAG00000008219_ENSBTAT00000010804_UTR_pair	100	7	1080
ENSBTAG00000000977_ENSBTAT00000112449_UTR_pair	186	7	77
ENSBTAG00000016855_ENSBTAT00000022419_UTR_pair	199	7	306
ENSBTAG00000007192_ENSBTAT00000009467_UTR_pair	524	7	1388
ENSBTAG00000007196_ENSBTAT00000009469_UTR_pair	72	7	751
ENSBTAG00000003052_ENSBTAT00000040088_UTR_pair	135	7	1119
ENSBTAG00000019358_ENSBTAT00000117829_UTR_pair	122	7	2398
ENSBTAG00000019365_ENSBTAT00000076394_UTR_pair	199	7	526
ENSBTAG00000014137_ENSBTAT00000018792_UTR_pair	190	7	1277
ENSBTAG00000033510_ENSBTAT00000077328_UTR_pair	199	7	1211
ENSBTAG00000019725_ENSBTAT00000026289_UTR_pair	1134	7	2857
ENSBTAG00000012940_ENSBTAT00000096018_UTR_pair	47	7	1178
ENSBTAG00000006690_ENSBTAT00000008799_UTR_pair	452	7	1844
ENSBTAG00000016197_ENSBTAT00000064299_UTR_pair	377	7	1001
ENSBTAG00000009067_ENSBTAT00000011952_UTR_pair	337	7	4321
ENSBTAG00000005138_ENSBTAT00000134936_UTR_pair	283	7	93
ENSBTAG00000008075_ENSBTAT00000010619_UTR_pair	347	7	266
ENSBTAG00000010322_ENSBTAT00000066893_UTR_pair	213	7	1419
ENSBTAG00000005357_ENSBTAT00000007042_UTR_pair	395	7	349
ENSBTAG00000005364_ENSBTAT00000007052_UTR_pair	162	7	245
ENSBTAG00000005371_ENSBTAT00000007065_UTR_pair	199	7	470
ENSBTAG00000015013_ENSBTAT00000019988_UTR_pair	402	7	876
ENSBTAG00000015015_ENSBTAT00000093865_UTR_pair	90	7	550
ENSBTAG00000006817_ENSBTAT00000072559_UTR_pair	160	7	1001
ENSBTAG00000006835_ENSBTAT00000047009_UTR_pair	19	7	1024
ENSBTAG00000009749_ENSBTAT00000082303_UTR_pair	231	7	61
ENSBTAG00000019627_ENSBTAT00000026146_UTR_pair	25	7	1367
ENSBTAG00000015939_ENSBTAT00000112262_UTR_pair	199	7	174
ENSBTAG00000021338_ENSBTAT00000028443_UTR_pair	199	7	1001
ENSBTAG00000021343_ENSBTAT00000081099_UTR_pair	30	7	1882
ENSBTAG00000018213_ENSBTAT00000024242_UTR_pair	169	7	3662
ENSBTAG00000019246_ENSBTAT00000047079_UTR_pair	368	7	1881
ENSBTAG00000000842_ENSBTAT00000001118_UTR_pair	199	7	425
ENSBTAG00000013162_ENSBTAT00000076344_UTR_pair	199	7	228
ENSBTAG00000020046_ENSBTAT00000107997_UTR_pair	188	7	662
ENSBTAG00000001410_ENSBTAT00000068586_UTR_pair	199	7	117
ENSBTAG00000016684_ENSBTAT00000022184_UTR_pair	247	7	1001
ENSBTAG00000008804_ENSBTAT00000011597_UTR_pair	38	7	4701
ENSBTAG00000005340_ENSBTAT00000087899_UTR_pair	25	7	13
ENSBTAG00000040308_ENSBTAT00000055693_UTR_pair	89	7	37
ENSBTAG00000044185_ENSBTAT00000143693_UTR_pair	173	7	2587
ENSBTAG00000005218_ENSBTAT00000006874_UTR_pair	199	7	1001
ENSBTAG00000006564_ENSBTAT00000008621_UTR_pair	286	7	315
ENSBTAG00000006556_ENSBTAT00000008616_UTR_pair	170	7	383
ENSBTAG00000011905_ENSBTAT00000015794_UTR_pair	293	7	1424
ENSBTAG00000009061_ENSBTAT00000083901_UTR_pair	58	7	38
ENSBTAG00000013033_ENSBTAT00000039968_UTR_pair	131	7	793
ENSBTAG00000013029_ENSBTAT00000071545_UTR_pair	261	7	503
ENSBTAG00000032657_ENSBTAT00000079873_UTR_pair	199	7	1001
ENSBTAG00000000700_ENSBTAT00000097055_UTR_pair	199	7	964
ENSBTAG00000004275_ENSBTAT00000005599_UTR_pair	199	7	964
ENSBTAG00000010919_ENSBTAT00000084656_UTR_pair	189	7	1564
ENSBTAG00000002914_ENSBTAT00000120977_UTR_pair	416	7	356
ENSBTAG00000010568_ENSBTAT00000096827_UTR_pair	818	7	4124
ENSBTAG00000015824_ENSBTAT00000021020_UTR_pair	186	7	2660
ENSBTAG00000015821_ENSBTAT00000021018_UTR_pair	66	7	1001
ENSBTAG00000021048_ENSBTAT00000068104_UTR_pair	199	7	718
ENSBTAG00000043981_ENSBTAT00000078732_UTR_pair	149	7	1645
ENSBTAG00000001987_ENSBTAT00000113280_UTR_pair	146	7	1101
ENSBTAG00000005278_ENSBTAT00000006114_UTR_pair	199	7	1057
ENSBTAG00000016074_ENSBTAT00000089501_UTR_pair	97	7	665
ENSBTAG00000027722_ENSBTAT00000039955_UTR_pair	283	7	665
ENSBTAG00000001607_ENSBTAT00000002111_UTR_pair	288	7	2183
ENSBTAG00000008310_ENSBTAT00000039850_UTR_pair	292	7	1563
ENSBTAG00000004862_ENSBTAT00000006391_UTR_pair	199	7	196
ENSBTAG00000016142_ENSBTAT00000072609_UTR_pair	241	7	1001
ENSBTAG00000016140_ENSBTAT00000021483_UTR_pair	398	7	224
ENSBTAG00000058410_ENSBTAT00000120139_UTR_pair	21	7	3791
ENSBTAG00000015403_ENSBTAT00000073040_UTR_pair	12	7	2830
ENSBTAG00000000694_ENSBTAT00000000926_UTR_pair	27	7	80
ENSBTAG00000000696_ENSBTAT00000000927_UTR_pair	78	7	256
ENSBTAG00000000697_ENSBTAT00000039795_UTR_pair	83	7	5810
ENSBTAG00000003566_ENSBTAT00000100567_UTR_pair	158	7	579
ENSBTAG00000003565_ENSBTAT00000004636_UTR_pair	207	7	423
ENSBTAG00000015655_ENSBTAT00000069360_UTR_pair	199	7	413
ENSBTAG00000020515_ENSBTAT00000027334_UTR_pair	295	7	158
ENSBTAG00000011332_ENSBTAT00000015061_UTR_pair	121	7	1761
ENSBTAG00000013900_ENSBTAT00000129879_UTR_pair	4	7	1928
ENSBTAG00000013111_ENSBTAT00000017428_UTR_pair	191	7	429
ENSBTAG00000000347_ENSBTAT00000115727_UTR_pair	8047	7	1996
ENSBTAG00000008433_ENSBTAT00000099809_UTR_pair	236	7	882
ENSBTAG00000018449_ENSBTAT00000147434_UTR_pair	199	7	675
ENSBTAG00000019167_ENSBTAT00000025510_UTR_pair	305	7	730
ENSBTAG00000001280_ENSBTAT00000085881_UTR_pair	18	7	69
ENSBTAG00000002051_ENSBTAT00000091641_UTR_pair	12	7	1001
ENSBTAG00000019059_ENSBTAT00000099202_UTR_pair	35	7	1001
ENSBTAG00000019062_ENSBTAT00000025380_UTR_pair	199	7	1001
ENSBTAG00000012505_ENSBTAT00000061460_UTR_pair	412	7	177
ENSBTAG00000016494_ENSBTAT00000021927_UTR_pair	247	7	1058
ENSBTAG00000016497_ENSBTAT00000133345_UTR_pair	278	7	17
ENSBTAG00000000025_ENSBTAT00000082349_UTR_pair	486	7	2878
ENSBTAG00000008347_ENSBTAT00000111338_UTR_pair	4	7	218
ENSBTAG00000054199_ENSBTAT00000083706_UTR_pair	198	7	354
ENSBTAG00000003692_ENSBTAT00000004810_UTR_pair	336	7	324
ENSBTAG00000027612_ENSBTAT00000128836_UTR_pair	162	7	1198
ENSBTAG00000000770_ENSBTAT00000001019_UTR_pair	236	7	649
ENSBTAG00000016869_ENSBTAT00000022442_UTR_pair	199	7	2029
ENSBTAG00000006644_ENSBTAT00000008726_UTR_pair	26	7	698
ENSBTAG00000025931_ENSBTAT00000105157_UTR_pair	401	7	4243
ENSBTAG00000031777_ENSBTAT00000020079_UTR_pair	650	7	1479
ENSBTAG00000001027_ENSBTAT00000039717_UTR_pair	223	7	691
ENSBTAG00000055742_ENSBTAT00000001536_UTR_pair	98	7	1189
ENSBTAG00000016355_ENSBTAT00000091326_UTR_pair	202	7	2853
ENSBTAG00000031609_ENSBTAT00000044810_UTR_pair	74	7	1001
ENSBTAG00000058190_ENSBTAT00000097872_UTR_pair	10159	7	10544
ENSBTAG00000017218_ENSBTAT00000116689_UTR_pair	61	7	1905
ENSBTAG00000005034_ENSBTAT00000006638_UTR_pair	419	7	2356
ENSBTAG00000021346_ENSBTAT00000095543_UTR_pair	29	7	1001
ENSBTAG00000002606_ENSBTAT00000073630_UTR_pair	199	7	2202
ENSBTAG00000008134_ENSBTAT00000124392_UTR_pair	199	7	439
ENSBTAG00000002117_ENSBTAT00000074736_UTR_pair	244	7	523
ENSBTAG00000050888_ENSBTAT00000082431_UTR_pair	182	7	280
ENSBTAG00000000475_ENSBTAT00000105260_UTR_pair	156	7	1001
ENSBTAG00000047362_ENSBTAT00000063521_UTR_pair	307	7	1056
ENSBTAG00000020731_ENSBTAT00000027625_UTR_pair	409	7	2602
ENSBTAG00000014399_ENSBTAT00000077006_UTR_pair	199	7	3493
ENSBTAG00000008613_ENSBTAT00000086477_UTR_pair	219	7	4649
ENSBTAG00000008617_ENSBTAT00000087003_UTR_pair	199	7	580
ENSBTAG00000014884_ENSBTAT00000039686_UTR_pair	606	7	3444
ENSBTAG00000002302_ENSBTAT00000002967_UTR_pair	68	7	25
ENSBTAG00000010071_ENSBTAT00000132388_UTR_pair	14	7	141
ENSBTAG00000006951_ENSBTAT00000009126_UTR_pair	199	7	784
ENSBTAG00000016744_ENSBTAT00000022266_UTR_pair	180	7	3273
ENSBTAG00000016747_ENSBTAT00000022271_UTR_pair	196	7	680
ENSBTAG00000005923_ENSBTAT00000117718_UTR_pair	64	7	1001
ENSBTAG00000018257_ENSBTAT00000024300_UTR_pair	196	7	202
ENSBTAG00000018261_ENSBTAT00000083835_UTR_pair	52	7	65
ENSBTAG00000011578_ENSBTAT00000082456_UTR_pair	55	7	737
ENSBTAG00000047083_ENSBTAT00000065157_UTR_pair	511	7	1133
ENSBTAG00000044158_ENSBTAT00000132549_UTR_pair	199	7	2654
ENSBTAG00000021029_ENSBTAT00000118996_UTR_pair	234	7	872
ENSBTAG00000036009_ENSBTAT00000021630_UTR_pair	190	7	267
ENSBTAG00000014474_ENSBTAT00000030639_UTR_pair	153	7	2067
ENSBTAG00000031299_ENSBTAT00000070079_UTR_pair	83	7	1130
ENSBTAG00000000087_ENSBTAT00000000096_UTR_pair	37	7	3463
ENSBTAG00000009518_ENSBTAT00000012522_UTR_pair	601	7	62
ENSBTAG00000019644_ENSBTAT00000026177_UTR_pair	146	7	545
ENSBTAG00000031252_ENSBTAT00000094271_UTR_pair	11	7	848
ENSBTAG00000021484_ENSBTAT00000100490_UTR_pair	83	7	3313
ENSBTAG00000017228_ENSBTAT00000079529_UTR_pair	31	7	1656
ENSBTAG00000003199_ENSBTAT00000044328_UTR_pair	271	7	1362
ENSBTAG00000000317_ENSBTAT00000067916_UTR_pair	408	7	777
ENSBTAG00000003126_ENSBTAT00000081225_UTR_pair	18	7	101
ENSBTAG00000009607_ENSBTAT00000012643_UTR_pair	128	7	440
ENSBTAG00000009611_ENSBTAT00000012652_UTR_pair	201	7	512
ENSBTAG00000006143_ENSBTAT00000008081_UTR_pair	183	7	678
ENSBTAG00000007740_ENSBTAT00000010178_UTR_pair	199	7	309
ENSBTAG00000004282_ENSBTAT00000082172_UTR_pair	316	7	1082
ENSBTAG00000004639_ENSBTAT00000006085_UTR_pair	92	7	519
ENSBTAG00000017325_ENSBTAT00000130653_UTR_pair	356	7	2137
ENSBTAG00000016501_ENSBTAT00000134085_UTR_pair	173	7	1459
ENSBTAG00000004448_ENSBTAT00000116650_UTR_pair	92	7	731
ENSBTAG00000008429_ENSBTAT00000127267_UTR_pair	199	7	229
ENSBTAG00000009574_ENSBTAT00000117678_UTR_pair	33	7	1001
ENSBTAG00000009576_ENSBTAT00000100363_UTR_pair	226	7	403
ENSBTAG00000020999_ENSBTAT00000086532_UTR_pair	203	7	326
ENSBTAG00000021002_ENSBTAT00000027968_UTR_pair	199	7	788
ENSBTAG00000010681_ENSBTAT00000014131_UTR_pair	211	7	152
ENSBTAG00000021700_ENSBTAT00000106049_UTR_pair	209	7	815
ENSBTAG00000019436_ENSBTAT00000056812_UTR_pair	66	7	1111
ENSBTAG00000021744_ENSBTAT00000129102_UTR_pair	199	7	50
ENSBTAG00000002520_ENSBTAT00000077948_UTR_pair	296	7	520
ENSBTAG00000018742_ENSBTAT00000024956_UTR_pair	144	7	1397
ENSBTAG00000020911_ENSBTAT00000027858_UTR_pair	176	7	1001
ENSBTAG00000021125_ENSBTAT00000028150_UTR_pair	9	7	879
ENSBTAG00000024715_ENSBTAT00000081330_UTR_pair	52	7	1477
ENSBTAG00000016469_ENSBTAT00000087280_UTR_pair	231	7	12
ENSBTAG00000000375_ENSBTAT00000073946_UTR_pair	120	7	420
ENSBTAG00000010060_ENSBTAT00000013267_UTR_pair	235	7	883
ENSBTAG00000051230_ENSBTAT00000072259_UTR_pair	76	7	537
ENSBTAG00000012989_ENSBTAT00000017267_UTR_pair	199	7	526
ENSBTAG00000006493_ENSBTAT00000008507_UTR_pair	187	7	388
ENSBTAG00000002381_ENSBTAT00000003078_UTR_pair	1224	7	263
ENSBTAG00000002389_ENSBTAT00000003099_UTR_pair	28	7	671
ENSBTAG00000002404_ENSBTAT00000043809_UTR_pair	53	7	697
ENSBTAG00000036260_ENSBTAT00000084799_UTR_pair	56	7	647
ENSBTAG00000024657_ENSBTAT00000004728_UTR_pair	199	7	3253
ENSBTAG00000036016_ENSBTAT00000003767_UTR_pair	199	7	1541
ENSBTAG00000004046_ENSBTAT00000005289_UTR_pair	199	7	3207
ENSBTAG00000005913_ENSBTAT00000107700_UTR_pair	199	7	1001
ENSBTAG00000012820_ENSBTAT00000116185_UTR_pair	69	7	174
ENSBTAG00000021188_ENSBTAT00000028236_UTR_pair	57	7	173
ENSBTAG00000014838_ENSBTAT00000128472_UTR_pair	216	7	1001
ENSBTAG00000012937_ENSBTAT00000017188_UTR_pair	72	7	413
ENSBTAG00000063257_ENSBTAT00000092269_UTR_pair	1	7	1001
ENSBTAG00000014059_ENSBTAT00000071315_UTR_pair	851	7	4217
ENSBTAG00000070746_ENSBTAT00000140798_UTR_pair	64	7	3539
ENSBTAG00000008132_ENSBTAT00000147976_UTR_pair	292	7	1504
ENSBTAG00000018509_ENSBTAT00000024637_UTR_pair	131	7	280
ENSBTAG00000004641_ENSBTAT00000067542_UTR_pair	199	7	8
ENSBTAG00000013074_ENSBTAT00000017382_UTR_pair	199	7	1001
ENSBTAG00000024633_ENSBTAT00000017388_UTR_pair	88	7	1001
ENSBTAG00000006255_ENSBTAT00000100876_UTR_pair	364	7	291
ENSBTAG00000009111_ENSBTAT00000131377_UTR_pair	2898	7	689
ENSBTAG00000015946_ENSBTAT00000021204_UTR_pair	28	7	1001
ENSBTAG00000016618_ENSBTAT00000022108_UTR_pair	66	7	2289
ENSBTAG00000012673_ENSBTAT00000016835_UTR_pair	35	7	1404
ENSBTAG00000004953_ENSBTAT00000006514_UTR_pair	151	7	159
ENSBTAG00000007693_ENSBTAT00000010116_UTR_pair	223	7	1001
ENSBTAG00000003232_ENSBTAT00000004192_UTR_pair	312	7	2305
ENSBTAG00000005379_ENSBTAT00000096343_UTR_pair	199	7	60
ENSBTAG00000001483_ENSBTAT00000068363_UTR_pair	689	7	3014
ENSBTAG00000010408_ENSBTAT00000013738_UTR_pair	473	7	743
ENSBTAG00000010427_ENSBTAT00000049612_UTR_pair	14	7	2338
ENSBTAG00000010432_ENSBTAT00000121037_UTR_pair	199	7	142
ENSBTAG00000013294_ENSBTAT00000017680_UTR_pair	116	7	242
ENSBTAG00000038107_ENSBTAT00000015530_UTR_pair	199	7	1449
ENSBTAG00000020273_ENSBTAT00000027017_UTR_pair	199	7	177
ENSBTAG00000002126_ENSBTAT00000070204_UTR_pair	193	7	2
ENSBTAG00000006984_ENSBTAT00000009178_UTR_pair	94	7	990
ENSBTAG00000016703_ENSBTAT00000022205_UTR_pair	199	7	685
ENSBTAG00000015972_ENSBTAT00000021249_UTR_pair	70	7	206
ENSBTAG00000013812_ENSBTAT00000018350_UTR_pair	121	7	1085
ENSBTAG00000013620_ENSBTAT00000018104_UTR_pair	137	7	817
ENSBTAG00000006186_ENSBTAT00000098290_UTR_pair	67	7	4624
ENSBTAG00000001574_ENSBTAT00000087458_UTR_pair	96	7	1001
ENSBTAG00000009838_ENSBTAT00000118822_UTR_pair	70	7	14
ENSBTAG00000005359_ENSBTAT00000075358_UTR_pair	199	7	2619
ENSBTAG00000006898_ENSBTAT00000133373_UTR_pair	118	7	210
ENSBTAG00000004064_ENSBTAT00000068481_UTR_pair	123	7	447
ENSBTAG00000012582_ENSBTAT00000061457_UTR_pair	61	7	2595
ENSBTAG00000012585_ENSBTAT00000133553_UTR_pair	218	7	1706
ENSBTAG00000010460_ENSBTAT00000013808_UTR_pair	84	7	1765
ENSBTAG00000075274_ENSBTAT00000147379_UTR_pair	33	7	2346
ENSBTAG00000014560_ENSBTAT00000019352_UTR_pair	497	7	371
ENSBTAG00000001729_ENSBTAT00000002265_UTR_pair	130	7	996
ENSBTAG00000007593_ENSBTAT00000009987_UTR_pair	181	7	283
ENSBTAG00000049277_ENSBTAT00000144105_UTR_pair	199	7	10
ENSBTAG00000012781_ENSBTAT00000108780_UTR_pair	171	7	885
ENSBTAG00000012705_ENSBTAT00000016887_UTR_pair	363	7	336
ENSBTAG00000006718_ENSBTAT00000078215_UTR_pair	253	7	269
ENSBTAG00000019471_ENSBTAT00000140926_UTR_pair	98	7	2888
ENSBTAG00000011785_ENSBTAT00000132912_UTR_pair	199	7	698
ENSBTAG00000008453_ENSBTAT00000092512_UTR_pair	156	7	51
ENSBTAG00000000140_ENSBTAT00000067592_UTR_pair	24	7	298
ENSBTAG00000002854_ENSBTAT00000116464_UTR_pair	186	7	779
ENSBTAG00000013128_ENSBTAT00000017450_UTR_pair	60	7	2251
ENSBTAG00000033267_ENSBTAT00000047257_UTR_pair	199	7	1001
ENSBTAG00000000837_ENSBTAT00000080992_UTR_pair	75	7	460
ENSBTAG00000053007_ENSBTAT00000109675_UTR_pair	199	7	1001
ENSBTAG00000013197_ENSBTAT00000017565_UTR_pair	200	7	566
ENSBTAG00000021880_ENSBTAT00000029167_UTR_pair	99	7	571
ENSBTAG00000022777_ENSBTAT00000029173_UTR_pair	262	7	607
ENSBTAG00000000511_ENSBTAT00000055849_UTR_pair	231	7	244
ENSBTAG00000033180_ENSBTAT00000098232_UTR_pair	82	7	1909
ENSBTAG00000007606_ENSBTAT00000052059_UTR_pair	231	7	1060
ENSBTAG00000033136_ENSBTAT00000122694_UTR_pair	252	7	120
ENSBTAG00000001478_ENSBTAT00000001935_UTR_pair	199	7	82
ENSBTAG00000013885_ENSBTAT00000047061_UTR_pair	278	7	1076
ENSBTAG00000000385_ENSBTAT00000000497_UTR_pair	149	7	2108
ENSBTAG00000017788_ENSBTAT00000100528_UTR_pair	218	7	1001
ENSBTAG00000017775_ENSBTAT00000090987_UTR_pair	152	7	1001
ENSBTAG00000007566_ENSBTAT00000080235_UTR_pair	227	7	2074
ENSBTAG00000009396_ENSBTAT00000012365_UTR_pair	457	7	3366
ENSBTAG00000061790_ENSBTAT00000113596_UTR_pair	2713	7	9886
ENSBTAG00000002688_ENSBTAT00000063162_UTR_pair	481	7	975
ENSBTAG00000002690_ENSBTAT00000003484_UTR_pair	402	7	1190
ENSBTAG00000020266_ENSBTAT00000027006_UTR_pair	199	7	868
ENSBTAG00000014793_ENSBTAT00000122571_UTR_pair	7	7	1001
ENSBTAG00000014794_ENSBTAT00000019684_UTR_pair	119	7	642
ENSBTAG00000017727_ENSBTAT00000126474_UTR_pair	157	7	356
ENSBTAG00000003295_ENSBTAT00000055228_UTR_pair	53	7	1766
ENSBTAG00000004570_ENSBTAT00000006003_UTR_pair	243	7	2
ENSBTAG00000001821_ENSBTAT00000002380_UTR_pair	287	7	1001
ENSBTAG00000020591_ENSBTAT00000094060_UTR_pair	188	7	1292
ENSBTAG00000014319_ENSBTAT00000077619_UTR_pair	123	7	5086
ENSBTAG00000024542_ENSBTAT00000104702_UTR_pair	1879	7	570
ENSBTAG00000010169_ENSBTAT00000081213_UTR_pair	285	7	1578
ENSBTAG00000024493_ENSBTAT00000103862_UTR_pair	91	7	434
ENSBTAG00000005314_ENSBTAT00000046364_UTR_pair	272	7	1865
ENSBTAG00000020700_ENSBTAT00000027587_UTR_pair	192	7	54
ENSBTAG00000020698_ENSBTAT00000067196_UTR_pair	199	7	1702
ENSBTAG00000009384_ENSBTAT00000012348_UTR_pair	9	7	1001
ENSBTAG00000013275_ENSBTAT00000082052_UTR_pair	199	7	316
ENSBTAG00000014777_ENSBTAT00000146525_UTR_pair	32	7	725
ENSBTAG00000032617_ENSBTAT00000120793_UTR_pair	199	7	1011
ENSBTAG00000014014_ENSBTAT00000018617_UTR_pair	199	7	310
ENSBTAG00000015325_ENSBTAT00000080924_UTR_pair	117	7	921
ENSBTAG00000005304_ENSBTAT00000006978_UTR_pair	96	7	270
ENSBTAG00000003697_ENSBTAT00000065252_UTR_pair	36	7	70
ENSBTAG00000019818_ENSBTAT00000026402_UTR_pair	199	7	1001
ENSBTAG00000013535_ENSBTAT00000017999_UTR_pair	41	7	3742
ENSBTAG00000054239_ENSBTAT00000131634_UTR_pair	199	7	1001
ENSBTAG00000010401_ENSBTAT00000085128_UTR_pair	179	7	651
ENSBTAG00000051897_ENSBTAT00000082151_UTR_pair	238	7	1823
ENSBTAG00000051745_ENSBTAT00000148226_UTR_pair	240	7	575
ENSBTAG00000005933_ENSBTAT00000077468_UTR_pair	560	7	588
ENSBTAG00000011823_ENSBTAT00000045695_UTR_pair	209	7	1334
ENSBTAG00000018984_ENSBTAT00000025274_UTR_pair	250	7	587
ENSBTAG00000003180_ENSBTAT00000124898_UTR_pair	120	7	1001
ENSBTAG00000003177_ENSBTAT00000125543_UTR_pair	251	7	294
ENSBTAG00000024539_ENSBTAT00000074477_UTR_pair	199	7	1900
ENSBTAG00000013411_ENSBTAT00000126489_UTR_pair	199	7	352
ENSBTAG00000018272_ENSBTAT00000024320_UTR_pair	199	7	2618
ENSBTAG00000006609_ENSBTAT00000008675_UTR_pair	224	7	2267
ENSBTAG00000064040_ENSBTAT00000118433_UTR_pair	199	7	1763
ENSBTAG00000014602_ENSBTAT00000019436_UTR_pair	14	7	1202
ENSBTAG00000011214_ENSBTAT00000101119_UTR_pair	4	7	332
ENSBTAG00000015384_ENSBTAT00000116009_UTR_pair	199	7	1013
ENSBTAG00000008350_ENSBTAT00000010998_UTR_pair	109	7	1211
ENSBTAG00000016735_ENSBTAT00000070680_UTR_pair	67	7	67
ENSBTAG00000016728_ENSBTAT00000022238_UTR_pair	185	7	1001
ENSBTAG00000021202_ENSBTAT00000090266_UTR_pair	199	7	286
ENSBTAG00000048308_ENSBTAT00000108229_UTR_pair	81	7	3124
ENSBTAG00000008125_ENSBTAT00000140569_UTR_pair	199	7	11
ENSBTAG00000020014_ENSBTAT00000111457_UTR_pair	210	7	2232
ENSBTAG00000015859_ENSBTAT00000099372_UTR_pair	389	7	188
ENSBTAG00000020837_ENSBTAT00000027769_UTR_pair	260	7	559
ENSBTAG00000009309_ENSBTAT00000012262_UTR_pair	59	7	950
ENSBTAG00000009307_ENSBTAT00000012259_UTR_pair	32	7	702
ENSBTAG00000009306_ENSBTAT00000012258_UTR_pair	158	7	46
ENSBTAG00000038716_ENSBTAT00000096999_UTR_pair	199	7	1001
ENSBTAG00000014119_ENSBTAT00000116120_UTR_pair	222	7	298
ENSBTAG00000000215_ENSBTAT00000045065_UTR_pair	46	7	1660
ENSBTAG00000000212_ENSBTAT00000000257_UTR_pair	70	7	1495
ENSBTAG00000021294_ENSBTAT00000028372_UTR_pair	199	7	1075
ENSBTAG00000004873_ENSBTAT00000006407_UTR_pair	53	7	641
ENSBTAG00000012247_ENSBTAT00000016252_UTR_pair	199	7	840
ENSBTAG00000010696_ENSBTAT00000014152_UTR_pair	254	7	951
ENSBTAG00000007623_ENSBTAT00000125750_UTR_pair	199	7	970
ENSBTAG00000009856_ENSBTAT00000013003_UTR_pair	199	7	1425
ENSBTAG00000015882_ENSBTAT00000114026_UTR_pair	116	7	363
ENSBTAG00000037523_ENSBTAT00000131721_UTR_pair	155	7	4181
ENSBTAG00000013191_ENSBTAT00000085269_UTR_pair	199	7	1001
ENSBTAG00000014707_ENSBTAT00000019573_UTR_pair	72	7	66
ENSBTAG00000014705_ENSBTAT00000114172_UTR_pair	10	7	2984
ENSBTAG00000018730_ENSBTAT00000104679_UTR_pair	289	7	1001
ENSBTAG00000018725_ENSBTAT00000024926_UTR_pair	199	7	1352
ENSBTAG00000018722_ENSBTAT00000024919_UTR_pair	27	7	826
ENSBTAG00000002476_ENSBTAT00000114027_UTR_pair	199	7	2967
ENSBTAG00000009048_ENSBTAT00000044780_UTR_pair	48	7	1640
ENSBTAG00000005300_ENSBTAT00000100173_UTR_pair	105	7	730
ENSBTAG00000020552_ENSBTAT00000086222_UTR_pair	223	7	40
ENSBTAG00000001788_ENSBTAT00000077710_UTR_pair	202	7	1813
ENSBTAG00000073567_ENSBTAT00000142865_UTR_pair	56	7	4359
ENSBTAG00000024485_ENSBTAT00000093395_UTR_pair	523	7	1001
ENSBTAG00000006925_ENSBTAT00000009094_UTR_pair	444	7	525
ENSBTAG00000004358_ENSBTAT00000005704_UTR_pair	307	7	1005
ENSBTAG00000052708_ENSBTAT00000082598_UTR_pair	418	7	1001
ENSBTAG00000001107_ENSBTAT00000108149_UTR_pair	199	7	406
ENSBTAG00000015537_ENSBTAT00000147480_UTR_pair	256	7	5597
ENSBTAG00000010718_ENSBTAT00000034000_UTR_pair	292	7	1424
ENSBTAG00000013999_ENSBTAT00000044368_UTR_pair	212	7	3633
ENSBTAG00000014006_ENSBTAT00000018609_UTR_pair	87	7	3861
ENSBTAG00000004059_ENSBTAT00000033962_UTR_pair	130	7	447
ENSBTAG00000035230_ENSBTAT00000049723_UTR_pair	229	7	692
ENSBTAG00000035226_ENSBTAT00000086990_UTR_pair	242	7	1730
ENSBTAG00000014191_ENSBTAT00000018869_UTR_pair	118	7	1040
ENSBTAG00000046502_ENSBTAT00000063346_UTR_pair	283	7	132
ENSBTAG00000009169_ENSBTAT00000112750_UTR_pair	186	7	5653
ENSBTAG00000020458_ENSBTAT00000027262_UTR_pair	191	7	1535
ENSBTAG00000009924_ENSBTAT00000083703_UTR_pair	122	7	2152
ENSBTAG00000057959_ENSBTAT00000089473_UTR_pair	199	7	972
ENSBTAG00000013631_ENSBTAT00000152554_UTR_pair	41	7	1410
ENSBTAG00000009091_ENSBTAT00000044248_UTR_pair	215	7	2045
ENSBTAG00000004305_ENSBTAT00000005642_UTR_pair	101	7	1657
ENSBTAG00000002266_ENSBTAT00000129767_UTR_pair	1	7	1989
ENSBTAG00000019821_ENSBTAT00000026409_UTR_pair	140	7	1293
ENSBTAG00000011966_ENSBTAT00000015881_UTR_pair	199	7	2775
ENSBTAG00000000793_ENSBTAT00000098620_UTR_pair	159	7	1430
ENSBTAG00000000795_ENSBTAT00000115031_UTR_pair	199	7	1032
ENSBTAG00000008003_ENSBTAT00000077210_UTR_pair	199	7	2289
ENSBTAG00000008004_ENSBTAT00000097967_UTR_pair	199	7	415
ENSBTAG00000045582_ENSBTAT00000064442_UTR_pair	199	7	1330
ENSBTAG00000019630_ENSBTAT00000026153_UTR_pair	169	7	2268
ENSBTAG00000014548_ENSBTAT00000019338_UTR_pair	174	7	78
ENSBTAG00000000023_ENSBTAT00000102901_UTR_pair	29	7	1854
ENSBTAG00000004492_ENSBTAT00000113432_UTR_pair	58	7	854
ENSBTAG00000014249_ENSBTAT00000077993_UTR_pair	18	7	1677
ENSBTAG00000060237_ENSBTAT00000133886_UTR_pair	199	7	147
ENSBTAG00000011946_ENSBTAT00000015853_UTR_pair	154	7	1846
ENSBTAG00000014127_ENSBTAT00000018774_UTR_pair	110	7	1564
ENSBTAG00000013298_ENSBTAT00000017685_UTR_pair	174	7	470
ENSBTAG00000024449_ENSBTAT00000106970_UTR_pair	325	7	774
ENSBTAG00000013166_ENSBTAT00000111211_UTR_pair	35	7	355
ENSBTAG00000010978_ENSBTAT00000115041_UTR_pair	6685	7	12897
ENSBTAG00000001181_ENSBTAT00000083599_UTR_pair	154	7	131
ENSBTAG00000003702_ENSBTAT00000004825_UTR_pair	199	7	2210
ENSBTAG00000015974_ENSBTAT00000021251_UTR_pair	199	7	340
ENSBTAG00000024443_ENSBTAT00000052023_UTR_pair	10	7	595
ENSBTAG00000008545_ENSBTAT00000011265_UTR_pair	116	7	1251
ENSBTAG00000000759_ENSBTAT00000001007_UTR_pair	12	7	385
ENSBTAG00000000758_ENSBTAT00000094767_UTR_pair	120	7	1331
ENSBTAG00000000754_ENSBTAT00000131952_UTR_pair	199	7	1081
ENSBTAG00000018142_ENSBTAT00000074215_UTR_pair	199	7	444
ENSBTAG00000018548_ENSBTAT00000024684_UTR_pair	83	7	2358
ENSBTAG00000005137_ENSBTAT00000071102_UTR_pair	151	7	4644
ENSBTAG00000009618_ENSBTAT00000082654_UTR_pair	117	7	677
ENSBTAG00000010909_ENSBTAT00000014489_UTR_pair	573	7	3846
ENSBTAG00000012020_ENSBTAT00000071553_UTR_pair	68	7	1389
ENSBTAG00000007110_ENSBTAT00000081119_UTR_pair	199	7	1001
ENSBTAG00000010850_ENSBTAT00000111827_UTR_pair	89	7	1750
ENSBTAG00000020886_ENSBTAT00000119332_UTR_pair	400	7	349
ENSBTAG00000071228_ENSBTAT00000148853_UTR_pair	101	7	361
ENSBTAG00000001173_ENSBTAT00000100011_UTR_pair	208	7	418
ENSBTAG00000002291_ENSBTAT00000043711_UTR_pair	433	7	1001
ENSBTAG00000012433_ENSBTAT00000056230_UTR_pair	199	7	275
ENSBTAG00000016943_ENSBTAT00000130105_UTR_pair	207	7	2766
ENSBTAG00000047428_ENSBTAT00000110612_UTR_pair	199	7	260
ENSBTAG00000021874_ENSBTAT00000120188_UTR_pair	250	7	1001
ENSBTAG00000020563_ENSBTAT00000074142_UTR_pair	199	7	232
ENSBTAG00000008153_ENSBTAT00000010723_UTR_pair	199	7	2534
ENSBTAG00000051448_ENSBTAT00000102206_UTR_pair	199	7	669
ENSBTAG00000019927_ENSBTAT00000136051_UTR_pair	69	7	909
ENSBTAG00000009727_ENSBTAT00000040283_UTR_pair	91	7	62
ENSBTAG00000009726_ENSBTAT00000078267_UTR_pair	184	7	1160
ENSBTAG00000073955_ENSBTAT00000142111_UTR_pair	58	7	3954
ENSBTAG00000006175_ENSBTAT00000028871_UTR_pair	145	7	1591
ENSBTAG00000004790_ENSBTAT00000006290_UTR_pair	321	7	220
ENSBTAG00000006574_ENSBTAT00000067584_UTR_pair	130	7	690
ENSBTAG00000047059_ENSBTAT00000103104_UTR_pair	199	7	1001
ENSBTAG00000059995_ENSBTAT00000090017_UTR_pair	177	7	632
ENSBTAG00000004452_ENSBTAT00000005837_UTR_pair	199	7	756
ENSBTAG00000016057_ENSBTAT00000127905_UTR_pair	503	7	1001
ENSBTAG00000053086_ENSBTAT00000126638_UTR_pair	227	7	1642
ENSBTAG00000005263_ENSBTAT00000080421_UTR_pair	232	7	1091
ENSBTAG00000003068_ENSBTAT00000003991_UTR_pair	2348	7	767
ENSBTAG00000019053_ENSBTAT00000134143_UTR_pair	246	7	1233
ENSBTAG00000007234_ENSBTAT00000029844_UTR_pair	103	7	1629
ENSBTAG00000016625_ENSBTAT00000052841_UTR_pair	29	7	128
ENSBTAG00000008816_ENSBTAT00000115952_UTR_pair	137	7	4021
ENSBTAG00000007953_ENSBTAT00000086850_UTR_pair	215	7	1628
ENSBTAG00000013914_ENSBTAT00000113353_UTR_pair	17	7	2096
ENSBTAG00000025263_ENSBTAT00000081700_UTR_pair	93	7	1001
ENSBTAG00000016813_ENSBTAT00000104075_UTR_pair	230	7	1857
ENSBTAG00000018546_ENSBTAT00000084754_UTR_pair	301	7	1039
ENSBTAG00000027182_ENSBTAT00000125862_UTR_pair	199	7	764
ENSBTAG00000002531_ENSBTAT00000070001_UTR_pair	132	7	610
ENSBTAG00000010381_ENSBTAT00000013701_UTR_pair	221	7	899
ENSBTAG00000010376_ENSBTAT00000013696_UTR_pair	199	7	1001
ENSBTAG00000013674_ENSBTAT00000018173_UTR_pair	461	7	1465
ENSBTAG00000034522_ENSBTAT00000087618_UTR_pair	240	7	2501
ENSBTAG00000014060_ENSBTAT00000018681_UTR_pair	46	7	368
ENSBTAG00000012738_ENSBTAT00000016933_UTR_pair	10	7	1001
ENSBTAG00000012800_ENSBTAT00000029806_UTR_pair	60	7	54
ENSBTAG00000002835_ENSBTAT00000003668_UTR_pair	177	7	1211
ENSBTAG00000019857_ENSBTAT00000026452_UTR_pair	199	7	3776
ENSBTAG00000019854_ENSBTAT00000048747_UTR_pair	141	7	450
ENSBTAG00000013326_ENSBTAT00000017721_UTR_pair	42	7	2
ENSBTAG00000003399_ENSBTAT00000070441_UTR_pair	174	7	229
ENSBTAG00000002813_ENSBTAT00000075190_UTR_pair	315	7	1843
ENSBTAG00000001356_ENSBTAT00000001785_UTR_pair	492	7	1063
ENSBTAG00000049010_ENSBTAT00000096444_UTR_pair	199	7	4911
ENSBTAG00000018951_ENSBTAT00000071986_UTR_pair	199	7	226
ENSBTAG00000014007_ENSBTAT00000018612_UTR_pair	100	7	3414
ENSBTAG00000001580_ENSBTAT00000002071_UTR_pair	160	7	1852
ENSBTAG00000072255_ENSBTAT00000150961_UTR_pair	199	7	5447
ENSBTAG00000003208_ENSBTAT00000004165_UTR_pair	20	7	2336
ENSBTAG00000004745_ENSBTAT00000135051_UTR_pair	199	7	2727
ENSBTAG00000020594_ENSBTAT00000137120_UTR_pair	493	7	1694
ENSBTAG00000005998_ENSBTAT00000007876_UTR_pair	199	7	585
ENSBTAG00000034075_ENSBTAT00000066171_UTR_pair	285	7	7830
ENSBTAG00000015549_ENSBTAT00000020655_UTR_pair	377	7	2049
ENSBTAG00000017493_ENSBTAT00000077189_UTR_pair	286	7	1001
ENSBTAG00000010843_ENSBTAT00000014390_UTR_pair	199	7	2848
ENSBTAG00000044058_ENSBTAT00000061407_UTR_pair	51	7	1256
ENSBTAG00000039552_ENSBTAT00000101904_UTR_pair	235	7	518
ENSBTAG00000015692_ENSBTAT00000081445_UTR_pair	199	7	1001
ENSBTAG00000001117_ENSBTAT00000067076_UTR_pair	662	7	688
ENSBTAG00000021245_ENSBTAT00000108056_UTR_pair	1970	7	3729
ENSBTAG00000005695_ENSBTAT00000094585_UTR_pair	199	7	918
ENSBTAG00000005691_ENSBTAT00000007477_UTR_pair	199	7	6023
ENSBTAG00000012450_ENSBTAT00000080266_UTR_pair	199	7	2002
ENSBTAG00000011970_ENSBTAT00000081446_UTR_pair	273	7	1001
ENSBTAG00000016680_ENSBTAT00000022180_UTR_pair	108	7	289
ENSBTAG00000016679_ENSBTAT00000022178_UTR_pair	199	7	196
ENSBTAG00000021764_ENSBTAT00000029010_UTR_pair	73	7	2143
ENSBTAG00000043959_ENSBTAT00000124126_UTR_pair	251	7	1399
ENSBTAG00000069939_ENSBTAT00000006896_UTR_pair	199	7	1001
ENSBTAG00000039242_ENSBTAT00000056931_UTR_pair	263	7	2855
ENSBTAG00000013951_ENSBTAT00000018544_UTR_pair	199	7	1021
ENSBTAG00000009755_ENSBTAT00000097373_UTR_pair	321	7	3122
ENSBTAG00000033339_ENSBTAT00000000786_UTR_pair	73	7	7
ENSBTAG00000007513_ENSBTAT00000009887_UTR_pair	44	7	909
ENSBTAG00000007510_ENSBTAT00000101069_UTR_pair	199	7	1001
ENSBTAG00000000590_ENSBTAT00000102169_UTR_pair	29	7	1378
ENSBTAG00000039766_ENSBTAT00000127428_UTR_pair	199	7	1001
ENSBTAG00000012987_ENSBTAT00000092460_UTR_pair	156	7	642
ENSBTAG00000000439_ENSBTAT00000085961_UTR_pair	115	7	244
ENSBTAG00000055033_ENSBTAT00000107052_UTR_pair	199	7	355
ENSBTAG00000007988_ENSBTAT00000061491_UTR_pair	135	7	38
ENSBTAG00000001543_ENSBTAT00000002020_UTR_pair	113	7	1001
ENSBTAG00000020414_ENSBTAT00000027206_UTR_pair	96	7	431
ENSBTAG00000014269_ENSBTAT00000090636_UTR_pair	240	7	11
ENSBTAG00000059574_ENSBTAT00000126478_UTR_pair	3848	7	2609
ENSBTAG00000020346_ENSBTAT00000056042_UTR_pair	33	7	655
ENSBTAG00000007269_ENSBTAT00000009560_UTR_pair	142	7	1208
ENSBTAG00000007266_ENSBTAT00000009556_UTR_pair	199	7	316
ENSBTAG00000039630_ENSBTAT00000029669_UTR_pair	199	7	1001
ENSBTAG00000008061_ENSBTAT00000071636_UTR_pair	254	7	700
ENSBTAG00000008060_ENSBTAT00000092813_UTR_pair	2959	7	2038
ENSBTAG00000007804_ENSBTAT00000010264_UTR_pair	424	7	1001
ENSBTAG00000000139_ENSBTAT00000108316_UTR_pair	199	7	781
ENSBTAG00000008470_ENSBTAT00000074154_UTR_pair	254	7	437
ENSBTAG00000001593_ENSBTAT00000002086_UTR_pair	14	7	355
ENSBTAG00000048809_ENSBTAT00000076120_UTR_pair	71	7	1703
ENSBTAG00000021595_ENSBTAT00000119519_UTR_pair	107	7	1001
ENSBTAG00000032433_ENSBTAT00000045998_UTR_pair	162	7	617
ENSBTAG00000019278_ENSBTAT00000025676_UTR_pair	41	7	1432
ENSBTAG00000006118_ENSBTAT00000055724_UTR_pair	164	7	808
ENSBTAG00000006114_ENSBTAT00000008035_UTR_pair	170	7	1232
ENSBTAG00000016779_ENSBTAT00000080044_UTR_pair	219	7	2075
ENSBTAG00000004203_ENSBTAT00000071202_UTR_pair	85	7	316
ENSBTAG00000004189_ENSBTAT00000005486_UTR_pair	111	7	4571
ENSBTAG00000032517_ENSBTAT00000094262_UTR_pair	199	7	1001
ENSBTAG00000004179_ENSBTAT00000029638_UTR_pair	15	7	349
ENSBTAG00000032534_ENSBTAT00000108445_UTR_pair	222	7	1401
ENSBTAG00000009602_ENSBTAT00000077836_UTR_pair	108	7	911
ENSBTAG00000002328_ENSBTAT00000086208_UTR_pair	130	7	1130
ENSBTAG00000002315_ENSBTAT00000083448_UTR_pair	389	7	744
ENSBTAG00000003092_ENSBTAT00000004025_UTR_pair	106	7	232
ENSBTAG00000010815_ENSBTAT00000077661_UTR_pair	199	7	3040
ENSBTAG00000010812_ENSBTAT00000014321_UTR_pair	23	7	549
ENSBTAG00000020584_ENSBTAT00000125754_UTR_pair	140	7	497
ENSBTAG00000001398_ENSBTAT00000135774_UTR_pair	517	7	2075
ENSBTAG00000005347_ENSBTAT00000087656_UTR_pair	199	7	497
ENSBTAG00000018332_ENSBTAT00000024393_UTR_pair	199	7	1001
ENSBTAG00000009208_ENSBTAT00000012137_UTR_pair	64	7	92
ENSBTAG00000011198_ENSBTAT00000081750_UTR_pair	219	7	856
ENSBTAG00000009101_ENSBTAT00000079236_UTR_pair	199	7	1001
ENSBTAG00000022069_ENSBTAT00000029620_UTR_pair	199	7	863
ENSBTAG00000001168_ENSBTAT00000106068_UTR_pair	164	7	1095
ENSBTAG00000008963_ENSBTAT00000080015_UTR_pair	64	7	424
ENSBTAG00000005940_ENSBTAT00000089730_UTR_pair	265	7	160
ENSBTAG00000001303_ENSBTAT00000001720_UTR_pair	478	7	837
ENSBTAG00000019757_ENSBTAT00000026327_UTR_pair	132	7	96
ENSBTAG00000012550_ENSBTAT00000016661_UTR_pair	203	7	1201
ENSBTAG00000032097_ENSBTAT00000133529_UTR_pair	31	7	4022
ENSBTAG00000044078_ENSBTAT00000107881_UTR_pair	327	7	316
ENSBTAG00000043976_ENSBTAT00000061236_UTR_pair	199	7	339
ENSBTAG00000021706_ENSBTAT00000077533_UTR_pair	1000	7	1606
ENSBTAG00000031824_ENSBTAT00000109598_UTR_pair	113	7	553
ENSBTAG00000011930_ENSBTAT00000066355_UTR_pair	199	7	1001
ENSBTAG00000011937_ENSBTAT00000029526_UTR_pair	199	7	658
ENSBTAG00000011102_ENSBTAT00000073198_UTR_pair	310	7	2375
ENSBTAG00000011103_ENSBTAT00000137699_UTR_pair	582	7	51
ENSBTAG00000039861_ENSBTAT00000016856_UTR_pair	55	7	450
ENSBTAG00000008761_ENSBTAT00000011542_UTR_pair	79	7	818
ENSBTAG00000006665_ENSBTAT00000008754_UTR_pair	148	7	309
ENSBTAG00000008743_ENSBTAT00000011521_UTR_pair	84	7	394
ENSBTAG00000022044_ENSBTAT00000096693_UTR_pair	199	7	2059
ENSBTAG00000018108_ENSBTAT00000115850_UTR_pair	190	7	1001
ENSBTAG00000021168_ENSBTAT00000097362_UTR_pair	193	7	431
ENSBTAG00000012791_ENSBTAT00000016996_UTR_pair	1102	7	835
ENSBTAG00000012792_ENSBTAT00000016997_UTR_pair	3	7	342
ENSBTAG00000024605_ENSBTAT00000034274_UTR_pair	163	7	806
ENSBTAG00000015767_ENSBTAT00000020937_UTR_pair	380	7	1001
ENSBTAG00000020050_ENSBTAT00000098374_UTR_pair	149	7	40
ENSBTAG00000016338_ENSBTAT00000130547_UTR_pair	52	7	1001
ENSBTAG00000014376_ENSBTAT00000019114_UTR_pair	277	7	1860
ENSBTAG00000006506_ENSBTAT00000008526_UTR_pair	159	7	3035
ENSBTAG00000006504_ENSBTAT00000045400_UTR_pair	427	7	1753
ENSBTAG00000002591_ENSBTAT00000154887_UTR_pair	60	7	1021
ENSBTAG00000005183_ENSBTAT00000077288_UTR_pair	102	7	1001
ENSBTAG00000005178_ENSBTAT00000093969_UTR_pair	57	7	55
ENSBTAG00000002698_ENSBTAT00000084286_UTR_pair	394	7	1878
ENSBTAG00000002697_ENSBTAT00000092681_UTR_pair	212	7	2527
ENSBTAG00000019846_ENSBTAT00000026442_UTR_pair	242	7	984
ENSBTAG00000019845_ENSBTAT00000099909_UTR_pair	145	7	1001
ENSBTAG00000011771_ENSBTAT00000015620_UTR_pair	131	7	620
ENSBTAG00000012288_ENSBTAT00000052574_UTR_pair	94	7	49
ENSBTAG00000010368_ENSBTAT00000066484_UTR_pair	154	7	426
ENSBTAG00000010464_ENSBTAT00000052340_UTR_pair	199	7	1001
ENSBTAG00000017799_ENSBTAT00000115179_UTR_pair	68	7	2076
ENSBTAG00000012193_ENSBTAT00000099067_UTR_pair	199	7	1001
ENSBTAG00000004956_ENSBTAT00000099056_UTR_pair	239	7	1001
ENSBTAG00000003557_ENSBTAT00000121076_UTR_pair	146	7	2685
ENSBTAG00000005970_ENSBTAT00000007835_UTR_pair	43	7	587
ENSBTAG00000022036_ENSBTAT00000080769_UTR_pair	199	7	1001
ENSBTAG00000009773_ENSBTAT00000100554_UTR_pair	58	7	1001
ENSBTAG00000017755_ENSBTAT00000023612_UTR_pair	43	7	349
ENSBTAG00000012504_ENSBTAT00000016592_UTR_pair	163	7	289
ENSBTAG00000001189_ENSBTAT00000131160_UTR_pair	140	7	968
ENSBTAG00000013152_ENSBTAT00000072910_UTR_pair	199	7	1624
ENSBTAG00000013153_ENSBTAT00000110653_UTR_pair	519	7	19
ENSBTAG00000017890_ENSBTAT00000096241_UTR_pair	199	7	267
ENSBTAG00000057942_ENSBTAT00000125143_UTR_pair	8	7	1085
ENSBTAG00000002452_ENSBTAT00000123373_UTR_pair	326	7	361
ENSBTAG00000001030_ENSBTAT00000072936_UTR_pair	297	7	1957
ENSBTAG00000018086_ENSBTAT00000055485_UTR_pair	199	7	361
ENSBTAG00000003390_ENSBTAT00000090840_UTR_pair	108	7	400
ENSBTAG00000003394_ENSBTAT00000004400_UTR_pair	119	7	1001
ENSBTAG00000017404_ENSBTAT00000132687_UTR_pair	60	7	2758
ENSBTAG00000018116_ENSBTAT00000145250_UTR_pair	199	7	539
ENSBTAG00000002385_ENSBTAT00000003082_UTR_pair	577	7	542
ENSBTAG00000009963_ENSBTAT00000102304_UTR_pair	199	7	1001
ENSBTAG00000003100_ENSBTAT00000004034_UTR_pair	219	7	325
ENSBTAG00000002828_ENSBTAT00000003661_UTR_pair	417	7	2278
ENSBTAG00000010667_ENSBTAT00000014109_UTR_pair	104	7	1375
ENSBTAG00000005478_ENSBTAT00000142249_UTR_pair	199	7	1101
ENSBTAG00000008990_ENSBTAT00000011834_UTR_pair	184	7	2794
ENSBTAG00000008991_ENSBTAT00000011840_UTR_pair	147	7	790
ENSBTAG00000009006_ENSBTAT00000086309_UTR_pair	443	7	1001
ENSBTAG00000001295_ENSBTAT00000001707_UTR_pair	240	7	328
ENSBTAG00000031134_ENSBTAT00000044059_UTR_pair	287	7	787
ENSBTAG00000001005_ENSBTAT00000001332_UTR_pair	258	7	2926
ENSBTAG00000022032_ENSBTAT00000096785_UTR_pair	74	7	270
ENSBTAG00000006108_ENSBTAT00000100352_UTR_pair	199	7	656
ENSBTAG00000009988_ENSBTAT00000013170_UTR_pair	199	7	290
ENSBTAG00000006730_ENSBTAT00000029404_UTR_pair	199	7	2634
ENSBTAG00000021262_ENSBTAT00000147556_UTR_pair	199	7	155
ENSBTAG00000022022_ENSBTAT00000068494_UTR_pair	46	7	2033
ENSBTAG00000020566_ENSBTAT00000071096_UTR_pair	199	7	1001
ENSBTAG00000017277_ENSBTAT00000133665_UTR_pair	249	7	1001
ENSBTAG00000036113_ENSBTAT00000053430_UTR_pair	385	7	70
ENSBTAG00000053372_ENSBTAT00000085993_UTR_pair	174	7	1570
ENSBTAG00000006938_ENSBTAT00000009109_UTR_pair	109	7	2814
ENSBTAG00000010312_ENSBTAT00000125066_UTR_pair	399	7	3184
ENSBTAG00000021121_ENSBTAT00000029375_UTR_pair	87	7	1066
ENSBTAG00000000067_ENSBTAT00000000074_UTR_pair	199	7	125
ENSBTAG00000013971_ENSBTAT00000018572_UTR_pair	208	7	303
ENSBTAG00000020760_ENSBTAT00000027666_UTR_pair	165	7	1439
ENSBTAG00000065402_ENSBTAT00000087864_UTR_pair	199	7	2234
ENSBTAG00000011292_ENSBTAT00000145433_UTR_pair	74	7	1001
ENSBTAG00000044198_ENSBTAT00000060957_UTR_pair	193	7	86
ENSBTAG00000018048_ENSBTAT00000129842_UTR_pair	199	7	611
ENSBTAG00000019375_ENSBTAT00000025815_UTR_pair	153	7	759
ENSBTAG00000008528_ENSBTAT00000071111_UTR_pair	261	7	195
ENSBTAG00000004284_ENSBTAT00000080740_UTR_pair	34	7	1001
ENSBTAG00000012421_ENSBTAT00000096862_UTR_pair	199	7	437
ENSBTAG00000019869_ENSBTAT00000026474_UTR_pair	7	7	1059
ENSBTAG00000019871_ENSBTAT00000026476_UTR_pair	174	7	1001
ENSBTAG00000006656_ENSBTAT00000078807_UTR_pair	2362	7	287
ENSBTAG00000006657_ENSBTAT00000006197_UTR_pair	77	7	1001
ENSBTAG00000046786_ENSBTAT00000066053_UTR_pair	4	7	284
ENSBTAG00000023795_ENSBTAT00000086902_UTR_pair	387	7	864
ENSBTAG00000010627_ENSBTAT00000014050_UTR_pair	161	7	456
ENSBTAG00000054680_ENSBTAT00000086395_UTR_pair	1135	7	2254
ENSBTAG00000003570_ENSBTAT00000004645_UTR_pair	109	7	900
ENSBTAG00000020714_ENSBTAT00000004644_UTR_pair	199	7	229
ENSBTAG00000019810_ENSBTAT00000088824_UTR_pair	226	7	361
ENSBTAG00000016471_ENSBTAT00000021895_UTR_pair	147	7	99
ENSBTAG00000002303_ENSBTAT00000110122_UTR_pair	128	7	4755
ENSBTAG00000004460_ENSBTAT00000005847_UTR_pair	322	7	1001
ENSBTAG00000012216_ENSBTAT00000154279_UTR_pair	442	7	205
ENSBTAG00000016878_ENSBTAT00000071782_UTR_pair	47	7	549
ENSBTAG00000034689_ENSBTAT00000049126_UTR_pair	322	7	299
ENSBTAG00000006779_ENSBTAT00000127151_UTR_pair	17	7	842
ENSBTAG00000077866_ENSBTAT00000086917_UTR_pair	63	7	40
ENSBTAG00000015428_ENSBTAT00000020505_UTR_pair	106	7	2087
ENSBTAG00000015432_ENSBTAT00000020510_UTR_pair	76	7	1644
ENSBTAG00000006550_ENSBTAT00000008607_UTR_pair	425	7	511
ENSBTAG00000015669_ENSBTAT00000132819_UTR_pair	130	7	1001
ENSBTAG00000052957_ENSBTAT00000076386_UTR_pair	108	7	2254
ENSBTAG00000007184_ENSBTAT00000032609_UTR_pair	47	7	3643
ENSBTAG00000015894_ENSBTAT00000119474_UTR_pair	84	7	741
ENSBTAG00000044192_ENSBTAT00000061511_UTR_pair	199	7	27
ENSBTAG00000017112_ENSBTAT00000022750_UTR_pair	199	7	727
ENSBTAG00000008213_ENSBTAT00000010797_UTR_pair	34	7	1942
ENSBTAG00000013524_ENSBTAT00000017983_UTR_pair	426	7	1735
ENSBTAG00000002103_ENSBTAT00000131694_UTR_pair	59	7	277
ENSBTAG00000075571_ENSBTAT00000145517_UTR_pair	72	7	1855
ENSBTAG00000012508_ENSBTAT00000055672_UTR_pair	199	7	363
ENSBTAG00000010170_ENSBTAT00000013425_UTR_pair	122	7	600
ENSBTAG00000018770_ENSBTAT00000083369_UTR_pair	143	7	69
ENSBTAG00000016315_ENSBTAT00000123296_UTR_pair	170	7	167
ENSBTAG00000008385_ENSBTAT00000011036_UTR_pair	149	7	155
ENSBTAG00000009446_ENSBTAT00000012432_UTR_pair	79	7	3960
ENSBTAG00000021176_ENSBTAT00000028221_UTR_pair	76	7	2321
ENSBTAG00000002639_ENSBTAT00000112057_UTR_pair	406	7	1001
ENSBTAG00000009918_ENSBTAT00000091722_UTR_pair	199	7	3604
ENSBTAG00000044006_ENSBTAT00000089556_UTR_pair	199	7	1001
ENSBTAG00000016075_ENSBTAT00000021393_UTR_pair	223	7	308
ENSBTAG00000012446_ENSBTAT00000032564_UTR_pair	22	7	318
ENSBTAG00000002226_ENSBTAT00000080785_UTR_pair	199	7	1001
ENSBTAG00000011632_ENSBTAT00000015449_UTR_pair	128	7	1606
ENSBTAG00000014267_ENSBTAT00000018957_UTR_pair	56	7	1001
ENSBTAG00000006905_ENSBTAT00000069738_UTR_pair	360	7	451
ENSBTAG00000058767_ENSBTAT00000100703_UTR_pair	81	7	841
ENSBTAG00000023745_ENSBTAT00000032527_UTR_pair	199	7	569
ENSBTAG00000020943_ENSBTAT00000066532_UTR_pair	193	7	2847
ENSBTAG00000020942_ENSBTAT00000027892_UTR_pair	38	7	411
ENSBTAG00000020944_ENSBTAT00000087298_UTR_pair	199	7	155
ENSBTAG00000004568_ENSBTAT00000123621_UTR_pair	199	7	793
ENSBTAG00000016006_ENSBTAT00000076630_UTR_pair	30	7	1001
ENSBTAG00000033331_ENSBTAT00000047273_UTR_pair	128	7	816
ENSBTAG00000033333_ENSBTAT00000047400_UTR_pair	65	7	504
ENSBTAG00000033334_ENSBTAT00000047408_UTR_pair	312	7	444
ENSBTAG00000021165_ENSBTAT00000084899_UTR_pair	170	7	8
ENSBTAG00000001904_ENSBTAT00000002476_UTR_pair	199	7	291
ENSBTAG00000040356_ENSBTAT00000121186_UTR_pair	80	7	1001
ENSBTAG00000023730_ENSBTAT00000000568_UTR_pair	199	7	331
ENSBTAG00000039014_ENSBTAT00000105296_UTR_pair	284	7	4464
ENSBTAG00000033441_ENSBTAT00000047558_UTR_pair	24	7	419
ENSBTAG00000002493_ENSBTAT00000003239_UTR_pair	33	7	776
ENSBTAG00000002980_ENSBTAT00000003881_UTR_pair	199	7	2332
ENSBTAG00000003757_ENSBTAT00000087916_UTR_pair	199	7	434
ENSBTAG00000014370_ENSBTAT00000019107_UTR_pair	199	7	1001
ENSBTAG00000004806_ENSBTAT00000137883_UTR_pair	7	7	346
ENSBTAG00000010868_ENSBTAT00000136472_UTR_pair	6066	7	1306
ENSBTAG00000019938_ENSBTAT00000076240_UTR_pair	58	7	1388
ENSBTAG00000033078_ENSBTAT00000152764_UTR_pair	60	7	5640
ENSBTAG00000016640_ENSBTAT00000127959_UTR_pair	171	7	287
ENSBTAG00000006208_ENSBTAT00000136385_UTR_pair	408	7	2372
ENSBTAG00000006291_ENSBTAT00000074304_UTR_pair	256	7	4901
ENSBTAG00000008544_ENSBTAT00000011264_UTR_pair	199	7	1001
ENSBTAG00000002287_ENSBTAT00000066388_UTR_pair	281	7	2596
ENSBTAG00000016243_ENSBTAT00000021613_UTR_pair	110	7	1129
ENSBTAG00000016250_ENSBTAT00000084109_UTR_pair	184	7	1089
ENSBTAG00000012499_ENSBTAT00000079027_UTR_pair	199	7	1001
ENSBTAG00000012501_ENSBTAT00000087601_UTR_pair	219	7	2226
ENSBTAG00000004838_ENSBTAT00000078441_UTR_pair	199	7	157
ENSBTAG00000019267_ENSBTAT00000025657_UTR_pair	318	7	809
ENSBTAG00000019272_ENSBTAT00000025661_UTR_pair	176	7	1372
ENSBTAG00000073826_ENSBTAT00000149440_UTR_pair	199	7	587
ENSBTAG00000010207_ENSBTAT00000013467_UTR_pair	199	7	3612
ENSBTAG00000003798_ENSBTAT00000110840_UTR_pair	199	7	1482
ENSBTAG00000003794_ENSBTAT00000088356_UTR_pair	221	7	1001
ENSBTAG00000076584_ENSBTAT00000140183_UTR_pair	79	7	7193
ENSBTAG00000002233_ENSBTAT00000040344_UTR_pair	212	7	477
ENSBTAG00000002242_ENSBTAT00000002896_UTR_pair	201	7	556
ENSBTAG00000004842_ENSBTAT00000006361_UTR_pair	299	7	1456
ENSBTAG00000004844_ENSBTAT00000006363_UTR_pair	219	7	1682
ENSBTAG00000011700_ENSBTAT00000109945_UTR_pair	132	7	152
ENSBTAG00000024869_ENSBTAT00000150387_UTR_pair	295	7	2017
ENSBTAG00000001855_ENSBTAT00000087838_UTR_pair	107	7	643
ENSBTAG00000001856_ENSBTAT00000002420_UTR_pair	63	7	1223
ENSBTAG00000001857_ENSBTAT00000057319_UTR_pair	230	7	1339
ENSBTAG00000001848_ENSBTAT00000078708_UTR_pair	199	7	310
ENSBTAG00000007181_ENSBTAT00000078698_UTR_pair	209	7	24
ENSBTAG00000045572_ENSBTAT00000063509_UTR_pair	199	7	36
ENSBTAG00000015758_ENSBTAT00000020923_UTR_pair	122	7	1003
ENSBTAG00000012919_ENSBTAT00000017168_UTR_pair	65	7	1505
ENSBTAG00000013874_ENSBTAT00000018422_UTR_pair	233	7	436
ENSBTAG00000013784_ENSBTAT00000018322_UTR_pair	5	7	453
ENSBTAG00000009363_ENSBTAT00000012322_UTR_pair	227	7	1275
ENSBTAG00000003894_ENSBTAT00000130869_UTR_pair	114	7	1900
ENSBTAG00000020782_ENSBTAT00000027695_UTR_pair	291	7	292
ENSBTAG00000007170_ENSBTAT00000009438_UTR_pair	157	7	1992
ENSBTAG00000007172_ENSBTAT00000110645_UTR_pair	120	7	1024
ENSBTAG00000005152_ENSBTAT00000098920_UTR_pair	199	7	1001
ENSBTAG00000054188_ENSBTAT00000063380_UTR_pair	163	7	2319
ENSBTAG00000001104_ENSBTAT00000108480_UTR_pair	164	7	1001
ENSBTAG00000010132_ENSBTAT00000013367_UTR_pair	57	7	131
ENSBTAG00000046708_ENSBTAT00000106480_UTR_pair	191	7	3342
ENSBTAG00000016103_ENSBTAT00000128099_UTR_pair	302	7	306
ENSBTAG00000005058_ENSBTAT00000085646_UTR_pair	140	7	1368
ENSBTAG00000003519_ENSBTAT00000004574_UTR_pair	248	7	130
ENSBTAG00000012063_ENSBTAT00000015999_UTR_pair	199	7	804
ENSBTAG00000032427_ENSBTAT00000063472_UTR_pair	6	7	227
ENSBTAG00000021570_ENSBTAT00000028741_UTR_pair	199	7	638
ENSBTAG00000014553_ENSBTAT00000019346_UTR_pair	78	7	1001
ENSBTAG00000008860_ENSBTAT00000132888_UTR_pair	89	7	317
ENSBTAG00000013757_ENSBTAT00000018279_UTR_pair	1326	7	1297
ENSBTAG00000018904_ENSBTAT00000100521_UTR_pair	110	7	210
ENSBTAG00000018908_ENSBTAT00000025164_UTR_pair	200	7	659
ENSBTAG00000032763_ENSBTAT00000046528_UTR_pair	199	7	3320
ENSBTAG00000006411_ENSBTAT00000109943_UTR_pair	1654	7	3238
ENSBTAG00000018037_ENSBTAT00000024011_UTR_pair	190	7	1930
ENSBTAG00000018040_ENSBTAT00000024015_UTR_pair	103	7	50
ENSBTAG00000014644_ENSBTAT00000019500_UTR_pair	1165	7	293
ENSBTAG00000004368_ENSBTAT00000131212_UTR_pair	199	7	2752
ENSBTAG00000007512_ENSBTAT00000093520_UTR_pair	42	7	3099
ENSBTAG00000012112_ENSBTAT00000073737_UTR_pair	234	7	4106
ENSBTAG00000009636_ENSBTAT00000012698_UTR_pair	197	7	626
ENSBTAG00000009638_ENSBTAT00000012699_UTR_pair	144	7	1001
ENSBTAG00000033248_ENSBTAT00000132052_UTR_pair	55	7	628
ENSBTAG00000015991_ENSBTAT00000087488_UTR_pair	110	7	2142
ENSBTAG00000013941_ENSBTAT00000018522_UTR_pair	105	7	547
ENSBTAG00000006347_ENSBTAT00000127941_UTR_pair	118	7	80
ENSBTAG00000001654_ENSBTAT00000002168_UTR_pair	199	7	62
ENSBTAG00000001659_ENSBTAT00000065503_UTR_pair	141	7	3477
ENSBTAG00000001665_ENSBTAT00000002179_UTR_pair	26	7	172
ENSBTAG00000002412_ENSBTAT00000149581_UTR_pair	12	7	3136
ENSBTAG00000020632_ENSBTAT00000119821_UTR_pair	104	7	605
ENSBTAG00000018421_ENSBTAT00000069955_UTR_pair	137	7	1751
ENSBTAG00000018425_ENSBTAT00000024515_UTR_pair	107	7	42
ENSBTAG00000013265_ENSBTAT00000045480_UTR_pair	152	7	398
ENSBTAG00000006353_ENSBTAT00000008329_UTR_pair	288	7	1421
ENSBTAG00000019887_ENSBTAT00000123366_UTR_pair	44	7	458
ENSBTAG00000019883_ENSBTAT00000032311_UTR_pair	16	7	1163
ENSBTAG00000021438_ENSBTAT00000032310_UTR_pair	557	7	314
ENSBTAG00000046255_ENSBTAT00000100357_UTR_pair	817	7	6108
ENSBTAG00000002769_ENSBTAT00000120570_UTR_pair	385	7	4081
ENSBTAG00000047367_ENSBTAT00000133197_UTR_pair	906	7	1874
ENSBTAG00000008625_ENSBTAT00000105492_UTR_pair	365	7	1250
ENSBTAG00000004735_ENSBTAT00000081864_UTR_pair	286	7	1259
ENSBTAG00000007559_ENSBTAT00000009950_UTR_pair	285	7	1562
ENSBTAG00000002687_ENSBTAT00000003479_UTR_pair	291	7	1677
ENSBTAG00000014123_ENSBTAT00000082144_UTR_pair	269	7	3548
ENSBTAG00000015165_ENSBTAT00000078716_UTR_pair	230	7	3960
ENSBTAG00000009304_ENSBTAT00000012256_UTR_pair	66	7	130
ENSBTAG00000009305_ENSBTAT00000055233_UTR_pair	299	7	1101
ENSBTAG00000004864_ENSBTAT00000110995_UTR_pair	78	7	1001
ENSBTAG00000010403_ENSBTAT00000153902_UTR_pair	132	7	3817
ENSBTAG00000003089_ENSBTAT00000004021_UTR_pair	18	7	1071
ENSBTAG00000047062_ENSBTAT00000065603_UTR_pair	199	7	64
ENSBTAG00000065176_ENSBTAT00000129848_UTR_pair	2135	7	2994
ENSBTAG00000031941_ENSBTAT00000092926_UTR_pair	29	7	388
ENSBTAG00000017956_ENSBTAT00000023874_UTR_pair	267	7	1381
ENSBTAG00000000630_ENSBTAT00000120015_UTR_pair	183	7	130
ENSBTAG00000006396_ENSBTAT00000072873_UTR_pair	377	7	273
ENSBTAG00000002573_ENSBTAT00000003333_UTR_pair	66	7	2828
ENSBTAG00000002370_ENSBTAT00000098837_UTR_pair	199	7	44
ENSBTAG00000003820_ENSBTAT00000004977_UTR_pair	199	7	354
ENSBTAG00000017035_ENSBTAT00000022650_UTR_pair	160	7	542
ENSBTAG00000015920_ENSBTAT00000021170_UTR_pair	114	7	1001
ENSBTAG00000013436_ENSBTAT00000017877_UTR_pair	25	7	132
ENSBTAG00000013440_ENSBTAT00000086550_UTR_pair	80	7	129
ENSBTAG00000074514_ENSBTAT00000142683_UTR_pair	90	7	101
ENSBTAG00000018593_ENSBTAT00000024745_UTR_pair	169	7	126
ENSBTAG00000001151_ENSBTAT00000077216_UTR_pair	152	7	352
ENSBTAG00000019674_ENSBTAT00000026221_UTR_pair	187	7	802
ENSBTAG00000014995_ENSBTAT00000044944_UTR_pair	24	7	451
ENSBTAG00000058132_ENSBTAT00000091781_UTR_pair	396	7	68
ENSBTAG00000015004_ENSBTAT00000019973_UTR_pair	8	7	158
ENSBTAG00000014872_ENSBTAT00000067485_UTR_pair	184	7	234
ENSBTAG00000002398_ENSBTAT00000018075_UTR_pair	220	7	650
ENSBTAG00000008084_ENSBTAT00000095706_UTR_pair	222	7	694
ENSBTAG00000060491_ENSBTAT00000090861_UTR_pair	1013	7	5464
ENSBTAG00000053679_ENSBTAT00000006317_UTR_pair	459	7	1314
ENSBTAG00000021742_ENSBTAT00000146530_UTR_pair	67	7	1001
ENSBTAG00000050438_ENSBTAT00000064085_UTR_pair	113	7	981
ENSBTAG00000004939_ENSBTAT00000095426_UTR_pair	188	7	1001
ENSBTAG00000018225_ENSBTAT00000024256_UTR_pair	917	7	2061
ENSBTAG00000007216_ENSBTAT00000054713_UTR_pair	6	7	330
ENSBTAG00000023472_ENSBTAT00000032005_UTR_pair	195	7	118
ENSBTAG00000000182_ENSBTAT00000000207_UTR_pair	361	7	661
ENSBTAG00000027711_ENSBTAT00000075856_UTR_pair	277	7	1001
ENSBTAG00000074954_ENSBTAT00000152395_UTR_pair	86	7	3715
ENSBTAG00000011215_ENSBTAT00000091274_UTR_pair	48	7	770
ENSBTAG00000016313_ENSBTAT00000082653_UTR_pair	35	7	191
ENSBTAG00000001055_ENSBTAT00000102670_UTR_pair	15	7	613
ENSBTAG00000001776_ENSBTAT00000002327_UTR_pair	199	7	576
ENSBTAG00000001778_ENSBTAT00000002330_UTR_pair	64	7	204
ENSBTAG00000001780_ENSBTAT00000112957_UTR_pair	19	7	1001
ENSBTAG00000013958_ENSBTAT00000018545_UTR_pair	199	7	815
ENSBTAG00000009785_ENSBTAT00000068763_UTR_pair	206	7	1001
ENSBTAG00000020428_ENSBTAT00000027224_UTR_pair	114	7	135
ENSBTAG00000020429_ENSBTAT00000130092_UTR_pair	72	7	1001
ENSBTAG00000008573_ENSBTAT00000129756_UTR_pair	189	7	1001
ENSBTAG00000004017_ENSBTAT00000032010_UTR_pair	889	7	221
ENSBTAG00000010467_ENSBTAT00000070366_UTR_pair	104	7	273
ENSBTAG00000010483_ENSBTAT00000013852_UTR_pair	22	7	200
ENSBTAG00000012509_ENSBTAT00000094795_UTR_pair	72	7	779
ENSBTAG00000009414_ENSBTAT00000012391_UTR_pair	63	7	118
ENSBTAG00000019150_ENSBTAT00000044153_UTR_pair	434	7	1753
ENSBTAG00000010493_ENSBTAT00000013858_UTR_pair	387	7	338
ENSBTAG00000010502_ENSBTAT00000091553_UTR_pair	732	7	996
ENSBTAG00000004755_ENSBTAT00000083702_UTR_pair	181	7	194
ENSBTAG00000019461_ENSBTAT00000025925_UTR_pair	263	7	1285
ENSBTAG00000019465_ENSBTAT00000025930_UTR_pair	13	7	1256
ENSBTAG00000009077_ENSBTAT00000011963_UTR_pair	195	7	1001
ENSBTAG00000018240_ENSBTAT00000024282_UTR_pair	208	7	1167
ENSBTAG00000003166_ENSBTAT00000004111_UTR_pair	101	7	955
ENSBTAG00000003168_ENSBTAT00000004114_UTR_pair	152	7	1074
ENSBTAG00000039635_ENSBTAT00000112592_UTR_pair	119	7	689
ENSBTAG00000020457_ENSBTAT00000075874_UTR_pair	339	7	1001
ENSBTAG00000038321_ENSBTAT00000082273_UTR_pair	211	7	67
ENSBTAG00000031001_ENSBTAT00000043858_UTR_pair	199	7	1001
ENSBTAG00000019787_ENSBTAT00000067093_UTR_pair	199	7	45
ENSBTAG00000019785_ENSBTAT00000064364_UTR_pair	199	7	843
ENSBTAG00000000332_ENSBTAT00000000437_UTR_pair	98	7	1001
ENSBTAG00000020756_ENSBTAT00000152360_UTR_pair	700	7	281
ENSBTAG00000020754_ENSBTAT00000135948_UTR_pair	664	7	4173
ENSBTAG00000005761_ENSBTAT00000007572_UTR_pair	152	7	806
ENSBTAG00000021789_ENSBTAT00000093083_UTR_pair	438	7	1151
ENSBTAG00000018633_ENSBTAT00000024793_UTR_pair	193	7	151
ENSBTAG00000018912_ENSBTAT00000109779_UTR_pair	199	7	19
ENSBTAG00000004377_ENSBTAT00000005744_UTR_pair	16	7	280
ENSBTAG00000004379_ENSBTAT00000100542_UTR_pair	199	7	158
ENSBTAG00000030933_ENSBTAT00000080704_UTR_pair	139	7	290
ENSBTAG00000027431_ENSBTAT00000147223_UTR_pair	64	7	968
ENSBTAG00000007714_ENSBTAT00000091582_UTR_pair	377	7	1001
ENSBTAG00000040209_ENSBTAT00000134585_UTR_pair	199	7	1001
ENSBTAG00000006805_ENSBTAT00000094130_UTR_pair	199	7	608
ENSBTAG00000009493_ENSBTAT00000012490_UTR_pair	88	7	347
ENSBTAG00000015318_ENSBTAT00000070790_UTR_pair	203	7	837
ENSBTAG00000001781_ENSBTAT00000032251_UTR_pair	90	7	369
ENSBTAG00000010123_ENSBTAT00000013354_UTR_pair	66	7	138
ENSBTAG00000038428_ENSBTAT00000148731_UTR_pair	6	7	415
ENSBTAG00000013697_ENSBTAT00000075012_UTR_pair	298	7	97
ENSBTAG00000018834_ENSBTAT00000088789_UTR_pair	148	7	774
ENSBTAG00000002682_ENSBTAT00000067924_UTR_pair	26	7	652
ENSBTAG00000002072_ENSBTAT00000069093_UTR_pair	199	7	487
ENSBTAG00000020689_ENSBTAT00000027570_UTR_pair	199	7	549
ENSBTAG00000008185_ENSBTAT00000125079_UTR_pair	199	7	414
ENSBTAG00000019604_ENSBTAT00000026119_UTR_pair	346	7	815
ENSBTAG00000015764_ENSBTAT00000083850_UTR_pair	91	7	1001
ENSBTAG00000012176_ENSBTAT00000032269_UTR_pair	55	7	1001
ENSBTAG00000065646_ENSBTAT00000124062_UTR_pair	11892	7	3656
ENSBTAG00000013346_ENSBTAT00000017753_UTR_pair	199	7	650
ENSBTAG00000013347_ENSBTAT00000113249_UTR_pair	199	7	1001
ENSBTAG00000021417_ENSBTAT00000083418_UTR_pair	175	7	1001
ENSBTAG00000012101_ENSBTAT00000016048_UTR_pair	282	7	119
ENSBTAG00000050077_ENSBTAT00000112361_UTR_pair	50	7	26
ENSBTAG00000013157_ENSBTAT00000017485_UTR_pair	199	7	165
ENSBTAG00000015599_ENSBTAT00000094958_UTR_pair	540	7	714
ENSBTAG00000050243_ENSBTAT00000076842_UTR_pair	104	7	2413
ENSBTAG00000013577_ENSBTAT00000018050_UTR_pair	615	7	646
ENSBTAG00000010584_ENSBTAT00000123813_UTR_pair	231	7	272
ENSBTAG00000015543_ENSBTAT00000020651_UTR_pair	402	7	4528
ENSBTAG00000009286_ENSBTAT00000093765_UTR_pair	199	7	95
ENSBTAG00000002676_ENSBTAT00000075271_UTR_pair	103	7	767
ENSBTAG00000050313_ENSBTAT00000068407_UTR_pair	199	7	1001
ENSBTAG00000006848_ENSBTAT00000077164_UTR_pair	310	7	1743
ENSBTAG00000006862_ENSBTAT00000082343_UTR_pair	245	7	460
ENSBTAG00000013084_ENSBTAT00000017397_UTR_pair	298	7	19
ENSBTAG00000021191_ENSBTAT00000028239_UTR_pair	171	7	1249
ENSBTAG00000014595_ENSBTAT00000031920_UTR_pair	8	7	149
ENSBTAG00000018013_ENSBTAT00000023976_UTR_pair	379	7	117
ENSBTAG00000004463_ENSBTAT00000005857_UTR_pair	199	7	742
ENSBTAG00000000080_ENSBTAT00000000088_UTR_pair	197	7	674
ENSBTAG00000001498_ENSBTAT00000136540_UTR_pair	211	7	168
ENSBTAG00000009872_ENSBTAT00000070534_UTR_pair	233	7	596
ENSBTAG00000006754_ENSBTAT00000008883_UTR_pair	708	7	262
ENSBTAG00000009172_ENSBTAT00000066914_UTR_pair	199	7	1147
ENSBTAG00000009174_ENSBTAT00000012090_UTR_pair	115	7	192
ENSBTAG00000013340_ENSBTAT00000017739_UTR_pair	2	7	166
ENSBTAG00000039958_ENSBTAT00000121300_UTR_pair	189	7	37
ENSBTAG00000048800_ENSBTAT00000002587_UTR_pair	171	7	154
ENSBTAG00000023415_ENSBTAT00000152405_UTR_pair	199	7	167
ENSBTAG00000002844_ENSBTAT00000068751_UTR_pair	15	7	13
ENSBTAG00000006139_ENSBTAT00000132891_UTR_pair	82	7	346
ENSBTAG00000016349_ENSBTAT00000021752_UTR_pair	24	7	687
ENSBTAG00000016526_ENSBTAT00000077462_UTR_pair	199	7	81
ENSBTAG00000000330_ENSBTAT00000106668_UTR_pair	199	7	476
ENSBTAG00000021799_ENSBTAT00000072217_UTR_pair	72	7	22
ENSBTAG00000020983_ENSBTAT00000027944_UTR_pair	21	7	218
ENSBTAG00000006612_ENSBTAT00000008680_UTR_pair	199	7	239
ENSBTAG00000006633_ENSBTAT00000103223_UTR_pair	199	7	67
ENSBTAG00000006638_ENSBTAT00000008723_UTR_pair	196	7	109
ENSBTAG00000012205_ENSBTAT00000016188_UTR_pair	273	7	613
ENSBTAG00000019180_ENSBTAT00000084791_UTR_pair	81	7	1292
ENSBTAG00000019183_ENSBTAT00000025532_UTR_pair	164	7	458
ENSBTAG00000008518_ENSBTAT00000131597_UTR_pair	70	7	1502
ENSBTAG00000005763_ENSBTAT00000007575_UTR_pair	24	7	507
ENSBTAG00000047035_ENSBTAT00000007578_UTR_pair	150	7	541
ENSBTAG00000003457_ENSBTAT00000076237_UTR_pair	402	7	645
ENSBTAG00000005367_ENSBTAT00000007054_UTR_pair	211	7	372
ENSBTAG00000003264_ENSBTAT00000124849_UTR_pair	1	7	415
ENSBTAG00000045510_ENSBTAT00000105203_UTR_pair	115	7	177
ENSBTAG00000006839_ENSBTAT00000008984_UTR_pair	14	7	346
ENSBTAG00000040603_ENSBTAT00000128771_UTR_pair	156	7	928
ENSBTAG00000003541_ENSBTAT00000004602_UTR_pair	302	7	2273
ENSBTAG00000019851_ENSBTAT00000026449_UTR_pair	86	7	421
ENSBTAG00000016513_ENSBTAT00000115037_UTR_pair	36	7	361
ENSBTAG00000018152_ENSBTAT00000110561_UTR_pair	326	7	141
ENSBTAG00000002830_ENSBTAT00000003664_UTR_pair	199	7	544
ENSBTAG00000064736_ENSBTAT00000109550_UTR_pair	728	7	404
ENSBTAG00000030403_ENSBTAT00000074588_UTR_pair	199	7	1077
ENSBTAG00000051917_ENSBTAT00000067029_UTR_pair	1571	7	882
ENSBTAG00000038034_ENSBTAT00000100604_UTR_pair	199	7	880
ENSBTAG00000015950_ENSBTAT00000087662_UTR_pair	174	7	378
ENSBTAG00000023343_ENSBTAT00000031754_UTR_pair	199	7	50
ENSBTAG00000014087_ENSBTAT00000075432_UTR_pair	199	7	825
ENSBTAG00000017847_ENSBTAT00000077989_UTR_pair	199	7	564
ENSBTAG00000030393_ENSBTAT00000123103_UTR_pair	117	7	1
ENSBTAG00000011689_ENSBTAT00000069123_UTR_pair	186	7	1001
ENSBTAG00000077464_ENSBTAT00000153514_UTR_pair	1972	7	1993
ENSBTAG00000006487_ENSBTAT00000008502_UTR_pair	56	7	69
ENSBTAG00000006486_ENSBTAT00000121495_UTR_pair	199	7	294
ENSBTAG00000015908_ENSBTAT00000068283_UTR_pair	147	7	627
ENSBTAG00000023333_ENSBTAT00000031738_UTR_pair	26	7	140
ENSBTAG00000014900_ENSBTAT00000019836_UTR_pair	199	7	1001
ENSBTAG00000007757_ENSBTAT00000108058_UTR_pair	547	7	274
ENSBTAG00000007754_ENSBTAT00000010193_UTR_pair	43	7	60
ENSBTAG00000002904_ENSBTAT00000003771_UTR_pair	199	7	617
ENSBTAG00000046111_ENSBTAT00000065840_UTR_pair	105	7	479
ENSBTAG00000055478_ENSBTAT00000077510_UTR_pair	14	7	1037
ENSBTAG00000048682_ENSBTAT00000087203_UTR_pair	35	7	2034
ENSBTAG00000070046_ENSBTAT00000133911_UTR_pair	199	7	1001
ENSBTAG00000070888_ENSBTAT00000144439_UTR_pair	199	7	482
ENSBTAG00000009460_ENSBTAT00000092862_UTR_pair	440	7	1001
ENSBTAG00000037981_ENSBTAT00000055561_UTR_pair	199	7	1001
ENSBTAG00000003465_ENSBTAT00000114487_UTR_pair	2863	7	1100
ENSBTAG00000013353_ENSBTAT00000012662_UTR_pair	199	7	401
ENSBTAG00000037882_ENSBTAT00000112900_UTR_pair	427	7	240
ENSBTAG00000015164_ENSBTAT00000020170_UTR_pair	26	7	172
ENSBTAG00000013882_ENSBTAT00000018429_UTR_pair	170	7	78
ENSBTAG00000012744_ENSBTAT00000016937_UTR_pair	509	7	385
ENSBTAG00000000205_ENSBTAT00000088529_UTR_pair	227	7	1001
ENSBTAG00000018706_ENSBTAT00000137804_UTR_pair	125	7	1001
ENSBTAG00000004449_ENSBTAT00000005830_UTR_pair	194	7	845
ENSBTAG00000009948_ENSBTAT00000013121_UTR_pair	28	7	454
ENSBTAG00000007893_ENSBTAT00000073863_UTR_pair	59	7	534
ENSBTAG00000025320_ENSBTAT00000049153_UTR_pair	230	7	915
ENSBTAG00000007147_ENSBTAT00000009405_UTR_pair	290	7	1459
ENSBTAG00000004193_ENSBTAT00000121202_UTR_pair	346	7	1911
ENSBTAG00000014766_ENSBTAT00000068855_UTR_pair	91	7	96
ENSBTAG00000073136_ENSBTAT00000150575_UTR_pair	261	7	946
ENSBTAG00000063664_ENSBTAT00000089056_UTR_pair	29	7	1216
ENSBTAG00000015352_ENSBTAT00000078957_UTR_pair	199	7	2078
ENSBTAG00000010788_ENSBTAT00000014279_UTR_pair	199	7	4061
ENSBTAG00000021677_ENSBTAT00000075728_UTR_pair	567	7	1001
ENSBTAG00000021680_ENSBTAT00000095636_UTR_pair	2	7	653
ENSBTAG00000021681_ENSBTAT00000089788_UTR_pair	113	7	1001
ENSBTAG00000003365_ENSBTAT00000004365_UTR_pair	25	7	68
ENSBTAG00000017868_ENSBTAT00000133787_UTR_pair	94	7	1138
ENSBTAG00000016708_ENSBTAT00000114042_UTR_pair	406	7	906
ENSBTAG00000055796_ENSBTAT00000109156_UTR_pair	1207	7	96
ENSBTAG00000011623_ENSBTAT00000015439_UTR_pair	202	7	685
ENSBTAG00000001290_ENSBTAT00000091780_UTR_pair	199	7	593
ENSBTAG00000016851_ENSBTAT00000022415_UTR_pair	69	7	1450
ENSBTAG00000009747_ENSBTAT00000012852_UTR_pair	46	7	742
ENSBTAG00000011721_ENSBTAT00000035470_UTR_pair	199	7	2458
ENSBTAG00000012070_ENSBTAT00000072087_UTR_pair	199	7	1861
ENSBTAG00000012068_ENSBTAT00000061499_UTR_pair	73	7	953
ENSBTAG00000009427_ENSBTAT00000012404_UTR_pair	232	7	919
ENSBTAG00000004489_ENSBTAT00000005887_UTR_pair	301	7	4707
ENSBTAG00000020089_ENSBTAT00000026766_UTR_pair	185	7	1985
ENSBTAG00000012675_ENSBTAT00000124661_UTR_pair	438	7	877
ENSBTAG00000034396_ENSBTAT00000128252_UTR_pair	1007	7	1622
ENSBTAG00000010290_ENSBTAT00000013586_UTR_pair	273	7	441
ENSBTAG00000010297_ENSBTAT00000013600_UTR_pair	30	7	588
ENSBTAG00000017567_ENSBTAT00000075422_UTR_pair	61	7	1001
ENSBTAG00000014677_ENSBTAT00000019537_UTR_pair	198	7	650
ENSBTAG00000010279_ENSBTAT00000115597_UTR_pair	4019	7	1480
ENSBTAG00000010292_ENSBTAT00000013601_UTR_pair	41	7	422
ENSBTAG00000010313_ENSBTAT00000013622_UTR_pair	17	7	488
ENSBTAG00000006916_ENSBTAT00000114545_UTR_pair	276	7	555
ENSBTAG00000020316_ENSBTAT00000076585_UTR_pair	119	7	382
ENSBTAG00000019723_ENSBTAT00000026285_UTR_pair	627	7	1115
ENSBTAG00000019437_ENSBTAT00000025891_UTR_pair	68	7	3549
ENSBTAG00000019094_ENSBTAT00000025423_UTR_pair	46	7	329
ENSBTAG00000013645_ENSBTAT00000109010_UTR_pair	25	7	2448
ENSBTAG00000018689_ENSBTAT00000024875_UTR_pair	55	7	1001
ENSBTAG00000020340_ENSBTAT00000101380_UTR_pair	606	7	1771
ENSBTAG00000060433_ENSBTAT00000135570_UTR_pair	61	7	424
ENSBTAG00000008913_ENSBTAT00000122241_UTR_pair	26	7	638
ENSBTAG00000015527_ENSBTAT00000100983_UTR_pair	307	7	1001
ENSBTAG00000004475_ENSBTAT00000122147_UTR_pair	135	7	2992
ENSBTAG00000010001_ENSBTAT00000070355_UTR_pair	34	7	972
ENSBTAG00000017225_ENSBTAT00000022890_UTR_pair	15	7	724
ENSBTAG00000018386_ENSBTAT00000024467_UTR_pair	24	7	1563
ENSBTAG00000018383_ENSBTAT00000024464_UTR_pair	170	7	1106
ENSBTAG00000018381_ENSBTAT00000024457_UTR_pair	67	7	1208
ENSBTAG00000018752_ENSBTAT00000077887_UTR_pair	199	7	2375
ENSBTAG00000057632_ENSBTAT00000116513_UTR_pair	9	7	577
ENSBTAG00000016972_ENSBTAT00000022573_UTR_pair	57	7	1001
ENSBTAG00000005008_ENSBTAT00000006593_UTR_pair	287	7	962
ENSBTAG00000014825_ENSBTAT00000019742_UTR_pair	765	7	1717
ENSBTAG00000008109_ENSBTAT00000133260_UTR_pair	201	7	1507
ENSBTAG00000008110_ENSBTAT00000010668_UTR_pair	288	7	341
ENSBTAG00000008115_ENSBTAT00000010671_UTR_pair	1399	7	2398
ENSBTAG00000008116_ENSBTAT00000010675_UTR_pair	59	7	339
ENSBTAG00000008120_ENSBTAT00000070496_UTR_pair	14	7	677
ENSBTAG00000002816_ENSBTAT00000003645_UTR_pair	424	7	1454
ENSBTAG00000002817_ENSBTAT00000035283_UTR_pair	55	7	1560
ENSBTAG00000013096_ENSBTAT00000017411_UTR_pair	40	7	1001
ENSBTAG00000013098_ENSBTAT00000128479_UTR_pair	96	7	814
ENSBTAG00000012845_ENSBTAT00000017066_UTR_pair	199	7	32
ENSBTAG00000009036_ENSBTAT00000068168_UTR_pair	176	7	830
ENSBTAG00000046129_ENSBTAT00000126180_UTR_pair	199	7	594
ENSBTAG00000006777_ENSBTAT00000008914_UTR_pair	491	7	445
ENSBTAG00000015535_ENSBTAT00000020643_UTR_pair	39	7	518
ENSBTAG00000038990_ENSBTAT00000056164_UTR_pair	199	7	496
ENSBTAG00000047717_ENSBTAT00000064131_UTR_pair	199	7	1001
ENSBTAG00000010073_ENSBTAT00000066446_UTR_pair	199	7	1248
ENSBTAG00000013501_ENSBTAT00000126287_UTR_pair	171	7	57
ENSBTAG00000015976_ENSBTAT00000021255_UTR_pair	540	7	910
ENSBTAG00000017380_ENSBTAT00000096355_UTR_pair	199	7	1001
ENSBTAG00000033077_ENSBTAT00000120992_UTR_pair	199	7	1001
ENSBTAG00000025167_ENSBTAT00000035254_UTR_pair	57	7	1001
ENSBTAG00000012040_ENSBTAT00000073530_UTR_pair	281	7	1001
ENSBTAG00000001119_ENSBTAT00000070306_UTR_pair	259	7	1001
ENSBTAG00000011011_ENSBTAT00000144428_UTR_pair	199	7	1001
ENSBTAG00000019341_ENSBTAT00000102233_UTR_pair	199	7	685
ENSBTAG00000012371_ENSBTAT00000016421_UTR_pair	15	7	2021
ENSBTAG00000004961_ENSBTAT00000129281_UTR_pair	83	7	4008
ENSBTAG00000008424_ENSBTAT00000066458_UTR_pair	33	7	2519
ENSBTAG00000000855_ENSBTAT00000001140_UTR_pair	74	7	1436
ENSBTAG00000019162_ENSBTAT00000025502_UTR_pair	199	7	1001
ENSBTAG00000013393_ENSBTAT00000128521_UTR_pair	199	7	188
ENSBTAG00000005665_ENSBTAT00000007443_UTR_pair	199	7	2503
ENSBTAG00000001332_ENSBTAT00000085502_UTR_pair	71	7	1227
ENSBTAG00000011479_ENSBTAT00000015257_UTR_pair	118	7	1249
ENSBTAG00000011482_ENSBTAT00000015260_UTR_pair	199	7	1375
ENSBTAG00000038889_ENSBTAT00000056799_UTR_pair	199	7	600
ENSBTAG00000011490_ENSBTAT00000015272_UTR_pair	75	7	587
ENSBTAG00000009705_ENSBTAT00000116193_UTR_pair	157	7	124
ENSBTAG00000009708_ENSBTAT00000115326_UTR_pair	296	7	1693
ENSBTAG00000009711_ENSBTAT00000075195_UTR_pair	112	7	3281
ENSBTAG00000009376_ENSBTAT00000098804_UTR_pair	199	7	1192
ENSBTAG00000000267_ENSBTAT00000115007_UTR_pair	199	7	1575
ENSBTAG00000004223_ENSBTAT00000134714_UTR_pair	1	7	130
ENSBTAG00000004225_ENSBTAT00000005534_UTR_pair	199	7	216
ENSBTAG00000045500_ENSBTAT00000100127_UTR_pair	199	7	1509
ENSBTAG00000025129_ENSBTAT00000035154_UTR_pair	416	7	2833
ENSBTAG00000011786_ENSBTAT00000076822_UTR_pair	199	7	836
ENSBTAG00000020000_ENSBTAT00000075439_UTR_pair	146	7	4355
ENSBTAG00000000831_ENSBTAT00000071830_UTR_pair	77	7	853
ENSBTAG00000000833_ENSBTAT00000001098_UTR_pair	55	7	827
ENSBTAG00000016316_ENSBTAT00000113705_UTR_pair	199	7	379
ENSBTAG00000016319_ENSBTAT00000021708_UTR_pair	79	7	691
ENSBTAG00000014433_ENSBTAT00000019194_UTR_pair	310	7	1139
ENSBTAG00000007430_ENSBTAT00000009771_UTR_pair	199	7	1001
ENSBTAG00000056053_ENSBTAT00000131016_UTR_pair	70	7	171
ENSBTAG00000002981_ENSBTAT00000086982_UTR_pair	37	7	515
ENSBTAG00000032083_ENSBTAT00000113455_UTR_pair	199	7	3350
ENSBTAG00000011505_ENSBTAT00000015290_UTR_pair	203	7	2573
ENSBTAG00000001349_ENSBTAT00000086224_UTR_pair	199	7	546
ENSBTAG00000008591_ENSBTAT00000121551_UTR_pair	199	7	600
ENSBTAG00000004915_ENSBTAT00000006465_UTR_pair	206	7	250
ENSBTAG00000004913_ENSBTAT00000006464_UTR_pair	446	7	166
ENSBTAG00000004910_ENSBTAT00000079666_UTR_pair	57	7	378
ENSBTAG00000004907_ENSBTAT00000017318_UTR_pair	202	7	755
ENSBTAG00000013392_ENSBTAT00000080368_UTR_pair	199	7	565
ENSBTAG00000035587_ENSBTAT00000119032_UTR_pair	199	7	464
ENSBTAG00000020853_ENSBTAT00000027786_UTR_pair	195	7	1001
ENSBTAG00000003072_ENSBTAT00000120167_UTR_pair	85	7	166
ENSBTAG00000003075_ENSBTAT00000112064_UTR_pair	199	7	167
ENSBTAG00000014881_ENSBTAT00000019811_UTR_pair	175	7	567
ENSBTAG00000014883_ENSBTAT00000019814_UTR_pair	43	7	423
ENSBTAG00000019443_ENSBTAT00000025896_UTR_pair	351	7	585
ENSBTAG00000009190_ENSBTAT00000012109_UTR_pair	205	7	910
ENSBTAG00000002018_ENSBTAT00000094840_UTR_pair	165	7	416
ENSBTAG00000010513_ENSBTAT00000013888_UTR_pair	93	7	95
ENSBTAG00000010532_ENSBTAT00000013923_UTR_pair	724	7	1040
ENSBTAG00000020252_ENSBTAT00000026987_UTR_pair	199	7	2046
ENSBTAG00000008289_ENSBTAT00000067042_UTR_pair	15	7	2614
ENSBTAG00000000131_ENSBTAT00000104170_UTR_pair	199	7	433
ENSBTAG00000005462_ENSBTAT00000075605_UTR_pair	366	7	606
ENSBTAG00000004222_ENSBTAT00000005531_UTR_pair	35	7	203
ENSBTAG00000013680_ENSBTAT00000018181_UTR_pair	592	7	3390
ENSBTAG00000001069_ENSBTAT00000115266_UTR_pair	199	7	859
ENSBTAG00000048062_ENSBTAT00000063022_UTR_pair	268	7	180
ENSBTAG00000051958_ENSBTAT00000085102_UTR_pair	153	7	2563
ENSBTAG00000047756_ENSBTAT00000064781_UTR_pair	391	7	70
ENSBTAG00000003889_ENSBTAT00000005076_UTR_pair	140	7	583
ENSBTAG00000054934_ENSBTAT00000108220_UTR_pair	199	7	81
ENSBTAG00000001702_ENSBTAT00000002231_UTR_pair	199	7	329
ENSBTAG00000001717_ENSBTAT00000135667_UTR_pair	199	7	939
ENSBTAG00000007117_ENSBTAT00000044661_UTR_pair	14	7	444
ENSBTAG00000073503_ENSBTAT00000138943_UTR_pair	552	7	257
ENSBTAG00000012344_ENSBTAT00000109028_UTR_pair	199	7	41
ENSBTAG00000011994_ENSBTAT00000065091_UTR_pair	197	7	1990
ENSBTAG00000021151_ENSBTAT00000116669_UTR_pair	66	7	278
ENSBTAG00000012137_ENSBTAT00000016103_UTR_pair	199	7	1001
ENSBTAG00000019107_ENSBTAT00000078792_UTR_pair	199	7	1720
ENSBTAG00000072578_ENSBTAT00000136872_UTR_pair	115	7	5781
ENSBTAG00000021938_ENSBTAT00000083346_UTR_pair	142	7	1311
ENSBTAG00000015294_ENSBTAT00000122531_UTR_pair	94	7	168
ENSBTAG00000019070_ENSBTAT00000125177_UTR_pair	160	7	51
ENSBTAG00000002605_ENSBTAT00000124396_UTR_pair	65	7	1001
ENSBTAG00000049358_ENSBTAT00000112837_UTR_pair	492	7	2837
ENSBTAG00000003014_ENSBTAT00000003922_UTR_pair	181	7	95
ENSBTAG00000017246_ENSBTAT00000102680_UTR_pair	520	7	1602
ENSBTAG00000013274_ENSBTAT00000065404_UTR_pair	100	7	46
ENSBTAG00000013271_ENSBTAT00000113981_UTR_pair	441	7	1192
ENSBTAG00000013270_ENSBTAT00000121565_UTR_pair	199	7	105
ENSBTAG00000044099_ENSBTAT00000092478_UTR_pair	37	7	1001
ENSBTAG00000007581_ENSBTAT00000112417_UTR_pair	76	7	1001
ENSBTAG00000000928_ENSBTAT00000127156_UTR_pair	224	7	1001
ENSBTAG00000003439_ENSBTAT00000129866_UTR_pair	151	7	1381
ENSBTAG00000030977_ENSBTAT00000133681_UTR_pair	36	7	2086
ENSBTAG00000039161_ENSBTAT00000070862_UTR_pair	199	7	34
ENSBTAG00000048984_ENSBTAT00000079749_UTR_pair	199	7	846
ENSBTAG00000001014_ENSBTAT00000001347_UTR_pair	380	7	563
ENSBTAG00000017771_ENSBTAT00000084618_UTR_pair	325	7	912
ENSBTAG00000014858_ENSBTAT00000019786_UTR_pair	204	7	582
ENSBTAG00000017094_ENSBTAT00000022732_UTR_pair	161	7	949
ENSBTAG00000017090_ENSBTAT00000022723_UTR_pair	199	7	1001
ENSBTAG00000017087_ENSBTAT00000110353_UTR_pair	140	7	1001
ENSBTAG00000017081_ENSBTAT00000022714_UTR_pair	199	7	1001
ENSBTAG00000004635_ENSBTAT00000043699_UTR_pair	199	7	573
ENSBTAG00000025046_ENSBTAT00000034976_UTR_pair	199	7	1440
ENSBTAG00000006517_ENSBTAT00000008544_UTR_pair	92	7	676
ENSBTAG00000008802_ENSBTAT00000011595_UTR_pair	199	7	2673
ENSBTAG00000003983_ENSBTAT00000076384_UTR_pair	67	7	2597
ENSBTAG00000007884_ENSBTAT00000072037_UTR_pair	134	7	1107
ENSBTAG00000004768_ENSBTAT00000006264_UTR_pair	216	7	1001
ENSBTAG00000020520_ENSBTAT00000027338_UTR_pair	199	7	546
ENSBTAG00000020517_ENSBTAT00000131785_UTR_pair	101	7	1001
ENSBTAG00000018973_ENSBTAT00000025255_UTR_pair	87	7	535
ENSBTAG00000008010_ENSBTAT00000010532_UTR_pair	163	7	1032
ENSBTAG00000008978_ENSBTAT00000011818_UTR_pair	164	7	2390
ENSBTAG00000010559_ENSBTAT00000081450_UTR_pair	201	7	242
ENSBTAG00000010576_ENSBTAT00000013983_UTR_pair	154	7	920
ENSBTAG00000009407_ENSBTAT00000034943_UTR_pair	441	7	3080
ENSBTAG00000004651_ENSBTAT00000006106_UTR_pair	4	7	186
ENSBTAG00000012293_ENSBTAT00000076201_UTR_pair	162	7	637
ENSBTAG00000000546_ENSBTAT00000107730_UTR_pair	472	7	1646
ENSBTAG00000002279_ENSBTAT00000082543_UTR_pair	101	7	1001
ENSBTAG00000002267_ENSBTAT00000002922_UTR_pair	160	7	2116
ENSBTAG00000020070_ENSBTAT00000026744_UTR_pair	29	7	492
ENSBTAG00000021301_ENSBTAT00000028385_UTR_pair	74	7	89
ENSBTAG00000006072_ENSBTAT00000007978_UTR_pair	237	7	1668
ENSBTAG00000021723_ENSBTAT00000028957_UTR_pair	68	7	1001
ENSBTAG00000013103_ENSBTAT00000017420_UTR_pair	111	7	1396
ENSBTAG00000049864_ENSBTAT00000084236_UTR_pair	445	7	1544
ENSBTAG00000008744_ENSBTAT00000080948_UTR_pair	199	7	941
ENSBTAG00000018699_ENSBTAT00000024887_UTR_pair	17	7	1561
ENSBTAG00000005824_ENSBTAT00000007660_UTR_pair	226	7	1503
ENSBTAG00000017120_ENSBTAT00000089877_UTR_pair	173	7	936
ENSBTAG00000001919_ENSBTAT00000002495_UTR_pair	452	7	2466
ENSBTAG00000011736_ENSBTAT00000093618_UTR_pair	199	7	351
ENSBTAG00000018803_ENSBTAT00000067735_UTR_pair	101	7	1001
ENSBTAG00000018802_ENSBTAT00000043423_UTR_pair	199	7	1967
ENSBTAG00000020321_ENSBTAT00000133931_UTR_pair	103	7	867
ENSBTAG00000002949_ENSBTAT00000003835_UTR_pair	199	7	121
ENSBTAG00000013653_ENSBTAT00000084408_UTR_pair	199	7	214
ENSBTAG00000014202_ENSBTAT00000018878_UTR_pair	131	7	260
ENSBTAG00000012259_ENSBTAT00000016263_UTR_pair	133	7	578
ENSBTAG00000013740_ENSBTAT00000097132_UTR_pair	100	7	666
ENSBTAG00000013523_ENSBTAT00000017982_UTR_pair	202	7	876
ENSBTAG00000011280_ENSBTAT00000043249_UTR_pair	148	7	1420
ENSBTAG00000006586_ENSBTAT00000008650_UTR_pair	234	7	610
ENSBTAG00000011435_ENSBTAT00000015199_UTR_pair	199	7	1322
ENSBTAG00000008535_ENSBTAT00000011251_UTR_pair	199	7	5651
ENSBTAG00000016911_ENSBTAT00000064869_UTR_pair	25	7	1001
ENSBTAG00000011532_ENSBTAT00000015325_UTR_pair	114	7	435
ENSBTAG00000011539_ENSBTAT00000015331_UTR_pair	60	7	1299
ENSBTAG00000006499_ENSBTAT00000008517_UTR_pair	199	7	32
ENSBTAG00000030591_ENSBTAT00000034838_UTR_pair	132	7	1001
ENSBTAG00000030587_ENSBTAT00000043205_UTR_pair	241	7	2913
ENSBTAG00000002036_ENSBTAT00000002640_UTR_pair	158	7	1424
ENSBTAG00000002060_ENSBTAT00000002666_UTR_pair	552	7	83
ENSBTAG00000008371_ENSBTAT00000078290_UTR_pair	35	7	412
ENSBTAG00000013236_ENSBTAT00000061441_UTR_pair	184	7	275
ENSBTAG00000013238_ENSBTAT00000002005_UTR_pair	559	7	3173
ENSBTAG00000021798_ENSBTAT00000127516_UTR_pair	263	7	525
ENSBTAG00000017366_ENSBTAT00000134052_UTR_pair	212	7	389
ENSBTAG00000013855_ENSBTAT00000108692_UTR_pair	199	7	1479
ENSBTAG00000021461_ENSBTAT00000028608_UTR_pair	203	7	366
ENSBTAG00000010745_ENSBTAT00000014236_UTR_pair	486	7	437
ENSBTAG00000012178_ENSBTAT00000128232_UTR_pair	199	7	293
ENSBTAG00000010375_ENSBTAT00000043093_UTR_pair	328	7	2436
ENSBTAG00000038126_ENSBTAT00000013695_UTR_pair	443	7	2413
ENSBTAG00000010384_ENSBTAT00000083861_UTR_pair	199	7	601
ENSBTAG00000019262_ENSBTAT00000061367_UTR_pair	232	7	1001
ENSBTAG00000008611_ENSBTAT00000011361_UTR_pair	241	7	2644
ENSBTAG00000015308_ENSBTAT00000020356_UTR_pair	90	7	1052
ENSBTAG00000004905_ENSBTAT00000006450_UTR_pair	3	7	130
ENSBTAG00000002282_ENSBTAT00000002948_UTR_pair	144	7	2452
ENSBTAG00000017685_ENSBTAT00000023522_UTR_pair	209	7	814
ENSBTAG00000025752_ENSBTAT00000036396_UTR_pair	199	7	645
ENSBTAG00000011454_ENSBTAT00000015220_UTR_pair	124	7	829
ENSBTAG00000011456_ENSBTAT00000015224_UTR_pair	311	7	372
ENSBTAG00000016740_ENSBTAT00000076288_UTR_pair	64	7	884
ENSBTAG00000025762_ENSBTAT00000036420_UTR_pair	75	7	2314
ENSBTAG00000002654_ENSBTAT00000003437_UTR_pair	429	7	301
ENSBTAG00000002657_ENSBTAT00000093139_UTR_pair	204	7	765
ENSBTAG00000044019_ENSBTAT00000061193_UTR_pair	105	7	1001
ENSBTAG00000010125_ENSBTAT00000012497_UTR_pair	84	7	132
ENSBTAG00000009496_ENSBTAT00000034831_UTR_pair	118	7	1175
ENSBTAG00000021523_ENSBTAT00000028687_UTR_pair	187	7	1900
ENSBTAG00000039684_ENSBTAT00000061251_UTR_pair	199	7	2470
ENSBTAG00000019218_ENSBTAT00000025588_UTR_pair	142	7	1483
ENSBTAG00000047956_ENSBTAT00000063695_UTR_pair	65	7	229
ENSBTAG00000047604_ENSBTAT00000064720_UTR_pair	579	7	198
ENSBTAG00000046746_ENSBTAT00000027845_UTR_pair	114	7	322
ENSBTAG00000046670_ENSBTAT00000082558_UTR_pair	58	7	1073
ENSBTAG00000032493_ENSBTAT00000046079_UTR_pair	199	7	1001
ENSBTAG00000048152_ENSBTAT00000064686_UTR_pair	130	7	1001
ENSBTAG00000030347_ENSBTAT00000042847_UTR_pair	214	7	1174
ENSBTAG00000019090_ENSBTAT00000025419_UTR_pair	34	7	209
ENSBTAG00000021918_ENSBTAT00000120494_UTR_pair	64	7	2326
ENSBTAG00000019906_ENSBTAT00000026518_UTR_pair	38	7	510
ENSBTAG00000019911_ENSBTAT00000026525_UTR_pair	26	7	427
ENSBTAG00000019914_ENSBTAT00000073446_UTR_pair	137	7	111
ENSBTAG00000019918_ENSBTAT00000106977_UTR_pair	342	7	159
ENSBTAG00000007389_ENSBTAT00000009714_UTR_pair	137	7	158
ENSBTAG00000007390_ENSBTAT00000009715_UTR_pair	87	7	1429
ENSBTAG00000007393_ENSBTAT00000009719_UTR_pair	199	7	2903
ENSBTAG00000022520_ENSBTAT00000129498_UTR_pair	237	7	1001
ENSBTAG00000001632_ENSBTAT00000069104_UTR_pair	104	7	1625
ENSBTAG00000058116_ENSBTAT00000127442_UTR_pair	7945	7	1792
ENSBTAG00000008339_ENSBTAT00000010976_UTR_pair	199	7	473
ENSBTAG00000008333_ENSBTAT00000010973_UTR_pair	313	7	1001
ENSBTAG00000003966_ENSBTAT00000117285_UTR_pair	53	7	3497
ENSBTAG00000017536_ENSBTAT00000023316_UTR_pair	193	7	913
ENSBTAG00000001279_ENSBTAT00000122302_UTR_pair	59	7	358
ENSBTAG00000016251_ENSBTAT00000070254_UTR_pair	199	7	741
ENSBTAG00000016252_ENSBTAT00000021620_UTR_pair	90	7	1301
ENSBTAG00000016253_ENSBTAT00000021621_UTR_pair	247	7	290
ENSBTAG00000016254_ENSBTAT00000089183_UTR_pair	4	7	82
ENSBTAG00000019660_ENSBTAT00000122383_UTR_pair	507	7	899
ENSBTAG00000019662_ENSBTAT00000068230_UTR_pair	199	7	2827
ENSBTAG00000005067_ENSBTAT00000034806_UTR_pair	199	7	1001
ENSBTAG00000019463_ENSBTAT00000025926_UTR_pair	117	7	393
ENSBTAG00000011447_ENSBTAT00000061535_UTR_pair	261	7	527
ENSBTAG00000038316_ENSBTAT00000134704_UTR_pair	86	7	1001
ENSBTAG00000020590_ENSBTAT00000027434_UTR_pair	199	7	1001
ENSBTAG00000005693_ENSBTAT00000007478_UTR_pair	51	7	1496
ENSBTAG00000005696_ENSBTAT00000007484_UTR_pair	222	7	1001
ENSBTAG00000060625_ENSBTAT00000126929_UTR_pair	2194	7	4440
ENSBTAG00000013526_ENSBTAT00000017986_UTR_pair	199	7	370
ENSBTAG00000008088_ENSBTAT00000010636_UTR_pair	47	7	362
ENSBTAG00000006048_ENSBTAT00000007945_UTR_pair	199	7	980
ENSBTAG00000006051_ENSBTAT00000007950_UTR_pair	221	7	350
ENSBTAG00000006054_ENSBTAT00000007953_UTR_pair	198	7	1001
ENSBTAG00000006056_ENSBTAT00000007955_UTR_pair	704	7	1798
ENSBTAG00000024974_ENSBTAT00000034824_UTR_pair	266	7	428
ENSBTAG00000004196_ENSBTAT00000034825_UTR_pair	215	7	372
ENSBTAG00000007084_ENSBTAT00000009316_UTR_pair	20	7	1001
ENSBTAG00000020359_ENSBTAT00000072943_UTR_pair	204	7	1001
ENSBTAG00000015958_ENSBTAT00000021217_UTR_pair	199	7	2623
ENSBTAG00000008442_ENSBTAT00000086265_UTR_pair	45	7	1001
ENSBTAG00000017512_ENSBTAT00000064966_UTR_pair	155	7	248
ENSBTAG00000012564_ENSBTAT00000034753_UTR_pair	225	7	1001
ENSBTAG00000009987_ENSBTAT00000132154_UTR_pair	184	7	4943
ENSBTAG00000015713_ENSBTAT00000115505_UTR_pair	199	7	2598
ENSBTAG00000015739_ENSBTAT00000073591_UTR_pair	537	7	1476
ENSBTAG00000020810_ENSBTAT00000027732_UTR_pair	90	7	1691
ENSBTAG00000003500_ENSBTAT00000091332_UTR_pair	232	7	4625
ENSBTAG00000009885_ENSBTAT00000013031_UTR_pair	166	7	3413
ENSBTAG00000008151_ENSBTAT00000089639_UTR_pair	199	7	1316
ENSBTAG00000008154_ENSBTAT00000132082_UTR_pair	251	7	887
ENSBTAG00000000056_ENSBTAT00000080981_UTR_pair	408	7	709
ENSBTAG00000011834_ENSBTAT00000082660_UTR_pair	177	7	839
ENSBTAG00000021058_ENSBTAT00000141843_UTR_pair	186	7	880
ENSBTAG00000021061_ENSBTAT00000028048_UTR_pair	352	7	133
ENSBTAG00000016799_ENSBTAT00000099924_UTR_pair	62	7	1001
ENSBTAG00000004723_ENSBTAT00000006196_UTR_pair	84	7	1505
ENSBTAG00000018423_ENSBTAT00000068915_UTR_pair	308	7	1568
ENSBTAG00000014002_ENSBTAT00000061058_UTR_pair	199	7	151
ENSBTAG00000012225_ENSBTAT00000016216_UTR_pair	125	7	248
ENSBTAG00000044065_ENSBTAT00000107794_UTR_pair	199	7	1001
ENSBTAG00000004787_ENSBTAT00000006285_UTR_pair	102	7	497
ENSBTAG00000003695_ENSBTAT00000132987_UTR_pair	175	7	3807
ENSBTAG00000003687_ENSBTAT00000091346_UTR_pair	199	7	1001
ENSBTAG00000018172_ENSBTAT00000066610_UTR_pair	135	7	1931
ENSBTAG00000019986_ENSBTAT00000081256_UTR_pair	323	7	41
ENSBTAG00000017461_ENSBTAT00000023209_UTR_pair	291	7	798
ENSBTAG00000015980_ENSBTAT00000146519_UTR_pair	246	7	571
ENSBTAG00000047760_ENSBTAT00000063588_UTR_pair	474	7	266
ENSBTAG00000019317_ENSBTAT00000108098_UTR_pair	199	7	386
ENSBTAG00000011575_ENSBTAT00000015378_UTR_pair	199	7	812
ENSBTAG00000022927_ENSBTAT00000031159_UTR_pair	79	7	63
ENSBTAG00000000040_ENSBTAT00000000044_UTR_pair	335	7	987
ENSBTAG00000000039_ENSBTAT00000109849_UTR_pair	199	7	489
ENSBTAG00000001868_ENSBTAT00000070509_UTR_pair	81	7	633
ENSBTAG00000030209_ENSBTAT00000042645_UTR_pair	199	7	1158
ENSBTAG00000006045_ENSBTAT00000007943_UTR_pair	52	7	837
ENSBTAG00000019812_ENSBTAT00000079582_UTR_pair	5150	7	835
ENSBTAG00000055145_ENSBTAT00000106521_UTR_pair	199	7	995
ENSBTAG00000000411_ENSBTAT00000000527_UTR_pair	76	7	572
ENSBTAG00000040573_ENSBTAT00000056667_UTR_pair	206	7	823
ENSBTAG00000019105_ENSBTAT00000042613_UTR_pair	4	7	1787
ENSBTAG00000019104_ENSBTAT00000025435_UTR_pair	199	7	665
ENSBTAG00000006189_ENSBTAT00000114661_UTR_pair	226	7	581
ENSBTAG00000016776_ENSBTAT00000072100_UTR_pair	214	7	1001
ENSBTAG00000019044_ENSBTAT00000085620_UTR_pair	106	7	1001
ENSBTAG00000038745_ENSBTAT00000133541_UTR_pair	24	7	1001
ENSBTAG00000002883_ENSBTAT00000003739_UTR_pair	703	7	307
ENSBTAG00000008940_ENSBTAT00000011769_UTR_pair	139	7	3609
ENSBTAG00000015267_ENSBTAT00000020308_UTR_pair	52	7	785
ENSBTAG00000016023_ENSBTAT00000021327_UTR_pair	95	7	218
ENSBTAG00000016021_ENSBTAT00000021325_UTR_pair	199	7	1001
ENSBTAG00000003192_ENSBTAT00000071987_UTR_pair	115	7	5191
ENSBTAG00000049156_ENSBTAT00000076497_UTR_pair	199	7	877
ENSBTAG00000009107_ENSBTAT00000012004_UTR_pair	79	7	256
ENSBTAG00000038306_ENSBTAT00000061326_UTR_pair	138	7	1001
ENSBTAG00000006277_ENSBTAT00000008236_UTR_pair	171	7	549
ENSBTAG00000006276_ENSBTAT00000008228_UTR_pair	7	7	1663
ENSBTAG00000009991_ENSBTAT00000079464_UTR_pair	51	7	1937
ENSBTAG00000077804_ENSBTAT00000146494_UTR_pair	264	7	2748
ENSBTAG00000021505_ENSBTAT00000087341_UTR_pair	335	7	1
ENSBTAG00000006663_ENSBTAT00000086695_UTR_pair	199	7	1790
ENSBTAG00000008441_ENSBTAT00000011106_UTR_pair	199	7	1001
ENSBTAG00000013573_ENSBTAT00000018046_UTR_pair	70	7	1152
ENSBTAG00000019069_ENSBTAT00000025388_UTR_pair	14	7	803
ENSBTAG00000018661_ENSBTAT00000136926_UTR_pair	170	7	1001
ENSBTAG00000018658_ENSBTAT00000102537_UTR_pair	199	7	1001
ENSBTAG00000002633_ENSBTAT00000073669_UTR_pair	199	7	1001
ENSBTAG00000013677_ENSBTAT00000081360_UTR_pair	115	7	972
ENSBTAG00000077155_ENSBTAT00000152858_UTR_pair	245	7	1396
ENSBTAG00000044138_ENSBTAT00000061186_UTR_pair	55	7	345
ENSBTAG00000019153_ENSBTAT00000083866_UTR_pair	170	7	275
ENSBTAG00000003436_ENSBTAT00000004463_UTR_pair	316	7	941
ENSBTAG00000008507_ENSBTAT00000131795_UTR_pair	199	7	1001
ENSBTAG00000030172_ENSBTAT00000042563_UTR_pair	258	7	1117
ENSBTAG00000013792_ENSBTAT00000018321_UTR_pair	90	7	1001
ENSBTAG00000016240_ENSBTAT00000103852_UTR_pair	36	7	2865
ENSBTAG00000030174_ENSBTAT00000112299_UTR_pair	199	7	3773
ENSBTAG00000018920_ENSBTAT00000082116_UTR_pair	76	7	304
ENSBTAG00000008634_ENSBTAT00000011385_UTR_pair	58	7	1037
ENSBTAG00000016287_ENSBTAT00000021663_UTR_pair	26	7	1296
ENSBTAG00000018169_ENSBTAT00000042566_UTR_pair	202	7	297
ENSBTAG00000011717_ENSBTAT00000113693_UTR_pair	46	7	335
ENSBTAG00000011715_ENSBTAT00000015555_UTR_pair	170	7	564
ENSBTAG00000020067_ENSBTAT00000111446_UTR_pair	114	7	337
ENSBTAG00000007220_ENSBTAT00000009497_UTR_pair	548	7	875
ENSBTAG00000007217_ENSBTAT00000068306_UTR_pair	201	7	1001
ENSBTAG00000004736_ENSBTAT00000006216_UTR_pair	407	7	1001
ENSBTAG00000000202_ENSBTAT00000000237_UTR_pair	177	7	1322
ENSBTAG00000016133_ENSBTAT00000088431_UTR_pair	199	7	385
ENSBTAG00000030169_ENSBTAT00000138406_UTR_pair	300	7	586
ENSBTAG00000061800_ENSBTAT00000132131_UTR_pair	116	7	879
ENSBTAG00000011527_ENSBTAT00000015317_UTR_pair	44	7	146
ENSBTAG00000001110_ENSBTAT00000120990_UTR_pair	202	7	1001
ENSBTAG00000021231_ENSBTAT00000095633_UTR_pair	199	7	1001
ENSBTAG00000039466_ENSBTAT00000101225_UTR_pair	70	7	1001
ENSBTAG00000010809_ENSBTAT00000014318_UTR_pair	147	7	906
ENSBTAG00000011389_ENSBTAT00000074761_UTR_pair	33	7	1001
ENSBTAG00000011382_ENSBTAT00000034682_UTR_pair	233	7	660
ENSBTAG00000018663_ENSBTAT00000084608_UTR_pair	233	7	433
ENSBTAG00000053044_ENSBTAT00000082212_UTR_pair	68	7	943
ENSBTAG00000018837_ENSBTAT00000067675_UTR_pair	160	7	1544
ENSBTAG00000045824_ENSBTAT00000084141_UTR_pair	199	7	1001
ENSBTAG00000002747_ENSBTAT00000077597_UTR_pair	63	7	3625
ENSBTAG00000008621_ENSBTAT00000011371_UTR_pair	130	7	184
ENSBTAG00000039556_ENSBTAT00000054838_UTR_pair	77	7	431
ENSBTAG00000010637_ENSBTAT00000092414_UTR_pair	542	7	656
ENSBTAG00000046174_ENSBTAT00000062941_UTR_pair	151	7	1001
ENSBTAG00000071891_ENSBTAT00000146774_UTR_pair	73	7	6025
ENSBTAG00000016895_ENSBTAT00000079943_UTR_pair	210	7	1443
ENSBTAG00000016894_ENSBTAT00000022470_UTR_pair	79	7	636
ENSBTAG00000003225_ENSBTAT00000004184_UTR_pair	199	7	2445
ENSBTAG00000011658_ENSBTAT00000015484_UTR_pair	69	7	660
ENSBTAG00000034978_ENSBTAT00000076949_UTR_pair	199	7	13
ENSBTAG00000000941_ENSBTAT00000115318_UTR_pair	115	7	2656
ENSBTAG00000071685_ENSBTAT00000150941_UTR_pair	9	7	2571
ENSBTAG00000005444_ENSBTAT00000123363_UTR_pair	199	7	1001
ENSBTAG00000008089_ENSBTAT00000066945_UTR_pair	447	7	3449
ENSBTAG00000005987_ENSBTAT00000007859_UTR_pair	202	7	420
ENSBTAG00000006262_ENSBTAT00000091459_UTR_pair	199	7	677
ENSBTAG00000004216_ENSBTAT00000005525_UTR_pair	199	7	1001
ENSBTAG00000019177_ENSBTAT00000061093_UTR_pair	146	7	539
ENSBTAG00000000266_ENSBTAT00000000331_UTR_pair	5	7	2343
ENSBTAG00000015678_ENSBTAT00000020811_UTR_pair	199	7	445
ENSBTAG00000007719_ENSBTAT00000084200_UTR_pair	265	7	1001
ENSBTAG00000007584_ENSBTAT00000009977_UTR_pair	185	7	168
ENSBTAG00000012561_ENSBTAT00000016673_UTR_pair	7	7	1389
ENSBTAG00000010498_ENSBTAT00000114088_UTR_pair	290	7	1308
ENSBTAG00000027020_ENSBTAT00000038684_UTR_pair	139	7	1810
ENSBTAG00000021466_ENSBTAT00000028617_UTR_pair	75	7	929
ENSBTAG00000007141_ENSBTAT00000112924_UTR_pair	2	7	1001
ENSBTAG00000050392_ENSBTAT00000081025_UTR_pair	199	7	3229
ENSBTAG00000019929_ENSBTAT00000123017_UTR_pair	100	7	76
ENSBTAG00000021762_ENSBTAT00000029007_UTR_pair	98	7	630
ENSBTAG00000020961_ENSBTAT00000108585_UTR_pair	199	7	1551
ENSBTAG00000000937_ENSBTAT00000083392_UTR_pair	438	7	12
ENSBTAG00000043956_ENSBTAT00000070217_UTR_pair	199	7	687
ENSBTAG00000021726_ENSBTAT00000102368_UTR_pair	402	7	913
ENSBTAG00000001861_ENSBTAT00000038616_UTR_pair	300	7	1178
ENSBTAG00000001096_ENSBTAT00000124626_UTR_pair	146	7	544
ENSBTAG00000014405_ENSBTAT00000074893_UTR_pair	204	7	1001
ENSBTAG00000006168_ENSBTAT00000008111_UTR_pair	199	7	255
ENSBTAG00000009897_ENSBTAT00000081070_UTR_pair	111	7	1880
ENSBTAG00000019255_ENSBTAT00000135424_UTR_pair	51	7	494
ENSBTAG00000006693_ENSBTAT00000008804_UTR_pair	324	7	284
ENSBTAG00000018061_ENSBTAT00000024045_UTR_pair	153	7	1
ENSBTAG00000002944_ENSBTAT00000003832_UTR_pair	125	7	341
ENSBTAG00000002295_ENSBTAT00000068149_UTR_pair	388	7	2314
ENSBTAG00000008028_ENSBTAT00000108562_UTR_pair	342	7	729
ENSBTAG00000001585_ENSBTAT00000002076_UTR_pair	187	7	2963
ENSBTAG00000021636_ENSBTAT00000078829_UTR_pair	409	7	1653
ENSBTAG00000012966_ENSBTAT00000120713_UTR_pair	48	7	398
ENSBTAG00000006970_ENSBTAT00000009160_UTR_pair	132	7	3049
ENSBTAG00000000176_ENSBTAT00000082926_UTR_pair	193	7	1431
ENSBTAG00000003458_ENSBTAT00000106782_UTR_pair	358	7	1252
ENSBTAG00000001083_ENSBTAT00000079654_UTR_pair	181	7	194
ENSBTAG00000017266_ENSBTAT00000022960_UTR_pair	218	7	1001
ENSBTAG00000010118_ENSBTAT00000013355_UTR_pair	255	7	215
ENSBTAG00000016762_ENSBTAT00000124745_UTR_pair	14	7	435
ENSBTAG00000002646_ENSBTAT00000003429_UTR_pair	109	7	519
ENSBTAG00000007683_ENSBTAT00000010105_UTR_pair	167	7	528
ENSBTAG00000016430_ENSBTAT00000104767_UTR_pair	233	7	1123
ENSBTAG00000006918_ENSBTAT00000009090_UTR_pair	498	7	2028
ENSBTAG00000013218_ENSBTAT00000079147_UTR_pair	199	7	712
ENSBTAG00000008716_ENSBTAT00000122539_UTR_pair	75	7	290
ENSBTAG00000001093_ENSBTAT00000133076_UTR_pair	459	7	1776
ENSBTAG00000001092_ENSBTAT00000128996_UTR_pair	26	7	7530
ENSBTAG00000027789_ENSBTAT00000040072_UTR_pair	186	7	208
ENSBTAG00000010048_ENSBTAT00000147094_UTR_pair	160	7	4376
ENSBTAG00000044179_ENSBTAT00000080491_UTR_pair	199	7	1001
ENSBTAG00000016512_ENSBTAT00000077171_UTR_pair	120	7	450
ENSBTAG00000005501_ENSBTAT00000072640_UTR_pair	58	7	1564
ENSBTAG00000019291_ENSBTAT00000025686_UTR_pair	176	7	849
ENSBTAG00000008704_ENSBTAT00000130600_UTR_pair	1489	7	7012
ENSBTAG00000018446_ENSBTAT00000024550_UTR_pair	110	7	1476
ENSBTAG00000008142_ENSBTAT00000113085_UTR_pair	327	7	313
ENSBTAG00000021691_ENSBTAT00000046166_UTR_pair	291	7	313
ENSBTAG00000006654_ENSBTAT00000091288_UTR_pair	199	7	692
ENSBTAG00000005180_ENSBTAT00000120653_UTR_pair	344	7	294
ENSBTAG00000008755_ENSBTAT00000098199_UTR_pair	123	7	1001
ENSBTAG00000020654_ENSBTAT00000027534_UTR_pair	244	7	47
ENSBTAG00000004184_ENSBTAT00000096714_UTR_pair	234	7	1001
ENSBTAG00000004177_ENSBTAT00000005473_UTR_pair	178	7	1001
ENSBTAG00000013773_ENSBTAT00000018330_UTR_pair	64	7	764
ENSBTAG00000011909_ENSBTAT00000015797_UTR_pair	199	7	1080
ENSBTAG00000009770_ENSBTAT00000012886_UTR_pair	85	7	1125
ENSBTAG00000003650_ENSBTAT00000093078_UTR_pair	206	7	1306
ENSBTAG00000021526_ENSBTAT00000028688_UTR_pair	206	7	911
ENSBTAG00000026851_ENSBTAT00000066414_UTR_pair	206	7	34
ENSBTAG00000001887_ENSBTAT00000064047_UTR_pair	113	7	2958
ENSBTAG00000002293_ENSBTAT00000125332_UTR_pair	57	7	654
ENSBTAG00000032369_ENSBTAT00000045923_UTR_pair	252	7	215
ENSBTAG00000039731_ENSBTAT00000045869_UTR_pair	239	7	2259
ENSBTAG00000015962_ENSBTAT00000087246_UTR_pair	10	7	311
ENSBTAG00000018125_ENSBTAT00000024127_UTR_pair	399	7	437
ENSBTAG00000018581_ENSBTAT00000132732_UTR_pair	70	7	1193
ENSBTAG00000018114_ENSBTAT00000083408_UTR_pair	199	7	2307
ENSBTAG00000012615_ENSBTAT00000061551_UTR_pair	239	7	2277
ENSBTAG00000001132_ENSBTAT00000103673_UTR_pair	371	7	2
ENSBTAG00000013455_ENSBTAT00000070707_UTR_pair	272	7	1001
ENSBTAG00000001060_ENSBTAT00000001406_UTR_pair	21	7	522
ENSBTAG00000009949_ENSBTAT00000107586_UTR_pair	39	7	110
ENSBTAG00000015172_ENSBTAT00000055538_UTR_pair	64	7	2459
ENSBTAG00000015169_ENSBTAT00000020184_UTR_pair	199	7	477
ENSBTAG00000013302_ENSBTAT00000074294_UTR_pair	249	7	1001
ENSBTAG00000026842_ENSBTAT00000038374_UTR_pair	55	7	252
ENSBTAG00000014158_ENSBTAT00000018816_UTR_pair	199	7	2791
ENSBTAG00000018744_ENSBTAT00000084741_UTR_pair	262	7	1001
ENSBTAG00000021103_ENSBTAT00000114415_UTR_pair	47	7	2592
ENSBTAG00000015077_ENSBTAT00000045489_UTR_pair	62	7	1542
ENSBTAG00000010221_ENSBTAT00000121637_UTR_pair	7	7	654
ENSBTAG00000002112_ENSBTAT00000134058_UTR_pair	239	7	1001
ENSBTAG00000007111_ENSBTAT00000077862_UTR_pair	183	7	2536
ENSBTAG00000026825_ENSBTAT00000132191_UTR_pair	1	7	1001
ENSBTAG00000020855_ENSBTAT00000110302_UTR_pair	22	7	526
ENSBTAG00000018236_ENSBTAT00000067489_UTR_pair	168	7	4294
ENSBTAG00000026829_ENSBTAT00000128949_UTR_pair	690	7	663
ENSBTAG00000032021_ENSBTAT00000053057_UTR_pair	199	7	1641
ENSBTAG00000011682_ENSBTAT00000015510_UTR_pair	59	7	79
ENSBTAG00000019781_ENSBTAT00000065657_UTR_pair	376	7	2880
ENSBTAG00000019387_ENSBTAT00000031564_UTR_pair	38	7	679
ENSBTAG00000006059_ENSBTAT00000069948_UTR_pair	121	7	4229
ENSBTAG00000014863_ENSBTAT00000019792_UTR_pair	481	7	483
ENSBTAG00000007863_ENSBTAT00000081716_UTR_pair	291	7	2470
ENSBTAG00000007867_ENSBTAT00000084342_UTR_pair	41	7	1022
ENSBTAG00000011256_ENSBTAT00000152349_UTR_pair	75	7	1206
ENSBTAG00000018653_ENSBTAT00000024821_UTR_pair	161	7	1188
ENSBTAG00000016782_ENSBTAT00000022316_UTR_pair	234	7	225
ENSBTAG00000013196_ENSBTAT00000017564_UTR_pair	120	7	253
ENSBTAG00000020696_ENSBTAT00000038307_UTR_pair	199	7	1001
ENSBTAG00000007779_ENSBTAT00000080564_UTR_pair	67	7	1001
ENSBTAG00000020416_ENSBTAT00000128881_UTR_pair	126	7	1001
ENSBTAG00000031696_ENSBTAT00000137577_UTR_pair	199	7	35
ENSBTAG00000008915_ENSBTAT00000105444_UTR_pair	10	7	2400
ENSBTAG00000004659_ENSBTAT00000006115_UTR_pair	81	7	910
ENSBTAG00000012589_ENSBTAT00000108968_UTR_pair	199	7	1738
ENSBTAG00000002056_ENSBTAT00000002662_UTR_pair	20	7	1491
ENSBTAG00000016334_ENSBTAT00000098138_UTR_pair	199	7	1001
ENSBTAG00000019232_ENSBTAT00000025608_UTR_pair	25	7	1001
ENSBTAG00000019231_ENSBTAT00000025606_UTR_pair	19	7	227
ENSBTAG00000002272_ENSBTAT00000002929_UTR_pair	153	7	1162
ENSBTAG00000006049_ENSBTAT00000128648_UTR_pair	148	7	97
ENSBTAG00000005416_ENSBTAT00000131483_UTR_pair	199	7	260
ENSBTAG00000031473_ENSBTAT00000044591_UTR_pair	248	7	1664
ENSBTAG00000021201_ENSBTAT00000081087_UTR_pair	463	7	1001
ENSBTAG00000015718_ENSBTAT00000038313_UTR_pair	383	7	914
ENSBTAG00000014933_ENSBTAT00000019878_UTR_pair	453	7	205
ENSBTAG00000019298_ENSBTAT00000025696_UTR_pair	336	7	701
ENSBTAG00000007395_ENSBTAT00000060956_UTR_pair	199	7	1001
ENSBTAG00000002283_ENSBTAT00000002946_UTR_pair	712	7	2953
ENSBTAG00000069747_ENSBTAT00000099001_UTR_pair	199	7	511
ENSBTAG00000005517_ENSBTAT00000106409_UTR_pair	42	7	245
ENSBTAG00000048876_ENSBTAT00000070530_UTR_pair	199	7	3587
ENSBTAG00000015424_ENSBTAT00000097901_UTR_pair	124	7	520
ENSBTAG00000000851_ENSBTAT00000001132_UTR_pair	68	7	1608
ENSBTAG00000010293_ENSBTAT00000130134_UTR_pair	199	7	1001
ENSBTAG00000011971_ENSBTAT00000015885_UTR_pair	835	7	3012
ENSBTAG00000021979_ENSBTAT00000078391_UTR_pair	329	7	43
ENSBTAG00000061822_ENSBTAT00000133850_UTR_pair	917	7	10398
ENSBTAG00000019694_ENSBTAT00000114530_UTR_pair	276	7	1001
ENSBTAG00000016193_ENSBTAT00000021553_UTR_pair	157	7	2302
ENSBTAG00000044097_ENSBTAT00000126740_UTR_pair	44	7	1001
ENSBTAG00000005474_ENSBTAT00000143713_UTR_pair	202	7	4810
ENSBTAG00000052083_ENSBTAT00000080911_UTR_pair	199	7	1225
ENSBTAG00000016297_ENSBTAT00000038209_UTR_pair	259	7	2103
ENSBTAG00000020957_ENSBTAT00000094898_UTR_pair	2	7	9180
ENSBTAG00000007830_ENSBTAT00000118990_UTR_pair	467	7	1001
ENSBTAG00000020527_ENSBTAT00000027348_UTR_pair	206	7	852
ENSBTAG00000002177_ENSBTAT00000126240_UTR_pair	128	7	3144
ENSBTAG00000018130_ENSBTAT00000024134_UTR_pair	313	7	3649
ENSBTAG00000054647_ENSBTAT00000113267_UTR_pair	58	7	2447
ENSBTAG00000021600_ENSBTAT00000106169_UTR_pair	201	7	1001
ENSBTAG00000015066_ENSBTAT00000020055_UTR_pair	109	7	2973
ENSBTAG00000037804_ENSBTAT00000116106_UTR_pair	15	7	1001
ENSBTAG00000033690_ENSBTAT00000047858_UTR_pair	111	7	566
ENSBTAG00000019274_ENSBTAT00000025662_UTR_pair	95	7	1329
ENSBTAG00000008300_ENSBTAT00000010925_UTR_pair	199	7	694
ENSBTAG00000006821_ENSBTAT00000111366_UTR_pair	83	7	1001
ENSBTAG00000010426_ENSBTAT00000113127_UTR_pair	139	7	6
ENSBTAG00000003843_ENSBTAT00000005013_UTR_pair	372	7	36
ENSBTAG00000062210_ENSBTAT00000133385_UTR_pair	28	7	792
ENSBTAG00000005596_ENSBTAT00000102210_UTR_pair	174	7	345
ENSBTAG00000059978_ENSBTAT00000118872_UTR_pair	30	7	136
ENSBTAG00000010386_ENSBTAT00000013707_UTR_pair	145	7	426
ENSBTAG00000003927_ENSBTAT00000098891_UTR_pair	43	7	413
ENSBTAG00000003935_ENSBTAT00000005137_UTR_pair	86	7	1215
ENSBTAG00000008362_ENSBTAT00000011010_UTR_pair	199	7	1424
ENSBTAG00000016572_ENSBTAT00000081874_UTR_pair	209	7	4451
ENSBTAG00000003807_ENSBTAT00000077816_UTR_pair	34	7	594
ENSBTAG00000026772_ENSBTAT00000044020_UTR_pair	199	7	1001
ENSBTAG00000003813_ENSBTAT00000004967_UTR_pair	95	7	54
ENSBTAG00000003817_ENSBTAT00000004972_UTR_pair	438	7	59
ENSBTAG00000003819_ENSBTAT00000038254_UTR_pair	98	7	431
ENSBTAG00000018415_ENSBTAT00000069658_UTR_pair	184	7	3040
ENSBTAG00000012619_ENSBTAT00000016753_UTR_pair	92	7	656
ENSBTAG00000012620_ENSBTAT00000016754_UTR_pair	67	7	1137
ENSBTAG00000020606_ENSBTAT00000074138_UTR_pair	76	7	347
ENSBTAG00000020607_ENSBTAT00000027459_UTR_pair	165	7	167
ENSBTAG00000020608_ENSBTAT00000027461_UTR_pair	242	7	1127
ENSBTAG00000020610_ENSBTAT00000038173_UTR_pair	293	7	280
ENSBTAG00000020611_ENSBTAT00000027467_UTR_pair	58	7	169
ENSBTAG00000013782_ENSBTAT00000018327_UTR_pair	231	7	1677
ENSBTAG00000002995_ENSBTAT00000072834_UTR_pair	98	7	136
ENSBTAG00000020539_ENSBTAT00000027366_UTR_pair	294	7	442
ENSBTAG00000040338_ENSBTAT00000060992_UTR_pair	199	7	340
ENSBTAG00000038992_ENSBTAT00000125773_UTR_pair	240	7	269
ENSBTAG00000010030_ENSBTAT00000013238_UTR_pair	57	7	803
ENSBTAG00000017258_ENSBTAT00000022939_UTR_pair	290	7	1921
ENSBTAG00000008717_ENSBTAT00000113342_UTR_pair	312	7	727
ENSBTAG00000021769_ENSBTAT00000100732_UTR_pair	324	7	369
ENSBTAG00000021308_ENSBTAT00000099636_UTR_pair	1386	7	8930
ENSBTAG00000023963_ENSBTAT00000105805_UTR_pair	111	7	670
ENSBTAG00000021319_ENSBTAT00000028421_UTR_pair	208	7	724
ENSBTAG00000021323_ENSBTAT00000028427_UTR_pair	136	7	631
ENSBTAG00000039046_ENSBTAT00000044848_UTR_pair	77	7	1491
ENSBTAG00000021653_ENSBTAT00000099853_UTR_pair	333	7	341
ENSBTAG00000015752_ENSBTAT00000020915_UTR_pair	136	7	214
ENSBTAG00000040055_ENSBTAT00000123360_UTR_pair	199	7	2395
ENSBTAG00000017855_ENSBTAT00000102111_UTR_pair	157	7	152
ENSBTAG00000005119_ENSBTAT00000130550_UTR_pair	106	7	212
ENSBTAG00000016174_ENSBTAT00000021529_UTR_pair	162	7	420
ENSBTAG00000002549_ENSBTAT00000003305_UTR_pair	249	7	692
ENSBTAG00000011964_ENSBTAT00000038112_UTR_pair	154	7	358
ENSBTAG00000004603_ENSBTAT00000006041_UTR_pair	199	7	1853
ENSBTAG00000012629_ENSBTAT00000092832_UTR_pair	50	7	1476
ENSBTAG00000020671_ENSBTAT00000027551_UTR_pair	218	7	1959
ENSBTAG00000020548_ENSBTAT00000027374_UTR_pair	282	7	91
ENSBTAG00000017605_ENSBTAT00000141382_UTR_pair	50	7	8565
ENSBTAG00000018067_ENSBTAT00000024053_UTR_pair	199	7	558
ENSBTAG00000018065_ENSBTAT00000117546_UTR_pair	148	7	733
ENSBTAG00000018062_ENSBTAT00000074403_UTR_pair	199	7	1001
ENSBTAG00000005904_ENSBTAT00000007758_UTR_pair	199	7	906
ENSBTAG00000020655_ENSBTAT00000067186_UTR_pair	65	7	1524
ENSBTAG00000046862_ENSBTAT00000066345_UTR_pair	415	7	766
ENSBTAG00000012698_ENSBTAT00000016877_UTR_pair	54	7	526
ENSBTAG00000014388_ENSBTAT00000114399_UTR_pair	48	7	178
ENSBTAG00000015104_ENSBTAT00000109888_UTR_pair	248	7	135
ENSBTAG00000019486_ENSBTAT00000132992_UTR_pair	809	7	2240
ENSBTAG00000039121_ENSBTAT00000144747_UTR_pair	892	7	2386
ENSBTAG00000010050_ENSBTAT00000111500_UTR_pair	246	7	131
ENSBTAG00000035081_ENSBTAT00000124199_UTR_pair	199	7	443
ENSBTAG00000016819_ENSBTAT00000134956_UTR_pair	60	7	2129
ENSBTAG00000016818_ENSBTAT00000022373_UTR_pair	181	7	719
ENSBTAG00000016817_ENSBTAT00000022372_UTR_pair	63	7	444
ENSBTAG00000026676_ENSBTAT00000107291_UTR_pair	94	7	3882
ENSBTAG00000017253_ENSBTAT00000097629_UTR_pair	20	7	450
ENSBTAG00000013309_ENSBTAT00000145897_UTR_pair	161	7	660
ENSBTAG00000006667_ENSBTAT00000082468_UTR_pair	199	7	578
ENSBTAG00000015771_ENSBTAT00000020940_UTR_pair	174	7	177
ENSBTAG00000001160_ENSBTAT00000109481_UTR_pair	73	7	134
ENSBTAG00000003788_ENSBTAT00000066656_UTR_pair	75	7	987
ENSBTAG00000002727_ENSBTAT00000095285_UTR_pair	218	7	2254
ENSBTAG00000002678_ENSBTAT00000127784_UTR_pair	26	7	513
ENSBTAG00000002363_ENSBTAT00000103926_UTR_pair	285	7	1740
ENSBTAG00000043989_ENSBTAT00000081308_UTR_pair	199	7	3978
ENSBTAG00000008800_ENSBTAT00000011592_UTR_pair	199	7	1001
ENSBTAG00000006225_ENSBTAT00000008174_UTR_pair	7	7	800
ENSBTAG00000003866_ENSBTAT00000121922_UTR_pair	11	7	1089
ENSBTAG00000001192_ENSBTAT00000001580_UTR_pair	118	7	1144
ENSBTAG00000007554_ENSBTAT00000009939_UTR_pair	98	7	143
ENSBTAG00000037456_ENSBTAT00000130462_UTR_pair	620	7	10667
ENSBTAG00000018374_ENSBTAT00000024447_UTR_pair	208	7	3711
ENSBTAG00000010254_ENSBTAT00000132493_UTR_pair	199	7	222
ENSBTAG00000010249_ENSBTAT00000100886_UTR_pair	199	7	979
ENSBTAG00000053588_ENSBTAT00000122526_UTR_pair	315	7	231
ENSBTAG00000008766_ENSBTAT00000055788_UTR_pair	826	7	1506
ENSBTAG00000004416_ENSBTAT00000005789_UTR_pair	107	7	216
ENSBTAG00000055762_ENSBTAT00000092230_UTR_pair	218	7	1001
ENSBTAG00000009223_ENSBTAT00000012154_UTR_pair	301	7	530
ENSBTAG00000046672_ENSBTAT00000091536_UTR_pair	135	7	1001
ENSBTAG00000009796_ENSBTAT00000089047_UTR_pair	179	7	404
ENSBTAG00000014447_ENSBTAT00000110529_UTR_pair	50	7	827
ENSBTAG00000009580_ENSBTAT00000012599_UTR_pair	97	7	384
ENSBTAG00000009579_ENSBTAT00000069388_UTR_pair	199	7	1001
ENSBTAG00000001513_ENSBTAT00000001982_UTR_pair	199	7	101
ENSBTAG00000005105_ENSBTAT00000094978_UTR_pair	114	7	1
ENSBTAG00000013761_ENSBTAT00000151392_UTR_pair	23	7	284
ENSBTAG00000021787_ENSBTAT00000029039_UTR_pair	199	7	220
ENSBTAG00000021781_ENSBTAT00000042894_UTR_pair	174	7	886
ENSBTAG00000021778_ENSBTAT00000029033_UTR_pair	199	7	2824
ENSBTAG00000003069_ENSBTAT00000061594_UTR_pair	199	7	1001
ENSBTAG00000001050_ENSBTAT00000001393_UTR_pair	93	7	215
ENSBTAG00000002988_ENSBTAT00000078897_UTR_pair	264	7	949
ENSBTAG00000001296_ENSBTAT00000111865_UTR_pair	107	7	1001
ENSBTAG00000070601_ENSBTAT00000148341_UTR_pair	233	7	1647
ENSBTAG00000001651_ENSBTAT00000002165_UTR_pair	49	7	1470
ENSBTAG00000009470_ENSBTAT00000054397_UTR_pair	443	7	398
ENSBTAG00000013772_ENSBTAT00000069668_UTR_pair	22	7	898
ENSBTAG00000017452_ENSBTAT00000023194_UTR_pair	140	7	1905
ENSBTAG00000013048_ENSBTAT00000017344_UTR_pair	240	7	48
ENSBTAG00000008072_ENSBTAT00000142016_UTR_pair	81	7	4343
ENSBTAG00000030435_ENSBTAT00000127676_UTR_pair	978	7	14077
ENSBTAG00000005002_ENSBTAT00000006586_UTR_pair	199	7	323
ENSBTAG00000011625_ENSBTAT00000105707_UTR_pair	107	7	826
ENSBTAG00000021620_ENSBTAT00000090202_UTR_pair	58	7	1001
ENSBTAG00000026585_ENSBTAT00000037847_UTR_pair	61	7	2363
ENSBTAG00000020905_ENSBTAT00000027850_UTR_pair	276	7	48
ENSBTAG00000030425_ENSBTAT00000019148_UTR_pair	71	7	517
ENSBTAG00000014400_ENSBTAT00000091037_UTR_pair	199	7	1001
ENSBTAG00000012263_ENSBTAT00000016266_UTR_pair	152	7	1379
ENSBTAG00000002594_ENSBTAT00000094448_UTR_pair	323	7	2462
ENSBTAG00000009502_ENSBTAT00000114080_UTR_pair	516	7	5943
ENSBTAG00000009500_ENSBTAT00000012501_UTR_pair	129	7	1001
ENSBTAG00000016448_ENSBTAT00000021869_UTR_pair	216	7	96
ENSBTAG00000001700_ENSBTAT00000072639_UTR_pair	72	7	370
ENSBTAG00000006940_ENSBTAT00000133357_UTR_pair	216	7	512
ENSBTAG00000002977_ENSBTAT00000078100_UTR_pair	199	7	2023
ENSBTAG00000018656_ENSBTAT00000024825_UTR_pair	522	7	1483
ENSBTAG00000006084_ENSBTAT00000029455_UTR_pair	28	7	1158
ENSBTAG00000068005_ENSBTAT00000110020_UTR_pair	197	7	391
ENSBTAG00000020850_ENSBTAT00000027782_UTR_pair	150	7	1221
ENSBTAG00000009156_ENSBTAT00000012064_UTR_pair	142	7	1245
ENSBTAG00000017108_ENSBTAT00000031588_UTR_pair	166	7	119
ENSBTAG00000007998_ENSBTAT00000066837_UTR_pair	187	7	807
ENSBTAG00000005140_ENSBTAT00000006779_UTR_pair	199	7	1001
ENSBTAG00000004554_ENSBTAT00000005983_UTR_pair	67	7	362
ENSBTAG00000013650_ENSBTAT00000118185_UTR_pair	99	7	799
ENSBTAG00000012289_ENSBTAT00000090523_UTR_pair	105	7	1619
ENSBTAG00000030335_ENSBTAT00000082894_UTR_pair	48	7	1346
ENSBTAG00000000684_ENSBTAT00000077840_UTR_pair	137	7	375
ENSBTAG00000008579_ENSBTAT00000011314_UTR_pair	141	7	2017
ENSBTAG00000003403_ENSBTAT00000137667_UTR_pair	127	7	2804
ENSBTAG00000008309_ENSBTAT00000010946_UTR_pair	183	7	377
ENSBTAG00000003832_ENSBTAT00000154125_UTR_pair	187	7	340
ENSBTAG00000013282_ENSBTAT00000017663_UTR_pair	39	7	1001
ENSBTAG00000008510_ENSBTAT00000011217_UTR_pair	206	7	3631
ENSBTAG00000005670_ENSBTAT00000007450_UTR_pair	29	7	441
ENSBTAG00000000815_ENSBTAT00000073445_UTR_pair	44	7	895
ENSBTAG00000045579_ENSBTAT00000063925_UTR_pair	238	7	244
ENSBTAG00000011895_ENSBTAT00000015780_UTR_pair	315	7	1090
ENSBTAG00000017746_ENSBTAT00000118142_UTR_pair	199	7	356
ENSBTAG00000015316_ENSBTAT00000103152_UTR_pair	97	7	2471
ENSBTAG00000017457_ENSBTAT00000082906_UTR_pair	37	7	932
ENSBTAG00000034659_ENSBTAT00000049094_UTR_pair	148	7	193
ENSBTAG00000009019_ENSBTAT00000077196_UTR_pair	190	7	1001
ENSBTAG00000013863_ENSBTAT00000018411_UTR_pair	238	7	679
ENSBTAG00000015955_ENSBTAT00000126083_UTR_pair	193	7	2153
ENSBTAG00000015100_ENSBTAT00000020094_UTR_pair	98	7	522
ENSBTAG00000002020_ENSBTAT00000065187_UTR_pair	284	7	5539
ENSBTAG00000001823_ENSBTAT00000002384_UTR_pair	199	7	1001
ENSBTAG00000034598_ENSBTAT00000029738_UTR_pair	103	7	774
ENSBTAG00000009995_ENSBTAT00000080489_UTR_pair	171	7	4170
ENSBTAG00000003066_ENSBTAT00000101815_UTR_pair	199	7	180
ENSBTAG00000015519_ENSBTAT00000054796_UTR_pair	283	7	327
ENSBTAG00000015512_ENSBTAT00000048411_UTR_pair	147	7	121
ENSBTAG00000026369_ENSBTAT00000037458_UTR_pair	1077	7	2653
ENSBTAG00000005633_ENSBTAT00000109059_UTR_pair	199	7	1048
ENSBTAG00000006843_ENSBTAT00000036838_UTR_pair	233	7	2257
ENSBTAG00000018452_ENSBTAT00000024557_UTR_pair	585	7	460
ENSBTAG00000010012_ENSBTAT00000036839_UTR_pair	199	7	255
ENSBTAG00000032705_ENSBTAT00000046448_UTR_pair	71	7	583
ENSBTAG00000017545_ENSBTAT00000072244_UTR_pair	130	7	2353
ENSBTAG00000007979_ENSBTAT00000010491_UTR_pair	85	7	273
ENSBTAG00000001961_ENSBTAT00000086667_UTR_pair	70	7	4224
ENSBTAG00000044160_ENSBTAT00000061526_UTR_pair	177	7	1001
ENSBTAG00000000363_ENSBTAT00000000474_UTR_pair	204	7	26
ENSBTAG00000027983_ENSBTAT00000004317_UTR_pair	38	7	1001
ENSBTAG00000000561_ENSBTAT00000000734_UTR_pair	234	7	484
ENSBTAG00000040001_ENSBTAT00000109275_UTR_pair	35	7	1001
ENSBTAG00000002073_ENSBTAT00000002682_UTR_pair	60	7	499
ENSBTAG00000057772_ENSBTAT00000113592_UTR_pair	17	7	7026
ENSBTAG00000017011_ENSBTAT00000134415_UTR_pair	335	7	150
ENSBTAG00000011046_ENSBTAT00000014667_UTR_pair	92	7	227
ENSBTAG00000014239_ENSBTAT00000025670_UTR_pair	117	7	117
ENSBTAG00000001013_ENSBTAT00000133439_UTR_pair	289	7	477
ENSBTAG00000010989_ENSBTAT00000078857_UTR_pair	199	7	1001
ENSBTAG00000025964_ENSBTAT00000143627_UTR_pair	199	7	1001
ENSBTAG00000007321_ENSBTAT00000009630_UTR_pair	19	7	2030
ENSBTAG00000000415_ENSBTAT00000000533_UTR_pair	199	7	2043
ENSBTAG00000016903_ENSBTAT00000022482_UTR_pair	132	7	1783
ENSBTAG00000016902_ENSBTAT00000022481_UTR_pair	243	7	1780
ENSBTAG00000016900_ENSBTAT00000022480_UTR_pair	266	7	145
ENSBTAG00000009519_ENSBTAT00000012526_UTR_pair	47	7	3654
ENSBTAG00000000037_ENSBTAT00000132063_UTR_pair	169	7	2
ENSBTAG00000066574_ENSBTAT00000150436_UTR_pair	199	7	5943
ENSBTAG00000018616_ENSBTAT00000024773_UTR_pair	378	7	1221
ENSBTAG00000011812_ENSBTAT00000095135_UTR_pair	199	7	492
ENSBTAG00000015022_ENSBTAT00000065595_UTR_pair	199	7	93
ENSBTAG00000021606_ENSBTAT00000108713_UTR_pair	50	7	54
ENSBTAG00000007704_ENSBTAT00000069161_UTR_pair	180	7	2628
ENSBTAG00000017026_ENSBTAT00000091662_UTR_pair	63	7	829
ENSBTAG00000016771_ENSBTAT00000022307_UTR_pair	150	7	594
ENSBTAG00000012124_ENSBTAT00000070304_UTR_pair	604	7	807
ENSBTAG00000014248_ENSBTAT00000018934_UTR_pair	199	7	3533
ENSBTAG00000013790_ENSBTAT00000018325_UTR_pair	199	7	2418
ENSBTAG00000017745_ENSBTAT00000023595_UTR_pair	232	7	4051
ENSBTAG00000033313_ENSBTAT00000086515_UTR_pair	199	7	2763
ENSBTAG00000010526_ENSBTAT00000124871_UTR_pair	355	7	1674
ENSBTAG00000010518_ENSBTAT00000047363_UTR_pair	181	7	234
ENSBTAG00000010510_ENSBTAT00000013897_UTR_pair	380	7	217
ENSBTAG00000047594_ENSBTAT00000091454_UTR_pair	199	7	1001
ENSBTAG00000021960_ENSBTAT00000029279_UTR_pair	24	7	431
ENSBTAG00000027924_ENSBTAT00000040276_UTR_pair	134	7	2404
ENSBTAG00000019834_ENSBTAT00000101589_UTR_pair	77	7	1001
ENSBTAG00000003728_ENSBTAT00000047463_UTR_pair	19	7	114
ENSBTAG00000005380_ENSBTAT00000152924_UTR_pair	226	7	1334
ENSBTAG00000016525_ENSBTAT00000034583_UTR_pair	199	7	41
ENSBTAG00000004066_ENSBTAT00000121500_UTR_pair	157	7	265
ENSBTAG00000044010_ENSBTAT00000101825_UTR_pair	199	7	1914
ENSBTAG00000020376_ENSBTAT00000027160_UTR_pair	204	7	1224
ENSBTAG00000015504_ENSBTAT00000080321_UTR_pair	206	7	1094
ENSBTAG00000016981_ENSBTAT00000128339_UTR_pair	199	7	274
ENSBTAG00000004929_ENSBTAT00000087970_UTR_pair	20	7	1001
ENSBTAG00000072531_ENSBTAT00000154901_UTR_pair	195	7	3431
ENSBTAG00000014972_ENSBTAT00000019930_UTR_pair	5	7	1338
ENSBTAG00000016152_ENSBTAT00000021501_UTR_pair	512	7	389
ENSBTAG00000006697_ENSBTAT00000129872_UTR_pair	400	7	4392
ENSBTAG00000033107_ENSBTAT00000061133_UTR_pair	99	7	2266
ENSBTAG00000010423_ENSBTAT00000013754_UTR_pair	13	7	6732
ENSBTAG00000002458_ENSBTAT00000086130_UTR_pair	157	7	1300
ENSBTAG00000000579_ENSBTAT00000020129_UTR_pair	501	7	935
ENSBTAG00000018245_ENSBTAT00000024287_UTR_pair	141	7	2105
ENSBTAG00000011334_ENSBTAT00000077253_UTR_pair	199	7	1939
ENSBTAG00000013562_ENSBTAT00000094776_UTR_pair	148	7	798
ENSBTAG00000020142_ENSBTAT00000026829_UTR_pair	397	7	1
ENSBTAG00000015648_ENSBTAT00000020793_UTR_pair	199	7	322
ENSBTAG00000007071_ENSBTAT00000009296_UTR_pair	42	7	1001
ENSBTAG00000021965_ENSBTAT00000071029_UTR_pair	177	7	2934
ENSBTAG00000008414_ENSBTAT00000108304_UTR_pair	94	7	1441
ENSBTAG00000012278_ENSBTAT00000060955_UTR_pair	23	7	2300
ENSBTAG00000032848_ENSBTAT00000036701_UTR_pair	321	7	1500
ENSBTAG00000017551_ENSBTAT00000075813_UTR_pair	243	7	279
ENSBTAG00000048565_ENSBTAT00000113106_UTR_pair	332	7	1095
ENSBTAG00000020126_ENSBTAT00000069817_UTR_pair	527	7	1386
ENSBTAG00000016441_ENSBTAT00000021860_UTR_pair	1085	7	88
ENSBTAG00000013391_ENSBTAT00000017818_UTR_pair	359	7	1910
ENSBTAG00000003186_ENSBTAT00000004138_UTR_pair	175	7	1670
ENSBTAG00000005514_ENSBTAT00000123770_UTR_pair	199	7	297
ENSBTAG00000006346_ENSBTAT00000008327_UTR_pair	193	7	1755
ENSBTAG00000011337_ENSBTAT00000015064_UTR_pair	199	7	1001
ENSBTAG00000003536_ENSBTAT00000036654_UTR_pair	11	7	3576
ENSBTAG00000017889_ENSBTAT00000023778_UTR_pair	28	7	435
ENSBTAG00000005021_ENSBTAT00000074691_UTR_pair	644	7	2118
ENSBTAG00000009401_ENSBTAT00000012372_UTR_pair	11	7	53
ENSBTAG00000003381_ENSBTAT00000081260_UTR_pair	199	7	1965
ENSBTAG00000015478_ENSBTAT00000020570_UTR_pair	53	7	2034
ENSBTAG00000015466_ENSBTAT00000109236_UTR_pair	94	7	628
ENSBTAG00000018501_ENSBTAT00000109601_UTR_pair	199	7	164
ENSBTAG00000000944_ENSBTAT00000107270_UTR_pair	33	7	311
ENSBTAG00000001329_ENSBTAT00000116845_UTR_pair	199	7	405
ENSBTAG00000006775_ENSBTAT00000104387_UTR_pair	199	7	1260
ENSBTAG00000006972_ENSBTAT00000048744_UTR_pair	199	7	1001
ENSBTAG00000006971_ENSBTAT00000093956_UTR_pair	104	7	552
ENSBTAG00000011405_ENSBTAT00000015158_UTR_pair	177	7	1001
ENSBTAG00000046493_ENSBTAT00000094562_UTR_pair	199	7	34
ENSBTAG00000047780_ENSBTAT00000066105_UTR_pair	110	7	1904
ENSBTAG00000008251_ENSBTAT00000010856_UTR_pair	143	7	365
ENSBTAG00000002487_ENSBTAT00000049743_UTR_pair	160	7	1785
ENSBTAG00000013422_ENSBTAT00000017858_UTR_pair	107	7	1465
ENSBTAG00000000640_ENSBTAT00000000842_UTR_pair	52	7	958
ENSBTAG00000007357_ENSBTAT00000009678_UTR_pair	199	7	1395
ENSBTAG00000010514_ENSBTAT00000013884_UTR_pair	652	7	164
ENSBTAG00000010192_ENSBTAT00000077184_UTR_pair	49	7	3966
ENSBTAG00000010649_ENSBTAT00000014074_UTR_pair	338	7	3735
ENSBTAG00000000539_ENSBTAT00000000700_UTR_pair	85	7	219
ENSBTAG00000011185_ENSBTAT00000101260_UTR_pair	278	7	224
ENSBTAG00000021527_ENSBTAT00000073249_UTR_pair	199	7	1255
ENSBTAG00000018252_ENSBTAT00000024295_UTR_pair	122	7	2694
ENSBTAG00000018007_ENSBTAT00000023969_UTR_pair	285	7	1217
ENSBTAG00000018603_ENSBTAT00000024758_UTR_pair	340	7	1620
ENSBTAG00000054998_ENSBTAT00000072743_UTR_pair	71	7	583
ENSBTAG00000001652_ENSBTAT00000101389_UTR_pair	9	7	577
ENSBTAG00000016091_ENSBTAT00000104411_UTR_pair	1344	7	3323
ENSBTAG00000017632_ENSBTAT00000023454_UTR_pair	12	7	2365
ENSBTAG00000014762_ENSBTAT00000086497_UTR_pair	24	7	123
ENSBTAG00000019954_ENSBTAT00000099069_UTR_pair	206	7	6175
ENSBTAG00000009098_ENSBTAT00000011993_UTR_pair	550	7	450
ENSBTAG00000002440_ENSBTAT00000075908_UTR_pair	543	7	1001
ENSBTAG00000006140_ENSBTAT00000008078_UTR_pair	118	7	1805
ENSBTAG00000016881_ENSBTAT00000022456_UTR_pair	43	7	453
ENSBTAG00000001407_ENSBTAT00000001846_UTR_pair	40	7	1540
ENSBTAG00000019174_ENSBTAT00000119177_UTR_pair	143	7	2656
ENSBTAG00000014093_ENSBTAT00000018741_UTR_pair	81	7	314
ENSBTAG00000021273_ENSBTAT00000028346_UTR_pair	250	7	920
ENSBTAG00000005174_ENSBTAT00000129147_UTR_pair	949	7	4499
ENSBTAG00000018643_ENSBTAT00000130470_UTR_pair	106	7	1001
ENSBTAG00000018642_ENSBTAT00000097718_UTR_pair	199	7	1497
ENSBTAG00000018639_ENSBTAT00000132721_UTR_pair	199	7	356
ENSBTAG00000018905_ENSBTAT00000025161_UTR_pair	199	7	1085
ENSBTAG00000002941_ENSBTAT00000003828_UTR_pair	53	7	217
ENSBTAG00000002939_ENSBTAT00000072776_UTR_pair	87	7	1546
ENSBTAG00000020301_ENSBTAT00000087843_UTR_pair	199	7	186
ENSBTAG00000010915_ENSBTAT00000014501_UTR_pair	199	7	1001
ENSBTAG00000013060_ENSBTAT00000076125_UTR_pair	149	7	1001
ENSBTAG00000011239_ENSBTAT00000125776_UTR_pair	199	7	468
ENSBTAG00000001616_ENSBTAT00000002120_UTR_pair	19	7	3454
ENSBTAG00000015909_ENSBTAT00000085287_UTR_pair	708	7	672
ENSBTAG00000017711_ENSBTAT00000119150_UTR_pair	98	7	860
ENSBTAG00000017715_ENSBTAT00000083397_UTR_pair	67	7	702
ENSBTAG00000052904_ENSBTAT00000068917_UTR_pair	199	7	1001
ENSBTAG00000003410_ENSBTAT00000125021_UTR_pair	294	7	722
ENSBTAG00000021341_ENSBTAT00000090911_UTR_pair	73	7	1704
ENSBTAG00000010988_ENSBTAT00000083950_UTR_pair	200	7	655
ENSBTAG00000010992_ENSBTAT00000014593_UTR_pair	32	7	348
ENSBTAG00000000807_ENSBTAT00000001068_UTR_pair	134	7	602
ENSBTAG00000012321_ENSBTAT00000016349_UTR_pair	2	7	760
ENSBTAG00000012351_ENSBTAT00000016391_UTR_pair	134	7	3977
ENSBTAG00000032951_ENSBTAT00000046785_UTR_pair	94	7	1240
ENSBTAG00000055397_ENSBTAT00000103437_UTR_pair	1447	7	853
ENSBTAG00000010964_ENSBTAT00000014559_UTR_pair	28	7	436
ENSBTAG00000014422_ENSBTAT00000080507_UTR_pair	199	7	637
ENSBTAG00000051090_ENSBTAT00000079732_UTR_pair	43	7	238
ENSBTAG00000071935_ENSBTAT00000144544_UTR_pair	199	7	382
ENSBTAG00000007649_ENSBTAT00000099217_UTR_pair	1	7	498
ENSBTAG00000006675_ENSBTAT00000008785_UTR_pair	199	7	1225
ENSBTAG00000013593_ENSBTAT00000090454_UTR_pair	199	7	332
ENSBTAG00000010981_ENSBTAT00000117076_UTR_pair	199	7	522
ENSBTAG00000015942_ENSBTAT00000021199_UTR_pair	199	7	1754
ENSBTAG00000002504_ENSBTAT00000077304_UTR_pair	134	7	2984
ENSBTAG00000001786_ENSBTAT00000002339_UTR_pair	254	7	1524
ENSBTAG00000013657_ENSBTAT00000018151_UTR_pair	175	7	42
ENSBTAG00000004024_ENSBTAT00000078107_UTR_pair	165	7	1606
ENSBTAG00000002833_ENSBTAT00000003665_UTR_pair	98	7	431
ENSBTAG00000007382_ENSBTAT00000125661_UTR_pair	199	7	1001
ENSBTAG00000015780_ENSBTAT00000020950_UTR_pair	222	7	670
ENSBTAG00000002415_ENSBTAT00000003131_UTR_pair	121	7	814
ENSBTAG00000020441_ENSBTAT00000027243_UTR_pair	120	7	2401
ENSBTAG00000012219_ENSBTAT00000016206_UTR_pair	127	7	905
ENSBTAG00000012206_ENSBTAT00000109296_UTR_pair	199	7	1001
ENSBTAG00000069591_ENSBTAT00000096251_UTR_pair	102	7	592
ENSBTAG00000021293_ENSBTAT00000028371_UTR_pair	93	7	1992
ENSBTAG00000016984_ENSBTAT00000022588_UTR_pair	104	7	1677
ENSBTAG00000009985_ENSBTAT00000013167_UTR_pair	178	7	837
ENSBTAG00000007368_ENSBTAT00000009690_UTR_pair	41	7	298
ENSBTAG00000061424_ENSBTAT00000135093_UTR_pair	289	7	226
ENSBTAG00000055782_ENSBTAT00000131457_UTR_pair	443	7	2671
ENSBTAG00000017267_ENSBTAT00000132160_UTR_pair	199	7	963
ENSBTAG00000005845_ENSBTAT00000007684_UTR_pair	26	7	457
ENSBTAG00000005844_ENSBTAT00000069956_UTR_pair	123	7	1001
ENSBTAG00000005838_ENSBTAT00000007678_UTR_pair	41	7	1114
ENSBTAG00000021424_ENSBTAT00000028559_UTR_pair	290	7	424
ENSBTAG00000007308_ENSBTAT00000009613_UTR_pair	291	7	2056
ENSBTAG00000007304_ENSBTAT00000125582_UTR_pair	268	7	315
ENSBTAG00000011828_ENSBTAT00000015698_UTR_pair	169	7	1001
ENSBTAG00000000010_ENSBTAT00000000010_UTR_pair	199	7	106
ENSBTAG00000011446_ENSBTAT00000115933_UTR_pair	8	7	1333
ENSBTAG00000015779_ENSBTAT00000070043_UTR_pair	89	7	1001
ENSBTAG00000015772_ENSBTAT00000131978_UTR_pair	13	7	15
ENSBTAG00000009086_ENSBTAT00000011978_UTR_pair	314	7	333
ENSBTAG00000012789_ENSBTAT00000081006_UTR_pair	199	7	964
ENSBTAG00000001617_ENSBTAT00000081132_UTR_pair	34	7	5482
ENSBTAG00000021844_ENSBTAT00000075985_UTR_pair	113	7	330
ENSBTAG00000021845_ENSBTAT00000029119_UTR_pair	197	7	1480
ENSBTAG00000017201_ENSBTAT00000070758_UTR_pair	223	7	455
ENSBTAG00000032477_ENSBTAT00000061351_UTR_pair	199	7	1001
ENSBTAG00000022847_ENSBTAT00000031031_UTR_pair	319	7	1001
ENSBTAG00000044121_ENSBTAT00000061529_UTR_pair	39	7	1723
ENSBTAG00000027024_ENSBTAT00000038690_UTR_pair	254	7	2603
ENSBTAG00000008172_ENSBTAT00000010744_UTR_pair	270	7	1040
ENSBTAG00000013981_ENSBTAT00000018578_UTR_pair	28	7	1039
ENSBTAG00000012873_ENSBTAT00000122911_UTR_pair	97	7	637
ENSBTAG00000015053_ENSBTAT00000020036_UTR_pair	24	7	848
ENSBTAG00000020164_ENSBTAT00000026857_UTR_pair	76	7	487
ENSBTAG00000009681_ENSBTAT00000095701_UTR_pair	546	7	114
ENSBTAG00000009683_ENSBTAT00000120201_UTR_pair	90	7	1001
ENSBTAG00000016683_ENSBTAT00000022183_UTR_pair	112	7	516
ENSBTAG00000001282_ENSBTAT00000061237_UTR_pair	199	7	1362
ENSBTAG00000018400_ENSBTAT00000102824_UTR_pair	167	7	1486
ENSBTAG00000009941_ENSBTAT00000013114_UTR_pair	13	7	448
ENSBTAG00000000655_ENSBTAT00000069719_UTR_pair	69	7	695
ENSBTAG00000003708_ENSBTAT00000004831_UTR_pair	171	7	2137
ENSBTAG00000020930_ENSBTAT00000094221_UTR_pair	65	7	368
ENSBTAG00000015023_ENSBTAT00000019999_UTR_pair	145	7	1124
ENSBTAG00000026995_ENSBTAT00000038642_UTR_pair	587	7	1070
ENSBTAG00000006836_ENSBTAT00000008982_UTR_pair	155	7	94
ENSBTAG00000020042_ENSBTAT00000026699_UTR_pair	128	7	193
ENSBTAG00000002603_ENSBTAT00000003373_UTR_pair	174	7	769
ENSBTAG00000002610_ENSBTAT00000003377_UTR_pair	7	7	278
ENSBTAG00000002612_ENSBTAT00000082960_UTR_pair	97	7	2
ENSBTAG00000014479_ENSBTAT00000019254_UTR_pair	190	7	3828
ENSBTAG00000021304_ENSBTAT00000028388_UTR_pair	92	7	169
ENSBTAG00000014001_ENSBTAT00000085735_UTR_pair	199	7	1411
ENSBTAG00000014005_ENSBTAT00000018635_UTR_pair	122	7	1033
ENSBTAG00000017196_ENSBTAT00000022854_UTR_pair	104	7	1553
ENSBTAG00000017212_ENSBTAT00000022876_UTR_pair	47	7	1249
ENSBTAG00000017215_ENSBTAT00000064513_UTR_pair	199	7	1275
ENSBTAG00000017216_ENSBTAT00000073093_UTR_pair	199	7	1001
ENSBTAG00000005040_ENSBTAT00000006650_UTR_pair	612	7	610
ENSBTAG00000018123_ENSBTAT00000079989_UTR_pair	199	7	802
ENSBTAG00000026953_ENSBTAT00000084706_UTR_pair	199	7	1001
ENSBTAG00000010416_ENSBTAT00000097624_UTR_pair	85	7	569
ENSBTAG00000046979_ENSBTAT00000065983_UTR_pair	110	7	541
ENSBTAG00000004598_ENSBTAT00000006036_UTR_pair	292	7	518
ENSBTAG00000009845_ENSBTAT00000072598_UTR_pair	199	7	451
ENSBTAG00000031885_ENSBTAT00000045223_UTR_pair	199	7	1304
ENSBTAG00000004310_ENSBTAT00000005648_UTR_pair	70	7	2161
ENSBTAG00000046185_ENSBTAT00000063586_UTR_pair	316	7	1001
ENSBTAG00000014981_ENSBTAT00000117088_UTR_pair	199	7	3709
ENSBTAG00000003423_ENSBTAT00000004441_UTR_pair	70	7	258
ENSBTAG00000003155_ENSBTAT00000080345_UTR_pair	330	7	18
ENSBTAG00000012852_ENSBTAT00000017080_UTR_pair	14	7	17
ENSBTAG00000019836_ENSBTAT00000109709_UTR_pair	61	7	1727
ENSBTAG00000004054_ENSBTAT00000063150_UTR_pair	216	7	2044
ENSBTAG00000014230_ENSBTAT00000078182_UTR_pair	113	7	4289
ENSBTAG00000018310_ENSBTAT00000024364_UTR_pair	209	7	1001
ENSBTAG00000018636_ENSBTAT00000063128_UTR_pair	205	7	701
ENSBTAG00000013491_ENSBTAT00000135205_UTR_pair	67	7	1544
ENSBTAG00000009293_ENSBTAT00000067765_UTR_pair	199	7	291
ENSBTAG00000020819_ENSBTAT00000110759_UTR_pair	93	7	694
ENSBTAG00000013666_ENSBTAT00000018163_UTR_pair	280	7	1298
ENSBTAG00000004679_ENSBTAT00000006139_UTR_pair	122	7	1105
ENSBTAG00000007233_ENSBTAT00000009513_UTR_pair	117	7	248
ENSBTAG00000007007_ENSBTAT00000081667_UTR_pair	39	7	748
ENSBTAG00000007008_ENSBTAT00000090976_UTR_pair	275	7	766
ENSBTAG00000010995_ENSBTAT00000075752_UTR_pair	479	7	238
ENSBTAG00000012143_ENSBTAT00000092001_UTR_pair	128	7	3116
ENSBTAG00000062672_ENSBTAT00000135379_UTR_pair	544	7	6974
ENSBTAG00000002336_ENSBTAT00000122264_UTR_pair	199	7	3995
ENSBTAG00000069778_ENSBTAT00000086260_UTR_pair	293	7	342
ENSBTAG00000016456_ENSBTAT00000021879_UTR_pair	199	7	1001
ENSBTAG00000035995_ENSBTAT00000101481_UTR_pair	15	7	663
ENSBTAG00000016282_ENSBTAT00000030275_UTR_pair	428	7	2786
ENSBTAG00000013410_ENSBTAT00000017848_UTR_pair	199	7	134
ENSBTAG00000035998_ENSBTAT00000050490_UTR_pair	80	7	209
ENSBTAG00000031327_ENSBTAT00000105349_UTR_pair	183	7	1001
ENSBTAG00000058752_ENSBTAT00000107856_UTR_pair	970	7	2826
ENSBTAG00000003556_ENSBTAT00000086234_UTR_pair	199	7	522
ENSBTAG00000003559_ENSBTAT00000083195_UTR_pair	297	7	1001
ENSBTAG00000017622_ENSBTAT00000121060_UTR_pair	62	7	657
ENSBTAG00000017636_ENSBTAT00000130835_UTR_pair	286	7	171
ENSBTAG00000004802_ENSBTAT00000006305_UTR_pair	269	7	1548
ENSBTAG00000060925_ENSBTAT00000110932_UTR_pair	1437	7	6290
ENSBTAG00000007319_ENSBTAT00000009629_UTR_pair	131	7	778
ENSBTAG00000048010_ENSBTAT00000063951_UTR_pair	8	7	39
ENSBTAG00000012751_ENSBTAT00000016949_UTR_pair	173	7	393
ENSBTAG00000046346_ENSBTAT00000081554_UTR_pair	55	7	2922
ENSBTAG00000047606_ENSBTAT00000101377_UTR_pair	35	7	3312
ENSBTAG00000051673_ENSBTAT00000066608_UTR_pair	89	7	589
ENSBTAG00000045594_ENSBTAT00000107113_UTR_pair	47	7	410
ENSBTAG00000007398_ENSBTAT00000090037_UTR_pair	9	7	9
ENSBTAG00000009453_ENSBTAT00000133437_UTR_pair	59	7	1001
ENSBTAG00000003997_ENSBTAT00000133995_UTR_pair	57	7	385
ENSBTAG00000012073_ENSBTAT00000121324_UTR_pair	68	7	2282
ENSBTAG00000018026_ENSBTAT00000023996_UTR_pair	199	7	200
ENSBTAG00000011628_ENSBTAT00000067365_UTR_pair	193	7	475
ENSBTAG00000018227_ENSBTAT00000067486_UTR_pair	218	7	879
ENSBTAG00000004117_ENSBTAT00000005379_UTR_pair	397	7	238
ENSBTAG00000019832_ENSBTAT00000026423_UTR_pair	199	7	2345
ENSBTAG00000007438_ENSBTAT00000009782_UTR_pair	408	7	1575
ENSBTAG00000009194_ENSBTAT00000012114_UTR_pair	199	7	1001
ENSBTAG00000009826_ENSBTAT00000085789_UTR_pair	91	7	2830
ENSBTAG00000001710_ENSBTAT00000074120_UTR_pair	95	7	496
ENSBTAG00000001712_ENSBTAT00000002243_UTR_pair	32	7	4147
ENSBTAG00000019526_ENSBTAT00000131100_UTR_pair	52	7	3
ENSBTAG00000014700_ENSBTAT00000112464_UTR_pair	111	7	2
ENSBTAG00000004834_ENSBTAT00000080945_UTR_pair	77	7	315
ENSBTAG00000078459_ENSBTAT00000147230_UTR_pair	109	7	5950
ENSBTAG00000021442_ENSBTAT00000028588_UTR_pair	259	7	960
ENSBTAG00000003952_ENSBTAT00000005160_UTR_pair	53	7	2027
ENSBTAG00000011333_ENSBTAT00000095192_UTR_pair	276	7	2403
ENSBTAG00000017426_ENSBTAT00000023165_UTR_pair	153	7	3337
ENSBTAG00000016760_ENSBTAT00000056583_UTR_pair	353	7	1143
ENSBTAG00000016758_ENSBTAT00000022288_UTR_pair	84	7	152
ENSBTAG00000016563_ENSBTAT00000079988_UTR_pair	246	7	1001
ENSBTAG00000053223_ENSBTAT00000125502_UTR_pair	2	7	240
ENSBTAG00000037726_ENSBTAT00000122196_UTR_pair	457	7	229
ENSBTAG00000018283_ENSBTAT00000024335_UTR_pair	93	7	225
ENSBTAG00000014927_ENSBTAT00000019872_UTR_pair	357	7	2627
ENSBTAG00000018105_ENSBTAT00000024095_UTR_pair	825	7	36
ENSBTAG00000019305_ENSBTAT00000025704_UTR_pair	31	7	19
ENSBTAG00000047135_ENSBTAT00000084758_UTR_pair	199	7	219
ENSBTAG00000003845_ENSBTAT00000107002_UTR_pair	57	7	151
ENSBTAG00000022721_ENSBTAT00000128944_UTR_pair	199	7	1217
ENSBTAG00000019106_ENSBTAT00000025437_UTR_pair	255	7	495
ENSBTAG00000047441_ENSBTAT00000087635_UTR_pair	252	7	487
ENSBTAG00000016420_ENSBTAT00000021838_UTR_pair	305	7	613
ENSBTAG00000016076_ENSBTAT00000075890_UTR_pair	199	7	2051
ENSBTAG00000006570_ENSBTAT00000008631_UTR_pair	197	7	340
ENSBTAG00000075277_ENSBTAT00000138721_UTR_pair	126	7	513
ENSBTAG00000002795_ENSBTAT00000089534_UTR_pair	153	7	2732
ENSBTAG00000017365_ENSBTAT00000078261_UTR_pair	325	7	1583
ENSBTAG00000000459_ENSBTAT00000111922_UTR_pair	493	7	320
ENSBTAG00000003325_ENSBTAT00000068111_UTR_pair	23	7	1001
ENSBTAG00000008416_ENSBTAT00000133729_UTR_pair	200	7	1182
ENSBTAG00000034005_ENSBTAT00000083684_UTR_pair	228	7	4823
ENSBTAG00000016726_ENSBTAT00000116322_UTR_pair	70	7	552
ENSBTAG00000006193_ENSBTAT00000151593_UTR_pair	41	7	892
ENSBTAG00000078893_ENSBTAT00000153382_UTR_pair	199	7	247
ENSBTAG00000003882_ENSBTAT00000005064_UTR_pair	145	7	2620
ENSBTAG00000010832_ENSBTAT00000030816_UTR_pair	42	7	486
ENSBTAG00000007964_ENSBTAT00000090105_UTR_pair	199	7	1001
ENSBTAG00000007961_ENSBTAT00000047754_UTR_pair	224	7	259
ENSBTAG00000007780_ENSBTAT00000097876_UTR_pair	64	7	196
ENSBTAG00000007777_ENSBTAT00000100770_UTR_pair	279	7	4
ENSBTAG00000007776_ENSBTAT00000077945_UTR_pair	199	7	667
ENSBTAG00000009765_ENSBTAT00000130177_UTR_pair	100	7	1001
ENSBTAG00000019193_ENSBTAT00000066273_UTR_pair	101	7	1990
ENSBTAG00000003112_ENSBTAT00000083515_UTR_pair	77	7	1001
ENSBTAG00000012142_ENSBTAT00000047319_UTR_pair	80	7	746
ENSBTAG00000012904_ENSBTAT00000017152_UTR_pair	114	7	1589
ENSBTAG00000012902_ENSBTAT00000017150_UTR_pair	2	7	179
ENSBTAG00000009863_ENSBTAT00000013008_UTR_pair	226	7	1455
ENSBTAG00000039855_ENSBTAT00000055237_UTR_pair	20	7	996
ENSBTAG00000001176_ENSBTAT00000121612_UTR_pair	886	7	3042
ENSBTAG00000019534_ENSBTAT00000076573_UTR_pair	199	7	419
ENSBTAG00000002147_ENSBTAT00000002784_UTR_pair	199	7	1001
ENSBTAG00000005436_ENSBTAT00000079665_UTR_pair	199	7	788
ENSBTAG00000006679_ENSBTAT00000109509_UTR_pair	190	7	1001
ENSBTAG00000007624_ENSBTAT00000080373_UTR_pair	143	7	1615
ENSBTAG00000021506_ENSBTAT00000028661_UTR_pair	9	7	762
ENSBTAG00000015554_ENSBTAT00000046850_UTR_pair	263	7	2677
ENSBTAG00000022681_ENSBTAT00000030754_UTR_pair	205	7	2088
ENSBTAG00000009541_ENSBTAT00000112588_UTR_pair	199	7	973
ENSBTAG00000011081_ENSBTAT00000111682_UTR_pair	121	7	1001
ENSBTAG00000010360_ENSBTAT00000089979_UTR_pair	201	7	1426
ENSBTAG00000037972_ENSBTAT00000068164_UTR_pair	309	7	17
ENSBTAG00000011287_ENSBTAT00000087570_UTR_pair	264	7	1001
ENSBTAG00000021911_ENSBTAT00000063448_UTR_pair	199	7	360
ENSBTAG00000014418_ENSBTAT00000108699_UTR_pair	199	7	248
ENSBTAG00000022656_ENSBTAT00000094967_UTR_pair	199	7	731
ENSBTAG00000021724_ENSBTAT00000028958_UTR_pair	106	7	388
ENSBTAG00000019989_ENSBTAT00000108354_UTR_pair	39	7	1001
ENSBTAG00000016615_ENSBTAT00000022100_UTR_pair	174	7	908
ENSBTAG00000022004_ENSBTAT00000029348_UTR_pair	132	7	1539
ENSBTAG00000021164_ENSBTAT00000061439_UTR_pair	199	7	1907
ENSBTAG00000018433_ENSBTAT00000148615_UTR_pair	199	7	1174
ENSBTAG00000016069_ENSBTAT00000094359_UTR_pair	254	7	85
ENSBTAG00000015563_ENSBTAT00000020675_UTR_pair	69	7	286
ENSBTAG00000006824_ENSBTAT00000008971_UTR_pair	12	7	159
ENSBTAG00000059979_ENSBTAT00000134992_UTR_pair	58	7	5938
ENSBTAG00000014091_ENSBTAT00000068976_UTR_pair	53	7	1885
ENSBTAG00000019748_ENSBTAT00000132095_UTR_pair	199	7	1001
ENSBTAG00000019746_ENSBTAT00000126803_UTR_pair	487	7	186
ENSBTAG00000020221_ENSBTAT00000026930_UTR_pair	563	7	1001
ENSBTAG00000032374_ENSBTAT00000045935_UTR_pair	110	7	472
ENSBTAG00000011180_ENSBTAT00000066652_UTR_pair	123	7	1001
ENSBTAG00000010027_ENSBTAT00000013227_UTR_pair	300	7	1380
ENSBTAG00000003758_ENSBTAT00000125145_UTR_pair	1267	7	103
ENSBTAG00000008719_ENSBTAT00000078659_UTR_pair	358	7	351
ENSBTAG00000011345_ENSBTAT00000143394_UTR_pair	372	7	1813
ENSBTAG00000004749_ENSBTAT00000006234_UTR_pair	182	7	886
ENSBTAG00000014550_ENSBTAT00000120455_UTR_pair	199	7	337
ENSBTAG00000014784_ENSBTAT00000019665_UTR_pair	199	7	1001
ENSBTAG00000014779_ENSBTAT00000019661_UTR_pair	209	7	828
ENSBTAG00000045817_ENSBTAT00000064109_UTR_pair	158	7	1193
ENSBTAG00000021695_ENSBTAT00000028914_UTR_pair	263	7	383
ENSBTAG00000002960_ENSBTAT00000003855_UTR_pair	14	7	2823
ENSBTAG00000002962_ENSBTAT00000080231_UTR_pair	199	7	852
ENSBTAG00000054131_ENSBTAT00000118781_UTR_pair	322	7	86
ENSBTAG00000004118_ENSBTAT00000005380_UTR_pair	39	7	143
ENSBTAG00000001471_ENSBTAT00000076786_UTR_pair	188	7	1001
ENSBTAG00000021912_ENSBTAT00000029212_UTR_pair	177	7	1415
ENSBTAG00000053854_ENSBTAT00000055077_UTR_pair	222	7	145
ENSBTAG00000037377_ENSBTAT00000024782_UTR_pair	1074	7	553
ENSBTAG00000000670_ENSBTAT00000073688_UTR_pair	2914	7	72
ENSBTAG00000034796_ENSBTAT00000049255_UTR_pair	403	7	299
ENSBTAG00000032253_ENSBTAT00000045730_UTR_pair	268	7	347
ENSBTAG00000006500_ENSBTAT00000094366_UTR_pair	786	7	9502
ENSBTAG00000060215_ENSBTAT00000117261_UTR_pair	199	7	241
ENSBTAG00000016532_ENSBTAT00000021983_UTR_pair	160	7	1285
ENSBTAG00000022622_ENSBTAT00000030652_UTR_pair	129	7	1056
ENSBTAG00000058435_ENSBTAT00000003411_UTR_pair	482	7	1001
ENSBTAG00000019163_ENSBTAT00000025505_UTR_pair	505	7	312
ENSBTAG00000020963_ENSBTAT00000073228_UTR_pair	53	7	813
ENSBTAG00000058889_ENSBTAT00000000612_UTR_pair	163	7	102
ENSBTAG00000052388_ENSBTAT00000127623_UTR_pair	199	7	427
ENSBTAG00000000480_ENSBTAT00000000607_UTR_pair	156	7	374
ENSBTAG00000010138_ENSBTAT00000013382_UTR_pair	78	7	427
ENSBTAG00000020645_ENSBTAT00000027511_UTR_pair	199	7	1020
ENSBTAG00000008509_ENSBTAT00000102667_UTR_pair	280	7	1331
ENSBTAG00000018307_ENSBTAT00000024362_UTR_pair	199	7	1001
ENSBTAG00000006328_ENSBTAT00000008300_UTR_pair	62	7	120
ENSBTAG00000020047_ENSBTAT00000026711_UTR_pair	294	7	154
ENSBTAG00000004877_ENSBTAT00000006411_UTR_pair	262	7	511
ENSBTAG00000012335_ENSBTAT00000016365_UTR_pair	160	7	93
ENSBTAG00000070606_ENSBTAT00000147800_UTR_pair	213	7	2903
ENSBTAG00000011588_ENSBTAT00000045376_UTR_pair	199	7	222
ENSBTAG00000011580_ENSBTAT00000078428_UTR_pair	199	7	1001
ENSBTAG00000000387_ENSBTAT00000103166_UTR_pair	146	7	1001
ENSBTAG00000022632_ENSBTAT00000030664_UTR_pair	199	7	1239
ENSBTAG00000004279_ENSBTAT00000005600_UTR_pair	502	7	1099
ENSBTAG00000011899_ENSBTAT00000015787_UTR_pair	13	7	1099
ENSBTAG00000000981_ENSBTAT00000001298_UTR_pair	190	7	662
ENSBTAG00000013932_ENSBTAT00000018512_UTR_pair	52	7	942
ENSBTAG00000022635_ENSBTAT00000057452_UTR_pair	86	7	110
ENSBTAG00000018921_ENSBTAT00000025198_UTR_pair	333	7	274
ENSBTAG00000018928_ENSBTAT00000025191_UTR_pair	27	7	83
ENSBTAG00000018924_ENSBTAT00000025183_UTR_pair	439	7	759
ENSBTAG00000031837_ENSBTAT00000025179_UTR_pair	81	7	43
ENSBTAG00000018910_ENSBTAT00000025167_UTR_pair	199	7	535
ENSBTAG00000005488_ENSBTAT00000007216_UTR_pair	301	7	1296
ENSBTAG00000000191_ENSBTAT00000142391_UTR_pair	57	7	80
ENSBTAG00000014205_ENSBTAT00000018886_UTR_pair	31	7	3292
ENSBTAG00000021853_ENSBTAT00000092528_UTR_pair	333	7	269
ENSBTAG00000021850_ENSBTAT00000126183_UTR_pair	135	7	1001
ENSBTAG00000019096_ENSBTAT00000025422_UTR_pair	42	7	120
ENSBTAG00000006752_ENSBTAT00000123799_UTR_pair	196	7	1871
ENSBTAG00000009183_ENSBTAT00000131626_UTR_pair	18	7	1000
ENSBTAG00000053755_ENSBTAT00000080248_UTR_pair	15	7	147
ENSBTAG00000013407_ENSBTAT00000017840_UTR_pair	320	7	652
ENSBTAG00000003025_ENSBTAT00000120386_UTR_pair	518	7	351
ENSBTAG00000009586_ENSBTAT00000099007_UTR_pair	73	7	1798
ENSBTAG00000015839_ENSBTAT00000143717_UTR_pair	109	7	1
ENSBTAG00000015833_ENSBTAT00000145390_UTR_pair	286	7	67
ENSBTAG00000031567_ENSBTAT00000044741_UTR_pair	199	7	46
ENSBTAG00000011478_ENSBTAT00000015255_UTR_pair	403	7	1001
ENSBTAG00000002774_ENSBTAT00000003600_UTR_pair	69	7	183
ENSBTAG00000006573_ENSBTAT00000008633_UTR_pair	20	7	2884
ENSBTAG00000019841_ENSBTAT00000074270_UTR_pair	46	7	254
ENSBTAG00000002948_ENSBTAT00000003838_UTR_pair	127	7	655
ENSBTAG00000015698_ENSBTAT00000120459_UTR_pair	264	7	3706
ENSBTAG00000001484_ENSBTAT00000001942_UTR_pair	148	7	975
ENSBTAG00000003501_ENSBTAT00000004549_UTR_pair	105	7	1708
ENSBTAG00000026097_ENSBTAT00000037007_UTR_pair	199	7	1001
ENSBTAG00000007315_ENSBTAT00000054819_UTR_pair	124	7	1330
ENSBTAG00000031287_ENSBTAT00000044329_UTR_pair	336	7	1151
ENSBTAG00000018329_ENSBTAT00000106320_UTR_pair	199	7	219
ENSBTAG00000035827_ENSBTAT00000104794_UTR_pair	565	7	978
ENSBTAG00000018600_ENSBTAT00000043987_UTR_pair	144	7	576
ENSBTAG00000006614_ENSBTAT00000083132_UTR_pair	535	7	949
ENSBTAG00000001814_ENSBTAT00000002375_UTR_pair	199	7	959
ENSBTAG00000019121_ENSBTAT00000098662_UTR_pair	72	7	369
ENSBTAG00000021645_ENSBTAT00000028844_UTR_pair	199	7	2143
ENSBTAG00000015273_ENSBTAT00000044086_UTR_pair	53	7	1001
ENSBTAG00000045748_ENSBTAT00000005930_UTR_pair	362	7	824
ENSBTAG00000004512_ENSBTAT00000122208_UTR_pair	65	7	185
ENSBTAG00000037980_ENSBTAT00000101228_UTR_pair	162	7	10
ENSBTAG00000013725_ENSBTAT00000084682_UTR_pair	301	7	2900
ENSBTAG00000013723_ENSBTAT00000018234_UTR_pair	139	7	539
ENSBTAG00000013716_ENSBTAT00000069938_UTR_pair	47	7	317
ENSBTAG00000038298_ENSBTAT00000130237_UTR_pair	8	7	1001
ENSBTAG00000011088_ENSBTAT00000066934_UTR_pair	199	7	1001
ENSBTAG00000007363_ENSBTAT00000097824_UTR_pair	12	7	416
ENSBTAG00000007360_ENSBTAT00000130766_UTR_pair	189	7	1655
ENSBTAG00000015529_ENSBTAT00000096360_UTR_pair	230	7	811
ENSBTAG00000007208_ENSBTAT00000150975_UTR_pair	106	7	1001
ENSBTAG00000003665_ENSBTAT00000043850_UTR_pair	68	7	1271
ENSBTAG00000003237_ENSBTAT00000123917_UTR_pair	199	7	3732
ENSBTAG00000003242_ENSBTAT00000085097_UTR_pair	72	7	276
ENSBTAG00000012159_ENSBTAT00000016130_UTR_pair	199	7	869
ENSBTAG00000013212_ENSBTAT00000017588_UTR_pair	202	7	351
ENSBTAG00000019707_ENSBTAT00000026265_UTR_pair	229	7	1349
ENSBTAG00000030962_ENSBTAT00000133718_UTR_pair	26	7	760
ENSBTAG00000020998_ENSBTAT00000087802_UTR_pair	44	7	531
ENSBTAG00000018248_ENSBTAT00000143220_UTR_pair	600	7	1999
ENSBTAG00000018238_ENSBTAT00000024279_UTR_pair	28	7	319
ENSBTAG00000014380_ENSBTAT00000133015_UTR_pair	153	7	582
ENSBTAG00000009874_ENSBTAT00000082091_UTR_pair	199	7	1001
ENSBTAG00000005617_ENSBTAT00000116805_UTR_pair	199	7	938
ENSBTAG00000008313_ENSBTAT00000130811_UTR_pair	245	7	1001
ENSBTAG00000005362_ENSBTAT00000109851_UTR_pair	321	7	3074
ENSBTAG00000073991_ENSBTAT00000152931_UTR_pair	231	7	1018
ENSBTAG00000018879_ENSBTAT00000025130_UTR_pair	1	7	401
ENSBTAG00000017533_ENSBTAT00000073406_UTR_pair	199	7	1294
ENSBTAG00000015571_ENSBTAT00000081594_UTR_pair	34	7	1385
ENSBTAG00000003039_ENSBTAT00000003955_UTR_pair	23	7	302
ENSBTAG00000008953_ENSBTAT00000048986_UTR_pair	301	7	418
ENSBTAG00000011074_ENSBTAT00000091796_UTR_pair	1723	7	310
ENSBTAG00000000602_ENSBTAT00000000860_UTR_pair	179	7	1021
ENSBTAG00000008191_ENSBTAT00000117334_UTR_pair	199	7	592
ENSBTAG00000018884_ENSBTAT00000086883_UTR_pair	199	7	313
ENSBTAG00000010723_ENSBTAT00000022382_UTR_pair	151	7	98
ENSBTAG00000016827_ENSBTAT00000022385_UTR_pair	252	7	459
ENSBTAG00000016829_ENSBTAT00000092628_UTR_pair	222	7	1001
ENSBTAG00000001631_ENSBTAT00000129677_UTR_pair	189	7	2703
ENSBTAG00000001634_ENSBTAT00000002140_UTR_pair	555	7	344
ENSBTAG00000020975_ENSBTAT00000027936_UTR_pair	113	7	785
ENSBTAG00000000428_ENSBTAT00000000549_UTR_pair	92	7	1239
ENSBTAG00000013245_ENSBTAT00000053490_UTR_pair	13	7	285
ENSBTAG00000034519_ENSBTAT00000089428_UTR_pair	1	7	384
ENSBTAG00000019684_ENSBTAT00000026239_UTR_pair	305	7	1568
ENSBTAG00000034493_ENSBTAT00000088190_UTR_pair	189	7	1001
ENSBTAG00000009267_ENSBTAT00000012210_UTR_pair	127	7	1686
ENSBTAG00000016890_ENSBTAT00000086941_UTR_pair	119	7	2325
ENSBTAG00000006170_ENSBTAT00000114752_UTR_pair	414	7	759
ENSBTAG00000025622_ENSBTAT00000036152_UTR_pair	40	7	329
ENSBTAG00000017542_ENSBTAT00000070171_UTR_pair	324	7	1669
ENSBTAG00000047502_ENSBTAT00000064387_UTR_pair	133	7	2204
ENSBTAG00000016838_ENSBTAT00000133045_UTR_pair	199	7	1001
ENSBTAG00000020783_ENSBTAT00000023988_UTR_pair	199	7	2770
ENSBTAG00000010007_ENSBTAT00000013198_UTR_pair	165	7	247
ENSBTAG00000013316_ENSBTAT00000017711_UTR_pair	199	7	2110
ENSBTAG00000020595_ENSBTAT00000027439_UTR_pair	435	7	3214
ENSBTAG00000011126_ENSBTAT00000133094_UTR_pair	199	7	1864
ENSBTAG00000073981_ENSBTAT00000153496_UTR_pair	123	7	3799
ENSBTAG00000008353_ENSBTAT00000090218_UTR_pair	197	7	54
ENSBTAG00000002376_ENSBTAT00000099061_UTR_pair	199	7	962
ENSBTAG00000033453_ENSBTAT00000054161_UTR_pair	59	7	761
ENSBTAG00000000396_ENSBTAT00000000511_UTR_pair	1	7	1406
ENSBTAG00000014253_ENSBTAT00000131763_UTR_pair	199	7	1875
ENSBTAG00000017091_ENSBTAT00000116313_UTR_pair	199	7	1220
ENSBTAG00000012069_ENSBTAT00000016009_UTR_pair	26	7	240
ENSBTAG00000000527_ENSBTAT00000135332_UTR_pair	199	7	2031
ENSBTAG00000000529_ENSBTAT00000078052_UTR_pair	99	7	1001
ENSBTAG00000012703_ENSBTAT00000016884_UTR_pair	44	7	1374
ENSBTAG00000001074_ENSBTAT00000001425_UTR_pair	111	7	212
ENSBTAG00000011112_ENSBTAT00000014756_UTR_pair	316	7	1683
ENSBTAG00000021381_ENSBTAT00000070242_UTR_pair	216	7	2811
ENSBTAG00000010449_ENSBTAT00000110032_UTR_pair	260	7	723
ENSBTAG00000009905_ENSBTAT00000117421_UTR_pair	400	7	2568
ENSBTAG00000014211_ENSBTAT00000018905_UTR_pair	199	7	1732
ENSBTAG00000012384_ENSBTAT00000036062_UTR_pair	142	7	619
ENSBTAG00000010100_ENSBTAT00000013323_UTR_pair	71	7	10
ENSBTAG00000010101_ENSBTAT00000013326_UTR_pair	11	7	2049
ENSBTAG00000010106_ENSBTAT00000036029_UTR_pair	88	7	1015
ENSBTAG00000015321_ENSBTAT00000020376_UTR_pair	199	7	1001
ENSBTAG00000005967_ENSBTAT00000100052_UTR_pair	344	7	2083
ENSBTAG00000015900_ENSBTAT00000074388_UTR_pair	57	7	506
ENSBTAG00000005532_ENSBTAT00000135374_UTR_pair	63	7	2
ENSBTAG00000005533_ENSBTAT00000007277_UTR_pair	106	7	1056
ENSBTAG00000005536_ENSBTAT00000073321_UTR_pair	1	7	239
ENSBTAG00000050696_ENSBTAT00000016944_UTR_pair	59	7	137
ENSBTAG00000053873_ENSBTAT00000047039_UTR_pair	1793	7	767
ENSBTAG00000012749_ENSBTAT00000061262_UTR_pair	199	7	1001
ENSBTAG00000012755_ENSBTAT00000016955_UTR_pair	155	7	410
ENSBTAG00000012761_ENSBTAT00000120597_UTR_pair	85	7	1693
ENSBTAG00000012777_ENSBTAT00000016981_UTR_pair	199	7	1099
ENSBTAG00000019908_ENSBTAT00000026522_UTR_pair	88	7	140
ENSBTAG00000010217_ENSBTAT00000013481_UTR_pair	199	7	1001
ENSBTAG00000005842_ENSBTAT00000007685_UTR_pair	117	7	504
ENSBTAG00000011189_ENSBTAT00000071156_UTR_pair	326	7	662
ENSBTAG00000018969_ENSBTAT00000025246_UTR_pair	192	7	230
ENSBTAG00000018967_ENSBTAT00000025243_UTR_pair	114	7	308
ENSBTAG00000018970_ENSBTAT00000085290_UTR_pair	35	7	1001
ENSBTAG00000006015_ENSBTAT00000007900_UTR_pair	305	7	1084
ENSBTAG00000006016_ENSBTAT00000007903_UTR_pair	4	7	1106
ENSBTAG00000050249_ENSBTAT00000067084_UTR_pair	22	7	1001
ENSBTAG00000015131_ENSBTAT00000035955_UTR_pair	82	7	506
ENSBTAG00000000778_ENSBTAT00000081693_UTR_pair	109	7	233
ENSBTAG00000008076_ENSBTAT00000010620_UTR_pair	90	7	893
ENSBTAG00000013705_ENSBTAT00000035966_UTR_pair	221	7	504
ENSBTAG00000020012_ENSBTAT00000101859_UTR_pair	117	7	3978
ENSBTAG00000003499_ENSBTAT00000004547_UTR_pair	283	7	3146
ENSBTAG00000015829_ENSBTAT00000057413_UTR_pair	57	7	289
ENSBTAG00000009302_ENSBTAT00000094302_UTR_pair	32	7	2422
ENSBTAG00000020054_ENSBTAT00000090463_UTR_pair	139	7	1181
ENSBTAG00000000322_ENSBTAT00000075454_UTR_pair	199	7	2939
ENSBTAG00000014272_ENSBTAT00000076678_UTR_pair	199	7	327
ENSBTAG00000020710_ENSBTAT00000027600_UTR_pair	137	7	787
ENSBTAG00000010721_ENSBTAT00000014194_UTR_pair	40	7	749
ENSBTAG00000025494_ENSBTAT00000118160_UTR_pair	744	7	4183
ENSBTAG00000009112_ENSBTAT00000012010_UTR_pair	206	7	181
ENSBTAG00000005206_ENSBTAT00000006857_UTR_pair	268	7	561
ENSBTAG00000015083_ENSBTAT00000020074_UTR_pair	335	7	498
ENSBTAG00000003359_ENSBTAT00000098402_UTR_pair	199	7	1731
ENSBTAG00000014421_ENSBTAT00000112831_UTR_pair	378	7	1610
ENSBTAG00000025413_ENSBTAT00000073381_UTR_pair	23	7	318
ENSBTAG00000004442_ENSBTAT00000096299_UTR_pair	199	7	689
ENSBTAG00000004436_ENSBTAT00000074549_UTR_pair	199	7	662
ENSBTAG00000075229_ENSBTAT00000072596_UTR_pair	308	7	385
ENSBTAG00000008794_ENSBTAT00000045345_UTR_pair	9	7	441
ENSBTAG00000005589_ENSBTAT00000099222_UTR_pair	48	7	393
ENSBTAG00000007453_ENSBTAT00000128926_UTR_pair	97	7	1001
ENSBTAG00000032031_ENSBTAT00000124097_UTR_pair	936	7	1627
ENSBTAG00000005674_ENSBTAT00000007454_UTR_pair	149	7	503
ENSBTAG00000013533_ENSBTAT00000117584_UTR_pair	199	7	230
ENSBTAG00000013530_ENSBTAT00000017991_UTR_pair	283	7	202
ENSBTAG00000023628_ENSBTAT00000123146_UTR_pair	199	7	428
ENSBTAG00000019685_ENSBTAT00000127600_UTR_pair	256	7	84
ENSBTAG00000019682_ENSBTAT00000026236_UTR_pair	66	7	190
ENSBTAG00000014435_ENSBTAT00000019199_UTR_pair	433	7	555
ENSBTAG00000010698_ENSBTAT00000014160_UTR_pair	199	7	230
ENSBTAG00000010682_ENSBTAT00000046062_UTR_pair	96	7	1001
ENSBTAG00000011358_ENSBTAT00000015092_UTR_pair	185	7	670
ENSBTAG00000009960_ENSBTAT00000013135_UTR_pair	442	7	548
ENSBTAG00000025526_ENSBTAT00000035900_UTR_pair	45	7	613
ENSBTAG00000006966_ENSBTAT00000035896_UTR_pair	196	7	553
ENSBTAG00000039695_ENSBTAT00000009151_UTR_pair	110	7	1001
ENSBTAG00000006960_ENSBTAT00000009148_UTR_pair	184	7	88
ENSBTAG00000006933_ENSBTAT00000009104_UTR_pair	706	7	1106
ENSBTAG00000006936_ENSBTAT00000009107_UTR_pair	199	7	264
ENSBTAG00000006927_ENSBTAT00000070886_UTR_pair	432	7	536
ENSBTAG00000006914_ENSBTAT00000117025_UTR_pair	230	7	1175
ENSBTAG00000025516_ENSBTAT00000085777_UTR_pair	17	7	4419
ENSBTAG00000000871_ENSBTAT00000001158_UTR_pair	385	7	1042
ENSBTAG00000008943_ENSBTAT00000011774_UTR_pair	184	7	1290
ENSBTAG00000031869_ENSBTAT00000082167_UTR_pair	199	7	974
ENSBTAG00000003575_ENSBTAT00000004651_UTR_pair	199	7	1001
ENSBTAG00000007074_ENSBTAT00000009298_UTR_pair	278	7	76
ENSBTAG00000031873_ENSBTAT00000009301_UTR_pair	134	7	130
ENSBTAG00000031874_ENSBTAT00000003993_UTR_pair	107	7	76
ENSBTAG00000016549_ENSBTAT00000122599_UTR_pair	199	7	1001
ENSBTAG00000020496_ENSBTAT00000027310_UTR_pair	2305	7	1254
ENSBTAG00000016337_ENSBTAT00000021731_UTR_pair	199	7	1185
ENSBTAG00000021902_ENSBTAT00000109415_UTR_pair	199	7	1266
ENSBTAG00000004979_ENSBTAT00000006554_UTR_pair	65	7	2250
ENSBTAG00000038430_ENSBTAT00000065672_UTR_pair	213	7	242
ENSBTAG00000051245_ENSBTAT00000104419_UTR_pair	1087	7	4305
ENSBTAG00000021045_ENSBTAT00000028030_UTR_pair	68	7	51
ENSBTAG00000016519_ENSBTAT00000021975_UTR_pair	150	7	1253
ENSBTAG00000052562_ENSBTAT00000082930_UTR_pair	199	7	14
ENSBTAG00000009055_ENSBTAT00000074828_UTR_pair	152	7	3389
ENSBTAG00000012865_ENSBTAT00000103712_UTR_pair	462	7	256
ENSBTAG00000014608_ENSBTAT00000076721_UTR_pair	199	7	1001
ENSBTAG00000019300_ENSBTAT00000025698_UTR_pair	319	7	579
ENSBTAG00000019217_ENSBTAT00000072502_UTR_pair	128	7	1539
ENSBTAG00000017128_ENSBTAT00000078372_UTR_pair	411	7	1282
ENSBTAG00000017118_ENSBTAT00000022755_UTR_pair	57	7	67
ENSBTAG00000016924_ENSBTAT00000076932_UTR_pair	31	7	359
ENSBTAG00000019675_ENSBTAT00000069187_UTR_pair	289	7	1001
ENSBTAG00000015743_ENSBTAT00000105984_UTR_pair	69	7	73
ENSBTAG00000004115_ENSBTAT00000005377_UTR_pair	199	7	1491
ENSBTAG00000012939_ENSBTAT00000097278_UTR_pair	199	7	169
ENSBTAG00000012938_ENSBTAT00000017189_UTR_pair	199	7	1001
ENSBTAG00000057202_ENSBTAT00000117298_UTR_pair	94	7	1033
ENSBTAG00000001475_ENSBTAT00000099332_UTR_pair	38	7	1001
ENSBTAG00000021556_ENSBTAT00000083888_UTR_pair	199	7	858
ENSBTAG00000014904_ENSBTAT00000072328_UTR_pair	20	7	433
ENSBTAG00000076622_ENSBTAT00000151211_UTR_pair	199	7	1001
ENSBTAG00000008096_ENSBTAT00000010649_UTR_pair	287	7	1117
ENSBTAG00000001252_ENSBTAT00000085644_UTR_pair	381	7	584
ENSBTAG00000006287_ENSBTAT00000070697_UTR_pair	178	7	1978
ENSBTAG00000002497_ENSBTAT00000074314_UTR_pair	76	7	1001
ENSBTAG00000005808_ENSBTAT00000007635_UTR_pair	226	7	473
ENSBTAG00000001250_ENSBTAT00000094140_UTR_pair	199	7	1405
ENSBTAG00000009157_ENSBTAT00000111467_UTR_pair	42	7	546
ENSBTAG00000002534_ENSBTAT00000003285_UTR_pair	36	7	1125
ENSBTAG00000019234_ENSBTAT00000069287_UTR_pair	199	7	1001
ENSBTAG00000015106_ENSBTAT00000020103_UTR_pair	199	7	714
ENSBTAG00000013821_ENSBTAT00000018366_UTR_pair	199	7	1001
ENSBTAG00000005980_ENSBTAT00000044565_UTR_pair	281	7	1001
ENSBTAG00000009873_ENSBTAT00000013021_UTR_pair	259	7	886
ENSBTAG00000016397_ENSBTAT00000077148_UTR_pair	267	7	140
ENSBTAG00000002086_ENSBTAT00000074448_UTR_pair	199	7	1051
ENSBTAG00000026919_ENSBTAT00000053185_UTR_pair	596	7	728
ENSBTAG00000031249_ENSBTAT00000044250_UTR_pair	120	7	278
ENSBTAG00000048485_ENSBTAT00000030903_UTR_pair	119	7	190
ENSBTAG00000006379_ENSBTAT00000008368_UTR_pair	199	7	213
ENSBTAG00000006378_ENSBTAT00000008367_UTR_pair	36	7	330
ENSBTAG00000000786_ENSBTAT00000072063_UTR_pair	200	7	470
ENSBTAG00000011975_ENSBTAT00000068456_UTR_pair	385	7	857
ENSBTAG00000006166_ENSBTAT00000044289_UTR_pair	95	7	402
ENSBTAG00000012058_ENSBTAT00000117511_UTR_pair	114	7	1017
ENSBTAG00000064862_ENSBTAT00000131043_UTR_pair	570	7	1756
ENSBTAG00000027375_ENSBTAT00000135834_UTR_pair	199	7	1001
ENSBTAG00000005917_ENSBTAT00000007772_UTR_pair	160	7	2000
ENSBTAG00000005916_ENSBTAT00000114127_UTR_pair	261	7	700
ENSBTAG00000013587_ENSBTAT00000068780_UTR_pair	199	7	236
ENSBTAG00000053484_ENSBTAT00000122819_UTR_pair	199	7	220
ENSBTAG00000004650_ENSBTAT00000084413_UTR_pair	277	7	1001
ENSBTAG00000000422_ENSBTAT00000000543_UTR_pair	438	7	624
ENSBTAG00000001724_ENSBTAT00000123456_UTR_pair	55	7	1001
ENSBTAG00000012012_ENSBTAT00000110329_UTR_pair	116	7	102
ENSBTAG00000009687_ENSBTAT00000012777_UTR_pair	298	7	318
ENSBTAG00000060966_ENSBTAT00000130245_UTR_pair	2999	7	3925
ENSBTAG00000013221_ENSBTAT00000017595_UTR_pair	8	7	499
ENSBTAG00000007567_ENSBTAT00000009957_UTR_pair	189	7	3125
ENSBTAG00000037907_ENSBTAT00000094623_UTR_pair	1314	7	11640
ENSBTAG00000001207_ENSBTAT00000124353_UTR_pair	164	7	116
ENSBTAG00000026290_ENSBTAT00000108971_UTR_pair	58	7	346
ENSBTAG00000021583_ENSBTAT00000028761_UTR_pair	315	7	1646
ENSBTAG00000021581_ENSBTAT00000088800_UTR_pair	143	7	485
ENSBTAG00000012252_ENSBTAT00000115799_UTR_pair	22	7	1001
ENSBTAG00000000998_ENSBTAT00000112010_UTR_pair	318	7	1104
ENSBTAG00000005497_ENSBTAT00000007226_UTR_pair	203	7	3303
ENSBTAG00000011206_ENSBTAT00000014882_UTR_pair	18	7	1897
ENSBTAG00000012426_ENSBTAT00000126137_UTR_pair	136	7	237
ENSBTAG00000071835_ENSBTAT00000153200_UTR_pair	171	7	5171
ENSBTAG00000054149_ENSBTAT00000013547_UTR_pair	199	7	528
ENSBTAG00000010252_ENSBTAT00000129196_UTR_pair	81	7	1001
ENSBTAG00000007520_ENSBTAT00000009897_UTR_pair	199	7	2951
ENSBTAG00000012307_ENSBTAT00000079620_UTR_pair	334	7	3651
ENSBTAG00000020286_ENSBTAT00000027036_UTR_pair	199	7	1001
ENSBTAG00000020160_ENSBTAT00000026851_UTR_pair	175	7	114
ENSBTAG00000068235_ENSBTAT00000102588_UTR_pair	215	7	351
ENSBTAG00000044063_ENSBTAT00000061252_UTR_pair	307	7	837
ENSBTAG00000021923_ENSBTAT00000113963_UTR_pair	63	7	1766
ENSBTAG00000021190_ENSBTAT00000028238_UTR_pair	199	7	1995
ENSBTAG00000004257_ENSBTAT00000005578_UTR_pair	13	7	152
ENSBTAG00000011531_ENSBTAT00000066998_UTR_pair	97	7	1735
ENSBTAG00000007383_ENSBTAT00000048222_UTR_pair	167	7	786
ENSBTAG00000003035_ENSBTAT00000143619_UTR_pair	199	7	1001
ENSBTAG00000023259_ENSBTAT00000087142_UTR_pair	2	7	1120
ENSBTAG00000005635_ENSBTAT00000134234_UTR_pair	199	7	1001
ENSBTAG00000015195_ENSBTAT00000068752_UTR_pair	147	7	1001
ENSBTAG00000015190_ENSBTAT00000020214_UTR_pair	142	7	173
ENSBTAG00000010042_ENSBTAT00000088893_UTR_pair	143	7	2606
ENSBTAG00000010037_ENSBTAT00000135104_UTR_pair	99	7	2486
ENSBTAG00000006743_ENSBTAT00000069223_UTR_pair	250	7	540
ENSBTAG00000005734_ENSBTAT00000007537_UTR_pair	226	7	1001
ENSBTAG00000007467_ENSBTAT00000009822_UTR_pair	199	7	787
ENSBTAG00000005709_ENSBTAT00000024863_UTR_pair	169	7	674
ENSBTAG00000017597_ENSBTAT00000031059_UTR_pair	199	7	1041
ENSBTAG00000008403_ENSBTAT00000061061_UTR_pair	801	7	1485
ENSBTAG00000019214_ENSBTAT00000109346_UTR_pair	271	7	2813
ENSBTAG00000019215_ENSBTAT00000128707_UTR_pair	199	7	1813
ENSBTAG00000001523_ENSBTAT00000001995_UTR_pair	199	7	3175
ENSBTAG00000003354_ENSBTAT00000090941_UTR_pair	155	7	183
ENSBTAG00000003880_ENSBTAT00000080161_UTR_pair	220	7	674
ENSBTAG00000012060_ENSBTAT00000067199_UTR_pair	399	7	1001
ENSBTAG00000016024_ENSBTAT00000145780_UTR_pair	46	7	45
ENSBTAG00000007718_ENSBTAT00000039259_UTR_pair	323	7	492
ENSBTAG00000038970_ENSBTAT00000053525_UTR_pair	265	7	1001
ENSBTAG00000019251_ENSBTAT00000061281_UTR_pair	199	7	1140
ENSBTAG00000019036_ENSBTAT00000025337_UTR_pair	104	7	3745
ENSBTAG00000024015_ENSBTAT00000061002_UTR_pair	199	7	701
ENSBTAG00000010356_ENSBTAT00000115730_UTR_pair	199	7	1086
ENSBTAG00000002755_ENSBTAT00000003572_UTR_pair	112	7	2650
ENSBTAG00000001805_ENSBTAT00000096118_UTR_pair	294	7	196
ENSBTAG00000021250_ENSBTAT00000061174_UTR_pair	313	7	1210
ENSBTAG00000009822_ENSBTAT00000122580_UTR_pair	98	7	914
ENSBTAG00000046533_ENSBTAT00000091672_UTR_pair	46	7	3451
ENSBTAG00000005158_ENSBTAT00000006800_UTR_pair	199	7	1946
ENSBTAG00000043951_ENSBTAT00000061313_UTR_pair	52	7	373
ENSBTAG00000046337_ENSBTAT00000044261_UTR_pair	81	7	236
ENSBTAG00000011250_ENSBTAT00000093182_UTR_pair	56	7	380
ENSBTAG00000010542_ENSBTAT00000114446_UTR_pair	199	7	1001
ENSBTAG00000046928_ENSBTAT00000064565_UTR_pair	58	7	1198
ENSBTAG00000010547_ENSBTAT00000116969_UTR_pair	80	7	119
ENSBTAG00000010563_ENSBTAT00000101450_UTR_pair	77	7	1001
ENSBTAG00000010792_ENSBTAT00000115948_UTR_pair	131	7	466
ENSBTAG00000009141_ENSBTAT00000012046_UTR_pair	601	7	244
ENSBTAG00000009142_ENSBTAT00000012047_UTR_pair	41	7	534
ENSBTAG00000018088_ENSBTAT00000024078_UTR_pair	199	7	1001
ENSBTAG00000002624_ENSBTAT00000054061_UTR_pair	40	7	1583
ENSBTAG00000002507_ENSBTAT00000003259_UTR_pair	20	7	230
ENSBTAG00000007833_ENSBTAT00000069671_UTR_pair	199	7	1001
ENSBTAG00000011893_ENSBTAT00000023026_UTR_pair	106	7	743
ENSBTAG00000018901_ENSBTAT00000025156_UTR_pair	254	7	3846
ENSBTAG00000012441_ENSBTAT00000073637_UTR_pair	199	7	1001
ENSBTAG00000000024_ENSBTAT00000061332_UTR_pair	416	7	249
ENSBTAG00000048916_ENSBTAT00000075023_UTR_pair	281	7	2129
ENSBTAG00000002863_ENSBTAT00000071591_UTR_pair	199	7	337
ENSBTAG00000019455_ENSBTAT00000084252_UTR_pair	368	7	1001
ENSBTAG00000003801_ENSBTAT00000103921_UTR_pair	24	7	1781
ENSBTAG00000021884_ENSBTAT00000029172_UTR_pair	117	7	262
ENSBTAG00000016269_ENSBTAT00000074198_UTR_pair	297	7	260
ENSBTAG00000005683_ENSBTAT00000149418_UTR_pair	274	7	1176
ENSBTAG00000006919_ENSBTAT00000009081_UTR_pair	307	7	1318
ENSBTAG00000037457_ENSBTAT00000053498_UTR_pair	199	7	12
ENSBTAG00000009129_ENSBTAT00000149043_UTR_pair	14	7	1352
ENSBTAG00000002788_ENSBTAT00000136507_UTR_pair	205	7	6068
ENSBTAG00000016462_ENSBTAT00000071224_UTR_pair	419	7	341
ENSBTAG00000015731_ENSBTAT00000104815_UTR_pair	177	7	1001
ENSBTAG00000006393_ENSBTAT00000008384_UTR_pair	30	7	448
ENSBTAG00000005412_ENSBTAT00000070128_UTR_pair	199	7	423
ENSBTAG00000027916_ENSBTAT00000046385_UTR_pair	108	7	2163
ENSBTAG00000013588_ENSBTAT00000079285_UTR_pair	171	7	1575
ENSBTAG00000011954_ENSBTAT00000116813_UTR_pair	118	7	793
ENSBTAG00000006833_ENSBTAT00000008979_UTR_pair	72	7	148
ENSBTAG00000049851_ENSBTAT00000071269_UTR_pair	192	7	1577
ENSBTAG00000059506_ENSBTAT00000121800_UTR_pair	8372	7	8497
ENSBTAG00000016663_ENSBTAT00000022160_UTR_pair	202	7	1794
ENSBTAG00000016666_ENSBTAT00000072665_UTR_pair	248	7	1577
ENSBTAG00000050848_ENSBTAT00000135804_UTR_pair	199	7	1001
ENSBTAG00000045832_ENSBTAT00000077409_UTR_pair	199	7	1001
ENSBTAG00000019302_ENSBTAT00000101554_UTR_pair	199	7	493
ENSBTAG00000007723_ENSBTAT00000010155_UTR_pair	37	7	440
ENSBTAG00000010492_ENSBTAT00000013862_UTR_pair	173	7	1379
ENSBTAG00000019803_ENSBTAT00000026386_UTR_pair	199	7	473
ENSBTAG00000019805_ENSBTAT00000085540_UTR_pair	22	7	230
ENSBTAG00000016568_ENSBTAT00000075438_UTR_pair	199	7	202
ENSBTAG00000016571_ENSBTAT00000086543_UTR_pair	116	7	1062
ENSBTAG00000016577_ENSBTAT00000132485_UTR_pair	199	7	584
ENSBTAG00000016588_ENSBTAT00000089054_UTR_pair	45	7	118
ENSBTAG00000016590_ENSBTAT00000047964_UTR_pair	258	7	90
ENSBTAG00000026429_ENSBTAT00000037557_UTR_pair	165	7	194
ENSBTAG00000016591_ENSBTAT00000075339_UTR_pair	199	7	1118
ENSBTAG00000004551_ENSBTAT00000005979_UTR_pair	72	7	539
ENSBTAG00000072263_ENSBTAT00000136303_UTR_pair	199	7	1464
ENSBTAG00000074641_ENSBTAT00000150025_UTR_pair	253	7	313
ENSBTAG00000072621_ENSBTAT00000150094_UTR_pair	56	7	226
ENSBTAG00000019136_ENSBTAT00000025473_UTR_pair	199	7	259
ENSBTAG00000019006_ENSBTAT00000025300_UTR_pair	492	7	62
ENSBTAG00000019008_ENSBTAT00000052368_UTR_pair	306	7	1579
ENSBTAG00000020198_ENSBTAT00000026901_UTR_pair	416	7	106
ENSBTAG00000002481_ENSBTAT00000130170_UTR_pair	265	7	231
ENSBTAG00000000177_ENSBTAT00000000202_UTR_pair	165	7	100
ENSBTAG00000000179_ENSBTAT00000097357_UTR_pair	156	7	875
ENSBTAG00000015889_ENSBTAT00000074134_UTR_pair	124	7	1049
ENSBTAG00000002202_ENSBTAT00000103399_UTR_pair	298	7	3581
ENSBTAG00000002209_ENSBTAT00000108777_UTR_pair	199	7	4170
ENSBTAG00000002211_ENSBTAT00000067975_UTR_pair	168	7	1443
ENSBTAG00000016552_ENSBTAT00000022012_UTR_pair	13	7	290
ENSBTAG00000016558_ENSBTAT00000113637_UTR_pair	199	7	433
ENSBTAG00000016561_ENSBTAT00000139010_UTR_pair	2648	7	409
ENSBTAG00000019998_ENSBTAT00000085660_UTR_pair	199	7	169
ENSBTAG00000033015_ENSBTAT00000046873_UTR_pair	356	7	658
ENSBTAG00000049306_ENSBTAT00000083107_UTR_pair	154	7	34
ENSBTAG00000020366_ENSBTAT00000070829_UTR_pair	37	7	33
ENSBTAG00000017631_ENSBTAT00000023446_UTR_pair	199	7	529
ENSBTAG00000008504_ENSBTAT00000088301_UTR_pair	199	7	1251
ENSBTAG00000013479_ENSBTAT00000065244_UTR_pair	157	7	811
ENSBTAG00000020617_ENSBTAT00000076792_UTR_pair	110	7	211
ENSBTAG00000019073_ENSBTAT00000025393_UTR_pair	248	7	344
ENSBTAG00000009928_ENSBTAT00000053181_UTR_pair	171	7	471
ENSBTAG00000009951_ENSBTAT00000013127_UTR_pair	132	7	1710
ENSBTAG00000009961_ENSBTAT00000013136_UTR_pair	23	7	177
ENSBTAG00000009965_ENSBTAT00000013144_UTR_pair	13	7	210
ENSBTAG00000009969_ENSBTAT00000070150_UTR_pair	32	7	771
ENSBTAG00000014903_ENSBTAT00000019840_UTR_pair	234	7	604
ENSBTAG00000005458_ENSBTAT00000148084_UTR_pair	302	7	2881
ENSBTAG00000026428_ENSBTAT00000137042_UTR_pair	18	7	346
ENSBTAG00000034436_ENSBTAT00000121917_UTR_pair	151	7	5352
ENSBTAG00000040575_ENSBTAT00000124555_UTR_pair	27	7	53
ENSBTAG00000012683_ENSBTAT00000071602_UTR_pair	220	7	1001
ENSBTAG00000006117_ENSBTAT00000008039_UTR_pair	459	7	2343
ENSBTAG00000004727_ENSBTAT00000006203_UTR_pair	331	7	820
ENSBTAG00000004729_ENSBTAT00000006206_UTR_pair	542	7	1001
ENSBTAG00000012082_ENSBTAT00000081383_UTR_pair	49	7	415
ENSBTAG00000002367_ENSBTAT00000154224_UTR_pair	4	7	235
ENSBTAG00000001415_ENSBTAT00000066513_UTR_pair	286	7	81
ENSBTAG00000005572_ENSBTAT00000091834_UTR_pair	434	7	156
ENSBTAG00000026408_ENSBTAT00000130078_UTR_pair	199	7	908
ENSBTAG00000005195_ENSBTAT00000006843_UTR_pair	268	7	1557
ENSBTAG00000018625_ENSBTAT00000026911_UTR_pair	594	7	796
ENSBTAG00000054437_ENSBTAT00000123285_UTR_pair	334	7	5841
ENSBTAG00000004875_ENSBTAT00000006410_UTR_pair	151	7	1517
ENSBTAG00000004509_ENSBTAT00000127792_UTR_pair	199	7	736
ENSBTAG00000026403_ENSBTAT00000005092_UTR_pair	48	7	1159
ENSBTAG00000016629_ENSBTAT00000022120_UTR_pair	199	7	112
ENSBTAG00000033174_ENSBTAT00000129041_UTR_pair	262	7	803
ENSBTAG00000009199_ENSBTAT00000012119_UTR_pair	199	7	1936
ENSBTAG00000046339_ENSBTAT00000063699_UTR_pair	75	7	645
ENSBTAG00000010015_ENSBTAT00000013208_UTR_pair	115	7	119
ENSBTAG00000018937_ENSBTAT00000047056_UTR_pair	95	7	619
ENSBTAG00000018938_ENSBTAT00000079049_UTR_pair	589	7	1222
ENSBTAG00000026394_ENSBTAT00000056899_UTR_pair	81	7	1001
ENSBTAG00000018999_ENSBTAT00000123105_UTR_pair	144	7	1509
ENSBTAG00000006593_ENSBTAT00000008660_UTR_pair	198	7	308
ENSBTAG00000037566_ENSBTAT00000128518_UTR_pair	199	7	1001
ENSBTAG00000001736_ENSBTAT00000002274_UTR_pair	432	7	1973
ENSBTAG00000002178_ENSBTAT00000002822_UTR_pair	19	7	1001
ENSBTAG00000007896_ENSBTAT00000072188_UTR_pair	28	7	576
ENSBTAG00000004038_ENSBTAT00000005280_UTR_pair	140	7	3033
ENSBTAG00000069945_ENSBTAT00000119594_UTR_pair	199	7	245
ENSBTAG00000005455_ENSBTAT00000121292_UTR_pair	297	7	1001
ENSBTAG00000007177_ENSBTAT00000088037_UTR_pair	149	7	63
ENSBTAG00000009560_ENSBTAT00000109912_UTR_pair	102	7	235
ENSBTAG00000046840_ENSBTAT00000063079_UTR_pair	269	7	804
ENSBTAG00000005208_ENSBTAT00000096461_UTR_pair	152	7	3127
ENSBTAG00000005622_ENSBTAT00000078843_UTR_pair	47	7	1352
ENSBTAG00000014823_ENSBTAT00000019741_UTR_pair	13	7	107
ENSBTAG00000014826_ENSBTAT00000019746_UTR_pair	37	7	707
ENSBTAG00000014588_ENSBTAT00000019422_UTR_pair	6	7	356
ENSBTAG00000003577_ENSBTAT00000004656_UTR_pair	230	7	894
ENSBTAG00000026371_ENSBTAT00000069611_UTR_pair	73	7	4347
ENSBTAG00000007142_ENSBTAT00000067144_UTR_pair	199	7	115
ENSBTAG00000008728_ENSBTAT00000079282_UTR_pair	177	7	1373
ENSBTAG00000018097_ENSBTAT00000083577_UTR_pair	101	7	948
ENSBTAG00000021521_ENSBTAT00000028683_UTR_pair	555	7	818
ENSBTAG00000004801_ENSBTAT00000082002_UTR_pair	9	7	1529
ENSBTAG00000020387_ENSBTAT00000027175_UTR_pair	175	7	2359
ENSBTAG00000015986_ENSBTAT00000117371_UTR_pair	128	7	482
ENSBTAG00000021090_ENSBTAT00000073584_UTR_pair	34	7	97
ENSBTAG00000049516_ENSBTAT00000126688_UTR_pair	69	7	1001
ENSBTAG00000057103_ENSBTAT00000088160_UTR_pair	2281	7	3923
ENSBTAG00000016505_ENSBTAT00000021939_UTR_pair	25	7	1001
ENSBTAG00000002101_ENSBTAT00000115720_UTR_pair	199	7	477
ENSBTAG00000003960_ENSBTAT00000005166_UTR_pair	507	7	2109
ENSBTAG00000019593_ENSBTAT00000037443_UTR_pair	199	7	549
ENSBTAG00000019596_ENSBTAT00000088692_UTR_pair	8	7	1499
ENSBTAG00000047673_ENSBTAT00000064153_UTR_pair	199	7	114
ENSBTAG00000006448_ENSBTAT00000008456_UTR_pair	303	7	296
ENSBTAG00000006449_ENSBTAT00000135515_UTR_pair	389	7	666
ENSBTAG00000032260_ENSBTAT00000045756_UTR_pair	239	7	158
ENSBTAG00000018559_ENSBTAT00000076292_UTR_pair	351	7	888
ENSBTAG00000018562_ENSBTAT00000024703_UTR_pair	165	7	834
ENSBTAG00000021651_ENSBTAT00000028853_UTR_pair	57	7	3371
ENSBTAG00000017662_ENSBTAT00000023487_UTR_pair	387	7	3448
ENSBTAG00000018044_ENSBTAT00000045908_UTR_pair	161	7	1000
ENSBTAG00000018050_ENSBTAT00000024028_UTR_pair	315	7	1065
ENSBTAG00000018868_ENSBTAT00000025118_UTR_pair	133	7	2042
ENSBTAG00000002352_ENSBTAT00000003035_UTR_pair	112	7	1001
ENSBTAG00000006405_ENSBTAT00000008398_UTR_pair	199	7	297
ENSBTAG00000006410_ENSBTAT00000045011_UTR_pair	90	7	2449
ENSBTAG00000014453_ENSBTAT00000019217_UTR_pair	2670	7	275
ENSBTAG00000009441_ENSBTAT00000090719_UTR_pair	585	7	415
ENSBTAG00000017999_ENSBTAT00000064228_UTR_pair	115	7	1073
ENSBTAG00000020043_ENSBTAT00000026703_UTR_pair	194	7	1001
ENSBTAG00000019530_ENSBTAT00000026023_UTR_pair	138	7	1001
ENSBTAG00000010309_ENSBTAT00000013621_UTR_pair	199	7	1001
ENSBTAG00000014653_ENSBTAT00000019510_UTR_pair	361	7	241
ENSBTAG00000014650_ENSBTAT00000019507_UTR_pair	123	7	1001
ENSBTAG00000006542_ENSBTAT00000008595_UTR_pair	35	7	549
ENSBTAG00000019219_ENSBTAT00000108858_UTR_pair	199	7	1001
ENSBTAG00000019216_ENSBTAT00000025586_UTR_pair	76	7	185
ENSBTAG00000032087_ENSBTAT00000077477_UTR_pair	199	7	136
ENSBTAG00000018016_ENSBTAT00000023981_UTR_pair	15	7	309
ENSBTAG00000016883_ENSBTAT00000154135_UTR_pair	74	7	83
ENSBTAG00000008635_ENSBTAT00000011388_UTR_pair	30	7	66
ENSBTAG00000008631_ENSBTAT00000051969_UTR_pair	160	7	107
ENSBTAG00000012928_ENSBTAT00000017178_UTR_pair	148	7	257
ENSBTAG00000012927_ENSBTAT00000152198_UTR_pair	199	7	211
ENSBTAG00000005030_ENSBTAT00000083806_UTR_pair	196	7	262
ENSBTAG00000017422_ENSBTAT00000099062_UTR_pair	277	7	1001
ENSBTAG00000021785_ENSBTAT00000126782_UTR_pair	158	7	135
ENSBTAG00000015982_ENSBTAT00000021258_UTR_pair	185	7	548
ENSBTAG00000007952_ENSBTAT00000076481_UTR_pair	41	7	44
ENSBTAG00000052323_ENSBTAT00000077277_UTR_pair	199	7	22
ENSBTAG00000015486_ENSBTAT00000108373_UTR_pair	199	7	136
ENSBTAG00000031852_ENSBTAT00000127351_UTR_pair	28	7	1344
ENSBTAG00000031806_ENSBTAT00000028273_UTR_pair	199	7	954
ENSBTAG00000021222_ENSBTAT00000002792_UTR_pair	88	7	255
ENSBTAG00000043974_ENSBTAT00000133605_UTR_pair	199	7	660
ENSBTAG00000019357_ENSBTAT00000024083_UTR_pair	211	7	209
ENSBTAG00000018094_ENSBTAT00000018399_UTR_pair	344	7	221
ENSBTAG00000009099_ENSBTAT00000011995_UTR_pair	199	7	98
ENSBTAG00000003421_ENSBTAT00000090398_UTR_pair	124	7	1054
ENSBTAG00000026307_ENSBTAT00000037326_UTR_pair	199	7	758
ENSBTAG00000008412_ENSBTAT00000011070_UTR_pair	7	7	68
ENSBTAG00000040555_ENSBTAT00000056997_UTR_pair	212	7	1582
ENSBTAG00000002344_ENSBTAT00000003026_UTR_pair	208	7	828
ENSBTAG00000002345_ENSBTAT00000003027_UTR_pair	199	7	655
ENSBTAG00000007523_ENSBTAT00000070873_UTR_pair	273	7	26
ENSBTAG00000006650_ENSBTAT00000112441_UTR_pair	260	7	469
ENSBTAG00000051572_ENSBTAT00000067608_UTR_pair	199	7	486
ENSBTAG00000000405_ENSBTAT00000000519_UTR_pair	199	7	215
ENSBTAG00000010524_ENSBTAT00000013909_UTR_pair	247	7	1001
ENSBTAG00000010511_ENSBTAT00000013893_UTR_pair	199	7	108
ENSBTAG00000005757_ENSBTAT00000007571_UTR_pair	72	7	584
ENSBTAG00000002391_ENSBTAT00000003094_UTR_pair	43	7	1009
ENSBTAG00000031598_ENSBTAT00000044787_UTR_pair	98	7	1077
ENSBTAG00000013081_ENSBTAT00000132811_UTR_pair	199	7	405
ENSBTAG00000008190_ENSBTAT00000101257_UTR_pair	57	7	292
ENSBTAG00000014448_ENSBTAT00000133222_UTR_pair	9	7	1001
ENSBTAG00000000704_ENSBTAT00000000941_UTR_pair	44	7	356
ENSBTAG00000000390_ENSBTAT00000102787_UTR_pair	338	7	1
ENSBTAG00000017435_ENSBTAT00000134203_UTR_pair	195	7	1001
ENSBTAG00000002935_ENSBTAT00000141321_UTR_pair	25	7	2695
ENSBTAG00000004051_ENSBTAT00000005296_UTR_pair	95	7	1607
ENSBTAG00000008446_ENSBTAT00000011112_UTR_pair	121	7	2045
ENSBTAG00000002083_ENSBTAT00000117208_UTR_pair	199	7	1001
ENSBTAG00000011753_ENSBTAT00000098595_UTR_pair	35	7	502
ENSBTAG00000009780_ENSBTAT00000068949_UTR_pair	355	7	687
ENSBTAG00000011875_ENSBTAT00000095473_UTR_pair	121	7	711
ENSBTAG00000047249_ENSBTAT00000070688_UTR_pair	26	7	1772
ENSBTAG00000044083_ENSBTAT00000061497_UTR_pair	272	7	988
ENSBTAG00000017075_ENSBTAT00000084274_UTR_pair	92	7	1319
ENSBTAG00000009022_ENSBTAT00000131446_UTR_pair	42	7	4867
ENSBTAG00000008487_ENSBTAT00000011185_UTR_pair	117	7	971
ENSBTAG00000000321_ENSBTAT00000000422_UTR_pair	76	7	3014
ENSBTAG00000020544_ENSBTAT00000129664_UTR_pair	172	7	966
ENSBTAG00000005197_ENSBTAT00000006848_UTR_pair	373	7	1765
ENSBTAG00000017941_ENSBTAT00000037298_UTR_pair	10	7	846
ENSBTAG00000000781_ENSBTAT00000001039_UTR_pair	107	7	19
ENSBTAG00000017082_ENSBTAT00000022718_UTR_pair	19	7	346
ENSBTAG00000016139_ENSBTAT00000127404_UTR_pair	46	7	873
ENSBTAG00000009461_ENSBTAT00000012447_UTR_pair	24	7	104
ENSBTAG00000009462_ENSBTAT00000081488_UTR_pair	109	7	1032
ENSBTAG00000011969_ENSBTAT00000044397_UTR_pair	182	7	122
ENSBTAG00000004077_ENSBTAT00000005327_UTR_pair	179	7	491
ENSBTAG00000001470_ENSBTAT00000077032_UTR_pair	322	7	2777
ENSBTAG00000014742_ENSBTAT00000019617_UTR_pair	346	7	125
ENSBTAG00000012050_ENSBTAT00000015982_UTR_pair	599	7	495
ENSBTAG00000004106_ENSBTAT00000107865_UTR_pair	39	7	505
ENSBTAG00000000343_ENSBTAT00000000448_UTR_pair	28	7	211
ENSBTAG00000000342_ENSBTAT00000000447_UTR_pair	501	7	294
ENSBTAG00000009868_ENSBTAT00000091517_UTR_pair	815	7	8676
ENSBTAG00000014465_ENSBTAT00000019232_UTR_pair	199	7	1621
ENSBTAG00000012038_ENSBTAT00000094252_UTR_pair	567	7	5330
ENSBTAG00000001139_ENSBTAT00000001517_UTR_pair	106	7	1001
ENSBTAG00000024772_ENSBTAT00000001503_UTR_pair	104	7	131
ENSBTAG00000001131_ENSBTAT00000004493_UTR_pair	150	7	392
ENSBTAG00000003446_ENSBTAT00000037233_UTR_pair	199	7	540
ENSBTAG00000015738_ENSBTAT00000076528_UTR_pair	1246	7	2277
ENSBTAG00000006495_ENSBTAT00000008508_UTR_pair	141	7	368
ENSBTAG00000026246_ENSBTAT00000091636_UTR_pair	199	7	183
ENSBTAG00000020528_ENSBTAT00000113317_UTR_pair	93	7	100
ENSBTAG00000000713_ENSBTAT00000085405_UTR_pair	16	7	697
ENSBTAG00000015272_ENSBTAT00000020310_UTR_pair	726	7	461
ENSBTAG00000016763_ENSBTAT00000022290_UTR_pair	90	7	532
ENSBTAG00000002881_ENSBTAT00000003736_UTR_pair	8	7	252
ENSBTAG00000002871_ENSBTAT00000003725_UTR_pair	22	7	113
ENSBTAG00000007012_ENSBTAT00000080452_UTR_pair	436	7	1157
ENSBTAG00000060579_ENSBTAT00000097096_UTR_pair	130	7	397
ENSBTAG00000016757_ENSBTAT00000029042_UTR_pair	80	7	1001
ENSBTAG00000050135_ENSBTAT00000085628_UTR_pair	358	7	3244
ENSBTAG00000030951_ENSBTAT00000080241_UTR_pair	412	7	1001
ENSBTAG00000047572_ENSBTAT00000063489_UTR_pair	42	7	108
ENSBTAG00000049731_ENSBTAT00000073824_UTR_pair	515	7	1199
ENSBTAG00000016190_ENSBTAT00000021549_UTR_pair	4413	7	115
ENSBTAG00000002090_ENSBTAT00000087053_UTR_pair	131	7	538
ENSBTAG00000044040_ENSBTAT00000131228_UTR_pair	199	7	688
ENSBTAG00000046248_ENSBTAT00000064158_UTR_pair	199	7	265
ENSBTAG00000004242_ENSBTAT00000005555_UTR_pair	177	7	355
ENSBTAG00000007118_ENSBTAT00000089199_UTR_pair	199	7	2781
ENSBTAG00000045896_ENSBTAT00000102137_UTR_pair	199	7	1001
ENSBTAG00000019181_ENSBTAT00000030984_UTR_pair	273	7	1772
ENSBTAG00000022825_ENSBTAT00000055646_UTR_pair	199	7	277
ENSBTAG00000004135_ENSBTAT00000087095_UTR_pair	199	7	1001
ENSBTAG00000007370_ENSBTAT00000112994_UTR_pair	82	7	862
ENSBTAG00000000725_ENSBTAT00000099663_UTR_pair	11	7	1001
ENSBTAG00000007384_ENSBTAT00000086938_UTR_pair	101	7	1001
ENSBTAG00000053390_ENSBTAT00000077011_UTR_pair	124	7	1484
ENSBTAG00000009236_ENSBTAT00000012173_UTR_pair	199	7	2511
ENSBTAG00000009547_ENSBTAT00000012560_UTR_pair	7	7	51
ENSBTAG00000003953_ENSBTAT00000005167_UTR_pair	199	7	1001
ENSBTAG00000039782_ENSBTAT00000080316_UTR_pair	614	7	409
ENSBTAG00000010291_ENSBTAT00000013588_UTR_pair	564	7	431
ENSBTAG00000017175_ENSBTAT00000120364_UTR_pair	182	7	2538
ENSBTAG00000003191_ENSBTAT00000004145_UTR_pair	122	7	1109
ENSBTAG00000026199_ENSBTAT00000036888_UTR_pair	137	7	611
ENSBTAG00000010264_ENSBTAT00000112932_UTR_pair	199	7	4061
ENSBTAG00000037400_ENSBTAT00000082733_UTR_pair	199	7	1001
ENSBTAG00000007772_ENSBTAT00000010219_UTR_pair	232	7	1001
ENSBTAG00000071710_ENSBTAT00000023757_UTR_pair	71	7	583
ENSBTAG00000014502_ENSBTAT00000019280_UTR_pair	385	7	1001
ENSBTAG00000014503_ENSBTAT00000128476_UTR_pair	101	7	2655
ENSBTAG00000005934_ENSBTAT00000080053_UTR_pair	1	7	2877
ENSBTAG00000040361_ENSBTAT00000056003_UTR_pair	74	7	1073
ENSBTAG00000007474_ENSBTAT00000009832_UTR_pair	40	7	1230
ENSBTAG00000013708_ENSBTAT00000099528_UTR_pair	5	7	2045
ENSBTAG00000000050_ENSBTAT00000000055_UTR_pair	579	7	302
ENSBTAG00000000642_ENSBTAT00000123934_UTR_pair	307	7	193
ENSBTAG00000003049_ENSBTAT00000003969_UTR_pair	209	7	97
ENSBTAG00000007402_ENSBTAT00000009732_UTR_pair	415	7	994
ENSBTAG00000015952_ENSBTAT00000103808_UTR_pair	4	7	22
ENSBTAG00000026191_ENSBTAT00000096891_UTR_pair	199	7	539
ENSBTAG00000046498_ENSBTAT00000116179_UTR_pair	199	7	1001
ENSBTAG00000046142_ENSBTAT00000067418_UTR_pair	184	7	791
ENSBTAG00000014541_ENSBTAT00000118301_UTR_pair	2	7	736
ENSBTAG00000003607_ENSBTAT00000080120_UTR_pair	199	7	1001
ENSBTAG00000020796_ENSBTAT00000120933_UTR_pair	371	7	824
ENSBTAG00000003634_ENSBTAT00000132965_UTR_pair	142	7	315
ENSBTAG00000011197_ENSBTAT00000113792_UTR_pair	340	7	4508
ENSBTAG00000002655_ENSBTAT00000003439_UTR_pair	53	7	1040
ENSBTAG00000039406_ENSBTAT00000054475_UTR_pair	97	7	732
ENSBTAG00000018404_ENSBTAT00000030539_UTR_pair	341	7	759
ENSBTAG00000018406_ENSBTAT00000129805_UTR_pair	199	7	1001
ENSBTAG00000011748_ENSBTAT00000082007_UTR_pair	199	7	1550
ENSBTAG00000005928_ENSBTAT00000007784_UTR_pair	51	7	3979
ENSBTAG00000003196_ENSBTAT00000135005_UTR_pair	95	7	1664
ENSBTAG00000000806_ENSBTAT00000087625_UTR_pair	199	7	1882
ENSBTAG00000009498_ENSBTAT00000012499_UTR_pair	199	7	3300
ENSBTAG00000014614_ENSBTAT00000037115_UTR_pair	735	7	147
ENSBTAG00000010785_ENSBTAT00000014282_UTR_pair	245	7	1619
ENSBTAG00000003636_ENSBTAT00000014997_UTR_pair	42	7	1240
ENSBTAG00000010442_ENSBTAT00000050296_UTR_pair	199	7	1001
ENSBTAG00000005708_ENSBTAT00000032984_UTR_pair	84	7	169
ENSBTAG00000004964_ENSBTAT00000133603_UTR_pair	344	7	326
ENSBTAG00000011651_ENSBTAT00000015476_UTR_pair	79	7	2359
ENSBTAG00000014831_ENSBTAT00000019753_UTR_pair	90	7	1518
ENSBTAG00000009279_ENSBTAT00000049112_UTR_pair	199	7	2246
ENSBTAG00000016104_ENSBTAT00000130859_UTR_pair	283	7	1389
ENSBTAG00000015450_ENSBTAT00000091861_UTR_pair	429	7	3556
ENSBTAG00000020981_ENSBTAT00000027942_UTR_pair	325	7	2765
ENSBTAG00000009383_ENSBTAT00000012347_UTR_pair	291	7	1311
ENSBTAG00000014217_ENSBTAT00000018899_UTR_pair	32	7	871
ENSBTAG00000016918_ENSBTAT00000038965_UTR_pair	89	7	674
ENSBTAG00000005129_ENSBTAT00000006763_UTR_pair	271	7	937
ENSBTAG00000010105_ENSBTAT00000078639_UTR_pair	199	7	2405
ENSBTAG00000018966_ENSBTAT00000078103_UTR_pair	332	7	1217
ENSBTAG00000011368_ENSBTAT00000086617_UTR_pair	121	7	1001
ENSBTAG00000009693_ENSBTAT00000086865_UTR_pair	118	7	1798
ENSBTAG00000005979_ENSBTAT00000114842_UTR_pair	118	7	2698
ENSBTAG00000011182_ENSBTAT00000014850_UTR_pair	127	7	345
ENSBTAG00000011832_ENSBTAT00000015703_UTR_pair	115	7	861
ENSBTAG00000011841_ENSBTAT00000091191_UTR_pair	199	7	1001
ENSBTAG00000033685_ENSBTAT00000004744_UTR_pair	205	7	1435
ENSBTAG00000021357_ENSBTAT00000112572_UTR_pair	2608	7	3144
ENSBTAG00000016298_ENSBTAT00000021686_UTR_pair	168	7	3350
ENSBTAG00000019872_ENSBTAT00000026477_UTR_pair	32	7	1001
ENSBTAG00000075482_ENSBTAT00000143999_UTR_pair	199	7	2976
ENSBTAG00000046701_ENSBTAT00000119171_UTR_pair	400	7	1257
ENSBTAG00000002191_ENSBTAT00000083851_UTR_pair	10	7	413
ENSBTAG00000012697_ENSBTAT00000032937_UTR_pair	145	7	913
ENSBTAG00000012702_ENSBTAT00000124368_UTR_pair	341	7	472
ENSBTAG00000012704_ENSBTAT00000061179_UTR_pair	19	7	358
ENSBTAG00000012719_ENSBTAT00000016906_UTR_pair	199	7	702
ENSBTAG00000011137_ENSBTAT00000014795_UTR_pair	16	7	1170
ENSBTAG00000002010_ENSBTAT00000002604_UTR_pair	29	7	2256
ENSBTAG00000013478_ENSBTAT00000017923_UTR_pair	139	7	2181
ENSBTAG00000018564_ENSBTAT00000127343_UTR_pair	417	7	659
ENSBTAG00000014314_ENSBTAT00000019034_UTR_pair	199	7	578
ENSBTAG00000011960_ENSBTAT00000015873_UTR_pair	118	7	669
ENSBTAG00000012107_ENSBTAT00000016063_UTR_pair	97	7	327
ENSBTAG00000047077_ENSBTAT00000122894_UTR_pair	37	7	7441
ENSBTAG00000045703_ENSBTAT00000073190_UTR_pair	78	7	1001
ENSBTAG00000002971_ENSBTAT00000003869_UTR_pair	199	7	2083
ENSBTAG00000008939_ENSBTAT00000124989_UTR_pair	199	7	1535
ENSBTAG00000007588_ENSBTAT00000064463_UTR_pair	77	7	2043
ENSBTAG00000007591_ENSBTAT00000130526_UTR_pair	199	7	1161
ENSBTAG00000010739_ENSBTAT00000014217_UTR_pair	199	7	436
ENSBTAG00000055207_ENSBTAT00000078682_UTR_pair	415	7	3323
ENSBTAG00000012077_ENSBTAT00000072997_UTR_pair	150	7	3232
ENSBTAG00000018604_ENSBTAT00000024759_UTR_pair	384	7	228
ENSBTAG00000003298_ENSBTAT00000004268_UTR_pair	42	7	652
ENSBTAG00000005015_ENSBTAT00000115472_UTR_pair	46	7	1277
ENSBTAG00000003576_ENSBTAT00000102913_UTR_pair	491	7	496
ENSBTAG00000003579_ENSBTAT00000125509_UTR_pair	199	7	604
ENSBTAG00000016335_ENSBTAT00000021730_UTR_pair	7	7	362
ENSBTAG00000016336_ENSBTAT00000021734_UTR_pair	29	7	496
ENSBTAG00000021942_ENSBTAT00000029250_UTR_pair	172	7	1445
ENSBTAG00000005780_ENSBTAT00000073299_UTR_pair	199	7	1001
ENSBTAG00000007427_ENSBTAT00000032873_UTR_pair	52	7	145
ENSBTAG00000007435_ENSBTAT00000081861_UTR_pair	199	7	1650
ENSBTAG00000006014_ENSBTAT00000136082_UTR_pair	276	7	557
ENSBTAG00000006017_ENSBTAT00000135447_UTR_pair	490	7	1001
ENSBTAG00000002500_ENSBTAT00000003249_UTR_pair	387	7	139
ENSBTAG00000002501_ENSBTAT00000003250_UTR_pair	67	7	176
ENSBTAG00000021065_ENSBTAT00000073612_UTR_pair	182	7	539
ENSBTAG00000021068_ENSBTAT00000068810_UTR_pair	223	7	3204
ENSBTAG00000021071_ENSBTAT00000083089_UTR_pair	606	7	981
ENSBTAG00000004318_ENSBTAT00000118038_UTR_pair	32	7	217
ENSBTAG00000004321_ENSBTAT00000090249_UTR_pair	199	7	1505
ENSBTAG00000014336_ENSBTAT00000090762_UTR_pair	58	7	2926
ENSBTAG00000012858_ENSBTAT00000068138_UTR_pair	25	7	1241
ENSBTAG00000002717_ENSBTAT00000003517_UTR_pair	80	7	1667
ENSBTAG00000009879_ENSBTAT00000013026_UTR_pair	2	7	274
ENSBTAG00000044153_ENSBTAT00000120825_UTR_pair	199	7	1001
ENSBTAG00000015019_ENSBTAT00000129347_UTR_pair	199	7	805
ENSBTAG00000001017_ENSBTAT00000001346_UTR_pair	341	7	420
ENSBTAG00000047450_ENSBTAT00000064326_UTR_pair	199	7	1210
ENSBTAG00000003990_ENSBTAT00000099101_UTR_pair	714	7	10633
ENSBTAG00000076416_ENSBTAT00000152572_UTR_pair	48	7	557
ENSBTAG00000003265_ENSBTAT00000053363_UTR_pair	260	7	599
ENSBTAG00000017263_ENSBTAT00000052570_UTR_pair	178	7	2368
ENSBTAG00000020283_ENSBTAT00000027029_UTR_pair	92	7	1065
ENSBTAG00000013905_ENSBTAT00000046231_UTR_pair	162	7	334
ENSBTAG00000019434_ENSBTAT00000116355_UTR_pair	141	7	212
ENSBTAG00000046362_ENSBTAT00000064380_UTR_pair	448	7	258
ENSBTAG00000007709_ENSBTAT00000010138_UTR_pair	260	7	2795
ENSBTAG00000011917_ENSBTAT00000015811_UTR_pair	43	7	1396
ENSBTAG00000006707_ENSBTAT00000087700_UTR_pair	221	7	268
ENSBTAG00000006713_ENSBTAT00000008828_UTR_pair	357	7	496
ENSBTAG00000050055_ENSBTAT00000117780_UTR_pair	159	7	291
ENSBTAG00000021574_ENSBTAT00000071482_UTR_pair	397	7	1734
ENSBTAG00000006615_ENSBTAT00000117391_UTR_pair	83	7	1595
ENSBTAG00000020193_ENSBTAT00000026896_UTR_pair	61	7	380
ENSBTAG00000061502_ENSBTAT00000101866_UTR_pair	199	7	7418
ENSBTAG00000020233_ENSBTAT00000031607_UTR_pair	279	7	1001
ENSBTAG00000003062_ENSBTAT00000003978_UTR_pair	253	7	3157
ENSBTAG00000012955_ENSBTAT00000114007_UTR_pair	161	7	1001
ENSBTAG00000019297_ENSBTAT00000109270_UTR_pair	106	7	803
ENSBTAG00000013779_ENSBTAT00000112323_UTR_pair	217	7	79
ENSBTAG00000007578_ENSBTAT00000072975_UTR_pair	199	7	1515
ENSBTAG00000022808_ENSBTAT00000102192_UTR_pair	199	7	1001
ENSBTAG00000057699_ENSBTAT00000131848_UTR_pair	306	7	4014
ENSBTAG00000002528_ENSBTAT00000114905_UTR_pair	139	7	770
ENSBTAG00000008731_ENSBTAT00000011505_UTR_pair	45	7	796
ENSBTAG00000007981_ENSBTAT00000112961_UTR_pair	174	7	1001
ENSBTAG00000002647_ENSBTAT00000082429_UTR_pair	146	7	199
ENSBTAG00000004080_ENSBTAT00000005331_UTR_pair	199	7	269
ENSBTAG00000013641_ENSBTAT00000018131_UTR_pair	353	7	552
ENSBTAG00000021801_ENSBTAT00000029059_UTR_pair	211	7	1089
ENSBTAG00000009877_ENSBTAT00000013028_UTR_pair	199	7	278
ENSBTAG00000007441_ENSBTAT00000101390_UTR_pair	250	7	1521
ENSBTAG00000021540_ENSBTAT00000105458_UTR_pair	33	7	789
ENSBTAG00000003178_ENSBTAT00000120590_UTR_pair	199	7	1001
ENSBTAG00000019166_ENSBTAT00000025508_UTR_pair	25	7	160
ENSBTAG00000023847_ENSBTAT00000083563_UTR_pair	199	7	1462
ENSBTAG00000018041_ENSBTAT00000089440_UTR_pair	152	7	2757
ENSBTAG00000006928_ENSBTAT00000009097_UTR_pair	170	7	885
ENSBTAG00000010957_ENSBTAT00000112615_UTR_pair	66	7	1
ENSBTAG00000012970_ENSBTAT00000017243_UTR_pair	111	7	1001
ENSBTAG00000050151_ENSBTAT00000102275_UTR_pair	228	7	1001
ENSBTAG00000003395_ENSBTAT00000004401_UTR_pair	210	7	2986
ENSBTAG00000003397_ENSBTAT00000004405_UTR_pair	219	7	1038
ENSBTAG00000009439_ENSBTAT00000131345_UTR_pair	116	7	1001
ENSBTAG00000005795_ENSBTAT00000007619_UTR_pair	453	7	342
ENSBTAG00000012444_ENSBTAT00000016524_UTR_pair	297	7	237
ENSBTAG00000031890_ENSBTAT00000032730_UTR_pair	155	7	1069
ENSBTAG00000002435_ENSBTAT00000090013_UTR_pair	55	7	817
ENSBTAG00000050386_ENSBTAT00000094045_UTR_pair	199	7	110
ENSBTAG00000008272_ENSBTAT00000102258_UTR_pair	199	7	344
ENSBTAG00000005027_ENSBTAT00000115361_UTR_pair	102	7	163
ENSBTAG00000017780_ENSBTAT00000023643_UTR_pair	149	7	601
ENSBTAG00000003800_ENSBTAT00000106123_UTR_pair	100	7	999
ENSBTAG00000019519_ENSBTAT00000026000_UTR_pair	7	7	20
ENSBTAG00000008584_ENSBTAT00000074670_UTR_pair	372	7	492
ENSBTAG00000060779_ENSBTAT00000130905_UTR_pair	11368	7	4284
ENSBTAG00000004922_ENSBTAT00000006476_UTR_pair	153	7	1001
ENSBTAG00000004231_ENSBTAT00000111703_UTR_pair	16	7	1433
ENSBTAG00000014146_ENSBTAT00000018803_UTR_pair	199	7	3124
ENSBTAG00000014737_ENSBTAT00000094084_UTR_pair	117	7	378
ENSBTAG00000005825_ENSBTAT00000084434_UTR_pair	205	7	175
ENSBTAG00000017085_ENSBTAT00000022716_UTR_pair	222	7	150
ENSBTAG00000020282_ENSBTAT00000083533_UTR_pair	152	7	1208
ENSBTAG00000012191_ENSBTAT00000016172_UTR_pair	218	7	2638
ENSBTAG00000000957_ENSBTAT00000001266_UTR_pair	199	7	769
ENSBTAG00000047706_ENSBTAT00000103659_UTR_pair	130	7	145
ENSBTAG00000003081_ENSBTAT00000085801_UTR_pair	207	7	40
ENSBTAG00000008886_ENSBTAT00000068532_UTR_pair	153	7	168
ENSBTAG00000010002_ENSBTAT00000077022_UTR_pair	281	7	1118
ENSBTAG00000015874_ENSBTAT00000021099_UTR_pair	92	7	2116
ENSBTAG00000018863_ENSBTAT00000105119_UTR_pair	265	7	929
ENSBTAG00000078062_ENSBTAT00000138830_UTR_pair	111	7	268
ENSBTAG00000004344_ENSBTAT00000104086_UTR_pair	199	7	1490
ENSBTAG00000013208_ENSBTAT00000017580_UTR_pair	45	7	344
ENSBTAG00000013211_ENSBTAT00000017582_UTR_pair	19	7	3045
ENSBTAG00000010351_ENSBTAT00000085525_UTR_pair	199	7	509
ENSBTAG00000018453_ENSBTAT00000134871_UTR_pair	199	7	227
ENSBTAG00000017183_ENSBTAT00000074205_UTR_pair	38	7	515
ENSBTAG00000016486_ENSBTAT00000132527_UTR_pair	163	7	2079
ENSBTAG00000008682_ENSBTAT00000011445_UTR_pair	137	7	576
ENSBTAG00000011257_ENSBTAT00000014960_UTR_pair	98	7	462
ENSBTAG00000007236_ENSBTAT00000070205_UTR_pair	484	7	1001
ENSBTAG00000039682_ENSBTAT00000109706_UTR_pair	210	7	706
ENSBTAG00000001966_ENSBTAT00000002553_UTR_pair	123	7	294
ENSBTAG00000010085_ENSBTAT00000095174_UTR_pair	199	7	1001
ENSBTAG00000010355_ENSBTAT00000013675_UTR_pair	270	7	1001
ENSBTAG00000018036_ENSBTAT00000024009_UTR_pair	255	7	1444
ENSBTAG00000044194_ENSBTAT00000064000_UTR_pair	199	7	34
ENSBTAG00000009191_ENSBTAT00000101519_UTR_pair	172	7	547
ENSBTAG00000015541_ENSBTAT00000083937_UTR_pair	331	7	2441
ENSBTAG00000020084_ENSBTAT00000012816_UTR_pair	594	7	1184
ENSBTAG00000015913_ENSBTAT00000122691_UTR_pair	199	7	1001
ENSBTAG00000010606_ENSBTAT00000128111_UTR_pair	1349	7	6089
ENSBTAG00000001463_ENSBTAT00000001917_UTR_pair	28	7	2356
ENSBTAG00000044208_ENSBTAT00000061049_UTR_pair	399	7	587
ENSBTAG00000013579_ENSBTAT00000018052_UTR_pair	138	7	766
ENSBTAG00000071575_ENSBTAT00000146882_UTR_pair	199	7	3588
ENSBTAG00000033727_ENSBTAT00000127426_UTR_pair	345	7	115
ENSBTAG00000012691_ENSBTAT00000110128_UTR_pair	332	7	21
ENSBTAG00000004173_ENSBTAT00000005462_UTR_pair	592	7	429
ENSBTAG00000009245_ENSBTAT00000094683_UTR_pair	7	7	1001
ENSBTAG00000021592_ENSBTAT00000117676_UTR_pair	369	7	1931
ENSBTAG00000005454_ENSBTAT00000007176_UTR_pair	331	7	2067
ENSBTAG00000033504_ENSBTAT00000047639_UTR_pair	78	7	2362
ENSBTAG00000015463_ENSBTAT00000020547_UTR_pair	350	7	106
ENSBTAG00000016411_ENSBTAT00000021827_UTR_pair	379	7	1021
ENSBTAG00000017831_ENSBTAT00000087622_UTR_pair	510	7	3202
ENSBTAG00000027665_ENSBTAT00000039838_UTR_pair	50	7	592
ENSBTAG00000011684_ENSBTAT00000015513_UTR_pair	138	7	805
ENSBTAG00000027654_ENSBTAT00000124601_UTR_pair	68	7	2
ENSBTAG00000000978_ENSBTAT00000112007_UTR_pair	3	7	3050
ENSBTAG00000001612_ENSBTAT00000002113_UTR_pair	175	7	350
ENSBTAG00000013145_ENSBTAT00000088807_UTR_pair	457	7	237
ENSBTAG00000027635_ENSBTAT00000039797_UTR_pair	272	7	1001
ENSBTAG00000001529_ENSBTAT00000120562_UTR_pair	475	7	1604
ENSBTAG00000015444_ENSBTAT00000047384_UTR_pair	191	7	836
ENSBTAG00000015457_ENSBTAT00000020550_UTR_pair	95	7	690
ENSBTAG00000004238_ENSBTAT00000070399_UTR_pair	88	7	1055
ENSBTAG00000003509_ENSBTAT00000078362_UTR_pair	571	7	3472
ENSBTAG00000003516_ENSBTAT00000004567_UTR_pair	223	7	255
ENSBTAG00000017455_ENSBTAT00000140986_UTR_pair	199	7	1380
ENSBTAG00000027625_ENSBTAT00000039787_UTR_pair	197	7	890
ENSBTAG00000027626_ENSBTAT00000039788_UTR_pair	144	7	1393
ENSBTAG00000004015_ENSBTAT00000005242_UTR_pair	199	7	1001
ENSBTAG00000001243_ENSBTAT00000001640_UTR_pair	137	7	1940
ENSBTAG00000001244_ENSBTAT00000092963_UTR_pair	199	7	676
ENSBTAG00000007599_ENSBTAT00000151282_UTR_pair	136	7	2191
ENSBTAG00000000225_ENSBTAT00000085531_UTR_pair	1	7	141
ENSBTAG00000014068_ENSBTAT00000018691_UTR_pair	397	7	32
ENSBTAG00000014861_ENSBTAT00000019790_UTR_pair	520	7	1295
ENSBTAG00000007629_ENSBTAT00000010035_UTR_pair	238	7	1001
ENSBTAG00000007630_ENSBTAT00000047188_UTR_pair	258	7	461
ENSBTAG00000003201_ENSBTAT00000104999_UTR_pair	64	7	501
ENSBTAG00000003649_ENSBTAT00000004757_UTR_pair	256	7	1800
ENSBTAG00000033182_ENSBTAT00000079230_UTR_pair	96	7	1441
ENSBTAG00000025003_ENSBTAT00000107483_UTR_pair	70	7	338
ENSBTAG00000001186_ENSBTAT00000001572_UTR_pair	507	7	1001
ENSBTAG00000033137_ENSBTAT00000130902_UTR_pair	199	7	4772
ENSBTAG00000003793_ENSBTAT00000004933_UTR_pair	25	7	795
ENSBTAG00000004593_ENSBTAT00000115785_UTR_pair	199	7	321
ENSBTAG00000011518_ENSBTAT00000131392_UTR_pair	199	7	1001
ENSBTAG00000018024_ENSBTAT00000127335_UTR_pair	190	7	1001
ENSBTAG00000033080_ENSBTAT00000020729_UTR_pair	40	7	1540
ENSBTAG00000006680_ENSBTAT00000078457_UTR_pair	199	7	267
ENSBTAG00000055252_ENSBTAT00000124213_UTR_pair	116	7	693
ENSBTAG00000047930_ENSBTAT00000107779_UTR_pair	260	7	669
ENSBTAG00000018857_ENSBTAT00000149797_UTR_pair	2	7	5039
ENSBTAG00000000079_ENSBTAT00000122044_UTR_pair	199	7	1001
ENSBTAG00000017053_ENSBTAT00000132956_UTR_pair	199	7	1001
ENSBTAG00000034225_ENSBTAT00000131456_UTR_pair	304	7	1001
ENSBTAG00000010180_ENSBTAT00000013435_UTR_pair	311	7	528
ENSBTAG00000004870_ENSBTAT00000078875_UTR_pair	178	7	2357
ENSBTAG00000027205_ENSBTAT00000084182_UTR_pair	34	7	155
ENSBTAG00000010773_ENSBTAT00000066521_UTR_pair	175	7	350
ENSBTAG00000006111_ENSBTAT00000008028_UTR_pair	230	7	2641
ENSBTAG00000053296_ENSBTAT00000066920_UTR_pair	126	7	2485
ENSBTAG00000047434_ENSBTAT00000065270_UTR_pair	149	7	1453
ENSBTAG00000000942_ENSBTAT00000066793_UTR_pair	199	7	1105
ENSBTAG00000004515_ENSBTAT00000127132_UTR_pair	199	7	635
ENSBTAG00000074160_ENSBTAT00000152476_UTR_pair	39	7	4784
ENSBTAG00000046841_ENSBTAT00000063370_UTR_pair	199	7	1001
ENSBTAG00000000562_ENSBTAT00000000733_UTR_pair	90	7	1155
ENSBTAG00000000222_ENSBTAT00000075576_UTR_pair	233	7	1628
ENSBTAG00000073074_ENSBTAT00000143621_UTR_pair	478	7	3319
ENSBTAG00000013750_ENSBTAT00000099797_UTR_pair	2	7	427
ENSBTAG00000000830_ENSBTAT00000001096_UTR_pair	243	7	3630
ENSBTAG00000013544_ENSBTAT00000076423_UTR_pair	151	7	4
ENSBTAG00000044100_ENSBTAT00000061542_UTR_pair	122	7	446
ENSBTAG00000012251_ENSBTAT00000080747_UTR_pair	393	7	4038
ENSBTAG00000038178_ENSBTAT00000103841_UTR_pair	406	7	2182
ENSBTAG00000013592_ENSBTAT00000025240_UTR_pair	269	7	2905
ENSBTAG00000005165_ENSBTAT00000006810_UTR_pair	326	7	2893
ENSBTAG00000008853_ENSBTAT00000109928_UTR_pair	5818	7	4112
ENSBTAG00000010694_ENSBTAT00000079722_UTR_pair	199	7	2489
ENSBTAG00000017540_ENSBTAT00000113580_UTR_pair	278	7	1487
ENSBTAG00000019792_ENSBTAT00000026369_UTR_pair	199	7	1001
ENSBTAG00000003189_ENSBTAT00000004143_UTR_pair	199	7	1001
ENSBTAG00000010109_ENSBTAT00000126098_UTR_pair	396	7	1001
ENSBTAG00000019164_ENSBTAT00000025506_UTR_pair	165	7	287
ENSBTAG00000014020_ENSBTAT00000071700_UTR_pair	199	7	1001
ENSBTAG00000045717_ENSBTAT00000064438_UTR_pair	371	7	268
ENSBTAG00000012476_ENSBTAT00000105854_UTR_pair	199	7	814
ENSBTAG00000019755_ENSBTAT00000074105_UTR_pair	213	7	1375
ENSBTAG00000010932_ENSBTAT00000113426_UTR_pair	153	7	420
ENSBTAG00000014023_ENSBTAT00000018630_UTR_pair	72	7	1718
ENSBTAG00000014029_ENSBTAT00000069473_UTR_pair	458	7	334
ENSBTAG00000014316_ENSBTAT00000075651_UTR_pair	149	7	1136
ENSBTAG00000002614_ENSBTAT00000136280_UTR_pair	30	7	3
ENSBTAG00000002620_ENSBTAT00000129969_UTR_pair	61	7	1001
ENSBTAG00000023054_ENSBTAT00000031344_UTR_pair	116	7	206
ENSBTAG00000033457_ENSBTAT00000053074_UTR_pair	204	7	284
ENSBTAG00000019028_ENSBTAT00000088912_UTR_pair	53	7	4360
ENSBTAG00000033413_ENSBTAT00000022002_UTR_pair	122	7	215
ENSBTAG00000014558_ENSBTAT00000019351_UTR_pair	104	7	2462
ENSBTAG00000014561_ENSBTAT00000019353_UTR_pair	127	7	556
ENSBTAG00000016882_ENSBTAT00000095900_UTR_pair	202	7	1643
ENSBTAG00000012380_ENSBTAT00000078825_UTR_pair	199	7	738
ENSBTAG00000000224_ENSBTAT00000066626_UTR_pair	131	7	669
ENSBTAG00000038845_ENSBTAT00000093008_UTR_pair	137	7	1001
ENSBTAG00000016858_ENSBTAT00000022422_UTR_pair	114	7	47
ENSBTAG00000005666_ENSBTAT00000115111_UTR_pair	127	7	2352
ENSBTAG00000077357_ENSBTAT00000151803_UTR_pair	364	7	6474
ENSBTAG00000009984_ENSBTAT00000080801_UTR_pair	187	7	3317
ENSBTAG00000014270_ENSBTAT00000103302_UTR_pair	9	7	522
ENSBTAG00000046357_ENSBTAT00000131530_UTR_pair	50	7	2816
ENSBTAG00000021499_ENSBTAT00000047021_UTR_pair	45	7	1001
ENSBTAG00000011014_ENSBTAT00000014629_UTR_pair	367	7	1001
ENSBTAG00000000162_ENSBTAT00000147239_UTR_pair	199	7	3013
ENSBTAG00000000163_ENSBTAT00000000187_UTR_pair	200	7	842
ENSBTAG00000013651_ENSBTAT00000129096_UTR_pair	7	7	1001
ENSBTAG00000005807_ENSBTAT00000121412_UTR_pair	87	7	823
ENSBTAG00000003876_ENSBTAT00000113194_UTR_pair	21	7	1907
ENSBTAG00000032996_ENSBTAT00000056188_UTR_pair	103	7	913
ENSBTAG00000000313_ENSBTAT00000000407_UTR_pair	123	7	2027
ENSBTAG00000019130_ENSBTAT00000129724_UTR_pair	151	7	1001
ENSBTAG00000000949_ENSBTAT00000071971_UTR_pair	109	7	291
ENSBTAG00000000950_ENSBTAT00000001255_UTR_pair	169	7	106
ENSBTAG00000020218_ENSBTAT00000078181_UTR_pair	199	7	354
ENSBTAG00000019525_ENSBTAT00000081126_UTR_pair	25	7	1433
ENSBTAG00000011108_ENSBTAT00000084817_UTR_pair	199	7	693
ENSBTAG00000002791_ENSBTAT00000003616_UTR_pair	89	7	1072
ENSBTAG00000002792_ENSBTAT00000128040_UTR_pair	199	7	3644
ENSBTAG00000012657_ENSBTAT00000016807_UTR_pair	310	7	272
ENSBTAG00000012667_ENSBTAT00000071649_UTR_pair	46	7	220
ENSBTAG00000005947_ENSBTAT00000007806_UTR_pair	128	7	951
ENSBTAG00000021879_ENSBTAT00000141929_UTR_pair	40	7	1922
ENSBTAG00000021883_ENSBTAT00000029169_UTR_pair	33	7	1961
ENSBTAG00000002920_ENSBTAT00000086015_UTR_pair	495	7	1255
ENSBTAG00000008619_ENSBTAT00000011368_UTR_pair	33	7	4277
ENSBTAG00000012975_ENSBTAT00000098979_UTR_pair	246	7	295
ENSBTAG00000012977_ENSBTAT00000017255_UTR_pair	116	7	98
ENSBTAG00000013187_ENSBTAT00000078452_UTR_pair	299	7	1638
ENSBTAG00000013259_ENSBTAT00000122265_UTR_pair	103	7	2931
ENSBTAG00000019313_ENSBTAT00000124471_UTR_pair	220	7	1890
ENSBTAG00000016711_ENSBTAT00000022213_UTR_pair	82	7	761
ENSBTAG00000003877_ENSBTAT00000099131_UTR_pair	199	7	1001
ENSBTAG00000020940_ENSBTAT00000104790_UTR_pair	199	7	684
ENSBTAG00000032829_ENSBTAT00000046599_UTR_pair	249	7	1274
ENSBTAG00000017611_ENSBTAT00000073393_UTR_pair	252	7	3924
ENSBTAG00000012213_ENSBTAT00000016211_UTR_pair	199	7	1001
ENSBTAG00000000231_ENSBTAT00000092554_UTR_pair	199	7	3676
ENSBTAG00000003515_ENSBTAT00000004571_UTR_pair	92	7	267
ENSBTAG00000007540_ENSBTAT00000009923_UTR_pair	115	7	1246
ENSBTAG00000007876_ENSBTAT00000108406_UTR_pair	193	7	4377
ENSBTAG00000032527_ENSBTAT00000046144_UTR_pair	199	7	1001
ENSBTAG00000021728_ENSBTAT00000073566_UTR_pair	199	7	613
ENSBTAG00000023018_ENSBTAT00000031269_UTR_pair	254	7	870
ENSBTAG00000011694_ENSBTAT00000015525_UTR_pair	160	7	378
ENSBTAG00000019565_ENSBTAT00000077275_UTR_pair	74	7	1537
ENSBTAG00000006719_ENSBTAT00000008834_UTR_pair	516	7	882
ENSBTAG00000019537_ENSBTAT00000126060_UTR_pair	190	7	3310
ENSBTAG00000037913_ENSBTAT00000108246_UTR_pair	1723	7	2234
ENSBTAG00000002669_ENSBTAT00000084803_UTR_pair	101	7	1001
ENSBTAG00000005077_ENSBTAT00000150300_UTR_pair	72	7	5919
ENSBTAG00000003546_ENSBTAT00000123218_UTR_pair	319	7	331
ENSBTAG00000020314_ENSBTAT00000027073_UTR_pair	135	7	548
ENSBTAG00000012010_ENSBTAT00000015932_UTR_pair	199	7	670
ENSBTAG00000003552_ENSBTAT00000004623_UTR_pair	114	7	376
ENSBTAG00000003545_ENSBTAT00000004611_UTR_pair	228	7	65
ENSBTAG00000033621_ENSBTAT00000047769_UTR_pair	226	7	495
ENSBTAG00000008530_ENSBTAT00000095072_UTR_pair	117	7	3859
ENSBTAG00000013615_ENSBTAT00000018100_UTR_pair	418	7	4304
ENSBTAG00000011100_ENSBTAT00000152452_UTR_pair	87	7	4220
ENSBTAG00000015793_ENSBTAT00000020971_UTR_pair	90	7	747
ENSBTAG00000005482_ENSBTAT00000085727_UTR_pair	108	7	1845
ENSBTAG00000074291_ENSBTAT00000146014_UTR_pair	330	7	5195
ENSBTAG00000015177_ENSBTAT00000092431_UTR_pair	59	7	1001
ENSBTAG00000019995_ENSBTAT00000026632_UTR_pair	145	7	293
ENSBTAG00000007847_ENSBTAT00000103614_UTR_pair	199	7	205
ENSBTAG00000001657_ENSBTAT00000002170_UTR_pair	115	7	1367
ENSBTAG00000000455_ENSBTAT00000100801_UTR_pair	266	7	10257
ENSBTAG00000000451_ENSBTAT00000115487_UTR_pair	273	7	19
ENSBTAG00000007479_ENSBTAT00000124245_UTR_pair	199	7	3894
ENSBTAG00000015277_ENSBTAT00000020320_UTR_pair	199	7	1001
ENSBTAG00000002417_ENSBTAT00000003135_UTR_pair	231	7	871
ENSBTAG00000033731_ENSBTAT00000087758_UTR_pair	258	7	531
ENSBTAG00000002922_ENSBTAT00000084533_UTR_pair	64	7	3650
ENSBTAG00000012944_ENSBTAT00000115192_UTR_pair	199	7	1001
ENSBTAG00000054429_ENSBTAT00000075746_UTR_pair	199	7	2373
ENSBTAG00000017298_ENSBTAT00000112846_UTR_pair	242	7	252
ENSBTAG00000019930_ENSBTAT00000141097_UTR_pair	72	7	2578
ENSBTAG00000019928_ENSBTAT00000117022_UTR_pair	42	7	6
ENSBTAG00000010191_ENSBTAT00000013448_UTR_pair	125	7	1226
ENSBTAG00000013419_ENSBTAT00000097780_UTR_pair	379	7	775
ENSBTAG00000017446_ENSBTAT00000086675_UTR_pair	199	7	933
ENSBTAG00000020642_ENSBTAT00000067602_UTR_pair	57	7	477
ENSBTAG00000048059_ENSBTAT00000082332_UTR_pair	199	7	1031
ENSBTAG00000001660_ENSBTAT00000002177_UTR_pair	215	7	3021
ENSBTAG00000013568_ENSBTAT00000068682_UTR_pair	199	7	3210
ENSBTAG00000013563_ENSBTAT00000114583_UTR_pair	146	7	551
ENSBTAG00000008683_ENSBTAT00000114292_UTR_pair	199	7	610
ENSBTAG00000005160_ENSBTAT00000006803_UTR_pair	187	7	1001
ENSBTAG00000005147_ENSBTAT00000006797_UTR_pair	103	7	1441
ENSBTAG00000021215_ENSBTAT00000030306_UTR_pair	137	7	1263
ENSBTAG00000009412_ENSBTAT00000030292_UTR_pair	199	7	412
ENSBTAG00000033464_ENSBTAT00000103773_UTR_pair	523	7	46
ENSBTAG00000001474_ENSBTAT00000001930_UTR_pair	281	7	836
ENSBTAG00000003985_ENSBTAT00000066261_UTR_pair	131	7	778
ENSBTAG00000056463_ENSBTAT00000127321_UTR_pair	158	7	1020
ENSBTAG00000009124_ENSBTAT00000012027_UTR_pair	225	7	339
ENSBTAG00000007202_ENSBTAT00000009476_UTR_pair	242	7	577
ENSBTAG00000007203_ENSBTAT00000009477_UTR_pair	199	7	1759
ENSBTAG00000017582_ENSBTAT00000023380_UTR_pair	199	7	773
ENSBTAG00000009315_ENSBTAT00000012270_UTR_pair	345	7	475
ENSBTAG00000014105_ENSBTAT00000018762_UTR_pair	56	7	928
ENSBTAG00000021504_ENSBTAT00000070781_UTR_pair	335	7	4572
ENSBTAG00000002879_ENSBTAT00000147106_UTR_pair	34	7	191
ENSBTAG00000016506_ENSBTAT00000095662_UTR_pair	63	7	566
ENSBTAG00000002341_ENSBTAT00000083425_UTR_pair	218	7	596
ENSBTAG00000008283_ENSBTAT00000116700_UTR_pair	199	7	1461
ENSBTAG00000017610_ENSBTAT00000061387_UTR_pair	317	7	1001
ENSBTAG00000019001_ENSBTAT00000084970_UTR_pair	199	7	1001
ENSBTAG00000016168_ENSBTAT00000021524_UTR_pair	84	7	1328
ENSBTAG00000009210_ENSBTAT00000030224_UTR_pair	128	7	1518
ENSBTAG00000013076_ENSBTAT00000017386_UTR_pair	479	7	957
ENSBTAG00000014366_ENSBTAT00000081666_UTR_pair	181	7	371
ENSBTAG00000018362_ENSBTAT00000024427_UTR_pair	166	7	1205
ENSBTAG00000018364_ENSBTAT00000024433_UTR_pair	140	7	230
ENSBTAG00000008064_ENSBTAT00000133989_UTR_pair	199	7	1001
ENSBTAG00000018202_ENSBTAT00000083964_UTR_pair	256	7	1001
ENSBTAG00000021517_ENSBTAT00000095489_UTR_pair	71	7	142
ENSBTAG00000015263_ENSBTAT00000020300_UTR_pair	56	7	5
ENSBTAG00000015266_ENSBTAT00000153830_UTR_pair	17	7	1476
ENSBTAG00000013942_ENSBTAT00000018523_UTR_pair	178	7	2503
ENSBTAG00000032557_ENSBTAT00000046195_UTR_pair	86	7	126
ENSBTAG00000000064_ENSBTAT00000000071_UTR_pair	639	7	1651
ENSBTAG00000022294_ENSBTAT00000073836_UTR_pair	197	7	1001
ENSBTAG00000015505_ENSBTAT00000020610_UTR_pair	162	7	1500
ENSBTAG00000015511_ENSBTAT00000128513_UTR_pair	100	7	1
ENSBTAG00000015745_ENSBTAT00000112095_UTR_pair	56	7	896
ENSBTAG00000011184_ENSBTAT00000067393_UTR_pair	38	7	161
ENSBTAG00000006910_ENSBTAT00000009073_UTR_pair	96	7	1090
ENSBTAG00000011865_ENSBTAT00000015748_UTR_pair	68	7	667
ENSBTAG00000011872_ENSBTAT00000015756_UTR_pair	165	7	225
ENSBTAG00000016950_ENSBTAT00000080834_UTR_pair	103	7	376
ENSBTAG00000010481_ENSBTAT00000013845_UTR_pair	95	7	87
ENSBTAG00000002510_ENSBTAT00000003261_UTR_pair	199	7	548
ENSBTAG00000000773_ENSBTAT00000001024_UTR_pair	1679	7	1604
ENSBTAG00000021329_ENSBTAT00000028434_UTR_pair	146	7	1001
ENSBTAG00000009490_ENSBTAT00000046561_UTR_pair	422	7	590
ENSBTAG00000015248_ENSBTAT00000124495_UTR_pair	199	7	1001
ENSBTAG00000003330_ENSBTAT00000127667_UTR_pair	209	7	150
ENSBTAG00000019204_ENSBTAT00000129366_UTR_pair	116	7	916
ENSBTAG00000018022_ENSBTAT00000113211_UTR_pair	269	7	176
ENSBTAG00000007825_ENSBTAT00000118482_UTR_pair	378	7	334
ENSBTAG00000007827_ENSBTAT00000010294_UTR_pair	199	7	615
ENSBTAG00000003073_ENSBTAT00000003996_UTR_pair	56	7	2454
ENSBTAG00000003967_ENSBTAT00000005174_UTR_pair	40	7	893
ENSBTAG00000017181_ENSBTAT00000069335_UTR_pair	118	7	103
ENSBTAG00000015663_ENSBTAT00000076094_UTR_pair	95	7	399
ENSBTAG00000047265_ENSBTAT00000107963_UTR_pair	1	7	96
ENSBTAG00000012511_ENSBTAT00000148547_UTR_pair	239	7	363
ENSBTAG00000008645_ENSBTAT00000147837_UTR_pair	199	7	799
ENSBTAG00000008648_ENSBTAT00000011403_UTR_pair	613	7	130
ENSBTAG00000039153_ENSBTAT00000111126_UTR_pair	84	7	733
ENSBTAG00000001035_ENSBTAT00000133157_UTR_pair	373	7	1205
ENSBTAG00000001037_ENSBTAT00000001378_UTR_pair	6	7	453
ENSBTAG00000050712_ENSBTAT00000083276_UTR_pair	191	7	236
ENSBTAG00000007058_ENSBTAT00000009283_UTR_pair	98	7	413
ENSBTAG00000007061_ENSBTAT00000009284_UTR_pair	645	7	643
ENSBTAG00000002238_ENSBTAT00000002890_UTR_pair	33	7	78
ENSBTAG00000002248_ENSBTAT00000002904_UTR_pair	94	7	322
ENSBTAG00000015479_ENSBTAT00000135119_UTR_pair	194	7	1001
ENSBTAG00000005069_ENSBTAT00000006683_UTR_pair	139	7	248
ENSBTAG00000020807_ENSBTAT00000027728_UTR_pair	110	7	45
ENSBTAG00000005075_ENSBTAT00000006689_UTR_pair	71	7	1232
ENSBTAG00000005076_ENSBTAT00000006699_UTR_pair	81	7	1001
ENSBTAG00000010230_ENSBTAT00000130093_UTR_pair	199	7	718
ENSBTAG00000003077_ENSBTAT00000109037_UTR_pair	43	7	1786
ENSBTAG00000008568_ENSBTAT00000011303_UTR_pair	353	7	438
ENSBTAG00000006740_ENSBTAT00000045467_UTR_pair	65	7	263
ENSBTAG00000006747_ENSBTAT00000111966_UTR_pair	199	7	1467
ENSBTAG00000009554_ENSBTAT00000008891_UTR_pair	51	7	419
ENSBTAG00000004114_ENSBTAT00000005378_UTR_pair	459	7	524
ENSBTAG00000003759_ENSBTAT00000004893_UTR_pair	199	7	453
ENSBTAG00000013884_ENSBTAT00000113278_UTR_pair	339	7	234
ENSBTAG00000013895_ENSBTAT00000105330_UTR_pair	199	7	782
ENSBTAG00000046875_ENSBTAT00000064301_UTR_pair	12	7	136
ENSBTAG00000021455_ENSBTAT00000028602_UTR_pair	80	7	502
ENSBTAG00000021457_ENSBTAT00000070645_UTR_pair	199	7	592
ENSBTAG00000062229_ENSBTAT00000135778_UTR_pair	929	7	1616
ENSBTAG00000006199_ENSBTAT00000008142_UTR_pair	108	7	109
ENSBTAG00000020186_ENSBTAT00000026889_UTR_pair	386	7	135
ENSBTAG00000031875_ENSBTAT00000082446_UTR_pair	278	7	382
ENSBTAG00000009026_ENSBTAT00000114980_UTR_pair	128	7	22
ENSBTAG00000019334_ENSBTAT00000099464_UTR_pair	149	7	1001
ENSBTAG00000046485_ENSBTAT00000064628_UTR_pair	124	7	121
ENSBTAG00000012024_ENSBTAT00000123283_UTR_pair	174	7	1001
ENSBTAG00000022242_ENSBTAT00000103521_UTR_pair	199	7	382
ENSBTAG00000005756_ENSBTAT00000116433_UTR_pair	78	7	1001
ENSBTAG00000010994_ENSBTAT00000014587_UTR_pair	98	7	431
ENSBTAG00000004343_ENSBTAT00000005683_UTR_pair	109	7	461
ENSBTAG00000001225_ENSBTAT00000001619_UTR_pair	85	7	2913
ENSBTAG00000000423_ENSBTAT00000007153_UTR_pair	138	7	131
ENSBTAG00000019700_ENSBTAT00000068219_UTR_pair	199	7	368
ENSBTAG00000037404_ENSBTAT00000053062_UTR_pair	199	7	1001
ENSBTAG00000020600_ENSBTAT00000027446_UTR_pair	199	7	410
ENSBTAG00000044032_ENSBTAT00000072713_UTR_pair	81	7	1295
ENSBTAG00000005832_ENSBTAT00000055962_UTR_pair	126	7	1122
ENSBTAG00000012200_ENSBTAT00000030045_UTR_pair	142	7	155
ENSBTAG00000031590_ENSBTAT00000108079_UTR_pair	93	7	679
ENSBTAG00000017951_ENSBTAT00000073895_UTR_pair	199	7	467
ENSBTAG00000012141_ENSBTAT00000016108_UTR_pair	78	7	859
ENSBTAG00000012146_ENSBTAT00000016111_UTR_pair	43	7	340
ENSBTAG00000009175_ENSBTAT00000012092_UTR_pair	108	7	228
ENSBTAG00000010478_ENSBTAT00000110497_UTR_pair	199	7	37
ENSBTAG00000010482_ENSBTAT00000092920_UTR_pair	318	7	1001
ENSBTAG00000013093_ENSBTAT00000076578_UTR_pair	178	7	507
ENSBTAG00000000292_ENSBTAT00000000367_UTR_pair	110	7	202
ENSBTAG00000010304_ENSBTAT00000082323_UTR_pair	199	7	914
ENSBTAG00000001185_ENSBTAT00000073792_UTR_pair	199	7	1001
ENSBTAG00000005903_ENSBTAT00000007756_UTR_pair	80	7	192
ENSBTAG00000009584_ENSBTAT00000069733_UTR_pair	332	7	2155
ENSBTAG00000021999_ENSBTAT00000068819_UTR_pair	139	7	2028
ENSBTAG00000022185_ENSBTAT00000098498_UTR_pair	64	7	837
ENSBTAG00000015183_ENSBTAT00000131481_UTR_pair	42	7	716
ENSBTAG00000017514_ENSBTAT00000023277_UTR_pair	199	7	2602
ENSBTAG00000073119_ENSBTAT00000152212_UTR_pair	119	7	4148
ENSBTAG00000006071_ENSBTAT00000007976_UTR_pair	1222	7	899
ENSBTAG00000016465_ENSBTAT00000021892_UTR_pair	185	7	1237
ENSBTAG00000001077_ENSBTAT00000124021_UTR_pair	290	7	770
ENSBTAG00000010777_ENSBTAT00000014273_UTR_pair	84	7	129
ENSBTAG00000022160_ENSBTAT00000029894_UTR_pair	199	7	961
ENSBTAG00000031194_ENSBTAT00000044171_UTR_pair	334	7	877
ENSBTAG00000031184_ENSBTAT00000044159_UTR_pair	153	7	693
ENSBTAG00000010447_ENSBTAT00000099079_UTR_pair	199	7	437
ENSBTAG00000051211_ENSBTAT00000073489_UTR_pair	480	7	1001
ENSBTAG00000008237_ENSBTAT00000010835_UTR_pair	107	7	1445
ENSBTAG00000009915_ENSBTAT00000084251_UTR_pair	122	7	313
ENSBTAG00000009899_ENSBTAT00000074326_UTR_pair	199	7	80
ENSBTAG00000019369_ENSBTAT00000091399_UTR_pair	91	7	359
ENSBTAG00000019569_ENSBTAT00000053083_UTR_pair	107	7	631
ENSBTAG00000005144_ENSBTAT00000029870_UTR_pair	137	7	479
ENSBTAG00000001229_ENSBTAT00000001624_UTR_pair	191	7	783
ENSBTAG00000010348_ENSBTAT00000132389_UTR_pair	199	7	786
ENSBTAG00000022147_ENSBTAT00000029874_UTR_pair	199	7	810
ENSBTAG00000063314_ENSBTAT00000107312_UTR_pair	312	7	1001
ENSBTAG00000050837_ENSBTAT00000079372_UTR_pair	199	7	319
ENSBTAG00000047680_ENSBTAT00000065006_UTR_pair	422	7	45
ENSBTAG00000046359_ENSBTAT00000125154_UTR_pair	85	7	187
ENSBTAG00000045834_ENSBTAT00000087099_UTR_pair	199	7	416
ENSBTAG00000046869_ENSBTAT00000093102_UTR_pair	199	7	94
ENSBTAG00000049685_ENSBTAT00000123571_UTR_pair	199	7	1001
ENSBTAG00000011149_ENSBTAT00000073050_UTR_pair	315	7	172
ENSBTAG00000048098_ENSBTAT00000065717_UTR_pair	408	7	341
ENSBTAG00000024814_ENSBTAT00000034550_UTR_pair	199	7	674
ENSBTAG00000037819_ENSBTAT00000113878_UTR_pair	80	7	794
ENSBTAG00000005393_ENSBTAT00000075015_UTR_pair	199	7	13
ENSBTAG00000000616_ENSBTAT00000083023_UTR_pair	47	7	477
ENSBTAG00000020969_ENSBTAT00000084712_UTR_pair	236	7	407
ENSBTAG00000002823_ENSBTAT00000003653_UTR_pair	112	7	2443
ENSBTAG00000008931_ENSBTAT00000011757_UTR_pair	64	7	1300
ENSBTAG00000010456_ENSBTAT00000013804_UTR_pair	173	7	1160
ENSBTAG00000010775_ENSBTAT00000077698_UTR_pair	309	7	12
ENSBTAG00000044150_ENSBTAT00000061309_UTR_pair	106	7	265
ENSBTAG00000017852_ENSBTAT00000034095_UTR_pair	374	7	3882
ENSBTAG00000010265_ENSBTAT00000013559_UTR_pair	7	7	104
ENSBTAG00000013801_ENSBTAT00000085614_UTR_pair	199	7	974
ENSBTAG00000074103_ENSBTAT00000152410_UTR_pair	81	7	5043
ENSBTAG00000005976_ENSBTAT00000007841_UTR_pair	13	7	1214
ENSBTAG00000004885_ENSBTAT00000094386_UTR_pair	318	7	420
ENSBTAG00000010206_ENSBTAT00000013466_UTR_pair	113	7	490
ENSBTAG00000012694_ENSBTAT00000016871_UTR_pair	199	7	20
ENSBTAG00000034147_ENSBTAT00000015933_UTR_pair	474	7	473
ENSBTAG00000005227_ENSBTAT00000127760_UTR_pair	209	7	339
ENSBTAG00000015853_ENSBTAT00000021075_UTR_pair	27	7	759
ENSBTAG00000009213_ENSBTAT00000054884_UTR_pair	256	7	1450
ENSBTAG00000021897_ENSBTAT00000075450_UTR_pair	199	7	517
ENSBTAG00000020154_ENSBTAT00000026845_UTR_pair	155	7	1209
ENSBTAG00000020153_ENSBTAT00000090689_UTR_pair	77	7	271
ENSBTAG00000017873_ENSBTAT00000023760_UTR_pair	246	7	665
ENSBTAG00000006560_ENSBTAT00000008612_UTR_pair	301	7	1001
ENSBTAG00000007537_ENSBTAT00000009921_UTR_pair	7	7	2369
ENSBTAG00000005796_ENSBTAT00000086437_UTR_pair	427	7	1860
ENSBTAG00000005793_ENSBTAT00000007616_UTR_pair	156	7	1989
ENSBTAG00000009982_ENSBTAT00000013165_UTR_pair	172	7	261
ENSBTAG00000002419_ENSBTAT00000003140_UTR_pair	460	7	7248
ENSBTAG00000004776_ENSBTAT00000006274_UTR_pair	36	7	226
ENSBTAG00000008649_ENSBTAT00000011404_UTR_pair	199	7	3470
ENSBTAG00000012361_ENSBTAT00000077218_UTR_pair	218	7	1001
ENSBTAG00000000608_ENSBTAT00000000800_UTR_pair	282	7	495
ENSBTAG00000001520_ENSBTAT00000001991_UTR_pair	30	7	99
ENSBTAG00000001519_ENSBTAT00000001990_UTR_pair	253	7	217
ENSBTAG00000001518_ENSBTAT00000001989_UTR_pair	415	7	773
ENSBTAG00000005716_ENSBTAT00000007515_UTR_pair	295	7	1001
ENSBTAG00000006882_ENSBTAT00000046733_UTR_pair	27	7	910
ENSBTAG00000046545_ENSBTAT00000066030_UTR_pair	325	7	778
ENSBTAG00000006370_ENSBTAT00000008358_UTR_pair	205	7	222
ENSBTAG00000006364_ENSBTAT00000008351_UTR_pair	12	7	2085
ENSBTAG00000009435_ENSBTAT00000108087_UTR_pair	122	7	1001
ENSBTAG00000009431_ENSBTAT00000082541_UTR_pair	157	7	2467
ENSBTAG00000017574_ENSBTAT00000098420_UTR_pair	209	7	1001
ENSBTAG00000001548_ENSBTAT00000101122_UTR_pair	65	7	1847
ENSBTAG00000001212_ENSBTAT00000073018_UTR_pair	61	7	463
ENSBTAG00000000108_ENSBTAT00000000119_UTR_pair	66	7	1081
ENSBTAG00000000105_ENSBTAT00000123937_UTR_pair	199	7	2465
ENSBTAG00000011209_ENSBTAT00000014885_UTR_pair	195	7	2995
ENSBTAG00000020356_ENSBTAT00000027126_UTR_pair	61	7	340
ENSBTAG00000003954_ENSBTAT00000005172_UTR_pair	241	7	2365
ENSBTAG00000014393_ENSBTAT00000019139_UTR_pair	199	7	348
ENSBTAG00000012094_ENSBTAT00000099176_UTR_pair	238	7	923
ENSBTAG00000047731_ENSBTAT00000119453_UTR_pair	604	7	540
ENSBTAG00000014841_ENSBTAT00000131059_UTR_pair	52	7	1001
ENSBTAG00000000057_ENSBTAT00000113931_UTR_pair	122	7	242
ENSBTAG00000010617_ENSBTAT00000113368_UTR_pair	237	7	37
ENSBTAG00000003083_ENSBTAT00000091338_UTR_pair	199	7	1001
ENSBTAG00000020244_ENSBTAT00000004007_UTR_pair	102	7	824
ENSBTAG00000010673_ENSBTAT00000033972_UTR_pair	76	7	547
ENSBTAG00000010663_ENSBTAT00000072569_UTR_pair	74	7	268
ENSBTAG00000021512_ENSBTAT00000093459_UTR_pair	199	7	288
ENSBTAG00000000186_ENSBTAT00000000211_UTR_pair	212	7	88
ENSBTAG00000024476_ENSBTAT00000033975_UTR_pair	13	7	119
ENSBTAG00000019838_ENSBTAT00000026432_UTR_pair	194	7	1507
ENSBTAG00000004552_ENSBTAT00000087449_UTR_pair	173	7	1038
ENSBTAG00000007519_ENSBTAT00000111088_UTR_pair	182	7	2515
ENSBTAG00000007515_ENSBTAT00000154443_UTR_pair	31	7	464
ENSBTAG00000018474_ENSBTAT00000024587_UTR_pair	25	7	1191
ENSBTAG00000005161_ENSBTAT00000075591_UTR_pair	307	7	1741
ENSBTAG00000013025_ENSBTAT00000017314_UTR_pair	94	7	176
ENSBTAG00000004271_ENSBTAT00000094379_UTR_pair	40	7	1001
ENSBTAG00000078162_ENSBTAT00000075495_UTR_pair	39	7	61
ENSBTAG00000014694_ENSBTAT00000142521_UTR_pair	465	7	1001
ENSBTAG00000011284_ENSBTAT00000099642_UTR_pair	107	7	996
ENSBTAG00000017942_ENSBTAT00000056382_UTR_pair	111	7	431
ENSBTAG00000018711_ENSBTAT00000097375_UTR_pair	199	7	782
ENSBTAG00000006678_ENSBTAT00000008766_UTR_pair	214	7	3564
ENSBTAG00000006235_ENSBTAT00000008186_UTR_pair	554	7	1028
ENSBTAG00000012471_ENSBTAT00000016549_UTR_pair	94	7	367
ENSBTAG00000012470_ENSBTAT00000016548_UTR_pair	19	7	31
ENSBTAG00000005166_ENSBTAT00000085848_UTR_pair	243	7	1019
ENSBTAG00000014204_ENSBTAT00000018877_UTR_pair	290	7	593
ENSBTAG00000037651_ENSBTAT00000000589_UTR_pair	199	7	98
ENSBTAG00000019203_ENSBTAT00000025561_UTR_pair	10	7	128
ENSBTAG00000077740_ENSBTAT00000144774_UTR_pair	224	7	1083
ENSBTAG00000004772_ENSBTAT00000136349_UTR_pair	13	7	571
ENSBTAG00000021594_ENSBTAT00000127871_UTR_pair	128	7	758
ENSBTAG00000017566_ENSBTAT00000046403_UTR_pair	52	7	1461
ENSBTAG00000017564_ENSBTAT00000023352_UTR_pair	15	7	1364
ENSBTAG00000021289_ENSBTAT00000033883_UTR_pair	270	7	2051
ENSBTAG00000017580_ENSBTAT00000023377_UTR_pair	199	7	5134
ENSBTAG00000007320_ENSBTAT00000009628_UTR_pair	170	7	696
ENSBTAG00000007318_ENSBTAT00000091416_UTR_pair	199	7	1001
ENSBTAG00000006101_ENSBTAT00000008019_UTR_pair	28	7	1
ENSBTAG00000006099_ENSBTAT00000091943_UTR_pair	199	7	1625
ENSBTAG00000020395_ENSBTAT00000096736_UTR_pair	90	7	414
ENSBTAG00000015371_ENSBTAT00000033798_UTR_pair	199	7	905
ENSBTAG00000015369_ENSBTAT00000020427_UTR_pair	74	7	993
ENSBTAG00000015363_ENSBTAT00000020417_UTR_pair	614	7	2278
ENSBTAG00000015336_ENSBTAT00000067708_UTR_pair	199	7	1431
ENSBTAG00000015329_ENSBTAT00000033792_UTR_pair	862	7	457
ENSBTAG00000000098_ENSBTAT00000000107_UTR_pair	95	7	687
ENSBTAG00000021037_ENSBTAT00000137107_UTR_pair	81	7	1957
ENSBTAG00000017135_ENSBTAT00000022774_UTR_pair	31	7	713
ENSBTAG00000073364_ENSBTAT00000139012_UTR_pair	12	7	1995
ENSBTAG00000015154_ENSBTAT00000020159_UTR_pair	192	7	2642
ENSBTAG00000003604_ENSBTAT00000004686_UTR_pair	286	7	727
ENSBTAG00000003806_ENSBTAT00000144871_UTR_pair	96	7	91
ENSBTAG00000013946_ENSBTAT00000083022_UTR_pair	254	7	212
ENSBTAG00000021482_ENSBTAT00000086383_UTR_pair	245	7	739
ENSBTAG00000016730_ENSBTAT00000022237_UTR_pair	299	7	2203
ENSBTAG00000004852_ENSBTAT00000006381_UTR_pair	103	7	90
ENSBTAG00000001586_ENSBTAT00000021435_UTR_pair	304	7	287
ENSBTAG00000012495_ENSBTAT00000016577_UTR_pair	56	7	229
ENSBTAG00000001599_ENSBTAT00000002101_UTR_pair	484	7	1678
ENSBTAG00000006050_ENSBTAT00000007946_UTR_pair	199	7	1001
ENSBTAG00000020060_ENSBTAT00000026724_UTR_pair	384	7	1432
ENSBTAG00000013910_ENSBTAT00000088091_UTR_pair	36	7	812
ENSBTAG00000008369_ENSBTAT00000011015_UTR_pair	106	7	2265
ENSBTAG00000008372_ENSBTAT00000093519_UTR_pair	89	7	801
ENSBTAG00000021634_ENSBTAT00000028829_UTR_pair	59	7	906
ENSBTAG00000008131_ENSBTAT00000010691_UTR_pair	259	7	1165
ENSBTAG00000002422_ENSBTAT00000003141_UTR_pair	260	7	1001
ENSBTAG00000020831_ENSBTAT00000027762_UTR_pair	18	7	290
ENSBTAG00000072027_ENSBTAT00000154776_UTR_pair	78	7	4580
ENSBTAG00000001564_ENSBTAT00000076768_UTR_pair	384	7	987
ENSBTAG00000007712_ENSBTAT00000010141_UTR_pair	167	7	462
ENSBTAG00000007909_ENSBTAT00000010400_UTR_pair	12	7	43
ENSBTAG00000039719_ENSBTAT00000008907_UTR_pair	199	7	158
ENSBTAG00000032187_ENSBTAT00000054468_UTR_pair	305	7	1001
ENSBTAG00000005064_ENSBTAT00000112935_UTR_pair	23	7	605
ENSBTAG00000019937_ENSBTAT00000026561_UTR_pair	199	7	578
ENSBTAG00000016387_ENSBTAT00000021791_UTR_pair	242	7	103
ENSBTAG00000003586_ENSBTAT00000039902_UTR_pair	199	7	114
ENSBTAG00000001748_ENSBTAT00000100859_UTR_pair	33	7	641
ENSBTAG00000015392_ENSBTAT00000107900_UTR_pair	84	7	206
ENSBTAG00000008022_ENSBTAT00000056377_UTR_pair	199	7	1001
ENSBTAG00000004849_ENSBTAT00000006374_UTR_pair	213	7	3106
ENSBTAG00000005788_ENSBTAT00000007608_UTR_pair	385	7	1001
ENSBTAG00000015961_ENSBTAT00000021222_UTR_pair	16	7	384
ENSBTAG00000015977_ENSBTAT00000128238_UTR_pair	78	7	7381
ENSBTAG00000000678_ENSBTAT00000072611_UTR_pair	484	7	1249
ENSBTAG00000046797_ENSBTAT00000093166_UTR_pair	144	7	3978
ENSBTAG00000001499_ENSBTAT00000067002_UTR_pair	199	7	1702
ENSBTAG00000011322_ENSBTAT00000111434_UTR_pair	271	7	420
ENSBTAG00000003616_ENSBTAT00000122114_UTR_pair	199	7	1001
ENSBTAG00000003614_ENSBTAT00000004711_UTR_pair	210	7	2204
ENSBTAG00000019615_ENSBTAT00000026132_UTR_pair	548	7	505
ENSBTAG00000019611_ENSBTAT00000061528_UTR_pair	199	7	1931
ENSBTAG00000008525_ENSBTAT00000011238_UTR_pair	199	7	476
ENSBTAG00000015107_ENSBTAT00000020102_UTR_pair	209	7	3799
ENSBTAG00000006081_ENSBTAT00000071582_UTR_pair	28	7	166
ENSBTAG00000014299_ENSBTAT00000018998_UTR_pair	375	7	544
ENSBTAG00000014297_ENSBTAT00000018997_UTR_pair	86	7	86
ENSBTAG00000014294_ENSBTAT00000067283_UTR_pair	12	7	464
ENSBTAG00000021602_ENSBTAT00000028787_UTR_pair	135	7	1100
ENSBTAG00000018717_ENSBTAT00000024914_UTR_pair	4	7	365
ENSBTAG00000050904_ENSBTAT00000068678_UTR_pair	152	7	4053
ENSBTAG00000006441_ENSBTAT00000135625_UTR_pair	221	7	338
ENSBTAG00000014102_ENSBTAT00000120421_UTR_pair	69	7	45
ENSBTAG00000020169_ENSBTAT00000026862_UTR_pair	153	7	655
ENSBTAG00000009888_ENSBTAT00000070934_UTR_pair	63	7	3803
ENSBTAG00000012659_ENSBTAT00000135480_UTR_pair	415	7	2117
ENSBTAG00000070801_ENSBTAT00000152026_UTR_pair	34	7	1430
ENSBTAG00000018893_ENSBTAT00000076459_UTR_pair	278	7	2044
ENSBTAG00000000283_ENSBTAT00000076179_UTR_pair	199	7	1821
ENSBTAG00000013018_ENSBTAT00000080896_UTR_pair	199	7	859
ENSBTAG00000014083_ENSBTAT00000018722_UTR_pair	350	7	11064
ENSBTAG00000016643_ENSBTAT00000101237_UTR_pair	34	7	143
ENSBTAG00000008849_ENSBTAT00000082768_UTR_pair	199	7	4367
ENSBTAG00000018804_ENSBTAT00000063317_UTR_pair	199	7	1001
ENSBTAG00000012962_ENSBTAT00000017232_UTR_pair	86	7	222
ENSBTAG00000062514_ENSBTAT00000150956_UTR_pair	40	7	1300
ENSBTAG00000020384_ENSBTAT00000109751_UTR_pair	199	7	1203
ENSBTAG00000017124_ENSBTAT00000129165_UTR_pair	58	7	589
ENSBTAG00000007330_ENSBTAT00000081692_UTR_pair	230	7	625
ENSBTAG00000047874_ENSBTAT00000063261_UTR_pair	157	7	356
ENSBTAG00000005439_ENSBTAT00000007157_UTR_pair	199	7	1001
ENSBTAG00000003752_ENSBTAT00000004885_UTR_pair	196	7	1893
ENSBTAG00000031575_ENSBTAT00000086270_UTR_pair	199	7	2201
ENSBTAG00000039951_ENSBTAT00000094407_UTR_pair	1273	7	233
ENSBTAG00000019091_ENSBTAT00000025416_UTR_pair	73	7	206
ENSBTAG00000005990_ENSBTAT00000133857_UTR_pair	1046	7	3434
ENSBTAG00000019027_ENSBTAT00000112551_UTR_pair	168	7	394
ENSBTAG00000019026_ENSBTAT00000133166_UTR_pair	290	7	1636
ENSBTAG00000031439_ENSBTAT00000133917_UTR_pair	199	7	2
ENSBTAG00000006321_ENSBTAT00000104141_UTR_pair	176	7	263
ENSBTAG00000015778_ENSBTAT00000075408_UTR_pair	199	7	1752
ENSBTAG00000006491_ENSBTAT00000102574_UTR_pair	63	7	424
ENSBTAG00000003440_ENSBTAT00000004475_UTR_pair	113	7	785
ENSBTAG00000008809_ENSBTAT00000118300_UTR_pair	86	7	1366
ENSBTAG00000004422_ENSBTAT00000076761_UTR_pair	114	7	205
ENSBTAG00000020345_ENSBTAT00000027115_UTR_pair	251	7	765
ENSBTAG00000020344_ENSBTAT00000033542_UTR_pair	26	7	88
ENSBTAG00000007101_ENSBTAT00000123922_UTR_pair	136	7	860
ENSBTAG00000009698_ENSBTAT00000071875_UTR_pair	88	7	1395
ENSBTAG00000004190_ENSBTAT00000005488_UTR_pair	199	7	1236
ENSBTAG00000076086_ENSBTAT00000026855_UTR_pair	274	7	4112
ENSBTAG00000008737_ENSBTAT00000011514_UTR_pair	64	7	3622
ENSBTAG00000020180_ENSBTAT00000138474_UTR_pair	152	7	5586
ENSBTAG00000001393_ENSBTAT00000001831_UTR_pair	85	7	260
ENSBTAG00000002028_ENSBTAT00000122721_UTR_pair	169	7	1204
ENSBTAG00000002026_ENSBTAT00000086285_UTR_pair	107	7	61
ENSBTAG00000006167_ENSBTAT00000141207_UTR_pair	222	7	802
ENSBTAG00000005805_ENSBTAT00000077881_UTR_pair	80	7	423
ENSBTAG00000024269_ENSBTAT00000076281_UTR_pair	199	7	3316
ENSBTAG00000016307_ENSBTAT00000021696_UTR_pair	325	7	1389
ENSBTAG00000011200_ENSBTAT00000014875_UTR_pair	616	7	1492
ENSBTAG00000019133_ENSBTAT00000084549_UTR_pair	394	7	852
ENSBTAG00000020958_ENSBTAT00000120402_UTR_pair	1865	7	12739
ENSBTAG00000000900_ENSBTAT00000001193_UTR_pair	157	7	182
ENSBTAG00000020214_ENSBTAT00000026919_UTR_pair	234	7	1001
ENSBTAG00000000504_ENSBTAT00000044137_UTR_pair	69	7	1976
ENSBTAG00000021900_ENSBTAT00000081531_UTR_pair	228	7	93
ENSBTAG00000000305_ENSBTAT00000000389_UTR_pair	60	7	752
ENSBTAG00000017595_ENSBTAT00000023395_UTR_pair	199	7	1001
ENSBTAG00000031171_ENSBTAT00000081144_UTR_pair	156	7	346
ENSBTAG00000021051_ENSBTAT00000028038_UTR_pair	177	7	99
ENSBTAG00000034776_ENSBTAT00000049235_UTR_pair	141	7	2924
ENSBTAG00000003444_ENSBTAT00000004474_UTR_pair	74	7	5244
ENSBTAG00000018942_ENSBTAT00000033499_UTR_pair	153	7	3510
ENSBTAG00000005782_ENSBTAT00000007603_UTR_pair	38	7	479
ENSBTAG00000008122_ENSBTAT00000010682_UTR_pair	655	7	230
ENSBTAG00000011953_ENSBTAT00000050033_UTR_pair	84	7	2072
ENSBTAG00000003322_ENSBTAT00000137221_UTR_pair	473	7	4355
ENSBTAG00000012305_ENSBTAT00000067330_UTR_pair	248	7	149
ENSBTAG00000030932_ENSBTAT00000031066_UTR_pair	200	7	677
ENSBTAG00000021752_ENSBTAT00000028994_UTR_pair	81	7	63
ENSBTAG00000008926_ENSBTAT00000011751_UTR_pair	105	7	303
ENSBTAG00000020761_ENSBTAT00000027667_UTR_pair	304	7	1019
ENSBTAG00000017419_ENSBTAT00000143578_UTR_pair	498	7	5650
ENSBTAG00000017411_ENSBTAT00000089010_UTR_pair	189	7	1246
ENSBTAG00000031012_ENSBTAT00000127769_UTR_pair	21	7	1001
ENSBTAG00000053587_ENSBTAT00000073970_UTR_pair	161	7	1001
ENSBTAG00000005196_ENSBTAT00000119584_UTR_pair	38	7	259
ENSBTAG00000003162_ENSBTAT00000043686_UTR_pair	398	7	1067
ENSBTAG00000038480_ENSBTAT00000055149_UTR_pair	154	7	1589
ENSBTAG00000015482_ENSBTAT00000020574_UTR_pair	316	7	2278
ENSBTAG00000015474_ENSBTAT00000020564_UTR_pair	102	7	1001
ENSBTAG00000008243_ENSBTAT00000083064_UTR_pair	55	7	2517
ENSBTAG00000001343_ENSBTAT00000040383_UTR_pair	135	7	1644
ENSBTAG00000012976_ENSBTAT00000083860_UTR_pair	221	7	1001
ENSBTAG00000061772_ENSBTAT00000088959_UTR_pair	281	7	210
ENSBTAG00000013860_ENSBTAT00000033450_UTR_pair	229	7	560
ENSBTAG00000005443_ENSBTAT00000133453_UTR_pair	199	7	2696
ENSBTAG00000005909_ENSBTAT00000079709_UTR_pair	199	7	1600
ENSBTAG00000030749_ENSBTAT00000043462_UTR_pair	199	7	1670
ENSBTAG00000030674_ENSBTAT00000043366_UTR_pair	199	7	1297
ENSBTAG00000003147_ENSBTAT00000152260_UTR_pair	616	7	1306
ENSBTAG00000030686_ENSBTAT00000043383_UTR_pair	199	7	1001
ENSBTAG00000016455_ENSBTAT00000021878_UTR_pair	199	7	1001
ENSBTAG00000012312_ENSBTAT00000119577_UTR_pair	199	7	1001
ENSBTAG00000019011_ENSBTAT00000043425_UTR_pair	185	7	575
ENSBTAG00000030710_ENSBTAT00000098413_UTR_pair	83	7	40
ENSBTAG00000030706_ENSBTAT00000043414_UTR_pair	232	7	941
ENSBTAG00000010124_ENSBTAT00000013356_UTR_pair	198	7	962
ENSBTAG00000020451_ENSBTAT00000027254_UTR_pair	292	7	53
ENSBTAG00000021975_ENSBTAT00000070009_UTR_pair	155	7	1001
ENSBTAG00000017161_ENSBTAT00000022805_UTR_pair	24	7	478
ENSBTAG00000030671_ENSBTAT00000033420_UTR_pair	110	7	713
ENSBTAG00000068635_ENSBTAT00000117664_UTR_pair	1243	7	3285
ENSBTAG00000017326_ENSBTAT00000023044_UTR_pair	90	7	903
ENSBTAG00000018747_ENSBTAT00000024965_UTR_pair	199	7	18
ENSBTAG00000011640_ENSBTAT00000015460_UTR_pair	553	7	1797
ENSBTAG00000016990_ENSBTAT00000061043_UTR_pair	199	7	2574
ENSBTAG00000004688_ENSBTAT00000080856_UTR_pair	42	7	133
ENSBTAG00000015931_ENSBTAT00000068630_UTR_pair	13	7	1001
ENSBTAG00000039686_ENSBTAT00000079300_UTR_pair	66	7	850
ENSBTAG00000010717_ENSBTAT00000087193_UTR_pair	2	7	638
ENSBTAG00000009527_ENSBTAT00000012535_UTR_pair	213	7	845
ENSBTAG00000019198_ENSBTAT00000043252_UTR_pair	89	7	223
ENSBTAG00000007112_ENSBTAT00000135355_UTR_pair	436	7	86
ENSBTAG00000050962_ENSBTAT00000085689_UTR_pair	171	7	1662
ENSBTAG00000006625_ENSBTAT00000086345_UTR_pair	199	7	2445
ENSBTAG00000003485_ENSBTAT00000004528_UTR_pair	69	7	170
ENSBTAG00000003484_ENSBTAT00000082040_UTR_pair	67	7	168
ENSBTAG00000014649_ENSBTAT00000019505_UTR_pair	115	7	288
ENSBTAG00000003746_ENSBTAT00000106106_UTR_pair	260	7	921
ENSBTAG00000002910_ENSBTAT00000003779_UTR_pair	199	7	581
ENSBTAG00000026032_ENSBTAT00000052828_UTR_pair	160	7	1001
ENSBTAG00000019680_ENSBTAT00000026228_UTR_pair	133	7	929
ENSBTAG00000062331_ENSBTAT00000092074_UTR_pair	38	7	3478
ENSBTAG00000018281_ENSBTAT00000118979_UTR_pair	61	7	1001
ENSBTAG00000002721_ENSBTAT00000079224_UTR_pair	249	7	656
ENSBTAG00000002720_ENSBTAT00000003524_UTR_pair	19	7	3591
ENSBTAG00000002719_ENSBTAT00000093229_UTR_pair	199	7	137
ENSBTAG00000015896_ENSBTAT00000021129_UTR_pair	117	7	235
ENSBTAG00000014289_ENSBTAT00000018986_UTR_pair	199	7	1001
ENSBTAG00000011024_ENSBTAT00000014645_UTR_pair	518	7	767
ENSBTAG00000068393_ENSBTAT00000119808_UTR_pair	357	7	9
ENSBTAG00000021174_ENSBTAT00000075740_UTR_pair	165	7	518
ENSBTAG00000005542_ENSBTAT00000066490_UTR_pair	129	7	1413
ENSBTAG00000002451_ENSBTAT00000003183_UTR_pair	77	7	1067
ENSBTAG00000054545_ENSBTAT00000086641_UTR_pair	212	7	1767
ENSBTAG00000011059_ENSBTAT00000014685_UTR_pair	115	7	373
ENSBTAG00000014482_ENSBTAT00000074185_UTR_pair	138	7	250
ENSBTAG00000003128_ENSBTAT00000004068_UTR_pair	194	7	2544
ENSBTAG00000019956_ENSBTAT00000123241_UTR_pair	199	7	1041
ENSBTAG00000017844_ENSBTAT00000023728_UTR_pair	220	7	700
ENSBTAG00000000097_ENSBTAT00000000106_UTR_pair	739	7	3271
ENSBTAG00000000094_ENSBTAT00000070179_UTR_pair	199	7	2594
ENSBTAG00000023551_ENSBTAT00000032168_UTR_pair	147	7	1856
ENSBTAG00000019933_ENSBTAT00000113430_UTR_pair	323	7	1066
ENSBTAG00000007507_ENSBTAT00000123503_UTR_pair	243	7	1001
ENSBTAG00000015891_ENSBTAT00000021120_UTR_pair	26	7	98
ENSBTAG00000045664_ENSBTAT00000064452_UTR_pair	49	7	472
ENSBTAG00000019901_ENSBTAT00000101329_UTR_pair	99	7	33
ENSBTAG00000013322_ENSBTAT00000149850_UTR_pair	199	7	535
ENSBTAG00000020444_ENSBTAT00000033290_UTR_pair	199	7	179
ENSBTAG00000016377_ENSBTAT00000031396_UTR_pair	1042	7	1702
ENSBTAG00000052979_ENSBTAT00000122340_UTR_pair	315	7	7022
ENSBTAG00000008810_ENSBTAT00000011603_UTR_pair	1263	7	740
ENSBTAG00000015346_ENSBTAT00000078061_UTR_pair	39	7	105
ENSBTAG00000000497_ENSBTAT00000000630_UTR_pair	5	7	94
ENSBTAG00000003642_ENSBTAT00000004751_UTR_pair	433	7	251
ENSBTAG00000011243_ENSBTAT00000134153_UTR_pair	135	7	304
ENSBTAG00000012648_ENSBTAT00000033299_UTR_pair	85	7	1985
ENSBTAG00000019013_ENSBTAT00000025307_UTR_pair	89	7	526
ENSBTAG00000019010_ENSBTAT00000056740_UTR_pair	99	7	1111
ENSBTAG00000006125_ENSBTAT00000091750_UTR_pair	91	7	317
ENSBTAG00000015280_ENSBTAT00000020322_UTR_pair	106	7	563
ENSBTAG00000012372_ENSBTAT00000091421_UTR_pair	101	7	299
ENSBTAG00000062144_ENSBTAT00000016395_UTR_pair	407	7	898
ENSBTAG00000015559_ENSBTAT00000126313_UTR_pair	438	7	2
ENSBTAG00000005912_ENSBTAT00000007766_UTR_pair	255	7	52
ENSBTAG00000008690_ENSBTAT00000011454_UTR_pair	377	7	1094
ENSBTAG00000011879_ENSBTAT00000015761_UTR_pair	9	7	722
ENSBTAG00000018889_ENSBTAT00000025144_UTR_pair	84	7	275
ENSBTAG00000018888_ENSBTAT00000025143_UTR_pair	189	7	804
ENSBTAG00000018887_ENSBTAT00000147116_UTR_pair	585	7	71
ENSBTAG00000002078_ENSBTAT00000002687_UTR_pair	224	7	640
ENSBTAG00000000253_ENSBTAT00000087086_UTR_pair	278	7	1596
ENSBTAG00000016899_ENSBTAT00000022477_UTR_pair	32	7	1001
ENSBTAG00000009819_ENSBTAT00000077512_UTR_pair	201	7	77
ENSBTAG00000009617_ENSBTAT00000042960_UTR_pair	194	7	883
ENSBTAG00000016028_ENSBTAT00000021332_UTR_pair	199	7	1001
ENSBTAG00000017388_ENSBTAT00000042962_UTR_pair	299	7	991
ENSBTAG00000017368_ENSBTAT00000023094_UTR_pair	113	7	412
ENSBTAG00000004590_ENSBTAT00000077412_UTR_pair	199	7	229
ENSBTAG00000012982_ENSBTAT00000017259_UTR_pair	57	7	1
ENSBTAG00000015887_ENSBTAT00000060940_UTR_pair	273	7	2878
ENSBTAG00000001629_ENSBTAT00000002134_UTR_pair	266	7	1033
ENSBTAG00000001626_ENSBTAT00000002131_UTR_pair	112	7	885
ENSBTAG00000015113_ENSBTAT00000020109_UTR_pair	71	7	344
ENSBTAG00000000533_ENSBTAT00000133865_UTR_pair	199	7	611
ENSBTAG00000075830_ENSBTAT00000143101_UTR_pair	356	7	1429
ENSBTAG00000021922_ENSBTAT00000096369_UTR_pair	199	7	1241
ENSBTAG00000044178_ENSBTAT00000061030_UTR_pair	261	7	384
ENSBTAG00000013363_ENSBTAT00000017775_UTR_pair	507	7	1081
ENSBTAG00000013054_ENSBTAT00000017353_UTR_pair	303	7	456
ENSBTAG00000017125_ENSBTAT00000022761_UTR_pair	354	7	313
ENSBTAG00000004715_ENSBTAT00000006186_UTR_pair	107	7	3040
ENSBTAG00000009368_ENSBTAT00000012331_UTR_pair	112	7	1392
ENSBTAG00000002306_ENSBTAT00000002976_UTR_pair	92	7	1187
ENSBTAG00000007300_ENSBTAT00000009604_UTR_pair	188	7	575
ENSBTAG00000024107_ENSBTAT00000067907_UTR_pair	270	7	675
ENSBTAG00000006511_ENSBTAT00000008535_UTR_pair	143	7	1131
ENSBTAG00000006510_ENSBTAT00000008529_UTR_pair	96	7	809
ENSBTAG00000014326_ENSBTAT00000019049_UTR_pair	98	7	1255
ENSBTAG00000003849_ENSBTAT00000005018_UTR_pair	136	7	25
ENSBTAG00000016852_ENSBTAT00000022416_UTR_pair	97	7	565
ENSBTAG00000011316_ENSBTAT00000015041_UTR_pair	115	7	741
ENSBTAG00000024096_ENSBTAT00000113070_UTR_pair	199	7	469
ENSBTAG00000015969_ENSBTAT00000021243_UTR_pair	372	7	2089
ENSBTAG00000014358_ENSBTAT00000019091_UTR_pair	218	7	276
ENSBTAG00000024095_ENSBTAT00000069875_UTR_pair	180	7	1342
ENSBTAG00000030301_ENSBTAT00000072570_UTR_pair	199	7	1001
ENSBTAG00000005732_ENSBTAT00000103781_UTR_pair	199	7	634
ENSBTAG00000002826_ENSBTAT00000074281_UTR_pair	199	7	1280
ENSBTAG00000002377_ENSBTAT00000070663_UTR_pair	137	7	125
ENSBTAG00000016694_ENSBTAT00000131389_UTR_pair	227	7	1062
ENSBTAG00000016696_ENSBTAT00000115067_UTR_pair	199	7	1083
ENSBTAG00000016328_ENSBTAT00000021719_UTR_pair	33	7	852
ENSBTAG00000006555_ENSBTAT00000082360_UTR_pair	249	7	1001
ENSBTAG00000021948_ENSBTAT00000070872_UTR_pair	169	7	864
ENSBTAG00000014235_ENSBTAT00000018920_UTR_pair	119	7	648
ENSBTAG00000019555_ENSBTAT00000026057_UTR_pair	101	7	1001
ENSBTAG00000014596_ENSBTAT00000139440_UTR_pair	518	7	1135
ENSBTAG00000014079_ENSBTAT00000118691_UTR_pair	56	7	1770
ENSBTAG00000008942_ENSBTAT00000087826_UTR_pair	533	7	829
ENSBTAG00000003928_ENSBTAT00000005131_UTR_pair	145	7	1451
ENSBTAG00000024726_ENSBTAT00000042677_UTR_pair	134	7	23
ENSBTAG00000056917_ENSBTAT00000110173_UTR_pair	62	7	531
ENSBTAG00000013869_ENSBTAT00000018420_UTR_pair	241	7	1701
ENSBTAG00000016504_ENSBTAT00000117689_UTR_pair	199	7	1001
ENSBTAG00000005854_ENSBTAT00000090543_UTR_pair	199	7	1052
ENSBTAG00000017826_ENSBTAT00000013719_UTR_pair	191	7	1001
ENSBTAG00000010176_ENSBTAT00000107067_UTR_pair	199	7	114
ENSBTAG00000054800_ENSBTAT00000104449_UTR_pair	199	7	931
ENSBTAG00000001879_ENSBTAT00000002448_UTR_pair	199	7	1001
ENSBTAG00000015973_ENSBTAT00000048470_UTR_pair	75	7	898
ENSBTAG00000003376_ENSBTAT00000004378_UTR_pair	78	7	5483
ENSBTAG00000017764_ENSBTAT00000070324_UTR_pair	437	7	102
ENSBTAG00000015996_ENSBTAT00000082766_UTR_pair	199	7	1440
ENSBTAG00000049766_ENSBTAT00000106316_UTR_pair	114	7	2
ENSBTAG00000007215_ENSBTAT00000009492_UTR_pair	199	7	607
ENSBTAG00000002809_ENSBTAT00000094314_UTR_pair	207	7	1001
ENSBTAG00000011538_ENSBTAT00000071007_UTR_pair	168	7	1001
ENSBTAG00000000784_ENSBTAT00000001040_UTR_pair	39	7	547
ENSBTAG00000000785_ENSBTAT00000116361_UTR_pair	61	7	1001
ENSBTAG00000004315_ENSBTAT00000066787_UTR_pair	188	7	1001
ENSBTAG00000013110_ENSBTAT00000076518_UTR_pair	142	7	414
ENSBTAG00000008711_ENSBTAT00000011478_UTR_pair	378	7	568
ENSBTAG00000013253_ENSBTAT00000095337_UTR_pair	199	7	124
ENSBTAG00000015401_ENSBTAT00000110597_UTR_pair	199	7	1017
ENSBTAG00000023806_ENSBTAT00000081952_UTR_pair	194	7	1252
ENSBTAG00000017086_ENSBTAT00000119089_UTR_pair	210	7	2722
ENSBTAG00000001500_ENSBTAT00000122138_UTR_pair	597	7	3386
ENSBTAG00000008428_ENSBTAT00000011088_UTR_pair	199	7	57
ENSBTAG00000048664_ENSBTAT00000076930_UTR_pair	321	7	3398
ENSBTAG00000002107_ENSBTAT00000002720_UTR_pair	599	7	2356
ENSBTAG00000001992_ENSBTAT00000002582_UTR_pair	112	7	1114
ENSBTAG00000002750_ENSBTAT00000003566_UTR_pair	455	7	409
ENSBTAG00000034936_ENSBTAT00000061475_UTR_pair	343	7	2425
ENSBTAG00000024431_ENSBTAT00000033872_UTR_pair	199	7	406
ENSBTAG00000050705_ENSBTAT00000130786_UTR_pair	101	7	1001
ENSBTAG00000044023_ENSBTAT00000068675_UTR_pair	168	7	298
ENSBTAG00000014255_ENSBTAT00000018952_UTR_pair	127	7	590
ENSBTAG00000000820_ENSBTAT00000001086_UTR_pair	429	7	315
ENSBTAG00000003424_ENSBTAT00000004440_UTR_pair	81	7	1025
ENSBTAG00000009109_ENSBTAT00000072123_UTR_pair	199	7	1172
ENSBTAG00000024426_ENSBTAT00000068314_UTR_pair	259	7	1001
ENSBTAG00000014069_ENSBTAT00000038879_UTR_pair	229	7	2326
ENSBTAG00000052508_ENSBTAT00000126524_UTR_pair	98	7	153
ENSBTAG00000015925_ENSBTAT00000021172_UTR_pair	16	7	913
ENSBTAG00000003222_ENSBTAT00000069847_UTR_pair	497	7	126
ENSBTAG00000004995_ENSBTAT00000090210_UTR_pair	36	7	4785
ENSBTAG00000013781_ENSBTAT00000018305_UTR_pair	313	7	2020
ENSBTAG00000047004_ENSBTAT00000088474_UTR_pair	241	7	146
ENSBTAG00000066096_ENSBTAT00000118457_UTR_pair	60	7	121
ENSBTAG00000002869_ENSBTAT00000154118_UTR_pair	186	7	6360
ENSBTAG00000015981_ENSBTAT00000078416_UTR_pair	252	7	467
ENSBTAG00000010980_ENSBTAT00000014576_UTR_pair	205	7	1009
ENSBTAG00000014262_ENSBTAT00000096357_UTR_pair	199	7	432
ENSBTAG00000012805_ENSBTAT00000017010_UTR_pair	199	7	975
ENSBTAG00000007746_ENSBTAT00000010187_UTR_pair	2	7	2322
ENSBTAG00000014074_ENSBTAT00000118357_UTR_pair	199	7	1001
ENSBTAG00000046922_ENSBTAT00000065629_UTR_pair	1084	7	874
ENSBTAG00000006721_ENSBTAT00000047621_UTR_pair	31	7	193
ENSBTAG00000003709_ENSBTAT00000004833_UTR_pair	269	7	5619
ENSBTAG00000014389_ENSBTAT00000078710_UTR_pair	199	7	3183
ENSBTAG00000004976_ENSBTAT00000093203_UTR_pair	235	7	1292
ENSBTAG00000015539_ENSBTAT00000147002_UTR_pair	199	7	1001
ENSBTAG00000016010_ENSBTAT00000021310_UTR_pair	253	7	1099
ENSBTAG00000016014_ENSBTAT00000021317_UTR_pair	43	7	331
ENSBTAG00000019406_ENSBTAT00000119383_UTR_pair	199	7	2184
ENSBTAG00000012622_ENSBTAT00000016756_UTR_pair	158	7	626
ENSBTAG00000013010_ENSBTAT00000074740_UTR_pair	360	7	596
ENSBTAG00000014711_ENSBTAT00000035138_UTR_pair	215	7	344
ENSBTAG00000054987_ENSBTAT00000047578_UTR_pair	346	7	2270
ENSBTAG00000021535_ENSBTAT00000102217_UTR_pair	337	7	142
ENSBTAG00000038283_ENSBTAT00000053511_UTR_pair	1	7	464
ENSBTAG00000020878_ENSBTAT00000086376_UTR_pair	423	7	981
ENSBTAG00000018133_ENSBTAT00000078575_UTR_pair	171	7	3583
ENSBTAG00000014920_ENSBTAT00000019866_UTR_pair	23	7	3750
ENSBTAG00000020569_ENSBTAT00000126373_UTR_pair	21	7	3957
ENSBTAG00000006138_ENSBTAT00000008076_UTR_pair	223	7	2212
ENSBTAG00000002714_ENSBTAT00000003515_UTR_pair	243	7	1490
ENSBTAG00000005102_ENSBTAT00000075405_UTR_pair	199	7	385
ENSBTAG00000003825_ENSBTAT00000068950_UTR_pair	304	7	1435
ENSBTAG00000014161_ENSBTAT00000139530_UTR_pair	101	7	4842
ENSBTAG00000014171_ENSBTAT00000134557_UTR_pair	199	7	204
ENSBTAG00000006876_ENSBTAT00000004922_UTR_pair	31	7	587
ENSBTAG00000003784_ENSBTAT00000088913_UTR_pair	141	7	1001
ENSBTAG00000046712_ENSBTAT00000065774_UTR_pair	66	7	1321
ENSBTAG00000040058_ENSBTAT00000103074_UTR_pair	72	7	751
ENSBTAG00000009207_ENSBTAT00000012129_UTR_pair	441	7	749
ENSBTAG00000002175_ENSBTAT00000075359_UTR_pair	18	7	1001
ENSBTAG00000007743_ENSBTAT00000010180_UTR_pair	76	7	960
ENSBTAG00000008302_ENSBTAT00000077919_UTR_pair	302	7	1276
ENSBTAG00000049733_ENSBTAT00000092539_UTR_pair	167	7	1001
ENSBTAG00000019794_ENSBTAT00000026372_UTR_pair	199	7	1412
ENSBTAG00000015509_ENSBTAT00000020608_UTR_pair	160	7	3214
ENSBTAG00000053836_ENSBTAT00000085779_UTR_pair	199	7	1001
ENSBTAG00000014958_ENSBTAT00000019916_UTR_pair	261	7	1825
ENSBTAG00000005524_ENSBTAT00000123602_UTR_pair	23	7	1026
ENSBTAG00000005526_ENSBTAT00000091464_UTR_pair	18	7	1001
ENSBTAG00000021849_ENSBTAT00000077752_UTR_pair	21	7	732
ENSBTAG00000018348_ENSBTAT00000099625_UTR_pair	199	7	3210
ENSBTAG00000001908_ENSBTAT00000033787_UTR_pair	79	7	1255
ENSBTAG00000011412_ENSBTAT00000015166_UTR_pair	84	7	181
ENSBTAG00000038795_ENSBTAT00000057451_UTR_pair	277	7	3556
ENSBTAG00000010756_ENSBTAT00000069581_UTR_pair	22	7	918
ENSBTAG00000006161_ENSBTAT00000008102_UTR_pair	166	7	484
ENSBTAG00000062162_ENSBTAT00000095008_UTR_pair	23	7	2072
ENSBTAG00000021204_ENSBTAT00000031716_UTR_pair	165	7	74
ENSBTAG00000021543_ENSBTAT00000028707_UTR_pair	470	7	2461
ENSBTAG00000054178_ENSBTAT00000071195_UTR_pair	98	7	351
ENSBTAG00000007608_ENSBTAT00000010002_UTR_pair	140	7	2596
ENSBTAG00000021967_ENSBTAT00000029286_UTR_pair	391	7	2149
ENSBTAG00000010549_ENSBTAT00000013950_UTR_pair	228	7	663
ENSBTAG00000021182_ENSBTAT00000071879_UTR_pair	301	7	2172
ENSBTAG00000004398_ENSBTAT00000101667_UTR_pair	152	7	651
ENSBTAG00000020620_ENSBTAT00000027478_UTR_pair	41	7	697
ENSBTAG00000046588_ENSBTAT00000064412_UTR_pair	245	7	1050
ENSBTAG00000021869_ENSBTAT00000029153_UTR_pair	88	7	2977
ENSBTAG00000003490_ENSBTAT00000144643_UTR_pair	291	7	1199
ENSBTAG00000009218_ENSBTAT00000092749_UTR_pair	295	7	1001
ENSBTAG00000001182_ENSBTAT00000001568_UTR_pair	199	7	1233
ENSBTAG00000015105_ENSBTAT00000020101_UTR_pair	609	7	699
ENSBTAG00000006528_ENSBTAT00000102598_UTR_pair	199	7	40
ENSBTAG00000016709_ENSBTAT00000105228_UTR_pair	96	7	1263
ENSBTAG00000016707_ENSBTAT00000126680_UTR_pair	221	7	390
ENSBTAG00000003115_ENSBTAT00000004051_UTR_pair	929	7	1155
ENSBTAG00000003114_ENSBTAT00000105642_UTR_pair	199	7	1001
ENSBTAG00000000745_ENSBTAT00000000993_UTR_pair	199	7	1839
ENSBTAG00000018972_ENSBTAT00000025254_UTR_pair	15	7	177
ENSBTAG00000010597_ENSBTAT00000014010_UTR_pair	297	7	516
ENSBTAG00000038235_ENSBTAT00000061183_UTR_pair	716	7	1001
ENSBTAG00000000260_ENSBTAT00000000325_UTR_pair	332	7	550
ENSBTAG00000000521_ENSBTAT00000000679_UTR_pair	199	7	288
ENSBTAG00000007870_ENSBTAT00000068827_UTR_pair	149	7	2117
ENSBTAG00000016223_ENSBTAT00000021588_UTR_pair	351	7	3714
ENSBTAG00000018909_ENSBTAT00000084350_UTR_pair	1	7	6345
ENSBTAG00000019024_ENSBTAT00000025319_UTR_pair	260	7	2190
ENSBTAG00000019020_ENSBTAT00000033663_UTR_pair	162	7	852
ENSBTAG00000001036_ENSBTAT00000001374_UTR_pair	123	7	807
ENSBTAG00000001455_ENSBTAT00000001908_UTR_pair	276	7	55
ENSBTAG00000012211_ENSBTAT00000016196_UTR_pair	1353	7	1414
ENSBTAG00000005650_ENSBTAT00000046037_UTR_pair	179	7	3783
ENSBTAG00000001822_ENSBTAT00000103350_UTR_pair	95	7	1754
ENSBTAG00000049437_ENSBTAT00000076903_UTR_pair	105	7	1179
ENSBTAG00000005726_ENSBTAT00000083183_UTR_pair	168	7	697
ENSBTAG00000019342_ENSBTAT00000025767_UTR_pair	494	7	3526
ENSBTAG00000015303_ENSBTAT00000020351_UTR_pair	199	7	196
ENSBTAG00000007136_ENSBTAT00000009397_UTR_pair	310	7	659
ENSBTAG00000015749_ENSBTAT00000020911_UTR_pair	139	7	98
ENSBTAG00000003506_ENSBTAT00000146006_UTR_pair	129	7	4410
ENSBTAG00000003994_ENSBTAT00000053426_UTR_pair	136	7	1422
ENSBTAG00000010504_ENSBTAT00000013895_UTR_pair	145	7	205
ENSBTAG00000008090_ENSBTAT00000104311_UTR_pair	199	7	234
ENSBTAG00000052945_ENSBTAT00000075704_UTR_pair	164	7	1573
ENSBTAG00000016975_ENSBTAT00000022576_UTR_pair	123	7	1116
ENSBTAG00000012003_ENSBTAT00000015924_UTR_pair	11	7	13
ENSBTAG00000011997_ENSBTAT00000065057_UTR_pair	199	7	1001
ENSBTAG00000006029_ENSBTAT00000007922_UTR_pair	30	7	959
ENSBTAG00000010612_ENSBTAT00000014027_UTR_pair	16	7	1260
ENSBTAG00000010602_ENSBTAT00000128601_UTR_pair	18	7	1001
ENSBTAG00000006325_ENSBTAT00000008304_UTR_pair	176	7	1638
ENSBTAG00000000274_ENSBTAT00000000341_UTR_pair	114	7	266
ENSBTAG00000008143_ENSBTAT00000010704_UTR_pair	29	7	1001
ENSBTAG00000010671_ENSBTAT00000033607_UTR_pair	100	7	251
ENSBTAG00000072136_ENSBTAT00000148281_UTR_pair	41	7	3920
ENSBTAG00000006661_ENSBTAT00000008749_UTR_pair	212	7	62
ENSBTAG00000031967_ENSBTAT00000083304_UTR_pair	304	7	1097
ENSBTAG00000015337_ENSBTAT00000020385_UTR_pair	72	7	1320
ENSBTAG00000016332_ENSBTAT00000021725_UTR_pair	119	7	2334
ENSBTAG00000007976_ENSBTAT00000092137_UTR_pair	125	7	2366
ENSBTAG00000012128_ENSBTAT00000080443_UTR_pair	199	7	370
ENSBTAG00000005110_ENSBTAT00000070737_UTR_pair	105	7	788
ENSBTAG00000004643_ENSBTAT00000075056_UTR_pair	241	7	1170
ENSBTAG00000020004_ENSBTAT00000085869_UTR_pair	224	7	1001
ENSBTAG00000003102_ENSBTAT00000004036_UTR_pair	199	7	1001
ENSBTAG00000010692_ENSBTAT00000127440_UTR_pair	208	7	2529
ENSBTAG00000000296_ENSBTAT00000045185_UTR_pair	69	7	661
ENSBTAG00000011002_ENSBTAT00000101460_UTR_pair	98	7	219
ENSBTAG00000007572_ENSBTAT00000009961_UTR_pair	205	7	257
ENSBTAG00000004989_ENSBTAT00000072681_UTR_pair	199	7	1156
ENSBTAG00000004992_ENSBTAT00000006573_UTR_pair	119	7	310
ENSBTAG00000007253_ENSBTAT00000088852_UTR_pair	8	7	923
ENSBTAG00000013287_ENSBTAT00000017670_UTR_pair	199	7	1132
ENSBTAG00000001754_ENSBTAT00000067617_UTR_pair	199	7	2989
ENSBTAG00000014273_ENSBTAT00000083278_UTR_pair	280	7	90
ENSBTAG00000000911_ENSBTAT00000001205_UTR_pair	452	7	114
ENSBTAG00000000548_ENSBTAT00000000718_UTR_pair	253	7	162
ENSBTAG00000017223_ENSBTAT00000105550_UTR_pair	52	7	1155
ENSBTAG00000017245_ENSBTAT00000022911_UTR_pair	67	7	151
ENSBTAG00000010437_ENSBTAT00000104262_UTR_pair	199	7	5292
ENSBTAG00000024723_ENSBTAT00000098145_UTR_pair	152	7	707
ENSBTAG00000014112_ENSBTAT00000018759_UTR_pair	12	7	1347
ENSBTAG00000003372_ENSBTAT00000128350_UTR_pair	199	7	124
ENSBTAG00000009902_ENSBTAT00000109279_UTR_pair	82	7	1001
ENSBTAG00000013953_ENSBTAT00000122708_UTR_pair	465	7	2276
ENSBTAG00000078579_ENSBTAT00000125896_UTR_pair	76	7	923
ENSBTAG00000017919_ENSBTAT00000071100_UTR_pair	292	7	1001
ENSBTAG00000007806_ENSBTAT00000142134_UTR_pair	261	7	1001
ENSBTAG00000015802_ENSBTAT00000135984_UTR_pair	42	7	1255
ENSBTAG00000002431_ENSBTAT00000070598_UTR_pair	199	7	549
ENSBTAG00000021617_ENSBTAT00000028806_UTR_pair	199	7	1001
ENSBTAG00000016373_ENSBTAT00000044346_UTR_pair	97	7	2190
ENSBTAG00000017770_ENSBTAT00000122408_UTR_pair	16	7	815
ENSBTAG00000016546_ENSBTAT00000022006_UTR_pair	51	7	801
ENSBTAG00000003495_ENSBTAT00000033494_UTR_pair	199	7	1001
ENSBTAG00000012239_ENSBTAT00000083884_UTR_pair	167	7	17
ENSBTAG00000008306_ENSBTAT00000092403_UTR_pair	191	7	1001
ENSBTAG00000020484_ENSBTAT00000090044_UTR_pair	666	7	2664
ENSBTAG00000021759_ENSBTAT00000118092_UTR_pair	52	7	765
ENSBTAG00000021761_ENSBTAT00000116466_UTR_pair	6	7	1001
ENSBTAG00000005285_ENSBTAT00000006954_UTR_pair	118	7	255
ENSBTAG00000019265_ENSBTAT00000104444_UTR_pair	260	7	1274
ENSBTAG00000009839_ENSBTAT00000091066_UTR_pair	36	7	1808
ENSBTAG00000018159_ENSBTAT00000024166_UTR_pair	111	7	2119
ENSBTAG00000017970_ENSBTAT00000023912_UTR_pair	89	7	475
ENSBTAG00000002554_ENSBTAT00000057182_UTR_pair	14	7	2734
ENSBTAG00000001815_ENSBTAT00000002373_UTR_pair	97	7	544
ENSBTAG00000017676_ENSBTAT00000092235_UTR_pair	99	7	520
ENSBTAG00000008736_ENSBTAT00000068449_UTR_pair	327	7	483
ENSBTAG00000009426_ENSBTAT00000012405_UTR_pair	1	7	264
ENSBTAG00000017143_ENSBTAT00000022782_UTR_pair	59	7	382
ENSBTAG00000020445_ENSBTAT00000027245_UTR_pair	218	7	1236
ENSBTAG00000020448_ENSBTAT00000123829_UTR_pair	199	7	1001
ENSBTAG00000000389_ENSBTAT00000000499_UTR_pair	96	7	1090
ENSBTAG00000031106_ENSBTAT00000095620_UTR_pair	210	7	1602
ENSBTAG00000010219_ENSBTAT00000142179_UTR_pair	128	7	842
ENSBTAG00000076332_ENSBTAT00000153566_UTR_pair	48	7	5913
ENSBTAG00000038241_ENSBTAT00000094058_UTR_pair	3206	7	1503
ENSBTAG00000007983_ENSBTAT00000107120_UTR_pair	464	7	1001
ENSBTAG00000007759_ENSBTAT00000064324_UTR_pair	199	7	1615
ENSBTAG00000007766_ENSBTAT00000010212_UTR_pair	91	7	181
ENSBTAG00000011226_ENSBTAT00000014910_UTR_pair	248	7	155
ENSBTAG00000011228_ENSBTAT00000043835_UTR_pair	70	7	100
ENSBTAG00000011229_ENSBTAT00000014915_UTR_pair	244	7	461
ENSBTAG00000014371_ENSBTAT00000019108_UTR_pair	1115	7	133
ENSBTAG00000014372_ENSBTAT00000028051_UTR_pair	202	7	123
ENSBTAG00000004540_ENSBTAT00000139554_UTR_pair	22	7	2661
ENSBTAG00000031861_ENSBTAT00000130740_UTR_pair	2	7	419
ENSBTAG00000002917_ENSBTAT00000086099_UTR_pair	199	7	1001
ENSBTAG00000021260_ENSBTAT00000028329_UTR_pair	676	7	432
ENSBTAG00000030897_ENSBTAT00000104090_UTR_pair	738	7	1862
ENSBTAG00000008032_ENSBTAT00000038295_UTR_pair	77	7	1005
ENSBTAG00000017505_ENSBTAT00000023287_UTR_pair	199	7	842
ENSBTAG00000001592_ENSBTAT00000002084_UTR_pair	199	7	1842
ENSBTAG00000010243_ENSBTAT00000060950_UTR_pair	199	7	2513
ENSBTAG00000030817_ENSBTAT00000097171_UTR_pair	352	7	1001
ENSBTAG00000008025_ENSBTAT00000010553_UTR_pair	271	7	1145
ENSBTAG00000000771_ENSBTAT00000075017_UTR_pair	174	7	523
ENSBTAG00000016131_ENSBTAT00000021476_UTR_pair	137	7	352
ENSBTAG00000005483_ENSBTAT00000088659_UTR_pair	199	7	534
ENSBTAG00000013256_ENSBTAT00000017631_UTR_pair	199	7	10
ENSBTAG00000012267_ENSBTAT00000030417_UTR_pair	199	7	1001
ENSBTAG00000052417_ENSBTAT00000074615_UTR_pair	508	7	1001
ENSBTAG00000012272_ENSBTAT00000099243_UTR_pair	546	7	1001
ENSBTAG00000012828_ENSBTAT00000082752_UTR_pair	42	7	1093
ENSBTAG00000035083_ENSBTAT00000049560_UTR_pair	388	7	3047
ENSBTAG00000070878_ENSBTAT00000154611_UTR_pair	199	7	231
ENSBTAG00000004427_ENSBTAT00000073090_UTR_pair	199	7	1001
ENSBTAG00000021756_ENSBTAT00000028999_UTR_pair	117	7	2700
ENSBTAG00000013406_ENSBTAT00000108958_UTR_pair	199	7	1001
ENSBTAG00000016931_ENSBTAT00000022518_UTR_pair	254	7	1001
ENSBTAG00000034693_ENSBTAT00000147001_UTR_pair	288	7	2861
ENSBTAG00000043949_ENSBTAT00000113955_UTR_pair	199	7	271
ENSBTAG00000014609_ENSBTAT00000082779_UTR_pair	8	7	1001
ENSBTAG00000008382_ENSBTAT00000011034_UTR_pair	21	7	666
ENSBTAG00000002888_ENSBTAT00000119682_UTR_pair	53	7	2469
ENSBTAG00000018432_ENSBTAT00000024524_UTR_pair	19	7	1008
ENSBTAG00000009023_ENSBTAT00000011881_UTR_pair	207	7	3399
ENSBTAG00000017549_ENSBTAT00000117084_UTR_pair	199	7	85
ENSBTAG00000004587_ENSBTAT00000006022_UTR_pair	453	7	457
ENSBTAG00000000687_ENSBTAT00000076347_UTR_pair	199	7	1051
ENSBTAG00000020330_ENSBTAT00000066529_UTR_pair	96	7	937
ENSBTAG00000000421_ENSBTAT00000104816_UTR_pair	199	7	1001
ENSBTAG00000021767_ENSBTAT00000120422_UTR_pair	199	7	1699
ENSBTAG00000012007_ENSBTAT00000069897_UTR_pair	560	7	71
ENSBTAG00000004484_ENSBTAT00000082965_UTR_pair	101	7	67
ENSBTAG00000014375_ENSBTAT00000080243_UTR_pair	1	7	923
ENSBTAG00000017729_ENSBTAT00000085039_UTR_pair	187	7	1001
ENSBTAG00000014030_ENSBTAT00000090957_UTR_pair	199	7	721
ENSBTAG00000019944_ENSBTAT00000127738_UTR_pair	56	7	1823
ENSBTAG00000013745_ENSBTAT00000018261_UTR_pair	199	7	2358
ENSBTAG00000015604_ENSBTAT00000070196_UTR_pair	57	7	1126
ENSBTAG00000001553_ENSBTAT00000002033_UTR_pair	62	7	729
ENSBTAG00000073528_ENSBTAT00000145669_UTR_pair	171	7	8151
ENSBTAG00000021974_ENSBTAT00000082361_UTR_pair	76	7	1789
ENSBTAG00000015016_ENSBTAT00000069806_UTR_pair	70	7	851
ENSBTAG00000005735_ENSBTAT00000007538_UTR_pair	199	7	146
ENSBTAG00000005863_ENSBTAT00000007704_UTR_pair	155	7	3162
ENSBTAG00000000435_ENSBTAT00000090550_UTR_pair	199	7	274
ENSBTAG00000020758_ENSBTAT00000125133_UTR_pair	199	7	647
ENSBTAG00000020757_ENSBTAT00000126765_UTR_pair	199	7	1001
ENSBTAG00000003021_ENSBTAT00000079000_UTR_pair	168	7	1785
ENSBTAG00000008934_ENSBTAT00000011761_UTR_pair	76	7	162
ENSBTAG00000007592_ENSBTAT00000009984_UTR_pair	199	7	1085
ENSBTAG00000046481_ENSBTAT00000085106_UTR_pair	435	7	1638
ENSBTAG00000007829_ENSBTAT00000093353_UTR_pair	199	7	595
ENSBTAG00000021467_ENSBTAT00000028615_UTR_pair	51	7	104
ENSBTAG00000021464_ENSBTAT00000068278_UTR_pair	220	7	1166
ENSBTAG00000006883_ENSBTAT00000009044_UTR_pair	55	7	106
ENSBTAG00000000507_ENSBTAT00000082220_UTR_pair	6	7	548
ENSBTAG00000013555_ENSBTAT00000126308_UTR_pair	199	7	1001
ENSBTAG00000017950_ENSBTAT00000023868_UTR_pair	162	7	211
ENSBTAG00000017943_ENSBTAT00000023861_UTR_pair	399	7	1518
ENSBTAG00000001983_ENSBTAT00000002572_UTR_pair	183	7	1128
ENSBTAG00000004349_ENSBTAT00000002573_UTR_pair	61	7	1287
ENSBTAG00000019312_ENSBTAT00000025713_UTR_pair	250	7	1384
ENSBTAG00000010928_ENSBTAT00000115953_UTR_pair	199	7	2532
ENSBTAG00000010924_ENSBTAT00000118123_UTR_pair	13	7	1001
ENSBTAG00000032902_ENSBTAT00000071295_UTR_pair	55	7	571
ENSBTAG00000018131_ENSBTAT00000081125_UTR_pair	199	7	1386
ENSBTAG00000005246_ENSBTAT00000006902_UTR_pair	199	7	3769
ENSBTAG00000017164_ENSBTAT00000022821_UTR_pair	199	7	2064
ENSBTAG00000012342_ENSBTAT00000076165_UTR_pair	191	7	1329
ENSBTAG00000017395_ENSBTAT00000082150_UTR_pair	44	7	759
ENSBTAG00000079199_ENSBTAT00000138892_UTR_pair	64	7	224
ENSBTAG00000037935_ENSBTAT00000001284_UTR_pair	19	7	19
ENSBTAG00000012784_ENSBTAT00000016988_UTR_pair	148	7	1158
ENSBTAG00000004851_ENSBTAT00000006377_UTR_pair	237	7	718
ENSBTAG00000018588_ENSBTAT00000046359_UTR_pair	199	7	1990
ENSBTAG00000016589_ENSBTAT00000022067_UTR_pair	41	7	453
ENSBTAG00000019281_ENSBTAT00000074497_UTR_pair	703	7	346
ENSBTAG00000004660_ENSBTAT00000006116_UTR_pair	235	7	952
ENSBTAG00000016398_ENSBTAT00000063126_UTR_pair	173	7	1001
ENSBTAG00000056851_ENSBTAT00000096630_UTR_pair	104	7	919
ENSBTAG00000044048_ENSBTAT00000069186_UTR_pair	129	7	1001
ENSBTAG00000006557_ENSBTAT00000111499_UTR_pair	245	7	439
ENSBTAG00000014426_ENSBTAT00000099394_UTR_pair	198	7	601
ENSBTAG00000051755_ENSBTAT00000110912_UTR_pair	80	7	1001
ENSBTAG00000015828_ENSBTAT00000067323_UTR_pair	117	7	12
ENSBTAG00000018773_ENSBTAT00000024996_UTR_pair	92	7	820
ENSBTAG00000021810_ENSBTAT00000029071_UTR_pair	149	7	673
ENSBTAG00000021808_ENSBTAT00000073342_UTR_pair	187	7	1034
ENSBTAG00000005464_ENSBTAT00000117179_UTR_pair	175	7	2349
ENSBTAG00000005861_ENSBTAT00000007703_UTR_pair	132	7	4550
ENSBTAG00000002693_ENSBTAT00000053829_UTR_pair	61	7	594
ENSBTAG00000000289_ENSBTAT00000000361_UTR_pair	889	7	1218
ENSBTAG00000012423_ENSBTAT00000078136_UTR_pair	162	7	1480
ENSBTAG00000000454_ENSBTAT00000082699_UTR_pair	163	7	1001
ENSBTAG00000026819_ENSBTAT00000134506_UTR_pair	12	7	1162
ENSBTAG00000032331_ENSBTAT00000103083_UTR_pair	90	7	1
ENSBTAG00000018690_ENSBTAT00000093178_UTR_pair	252	7	1205
ENSBTAG00000002025_ENSBTAT00000002625_UTR_pair	957	7	1318
ENSBTAG00000011105_ENSBTAT00000014749_UTR_pair	444	7	2906
ENSBTAG00000000859_ENSBTAT00000001147_UTR_pair	461	7	6188
ENSBTAG00000001810_ENSBTAT00000079492_UTR_pair	324	7	3610
ENSBTAG00000011087_ENSBTAT00000143168_UTR_pair	199	7	1001
ENSBTAG00000002902_ENSBTAT00000116457_UTR_pair	199	7	1001
ENSBTAG00000020938_ENSBTAT00000027889_UTR_pair	199	7	1941
ENSBTAG00000021105_ENSBTAT00000028115_UTR_pair	248	7	1067
ENSBTAG00000008596_ENSBTAT00000100579_UTR_pair	199	7	1431
ENSBTAG00000075641_ENSBTAT00000143903_UTR_pair	199	7	8191
ENSBTAG00000015024_ENSBTAT00000071949_UTR_pair	59	7	5655
ENSBTAG00000020914_ENSBTAT00000111306_UTR_pair	116	7	1690
ENSBTAG00000003748_ENSBTAT00000071934_UTR_pair	31	7	1062
ENSBTAG00000031950_ENSBTAT00000022990_UTR_pair	143	7	271
ENSBTAG00000019156_ENSBTAT00000025496_UTR_pair	72	7	248
ENSBTAG00000019155_ENSBTAT00000025495_UTR_pair	280	7	1001
ENSBTAG00000002256_ENSBTAT00000121122_UTR_pair	199	7	483
ENSBTAG00000007323_ENSBTAT00000050636_UTR_pair	140	7	431
ENSBTAG00000013496_ENSBTAT00000017941_UTR_pair	65	7	2849
ENSBTAG00000010422_ENSBTAT00000075725_UTR_pair	4	7	854
ENSBTAG00000006911_ENSBTAT00000045218_UTR_pair	63	7	211
ENSBTAG00000019738_ENSBTAT00000026305_UTR_pair	111	7	723
ENSBTAG00000007256_ENSBTAT00000009545_UTR_pair	235	7	1001
ENSBTAG00000009939_ENSBTAT00000128591_UTR_pair	199	7	3
ENSBTAG00000033726_ENSBTAT00000121493_UTR_pair	199	7	1001
ENSBTAG00000044118_ENSBTAT00000090189_UTR_pair	29	7	120
ENSBTAG00000044017_ENSBTAT00000060985_UTR_pair	26	7	1001
ENSBTAG00000017465_ENSBTAT00000094349_UTR_pair	174	7	362
ENSBTAG00000017401_ENSBTAT00000111937_UTR_pair	26	7	723
ENSBTAG00000026962_ENSBTAT00000038585_UTR_pair	199	7	617
ENSBTAG00000013486_ENSBTAT00000017932_UTR_pair	199	7	2895
ENSBTAG00000004753_ENSBTAT00000124532_UTR_pair	135	7	429
ENSBTAG00000011857_ENSBTAT00000120404_UTR_pair	111	7	2
ENSBTAG00000002227_ENSBTAT00000099635_UTR_pair	199	7	1035
ENSBTAG00000061283_ENSBTAT00000121988_UTR_pair	223	7	3618
ENSBTAG00000016908_ENSBTAT00000022487_UTR_pair	237	7	453
ENSBTAG00000007160_ENSBTAT00000009420_UTR_pair	225	7	563
ENSBTAG00000007158_ENSBTAT00000009419_UTR_pair	81	7	274
ENSBTAG00000004494_ENSBTAT00000005893_UTR_pair	530	7	477
ENSBTAG00000018002_ENSBTAT00000077262_UTR_pair	73	7	590
ENSBTAG00000003942_ENSBTAT00000005146_UTR_pair	124	7	1481
ENSBTAG00000021336_ENSBTAT00000071358_UTR_pair	233	7	36
ENSBTAG00000010624_ENSBTAT00000112899_UTR_pair	214	7	356
ENSBTAG00000010616_ENSBTAT00000014034_UTR_pair	199	7	969
ENSBTAG00000018361_ENSBTAT00000122626_UTR_pair	145	7	703
ENSBTAG00000031500_ENSBTAT00000106569_UTR_pair	165	7	542
ENSBTAG00000047650_ENSBTAT00000063021_UTR_pair	149	7	896
ENSBTAG00000006335_ENSBTAT00000008311_UTR_pair	1051	7	1219
ENSBTAG00000006324_ENSBTAT00000008295_UTR_pair	157	7	745
ENSBTAG00000014659_ENSBTAT00000019519_UTR_pair	40	7	4291
ENSBTAG00000038498_ENSBTAT00000107555_UTR_pair	668	7	4900
ENSBTAG00000044000_ENSBTAT00000075883_UTR_pair	18	7	96
ENSBTAG00000017967_ENSBTAT00000023908_UTR_pair	383	7	1137
ENSBTAG00000013315_ENSBTAT00000017710_UTR_pair	199	7	165
ENSBTAG00000017840_ENSBTAT00000116570_UTR_pair	26	7	2624
ENSBTAG00000017830_ENSBTAT00000023705_UTR_pair	70	7	331
ENSBTAG00000020459_ENSBTAT00000027263_UTR_pair	497	7	563
ENSBTAG00000004380_ENSBTAT00000005749_UTR_pair	13	7	1961
ENSBTAG00000004376_ENSBTAT00000128114_UTR_pair	231	7	76
ENSBTAG00000004371_ENSBTAT00000005730_UTR_pair	200	7	1431
ENSBTAG00000004367_ENSBTAT00000005722_UTR_pair	11	7	631
ENSBTAG00000002798_ENSBTAT00000092829_UTR_pair	199	7	190
ENSBTAG00000026754_ENSBTAT00000087037_UTR_pair	453	7	1920
ENSBTAG00000014697_ENSBTAT00000019562_UTR_pair	73	7	1294
ENSBTAG00000010799_ENSBTAT00000014304_UTR_pair	30	7	16
ENSBTAG00000031217_ENSBTAT00000044205_UTR_pair	9	7	9
ENSBTAG00000009543_ENSBTAT00000044160_UTR_pair	101	7	939
ENSBTAG00000009542_ENSBTAT00000012550_UTR_pair	13	7	1599
ENSBTAG00000010451_ENSBTAT00000013796_UTR_pair	161	7	267
ENSBTAG00000010444_ENSBTAT00000013790_UTR_pair	127	7	1285
ENSBTAG00000006160_ENSBTAT00000008101_UTR_pair	39	7	493
ENSBTAG00000014129_ENSBTAT00000018777_UTR_pair	193	7	2471
ENSBTAG00000004021_ENSBTAT00000105270_UTR_pair	205	7	267
ENSBTAG00000004018_ENSBTAT00000087451_UTR_pair	128	7	19
ENSBTAG00000020664_ENSBTAT00000100823_UTR_pair	56	7	479
ENSBTAG00000020663_ENSBTAT00000027540_UTR_pair	79	7	338
ENSBTAG00000007417_ENSBTAT00000009755_UTR_pair	199	7	1
ENSBTAG00000011931_ENSBTAT00000113658_UTR_pair	199	7	1675
ENSBTAG00000012897_ENSBTAT00000119011_UTR_pair	239	7	477
ENSBTAG00000016271_ENSBTAT00000021643_UTR_pair	140	7	1813
ENSBTAG00000016415_ENSBTAT00000131347_UTR_pair	58	7	169
ENSBTAG00000001509_ENSBTAT00000001974_UTR_pair	385	7	2472
ENSBTAG00000001510_ENSBTAT00000077282_UTR_pair	206	7	1001
ENSBTAG00000001894_ENSBTAT00000002464_UTR_pair	55	7	988
ENSBTAG00000004240_ENSBTAT00000052656_UTR_pair	284	7	1959
ENSBTAG00000012890_ENSBTAT00000017131_UTR_pair	55	7	2673
ENSBTAG00000021660_ENSBTAT00000130714_UTR_pair	133	7	1001
ENSBTAG00000021661_ENSBTAT00000085731_UTR_pair	417	7	1001
ENSBTAG00000006040_ENSBTAT00000007936_UTR_pair	199	7	782
ENSBTAG00000013842_ENSBTAT00000018384_UTR_pair	96	7	2368
ENSBTAG00000013859_ENSBTAT00000018408_UTR_pair	285	7	2568
ENSBTAG00000049308_ENSBTAT00000018363_UTR_pair	344	7	2730
ENSBTAG00000019409_ENSBTAT00000025859_UTR_pair	199	7	667
ENSBTAG00000017287_ENSBTAT00000022976_UTR_pair	51	7	1863
ENSBTAG00000000022_ENSBTAT00000000024_UTR_pair	60	7	146
ENSBTAG00000039709_ENSBTAT00000061381_UTR_pair	245	7	1001
ENSBTAG00000006013_ENSBTAT00000007899_UTR_pair	116	7	1001
ENSBTAG00000003362_ENSBTAT00000004364_UTR_pair	110	7	451
ENSBTAG00000021633_ENSBTAT00000028828_UTR_pair	12	7	1820
ENSBTAG00000000925_ENSBTAT00000001224_UTR_pair	140	7	258
ENSBTAG00000020933_ENSBTAT00000140093_UTR_pair	5	7	991
ENSBTAG00000013912_ENSBTAT00000018473_UTR_pair	246	7	1800
ENSBTAG00000010644_ENSBTAT00000103980_UTR_pair	257	7	547
ENSBTAG00000021875_ENSBTAT00000083157_UTR_pair	324	7	559
ENSBTAG00000006326_ENSBTAT00000094576_UTR_pair	17	7	2886
ENSBTAG00000033735_ENSBTAT00000080118_UTR_pair	76	7	2549
ENSBTAG00000030784_ENSBTAT00000135842_UTR_pair	358	7	981
ENSBTAG00000010457_ENSBTAT00000013805_UTR_pair	238	7	33
ENSBTAG00000011913_ENSBTAT00000015804_UTR_pair	199	7	1001
ENSBTAG00000002127_ENSBTAT00000002748_UTR_pair	158	7	2115
ENSBTAG00000004781_ENSBTAT00000104476_UTR_pair	104	7	19
ENSBTAG00000000147_ENSBTAT00000067140_UTR_pair	128	7	1285
ENSBTAG00000053105_ENSBTAT00000085864_UTR_pair	80	7	980
ENSBTAG00000010144_ENSBTAT00000119940_UTR_pair	412	7	7931
ENSBTAG00000010149_ENSBTAT00000115721_UTR_pair	7	7	528
ENSBTAG00000027064_ENSBTAT00000061102_UTR_pair	199	7	948
ENSBTAG00000012999_ENSBTAT00000017284_UTR_pair	256	7	1001
ENSBTAG00000011070_ENSBTAT00000014699_UTR_pair	37	7	995
ENSBTAG00000020634_ENSBTAT00000118579_UTR_pair	305	7	1505
ENSBTAG00000020638_ENSBTAT00000027504_UTR_pair	312	7	3694
ENSBTAG00000021953_ENSBTAT00000029269_UTR_pair	403	7	1371
ENSBTAG00000010533_ENSBTAT00000123027_UTR_pair	259	7	2085
ENSBTAG00000045785_ENSBTAT00000070277_UTR_pair	178	7	768
ENSBTAG00000015582_ENSBTAT00000069776_UTR_pair	108	7	598
ENSBTAG00000015595_ENSBTAT00000135665_UTR_pair	94	7	1001
ENSBTAG00000020125_ENSBTAT00000070015_UTR_pair	64	7	1873
ENSBTAG00000010402_ENSBTAT00000013737_UTR_pair	80	7	1413
ENSBTAG00000000015_ENSBTAT00000000015_UTR_pair	214	7	53
ENSBTAG00000026657_ENSBTAT00000132779_UTR_pair	354	7	309
ENSBTAG00000030650_ENSBTAT00000043317_UTR_pair	199	7	168
ENSBTAG00000030648_ENSBTAT00000069079_UTR_pair	199	7	272
ENSBTAG00000008074_ENSBTAT00000075227_UTR_pair	127	7	1777
ENSBTAG00000011043_ENSBTAT00000125027_UTR_pair	171	7	783
ENSBTAG00000015044_ENSBTAT00000071948_UTR_pair	199	7	1001
ENSBTAG00000011395_ENSBTAT00000037956_UTR_pair	77	7	652
ENSBTAG00000005453_ENSBTAT00000077697_UTR_pair	199	7	1
ENSBTAG00000006734_ENSBTAT00000037944_UTR_pair	199	7	1001
ENSBTAG00000020315_ENSBTAT00000135467_UTR_pair	199	7	1001
ENSBTAG00000019373_ENSBTAT00000083591_UTR_pair	186	7	350
ENSBTAG00000014106_ENSBTAT00000018760_UTR_pair	233	7	1885
ENSBTAG00000011096_ENSBTAT00000014730_UTR_pair	104	7	2690
ENSBTAG00000006372_ENSBTAT00000008359_UTR_pair	116	7	94
ENSBTAG00000004283_ENSBTAT00000005615_UTR_pair	309	7	1769
ENSBTAG00000011798_ENSBTAT00000043251_UTR_pair	11	7	2674
ENSBTAG00000006985_ENSBTAT00000009179_UTR_pair	204	7	3980
ENSBTAG00000004532_ENSBTAT00000074676_UTR_pair	2	7	1001
ENSBTAG00000013515_ENSBTAT00000080830_UTR_pair	596	7	299
ENSBTAG00000000393_ENSBTAT00000000506_UTR_pair	199	7	57
ENSBTAG00000064544_ENSBTAT00000128958_UTR_pair	155	7	1001
ENSBTAG00000021980_ENSBTAT00000029308_UTR_pair	186	7	331
ENSBTAG00000009778_ENSBTAT00000081428_UTR_pair	328	7	4470
ENSBTAG00000026624_ENSBTAT00000037914_UTR_pair	351	7	685
ENSBTAG00000013825_ENSBTAT00000104984_UTR_pair	199	7	5628
ENSBTAG00000022360_ENSBTAT00000077774_UTR_pair	199	7	523
ENSBTAG00000001673_ENSBTAT00000068809_UTR_pair	208	7	1160
ENSBTAG00000019603_ENSBTAT00000026118_UTR_pair	85	7	917
ENSBTAG00000000379_ENSBTAT00000069127_UTR_pair	49	7	487
ENSBTAG00000021083_ENSBTAT00000124888_UTR_pair	92	7	1298
ENSBTAG00000021078_ENSBTAT00000052587_UTR_pair	199	7	607
ENSBTAG00000010818_ENSBTAT00000034452_UTR_pair	199	7	1545
ENSBTAG00000008541_ENSBTAT00000011257_UTR_pair	131	7	360
ENSBTAG00000022167_ENSBTAT00000007367_UTR_pair	43	7	581
ENSBTAG00000014175_ENSBTAT00000018840_UTR_pair	280	7	1666
ENSBTAG00000000369_ENSBTAT00000072625_UTR_pair	113	7	1130
ENSBTAG00000002174_ENSBTAT00000002817_UTR_pair	309	7	4831
ENSBTAG00000014759_ENSBTAT00000019637_UTR_pair	331	7	1444
ENSBTAG00000003221_ENSBTAT00000086218_UTR_pair	155	7	166
ENSBTAG00000058480_ENSBTAT00000104557_UTR_pair	287	7	101
ENSBTAG00000014322_ENSBTAT00000019045_UTR_pair	91	7	97
ENSBTAG00000039509_ENSBTAT00000026124_UTR_pair	135	7	845
ENSBTAG00000019608_ENSBTAT00000003058_UTR_pair	7	7	432
ENSBTAG00000018254_ENSBTAT00000024297_UTR_pair	515	7	1357
ENSBTAG00000011957_ENSBTAT00000119384_UTR_pair	216	7	429
ENSBTAG00000010763_ENSBTAT00000000929_UTR_pair	199	7	1001
ENSBTAG00000008721_ENSBTAT00000011489_UTR_pair	242	7	442
ENSBTAG00000011761_ENSBTAT00000094467_UTR_pair	141	7	3710
ENSBTAG00000014605_ENSBTAT00000074978_UTR_pair	387	7	534
ENSBTAG00000009663_ENSBTAT00000082669_UTR_pair	199	7	589
ENSBTAG00000011765_ENSBTAT00000128784_UTR_pair	254	7	1001
ENSBTAG00000018207_ENSBTAT00000091971_UTR_pair	436	7	1424
ENSBTAG00000018205_ENSBTAT00000024230_UTR_pair	511	7	818
ENSBTAG00000003291_ENSBTAT00000004262_UTR_pair	225	7	886
ENSBTAG00000004556_ENSBTAT00000042889_UTR_pair	115	7	2466
ENSBTAG00000019742_ENSBTAT00000120822_UTR_pair	586	7	1001
ENSBTAG00000020237_ENSBTAT00000026951_UTR_pair	41	7	1673
ENSBTAG00000010490_ENSBTAT00000013864_UTR_pair	135	7	1133
ENSBTAG00000008129_ENSBTAT00000112496_UTR_pair	338	7	726
ENSBTAG00000013127_ENSBTAT00000054491_UTR_pair	42	7	4810
ENSBTAG00000020294_ENSBTAT00000077529_UTR_pair	273	7	225
ENSBTAG00000011274_ENSBTAT00000014978_UTR_pair	27	7	779
ENSBTAG00000053346_ENSBTAT00000077503_UTR_pair	315	7	430
ENSBTAG00000019782_ENSBTAT00000026358_UTR_pair	199	7	469
ENSBTAG00000019780_ENSBTAT00000026356_UTR_pair	110	7	571
ENSBTAG00000003598_ENSBTAT00000134845_UTR_pair	178	7	283
ENSBTAG00000018451_ENSBTAT00000024555_UTR_pair	199	7	505
ENSBTAG00000014931_ENSBTAT00000019876_UTR_pair	645	7	546
ENSBTAG00000011111_ENSBTAT00000090334_UTR_pair	174	7	1001
ENSBTAG00000017072_ENSBTAT00000071600_UTR_pair	253	7	939
ENSBTAG00000014731_ENSBTAT00000037753_UTR_pair	71	7	189
ENSBTAG00000014730_ENSBTAT00000118247_UTR_pair	130	7	254
ENSBTAG00000015312_ENSBTAT00000020355_UTR_pair	168	7	648
ENSBTAG00000002631_ENSBTAT00000003413_UTR_pair	691	7	925
ENSBTAG00000016649_ENSBTAT00000121532_UTR_pair	7	7	95
ENSBTAG00000000275_ENSBTAT00000049732_UTR_pair	204	7	3381
ENSBTAG00000018940_ENSBTAT00000063568_UTR_pair	202	7	4482
ENSBTAG00000049163_ENSBTAT00000071228_UTR_pair	5	7	221
ENSBTAG00000019788_ENSBTAT00000074335_UTR_pair	126	7	1001
ENSBTAG00000015879_ENSBTAT00000021105_UTR_pair	76	7	1794
ENSBTAG00000015878_ENSBTAT00000068838_UTR_pair	2	7	669
ENSBTAG00000015875_ENSBTAT00000021101_UTR_pair	281	7	957
ENSBTAG00000007605_ENSBTAT00000009998_UTR_pair	52	7	663
ENSBTAG00000020472_ENSBTAT00000134048_UTR_pair	223	7	1191
ENSBTAG00000000049_ENSBTAT00000074643_UTR_pair	86	7	751
ENSBTAG00000005221_ENSBTAT00000006875_UTR_pair	199	7	2368
ENSBTAG00000005225_ENSBTAT00000055617_UTR_pair	108	7	436
ENSBTAG00000013658_ENSBTAT00000083966_UTR_pair	233	7	4735
ENSBTAG00000052374_ENSBTAT00000121335_UTR_pair	199	7	783
ENSBTAG00000057245_ENSBTAT00000098864_UTR_pair	159	7	138
ENSBTAG00000009050_ENSBTAT00000135589_UTR_pair	322	7	2
ENSBTAG00000030285_ENSBTAT00000003353_UTR_pair	16	7	137
ENSBTAG00000011067_ENSBTAT00000073516_UTR_pair	128	7	1129
ENSBTAG00000016995_ENSBTAT00000042747_UTR_pair	21	7	209
ENSBTAG00000009704_ENSBTAT00000056494_UTR_pair	256	7	3369
ENSBTAG00000014238_ENSBTAT00000070461_UTR_pair	125	7	455
ENSBTAG00000013988_ENSBTAT00000042737_UTR_pair	5	7	422
ENSBTAG00000048271_ENSBTAT00000065648_UTR_pair	199	7	1001
ENSBTAG00000030258_ENSBTAT00000028798_UTR_pair	295	7	632
ENSBTAG00000006464_ENSBTAT00000008477_UTR_pair	319	7	868
ENSBTAG00000030255_ENSBTAT00000016505_UTR_pair	69	7	995
ENSBTAG00000015089_ENSBTAT00000100584_UTR_pair	240	7	57
ENSBTAG00000010789_ENSBTAT00000014280_UTR_pair	69	7	1256
ENSBTAG00000037703_ENSBTAT00000026064_UTR_pair	71	7	1683
ENSBTAG00000004820_ENSBTAT00000127621_UTR_pair	91	7	864
ENSBTAG00000014015_ENSBTAT00000132343_UTR_pair	205	7	742
ENSBTAG00000021435_ENSBTAT00000028574_UTR_pair	231	7	1339
ENSBTAG00000009668_ENSBTAT00000070644_UTR_pair	132	7	1001
ENSBTAG00000009886_ENSBTAT00000102880_UTR_pair	193	7	668
ENSBTAG00000009887_ENSBTAT00000083709_UTR_pair	46	7	2522
ENSBTAG00000010157_ENSBTAT00000013405_UTR_pair	71	7	1330
ENSBTAG00000065598_ENSBTAT00000123637_UTR_pair	609	7	1997
ENSBTAG00000003693_ENSBTAT00000004813_UTR_pair	199	7	1500
ENSBTAG00000049822_ENSBTAT00000120697_UTR_pair	177	7	2
ENSBTAG00000000109_ENSBTAT00000014522_UTR_pair	199	7	1001
ENSBTAG00000046724_ENSBTAT00000071311_UTR_pair	11	7	912
ENSBTAG00000007228_ENSBTAT00000009507_UTR_pair	56	7	1001
ENSBTAG00000021697_ENSBTAT00000063564_UTR_pair	1	7	1601
ENSBTAG00000005765_ENSBTAT00000129511_UTR_pair	53	7	3685
ENSBTAG00000019828_ENSBTAT00000068866_UTR_pair	132	7	1714
ENSBTAG00000017439_ENSBTAT00000023204_UTR_pair	655	7	2669
ENSBTAG00000017462_ENSBTAT00000147028_UTR_pair	340	7	71
ENSBTAG00000002630_ENSBTAT00000003407_UTR_pair	199	7	1001
ENSBTAG00000006200_ENSBTAT00000008143_UTR_pair	105	7	657
ENSBTAG00000006202_ENSBTAT00000008146_UTR_pair	411	7	1870
ENSBTAG00000006204_ENSBTAT00000126738_UTR_pair	62	7	2432
ENSBTAG00000016198_ENSBTAT00000021556_UTR_pair	402	7	1001
ENSBTAG00000030222_ENSBTAT00000085264_UTR_pair	233	7	5367
ENSBTAG00000012481_ENSBTAT00000084742_UTR_pair	199	7	905
ENSBTAG00000002782_ENSBTAT00000003608_UTR_pair	65	7	2752
ENSBTAG00000016580_ENSBTAT00000022056_UTR_pair	199	7	3365
ENSBTAG00000015109_ENSBTAT00000106653_UTR_pair	2437	7	2757
ENSBTAG00000006423_ENSBTAT00000088510_UTR_pair	5	7	592
ENSBTAG00000006429_ENSBTAT00000106507_UTR_pair	107	7	388
ENSBTAG00000004009_ENSBTAT00000106125_UTR_pair	214	7	420
ENSBTAG00000047942_ENSBTAT00000133023_UTR_pair	86	7	1001
ENSBTAG00000006103_ENSBTAT00000008020_UTR_pair	388	7	272
ENSBTAG00000006104_ENSBTAT00000098047_UTR_pair	199	7	968
ENSBTAG00000021173_ENSBTAT00000028215_UTR_pair	162	7	2408
ENSBTAG00000014265_ENSBTAT00000018956_UTR_pair	219	7	1759
ENSBTAG00000009956_ENSBTAT00000013133_UTR_pair	268	7	528
ENSBTAG00000009506_ENSBTAT00000012508_UTR_pair	199	7	528
ENSBTAG00000016511_ENSBTAT00000021952_UTR_pair	68	7	2081
ENSBTAG00000016516_ENSBTAT00000066423_UTR_pair	199	7	971
ENSBTAG00000019290_ENSBTAT00000025683_UTR_pair	201	7	1660
ENSBTAG00000012030_ENSBTAT00000114255_UTR_pair	149	7	160
ENSBTAG00000001708_ENSBTAT00000002240_UTR_pair	64	7	1213
ENSBTAG00000045957_ENSBTAT00000083459_UTR_pair	199	7	3170
ENSBTAG00000021978_ENSBTAT00000073805_UTR_pair	31	7	253
ENSBTAG00000039784_ENSBTAT00000115809_UTR_pair	140	7	467
ENSBTAG00000017652_ENSBTAT00000095963_UTR_pair	199	7	166
ENSBTAG00000010590_ENSBTAT00000080719_UTR_pair	344	7	1169
ENSBTAG00000012088_ENSBTAT00000074839_UTR_pair	101	7	654
ENSBTAG00000009351_ENSBTAT00000112979_UTR_pair	199	7	1269
ENSBTAG00000008065_ENSBTAT00000090286_UTR_pair	199	7	213
ENSBTAG00000008036_ENSBTAT00000010571_UTR_pair	199	7	1001
ENSBTAG00000021803_ENSBTAT00000080382_UTR_pair	199	7	1880
ENSBTAG00000046654_ENSBTAT00000120380_UTR_pair	28	7	1001
ENSBTAG00000012291_ENSBTAT00000075523_UTR_pair	43	7	1001
ENSBTAG00000046760_ENSBTAT00000065149_UTR_pair	199	7	1001
ENSBTAG00000049889_ENSBTAT00000091055_UTR_pair	786	7	18956
ENSBTAG00000046173_ENSBTAT00000064352_UTR_pair	217	7	377
ENSBTAG00000047801_ENSBTAT00000134857_UTR_pair	106	7	212
ENSBTAG00000045904_ENSBTAT00000063193_UTR_pair	241	7	904
ENSBTAG00000001931_ENSBTAT00000082873_UTR_pair	199	7	935
ENSBTAG00000000647_ENSBTAT00000000851_UTR_pair	19	7	287
ENSBTAG00000000650_ENSBTAT00000095914_UTR_pair	199	7	451
ENSBTAG00000011000_ENSBTAT00000014602_UTR_pair	242	7	325
ENSBTAG00000019574_ENSBTAT00000026080_UTR_pair	116	7	464
ENSBTAG00000030182_ENSBTAT00000022358_UTR_pair	12	7	1196
ENSBTAG00000014966_ENSBTAT00000019923_UTR_pair	4	7	137
ENSBTAG00000024756_ENSBTAT00000067401_UTR_pair	3	7	72
ENSBTAG00000018660_ENSBTAT00000024829_UTR_pair	372	7	670
ENSBTAG00000021337_ENSBTAT00000075635_UTR_pair	149	7	1001
ENSBTAG00000017925_ENSBTAT00000052338_UTR_pair	53	7	436
ENSBTAG00000012607_ENSBTAT00000070528_UTR_pair	115	7	1484
ENSBTAG00000030179_ENSBTAT00000021360_UTR_pair	187	7	622
ENSBTAG00000016053_ENSBTAT00000105496_UTR_pair	62	7	14
ENSBTAG00000034700_ENSBTAT00000107014_UTR_pair	144	7	395
ENSBTAG00000004943_ENSBTAT00000006503_UTR_pair	257	7	277
ENSBTAG00000004942_ENSBTAT00000006502_UTR_pair	71	7	58
ENSBTAG00000021746_ENSBTAT00000077736_UTR_pair	235	7	1058
ENSBTAG00000012111_ENSBTAT00000117087_UTR_pair	199	7	1001
ENSBTAG00000024888_ENSBTAT00000014479_UTR_pair	306	7	4069
ENSBTAG00000010350_ENSBTAT00000103726_UTR_pair	199	7	1948
ENSBTAG00000003619_ENSBTAT00000097027_UTR_pair	262	7	370
ENSBTAG00000014080_ENSBTAT00000018721_UTR_pair	122	7	1174
ENSBTAG00000004574_ENSBTAT00000006007_UTR_pair	242	7	2250
ENSBTAG00000014463_ENSBTAT00000075512_UTR_pair	116	7	2093
ENSBTAG00000009632_ENSBTAT00000084701_UTR_pair	122	7	255
ENSBTAG00000026936_ENSBTAT00000049376_UTR_pair	199	7	1001
ENSBTAG00000003941_ENSBTAT00000005148_UTR_pair	129	7	1606
ENSBTAG00000017375_ENSBTAT00000023103_UTR_pair	138	7	1938
ENSBTAG00000010564_ENSBTAT00000013967_UTR_pair	126	7	3892
ENSBTAG00000012537_ENSBTAT00000131451_UTR_pair	217	7	3707
ENSBTAG00000012995_ENSBTAT00000135453_UTR_pair	79	7	1001
ENSBTAG00000010945_ENSBTAT00000048781_UTR_pair	199	7	963
ENSBTAG00000011611_ENSBTAT00000124922_UTR_pair	58	7	553
ENSBTAG00000006844_ENSBTAT00000008991_UTR_pair	702	7	605
ENSBTAG00000012972_ENSBTAT00000017246_UTR_pair	64	7	2357
ENSBTAG00000016805_ENSBTAT00000022353_UTR_pair	199	7	414
ENSBTAG00000012961_ENSBTAT00000085217_UTR_pair	1093	7	572
ENSBTAG00000004230_ENSBTAT00000005542_UTR_pair	50	7	67
ENSBTAG00000004227_ENSBTAT00000005539_UTR_pair	293	7	1802
ENSBTAG00000006686_ENSBTAT00000103689_UTR_pair	259	7	960
ENSBTAG00000013927_ENSBTAT00000106595_UTR_pair	221	7	2645
ENSBTAG00000033648_ENSBTAT00000102069_UTR_pair	575	7	282
ENSBTAG00000017682_ENSBTAT00000023517_UTR_pair	451	7	1001
ENSBTAG00000009035_ENSBTAT00000011898_UTR_pair	199	7	404
ENSBTAG00000002526_ENSBTAT00000126303_UTR_pair	260	7	289
ENSBTAG00000027630_ENSBTAT00000039792_UTR_pair	199	7	623
ENSBTAG00000048761_ENSBTAT00000132420_UTR_pair	205	7	3069
ENSBTAG00000019761_ENSBTAT00000026334_UTR_pair	118	7	1125
ENSBTAG00000020270_ENSBTAT00000128818_UTR_pair	150	7	817
ENSBTAG00000005668_ENSBTAT00000007448_UTR_pair	385	7	1655
ENSBTAG00000010610_ENSBTAT00000014026_UTR_pair	150	7	2941
ENSBTAG00000004428_ENSBTAT00000005802_UTR_pair	63	7	948
ENSBTAG00000004426_ENSBTAT00000151024_UTR_pair	85	7	4778
ENSBTAG00000007923_ENSBTAT00000147766_UTR_pair	26	7	941
ENSBTAG00000000197_ENSBTAT00000128726_UTR_pair	199	7	1896
ENSBTAG00000016007_ENSBTAT00000021304_UTR_pair	11	7	1326
ENSBTAG00000016004_ENSBTAT00000076255_UTR_pair	84	7	1510
ENSBTAG00000012343_ENSBTAT00000110037_UTR_pair	9	7	2145
ENSBTAG00000012818_ENSBTAT00000064437_UTR_pair	96	7	242
ENSBTAG00000017061_ENSBTAT00000047936_UTR_pair	171	7	1707
ENSBTAG00000024957_ENSBTAT00000110660_UTR_pair	408	7	831
ENSBTAG00000015265_ENSBTAT00000020304_UTR_pair	1291	7	1256
ENSBTAG00000011187_ENSBTAT00000076308_UTR_pair	235	7	2159
ENSBTAG00000010128_ENSBTAT00000013363_UTR_pair	622	7	1559
ENSBTAG00000020541_ENSBTAT00000027369_UTR_pair	260	7	884
ENSBTAG00000020538_ENSBTAT00000083455_UTR_pair	66	7	56
ENSBTAG00000020536_ENSBTAT00000027362_UTR_pair	120	7	206
ENSBTAG00000005754_ENSBTAT00000095775_UTR_pair	40	7	3769
ENSBTAG00000020031_ENSBTAT00000083983_UTR_pair	73	7	1961
ENSBTAG00000005989_ENSBTAT00000139597_UTR_pair	1150	7	372
ENSBTAG00000021582_ENSBTAT00000028759_UTR_pair	86	7	109
ENSBTAG00000005108_ENSBTAT00000133943_UTR_pair	199	7	1531
ENSBTAG00000004653_ENSBTAT00000101609_UTR_pair	199	7	610
ENSBTAG00000017024_ENSBTAT00000055094_UTR_pair	225	7	1230
ENSBTAG00000008896_ENSBTAT00000011714_UTR_pair	136	7	448
ENSBTAG00000014616_ENSBTAT00000019464_UTR_pair	199	7	1001
ENSBTAG00000006492_ENSBTAT00000047316_UTR_pair	186	7	2262
ENSBTAG00000007240_ENSBTAT00000124640_UTR_pair	21	7	133
ENSBTAG00000003897_ENSBTAT00000039673_UTR_pair	108	7	629
ENSBTAG00000003602_ENSBTAT00000120068_UTR_pair	250	7	4075
ENSBTAG00000033214_ENSBTAT00000083708_UTR_pair	116	7	374
ENSBTAG00000019353_ENSBTAT00000091386_UTR_pair	199	7	1198
ENSBTAG00000000061_ENSBTAT00000090677_UTR_pair	199	7	1001
ENSBTAG00000039922_ENSBTAT00000081161_UTR_pair	224	7	1001
ENSBTAG00000004329_ENSBTAT00000005668_UTR_pair	103	7	2034
ENSBTAG00000064350_ENSBTAT00000128067_UTR_pair	72	7	5328
ENSBTAG00000013699_ENSBTAT00000083632_UTR_pair	311	7	1618
ENSBTAG00000017488_ENSBTAT00000085769_UTR_pair	308	7	3785
ENSBTAG00000033160_ENSBTAT00000086949_UTR_pair	199	7	4188
ENSBTAG00000006044_ENSBTAT00000071244_UTR_pair	199	7	1188
ENSBTAG00000014515_ENSBTAT00000076791_UTR_pair	190	7	40
ENSBTAG00000014521_ENSBTAT00000019302_UTR_pair	104	7	1345
ENSBTAG00000014522_ENSBTAT00000019303_UTR_pair	158	7	694
ENSBTAG00000020175_ENSBTAT00000139899_UTR_pair	199	7	4365
ENSBTAG00000017809_ENSBTAT00000085347_UTR_pair	199	7	1001
ENSBTAG00000000175_ENSBTAT00000000200_UTR_pair	253	7	3381
ENSBTAG00000002356_ENSBTAT00000073219_UTR_pair	240	7	2561
ENSBTAG00000027569_ENSBTAT00000039647_UTR_pair	276	7	902
ENSBTAG00000005078_ENSBTAT00000072800_UTR_pair	46	7	341
ENSBTAG00000010677_ENSBTAT00000079657_UTR_pair	94	7	2886
ENSBTAG00000043958_ENSBTAT00000149383_UTR_pair	69	7	5304
ENSBTAG00000020367_ENSBTAT00000061481_UTR_pair	122	7	3142
ENSBTAG00000000285_ENSBTAT00000067544_UTR_pair	199	7	2787
ENSBTAG00000000287_ENSBTAT00000000357_UTR_pair	199	7	930
ENSBTAG00000001348_ENSBTAT00000039626_UTR_pair	48	7	1198
ENSBTAG00000002201_ENSBTAT00000061348_UTR_pair	199	7	734
ENSBTAG00000009423_ENSBTAT00000012400_UTR_pair	56	7	3400
ENSBTAG00000005062_ENSBTAT00000129025_UTR_pair	199	7	541
ENSBTAG00000021963_ENSBTAT00000029282_UTR_pair	267	7	2945
ENSBTAG00000000137_ENSBTAT00000109678_UTR_pair	199	7	1885
ENSBTAG00000010611_ENSBTAT00000014028_UTR_pair	144	7	496
ENSBTAG00000001839_ENSBTAT00000027443_UTR_pair	83	7	1060
ENSBTAG00000001600_ENSBTAT00000122920_UTR_pair	48	7	348
ENSBTAG00000014601_ENSBTAT00000078968_UTR_pair	4	7	3364
ENSBTAG00000003443_ENSBTAT00000104239_UTR_pair	199	7	3840
ENSBTAG00000020647_ENSBTAT00000027515_UTR_pair	199	7	987
ENSBTAG00000020648_ENSBTAT00000106762_UTR_pair	88	7	1001
ENSBTAG00000020653_ENSBTAT00000094983_UTR_pair	188	7	3214
ENSBTAG00000032660_ENSBTAT00000031096_UTR_pair	328	7	1215
ENSBTAG00000002699_ENSBTAT00000003498_UTR_pair	102	7	2108
ENSBTAG00000014913_ENSBTAT00000019855_UTR_pair	54	7	2624
ENSBTAG00000001269_ENSBTAT00000001671_UTR_pair	292	7	722
ENSBTAG00000044044_ENSBTAT00000077664_UTR_pair	221	7	584
ENSBTAG00000054466_ENSBTAT00000116772_UTR_pair	141	7	443
ENSBTAG00000032637_ENSBTAT00000046297_UTR_pair	166	7	645
ENSBTAG00000009471_ENSBTAT00000012468_UTR_pair	253	7	1713
ENSBTAG00000010571_ENSBTAT00000109343_UTR_pair	104	7	109
ENSBTAG00000011789_ENSBTAT00000072386_UTR_pair	186	7	3594
ENSBTAG00000019366_ENSBTAT00000025800_UTR_pair	121	7	155
ENSBTAG00000006837_ENSBTAT00000008985_UTR_pair	27	7	1649
ENSBTAG00000009310_ENSBTAT00000012263_UTR_pair	691	7	1250
ENSBTAG00000016795_ENSBTAT00000090863_UTR_pair	635	7	1278
ENSBTAG00000008577_ENSBTAT00000011313_UTR_pair	199	7	1167
ENSBTAG00000012397_ENSBTAT00000016449_UTR_pair	307	7	1874
ENSBTAG00000002348_ENSBTAT00000135048_UTR_pair	41	7	4363
ENSBTAG00000004912_ENSBTAT00000006467_UTR_pair	487	7	2751
ENSBTAG00000043960_ENSBTAT00000076114_UTR_pair	24	7	947
ENSBTAG00000007189_ENSBTAT00000009461_UTR_pair	399	7	531
ENSBTAG00000007190_ENSBTAT00000105080_UTR_pair	233	7	52
ENSBTAG00000014041_ENSBTAT00000018663_UTR_pair	212	7	1055
ENSBTAG00000017028_ENSBTAT00000104724_UTR_pair	164	7	943
ENSBTAG00000019478_ENSBTAT00000120926_UTR_pair	64	7	1001
ENSBTAG00000007639_ENSBTAT00000007240_UTR_pair	77	7	845
ENSBTAG00000010956_ENSBTAT00000014549_UTR_pair	332	7	2660
ENSBTAG00000019633_ENSBTAT00000081620_UTR_pair	199	7	629
ENSBTAG00000021372_ENSBTAT00000068737_UTR_pair	161	7	69
ENSBTAG00000000599_ENSBTAT00000000791_UTR_pair	585	7	1272
ENSBTAG00000021768_ENSBTAT00000128750_UTR_pair	18	7	1310
ENSBTAG00000049571_ENSBTAT00000127147_UTR_pair	15	7	7165
ENSBTAG00000001126_ENSBTAT00000069488_UTR_pair	205	7	5580
ENSBTAG00000008887_ENSBTAT00000011702_UTR_pair	196	7	2246
ENSBTAG00000014324_ENSBTAT00000101683_UTR_pair	157	7	1895
ENSBTAG00000014804_ENSBTAT00000019699_UTR_pair	270	7	1497
ENSBTAG00000014805_ENSBTAT00000099364_UTR_pair	199	7	956
ENSBTAG00000022449_ENSBTAT00000025820_UTR_pair	275	7	1306
ENSBTAG00000022450_ENSBTAT00000030398_UTR_pair	99	7	1001
ENSBTAG00000018155_ENSBTAT00000095751_UTR_pair	25	7	190
ENSBTAG00000017592_ENSBTAT00000023396_UTR_pair	339	7	1142
ENSBTAG00000045787_ENSBTAT00000065725_UTR_pair	199	7	1001
ENSBTAG00000003959_ENSBTAT00000101541_UTR_pair	21	7	499
ENSBTAG00000014947_ENSBTAT00000055276_UTR_pair	308	7	3
ENSBTAG00000018488_ENSBTAT00000124992_UTR_pair	415	7	3326
ENSBTAG00000002455_ENSBTAT00000110192_UTR_pair	199	7	1001
ENSBTAG00000006307_ENSBTAT00000008272_UTR_pair	97	7	633
ENSBTAG00000046671_ENSBTAT00000066249_UTR_pair	199	7	1001
ENSBTAG00000004292_ENSBTAT00000118337_UTR_pair	99	7	969
ENSBTAG00000010875_ENSBTAT00000014447_UTR_pair	234	7	753
ENSBTAG00000005711_ENSBTAT00000122835_UTR_pair	83	7	274
ENSBTAG00000014680_ENSBTAT00000030945_UTR_pair	199	7	401
ENSBTAG00000003652_ENSBTAT00000004760_UTR_pair	30	7	634
ENSBTAG00000013607_ENSBTAT00000018092_UTR_pair	264	7	865
ENSBTAG00000050234_ENSBTAT00000097256_UTR_pair	1703	7	3462
ENSBTAG00000003218_ENSBTAT00000004180_UTR_pair	212	7	842
ENSBTAG00000004316_ENSBTAT00000092941_UTR_pair	136	7	1238
ENSBTAG00000021214_ENSBTAT00000028266_UTR_pair	199	7	716
ENSBTAG00000019427_ENSBTAT00000025878_UTR_pair	462	7	2366
ENSBTAG00000005493_ENSBTAT00000073510_UTR_pair	173	7	2400
ENSBTAG00000066252_ENSBTAT00000135851_UTR_pair	37	7	882
ENSBTAG00000010181_ENSBTAT00000013431_UTR_pair	20	7	750
ENSBTAG00000012464_ENSBTAT00000098175_UTR_pair	220	7	5051
ENSBTAG00000021130_ENSBTAT00000123562_UTR_pair	191	7	599
ENSBTAG00000021128_ENSBTAT00000071042_UTR_pair	227	7	1001
ENSBTAG00000013996_ENSBTAT00000085314_UTR_pair	101	7	448
ENSBTAG00000015126_ENSBTAT00000020124_UTR_pair	63	7	332
ENSBTAG00000009744_ENSBTAT00000084495_UTR_pair	199	7	1001
ENSBTAG00000027453_ENSBTAT00000067260_UTR_pair	268	7	2027
ENSBTAG00000015209_ENSBTAT00000020233_UTR_pair	107	7	3073
ENSBTAG00000069730_ENSBTAT00000111657_UTR_pair	60	7	1001
ENSBTAG00000007986_ENSBTAT00000010497_UTR_pair	199	7	1001
ENSBTAG00000020108_ENSBTAT00000026785_UTR_pair	19	7	2093
ENSBTAG00000007164_ENSBTAT00000098956_UTR_pair	178	7	91
ENSBTAG00000011042_ENSBTAT00000014663_UTR_pair	107	7	1272
ENSBTAG00000001328_ENSBTAT00000112768_UTR_pair	96	7	1001
ENSBTAG00000012575_ENSBTAT00000120034_UTR_pair	199	7	803
ENSBTAG00000008480_ENSBTAT00000066753_UTR_pair	97	7	703
ENSBTAG00000027464_ENSBTAT00000092202_UTR_pair	378	7	1001
ENSBTAG00000017240_ENSBTAT00000022905_UTR_pair	199	7	542
ENSBTAG00000019188_ENSBTAT00000025537_UTR_pair	123	7	391
ENSBTAG00000014017_ENSBTAT00000018621_UTR_pair	486	7	683
ENSBTAG00000005964_ENSBTAT00000007828_UTR_pair	142	7	1001
ENSBTAG00000017362_ENSBTAT00000023088_UTR_pair	55	7	1790
ENSBTAG00000004709_ENSBTAT00000083233_UTR_pair	287	7	2921
ENSBTAG00000004856_ENSBTAT00000071791_UTR_pair	199	7	496
ENSBTAG00000015611_ENSBTAT00000083445_UTR_pair	9	7	1372
ENSBTAG00000015602_ENSBTAT00000020727_UTR_pair	47	7	243
ENSBTAG00000015591_ENSBTAT00000075019_UTR_pair	34	7	666
ENSBTAG00000009738_ENSBTAT00000049734_UTR_pair	253	7	445
ENSBTAG00000050347_ENSBTAT00000078064_UTR_pair	199	7	1001
ENSBTAG00000048107_ENSBTAT00000064711_UTR_pair	191	7	1811
ENSBTAG00000019868_ENSBTAT00000122547_UTR_pair	199	7	1001
ENSBTAG00000014665_ENSBTAT00000019526_UTR_pair	110	7	2332
ENSBTAG00000039246_ENSBTAT00000024852_UTR_pair	199	7	1769
ENSBTAG00000014775_ENSBTAT00000066343_UTR_pair	9	7	277
ENSBTAG00000007725_ENSBTAT00000010159_UTR_pair	91	7	1160
ENSBTAG00000004188_ENSBTAT00000105950_UTR_pair	199	7	1001
ENSBTAG00000015144_ENSBTAT00000020147_UTR_pair	143	7	399
ENSBTAG00000004652_ENSBTAT00000006105_UTR_pair	355	7	576
ENSBTAG00000003034_ENSBTAT00000084411_UTR_pair	269	7	825
ENSBTAG00000006124_ENSBTAT00000008054_UTR_pair	105	7	1001
ENSBTAG00000001763_ENSBTAT00000073874_UTR_pair	294	7	537
ENSBTAG00000001762_ENSBTAT00000077838_UTR_pair	385	7	204
ENSBTAG00000025817_ENSBTAT00000110971_UTR_pair	33	7	729
ENSBTAG00000001817_ENSBTAT00000121469_UTR_pair	26	7	1580
ENSBTAG00000001816_ENSBTAT00000002374_UTR_pair	199	7	445
ENSBTAG00000013288_ENSBTAT00000111642_UTR_pair	210	7	2714
ENSBTAG00000000813_ENSBTAT00000001076_UTR_pair	195	7	275
ENSBTAG00000000811_ENSBTAT00000074782_UTR_pair	15	7	389
ENSBTAG00000020922_ENSBTAT00000088279_UTR_pair	199	7	3
ENSBTAG00000010379_ENSBTAT00000068553_UTR_pair	199	7	5144
ENSBTAG00000007741_ENSBTAT00000010179_UTR_pair	91	7	1001
ENSBTAG00000007737_ENSBTAT00000010176_UTR_pair	36	7	101
ENSBTAG00000010545_ENSBTAT00000144258_UTR_pair	180	7	725
ENSBTAG00000016264_ENSBTAT00000079181_UTR_pair	199	7	433
ENSBTAG00000017482_ENSBTAT00000073845_UTR_pair	199	7	107
ENSBTAG00000003947_ENSBTAT00000080002_UTR_pair	237	7	345
ENSBTAG00000008578_ENSBTAT00000110193_UTR_pair	195	7	536
ENSBTAG00000052791_ENSBTAT00000106021_UTR_pair	144	7	95
ENSBTAG00000069307_ENSBTAT00000117552_UTR_pair	199	7	393
ENSBTAG00000039335_ENSBTAT00000002229_UTR_pair	71	7	1114
ENSBTAG00000004604_ENSBTAT00000101226_UTR_pair	199	7	245
ENSBTAG00000002136_ENSBTAT00000088344_UTR_pair	206	7	719
ENSBTAG00000020709_ENSBTAT00000019513_UTR_pair	41	7	77
ENSBTAG00000012678_ENSBTAT00000016841_UTR_pair	30	7	1307
ENSBTAG00000016783_ENSBTAT00000022314_UTR_pair	43	7	222
ENSBTAG00000003914_ENSBTAT00000005111_UTR_pair	87	7	337
ENSBTAG00000004200_ENSBTAT00000005506_UTR_pair	199	7	411
ENSBTAG00000017074_ENSBTAT00000022706_UTR_pair	235	7	1001
ENSBTAG00000017068_ENSBTAT00000022696_UTR_pair	113	7	588
ENSBTAG00000025809_ENSBTAT00000036501_UTR_pair	225	7	523
ENSBTAG00000011136_ENSBTAT00000014791_UTR_pair	199	7	456
ENSBTAG00000011135_ENSBTAT00000047416_UTR_pair	102	7	278
ENSBTAG00000011125_ENSBTAT00000014779_UTR_pair	60	7	994
ENSBTAG00000009330_ENSBTAT00000036414_UTR_pair	287	7	1001
ENSBTAG00000013614_ENSBTAT00000018099_UTR_pair	12	7	1361
ENSBTAG00000005312_ENSBTAT00000110640_UTR_pair	39	7	1065
ENSBTAG00000005295_ENSBTAT00000133878_UTR_pair	199	7	2797
ENSBTAG00000005289_ENSBTAT00000006959_UTR_pair	77	7	1170
ENSBTAG00000009990_ENSBTAT00000084132_UTR_pair	194	7	452
ENSBTAG00000052504_ENSBTAT00000080541_UTR_pair	199	7	1001
ENSBTAG00000004553_ENSBTAT00000122336_UTR_pair	26	7	1358
ENSBTAG00000010439_ENSBTAT00000013781_UTR_pair	97	7	74
ENSBTAG00000001807_ENSBTAT00000079277_UTR_pair	71	7	1212
ENSBTAG00000002495_ENSBTAT00000003242_UTR_pair	198	7	1540
ENSBTAG00000043971_ENSBTAT00000060960_UTR_pair	146	7	1055
ENSBTAG00000015184_ENSBTAT00000020203_UTR_pair	1	7	1001
ENSBTAG00000062579_ENSBTAT00000122019_UTR_pair	199	7	1001
ENSBTAG00000012634_ENSBTAT00000016768_UTR_pair	69	7	60
ENSBTAG00000016874_ENSBTAT00000036270_UTR_pair	75	7	1175
ENSBTAG00000000764_ENSBTAT00000001013_UTR_pair	199	7	702
ENSBTAG00000017037_ENSBTAT00000070272_UTR_pair	32	7	68
ENSBTAG00000021820_ENSBTAT00000066612_UTR_pair	147	7	130
ENSBTAG00000021818_ENSBTAT00000029084_UTR_pair	52	7	560
ENSBTAG00000003675_ENSBTAT00000004789_UTR_pair	863	7	944
ENSBTAG00000004085_ENSBTAT00000005338_UTR_pair	120	7	1017
ENSBTAG00000006642_ENSBTAT00000008727_UTR_pair	1	7	758
ENSBTAG00000008854_ENSBTAT00000061464_UTR_pair	180	7	1033
ENSBTAG00000006068_ENSBTAT00000089525_UTR_pair	213	7	493
ENSBTAG00000002527_ENSBTAT00000003278_UTR_pair	199	7	1001
ENSBTAG00000002524_ENSBTAT00000105246_UTR_pair	199	7	637
ENSBTAG00000002516_ENSBTAT00000003269_UTR_pair	45	7	218
ENSBTAG00000016354_ENSBTAT00000021755_UTR_pair	1989	7	977
ENSBTAG00000016352_ENSBTAT00000131692_UTR_pair	118	7	212
ENSBTAG00000016350_ENSBTAT00000066487_UTR_pair	146	7	2595
ENSBTAG00000015116_ENSBTAT00000121683_UTR_pair	49	7	2
ENSBTAG00000015114_ENSBTAT00000020111_UTR_pair	70	7	590
ENSBTAG00000016211_ENSBTAT00000045996_UTR_pair	92	7	469
ENSBTAG00000006082_ENSBTAT00000007993_UTR_pair	171	7	126
ENSBTAG00000012062_ENSBTAT00000015996_UTR_pair	286	7	234
ENSBTAG00000012046_ENSBTAT00000015987_UTR_pair	956	7	564
ENSBTAG00000008654_ENSBTAT00000130047_UTR_pair	121	7	292
ENSBTAG00000020924_ENSBTAT00000131683_UTR_pair	76	7	477
ENSBTAG00000006245_ENSBTAT00000082130_UTR_pair	55	7	152
ENSBTAG00000025148_ENSBTAT00000035207_UTR_pair	197	7	664
ENSBTAG00000016988_ENSBTAT00000105991_UTR_pair	15	7	877
ENSBTAG00000002736_ENSBTAT00000003545_UTR_pair	97	7	109
ENSBTAG00000002738_ENSBTAT00000098812_UTR_pair	154	7	1001
ENSBTAG00000011698_ENSBTAT00000015532_UTR_pair	119	7	1889
ENSBTAG00000011699_ENSBTAT00000036173_UTR_pair	88	7	400
ENSBTAG00000003543_ENSBTAT00000004604_UTR_pair	87	7	579
ENSBTAG00000010727_ENSBTAT00000014200_UTR_pair	185	7	358
ENSBTAG00000010731_ENSBTAT00000014209_UTR_pair	15	7	591
ENSBTAG00000002628_ENSBTAT00000085785_UTR_pair	46	7	1243
ENSBTAG00000013362_ENSBTAT00000154071_UTR_pair	178	7	1001
ENSBTAG00000010968_ENSBTAT00000014563_UTR_pair	19	7	797
ENSBTAG00000012048_ENSBTAT00000071536_UTR_pair	199	7	1348
ENSBTAG00000025606_ENSBTAT00000036109_UTR_pair	64	7	930
ENSBTAG00000019220_ENSBTAT00000111311_UTR_pair	69	7	471
ENSBTAG00000012314_ENSBTAT00000016342_UTR_pair	151	7	1723
ENSBTAG00000009568_ENSBTAT00000012586_UTR_pair	295	7	2024
ENSBTAG00000009569_ENSBTAT00000108747_UTR_pair	129	7	201
ENSBTAG00000016429_ENSBTAT00000021848_UTR_pair	9	7	57
ENSBTAG00000008192_ENSBTAT00000081976_UTR_pair	356	7	945
ENSBTAG00000038151_ENSBTAT00000052334_UTR_pair	73	7	578
ENSBTAG00000012687_ENSBTAT00000016858_UTR_pair	199	7	1001
ENSBTAG00000040507_ENSBTAT00000014311_UTR_pair	410	7	1776
ENSBTAG00000005592_ENSBTAT00000065500_UTR_pair	182	7	182
ENSBTAG00000011356_ENSBTAT00000015094_UTR_pair	122	7	270
ENSBTAG00000009178_ENSBTAT00000012094_UTR_pair	42	7	58
ENSBTAG00000014926_ENSBTAT00000035974_UTR_pair	68	7	309
ENSBTAG00000015567_ENSBTAT00000020681_UTR_pair	83	7	1001
ENSBTAG00000000613_ENSBTAT00000094069_UTR_pair	130	7	1226
ENSBTAG00000003434_ENSBTAT00000004459_UTR_pair	196	7	316
ENSBTAG00000002473_ENSBTAT00000003204_UTR_pair	230	7	477
ENSBTAG00000071911_ENSBTAT00000144158_UTR_pair	36	7	2598
ENSBTAG00000021039_ENSBTAT00000077758_UTR_pair	133	7	253
ENSBTAG00000039160_ENSBTAT00000056825_UTR_pair	64	7	249
ENSBTAG00000013857_ENSBTAT00000068048_UTR_pair	328	7	404
ENSBTAG00000047424_ENSBTAT00000018391_UTR_pair	59	7	242
ENSBTAG00000017291_ENSBTAT00000071276_UTR_pair	41	7	1001
ENSBTAG00000017280_ENSBTAT00000022979_UTR_pair	154	7	60
ENSBTAG00000003491_ENSBTAT00000070381_UTR_pair	164	7	1001
ENSBTAG00000021018_ENSBTAT00000072387_UTR_pair	199	7	1001
ENSBTAG00000014712_ENSBTAT00000107620_UTR_pair	42	7	171
ENSBTAG00000002277_ENSBTAT00000148704_UTR_pair	2	7	2335
ENSBTAG00000017661_ENSBTAT00000068035_UTR_pair	8	7	1495
ENSBTAG00000006070_ENSBTAT00000079841_UTR_pair	199	7	3977
ENSBTAG00000011842_ENSBTAT00000107129_UTR_pair	89	7	80
ENSBTAG00000007875_ENSBTAT00000002344_UTR_pair	199	7	185
ENSBTAG00000001790_ENSBTAT00000095232_UTR_pair	199	7	235
ENSBTAG00000018052_ENSBTAT00000044949_UTR_pair	253	7	1265
ENSBTAG00000015487_ENSBTAT00000020586_UTR_pair	303	7	1001
ENSBTAG00000002224_ENSBTAT00000094653_UTR_pair	199	7	1414
ENSBTAG00000011805_ENSBTAT00000015669_UTR_pair	190	7	934
ENSBTAG00000003476_ENSBTAT00000114795_UTR_pair	1136	7	3600
ENSBTAG00000021134_ENSBTAT00000125685_UTR_pair	144	7	1030
ENSBTAG00000037765_ENSBTAT00000125641_UTR_pair	305	7	1001
ENSBTAG00000031658_ENSBTAT00000086140_UTR_pair	199	7	1001
ENSBTAG00000013251_ENSBTAT00000017626_UTR_pair	57	7	204
ENSBTAG00000008186_ENSBTAT00000148376_UTR_pair	121	7	353
ENSBTAG00000006007_ENSBTAT00000092834_UTR_pair	194	7	1001
ENSBTAG00000006005_ENSBTAT00000007889_UTR_pair	199	7	1001
ENSBTAG00000005999_ENSBTAT00000077365_UTR_pair	229	7	187
ENSBTAG00000012830_ENSBTAT00000092661_UTR_pair	61	7	1001
ENSBTAG00000019909_ENSBTAT00000109457_UTR_pair	199	7	579
ENSBTAG00000024450_ENSBTAT00000081829_UTR_pair	273	7	169
ENSBTAG00000020117_ENSBTAT00000089896_UTR_pair	228	7	4568
ENSBTAG00000000753_ENSBTAT00000127801_UTR_pair	50	7	190
ENSBTAG00000004258_ENSBTAT00000005581_UTR_pair	83	7	531
ENSBTAG00000020417_ENSBTAT00000027209_UTR_pair	192	7	1942
ENSBTAG00000008395_ENSBTAT00000081377_UTR_pair	126	7	1623
ENSBTAG00000008789_ENSBTAT00000123357_UTR_pair	199	7	685
ENSBTAG00000014979_ENSBTAT00000099383_UTR_pair	112	7	796
ENSBTAG00000031387_ENSBTAT00000044471_UTR_pair	173	7	154
ENSBTAG00000020759_ENSBTAT00000128246_UTR_pair	67	7	88
ENSBTAG00000012181_ENSBTAT00000085254_UTR_pair	237	7	196
ENSBTAG00000031352_ENSBTAT00000092088_UTR_pair	72	7	281
ENSBTAG00000020446_ENSBTAT00000027246_UTR_pair	130	7	309
ENSBTAG00000015090_ENSBTAT00000080874_UTR_pair	199	7	1147
ENSBTAG00000017706_ENSBTAT00000146412_UTR_pair	634	7	3054
ENSBTAG00000007644_ENSBTAT00000010058_UTR_pair	210	7	3230
ENSBTAG00000025462_ENSBTAT00000035803_UTR_pair	221	7	640
ENSBTAG00000013624_ENSBTAT00000018110_UTR_pair	44	7	2694
ENSBTAG00000074128_ENSBTAT00000153832_UTR_pair	70	7	4289
ENSBTAG00000004524_ENSBTAT00000097085_UTR_pair	76	7	1
ENSBTAG00000009996_ENSBTAT00000094220_UTR_pair	13	7	244
ENSBTAG00000001647_ENSBTAT00000002158_UTR_pair	325	7	495
ENSBTAG00000009034_ENSBTAT00000090802_UTR_pair	199	7	1016
ENSBTAG00000018049_ENSBTAT00000110552_UTR_pair	8	7	1930
ENSBTAG00000008609_ENSBTAT00000072621_UTR_pair	799	7	1167
ENSBTAG00000025477_ENSBTAT00000105294_UTR_pair	148	7	424
ENSBTAG00000031231_ENSBTAT00000044218_UTR_pair	254	7	1792
ENSBTAG00000000668_ENSBTAT00000035731_UTR_pair	180	7	1355
ENSBTAG00000031209_ENSBTAT00000013203_UTR_pair	166	7	303
ENSBTAG00000001116_ENSBTAT00000001479_UTR_pair	427	7	388
ENSBTAG00000015426_ENSBTAT00000020501_UTR_pair	47	7	118
ENSBTAG00000025443_ENSBTAT00000083520_UTR_pair	33	7	435
ENSBTAG00000005961_ENSBTAT00000052263_UTR_pair	526	7	2525
ENSBTAG00000010959_ENSBTAT00000141675_UTR_pair	50	7	1193
ENSBTAG00000009637_ENSBTAT00000012701_UTR_pair	482	7	6
ENSBTAG00000021977_ENSBTAT00000029302_UTR_pair	187	7	667
ENSBTAG00000017835_ENSBTAT00000140555_UTR_pair	139	7	654
ENSBTAG00000002882_ENSBTAT00000135295_UTR_pair	368	7	927
ENSBTAG00000009646_ENSBTAT00000055519_UTR_pair	65	7	2405
ENSBTAG00000014974_ENSBTAT00000019934_UTR_pair	152	7	187
ENSBTAG00000016137_ENSBTAT00000021480_UTR_pair	281	7	466
ENSBTAG00000017550_ENSBTAT00000106280_UTR_pair	558	7	2383
ENSBTAG00000013184_ENSBTAT00000043775_UTR_pair	188	7	1517
ENSBTAG00000001568_ENSBTAT00000100556_UTR_pair	205	7	613
ENSBTAG00000031069_ENSBTAT00000084032_UTR_pair	55	7	92
ENSBTAG00000025358_ENSBTAT00000035582_UTR_pair	47	7	432
ENSBTAG00000012994_ENSBTAT00000017275_UTR_pair	276	7	3575
ENSBTAG00000006978_ENSBTAT00000130775_UTR_pair	146	7	1001
ENSBTAG00000014551_ENSBTAT00000019342_UTR_pair	35	7	1147
ENSBTAG00000006748_ENSBTAT00000081659_UTR_pair	199	7	1001
ENSBTAG00000002143_ENSBTAT00000110224_UTR_pair	85	7	19
ENSBTAG00000020489_ENSBTAT00000117043_UTR_pair	648	7	3053
ENSBTAG00000019071_ENSBTAT00000128285_UTR_pair	7	7	1166
ENSBTAG00000025345_ENSBTAT00000128413_UTR_pair	77	7	3279
ENSBTAG00000010734_ENSBTAT00000123936_UTR_pair	57	7	293
ENSBTAG00000010735_ENSBTAT00000128219_UTR_pair	83	7	682
ENSBTAG00000010740_ENSBTAT00000014218_UTR_pair	164	7	1001
ENSBTAG00000017744_ENSBTAT00000077217_UTR_pair	23	7	3026
ENSBTAG00000017748_ENSBTAT00000090716_UTR_pair	199	7	2303
ENSBTAG00000017451_ENSBTAT00000071126_UTR_pair	125	7	1711
ENSBTAG00000001707_ENSBTAT00000065067_UTR_pair	140	7	263
ENSBTAG00000025425_ENSBTAT00000035714_UTR_pair	65	7	1001
ENSBTAG00000005009_ENSBTAT00000135498_UTR_pair	136	7	548
ENSBTAG00000005010_ENSBTAT00000006596_UTR_pair	63	7	1001
ENSBTAG00000008034_ENSBTAT00000010569_UTR_pair	6	7	524
ENSBTAG00000011398_ENSBTAT00000015147_UTR_pair	199	7	1001
ENSBTAG00000011400_ENSBTAT00000019445_UTR_pair	135	7	450
ENSBTAG00000069499_ENSBTAT00000024902_UTR_pair	10	7	253
ENSBTAG00000015192_ENSBTAT00000020211_UTR_pair	74	7	384
ENSBTAG00000001767_ENSBTAT00000002315_UTR_pair	199	7	4335
ENSBTAG00000006368_ENSBTAT00000107077_UTR_pair	230	7	4013
ENSBTAG00000006371_ENSBTAT00000112013_UTR_pair	207	7	489
ENSBTAG00000006374_ENSBTAT00000008363_UTR_pair	45	7	252
ENSBTAG00000013627_ENSBTAT00000082673_UTR_pair	262	7	532
ENSBTAG00000006428_ENSBTAT00000008427_UTR_pair	199	7	552
ENSBTAG00000001546_ENSBTAT00000121252_UTR_pair	2706	7	1926
ENSBTAG00000039711_ENSBTAT00000131885_UTR_pair	921	7	1857
ENSBTAG00000020954_ENSBTAT00000027907_UTR_pair	39	7	1079
ENSBTAG00000019646_ENSBTAT00000026179_UTR_pair	738	7	982
ENSBTAG00000019648_ENSBTAT00000026183_UTR_pair	123	7	1
ENSBTAG00000019651_ENSBTAT00000107743_UTR_pair	199	7	520
ENSBTAG00000049098_ENSBTAT00000073839_UTR_pair	560	7	2693
ENSBTAG00000002645_ENSBTAT00000122657_UTR_pair	474	7	1439
ENSBTAG00000021115_ENSBTAT00000087043_UTR_pair	199	7	185
ENSBTAG00000000717_ENSBTAT00000121150_UTR_pair	199	7	331
ENSBTAG00000014349_ENSBTAT00000067359_UTR_pair	2	7	292
ENSBTAG00000019771_ENSBTAT00000026348_UTR_pair	92	7	1536
ENSBTAG00000046406_ENSBTAT00000090524_UTR_pair	199	7	887
ENSBTAG00000008607_ENSBTAT00000011354_UTR_pair	199	7	703
ENSBTAG00000011351_ENSBTAT00000116782_UTR_pair	199	7	1001
ENSBTAG00000020764_ENSBTAT00000114623_UTR_pair	231	7	718
ENSBTAG00000020766_ENSBTAT00000020083_UTR_pair	136	7	114
ENSBTAG00000020772_ENSBTAT00000103345_UTR_pair	15	7	2082
ENSBTAG00000053003_ENSBTAT00000070793_UTR_pair	609	7	204
ENSBTAG00000020780_ENSBTAT00000027693_UTR_pair	147	7	682
ENSBTAG00000011639_ENSBTAT00000015459_UTR_pair	436	7	1044
ENSBTAG00000025233_ENSBTAT00000035381_UTR_pair	97	7	1001
ENSBTAG00000012172_ENSBTAT00000081626_UTR_pair	199	7	137
ENSBTAG00000066789_ENSBTAT00000127150_UTR_pair	36	7	696
ENSBTAG00000019714_ENSBTAT00000077591_UTR_pair	199	7	742
ENSBTAG00000038409_ENSBTAT00000095414_UTR_pair	250	7	1244
ENSBTAG00000008695_ENSBTAT00000028599_UTR_pair	295	7	284
ENSBTAG00000020232_ENSBTAT00000086146_UTR_pair	144	7	805
ENSBTAG00000038055_ENSBTAT00000064075_UTR_pair	199	7	1001
ENSBTAG00000025277_ENSBTAT00000035463_UTR_pair	206	7	251
ENSBTAG00000045762_ENSBTAT00000094625_UTR_pair	76	7	1352
ENSBTAG00000016797_ENSBTAT00000022345_UTR_pair	473	7	648
ENSBTAG00000014676_ENSBTAT00000035443_UTR_pair	343	7	304
ENSBTAG00000009482_ENSBTAT00000089731_UTR_pair	169	7	1001
ENSBTAG00000015683_ENSBTAT00000020825_UTR_pair	266	7	2065
ENSBTAG00000013113_ENSBTAT00000075754_UTR_pair	245	7	852
ENSBTAG00000001002_ENSBTAT00000073905_UTR_pair	193	7	1001
ENSBTAG00000000469_ENSBTAT00000000596_UTR_pair	214	7	683
ENSBTAG00000010979_ENSBTAT00000014574_UTR_pair	199	7	95
ENSBTAG00000010984_ENSBTAT00000109006_UTR_pair	199	7	1001
ENSBTAG00000021687_ENSBTAT00000099267_UTR_pair	3	7	3859
ENSBTAG00000021226_ENSBTAT00000028280_UTR_pair	108	7	518
ENSBTAG00000018322_ENSBTAT00000043111_UTR_pair	469	7	2847
ENSBTAG00000021520_ENSBTAT00000080984_UTR_pair	199	7	1751
ENSBTAG00000014744_ENSBTAT00000126851_UTR_pair	13	7	157
ENSBTAG00000009513_ENSBTAT00000076090_UTR_pair	288	7	613
ENSBTAG00000055062_ENSBTAT00000072746_UTR_pair	317	7	5182
ENSBTAG00000002796_ENSBTAT00000084871_UTR_pair	199	7	1001
ENSBTAG00000020041_ENSBTAT00000076218_UTR_pair	202	7	1001
ENSBTAG00000008753_ENSBTAT00000128052_UTR_pair	18	7	764
ENSBTAG00000008758_ENSBTAT00000122604_UTR_pair	199	7	247
ENSBTAG00000005293_ENSBTAT00000006968_UTR_pair	213	7	769
ENSBTAG00000030529_ENSBTAT00000135120_UTR_pair	446	7	1001
ENSBTAG00000010063_ENSBTAT00000013278_UTR_pair	62	7	1353
ENSBTAG00000010068_ENSBTAT00000121355_UTR_pair	4	7	666
ENSBTAG00000010069_ENSBTAT00000013284_UTR_pair	281	7	1229
ENSBTAG00000011415_ENSBTAT00000035255_UTR_pair	96	7	861
ENSBTAG00000011419_ENSBTAT00000015172_UTR_pair	78	7	195
ENSBTAG00000014182_ENSBTAT00000018863_UTR_pair	230	7	890
ENSBTAG00000033747_ENSBTAT00000131950_UTR_pair	307	7	159
ENSBTAG00000008224_ENSBTAT00000010815_UTR_pair	182	7	873
ENSBTAG00000002286_ENSBTAT00000127195_UTR_pair	56	7	1001
ENSBTAG00000002296_ENSBTAT00000071484_UTR_pair	199	7	1224
ENSBTAG00000004161_ENSBTAT00000055723_UTR_pair	199	7	1620
ENSBTAG00000003986_ENSBTAT00000005204_UTR_pair	201	7	982
ENSBTAG00000075936_ENSBTAT00000138226_UTR_pair	651	7	11131
ENSBTAG00000051779_ENSBTAT00000105174_UTR_pair	14	7	86
ENSBTAG00000021766_ENSBTAT00000029015_UTR_pair	281	7	694
ENSBTAG00000001449_ENSBTAT00000001897_UTR_pair	14	7	206
ENSBTAG00000030584_ENSBTAT00000106849_UTR_pair	4748	7	896
ENSBTAG00000015041_ENSBTAT00000020018_UTR_pair	33	7	217
ENSBTAG00000015042_ENSBTAT00000020021_UTR_pair	2133	7	381
ENSBTAG00000018847_ENSBTAT00000107162_UTR_pair	24	7	455
ENSBTAG00000017360_ENSBTAT00000023086_UTR_pair	51	7	588
ENSBTAG00000012518_ENSBTAT00000097401_UTR_pair	116	7	1001
ENSBTAG00000005249_ENSBTAT00000068755_UTR_pair	434	7	118
ENSBTAG00000007865_ENSBTAT00000010347_UTR_pair	170	7	1360
ENSBTAG00000047747_ENSBTAT00000069512_UTR_pair	100	7	1044
ENSBTAG00000008250_ENSBTAT00000104366_UTR_pair	199	7	1001
ENSBTAG00000027151_ENSBTAT00000075058_UTR_pair	389	7	1884
ENSBTAG00000019472_ENSBTAT00000077017_UTR_pair	374	7	3996
ENSBTAG00000012758_ENSBTAT00000016956_UTR_pair	129	7	816
ENSBTAG00000011642_ENSBTAT00000086468_UTR_pair	163	7	36
ENSBTAG00000003259_ENSBTAT00000067382_UTR_pair	199	7	879
ENSBTAG00000010661_ENSBTAT00000014091_UTR_pair	40	7	653
ENSBTAG00000020303_ENSBTAT00000027060_UTR_pair	345	7	682
ENSBTAG00000002144_ENSBTAT00000128200_UTR_pair	258	7	3284
ENSBTAG00000004896_ENSBTAT00000070131_UTR_pair	245	7	1
ENSBTAG00000019948_ENSBTAT00000082956_UTR_pair	62	7	1100
ENSBTAG00000019950_ENSBTAT00000111708_UTR_pair	155	7	2833
ENSBTAG00000019951_ENSBTAT00000026577_UTR_pair	199	7	303
ENSBTAG00000005326_ENSBTAT00000086663_UTR_pair	421	7	366
ENSBTAG00000012943_ENSBTAT00000134446_UTR_pair	15	7	4602
ENSBTAG00000014615_ENSBTAT00000019462_UTR_pair	356	7	5084
ENSBTAG00000012768_ENSBTAT00000035157_UTR_pair	486	7	826
ENSBTAG00000002804_ENSBTAT00000061140_UTR_pair	395	7	745
ENSBTAG00000001692_ENSBTAT00000016824_UTR_pair	527	7	1126
ENSBTAG00000013744_ENSBTAT00000018267_UTR_pair	199	7	2078
ENSBTAG00000015625_ENSBTAT00000020755_UTR_pair	199	7	491
ENSBTAG00000010487_ENSBTAT00000013855_UTR_pair	258	7	1128
ENSBTAG00000025124_ENSBTAT00000035145_UTR_pair	424	7	257
ENSBTAG00000012671_ENSBTAT00000016836_UTR_pair	188	7	464
ENSBTAG00000014809_ENSBTAT00000069517_UTR_pair	18	7	361
ENSBTAG00000021829_ENSBTAT00000029099_UTR_pair	316	7	1969
ENSBTAG00000016094_ENSBTAT00000120446_UTR_pair	198	7	4153
ENSBTAG00000014835_ENSBTAT00000019758_UTR_pair	98	7	1181
ENSBTAG00000008340_ENSBTAT00000010982_UTR_pair	51	7	183
ENSBTAG00000020309_ENSBTAT00000125313_UTR_pair	330	7	1281
ENSBTAG00000017078_ENSBTAT00000071695_UTR_pair	199	7	525
ENSBTAG00000017079_ENSBTAT00000022712_UTR_pair	228	7	3468
ENSBTAG00000034113_ENSBTAT00000048360_UTR_pair	127	7	3858
ENSBTAG00000004000_ENSBTAT00000005222_UTR_pair	314	7	226
ENSBTAG00000008443_ENSBTAT00000105923_UTR_pair	114	7	1001
ENSBTAG00000012086_ENSBTAT00000016027_UTR_pair	222	7	1366
ENSBTAG00000012095_ENSBTAT00000016037_UTR_pair	199	7	1001
ENSBTAG00000050263_ENSBTAT00000128718_UTR_pair	17	7	3551
ENSBTAG00000008916_ENSBTAT00000111012_UTR_pair	199	7	2967
ENSBTAG00000003836_ENSBTAT00000005003_UTR_pair	60	7	1001
ENSBTAG00000010359_ENSBTAT00000013678_UTR_pair	4	7	1291
ENSBTAG00000010363_ENSBTAT00000013683_UTR_pair	199	7	1001
ENSBTAG00000016199_ENSBTAT00000021559_UTR_pair	216	7	1122
ENSBTAG00000037508_ENSBTAT00000090632_UTR_pair	273	7	2377
ENSBTAG00000025099_ENSBTAT00000056189_UTR_pair	342	7	1234
ENSBTAG00000009103_ENSBTAT00000011999_UTR_pair	93	7	3137
ENSBTAG00000010321_ENSBTAT00000013634_UTR_pair	79	7	1725
ENSBTAG00000046343_ENSBTAT00000110281_UTR_pair	199	7	1001
ENSBTAG00000030282_ENSBTAT00000134614_UTR_pair	605	7	991
ENSBTAG00000012184_ENSBTAT00000130978_UTR_pair	75	7	78
ENSBTAG00000006607_ENSBTAT00000149476_UTR_pair	98	7	2202
ENSBTAG00000012350_ENSBTAT00000103859_UTR_pair	18	7	775
ENSBTAG00000013880_ENSBTAT00000019472_UTR_pair	471	7	411
ENSBTAG00000014626_ENSBTAT00000100286_UTR_pair	199	7	112
ENSBTAG00000021577_ENSBTAT00000028751_UTR_pair	131	7	2491
ENSBTAG00000007681_ENSBTAT00000094300_UTR_pair	77	7	108
ENSBTAG00000005265_ENSBTAT00000064097_UTR_pair	85	7	476
ENSBTAG00000013856_ENSBTAT00000018404_UTR_pair	42	7	567
ENSBTAG00000039591_ENSBTAT00000055060_UTR_pair	42	7	1275
ENSBTAG00000014906_ENSBTAT00000066841_UTR_pair	87	7	58
ENSBTAG00000044033_ENSBTAT00000078614_UTR_pair	272	7	1001
ENSBTAG00000039555_ENSBTAT00000052050_UTR_pair	103	7	225
ENSBTAG00000009565_ENSBTAT00000012583_UTR_pair	599	7	743
ENSBTAG00000009566_ENSBTAT00000109878_UTR_pair	129	7	58
ENSBTAG00000008484_ENSBTAT00000011171_UTR_pair	86	7	1015
ENSBTAG00000020701_ENSBTAT00000102406_UTR_pair	382	7	71
ENSBTAG00000014373_ENSBTAT00000019111_UTR_pair	83	7	354
ENSBTAG00000013612_ENSBTAT00000018096_UTR_pair	350	7	2934
ENSBTAG00000044077_ENSBTAT00000119258_UTR_pair	208	7	2284
ENSBTAG00000027713_ENSBTAT00000039933_UTR_pair	199	7	249
ENSBTAG00000007116_ENSBTAT00000009364_UTR_pair	231	7	2673
ENSBTAG00000017599_ENSBTAT00000023401_UTR_pair	95	7	800
ENSBTAG00000050195_ENSBTAT00000073062_UTR_pair	176	7	1001
ENSBTAG00000006107_ENSBTAT00000091395_UTR_pair	180	7	495
ENSBTAG00000009131_ENSBTAT00000073730_UTR_pair	199	7	1001
ENSBTAG00000036242_ENSBTAT00000050739_UTR_pair	137	7	426
ENSBTAG00000004413_ENSBTAT00000005786_UTR_pair	272	7	2813
ENSBTAG00000007214_ENSBTAT00000093903_UTR_pair	184	7	3807
ENSBTAG00000013557_ENSBTAT00000089274_UTR_pair	178	7	275
ENSBTAG00000039275_ENSBTAT00000001164_UTR_pair	327	7	1924
ENSBTAG00000019900_ENSBTAT00000079807_UTR_pair	16	7	1731
ENSBTAG00000064347_ENSBTAT00000132639_UTR_pair	199	7	1001
ENSBTAG00000020860_ENSBTAT00000034967_UTR_pair	85	7	1458
ENSBTAG00000045909_ENSBTAT00000063075_UTR_pair	199	7	554
ENSBTAG00000021445_ENSBTAT00000094937_UTR_pair	199	7	474
ENSBTAG00000012387_ENSBTAT00000081395_UTR_pair	104	7	649
ENSBTAG00000021471_ENSBTAT00000053077_UTR_pair	41	7	413
ENSBTAG00000027728_ENSBTAT00000039965_UTR_pair	199	7	1927
ENSBTAG00000016515_ENSBTAT00000080646_UTR_pair	199	7	1001
ENSBTAG00000003051_ENSBTAT00000060973_UTR_pair	273	7	142
ENSBTAG00000021675_ENSBTAT00000074499_UTR_pair	199	7	432
ENSBTAG00000025029_ENSBTAT00000042616_UTR_pair	114	7	1001
ENSBTAG00000009667_ENSBTAT00000102044_UTR_pair	120	7	3382
ENSBTAG00000035662_ENSBTAT00000086155_UTR_pair	237	7	78
ENSBTAG00000045886_ENSBTAT00000096381_UTR_pair	199	7	1001
ENSBTAG00000022013_ENSBTAT00000029363_UTR_pair	118	7	2443
ENSBTAG00000001508_ENSBTAT00000001976_UTR_pair	221	7	1749
ENSBTAG00000026915_ENSBTAT00000117945_UTR_pair	136	7	49
ENSBTAG00000020130_ENSBTAT00000122130_UTR_pair	168	7	2458
ENSBTAG00000019539_ENSBTAT00000026034_UTR_pair	199	7	1001
ENSBTAG00000016845_ENSBTAT00000125808_UTR_pair	89	7	182
ENSBTAG00000015101_ENSBTAT00000020096_UTR_pair	125	7	394
ENSBTAG00000015578_ENSBTAT00000020692_UTR_pair	199	7	205
ENSBTAG00000006715_ENSBTAT00000008831_UTR_pair	251	7	443
ENSBTAG00000020055_ENSBTAT00000108851_UTR_pair	324	7	206
ENSBTAG00000025942_ENSBTAT00000027024_UTR_pair	27	7	1587
ENSBTAG00000003726_ENSBTAT00000142169_UTR_pair	63	7	721
ENSBTAG00000010819_ENSBTAT00000084663_UTR_pair	241	7	1001
ENSBTAG00000008844_ENSBTAT00000011645_UTR_pair	290	7	334
ENSBTAG00000034626_ENSBTAT00000154391_UTR_pair	117	7	2637
ENSBTAG00000000536_ENSBTAT00000083451_UTR_pair	61	7	3327
ENSBTAG00000021069_ENSBTAT00000028055_UTR_pair	192	7	811
ENSBTAG00000006551_ENSBTAT00000008606_UTR_pair	10	7	1129
ENSBTAG00000006547_ENSBTAT00000008601_UTR_pair	128	7	3179
ENSBTAG00000007657_ENSBTAT00000134266_UTR_pair	327	7	1001
ENSBTAG00000005574_ENSBTAT00000007324_UTR_pair	192	7	242
ENSBTAG00000005905_ENSBTAT00000118216_UTR_pair	140	7	615
ENSBTAG00000003366_ENSBTAT00000146048_UTR_pair	199	7	667
ENSBTAG00000000555_ENSBTAT00000100269_UTR_pair	199	7	739
ENSBTAG00000074689_ENSBTAT00000154686_UTR_pair	258	7	1642
ENSBTAG00000000804_ENSBTAT00000137546_UTR_pair	198	7	4911
ENSBTAG00000019568_ENSBTAT00000130931_UTR_pair	239	7	622
ENSBTAG00000013011_ENSBTAT00000153338_UTR_pair	173	7	1938
ENSBTAG00000001223_ENSBTAT00000001617_UTR_pair	105	7	1075
ENSBTAG00000008551_ENSBTAT00000011273_UTR_pair	1	7	1001
ENSBTAG00000046348_ENSBTAT00000068501_UTR_pair	220	7	2435
ENSBTAG00000051567_ENSBTAT00000083400_UTR_pair	43	7	1146
ENSBTAG00000034220_ENSBTAT00000122768_UTR_pair	199	7	432
ENSBTAG00000012375_ENSBTAT00000095773_UTR_pair	3388	7	2009
ENSBTAG00000014124_ENSBTAT00000018772_UTR_pair	199	7	4200
ENSBTAG00000005718_ENSBTAT00000106309_UTR_pair	365	7	402
ENSBTAG00000019843_ENSBTAT00000031479_UTR_pair	324	7	3248
ENSBTAG00000033543_ENSBTAT00000031476_UTR_pair	1035	7	2212
ENSBTAG00000014103_ENSBTAT00000018755_UTR_pair	137	7	1358
ENSBTAG00000001847_ENSBTAT00000073760_UTR_pair	199	7	10
ENSBTAG00000007872_ENSBTAT00000090590_UTR_pair	342	7	1001
ENSBTAG00000003943_ENSBTAT00000067019_UTR_pair	100	7	98
ENSBTAG00000006197_ENSBTAT00000076731_UTR_pair	12	7	1266
ENSBTAG00000027442_ENSBTAT00000011234_UTR_pair	350	7	593
ENSBTAG00000043961_ENSBTAT00000081809_UTR_pair	367	7	2
ENSBTAG00000010431_ENSBTAT00000035504_UTR_pair	689	7	369
ENSBTAG00000043987_ENSBTAT00000106563_UTR_pair	199	7	871
ENSBTAG00000025903_ENSBTAT00000115297_UTR_pair	169	7	739
ENSBTAG00000020815_ENSBTAT00000027737_UTR_pair	204	7	865
ENSBTAG00000015607_ENSBTAT00000138289_UTR_pair	41	7	3037
ENSBTAG00000001283_ENSBTAT00000080494_UTR_pair	199	7	1001
ENSBTAG00000000095_ENSBTAT00000098080_UTR_pair	60	7	1001
ENSBTAG00000017530_ENSBTAT00000023306_UTR_pair	76	7	272
ENSBTAG00000012047_ENSBTAT00000129682_UTR_pair	199	7	1001
ENSBTAG00000018667_ENSBTAT00000073216_UTR_pair	109	7	2
ENSBTAG00000070910_ENSBTAT00000141734_UTR_pair	119	7	1903
ENSBTAG00000017137_ENSBTAT00000022777_UTR_pair	102	7	1001
ENSBTAG00000011050_ENSBTAT00000014674_UTR_pair	109	7	2589
ENSBTAG00000019125_ENSBTAT00000025456_UTR_pair	215	7	1786
ENSBTAG00000000819_ENSBTAT00000081215_UTR_pair	15	7	6674
ENSBTAG00000013357_ENSBTAT00000128458_UTR_pair	14	7	169
ENSBTAG00000018517_ENSBTAT00000083030_UTR_pair	85	7	481
ENSBTAG00000007494_ENSBTAT00000129542_UTR_pair	199	7	839
ENSBTAG00000010976_ENSBTAT00000014571_UTR_pair	209	7	967
ENSBTAG00000001306_ENSBTAT00000136941_UTR_pair	199	7	3905
ENSBTAG00000018437_ENSBTAT00000061396_UTR_pair	117	7	2232
ENSBTAG00000016229_ENSBTAT00000021593_UTR_pair	348	7	246
ENSBTAG00000005090_ENSBTAT00000006709_UTR_pair	152	7	1799
ENSBTAG00000006816_ENSBTAT00000134555_UTR_pair	345	7	52
ENSBTAG00000009417_ENSBTAT00000118573_UTR_pair	159	7	1500
ENSBTAG00000015978_ENSBTAT00000021256_UTR_pair	76	7	1737
ENSBTAG00000013231_ENSBTAT00000017603_UTR_pair	199	7	17
ENSBTAG00000019687_ENSBTAT00000095341_UTR_pair	199	7	382
ENSBTAG00000002746_ENSBTAT00000079487_UTR_pair	307	7	549
ENSBTAG00000019345_ENSBTAT00000025762_UTR_pair	199	7	1174
ENSBTAG00000012757_ENSBTAT00000106428_UTR_pair	1490	7	8727
ENSBTAG00000017734_ENSBTAT00000034195_UTR_pair	259	7	1351
ENSBTAG00000009789_ENSBTAT00000089018_UTR_pair	223	7	641
ENSBTAG00000003532_ENSBTAT00000073140_UTR_pair	842	7	1584
ENSBTAG00000018318_ENSBTAT00000045969_UTR_pair	199	7	1181
ENSBTAG00000015000_ENSBTAT00000019970_UTR_pair	260	7	561
ENSBTAG00000044135_ENSBTAT00000061353_UTR_pair	199	7	1001
ENSBTAG00000011388_ENSBTAT00000015136_UTR_pair	101	7	139
ENSBTAG00000011394_ENSBTAT00000015139_UTR_pair	300	7	677
ENSBTAG00000011397_ENSBTAT00000137566_UTR_pair	335	7	1285
ENSBTAG00000011403_ENSBTAT00000084773_UTR_pair	89	7	495
ENSBTAG00000011406_ENSBTAT00000015161_UTR_pair	360	7	299
ENSBTAG00000011413_ENSBTAT00000131280_UTR_pair	48	7	1001
ENSBTAG00000011416_ENSBTAT00000117900_UTR_pair	47	7	1001
ENSBTAG00000011424_ENSBTAT00000046179_UTR_pair	89	7	1166
ENSBTAG00000025868_ENSBTAT00000119368_UTR_pair	318	7	432
ENSBTAG00000011431_ENSBTAT00000015194_UTR_pair	183	7	307
ENSBTAG00000011433_ENSBTAT00000104782_UTR_pair	208	7	2001
ENSBTAG00000011434_ENSBTAT00000080254_UTR_pair	199	7	263
ENSBTAG00000000076_ENSBTAT00000000084_UTR_pair	56	7	1402
ENSBTAG00000000078_ENSBTAT00000103060_UTR_pair	11	7	1310
ENSBTAG00000001137_ENSBTAT00000001518_UTR_pair	140	7	271
ENSBTAG00000001142_ENSBTAT00000102793_UTR_pair	191	7	3498
ENSBTAG00000005519_ENSBTAT00000130631_UTR_pair	199	7	170
ENSBTAG00000021686_ENSBTAT00000028900_UTR_pair	173	7	348
ENSBTAG00000025859_ENSBTAT00000096871_UTR_pair	129	7	323
ENSBTAG00000019299_ENSBTAT00000025697_UTR_pair	29	7	2510
ENSBTAG00000007761_ENSBTAT00000135771_UTR_pair	199	7	1001
ENSBTAG00000012243_ENSBTAT00000016250_UTR_pair	78	7	3480
ENSBTAG00000012262_ENSBTAT00000046545_UTR_pair	199	7	1001
ENSBTAG00000032777_ENSBTAT00000046547_UTR_pair	57	7	340
ENSBTAG00000018922_ENSBTAT00000053555_UTR_pair	83	7	2809
ENSBTAG00000014934_ENSBTAT00000019879_UTR_pair	77	7	4225
ENSBTAG00000014922_ENSBTAT00000104818_UTR_pair	117	7	72
ENSBTAG00000003719_ENSBTAT00000004845_UTR_pair	103	7	1562
ENSBTAG00000014719_ENSBTAT00000019585_UTR_pair	145	7	1528
ENSBTAG00000014722_ENSBTAT00000105493_UTR_pair	159	7	1001
ENSBTAG00000009732_ENSBTAT00000122945_UTR_pair	180	7	1744
ENSBTAG00000021367_ENSBTAT00000154213_UTR_pair	158	7	399
ENSBTAG00000019023_ENSBTAT00000025318_UTR_pair	132	7	23
ENSBTAG00000024851_ENSBTAT00000034608_UTR_pair	120	7	1001
ENSBTAG00000007659_ENSBTAT00000115107_UTR_pair	161	7	2791
ENSBTAG00000019550_ENSBTAT00000026052_UTR_pair	23	7	1001
ENSBTAG00000018035_ENSBTAT00000073237_UTR_pair	82	7	170
ENSBTAG00000002454_ENSBTAT00000106237_UTR_pair	12	7	1001
ENSBTAG00000001864_ENSBTAT00000002429_UTR_pair	199	7	1001
ENSBTAG00000008016_ENSBTAT00000010541_UTR_pair	162	7	3179
ENSBTAG00000009804_ENSBTAT00000090888_UTR_pair	199	7	133
ENSBTAG00000009806_ENSBTAT00000012932_UTR_pair	198	7	1521
ENSBTAG00000012855_ENSBTAT00000017086_UTR_pair	133	7	2356
ENSBTAG00000018646_ENSBTAT00000139898_UTR_pair	27	7	553
ENSBTAG00000000841_ENSBTAT00000001114_UTR_pair	135	7	3128
ENSBTAG00000047628_ENSBTAT00000076687_UTR_pair	26	7	1520
ENSBTAG00000045887_ENSBTAT00000067620_UTR_pair	189	7	980
ENSBTAG00000014361_ENSBTAT00000149273_UTR_pair	56	7	1553
ENSBTAG00000009504_ENSBTAT00000073453_UTR_pair	199	7	418
ENSBTAG00000000917_ENSBTAT00000001218_UTR_pair	30	7	611
ENSBTAG00000019225_ENSBTAT00000068468_UTR_pair	481	7	1001
ENSBTAG00000020133_ENSBTAT00000026818_UTR_pair	227	7	305
ENSBTAG00000007369_ENSBTAT00000009697_UTR_pair	94	7	1229
ENSBTAG00000005469_ENSBTAT00000104479_UTR_pair	130	7	766
ENSBTAG00000005470_ENSBTAT00000007195_UTR_pair	81	7	655
ENSBTAG00000013528_ENSBTAT00000017987_UTR_pair	80	7	1484
ENSBTAG00000006214_ENSBTAT00000008159_UTR_pair	343	7	894
ENSBTAG00000001687_ENSBTAT00000002200_UTR_pair	237	7	1470
ENSBTAG00000021949_ENSBTAT00000029264_UTR_pair	79	7	437
ENSBTAG00000015513_ENSBTAT00000067175_UTR_pair	227	7	1001
ENSBTAG00000012382_ENSBTAT00000081348_UTR_pair	199	7	1791
ENSBTAG00000018317_ENSBTAT00000024373_UTR_pair	81	7	1331
ENSBTAG00000021307_ENSBTAT00000033862_UTR_pair	156	7	2671
ENSBTAG00000037986_ENSBTAT00000054367_UTR_pair	1370	7	2558
ENSBTAG00000018373_ENSBTAT00000086956_UTR_pair	199	7	2561
ENSBTAG00000009958_ENSBTAT00000013134_UTR_pair	199	7	1001
ENSBTAG00000005958_ENSBTAT00000084967_UTR_pair	224	7	893
ENSBTAG00000015241_ENSBTAT00000020272_UTR_pair	90	7	394
ENSBTAG00000016265_ENSBTAT00000021637_UTR_pair	110	7	4324
ENSBTAG00000019564_ENSBTAT00000020865_UTR_pair	211	7	408
ENSBTAG00000015249_ENSBTAT00000020286_UTR_pair	183	7	323
ENSBTAG00000017845_ENSBTAT00000129310_UTR_pair	380	7	913
ENSBTAG00000012383_ENSBTAT00000016431_UTR_pair	108	7	641
ENSBTAG00000012385_ENSBTAT00000088051_UTR_pair	118	7	195
ENSBTAG00000008493_ENSBTAT00000011196_UTR_pair	50	7	836
ENSBTAG00000003323_ENSBTAT00000117080_UTR_pair	17	7	1032
ENSBTAG00000054773_ENSBTAT00000087064_UTR_pair	81	7	2993
ENSBTAG00000000695_ENSBTAT00000000930_UTR_pair	89	7	831
ENSBTAG00000021573_ENSBTAT00000028744_UTR_pair	306	7	1937
ENSBTAG00000012921_ENSBTAT00000068576_UTR_pair	206	7	580
ENSBTAG00000031793_ENSBTAT00000045076_UTR_pair	199	7	1001
ENSBTAG00000008537_ENSBTAT00000117475_UTR_pair	199	7	1001
ENSBTAG00000015361_ENSBTAT00000061638_UTR_pair	34	7	653
ENSBTAG00000016295_ENSBTAT00000021677_UTR_pair	321	7	3038
ENSBTAG00000015804_ENSBTAT00000020990_UTR_pair	79	7	797
ENSBTAG00000015807_ENSBTAT00000020997_UTR_pair	234	7	94
ENSBTAG00000014827_ENSBTAT00000033922_UTR_pair	223	7	386
ENSBTAG00000023523_ENSBTAT00000081827_UTR_pair	488	7	266
ENSBTAG00000020436_ENSBTAT00000027236_UTR_pair	320	7	357
ENSBTAG00000021131_ENSBTAT00000028162_UTR_pair	234	7	1001
ENSBTAG00000021135_ENSBTAT00000124834_UTR_pair	743	7	11426
ENSBTAG00000001257_ENSBTAT00000089319_UTR_pair	277	7	568
ENSBTAG00000001016_ENSBTAT00000093585_UTR_pair	58	7	332
ENSBTAG00000031569_ENSBTAT00000109992_UTR_pair	11	7	14
ENSBTAG00000053156_ENSBTAT00000079550_UTR_pair	80	7	1641
ENSBTAG00000001737_ENSBTAT00000080059_UTR_pair	74	7	1001
ENSBTAG00000000738_ENSBTAT00000072827_UTR_pair	379	7	1278
ENSBTAG00000000720_ENSBTAT00000000962_UTR_pair	37	7	268
ENSBTAG00000017195_ENSBTAT00000022853_UTR_pair	166	7	754
ENSBTAG00000009903_ENSBTAT00000108249_UTR_pair	147	7	1108
ENSBTAG00000020626_ENSBTAT00000027486_UTR_pair	347	7	1817
ENSBTAG00000019939_ENSBTAT00000109376_UTR_pair	16	7	533
ENSBTAG00000071395_ENSBTAT00000140071_UTR_pair	199	7	780
ENSBTAG00000011586_ENSBTAT00000015392_UTR_pair	107	7	1332
ENSBTAG00000011589_ENSBTAT00000079275_UTR_pair	171	7	1001
ENSBTAG00000008836_ENSBTAT00000115056_UTR_pair	162	7	1001
ENSBTAG00000000974_ENSBTAT00000125551_UTR_pair	209	7	495
ENSBTAG00000018613_ENSBTAT00000024770_UTR_pair	324	7	464
ENSBTAG00000011859_ENSBTAT00000130772_UTR_pair	295	7	1001
ENSBTAG00000046549_ENSBTAT00000065971_UTR_pair	82	7	2075
ENSBTAG00000011204_ENSBTAT00000014880_UTR_pair	73	7	596
ENSBTAG00000008696_ENSBTAT00000073327_UTR_pair	199	7	1599
ENSBTAG00000012922_ENSBTAT00000090927_UTR_pair	199	7	1876
ENSBTAG00000005803_ENSBTAT00000007630_UTR_pair	13	7	1796
ENSBTAG00000005092_ENSBTAT00000061589_UTR_pair	199	7	1019
ENSBTAG00000065834_ENSBTAT00000127849_UTR_pair	4486	7	2504
ENSBTAG00000047649_ENSBTAT00000096190_UTR_pair	104	7	1001
ENSBTAG00000004767_ENSBTAT00000006260_UTR_pair	155	7	536
ENSBTAG00000003033_ENSBTAT00000003943_UTR_pair	199	7	492
ENSBTAG00000001941_ENSBTAT00000079135_UTR_pair	498	7	1380
ENSBTAG00000001939_ENSBTAT00000071393_UTR_pair	199	7	779
ENSBTAG00000001938_ENSBTAT00000002522_UTR_pair	102	7	282
ENSBTAG00000011374_ENSBTAT00000114002_UTR_pair	1245	7	3052
ENSBTAG00000003044_ENSBTAT00000070451_UTR_pair	209	7	3345
ENSBTAG00000015171_ENSBTAT00000020188_UTR_pair	283	7	783
ENSBTAG00000052146_ENSBTAT00000078836_UTR_pair	33	7	759
ENSBTAG00000015348_ENSBTAT00000096669_UTR_pair	284	7	986
ENSBTAG00000009516_ENSBTAT00000099600_UTR_pair	199	7	5061
ENSBTAG00000008772_ENSBTAT00000011562_UTR_pair	377	7	1780
ENSBTAG00000007163_ENSBTAT00000103341_UTR_pair	23	7	2335
ENSBTAG00000013420_ENSBTAT00000100588_UTR_pair	143	7	153
ENSBTAG00000034867_ENSBTAT00000005404_UTR_pair	114	7	1783
ENSBTAG00000019187_ENSBTAT00000025536_UTR_pair	199	7	950
ENSBTAG00000001926_ENSBTAT00000002506_UTR_pair	368	7	1250
ENSBTAG00000020355_ENSBTAT00000027125_UTR_pair	199	7	908
ENSBTAG00000004991_ENSBTAT00000006570_UTR_pair	199	7	1001
ENSBTAG00000004997_ENSBTAT00000116503_UTR_pair	95	7	1001
ENSBTAG00000018841_ENSBTAT00000110981_UTR_pair	90	7	742
ENSBTAG00000002953_ENSBTAT00000102346_UTR_pair	199	7	206
ENSBTAG00000009654_ENSBTAT00000080483_UTR_pair	17	7	1110
ENSBTAG00000006712_ENSBTAT00000074573_UTR_pair	199	7	643
ENSBTAG00000011027_ENSBTAT00000014649_UTR_pair	38	7	232
ENSBTAG00000030960_ENSBTAT00000011980_UTR_pair	71	7	3064
ENSBTAG00000009087_ENSBTAT00000011979_UTR_pair	58	7	1172
ENSBTAG00000016073_ENSBTAT00000043826_UTR_pair	233	7	160
ENSBTAG00000031295_ENSBTAT00000044340_UTR_pair	105	7	597
ENSBTAG00000016259_ENSBTAT00000078712_UTR_pair	292	7	4
ENSBTAG00000019275_ENSBTAT00000092708_UTR_pair	438	7	83
ENSBTAG00000044070_ENSBTAT00000132033_UTR_pair	158	7	68
ENSBTAG00000005116_ENSBTAT00000128420_UTR_pair	270	7	1001
ENSBTAG00000021678_ENSBTAT00000101444_UTR_pair	210	7	4182
ENSBTAG00000014430_ENSBTAT00000019191_UTR_pair	308	7	238
ENSBTAG00000004571_ENSBTAT00000092644_UTR_pair	199	7	2122
ENSBTAG00000000250_ENSBTAT00000000314_UTR_pair	317	7	545
ENSBTAG00000000251_ENSBTAT00000000315_UTR_pair	131	7	87
ENSBTAG00000000252_ENSBTAT00000000316_UTR_pair	60	7	1400
ENSBTAG00000004499_ENSBTAT00000061169_UTR_pair	142	7	781
ENSBTAG00000025659_ENSBTAT00000079297_UTR_pair	56	7	23
ENSBTAG00000010107_ENSBTAT00000013333_UTR_pair	199	7	691
ENSBTAG00000000203_ENSBTAT00000152265_UTR_pair	103	7	4147
ENSBTAG00000000575_ENSBTAT00000000752_UTR_pair	379	7	613
ENSBTAG00000025667_ENSBTAT00000056451_UTR_pair	199	7	695
ENSBTAG00000017155_ENSBTAT00000022801_UTR_pair	199	7	1001
ENSBTAG00000006532_ENSBTAT00000070510_UTR_pair	81	7	118
ENSBTAG00000013706_ENSBTAT00000043692_UTR_pair	199	7	133
ENSBTAG00000000712_ENSBTAT00000000956_UTR_pair	207	7	369
ENSBTAG00000011417_ENSBTAT00000102179_UTR_pair	148	7	451
ENSBTAG00000017803_ENSBTAT00000023671_UTR_pair	229	7	2082
ENSBTAG00000019915_ENSBTAT00000026534_UTR_pair	199	7	246
ENSBTAG00000005403_ENSBTAT00000134840_UTR_pair	199	7	839
ENSBTAG00000050986_ENSBTAT00000073028_UTR_pair	85	7	1751
ENSBTAG00000057706_ENSBTAT00000132120_UTR_pair	199	7	1768
ENSBTAG00000020495_ENSBTAT00000110843_UTR_pair	1	7	651
ENSBTAG00000016164_ENSBTAT00000128126_UTR_pair	15	7	347
ENSBTAG00000002171_ENSBTAT00000117238_UTR_pair	403	7	1790
ENSBTAG00000038190_ENSBTAT00000105553_UTR_pair	216	7	795
ENSBTAG00000016374_ENSBTAT00000021778_UTR_pair	199	7	1001
ENSBTAG00000014534_ENSBTAT00000087016_UTR_pair	188	7	3262
ENSBTAG00000044053_ENSBTAT00000114221_UTR_pair	99	7	645
ENSBTAG00000020056_ENSBTAT00000026725_UTR_pair	199	7	2177
ENSBTAG00000005100_ENSBTAT00000126749_UTR_pair	137	7	484
ENSBTAG00000005869_ENSBTAT00000084133_UTR_pair	700	7	294
ENSBTAG00000016751_ENSBTAT00000114709_UTR_pair	275	7	1623
ENSBTAG00000024688_ENSBTAT00000034372_UTR_pair	199	7	1001
ENSBTAG00000043950_ENSBTAT00000061609_UTR_pair	199	7	1001
ENSBTAG00000055014_ENSBTAT00000137522_UTR_pair	2	7	3734
ENSBTAG00000015498_ENSBTAT00000020598_UTR_pair	157	7	966
ENSBTAG00000005456_ENSBTAT00000048817_UTR_pair	199	7	404
ENSBTAG00000012096_ENSBTAT00000107688_UTR_pair	55	7	1
ENSBTAG00000026716_ENSBTAT00000079816_UTR_pair	409	7	1318
ENSBTAG00000039477_ENSBTAT00000089512_UTR_pair	1834	7	1709
ENSBTAG00000019418_ENSBTAT00000075679_UTR_pair	199	7	405
ENSBTAG00000000679_ENSBTAT00000071281_UTR_pair	199	7	363
ENSBTAG00000015911_ENSBTAT00000021159_UTR_pair	118	7	38
ENSBTAG00000005681_ENSBTAT00000073335_UTR_pair	98	7	1434
ENSBTAG00000026704_ENSBTAT00000048435_UTR_pair	148	7	535
ENSBTAG00000001956_ENSBTAT00000127989_UTR_pair	307	7	865
ENSBTAG00000046503_ENSBTAT00000052586_UTR_pair	199	7	2009
ENSBTAG00000003340_ENSBTAT00000004334_UTR_pair	106	7	249
ENSBTAG00000003336_ENSBTAT00000081549_UTR_pair	3	7	486
ENSBTAG00000000019_ENSBTAT00000087235_UTR_pair	126	7	1412
ENSBTAG00000012946_ENSBTAT00000081376_UTR_pair	23	7	733
ENSBTAG00000001835_ENSBTAT00000102239_UTR_pair	370	7	5816
ENSBTAG00000024381_ENSBTAT00000116477_UTR_pair	220	7	2552
ENSBTAG00000002058_ENSBTAT00000002664_UTR_pair	219	7	184
ENSBTAG00000012929_ENSBTAT00000017179_UTR_pair	199	7	237
ENSBTAG00000053374_ENSBTAT00000082564_UTR_pair	131	7	2696
ENSBTAG00000016046_ENSBTAT00000096647_UTR_pair	234	7	1001
ENSBTAG00000047338_ENSBTAT00000116752_UTR_pair	21	7	1001
ENSBTAG00000026673_ENSBTAT00000019262_UTR_pair	248	7	11
ENSBTAG00000009689_ENSBTAT00000098295_UTR_pair	199	7	172
ENSBTAG00000005205_ENSBTAT00000076070_UTR_pair	310	7	910
ENSBTAG00000010885_ENSBTAT00000014457_UTR_pair	354	7	2233
ENSBTAG00000009127_ENSBTAT00000111384_UTR_pair	76	7	3018
ENSBTAG00000003076_ENSBTAT00000004003_UTR_pair	4	7	121
ENSBTAG00000011849_ENSBTAT00000015734_UTR_pair	234	7	72
ENSBTAG00000002082_ENSBTAT00000002691_UTR_pair	361	7	1007
ENSBTAG00000008817_ENSBTAT00000069112_UTR_pair	209	7	227
ENSBTAG00000013837_ENSBTAT00000067612_UTR_pair	199	7	624
ENSBTAG00000011851_ENSBTAT00000015730_UTR_pair	402	7	1425
ENSBTAG00000010760_ENSBTAT00000060948_UTR_pair	199	7	988
ENSBTAG00000009239_ENSBTAT00000012176_UTR_pair	199	7	410
ENSBTAG00000065530_ENSBTAT00000009583_UTR_pair	207	7	4172
ENSBTAG00000000409_ENSBTAT00000000526_UTR_pair	199	7	1769
ENSBTAG00000016627_ENSBTAT00000072647_UTR_pair	460	7	113
ENSBTAG00000010113_ENSBTAT00000013338_UTR_pair	95	7	1914
ENSBTAG00000008147_ENSBTAT00000010714_UTR_pair	836	7	119
ENSBTAG00000017992_ENSBTAT00000139502_UTR_pair	404	7	2327
ENSBTAG00000019410_ENSBTAT00000120540_UTR_pair	211	7	198
ENSBTAG00000003015_ENSBTAT00000003925_UTR_pair	124	7	1049
ENSBTAG00000011234_ENSBTAT00000014920_UTR_pair	316	7	29
ENSBTAG00000018801_ENSBTAT00000119195_UTR_pair	199	7	655
ENSBTAG00000010134_ENSBTAT00000013370_UTR_pair	132	7	2007
ENSBTAG00000016562_ENSBTAT00000118194_UTR_pair	199	7	3551
ENSBTAG00000021859_ENSBTAT00000100503_UTR_pair	199	7	664
ENSBTAG00000012534_ENSBTAT00000016639_UTR_pair	199	7	245
ENSBTAG00000021398_ENSBTAT00000028523_UTR_pair	385	7	275
ENSBTAG00000017557_ENSBTAT00000127504_UTR_pair	109	7	1206
ENSBTAG00000017554_ENSBTAT00000023334_UTR_pair	248	7	16
ENSBTAG00000005400_ENSBTAT00000076203_UTR_pair	304	7	393
ENSBTAG00000001533_ENSBTAT00000002010_UTR_pair	179	7	745
ENSBTAG00000020482_ENSBTAT00000065100_UTR_pair	369	7	629
ENSBTAG00000015744_ENSBTAT00000037858_UTR_pair	125	7	2532
ENSBTAG00000018528_ENSBTAT00000067380_UTR_pair	43	7	4107
ENSBTAG00000044061_ENSBTAT00000070448_UTR_pair	68	7	511
ENSBTAG00000005729_ENSBTAT00000007531_UTR_pair	356	7	391
ENSBTAG00000020410_ENSBTAT00000116957_UTR_pair	21	7	74
ENSBTAG00000005026_ENSBTAT00000108262_UTR_pair	199	7	141
ENSBTAG00000021420_ENSBTAT00000039578_UTR_pair	215	7	3404
ENSBTAG00000002625_ENSBTAT00000080179_UTR_pair	118	7	2933
ENSBTAG00000020713_ENSBTAT00000068721_UTR_pair	199	7	1001
ENSBTAG00000018438_ENSBTAT00000075507_UTR_pair	2	7	235
ENSBTAG00000018436_ENSBTAT00000024529_UTR_pair	105	7	3154
ENSBTAG00000062903_ENSBTAT00000091177_UTR_pair	144	7	631
ENSBTAG00000002725_ENSBTAT00000071231_UTR_pair	198	7	2418
ENSBTAG00000003764_ENSBTAT00000126874_UTR_pair	533	7	1
ENSBTAG00000016969_ENSBTAT00000077599_UTR_pair	42	7	919
ENSBTAG00000016967_ENSBTAT00000105534_UTR_pair	255	7	616
ENSBTAG00000014057_ENSBTAT00000134065_UTR_pair	27	7	308
ENSBTAG00000018408_ENSBTAT00000111940_UTR_pair	214	7	335
ENSBTAG00000048655_ENSBTAT00000074100_UTR_pair	32	7	1794
ENSBTAG00000003384_ENSBTAT00000004386_UTR_pair	95	7	1342
ENSBTAG00000013591_ENSBTAT00000084559_UTR_pair	87	7	534
ENSBTAG00000020829_ENSBTAT00000094502_UTR_pair	214	7	1459
ENSBTAG00000015381_ENSBTAT00000046411_UTR_pair	87	7	1460
ENSBTAG00000017393_ENSBTAT00000076293_UTR_pair	199	7	1691
ENSBTAG00000005960_ENSBTAT00000074611_UTR_pair	244	7	1
ENSBTAG00000051600_ENSBTAT00000145823_UTR_pair	146	7	1827
ENSBTAG00000012418_ENSBTAT00000106990_UTR_pair	308	7	897
ENSBTAG00000001360_ENSBTAT00000001791_UTR_pair	84	7	26
ENSBTAG00000021970_ENSBTAT00000073901_UTR_pair	102	7	3227
ENSBTAG00000035370_ENSBTAT00000049877_UTR_pair	291	7	2488
ENSBTAG00000004269_ENSBTAT00000080325_UTR_pair	208	7	1020
ENSBTAG00000017958_ENSBTAT00000104455_UTR_pair	196	7	1001
ENSBTAG00000007799_ENSBTAT00000010261_UTR_pair	364	7	886
ENSBTAG00000007802_ENSBTAT00000052712_UTR_pair	199	7	395
ENSBTAG00000016791_ENSBTAT00000106326_UTR_pair	88	7	26
ENSBTAG00000000436_ENSBTAT00000000557_UTR_pair	371	7	1916
ENSBTAG00000020097_ENSBTAT00000026774_UTR_pair	89	7	1344
ENSBTAG00000000243_ENSBTAT00000094761_UTR_pair	2	7	723
ENSBTAG00000015516_ENSBTAT00000020625_UTR_pair	188	7	508
ENSBTAG00000012299_ENSBTAT00000016319_UTR_pair	191	7	199
ENSBTAG00000024595_ENSBTAT00000034262_UTR_pair	199	7	3247
ENSBTAG00000011224_ENSBTAT00000014907_UTR_pair	602	7	2016
ENSBTAG00000005851_ENSBTAT00000119548_UTR_pair	20	7	3949
ENSBTAG00000020707_ENSBTAT00000079895_UTR_pair	100	7	2923
ENSBTAG00000001146_ENSBTAT00000001526_UTR_pair	199	7	1001
ENSBTAG00000001747_ENSBTAT00000117249_UTR_pair	253	7	1001
ENSBTAG00000001752_ENSBTAT00000002297_UTR_pair	76	7	369
ENSBTAG00000016498_ENSBTAT00000097512_UTR_pair	159	7	1806
ENSBTAG00000026523_ENSBTAT00000071595_UTR_pair	199	7	1001
ENSBTAG00000073224_ENSBTAT00000140802_UTR_pair	76	7	235
ENSBTAG00000005376_ENSBTAT00000081154_UTR_pair	256	7	1001
ENSBTAG00000008112_ENSBTAT00000010673_UTR_pair	232	7	1001
ENSBTAG00000009784_ENSBTAT00000012905_UTR_pair	82	7	884
ENSBTAG00000021107_ENSBTAT00000061280_UTR_pair	240	7	610
ENSBTAG00000052123_ENSBTAT00000072436_UTR_pair	144	7	419
ENSBTAG00000001826_ENSBTAT00000002389_UTR_pair	6	7	3405
ENSBTAG00000051913_ENSBTAT00000068674_UTR_pair	199	7	278
ENSBTAG00000013454_ENSBTAT00000017897_UTR_pair	326	7	1885
ENSBTAG00000016980_ENSBTAT00000022582_UTR_pair	199	7	3405
ENSBTAG00000000880_ENSBTAT00000001170_UTR_pair	22	7	893
ENSBTAG00000032024_ENSBTAT00000001172_UTR_pair	273	7	163
ENSBTAG00000015076_ENSBTAT00000020062_UTR_pair	503	7	1506
ENSBTAG00000032007_ENSBTAT00000110794_UTR_pair	199	7	1001
ENSBTAG00000026586_ENSBTAT00000049176_UTR_pair	544	7	1517
ENSBTAG00000009679_ENSBTAT00000110796_UTR_pair	99	7	2497
ENSBTAG00000009846_ENSBTAT00000052076_UTR_pair	212	7	391
ENSBTAG00000014788_ENSBTAT00000070687_UTR_pair	286	7	8
ENSBTAG00000014790_ENSBTAT00000104332_UTR_pair	199	7	1001
ENSBTAG00000031917_ENSBTAT00000127896_UTR_pair	199	7	1136
ENSBTAG00000002728_ENSBTAT00000071817_UTR_pair	199	7	1367
ENSBTAG00000007201_ENSBTAT00000112733_UTR_pair	43	7	1001
ENSBTAG00000018464_ENSBTAT00000024571_UTR_pair	199	7	1001
ENSBTAG00000006323_ENSBTAT00000008296_UTR_pair	306	7	1600
ENSBTAG00000000817_ENSBTAT00000039096_UTR_pair	9	7	2954
ENSBTAG00000011509_ENSBTAT00000075870_UTR_pair	41	7	243
ENSBTAG00000005083_ENSBTAT00000045051_UTR_pair	199	7	2023
ENSBTAG00000007974_ENSBTAT00000010484_UTR_pair	189	7	668
ENSBTAG00000002827_ENSBTAT00000003660_UTR_pair	119	7	1780
ENSBTAG00000002829_ENSBTAT00000003662_UTR_pair	110	7	66
ENSBTAG00000020079_ENSBTAT00000093164_UTR_pair	78	7	514
ENSBTAG00000007668_ENSBTAT00000110271_UTR_pair	199	7	464
ENSBTAG00000011593_ENSBTAT00000122459_UTR_pair	199	7	1012
ENSBTAG00000007758_ENSBTAT00000073571_UTR_pair	70	7	1001
ENSBTAG00000027879_ENSBTAT00000149771_UTR_pair	103	7	496
ENSBTAG00000021741_ENSBTAT00000080174_UTR_pair	199	7	613
ENSBTAG00000005557_ENSBTAT00000076170_UTR_pair	288	7	1733
ENSBTAG00000003929_ENSBTAT00000005130_UTR_pair	151	7	97
ENSBTAG00000000918_ENSBTAT00000001212_UTR_pair	2056	7	5
ENSBTAG00000031476_ENSBTAT00000044610_UTR_pair	199	7	239
ENSBTAG00000003884_ENSBTAT00000106234_UTR_pair	108	7	1001
ENSBTAG00000011179_ENSBTAT00000014845_UTR_pair	68	7	193
ENSBTAG00000032806_ENSBTAT00000031749_UTR_pair	1003	7	477
ENSBTAG00000051704_ENSBTAT00000070259_UTR_pair	97	7	4651
ENSBTAG00000049495_ENSBTAT00000148846_UTR_pair	173	7	2028
ENSBTAG00000013308_ENSBTAT00000017696_UTR_pair	149	7	2507
ENSBTAG00000009523_ENSBTAT00000031526_UTR_pair	8	7	2405
ENSBTAG00000075484_ENSBTAT00000147810_UTR_pair	88	7	3241
ENSBTAG00000012113_ENSBTAT00000016072_UTR_pair	63	7	73
ENSBTAG00000018697_ENSBTAT00000024883_UTR_pair	416	7	969
ENSBTAG00000006439_ENSBTAT00000102800_UTR_pair	88	7	449
ENSBTAG00000019338_ENSBTAT00000128259_UTR_pair	199	7	2380
ENSBTAG00000002615_ENSBTAT00000003384_UTR_pair	135	7	4675
ENSBTAG00000019552_ENSBTAT00000026053_UTR_pair	285	7	1196
ENSBTAG00000046037_ENSBTAT00000064551_UTR_pair	116	7	351
ENSBTAG00000047169_ENSBTAT00000124445_UTR_pair	61	7	362
ENSBTAG00000045779_ENSBTAT00000112973_UTR_pair	199	7	1153
ENSBTAG00000004291_ENSBTAT00000119857_UTR_pair	49	7	664
ENSBTAG00000035615_ENSBTAT00000110512_UTR_pair	85	7	1001
ENSBTAG00000010884_ENSBTAT00000014458_UTR_pair	123	7	897
ENSBTAG00000017184_ENSBTAT00000105806_UTR_pair	199	7	242
ENSBTAG00000007399_ENSBTAT00000049397_UTR_pair	40	7	1870
ENSBTAG00000018569_ENSBTAT00000109428_UTR_pair	205	7	1001
ENSBTAG00000008388_ENSBTAT00000011040_UTR_pair	199	7	15
ENSBTAG00000040350_ENSBTAT00000061054_UTR_pair	114	7	4487
ENSBTAG00000009121_ENSBTAT00000012029_UTR_pair	404	7	1894
ENSBTAG00000002292_ENSBTAT00000131353_UTR_pair	161	7	1001
ENSBTAG00000018247_ENSBTAT00000104156_UTR_pair	212	7	2310
ENSBTAG00000015354_ENSBTAT00000048680_UTR_pair	372	7	761
ENSBTAG00000004962_ENSBTAT00000006527_UTR_pair	199	7	1520
ENSBTAG00000019061_ENSBTAT00000025376_UTR_pair	62	7	412
ENSBTAG00000016263_ENSBTAT00000021633_UTR_pair	477	7	395
ENSBTAG00000049641_ENSBTAT00000105985_UTR_pair	356	7	1001
ENSBTAG00000004131_ENSBTAT00000005408_UTR_pair	90	7	2539
ENSBTAG00000014088_ENSBTAT00000082968_UTR_pair	199	7	1001
ENSBTAG00000020644_ENSBTAT00000027510_UTR_pair	86	7	473
ENSBTAG00000015196_ENSBTAT00000020218_UTR_pair	225	7	1001
ENSBTAG00000014685_ENSBTAT00000109498_UTR_pair	180	7	660
ENSBTAG00000001886_ENSBTAT00000086733_UTR_pair	36	7	1001
ENSBTAG00000013922_ENSBTAT00000018489_UTR_pair	143	7	1756
ENSBTAG00000017850_ENSBTAT00000023731_UTR_pair	326	7	581
ENSBTAG00000016484_ENSBTAT00000106432_UTR_pair	199	7	3
ENSBTAG00000011056_ENSBTAT00000089505_UTR_pair	110	7	1001
ENSBTAG00000006818_ENSBTAT00000008956_UTR_pair	199	7	1343
ENSBTAG00000014138_ENSBTAT00000122730_UTR_pair	71	7	1543
ENSBTAG00000009657_ENSBTAT00000110451_UTR_pair	137	7	867
ENSBTAG00000052670_ENSBTAT00000110012_UTR_pair	32	7	1001
ENSBTAG00000005150_ENSBTAT00000124055_UTR_pair	84	7	867
ENSBTAG00000006296_ENSBTAT00000134090_UTR_pair	377	7	3948
ENSBTAG00000007844_ENSBTAT00000010319_UTR_pair	19	7	528
ENSBTAG00000049615_ENSBTAT00000106914_UTR_pair	241	7	240
ENSBTAG00000019779_ENSBTAT00000026354_UTR_pair	226	7	2422
ENSBTAG00000017265_ENSBTAT00000092855_UTR_pair	216	7	224
ENSBTAG00000007817_ENSBTAT00000010280_UTR_pair	171	7	1949
ENSBTAG00000013046_ENSBTAT00000095530_UTR_pair	198	7	1001
ENSBTAG00000013045_ENSBTAT00000017339_UTR_pair	199	7	785
ENSBTAG00000005250_ENSBTAT00000047242_UTR_pair	291	7	928
ENSBTAG00000008319_ENSBTAT00000010955_UTR_pair	199	7	307
ENSBTAG00000020547_ENSBTAT00000027379_UTR_pair	134	7	313
ENSBTAG00000020551_ENSBTAT00000027382_UTR_pair	430	7	922
ENSBTAG00000001059_ENSBTAT00000083935_UTR_pair	199	7	103
ENSBTAG00000021421_ENSBTAT00000088811_UTR_pair	199	7	53
ENSBTAG00000047702_ENSBTAT00000064306_UTR_pair	106	7	91
ENSBTAG00000011904_ENSBTAT00000015793_UTR_pair	199	7	1001
ENSBTAG00000016085_ENSBTAT00000021407_UTR_pair	13	7	1001
ENSBTAG00000047855_ENSBTAT00000105589_UTR_pair	87	7	8580
ENSBTAG00000011190_ENSBTAT00000030194_UTR_pair	66	7	299
ENSBTAG00000012125_ENSBTAT00000152263_UTR_pair	105	7	681
ENSBTAG00000008552_ENSBTAT00000030185_UTR_pair	132	7	934
ENSBTAG00000054868_ENSBTAT00000077543_UTR_pair	192	7	970
ENSBTAG00000014333_ENSBTAT00000118876_UTR_pair	138	7	719
ENSBTAG00000012747_ENSBTAT00000129818_UTR_pair	31	7	535
ENSBTAG00000019512_ENSBTAT00000115898_UTR_pair	199	7	584
ENSBTAG00000050709_ENSBTAT00000078318_UTR_pair	199	7	1001
ENSBTAG00000045550_ENSBTAT00000063874_UTR_pair	155	7	256
ENSBTAG00000032875_ENSBTAT00000133479_UTR_pair	238	7	481
ENSBTAG00000032852_ENSBTAT00000132023_UTR_pair	7590	7	340
ENSBTAG00000019417_ENSBTAT00000116547_UTR_pair	962	7	567
ENSBTAG00000037996_ENSBTAT00000053008_UTR_pair	679	7	5368
ENSBTAG00000057310_ENSBTAT00000134955_UTR_pair	818	7	603
ENSBTAG00000026139_ENSBTAT00000087813_UTR_pair	2217	7	513
ENSBTAG00000007499_ENSBTAT00000009864_UTR_pair	734	7	872
ENSBTAG00000019256_ENSBTAT00000025636_UTR_pair	109	7	3134
ENSBTAG00000022292_ENSBTAT00000030129_UTR_pair	94	7	861
ENSBTAG00000021254_ENSBTAT00000116530_UTR_pair	199	7	2191
ENSBTAG00000006026_ENSBTAT00000007916_UTR_pair	465	7	1462
ENSBTAG00000048143_ENSBTAT00000130583_UTR_pair	351	7	2060
ENSBTAG00000064848_ENSBTAT00000132900_UTR_pair	718	7	972
ENSBTAG00000049730_ENSBTAT00000107362_UTR_pair	181	7	540
ENSBTAG00000001311_ENSBTAT00000095091_UTR_pair	1466	7	1176
ENSBTAG00000072069_ENSBTAT00000147437_UTR_pair	233	7	6457
ENSBTAG00000022920_ENSBTAT00000111039_UTR_pair	213	7	248
ENSBTAG00000046314_ENSBTAT00000046511_UTR_pair	82	7	2774
ENSBTAG00000005294_ENSBTAT00000006967_UTR_pair	264	7	1001
ENSBTAG00000000955_ENSBTAT00000081226_UTR_pair	199	7	14
ENSBTAG00000019703_ENSBTAT00000026261_UTR_pair	134	7	2371
ENSBTAG00000045877_ENSBTAT00000083805_UTR_pair	199	7	1375
ENSBTAG00000013721_ENSBTAT00000018226_UTR_pair	199	7	1001
ENSBTAG00000014575_ENSBTAT00000083125_UTR_pair	372	7	1144
ENSBTAG00000020739_ENSBTAT00000118041_UTR_pair	199	7	2023
ENSBTAG00000018986_ENSBTAT00000054636_UTR_pair	9	7	1001
ENSBTAG00000037413_ENSBTAT00000080571_UTR_pair	377	7	4408
ENSBTAG00000011613_ENSBTAT00000128138_UTR_pair	202	7	1118
ENSBTAG00000009598_ENSBTAT00000012631_UTR_pair	29	7	3227
ENSBTAG00000051806_ENSBTAT00000077521_UTR_pair	136	7	1001
ENSBTAG00000072466_ENSBTAT00000153060_UTR_pair	30	7	1278
ENSBTAG00000001877_ENSBTAT00000082587_UTR_pair	73	7	1864
ENSBTAG00000000895_ENSBTAT00000081359_UTR_pair	68	7	1001
ENSBTAG00000000894_ENSBTAT00000001187_UTR_pair	117	7	436
ENSBTAG00000010018_ENSBTAT00000079189_UTR_pair	31	7	1001
ENSBTAG00000045931_ENSBTAT00000065645_UTR_pair	42	7	2225
ENSBTAG00000038434_ENSBTAT00000094724_UTR_pair	332	7	1001
ENSBTAG00000025062_ENSBTAT00000034995_UTR_pair	219	7	533
ENSBTAG00000004549_ENSBTAT00000005978_UTR_pair	64	7	146
ENSBTAG00000074156_ENSBTAT00000142154_UTR_pair	196	7	5622
ENSBTAG00000020826_ENSBTAT00000067106_UTR_pair	150	7	239
ENSBTAG00000015848_ENSBTAT00000101243_UTR_pair	316	7	424
ENSBTAG00000045925_ENSBTAT00000114152_UTR_pair	199	7	83
ENSBTAG00000005607_ENSBTAT00000007362_UTR_pair	51	7	438
ENSBTAG00000047376_ENSBTAT00000124379_UTR_pair	127	7	16
ENSBTAG00000000902_ENSBTAT00000045447_UTR_pair	199	7	877
ENSBTAG00000012152_ENSBTAT00000016122_UTR_pair	52	7	1080
ENSBTAG00000008492_ENSBTAT00000011195_UTR_pair	140	7	1274
ENSBTAG00000004879_ENSBTAT00000006418_UTR_pair	483	7	1434
ENSBTAG00000007871_ENSBTAT00000093408_UTR_pair	31	7	1001
ENSBTAG00000012861_ENSBTAT00000076641_UTR_pair	199	7	310
ENSBTAG00000074216_ENSBTAT00000152941_UTR_pair	75	7	4432
ENSBTAG00000007797_ENSBTAT00000010257_UTR_pair	527	7	336
ENSBTAG00000021026_ENSBTAT00000028000_UTR_pair	149	7	441
ENSBTAG00000015801_ENSBTAT00000070932_UTR_pair	750	7	15
ENSBTAG00000033702_ENSBTAT00000085650_UTR_pair	59	7	1417
ENSBTAG00000055120_ENSBTAT00000107091_UTR_pair	547	7	370
ENSBTAG00000047326_ENSBTAT00000063464_UTR_pair	219	7	23
ENSBTAG00000007654_ENSBTAT00000092066_UTR_pair	1409	7	820
ENSBTAG00000003290_ENSBTAT00000119810_UTR_pair	199	7	1001
ENSBTAG00000005496_ENSBTAT00000007225_UTR_pair	191	7	2863
ENSBTAG00000005124_ENSBTAT00000006752_UTR_pair	143	7	2179
ENSBTAG00000068665_ENSBTAT00000090942_UTR_pair	43	7	98
ENSBTAG00000016764_ENSBTAT00000095856_UTR_pair	334	7	189
ENSBTAG00000016772_ENSBTAT00000022310_UTR_pair	199	7	390
ENSBTAG00000005039_ENSBTAT00000006646_UTR_pair	59	7	426
ENSBTAG00000015817_ENSBTAT00000021012_UTR_pair	118	7	649
ENSBTAG00000005866_ENSBTAT00000007710_UTR_pair	522	7	1001
ENSBTAG00000046774_ENSBTAT00000116263_UTR_pair	164	7	1001
ENSBTAG00000031829_ENSBTAT00000045129_UTR_pair	269	7	1900
ENSBTAG00000009282_ENSBTAT00000116829_UTR_pair	154	7	316
ENSBTAG00000009287_ENSBTAT00000131429_UTR_pair	199	7	253
ENSBTAG00000009288_ENSBTAT00000120289_UTR_pair	49	7	236
ENSBTAG00000025848_ENSBTAT00000024034_UTR_pair	109	7	619
ENSBTAG00000018060_ENSBTAT00000024047_UTR_pair	203	7	78
ENSBTAG00000004706_ENSBTAT00000111227_UTR_pair	199	7	1524
ENSBTAG00000013244_ENSBTAT00000078707_UTR_pair	64	7	317
ENSBTAG00000018496_ENSBTAT00000024618_UTR_pair	199	7	276
ENSBTAG00000004600_ENSBTAT00000006035_UTR_pair	20	7	1001
ENSBTAG00000007788_ENSBTAT00000082850_UTR_pair	159	7	455
ENSBTAG00000008523_ENSBTAT00000093581_UTR_pair	27	7	1382
ENSBTAG00000002561_ENSBTAT00000003317_UTR_pair	199	7	1636
ENSBTAG00000002563_ENSBTAT00000115095_UTR_pair	81	7	506
ENSBTAG00000016093_ENSBTAT00000021425_UTR_pair	151	7	412
ENSBTAG00000016096_ENSBTAT00000021428_UTR_pair	17	7	1612
ENSBTAG00000039391_ENSBTAT00000096610_UTR_pair	102	7	215
ENSBTAG00000001507_ENSBTAT00000097192_UTR_pair	203	7	6677
ENSBTAG00000013311_ENSBTAT00000017703_UTR_pair	342	7	657
ENSBTAG00000008733_ENSBTAT00000153053_UTR_pair	234	7	216
ENSBTAG00000017783_ENSBTAT00000023648_UTR_pair	158	7	590
ENSBTAG00000014943_ENSBTAT00000019893_UTR_pair	101	7	816
ENSBTAG00000014945_ENSBTAT00000130608_UTR_pair	155	7	1001
ENSBTAG00000017761_ENSBTAT00000131220_UTR_pair	66	7	463
ENSBTAG00000017779_ENSBTAT00000124239_UTR_pair	19	7	1001
ENSBTAG00000003855_ENSBTAT00000110438_UTR_pair	199	7	1001
ENSBTAG00000023182_ENSBTAT00000090129_UTR_pair	118	7	1001
ENSBTAG00000015860_ENSBTAT00000080847_UTR_pair	199	7	625
ENSBTAG00000039888_ENSBTAT00000007016_UTR_pair	537	7	141
ENSBTAG00000013177_ENSBTAT00000101482_UTR_pair	199	7	390
ENSBTAG00000012980_ENSBTAT00000017260_UTR_pair	543	7	434
ENSBTAG00000021843_ENSBTAT00000029117_UTR_pair	199	7	741
ENSBTAG00000003418_ENSBTAT00000017503_UTR_pair	165	7	2065
ENSBTAG00000002210_ENSBTAT00000130037_UTR_pair	158	7	214
ENSBTAG00000003779_ENSBTAT00000004918_UTR_pair	59	7	1327
ENSBTAG00000035705_ENSBTAT00000050192_UTR_pair	113	7	1581
ENSBTAG00000008839_ENSBTAT00000129574_UTR_pair	637	7	6904
ENSBTAG00000012729_ENSBTAT00000069238_UTR_pair	459	7	36
ENSBTAG00000057744_ENSBTAT00000103792_UTR_pair	677	7	1825
ENSBTAG00000003740_ENSBTAT00000063826_UTR_pair	17	7	1124
ENSBTAG00000001637_ENSBTAT00000002144_UTR_pair	164	7	1597
ENSBTAG00000001288_ENSBTAT00000001698_UTR_pair	143	7	869
ENSBTAG00000016206_ENSBTAT00000107712_UTR_pair	187	7	263
ENSBTAG00000035907_ENSBTAT00000111134_UTR_pair	93	7	1001
ENSBTAG00000011790_ENSBTAT00000119178_UTR_pair	108	7	2238
ENSBTAG00000017801_ENSBTAT00000110166_UTR_pair	399	7	862
ENSBTAG00000047339_ENSBTAT00000151750_UTR_pair	328	7	1001
ENSBTAG00000011463_ENSBTAT00000015231_UTR_pair	999	7	1057
ENSBTAG00000045867_ENSBTAT00000092300_UTR_pair	33	7	438
ENSBTAG00000038156_ENSBTAT00000127199_UTR_pair	176	7	36
ENSBTAG00000068677_ENSBTAT00000125280_UTR_pair	199	7	1001
ENSBTAG00000050233_ENSBTAT00000130456_UTR_pair	210	7	3603
ENSBTAG00000014304_ENSBTAT00000019004_UTR_pair	314	7	3147
ENSBTAG00000048159_ENSBTAT00000082809_UTR_pair	201	7	2
ENSBTAG00000008124_ENSBTAT00000070380_UTR_pair	156	7	169
ENSBTAG00000007730_ENSBTAT00000034353_UTR_pair	199	7	2898
ENSBTAG00000020561_ENSBTAT00000120701_UTR_pair	460	7	4461
ENSBTAG00000017363_ENSBTAT00000023087_UTR_pair	181	7	353
ENSBTAG00000011258_ENSBTAT00000014953_UTR_pair	169	7	219
ENSBTAG00000006165_ENSBTAT00000076933_UTR_pair	88	7	55
ENSBTAG00000018382_ENSBTAT00000081528_UTR_pair	110	7	465
ENSBTAG00000017639_ENSBTAT00000080690_UTR_pair	14	7	674
ENSBTAG00000017633_ENSBTAT00000023455_UTR_pair	121	7	1789
ENSBTAG00000003727_ENSBTAT00000077621_UTR_pair	297	7	1521
ENSBTAG00000019852_ENSBTAT00000057115_UTR_pair	106	7	2885
ENSBTAG00000015355_ENSBTAT00000020422_UTR_pair	111	7	498
ENSBTAG00000009420_ENSBTAT00000012397_UTR_pair	182	7	1687
ENSBTAG00000002820_ENSBTAT00000085724_UTR_pair	262	7	365
ENSBTAG00000001768_ENSBTAT00000133349_UTR_pair	43	7	6
ENSBTAG00000003316_ENSBTAT00000004296_UTR_pair	88	7	828
ENSBTAG00000017017_ENSBTAT00000104478_UTR_pair	258	7	1001
ENSBTAG00000020419_ENSBTAT00000114573_UTR_pair	199	7	1001
ENSBTAG00000020418_ENSBTAT00000027210_UTR_pair	130	7	2129
ENSBTAG00000007646_ENSBTAT00000010060_UTR_pair	62	7	154
ENSBTAG00000018292_ENSBTAT00000129657_UTR_pair	66	7	1001
ENSBTAG00000009260_ENSBTAT00000085894_UTR_pair	5	7	1027
ENSBTAG00000004461_ENSBTAT00000065066_UTR_pair	425	7	433
ENSBTAG00000010923_ENSBTAT00000100966_UTR_pair	547	7	890
ENSBTAG00000038488_ENSBTAT00000024387_UTR_pair	72	7	407
ENSBTAG00000047997_ENSBTAT00000027722_UTR_pair	74	7	112
ENSBTAG00000009278_ENSBTAT00000030541_UTR_pair	44	7	708
ENSBTAG00000010152_ENSBTAT00000069917_UTR_pair	476	7	3814
ENSBTAG00000011121_ENSBTAT00000014770_UTR_pair	289	7	264
ENSBTAG00000018112_ENSBTAT00000024105_UTR_pair	195	7	971
ENSBTAG00000015849_ENSBTAT00000127533_UTR_pair	254	7	72
ENSBTAG00000020789_ENSBTAT00000071711_UTR_pair	199	7	233
ENSBTAG00000070890_ENSBTAT00000138578_UTR_pair	199	7	1001
ENSBTAG00000069639_ENSBTAT00000104943_UTR_pair	131	7	1001
