transcript_id	gene_id	strand	n_exons	n_5UTR_junctions	n_CDS_junctions	n_3UTR_junctions	stop_dist_closest_upstream	stop_dist_closest_downstream	stop_dist_last_downstream	start_dist_closest_upstream	start_dist_closest_downstream
ENSMUST00000156816.7	ENSMUSG00000033845	-	5	0	4	0	337	NA	NA	NA	105
ENSMUST00000027036.11	ENSMUSG00000025903	+	9	0	8	0	53	NA	NA	NA	69
ENSMUST00000081551.14	ENSMUSG00000033813	+	10	0	9	0	8	NA	NA	NA	63
ENSMUST00000118000.8	ENSMUSG00000002459	-	6	0	5	0	188	NA	NA	NA	168
ENSMUST00000192698.3	ENSMUSG00000033793	+	13	1	11	0	60	NA	NA	34	113
ENSMUST00000027040.13	ENSMUSG00000025907	+	24	2	21	0	77	NA	NA	44	71
ENSMUST00000061280.17	ENSMUSG00000051285	+	6	1	4	0	367	NA	NA	115	307
ENSMUST00000088658.11	ENSMUSG00000025912	-	16	0	15	0	128	NA	NA	NA	20
ENSMUST00000057438.7	ENSMUSG00000045210	-	3	0	2	0	868	NA	NA	NA	2707
ENSMUST00000071087.12	ENSMUSG00000056763	+	30	1	28	0	211	NA	NA	10	99
ENSMUST00000088615.11	ENSMUSG00000067851	-	38	0	37	0	164	NA	NA	NA	124
ENSMUST00000177608.8	ENSMUSG00000016918	+	22	3	18	0	30	NA	NA	59	172
ENSMUST00000006037.13	ENSMUSG00000005886	-	23	2	20	0	11	NA	NA	19	86
ENSMUST00000027068.11	ENSMUSG00000025935	-	11	0	10	0	73	NA	NA	NA	123
ENSMUST00000027071.7	ENSMUSG00000025937	-	7	0	6	0	43	NA	NA	NA	122
ENSMUST00000027066.13	ENSMUSG00000025932	-	18	2	15	0	80	NA	NA	4	124
ENSMUST00000027053.8	ENSMUSG00000025921	+	6	0	5	0	123	NA	NA	NA	289
ENSMUST00000162751.8	ENSMUSG00000025920	-	14	2	11	0	93	NA	NA	17	114
ENSMUST00000188641.7	ENSMUSG00000079658	-	4	1	2	0	190	NA	NA	49	4
ENSMUST00000053266.11	ENSMUSG00000041859	-	17	0	16	0	198	NA	NA	NA	78
ENSMUST00000189400.7	ENSMUSG00000025931	+	3	2	0	0	1106	NA	NA	42	NA
ENSMUST00000037998.6	ENSMUSG00000041779	-	11	0	10	0	73	NA	NA	NA	120
ENSMUST00000027065.12	ENSMUSG00000025933	+	5	1	3	0	39	NA	NA	16	70
ENSMUST00000027343.6	ENSMUSG00000026158	-	7	0	6	0	699	NA	NA	NA	237
ENSMUST00000027339.14	ENSMUSG00000026155	-	10	0	9	0	134	NA	NA	NA	118
ENSMUST00000187369.7	ENSMUSG00000026153	-	22	3	18	0	205	NA	NA	39	77
ENSMUST00000095062.10	ENSMUSG00000073725	+	16	1	14	0	113	NA	NA	150	27
ENSMUST00000088287.10	ENSMUSG00000004768	+	8	2	5	0	139	NA	NA	65	155
ENSMUST00000044691.9	ENSMUSG00000042215	-	3	0	2	0	409	NA	NA	NA	113
ENSMUST00000044455.8	ENSMUSG00000042197	-	4	0	3	0	1493	NA	NA	NA	21
ENSMUST00000027303.14	ENSMUSG00000026127	+	9	0	8	0	112	NA	NA	NA	3
ENSMUST00000167518.8	ENSMUSG00000037503	-	8	1	5	1	112	18	18	11	70
ENSMUST00000027297.11	ENSMUSG00000026123	+	8	1	6	0	136	NA	NA	8	37
ENSMUST00000088174.4	ENSMUSG00000045216	+	2	0	1	0	708	NA	NA	NA	527
ENSMUST00000046875.14	ENSMUSG00000037470	-	41	0	40	0	25	NA	NA	NA	58
ENSMUST00000115032.8	ENSMUSG00000037447	+	7	0	6	0	1211	NA	NA	NA	4
ENSMUST00000125304.8	ENSMUSG00000001143	-	8	0	7	0	142	NA	NA	NA	184
ENSMUST00000153128.2	ENSMUSG00000037408	+	7	0	6	0	197	NA	NA	NA	1393
ENSMUST00000191677.6	ENSMUSG00000026121	-	15	1	13	0	829	NA	NA	40	109
ENSMUST00000043951.10	ENSMUSG00000037351	-	11	0	10	0	102	NA	NA	NA	48
ENSMUST00000027290.12	ENSMUSG00000026116	-	41	0	40	0	284	NA	NA	NA	181
ENSMUST00000027287.11	ENSMUSG00000026113	+	26	2	23	0	132	NA	NA	104	106
ENSMUST00000027286.7	ENSMUSG00000026112	-	3	0	2	0	41	NA	NA	NA	99
ENSMUST00000114925.10	ENSMUSG00000026111	+	6	1	4	0	136	NA	NA	4	280
ENSMUST00000042161.15	ENSMUSG00000026110	-	15	0	14	0	26	NA	NA	NA	94
ENSMUST00000139725.8	ENSMUSG00000026088	-	8	0	6	1	95	4	4	NA	151
ENSMUST00000027252.8	ENSMUSG00000026083	+	24	0	23	0	107	NA	NA	NA	35
ENSMUST00000027251.12	ENSMUSG00000026082	-	23	1	21	0	111	NA	NA	10	54
ENSMUST00000238906.2	ENSMUSG00000037138	-	23	0	22	0	121	NA	NA	NA	53
ENSMUST00000027249.13	ENSMUSG00000026080	-	7	2	4	0	537	NA	NA	32	100
ENSMUST00000086535.12	ENSMUSG00000073702	+	5	0	3	0	31	NA	NA	0	107
ENSMUST00000161515.8	ENSMUSG00000003135	+	8	1	6	0	197	NA	NA	285	499
ENSMUST00000027241.11	ENSMUSG00000026072	+	11	0	10	0	418	NA	NA	NA	3
ENSMUST00000039672.6	ENSMUSG00000041945	-	6	0	5	0	793	NA	NA	NA	135
ENSMUST00000095014.8	ENSMUSG00000070939	-	13	2	10	0	176	NA	NA	14	688
ENSMUST00000010434.8	ENSMUSG00000010290	+	4	0	3	0	56	NA	NA	NA	99
ENSMUST00000008280.14	ENSMUSG00000008136	-	6	1	4	0	151	NA	NA	23	156
ENSMUST00000086421.9	ENSMUSG00000066877	+	5	2	2	0	194	NA	NA	16	226
ENSMUST00000126008.8	ENSMUSG00000057363	-	15	0	14	0	131	NA	NA	NA	94
ENSMUST00000188313.7	ENSMUSG00000041763	+	29	0	28	0	89	NA	NA	NA	165
ENSMUST00000027215.12	ENSMUSG00000026049	-	8	3	4	0	173	NA	NA	139	15
ENSMUST00000065767.9	ENSMUSG00000026047	-	10	0	9	0	17	NA	NA	NA	182
ENSMUST00000074525.10	ENSMUSG00000056870	+	11	1	9	0	71	NA	NA	44	28
ENSMUST00000087883.13	ENSMUSG00000026043	+	51	0	50	0	146	NA	NA	NA	85
ENSMUST00000086430.5	ENSMUSG00000026042	-	54	0	53	0	146	NA	NA	NA	94
ENSMUST00000027137.11	ENSMUSG00000025993	-	8	0	7	0	313	NA	NA	NA	43
ENSMUST00000027131.6	ENSMUSG00000025986	-	10	1	8	0	158	NA	NA	11	1014
ENSMUST00000027279.12	ENSMUSG00000026107	-	6	0	5	0	166	NA	NA	NA	91
ENSMUST00000018561.14	ENSMUSG00000018417	-	31	1	29	0	123	NA	NA	9	135
ENSMUST00000070968.14	ENSMUSG00000026104	+	25	2	22	0	14	NA	NA	3	128
ENSMUST00000114513.9	ENSMUSG00000026103	-	18	0	17	0	156	NA	NA	NA	401
ENSMUST00000069792.14	ENSMUSG00000002881	-	8	1	6	0	88	NA	NA	19	816
ENSMUST00000165859.8	ENSMUSG00000043015	+	9	0	8	0	138	NA	NA	NA	94
ENSMUST00000156876.8	ENSMUSG00000041439	-	7	1	5	0	203	NA	NA	51	1541
ENSMUST00000027271.9	ENSMUSG00000026102	-	6	1	4	0	549	NA	NA	48	204
ENSMUST00000027266.4	ENSMUSG00000026097	+	4	1	2	0	135	NA	NA	7	174
ENSMUST00000027263.14	ENSMUSG00000026094	-	8	1	6	0	282	NA	NA	41	122
ENSMUST00000120904.8	ENSMUSG00000042807	-	29	1	27	0	111	NA	NA	35	292
ENSMUST00000041638.8	ENSMUSG00000041303	-	18	0	17	0	122	NA	NA	NA	102
ENSMUST00000097739.5	ENSMUSG00000073678	-	27	0	26	0	138	NA	NA	NA	147
ENSMUST00000179030.8	ENSMUSG00000052331	-	28	0	27	0	58	NA	NA	NA	27
ENSMUST00000027127.14	ENSMUSG00000025982	-	25	0	24	0	158	NA	NA	NA	28
ENSMUST00000027125.7	ENSMUSG00000025981	+	5	0	4	0	167	NA	NA	NA	116
ENSMUST00000027123.15	ENSMUSG00000025980	-	12	1	10	0	152	NA	NA	2	174
ENSMUST00000075242.7	ENSMUSG00000073676	+	4	0	3	0	50	NA	NA	NA	3
ENSMUST00000162364.8	ENSMUSG00000025979	+	8	0	7	0	131	NA	NA	NA	60
ENSMUST00000061334.10	ENSMUSG00000046994	+	1	0	0	0	NA	NA	NA	NA	NA
ENSMUST00000114415.10	ENSMUSG00000038331	-	11	1	9	0	461	NA	NA	59	169
ENSMUST00000162686.8	ENSMUSG00000048495	-	8	0	7	0	256	NA	NA	NA	78
ENSMUST00000027114.6	ENSMUSG00000025971	+	5	0	4	0	78	NA	NA	NA	450
ENSMUST00000170139.8	ENSMUSG00000038305	+	13	2	10	0	392	NA	NA	22	39
ENSMUST00000114410.10	ENSMUSG00000054770	-	7	1	5	0	492	NA	NA	34	193
ENSMUST00000050552.15	ENSMUSG00000051223	+	12	1	10	0	31	NA	NA	10	64
ENSMUST00000034868.14	ENSMUSG00000026034	-	13	0	11	0	143	NA	NA	0	161
ENSMUST00000117069.8	ENSMUSG00000026035	-	7	1	5	0	126	NA	NA	48	3
ENSMUST00000027198.12	ENSMUSG00000026037	-	18	2	15	0	86	NA	NA	10	94
ENSMUST00000097724.10	ENSMUSG00000038174	-	13	2	10	0	601	NA	NA	30	51
ENSMUST00000027186.12	ENSMUSG00000026028	-	16	1	14	0	678	NA	NA	198	91
ENSMUST00000027185.11	ENSMUSG00000026027	+	12	1	10	0	143	NA	NA	95	12
ENSMUST00000027178.13	ENSMUSG00000026024	-	34	1	32	0	38	NA	NA	58	20
ENSMUST00000114246.4	ENSMUSG00000041075	+	1	0	0	0	NA	NA	NA	NA	NA
ENSMUST00000091374.9	ENSMUSG00000026021	-	5	0	4	0	68	NA	NA	NA	12
ENSMUST00000191142.7	ENSMUSG00000026020	+	15	0	14	0	50	NA	NA	NA	45
ENSMUST00000036540.12	ENSMUSG00000041040	+	8	0	7	0	318	NA	NA	NA	589
ENSMUST00000060608.13	ENSMUSG00000049439	+	13	0	12	0	150	NA	NA	NA	72
ENSMUST00000075374.10	ENSMUSG00000052062	+	23	0	22	0	357	NA	NA	NA	120
ENSMUST00000114157.3	ENSMUSG00000025969	+	17	0	16	0	304	NA	NA	NA	73
ENSMUST00000087374.10	ENSMUSG00000025964	+	26	0	25	0	48	NA	NA	NA	202
ENSMUST00000027103.7	ENSMUSG00000025962	+	12	1	10	0	107	NA	NA	87	735
ENSMUST00000114086.8	ENSMUSG00000025959	-	4	0	3	0	51	NA	NA	NA	102
ENSMUST00000185594.7	ENSMUSG00000025958	+	8	1	6	0	144	NA	NA	8	114
ENSMUST00000114079.9	ENSMUSG00000025956	-	4	1	2	0	397	NA	NA	25	147
ENSMUST00000187170.7	ENSMUSG00000070871	+	11	1	9	0	116	NA	NA	178	10
ENSMUST00000063982.7	ENSMUSG00000045005	-	2	1	0	0	2010	NA	NA	253	NA
ENSMUST00000097713.2	ENSMUSG00000051344	-	8	1	6	0	177	NA	NA	230	613
ENSMUST00000097709.11	ENSMUSG00000025950	-	9	1	7	0	90	NA	NA	16	122
ENSMUST00000081154.14	ENSMUSG00000025949	+	42	1	40	0	115	NA	NA	9	172
ENSMUST00000114017.8	ENSMUSG00000015222	+	15	5	9	0	215	NA	NA	23	262
ENSMUST00000027157.10	ENSMUSG00000026005	+	6	0	5	0	122	NA	NA	NA	122
ENSMUST00000068168.10	ENSMUSG00000026004	-	14	1	12	0	230	NA	NA	29	1091
ENSMUST00000027149.12	ENSMUSG00000026000	-	10	1	8	0	76	NA	NA	16	81
ENSMUST00000190771.7	ENSMUSG00000025997	-	8	0	7	0	724	NA	NA	NA	3
ENSMUST00000027393.8	ENSMUSG00000026196	-	11	0	10	0	332	NA	NA	NA	140
ENSMUST00000027384.6	ENSMUSG00000026192	+	16	0	15	0	119	NA	NA	NA	19
ENSMUST00000055226.13	ENSMUSG00000026193	-	46	0	45	0	71	NA	NA	NA	151
ENSMUST00000027381.13	ENSMUSG00000026189	-	8	0	7	0	85	NA	NA	NA	124
ENSMUST00000027379.10	ENSMUSG00000026187	+	21	0	20	0	14	NA	NA	NA	21
ENSMUST00000047615.15	ENSMUSG00000039354	+	17	1	15	0	233	NA	NA	58	709
ENSMUST00000059980.11	ENSMUSG00000046330	+	4	0	3	0	63	NA	NA	NA	3
ENSMUST00000027377.9	ENSMUSG00000026185	-	4	0	3	0	131	NA	NA	NA	334
ENSMUST00000113820.9	ENSMUSG00000006304	+	11	1	9	0	24	NA	NA	8	74
ENSMUST00000178235.8	ENSMUSG00000006299	-	11	0	10	0	75	NA	NA	NA	121
ENSMUST00000087226.11	ENSMUSG00000026179	+	11	0	10	0	173	NA	NA	NA	67
ENSMUST00000016309.16	ENSMUSG00000006301	-	12	1	10	0	146	NA	NA	40	202
ENSMUST00000027367.14	ENSMUSG00000026176	+	7	0	6	0	128	NA	NA	NA	67
ENSMUST00000189257.7	ENSMUSG00000033364	-	26	3	22	0	87	NA	NA	68	156
ENSMUST00000087215.7	ENSMUSG00000026174	+	8	0	7	0	168	NA	NA	NA	24
ENSMUST00000027315.14	ENSMUSG00000026135	-	9	1	7	0	469	NA	NA	34	280
ENSMUST00000113733.10	ENSMUSG00000026172	+	8	1	6	0	249	NA	NA	73	320
ENSMUST00000113721.8	ENSMUSG00000026171	-	10	0	9	0	578	NA	NA	NA	41
ENSMUST00000042125.15	ENSMUSG00000033257	+	20	2	17	0	258	NA	NA	94	1472
ENSMUST00000168720.8	ENSMUSG00000033159	-	9	1	7	0	533	NA	NA	19	69
ENSMUST00000097694.11	ENSMUSG00000049339	+	9	0	8	0	625	NA	NA	NA	266
ENSMUST00000160439.8	ENSMUSG00000026197	+	10	1	8	0	44	NA	NA	21	55
ENSMUST00000027396.15	ENSMUSG00000026198	-	19	0	18	0	108	NA	NA	NA	549
ENSMUST00000189702.7	ENSMUSG00000033124	-	16	2	13	0	5	NA	NA	29	103
ENSMUST00000152233.9	ENSMUSG00000026199	+	13	0	12	0	123	NA	NA	NA	226
ENSMUST00000113623.8	ENSMUSG00000026200	-	17	1	15	0	263	NA	NA	63	60
ENSMUST00000027401.11	ENSMUSG00000026201	+	8	1	6	0	138	NA	NA	89	86
ENSMUST00000186213.7	ENSMUSG00000026202	-	4	0	3	0	971	NA	NA	NA	3
ENSMUST00000082158.13	ENSMUSG00000026203	+	9	0	8	0	10	NA	NA	NA	65
ENSMUST00000066668.14	ENSMUSG00000026209	-	15	0	13	0	50	NA	NA	0	94
ENSMUST00000037796.14	ENSMUSG00000033021	+	13	1	11	0	100	NA	NA	21	40
ENSMUST00000079205.14	ENSMUSG00000032997	-	4	0	3	0	1256	NA	NA	NA	314
ENSMUST00000027414.16	ENSMUSG00000026213	+	25	1	23	0	149	NA	NA	25	61
ENSMUST00000124341.8	ENSMUSG00000006576	+	23	1	21	0	77	NA	NA	99	51
ENSMUST00000027451.13	ENSMUSG00000026235	-	18	0	16	1	114	824	824	NA	91
ENSMUST00000035779.15	ENSMUSG00000032883	+	16	2	13	0	157	NA	NA	40	378
ENSMUST00000027467.11	ENSMUSG00000026249	-	9	1	7	0	37	NA	NA	22	259
ENSMUST00000163119.8	ENSMUSG00000004364	-	16	0	15	0	131	NA	NA	NA	66
ENSMUST00000069799.3	ENSMUSG00000055980	-	2	0	0	1	NA	22	22	NA	3717
ENSMUST00000027322.14	ENSMUSG00000026142	+	7	1	5	0	91	NA	NA	79	433
ENSMUST00000162003.8	ENSMUSG00000026150	+	11	2	8	0	131	NA	NA	134	38
ENSMUST00000186302.7	ENSMUSG00000026159	+	13	0	12	0	59	NA	NA	NA	167
ENSMUST00000027421.13	ENSMUSG00000026219	-	41	1	39	0	196	NA	NA	49	98
ENSMUST00000093508.7	ENSMUSG00000070034	-	12	1	10	0	53	NA	NA	1	147
ENSMUST00000113360.8	ENSMUSG00000036707	+	9	1	7	0	188	NA	NA	43	114
ENSMUST00000027425.16	ENSMUSG00000026223	+	6	0	5	0	91	NA	NA	NA	126
ENSMUST00000027432.9	ENSMUSG00000026229	+	25	0	23	1	146	8	8	NA	16
ENSMUST00000027438.8	ENSMUSG00000026234	-	14	0	13	0	76	NA	NA	NA	18
ENSMUST00000045897.15	ENSMUSG00000026238	+	5	0	4	0	47	NA	NA	NA	45
ENSMUST00000121534.8	ENSMUSG00000026240	+	8	2	5	0	158	NA	NA	16	162
ENSMUST00000065694.8	ENSMUSG00000053333	+	21	1	19	0	122	NA	NA	96	52
ENSMUST00000113235.8	ENSMUSG00000026254	+	8	0	6	1	45	34	34	NA	20
ENSMUST00000027472.7	ENSMUSG00000026255	+	4	0	3	0	134	NA	NA	NA	305
ENSMUST00000027475.15	ENSMUSG00000048000	+	29	2	26	0	67	NA	NA	42	41
ENSMUST00000027477.15	ENSMUSG00000026259	-	13	0	12	0	190	NA	NA	NA	107
ENSMUST00000027512.13	ENSMUSG00000026289	+	18	0	17	0	93	NA	NA	NA	115
ENSMUST00000065420.12	ENSMUSG00000044783	-	5	0	4	0	1477	NA	NA	NA	96
ENSMUST00000187810.2	ENSMUSG00000049866	-	3	0	0	2	NA	457	608	NA	1035
ENSMUST00000066279.11	ENSMUSG00000036206	+	6	2	3	0	224	NA	NA	127	118
ENSMUST00000190096.7	ENSMUSG00000055013	+	17	0	16	0	203	NA	NA	NA	163
ENSMUST00000036153.12	ENSMUSG00000034432	+	8	0	7	0	79	NA	NA	NA	78
ENSMUST00000059743.12	ENSMUSG00000034343	+	11	2	8	0	50	NA	NA	16	118
ENSMUST00000069620.10	ENSMUSG00000055866	-	23	1	21	0	149	NA	NA	18	221
ENSMUST00000047242.9	ENSMUSG00000034292	+	15	0	14	0	165	NA	NA	NA	123
ENSMUST00000086843.11	ENSMUSG00000026311	+	5	0	4	0	127	NA	NA	NA	52
ENSMUST00000097644.9	ENSMUSG00000026313	-	27	1	25	0	39	NA	NA	217	22
ENSMUST00000045970.8	ENSMUSG00000034220	+	9	0	8	0	232	NA	NA	NA	166
ENSMUST00000027487.15	ENSMUSG00000026269	+	11	0	10	0	293	NA	NA	NA	513
ENSMUST00000027488.11	ENSMUSG00000026270	+	12	0	11	0	29	NA	NA	NA	141
ENSMUST00000190723.7	ENSMUSG00000014602	-	49	1	47	0	42	NA	NA	59	106
ENSMUST00000027492.14	ENSMUSG00000026273	-	4	0	3	0	335	NA	NA	NA	21
ENSMUST00000027494.11	ENSMUSG00000026275	+	10	0	9	0	176	NA	NA	NA	52
ENSMUST00000170883.8	ENSMUSG00000034088	-	28	2	25	0	86	NA	NA	37	76
ENSMUST00000027498.14	ENSMUSG00000026277	-	12	1	10	0	39	NA	NA	56	30
ENSMUST00000027499.13	ENSMUSG00000026278	+	5	1	3	0	125	NA	NA	29	223
ENSMUST00000027502.16	ENSMUSG00000026280	+	13	0	12	0	73	NA	NA	NA	10
ENSMUST00000027505.13	ENSMUSG00000026283	+	8	0	7	0	42	NA	NA	NA	37
ENSMUST00000059975.8	ENSMUSG00000051185	+	3	0	2	0	3	NA	NA	NA	434
ENSMUST00000043336.11	ENSMUSG00000040710	-	5	0	4	0	282	NA	NA	NA	113
ENSMUST00000112844.10	ENSMUSG00000026333	+	8	1	6	0	274	NA	NA	7	139
ENSMUST00000161567.8	ENSMUSG00000026335	-	24	0	23	0	178	NA	NA	NA	101
ENSMUST00000058688.7	ENSMUSG00000047496	-	3	2	0	0	735	NA	NA	124	NA
ENSMUST00000070699.15	ENSMUSG00000056536	-	29	1	27	0	123	NA	NA	28	221
ENSMUST00000039173.13	ENSMUSG00000026319	+	29	0	28	0	120	NA	NA	NA	526
ENSMUST00000119166.8	ENSMUSG00000038866	+	13	0	12	0	1516	NA	NA	NA	918
ENSMUST00000061047.7	ENSMUSG00000044340	+	17	0	16	0	1211	NA	NA	NA	1444
ENSMUST00000112751.2	ENSMUSG00000057329	-	2	0	1	0	134	NA	NA	NA	576
ENSMUST00000010049.6	ENSMUSG00000009905	-	10	0	9	0	119	NA	NA	NA	108
ENSMUST00000112736.8	ENSMUSG00000009907	-	12	0	10	1	101	46	46	NA	27
ENSMUST00000000514.11	ENSMUSG00000026315	+	7	1	5	0	404	NA	NA	10	168
ENSMUST00000035462.7	ENSMUSG00000038702	-	2	1	0	0	4460	NA	NA	837	NA
ENSMUST00000027623.9	ENSMUSG00000026374	-	6	0	5	0	233	NA	NA	NA	66
ENSMUST00000027626.13	ENSMUSG00000026377	+	7	0	6	0	191	NA	NA	NA	105
ENSMUST00000190571.7	ENSMUSG00000064302	+	42	1	40	0	86	NA	NA	284	195
ENSMUST00000062483.15	ENSMUSG00000048402	-	14	1	12	0	2392	NA	NA	31	136
ENSMUST00000004565.15	ENSMUSG00000004451	-	5	1	3	0	119	NA	NA	49	114
ENSMUST00000183952.2	ENSMUSG00000098923	+	1	0	0	0	NA	NA	NA	NA	NA
ENSMUST00000191046.7	ENSMUSG00000026383	-	17	1	15	0	180	NA	NA	2	180
ENSMUST00000064091.12	ENSMUSG00000026384	-	27	1	25	0	86	NA	NA	17	138
ENSMUST00000056089.8	ENSMUSG00000050777	-	2	0	1	0	614	NA	NA	NA	21
ENSMUST00000027634.13	ENSMUSG00000026385	-	4	0	3	0	73	NA	NA	NA	9
ENSMUST00000112641.8	ENSMUSG00000026389	-	6	2	3	0	281	NA	NA	8	492
ENSMUST00000003818.14	ENSMUSG00000003721	-	6	1	4	0	41	NA	NA	132	244
ENSMUST00000036025.16	ENSMUSG00000026339	+	24	0	23	0	53	NA	NA	NA	42
ENSMUST00000027579.17	ENSMUSG00000026341	-	13	1	11	0	95	NA	NA	129	44
ENSMUST00000027580.11	ENSMUSG00000026342	+	16	0	14	1	75	22	22	NA	40
ENSMUST00000038361.11	ENSMUSG00000036155	+	18	2	15	0	198	NA	NA	142	241
ENSMUST00000112570.2	ENSMUSG00000026349	+	10	0	9	0	67	NA	NA	NA	158
ENSMUST00000086614.12	ENSMUSG00000036086	-	21	1	19	0	98	NA	NA	7	161
ENSMUST00000036288.11	ENSMUSG00000056211	+	27	2	24	0	361	NA	NA	40	171
ENSMUST00000027592.6	ENSMUSG00000026353	+	13	0	12	0	138	NA	NA	NA	82
ENSMUST00000027601.11	ENSMUSG00000026355	-	17	0	16	0	116	NA	NA	NA	107
ENSMUST00000027602.15	ENSMUSG00000026356	-	16	0	15	0	91	NA	NA	NA	66
ENSMUST00000052172.7	ENSMUSG00000045382	-	2	0	1	0	1058	NA	NA	NA	21
ENSMUST00000027650.13	ENSMUSG00000026399	-	10	0	9	0	67	NA	NA	NA	100
ENSMUST00000066863.13	ENSMUSG00000026409	-	16	1	13	1	200	869	869	20	91
ENSMUST00000049813.6	ENSMUSG00000046404	+	2	0	1	0	703	NA	NA	NA	328
ENSMUST00000016672.11	ENSMUSG00000016528	-	10	0	9	0	143	NA	NA	NA	237
ENSMUST00000016670.9	ENSMUSG00000016526	-	3	0	2	0	1571	NA	NA	NA	77
ENSMUST00000068805.14	ENSMUSG00000026427	+	15	0	14	0	67	NA	NA	NA	56
ENSMUST00000027688.15	ENSMUSG00000026430	-	6	0	5	0	152	NA	NA	NA	442
ENSMUST00000062108.10	ENSMUSG00000042349	-	22	2	19	0	33	NA	NA	24	87
ENSMUST00000097588.9	ENSMUSG00000026425	-	23	1	21	0	383	NA	NA	589	67
ENSMUST00000086559.7	ENSMUSG00000013275	+	11	1	9	0	185	NA	NA	611	369
ENSMUST00000112386.8	ENSMUSG00000026433	+	5	0	4	0	114	NA	NA	NA	124
ENSMUST00000062264.8	ENSMUSG00000026434	+	7	0	6	0	172	NA	NA	NA	17
ENSMUST00000177943.8	ENSMUSG00000026435	+	5	1	3	0	437	NA	NA	223	172
ENSMUST00000086556.12	ENSMUSG00000026436	+	5	1	3	0	98	NA	NA	9	207
ENSMUST00000027697.12	ENSMUSG00000026437	-	16	1	14	0	34	NA	NA	25	124
ENSMUST00000072177.14	ENSMUSG00000009772	+	8	0	7	0	1060	NA	NA	NA	243
ENSMUST00000045110.14	ENSMUSG00000042046	+	13	0	12	0	187	NA	NA	NA	265
ENSMUST00000190997.7	ENSMUSG00000026439	+	14	0	13	0	28	NA	NA	NA	19
ENSMUST00000067398.13	ENSMUSG00000054387	-	11	1	9	0	569	NA	NA	30	78
ENSMUST00000077730.7	ENSMUSG00000026447	+	33	1	31	0	185	NA	NA	88	930
ENSMUST00000052529.4	ENSMUSG00000046062	+	2	0	1	0	224	NA	NA	NA	1869
ENSMUST00000187285.7	ENSMUSG00000041757	+	23	2	19	1	115	9	9	13	102
ENSMUST00000135222.9	ENSMUSG00000070644	+	8	0	7	0	72	NA	NA	NA	255
ENSMUST00000153799.8	ENSMUSG00000070643	-	14	1	12	0	273	NA	NA	1	198
ENSMUST00000143567.8	ENSMUSG00000026463	-	21	1	19	0	305	NA	NA	468	193
ENSMUST00000020692.7	ENSMUSG00000020423	-	2	0	1	0	334	NA	NA	NA	142
ENSMUST00000049470.11	ENSMUSG00000042305	-	8	0	7	0	185	NA	NA	NA	109
ENSMUST00000027726.14	ENSMUSG00000026456	+	9	0	8	0	172	NA	NA	NA	15
ENSMUST00000027727.15	ENSMUSG00000026457	+	8	1	6	0	128	NA	NA	94	141
ENSMUST00000027725.11	ENSMUSG00000026455	+	12	1	10	0	126	NA	NA	6	195
ENSMUST00000047978.9	ENSMUSG00000042229	+	2	0	1	0	245	NA	NA	NA	126
ENSMUST00000047714.14	ENSMUSG00000042207	+	27	0	26	0	137	NA	NA	NA	204
ENSMUST00000027687.8	ENSMUSG00000026429	+	7	1	5	0	146	NA	NA	63	109
ENSMUST00000027684.11	ENSMUSG00000026426	+	7	0	6	0	49	NA	NA	NA	123
ENSMUST00000081104.10	ENSMUSG00000062580	-	6	0	5	0	85	NA	NA	NA	26
ENSMUST00000041240.4	ENSMUSG00000041889	-	5	0	4	0	46	NA	NA	NA	73
ENSMUST00000041023.14	ENSMUSG00000041879	-	24	0	23	0	110	NA	NA	NA	163
ENSMUST00000097561.9	ENSMUSG00000026421	+	6	1	4	0	76	NA	NA	1	112
ENSMUST00000038945.6	ENSMUSG00000041801	+	2	0	0	1	NA	69	69	NA	446
ENSMUST00000165125.8	ENSMUSG00000026411	+	6	1	4	0	152	NA	NA	36	66
ENSMUST00000075164.11	ENSMUSG00000041642	+	35	0	34	0	54	NA	NA	NA	41
ENSMUST00000048309.12	ENSMUSG00000041570	-	19	0	18	0	305	NA	NA	NA	139
ENSMUST00000189413.7	ENSMUSG00000041498	+	29	0	28	0	370	NA	NA	NA	1217
ENSMUST00000047734.15	ENSMUSG00000041483	+	2	1	0	0	2695	NA	NA	14	NA
ENSMUST00000186017.7	ENSMUSG00000026393	-	10	1	8	0	110	NA	NA	26	57
ENSMUST00000168527.8	ENSMUSG00000056268	+	22	0	21	0	542	NA	NA	NA	17
ENSMUST00000039867.10	ENSMUSG00000033964	+	11	1	9	0	655	NA	NA	117	1117
ENSMUST00000018337.9	ENSMUSG00000026361	-	17	0	16	0	36	NA	NA	NA	131
ENSMUST00000145969.8	ENSMUSG00000018196	+	4	1	2	0	131	NA	NA	1	63
ENSMUST00000159879.2	ENSMUSG00000018199	-	9	1	7	0	152	NA	NA	21	580
ENSMUST00000189936.7	ENSMUSG00000018189	+	11	0	10	0	44	NA	NA	NA	76
ENSMUST00000127206.8	ENSMUSG00000026360	-	5	0	4	0	194	NA	NA	NA	110
ENSMUST00000070200.15	ENSMUSG00000056220	-	18	1	16	0	131	NA	NA	66	33
ENSMUST00000035065.9	ENSMUSG00000032487	+	10	0	9	0	409	NA	NA	NA	52
ENSMUST00000111913.9	ENSMUSG00000006010	-	14	1	12	0	67	NA	NA	22	99
ENSMUST00000124973.9	ENSMUSG00000006005	+	52	0	51	0	55	NA	NA	NA	70
ENSMUST00000023918.13	ENSMUSG00000023150	+	15	2	12	0	253	NA	NA	18	111
ENSMUST00000064771.12	ENSMUSG00000052748	-	20	1	18	0	129	NA	NA	45	54
ENSMUST00000187048.7	ENSMUSG00000026484	-	8	2	5	0	101	NA	NA	2	87
ENSMUST00000148810.8	ENSMUSG00000026483	+	14	0	13	0	1117	NA	NA	NA	55
ENSMUST00000059498.12	ENSMUSG00000043019	+	20	0	19	0	403	NA	NA	NA	161
ENSMUST00000015124.15	ENSMUSG00000014980	-	5	0	4	0	20	NA	NA	NA	126
ENSMUST00000027760.14	ENSMUSG00000026482	-	18	0	17	0	187	NA	NA	NA	27
ENSMUST00000077755.11	ENSMUSG00000008475	+	4	0	3	0	62	NA	NA	NA	143
ENSMUST00000186568.7	ENSMUSG00000026480	+	16	1	14	0	112	NA	NA	775	174
ENSMUST00000073441.13	ENSMUSG00000042772	-	22	0	21	0	113	NA	NA	NA	29
ENSMUST00000043313.15	ENSMUSG00000042751	+	11	0	10	0	102	NA	NA	NA	85
ENSMUST00000185356.7	ENSMUSG00000026479	-	23	0	22	0	253	NA	NA	NA	79
ENSMUST00000027752.15	ENSMUSG00000026478	-	28	0	27	0	256	NA	NA	NA	412
ENSMUST00000041874.9	ENSMUSG00000042684	-	12	1	10	0	184	NA	NA	16	68
ENSMUST00000027748.8	ENSMUSG00000026475	+	5	0	4	0	221	NA	NA	NA	44
ENSMUST00000086209.10	ENSMUSG00000066800	+	9	3	5	0	171	NA	NA	133	1474
ENSMUST00000381746.1	ENSMUSG00000026473	+	8	2	5	0	318	NA	NA	13	166
ENSMUST00000055322.6	ENSMUSG00000056708	-	1	0	0	0	NA	NA	NA	NA	NA
ENSMUST00000027744.10	ENSMUSG00000026471	-	6	0	5	0	58	NA	NA	NA	55
ENSMUST00000027743.13	ENSMUSG00000026470	+	8	0	7	0	76	NA	NA	NA	35
ENSMUST00000027741.12	ENSMUSG00000026469	-	15	0	14	0	60	NA	NA	NA	69
ENSMUST00000111764.8	ENSMUSG00000033684	-	13	0	12	0	8	NA	NA	NA	274
ENSMUST00000097527.10	ENSMUSG00000026466	-	10	0	9	0	784	NA	NA	NA	478
ENSMUST00000111757.10	ENSMUSG00000050565	+	7	3	3	0	757	NA	NA	110	67
ENSMUST00000189661.7	ENSMUSG00000026600	-	16	1	14	0	56	NA	NA	30	88
ENSMUST00000079625.11	ENSMUSG00000060519	-	6	0	5	0	250	NA	NA	NA	220
ENSMUST00000122424.8	ENSMUSG00000033557	-	9	2	6	0	231	NA	NA	123	377
ENSMUST00000185198.7	ENSMUSG00000026594	-	18	1	16	0	161	NA	NA	83	57
ENSMUST00000078308.13	ENSMUSG00000070565	-	18	0	17	0	164	NA	NA	NA	202
ENSMUST00000014370.11	ENSMUSG00000014226	-	6	0	5	0	156	NA	NA	NA	21
ENSMUST00000028049.13	ENSMUSG00000026721	-	21	1	19	0	14	NA	NA	42	138
ENSMUST00000161609.8	ENSMUSG00000040423	+	20	1	18	0	150	NA	NA	150	231
ENSMUST00000035430.4	ENSMUSG00000026709	-	17	0	16	0	214	NA	NA	NA	124
ENSMUST00000111618.8	ENSMUSG00000026708	+	6	2	3	0	71	NA	NA	3	171
ENSMUST00000111611.8	ENSMUSG00000026705	-	12	1	10	0	84	NA	NA	56	8
ENSMUST00000071718.12	ENSMUSG00000026701	-	5	0	4	0	128	NA	NA	NA	95
ENSMUST00000048377.11	ENSMUSG00000040297	-	24	0	23	0	443	NA	NA	NA	62
ENSMUST00000111594.3	ENSMUSG00000026698	+	2	1	0	0	1104	NA	NA	211	NA
ENSMUST00000086074.12	ENSMUSG00000040265	-	21	0	20	0	69	NA	NA	NA	161
ENSMUST00000135241.8	ENSMUSG00000026696	+	8	1	6	0	28	NA	NA	53	66
ENSMUST00000182660.8	ENSMUSG00000040225	-	35	1	33	0	254	NA	NA	54	112
ENSMUST00000027878.14	ENSMUSG00000026586	-	4	0	3	0	138	NA	NA	NA	241
ENSMUST00000045138.6	ENSMUSG00000040124	-	5	0	4	0	444	NA	NA	NA	61
ENSMUST00000027877.7	ENSMUSG00000026585	+	20	0	19	0	108	NA	NA	NA	32
ENSMUST00000027876.11	ENSMUSG00000026584	+	14	1	12	0	56	NA	NA	50	165
ENSMUST00000045876.8	ENSMUSG00000041406	-	24	0	23	0	194	NA	NA	NA	111
ENSMUST00000044021.12	ENSMUSG00000040918	+	6	0	5	0	128	NA	NA	NA	204
ENSMUST00000120447.8	ENSMUSG00000026577	-	7	1	5	0	185	NA	NA	38	40
ENSMUST00000027863.13	ENSMUSG00000026576	-	6	0	5	0	263	NA	NA	NA	97
ENSMUST00000043338.10	ENSMUSG00000040848	-	8	0	7	0	39	NA	NA	NA	63
ENSMUST00000043235.8	ENSMUSG00000040843	-	7	0	6	0	140	NA	NA	NA	104
ENSMUST00000111450.3	ENSMUSG00000040836	+	6	1	4	0	265	NA	NA	44	371
ENSMUST00000027856.13	ENSMUSG00000026571	-	19	0	18	0	64	NA	NA	NA	97
ENSMUST00000111435.9	ENSMUSG00000026566	-	6	0	5	0	101	NA	NA	NA	91
ENSMUST00000097474.9	ENSMUSG00000040723	-	6	0	5	0	32	NA	NA	NA	6
ENSMUST00000111432.10	ENSMUSG00000040713	+	4	0	3	0	3	NA	NA	NA	354
ENSMUST00000027846.8	ENSMUSG00000026563	+	8	0	7	0	152	NA	NA	NA	74
ENSMUST00000135673.9	ENSMUSG00000040596	-	6	1	3	1	1465	11	11	2	132
ENSMUST00000053686.9	ENSMUSG00000026558	-	7	0	6	0	139	NA	NA	NA	99
ENSMUST00000028004.11	ENSMUSG00000026687	+	11	0	10	0	94	NA	NA	NA	181
ENSMUST00000028005.3	ENSMUSG00000026688	-	6	1	4	0	139	NA	NA	7	117
ENSMUST00000176540.8	ENSMUSG00000052534	-	9	0	8	0	92	NA	NA	NA	191
ENSMUST00000027997.9	ENSMUSG00000026678	+	5	0	4	0	161	NA	NA	NA	44
ENSMUST00000027989.13	ENSMUSG00000026675	-	9	0	8	0	101	NA	NA	NA	35
ENSMUST00000194690.6	ENSMUSG00000026674	-	18	2	15	0	134	NA	NA	27	82
ENSMUST00000111351.10	ENSMUSG00000026670	-	11	1	9	0	92	NA	NA	43	280
ENSMUST00000027979.14	ENSMUSG00000026667	-	8	0	7	0	146	NA	NA	NA	268
ENSMUST00000160456.8	ENSMUSG00000038473	-	10	0	9	0	418	NA	NA	NA	105
ENSMUST00000046792.9	ENSMUSG00000038463	+	8	0	7	0	601	NA	NA	NA	174
ENSMUST00000027974.7	ENSMUSG00000026663	-	16	0	15	0	208	NA	NA	NA	52
ENSMUST00000111336.10	ENSMUSG00000058076	-	6	0	5	0	104	NA	NA	NA	20
ENSMUST00000005817.9	ENSMUSG00000005674	-	10	1	8	0	139	NA	NA	135	115
ENSMUST00000064272.10	ENSMUSG00000052423	+	8	2	5	0	273	NA	NA	36	259
ENSMUST00000080001.9	ENSMUSG00000062963	-	7	1	5	0	80	NA	NA	71	123
ENSMUST00000111300.8	ENSMUSG00000013973	+	6	2	3	0	376	NA	NA	64	325
ENSMUST00000111295.8	ENSMUSG00000013997	-	7	0	6	0	266	NA	NA	NA	2
ENSMUST00000027837.13	ENSMUSG00000026556	-	8	1	6	0	260	NA	NA	192	71
ENSMUST00000135192.8	ENSMUSG00000026553	+	33	0	32	0	59	NA	NA	NA	40
ENSMUST00000075895.9	ENSMUSG00000003464	+	8	0	7	0	83	NA	NA	NA	70
ENSMUST00000191689.6	ENSMUSG00000026554	+	14	2	11	0	116	NA	NA	19	52
ENSMUST00000013842.12	ENSMUSG00000013698	-	4	1	2	0	64	NA	NA	2	172
ENSMUST00000085912.10	ENSMUSG00000038034	+	8	1	5	1	115	16	16	45	58
ENSMUST00000052455.4	ENSMUSG00000050229	+	1	0	0	0	NA	NA	NA	NA	NA
ENSMUST00000111230.8	ENSMUSG00000026547	+	5	1	3	0	141	NA	NA	28	180
ENSMUST00000027826.7	ENSMUSG00000026544	-	2	0	1	0	185	NA	NA	NA	267
ENSMUST00000111214.4	ENSMUSG00000073489	-	9	1	7	0	20	NA	NA	20	265
ENSMUST00000104984.4	ENSMUSG00000078185	-	2	1	0	0	2192	NA	NA	327	NA
ENSMUST00000039725.12	ENSMUSG00000039748	+	15	2	12	0	135	NA	NA	13	161
ENSMUST00000194727.6	ENSMUSG00000057335	-	19	0	18	0	301	NA	NA	NA	105
ENSMUST00000027785.15	ENSMUSG00000026504	+	18	0	17	0	29	NA	NA	NA	67
ENSMUST00000111160.9	ENSMUSG00000019699	-	13	0	12	0	85	NA	NA	NA	46
ENSMUST00000094276.5	ENSMUSG00000063659	+	2	0	1	0	1582	NA	NA	NA	13
ENSMUST00000016105.9	ENSMUSG00000015961	-	13	0	12	0	52	NA	NA	NA	183
ENSMUST00000027783.14	ENSMUSG00000026502	+	5	0	4	0	233	NA	NA	NA	42
ENSMUST00000027781.7	ENSMUSG00000026500	+	4	0	3	0	135	NA	NA	NA	39
ENSMUST00000037748.9	ENSMUSG00000039630	-	14	0	13	0	53	NA	NA	NA	619
ENSMUST00000128302.8	ENSMUSG00000055067	-	12	0	11	0	101	NA	NA	NA	164
ENSMUST00000040706.9	ENSMUSG00000038949	+	11	1	9	0	205	NA	NA	52	379
ENSMUST00000027768.14	ENSMUSG00000026491	-	36	1	34	0	195	NA	NA	7	121
ENSMUST00000212756.2	ENSMUSG00000026490	+	38	0	37	0	131	NA	NA	NA	178
ENSMUST00000170472.8	ENSMUSG00000026489	-	15	1	13	0	287	NA	NA	9	177
ENSMUST00000111106.8	ENSMUSG00000010609	-	11	1	9	0	155	NA	NA	3	141
ENSMUST00000070181.7	ENSMUSG00000038855	+	8	1	6	0	215	NA	NA	199	1920
ENSMUST00000027777.12	ENSMUSG00000026496	+	23	0	22	0	81	NA	NA	NA	120
ENSMUST00000192561.6	ENSMUSG00000058729	+	15	0	14	0	105	NA	NA	NA	31
ENSMUST00000027780.6	ENSMUSG00000026499	+	8	0	7	0	211	NA	NA	NA	277
ENSMUST00000036928.12	ENSMUSG00000038776	-	9	1	7	0	201	NA	NA	5	183
ENSMUST00000027797.9	ENSMUSG00000026516	-	23	0	22	0	44	NA	NA	NA	57
ENSMUST00000134115.8	ENSMUSG00000062169	+	5	0	4	0	27	NA	NA	NA	69
ENSMUST00000162819.9	ENSMUSG00000038733	-	14	0	13	0	25	NA	NA	NA	362
ENSMUST00000005003.12	ENSMUSG00000004880	-	14	1	12	0	160	NA	NA	14	165
ENSMUST00000078719.13	ENSMUSG00000022995	-	15	0	14	0	37	NA	NA	NA	5
ENSMUST00000035295.6	ENSMUSG00000038633	-	3	0	2	0	146	NA	NA	NA	82
ENSMUST00000117245.2	ENSMUSG00000026510	+	18	0	17	0	41	NA	NA	NA	27
ENSMUST00000068505.10	ENSMUSG00000026509	-	21	0	20	0	23	NA	NA	NA	237
ENSMUST00000109166.8	ENSMUSG00000042901	+	10	0	9	0	96	NA	NA	NA	110
ENSMUST00000048655.8	ENSMUSG00000039384	+	4	1	2	0	265	NA	NA	38	814
ENSMUST00000048572.7	ENSMUSG00000039377	-	4	0	3	0	482	NA	NA	NA	583
ENSMUST00000048308.6	ENSMUSG00000039349	-	2	0	1	0	119	NA	NA	NA	306
ENSMUST00000027929.10	ENSMUSG00000026620	-	18	0	17	0	354	NA	NA	NA	51
ENSMUST00000069652.8	ENSMUSG00000039318	+	35	0	34	0	149	NA	NA	NA	112
ENSMUST00000027921.11	ENSMUSG00000026618	-	23	0	22	0	142	NA	NA	NA	267
ENSMUST00000027916.13	ENSMUSG00000026617	+	9	1	7	0	148	NA	NA	7	120
ENSMUST00000045288.14	ENSMUSG00000039239	-	7	0	6	0	158	NA	NA	NA	346
ENSMUST00000001339.6	ENSMUSG00000001305	-	5	0	4	0	143	NA	NA	NA	145
ENSMUST00000065573.14	ENSMUSG00000039210	+	10	0	9	0	220	NA	NA	NA	53
ENSMUST00000085678.8	ENSMUSG00000026608	-	18	0	17	0	558	NA	NA	NA	83
ENSMUST00000171929.8	ENSMUSG00000026605	-	18	1	16	0	203	NA	NA	32	162
ENSMUST00000175916.8	ENSMUSG00000010175	-	5	1	3	0	185	NA	NA	67	1725
ENSMUST00000061611.15	ENSMUSG00000089872	-	15	0	14	0	110	NA	NA	NA	105
ENSMUST00000066632.14	ENSMUSG00000026634	+	9	0	8	0	151	NA	NA	NA	59
ENSMUST00000085635.6	ENSMUSG00000066595	-	10	0	9	0	71	NA	NA	NA	717
ENSMUST00000110893.10	ENSMUSG00000026632	-	10	0	9	0	212	NA	NA	NA	57
ENSMUST00000027941.14	ENSMUSG00000026628	-	4	1	2	0	197	NA	NA	4	240
ENSMUST00000027940.6	ENSMUSG00000026627	+	8	0	7	0	161	NA	NA	NA	36
ENSMUST00000067976.9	ENSMUSG00000026626	-	13	0	12	0	132	NA	NA	NA	181
ENSMUST00000027933.11	ENSMUSG00000037474	-	15	0	14	0	98	NA	NA	NA	52
ENSMUST00000045450.7	ENSMUSG00000037461	+	20	0	19	0	299	NA	NA	NA	94
ENSMUST00000110855.8	ENSMUSG00000026623	+	8	1	6	0	151	NA	NA	27	238
ENSMUST00000027931.8	ENSMUSG00000026622	+	8	0	7	0	220	NA	NA	NA	96
ENSMUST00000044954.7	ENSMUSG00000037434	+	2	0	1	0	904	NA	NA	NA	607
ENSMUST00000192866.6	ENSMUSG00000037395	-	12	0	11	0	344	NA	NA	NA	160
ENSMUST00000155579.8	ENSMUSG00000016262	-	4	1	2	0	842	NA	NA	17	175
ENSMUST00000085555.7	ENSMUSG00000016181	-	12	0	11	0	243	NA	NA	NA	107
ENSMUST00000160822.3	ENSMUSG00000079144	+	3	2	0	0	888	NA	NA	97	NA
ENSMUST00000009777.4	ENSMUSG00000009633	-	2	1	0	0	339	NA	NA	28	NA
ENSMUST00000027952.12	ENSMUSG00000026640	+	32	1	30	0	95	NA	NA	74	1188
ENSMUST00000115099.9	ENSMUSG00000050530	+	8	0	7	0	1692	NA	NA	NA	97
ENSMUST00000102989.10	ENSMUSG00000026643	+	12	0	11	0	20	NA	NA	NA	110
ENSMUST00000062672.7	ENSMUSG00000049950	-	2	1	0	0	852	NA	NA	10	NA
ENSMUST00000027956.9	ENSMUSG00000026646	-	6	0	5	0	106	NA	NA	NA	244
ENSMUST00000115055.9	ENSMUSG00000026655	+	4	1	2	0	116	NA	NA	56	128
ENSMUST00000091497.11	ENSMUSG00000026657	+	23	0	22	0	102	NA	NA	NA	33
ENSMUST00000035721.14	ENSMUSG00000039449	-	10	0	9	0	80	NA	NA	NA	66
ENSMUST00000027973.14	ENSMUSG00000026662	+	9	1	7	0	214	NA	NA	81	193
ENSMUST00000027975.8	ENSMUSG00000026664	+	9	0	8	0	53	NA	NA	NA	75
ENSMUST00000027988.8	ENSMUSG00000026676	+	3	0	2	0	272	NA	NA	NA	374
ENSMUST00000044009.14	ENSMUSG00000039145	-	11	0	10	0	118	NA	NA	NA	92
ENSMUST00000026927.10	ENSMUSG00000025817	+	10	1	8	0	109	NA	NA	43	60
ENSMUST00000102981.10	ENSMUSG00000025816	-	12	0	11	0	186	NA	NA	NA	7
ENSMUST00000060092.13	ENSMUSG00000043241	+	22	1	20	0	9	NA	NA	18	362
ENSMUST00000114937.8	ENSMUSG00000039046	+	15	1	13	0	1381	NA	NA	88	4
ENSMUST00000114924.10	ENSMUSG00000002107	-	14	0	12	1	127	45	45	NA	107
ENSMUST00000102976.4	ENSMUSG00000015619	-	6	1	4	0	284	NA	NA	395	238
ENSMUST00000026888.11	ENSMUSG00000025782	-	7	0	6	0	117	NA	NA	NA	166
ENSMUST00000114897.9	ENSMUSG00000025781	-	10	0	8	1	6	31	31	NA	56
ENSMUST00000116594.9	ENSMUSG00000061186	+	23	3	19	0	140	NA	NA	45	97
ENSMUST00000191668.6	ENSMUSG00000026773	-	18	0	16	1	42	11	11	NA	76
ENSMUST00000114831.9	ENSMUSG00000023206	+	7	0	6	0	99	NA	NA	NA	97
ENSMUST00000071564.14	ENSMUSG00000058594	-	21	0	20	0	170	NA	NA	NA	1
ENSMUST00000028105.13	ENSMUSG00000026767	-	15	0	14	0	149	NA	NA	NA	94
ENSMUST00000134794.8	ENSMUSG00000026730	+	5	1	3	0	210	NA	NA	26	432
ENSMUST00000028059.9	ENSMUSG00000026727	-	9	1	7	0	102	NA	NA	3	109
ENSMUST00000028062.8	ENSMUSG00000026728	+	9	0	8	0	41	NA	NA	NA	563
ENSMUST00000028050.14	ENSMUSG00000026718	+	13	0	12	0	179	NA	NA	NA	40
ENSMUST00000028034.15	ENSMUSG00000026707	-	11	0	10	0	233	NA	NA	NA	75
ENSMUST00000239125.2	ENSMUSG00000017418	+	6	0	5	0	48	NA	NA	NA	49
ENSMUST00000028081.13	ENSMUSG00000026748	+	14	0	13	0	116	NA	NA	NA	112
ENSMUST00000028080.12	ENSMUSG00000053702	-	7	0	6	0	176	NA	NA	NA	69
ENSMUST00000028076.15	ENSMUSG00000026743	+	23	0	21	0	44	NA	NA	0	160
ENSMUST00000091418.12	ENSMUSG00000026740	-	13	0	11	1	68	13	13	NA	210
ENSMUST00000006912.12	ENSMUSG00000026737	-	10	0	9	0	77	NA	NA	NA	144
ENSMUST00000045555.11	ENSMUSG00000036617	+	19	1	17	0	500	NA	NA	345	70
ENSMUST00000173194.8	ENSMUSG00000036591	-	24	0	23	0	1673	NA	NA	NA	81
ENSMUST00000054591.10	ENSMUSG00000048550	+	3	2	0	0	2290	NA	NA	47	NA
ENSMUST00000123948.8	ENSMUSG00000058835	-	11	0	10	0	175	NA	NA	NA	117
ENSMUST00000114526.9	ENSMUSG00000026781	+	13	0	12	0	12	NA	NA	NA	15
ENSMUST00000028119.7	ENSMUSG00000026779	-	12	0	11	0	157	NA	NA	NA	183
ENSMUST00000028117.4	ENSMUSG00000026775	+	19	0	18	0	143	NA	NA	NA	33
ENSMUST00000132484.7	ENSMUSG00000026771	-	11	1	9	0	144	NA	NA	58	78
ENSMUST00000147147.8	ENSMUSG00000036893	-	27	0	26	0	180	NA	NA	NA	21
ENSMUST00000028350.9	ENSMUSG00000026974	+	6	0	5	0	143	NA	NA	NA	51
ENSMUST00000100334.11	ENSMUSG00000006476	+	16	0	15	0	97	NA	NA	NA	71
ENSMUST00000104999.4	ENSMUSG00000078202	+	1	0	0	0	NA	NA	NA	NA	NA
ENSMUST00000114349.9	ENSMUSG00000006471	-	14	0	13	0	144	NA	NA	NA	135
ENSMUST00000114336.4	ENSMUSG00000048707	+	4	0	3	0	62	NA	NA	NA	1866
ENSMUST00000028342.7	ENSMUSG00000026966	-	3	0	2	0	107	NA	NA	NA	52
ENSMUST00000102919.4	ENSMUSG00000026944	+	48	0	47	0	35	NA	NA	NA	66
ENSMUST00000015239.10	ENSMUSG00000015095	+	9	1	7	0	255	NA	NA	23	193
ENSMUST00000015236.4	ENSMUSG00000015092	+	5	0	4	0	61	NA	NA	NA	78
ENSMUST00000058137.9	ENSMUSG00000015087	-	15	0	14	0	197	NA	NA	NA	130
ENSMUST00000114167.9	ENSMUSG00000026933	-	17	0	16	0	302	NA	NA	NA	157
ENSMUST00000036509.14	ENSMUSG00000036352	-	10	0	9	0	115	NA	NA	NA	138
ENSMUST00000114159.9	ENSMUSG00000026932	-	6	1	4	0	511	NA	NA	60	880
ENSMUST00000066936.9	ENSMUSG00000026930	+	14	0	13	0	206	NA	NA	NA	68
ENSMUST00000028295.9	ENSMUSG00000075467	-	3	0	2	0	153	NA	NA	NA	240
ENSMUST00000077983.13	ENSMUSG00000026927	-	8	0	7	0	96	NA	NA	NA	70
ENSMUST00000114082.9	ENSMUSG00000026924	-	31	1	29	0	68	NA	NA	69	3615
ENSMUST00000028288.5	ENSMUSG00000026923	-	34	0	33	0	1445	NA	NA	NA	61
ENSMUST00000015920.12	ENSMUSG00000015776	-	4	0	3	0	189	NA	NA	NA	123
ENSMUST00000015017.8	ENSMUSG00000014873	+	6	0	5	0	86	NA	NA	NA	78
ENSMUST00000015011.10	ENSMUSG00000014867	-	6	0	5	0	266	NA	NA	NA	48
ENSMUST00000114006.8	ENSMUSG00000015488	+	6	0	4	1	90	2	2	NA	118
ENSMUST00000045702.6	ENSMUSG00000036067	-	10	0	9	0	155	NA	NA	NA	89
ENSMUST00000028282.15	ENSMUSG00000026918	-	12	1	10	0	115	NA	NA	95	210
ENSMUST00000113952.10	ENSMUSG00000026917	+	14	1	12	0	100	NA	NA	83	81
ENSMUST00000077257.12	ENSMUSG00000015846	+	10	0	9	0	147	NA	NA	NA	28
ENSMUST00000028280.14	ENSMUSG00000026837	+	66	0	65	0	146	NA	NA	NA	109
ENSMUST00000028177.11	ENSMUSG00000026833	+	6	0	5	0	674	NA	NA	NA	150
ENSMUST00000113869.8	ENSMUSG00000026812	+	23	2	20	0	519	NA	NA	80	106
ENSMUST00000037117.6	ENSMUSG00000035666	-	5	0	4	0	64	NA	NA	NA	345
ENSMUST00000113853.3	ENSMUSG00000026806	+	20	0	19	0	168	NA	NA	NA	9
ENSMUST00000061578.9	ENSMUSG00000043535	+	26	2	23	0	725	NA	NA	13	177
ENSMUST00000028139.11	ENSMUSG00000026799	+	8	0	7	0	134	NA	NA	NA	203
ENSMUST00000095087.11	ENSMUSG00000039844	+	26	0	25	0	150	NA	NA	NA	61
ENSMUST00000028137.10	ENSMUSG00000026798	+	7	0	6	0	171	NA	NA	NA	73
ENSMUST00000080065.3	ENSMUSG00000059316	+	13	1	11	0	157	NA	NA	6	161
ENSMUST00000047521.7	ENSMUSG00000039787	+	12	0	11	0	252	NA	NA	NA	188
ENSMUST00000019859.9	ENSMUSG00000019715	+	16	0	15	0	68	NA	NA	NA	99
ENSMUST00000100225.9	ENSMUSG00000057738	+	57	1	55	0	125	NA	NA	3	237
ENSMUST00000067996.7	ENSMUSG00000054766	+	8	0	7	0	23	NA	NA	NA	73
ENSMUST00000113677.3	ENSMUSG00000039686	-	16	1	14	0	57	NA	NA	78	158
ENSMUST00000044556.12	ENSMUSG00000039678	+	12	0	11	0	65	NA	NA	NA	23
ENSMUST00000100219.5	ENSMUSG00000075419	-	1	0	0	0	NA	NA	NA	NA	NA
ENSMUST00000064447.12	ENSMUSG00000052533	+	44	0	43	0	176	NA	NA	NA	32
ENSMUST00000077977.14	ENSMUSG00000026858	+	16	1	14	0	206	NA	NA	140	96
ENSMUST00000028209.15	ENSMUSG00000026856	+	8	0	7	0	36	NA	NA	NA	76
ENSMUST00000102855.8	ENSMUSG00000026853	-	15	1	13	0	215	NA	NA	104	27
ENSMUST00000042055.10	ENSMUSG00000039515	+	10	0	9	0	77	NA	NA	NA	31
ENSMUST00000065134.4	ENSMUSG00000089762	-	1	0	0	0	NA	NA	NA	NA	NA
ENSMUST00000102852.6	ENSMUSG00000050737	-	3	0	2	0	249	NA	NA	NA	129
ENSMUST00000028199.12	ENSMUSG00000026848	+	5	0	4	0	241	NA	NA	NA	199
ENSMUST00000028200.9	ENSMUSG00000026849	-	5	0	4	0	250	NA	NA	NA	181
ENSMUST00000028205.10	ENSMUSG00000026851	-	9	0	8	0	91	NA	NA	NA	83
ENSMUST00000102849.11	ENSMUSG00000026854	+	25	2	22	0	160	NA	NA	15	81
ENSMUST00000113560.8	ENSMUSG00000075415	-	17	0	16	0	7	NA	NA	NA	24
ENSMUST00000056433.7	ENSMUSG00000000194	+	18	0	17	0	96	NA	NA	NA	123
ENSMUST00000000199.8	ENSMUSG00000062661	+	8	0	6	1	98	19	19	NA	64
ENSMUST00000113482.8	ENSMUSG00000026843	+	19	0	18	0	8	NA	NA	NA	84
ENSMUST00000001920.13	ENSMUSG00000001864	+	6	0	5	0	87	NA	NA	NA	31
ENSMUST00000065398.13	ENSMUSG00000001855	+	36	0	35	0	33	NA	NA	NA	45
ENSMUST00000002625.15	ENSMUSG00000002550	-	7	0	6	0	181	NA	NA	NA	126
ENSMUST00000239474.2	ENSMUSG00000002546	+	27	0	26	0	214	NA	NA	NA	84
ENSMUST00000201433.4	ENSMUSG00000026825	-	22	0	21	0	60	NA	NA	NA	161
ENSMUST00000113334.8	ENSMUSG00000039205	+	17	1	15	0	206	NA	NA	5	170
ENSMUST00000113307.9	ENSMUSG00000026819	-	10	0	9	0	184	NA	NA	NA	159
ENSMUST00000048431.3	ENSMUSG00000039164	+	2	0	1	0	472	NA	NA	NA	511
ENSMUST00000048375.6	ENSMUSG00000039157	+	11	0	10	0	45	NA	NA	NA	146
ENSMUST00000028151.7	ENSMUSG00000026810	+	4	0	3	0	58	NA	NA	NA	3
ENSMUST00000102818.11	ENSMUSG00000079442	+	6	1	4	0	189	NA	NA	89	12
ENSMUST00000009705.14	ENSMUSG00000026814	+	15	0	14	0	124	NA	NA	NA	67
ENSMUST00000028148.11	ENSMUSG00000009566	-	15	0	14	0	409	NA	NA	NA	138
ENSMUST00000009699.16	ENSMUSG00000009555	-	7	0	6	0	365	NA	NA	NA	92
ENSMUST00000009707.14	ENSMUSG00000009563	+	5	0	4	0	244	NA	NA	NA	151
ENSMUST00000077458.7	ENSMUSG00000026797	-	20	0	18	1	109	17	17	NA	37
ENSMUST00000028135.15	ENSMUSG00000026796	+	14	0	13	0	595	NA	NA	NA	55
ENSMUST00000126610.2	ENSMUSG00000038900	+	7	0	6	0	5	NA	NA	NA	37
ENSMUST00000028129.13	ENSMUSG00000026791	-	10	0	9	0	137	NA	NA	NA	56
ENSMUST00000091039.5	ENSMUSG00000038831	-	20	1	18	0	29	NA	NA	64	57
ENSMUST00000091037.3	ENSMUSG00000068966	-	2	0	1	0	1524	NA	NA	NA	32
ENSMUST00000028125.12	ENSMUSG00000026788	-	3	2	0	0	1426	NA	NA	23	NA
ENSMUST00000041555.10	ENSMUSG00000038740	-	10	0	9	0	86	NA	NA	NA	75
ENSMUST00000040638.15	ENSMUSG00000038718	-	9	0	8	0	92	NA	NA	NA	200
ENSMUST00000147337.8	ENSMUSG00000038696	+	12	1	10	0	125	NA	NA	69	259
ENSMUST00000113099.10	ENSMUSG00000026867	-	26	1	24	0	140	NA	NA	33	185
ENSMUST00000028222.13	ENSMUSG00000026864	+	9	1	7	0	562	NA	NA	93	125
ENSMUST00000028220.10	ENSMUSG00000035949	-	7	1	5	0	288	NA	NA	20	490
ENSMUST00000028237.15	ENSMUSG00000057110	+	44	1	41	1	56	16	16	31	217
ENSMUST00000028238.15	ENSMUSG00000026878	-	8	1	6	0	177	NA	NA	7	52
ENSMUST00000201185.4	ENSMUSG00000026879	+	18	2	15	0	169	NA	NA	9	196
ENSMUST00000091010.12	ENSMUSG00000026883	+	16	0	15	0	167	NA	NA	NA	124
ENSMUST00000028251.10	ENSMUSG00000026889	-	6	1	4	0	159	NA	NA	16	113
ENSMUST00000028250.9	ENSMUSG00000026887	+	7	1	5	0	77	NA	NA	28	184
ENSMUST00000062069.6	ENSMUSG00000047250	+	11	0	10	0	355	NA	NA	NA	7
ENSMUST00000009174.15	ENSMUSG00000009030	-	4	1	2	0	551	NA	NA	5	172
ENSMUST00000100143.10	ENSMUSG00000075376	-	20	0	19	0	195	NA	NA	NA	231
ENSMUST00000053098.6	ENSMUSG00000066798	-	2	1	0	0	1280	NA	NA	9	NA
ENSMUST00000067043.5	ENSMUSG00000050714	-	2	1	0	0	1332	NA	NA	10	NA
ENSMUST00000061179.12	ENSMUSG00000035437	+	26	1	24	0	122	NA	NA	50	150
ENSMUST00000102787.10	ENSMUSG00000035392	-	22	0	21	0	1214	NA	NA	NA	17
ENSMUST00000054234.10	ENSMUSG00000026749	+	10	1	8	0	110	NA	NA	29	90
ENSMUST00000112862.7	ENSMUSG00000026755	+	4	0	3	0	62	NA	NA	NA	149
ENSMUST00000039165.15	ENSMUSG00000026754	-	23	2	20	0	80	NA	NA	128	135
ENSMUST00000038874.12	ENSMUSG00000035236	-	18	0	17	0	146	NA	NA	NA	53
ENSMUST00000028087.6	ENSMUSG00000026753	-	7	0	6	0	248	NA	NA	NA	75
ENSMUST00000112810.8	ENSMUSG00000036890	-	11	2	8	0	83	NA	NA	14	179
ENSMUST00000176438.9	ENSMUSG00000026872	-	11	2	8	0	580	NA	NA	69	73
ENSMUST00000063886.4	ENSMUSG00000052155	+	11	0	10	0	194	NA	NA	NA	55
ENSMUST00000028098.11	ENSMUSG00000026761	-	14	1	12	0	188	NA	NA	17	51
ENSMUST00000092123.11	ENSMUSG00000069495	+	14	0	13	0	72	NA	NA	NA	153
ENSMUST00000028102.14	ENSMUSG00000026764	+	26	0	24	1	106	7	7	NA	126
ENSMUST00000102769.11	ENSMUSG00000026766	-	8	1	6	0	194	NA	NA	49	9
ENSMUST00000017288.9	ENSMUSG00000017144	-	5	0	4	0	251	NA	NA	NA	150
ENSMUST00000028314.9	ENSMUSG00000026946	-	8	1	6	0	200	NA	NA	6	84
ENSMUST00000036541.8	ENSMUSG00000036093	-	6	0	5	0	48	NA	NA	NA	46
ENSMUST00000102759.8	ENSMUSG00000055371	-	14	0	13	0	228	NA	NA	NA	40
ENSMUST00000090952.11	ENSMUSG00000036053	+	26	0	25	0	109	NA	NA	NA	117
ENSMUST00000100089.3	ENSMUSG00000075334	-	1	0	0	0	NA	NA	NA	NA	NA
ENSMUST00000028166.9	ENSMUSG00000026826	-	8	2	5	0	256	NA	NA	2	864
ENSMUST00000169687.8	ENSMUSG00000026827	+	17	1	15	0	125	NA	NA	8	102
ENSMUST00000112599.8	ENSMUSG00000026836	-	10	1	8	0	134	NA	NA	7	67
ENSMUST00000102754.11	ENSMUSG00000026991	+	22	1	20	0	245	NA	NA	5	132
ENSMUST00000037526.11	ENSMUSG00000035168	+	27	2	24	0	1428	NA	NA	19	61
ENSMUST00000112550.8	ENSMUSG00000026987	-	35	1	33	0	153	NA	NA	2	145
ENSMUST00000102748.11	ENSMUSG00000026977	+	10	1	8	0	19	NA	NA	12	153
ENSMUST00000028347.13	ENSMUSG00000026970	-	14	0	12	1	77	8	8	NA	75
ENSMUST00000078074.9	ENSMUSG00000064289	+	8	0	7	0	176	NA	NA	NA	53
ENSMUST00000047812.8	ENSMUSG00000035000	-	26	0	25	0	101	NA	NA	NA	6
ENSMUST00000028259.12	ENSMUSG00000026896	-	16	0	15	0	179	NA	NA	NA	453
ENSMUST00000028257.3	ENSMUSG00000026893	+	8	0	7	0	26	NA	NA	NA	27
ENSMUST00000131615.9	ENSMUSG00000075324	-	3	1	1	0	2254	NA	NA	145	25
ENSMUST00000028252.14	ENSMUSG00000026888	-	14	0	13	0	146	NA	NA	NA	185
ENSMUST00000102726.8	ENSMUSG00000034903	-	14	0	13	0	86	NA	NA	NA	77
ENSMUST00000102718.10	ENSMUSG00000034848	-	29	0	28	0	77	NA	NA	NA	21
ENSMUST00000102715.4	ENSMUSG00000027030	-	18	0	17	0	74	NA	NA	NA	244
ENSMUST00000176018.2	ENSMUSG00000027035	+	11	0	10	0	152	NA	NA	NA	170
ENSMUST00000112320.8	ENSMUSG00000005233	-	7	1	5	0	124	NA	NA	14	139
ENSMUST00000090858.10	ENSMUSG00000042133	+	14	2	11	0	1110	NA	NA	17	61
ENSMUST00000028494.9	ENSMUSG00000027088	+	4	3	0	0	751	NA	NA	26	NA
ENSMUST00000053087.4	ENSMUSG00000042155	+	4	1	2	0	310	NA	NA	1	1213
ENSMUST00000090852.11	ENSMUSG00000068882	+	12	1	10	0	88	NA	NA	26	66
ENSMUST00000055758.16	ENSMUSG00000044308	+	39	0	38	0	117	NA	NA	NA	545
ENSMUST00000028509.11	ENSMUSG00000014959	+	10	0	9	0	325	NA	NA	NA	63
ENSMUST00000038584.9	ENSMUSG00000041997	-	20	0	19	0	176	NA	NA	NA	139
ENSMUST00000112186.9	ENSMUSG00000041975	-	10	1	8	0	163	NA	NA	12	143
ENSMUST00000154704.8	ENSMUSG00000041966	+	14	0	13	0	140	NA	NA	NA	126
ENSMUST00000112142.8	ENSMUSG00000027012	+	17	1	15	0	113	NA	NA	9	108
ENSMUST00000151937.8	ENSMUSG00000027010	-	18	0	17	0	198	NA	NA	NA	12
ENSMUST00000112122.9	ENSMUSG00000027018	+	11	0	10	0	167	NA	NA	NA	7
ENSMUST00000028522.10	ENSMUSG00000027111	+	26	0	24	1	107	23	23	NA	182
ENSMUST00000090824.12	ENSMUSG00000004085	+	20	1	18	0	706	NA	NA	34	159
ENSMUST00000102691.11	ENSMUSG00000055612	+	9	0	8	0	30	NA	NA	NA	21
ENSMUST00000102689.10	ENSMUSG00000027109	-	7	0	6	0	316	NA	NA	NA	7
ENSMUST00000028517.13	ENSMUSG00000027108	-	11	0	9	0	101	NA	NA	0	101
ENSMUST00000058615.10	ENSMUSG00000041777	-	10	0	9	0	675	NA	NA	NA	72
ENSMUST00000090811.11	ENSMUSG00000008226	+	8	1	6	0	170	NA	NA	2	159
ENSMUST00000076463.12	ENSMUSG00000041762	-	17	2	14	0	300	NA	NA	31	454
ENSMUST00000094681.11	ENSMUSG00000075284	-	8	1	6	0	55	NA	NA	38	51
ENSMUST00000112024.10	ENSMUSG00000056486	-	13	0	12	0	171	NA	NA	NA	19
ENSMUST00000055833.12	ENSMUSG00000027104	-	14	3	10	0	226	NA	NA	22	48
ENSMUST00000111996.8	ENSMUSG00000018770	-	5	1	3	0	114	NA	NA	67	39
ENSMUST00000064503.13	ENSMUSG00000009207	-	13	1	11	0	238	NA	NA	62	27
ENSMUST00000028511.8	ENSMUSG00000027099	+	10	0	9	0	171	NA	NA	NA	40
ENSMUST00000111962.8	ENSMUSG00000059005	+	11	0	9	1	52	16	16	NA	6
ENSMUST00000102672.5	ENSMUSG00000015839	-	5	0	4	0	1223	NA	NA	NA	45
ENSMUST00000175646.2	ENSMUSG00000042410	+	20	1	18	0	121	NA	NA	10	80
ENSMUST00000099996.5	ENSMUSG00000075273	-	1	0	0	0	NA	NA	NA	NA	NA
ENSMUST00000046389.5	ENSMUSG00000042369	+	10	0	8	1	192	9	9	NA	300
ENSMUST00000077972.11	ENSMUSG00000042359	+	27	2	24	0	108	NA	NA	154	102
ENSMUST00000002808.7	ENSMUSG00000002731	-	8	0	7	0	157	NA	NA	NA	65
ENSMUST00000102660.8	ENSMUSG00000042272	-	18	1	16	0	129	NA	NA	15	55
ENSMUST00000065889.10	ENSMUSG00000027014	-	21	2	18	0	571	NA	NA	103	27
ENSMUST00000028398.14	ENSMUSG00000027011	+	6	1	4	0	97	NA	NA	28	194
ENSMUST00000111785.9	ENSMUSG00000027007	+	18	0	16	1	104	14	14	NA	205
ENSMUST00000028384.5	ENSMUSG00000027001	+	4	0	3	0	239	NA	NA	NA	223
ENSMUST00000081591.7	ENSMUSG00000027091	+	10	0	9	0	190	NA	NA	NA	75
ENSMUST00000028499.11	ENSMUSG00000027087	+	30	0	29	0	95	NA	NA	NA	185
ENSMUST00000051454.4	ENSMUSG00000048388	+	8	0	7	0	1341	NA	NA	NA	229
ENSMUST00000111665.8	ENSMUSG00000050043	-	9	1	7	0	143	NA	NA	135	189
ENSMUST00000102645.4	ENSMUSG00000027080	+	5	0	4	0	68	NA	NA	NA	217
ENSMUST00000035840.6	ENSMUSG00000034075	-	12	1	10	0	165	NA	NA	1051	104
ENSMUST00000028475.9	ENSMUSG00000027079	-	3	1	1	0	671	NA	NA	22	606
ENSMUST00000102642.9	ENSMUSG00000027078	+	4	0	3	0	151	NA	NA	NA	27
ENSMUST00000121114.8	ENSMUSG00000027075	+	15	1	13	0	146	NA	NA	13	154
ENSMUST00000090726.6	ENSMUSG00000027074	+	13	1	11	0	98	NA	NA	163	184
ENSMUST00000168266.8	ENSMUSG00000027067	+	17	1	15	0	68	NA	NA	122	54
ENSMUST00000111605.9	ENSMUSG00000033955	+	12	1	9	1	60	13	13	19	94
ENSMUST00000057481.7	ENSMUSG00000051329	+	37	1	35	0	89	NA	NA	395	100
ENSMUST00000013759.6	ENSMUSG00000008200	+	17	0	16	0	90	NA	NA	NA	370
ENSMUST00000136872.8	ENSMUSG00000027282	+	13	0	12	0	86	NA	NA	NA	87
ENSMUST00000090682.4	ENSMUSG00000005505	+	4	1	2	0	860	NA	NA	29	589
ENSMUST00000111452.8	ENSMUSG00000005506	+	13	0	12	0	127	NA	NA	NA	71
ENSMUST00000073575.12	ENSMUSG00000002105	-	10	1	8	0	75	NA	NA	8	301
ENSMUST00000077941.13	ENSMUSG00000040687	-	35	1	33	0	104	NA	NA	84	59
ENSMUST00000111356.8	ENSMUSG00000002108	-	10	1	8	0	146	NA	NA	37	43
ENSMUST00000002172.14	ENSMUSG00000002103	+	11	0	10	0	133	NA	NA	NA	114
ENSMUST00000028696.5	ENSMUSG00000002109	-	10	0	9	0	64	NA	NA	NA	127
ENSMUST00000080008.13	ENSMUSG00000027255	+	16	0	15	0	20	NA	NA	NA	72
ENSMUST00000028689.4	ENSMUSG00000027253	+	38	0	37	0	332	NA	NA	NA	52
ENSMUST00000111338.10	ENSMUSG00000040549	+	44	1	42	0	242	NA	NA	37	57
ENSMUST00000111329.8	ENSMUSG00000027247	+	14	2	11	0	188	NA	NA	2	133
ENSMUST00000076803.12	ENSMUSG00000027244	-	16	1	14	0	77	NA	NA	13	69
ENSMUST00000090608.6	ENSMUSG00000027243	+	3	1	1	0	379	NA	NA	116	670
ENSMUST00000045705.14	ENSMUSG00000040506	+	18	1	16	0	496	NA	NA	119	135
ENSMUST00000111309.8	ENSMUSG00000027239	-	5	1	3	0	25	NA	NA	1	76
ENSMUST00000028663.5	ENSMUSG00000027230	-	12	0	11	0	36	NA	NA	NA	102
ENSMUST00000111293.9	ENSMUSG00000058318	+	19	3	15	0	254	NA	NA	90	54
ENSMUST00000028650.9	ENSMUSG00000027222	+	11	0	10	0	58	NA	NA	NA	112
ENSMUST00000050312.3	ENSMUSG00000027223	-	12	0	11	0	72	NA	NA	NA	98
ENSMUST00000090559.12	ENSMUSG00000068742	-	12	0	10	1	139	3	3	NA	212
ENSMUST00000067631.7	ENSMUSG00000049922	-	2	0	1	0	559	NA	NA	NA	532
ENSMUST00000111266.8	ENSMUSG00000068735	+	8	2	5	0	133	NA	NA	11	129
ENSMUST00000111265.9	ENSMUSG00000027217	-	10	3	6	0	47	NA	NA	10	63
ENSMUST00000099696.8	ENSMUSG00000027215	-	9	1	7	0	77	NA	NA	20	63
ENSMUST00000040005.13	ENSMUSG00000040174	-	10	1	8	0	92	NA	NA	71	79
ENSMUST00000111238.8	ENSMUSG00000027194	-	25	0	24	0	131	NA	NA	NA	159
ENSMUST00000028617.7	ENSMUSG00000027193	-	14	0	13	0	22	NA	NA	NA	69
ENSMUST00000004949.8	ENSMUSG00000027164	+	8	2	5	0	836	NA	NA	22	296
ENSMUST00000171088.8	ENSMUSG00000032841	-	9	1	7	0	400	NA	NA	115	164
ENSMUST00000058790.12	ENSMUSG00000048058	-	6	0	5	0	237	NA	NA	NA	46
ENSMUST00000099678.5	ENSMUSG00000075012	-	1	0	0	0	NA	NA	NA	NA	NA
ENSMUST00000099673.9	ENSMUSG00000005087	-	9	0	8	0	204	NA	NA	NA	79
ENSMUST00000011058.9	ENSMUSG00000010914	-	11	0	10	0	258	NA	NA	NA	160
ENSMUST00000011055.7	ENSMUSG00000010911	+	7	0	6	0	99	NA	NA	NA	54
ENSMUST00000028610.10	ENSMUSG00000027187	-	13	0	12	0	65	NA	NA	NA	66
ENSMUST00000076212.4	ENSMUSG00000032724	+	17	0	16	0	197	NA	NA	NA	883
ENSMUST00000028608.13	ENSMUSG00000027185	-	29	1	27	0	105	NA	NA	15	108
ENSMUST00000028607.13	ENSMUSG00000027184	-	19	0	17	0	64	NA	NA	0	210
ENSMUST00000170926.8	ENSMUSG00000032698	+	4	1	2	0	219	NA	NA	179	41
ENSMUST00000102565.4	ENSMUSG00000027180	+	10	0	9	0	199	NA	NA	NA	104
ENSMUST00000168176.8	ENSMUSG00000032679	+	5	2	2	0	205	NA	NA	18	61
ENSMUST00000111125.3	ENSMUSG00000027177	-	17	1	15	0	476	NA	NA	2	1097
ENSMUST00000028599.8	ENSMUSG00000027176	+	21	0	20	0	202	NA	NA	NA	27
ENSMUST00000111118.8	ENSMUSG00000027175	-	10	1	8	0	202	NA	NA	24	163
ENSMUST00000231375.2	ENSMUSG00000074994	-	12	0	11	0	140	NA	NA	NA	161
ENSMUST00000028593.11	ENSMUSG00000027171	-	6	1	4	0	231	NA	NA	22	103
ENSMUST00000006128.7	ENSMUSG00000005973	-	6	0	5	0	107	NA	NA	NA	236
ENSMUST00000028527.8	ENSMUSG00000027115	+	17	1	15	0	82	NA	NA	45	325
ENSMUST00000111042.3	ENSMUSG00000048482	+	2	0	1	0	770	NA	NA	NA	99
ENSMUST00000028583.8	ENSMUSG00000027162	+	5	0	4	0	155	NA	NA	NA	37
ENSMUST00000046548.14	ENSMUSG00000050199	+	18	0	17	0	1276	NA	NA	NA	185
ENSMUST00000028580.12	ENSMUSG00000027160	+	6	0	5	0	214	NA	NA	NA	347
ENSMUST00000028554.4	ENSMUSG00000027134	+	14	0	13	0	175	NA	NA	NA	114
ENSMUST00000028553.4	ENSMUSG00000027133	+	2	0	1	0	140	NA	NA	NA	54
ENSMUST00000028551.4	ENSMUSG00000027131	-	5	0	4	0	35	NA	NA	NA	86
ENSMUST00000028552.4	ENSMUSG00000027132	+	10	1	8	0	32	NA	NA	14	102
ENSMUST00000069747.6	ENSMUSG00000055943	+	5	0	4	0	152	NA	NA	NA	233
ENSMUST00000099588.4	ENSMUSG00000003604	+	5	0	4	0	115	NA	NA	NA	34
ENSMUST00000110947.2	ENSMUSG00000041219	-	11	0	10	0	161	NA	NA	NA	129
ENSMUST00000050668.4	ENSMUSG00000040321	-	2	1	0	0	2158	NA	NA	41	NA
ENSMUST00000102542.10	ENSMUSG00000057147	-	9	0	8	0	53	NA	NA	NA	23
ENSMUST00000028829.13	ENSMUSG00000027351	+	7	0	6	0	647	NA	NA	NA	32
ENSMUST00000028825.5	ENSMUSG00000027349	+	8	0	7	0	392	NA	NA	NA	71
ENSMUST00000039559.9	ENSMUSG00000040152	+	22	1	20	0	7	NA	NA	28	67
ENSMUST00000009693.15	ENSMUSG00000009549	-	5	0	4	0	89	NA	NA	NA	24
ENSMUST00000037547.9	ENSMUSG00000040035	+	8	1	6	0	3227	NA	NA	16	314
ENSMUST00000134661.8	ENSMUSG00000027331	+	9	0	8	0	131	NA	NA	NA	209
ENSMUST00000028807.6	ENSMUSG00000027332	+	12	0	11	0	133	NA	NA	NA	147
ENSMUST00000036578.7	ENSMUSG00000040007	+	7	1	5	0	189	NA	NA	14	1408
ENSMUST00000036470.14	ENSMUSG00000039983	-	4	1	2	0	138	NA	NA	6	244
ENSMUST00000028796.2	ENSMUSG00000027324	+	3	0	2	0	719	NA	NA	NA	645
ENSMUST00000028795.10	ENSMUSG00000027323	+	10	1	8	0	123	NA	NA	2	87
ENSMUST00000094695.12	ENSMUSG00000070730	-	13	1	11	0	50	NA	NA	7	187
ENSMUST00000057454.4	ENSMUSG00000046814	+	3	0	2	0	123	NA	NA	NA	36
ENSMUST00000038439.4	ENSMUSG00000034278	-	11	0	10	0	119	NA	NA	NA	78
ENSMUST00000028783.14	ENSMUSG00000027315	+	11	1	9	0	205	NA	NA	86	457
ENSMUST00000037280.5	ENSMUSG00000034216	+	5	0	4	0	725	NA	NA	NA	91
ENSMUST00000028780.4	ENSMUSG00000027313	+	3	0	2	0	401	NA	NA	NA	234
ENSMUST00000049920.14	ENSMUSG00000034154	-	36	1	34	0	217	NA	NA	43	143
ENSMUST00000014221.13	ENSMUSG00000014077	+	7	0	6	0	53	NA	NA	NA	67
ENSMUST00000110793.8	ENSMUSG00000034032	-	26	2	23	0	149	NA	NA	56	181
ENSMUST00000028763.10	ENSMUSG00000027298	+	19	0	18	0	390	NA	NA	NA	94
ENSMUST00000229024.2	ENSMUSG00000033902	+	31	0	30	0	227	NA	NA	NA	117
ENSMUST00000028755.8	ENSMUSG00000027293	-	6	0	5	0	536	NA	NA	NA	236
ENSMUST00000102501.10	ENSMUSG00000027291	-	26	0	25	0	75	NA	NA	NA	73
ENSMUST00000090042.12	ENSMUSG00000033808	-	20	0	19	0	41	NA	NA	NA	156
ENSMUST00000135074.2	ENSMUSG00000062646	+	24	0	23	0	109	NA	NA	NA	29
ENSMUST00000055241.13	ENSMUSG00000027288	-	22	1	20	0	56	NA	NA	31	54
ENSMUST00000110711.9	ENSMUSG00000027287	+	8	1	6	0	65	NA	NA	40	57
ENSMUST00000057135.14	ENSMUSG00000090100	-	15	1	13	0	462	NA	NA	67	69
ENSMUST00000067582.14	ENSMUSG00000054484	+	14	0	13	0	326	NA	NA	NA	180
ENSMUST00000060455.15	ENSMUSG00000023572	+	11	0	10	0	114	NA	NA	NA	100
ENSMUST00000119031.8	ENSMUSG00000027259	+	11	1	9	0	212	NA	NA	151	60
ENSMUST00000163766.8	ENSMUSG00000050619	-	6	0	5	0	853	NA	NA	NA	315
ENSMUST00000039541.12	ENSMUSG00000027263	+	18	0	17	0	12	NA	NA	NA	78
ENSMUST00000110647.8	ENSMUSG00000043909	-	27	0	26	0	187	NA	NA	NA	7
ENSMUST00000094639.10	ENSMUSG00000027254	+	7	0	6	0	155	NA	NA	NA	238
ENSMUST00000052029.10	ENSMUSG00000033526	-	30	1	28	0	826	NA	NA	26	147
ENSMUST00000028683.14	ENSMUSG00000027248	+	13	0	12	0	113	NA	NA	NA	167
ENSMUST00000139253.8	ENSMUSG00000074884	+	3	0	2	0	63	NA	NA	NA	7
ENSMUST00000110612.8	ENSMUSG00000027245	+	5	1	3	0	95	NA	NA	97	186
ENSMUST00000028676.12	ENSMUSG00000027242	+	13	1	11	0	261	NA	NA	231	156
ENSMUST00000110592.2	ENSMUSG00000027238	-	14	0	13	0	577	NA	NA	NA	102
ENSMUST00000036647.13	ENSMUSG00000033411	+	13	1	11	0	65	NA	NA	24	186
ENSMUST00000102476.5	ENSMUSG00000060802	+	4	0	2	1	13	16	16	NA	67
ENSMUST00000110551.4	ENSMUSG00000027227	+	9	0	8	0	165	NA	NA	NA	66
ENSMUST00000028624.9	ENSMUSG00000027199	-	9	0	8	0	112	NA	NA	NA	69
ENSMUST00000005952.11	ENSMUSG00000005802	-	7	0	6	0	154	NA	NA	NA	391
ENSMUST00000005954.9	ENSMUSG00000005804	+	5	0	4	0	119	NA	NA	NA	82
ENSMUST00000152367.8	ENSMUSG00000027201	-	19	0	16	2	163	12	39	NA	134
ENSMUST00000051605.9	ENSMUSG00000027203	+	6	0	5	0	56	NA	NA	NA	149
ENSMUST00000028633.13	ENSMUSG00000027204	-	66	1	64	0	389	NA	NA	186	164
ENSMUST00000089776.3	ENSMUSG00000068394	-	28	1	26	0	997	NA	NA	7	87
ENSMUST00000164756.4	ENSMUSG00000091337	+	1	0	0	0	NA	NA	NA	NA	NA
ENSMUST00000053699.13	ENSMUSG00000035093	-	18	0	17	0	652	NA	NA	NA	24
ENSMUST00000110463.8	ENSMUSG00000027206	-	13	0	12	0	144	NA	NA	NA	54
ENSMUST00000094604.9	ENSMUSG00000027207	+	10	0	9	0	207	NA	NA	NA	53
ENSMUST00000061491.14	ENSMUSG00000027359	+	10	0	9	0	176	NA	NA	NA	478
ENSMUST00000110425.9	ENSMUSG00000027361	-	9	0	7	0	152	NA	NA	0	108
ENSMUST00000103224.10	ENSMUSG00000027365	-	39	0	38	0	130	NA	NA	NA	3
ENSMUST00000028844.11	ENSMUSG00000027366	-	15	0	14	0	74	NA	NA	NA	66
ENSMUST00000002063.15	ENSMUSG00000001998	+	21	0	20	0	160	NA	NA	NA	147
ENSMUST00000110387.4	ENSMUSG00000034906	-	18	0	17	0	59	NA	NA	NA	19
ENSMUST00000110386.2	ENSMUSG00000074825	-	2	1	0	0	1657	NA	NA	14	NA
ENSMUST00000035871.15	ENSMUSG00000034850	+	4	1	2	0	307	NA	NA	74	244
ENSMUST00000110375.9	ENSMUSG00000027367	+	8	0	7	0	184	NA	NA	NA	299
ENSMUST00000028846.7	ENSMUSG00000027368	+	4	0	3	0	214	NA	NA	NA	400
ENSMUST00000110366.8	ENSMUSG00000034800	-	6	2	3	0	1009	NA	NA	38	33
ENSMUST00000028858.9	ENSMUSG00000027379	-	25	0	24	0	195	NA	NA	NA	26
ENSMUST00000110341.9	ENSMUSG00000027381	+	4	1	2	0	98	NA	NA	13	382
ENSMUST00000014499.10	ENSMUSG00000014355	-	48	1	46	0	115	NA	NA	24	213
ENSMUST00000110325.8	ENSMUSG00000014353	+	19	0	18	0	59	NA	NA	NA	165
ENSMUST00000110320.9	ENSMUSG00000042851	+	12	0	11	0	1462	NA	NA	NA	32
ENSMUST00000103205.11	ENSMUSG00000027395	+	15	0	14	0	882	NA	NA	NA	177
ENSMUST00000028880.10	ENSMUSG00000027397	+	11	1	9	0	161	NA	NA	270	346
ENSMUST00000049262.14	ENSMUSG00000037902	+	8	0	7	0	257	NA	NA	NA	82
ENSMUST00000165413.9	ENSMUSG00000037885	+	4	0	2	1	712	38	38	NA	306
ENSMUST00000103199.9	ENSMUSG00000027404	-	7	0	6	0	10	NA	NA	NA	3
ENSMUST00000028892.11	ENSMUSG00000027406	-	12	0	11	0	86	NA	NA	NA	36
ENSMUST00000089581.11	ENSMUSG00000037773	-	7	0	6	0	247	NA	NA	NA	124
ENSMUST00000028769.14	ENSMUSG00000027303	+	21	1	19	0	74	NA	NA	6	73
ENSMUST00000028761.5	ENSMUSG00000027300	-	6	2	3	0	208	NA	NA	42	54
ENSMUST00000089559.11	ENSMUSG00000068290	-	9	0	8	0	166	NA	NA	NA	91
ENSMUST00000028781.9	ENSMUSG00000027312	+	29	0	28	0	124	NA	NA	NA	407
ENSMUST00000089510.5	ENSMUSG00000068267	-	1	0	0	0	NA	NA	NA	NA	NA
ENSMUST00000028804.15	ENSMUSG00000027330	+	16	0	15	0	140	NA	NA	NA	200
ENSMUST00000041362.12	ENSMUSG00000037523	+	7	1	5	0	425	NA	NA	58	117
ENSMUST00000059372.11	ENSMUSG00000048911	-	6	1	4	0	138	NA	NA	7	143
ENSMUST00000028806.12	ENSMUSG00000027333	+	7	1	5	0	137	NA	NA	26	208
ENSMUST00000091288.13	ENSMUSG00000079037	+	3	2	0	0	774	NA	NA	10	NA
ENSMUST00000028814.15	ENSMUSG00000027339	-	11	1	9	0	69	NA	NA	32	59
ENSMUST00000028815.15	ENSMUSG00000027340	-	16	1	14	0	232	NA	NA	147	108
ENSMUST00000110164.8	ENSMUSG00000027341	-	3	0	2	0	140	NA	NA	NA	99
ENSMUST00000028817.7	ENSMUSG00000027342	-	6	0	5	0	79	NA	NA	NA	221
ENSMUST00000103181.11	ENSMUSG00000058793	+	13	0	12	0	132	NA	NA	NA	54
ENSMUST00000060955.12	ENSMUSG00000027346	-	20	1	18	0	189	NA	NA	21	49
ENSMUST00000039554.7	ENSMUSG00000037376	-	11	0	10	0	191	NA	NA	NA	131
ENSMUST00000028835.13	ENSMUSG00000027357	+	7	0	6	0	87	NA	NA	NA	309
ENSMUST00000038228.11	ENSMUSG00000034723	-	8	0	7	0	340	NA	NA	NA	164
ENSMUST00000110116.8	ENSMUSG00000051177	+	32	0	31	0	227	NA	NA	NA	99
ENSMUST00000028730.13	ENSMUSG00000027274	-	6	2	3	0	440	NA	NA	404	985
ENSMUST00000099311.9	ENSMUSG00000027281	+	8	1	6	0	735	NA	NA	31	27
ENSMUST00000028735.8	ENSMUSG00000027276	-	26	0	25	0	457	NA	NA	NA	81
ENSMUST00000091556.12	ENSMUSG00000062098	+	5	1	3	0	1032	NA	NA	149	143
ENSMUST00000046656.9	ENSMUSG00000039033	-	14	1	12	0	92	NA	NA	68	145
ENSMUST00000046030.8	ENSMUSG00000045624	-	14	1	12	0	293	NA	NA	41	643
ENSMUST00000110064.8	ENSMUSG00000068205	+	19	0	17	0	67	1	1	NA	46
ENSMUST00000110057.3	ENSMUSG00000051379	-	3	2	0	0	1994	NA	NA	45	NA
ENSMUST00000043589.8	ENSMUSG00000038844	-	26	0	25	0	158	NA	NA	NA	47
ENSMUST00000008477.13	ENSMUSG00000008333	+	7	1	5	0	159	NA	NA	25	64
ENSMUST00000103172.4	ENSMUSG00000015932	+	4	0	3	0	109	NA	NA	NA	3
ENSMUST00000037875.6	ENSMUSG00000027422	-	3	1	1	0	7	NA	NA	21	2098
ENSMUST00000028909.5	ENSMUSG00000027423	-	13	0	12	0	50	NA	NA	NA	51
ENSMUST00000110028.8	ENSMUSG00000027424	+	5	1	3	0	161	NA	NA	65	505
ENSMUST00000028914.9	ENSMUSG00000027427	+	9	0	8	0	77	NA	NA	NA	62
ENSMUST00000094480.11	ENSMUSG00000001768	+	13	3	9	0	320	NA	NA	129	23
ENSMUST00000110000.8	ENSMUSG00000002728	+	6	0	5	0	85	NA	NA	NA	53
ENSMUST00000001818.5	ENSMUSG00000001767	-	14	0	13	0	176	NA	NA	NA	51
ENSMUST00000131824.8	ENSMUSG00000037110	-	39	0	38	0	4	NA	NA	NA	106
ENSMUST00000028928.8	ENSMUSG00000027439	+	6	1	4	0	341	NA	NA	17	1358
ENSMUST00000028926.13	ENSMUSG00000027438	-	11	0	10	0	110	NA	NA	NA	98
ENSMUST00000046399.7	ENSMUSG00000033096	-	9	0	8	0	209	NA	NA	NA	92
ENSMUST00000028944.4	ENSMUSG00000027452	-	14	0	13	0	179	NA	NA	NA	313
ENSMUST00000094467.6	ENSMUSG00000033068	+	14	1	12	0	98	NA	NA	32	292
ENSMUST00000045441.8	ENSMUSG00000033059	+	20	0	19	0	152	NA	NA	NA	243
ENSMUST00000028948.5	ENSMUSG00000027454	+	7	0	6	0	68	NA	NA	NA	75
ENSMUST00000109896.8	ENSMUSG00000068115	-	24	1	22	0	191	NA	NA	11	183
ENSMUST00000066640.5	ENSMUSG00000053916	-	2	0	1	0	656	NA	NA	NA	90
ENSMUST00000089140.13	ENSMUSG00000027455	+	10	0	9	0	162	NA	NA	NA	105
ENSMUST00000044011.12	ENSMUSG00000032966	+	5	0	3	1	128	35	35	NA	37
ENSMUST00000042452.11	ENSMUSG00000032869	-	7	0	6	0	51	NA	NA	NA	129
ENSMUST00000028963.14	ENSMUSG00000027465	+	8	0	7	0	255	NA	NA	NA	67
ENSMUST00000109847.9	ENSMUSG00000027466	-	12	0	11	0	80	NA	NA	NA	22
ENSMUST00000040312.7	ENSMUSG00000032715	-	4	0	2	0	480	NA	NA	0	291
ENSMUST00000182625.2	ENSMUSG00000051817	-	1	0	0	0	NA	NA	NA	NA	NA
ENSMUST00000125366.8	ENSMUSG00000019188	+	12	0	11	0	102	NA	NA	NA	183
ENSMUST00000038368.9	ENSMUSG00000042745	+	2	0	1	0	41	NA	NA	NA	405
ENSMUST00000007803.12	ENSMUSG00000007659	-	3	1	1	0	137	NA	NA	112	564
ENSMUST00000028972.9	ENSMUSG00000027472	-	5	0	4	0	82	NA	NA	NA	87
ENSMUST00000089027.3	ENSMUSG00000068040	+	18	0	17	0	149	NA	NA	NA	15
ENSMUST00000056924.14	ENSMUSG00000051413	-	3	1	1	0	1230	NA	NA	113	260
ENSMUST00000049863.12	ENSMUSG00000046020	+	7	0	6	0	188	NA	NA	NA	139
ENSMUST00000028977.7	ENSMUSG00000027475	+	9	1	7	0	96	NA	NA	64	1404
ENSMUST00000109790.2	ENSMUSG00000042548	+	13	0	12	0	2834	NA	NA	NA	57
ENSMUST00000071852.10	ENSMUSG00000056941	-	9	0	8	0	76	NA	NA	NA	84
ENSMUST00000056495.14	ENSMUSG00000027478	+	24	2	21	0	141	NA	NA	6	172
ENSMUST00000028981.9	ENSMUSG00000027479	+	7	1	5	0	56	NA	NA	3	121
ENSMUST00000109728.8	ENSMUSG00000027488	-	8	0	7	0	92	NA	NA	NA	292
ENSMUST00000045270.15	ENSMUSG00000038533	+	11	0	10	0	296	NA	NA	NA	34
ENSMUST00000103145.11	ENSMUSG00000027490	-	7	0	6	0	247	NA	NA	NA	246
ENSMUST00000000896.11	ENSMUSG00000000876	-	4	0	3	0	263	NA	NA	NA	113
ENSMUST00000081926.13	ENSMUSG00000059842	+	15	0	14	0	514	NA	NA	NA	31
ENSMUST00000044277.10	ENSMUSG00000038467	+	5	0	4	0	64	NA	NA	NA	190
ENSMUST00000116389.9	ENSMUSG00000027593	+	9	1	6	1	44	5	5	9	256
ENSMUST00000099173.11	ENSMUSG00000074656	-	9	0	8	0	175	NA	NA	NA	15
ENSMUST00000054607.16	ENSMUSG00000027597	-	10	0	9	0	131	NA	NA	NA	28
ENSMUST00000029126.15	ENSMUSG00000027598	+	25	2	22	0	99	NA	NA	21	70
ENSMUST00000043237.14	ENSMUSG00000038375	+	4	1	2	0	252	NA	NA	51	124
ENSMUST00000043126.12	ENSMUSG00000038369	-	14	1	12	0	43	NA	NA	45	235
ENSMUST00000029131.11	ENSMUSG00000027603	-	15	0	14	0	163	NA	NA	NA	169
ENSMUST00000079691.13	ENSMUSG00000027610	-	13	1	11	0	123	NA	NA	6	129
ENSMUST00000041059.12	ENSMUSG00000038324	-	19	0	18	0	137	NA	NA	NA	168
ENSMUST00000029142.15	ENSMUSG00000027613	-	6	0	5	0	9	NA	NA	NA	107
ENSMUST00000059647.12	ENSMUSG00000089824	-	3	2	0	0	3000	NA	NA	22	NA
ENSMUST00000029147.16	ENSMUSG00000027618	-	13	0	12	0	63	NA	NA	NA	121
ENSMUST00000146297.8	ENSMUSG00000027620	-	17	1	15	0	100	NA	NA	13	51
ENSMUST00000037401.10	ENSMUSG00000038116	+	18	1	16	0	142	NA	NA	32	83
ENSMUST00000103137.10	ENSMUSG00000027624	+	23	2	20	0	8	NA	NA	14	177
ENSMUST00000109570.8	ENSMUSG00000027628	+	5	2	2	0	167	NA	NA	44	757
ENSMUST00000099145.6	ENSMUSG00000061689	+	7	0	6	0	218	NA	NA	NA	31
ENSMUST00000088552.7	ENSMUSG00000067818	+	4	1	2	0	172	NA	NA	26	184
ENSMUST00000081335.13	ENSMUSG00000062175	+	3	1	1	0	521	NA	NA	34	192
ENSMUST00000029165.4	ENSMUSG00000027637	+	4	0	3	0	41	NA	NA	NA	114
ENSMUST00000069600.13	ENSMUSG00000027634	-	17	1	15	0	181	NA	NA	45	57
ENSMUST00000103129.9	ENSMUSG00000027635	-	11	1	9	0	85	NA	NA	1	25
ENSMUST00000057725.10	ENSMUSG00000027639	-	16	0	15	0	104	NA	NA	NA	304
ENSMUST00000029170.8	ENSMUSG00000027641	-	22	0	21	0	170	NA	NA	NA	156
ENSMUST00000116380.9	ENSMUSG00000027642	+	17	0	16	0	12	NA	NA	NA	13
ENSMUST00000081202.6	ENSMUSG00000063019	+	3	1	1	0	107	NA	NA	56	150
ENSMUST00000109533.8	ENSMUSG00000027646	+	14	3	10	0	208	NA	NA	8	247
ENSMUST00000109528.9	ENSMUSG00000067787	-	2	1	0	0	437	NA	NA	174	NA
ENSMUST00000029179.11	ENSMUSG00000027650	-	8	1	6	0	186	NA	NA	41	2299
ENSMUST00000029180.14	ENSMUSG00000027651	+	7	0	6	0	149	NA	NA	NA	151
ENSMUST00000103122.10	ENSMUSG00000037820	-	13	0	12	0	150	NA	NA	NA	10
ENSMUST00000109485.9	ENSMUSG00000027652	+	31	1	29	0	193	NA	NA	30	186
ENSMUST00000029183.3	ENSMUSG00000027654	+	4	0	3	0	990	NA	NA	NA	474
ENSMUST00000109478.9	ENSMUSG00000027655	+	22	0	21	0	44	NA	NA	NA	40
ENSMUST00000099126.5	ENSMUSG00000074622	-	1	0	0	0	NA	NA	NA	NA	NA
ENSMUST00000109468.3	ENSMUSG00000070544	+	21	0	20	0	102	NA	NA	NA	33
ENSMUST00000109462.8	ENSMUSG00000016933	+	32	0	31	0	42	NA	NA	NA	217
ENSMUST00000103111.9	ENSMUSG00000035877	-	3	1	1	0	10	NA	NA	134	2845
ENSMUST00000039782.14	ENSMUSG00000057133	-	37	1	35	0	887	NA	NA	23	33
ENSMUST00000130411.7	ENSMUSG00000016921	+	6	0	5	0	345	NA	NA	NA	107
ENSMUST00000018002.13	ENSMUSG00000017858	+	13	1	11	0	157	NA	NA	6	119
ENSMUST00000018005.10	ENSMUSG00000017861	+	14	0	13	0	128	NA	NA	NA	20
ENSMUST00000046908.10	ENSMUSG00000035399	-	4	1	2	0	684	NA	NA	44	77
ENSMUST00000109418.2	ENSMUSG00000048486	-	2	0	1	0	615	NA	NA	NA	173
ENSMUST00000171696.8	ENSMUSG00000017679	+	5	1	3	0	278	NA	NA	18	448
ENSMUST00000017851.4	ENSMUSG00000017707	-	10	0	9	0	138	NA	NA	NA	39
ENSMUST00000164399.8	ENSMUSG00000035268	+	3	1	1	0	79	NA	NA	23	151
ENSMUST00000017841.4	ENSMUSG00000017697	-	12	0	10	1	83	17	17	NA	33
ENSMUST00000018470.10	ENSMUSG00000018326	+	6	1	4	0	56	NA	NA	3	300
ENSMUST00000109384.10	ENSMUSG00000018322	-	7	0	6	0	104	NA	NA	NA	127
ENSMUST00000018353.14	ENSMUSG00000018209	+	11	0	10	0	158	NA	NA	NA	35
ENSMUST00000017153.4	ENSMUSG00000017009	-	5	0	4	0	151	NA	NA	NA	75
ENSMUST00000109352.8	ENSMUSG00000045503	+	6	3	2	0	240	NA	NA	75	162
ENSMUST00000109345.9	ENSMUSG00000017723	+	4	0	2	1	145	2	2	NA	79
ENSMUST00000017443.14	ENSMUSG00000017299	+	13	0	12	0	138	NA	NA	NA	105
ENSMUST00000056181.7	ENSMUSG00000050373	+	3	0	2	0	674	NA	NA	NA	259
ENSMUST00000052107.5	ENSMUSG00000045822	+	2	0	1	0	1932	NA	NA	NA	155
ENSMUST00000017908.3	ENSMUSG00000017764	+	2	1	0	0	1515	NA	NA	148	NA
ENSMUST00000103092.9	ENSMUSG00000017760	+	16	1	14	0	83	NA	NA	73	54
ENSMUST00000041643.5	ENSMUSG00000039849	+	17	2	14	0	240	NA	NA	19	124
ENSMUST00000041361.14	ENSMUSG00000039834	-	28	1	26	0	127	NA	NA	50	201
ENSMUST00000040381.15	ENSMUSG00000039804	-	8	1	6	0	589	NA	NA	29	38
ENSMUST00000109299.8	ENSMUSG00000017664	-	10	1	8	0	127	NA	NA	167	120
ENSMUST00000103091.9	ENSMUSG00000017670	-	21	1	19	0	200	NA	NA	35	78
ENSMUST00000088095.7	ENSMUSG00000027678	+	23	2	20	0	11	NA	NA	19	86
ENSMUST00000109249.9	ENSMUSG00000006800	-	21	1	19	0	30	NA	NA	92	175
ENSMUST00000099078.10	ENSMUSG00000074582	+	39	0	38	0	176	NA	NA	NA	121
ENSMUST00000002790.14	ENSMUSG00000002718	+	25	1	23	0	89	NA	NA	10	85
ENSMUST00000109236.9	ENSMUSG00000039536	-	12	1	10	0	15	NA	NA	59	80
ENSMUST00000018143.16	ENSMUSG00000017999	+	21	0	20	0	18	NA	NA	NA	93
ENSMUST00000048988.14	ENSMUSG00000039501	-	14	1	12	0	2438	NA	NA	50	61
ENSMUST00000109221.9	ENSMUSG00000017929	-	9	0	8	0	147	NA	NA	NA	115
ENSMUST00000047815.13	ENSMUSG00000039463	+	17	0	15	1	107	41	41	NA	14
ENSMUST00000057627.16	ENSMUSG00000047030	-	3	1	1	0	1229	NA	NA	118	318
ENSMUST00000052631.8	ENSMUSG00000042821	+	3	0	2	0	184	NA	NA	NA	82
ENSMUST00000006587.7	ENSMUSG00000090213	-	6	0	5	0	121	NA	NA	NA	124
ENSMUST00000070642.4	ENSMUSG00000056501	+	1	0	0	0	NA	NA	NA	NA	NA
ENSMUST00000029053.8	ENSMUSG00000027540	+	9	0	8	0	213	NA	NA	NA	63
ENSMUST00000052125.7	ENSMUSG00000044641	+	3	0	2	0	826	NA	NA	NA	66
ENSMUST00000074618.10	ENSMUSG00000027544	-	10	0	9	0	55	NA	NA	NA	130
ENSMUST00000029060.11	ENSMUSG00000027546	-	28	0	27	0	136	NA	NA	NA	68
ENSMUST00000109162.9	ENSMUSG00000027551	-	9	0	8	0	709	NA	NA	NA	46
ENSMUST00000063710.13	ENSMUSG00000052056	-	6	1	3	1	109	26	26	348	1387
ENSMUST00000028995.5	ENSMUSG00000027495	+	3	0	2	0	216	NA	NA	NA	186
ENSMUST00000009143.8	ENSMUSG00000008999	-	7	0	6	0	149	NA	NA	NA	415
ENSMUST00000029013.10	ENSMUSG00000027509	+	12	1	10	0	86	NA	NA	5	90
ENSMUST00000173393.8	ENSMUSG00000027510	+	5	1	3	0	303	NA	NA	368	231
ENSMUST00000036248.13	ENSMUSG00000038400	-	4	0	3	0	521	NA	NA	NA	97
ENSMUST00000029024.10	ENSMUSG00000027519	+	7	0	6	0	97	NA	NA	NA	36
ENSMUST00000067530.6	ENSMUSG00000054455	+	6	0	5	0	158	NA	NA	NA	58
ENSMUST00000087908.10	ENSMUSG00000027522	+	9	0	8	0	104	NA	NA	NA	132
ENSMUST00000044415.16	ENSMUSG00000039263	+	12	0	11	0	161	NA	NA	NA	150
ENSMUST00000185956.7	ENSMUSG00000027523	+	12	0	11	0	146	NA	NA	NA	2356
ENSMUST00000016401.15	ENSMUSG00000016257	-	6	0	5	0	122	NA	NA	NA	32
ENSMUST00000000314.13	ENSMUSG00000000305	+	16	0	15	0	206	NA	NA	NA	57
ENSMUST00000055485.12	ENSMUSG00000039108	+	9	0	7	1	171	14	14	NA	127
ENSMUST00000041126.9	ENSMUSG00000039086	+	11	0	10	0	26	NA	NA	NA	69
ENSMUST00000040668.9	ENSMUSG00000039050	+	14	1	12	0	102	NA	NA	97	37
ENSMUST00000169630.8	ENSMUSG00000027569	+	6	1	4	0	187	NA	NA	197	148
ENSMUST00000029087.4	ENSMUSG00000049401	+	7	0	6	0	1317	NA	NA	NA	141
ENSMUST00000087517.10	ENSMUSG00000038914	-	16	2	13	0	3244	NA	NA	2	830
ENSMUST00000029090.9	ENSMUSG00000027573	+	5	1	3	0	173	NA	NA	12	118
ENSMUST00000037299.15	ENSMUSG00000038848	-	5	0	4	0	26	NA	NA	NA	27
ENSMUST00000029092.13	ENSMUSG00000027575	+	14	2	11	0	333	NA	NA	4	60
ENSMUST00000067120.14	ENSMUSG00000027577	-	6	0	5	0	125	NA	NA	NA	82
ENSMUST00000055990.9	ENSMUSG00000016349	-	8	1	6	0	127	NA	NA	75	144
ENSMUST00000049032.13	ENSMUSG00000038705	-	10	1	8	0	640	NA	NA	42	131
ENSMUST00000127988.8	ENSMUSG00000038671	-	8	1	6	0	87	NA	NA	14	93
ENSMUST00000029106.13	ENSMUSG00000027583	-	5	1	3	0	404	NA	NA	33	937
ENSMUST00000069712.9	ENSMUSG00000000827	+	7	0	6	0	95	NA	NA	NA	19
ENSMUST00000072334.12	ENSMUSG00000000826	+	5	1	3	0	103	NA	NA	11	107
ENSMUST00000108789.9	ENSMUSG00000000823	-	17	1	15	0	251	NA	NA	2	124
ENSMUST00000060173.9	ENSMUSG00000038605	-	5	0	4	0	22	NA	NA	NA	91
ENSMUST00000136481.8	ENSMUSG00000002455	+	21	0	20	0	153	NA	NA	NA	71
ENSMUST00000029116.14	ENSMUSG00000027589	+	7	2	4	0	373	NA	NA	24	307
ENSMUST00000028999.12	ENSMUSG00000027499	+	3	1	1	0	79	NA	NA	27	151
ENSMUST00000051064.9	ENSMUSG00000043542	+	9	0	8	0	165	NA	NA	NA	16
ENSMUST00000029002.9	ENSMUSG00000027500	+	5	0	4	0	59	NA	NA	NA	19
ENSMUST00000042412.5	ENSMUSG00000040289	-	5	0	4	0	568	NA	NA	NA	89
ENSMUST00000091354.12	ENSMUSG00000027506	-	6	0	5	0	122	NA	NA	NA	136
ENSMUST00000155203.2	ENSMUSG00000069114	+	6	0	5	0	299	NA	NA	NA	951
ENSMUST00000161949.8	ENSMUSG00000027508	-	9	3	5	0	362	NA	NA	76	131
ENSMUST00000029046.9	ENSMUSG00000027533	+	4	0	3	0	53	NA	NA	NA	79
ENSMUST00000065938.15	ENSMUSG00000027531	-	9	1	7	0	115	NA	NA	3	63
ENSMUST00000029049.7	ENSMUSG00000027536	+	5	0	4	0	61	NA	NA	NA	190
ENSMUST00000029047.12	ENSMUSG00000027534	-	8	1	6	0	96	NA	NA	99	375
ENSMUST00000169079.8	ENSMUSG00000027550	+	19	0	18	0	122	NA	NA	NA	89
ENSMUST00000029069.13	ENSMUSG00000027552	+	8	0	7	0	109	NA	NA	NA	204
ENSMUST00000029071.9	ENSMUSG00000027555	+	7	0	6	0	119	NA	NA	NA	37
ENSMUST00000029078.9	ENSMUSG00000027562	+	7	0	6	0	119	NA	NA	NA	34
ENSMUST00000108345.9	ENSMUSG00000047213	+	5	0	4	0	23	NA	NA	NA	24
ENSMUST00000035625.7	ENSMUSG00000039519	-	6	0	5	0	296	NA	NA	NA	116
ENSMUST00000029125.10	ENSMUSG00000027599	-	7	1	5	0	191	NA	NA	38	183
ENSMUST00000117529.8	ENSMUSG00000027601	+	8	1	6	0	68	NA	NA	76	66
ENSMUST00000099195.10	ENSMUSG00000069094	-	13	0	12	0	205	NA	NA	NA	138
ENSMUST00000012580.13	ENSMUSG00000027615	-	17	0	16	0	127	NA	NA	NA	217
ENSMUST00000002502.12	ENSMUSG00000002428	+	25	0	24	0	152	NA	NA	NA	20
ENSMUST00000178328.8	ENSMUSG00000019528	-	7	0	6	0	173	NA	NA	NA	7
ENSMUST00000193734.6	ENSMUSG00000027630	+	17	3	13	0	26	NA	NA	45	58
ENSMUST00000108300.8	ENSMUSG00000027699	-	25	1	23	0	89	NA	NA	22	130
ENSMUST00000046515.15	ENSMUSG00000027698	+	5	0	4	0	617	NA	NA	NA	138
ENSMUST00000046383.12	ENSMUSG00000039304	+	5	0	4	0	445	NA	NA	NA	144
ENSMUST00000195008.6	ENSMUSG00000039286	-	27	2	24	0	311	NA	NA	28	111
ENSMUST00000123539.8	ENSMUSG00000027695	+	27	1	25	0	224	NA	NA	31	160
ENSMUST00000060500.9	ENSMUSG00000050192	+	5	1	3	0	59	NA	NA	36	165
ENSMUST00000192715.6	ENSMUSG00000037730	+	8	1	6	0	262	NA	NA	31	266
ENSMUST00000108249.9	ENSMUSG00000037643	+	18	0	17	0	87	NA	NA	NA	101
ENSMUST00000029194.12	ENSMUSG00000027660	+	7	1	5	0	158	NA	NA	628	1089
ENSMUST00000029199.11	ENSMUSG00000027663	-	6	1	4	0	211	NA	NA	57	270
ENSMUST00000108243.8	ENSMUSG00000027665	+	21	1	19	0	270	NA	NA	76	352
ENSMUST00000091257.11	ENSMUSG00000027668	+	18	1	16	0	78	NA	NA	7	112
ENSMUST00000155737.8	ENSMUSG00000027669	-	10	1	8	0	106	NA	NA	39	57
ENSMUST00000029214.14	ENSMUSG00000027671	+	14	0	13	0	80	NA	NA	NA	25
ENSMUST00000072312.12	ENSMUSG00000056900	+	21	0	20	0	93	NA	NA	NA	162
ENSMUST00000108210.9	ENSMUSG00000027677	+	12	0	11	0	903	NA	NA	NA	158
ENSMUST00000108195.10	ENSMUSG00000027679	-	6	0	5	0	70	NA	NA	NA	3
ENSMUST00000029257.15	ENSMUSG00000037400	+	30	0	29	0	81	NA	NA	NA	27
ENSMUST00000108182.10	ENSMUSG00000027708	-	7	0	6	0	79	NA	NA	NA	3
ENSMUST00000029266.14	ENSMUSG00000027712	-	13	1	11	0	62	NA	NA	28	3
ENSMUST00000029269.12	ENSMUSG00000027714	+	12	0	11	0	78	NA	NA	NA	66
ENSMUST00000029270.10	ENSMUSG00000027715	-	8	0	7	0	48	NA	NA	NA	186
ENSMUST00000099130.9	ENSMUSG00000050174	-	5	0	4	0	394	NA	NA	NA	229
ENSMUST00000108112.10	ENSMUSG00000027722	+	16	0	15	0	176	NA	NA	NA	160
ENSMUST00000108109.8	ENSMUSG00000037211	+	3	2	0	0	996	NA	NA	55	NA
ENSMUST00000120875.8	ENSMUSG00000044864	-	4	1	2	0	88	NA	NA	782	512
ENSMUST00000204702.3	ENSMUSG00000025757	+	19	0	18	0	188	NA	NA	NA	107
ENSMUST00000026858.11	ENSMUSG00000025758	+	16	0	15	0	102	NA	NA	NA	30
ENSMUST00000026859.11	ENSMUSG00000025759	-	12	0	11	0	206	NA	NA	NA	65
ENSMUST00000058578.8	ENSMUSG00000049940	-	3	0	2	0	97	NA	NA	NA	400
ENSMUST00000191952.2	ENSMUSG00000025764	+	9	1	7	0	548	NA	NA	26	52
ENSMUST00000035931.13	ENSMUSG00000037892	-	4	0	3	0	667	NA	NA	NA	2487
ENSMUST00000029297.6	ENSMUSG00000027737	-	12	0	11	0	64	NA	NA	NA	277
ENSMUST00000144826.2	ENSMUSG00000023087	+	2	0	1	0	835	NA	NA	NA	262
ENSMUST00000194641.6	ENSMUSG00000037174	-	10	2	7	0	624	NA	NA	158	72
ENSMUST00000029303.13	ENSMUSG00000063273	+	20	0	19	0	200	NA	NA	NA	54
ENSMUST00000054387.8	ENSMUSG00000027739	+	2	0	1	0	440	NA	NA	NA	249
ENSMUST00000037141.9	ENSMUSG00000037111	-	8	0	7	0	180	NA	NA	NA	40
ENSMUST00000053764.7	ENSMUSG00000044167	+	3	0	1	1	1337	15	15	NA	621
ENSMUST00000036665.10	ENSMUSG00000027742	-	19	0	18	0	147	NA	NA	NA	153
ENSMUST00000056749.14	ENSMUSG00000042997	-	7	0	6	0	252	NA	NA	NA	84
ENSMUST00000058577.5	ENSMUSG00000049504	+	13	0	12	0	122	NA	NA	NA	45
ENSMUST00000146598.8	ENSMUSG00000027746	-	6	0	5	0	67	NA	NA	NA	2
ENSMUST00000170552.6	ENSMUSG00000027751	+	20	1	18	0	13	NA	NA	82	3
ENSMUST00000044567.4	ENSMUSG00000036632	+	10	0	9	0	115	NA	NA	NA	66
ENSMUST00000029371.3	ENSMUSG00000027796	+	6	1	4	0	143	NA	NA	206	412
ENSMUST00000044373.6	ENSMUSG00000036615	-	3	0	2	0	110	NA	NA	NA	477
ENSMUST00000107971.9	ENSMUSG00000036580	+	8	1	6	0	270	NA	NA	2	810
ENSMUST00000196745.5	ENSMUSG00000027797	+	17	1	15	0	164	NA	NA	20	376
ENSMUST00000029374.8	ENSMUSG00000027799	-	58	0	57	0	90	NA	NA	NA	264
ENSMUST00000171384.8	ENSMUSG00000027800	-	5	0	4	0	14	NA	NA	NA	177
ENSMUST00000029380.14	ENSMUSG00000027803	-	7	1	5	0	184	NA	NA	4	431
ENSMUST00000160959.8	ENSMUSG00000036513	-	5	0	4	0	197	NA	NA	NA	67
ENSMUST00000041826.14	ENSMUSG00000036503	+	10	1	8	0	364	NA	NA	12	114
ENSMUST00000066882.10	ENSMUSG00000027805	-	3	0	2	0	97	NA	NA	NA	132
ENSMUST00000199164.2	ENSMUSG00000027806	+	3	0	2	0	260	NA	NA	NA	1925
ENSMUST00000029385.9	ENSMUSG00000027808	-	3	0	2	0	40	NA	NA	NA	84
ENSMUST00000107924.3	ENSMUSG00000075700	+	6	0	4	1	124	30	30	NA	137
ENSMUST00000070368.8	ENSMUSG00000036432	-	2	0	1	0	557	NA	NA	NA	420
ENSMUST00000193517.6	ENSMUSG00000027763	+	9	0	7	1	56	19	19	NA	174
ENSMUST00000029331.7	ENSMUSG00000027765	+	2	0	0	1	NA	37	37	NA	1158
ENSMUST00000029336.6	ENSMUSG00000027770	-	25	0	24	0	185	NA	NA	NA	222
ENSMUST00000194150.6	ENSMUSG00000027820	+	23	1	21	0	99	NA	NA	10	160
ENSMUST00000161659.8	ENSMUSG00000027822	-	7	0	5	1	167	28	28	NA	775
ENSMUST00000029405.8	ENSMUSG00000027823	+	16	0	15	0	101	NA	NA	NA	27
ENSMUST00000049230.11	ENSMUSG00000027827	+	14	0	13	0	89	NA	NA	NA	221
ENSMUST00000029414.12	ENSMUSG00000027828	-	5	0	4	0	66	NA	NA	NA	133
ENSMUST00000047906.10	ENSMUSG00000034640	+	6	1	4	0	447	NA	NA	41	920
ENSMUST00000029416.14	ENSMUSG00000027829	-	11	0	10	0	348	NA	NA	NA	321
ENSMUST00000029422.14	ENSMUSG00000027833	-	5	0	4	0	293	NA	NA	NA	346
ENSMUST00000162036.8	ENSMUSG00000034544	+	10	1	8	0	92	NA	NA	2	194
ENSMUST00000077916.12	ENSMUSG00000048416	+	7	0	6	0	105	NA	NA	NA	47
ENSMUST00000058981.3	ENSMUSG00000047557	-	6	0	5	0	98	NA	NA	NA	129
ENSMUST00000107812.8	ENSMUSG00000027778	-	20	1	18	0	110	NA	NA	45	37
ENSMUST00000107802.8	ENSMUSG00000034317	-	3	2	0	0	1214	NA	NA	3	NA
ENSMUST00000194558.6	ENSMUSG00000027782	-	17	0	16	0	98	NA	NA	NA	69
ENSMUST00000029355.9	ENSMUSG00000027784	+	4	0	3	0	346	NA	NA	NA	399
ENSMUST00000029358.15	ENSMUSG00000027787	+	16	1	14	0	130	NA	NA	14	44
ENSMUST00000161137.8	ENSMUSG00000027835	-	8	1	6	0	81	NA	NA	123	96
ENSMUST00000029423.9	ENSMUSG00000027834	+	9	1	7	0	76	NA	NA	18	250
ENSMUST00000117242.8	ENSMUSG00000034109	-	16	0	15	0	146	NA	NA	NA	187
ENSMUST00000118100.8	ENSMUSG00000062232	-	24	0	23	0	25	NA	NA	NA	60
ENSMUST00000133154.7	ENSMUSG00000061175	-	18	0	17	0	78	NA	NA	NA	95
ENSMUST00000029382.13	ENSMUSG00000027804	+	10	0	9	0	88	NA	NA	NA	85
ENSMUST00000029386.14	ENSMUSG00000027809	-	13	0	12	0	163	NA	NA	NA	34
ENSMUST00000029654.15	ENSMUSG00000028020	-	10	1	8	0	293	NA	NA	29	122
ENSMUST00000029652.4	ENSMUSG00000028019	+	6	0	5	0	116	NA	NA	NA	118
ENSMUST00000091014.10	ENSMUSG00000033900	+	14	1	12	0	122	NA	NA	75	75
ENSMUST00000150268.8	ENSMUSG00000027998	+	15	0	14	0	59	NA	NA	NA	9
ENSMUST00000191758.6	ENSMUSG00000033767	-	35	0	34	0	272	NA	NA	NA	124
ENSMUST00000054990.11	ENSMUSG00000027993	-	12	0	11	0	152	NA	NA	NA	30
ENSMUST00000107675.8	ENSMUSG00000028086	+	11	0	10	0	268	NA	NA	NA	147
ENSMUST00000127348.8	ENSMUSG00000028085	+	13	0	12	0	128	NA	NA	NA	176
ENSMUST00000118408.8	ENSMUSG00000051000	-	12	1	10	0	253	NA	NA	119	105
ENSMUST00000238331.2	ENSMUSG00000028082	+	21	6	14	0	116	NA	NA	299	691
ENSMUST00000107635.7	ENSMUSG00000028080	+	57	1	55	0	90	NA	NA	220	216
ENSMUST00000119109.8	ENSMUSG00000003382	+	5	1	3	0	1141	NA	NA	10	46
ENSMUST00000039476.15	ENSMUSG00000041977	+	40	0	39	0	58	NA	NA	NA	32
ENSMUST00000005015.10	ENSMUSG00000004895	-	7	0	6	0	86	NA	NA	NA	468
ENSMUST00000005017.15	ENSMUSG00000004897	+	6	0	5	0	6	NA	NA	NA	87
ENSMUST00000119968.8	ENSMUSG00000019710	+	6	1	4	0	136	NA	NA	49	183
ENSMUST00000005016.16	ENSMUSG00000004896	-	8	0	7	0	121	NA	NA	NA	111
ENSMUST00000055984.7	ENSMUSG00000048039	+	4	1	2	0	113	NA	NA	153	792
ENSMUST00000071812.11	ENSMUSG00000028068	+	38	0	37	0	113	NA	NA	NA	37
ENSMUST00000107558.9	ENSMUSG00000001419	+	11	1	9	0	11	NA	NA	131	54
ENSMUST00000001452.14	ENSMUSG00000001416	+	14	0	13	0	104	NA	NA	NA	31
ENSMUST00000177005.8	ENSMUSG00000001418	+	6	0	5	0	165	NA	NA	NA	120
ENSMUST00000001451.11	ENSMUSG00000001415	+	22	0	21	0	83	NA	NA	NA	74
ENSMUST00000193433.6	ENSMUSG00000050144	-	4	1	2	0	191	NA	NA	13	625
ENSMUST00000029699.13	ENSMUSG00000028063	-	12	0	11	0	26	NA	NA	NA	356
ENSMUST00000008748.8	ENSMUSG00000008604	+	11	0	10	0	152	NA	NA	NA	108
ENSMUST00000195014.6	ENSMUSG00000041355	+	6	0	4	0	110	NA	NA	0	155
ENSMUST00000029696.11	ENSMUSG00000028060	+	14	0	13	0	199	NA	NA	NA	38
ENSMUST00000029692.15	ENSMUSG00000028057	+	6	1	4	0	230	NA	NA	39	106
ENSMUST00000107505.8	ENSMUSG00000068923	-	5	1	3	0	310	NA	NA	666	34
ENSMUST00000107498.9	ENSMUSG00000054199	+	32	1	30	0	149	NA	NA	26	505
ENSMUST00000186583.7	ENSMUSG00000028053	+	28	1	26	0	91	NA	NA	100	417
ENSMUST00000249939.1	ENSMUSG00000068917	+	13	0	12	0	185	NA	NA	NA	45
ENSMUST00000120697.8	ENSMUSG00000028049	+	9	0	8	0	146	NA	NA	NA	66
ENSMUST00000041913.13	ENSMUSG00000032657	+	12	0	11	0	173	NA	NA	NA	225
ENSMUST00000077367.11	ENSMUSG00000028048	+	11	1	9	0	105	NA	NA	15	55
ENSMUST00000029682.11	ENSMUSG00000028047	+	23	0	22	0	58	NA	NA	NA	79
ENSMUST00000040888.12	ENSMUSG00000042747	+	5	0	4	0	120	NA	NA	NA	4
ENSMUST00000029565.11	ENSMUSG00000027953	-	6	0	5	0	101	NA	NA	NA	80
ENSMUST00000029566.9	ENSMUSG00000027954	-	5	0	4	0	112	NA	NA	NA	92
ENSMUST00000029674.8	ENSMUSG00000028040	-	4	0	3	0	142	NA	NA	NA	113
ENSMUST00000029676.12	ENSMUSG00000028041	-	23	0	22	0	42	NA	NA	NA	79
ENSMUST00000107433.8	ENSMUSG00000028042	-	3	1	1	0	468	NA	NA	6	1166
ENSMUST00000129308.9	ENSMUSG00000042642	-	8	1	6	0	135	NA	NA	136	87
ENSMUST00000029679.4	ENSMUSG00000028044	-	3	0	2	0	52	NA	NA	NA	59
ENSMUST00000094378.10	ENSMUSG00000042626	+	12	0	11	0	128	NA	NA	NA	495
ENSMUST00000038942.10	ENSMUSG00000042613	+	11	1	9	0	93	NA	NA	34	51
ENSMUST00000029563.14	ENSMUSG00000027951	+	15	0	14	0	246	NA	NA	NA	28
ENSMUST00000038356.13	ENSMUSG00000042572	+	13	0	12	0	31	NA	NA	NA	327
ENSMUST00000029559.7	ENSMUSG00000027947	-	10	0	9	0	225	NA	NA	NA	85
ENSMUST00000168276.8	ENSMUSG00000060671	-	28	1	26	0	278	NA	NA	36	31
ENSMUST00000079724.9	ENSMUSG00000027944	-	7	0	6	0	85	NA	NA	NA	53
ENSMUST00000064639.15	ENSMUSG00000042520	-	28	1	26	0	95	NA	NA	40	90
ENSMUST00000029546.15	ENSMUSG00000027937	+	5	0	4	0	156	NA	NA	NA	83
ENSMUST00000015467.9	ENSMUSG00000052310	+	4	1	2	0	656	NA	NA	31	187
ENSMUST00000029545.15	ENSMUSG00000027936	+	14	0	13	0	220	NA	NA	NA	153
ENSMUST00000098914.10	ENSMUSG00000042404	+	28	0	27	0	145	NA	NA	NA	10
ENSMUST00000199754.5	ENSMUSG00000042390	+	11	1	9	0	133	NA	NA	1	338
ENSMUST00000071488.8	ENSMUSG00000027933	-	31	0	29	1	77	36	36	NA	147
ENSMUST00000001042.10	ENSMUSG00000001016	+	14	0	13	0	160	NA	NA	NA	5
ENSMUST00000149884.2	ENSMUSG00000001018	-	4	0	3	0	101	NA	NA	NA	143
ENSMUST00000049937.13	ENSMUSG00000001017	-	6	1	4	0	205	NA	NA	17	65
ENSMUST00000001046.7	ENSMUSG00000001020	+	3	1	1	0	164	NA	NA	15	141
ENSMUST00000029515.5	ENSMUSG00000027907	+	3	1	1	0	155	NA	NA	8	141
ENSMUST00000045756.14	ENSMUSG00000041959	+	3	1	1	0	161	NA	NA	20	132
ENSMUST00000049822.10	ENSMUSG00000028145	+	6	0	5	0	40	NA	NA	NA	72
ENSMUST00000166032.8	ENSMUSG00000041912	+	14	1	11	1	49	43	43	26	124
ENSMUST00000006123.11	ENSMUSG00000005968	-	13	0	12	0	63	NA	NA	NA	60
ENSMUST00000238849.2	ENSMUSG00000068876	-	21	1	19	0	141	NA	NA	29	840
ENSMUST00000249403.1	ENSMUSG00000038902	+	19	0	18	0	1671	NA	NA	NA	47
ENSMUST00000090839.12	ENSMUSG00000068874	+	12	0	11	0	162	NA	NA	NA	4
ENSMUST00000107260.9	ENSMUSG00000005774	+	11	2	8	0	1118	NA	NA	13	113
ENSMUST00000125476.8	ENSMUSG00000038861	+	12	0	11	0	181	NA	NA	NA	8
ENSMUST00000019482.8	ENSMUSG00000019338	-	9	1	7	0	491	NA	NA	17	2115
ENSMUST00000107237.8	ENSMUSG00000005625	-	10	0	9	0	170	NA	NA	NA	26
ENSMUST00000107233.9	ENSMUSG00000028126	-	15	0	14	0	2	NA	NA	NA	76
ENSMUST00000066386.6	ENSMUSG00000053769	+	3	0	2	0	138	NA	NA	NA	180
ENSMUST00000107209.8	ENSMUSG00000038766	-	9	2	6	0	305	NA	NA	32	108
ENSMUST00000065482.6	ENSMUSG00000053192	-	2	1	0	0	278	NA	NA	6	NA
ENSMUST00000053872.12	ENSMUSG00000046722	+	5	1	2	1	77	15	15	254	54
ENSMUST00000015855.8	ENSMUSG00000015711	-	8	0	7	0	431	NA	NA	NA	39
ENSMUST00000015858.12	ENSMUSG00000015714	+	11	1	9	0	140	NA	NA	1	173
ENSMUST00000015841.12	ENSMUSG00000015697	-	22	1	20	0	117	NA	NA	9	260
ENSMUST00000102749.11	ENSMUSG00000015522	+	22	0	21	0	89	NA	NA	NA	25
ENSMUST00000015667.9	ENSMUSG00000038642	+	8	0	7	0	99	NA	NA	NA	26
ENSMUST00000177390.8	ENSMUSG00000046519	+	5	1	3	0	427	NA	NA	6	183
ENSMUST00000058230.13	ENSMUSG00000038619	+	4	0	3	0	15	NA	NA	NA	57
ENSMUST00000178686.2	ENSMUSG00000038612	+	4	0	3	0	116	NA	NA	NA	52
ENSMUST00000117782.8	ENSMUSG00000015850	-	18	1	16	0	136	NA	NA	196	20
ENSMUST00000029753.14	ENSMUSG00000028108	-	11	0	10	0	230	NA	NA	NA	70
ENSMUST00000015892.14	ENSMUSG00000015748	-	16	1	14	0	146	NA	NA	49	145
ENSMUST00000056710.10	ENSMUSG00000015750	+	7	0	6	0	64	NA	NA	NA	113
ENSMUST00000165307.8	ENSMUSG00000015749	+	7	0	6	0	70	NA	NA	NA	54
ENSMUST00000015889.10	ENSMUSG00000015745	-	6	0	5	0	704	NA	NA	NA	27
ENSMUST00000090785.9	ENSMUSG00000038495	+	13	2	10	0	1199	NA	NA	66	85
ENSMUST00000076372.5	ENSMUSG00000068856	+	6	0	5	0	187	NA	NA	NA	34
ENSMUST00000035371.9	ENSMUSG00000038486	+	13	1	11	0	183	NA	NA	347	622
ENSMUST00000074519.13	ENSMUSG00000038393	+	8	0	7	0	50	NA	NA	NA	250
ENSMUST00000091924.10	ENSMUSG00000028104	-	8	1	6	0	86	NA	NA	42	126
ENSMUST00000062058.5	ENSMUSG00000049288	+	6	0	5	0	242	NA	NA	NA	292
ENSMUST00000118557.8	ENSMUSG00000028102	+	4	0	3	0	405	NA	NA	NA	56
ENSMUST00000064900.16	ENSMUSG00000028101	+	14	0	13	0	266	NA	NA	NA	24
ENSMUST00000029740.14	ENSMUSG00000028098	+	9	0	8	0	131	NA	NA	NA	102
ENSMUST00000046521.14	ENSMUSG00000038256	-	10	3	6	0	1117	NA	NA	260	53
ENSMUST00000029730.5	ENSMUSG00000028089	-	23	0	22	0	72	NA	NA	NA	109
ENSMUST00000045743.13	ENSMUSG00000038205	+	8	1	6	0	77	NA	NA	25	153
ENSMUST00000168438.9	ENSMUSG00000038170	-	46	0	45	0	41	NA	NA	NA	182
ENSMUST00000029476.9	ENSMUSG00000027879	+	5	0	4	0	154	NA	NA	NA	75
ENSMUST00000079812.8	ENSMUSG00000027878	+	34	0	33	0	1391	NA	NA	NA	73
ENSMUST00000056096.15	ENSMUSG00000050064	+	3	1	1	0	1468	NA	NA	37	241
ENSMUST00000004343.7	ENSMUSG00000004233	+	6	0	5	0	448	NA	NA	NA	90
ENSMUST00000029459.10	ENSMUSG00000027865	+	14	1	12	0	47	NA	NA	64	176
ENSMUST00000008907.14	ENSMUSG00000008763	-	13	0	12	0	132	NA	NA	NA	302
ENSMUST00000037409.13	ENSMUSG00000033233	+	6	0	5	0	148	NA	NA	NA	488
ENSMUST00000102694.4	ENSMUSG00000027864	-	9	0	8	0	166	NA	NA	NA	49
ENSMUST00000195164.2	ENSMUSG00000042035	+	11	0	10	0	250	NA	NA	NA	43
ENSMUST00000036493.8	ENSMUSG00000033161	-	23	0	22	0	28	NA	NA	NA	12
ENSMUST00000029453.13	ENSMUSG00000027860	-	8	1	6	0	260	NA	NA	114	71
ENSMUST00000029451.12	ENSMUSG00000027858	+	8	0	7	0	65	NA	NA	NA	69
ENSMUST00000029447.12	ENSMUSG00000027854	+	5	0	4	0	101	NA	NA	NA	159
ENSMUST00000029446.13	ENSMUSG00000068823	+	20	1	17	0	47	NA	NA	0	199
ENSMUST00000029445.13	ENSMUSG00000027852	+	7	1	3	2	119	5	47	17	111
ENSMUST00000029444.13	ENSMUSG00000033014	+	20	0	19	0	212	NA	NA	NA	568
ENSMUST00000118317.8	ENSMUSG00000008730	-	16	1	14	0	488	NA	NA	2	1076
ENSMUST00000029435.15	ENSMUSG00000027845	-	4	0	3	0	1087	NA	NA	NA	189
ENSMUST00000051139.13	ENSMUSG00000044098	+	8	0	6	1	452	4	4	NA	703
ENSMUST00000117150.8	ENSMUSG00000058388	+	19	1	17	0	20	NA	NA	31	45
ENSMUST00000064371.14	ENSMUSG00000052539	-	22	0	20	1	49	42	42	NA	322
ENSMUST00000046316.11	ENSMUSG00000032913	-	18	0	17	0	199	NA	NA	NA	236
ENSMUST00000046212.2	ENSMUSG00000032902	+	5	1	3	0	274	NA	NA	43	217
ENSMUST00000196817.5	ENSMUSG00000002233	+	5	1	3	0	173	NA	NA	8	156
ENSMUST00000106775.8	ENSMUSG00000002227	-	21	0	20	0	91	NA	NA	NA	170
ENSMUST00000059271.13	ENSMUSG00000045576	+	14	0	13	0	178	NA	NA	NA	214
ENSMUST00000077548.12	ENSMUSG00000062127	-	6	2	3	0	1478	NA	NA	9	99
ENSMUST00000090678.11	ENSMUSG00000068798	-	8	1	5	1	86	30	30	27	57
ENSMUST00000118209.8	ENSMUSG00000000563	-	8	1	6	0	77	NA	NA	371	40
ENSMUST00000010278.12	ENSMUSG00000000561	+	10	0	9	0	159	NA	NA	NA	115
ENSMUST00000068301.11	ENSMUSG00000040774	-	9	1	7	0	119	NA	NA	75	339
ENSMUST00000067630.13	ENSMUSG00000027900	+	9	2	6	0	110	NA	NA	14	131
ENSMUST00000098750.5	ENSMUSG00000056260	+	4	0	3	0	443	NA	NA	NA	62
ENSMUST00000199317.2	ENSMUSG00000087260	+	4	0	3	0	60	NA	NA	NA	35
ENSMUST00000061772.11	ENSMUSG00000048109	-	2	0	1	0	22	NA	NA	NA	2866
ENSMUST00000029490.15	ENSMUSG00000027893	-	17	0	16	0	6	NA	NA	NA	120
ENSMUST00000014743.10	ENSMUSG00000014599	-	9	0	7	1	45	14	14	NA	39
ENSMUST00000078912.7	ENSMUSG00000027889	-	18	0	17	0	206	NA	NA	NA	88
ENSMUST00000050909.7	ENSMUSG00000050947	+	2	1	0	0	1574	NA	NA	96	NA
ENSMUST00000106655.2	ENSMUSG00000048796	-	3	0	2	0	503	NA	NA	NA	148
ENSMUST00000102632.7	ENSMUSG00000068747	+	20	0	19	0	14	NA	NA	NA	300
ENSMUST00000090558.11	ENSMUSG00000068740	-	34	0	33	0	27	NA	NA	NA	3310
ENSMUST00000090553.12	ENSMUSG00000068739	-	11	0	10	0	151	NA	NA	NA	136
ENSMUST00000090546.6	ENSMUSG00000068732	-	3	0	2	0	82	NA	NA	NA	10
ENSMUST00000143054.2	ENSMUSG00000048100	+	4	0	3	0	170	NA	NA	NA	27
ENSMUST00000051145.15	ENSMUSG00000040389	+	15	1	13	0	142	NA	NA	9	158
ENSMUST00000029482.16	ENSMUSG00000027883	-	15	1	13	0	224	NA	NA	248	56
ENSMUST00000102621.11	ENSMUSG00000027882	-	19	0	18	0	91	NA	NA	NA	49
ENSMUST00000029480.9	ENSMUSG00000027881	-	6	0	5	0	843	NA	NA	NA	279
ENSMUST00000171143.2	ENSMUSG00000040339	-	11	0	10	0	42	NA	NA	NA	137
ENSMUST00000029477.11	ENSMUSG00000040322	+	10	0	9	0	184	NA	NA	NA	183
ENSMUST00000046864.14	ENSMUSG00000033721	+	27	0	26	0	41	NA	NA	NA	204
ENSMUST00000190378.2	ENSMUSG00000049300	-	2	0	0	1	NA	149	149	NA	1285
ENSMUST00000092154.10	ENSMUSG00000027981	-	15	0	13	1	56	16	16	NA	192
ENSMUST00000055676.4	ENSMUSG00000045092	-	2	1	0	0	1319	NA	NA	171	NA
ENSMUST00000067485.4	ENSMUSG00000054414	-	11	0	10	0	47	NA	NA	NA	80
ENSMUST00000029575.12	ENSMUSG00000027963	+	5	1	3	0	485	NA	NA	67	8
ENSMUST00000090464.7	ENSMUSG00000033502	-	16	0	15	0	29	NA	NA	NA	49
ENSMUST00000000348.15	ENSMUSG00000000339	-	11	0	10	0	101	NA	NA	NA	45
ENSMUST00000198311.5	ENSMUSG00000027959	+	17	0	16	0	106	NA	NA	NA	65
ENSMUST00000029570.9	ENSMUSG00000089911	-	12	0	11	0	206	NA	NA	NA	84
ENSMUST00000040603.14	ENSMUSG00000033400	-	34	1	32	0	117	NA	NA	68	82
ENSMUST00000040260.11	ENSMUSG00000033386	+	17	2	14	0	92	NA	NA	21	196
ENSMUST00000040097.14	ENSMUSG00000033377	-	8	0	7	0	43	NA	NA	NA	45
ENSMUST00000029780.12	ENSMUSG00000028134	-	14	0	13	0	132	NA	NA	NA	8
ENSMUST00000039442.12	ENSMUSG00000039887	+	4	0	3	0	230	NA	NA	NA	136
ENSMUST00000029773.13	ENSMUSG00000053931	+	7	0	6	0	344	NA	NA	NA	57
ENSMUST00000029771.13	ENSMUSG00000028128	+	6	0	5	0	133	NA	NA	NA	88
ENSMUST00000029770.8	ENSMUSG00000028127	-	23	0	22	0	77	NA	NA	NA	110
ENSMUST00000037958.14	ENSMUSG00000039831	+	23	1	21	0	874	NA	NA	32	205
ENSMUST00000029769.14	ENSMUSG00000028124	+	7	0	6	0	169	NA	NA	NA	126
ENSMUST00000029766.9	ENSMUSG00000028121	+	12	1	10	0	178	NA	NA	11	299
ENSMUST00000200389.2	ENSMUSG00000053965	+	21	0	20	0	137	NA	NA	NA	26
ENSMUST00000090379.7	ENSMUSG00000039701	-	16	1	14	0	873	NA	NA	517	144
ENSMUST00000047923.12	ENSMUSG00000039234	+	23	1	21	0	140	NA	NA	42	118
ENSMUST00000029759.16	ENSMUSG00000028114	-	11	0	10	0	304	NA	NA	NA	66
ENSMUST00000057944.12	ENSMUSG00000032854	-	6	1	4	0	363	NA	NA	2	822
ENSMUST00000200171.5	ENSMUSG00000053819	+	21	0	19	1	66	23	23	NA	65
ENSMUST00000029588.10	ENSMUSG00000027968	-	13	1	11	0	80	NA	NA	1	184
ENSMUST00000051737.8	ENSMUSG00000074238	-	10	0	9	0	262	NA	NA	NA	77
ENSMUST00000199273.2	ENSMUSG00000050549	-	2	0	1	0	245	NA	NA	NA	150
ENSMUST00000199910.5	ENSMUSG00000041220	+	4	0	3	0	430	NA	NA	NA	89
ENSMUST00000029624.15	ENSMUSG00000027994	-	8	0	7	0	77	NA	NA	NA	99
ENSMUST00000001079.15	ENSMUSG00000001052	-	24	0	23	0	114	NA	NA	NA	100
ENSMUST00000043937.9	ENSMUSG00000041084	-	4	0	3	0	18	NA	NA	NA	139
ENSMUST00000066849.13	ENSMUSG00000027985	+	11	0	9	1	34	7	7	NA	207
ENSMUST00000029610.9	ENSMUSG00000027984	-	8	0	7	0	118	NA	NA	NA	132
ENSMUST00000106337.7	ENSMUSG00000027983	-	5	0	4	0	178	NA	NA	NA	448
ENSMUST00000090246.5	ENSMUSG00000050931	-	6	1	4	0	203	NA	NA	237	455
ENSMUST00000029666.14	ENSMUSG00000028032	+	12	0	11	0	138	NA	NA	NA	60
ENSMUST00000169172.5	ENSMUSG00000028030	+	26	1	24	0	110	NA	NA	28	193
ENSMUST00000093971.5	ENSMUSG00000040998	-	14	0	13	0	83	NA	NA	NA	71
ENSMUST00000029651.11	ENSMUSG00000028018	-	12	1	10	0	136	NA	NA	21	429
ENSMUST00000029650.9	ENSMUSG00000028016	+	7	1	5	0	584	NA	NA	9	156
ENSMUST00000098603.8	ENSMUSG00000040943	-	11	2	8	0	1453	NA	NA	46	3160
ENSMUST00000062893.12	ENSMUSG00000045328	+	46	0	45	0	88	NA	NA	NA	56
ENSMUST00000029815.8	ENSMUSG00000028165	-	3	0	2	0	89	NA	NA	NA	103
ENSMUST00000197134.3	ENSMUSG00000078578	+	8	0	6	1	48	2	2	NA	24
ENSMUST00000029814.10	ENSMUSG00000028164	+	17	0	16	0	224	NA	NA	NA	177
ENSMUST00000029812.14	ENSMUSG00000028163	-	25	2	22	0	160	NA	NA	7	33
ENSMUST00000081978.10	ENSMUSG00000053897	+	9	1	7	0	149	NA	NA	232	219
ENSMUST00000056758.9	ENSMUSG00000028161	+	14	0	13	0	196	NA	NA	NA	58
ENSMUST00000053855.8	ENSMUSG00000046818	+	3	1	1	0	490	NA	NA	51	91
ENSMUST00000041045.14	ENSMUSG00000037894	+	5	0	4	0	61	NA	NA	NA	3
ENSMUST00000090178.10	ENSMUSG00000074212	+	8	0	7	0	124	NA	NA	NA	133
ENSMUST00000197064.5	ENSMUSG00000091512	+	7	1	5	0	73	NA	NA	37	9
ENSMUST00000040321.13	ENSMUSG00000004127	+	8	1	6	0	238	NA	NA	11	185
ENSMUST00000004232.10	ENSMUSG00000074207	+	9	0	8	0	24	NA	NA	NA	18
ENSMUST00000029804.13	ENSMUSG00000005813	-	11	0	10	0	163	NA	NA	NA	114
ENSMUST00000029803.12	ENSMUSG00000028156	+	8	1	6	0	114	NA	NA	29	18
ENSMUST00000029800.9	ENSMUSG00000028152	+	8	0	7	0	65	NA	NA	NA	81
ENSMUST00000098574.9	ENSMUSG00000028149	-	15	0	14	0	127	NA	NA	NA	4
ENSMUST00000029948.15	ENSMUSG00000052430	-	11	1	9	0	125	NA	NA	17	143
ENSMUST00000029941.16	ENSMUSG00000028273	-	13	1	11	0	89	NA	NA	42	96
ENSMUST00000029938.10	ENSMUSG00000028271	+	7	0	6	0	133	NA	NA	NA	17
ENSMUST00000043812.15	ENSMUSG00000004591	-	22	0	21	0	203	NA	NA	NA	48
ENSMUST00000121796.8	ENSMUSG00000028266	-	5	1	3	0	8	NA	NA	3	236
ENSMUST00000043325.9	ENSMUSG00000040151	-	7	0	6	0	226	NA	NA	NA	124
ENSMUST00000163279.6	ENSMUSG00000037062	-	9	0	8	0	107	NA	NA	NA	72
ENSMUST00000098534.9	ENSMUSG00000074182	+	10	0	9	0	40	NA	NA	NA	629
ENSMUST00000029845.15	ENSMUSG00000028194	+	6	0	5	0	116	NA	NA	NA	303
ENSMUST00000039517.11	ENSMUSG00000036863	+	7	0	6	0	496	NA	NA	NA	1171
ENSMUST00000106153.9	ENSMUSG00000036825	+	14	1	12	0	174	NA	NA	141	43
ENSMUST00000061937.13	ENSMUSG00000028189	+	7	0	6	0	191	NA	NA	NA	129
ENSMUST00000090031.12	ENSMUSG00000068523	+	3	0	1	1	125	15	15	NA	81
ENSMUST00000102515.10	ENSMUSG00000005034	-	10	0	9	0	125	NA	NA	NA	46
ENSMUST00000037942.11	ENSMUSG00000036745	+	22	1	20	0	120	NA	NA	174	25
ENSMUST00000197567.5	ENSMUSG00000028184	-	24	0	23	0	754	NA	NA	NA	73
ENSMUST00000029671.9	ENSMUSG00000028037	-	8	1	6	0	173	NA	NA	58	442
ENSMUST00000050073.13	ENSMUSG00000028035	-	3	0	2	0	233	NA	NA	NA	211
ENSMUST00000200524.5	ENSMUSG00000028034	+	20	0	19	0	41	NA	NA	NA	108
ENSMUST00000199423.5	ENSMUSG00000039103	-	13	0	12	0	13	NA	NA	NA	27
ENSMUST00000197748.5	ENSMUSG00000025437	+	24	1	22	0	157	NA	NA	51	81
ENSMUST00000106103.8	ENSMUSG00000039068	+	13	2	10	0	144	NA	NA	131	23
ENSMUST00000045262.11	ENSMUSG00000039058	-	14	0	13	0	68	NA	NA	NA	60
ENSMUST00000159899.8	ENSMUSG00000039047	+	11	0	10	0	116	NA	NA	NA	93
ENSMUST00000200397.5	ENSMUSG00000052544	-	5	0	4	0	186	NA	NA	NA	18
ENSMUST00000072697.13	ENSMUSG00000062908	-	12	0	11	0	71	NA	NA	NA	30
ENSMUST00000052774.8	ENSMUSG00000047583	-	6	0	5	0	213	NA	NA	NA	174
ENSMUST00000192462.6	ENSMUSG00000028199	+	9	1	7	0	161	NA	NA	13	111
ENSMUST00000066568.6	ENSMUSG00000053870	-	4	0	3	0	1453	NA	NA	NA	58
ENSMUST00000118539.2	ENSMUSG00000028179	-	12	0	11	0	8	NA	NA	NA	165
ENSMUST00000040787.13	ENSMUSG00000039988	+	13	0	12	0	130	NA	NA	NA	430
ENSMUST00000072875.15	ENSMUSG00000055436	-	12	0	11	0	194	NA	NA	NA	182
ENSMUST00000072080.10	ENSMUSG00000063052	+	15	0	14	0	105	NA	NA	NA	151
ENSMUST00000068952.10	ENSMUSG00000028173	+	12	0	11	0	109	NA	NA	NA	106
ENSMUST00000029891.12	ENSMUSG00000028232	-	8	2	5	0	104	NA	NA	64	325
ENSMUST00000052712.6	ENSMUSG00000028233	+	13	0	12	0	146	NA	NA	NA	104
ENSMUST00000041377.13	ENSMUSG00000042228	+	13	1	11	0	202	NA	NA	5	132
ENSMUST00000084949.3	ENSMUSG00000066324	-	5	0	4	0	268	NA	NA	NA	381
ENSMUST00000054857.13	ENSMUSG00000049119	+	3	2	0	0	1415	NA	NA	315	NA
ENSMUST00000029907.6	ENSMUSG00000028243	+	8	0	7	0	162	NA	NA	NA	84
ENSMUST00000029912.11	ENSMUSG00000028249	+	9	1	7	0	54	NA	NA	15	51
ENSMUST00000029910.12	ENSMUSG00000028245	-	31	0	30	0	94	NA	NA	NA	59
ENSMUST00000039987.4	ENSMUSG00000041272	-	9	0	8	0	36	NA	NA	NA	102
ENSMUST00000066674.8	ENSMUSG00000041261	-	9	0	7	1	134	36	36	NA	103
ENSMUST00000060232.8	ENSMUSG00000047187	+	8	0	7	0	95	NA	NA	NA	46
ENSMUST00000039267.10	ENSMUSG00000041235	+	38	1	36	0	917	NA	NA	181	1644
ENSMUST00000078139.13	ENSMUSG00000028207	-	24	0	23	0	150	NA	NA	NA	130
ENSMUST00000054776.4	ENSMUSG00000049969	-	2	1	0	0	763	NA	NA	14	NA
ENSMUST00000058183.9	ENSMUSG00000050323	-	9	0	8	0	128	NA	NA	NA	197
ENSMUST00000029865.4	ENSMUSG00000028211	+	4	1	2	0	249	NA	NA	147	112
ENSMUST00000170901.8	ENSMUSG00000028212	+	12	1	10	0	113	NA	NA	23	14
ENSMUST00000044616.10	ENSMUSG00000040738	-	28	0	26	1	116	4	4	NA	130
ENSMUST00000084892.12	ENSMUSG00000045205	-	19	0	18	0	164	NA	NA	NA	16
ENSMUST00000059914.13	ENSMUSG00000040720	+	24	0	23	0	154	NA	NA	NA	63
ENSMUST00000070755.13	ENSMUSG00000078773	+	15	1	13	0	211	NA	NA	16	135
ENSMUST00000108304.9	ENSMUSG00000028214	+	5	1	3	0	277	NA	NA	9	328
ENSMUST00000108301.8	ENSMUSG00000049225	-	2	0	1	0	1660	NA	NA	NA	133
ENSMUST00000050069.9	ENSMUSG00000046667	+	4	3	0	0	2538	NA	NA	28	NA
ENSMUST00000105566.9	ENSMUSG00000006586	+	12	1	10	0	275	NA	NA	82	88
ENSMUST00000236953.2	ENSMUSG00000040550	-	7	0	6	0	84	NA	NA	NA	175
ENSMUST00000029875.4	ENSMUSG00000028221	+	7	0	6	0	143	NA	NA	NA	106
ENSMUST00000062684.9	ENSMUSG00000043252	+	3	0	2	0	191	NA	NA	NA	798
ENSMUST00000037198.10	ENSMUSG00000041153	-	6	0	5	0	1032	NA	NA	NA	44
ENSMUST00000037035.12	ENSMUSG00000041135	-	11	0	10	0	337	NA	NA	NA	173
ENSMUST00000029881.10	ENSMUSG00000028226	+	10	0	9	0	334	NA	NA	NA	132
ENSMUST00000029885.5	ENSMUSG00000028228	-	16	1	14	0	110	NA	NA	8	132
ENSMUST00000108246.9	ENSMUSG00000041058	-	25	2	22	0	99	NA	NA	21	70
ENSMUST00000102997.8	ENSMUSG00000028252	+	12	0	11	0	54	NA	NA	NA	32
ENSMUST00000065111.15	ENSMUSG00000040455	+	18	1	16	0	130	NA	NA	10	100
ENSMUST00000029911.12	ENSMUSG00000028248	+	12	1	10	0	30	NA	NA	11	88
ENSMUST00000029908.8	ENSMUSG00000028246	+	6	0	5	0	289	NA	NA	NA	266
ENSMUST00000102994.10	ENSMUSG00000040359	-	19	0	18	0	218	NA	NA	NA	77
ENSMUST00000041374.8	ENSMUSG00000040520	-	5	1	3	0	657	NA	NA	38	544
ENSMUST00000029964.12	ENSMUSG00000028289	+	17	0	16	0	114	NA	NA	NA	97
ENSMUST00000037607.11	ENSMUSG00000028284	+	17	0	16	0	180	NA	NA	NA	120
ENSMUST00000108180.9	ENSMUSG00000040270	+	7	3	3	0	479	NA	NA	12	243
ENSMUST00000098190.10	ENSMUSG00000028278	+	7	0	6	0	151	NA	NA	NA	145
ENSMUST00000124992.8	ENSMUSG00000028277	+	8	0	7	0	278	NA	NA	NA	31
ENSMUST00000049357.10	ENSMUSG00000040128	-	2	0	1	0	443	NA	NA	NA	450
ENSMUST00000108153.9	ENSMUSG00000028274	+	16	0	15	0	163	NA	NA	NA	64
ENSMUST00000084299.6	ENSMUSG00000028291	+	5	0	4	0	10	NA	NA	NA	229
ENSMUST00000048706.10	ENSMUSG00000040044	-	20	0	19	0	105	NA	NA	NA	45
ENSMUST00000029968.14	ENSMUSG00000028292	+	20	0	19	0	86	NA	NA	NA	36
ENSMUST00000029970.14	ENSMUSG00000028293	-	8	0	7	0	124	NA	NA	NA	16
ENSMUST00000102975.10	ENSMUSG00000073910	-	4	1	2	0	29	NA	NA	202	418
ENSMUST00000108127.4	ENSMUSG00000028300	-	11	1	9	0	186	NA	NA	59	444
ENSMUST00000102973.4	ENSMUSG00000028405	+	21	1	19	0	113	NA	NA	30	97
ENSMUST00000042575.7	ENSMUSG00000036822	-	3	0	2	0	2900	NA	NA	NA	3
ENSMUST00000030119.10	ENSMUSG00000028411	-	8	1	6	0	154	NA	NA	7	130
ENSMUST00000030118.10	ENSMUSG00000028410	+	9	1	7	0	218	NA	NA	10	132
ENSMUST00000030117.5	ENSMUSG00000028409	-	12	0	11	0	98	NA	NA	NA	26
ENSMUST00000030121.13	ENSMUSG00000028413	-	6	0	5	0	132	NA	NA	NA	415
ENSMUST00000030125.5	ENSMUSG00000028416	-	7	0	6	0	89	NA	NA	NA	481
ENSMUST00000030128.6	ENSMUSG00000028419	+	8	0	7	0	50	NA	NA	NA	69
ENSMUST00000098143.11	ENSMUSG00000028423	+	24	0	23	0	72	NA	NA	NA	25
ENSMUST00000055327.8	ENSMUSG00000028435	-	6	0	5	0	168	NA	NA	NA	108
ENSMUST00000030138.9	ENSMUSG00000028430	-	26	0	25	0	149	NA	NA	NA	87
ENSMUST00000040008.4	ENSMUSG00000036241	+	5	0	4	0	219	NA	NA	NA	177
ENSMUST00000030143.13	ENSMUSG00000028433	-	29	1	27	0	95	NA	NA	38	99
ENSMUST00000030145.9	ENSMUSG00000028436	-	9	0	8	0	158	NA	NA	NA	78
ENSMUST00000072866.12	ENSMUSG00000028437	+	7	1	5	0	140	NA	NA	7	34
ENSMUST00000108055.9	ENSMUSG00000028438	-	13	1	11	0	140	NA	NA	24	614
ENSMUST00000030154.7	ENSMUSG00000028443	+	3	1	1	0	316	NA	NA	7	127
ENSMUST00000108049.9	ENSMUSG00000028439	-	6	0	5	0	158	NA	NA	NA	27
ENSMUST00000102961.10	ENSMUSG00000028444	-	10	1	7	0	0	NA	NA	0	85
ENSMUST00000038434.4	ENSMUSG00000036114	-	2	1	0	0	532	NA	NA	41	NA
ENSMUST00000059354.15	ENSMUSG00000036078	-	4	0	3	0	226	NA	NA	NA	151
ENSMUST00000084695.12	ENSMUSG00000036073	+	11	0	10	0	80	NA	NA	NA	25
ENSMUST00000098112.9	ENSMUSG00000036052	+	4	1	2	0	233	NA	NA	34	211
ENSMUST00000030164.8	ENSMUSG00000028452	-	17	0	16	0	105	NA	NA	NA	17
ENSMUST00000098109.10	ENSMUSG00000028454	-	10	0	9	0	129	NA	NA	NA	511
ENSMUST00000030169.15	ENSMUSG00000028455	-	10	0	9	0	128	NA	NA	NA	45
ENSMUST00000107958.8	ENSMUSG00000036002	-	9	2	6	0	153	NA	NA	75	894
ENSMUST00000207569.2	ENSMUSG00000028456	+	41	0	40	0	285	NA	NA	NA	22
ENSMUST00000035645.13	ENSMUSG00000035969	+	12	1	10	0	201	NA	NA	92	1999
ENSMUST00000060864.13	ENSMUSG00000028458	+	10	0	9	0	883	NA	NA	NA	204
ENSMUST00000030181.12	ENSMUSG00000028461	+	6	0	5	0	205	NA	NA	NA	106
ENSMUST00000054538.13	ENSMUSG00000051517	-	9	0	8	0	42	NA	NA	NA	138
ENSMUST00000107913.10	ENSMUSG00000028464	-	9	0	8	0	82	NA	NA	NA	114
ENSMUST00000030187.14	ENSMUSG00000028465	-	57	1	55	0	125	NA	NA	33	130
ENSMUST00000030189.14	ENSMUSG00000028467	-	17	0	16	0	278	NA	NA	NA	332
ENSMUST00000107886.9	ENSMUSG00000028468	+	9	1	7	0	223	NA	NA	19	116
ENSMUST00000030191.15	ENSMUSG00000028469	+	22	0	21	0	65	NA	NA	NA	667
ENSMUST00000107865.9	ENSMUSG00000078716	+	13	5	7	0	335	NA	NA	47	279
ENSMUST00000030198.7	ENSMUSG00000028476	+	21	0	20	0	221	NA	NA	NA	100
ENSMUST00000030202.14	ENSMUSG00000028480	+	5	0	4	0	160	NA	NA	NA	13
ENSMUST00000107851.10	ENSMUSG00000028478	+	7	0	6	0	171	NA	NA	NA	217
ENSMUST00000102936.9	ENSMUSG00000028479	-	12	1	10	0	235	NA	NA	42	164
ENSMUST00000098098.9	ENSMUSG00000035696	-	11	0	10	0	62	NA	NA	NA	9
ENSMUST00000045607.12	ENSMUSG00000035683	+	18	1	16	0	177	NA	NA	38	58
ENSMUST00000107824.9	ENSMUSG00000035649	+	9	1	7	0	439	NA	NA	24	601
ENSMUST00000045078.13	ENSMUSG00000035637	+	9	0	8	0	121	NA	NA	NA	83
ENSMUST00000055028.9	ENSMUSG00000049657	-	2	1	0	0	2016	NA	NA	4	NA
ENSMUST00000133157.8	ENSMUSG00000028318	+	12	0	11	0	159	NA	NA	NA	121
ENSMUST00000052236.13	ENSMUSG00000048232	-	11	1	9	0	174	NA	NA	6	585
ENSMUST00000107810.3	ENSMUSG00000078713	-	2	0	1	0	34	NA	NA	NA	121
ENSMUST00000044673.9	ENSMUSG00000035601	+	9	1	7	0	109	NA	NA	28	183
ENSMUST00000155551.8	ENSMUSG00000035572	+	7	0	6	0	368	NA	NA	NA	560
ENSMUST00000116341.4	ENSMUSG00000045973	-	3	2	0	0	938	NA	NA	42	NA
ENSMUST00000061986.12	ENSMUSG00000044813	-	6	0	5	0	183	NA	NA	NA	699
ENSMUST00000102929.2	ENSMUSG00000035517	+	17	1	15	0	220	NA	NA	6	207
ENSMUST00000107773.3	ENSMUSG00000028328	+	10	1	8	0	64	NA	NA	49	120
ENSMUST00000107772.8	ENSMUSG00000035495	-	10	1	8	0	238	NA	NA	43	165
ENSMUST00000030014.9	ENSMUSG00000028330	+	23	0	22	0	113	NA	NA	NA	34
ENSMUST00000102926.5	ENSMUSG00000028333	+	7	0	6	0	67	NA	NA	NA	54
ENSMUST00000030018.5	ENSMUSG00000028334	+	6	0	5	0	209	NA	NA	NA	132
ENSMUST00000046897.13	ENSMUSG00000039853	-	6	0	5	0	535	NA	NA	NA	201
ENSMUST00000030021.14	ENSMUSG00000028337	-	13	1	10	0	131	NA	NA	0	201
ENSMUST00000084621.12	ENSMUSG00000039813	-	13	0	12	0	207	NA	NA	NA	366
ENSMUST00000007757.15	ENSMUSG00000007613	+	9	0	8	0	125	NA	NA	NA	85
ENSMUST00000044148.3	ENSMUSG00000039740	-	2	0	1	0	899	NA	NA	NA	348
ENSMUST00000065678.6	ENSMUSG00000053317	+	4	0	3	0	87	NA	NA	NA	3
ENSMUST00000030025.10	ENSMUSG00000028341	+	8	2	5	0	247	NA	NA	2	954
ENSMUST00000107720.9	ENSMUSG00000061455	+	8	1	6	0	239	NA	NA	62	123
ENSMUST00000030028.5	ENSMUSG00000028343	-	12	0	11	0	101	NA	NA	NA	57
ENSMUST00000030029.10	ENSMUSG00000028344	+	17	1	15	0	103	NA	NA	24	106
ENSMUST00000061135.8	ENSMUSG00000039693	+	3	1	1	0	409	NA	NA	33	418
ENSMUST00000042964.13	ENSMUSG00000039634	+	4	1	2	0	1708	NA	NA	140	33
ENSMUST00000167496.8	ENSMUSG00000028309	+	20	1	18	0	176	NA	NA	28	129
ENSMUST00000102915.10	ENSMUSG00000028312	+	25	1	23	0	158	NA	NA	55	168
ENSMUST00000030010.4	ENSMUSG00000015243	-	50	1	48	0	140	NA	NA	100	66
ENSMUST00000107651.9	ENSMUSG00000028412	+	16	0	15	0	23	NA	NA	NA	33
ENSMUST00000132151.8	ENSMUSG00000054752	+	13	0	12	0	122	NA	NA	NA	15
ENSMUST00000128667.8	ENSMUSG00000028414	+	10	1	8	0	213	NA	NA	98	105
ENSMUST00000030127.13	ENSMUSG00000028420	+	6	0	5	0	218	NA	NA	NA	112
ENSMUST00000098070.10	ENSMUSG00000060206	+	13	1	11	0	207	NA	NA	30	220
ENSMUST00000030134.9	ENSMUSG00000028426	+	10	0	9	0	113	NA	NA	NA	66
ENSMUST00000107619.3	ENSMUSG00000003032	-	5	0	4	0	175	NA	NA	NA	5
ENSMUST00000030140.3	ENSMUSG00000028431	-	37	1	35	0	67	NA	NA	13	150
ENSMUST00000045142.15	ENSMUSG00000038816	-	19	0	18	0	59	NA	NA	NA	138
ENSMUST00000075637.11	ENSMUSG00000038764	-	26	1	24	0	77	NA	NA	17	138
ENSMUST00000030051.6	ENSMUSG00000028367	-	5	0	4	0	62	NA	NA	NA	24
ENSMUST00000107571.8	ENSMUSG00000038668	-	4	1	2	0	301	NA	NA	192	45
ENSMUST00000102889.10	ENSMUSG00000050812	-	49	0	48	0	139	NA	NA	NA	22
ENSMUST00000095070.4	ENSMUSG00000070972	+	4	0	3	0	122	NA	NA	NA	327
ENSMUST00000041160.13	ENSMUSG00000038607	+	3	0	1	1	125	7	7	NA	81
ENSMUST00000030074.8	ENSMUSG00000028381	+	9	0	8	0	170	NA	NA	NA	98
ENSMUST00000174586.8	ENSMUSG00000028382	-	15	0	14	0	132	NA	NA	NA	8
ENSMUST00000030078.12	ENSMUSG00000028383	+	11	0	10	0	112	NA	NA	NA	17
ENSMUST00000070150.11	ENSMUSG00000045071	+	4	1	2	0	806	NA	NA	24	1171
ENSMUST00000095063.11	ENSMUSG00000038544	-	5	1	3	0	95	NA	NA	56	25
ENSMUST00000030080.7	ENSMUSG00000028385	+	9	0	8	0	59	NA	NA	NA	156
ENSMUST00000084527.10	ENSMUSG00000066151	-	28	0	27	0	83	NA	NA	NA	53
ENSMUST00000084526.12	ENSMUSG00000066150	+	5	1	3	0	201	NA	NA	40	147
ENSMUST00000084525.12	ENSMUSG00000066149	-	4	2	1	0	176	NA	NA	111	81
ENSMUST00000084524.4	ENSMUSG00000066148	+	14	0	13	0	193	NA	NA	NA	27
ENSMUST00000037820.3	ENSMUSG00000038422	-	2	1	0	0	911	NA	NA	156	NA
ENSMUST00000107444.8	ENSMUSG00000028393	-	12	1	10	0	61	NA	NA	74	113
ENSMUST00000030091.10	ENSMUSG00000028394	-	4	0	3	0	166	NA	NA	NA	66
ENSMUST00000098031.10	ENSMUSG00000059810	+	18	0	17	0	107	NA	NA	NA	79
ENSMUST00000107415.8	ENSMUSG00000028358	+	15	0	14	0	1516	NA	NA	NA	33
ENSMUST00000084510.8	ENSMUSG00000039137	-	13	0	12	0	182	NA	NA	NA	621
ENSMUST00000035301.7	ENSMUSG00000039105	+	3	0	2	0	173	NA	NA	NA	82
ENSMUST00000107372.8	ENSMUSG00000028364	-	26	0	25	0	110	NA	NA	NA	457
ENSMUST00000084496.3	ENSMUSG00000028373	-	22	0	21	0	237	NA	NA	NA	478
ENSMUST00000050850.14	ENSMUSG00000051675	+	2	1	0	0	2046	NA	NA	79	NA
ENSMUST00000144099.8	ENSMUSG00000039298	-	37	0	36	0	56	NA	NA	NA	56
ENSMUST00000107359.9	ENSMUSG00000039270	-	6	0	5	0	451	NA	NA	NA	595
ENSMUST00000072695.13	ENSMUSG00000008305	-	20	0	19	0	107	NA	NA	NA	24
ENSMUST00000077851.10	ENSMUSG00000028397	+	22	1	20	0	176	NA	NA	17	144
ENSMUST00000055922.4	ENSMUSG00000048706	+	2	0	1	0	374	NA	NA	NA	291
ENSMUST00000220807.2	ENSMUSG00000028402	-	48	1	46	0	146	NA	NA	54	16
ENSMUST00000050872.15	ENSMUSG00000008575	-	12	0	11	0	129	NA	NA	NA	30
ENSMUST00000030110.15	ENSMUSG00000028403	-	9	2	6	0	132	NA	NA	43	154
ENSMUST00000102823.10	ENSMUSG00000038172	-	20	0	19	0	90	NA	NA	NA	42
ENSMUST00000030207.15	ENSMUSG00000028484	-	16	1	14	0	60	NA	NA	140	72
ENSMUST00000102819.10	ENSMUSG00000038070	+	5	0	4	0	287	NA	NA	NA	360
ENSMUST00000030212.15	ENSMUSG00000028488	+	9	0	8	0	199	NA	NA	NA	45
ENSMUST00000091064.8	ENSMUSG00000070934	+	1	0	0	0	NA	NA	NA	NA	NA
ENSMUST00000070607.9	ENSMUSG00000038047	-	17	0	16	0	49	NA	NA	NA	128
ENSMUST00000000466.13	ENSMUSG00000028494	-	8	1	6	0	371	NA	NA	26	30
ENSMUST00000078090.12	ENSMUSG00000028496	-	11	0	10	0	131	NA	NA	NA	12
ENSMUST00000094993.3	ENSMUSG00000070923	-	1	0	0	0	NA	NA	NA	NA	NA
ENSMUST00000058030.10	ENSMUSG00000062937	+	8	0	7	0	38	NA	NA	NA	33
ENSMUST00000097981.6	ENSMUSG00000073802	-	2	0	1	0	260	NA	NA	NA	132
ENSMUST00000107116.9	ENSMUSG00000008489	-	8	1	6	0	330	NA	NA	19	72
ENSMUST00000066774.6	ENSMUSG00000054000	-	1	0	0	0	NA	NA	NA	NA	NA
ENSMUST00000030313.9	ENSMUSG00000028578	-	6	0	5	0	391	NA	NA	NA	243
ENSMUST00000107107.9	ENSMUSG00000028577	-	14	0	13	0	562	NA	NA	NA	149
ENSMUST00000030311.11	ENSMUSG00000028576	+	20	1	18	0	118	NA	NA	15	120
ENSMUST00000075872.4	ENSMUSG00000062627	-	20	0	19	0	158	NA	NA	NA	62
ENSMUST00000107094.2	ENSMUSG00000052684	-	1	0	0	0	NA	NA	NA	NA	NA
ENSMUST00000030306.14	ENSMUSG00000028572	+	22	0	21	0	170	NA	NA	NA	63
ENSMUST00000075448.13	ENSMUSG00000028565	+	11	0	10	0	17	NA	NA	NA	27
ENSMUST00000102793.11	ENSMUSG00000028563	-	7	0	5	1	110	20	20	NA	167
ENSMUST00000041284.10	ENSMUSG00000061859	+	44	1	42	0	27	NA	NA	34	22
ENSMUST00000030289.9	ENSMUSG00000028560	+	9	1	7	0	735	NA	NA	50	170
ENSMUST00000030279.15	ENSMUSG00000028550	+	11	1	9	0	167	NA	NA	59	76
ENSMUST00000097961.9	ENSMUSG00000073792	+	15	1	13	0	197	NA	NA	121	82
ENSMUST00000146258.2	ENSMUSG00000028549	-	9	0	7	1	46	2	2	NA	5
ENSMUST00000058351.16	ENSMUSG00000025791	+	11	0	10	0	89	NA	NA	NA	246
ENSMUST00000039630.6	ENSMUSG00000035305	+	9	0	8	0	1427	NA	NA	NA	91
ENSMUST00000030257.15	ENSMUSG00000028532	+	27	0	26	0	238	NA	NA	NA	240
ENSMUST00000106955.2	ENSMUSG00000035275	+	8	0	7	0	119	NA	NA	NA	216
ENSMUST00000102781.10	ENSMUSG00000028530	-	25	1	23	0	95	NA	NA	75	6
ENSMUST00000102780.8	ENSMUSG00000028527	+	6	1	4	0	114	NA	NA	92	145
ENSMUST00000106933.2	ENSMUSG00000028528	+	19	0	18	0	101	NA	NA	NA	187
ENSMUST00000097945.10	ENSMUSG00000028522	+	15	1	13	0	328	NA	NA	6	71
ENSMUST00000150285.8	ENSMUSG00000028521	-	10	0	9	0	108	NA	NA	NA	203
ENSMUST00000035780.4	ENSMUSG00000035069	+	9	1	7	0	212	NA	NA	19	488
ENSMUST00000030243.8	ENSMUSG00000028518	-	9	0	8	0	238	NA	NA	NA	94
ENSMUST00000064139.8	ENSMUSG00000028517	+	6	0	5	0	125	NA	NA	NA	139
ENSMUST00000094933.6	ENSMUSG00000028514	+	69	0	68	0	62	NA	NA	NA	315
ENSMUST00000047973.4	ENSMUSG00000034926	+	9	0	8	0	153	NA	NA	NA	231
ENSMUST00000026480.13	ENSMUSG00000025413	-	10	0	9	0	96	NA	NA	NA	111
ENSMUST00000102762.10	ENSMUSG00000034853	-	16	0	15	0	155	NA	NA	NA	33
ENSMUST00000030367.15	ENSMUSG00000061887	+	18	0	17	0	29	NA	NA	NA	56
ENSMUST00000057043.10	ENSMUSG00000028619	-	5	1	3	0	188	NA	NA	41	99
ENSMUST00000030360.11	ENSMUSG00000028617	-	8	1	6	0	253	NA	NA	14	473
ENSMUST00000106749.8	ENSMUSG00000063172	+	6	1	4	0	113	NA	NA	15	98
ENSMUST00000139560.8	ENSMUSG00000028614	+	18	0	17	0	63	NA	NA	NA	60
ENSMUST00000135454.8	ENSMUSG00000028608	+	8	0	7	0	77	NA	NA	NA	6
ENSMUST00000043616.7	ENSMUSG00000034636	-	14	0	13	0	190	NA	NA	NA	30
ENSMUST00000131656.2	ENSMUSG00000048351	+	3	0	2	0	448	NA	NA	NA	106
ENSMUST00000097925.9	ENSMUSG00000034610	+	30	1	28	0	67	NA	NA	91	778
ENSMUST00000079213.6	ENSMUSG00000063800	-	10	0	9	0	42	NA	NA	NA	130
ENSMUST00000030320.13	ENSMUSG00000028582	+	25	1	22	1	128	5	5	17	66
ENSMUST00000106657.8	ENSMUSG00000034557	-	19	2	16	0	161	NA	NA	36	70
ENSMUST00000030296.9	ENSMUSG00000028567	+	7	0	6	0	79	NA	NA	NA	91
ENSMUST00000102738.4	ENSMUSG00000073775	+	1	0	0	0	NA	NA	NA	NA	NA
ENSMUST00000106644.9	ENSMUSG00000053510	+	33	0	32	0	194	NA	NA	NA	332
ENSMUST00000102729.10	ENSMUSG00000028552	+	25	0	24	0	146	NA	NA	NA	33
ENSMUST00000106618.8	ENSMUSG00000028555	+	18	0	17	0	123	NA	NA	NA	44
ENSMUST00000030284.10	ENSMUSG00000028557	-	3	0	2	0	171	NA	NA	NA	123
ENSMUST00000102724.5	ENSMUSG00000010517	+	19	0	18	0	83	NA	NA	NA	45
ENSMUST00000038868.14	ENSMUSG00000034401	+	13	0	12	0	180	NA	NA	NA	51
ENSMUST00000030491.9	ENSMUSG00000028719	-	6	0	5	0	41	NA	NA	NA	168
ENSMUST00000030490.13	ENSMUSG00000028718	+	17	1	15	0	789	NA	NA	74	11
ENSMUST00000106525.9	ENSMUSG00000034210	+	11	0	10	0	175	NA	NA	NA	182
ENSMUST00000176047.8	ENSMUSG00000028710	+	9	0	8	0	194	NA	NA	NA	326
ENSMUST00000030477.4	ENSMUSG00000028709	+	4	1	2	0	29	NA	NA	49	418
ENSMUST00000019677.12	ENSMUSG00000028708	+	13	2	10	0	234	NA	NA	2	100
ENSMUST00000049095.6	ENSMUSG00000034171	-	15	0	14	0	128	NA	NA	NA	195
ENSMUST00000030475.3	ENSMUSG00000028706	-	6	0	5	0	276	NA	NA	NA	93
ENSMUST00000030471.9	ENSMUSG00000028703	+	10	0	9	0	219	NA	NA	NA	199
ENSMUST00000120083.8	ENSMUSG00000028700	+	23	1	20	1	87	29	29	59	120
ENSMUST00000239177.2	ENSMUSG00000003810	-	28	0	27	0	1519	NA	NA	NA	50
ENSMUST00000106479.8	ENSMUSG00000028696	+	9	1	7	0	224	NA	NA	50	292
ENSMUST00000069674.6	ENSMUSG00000055900	-	3	1	1	0	695	NA	NA	94	42
ENSMUST00000030460.15	ENSMUSG00000034042	+	12	2	9	0	152	NA	NA	53	60
ENSMUST00000030457.12	ENSMUSG00000028693	-	14	0	13	0	77	NA	NA	NA	59
ENSMUST00000030455.15	ENSMUSG00000028692	-	9	1	7	0	65	NA	NA	6	84
ENSMUST00000030451.10	ENSMUSG00000028688	-	8	0	7	0	620	NA	NA	NA	52
ENSMUST00000044823.4	ENSMUSG00000033948	+	14	0	13	0	862	NA	NA	NA	604
ENSMUST00000050067.10	ENSMUSG00000046861	+	21	0	20	0	84	NA	NA	NA	369
ENSMUST00000106448.9	ENSMUSG00000028683	+	12	1	10	0	52	NA	NA	10	148
ENSMUST00000076859.12	ENSMUSG00000028680	-	15	0	14	0	191	NA	NA	NA	213
ENSMUST00000106436.8	ENSMUSG00000028678	-	19	0	18	0	215	NA	NA	NA	3
ENSMUST00000062824.12	ENSMUSG00000048772	+	3	0	2	0	653	NA	NA	NA	61
ENSMUST00000094853.9	ENSMUSG00000028677	-	14	1	12	0	71	NA	NA	92	41
ENSMUST00000037127.15	ENSMUSG00000033423	+	9	0	8	0	82	NA	NA	NA	135
ENSMUST00000102687.4	ENSMUSG00000009640	-	11	1	9	0	59	NA	NA	45	105
ENSMUST00000063857.11	ENSMUSG00000028542	+	15	2	12	0	194	NA	NA	87	30
ENSMUST00000030266.12	ENSMUSG00000028541	-	8	2	5	0	150	NA	NA	52	304
ENSMUST00000030265.4	ENSMUSG00000028540	-	6	0	5	0	124	NA	NA	NA	147
ENSMUST00000036156.6	ENSMUSG00000033365	-	20	0	19	0	96	NA	NA	NA	84
ENSMUST00000106406.9	ENSMUSG00000033326	-	22	1	20	0	140	NA	NA	44	138
ENSMUST00000049074.13	ENSMUSG00000033295	-	33	2	30	0	68	NA	NA	45	91
ENSMUST00000006557.13	ENSMUSG00000006390	+	8	1	6	0	221	NA	NA	14	46
ENSMUST00000030398.10	ENSMUSG00000028645	+	10	0	9	0	200	NA	NA	NA	18
ENSMUST00000052715.10	ENSMUSG00000045268	-	2	1	0	0	860	NA	NA	9	NA
ENSMUST00000030395.9	ENSMUSG00000028643	+	3	1	1	0	86	NA	NA	36	114
ENSMUST00000079644.13	ENSMUSG00000028639	-	8	0	6	1	234	32	32	NA	160
ENSMUST00000030385.13	ENSMUSG00000028636	-	3	0	2	0	323	NA	NA	NA	508
ENSMUST00000044564.15	ENSMUSG00000032998	+	13	1	11	0	115	NA	NA	17	44
ENSMUST00000000087.13	ENSMUSG00000000085	+	17	4	12	0	125	NA	NA	67	76
ENSMUST00000094814.6	ENSMUSG00000070803	+	1	0	0	0	NA	NA	NA	NA	NA
ENSMUST00000120779.8	ENSMUSG00000032897	-	10	1	8	0	119	NA	NA	8	105
ENSMUST00000030375.9	ENSMUSG00000028629	-	2	1	0	0	1151	NA	NA	30	NA
ENSMUST00000043200.8	ENSMUSG00000032870	-	10	0	9	0	125	NA	NA	NA	103
ENSMUST00000058754.9	ENSMUSG00000043207	-	10	0	9	0	224	NA	NA	NA	123
ENSMUST00000069533.12	ENSMUSG00000028656	-	13	1	11	0	83	NA	NA	10	112
ENSMUST00000030408.12	ENSMUSG00000028655	-	14	0	13	0	63	NA	NA	NA	93
ENSMUST00000106243.8	ENSMUSG00000011257	+	14	0	12	1	220	13	13	NA	193
ENSMUST00000102636.4	ENSMUSG00000023075	-	5	0	4	0	10	NA	NA	NA	217
ENSMUST00000030399.7	ENSMUSG00000028646	+	7	0	6	0	151	NA	NA	NA	234
ENSMUST00000030738.8	ENSMUSG00000028907	-	8	0	7	0	83	NA	NA	NA	63
ENSMUST00000038684.6	ENSMUSG00000032643	+	6	1	4	0	154	NA	NA	21	156
ENSMUST00000094782.10	ENSMUSG00000028894	+	24	1	22	0	115	NA	NA	70	57
ENSMUST00000106193.8	ENSMUSG00000028890	+	12	2	9	0	196	NA	NA	51	405
ENSMUST00000102628.11	ENSMUSG00000028889	+	5	0	4	0	72	NA	NA	NA	392
ENSMUST00000084296.10	ENSMUSG00000028873	-	10	0	9	0	44	NA	NA	NA	94
ENSMUST00000052183.7	ENSMUSG00000050213	+	4	0	3	0	264	NA	NA	NA	200
ENSMUST00000036188.8	ENSMUSG00000042677	-	6	1	4	0	865	NA	NA	34	443
ENSMUST00000035497.5	ENSMUSG00000042616	+	10	0	9	0	116	NA	NA	NA	112
ENSMUST00000055575.8	ENSMUSG00000050188	+	2	1	0	0	392	NA	NA	24	NA
ENSMUST00000094761.11	ENSMUSG00000042608	+	11	1	9	0	218	NA	NA	8	112
ENSMUST00000052876.3	ENSMUSG00000050212	+	3	1	1	0	427	NA	NA	95	67
ENSMUST00000080919.12	ENSMUSG00000043962	-	11	1	9	0	221	NA	NA	17	137
ENSMUST00000061143.15	ENSMUSG00000028849	-	17	0	16	0	10	NA	NA	NA	46
ENSMUST00000030660.9	ENSMUSG00000028847	+	5	0	4	0	119	NA	NA	NA	42
ENSMUST00000048391.15	ENSMUSG00000042489	+	26	0	24	1	110	40	40	NA	24
ENSMUST00000030642.3	ENSMUSG00000028837	+	6	0	5	0	107	NA	NA	NA	91
ENSMUST00000030637.14	ENSMUSG00000028833	-	7	0	6	0	436	NA	NA	NA	33
ENSMUST00000047431.11	ENSMUSG00000028830	+	21	1	19	0	187	NA	NA	28	142
ENSMUST00000106108.9	ENSMUSG00000042446	-	30	0	29	0	207	NA	NA	NA	39
ENSMUST00000030623.8	ENSMUSG00000028820	+	10	0	9	0	137	NA	NA	NA	804
ENSMUST00000142029.2	ENSMUSG00000042380	+	2	1	0	0	283	NA	NA	5	NA
ENSMUST00000097877.9	ENSMUSG00000061894	-	8	1	6	0	1240	NA	NA	109	399
ENSMUST00000106079.10	ENSMUSG00000028796	+	7	1	5	0	154	NA	NA	50	153
ENSMUST00000106072.9	ENSMUSG00000028799	-	9	1	7	0	116	NA	NA	88	38
ENSMUST00000035667.9	ENSMUSG00000041000	+	5	0	4	0	550	NA	NA	NA	408
ENSMUST00000106068.8	ENSMUSG00000028789	-	11	2	8	0	138	NA	NA	92	105
ENSMUST00000030583.13	ENSMUSG00000028792	+	6	0	5	0	221	NA	NA	NA	93
ENSMUST00000106061.9	ENSMUSG00000040928	-	7	2	4	0	141	NA	NA	2	789
ENSMUST00000106054.4	ENSMUSG00000028811	+	13	0	12	0	110	NA	NA	NA	57
ENSMUST00000052602.6	ENSMUSG00000050390	-	7	0	6	0	22	NA	NA	NA	226
ENSMUST00000102598.4	ENSMUSG00000057236	-	12	0	11	0	65	NA	NA	NA	16
ENSMUST00000048162.10	ENSMUSG00000040859	+	11	0	10	0	32	NA	NA	NA	11
ENSMUST00000062356.7	ENSMUSG00000047945	+	2	0	1	0	515	NA	NA	NA	87
ENSMUST00000046425.16	ENSMUSG00000053841	-	11	1	9	0	317	NA	NA	6	166
ENSMUST00000102590.11	ENSMUSG00000003731	-	14	0	13	0	187	NA	NA	NA	4
ENSMUST00000066257.6	ENSMUSG00000028790	-	9	0	8	0	97	NA	NA	NA	382
ENSMUST00000030578.14	ENSMUSG00000028788	+	6	1	4	0	108	NA	NA	605	96
ENSMUST00000044565.15	ENSMUSG00000040690	+	70	1	68	0	202	NA	NA	34	73
ENSMUST00000105996.8	ENSMUSG00000023232	-	10	0	9	0	135	NA	NA	NA	39
ENSMUST00000070532.8	ENSMUSG00000028773	+	4	0	3	0	53	NA	NA	NA	73
ENSMUST00000134159.3	ENSMUSG00000028772	-	8	1	6	0	161	NA	NA	55	66
ENSMUST00000105994.4	ENSMUSG00000074088	+	10	0	9	0	49	NA	NA	NA	144
ENSMUST00000030315.13	ENSMUSG00000028580	+	22	1	20	0	131	NA	NA	11	363
ENSMUST00000070478.4	ENSMUSG00000025743	+	5	0	4	0	166	NA	NA	NA	132
ENSMUST00000053819.6	ENSMUSG00000028911	+	6	0	5	0	807	NA	NA	NA	107
ENSMUST00000054917.12	ENSMUSG00000028906	-	17	0	15	1	98	7	7	NA	474
ENSMUST00000152796.8	ENSMUSG00000040025	-	5	0	4	0	23	NA	NA	NA	27
ENSMUST00000168553.8	ENSMUSG00000028901	-	10	1	8	0	697	NA	NA	30	128
ENSMUST00000030731.11	ENSMUSG00000028899	+	6	1	4	0	35	NA	NA	84	168
ENSMUST00000084250.11	ENSMUSG00000028896	-	10	1	8	0	175	NA	NA	9	73
ENSMUST00000102568.10	ENSMUSG00000066043	-	14	1	12	0	15	NA	NA	38	16
ENSMUST00000102567.4	ENSMUSG00000066042	-	3	1	1	0	553	NA	NA	71	73
ENSMUST00000030724.9	ENSMUSG00000028893	-	10	0	9	0	86	NA	NA	NA	90
ENSMUST00000081726.13	ENSMUSG00000028886	+	17	1	15	0	80	NA	NA	63	33
ENSMUST00000045550.5	ENSMUSG00000037752	-	3	0	2	0	715	NA	NA	NA	293
ENSMUST00000102561.11	ENSMUSG00000028884	+	9	0	8	0	84	NA	NA	NA	10
ENSMUST00000030702.14	ENSMUSG00000028882	-	7	0	6	0	353	NA	NA	NA	56
ENSMUST00000030698.5	ENSMUSG00000028879	-	9	0	8	0	92	NA	NA	NA	118
ENSMUST00000030696.11	ENSMUSG00000028878	-	9	0	8	0	86	NA	NA	NA	81
ENSMUST00000105915.8	ENSMUSG00000037692	+	7	5	0	1	4858	44	44	74	4828
ENSMUST00000084241.12	ENSMUSG00000028868	+	9	1	7	0	157	NA	NA	42	130
ENSMUST00000105907.9	ENSMUSG00000028857	-	6	0	5	0	87	NA	NA	NA	194
ENSMUST00000043305.14	ENSMUSG00000037622	-	16	1	14	0	197	NA	NA	99	48
ENSMUST00000030669.8	ENSMUSG00000028854	+	12	0	11	0	340	NA	NA	NA	364
ENSMUST00000030665.7	ENSMUSG00000028851	-	8	0	7	0	51	NA	NA	NA	81
ENSMUST00000030661.14	ENSMUSG00000028848	+	5	0	4	0	72	NA	NA	NA	411
ENSMUST00000057311.4	ENSMUSG00000047281	-	1	0	0	0	NA	NA	NA	NA	NA
ENSMUST00000084238.5	ENSMUSG00000037553	-	8	0	7	0	117	NA	NA	NA	311
ENSMUST00000062118.11	ENSMUSG00000043257	-	4	1	2	0	281	NA	NA	45	78
ENSMUST00000105894.11	ENSMUSG00000003644	-	22	0	21	0	122	NA	NA	NA	63
ENSMUST00000105887.8	ENSMUSG00000012117	-	9	1	7	0	239	NA	NA	62	63
ENSMUST00000030651.9	ENSMUSG00000028843	-	3	0	2	0	65	NA	NA	NA	48
ENSMUST00000040271.12	ENSMUSG00000037443	-	14	1	12	0	160	NA	NA	16	52
ENSMUST00000030644.8	ENSMUSG00000028840	-	3	0	2	0	141	NA	NA	NA	200
ENSMUST00000061234.14	ENSMUSG00000050890	-	3	1	1	0	740	NA	NA	17	285
ENSMUST00000105869.9	ENSMUSG00000037366	+	11	1	9	0	94	NA	NA	45	90
ENSMUST00000030636.11	ENSMUSG00000028832	+	5	1	3	0	71	NA	NA	60	13
ENSMUST00000081525.4	ENSMUSG00000037348	+	2	1	0	0	1068	NA	NA	31	NA
ENSMUST00000102550.10	ENSMUSG00000046671	-	7	1	5	0	105	NA	NA	111	15
ENSMUST00000060435.8	ENSMUSG00000050989	-	12	0	11	0	173	NA	NA	NA	183
ENSMUST00000054096.13	ENSMUSG00000037306	-	12	0	11	0	126	NA	NA	NA	525
ENSMUST00000037828.8	ENSMUSG00000037295	-	9	0	8	0	147	NA	NA	NA	85
ENSMUST00000030628.15	ENSMUSG00000028826	-	11	0	10	0	202	NA	NA	NA	80
ENSMUST00000030626.12	ENSMUSG00000028822	-	7	1	5	0	45	NA	NA	12	93
ENSMUST00000078084.7	ENSMUSG00000037266	+	5	1	3	0	116	NA	NA	52	556
ENSMUST00000030622.3	ENSMUSG00000028821	+	7	0	6	0	165	NA	NA	NA	24
ENSMUST00000037099.9	ENSMUSG00000037242	-	6	0	5	0	164	NA	NA	NA	72
ENSMUST00000084846.12	ENSMUSG00000028809	-	18	0	17	0	107	NA	NA	NA	21
ENSMUST00000030606.14	ENSMUSG00000059713	-	5	1	3	0	178	NA	NA	37	195
ENSMUST00000102549.10	ENSMUSG00000028803	-	12	1	10	0	199	NA	NA	245	105
ENSMUST00000105853.10	ENSMUSG00000028676	+	6	0	5	0	297	NA	NA	NA	65
ENSMUST00000030436.12	ENSMUSG00000028675	-	3	2	0	0	440	NA	NA	18	NA
ENSMUST00000102541.10	ENSMUSG00000028671	+	11	1	9	0	58	NA	NA	5	118
ENSMUST00000105852.8	ENSMUSG00000028670	-	10	1	8	0	50	NA	NA	28	78
ENSMUST00000105851.9	ENSMUSG00000028669	-	6	0	5	0	101	NA	NA	NA	198
ENSMUST00000030427.6	ENSMUSG00000028668	-	11	0	10	0	61	NA	NA	NA	75
ENSMUST00000102536.11	ENSMUSG00000059291	-	6	0	5	0	29	NA	NA	NA	6
ENSMUST00000008016.3	ENSMUSG00000007872	+	3	0	1	1	59	24	24	NA	300
ENSMUST00000061721.6	ENSMUSG00000018983	+	7	0	6	0	280	NA	NA	NA	258
ENSMUST00000047526.8	ENSMUSG00000036995	+	25	0	24	0	71	NA	NA	NA	129
ENSMUST00000102533.11	ENSMUSG00000001604	+	11	0	10	0	8	NA	NA	NA	69
ENSMUST00000069195.5	ENSMUSG00000051351	+	3	1	1	0	1252	NA	NA	138	106
ENSMUST00000170102.8	ENSMUSG00000001089	+	5	3	1	0	155	NA	NA	112	3051
ENSMUST00000105847.8	ENSMUSG00000036940	-	20	0	19	0	185	NA	NA	NA	354
ENSMUST00000049583.8	ENSMUSG00000060862	-	19	1	17	0	194	NA	NA	47	697
ENSMUST00000051477.13	ENSMUSG00000006699	-	6	1	4	0	89	NA	NA	50	105
ENSMUST00000105840.8	ENSMUSG00000043411	+	27	0	26	0	22	NA	NA	NA	134
ENSMUST00000102518.10	ENSMUSG00000057530	+	20	1	17	0	176	NA	NA	0	87
ENSMUST00000249658.1	ENSMUSG00000028760	+	33	0	32	0	181	NA	NA	NA	632
ENSMUST00000105827.8	ENSMUSG00000028759	+	13	1	11	0	294	NA	NA	102	96
ENSMUST00000030536.13	ENSMUSG00000028756	-	8	0	7	0	257	NA	NA	NA	387
ENSMUST00000030535.4	ENSMUSG00000028755	-	4	0	3	0	116	NA	NA	NA	154
ENSMUST00000050918.4	ENSMUSG00000046447	+	2	0	1	0	70	NA	NA	NA	166
ENSMUST00000097830.4	ENSMUSG00000041161	-	8	0	7	0	176	NA	NA	NA	218
ENSMUST00000043042.10	ENSMUSG00000041143	+	16	3	12	0	404	NA	NA	9	170
ENSMUST00000042844.7	ENSMUSG00000041120	-	4	1	2	0	257	NA	NA	28	167
ENSMUST00000102508.10	ENSMUSG00000028745	+	9	0	8	0	87	NA	NA	NA	3
ENSMUST00000053862.12	ENSMUSG00000028744	-	9	2	6	0	77	NA	NA	84	164
ENSMUST00000039818.10	ENSMUSG00000028737	+	15	0	14	0	112	NA	NA	NA	59
ENSMUST00000105031.4	ENSMUSG00000078234	-	1	0	0	0	NA	NA	NA	NA	NA
ENSMUST00000105799.8	ENSMUSG00000040964	-	29	1	27	0	541	NA	NA	43	37
ENSMUST00000071169.9	ENSMUSG00000040945	+	15	3	11	0	104	NA	NA	10	279
ENSMUST00000030765.7	ENSMUSG00000028927	+	16	0	15	0	233	NA	NA	NA	116
ENSMUST00000037055.14	ENSMUSG00000036622	+	29	0	28	0	137	NA	NA	NA	10
ENSMUST00000166376.10	ENSMUSG00000060572	+	9	1	7	0	103	NA	NA	39	37
ENSMUST00000030760.15	ENSMUSG00000028923	-	8	0	7	0	48	NA	NA	NA	92
ENSMUST00000030757.10	ENSMUSG00000028920	+	10	1	8	0	1115	NA	NA	15	250
ENSMUST00000006614.3	ENSMUSG00000006445	+	17	0	16	0	105	NA	NA	NA	82
ENSMUST00000006377.13	ENSMUSG00000006215	+	16	2	13	0	283	NA	NA	2	205
ENSMUST00000006381.11	ENSMUSG00000006219	-	9	2	6	0	113	NA	NA	9	247
ENSMUST00000084203.11	ENSMUSG00000028917	-	20	0	19	0	137	NA	NA	NA	60
ENSMUST00000038014.11	ENSMUSG00000040697	-	15	1	13	0	375	NA	NA	18	167
ENSMUST00000036854.4	ENSMUSG00000040659	-	4	0	3	0	131	NA	NA	NA	308
ENSMUST00000036572.4	ENSMUSG00000040616	-	3	1	1	0	408	NA	NA	188	341
ENSMUST00000105778.8	ENSMUSG00000057637	-	10	1	7	1	120	24	24	65	9
ENSMUST00000119654.2	ENSMUSG00000028583	-	5	0	4	0	6	NA	NA	NA	67
ENSMUST00000154208.8	ENSMUSG00000066026	+	6	0	5	0	84	NA	NA	NA	195
ENSMUST00000105716.9	ENSMUSG00000029020	-	19	2	16	0	69	NA	NA	4	175
ENSMUST00000019199.14	ENSMUSG00000019055	-	19	0	18	0	155	NA	NA	NA	76
ENSMUST00000030879.12	ENSMUSG00000029016	-	23	0	22	0	80	NA	NA	NA	87
ENSMUST00000069604.15	ENSMUSG00000029009	+	12	0	11	0	215	NA	NA	NA	110
ENSMUST00000030865.9	ENSMUSG00000029007	-	5	0	4	0	121	NA	NA	NA	27
ENSMUST00000084129.9	ENSMUSG00000029003	+	10	2	7	0	41	NA	NA	10	40
ENSMUST00000047951.9	ENSMUSG00000041556	+	6	0	5	0	134	NA	NA	NA	22
ENSMUST00000051633.3	ENSMUSG00000047719	-	2	0	1	0	487	NA	NA	NA	523
ENSMUST00000103221.10	ENSMUSG00000028991	+	58	1	56	0	15	NA	NA	14	162
ENSMUST00000006611.9	ENSMUSG00000006442	+	7	0	6	0	20	NA	NA	NA	167
ENSMUST00000084125.10	ENSMUSG00000041459	-	6	1	4	0	530	NA	NA	14	238
ENSMUST00000122222.8	ENSMUSG00000028977	+	21	3	17	0	1126	NA	NA	23	16
ENSMUST00000030816.4	ENSMUSG00000028974	+	6	0	5	0	212	NA	NA	NA	136
ENSMUST00000060537.13	ENSMUSG00000063077	-	49	1	47	0	42	NA	NA	69	106
ENSMUST00000103212.10	ENSMUSG00000028960	-	27	0	26	0	61	NA	NA	NA	24
ENSMUST00000030845.13	ENSMUSG00000028992	-	5	1	3	0	415	NA	NA	53	115
ENSMUST00000030842.8	ENSMUSG00000028990	+	7	1	5	0	58	NA	NA	8	101
ENSMUST00000030839.13	ENSMUSG00000028988	+	5	2	2	0	58	NA	NA	25	96
ENSMUST00000039144.7	ENSMUSG00000039953	+	19	0	18	0	191	NA	NA	NA	91
ENSMUST00000105690.9	ENSMUSG00000039936	-	24	2	21	0	137	NA	NA	32	141
ENSMUST00000105687.9	ENSMUSG00000044700	-	11	0	10	0	97	NA	NA	NA	113
ENSMUST00000105686.3	ENSMUSG00000028982	-	7	0	6	0	199	NA	NA	NA	56
ENSMUST00000038562.9	ENSMUSG00000039911	-	3	1	1	0	127	NA	NA	148	694
ENSMUST00000084117.13	ENSMUSG00000028980	-	5	1	3	0	1363	NA	NA	19	618
ENSMUST00000105682.9	ENSMUSG00000039852	+	23	1	21	0	33	NA	NA	144	325
ENSMUST00000073600.9	ENSMUSG00000028967	+	4	1	2	0	1186	NA	NA	73	122
ENSMUST00000030797.4	ENSMUSG00000028955	-	5	0	4	0	16	NA	NA	NA	2
ENSMUST00000049790.14	ENSMUSG00000014592	-	24	0	23	0	32	NA	NA	NA	45
ENSMUST00000036680.8	ENSMUSG00000039759	-	4	0	3	0	287	NA	NA	NA	74
ENSMUST00000055688.10	ENSMUSG00000047777	-	4	0	3	0	226	NA	NA	NA	39
ENSMUST00000097773.4	ENSMUSG00000073700	+	4	0	3	0	293	NA	NA	NA	1021
ENSMUST00000066715.11	ENSMUSG00000028952	-	11	1	9	0	296	NA	NA	3	669
ENSMUST00000105661.10	ENSMUSG00000039713	+	21	0	20	0	9	NA	NA	NA	120
ENSMUST00000075363.10	ENSMUSG00000028937	+	9	0	8	0	98	NA	NA	NA	170
ENSMUST00000048892.14	ENSMUSG00000039662	+	5	0	4	0	182	NA	NA	NA	195
ENSMUST00000047497.15	ENSMUSG00000039523	+	22	1	20	0	115	NA	NA	39	113
ENSMUST00000030895.12	ENSMUSG00000029029	+	12	0	11	0	148	NA	NA	NA	69
ENSMUST00000030897.15	ENSMUSG00000057751	+	37	0	36	0	67	NA	NA	NA	119
ENSMUST00000030898.12	ENSMUSG00000029032	-	15	1	13	0	139	NA	NA	18	600
ENSMUST00000030914.4	ENSMUSG00000029048	-	7	1	5	0	89	NA	NA	7	81
ENSMUST00000030915.11	ENSMUSG00000029049	+	14	0	13	0	142	NA	NA	NA	76
ENSMUST00000030917.6	ENSMUSG00000029050	-	7	0	6	0	188	NA	NA	NA	969
ENSMUST00000030922.15	ENSMUSG00000029053	-	18	0	17	0	87	NA	NA	NA	71
ENSMUST00000165335.8	ENSMUSG00000029064	+	12	2	8	1	106	10	10	40	57
ENSMUST00000030939.14	ENSMUSG00000029063	+	12	1	10	0	147	NA	NA	26	179
ENSMUST00000105608.9	ENSMUSG00000042202	+	9	1	7	0	237	NA	NA	159	322
ENSMUST00000042196.4	ENSMUSG00000042116	-	4	0	3	0	337	NA	NA	NA	73
ENSMUST00000030944.11	ENSMUSG00000029068	+	11	0	10	0	354	NA	NA	NA	282
ENSMUST00000030947.4	ENSMUSG00000029070	+	10	0	9	0	25	NA	NA	NA	49
ENSMUST00000030948.16	ENSMUSG00000029071	+	15	0	14	0	373	NA	NA	NA	170
ENSMUST00000030950.8	ENSMUSG00000029073	-	3	1	1	0	528	NA	NA	103	122
ENSMUST00000105584.10	ENSMUSG00000029033	+	24	0	23	0	147	NA	NA	NA	47
ENSMUST00000180572.2	ENSMUSG00000041936	-	36	0	35	0	157	NA	NA	NA	207
ENSMUST00000165117.8	ENSMUSG00000040274	+	8	1	6	0	146	NA	NA	248	233
ENSMUST00000115527.8	ENSMUSG00000058503	+	11	0	10	0	86	NA	NA	NA	24
ENSMUST00000121291.8	ENSMUSG00000005907	+	24	0	23	0	84	NA	NA	NA	129
ENSMUST00000007559.15	ENSMUSG00000007415	-	5	0	4	0	190	NA	NA	NA	240
ENSMUST00000043551.11	ENSMUSG00000040351	-	20	1	18	0	740	NA	NA	83	188
ENSMUST00000080085.9	ENSMUSG00000000600	+	17	1	15	0	68	NA	NA	2	102
ENSMUST00000001507.5	ENSMUSG00000001467	-	10	0	9	0	178	NA	NA	NA	174
ENSMUST00000054294.7	ENSMUSG00000044674	-	1	0	0	0	NA	NA	NA	NA	NA
ENSMUST00000030763.13	ENSMUSG00000028926	-	15	0	13	1	115	29	29	NA	91
ENSMUST00000179804.8	ENSMUSG00000046798	-	5	4	0	0	763	NA	NA	29	NA
ENSMUST00000115426.9	ENSMUSG00000015653	-	6	2	3	0	287	NA	NA	33	489
ENSMUST00000015796.9	ENSMUSG00000015652	-	5	1	3	0	257	NA	NA	31	84
ENSMUST00000088761.11	ENSMUSG00000040537	-	31	0	30	0	20	NA	NA	NA	79
ENSMUST00000171808.8	ENSMUSG00000002297	-	12	0	11	0	945	NA	NA	NA	46
ENSMUST00000066921.10	ENSMUSG00000054099	+	12	2	9	0	106	NA	NA	9	100
ENSMUST00000047753.5	ENSMUSG00000040584	+	28	1	26	0	206	NA	NA	6	65
ENSMUST00000003720.5	ENSMUSG00000003623	-	18	2	15	0	120	NA	NA	21	115
ENSMUST00000115365.3	ENSMUSG00000079659	+	5	1	3	0	122	NA	NA	101	78
ENSMUST00000071921.13	ENSMUSG00000042508	-	18	2	15	0	109	NA	NA	8	109
ENSMUST00000095012.11	ENSMUSG00000028883	+	18	1	16	0	455	NA	NA	82	112
ENSMUST00000073957.8	ENSMUSG00000063531	+	17	0	16	0	452	NA	NA	NA	115
ENSMUST00000039370.14	ENSMUSG00000040118	+	39	0	38	0	116	NA	NA	NA	95
ENSMUST00000030568.14	ENSMUSG00000028780	+	18	1	16	0	413	NA	NA	38	103
ENSMUST00000074694.7	ENSMUSG00000057614	-	8	0	7	0	190	NA	NA	NA	118
ENSMUST00000118174.8	ENSMUSG00000039987	-	18	1	16	0	20	NA	NA	35	45
ENSMUST00000115259.3	ENSMUSG00000045435	+	2	1	0	0	451	NA	NA	50	NA
ENSMUST00000030556.8	ENSMUSG00000028771	-	18	0	17	0	61	NA	NA	NA	99
ENSMUST00000072896.13	ENSMUSG00000038525	+	6	0	5	0	254	NA	NA	NA	133
ENSMUST00000115217.8	ENSMUSG00000044968	-	5	1	3	0	134	NA	NA	16	294
ENSMUST00000030882.12	ENSMUSG00000029017	+	13	0	12	0	64	NA	NA	NA	99
ENSMUST00000030771.12	ENSMUSG00000029014	-	17	0	16	0	74	NA	NA	NA	64
ENSMUST00000030872.12	ENSMUSG00000029012	-	14	0	13	0	45	NA	NA	NA	72
ENSMUST00000094962.9	ENSMUSG00000029004	+	26	1	24	0	1523	NA	NA	114	71
ENSMUST00000088392.9	ENSMUSG00000062604	-	15	0	14	0	184	NA	NA	NA	38
ENSMUST00000148618.8	ENSMUSG00000057541	-	17	1	15	0	136	NA	NA	32	395
ENSMUST00000030852.13	ENSMUSG00000028999	+	15	0	14	0	192	NA	NA	NA	42
ENSMUST00000030841.10	ENSMUSG00000028986	+	11	0	10	0	283	NA	NA	NA	120
ENSMUST00000049887.13	ENSMUSG00000048439	+	7	0	6	0	568	NA	NA	NA	127
ENSMUST00000030814.11	ENSMUSG00000028969	-	12	0	11	0	86	NA	NA	NA	37
ENSMUST00000030800.13	ENSMUSG00000028959	-	10	0	9	0	107	NA	NA	NA	82
ENSMUST00000030799.15	ENSMUSG00000028958	-	3	1	1	0	351	NA	NA	33	386
ENSMUST00000088295.9	ENSMUSG00000038181	+	5	0	3	1	1295	990	990	NA	263
ENSMUST00000068825.8	ENSMUSG00000028954	+	15	1	13	0	178	NA	NA	14	117
ENSMUST00000030787.9	ENSMUSG00000028945	-	8	0	7	0	92	NA	NA	NA	52
ENSMUST00000076306.12	ENSMUSG00000028944	-	14	0	13	0	31	NA	NA	NA	94
ENSMUST00000045737.14	ENSMUSG00000038072	+	12	1	10	0	131	NA	NA	38	295
ENSMUST00000030773.12	ENSMUSG00000028933	-	3	0	2	0	715	NA	NA	NA	39
ENSMUST00000088244.6	ENSMUSG00000056367	+	12	0	11	0	95	NA	NA	NA	44
ENSMUST00000002291.12	ENSMUSG00000002221	-	21	0	20	0	15	NA	NA	NA	81
ENSMUST00000059155.11	ENSMUSG00000045294	+	5	0	4	0	29	NA	NA	NA	358
ENSMUST00000059644.13	ENSMUSG00000048271	+	19	0	18	0	48	NA	NA	NA	43
ENSMUST00000055195.11	ENSMUSG00000010721	-	17	0	16	0	85	NA	NA	NA	66
ENSMUST00000049453.9	ENSMUSG00000039000	+	23	0	22	0	170	NA	NA	NA	66
ENSMUST00000156859.3	ENSMUSG00000025745	-	20	0	19	0	145	NA	NA	NA	67
ENSMUST00000026841.15	ENSMUSG00000059447	+	16	1	14	0	35	NA	NA	8	67
ENSMUST00000145167.9	ENSMUSG00000075703	+	10	0	9	0	98	NA	NA	NA	57
ENSMUST00000062962.12	ENSMUSG00000029175	+	6	0	5	0	472	NA	NA	NA	77
ENSMUST00000114729.8	ENSMUSG00000029168	+	13	1	11	0	85	NA	NA	4	261
ENSMUST00000031058.15	ENSMUSG00000029166	+	7	1	5	0	68	NA	NA	7	121
ENSMUST00000201203.4	ENSMUSG00000038828	+	17	0	16	0	126	NA	NA	NA	151
ENSMUST00000201168.4	ENSMUSG00000029165	+	15	1	13	0	171	NA	NA	46	215
ENSMUST00000132253.5	ENSMUSG00000038803	-	3	1	0	1	114	24	24	1	137
ENSMUST00000031053.15	ENSMUSG00000029162	+	9	0	8	0	85	NA	NA	NA	92
ENSMUST00000031051.9	ENSMUSG00000029161	-	6	1	4	0	497	NA	NA	17	86
ENSMUST00000074840.12	ENSMUSG00000045302	-	9	0	8	0	94	NA	NA	NA	135
ENSMUST00000202520.4	ENSMUSG00000006641	-	17	2	14	0	146	NA	NA	120	390
ENSMUST00000013773.12	ENSMUSG00000013629	+	44	0	43	0	102	NA	NA	NA	82
ENSMUST00000031029.15	ENSMUSG00000029146	+	15	0	14	0	113	NA	NA	NA	63
ENSMUST00000114590.8	ENSMUSG00000043059	-	4	0	3	0	826	NA	NA	NA	55
ENSMUST00000031032.11	ENSMUSG00000029147	-	10	0	9	0	203	NA	NA	NA	120
ENSMUST00000202576.4	ENSMUSG00000029148	+	19	1	17	0	104	NA	NA	19	210
ENSMUST00000065388.11	ENSMUSG00000053134	-	5	1	3	0	262	NA	NA	195	413
ENSMUST00000202950.4	ENSMUSG00000029141	+	14	0	13	0	49	NA	NA	NA	663
ENSMUST00000201352.4	ENSMUSG00000052139	+	12	1	10	0	63	NA	NA	24	128
ENSMUST00000031017.11	ENSMUSG00000029135	+	4	0	3	0	518	NA	NA	NA	102
ENSMUST00000015100.15	ENSMUSG00000014956	+	8	0	7	0	104	NA	NA	NA	52
ENSMUST00000202543.4	ENSMUSG00000014932	+	12	1	10	0	208	NA	NA	8	265
ENSMUST00000120591.8	ENSMUSG00000023452	-	9	2	6	0	224	NA	NA	213	53
ENSMUST00000120129.9	ENSMUSG00000054280	-	11	2	8	0	300	NA	NA	50	471
ENSMUST00000119705.8	ENSMUSG00000037426	+	43	1	41	0	292	NA	NA	65	58
ENSMUST00000019109.8	ENSMUSG00000018965	+	2	0	1	0	653	NA	NA	NA	87
ENSMUST00000079746.10	ENSMUSG00000037373	-	9	0	8	0	186	NA	NA	NA	40
ENSMUST00000114449.7	ENSMUSG00000079562	+	9	0	8	0	95	NA	NA	NA	69
ENSMUST00000057551.14	ENSMUSG00000004642	-	8	0	7	0	116	NA	NA	NA	59
ENSMUST00000019439.9	ENSMUSG00000019295	-	4	0	3	0	248	NA	NA	NA	205
ENSMUST00000164207.10	ENSMUSG00000054252	+	18	1	16	0	146	NA	NA	103	103
ENSMUST00000005431.6	ENSMUSG00000005299	-	14	0	13	0	149	NA	NA	NA	79
ENSMUST00000075812.11	ENSMUSG00000057406	+	23	2	20	0	271	NA	NA	29	597
ENSMUST00000056355.9	ENSMUSG00000048142	+	3	0	2	0	367	NA	NA	NA	367
ENSMUST00000042701.13	ENSMUSG00000037235	-	6	0	5	0	157	NA	NA	NA	64
ENSMUST00000182709.8	ENSMUSG00000029110	+	8	1	6	0	149	NA	NA	149	9
ENSMUST00000180376.8	ENSMUSG00000037210	+	21	0	20	0	93	NA	NA	NA	222
ENSMUST00000087737.10	ENSMUSG00000059866	-	6	0	5	0	263	NA	NA	NA	279
ENSMUST00000067638.14	ENSMUSG00000054520	+	13	1	11	0	137	NA	NA	4	136
ENSMUST00000001108.11	ENSMUSG00000029106	+	16	1	14	0	0	NA	NA	20	195
ENSMUST00000064571.11	ENSMUSG00000029094	+	17	1	15	0	26	NA	NA	2	127
ENSMUST00000031099.4	ENSMUSG00000029198	+	4	0	3	0	346	NA	NA	NA	62
ENSMUST00000031097.8	ENSMUSG00000029196	-	2	0	1	0	992	NA	NA	NA	270
ENSMUST00000171385.8	ENSMUSG00000029192	-	12	0	11	0	65	NA	NA	NA	3
ENSMUST00000031091.13	ENSMUSG00000029190	-	9	1	7	0	179	NA	NA	264	231
ENSMUST00000068795.4	ENSMUSG00000055302	-	2	0	0	1	NA	14	14	NA	391
ENSMUST00000031002.10	ENSMUSG00000029119	-	19	0	18	0	94	NA	NA	NA	138
ENSMUST00000043964.13	ENSMUSG00000039474	-	8	1	6	0	1805	NA	NA	5	235
ENSMUST00000063116.10	ENSMUSG00000048450	-	2	0	1	0	442	NA	NA	NA	469
ENSMUST00000031009.8	ENSMUSG00000029126	-	5	1	3	0	200	NA	NA	26	129
ENSMUST00000094833.10	ENSMUSG00000029127	-	8	1	6	0	676	NA	NA	15	152
ENSMUST00000087511.10	ENSMUSG00000067365	+	5	0	3	1	99	7	7	NA	91
ENSMUST00000005234.13	ENSMUSG00000005103	-	15	0	14	0	106	NA	NA	NA	16
ENSMUST00000179555.8	ENSMUSG00000046572	-	3	2	0	0	3441	NA	NA	193	NA
ENSMUST00000050556.11	ENSMUSG00000061755	-	27	0	26	0	117	NA	NA	NA	237
ENSMUST00000196483.5	ENSMUSG00000039753	-	11	0	10	0	76	NA	NA	NA	84
ENSMUST00000117396.3	ENSMUSG00000015880	+	21	0	20	0	114	NA	NA	NA	111
ENSMUST00000174421.8	ENSMUSG00000031558	+	39	0	38	0	241	NA	NA	NA	179
ENSMUST00000030971.7	ENSMUSG00000029090	-	19	0	18	0	1242	NA	NA	NA	224
ENSMUST00000132734.8	ENSMUSG00000029167	-	13	0	12	0	103	NA	NA	NA	48
ENSMUST00000031061.12	ENSMUSG00000029169	-	14	0	13	0	117	NA	NA	NA	71
ENSMUST00000031069.13	ENSMUSG00000029173	-	11	0	10	0	303	NA	NA	NA	114
ENSMUST00000031081.11	ENSMUSG00000029186	+	10	0	9	0	173	NA	NA	NA	250
ENSMUST00000031077.13	ENSMUSG00000029179	+	12	0	11	0	283	NA	NA	NA	124
ENSMUST00000147148.5	ENSMUSG00000061461	+	3	0	2	0	37	NA	NA	NA	115
ENSMUST00000113865.5	ENSMUSG00000039191	+	11	0	10	0	315	NA	NA	NA	20
ENSMUST00000037337.10	ENSMUSG00000039178	+	21	0	20	0	74	NA	NA	NA	99
ENSMUST00000117661.9	ENSMUSG00000039156	+	12	0	11	0	477	NA	NA	NA	151
ENSMUST00000094783.7	ENSMUSG00000029108	+	3	0	2	0	376	NA	NA	NA	3174
ENSMUST00000076623.8	ENSMUSG00000037999	-	33	1	31	0	386	NA	NA	142	899
ENSMUST00000154169.4	ENSMUSG00000047881	-	7	0	5	1	135	4	4	NA	88
ENSMUST00000087324.7	ENSMUSG00000029171	+	14	0	13	0	102	NA	NA	NA	105
ENSMUST00000121370.8	ENSMUSG00000029174	+	21	2	18	0	200	NA	NA	92	417
ENSMUST00000165536.8	ENSMUSG00000029178	+	6	1	4	0	181	NA	NA	39	57
ENSMUST00000031080.15	ENSMUSG00000029185	+	14	1	12	0	116	NA	NA	8	348
ENSMUST00000101191.10	ENSMUSG00000054920	+	11	0	10	0	56	NA	NA	NA	380
ENSMUST00000203581.3	ENSMUSG00000029191	-	25	0	24	0	86	NA	NA	NA	3
ENSMUST00000031103.14	ENSMUSG00000029201	-	12	1	10	0	107	NA	NA	7	162
ENSMUST00000139122.8	ENSMUSG00000037822	-	5	1	3	0	32	NA	NA	34	75
ENSMUST00000142407.8	ENSMUSG00000029203	+	7	0	6	0	74	NA	NA	NA	63
ENSMUST00000201489.4	ENSMUSG00000037795	+	20	5	14	0	45	NA	NA	11	1142
ENSMUST00000113726.8	ENSMUSG00000070780	-	7	3	3	0	230	NA	NA	31	1129
ENSMUST00000162349.8	ENSMUSG00000029207	-	18	3	14	0	167	NA	NA	50	19
ENSMUST00000101164.11	ENSMUSG00000037736	+	26	0	25	0	25	NA	NA	NA	96
ENSMUST00000037918.12	ENSMUSG00000037720	+	8	1	6	0	129	NA	NA	25	45
ENSMUST00000162372.8	ENSMUSG00000029221	+	18	0	17	0	44	NA	NA	NA	103
ENSMUST00000135930.8	ENSMUSG00000037685	-	36	0	35	0	97	NA	NA	NA	49
ENSMUST00000087228.11	ENSMUSG00000029208	+	17	0	16	0	137	NA	NA	NA	111
ENSMUST00000031117.13	ENSMUSG00000029209	-	7	1	5	0	61	NA	NA	39	124
ENSMUST00000013693.11	ENSMUSG00000029213	-	5	0	4	0	20	NA	NA	NA	66
ENSMUST00000087216.12	ENSMUSG00000072889	-	23	1	21	0	173	NA	NA	2	253
ENSMUST00000087212.8	ENSMUSG00000067219	+	6	0	5	0	628	NA	NA	NA	46
ENSMUST00000071944.13	ENSMUSG00000029217	-	19	2	16	0	83	NA	NA	48	138
ENSMUST00000144843.8	ENSMUSG00000036087	+	8	0	7	0	66	NA	NA	NA	389
ENSMUST00000101127.12	ENSMUSG00000070733	-	63	3	59	0	258	NA	NA	86	120
ENSMUST00000031038.11	ENSMUSG00000029152	+	9	1	7	0	37	NA	NA	5	58
ENSMUST00000087195.9	ENSMUSG00000029153	-	7	1	5	0	81	NA	NA	60	66
ENSMUST00000063882.12	ENSMUSG00000051674	+	11	0	10	0	55	NA	NA	NA	25
ENSMUST00000081170.9	ENSMUSG00000029156	-	6	0	5	0	203	NA	NA	NA	39
ENSMUST00000068058.14	ENSMUSG00000054814	-	9	0	8	0	101	NA	NA	NA	36
ENSMUST00000051937.9	ENSMUSG00000049907	+	4	0	3	0	470	NA	NA	NA	139
ENSMUST00000072857.13	ENSMUSG00000062110	-	9	0	8	0	92	NA	NA	NA	838
ENSMUST00000113536.8	ENSMUSG00000029227	+	18	0	17	0	147	NA	NA	NA	82
ENSMUST00000075452.7	ENSMUSG00000029229	-	6	0	5	0	50	NA	NA	NA	119
ENSMUST00000005815.7	ENSMUSG00000005672	+	21	0	20	0	131	NA	NA	NA	67
ENSMUST00000031143.13	ENSMUSG00000029233	+	6	0	5	0	259	NA	NA	NA	221
ENSMUST00000031144.14	ENSMUSG00000029234	+	6	0	5	0	76	NA	NA	NA	207
ENSMUST00000202651.4	ENSMUSG00000029238	-	23	3	19	0	179	NA	NA	43	47
ENSMUST00000121979.8	ENSMUSG00000036403	+	26	1	23	1	102	12	12	44	113
ENSMUST00000140076.2	ENSMUSG00000029246	-	11	0	10	0	196	NA	NA	NA	128
ENSMUST00000080359.12	ENSMUSG00000029249	+	4	1	2	0	2281	NA	NA	9	883
ENSMUST00000113373.2	ENSMUSG00000035898	-	33	1	31	0	138	NA	NA	22	41
ENSMUST00000090413.6	ENSMUSG00000070697	+	1	0	0	0	NA	NA	NA	NA	NA
ENSMUST00000198965.5	ENSMUSG00000029291	+	18	0	17	0	143	NA	NA	NA	328
ENSMUST00000078945.12	ENSMUSG00000044221	-	10	0	8	1	49	27	27	NA	354
ENSMUST00000113229.8	ENSMUSG00000006262	+	6	0	5	0	77	NA	NA	NA	14
ENSMUST00000031311.10	ENSMUSG00000029366	+	7	0	6	0	26	NA	NA	NA	91
ENSMUST00000148750.8	ENSMUSG00000060961	+	26	1	23	1	43	37	37	1	73
ENSMUST00000118816.6	ENSMUSG00000035505	-	6	0	5	0	176	NA	NA	NA	324
ENSMUST00000197021.2	ENSMUSG00000055204	-	34	0	33	0	59	NA	NA	NA	54
ENSMUST00000071652.6	ENSMUSG00000029376	+	8	0	7	0	112	NA	NA	NA	116
ENSMUST00000031345.15	ENSMUSG00000029397	-	9	0	8	0	128	NA	NA	NA	90
ENSMUST00000164378.8	ENSMUSG00000029405	-	12	1	10	0	272	NA	NA	24	95
ENSMUST00000031355.10	ENSMUSG00000029407	+	24	0	23	0	80	NA	NA	NA	66
ENSMUST00000031364.5	ENSMUSG00000029415	-	22	0	21	0	47	NA	NA	NA	90
ENSMUST00000031377.9	ENSMUSG00000029426	-	12	0	11	0	38	NA	NA	NA	117
ENSMUST00000113055.9	ENSMUSG00000029381	+	11	0	10	0	368	NA	NA	NA	165
ENSMUST00000202217.3	ENSMUSG00000058013	+	11	0	9	1	24	44	44	NA	27
ENSMUST00000058550.15	ENSMUSG00000063015	-	7	1	5	0	443	NA	NA	44	114
ENSMUST00000031331.13	ENSMUSG00000029385	+	8	0	6	0	123	NA	NA	0	138
ENSMUST00000155901.8	ENSMUSG00000034724	-	12	1	10	0	212	NA	NA	10	112
ENSMUST00000031447.12	ENSMUSG00000029484	+	13	1	11	0	59	NA	NA	38	15
ENSMUST00000035635.10	ENSMUSG00000034663	+	16	0	15	0	1393	NA	NA	NA	169
ENSMUST00000069453.9	ENSMUSG00000055725	-	7	0	5	1	142	7	7	NA	185
ENSMUST00000031281.14	ENSMUSG00000029338	-	17	0	16	0	38	NA	NA	NA	152
ENSMUST00000172361.8	ENSMUSG00000000568	-	9	0	7	1	67	31	31	NA	233
ENSMUST00000128187.8	ENSMUSG00000029328	-	8	0	6	1	70	22	22	NA	443
ENSMUST00000169390.8	ENSMUSG00000029326	+	6	0	5	0	136	NA	NA	NA	84
ENSMUST00000016977.15	ENSMUSG00000016833	+	6	0	5	0	76	NA	NA	NA	91
ENSMUST00000112887.8	ENSMUSG00000029314	+	14	2	11	0	111	NA	NA	153	141
ENSMUST00000031273.9	ENSMUSG00000029330	+	13	0	12	0	129	NA	NA	NA	117
ENSMUST00000094559.9	ENSMUSG00000057315	+	10	1	8	0	243	NA	NA	20	174
ENSMUST00000048957.11	ENSMUSG00000034573	+	48	1	46	0	92	NA	NA	5	115
ENSMUST00000054979.10	ENSMUSG00000029313	+	20	0	19	0	121	NA	NA	NA	17
ENSMUST00000031254.9	ENSMUSG00000029312	-	10	1	8	0	123	NA	NA	141	243
ENSMUST00000031251.16	ENSMUSG00000029311	-	7	0	6	0	84	NA	NA	NA	210
ENSMUST00000086831.4	ENSMUSG00000034462	+	15	0	14	0	236	NA	NA	NA	589
ENSMUST00000112707.3	ENSMUSG00000070639	+	5	3	1	0	272	NA	NA	23	2139
ENSMUST00000067924.13	ENSMUSG00000054720	+	4	2	1	0	2273	NA	NA	4	138
ENSMUST00000060531.16	ENSMUSG00000046079	+	3	2	0	0	2581	NA	NA	2	NA
ENSMUST00000031227.11	ENSMUSG00000029290	+	12	0	11	0	341	NA	NA	NA	16
ENSMUST00000112696.8	ENSMUSG00000049606	-	6	1	4	0	192	NA	NA	17	44
ENSMUST00000031221.12	ENSMUSG00000029283	+	12	1	10	0	391	NA	NA	85	97
ENSMUST00000031224.15	ENSMUSG00000029287	-	17	1	15	0	118	NA	NA	90	67
ENSMUST00000082223.13	ENSMUSG00000058558	+	8	0	7	0	99	NA	NA	NA	3
ENSMUST00000031198.11	ENSMUSG00000029270	-	5	0	4	0	812	NA	NA	NA	54
ENSMUST00000081567.11	ENSMUSG00000029267	+	15	0	14	0	357	NA	NA	NA	5
ENSMUST00000002837.11	ENSMUSG00000063406	-	4	0	3	0	218	NA	NA	NA	189
ENSMUST00000031190.5	ENSMUSG00000029265	+	3	0	2	0	146	NA	NA	NA	220
ENSMUST00000119014.8	ENSMUSG00000029263	+	13	0	12	0	213	NA	NA	NA	154
ENSMUST00000046975.12	ENSMUSG00000033623	+	11	3	7	0	47	NA	NA	9	109
ENSMUST00000046603.15	ENSMUSG00000062234	-	28	0	27	0	101	NA	NA	NA	145
ENSMUST00000053913.13	ENSMUSG00000004815	-	23	0	22	0	101	NA	NA	NA	253
ENSMUST00000013633.12	ENSMUSG00000008090	+	7	1	5	0	529	NA	NA	157	67
ENSMUST00000112528.8	ENSMUSG00000023284	+	5	1	3	0	1855	NA	NA	155	15
ENSMUST00000112519.9	ENSMUSG00000014668	+	18	1	16	0	42	NA	NA	11	133
ENSMUST00000112512.8	ENSMUSG00000029502	+	24	1	22	0	171	NA	NA	175	136
ENSMUST00000197188.5	ENSMUSG00000029501	+	13	0	12	0	219	NA	NA	NA	187
ENSMUST00000112505.9	ENSMUSG00000029500	-	6	0	5	0	150	NA	NA	NA	188
ENSMUST00000007296.12	ENSMUSG00000007080	+	49	0	48	0	113	NA	NA	NA	62
ENSMUST00000069483.12	ENSMUSG00000043323	-	19	0	18	0	837	NA	NA	NA	288
ENSMUST00000031490.11	ENSMUSG00000029512	-	28	0	27	0	55	NA	NA	NA	111
ENSMUST00000156290.9	ENSMUSG00000033209	+	23	0	22	0	1555	NA	NA	NA	84
ENSMUST00000200298.2	ENSMUSG00000050017	+	11	0	10	0	50	NA	NA	NA	20
ENSMUST00000094463.5	ENSMUSG00000070576	+	2	0	1	0	175	NA	NA	NA	3718
ENSMUST00000031287.12	ENSMUSG00000029344	+	7	2	3	1	41	8	8	73	839
ENSMUST00000031288.14	ENSMUSG00000029345	+	14	2	11	0	355	NA	NA	9	212
ENSMUST00000047936.13	ENSMUSG00000042190	-	3	2	0	0	1117	NA	NA	2	NA
ENSMUST00000065698.7	ENSMUSG00000053334	+	3	1	1	0	1075	NA	NA	51	301
ENSMUST00000004646.13	ENSMUSG00000004530	-	11	1	9	0	119	NA	NA	5	195
ENSMUST00000031588.12	ENSMUSG00000029592	+	13	0	12	0	264	NA	NA	NA	83
ENSMUST00000031587.13	ENSMUSG00000029591	+	7	0	6	0	140	NA	NA	NA	123
ENSMUST00000102581.11	ENSMUSG00000001098	-	7	0	6	0	224	NA	NA	NA	3
ENSMUST00000074002.12	ENSMUSG00000029577	+	28	2	25	0	191	NA	NA	24	161
ENSMUST00000031560.14	ENSMUSG00000029575	-	9	0	8	0	87	NA	NA	NA	116
ENSMUST00000043760.15	ENSMUSG00000041939	+	11	1	9	0	148	NA	NA	14	78
ENSMUST00000012028.14	ENSMUSG00000011884	-	5	0	4	0	182	NA	NA	NA	103
ENSMUST00000094441.11	ENSMUSG00000002486	+	13	0	11	0	32	NA	NA	0	185
ENSMUST00000086564.11	ENSMUSG00000041890	-	20	0	19	0	212	NA	NA	NA	52
ENSMUST00000102578.11	ENSMUSG00000041870	+	15	0	14	0	195	NA	NA	NA	96
ENSMUST00000031540.11	ENSMUSG00000041827	+	7	1	5	0	500	NA	NA	2	198
ENSMUST00000031530.9	ENSMUSG00000029550	+	11	0	10	0	71	NA	NA	NA	23
ENSMUST00000031524.11	ENSMUSG00000029545	-	10	0	9	0	152	NA	NA	NA	46
ENSMUST00000112121.6	ENSMUSG00000048578	-	5	0	4	0	229	NA	NA	NA	232
ENSMUST00000112097.8	ENSMUSG00000041740	-	17	0	16	0	76	NA	NA	NA	157
ENSMUST00000009157.4	ENSMUSG00000009013	-	3	1	1	0	137	NA	NA	6	132
ENSMUST00000031513.14	ENSMUSG00000029538	+	4	0	3	0	143	NA	NA	NA	191
ENSMUST00000139167.3	ENSMUSG00000029536	-	3	0	2	0	55	NA	NA	NA	308
ENSMUST00000112067.8	ENSMUSG00000029524	-	5	1	3	0	7	NA	NA	7	488
ENSMUST00000067268.15	ENSMUSG00000029528	+	11	0	10	0	266	NA	NA	NA	13
ENSMUST00000031492.15	ENSMUSG00000029518	+	6	0	5	0	128	NA	NA	NA	52
ENSMUST00000102560.7	ENSMUSG00000029516	+	47	0	46	0	23	NA	NA	NA	96
ENSMUST00000031486.14	ENSMUSG00000029513	-	7	0	6	0	77	NA	NA	NA	159
ENSMUST00000036991.5	ENSMUSG00000041548	-	3	0	2	0	159	NA	NA	NA	367
ENSMUST00000086471.12	ENSMUSG00000066900	-	12	0	11	0	98	NA	NA	NA	142
ENSMUST00000111978.8	ENSMUSG00000061288	+	21	2	18	0	161	NA	NA	91	120
ENSMUST00000111967.8	ENSMUSG00000066894	+	10	0	9	0	55	NA	NA	NA	61
ENSMUST00000111959.2	ENSMUSG00000029364	+	8	0	7	0	162	NA	NA	NA	188
ENSMUST00000202447.4	ENSMUSG00000032898	+	12	0	11	0	187	NA	NA	NA	239
ENSMUST00000117177.8	ENSMUSG00000032850	-	12	2	9	0	134	NA	NA	112	24
ENSMUST00000079719.11	ENSMUSG00000018604	+	7	0	6	0	461	NA	NA	NA	389
ENSMUST00000031590.12	ENSMUSG00000029594	+	24	0	23	0	97	NA	NA	NA	36
ENSMUST00000068326.14	ENSMUSG00000032754	+	16	1	14	0	197	NA	NA	57	156
ENSMUST00000046426.10	ENSMUSG00000032741	-	28	1	26	0	116	NA	NA	132	112
ENSMUST00000031599.9	ENSMUSG00000029600	-	3	1	1	0	492	NA	NA	83	269
ENSMUST00000031598.11	ENSMUSG00000029599	+	20	0	19	0	232	NA	NA	NA	171
ENSMUST00000080322.8	ENSMUSG00000052776	-	7	0	6	0	32	NA	NA	NA	183
ENSMUST00000042312.14	ENSMUSG00000042726	-	12	1	10	0	53	NA	NA	18	47
ENSMUST00000130451.2	ENSMUSG00000029616	-	3	0	2	0	499	NA	NA	NA	150
ENSMUST00000031414.15	ENSMUSG00000029458	+	12	0	11	0	363	NA	NA	NA	82
ENSMUST00000051950.14	ENSMUSG00000042605	+	25	0	24	0	28	NA	NA	NA	641
ENSMUST00000086310.8	ENSMUSG00000042594	-	9	2	6	0	322	NA	NA	27	648
ENSMUST00000102528.11	ENSMUSG00000004455	+	7	0	6	0	89	NA	NA	NA	55
ENSMUST00000111738.8	ENSMUSG00000038593	-	14	0	13	0	143	NA	NA	NA	232
ENSMUST00000053426.15	ENSMUSG00000038582	+	6	0	5	0	58	NA	NA	NA	241
ENSMUST00000155671.8	ENSMUSG00000029462	+	4	0	3	0	117	NA	NA	NA	3
ENSMUST00000177974.8	ENSMUSG00000029467	-	21	0	20	0	13	NA	NA	NA	118
ENSMUST00000031426.14	ENSMUSG00000029469	-	19	1	17	0	182	NA	NA	21	144
ENSMUST00000031429.14	ENSMUSG00000029470	+	12	0	11	0	26	NA	NA	NA	134
ENSMUST00000111668.8	ENSMUSG00000029471	-	17	1	15	0	170	NA	NA	58	471
ENSMUST00000086216.9	ENSMUSG00000029472	-	17	0	16	0	211	NA	NA	NA	171
ENSMUST00000031434.8	ENSMUSG00000029474	+	6	0	5	0	190	NA	NA	NA	6
ENSMUST00000046073.16	ENSMUSG00000029475	-	23	0	22	0	181	NA	NA	NA	33
ENSMUST00000067505.15	ENSMUSG00000054434	+	12	0	11	0	113	NA	NA	NA	69
ENSMUST00000186469.7	ENSMUSG00000029449	-	6	0	4	1	164	2097	2097	NA	138
ENSMUST00000100729.9	ENSMUSG00000029440	+	6	0	5	0	27	NA	NA	NA	138
ENSMUST00000031391.9	ENSMUSG00000029438	+	6	0	5	0	71	NA	NA	NA	92
ENSMUST00000068237.12	ENSMUSG00000038342	+	17	0	16	0	121	NA	NA	NA	413
ENSMUST00000031388.13	ENSMUSG00000029434	-	13	0	12	0	181	NA	NA	NA	102
ENSMUST00000111566.9	ENSMUSG00000049550	-	24	1	22	0	225	NA	NA	108	85
ENSMUST00000196282.5	ENSMUSG00000029427	-	14	0	13	0	778	NA	NA	NA	208
ENSMUST00000050827.14	ENSMUSG00000029422	-	12	4	7	0	179	NA	NA	70	8
ENSMUST00000031366.12	ENSMUSG00000029414	+	64	1	62	0	20	NA	NA	46	129
ENSMUST00000023869.15	ENSMUSG00000023106	+	8	1	6	0	44	NA	NA	9	106
ENSMUST00000000939.15	ENSMUSG00000000915	+	32	0	31	0	47	NA	NA	NA	93
ENSMUST00000040967.9	ENSMUSG00000066278	-	4	0	3	0	491	NA	NA	NA	111
ENSMUST00000024470.13	ENSMUSG00000023707	+	7	0	6	0	263	NA	NA	NA	129
ENSMUST00000161938.8	ENSMUSG00000029406	-	25	1	23	0	323	NA	NA	98	78
ENSMUST00000031344.13	ENSMUSG00000038126	-	22	1	20	0	101	NA	NA	157	107
ENSMUST00000065263.12	ENSMUSG00000038095	-	32	0	30	0	142	NA	NA	0	129
ENSMUST00000059580.11	ENSMUSG00000049327	+	8	0	7	0	210	NA	NA	NA	10
ENSMUST00000031347.8	ENSMUSG00000029401	-	4	0	3	0	30	NA	NA	NA	306
ENSMUST00000062153.12	ENSMUSG00000029392	-	7	0	6	0	144	NA	NA	NA	309
ENSMUST00000060226.11	ENSMUSG00000029390	+	4	0	3	0	124	NA	NA	NA	180
ENSMUST00000071057.14	ENSMUSG00000029389	+	14	0	13	0	176	NA	NA	NA	108
ENSMUST00000031334.15	ENSMUSG00000029388	-	9	0	8	0	164	NA	NA	NA	13
ENSMUST00000037865.13	ENSMUSG00000038023	+	20	0	19	0	105	NA	NA	NA	117
ENSMUST00000036206.14	ENSMUSG00000037979	-	4	1	2	0	772	NA	NA	17	130
ENSMUST00000111417.9	ENSMUSG00000079215	+	4	3	0	0	1378	NA	NA	593	NA
ENSMUST00000086075.13	ENSMUSG00000037936	-	13	0	11	0	128	1	1	NA	126
ENSMUST00000136312.2	ENSMUSG00000008348	-	2	1	0	0	2207	NA	NA	3	NA
ENSMUST00000049040.14	ENSMUSG00000037905	+	3	0	2	0	427	NA	NA	NA	231
ENSMUST00000031378.14	ENSMUSG00000029428	-	11	0	9	1	80	45	45	NA	30
ENSMUST00000031383.14	ENSMUSG00000029430	+	7	1	5	0	44	NA	NA	11	36
ENSMUST00000053737.9	ENSMUSG00000029439	+	18	0	17	0	65	NA	NA	NA	218
ENSMUST00000031399.13	ENSMUSG00000029446	-	8	3	4	0	107	NA	NA	17	140
ENSMUST00000041466.14	ENSMUSG00000034173	+	4	0	3	0	1819	NA	NA	NA	50
ENSMUST00000051758.11	ENSMUSG00000066735	+	3	0	2	0	226	NA	NA	NA	194
ENSMUST00000026613.14	ENSMUSG00000025534	-	12	0	11	0	169	NA	NA	NA	210
ENSMUST00000118993.8	ENSMUSG00000034118	+	6	1	3	1	17	23	23	101	845
ENSMUST00000040616.9	ENSMUSG00000034110	+	4	0	3	0	376	NA	NA	NA	144
ENSMUST00000065329.13	ENSMUSG00000053094	+	7	1	5	0	20	NA	NA	19	159
ENSMUST00000026387.11	ENSMUSG00000025337	-	5	0	4	0	128	NA	NA	NA	128
ENSMUST00000182974.9	ENSMUSG00000029673	-	19	0	18	0	1257	NA	NA	NA	309
ENSMUST00000173341.9	ENSMUSG00000060261	-	33	1	30	1	58	17	17	5	99
ENSMUST00000111245.9	ENSMUSG00000023079	-	29	1	27	0	68	NA	NA	6	123
ENSMUST00000100647.7	ENSMUSG00000063146	-	17	1	15	0	11	NA	NA	67	124
ENSMUST00000036125.10	ENSMUSG00000040731	-	6	0	5	0	139	NA	NA	NA	59
ENSMUST00000015137.10	ENSMUSG00000029674	-	16	0	15	0	162	NA	NA	NA	55
ENSMUST00000046999.12	ENSMUSG00000040532	+	6	0	5	0	132	NA	NA	NA	128
ENSMUST00000005509.11	ENSMUSG00000007207	+	10	0	9	0	77	NA	NA	NA	30
ENSMUST00000071263.7	ENSMUSG00000061118	+	1	0	0	0	NA	NA	NA	NA	NA
ENSMUST00000067935.11	ENSMUSG00000043614	-	4	0	3	0	392	NA	NA	NA	138
ENSMUST00000153183.8	ENSMUSG00000005374	+	7	0	6	0	462	NA	NA	NA	127
ENSMUST00000031692.12	ENSMUSG00000029681	+	6	0	5	0	92	NA	NA	NA	92
ENSMUST00000002825.6	ENSMUSG00000002748	+	19	0	18	0	357	NA	NA	NA	107
ENSMUST00000000940.15	ENSMUSG00000000916	+	10	0	9	0	108	NA	NA	NA	93
ENSMUST00000060311.12	ENSMUSG00000039959	-	31	0	30	0	52	NA	NA	NA	120
ENSMUST00000005651.13	ENSMUSG00000005514	+	16	1	14	0	144	NA	NA	13	179
ENSMUST00000043378.9	ENSMUSG00000039886	-	12	0	11	0	113	NA	NA	NA	81
ENSMUST00000019323.11	ENSMUSG00000019179	+	9	0	8	0	131	NA	NA	NA	66
ENSMUST00000005077.7	ENSMUSG00000004951	+	3	0	2	0	189	NA	NA	NA	376
ENSMUST00000198270.2	ENSMUSG00000051391	-	3	0	1	1	656	9	9	NA	87
ENSMUST00000111145.10	ENSMUSG00000004947	+	10	2	7	0	227	NA	NA	75	268
ENSMUST00000041366.14	ENSMUSG00000039771	+	4	0	3	0	35	NA	NA	NA	53
ENSMUST00000006301.11	ENSMUSG00000029703	-	15	0	14	0	140	NA	NA	NA	80
ENSMUST00000041048.6	ENSMUSG00000039747	-	3	1	1	0	527	NA	NA	13	225
ENSMUST00000151786.8	ENSMUSG00000039737	-	6	0	5	0	100	NA	NA	NA	126
ENSMUST00000085941.12	ENSMUSG00000059518	-	5	0	4	0	21	NA	NA	NA	22
ENSMUST00000004968.11	ENSMUSG00000004846	+	19	0	18	0	155	NA	NA	NA	118
ENSMUST00000190827.7	ENSMUSG00000037428	+	5	4	0	0	1873	NA	NA	20	NA
ENSMUST00000111080.8	ENSMUSG00000004849	-	5	0	4	0	47	NA	NA	NA	3
ENSMUST00000041388.11	ENSMUSG00000037411	-	9	1	7	0	37	NA	NA	1	271
ENSMUST00000054384.6	ENSMUSG00000043279	-	3	2	0	0	2205	NA	NA	1	NA
ENSMUST00000024099.11	ENSMUSG00000023328	+	5	1	3	0	121	NA	NA	22	1068
ENSMUST00000024119.11	ENSMUSG00000023348	-	9	0	8	0	131	NA	NA	NA	109
ENSMUST00000039991.14	ENSMUSG00000037344	-	14	1	12	0	886	NA	NA	42	181
ENSMUST00000111055.9	ENSMUSG00000029710	+	17	0	16	0	129	NA	NA	NA	52
ENSMUST00000031727.10	ENSMUSG00000029714	+	24	0	23	0	52	NA	NA	NA	35
ENSMUST00000031726.15	ENSMUSG00000029713	-	10	1	8	0	106	NA	NA	89	57
ENSMUST00000111007.8	ENSMUSG00000037221	-	5	0	4	0	31	NA	NA	NA	205
ENSMUST00000031731.14	ENSMUSG00000029718	-	9	0	8	0	154	NA	NA	NA	92
ENSMUST00000100544.11	ENSMUSG00000029722	-	13	0	12	0	53	NA	NA	NA	221
ENSMUST00000031740.16	ENSMUSG00000029726	-	4	0	3	0	52	NA	NA	NA	1602
ENSMUST00000019660.11	ENSMUSG00000029729	+	6	1	4	0	892	NA	NA	87	426
ENSMUST00000062350.15	ENSMUSG00000037017	+	5	2	2	0	844	NA	NA	83	630
ENSMUST00000049393.15	ENSMUSG00000037007	-	5	1	3	0	1045	NA	NA	70	55
ENSMUST00000110951.8	ENSMUSG00000019494	+	10	1	8	0	140	NA	NA	11	112
ENSMUST00000000505.16	ENSMUSG00000029730	-	15	0	14	0	201	NA	NA	NA	31
ENSMUST00000019662.11	ENSMUSG00000019518	+	15	0	14	0	212	NA	NA	NA	58
ENSMUST00000026972.8	ENSMUSG00000025854	+	10	0	9	0	249	NA	NA	NA	590
ENSMUST00000076095.14	ENSMUSG00000025856	-	6	0	5	0	10	NA	NA	NA	63
ENSMUST00000110882.8	ENSMUSG00000036817	+	19	1	17	0	113	NA	NA	20	77
ENSMUST00000026976.12	ENSMUSG00000025858	+	9	0	8	0	88	NA	NA	NA	155
ENSMUST00000110865.2	ENSMUSG00000056413	-	11	0	10	0	28	NA	NA	NA	82
ENSMUST00000044642.14	ENSMUSG00000036718	-	17	0	16	0	73	NA	NA	NA	143
ENSMUST00000200393.5	ENSMUSG00000029547	-	47	0	46	0	115	NA	NA	NA	58
ENSMUST00000018287.10	ENSMUSG00000018143	+	3	1	1	0	434	NA	NA	44	36
ENSMUST00000031531.14	ENSMUSG00000029551	-	3	1	1	0	152	NA	NA	21	216
ENSMUST00000196130.5	ENSMUSG00000029560	-	10	0	9	0	113	NA	NA	NA	141
ENSMUST00000100507.8	ENSMUSG00000056076	+	19	0	17	1	103	14	14	NA	466
ENSMUST00000031555.3	ENSMUSG00000029570	+	8	0	7	0	66	NA	NA	NA	429
ENSMUST00000042661.8	ENSMUSG00000036565	-	14	0	13	0	74	NA	NA	NA	123
ENSMUST00000041783.14	ENSMUSG00000036555	-	23	0	22	0	127	NA	NA	NA	36
ENSMUST00000041588.13	ENSMUSG00000000148	+	14	1	12	0	695	NA	NA	17	127
ENSMUST00000000153.9	ENSMUSG00000000149	-	4	0	3	0	569	NA	NA	NA	303
ENSMUST00000110778.2	ENSMUSG00000029578	+	12	0	11	0	112	NA	NA	NA	74
ENSMUST00000058418.8	ENSMUSG00000050822	+	11	1	9	0	151	NA	NA	11	169
ENSMUST00000151477.8	ENSMUSG00000039477	-	16	1	14	0	286	NA	NA	244	187
ENSMUST00000035985.8	ENSMUSG00000066640	-	5	1	3	0	156	NA	NA	3	204
ENSMUST00000100497.11	ENSMUSG00000029580	-	6	1	4	0	143	NA	NA	6	123
ENSMUST00000031565.15	ENSMUSG00000029581	+	5	0	4	0	202	NA	NA	NA	832
ENSMUST00000200607.5	ENSMUSG00000045078	-	17	1	15	0	316	NA	NA	60	67
ENSMUST00000049861.11	ENSMUSG00000061898	-	5	1	3	0	1897	NA	NA	42	15
ENSMUST00000077485.11	ENSMUSG00000029587	+	4	1	2	0	1822	NA	NA	48	15
ENSMUST00000161448.8	ENSMUSG00000046658	-	7	2	4	0	2356	NA	NA	25	364
ENSMUST00000046418.3	ENSMUSG00000039244	-	6	0	5	0	201	NA	NA	NA	192
ENSMUST00000110731.4	ENSMUSG00000079111	+	5	0	4	0	34	NA	NA	NA	91
ENSMUST00000045593.12	ENSMUSG00000039206	+	15	0	14	0	192	NA	NA	NA	95
ENSMUST00000080537.14	ENSMUSG00000001847	-	6	0	5	0	130	NA	NA	NA	35
ENSMUST00000116456.10	ENSMUSG00000018001	+	13	0	12	0	72	NA	NA	NA	34
ENSMUST00000053287.6	ENSMUSG00000051306	-	18	1	15	1	7	32	32	9	238
ENSMUST00000100487.6	ENSMUSG00000029613	+	15	0	14	0	104	NA	NA	NA	118
ENSMUST00000041804.8	ENSMUSG00000038970	+	14	0	13	0	28	NA	NA	NA	103
ENSMUST00000056578.7	ENSMUSG00000047843	+	3	0	2	0	132	NA	NA	NA	142
ENSMUST00000055190.8	ENSMUSG00000038859	-	14	0	13	0	75	NA	NA	NA	51
ENSMUST00000071782.8	ENSMUSG00000059991	+	5	0	4	0	227	NA	NA	NA	420
ENSMUST00000110677.8	ENSMUSG00000038780	-	19	0	18	0	99	NA	NA	NA	55
ENSMUST00000031625.15	ENSMUSG00000029621	+	10	1	8	0	38	NA	NA	30	64
ENSMUST00000196111.5	ENSMUSG00000029622	+	10	1	8	0	38	NA	NA	19	64
ENSMUST00000031627.9	ENSMUSG00000029623	-	6	0	5	0	58	NA	NA	NA	13
ENSMUST00000160422.8	ENSMUSG00000029625	+	8	0	7	0	68	NA	NA	NA	103
ENSMUST00000085671.10	ENSMUSG00000055991	+	6	0	5	0	1096	NA	NA	NA	414
ENSMUST00000167316.8	ENSMUSG00000007812	+	4	1	2	0	1384	NA	NA	26	136
ENSMUST00000094116.5	ENSMUSG00000070420	+	5	0	4	0	829	NA	NA	NA	384
ENSMUST00000161859.8	ENSMUSG00000029634	-	5	2	2	0	1729	NA	NA	18	178
ENSMUST00000031640.15	ENSMUSG00000029635	+	13	0	12	0	125	NA	NA	NA	128
ENSMUST00000016143.9	ENSMUSG00000029636	+	10	2	7	0	157	NA	NA	10	133
ENSMUST00000085614.6	ENSMUSG00000029640	-	9	0	8	0	101	NA	NA	NA	48
ENSMUST00000031646.8	ENSMUSG00000029641	+	4	0	3	0	467	NA	NA	NA	124
ENSMUST00000066675.10	ENSMUSG00000016510	-	4	1	2	0	221	NA	NA	1	451
ENSMUST00000016664.8	ENSMUSG00000016520	-	10	1	8	0	135	NA	NA	58	410
ENSMUST00000050970.4	ENSMUSG00000029642	+	2	0	1	0	375	NA	NA	NA	26
ENSMUST00000176600.8	ENSMUSG00000029647	+	19	0	18	0	140	NA	NA	NA	430
ENSMUST00000031653.12	ENSMUSG00000029648	-	30	0	29	0	186	NA	NA	NA	64
ENSMUST00000118527.8	ENSMUSG00000029650	-	6	1	4	0	81	NA	NA	24	189
ENSMUST00000048116.15	ENSMUSG00000041313	-	13	2	10	0	103	NA	NA	14	370
ENSMUST00000079324.14	ENSMUSG00000001687	-	5	0	4	0	52	NA	NA	NA	27
ENSMUST00000047257.15	ENSMUSG00000041298	-	11	1	9	0	198	NA	NA	14	162
ENSMUST00000085546.13	ENSMUSG00000066551	-	5	1	3	0	176	NA	NA	14	150
ENSMUST00000201452.4	ENSMUSG00000029657	-	19	0	17	1	203	48	48	NA	107
ENSMUST00000100404.6	ENSMUSG00000051950	+	15	0	14	0	167	NA	NA	NA	43
ENSMUST00000044620.11	ENSMUSG00000041147	+	27	1	25	0	572	NA	NA	38	67
ENSMUST00000118316.8	ENSMUSG00000029655	-	6	0	4	0	201	NA	NA	0	1235
ENSMUST00000038900.15	ENSMUSG00000034021	+	35	1	33	0	35	NA	NA	19	108
ENSMUST00000110483.9	ENSMUSG00000016128	-	14	0	13	0	117	NA	NA	NA	169
ENSMUST00000001412.17	ENSMUSG00000001376	+	28	0	27	0	119	NA	NA	NA	33
ENSMUST00000049166.5	ENSMUSG00000032757	-	4	0	3	0	155	NA	NA	NA	19
ENSMUST00000031668.10	ENSMUSG00000029661	+	52	0	51	0	146	NA	NA	NA	70
ENSMUST00000015333.12	ENSMUSG00000015189	+	18	0	17	0	266	NA	NA	NA	133
ENSMUST00000115577.9	ENSMUSG00000004631	-	12	0	11	0	16	NA	NA	NA	109
ENSMUST00000035813.9	ENSMUSG00000032827	+	16	1	14	0	200	NA	NA	221	1398
ENSMUST00000057792.9	ENSMUSG00000032667	-	9	0	8	0	158	NA	NA	NA	74
ENSMUST00000019721.7	ENSMUSG00000019577	-	11	0	10	0	143	NA	NA	NA	130
ENSMUST00000015256.15	ENSMUSG00000015112	-	18	0	17	0	186	NA	NA	NA	15
ENSMUST00000041111.10	ENSMUSG00000042541	-	3	0	2	0	42	NA	NA	NA	76
ENSMUST00000040826.6	ENSMUSG00000042505	+	2	0	1	0	203	NA	NA	NA	174
ENSMUST00000115542.8	ENSMUSG00000029752	-	12	1	10	0	209	NA	NA	23	249
ENSMUST00000040159.6	ENSMUSG00000042460	+	4	1	2	0	203	NA	NA	17	220
ENSMUST00000040017.8	ENSMUSG00000042447	+	12	2	9	0	96	NA	NA	40	1294
ENSMUST00000159433.8	ENSMUSG00000089862	+	4	1	2	0	257	NA	NA	27	82
ENSMUST00000204978.3	ENSMUSG00000029632	-	4	0	3	0	56	NA	NA	NA	42
ENSMUST00000115511.9	ENSMUSG00000029629	+	18	0	17	0	74	NA	NA	NA	1
ENSMUST00000031556.14	ENSMUSG00000029571	+	9	2	6	0	138	NA	NA	2	220
ENSMUST00000031554.9	ENSMUSG00000029569	-	5	1	3	0	547	NA	NA	122	1128
ENSMUST00000045235.8	ENSMUSG00000042742	-	5	0	4	0	629	NA	NA	NA	154
ENSMUST00000101663.10	ENSMUSG00000041390	+	5	1	3	0	247	NA	NA	84	94
ENSMUST00000115467.11	ENSMUSG00000029552	+	7	0	6	0	188	NA	NA	NA	27
ENSMUST00000000058.7	ENSMUSG00000000058	+	3	0	2	0	150	NA	NA	NA	150
ENSMUST00000007799.13	ENSMUSG00000007655	+	3	0	2	0	341	NA	NA	NA	30
ENSMUST00000115443.8	ENSMUSG00000009376	+	22	2	19	0	210	NA	NA	14	1197
ENSMUST00000015877.14	ENSMUSG00000015733	+	10	0	9	0	140	NA	NA	NA	39
ENSMUST00000052113.12	ENSMUSG00000029534	+	15	0	14	0	95	NA	NA	NA	151
ENSMUST00000031678.10	ENSMUSG00000029669	-	9	2	6	0	305	NA	NA	70	66
ENSMUST00000031680.10	ENSMUSG00000029670	+	12	0	11	0	116	NA	NA	NA	28
ENSMUST00000165576.8	ENSMUSG00000029672	-	10	1	8	0	89	NA	NA	41	13
ENSMUST00000202102.2	ENSMUSG00000068748	+	30	0	29	0	140	NA	NA	NA	58
ENSMUST00000031707.14	ENSMUSG00000029695	-	24	1	22	0	118	NA	NA	15	210
ENSMUST00000115358.9	ENSMUSG00000017978	-	29	0	28	0	173	NA	NA	NA	348
ENSMUST00000031695.15	ENSMUSG00000029684	-	11	0	10	0	61	NA	NA	NA	108
ENSMUST00000115320.8	ENSMUSG00000039841	-	6	1	4	0	0	NA	NA	58	61
ENSMUST00000090511.4	ENSMUSG00000029708	-	2	0	1	0	1304	NA	NA	NA	1032
ENSMUST00000001460.14	ENSMUSG00000001424	+	24	0	23	0	65	NA	NA	NA	78
ENSMUST00000078155.12	ENSMUSG00000003500	-	14	0	13	0	21	NA	NA	NA	98
ENSMUST00000031779.17	ENSMUSG00000029767	+	7	1	5	0	104	NA	NA	6	221
ENSMUST00000065090.8	ENSMUSG00000068699	+	48	0	47	0	187	NA	NA	NA	355
ENSMUST00000004396.13	ENSMUSG00000004285	+	2	0	1	0	201	NA	NA	NA	158
ENSMUST00000004392.12	ENSMUSG00000029771	+	9	1	7	0	245	NA	NA	11	195
ENSMUST00000012679.15	ENSMUSG00000012535	-	23	0	21	1	60	38	38	NA	120
ENSMUST00000046750.14	ENSMUSG00000001763	+	8	0	7	0	101	NA	NA	NA	102
ENSMUST00000001812.5	ENSMUSG00000001761	+	12	0	11	0	433	NA	NA	NA	343
ENSMUST00000115238.10	ENSMUSG00000029772	+	17	0	16	0	6	NA	NA	NA	57
ENSMUST00000115206.8	ENSMUSG00000058440	+	12	2	9	0	256	NA	NA	12	223
ENSMUST00000102993.10	ENSMUSG00000039159	-	7	0	6	0	124	NA	NA	NA	53
ENSMUST00000068259.10	ENSMUSG00000029775	+	10	0	9	0	209	NA	NA	NA	157
ENSMUST00000031810.15	ENSMUSG00000029790	-	11	0	10	0	148	NA	NA	NA	33
ENSMUST00000157040.8	ENSMUSG00000051855	+	12	1	10	0	117	NA	NA	1	154
ENSMUST00000048774.13	ENSMUSG00000025607	-	24	0	23	0	130	NA	NA	NA	37
ENSMUST00000026699.15	ENSMUSG00000025609	+	18	0	17	0	121	NA	NA	NA	98
ENSMUST00000026698.8	ENSMUSG00000025608	-	8	0	7	0	197	NA	NA	NA	70
ENSMUST00000066379.11	ENSMUSG00000053768	-	8	0	7	0	23	NA	NA	NA	81
ENSMUST00000052266.15	ENSMUSG00000029763	+	18	0	17	0	237	NA	NA	NA	86
ENSMUST00000019143.9	ENSMUSG00000018999	-	10	0	9	0	246	NA	NA	NA	77
ENSMUST00000102980.11	ENSMUSG00000001642	-	10	0	9	0	42	NA	NA	NA	66
ENSMUST00000045372.6	ENSMUSG00000038871	+	3	1	1	0	178	NA	NA	60	601
ENSMUST00000115026.8	ENSMUSG00000029761	+	14	2	11	0	5	NA	NA	41	71
ENSMUST00000114993.9	ENSMUSG00000038784	-	12	1	10	0	301	NA	NA	92	174
ENSMUST00000031866.9	ENSMUSG00000029840	-	4	0	3	0	86	NA	NA	NA	72
ENSMUST00000041093.6	ENSMUSG00000038648	-	12	0	11	0	75	NA	NA	NA	102
ENSMUST00000031859.14	ENSMUSG00000029833	+	19	0	18	0	209	NA	NA	NA	364
ENSMUST00000114900.8	ENSMUSG00000029826	-	13	0	12	0	268	NA	NA	NA	308
ENSMUST00000162554.8	ENSMUSG00000056832	+	18	0	17	0	111	NA	NA	NA	3
ENSMUST00000057692.11	ENSMUSG00000029823	+	10	0	9	0	177	NA	NA	NA	61
ENSMUST00000038398.7	ENSMUSG00000038507	-	12	0	11	0	325	NA	NA	NA	353
ENSMUST00000002305.9	ENSMUSG00000042599	-	20	0	19	0	94	NA	NA	NA	194
ENSMUST00000090243.8	ENSMUSG00000029924	-	15	1	13	0	92	NA	NA	69	89
ENSMUST00000114823.8	ENSMUSG00000029922	-	8	1	6	0	209	NA	NA	7	122
ENSMUST00000140364.8	ENSMUSG00000046947	+	8	0	7	0	140	NA	NA	NA	906
ENSMUST00000135671.8	ENSMUSG00000002416	+	4	0	2	1	74	22	22	NA	98
ENSMUST00000002487.15	ENSMUSG00000002413	-	22	0	21	0	22	NA	NA	NA	189
ENSMUST00000031978.9	ENSMUSG00000029918	-	3	1	1	0	105	NA	NA	26	215
ENSMUST00000031977.12	ENSMUSG00000029916	+	16	1	14	0	137	NA	NA	6	101
ENSMUST00000031897.8	ENSMUSG00000029864	+	8	0	7	0	49	NA	NA	NA	72
ENSMUST00000031895.13	ENSMUSG00000029863	+	11	0	10	0	131	NA	NA	NA	74
ENSMUST00000203652.3	ENSMUSG00000029860	+	10	1	8	0	104	NA	NA	12	208
ENSMUST00000045054.11	ENSMUSG00000036667	-	9	1	6	1	263	23	23	14	620
ENSMUST00000031750.14	ENSMUSG00000033542	+	15	1	13	0	157	NA	NA	12	3109
ENSMUST00000067888.14	ENSMUSG00000029735	-	9	1	7	0	118	NA	NA	15	43
ENSMUST00000031697.9	ENSMUSG00000029686	+	22	1	20	0	80	NA	NA	161	140
ENSMUST00000081721.13	ENSMUSG00000029687	-	20	1	18	0	60	NA	NA	7	117
ENSMUST00000077290.9	ENSMUSG00000025823	-	10	0	9	0	415	NA	NA	NA	88
ENSMUST00000079881.11	ENSMUSG00000062519	+	6	0	5	0	1156	NA	NA	NA	24
ENSMUST00000061890.8	ENSMUSG00000025821	+	8	0	7	0	820	NA	NA	NA	165
ENSMUST00000009411.9	ENSMUSG00000052763	+	5	0	4	0	856	NA	NA	NA	24
ENSMUST00000073124.9	ENSMUSG00000057691	-	7	0	6	0	1120	NA	NA	NA	24
ENSMUST00000040361.8	ENSMUSG00000039347	+	4	0	2	1	93	34	34	NA	104
ENSMUST00000009420.15	ENSMUSG00000052751	+	3	2	0	0	1651	NA	NA	14	NA
ENSMUST00000204095.3	ENSMUSG00000007216	+	3	1	1	0	1585	NA	NA	51	31
ENSMUST00000031838.9	ENSMUSG00000029814	-	15	0	14	0	98	NA	NA	NA	175
ENSMUST00000055559.8	ENSMUSG00000050786	+	3	1	1	0	184	NA	NA	149	238
ENSMUST00000036236.15	ENSMUSG00000038388	+	13	2	10	0	176	NA	NA	2	117
ENSMUST00000090019.10	ENSMUSG00000029822	-	22	0	21	0	96	NA	NA	NA	93
ENSMUST00000114459.8	ENSMUSG00000004980	-	12	0	10	1	61	22	22	NA	6
ENSMUST00000094623.10	ENSMUSG00000029836	+	6	1	4	0	126	NA	NA	29	24
ENSMUST00000049152.15	ENSMUSG00000038301	+	7	1	5	0	81	NA	NA	23	24
ENSMUST00000204778.3	ENSMUSG00000059182	-	13	0	11	1	92	9	9	NA	67
ENSMUST00000048794.7	ENSMUSG00000038253	-	2	0	1	0	250	NA	NA	NA	562
ENSMUST00000048715.9	ENSMUSG00000038236	-	2	0	1	0	313	NA	NA	NA	376
ENSMUST00000031788.9	ENSMUSG00000029776	-	8	0	7	0	158	NA	NA	NA	88
ENSMUST00000080723.11	ENSMUSG00000004535	+	18	1	16	0	201	NA	NA	7	162
ENSMUST00000074541.6	ENSMUSG00000063568	-	5	0	4	0	176	NA	NA	NA	115
ENSMUST00000203487.3	ENSMUSG00000053007	+	11	0	10	0	163	NA	NA	NA	3
ENSMUST00000019268.11	ENSMUSG00000019124	-	8	1	6	0	158	NA	NA	1	159
ENSMUST00000046520.13	ENSMUSG00000038074	-	4	0	3	0	158	NA	NA	NA	197
ENSMUST00000119706.8	ENSMUSG00000005225	+	14	0	13	0	197	NA	NA	NA	40
ENSMUST00000079869.13	ENSMUSG00000058446	+	5	0	3	1	57	25	25	NA	457
ENSMUST00000168172.4	ENSMUSG00000038058	-	12	1	10	0	72	NA	NA	121	201
ENSMUST00000131475.2	ENSMUSG00000002797	-	4	0	3	0	143	NA	NA	NA	141
ENSMUST00000003572.10	ENSMUSG00000029777	+	17	0	16	0	125	NA	NA	NA	192
ENSMUST00000004774.4	ENSMUSG00000004655	+	4	0	3	0	179	NA	NA	NA	384
ENSMUST00000170382.5	ENSMUSG00000091625	-	5	0	4	0	32	NA	NA	NA	46
ENSMUST00000031805.11	ENSMUSG00000029787	+	16	0	15	0	115	NA	NA	NA	93
ENSMUST00000114323.8	ENSMUSG00000059486	-	4	1	2	0	1535	NA	NA	312	170
ENSMUST00000031795.8	ENSMUSG00000029781	+	10	0	9	0	176	NA	NA	NA	221
ENSMUST00000031793.8	ENSMUSG00000029780	-	9	0	8	0	101	NA	NA	NA	138
ENSMUST00000042766.6	ENSMUSG00000037826	-	7	1	5	0	131	NA	NA	78	440
ENSMUST00000053386.6	ENSMUSG00000043162	-	2	0	1	0	141	NA	NA	NA	197
ENSMUST00000072954.8	ENSMUSG00000062190	+	10	0	8	1	94	5	5	NA	204
ENSMUST00000114297.5	ENSMUSG00000037788	-	5	0	4	0	190	NA	NA	NA	54
ENSMUST00000041401.11	ENSMUSG00000029804	+	25	1	23	0	208	NA	NA	29	226
ENSMUST00000059539.5	ENSMUSG00000055430	-	1	0	0	0	NA	NA	NA	NA	NA
ENSMUST00000089860.12	ENSMUSG00000037709	-	18	0	17	0	126	NA	NA	NA	29
ENSMUST00000062626.4	ENSMUSG00000049232	+	2	1	0	0	2388	NA	NA	811	NA
ENSMUST00000163779.8	ENSMUSG00000025889	-	6	1	4	0	32	NA	NA	26	121
ENSMUST00000031984.9	ENSMUSG00000029920	+	24	1	22	0	61	NA	NA	50	190
ENSMUST00000031976.14	ENSMUSG00000029913	+	15	0	14	0	164	NA	NA	NA	93
ENSMUST00000043148.13	ENSMUSG00000036402	+	5	3	1	0	125	NA	NA	26	93
ENSMUST00000043098.9	ENSMUSG00000036390	-	4	0	3	0	113	NA	NA	NA	44
ENSMUST00000066134.6	ENSMUSG00000053604	-	9	0	8	0	94	NA	NA	NA	264
ENSMUST00000204436.3	ENSMUSG00000053012	+	3	2	0	0	792	NA	NA	22	NA
ENSMUST00000002292.15	ENSMUSG00000002222	-	9	0	8	0	63	NA	NA	NA	142
ENSMUST00000064637.11	ENSMUSG00000052656	+	4	0	3	0	1569	NA	NA	NA	226
ENSMUST00000059462.12	ENSMUSG00000053119	+	6	0	5	0	151	NA	NA	NA	45
ENSMUST00000065509.11	ENSMUSG00000053470	-	27	2	24	0	80	NA	NA	30	186
ENSMUST00000212792.2	ENSMUSG00000052852	+	9	0	8	0	71	NA	NA	NA	32
ENSMUST00000065103.4	ENSMUSG00000052962	-	4	0	3	0	188	NA	NA	NA	43
ENSMUST00000101301.10	ENSMUSG00000052337	+	15	0	14	0	613	NA	NA	NA	45
ENSMUST00000069994.11	ENSMUSG00000056091	+	7	0	6	0	239	NA	NA	NA	79
ENSMUST00000042646.8	ENSMUSG00000037621	-	3	0	2	0	5	NA	NA	NA	771
ENSMUST00000069695.9	ENSMUSG00000055912	+	8	1	6	0	241	NA	NA	117	65
ENSMUST00000101285.10	ENSMUSG00000073002	-	3	0	2	0	167	NA	NA	NA	3
ENSMUST00000059983.10	ENSMUSG00000050732	-	3	0	2	0	143	NA	NA	NA	3
ENSMUST00000065906.9	ENSMUSG00000053460	+	15	0	14	0	189	NA	NA	NA	43
ENSMUST00000059472.10	ENSMUSG00000053907	-	9	0	8	0	102	NA	NA	NA	91
ENSMUST00000071044.13	ENSMUSG00000056737	+	10	1	8	0	65	NA	NA	13	23
ENSMUST00000114069.8	ENSMUSG00000056698	-	13	2	10	0	202	NA	NA	227	54
ENSMUST00000070597.13	ENSMUSG00000056666	+	11	0	10	0	139	NA	NA	NA	169
ENSMUST00000070524.5	ENSMUSG00000056429	-	4	0	3	0	5	NA	NA	NA	46
ENSMUST00000069536.12	ENSMUSG00000055799	-	12	0	11	0	433	NA	NA	NA	243
ENSMUST00000068697.11	ENSMUSG00000055239	-	7	0	6	0	261	NA	NA	NA	16
ENSMUST00000114050.8	ENSMUSG00000079523	-	3	1	1	0	34	NA	NA	12	100
ENSMUST00000160281.8	ENSMUSG00000030042	-	4	0	3	0	16	NA	NA	NA	216
ENSMUST00000000642.11	ENSMUSG00000000628	-	18	0	17	0	144	NA	NA	NA	63
ENSMUST00000000641.15	ENSMUSG00000000627	-	14	0	13	0	613	NA	NA	NA	163
ENSMUST00000000707.9	ENSMUSG00000000693	+	14	1	12	0	73	NA	NA	27	316
ENSMUST00000089645.13	ENSMUSG00000068329	-	8	0	7	0	165	NA	NA	NA	506
ENSMUST00000032114.8	ENSMUSG00000030036	+	4	0	3	0	1731	NA	NA	NA	346
ENSMUST00000065512.11	ENSMUSG00000034930	+	12	0	11	0	334	NA	NA	NA	111
ENSMUST00000153148.8	ENSMUSG00000030032	-	10	1	8	0	131	NA	NA	1	222
ENSMUST00000113919.10	ENSMUSG00000031865	+	32	0	31	0	137	NA	NA	NA	33
ENSMUST00000005810.9	ENSMUSG00000005667	-	8	0	7	0	163	NA	NA	NA	101
ENSMUST00000055261.11	ENSMUSG00000043131	+	6	0	5	0	77	NA	NA	NA	14
ENSMUST00000136501.2	ENSMUSG00000045160	+	4	0	3	0	65	NA	NA	NA	54
ENSMUST00000206400.2	ENSMUSG00000006906	-	10	1	8	0	56	NA	NA	14	203
ENSMUST00000014892.8	ENSMUSG00000014748	-	6	0	5	0	115	NA	NA	NA	70
ENSMUST00000037376.14	ENSMUSG00000034744	+	10	0	9	0	187	NA	NA	NA	29
ENSMUST00000058383.9	ENSMUSG00000045896	-	5	1	3	0	56	NA	NA	29	29
ENSMUST00000204751.3	ENSMUSG00000030016	+	27	1	25	0	65	NA	NA	202	1311
ENSMUST00000204591.3	ENSMUSG00000033788	+	56	0	55	0	38	NA	NA	NA	88
ENSMUST00000204146.3	ENSMUSG00000063415	-	6	0	5	0	392	NA	NA	NA	204
ENSMUST00000160197.6	ENSMUSG00000033769	-	22	0	21	0	126	NA	NA	NA	110
ENSMUST00000045986.8	ENSMUSG00000033735	-	3	0	2	0	190	NA	NA	NA	307
ENSMUST00000060837.10	ENSMUSG00000051343	-	5	0	4	0	203	NA	NA	NA	431
ENSMUST00000032080.9	ENSMUSG00000030008	-	5	0	4	0	120	NA	NA	NA	67
ENSMUST00000032071.13	ENSMUSG00000030002	-	9	0	8	0	171	NA	NA	NA	98
ENSMUST00000032066.13	ENSMUSG00000029999	+	6	0	5	0	7	NA	NA	NA	40
ENSMUST00000071492.9	ENSMUSG00000057497	+	3	0	2	0	188	NA	NA	NA	87
ENSMUST00000032065.15	ENSMUSG00000029998	-	6	0	5	0	658	NA	NA	NA	112
ENSMUST00000095753.9	ENSMUSG00000071337	+	13	0	12	0	126	NA	NA	NA	26
ENSMUST00000050497.14	ENSMUSG00000046679	+	10	2	7	0	208	NA	NA	12	823
ENSMUST00000053015.7	ENSMUSG00000051695	-	1	0	0	0	NA	NA	NA	NA	NA
ENSMUST00000001184.10	ENSMUSG00000001156	-	6	0	5	0	208	NA	NA	NA	73
ENSMUST00000001185.14	ENSMUSG00000001157	-	14	0	13	0	128	NA	NA	NA	254
ENSMUST00000113675.8	ENSMUSG00000029994	-	12	0	11	0	59	NA	NA	NA	3
ENSMUST00000120240.8	ENSMUSG00000029993	+	9	1	7	0	47	NA	NA	151	59
ENSMUST00000113658.8	ENSMUSG00000029992	+	19	0	18	0	44	NA	NA	NA	7
ENSMUST00000042025.12	ENSMUSG00000033420	-	18	0	17	0	260	NA	NA	NA	146
ENSMUST00000032130.8	ENSMUSG00000030051	-	11	0	10	0	21	NA	NA	NA	96
ENSMUST00000204890.3	ENSMUSG00000030057	-	5	1	3	0	117	NA	NA	14	106
ENSMUST00000113607.10	ENSMUSG00000030058	+	24	0	23	0	130	NA	NA	NA	37
ENSMUST00000113600.10	ENSMUSG00000079477	-	6	1	4	0	95	NA	NA	8	53
ENSMUST00000170089.8	ENSMUSG00000015053	+	6	1	4	0	299	NA	NA	44	229
ENSMUST00000165242.4	ENSMUSG00000033216	-	7	0	6	0	190	NA	NA	NA	274
ENSMUST00000032168.7	ENSMUSG00000030082	-	12	0	11	0	186	NA	NA	NA	7
ENSMUST00000113585.9	ENSMUSG00000033174	+	8	1	6	0	125	NA	NA	20	125
ENSMUST00000032169.8	ENSMUSG00000030083	-	12	0	11	0	206	NA	NA	NA	56
ENSMUST00000058011.8	ENSMUSG00000002870	-	16	0	15	0	110	NA	NA	NA	6
ENSMUST00000032172.14	ENSMUSG00000030086	-	8	0	7	0	5	NA	NA	NA	87
ENSMUST00000000828.14	ENSMUSG00000000811	+	16	0	15	0	68	NA	NA	NA	159
ENSMUST00000045740.8	ENSMUSG00000034430	+	7	0	6	0	25	NA	NA	NA	910
ENSMUST00000032174.12	ENSMUSG00000030087	+	3	1	1	0	168	NA	NA	25	1079
ENSMUST00000101153.10	ENSMUSG00000034312	-	14	0	13	0	44	NA	NA	NA	65
ENSMUST00000032179.14	ENSMUSG00000030091	-	40	0	39	0	97	NA	NA	NA	167
ENSMUST00000040835.9	ENSMUSG00000034203	-	3	0	2	0	298	NA	NA	NA	22
ENSMUST00000032183.6	ENSMUSG00000030095	+	12	0	11	0	202	NA	NA	NA	12
ENSMUST00000040607.6	ENSMUSG00000034192	+	4	0	3	0	80	NA	NA	NA	21
ENSMUST00000032185.9	ENSMUSG00000030096	+	15	2	12	0	143	NA	NA	11	229
ENSMUST00000037783.7	ENSMUSG00000034083	+	11	0	10	0	295	NA	NA	NA	42
ENSMUST00000113463.8	ENSMUSG00000005893	+	15	1	13	0	174	NA	NA	24	60
ENSMUST00000140438.2	ENSMUSG00000014551	-	4	0	3	0	186	NA	NA	NA	134
ENSMUST00000014694.11	ENSMUSG00000014550	-	12	1	10	0	1148	NA	NA	169	145
ENSMUST00000061118.11	ENSMUSG00000045100	+	10	0	9	0	117	NA	NA	NA	33
ENSMUST00000032105.11	ENSMUSG00000030029	-	20	0	18	1	244	850	850	NA	224
ENSMUST00000032107.10	ENSMUSG00000030031	+	4	0	3	0	463	NA	NA	NA	16
ENSMUST00000204224.3	ENSMUSG00000061838	-	11	0	10	0	115	NA	NA	NA	87
ENSMUST00000054344.11	ENSMUSG00000035245	-	18	3	14	0	146	NA	NA	14	210
ENSMUST00000095664.6	ENSMUSG00000030059	-	17	0	16	0	143	NA	NA	NA	142
ENSMUST00000044681.7	ENSMUSG00000035199	+	3	0	2	0	172	NA	NA	NA	176
ENSMUST00000032146.14	ENSMUSG00000030064	-	23	0	22	0	120	NA	NA	NA	162
ENSMUST00000043637.14	ENSMUSG00000035158	+	10	0	9	0	401	NA	NA	NA	104
ENSMUST00000113312.9	ENSMUSG00000035378	-	11	0	10	0	522	NA	NA	NA	143
ENSMUST00000063854.7	ENSMUSG00000052144	+	9	0	8	0	319	NA	NA	NA	34
ENSMUST00000113249.8	ENSMUSG00000013736	+	9	0	6	1	248	34	34	0	148
ENSMUST00000049285.10	ENSMUSG00000034648	+	2	1	0	0	2402	NA	NA	252	NA
ENSMUST00000032191.16	ENSMUSG00000030101	-	9	0	8	0	110	NA	NA	NA	264
ENSMUST00000032194.11	ENSMUSG00000030103	+	5	0	4	0	853	NA	NA	NA	80
ENSMUST00000032196.9	ENSMUSG00000030105	+	7	0	6	0	49	NA	NA	NA	123
ENSMUST00000089162.5	ENSMUSG00000030104	+	12	0	11	0	89	NA	NA	NA	494
ENSMUST00000032376.6	ENSMUSG00000057604	+	6	0	5	0	158	NA	NA	NA	42
ENSMUST00000113182.8	ENSMUSG00000030254	-	12	0	11	0	99	NA	NA	NA	51
ENSMUST00000032398.15	ENSMUSG00000030264	+	10	1	8	0	152	NA	NA	32	258
ENSMUST00000113157.8	ENSMUSG00000034269	+	22	1	20	0	608	NA	NA	116	71
ENSMUST00000113146.9	ENSMUSG00000030269	+	19	0	18	0	183	NA	NA	NA	156
ENSMUST00000203577.2	ENSMUSG00000001632	+	13	1	11	0	183	NA	NA	10	596
ENSMUST00000032406.15	ENSMUSG00000030271	+	7	0	6	0	89	NA	NA	NA	137
ENSMUST00000032409.15	ENSMUSG00000030272	-	12	1	10	0	94	NA	NA	32	83
ENSMUST00000032410.14	ENSMUSG00000048930	-	9	1	7	0	192	NA	NA	18	207
ENSMUST00000156898.5	ENSMUSG00000079426	+	6	0	5	0	5	NA	NA	NA	3
ENSMUST00000101070.5	ENSMUSG00000051256	+	2	0	1	0	462	NA	NA	NA	89
ENSMUST00000032425.7	ENSMUSG00000030286	-	8	0	7	0	128	NA	NA	NA	155
ENSMUST00000035673.8	ENSMUSG00000033933	+	3	0	2	0	184	NA	NA	NA	238
ENSMUST00000059286.14	ENSMUSG00000060477	+	13	0	12	0	112	NA	NA	NA	94
ENSMUST00000032440.6	ENSMUSG00000030298	-	9	0	8	0	113	NA	NA	NA	3
ENSMUST00000032457.17	ENSMUSG00000030314	+	19	1	17	0	32	NA	NA	19	148
ENSMUST00000032459.14	ENSMUSG00000030315	-	5	0	4	0	271	NA	NA	NA	82
ENSMUST00000171644.8	ENSMUSG00000000440	+	8	2	5	0	247	NA	NA	8	220
ENSMUST00000040234.9	ENSMUSG00000042389	+	12	1	10	0	59	NA	NA	20	189
ENSMUST00000000449.9	ENSMUSG00000000439	+	8	0	7	0	137	NA	NA	NA	26
ENSMUST00000112949.8	ENSMUSG00000000441	-	17	1	15	0	143	NA	NA	26	207
ENSMUST00000075995.7	ENSMUSG00000030319	+	15	0	14	0	227	NA	NA	NA	68
ENSMUST00000112923.7	ENSMUSG00000030323	+	30	0	29	0	89	NA	NA	NA	41
ENSMUST00000015511.15	ENSMUSG00000030123	-	36	0	35	0	116	NA	NA	NA	1317
ENSMUST00000088896.10	ENSMUSG00000030126	-	6	2	3	0	314	NA	NA	127	564
ENSMUST00000036503.14	ENSMUSG00000042213	+	10	1	8	0	135	NA	NA	38	262
ENSMUST00000079012.13	ENSMUSG00000025702	+	8	2	5	0	301	NA	NA	78	93
ENSMUST00000079749.6	ENSMUSG00000059878	-	2	1	0	0	810	NA	NA	97	NA
ENSMUST00000035842.7	ENSMUSG00000042129	-	11	1	9	0	60	NA	NA	32	62
ENSMUST00000073043.5	ENSMUSG00000061353	+	4	0	3	0	93	NA	NA	NA	61
ENSMUST00000167182.8	ENSMUSG00000042079	+	4	3	0	0	1296	NA	NA	49	NA
ENSMUST00000049344.15	ENSMUSG00000042042	-	8	1	6	0	292	NA	NA	264	661
ENSMUST00000069292.14	ENSMUSG00000030145	-	6	2	3	0	1498	NA	NA	27	15
ENSMUST00000161170.2	ENSMUSG00000072623	-	6	1	4	0	1065	NA	NA	103	15
ENSMUST00000112830.3	ENSMUSG00000007827	-	34	0	33	0	133	NA	NA	NA	245
ENSMUST00000073909.6	ENSMUSG00000041477	+	9	0	8	0	77	NA	NA	NA	150
ENSMUST00000032272.13	ENSMUSG00000030168	-	8	1	6	0	128	NA	NA	88	171
ENSMUST00000117171.8	ENSMUSG00000030170	-	5	1	3	0	458	NA	NA	57	80
ENSMUST00000032094.7	ENSMUSG00000030019	+	1	0	0	0	NA	NA	NA	NA	NA
ENSMUST00000183703.8	ENSMUSG00000030172	-	21	2	18	0	137	NA	NA	155	669
ENSMUST00000032269.12	ENSMUSG00000030166	+	12	1	10	0	58	NA	NA	7	87
ENSMUST00000060043.13	ENSMUSG00000045962	-	28	0	27	0	317	NA	NA	NA	759
ENSMUST00000032283.12	ENSMUSG00000030177	-	12	1	10	0	149	NA	NA	16	38
ENSMUST00000005108.10	ENSMUSG00000030180	+	28	0	27	0	206	NA	NA	NA	165
ENSMUST00000002976.5	ENSMUSG00000002897	+	13	0	12	0	1501	NA	NA	NA	138
ENSMUST00000075303.7	ENSMUSG00000058979	-	8	0	7	0	327	NA	NA	NA	126
ENSMUST00000100993.9	ENSMUSG00000071226	+	19	0	18	0	5	NA	NA	NA	126
ENSMUST00000019354.11	ENSMUSG00000019210	-	9	0	8	0	62	NA	NA	NA	33
ENSMUST00000009256.4	ENSMUSG00000009112	+	7	1	5	0	713	NA	NA	49	112
ENSMUST00000004560.12	ENSMUSG00000004446	-	6	1	4	0	11	NA	NA	54	12
ENSMUST00000238968.2	ENSMUSG00000051586	-	34	1	32	0	184	NA	NA	75	264
ENSMUST00000032198.11	ENSMUSG00000030107	+	11	1	9	0	45	NA	NA	107	148
ENSMUST00000007602.15	ENSMUSG00000007458	+	7	1	5	0	122	NA	NA	1	179
ENSMUST00000079560.10	ENSMUSG00000040669	-	14	0	13	0	154	NA	NA	NA	114
ENSMUST00000068242.9	ENSMUSG00000040649	-	6	1	4	0	466	NA	NA	50	175
ENSMUST00000032476.11	ENSMUSG00000003153	-	10	0	9	0	209	NA	NA	NA	15
ENSMUST00000003238.14	ENSMUSG00000003154	+	11	1	9	0	88	NA	NA	14	333
ENSMUST00000032477.6	ENSMUSG00000030327	+	8	0	7	0	48	NA	NA	NA	95
ENSMUST00000112531.8	ENSMUSG00000005069	-	15	1	13	0	201	NA	NA	17	147
ENSMUST00000112523.8	ENSMUSG00000008153	-	18	1	16	0	140	NA	NA	47	76
ENSMUST00000004381.14	ENSMUSG00000004270	+	13	0	11	1	116	17	17	NA	151
ENSMUST00000004375.16	ENSMUSG00000004264	+	10	0	9	0	27	NA	NA	NA	127
ENSMUST00000004377.15	ENSMUSG00000004266	-	15	0	14	0	114	NA	NA	NA	14
ENSMUST00000004378.15	ENSMUSG00000004267	-	12	1	10	0	69	NA	NA	15	85
ENSMUST00000047760.10	ENSMUSG00000038451	+	3	1	1	0	130	NA	NA	79	664
ENSMUST00000172132.10	ENSMUSG00000023456	-	7	0	6	0	118	NA	NA	NA	115
ENSMUST00000047510.10	ENSMUSG00000038429	-	20	0	19	0	93	NA	NA	NA	111
ENSMUST00000023958.10	ENSMUSG00000023191	-	15	0	14	0	164	NA	NA	NA	492
ENSMUST00000032216.7	ENSMUSG00000030122	-	5	0	4	0	50	NA	NA	NA	45
ENSMUST00000180095.4	ENSMUSG00000030120	+	9	1	6	1	187	26	26	28	50
ENSMUST00000112427.8	ENSMUSG00000038346	+	11	2	8	0	419	NA	NA	5	66
ENSMUST00000118875.8	ENSMUSG00000057666	-	7	1	5	0	69	NA	NA	18	23
ENSMUST00000043848.11	ENSMUSG00000038252	-	32	1	30	0	85	NA	NA	19	127
ENSMUST00000032489.8	ENSMUSG00000030339	-	10	0	9	0	241	NA	NA	NA	96
ENSMUST00000081440.14	ENSMUSG00000030340	+	12	0	11	0	389	NA	NA	NA	491
ENSMUST00000032491.15	ENSMUSG00000030341	+	10	0	9	0	307	NA	NA	NA	39
ENSMUST00000032497.7	ENSMUSG00000030347	+	14	1	12	0	92	NA	NA	17	178
ENSMUST00000000188.12	ENSMUSG00000000184	-	5	0	4	0	152	NA	NA	NA	192
ENSMUST00000112173.8	ENSMUSG00000030352	-	8	1	6	0	71	NA	NA	17	63
ENSMUST00000001562.9	ENSMUSG00000001521	-	11	0	10	0	133	NA	NA	NA	41
ENSMUST00000112152.8	ENSMUSG00000048668	-	4	2	1	0	542	NA	NA	84	165
ENSMUST00000073316.13	ENSMUSG00000001517	+	8	1	6	0	1189	NA	NA	47	496
ENSMUST00000032508.11	ENSMUSG00000030357	-	10	0	9	0	104	NA	NA	NA	105
ENSMUST00000032264.9	ENSMUSG00000030161	+	4	0	3	0	65	NA	NA	NA	90
ENSMUST00000032307.12	ENSMUSG00000030188	-	5	0	4	0	99	NA	NA	NA	94
ENSMUST00000087865.4	ENSMUSG00000030189	-	9	0	7	1	65	34	34	NA	238
ENSMUST00000100864.7	ENSMUSG00000072704	+	1	0	0	0	NA	NA	NA	NA	NA
ENSMUST00000081028.13	ENSMUSG00000030199	+	8	0	7	0	216	NA	NA	NA	33
ENSMUST00000032322.15	ENSMUSG00000030201	-	23	0	22	0	294	NA	NA	NA	55
ENSMUST00000047443.5	ENSMUSG00000032718	-	4	1	2	0	883	NA	NA	97	220
ENSMUST00000100857.10	ENSMUSG00000030203	-	7	1	5	0	1167	NA	NA	361	228
ENSMUST00000046303.12	ENSMUSG00000032652	+	5	0	3	1	13	24	24	NA	15
ENSMUST00000067327.11	ENSMUSG00000003031	+	2	0	1	0	118	NA	NA	NA	475
ENSMUST00000050104.8	ENSMUSG00000046733	+	4	1	2	0	86	NA	NA	11	928
ENSMUST00000111915.8	ENSMUSG00000030207	+	13	0	12	0	5	NA	NA	NA	37
ENSMUST00000205156.3	ENSMUSG00000030208	+	6	2	3	0	166	NA	NA	33	78
ENSMUST00000032335.13	ENSMUSG00000030213	+	15	1	13	0	419	NA	NA	7	1669
ENSMUST00000116514.4	ENSMUSG00000030216	-	12	1	10	0	433	NA	NA	45	64
ENSMUST00000111892.8	ENSMUSG00000030220	-	6	1	4	0	199	NA	NA	12	178
ENSMUST00000032347.11	ENSMUSG00000030222	-	5	1	3	0	407	NA	NA	107	61
ENSMUST00000058210.13	ENSMUSG00000015766	-	22	2	19	0	113	NA	NA	21	59
ENSMUST00000087675.9	ENSMUSG00000030225	+	9	0	8	0	56	NA	NA	NA	31
ENSMUST00000008684.11	ENSMUSG00000008540	+	4	1	2	0	246	NA	NA	31	126
ENSMUST00000249348.1	ENSMUSG00000030232	+	9	1	7	0	45	NA	NA	16	192
ENSMUST00000041852.8	ENSMUSG00000041671	+	12	0	11	0	248	NA	NA	NA	75
ENSMUST00000111803.9	ENSMUSG00000030243	-	15	1	13	0	149	NA	NA	32	16
ENSMUST00000032372.7	ENSMUSG00000030245	+	5	0	4	0	38	NA	NA	NA	25
ENSMUST00000032373.12	ENSMUSG00000030246	-	8	1	6	0	167	NA	NA	6	129
ENSMUST00000203673.3	ENSMUSG00000030279	-	28	1	26	0	128	NA	NA	29	90
ENSMUST00000032413.7	ENSMUSG00000030275	+	8	0	7	0	72	NA	NA	NA	156
ENSMUST00000038815.14	ENSMUSG00000041540	-	15	0	14	0	303	NA	NA	NA	38
ENSMUST00000111742.8	ENSMUSG00000030268	-	11	0	10	0	41	NA	NA	NA	6
ENSMUST00000111725.8	ENSMUSG00000040370	+	3	1	1	0	215	NA	NA	43	45
ENSMUST00000111710.8	ENSMUSG00000030265	-	6	1	3	1	119	5	5	11	111
ENSMUST00000111704.8	ENSMUSG00000030259	+	5	1	3	0	121	NA	NA	76	103
ENSMUST00000032386.11	ENSMUSG00000030256	-	5	0	4	0	886	NA	NA	NA	62
ENSMUST00000032383.14	ENSMUSG00000030255	+	3	0	2	0	365	NA	NA	NA	198
ENSMUST00000032427.15	ENSMUSG00000040250	-	18	1	16	0	39	NA	NA	11	225
ENSMUST00000067404.13	ENSMUSG00000040242	+	6	1	4	0	137	NA	NA	2	135
ENSMUST00000037709.16	ENSMUSG00000040234	-	12	0	11	0	262	NA	NA	NA	76
ENSMUST00000001675.14	ENSMUSG00000001630	+	14	1	12	0	127	NA	NA	11	134
ENSMUST00000111623.9	ENSMUSG00000016487	+	28	2	25	0	86	NA	NA	35	64
ENSMUST00000036003.8	ENSMUSG00000040102	+	3	0	2	0	451	NA	NA	NA	836
ENSMUST00000136008.8	ENSMUSG00000030304	-	14	1	12	0	62	NA	NA	37	106
ENSMUST00000048418.14	ENSMUSG00000040029	-	25	0	24	0	19	NA	NA	NA	84
ENSMUST00000111569.9	ENSMUSG00000030309	-	19	1	17	0	568	NA	NA	43	177
ENSMUST00000111557.8	ENSMUSG00000030313	-	21	0	20	0	183	NA	NA	NA	127
ENSMUST00000003544.14	ENSMUSG00000003452	+	10	0	9	0	87	NA	NA	NA	213
ENSMUST00000203328.4	ENSMUSG00000068566	+	3	2	0	0	964	NA	NA	2	NA
ENSMUST00000076657.11	ENSMUSG00000035674	+	4	0	3	0	91	NA	NA	NA	10
ENSMUST00000019878.8	ENSMUSG00000078813	-	4	0	3	0	219	NA	NA	NA	132
ENSMUST00000038608.14	ENSMUSG00000035596	-	8	1	6	0	390	NA	NA	3	76
ENSMUST00000108630.8	ENSMUSG00000035585	+	5	1	3	0	187	NA	NA	4	243
ENSMUST00000006496.15	ENSMUSG00000006333	+	5	1	3	0	177	NA	NA	25	97
ENSMUST00000121270.8	ENSMUSG00000035545	+	16	1	14	0	162	NA	NA	55	38
ENSMUST00000058358.8	ENSMUSG00000043432	-	1	0	0	0	NA	NA	NA	NA	NA
ENSMUST00000013886.9	ENSMUSG00000019254	-	22	0	21	0	86	NA	NA	NA	333
ENSMUST00000064099.8	ENSMUSG00000052296	-	24	1	22	0	3	NA	NA	6	227
ENSMUST00000098853.9	ENSMUSG00000059851	+	9	1	7	0	514	NA	NA	92	110
ENSMUST00000032597.12	ENSMUSG00000030432	+	5	1	3	0	89	NA	NA	8	81
ENSMUST00000116354.4	ENSMUSG00000074406	+	3	2	0	0	3121	NA	NA	5	NA
ENSMUST00000162731.2	ENSMUSG00000051550	-	1	0	0	0	NA	NA	NA	NA	NA
ENSMUST00000167804.9	ENSMUSG00000061374	-	3	1	1	0	1190	NA	NA	33	312
ENSMUST00000069324.7	ENSMUSG00000055633	+	2	1	0	0	530	NA	NA	12	NA
ENSMUST00000209099.2	ENSMUSG00000030435	+	12	0	11	0	134	NA	NA	NA	49
ENSMUST00000094870.3	ENSMUSG00000046792	-	3	1	1	0	1066	NA	NA	10	79
ENSMUST00000051435.8	ENSMUSG00000034538	+	4	0	3	0	1765	NA	NA	NA	27
ENSMUST00000210594.2	ENSMUSG00000000605	-	12	2	9	0	90	NA	NA	75	25
ENSMUST00000032551.8	ENSMUSG00000030393	-	4	1	2	0	1231	NA	NA	6	33
ENSMUST00000080348.12	ENSMUSG00000034071	-	4	0	3	0	1828	NA	NA	NA	99
ENSMUST00000098822.10	ENSMUSG00000030386	+	7	1	5	0	1981	NA	NA	52	31
ENSMUST00000072222.8	ENSMUSG00000057894	-	2	1	0	0	1639	NA	NA	71	NA
ENSMUST00000004614.15	ENSMUSG00000058638	+	8	1	6	0	1528	NA	NA	36	45
ENSMUST00000038701.8	ENSMUSG00000004500	+	4	0	3	0	1423	NA	NA	NA	84
ENSMUST00000005714.14	ENSMUSG00000005575	-	6	0	5	0	140	NA	NA	NA	109
ENSMUST00000177588.10	ENSMUSG00000056394	+	28	1	26	0	80	NA	NA	57	17
ENSMUST00000098799.5	ENSMUSG00000074364	-	6	1	4	0	551	NA	NA	56	404
ENSMUST00000002495.18	ENSMUSG00000041420	+	13	0	11	1	49	21	21	NA	12
ENSMUST00000169612.3	ENSMUSG00000091811	-	1	0	0	0	NA	NA	NA	NA	NA
ENSMUST00000002152.13	ENSMUSG00000002083	+	4	1	2	0	116	NA	NA	15	274
ENSMUST00000210999.2	ENSMUSG00000052833	-	10	0	8	1	92	7	7	NA	110
ENSMUST00000249896.1	ENSMUSG00000059273	+	15	1	13	0	1489	NA	NA	5	161
ENSMUST00000075845.11	ENSMUSG00000058230	-	7	1	5	0	357	NA	NA	191	3681
ENSMUST00000086112.8	ENSMUSG00000008036	+	5	0	4	0	101	NA	NA	NA	3
ENSMUST00000108496.9	ENSMUSG00000001918	+	9	0	8	0	237	NA	NA	NA	575
ENSMUST00000061390.9	ENSMUSG00000048920	-	3	2	0	0	1525	NA	NA	41	NA
ENSMUST00000019220.16	ENSMUSG00000030374	+	18	0	16	1	169	63	63	NA	282
ENSMUST00000168093.9	ENSMUSG00000041187	+	19	1	17	0	200	NA	NA	142	240
ENSMUST00000247846.1	ENSMUSG00000041117	+	1	0	0	0	NA	NA	NA	NA	NA
ENSMUST00000220302.2	ENSMUSG00000030411	+	4	0	3	0	1082	NA	NA	NA	85
ENSMUST00000053713.5	ENSMUSG00000044030	+	1	0	0	0	NA	NA	NA	NA	NA
ENSMUST00000023882.14	ENSMUSG00000023118	+	27	1	25	0	128	NA	NA	19	105
ENSMUST00000032570.14	ENSMUSG00000030410	+	5	0	4	0	47	NA	NA	NA	432
ENSMUST00000108473.10	ENSMUSG00000030409	+	13	0	12	0	7	NA	NA	NA	160
ENSMUST00000049454.6	ENSMUSG00000040841	+	3	0	2	0	589	NA	NA	NA	782
ENSMUST00000053109.5	ENSMUSG00000050428	+	2	1	0	0	1891	NA	NA	80	NA
ENSMUST00000032566.3	ENSMUSG00000030407	-	7	0	6	0	145	NA	NA	NA	210
ENSMUST00000120595.8	ENSMUSG00000040811	+	19	0	18	0	125	NA	NA	NA	20
ENSMUST00000032561.9	ENSMUSG00000030403	-	13	0	12	0	37	NA	NA	NA	5
ENSMUST00000108468.5	ENSMUSG00000030401	+	7	0	6	0	78	NA	NA	NA	13
ENSMUST00000047621.14	ENSMUSG00000040734	+	13	1	11	0	38	NA	NA	26	55
ENSMUST00000062831.16	ENSMUSG00000030400	+	23	0	22	0	92	NA	NA	NA	5
ENSMUST00000085715.7	ENSMUSG00000030397	-	17	0	16	0	336	NA	NA	NA	51
ENSMUST00000058444.10	ENSMUSG00000051403	-	13	0	11	1	82	5	5	NA	220
ENSMUST00000086041.7	ENSMUSG00000061028	-	21	1	19	0	42	NA	NA	17	99
ENSMUST00000094762.10	ENSMUSG00000002983	-	12	0	11	0	388	NA	NA	NA	52
ENSMUST00000174064.9	ENSMUSG00000002985	-	4	1	2	0	723	NA	NA	23	43
ENSMUST00000075447.14	ENSMUSG00000062300	-	9	0	8	0	272	NA	NA	NA	88
ENSMUST00000003061.14	ENSMUSG00000002980	-	15	0	14	0	5	NA	NA	NA	64
ENSMUST00000120537.8	ENSMUSG00000053175	-	9	0	8	0	184	NA	NA	NA	241
ENSMUST00000068975.6	ENSMUSG00000057101	+	5	1	3	0	1720	NA	NA	30	51
ENSMUST00000056549.9	ENSMUSG00000047603	+	4	1	2	0	1966	NA	NA	43	15
ENSMUST00000206422.2	ENSMUSG00000074277	+	16	1	14	0	134	NA	NA	209	234
ENSMUST00000108430.10	ENSMUSG00000040952	+	6	0	4	0	26	NA	NA	0	71
ENSMUST00000117796.8	ENSMUSG00000040940	+	30	1	28	0	10	NA	NA	18	24
ENSMUST00000076961.9	ENSMUSG00000003380	-	5	0	4	0	88	NA	NA	NA	56
ENSMUST00000179556.2	ENSMUSG00000045252	+	2	1	0	0	2722	NA	NA	20	NA
ENSMUST00000058702.7	ENSMUSG00000054499	-	5	1	3	0	391	NA	NA	39	328
ENSMUST00000071739.12	ENSMUSG00000057177	-	11	0	10	0	76	NA	NA	NA	283
ENSMUST00000045847.15	ENSMUSG00000040857	-	4	0	3	0	1282	NA	NA	NA	22
ENSMUST00000169266.8	ENSMUSG00000005442	+	21	1	19	0	367	NA	NA	11	2788
ENSMUST00000128119.2	ENSMUSG00000045039	+	41	0	40	0	1268	NA	NA	NA	187
ENSMUST00000003207.11	ENSMUSG00000003123	-	10	0	9	0	212	NA	NA	NA	109
ENSMUST00000002678.10	ENSMUSG00000002603	+	7	0	6	0	158	NA	NA	NA	355
ENSMUST00000002683.3	ENSMUSG00000002608	-	5	0	4	0	120	NA	NA	NA	49
ENSMUST00000206832.2	ENSMUSG00000040725	-	15	0	14	0	116	NA	NA	NA	295
ENSMUST00000002677.11	ENSMUSG00000002602	-	20	0	19	0	351	NA	NA	NA	64
ENSMUST00000043314.10	ENSMUSG00000040703	-	9	0	8	0	196	NA	NA	NA	180
ENSMUST00000163311.9	ENSMUSG00000061479	-	6	0	5	0	159	NA	NA	NA	91
ENSMUST00000003850.8	ENSMUSG00000003752	-	7	0	6	0	203	NA	NA	NA	1137
ENSMUST00000079258.7	ENSMUSG00000063160	+	10	0	9	0	655	NA	NA	NA	24
ENSMUST00000003857.7	ENSMUSG00000089832	-	18	0	17	0	231	NA	NA	NA	86
ENSMUST00000068641.8	ENSMUSG00000055200	+	2	1	0	0	596	NA	NA	3	NA
ENSMUST00000008528.8	ENSMUSG00000008384	+	2	1	0	0	713	NA	NA	3	NA
ENSMUST00000117095.8	ENSMUSG00000003363	-	14	3	10	0	187	NA	NA	66	27
ENSMUST00000108344.9	ENSMUSG00000004056	+	14	1	12	0	79	NA	NA	85	46
ENSMUST00000032824.10	ENSMUSG00000030603	-	11	0	10	0	113	NA	NA	NA	36
ENSMUST00000085901.13	ENSMUSG00000002409	+	11	1	9	0	371	NA	NA	101	63
ENSMUST00000003527.10	ENSMUSG00000003435	-	30	1	28	0	146	NA	NA	9	75
ENSMUST00000121085.8	ENSMUSG00000037552	-	17	0	16	0	1456	NA	NA	NA	109
ENSMUST00000051241.7	ENSMUSG00000044786	-	2	0	1	0	935	NA	NA	NA	24
ENSMUST00000003536.9	ENSMUSG00000003444	-	4	0	3	0	242	NA	NA	NA	213
ENSMUST00000003529.9	ENSMUSG00000003437	+	14	0	13	0	424	NA	NA	NA	47
ENSMUST00000108283.8	ENSMUSG00000030602	-	10	2	7	0	155	NA	NA	61	204
ENSMUST00000032815.11	ENSMUSG00000030595	-	7	0	5	1	101	6	6	NA	179
ENSMUST00000072965.5	ENSMUSG00000015149	+	16	0	15	0	155	NA	NA	NA	16
ENSMUST00000174548.8	ENSMUSG00000015165	+	14	1	12	0	58	NA	NA	239	258
ENSMUST00000066264.13	ENSMUSG00000053898	+	10	0	9	0	104	NA	NA	NA	52
ENSMUST00000217157.2	ENSMUSG00000054808	-	22	0	21	0	158	NA	NA	NA	165
ENSMUST00000186182.2	ENSMUSG00000030591	-	7	0	6	0	137	NA	NA	NA	369
ENSMUST00000032809.10	ENSMUSG00000030588	+	8	0	7	0	155	NA	NA	NA	55
ENSMUST00000108231.8	ENSMUSG00000030584	+	12	0	11	0	70	NA	NA	NA	32
ENSMUST00000085809.11	ENSMUSG00000030583	-	23	3	19	0	143	NA	NA	307	1516
ENSMUST00000032802.5	ENSMUSG00000046185	+	5	1	3	0	1432	NA	NA	32	33
ENSMUST00000108205.9	ENSMUSG00000059975	-	5	1	3	0	1801	NA	NA	40	15
ENSMUST00000207873.2	ENSMUSG00000053985	-	5	2	2	0	1363	NA	NA	74	15
ENSMUST00000050735.12	ENSMUSG00000049421	+	3	2	0	0	1670	NA	NA	447	NA
ENSMUST00000098596.11	ENSMUSG00000074220	+	5	0	4	0	1402	NA	NA	NA	43
ENSMUST00000062181.9	ENSMUSG00000037029	-	2	1	0	0	1491	NA	NA	613	NA
ENSMUST00000001845.13	ENSMUSG00000001794	-	12	2	9	0	26	NA	NA	15	209
ENSMUST00000108190.8	ENSMUSG00000037020	-	33	0	32	0	263	NA	NA	NA	180
ENSMUST00000014065.16	ENSMUSG00000013921	+	14	1	12	0	54	NA	NA	59	166
ENSMUST00000006828.9	ENSMUSG00000006651	-	17	0	16	0	98	NA	NA	NA	147
ENSMUST00000207747.2	ENSMUSG00000036835	-	3	0	2	0	139	NA	NA	NA	61
ENSMUST00000075738.6	ENSMUSG00000036751	-	4	1	2	0	53	NA	NA	8	106
ENSMUST00000042726.14	ENSMUSG00000036733	-	10	0	9	0	112	NA	NA	NA	140
ENSMUST00000019697.9	ENSMUSG00000078762	-	19	0	18	0	78	NA	NA	NA	98
ENSMUST00000006478.10	ENSMUSG00000006315	-	7	0	6	0	123	NA	NA	NA	77
ENSMUST00000058860.14	ENSMUSG00000058239	-	10	0	9	0	89	NA	NA	NA	62
ENSMUST00000001280.14	ENSMUSG00000001248	-	19	0	18	0	92	NA	NA	NA	8
ENSMUST00000102746.11	ENSMUSG00000052997	-	17	0	16	0	181	NA	NA	NA	138
ENSMUST00000038027.6	ENSMUSG00000036427	-	18	0	17	0	135	NA	NA	NA	122
ENSMUST00000085585.12	ENSMUSG00000066568	-	11	0	9	1	23	34	34	NA	121
ENSMUST00000108069.8	ENSMUSG00000030499	-	7	2	4	0	158	NA	NA	27	66
ENSMUST00000075068.14	ENSMUSG00000063931	+	15	0	14	0	137	NA	NA	NA	17
ENSMUST00000130491.3	ENSMUSG00000056216	-	2	1	0	0	548	NA	NA	96	NA
ENSMUST00000042985.11	ENSMUSG00000034957	+	1	0	0	0	NA	NA	NA	NA	NA
ENSMUST00000118444.3	ENSMUSG00000001802	-	7	0	6	0	587	NA	NA	NA	73
ENSMUST00000032705.13	ENSMUSG00000030494	+	15	0	14	0	260	NA	NA	NA	69
ENSMUST00000032704.12	ENSMUSG00000030493	-	4	0	3	0	266	NA	NA	NA	106
ENSMUST00000079414.12	ENSMUSG00000023072	+	19	0	18	0	240	NA	NA	NA	39
ENSMUST00000040844.16	ENSMUSG00000034867	+	29	1	27	0	230	NA	NA	29	102
ENSMUST00000118501.8	ENSMUSG00000030417	-	6	0	5	0	50	NA	NA	NA	66
ENSMUST00000051377.15	ENSMUSG00000043671	-	19	1	17	0	161	NA	NA	39	103
ENSMUST00000061586.11	ENSMUSG00000044452	-	7	2	4	0	366	NA	NA	2	2094
ENSMUST00000021641.8	ENSMUSG00000021217	+	2	0	1	0	3205	NA	NA	NA	40
ENSMUST00000085513.6	ENSMUSG00000030421	-	11	0	10	0	182	NA	NA	NA	111
ENSMUST00000108023.10	ENSMUSG00000002068	-	12	1	10	0	122	NA	NA	29	14
ENSMUST00000098513.6	ENSMUSG00000074170	-	2	1	0	0	855	NA	NA	16	NA
ENSMUST00000032585.8	ENSMUSG00000030423	-	7	0	6	0	136	NA	NA	NA	7
ENSMUST00000058104.8	ENSMUSG00000030469	+	4	1	2	0	1942	NA	NA	91	138
ENSMUST00000035844.11	ENSMUSG00000038695	+	5	1	3	0	99	NA	NA	14	146
ENSMUST00000239015.2	ENSMUSG00000008140	-	7	0	6	0	98	NA	NA	NA	144
ENSMUST00000107912.8	ENSMUSG00000060601	-	9	1	7	0	146	NA	NA	21	40
ENSMUST00000002275.15	ENSMUSG00000002205	+	15	2	11	1	148	12	12	1	139
ENSMUST00000047356.11	ENSMUSG00000038539	-	3	1	1	0	673	NA	NA	116	178
ENSMUST00000054343.15	ENSMUSG00000011096	+	5	1	3	0	143	NA	NA	7	382
ENSMUST00000003049.8	ENSMUSG00000002968	-	18	0	17	0	97	NA	NA	NA	134
ENSMUST00000071207.14	ENSMUSG00000011658	+	11	0	10	0	214	NA	NA	NA	111
ENSMUST00000107857.11	ENSMUSG00000060279	-	23	0	22	0	77	NA	NA	NA	67
ENSMUST00000003290.12	ENSMUSG00000003190	-	7	1	5	0	50	NA	NA	8	107
ENSMUST00000003284.16	ENSMUSG00000003184	+	8	1	6	0	182	NA	NA	8	165
ENSMUST00000211735.2	ENSMUSG00000038406	-	11	1	9	0	191	NA	NA	6	108
ENSMUST00000044111.10	ENSMUSG00000038387	+	6	0	5	0	84	NA	NA	NA	153
ENSMUST00000209963.2	ENSMUSG00000007833	-	17	0	16	0	161	NA	NA	NA	90
ENSMUST00000210139.2	ENSMUSG00000003423	+	10	1	8	0	41	NA	NA	4	90
ENSMUST00000033060.14	ENSMUSG00000030796	+	12	1	10	0	113	NA	NA	6	232
ENSMUST00000042194.10	ENSMUSG00000038260	-	25	0	24	0	4	NA	NA	NA	24
ENSMUST00000211067.2	ENSMUSG00000003863	-	30	1	27	1	58	14	14	15	240
ENSMUST00000074575.11	ENSMUSG00000063511	-	10	1	8	0	681	NA	NA	10	147
ENSMUST00000211214.2	ENSMUSG00000003868	-	18	3	14	0	25	NA	NA	93	12
ENSMUST00000003964.17	ENSMUSG00000003865	+	16	0	15	0	326	NA	NA	NA	118
ENSMUST00000094434.13	ENSMUSG00000050708	-	4	0	3	0	176	NA	NA	NA	102
ENSMUST00000033093.10	ENSMUSG00000003873	-	6	0	5	0	104	NA	NA	NA	34
ENSMUST00000033098.16	ENSMUSG00000030826	+	11	0	10	0	38	NA	NA	NA	24
ENSMUST00000107737.11	ENSMUSG00000057342	-	7	2	4	0	1086	NA	NA	63	406
ENSMUST00000107729.10	ENSMUSG00000003269	-	12	0	11	0	87	NA	NA	NA	19
ENSMUST00000131384.3	ENSMUSG00000053801	-	8	1	6	0	317	NA	NA	8	187
ENSMUST00000002855.14	ENSMUSG00000002778	+	5	0	4	0	34	NA	NA	NA	91
ENSMUST00000033121.7	ENSMUSG00000030835	+	31	0	30	0	131	NA	NA	NA	141
ENSMUST00000143082.4	ENSMUSG00000006763	-	12	0	11	0	92	NA	NA	NA	135
ENSMUST00000107654.8	ENSMUSG00000014418	-	23	1	21	0	60	NA	NA	24	108
ENSMUST00000006774.11	ENSMUSG00000006599	+	15	1	13	0	86	NA	NA	15	154
ENSMUST00000048209.16	ENSMUSG00000063229	+	8	1	6	0	164	NA	NA	24	126
ENSMUST00000014546.15	ENSMUSG00000014402	-	10	0	9	0	89	NA	NA	NA	42
ENSMUST00000094398.13	ENSMUSG00000043262	-	12	0	11	0	167	NA	NA	NA	42
ENSMUST00000061639.10	ENSMUSG00000049516	-	6	0	5	0	93	NA	NA	NA	60
ENSMUST00000010451.8	ENSMUSG00000010307	+	3	0	2	0	439	NA	NA	NA	21
ENSMUST00000058745.15	ENSMUSG00000046179	-	13	1	11	0	182	NA	NA	109	15
ENSMUST00000085272.7	ENSMUSG00000039745	+	6	1	4	0	225	NA	NA	57	195
ENSMUST00000032629.16	ENSMUSG00000030447	+	31	1	29	0	164	NA	NA	1	117
ENSMUST00000119041.8	ENSMUSG00000030452	-	7	2	4	0	631	NA	NA	90	139
ENSMUST00000039697.14	ENSMUSG00000033676	+	9	0	8	0	341	NA	NA	NA	80
ENSMUST00000200758.4	ENSMUSG00000025326	+	13	2	10	0	120	NA	NA	100	20
ENSMUST00000063694.10	ENSMUSG00000052040	-	2	0	1	0	289	NA	NA	NA	580
ENSMUST00000032736.11	ENSMUSG00000030522	+	16	0	15	0	596	NA	NA	NA	60
ENSMUST00000094331.5	ENSMUSG00000070520	-	1	0	0	0	NA	NA	NA	NA	NA
ENSMUST00000206517.2	ENSMUSG00000078681	+	6	0	5	0	165	NA	NA	NA	91
ENSMUST00000098391.11	ENSMUSG00000030513	+	21	0	20	0	97	NA	NA	NA	273
ENSMUST00000101801.8	ENSMUSG00000075701	+	6	0	5	0	85	NA	NA	NA	76
ENSMUST00000036372.8	ENSMUSG00000032640	+	3	0	2	0	1589	NA	NA	NA	317
ENSMUST00000124899.8	ENSMUSG00000030509	-	6	3	2	0	139	NA	NA	51	211
ENSMUST00000058771.13	ENSMUSG00000043831	+	3	1	1	0	608	NA	NA	10	273
ENSMUST00000076325.12	ENSMUSG00000030557	-	11	2	8	0	360	NA	NA	137	54
ENSMUST00000053950.10	ENSMUSG00000030556	-	10	1	8	0	72	NA	NA	69	168
ENSMUST00000107471.8	ENSMUSG00000030555	+	11	1	9	0	114	NA	NA	20	180
ENSMUST00000005671.10	ENSMUSG00000005533	+	21	0	20	0	381	NA	NA	NA	94
ENSMUST00000048068.15	ENSMUSG00000042659	-	8	0	7	0	56	NA	NA	NA	298
ENSMUST00000032768.15	ENSMUSG00000030551	-	3	0	2	0	274	NA	NA	NA	442
ENSMUST00000139780.3	ENSMUSG00000070509	+	3	0	2	0	716	NA	NA	NA	82
ENSMUST00000169922.9	ENSMUSG00000078671	-	39	1	37	0	333	NA	NA	71	62
ENSMUST00000026897.14	ENSMUSG00000025790	-	10	0	9	0	379	NA	NA	NA	180
ENSMUST00000171155.4	ENSMUSG00000055652	+	3	1	0	1	1780	25	25	11	1794
ENSMUST00000107425.8	ENSMUSG00000030609	+	4	1	2	0	272	NA	NA	64	537
ENSMUST00000037315.13	ENSMUSG00000039202	+	11	2	8	0	196	NA	NA	6	194
ENSMUST00000073889.14	ENSMUSG00000039176	-	23	1	21	0	76	NA	NA	160	608
ENSMUST00000183846.8	ENSMUSG00000050382	-	19	1	17	0	367	NA	NA	24	328
ENSMUST00000032761.8	ENSMUSG00000030545	-	3	0	2	0	568	NA	NA	NA	56
ENSMUST00000107392.8	ENSMUSG00000039062	-	21	1	19	0	152	NA	NA	409	614
ENSMUST00000075657.8	ENSMUSG00000063801	-	6	0	5	0	128	NA	NA	NA	69
ENSMUST00000164056.9	ENSMUSG00000048897	+	5	1	3	0	169	NA	NA	28	1464
ENSMUST00000107384.10	ENSMUSG00000030541	-	11	0	10	0	87	NA	NA	NA	115
ENSMUST00000032754.9	ENSMUSG00000030539	+	15	1	13	0	739	NA	NA	134	118
ENSMUST00000062915.9	ENSMUSG00000050973	+	2	1	0	0	1169	NA	NA	9	NA
ENSMUST00000174172.8	ENSMUSG00000038943	+	15	0	14	0	71	NA	NA	NA	11
ENSMUST00000047362.11	ENSMUSG00000038930	-	9	2	6	0	151	NA	NA	151	169
ENSMUST00000032748.15	ENSMUSG00000030533	-	20	0	19	0	257	NA	NA	NA	51
ENSMUST00000080932.8	ENSMUSG00000053158	-	19	1	17	0	142	NA	NA	9	213
ENSMUST00000122232.8	ENSMUSG00000030530	-	16	1	14	0	589	NA	NA	158	177
ENSMUST00000170315.3	ENSMUSG00000030528	-	22	0	21	0	177	NA	NA	NA	5
ENSMUST00000122255.8	ENSMUSG00000030527	-	15	0	14	0	208	NA	NA	NA	132
ENSMUST00000167377.3	ENSMUSG00000030536	-	38	0	37	0	113	NA	NA	NA	55
ENSMUST00000026818.12	ENSMUSG00000025724	-	6	0	5	0	50	NA	NA	NA	51
ENSMUST00000107353.3	ENSMUSG00000005621	+	10	2	7	0	515	NA	NA	19	2220
ENSMUST00000026672.8	ENSMUSG00000025584	+	22	0	21	0	106	NA	NA	NA	174
ENSMUST00000165460.2	ENSMUSG00000045795	+	10	0	9	0	292	NA	NA	NA	588
ENSMUST00000207983.2	ENSMUSG00000025813	-	9	0	8	0	188	NA	NA	NA	5
ENSMUST00000026093.9	ENSMUSG00000025103	-	8	0	7	0	158	NA	NA	NA	419
ENSMUST00000179489.8	ENSMUSG00000038563	+	20	1	18	0	188	NA	NA	15	91
ENSMUST00000082237.7	ENSMUSG00000057706	+	2	0	1	0	1453	NA	NA	NA	277
ENSMUST00000094216.5	ENSMUSG00000070462	-	1	0	0	0	NA	NA	NA	NA	NA
ENSMUST00000117085.2	ENSMUSG00000038459	-	3	0	2	0	219	NA	NA	NA	563
ENSMUST00000085077.5	ENSMUSG00000015709	-	19	0	18	0	98	NA	NA	NA	31
ENSMUST00000209117.2	ENSMUSG00000030629	-	7	1	5	0	148	NA	NA	17	154
ENSMUST00000032779.12	ENSMUSG00000030560	+	7	0	6	0	502	NA	NA	NA	172
ENSMUST00000107256.4	ENSMUSG00000030559	+	3	0	2	0	152	NA	NA	NA	202
ENSMUST00000041968.11	ENSMUSG00000039428	-	15	0	14	0	132	NA	NA	NA	141
ENSMUST00000058755.5	ENSMUSG00000049791	+	2	0	1	0	1328	NA	NA	NA	285
ENSMUST00000041761.7	ENSMUSG00000039405	-	2	1	0	0	1159	NA	NA	11	NA
ENSMUST00000153470.9	ENSMUSG00000062797	-	5	0	4	0	54	NA	NA	NA	30
ENSMUST00000238981.2	ENSMUSG00000030619	-	12	0	11	0	126	NA	NA	NA	114
ENSMUST00000207484.2	ENSMUSG00000039361	+	21	0	20	0	14	NA	NA	NA	130
ENSMUST00000061767.5	ENSMUSG00000051451	+	1	0	0	0	NA	NA	NA	NA	NA
ENSMUST00000032844.7	ENSMUSG00000030615	-	5	1	3	0	192	NA	NA	7	89
ENSMUST00000119954.9	ENSMUSG00000041328	-	16	0	15	0	215	NA	NA	NA	192
ENSMUST00000032879.15	ENSMUSG00000030643	+	5	1	3	0	250	NA	NA	8	93
ENSMUST00000076052.8	ENSMUSG00000061119	+	9	0	8	0	207	NA	NA	NA	162
ENSMUST00000004622.7	ENSMUSG00000004508	+	10	0	9	0	143	NA	NA	NA	81
ENSMUST00000054107.6	ENSMUSG00000044952	+	2	1	0	0	811	NA	NA	29	NA
ENSMUST00000136757.8	ENSMUSG00000035642	-	4	1	2	0	140	NA	NA	18	132
ENSMUST00000026506.5	ENSMUSG00000025439	+	7	0	5	1	67	22	22	NA	140
ENSMUST00000206389.2	ENSMUSG00000042797	-	3	0	2	0	79	NA	NA	NA	619
ENSMUST00000206984.2	ENSMUSG00000030774	+	15	1	13	0	86	NA	NA	24	190
ENSMUST00000040971.14	ENSMUSG00000035547	-	13	1	11	0	182	NA	NA	30	165
ENSMUST00000033020.14	ENSMUSG00000030760	-	11	0	10	0	53	NA	NA	NA	103
ENSMUST00000094161.11	ENSMUSG00000049580	-	4	3	0	0	1072	NA	NA	8	NA
ENSMUST00000205276.2	ENSMUSG00000035401	-	20	1	18	0	194	NA	NA	39	70
ENSMUST00000033009.16	ENSMUSG00000030753	+	5	0	4	0	1921	NA	NA	NA	89
ENSMUST00000037968.10	ENSMUSG00000035354	-	15	0	14	0	702	NA	NA	NA	117
ENSMUST00000033001.6	ENSMUSG00000030747	-	8	0	7	0	154	NA	NA	NA	121
ENSMUST00000169437.9	ENSMUSG00000070436	-	5	1	3	0	302	NA	NA	43	619
ENSMUST00000213887.2	ENSMUSG00000035314	+	16	0	15	0	154	NA	NA	NA	117
ENSMUST00000179755.8	ENSMUSG00000018909	+	16	0	15	0	111	NA	NA	NA	20
ENSMUST00000036331.7	ENSMUSG00000035239	-	3	1	1	0	1049	NA	NA	5	207
ENSMUST00000036274.8	ENSMUSG00000035227	-	5	0	4	0	186	NA	NA	NA	114
ENSMUST00000032969.14	ENSMUSG00000030726	-	12	0	11	0	202	NA	NA	NA	60
ENSMUST00000084935.11	ENSMUSG00000030729	+	14	0	13	0	102	NA	NA	NA	111
ENSMUST00000032963.10	ENSMUSG00000030718	-	14	0	13	0	18	NA	NA	NA	101
ENSMUST00000126534.8	ENSMUSG00000033685	+	8	2	5	0	114	NA	NA	97	126
ENSMUST00000054310.4	ENSMUSG00000044881	+	2	1	0	0	273	NA	NA	10	NA
ENSMUST00000150042.8	ENSMUSG00000030706	-	8	0	7	0	74	NA	NA	NA	21
ENSMUST00000032946.10	ENSMUSG00000030704	+	8	0	7	0	64	NA	NA	NA	70
ENSMUST00000049053.9	ENSMUSG00000029461	+	9	2	5	1	112	19	19	18	70
ENSMUST00000008462.11	ENSMUSG00000008318	-	11	1	9	0	47	NA	NA	4	66
ENSMUST00000107032.3	ENSMUSG00000032875	-	21	0	20	0	196	NA	NA	NA	3171
ENSMUST00000098250.10	ENSMUSG00000030691	+	20	0	19	0	83	NA	NA	NA	21
ENSMUST00000120267.9	ENSMUSG00000047767	-	18	0	17	0	87	NA	NA	NA	127
ENSMUST00000084896.10	ENSMUSG00000032812	+	33	0	32	0	17	NA	NA	NA	509
ENSMUST00000001884.14	ENSMUSG00000001829	+	16	0	15	0	248	NA	NA	NA	403
ENSMUST00000035836.14	ENSMUSG00000032737	-	29	1	27	0	90	NA	NA	199	182
ENSMUST00000035395.14	ENSMUSG00000030649	+	6	2	3	0	47	NA	NA	5	120
ENSMUST00000033131.12	ENSMUSG00000030842	+	5	0	4	0	92	NA	NA	NA	42
ENSMUST00000084852.13	ENSMUSG00000066306	+	25	1	23	0	11	NA	NA	29	42
ENSMUST00000033292.14	ENSMUSG00000030990	+	7	2	4	0	130	NA	NA	10	165
ENSMUST00000106923.2	ENSMUSG00000073982	-	3	2	0	0	643	NA	NA	68	NA
ENSMUST00000033289.6	ENSMUSG00000030987	+	12	0	11	0	516	NA	NA	NA	139
ENSMUST00000033283.10	ENSMUSG00000030978	+	19	0	18	0	188	NA	NA	NA	19
ENSMUST00000033264.12	ENSMUSG00000030966	-	8	2	5	0	541	NA	NA	36	396
ENSMUST00000082175.7	ENSMUSG00000073968	-	7	1	5	0	550	NA	NA	38	426
ENSMUST00000059037.15	ENSMUSG00000057143	-	8	1	6	0	598	NA	NA	56	420
ENSMUST00000048079.14	ENSMUSG00000044465	-	12	1	10	0	358	NA	NA	194	138
ENSMUST00000191601.7	ENSMUSG00000037032	-	15	1	13	0	167	NA	NA	14	721
ENSMUST00000057525.14	ENSMUSG00000036989	-	12	1	10	0	152	NA	NA	35	131
ENSMUST00000131446.8	ENSMUSG00000030881	-	8	1	6	0	155	NA	NA	42	99
ENSMUST00000033179.14	ENSMUSG00000030888	-	7	0	6	0	119	NA	NA	NA	99
ENSMUST00000033182.10	ENSMUSG00000030890	+	13	1	11	0	149	NA	NA	48	89
ENSMUST00000141116.2	ENSMUSG00000043866	-	5	0	4	0	89	NA	NA	NA	232
ENSMUST00000033184.6	ENSMUSG00000030894	-	13	0	12	0	140	NA	NA	NA	17
ENSMUST00000124482.3	ENSMUSG00000030879	-	3	0	2	0	287	NA	NA	NA	174
ENSMUST00000040056.15	ENSMUSG00000036528	+	25	1	23	0	194	NA	NA	33	64
ENSMUST00000033341.12	ENSMUSG00000031028	+	12	0	11	0	133	NA	NA	NA	38
ENSMUST00000033333.13	ENSMUSG00000031021	-	5	0	4	0	155	NA	NA	NA	108
ENSMUST00000080437.13	ENSMUSG00000035901	-	23	0	22	0	183	NA	NA	NA	109
ENSMUST00000094097.12	ENSMUSG00000047554	-	7	0	6	0	169	NA	NA	NA	121
ENSMUST00000084731.5	ENSMUSG00000066232	+	25	0	24	0	97	NA	NA	NA	84
ENSMUST00000084727.11	ENSMUSG00000061079	+	16	1	14	0	83	NA	NA	7	112
ENSMUST00000033326.10	ENSMUSG00000031016	+	11	0	10	0	156	NA	NA	NA	576
ENSMUST00000033325.9	ENSMUSG00000031015	+	12	0	11	0	106	NA	NA	NA	99
ENSMUST00000164759.8	ENSMUSG00000038371	-	40	0	39	0	98	NA	NA	NA	55
ENSMUST00000033054.10	ENSMUSG00000030790	+	4	1	2	0	306	NA	NA	22	98
ENSMUST00000213373.2	ENSMUSG00000005686	+	15	0	14	0	176	NA	NA	NA	22
ENSMUST00000177236.8	ENSMUSG00000030788	-	6	1	4	0	150	NA	NA	51	143
ENSMUST00000106663.2	ENSMUSG00000038296	-	11	0	10	0	146	NA	NA	NA	235
ENSMUST00000210309.2	ENSMUSG00000059263	+	29	0	28	0	174	NA	NA	NA	39
ENSMUST00000033036.7	ENSMUSG00000030772	-	8	1	6	0	219	NA	NA	23	213
ENSMUST00000106640.2	ENSMUSG00000030770	+	13	0	12	0	76	NA	NA	NA	28
ENSMUST00000239442.2	ENSMUSG00000055320	+	14	1	12	0	113	NA	NA	99	157
ENSMUST00000211770.2	ENSMUSG00000055116	+	20	3	16	0	160	NA	NA	13	140
ENSMUST00000117577.8	ENSMUSG00000038187	-	8	0	7	0	310	NA	NA	NA	125
ENSMUST00000033018.15	ENSMUSG00000030759	+	13	2	10	0	162	NA	NA	5	189
ENSMUST00000069449.7	ENSMUSG00000055723	-	6	0	5	0	87	NA	NA	NA	108
ENSMUST00000033012.9	ENSMUSG00000030754	-	22	1	20	0	59	NA	NA	59	91
ENSMUST00000033008.10	ENSMUSG00000030751	-	10	0	9	0	56	NA	NA	NA	3
ENSMUST00000032909.9	ENSMUSG00000030671	+	16	0	15	0	217	NA	NA	NA	912
ENSMUST00000205405.2	ENSMUSG00000051910	-	17	2	14	0	303	NA	NA	4	237
ENSMUST00000170953.3	ENSMUSG00000090862	-	6	0	5	0	33	NA	NA	NA	23
ENSMUST00000032895.15	ENSMUSG00000030659	+	14	1	11	0	7	NA	NA	0	144
ENSMUST00000032888.10	ENSMUSG00000030654	-	6	0	5	0	118	NA	NA	NA	36
ENSMUST00000178344.3	ENSMUSG00000095115	-	1	0	0	0	NA	NA	NA	NA	NA
ENSMUST00000044195.6	ENSMUSG00000042246	-	16	0	15	0	80	NA	NA	NA	64
ENSMUST00000038791.15	ENSMUSG00000033917	-	6	0	5	0	147	NA	NA	NA	261
ENSMUST00000106557.8	ENSMUSG00000033904	+	16	2	13	0	52	NA	NA	14	141
ENSMUST00000106550.12	ENSMUSG00000030980	-	5	1	3	0	311	NA	NA	2	936
ENSMUST00000008878.10	ENSMUSG00000008734	-	4	1	2	0	44	NA	NA	1	1030
ENSMUST00000033236.9	ENSMUSG00000030942	-	4	0	3	0	397	NA	NA	NA	231
ENSMUST00000150844.3	ENSMUSG00000030929	-	9	0	8	0	1334	NA	NA	NA	23
ENSMUST00000059851.14	ENSMUSG00000048787	-	3	1	1	0	483	NA	NA	105	431
ENSMUST00000106518.9	ENSMUSG00000030922	+	4	0	2	0	116	NA	NA	0	159
ENSMUST00000033210.13	ENSMUSG00000030917	+	5	1	3	0	81	NA	NA	104	96
ENSMUST00000033176.7	ENSMUSG00000030884	+	14	0	13	0	83	NA	NA	NA	33
ENSMUST00000047875.16	ENSMUSG00000035064	+	18	1	16	0	109	NA	NA	76	243
ENSMUST00000106483.4	ENSMUSG00000030880	+	22	2	19	0	56	NA	NA	34	36
ENSMUST00000033169.9	ENSMUSG00000030878	-	5	0	4	0	864	NA	NA	NA	76
ENSMUST00000033163.8	ENSMUSG00000030876	+	5	0	4	0	205	NA	NA	NA	165
ENSMUST00000033160.15	ENSMUSG00000030872	-	17	0	16	0	110	NA	NA	NA	100
ENSMUST00000098068.10	ENSMUSG00000044702	-	13	0	12	0	210	NA	NA	NA	48
ENSMUST00000033156.5	ENSMUSG00000030868	+	6	0	5	0	97	NA	NA	NA	48
ENSMUST00000033154.8	ENSMUSG00000030867	+	10	0	9	0	203	NA	NA	NA	408
ENSMUST00000052135.14	ENSMUSG00000030779	+	18	0	17	0	1560	NA	NA	NA	166
ENSMUST00000094053.7	ENSMUSG00000052707	+	24	0	23	0	372	NA	NA	NA	5
ENSMUST00000205262.2	ENSMUSG00000030766	-	20	0	18	1	7	42	42	NA	53
ENSMUST00000168189.8	ENSMUSG00000000131	-	24	0	23	0	101	NA	NA	NA	3
ENSMUST00000032994.15	ENSMUSG00000030741	-	12	0	11	0	94	NA	NA	NA	241
ENSMUST00000075671.5	ENSMUSG00000030722	-	8	0	7	0	158	NA	NA	NA	360
ENSMUST00000106407.9	ENSMUSG00000030727	+	13	0	12	0	101	NA	NA	NA	25
ENSMUST00000032978.8	ENSMUSG00000030733	-	10	1	8	0	1	NA	NA	83	939
ENSMUST00000040202.15	ENSMUSG00000032637	-	23	0	22	0	49	NA	NA	NA	293
ENSMUST00000032961.4	ENSMUSG00000030717	-	3	0	1	1	130	14	14	NA	112
ENSMUST00000032956.10	ENSMUSG00000030714	+	10	1	8	0	116	NA	NA	22	75
ENSMUST00000106373.9	ENSMUSG00000030711	-	8	0	7	0	112	NA	NA	NA	17
ENSMUST00000130498.2	ENSMUSG00000047721	+	3	0	2	0	99	NA	NA	NA	63
ENSMUST00000038614.12	ENSMUSG00000042675	+	5	1	3	0	89	NA	NA	66	117
ENSMUST00000032936.8	ENSMUSG00000030697	-	9	1	7	0	129	NA	NA	65	98
ENSMUST00000032934.12	ENSMUSG00000030695	-	9	1	7	0	95	NA	NA	21	112
ENSMUST00000106343.3	ENSMUSG00000030689	-	7	0	6	0	221	NA	NA	NA	81
ENSMUST00000071268.11	ENSMUSG00000059981	-	19	1	17	0	518	NA	NA	35	132
ENSMUST00000121532.8	ENSMUSG00000060538	-	6	1	3	1	137	33	33	34	165
ENSMUST00000032924.6	ENSMUSG00000030685	+	6	0	5	0	236	NA	NA	NA	244
ENSMUST00000165096.10	ENSMUSG00000030681	-	15	1	13	0	131	NA	NA	25	125
ENSMUST00000205568.2	ENSMUSG00000030678	-	6	0	4	1	202	23	23	NA	192
ENSMUST00000166791.8	ENSMUSG00000042502	-	7	1	5	0	110	NA	NA	23	78
ENSMUST00000120705.3	ENSMUSG00000042492	-	9	0	8	0	641	NA	NA	NA	914
ENSMUST00000106312.4	ENSMUSG00000045598	+	2	1	0	0	1786	NA	NA	11	NA
ENSMUST00000120857.8	ENSMUSG00000030830	+	30	0	29	0	389	NA	NA	NA	55
ENSMUST00000060783.7	ENSMUSG00000047371	-	2	0	1	0	1618	NA	NA	NA	88
ENSMUST00000165495.2	ENSMUSG00000078580	-	3	0	2	0	1087	NA	NA	NA	184
ENSMUST00000053392.11	ENSMUSG00000048921	-	3	0	2	0	1183	NA	NA	NA	205
ENSMUST00000106292.8	ENSMUSG00000030822	+	13	2	10	0	276	NA	NA	49	23
ENSMUST00000205694.2	ENSMUSG00000030816	+	20	1	18	0	176	NA	NA	72	132
ENSMUST00000058038.12	ENSMUSG00000045639	-	3	1	1	0	2530	NA	NA	34	73
ENSMUST00000061468.9	ENSMUSG00000030814	-	6	0	5	0	125	NA	NA	NA	92
ENSMUST00000186207.7	ENSMUSG00000030811	+	11	1	9	0	178	NA	NA	24	177
ENSMUST00000061587.13	ENSMUSG00000043964	+	2	0	1	0	644	NA	NA	NA	228
ENSMUST00000047075.14	ENSMUSG00000042308	+	19	1	17	0	173	NA	NA	15	150
ENSMUST00000033075.14	ENSMUSG00000030805	+	11	0	9	1	83	16	16	NA	30
ENSMUST00000054415.12	ENSMUSG00000049728	-	3	1	1	0	1212	NA	NA	22	647
ENSMUST00000033074.8	ENSMUSG00000096145	-	3	0	2	0	202	NA	NA	NA	173
ENSMUST00000106251.10	ENSMUSG00000030795	+	15	0	14	0	39	NA	NA	NA	13
ENSMUST00000106226.9	ENSMUSG00000030846	-	12	0	11	0	126	NA	NA	NA	32
ENSMUST00000033136.9	ENSMUSG00000030847	+	4	0	3	0	806	NA	NA	NA	186
ENSMUST00000043138.13	ENSMUSG00000042105	+	20	0	19	0	1149	NA	NA	NA	97
ENSMUST00000057557.14	ENSMUSG00000048170	-	16	0	15	0	126	NA	NA	NA	58
ENSMUST00000042942.10	ENSMUSG00000055319	+	19	0	17	1	81	21	21	NA	157
ENSMUST00000084519.7	ENSMUSG00000042055	+	29	0	28	0	157	NA	NA	NA	86
ENSMUST00000216011.2	ENSMUSG00000030850	-	13	0	12	0	178	NA	NA	NA	106
ENSMUST00000160289.9	ENSMUSG00000040331	-	11	0	9	1	74	16	16	NA	283
ENSMUST00000046306.15	ENSMUSG00000040167	-	4	1	2	0	943	NA	NA	50	133
ENSMUST00000015829.15	ENSMUSG00000030861	+	11	0	10	0	70	NA	NA	NA	42
ENSMUST00000084502.7	ENSMUSG00000066979	+	8	0	6	0	9	NA	NA	0	195
ENSMUST00000084500.8	ENSMUSG00000030934	-	10	1	8	0	160	NA	NA	36	199
ENSMUST00000033241.6	ENSMUSG00000030946	+	7	0	6	0	96	NA	NA	NA	125
ENSMUST00000097999.9	ENSMUSG00000030956	-	5	1	3	0	359	NA	NA	172	78
ENSMUST00000033257.15	ENSMUSG00000030960	-	6	0	5	0	118	NA	NA	NA	110
ENSMUST00000106157.8	ENSMUSG00000030967	+	10	1	8	0	218	NA	NA	37	814
ENSMUST00000033269.15	ENSMUSG00000030970	-	11	2	8	0	180	NA	NA	102	58
ENSMUST00000051169.13	ENSMUSG00000039990	+	25	0	24	0	174	NA	NA	NA	111
ENSMUST00000067680.11	ENSMUSG00000054555	-	23	0	22	0	54	NA	NA	NA	91
ENSMUST00000084488.5	ENSMUSG00000058325	+	52	0	51	0	95	NA	NA	NA	46
ENSMUST00000209979.2	ENSMUSG00000041836	+	18	0	17	0	74	NA	NA	NA	35
ENSMUST00000081510.4	ENSMUSG00000054612	+	5	1	3	0	209	NA	NA	12	125
ENSMUST00000210774.2	ENSMUSG00000010476	-	16	0	15	0	31	NA	NA	NA	134
ENSMUST00000064404.8	ENSMUSG00000031068	+	11	0	10	0	50	NA	NA	NA	98
ENSMUST00000026551.15	ENSMUSG00000025478	+	14	0	13	0	91	NA	NA	NA	39
ENSMUST00000172136.9	ENSMUSG00000060260	+	3	0	1	1	1677	19	19	NA	125
ENSMUST00000106098.8	ENSMUSG00000025477	+	16	0	14	1	80	8	8	NA	75
ENSMUST00000026557.10	ENSMUSG00000025484	-	4	0	3	0	167	NA	NA	NA	19
ENSMUST00000026558.7	ENSMUSG00000025485	+	10	0	9	0	120	NA	NA	NA	84
ENSMUST00000026565.7	ENSMUSG00000025492	-	2	0	1	0	164	NA	NA	NA	249
ENSMUST00000048002.7	ENSMUSG00000055629	+	20	0	19	0	123	NA	NA	NA	151
ENSMUST00000026568.10	ENSMUSG00000025495	+	12	0	11	0	186	NA	NA	NA	116
ENSMUST00000106033.5	ENSMUSG00000038650	-	10	1	8	0	87	NA	NA	19	86
ENSMUST00000046890.12	ENSMUSG00000038618	+	6	1	4	0	31	NA	NA	7	124
ENSMUST00000106027.9	ENSMUSG00000038611	+	18	1	16	0	143	NA	NA	22	94
ENSMUST00000026577.13	ENSMUSG00000025504	+	21	1	19	0	113	NA	NA	38	44
ENSMUST00000106008.3	ENSMUSG00000051007	-	8	0	7	0	6	NA	NA	NA	64
ENSMUST00000019226.14	ENSMUSG00000019082	-	10	1	8	0	153	NA	NA	154	20
ENSMUST00000164016.8	ENSMUSG00000025509	+	9	0	8	0	279	NA	NA	NA	187
ENSMUST00000106000.10	ENSMUSG00000025510	+	8	2	5	0	146	NA	NA	7	84
ENSMUST00000026585.14	ENSMUSG00000025511	+	8	1	6	0	68	NA	NA	17	63
ENSMUST00000153191.8	ENSMUSG00000025512	-	13	1	11	0	98	NA	NA	44	111
ENSMUST00000003038.12	ENSMUSG00000002957	+	22	0	21	0	77	NA	NA	NA	67
ENSMUST00000001950.12	ENSMUSG00000025139	-	6	0	5	0	214	NA	NA	NA	33
ENSMUST00000209732.2	ENSMUSG00000025147	-	5	0	4	0	310	NA	NA	NA	110
ENSMUST00000039926.10	ENSMUSG00000037887	-	7	1	5	0	1170	NA	NA	92	231
ENSMUST00000038946.9	ENSMUSG00000018819	+	11	0	9	1	89	18	18	NA	62
ENSMUST00000037941.10	ENSMUSG00000037706	+	8	0	7	0	62	NA	NA	NA	66
ENSMUST00000037287.8	ENSMUSG00000037664	-	4	1	1	1	133	6	6	10	874
ENSMUST00000208190.2	ENSMUSG00000059119	-	15	1	13	0	38	NA	NA	17	14
ENSMUST00000010899.14	ENSMUSG00000010755	-	23	0	22	0	134	NA	NA	NA	25
ENSMUST00000119499.8	ENSMUSG00000037606	-	22	1	20	0	138	NA	NA	21	136
ENSMUST00000207143.2	ENSMUSG00000058454	+	9	1	7	0	464	NA	NA	68	3
ENSMUST00000103079.4	ENSMUSG00000031078	-	18	1	15	0	136	NA	NA	0	87
ENSMUST00000182226.8	ENSMUSG00000037519	-	31	0	29	1	58	13	13	NA	264
ENSMUST00000033394.8	ENSMUSG00000031077	-	2	0	1	0	331	NA	NA	NA	286
ENSMUST00000093962.5	ENSMUSG00000070348	-	5	0	4	0	164	NA	NA	NA	198
ENSMUST00000058022.6	ENSMUSG00000048677	-	25	0	24	0	78	NA	NA	NA	61
ENSMUST00000091291.5	ENSMUSG00000005534	-	21	0	20	0	354	NA	NA	NA	100
ENSMUST00000004684.13	ENSMUSG00000004568	+	20	1	18	0	163	NA	NA	74	68
ENSMUST00000004683.13	ENSMUSG00000004567	+	14	0	13	0	36	NA	NA	NA	31
ENSMUST00000111070.4	ENSMUSG00000004565	+	35	2	32	0	74	NA	NA	42	27
ENSMUST00000207432.2	ENSMUSG00000044433	+	19	0	18	0	305	NA	NA	NA	148
ENSMUST00000011981.5	ENSMUSG00000011837	+	5	0	4	0	325	NA	NA	NA	183
ENSMUST00000053252.9	ENSMUSG00000048644	-	2	1	0	0	266	NA	NA	18	NA
ENSMUST00000098950.6	ENSMUSG00000040028	-	6	1	4	0	324	NA	NA	16	172
ENSMUST00000008350.16	ENSMUSG00000008206	+	11	1	9	0	176	NA	NA	1	173
ENSMUST00000022945.9	ENSMUSG00000022322	-	13	0	12	0	313	NA	NA	NA	103
ENSMUST00000001319.15	ENSMUSG00000001300	-	5	0	4	0	388	NA	NA	NA	131
ENSMUST00000048545.10	ENSMUSG00000040459	-	4	0	3	0	164	NA	NA	NA	341
ENSMUST00000139793.8	ENSMUSG00000040396	+	3	2	0	0	1033	NA	NA	20	NA
ENSMUST00000040514.8	ENSMUSG00000038894	-	2	0	1	0	4	NA	NA	NA	3961
ENSMUST00000033898.10	ENSMUSG00000031502	-	52	0	51	0	81	NA	NA	NA	84
ENSMUST00000033899.14	ENSMUSG00000031503	+	48	1	46	0	257	NA	NA	45	44
ENSMUST00000033900.7	ENSMUSG00000031504	-	2	0	1	0	529	NA	NA	NA	172
ENSMUST00000049461.7	ENSMUSG00000056228	-	15	0	14	0	77	NA	NA	NA	179
ENSMUST00000054399.6	ENSMUSG00000045969	+	2	0	1	0	703	NA	NA	NA	136
ENSMUST00000033905.13	ENSMUSG00000031508	-	6	0	5	0	463	NA	NA	NA	207
ENSMUST00000110909.9	ENSMUSG00000031511	+	19	0	18	0	214	NA	NA	NA	165
ENSMUST00000000776.15	ENSMUSG00000000759	-	22	0	21	0	158	NA	NA	NA	76
ENSMUST00000033818.10	ENSMUSG00000031441	+	30	0	28	1	92	12	12	NA	39
ENSMUST00000110879.9	ENSMUSG00000031442	+	30	0	29	0	85	NA	NA	NA	79
ENSMUST00000033824.8	ENSMUSG00000031447	+	9	0	8	0	139	NA	NA	NA	46
ENSMUST00000210317.2	ENSMUSG00000038515	-	8	0	7	0	89	NA	NA	NA	47
ENSMUST00000045229.7	ENSMUSG00000038497	+	13	1	11	0	113	NA	NA	71	444
ENSMUST00000209885.2	ENSMUSG00000038482	+	12	1	10	0	147	NA	NA	63	12
ENSMUST00000117551.4	ENSMUSG00000031453	-	24	0	23	0	75	NA	NA	NA	55
ENSMUST00000043962.9	ENSMUSG00000038416	+	18	0	17	0	259	NA	NA	NA	48
ENSMUST00000051870.8	ENSMUSG00000047710	+	2	1	0	0	2454	NA	NA	46	NA
ENSMUST00000033839.9	ENSMUSG00000031458	-	4	0	3	0	169	NA	NA	NA	69
ENSMUST00000209913.2	ENSMUSG00000038365	+	11	1	9	0	89	NA	NA	7	134
ENSMUST00000027554.8	ENSMUSG00000026317	+	3	1	1	0	323	NA	NA	116	543
ENSMUST00000149565.8	ENSMUSG00000031467	+	8	0	7	0	225	NA	NA	NA	219
ENSMUST00000006742.11	ENSMUSG00000006567	-	21	0	20	0	273	NA	NA	NA	84
ENSMUST00000033865.16	ENSMUSG00000031478	-	16	1	14	0	105	NA	NA	54	117
ENSMUST00000033866.9	ENSMUSG00000031479	+	14	0	13	0	93	NA	NA	NA	96
ENSMUST00000069828.10	ENSMUSG00000031480	+	5	1	3	0	1378	NA	NA	85	58
ENSMUST00000033871.8	ENSMUSG00000031482	-	7	1	5	0	124	NA	NA	60	55
ENSMUST00000067786.9	ENSMUSG00000037656	+	11	1	9	0	173	NA	NA	265	289
ENSMUST00000009036.11	ENSMUSG00000008892	-	9	1	7	0	91	NA	NA	2	67
ENSMUST00000033938.7	ENSMUSG00000031536	-	14	0	13	0	94	NA	NA	NA	61
ENSMUST00000033939.13	ENSMUSG00000031537	-	22	1	20	0	68	NA	NA	18	105
ENSMUST00000033941.7	ENSMUSG00000031538	+	14	1	12	0	158	NA	NA	25	63
ENSMUST00000163739.3	ENSMUSG00000031539	-	9	1	7	0	100	NA	NA	70	273
ENSMUST00000110696.8	ENSMUSG00000031540	+	17	1	15	0	2653	NA	NA	314	600
ENSMUST00000167004.3	ENSMUSG00000031545	-	13	1	11	0	108	NA	NA	812	165
ENSMUST00000051094.9	ENSMUSG00000015341	-	6	1	3	1	47	16	16	22	111
ENSMUST00000033952.8	ENSMUSG00000031548	+	3	0	2	0	322	NA	NA	NA	544
ENSMUST00000208247.3	ENSMUSG00000031555	-	22	0	21	0	93	NA	NA	NA	97
ENSMUST00000064883.14	ENSMUSG00000031557	-	12	1	10	0	362	NA	NA	23	141
ENSMUST00000084512.11	ENSMUSG00000065954	-	11	0	10	0	68	NA	NA	NA	164
ENSMUST00000084027.13	ENSMUSG00000031565	+	18	1	16	0	176	NA	NA	88	91
ENSMUST00000139966.8	ENSMUSG00000054823	+	23	1	21	0	241	NA	NA	44	705
ENSMUST00000068916.16	ENSMUSG00000031570	+	7	0	6	0	160	NA	NA	NA	62
ENSMUST00000033975.9	ENSMUSG00000061313	-	18	1	15	1	81	27	27	6	220
ENSMUST00000038421.8	ENSMUSG00000037296	+	4	0	3	0	170	NA	NA	NA	46
ENSMUST00000166078.9	ENSMUSG00000031575	-	15	1	13	0	107	NA	NA	27	119
ENSMUST00000037609.8	ENSMUSG00000037260	-	18	0	17	0	181	NA	NA	NA	91
ENSMUST00000061850.5	ENSMUSG00000037251	-	5	3	1	0	770	NA	NA	8	279
ENSMUST00000016138.11	ENSMUSG00000015994	-	9	0	8	0	116	NA	NA	NA	200
ENSMUST00000153528.8	ENSMUSG00000013878	+	7	1	5	0	269	NA	NA	44	80
ENSMUST00000036807.13	ENSMUSG00000037214	+	3	0	2	0	365	NA	NA	NA	71
ENSMUST00000033873.9	ENSMUSG00000031483	+	12	1	10	0	203	NA	NA	15	107
ENSMUST00000033877.6	ENSMUSG00000031487	-	4	0	3	0	726	NA	NA	NA	154
ENSMUST00000033878.14	ENSMUSG00000031488	-	5	0	4	0	218	NA	NA	NA	377
ENSMUST00000033880.7	ENSMUSG00000031490	+	3	0	2	0	31	NA	NA	NA	142
ENSMUST00000217278.2	ENSMUSG00000039328	+	6	0	5	0	114	NA	NA	NA	25
ENSMUST00000209851.2	ENSMUSG00000031577	+	7	0	6	0	113	NA	NA	NA	650
ENSMUST00000033983.6	ENSMUSG00000031578	-	10	0	9	0	188	NA	NA	NA	15
ENSMUST00000066173.12	ENSMUSG00000046152	+	5	1	3	0	233	NA	NA	255	81
ENSMUST00000033991.13	ENSMUSG00000031583	-	34	1	32	0	122	NA	NA	27	78
ENSMUST00000009774.11	ENSMUSG00000009630	+	7	0	6	0	72	NA	NA	NA	102
ENSMUST00000095349.6	ENSMUSG00000052906	-	8	0	7	0	170	NA	NA	NA	88
ENSMUST00000170705.8	ENSMUSG00000031585	+	8	1	6	0	116	NA	NA	4	169
ENSMUST00000053251.12	ENSMUSG00000031586	-	8	0	6	1	62	7	7	NA	66
ENSMUST00000033910.9	ENSMUSG00000031513	-	4	0	3	0	116	NA	NA	NA	16
ENSMUST00000239436.2	ENSMUSG00000031532	+	6	0	5	0	25	NA	NA	NA	193
ENSMUST00000033930.5	ENSMUSG00000031530	+	4	0	3	0	385	NA	NA	NA	445
ENSMUST00000033929.6	ENSMUSG00000031529	-	27	0	26	0	86	NA	NA	NA	652
ENSMUST00000210337.2	ENSMUSG00000046794	+	2	1	0	0	879	NA	NA	25	NA
ENSMUST00000033927.8	ENSMUSG00000031527	-	7	0	6	0	242	NA	NA	NA	96
ENSMUST00000037666.6	ENSMUSG00000070056	+	3	0	2	0	33	NA	NA	NA	2986
ENSMUST00000239119.2	ENSMUSG00000039633	-	12	0	11	0	158	NA	NA	NA	688
ENSMUST00000033923.14	ENSMUSG00000031523	-	14	0	13	0	120	NA	NA	NA	37
ENSMUST00000068999.14	ENSMUSG00000039478	+	15	0	13	0	68	1	1	NA	360
ENSMUST00000034012.10	ENSMUSG00000031601	-	7	1	5	0	128	NA	NA	95	117
ENSMUST00000098817.4	ENSMUSG00000031600	+	12	0	10	0	80	1	1	NA	125
ENSMUST00000048898.17	ENSMUSG00000039431	-	14	0	13	0	362	NA	NA	NA	24
ENSMUST00000098816.10	ENSMUSG00000031596	+	12	1	10	0	196	NA	NA	16	376
ENSMUST00000051379.14	ENSMUSG00000045636	-	10	0	9	0	213	NA	NA	NA	121
ENSMUST00000045218.9	ENSMUSG00000031592	+	38	1	36	0	25	NA	NA	19	96
ENSMUST00000034000.15	ENSMUSG00000031591	-	14	0	13	0	89	NA	NA	NA	75
ENSMUST00000034056.12	ENSMUSG00000031639	-	7	3	3	0	228	NA	NA	9	444
ENSMUST00000171337.10	ENSMUSG00000031626	+	24	2	21	0	61	NA	NA	40	10
ENSMUST00000034053.7	ENSMUSG00000031636	+	7	0	6	0	189	NA	NA	NA	93
ENSMUST00000170416.8	ENSMUSG00000038291	-	18	0	17	0	80	NA	NA	NA	22
ENSMUST00000034048.13	ENSMUSG00000031631	+	5	1	3	0	127	NA	NA	16	1078
ENSMUST00000034049.5	ENSMUSG00000031633	-	4	0	3	0	157	NA	NA	NA	111
ENSMUST00000034046.13	ENSMUSG00000018796	+	21	1	19	0	140	NA	NA	32	195
ENSMUST00000034045.15	ENSMUSG00000031629	+	13	0	12	0	113	NA	NA	NA	41
ENSMUST00000040468.16	ENSMUSG00000038225	-	15	2	11	1	242	906	906	6	180
ENSMUST00000211115.2	ENSMUSG00000031628	+	7	1	5	0	229	NA	NA	15	53
ENSMUST00000034041.9	ENSMUSG00000031627	+	9	1	7	0	308	NA	NA	6	87
ENSMUST00000079195.6	ENSMUSG00000038143	-	4	0	3	0	195	NA	NA	NA	166
ENSMUST00000033973.14	ENSMUSG00000031568	+	8	0	7	0	32	NA	NA	NA	24
ENSMUST00000080353.3	ENSMUSG00000063049	-	2	0	1	0	670	NA	NA	NA	175
ENSMUST00000038738.7	ENSMUSG00000038069	-	3	0	2	0	8	NA	NA	NA	251
ENSMUST00000057561.9	ENSMUSG00000031563	-	23	0	22	0	66	NA	NA	NA	131
ENSMUST00000174278.9	ENSMUSG00000031562	+	6	1	4	0	78	NA	NA	24	108
ENSMUST00000033919.6	ENSMUSG00000031520	+	7	0	6	0	114	NA	NA	NA	147
ENSMUST00000067476.9	ENSMUSG00000054408	-	5	0	4	0	132	NA	NA	NA	143
ENSMUST00000033915.9	ENSMUSG00000031517	+	7	0	6	0	152	NA	NA	NA	37
ENSMUST00000034026.10	ENSMUSG00000031613	+	7	0	6	0	147	NA	NA	NA	93
ENSMUST00000040330.15	ENSMUSG00000038215	-	11	1	9	0	42	NA	NA	48	89
ENSMUST00000040218.13	ENSMUSG00000038206	+	6	1	4	0	187	NA	NA	8	329
ENSMUST00000034022.4	ENSMUSG00000031609	-	4	0	3	0	122	NA	NA	NA	315
ENSMUST00000067925.8	ENSMUSG00000054717	+	5	1	3	0	161	NA	NA	24	150
ENSMUST00000034021.12	ENSMUSG00000031608	-	12	0	11	0	137	NA	NA	NA	126
ENSMUST00000160719.8	ENSMUSG00000031647	+	3	1	1	0	931	NA	NA	132	298
ENSMUST00000004430.14	ENSMUSG00000004319	-	14	1	12	0	158	NA	NA	16	160
ENSMUST00000034065.14	ENSMUSG00000031644	+	33	1	31	0	13	NA	NA	31	117
ENSMUST00000034060.7	ENSMUSG00000031642	+	12	1	10	0	168	NA	NA	94	393
ENSMUST00000034015.11	ENSMUSG00000031604	-	6	1	4	0	195	NA	NA	30	255
ENSMUST00000034017.9	ENSMUSG00000031605	-	15	0	14	0	28	NA	NA	NA	26
ENSMUST00000118009.2	ENSMUSG00000014907	+	8	0	7	0	457	NA	NA	NA	680
ENSMUST00000093468.12	ENSMUSG00000030465	-	13	0	12	0	215	NA	NA	NA	35
ENSMUST00000066594.4	ENSMUSG00000053886	+	9	1	7	0	92	NA	NA	198	181
ENSMUST00000110242.8	ENSMUSG00000031864	+	18	0	17	0	156	NA	NA	NA	129
ENSMUST00000015712.15	ENSMUSG00000015568	+	10	0	9	0	0	NA	NA	NA	88
ENSMUST00000006435.8	ENSMUSG00000006273	+	14	0	13	0	139	NA	NA	NA	136
ENSMUST00000185176.8	ENSMUSG00000036306	-	4	1	2	0	656	NA	NA	133	345
ENSMUST00000212681.2	ENSMUSG00000059897	+	4	0	3	0	1137	NA	NA	NA	3
ENSMUST00000164890.8	ENSMUSG00000031861	+	4	1	1	1	313	1287	1287	9	733
ENSMUST00000065169.12	ENSMUSG00000036180	-	13	2	10	0	130	NA	NA	1	257
ENSMUST00000050561.13	ENSMUSG00000031858	-	19	0	18	0	74	NA	NA	NA	294
ENSMUST00000075724.9	ENSMUSG00000036120	-	9	1	7	0	70	NA	NA	8	187
ENSMUST00000095273.7	ENSMUSG00000071078	+	5	0	4	0	119	NA	NA	NA	38
ENSMUST00000002418.15	ENSMUSG00000002345	+	6	0	4	1	36	44	44	NA	37
ENSMUST00000002413.15	ENSMUSG00000002342	+	12	0	11	0	256	NA	NA	NA	3
ENSMUST00000110127.8	ENSMUSG00000002346	-	8	1	6	0	307	NA	NA	32	81
ENSMUST00000164403.8	ENSMUSG00000036054	+	10	1	8	0	120	NA	NA	15	112
ENSMUST00000215817.2	ENSMUSG00000058301	-	24	0	22	1	119	4	4	NA	216
ENSMUST00000076615.6	ENSMUSG00000003575	-	14	0	13	0	211	NA	NA	NA	126
ENSMUST00000093456.12	ENSMUSG00000055553	-	5	1	3	0	232	NA	NA	24	101
ENSMUST00000075491.14	ENSMUSG00000019428	+	9	1	7	0	86	NA	NA	23	262
ENSMUST00000019283.10	ENSMUSG00000019139	+	11	1	9	0	201	NA	NA	9	120
ENSMUST00000095267.8	ENSMUSG00000071076	+	1	0	0	0	NA	NA	NA	NA	NA
ENSMUST00000110093.9	ENSMUSG00000031840	+	5	0	3	0	190	NA	NA	0	228
ENSMUST00000038626.10	ENSMUSG00000035559	-	5	0	4	0	38	NA	NA	NA	187
ENSMUST00000002989.11	ENSMUSG00000002910	-	8	0	7	0	53	NA	NA	NA	274
ENSMUST00000007865.7	ENSMUSG00000007721	-	5	1	3	0	204	NA	NA	11	159
ENSMUST00000240722.1	ENSMUSG00000004677	+	41	1	38	1	47	81	81	55	840
ENSMUST00000002469.9	ENSMUSG00000002396	+	4	0	3	0	128	NA	NA	NA	311
ENSMUST00000002466.9	ENSMUSG00000002393	-	4	0	3	0	271	NA	NA	NA	281
ENSMUST00000008094.10	ENSMUSG00000007950	-	5	0	4	0	194	NA	NA	NA	10
ENSMUST00000124745.8	ENSMUSG00000074247	+	5	0	4	0	110	NA	NA	NA	3
ENSMUST00000093450.6	ENSMUSG00000034863	-	17	0	16	0	536	NA	NA	NA	106
ENSMUST00000007754.13	ENSMUSG00000007610	+	9	0	8	0	225	NA	NA	NA	53
ENSMUST00000047903.10	ENSMUSG00000034807	+	12	0	11	0	267	NA	NA	NA	245
ENSMUST00000093444.13	ENSMUSG00000070000	-	26	0	25	0	22	NA	NA	NA	27
ENSMUST00000003575.11	ENSMUSG00000031799	+	8	0	7	0	82	NA	NA	NA	132
ENSMUST00000067912.8	ENSMUSG00000055148	+	3	0	2	0	175	NA	NA	NA	72
ENSMUST00000163643.3	ENSMUSG00000006276	-	24	0	23	0	143	NA	NA	NA	33
ENSMUST00000212991.2	ENSMUSG00000052488	-	18	0	17	0	40	NA	NA	NA	25
ENSMUST00000152080.8	ENSMUSG00000019731	-	6	0	5	0	227	NA	NA	NA	421
ENSMUST00000058534.7	ENSMUSG00000045248	-	3	0	2	0	1619	NA	NA	NA	72
ENSMUST00000167290.8	ENSMUSG00000044600	-	5	0	4	0	15	NA	NA	NA	26
ENSMUST00000034244.9	ENSMUSG00000031791	+	6	0	5	0	224	NA	NA	NA	124
ENSMUST00000004497.11	ENSMUSG00000004383	-	15	1	13	0	197	NA	NA	82	106
ENSMUST00000041759.14	ENSMUSG00000034518	+	11	1	9	0	44	NA	NA	73	31
ENSMUST00000165630.3	ENSMUSG00000042870	+	15	0	14	0	154	NA	NA	NA	52
ENSMUST00000005548.8	ENSMUSG00000005413	+	5	0	4	0	133	NA	NA	NA	23
ENSMUST00000109913.9	ENSMUSG00000031618	+	9	1	7	0	155	NA	NA	2	1757
ENSMUST00000034030.15	ENSMUSG00000031617	-	10	0	9	0	817	NA	NA	NA	123
ENSMUST00000034029.8	ENSMUSG00000031616	-	8	1	6	0	140	NA	NA	55	420
ENSMUST00000034111.10	ENSMUSG00000031684	+	12	0	11	0	29	NA	NA	NA	100
ENSMUST00000130325.8	ENSMUSG00000031683	-	5	2	2	0	34	NA	NA	11	94
ENSMUST00000238669.2	ENSMUSG00000071064	+	14	0	13	0	819	NA	NA	NA	43
ENSMUST00000048718.4	ENSMUSG00000037022	-	7	1	5	0	287	NA	NA	48	430
ENSMUST00000066091.14	ENSMUSG00000031681	-	7	1	5	0	143	NA	NA	181	400
ENSMUST00000173078.8	ENSMUSG00000036990	+	21	0	20	0	1214	NA	NA	NA	159
ENSMUST00000080536.8	ENSMUSG00000058355	-	18	1	16	0	47	NA	NA	27	103
ENSMUST00000043359.9	ENSMUSG00000031715	-	24	0	23	0	65	NA	NA	NA	174
ENSMUST00000210676.2	ENSMUSG00000031714	-	11	0	10	0	158	NA	NA	NA	72
ENSMUST00000042724.8	ENSMUSG00000038250	-	10	0	9	0	161	NA	NA	NA	682
ENSMUST00000078525.7	ENSMUSG00000047747	+	7	0	6	0	118	NA	NA	NA	481
ENSMUST00000093393.5	ENSMUSG00000031709	+	21	0	20	0	716	NA	NA	NA	130
ENSMUST00000177594.8	ENSMUSG00000035151	-	9	1	7	0	145	NA	NA	6	142
ENSMUST00000036996.6	ENSMUSG00000033938	+	3	0	2	0	132	NA	NA	NA	112
ENSMUST00000005620.10	ENSMUSG00000005483	+	3	0	2	0	230	NA	NA	NA	211
ENSMUST00000019577.10	ENSMUSG00000019433	+	7	1	5	0	151	NA	NA	34	288
ENSMUST00000019576.15	ENSMUSG00000005481	+	11	1	9	0	16	NA	NA	4	208
ENSMUST00000075843.13	ENSMUSG00000002885	-	20	0	19	0	29	NA	NA	NA	31
ENSMUST00000045393.15	ENSMUSG00000013033	+	24	1	22	0	736	NA	NA	92	70
ENSMUST00000005607.9	ENSMUSG00000005470	+	4	0	3	0	206	NA	NA	NA	109
ENSMUST00000005606.8	ENSMUSG00000005469	+	10	0	9	0	125	NA	NA	NA	46
ENSMUST00000005600.6	ENSMUSG00000031706	+	21	1	19	0	169	NA	NA	41	298
ENSMUST00000040383.9	ENSMUSG00000036686	-	29	0	28	0	20	NA	NA	NA	60
ENSMUST00000039480.7	ENSMUSG00000035671	-	14	0	13	0	859	NA	NA	NA	138
ENSMUST00000098578.10	ENSMUSG00000004994	-	10	1	8	0	445	NA	NA	236	3
ENSMUST00000060427.6	ENSMUSG00000053560	-	1	0	0	0	NA	NA	NA	NA	NA
ENSMUST00000001975.6	ENSMUSG00000001910	-	6	1	4	0	262	NA	NA	8	904
ENSMUST00000109761.9	ENSMUSG00000003813	-	9	0	8	0	113	NA	NA	NA	72
ENSMUST00000003912.7	ENSMUSG00000003814	-	9	0	8	0	197	NA	NA	NA	91
ENSMUST00000109745.8	ENSMUSG00000003809	-	12	1	10	0	73	NA	NA	30	100
ENSMUST00000003910.13	ENSMUSG00000003812	+	6	0	5	0	346	NA	NA	NA	95
ENSMUST00000109734.8	ENSMUSG00000005161	+	6	1	4	0	85	NA	NA	90	103
ENSMUST00000064922.7	ENSMUSG00000052837	-	1	0	0	0	NA	NA	NA	NA	NA
ENSMUST00000064495.8	ENSMUSG00000052566	+	22	0	21	0	146	NA	NA	NA	45
ENSMUST00000211601.2	ENSMUSG00000031691	+	25	1	22	1	107	21	21	13	99
ENSMUST00000095220.4	ENSMUSG00000008167	+	10	0	9	0	74	NA	NA	NA	409
ENSMUST00000034131.10	ENSMUSG00000031696	-	17	0	16	0	179	NA	NA	NA	3
ENSMUST00000034136.12	ENSMUSG00000031700	+	12	1	10	0	90	NA	NA	22	243
ENSMUST00000034138.7	ENSMUSG00000031701	-	9	0	8	0	191	NA	NA	NA	78
ENSMUST00000109686.4	ENSMUSG00000036902	-	9	0	8	0	580	NA	NA	NA	139
ENSMUST00000249857.1	ENSMUSG00000036879	+	31	0	30	0	137	NA	NA	NA	76
ENSMUST00000045296.6	ENSMUSG00000036840	-	2	1	0	0	850	NA	NA	2	NA
ENSMUST00000034074.8	ENSMUSG00000031652	-	7	0	6	0	354	NA	NA	NA	198
ENSMUST00000095214.10	ENSMUSG00000036810	+	6	0	5	0	41	NA	NA	NA	25
ENSMUST00000034079.14	ENSMUSG00000031657	+	15	0	14	0	122	NA	NA	NA	138
ENSMUST00000169037.9	ENSMUSG00000031659	+	28	3	24	0	146	NA	NA	250	171
ENSMUST00000034085.8	ENSMUSG00000031660	-	17	0	16	0	55	NA	NA	NA	49
ENSMUST00000209532.2	ENSMUSG00000036712	+	18	1	16	0	184	NA	NA	150	504
ENSMUST00000034090.8	ENSMUSG00000031665	-	4	1	2	0	440	NA	NA	17	76
ENSMUST00000048665.8	ENSMUSG00000056608	+	40	2	37	0	869	NA	NA	165	1449
ENSMUST00000034091.8	ENSMUSG00000031666	+	22	0	21	0	170	NA	NA	NA	231
ENSMUST00000120213.9	ENSMUSG00000031667	-	11	2	8	0	107	NA	NA	70	42
ENSMUST00000047783.14	ENSMUSG00000033282	-	26	1	24	0	112	NA	NA	7	85
ENSMUST00000069718.15	ENSMUSG00000055932	+	9	0	8	0	153	NA	NA	NA	45
ENSMUST00000034184.12	ENSMUSG00000031737	+	3	0	2	0	802	NA	NA	NA	246
ENSMUST00000034187.9	ENSMUSG00000031740	+	13	0	12	0	103	NA	NA	NA	153
ENSMUST00000046290.3	ENSMUSG00000033192	+	14	0	13	0	184	NA	NA	NA	171
ENSMUST00000034198.15	ENSMUSG00000031748	+	9	0	7	1	187	29	29	NA	118
ENSMUST00000053766.14	ENSMUSG00000031751	-	14	0	13	0	147	NA	NA	NA	243
ENSMUST00000034204.11	ENSMUSG00000031754	-	7	0	6	0	21	NA	NA	NA	116
ENSMUST00000109556.9	ENSMUSG00000033009	+	13	0	12	0	161	NA	NA	NA	154
ENSMUST00000034214.8	ENSMUSG00000031762	+	3	0	2	0	91	NA	NA	NA	28
ENSMUST00000161576.8	ENSMUSG00000031770	+	8	0	7	0	164	NA	NA	NA	147
ENSMUST00000048653.10	ENSMUSG00000034361	+	16	1	14	0	107	NA	NA	38	180
ENSMUST00000034226.8	ENSMUSG00000031774	-	8	2	5	0	220	NA	NA	11	127
ENSMUST00000060389.10	ENSMUSG00000050079	+	15	1	13	0	96	NA	NA	152	350
ENSMUST00000034228.16	ENSMUSG00000031776	+	6	0	5	0	101	NA	NA	NA	38
ENSMUST00000034227.6	ENSMUSG00000031775	-	4	0	3	0	116	NA	NA	NA	135
ENSMUST00000034230.7	ENSMUSG00000031778	+	3	0	2	0	996	NA	NA	NA	70
ENSMUST00000162538.9	ENSMUSG00000031781	-	9	1	7	0	110	NA	NA	29	157
ENSMUST00000034234.15	ENSMUSG00000031782	+	9	0	8	0	35	NA	NA	NA	76
ENSMUST00000109521.4	ENSMUSG00000031783	+	9	0	8	0	144	NA	NA	NA	86
ENSMUST00000212810.2	ENSMUSG00000040631	-	8	0	7	0	118	NA	NA	NA	66
ENSMUST00000034239.9	ENSMUSG00000031787	+	20	1	18	0	132	NA	NA	256	40
ENSMUST00000034240.15	ENSMUSG00000031788	-	20	1	17	1	4	23	23	39	166
ENSMUST00000057717.8	ENSMUSG00000046556	-	2	1	0	0	1984	NA	NA	239	NA
ENSMUST00000034245.16	ENSMUSG00000031792	+	7	0	6	0	104	NA	NA	NA	104
ENSMUST00000034243.7	ENSMUSG00000031790	+	10	0	9	0	415	NA	NA	NA	150
ENSMUST00000034249.8	ENSMUSG00000031796	-	6	0	5	0	5	NA	NA	NA	84
ENSMUST00000056919.9	ENSMUSG00000046707	-	12	0	10	1	76	18	18	NA	104
ENSMUST00000034094.11	ENSMUSG00000031669	+	3	0	2	0	230	NA	NA	NA	186
ENSMUST00000073139.14	ENSMUSG00000036564	+	15	0	14	0	154	NA	NA	NA	21
ENSMUST00000098473.11	ENSMUSG00000036550	-	49	1	47	0	78	NA	NA	173	102
ENSMUST00000040481.4	ENSMUSG00000036534	-	12	2	9	0	102	NA	NA	118	270
ENSMUST00000034097.8	ENSMUSG00000031672	-	10	0	9	0	122	NA	NA	NA	89
ENSMUST00000050211.7	ENSMUSG00000035824	-	10	0	9	0	98	NA	NA	NA	133
ENSMUST00000212081.2	ENSMUSG00000031875	+	6	1	4	0	34	NA	NA	69	147
ENSMUST00000179802.2	ENSMUSG00000096188	-	4	0	3	0	164	NA	NA	NA	186
ENSMUST00000034349.10	ENSMUSG00000031878	-	20	0	19	0	109	NA	NA	NA	53
ENSMUST00000059588.8	ENSMUSG00000048371	+	2	1	0	0	1639	NA	NA	41	NA
ENSMUST00000052209.9	ENSMUSG00000031885	+	6	0	5	0	68	NA	NA	NA	78
ENSMUST00000034361.10	ENSMUSG00000031889	+	16	0	15	0	86	NA	NA	NA	64
ENSMUST00000014920.8	ENSMUSG00000014776	+	4	1	2	0	7	NA	NA	2	295
ENSMUST00000015003.10	ENSMUSG00000014859	+	10	0	9	0	115	NA	NA	NA	135
ENSMUST00000014922.5	ENSMUSG00000014778	-	22	0	21	0	82	NA	NA	NA	201
ENSMUST00000013304.8	ENSMUSG00000013160	-	8	0	7	0	161	NA	NA	NA	130
ENSMUST00000043531.10	ENSMUSG00000038604	+	22	1	20	0	97	NA	NA	23	104
ENSMUST00000005841.16	ENSMUSG00000005698	+	12	2	9	0	184	NA	NA	9	781
ENSMUST00000013299.11	ENSMUSG00000013155	-	7	0	6	0	160	NA	NA	NA	85
ENSMUST00000239468.2	ENSMUSG00000037415	-	14	0	13	0	130	NA	NA	NA	235
ENSMUST00000040445.9	ENSMUSG00000036442	+	1	0	0	0	NA	NA	NA	NA	NA
ENSMUST00000049699.9	ENSMUSG00000048310	+	3	1	1	0	317	NA	NA	70	957
ENSMUST00000034375.11	ENSMUSG00000031901	+	16	1	14	0	237	NA	NA	16	126
ENSMUST00000109308.3	ENSMUSG00000031902	+	10	0	9	0	124	NA	NA	NA	103
ENSMUST00000034377.8	ENSMUSG00000031903	+	6	0	5	0	511	NA	NA	NA	127
ENSMUST00000034378.5	ENSMUSG00000031904	+	10	1	8	0	94	NA	NA	36	523
ENSMUST00000035925.7	ENSMUSG00000033106	-	5	0	4	0	127	NA	NA	NA	195
ENSMUST00000071592.12	ENSMUSG00000060098	+	18	1	16	0	170	NA	NA	101	95
ENSMUST00000080797.8	ENSMUSG00000061048	+	16	0	15	0	209	NA	NA	NA	48
ENSMUST00000000312.12	ENSMUSG00000000303	+	16	0	15	0	209	NA	NA	NA	48
ENSMUST00000048359.5	ENSMUSG00000041949	+	18	0	17	0	176	NA	NA	NA	103
ENSMUST00000177068.8	ENSMUSG00000046691	-	4	1	2	0	224	NA	NA	33	23
ENSMUST00000047629.7	ENSMUSG00000041438	+	17	1	15	0	116	NA	NA	2	159
ENSMUST00000212524.2	ENSMUSG00000041308	+	7	0	6	0	92	NA	NA	NA	520
ENSMUST00000034388.10	ENSMUSG00000031913	+	11	0	10	0	101	NA	NA	NA	21
ENSMUST00000095517.12	ENSMUSG00000031916	-	5	0	4	0	322	NA	NA	NA	395
ENSMUST00000034400.5	ENSMUSG00000031924	+	5	0	4	0	90	NA	NA	NA	162
ENSMUST00000003947.9	ENSMUSG00000003849	-	6	0	5	0	305	NA	NA	NA	7
ENSMUST00000166615.3	ENSMUSG00000031930	+	24	1	22	0	99	NA	NA	15	70
ENSMUST00000044106.6	ENSMUSG00000039067	-	7	0	6	0	435	NA	NA	NA	74
ENSMUST00000123605.9	ENSMUSG00000031730	-	9	0	8	0	54	NA	NA	NA	21
ENSMUST00000034164.6	ENSMUSG00000031729	-	10	1	8	0	193	NA	NA	15	88
ENSMUST00000093162.4	ENSMUSG00000069895	-	4	3	0	0	2177	NA	NA	114	NA
ENSMUST00000093157.13	ENSMUSG00000031731	+	24	1	22	0	101	NA	NA	3	201
ENSMUST00000056972.6	ENSMUSG00000046441	+	2	1	0	0	2323	NA	NA	20	NA
ENSMUST00000034190.11	ENSMUSG00000010936	+	19	0	18	0	162	NA	NA	NA	104
ENSMUST00000042012.7	ENSMUSG00000033732	-	26	1	24	0	140	NA	NA	67	70
ENSMUST00000034197.5	ENSMUSG00000031749	+	7	1	5	0	173	NA	NA	954	339
ENSMUST00000040416.8	ENSMUSG00000015023	-	12	0	11	0	61	NA	NA	NA	57
ENSMUST00000040241.15	ENSMUSG00000033658	-	12	0	11	0	61	NA	NA	NA	57
ENSMUST00000034441.8	ENSMUSG00000031960	+	21	1	19	0	185	NA	NA	21	144
ENSMUST00000039333.10	ENSMUSG00000033624	+	18	1	16	0	404	NA	NA	53	224
ENSMUST00000169020.8	ENSMUSG00000003316	-	26	0	25	0	167	NA	NA	NA	426
ENSMUST00000038739.5	ENSMUSG00000033596	-	13	0	12	0	143	NA	NA	NA	46
ENSMUST00000056157.14	ENSMUSG00000012519	-	11	1	9	0	52	NA	NA	2	431
ENSMUST00000034437.8	ENSMUSG00000031959	-	27	0	26	0	235	NA	NA	NA	54
ENSMUST00000172856.8	ENSMUSG00000033545	+	6	1	3	1	57	35	35	904	424
ENSMUST00000070004.4	ENSMUSG00000031958	-	11	0	10	0	165	NA	NA	NA	72
ENSMUST00000034432.7	ENSMUSG00000031954	-	7	0	6	0	90	NA	NA	NA	64
ENSMUST00000034431.3	ENSMUSG00000031953	-	3	0	2	0	130	NA	NA	NA	133
ENSMUST00000034429.9	ENSMUSG00000031951	-	7	0	6	0	177	NA	NA	NA	139
ENSMUST00000034428.8	ENSMUSG00000031950	+	4	0	3	0	90	NA	NA	NA	34
ENSMUST00000034427.12	ENSMUSG00000031949	-	10	1	8	0	138	NA	NA	39	169
ENSMUST00000179926.9	ENSMUSG00000078908	+	6	1	4	0	200	NA	NA	10	148
ENSMUST00000073521.12	ENSMUSG00000031767	+	4	0	3	0	362	NA	NA	NA	35
ENSMUST00000004756.14	ENSMUSG00000004637	+	9	0	8	0	188	NA	NA	NA	107
ENSMUST00000069009.7	ENSMUSG00000055435	-	3	0	1	1	33	28	28	NA	1109
ENSMUST00000109102.4	ENSMUSG00000031758	-	7	0	6	0	158	NA	NA	NA	24
ENSMUST00000148235.8	ENSMUSG00000014633	-	4	1	2	0	86	NA	NA	26	81
ENSMUST00000109099.4	ENSMUSG00000047388	+	4	0	3	0	1806	NA	NA	NA	324
ENSMUST00000166750.9	ENSMUSG00000034390	+	21	0	20	0	53	NA	NA	NA	300
ENSMUST00000034300.8	ENSMUSG00000031839	+	4	0	2	1	118	3	3	NA	45
ENSMUST00000098362.11	ENSMUSG00000031835	-	24	2	21	0	196	NA	NA	323	163
ENSMUST00000036049.6	ENSMUSG00000034189	-	5	1	3	0	98	NA	NA	6	220
ENSMUST00000034285.14	ENSMUSG00000031827	-	4	0	3	0	110	NA	NA	NA	77
ENSMUST00000034287.10	ENSMUSG00000031828	+	5	1	3	0	552	NA	NA	17	60
ENSMUST00000144458.8	ENSMUSG00000031826	+	14	0	13	0	187	NA	NA	NA	21
ENSMUST00000034282.16	ENSMUSG00000031825	+	15	1	13	0	54	NA	NA	78	240
ENSMUST00000034280.9	ENSMUSG00000031823	-	8	2	5	0	176	NA	NA	16	315
ENSMUST00000034279.16	ENSMUSG00000031822	+	16	0	15	0	134	NA	NA	NA	37
ENSMUST00000034278.6	ENSMUSG00000031821	-	5	0	4	0	125	NA	NA	NA	90
ENSMUST00000034277.14	ENSMUSG00000031819	-	5	0	4	0	159	NA	NA	NA	222
ENSMUST00000116415.9	ENSMUSG00000031816	-	9	0	7	1	440	5	5	NA	16
ENSMUST00000059018.14	ENSMUSG00000052934	-	9	0	8	0	222	NA	NA	NA	298
ENSMUST00000034270.17	ENSMUSG00000031812	+	4	0	3	0	174	NA	NA	NA	40
ENSMUST00000046386.5	ENSMUSG00000061410	-	13	0	12	0	55	NA	NA	NA	588
ENSMUST00000045557.10	ENSMUSG00000040010	-	10	0	9	0	55	NA	NA	NA	541
ENSMUST00000173254.8	ENSMUSG00000025316	+	12	0	11	0	71	NA	NA	NA	70
ENSMUST00000014614.4	ENSMUSG00000014470	-	6	0	5	0	65	NA	NA	NA	155
ENSMUST00000116412.8	ENSMUSG00000049482	+	15	0	14	0	60	NA	NA	NA	68
ENSMUST00000067252.14	ENSMUSG00000014444	-	51	0	50	0	249	NA	NA	NA	64
ENSMUST00000098333.5	ENSMUSG00000035569	-	13	0	12	0	185	NA	NA	NA	87
ENSMUST00000000759.9	ENSMUSG00000000743	-	7	0	6	0	21	NA	NA	NA	7
ENSMUST00000166768.3	ENSMUSG00000033594	-	2	0	1	0	977	NA	NA	NA	303
ENSMUST00000118279.2	ENSMUSG00000001062	-	15	0	14	0	93	NA	NA	NA	99
ENSMUST00000001092.15	ENSMUSG00000001065	+	11	0	10	0	270	NA	NA	NA	208
ENSMUST00000010298.7	ENSMUSG00000010154	+	15	0	14	0	222	NA	NA	NA	256
ENSMUST00000071134.4	ENSMUSG00000062380	+	4	0	3	0	1075	NA	NA	NA	57
ENSMUST00000065534.10	ENSMUSG00000001482	+	12	1	10	0	102	NA	NA	10	115
ENSMUST00000118535.9	ENSMUSG00000019478	+	8	0	6	1	115	18	18	NA	31
ENSMUST00000034452.12	ENSMUSG00000031971	-	3	0	2	0	176	NA	NA	NA	316
ENSMUST00000075578.7	ENSMUSG00000031974	-	13	0	12	0	267	NA	NA	NA	412
ENSMUST00000093039.6	ENSMUSG00000038697	-	5	1	3	0	797	NA	NA	3	142
ENSMUST00000034457.9	ENSMUSG00000031976	+	9	0	8	0	197	NA	NA	NA	126
ENSMUST00000034458.9	ENSMUSG00000089704	+	16	0	15	0	155	NA	NA	NA	123
ENSMUST00000140012.8	ENSMUSG00000050751	-	7	0	6	0	195	NA	NA	NA	328
ENSMUST00000034460.11	ENSMUSG00000031979	+	18	0	17	0	101	NA	NA	NA	72
ENSMUST00000098312.4	ENSMUSG00000074030	-	1	0	0	0	NA	NA	NA	NA	NA
ENSMUST00000034469.7	ENSMUSG00000031987	-	5	0	4	0	55	NA	NA	NA	822
ENSMUST00000075896.7	ENSMUSG00000056820	+	6	0	5	0	377	NA	NA	NA	16
ENSMUST00000108775.2	ENSMUSG00000001995	-	21	0	20	0	146	NA	NA	NA	1486
ENSMUST00000046765.10	ENSMUSG00000033998	+	3	0	2	0	259	NA	NA	NA	355
ENSMUST00000059093.7	ENSMUSG00000051671	+	2	0	1	0	95	NA	NA	NA	144
ENSMUST00000054960.9	ENSMUSG00000051495	-	2	0	1	0	715	NA	NA	NA	997
ENSMUST00000179857.3	ENSMUSG00000093904	-	5	0	4	0	44	NA	NA	NA	121
ENSMUST00000160272.8	ENSMUSG00000025812	+	25	0	24	0	342	NA	NA	NA	120
ENSMUST00000026917.10	ENSMUSG00000025810	+	17	0	16	0	289	NA	NA	NA	73
ENSMUST00000090006.12	ENSMUSG00000025809	+	16	0	14	0	65	NA	NA	0	67
ENSMUST00000051589.9	ENSMUSG00000025894	-	6	0	5	0	164	NA	NA	NA	183
ENSMUST00000049648.9	ENSMUSG00000025893	+	3	1	1	0	1602	NA	NA	24	221
ENSMUST00000212075.2	ENSMUSG00000041124	+	3	1	1	0	575	NA	NA	144	462
ENSMUST00000027009.11	ENSMUSG00000025887	+	11	0	9	1	98	21	21	NA	7
ENSMUST00000168039.8	ENSMUSG00000032006	+	7	0	6	0	125	NA	NA	NA	124
ENSMUST00000052865.16	ENSMUSG00000050912	+	5	0	4	0	24	NA	NA	NA	91
ENSMUST00000190341.7	ENSMUSG00000057367	-	8	1	6	0	193	NA	NA	901	974
ENSMUST00000086580.12	ENSMUSG00000053110	-	8	0	7	0	235	NA	NA	NA	276
ENSMUST00000093893.12	ENSMUSG00000050730	-	23	0	22	0	88	NA	NA	NA	154
ENSMUST00000110582.4	ENSMUSG00000079083	-	1	0	0	0	NA	NA	NA	NA	NA
ENSMUST00000159294.9	ENSMUSG00000031925	+	5	0	4	0	1012	NA	NA	NA	498
ENSMUST00000034396.14	ENSMUSG00000031918	+	15	0	14	0	161	NA	NA	NA	80
ENSMUST00000034398.12	ENSMUSG00000031922	-	11	0	10	0	233	NA	NA	NA	45
ENSMUST00000059579.12	ENSMUSG00000037808	+	10	0	9	0	89	NA	NA	NA	87
ENSMUST00000208222.2	ENSMUSG00000032009	+	10	0	9	0	86	NA	NA	NA	78
ENSMUST00000167549.2	ENSMUSG00000037419	-	2	0	1	0	1205	NA	NA	NA	300
ENSMUST00000013220.8	ENSMUSG00000013076	-	13	0	12	0	106	NA	NA	NA	49
ENSMUST00000216372.2	ENSMUSG00000031931	-	3	1	1	0	461	NA	NA	93	255
ENSMUST00000164273.9	ENSMUSG00000031934	-	5	0	4	0	79	NA	NA	NA	181
ENSMUST00000034411.10	ENSMUSG00000031935	-	12	0	11	0	211	NA	NA	NA	244
ENSMUST00000034415.6	ENSMUSG00000031939	+	7	1	5	0	112	NA	NA	26	68
ENSMUST00000215907.2	ENSMUSG00000058173	+	3	2	0	0	260	NA	NA	81	NA
ENSMUST00000061568.9	ENSMUSG00000043885	+	11	0	10	0	304	NA	NA	NA	46
ENSMUST00000001825.9	ENSMUSG00000001774	+	11	0	10	0	143	NA	NA	NA	64
ENSMUST00000208694.2	ENSMUSG00000057551	+	9	3	5	0	1346	NA	NA	158	31
ENSMUST00000148631.8	ENSMUSG00000066892	-	4	1	2	0	821	NA	NA	2009	86
ENSMUST00000129414.9	ENSMUSG00000084786	+	5	1	3	0	43	NA	NA	11	56
ENSMUST00000034689.8	ENSMUSG00000032171	+	4	0	3	0	109	NA	NA	NA	58
ENSMUST00000004202.17	ENSMUSG00000004099	-	39	0	38	0	40	NA	NA	NA	80
ENSMUST00000054197.7	ENSMUSG00000043895	-	2	1	0	0	1098	NA	NA	40	NA
ENSMUST00000019615.11	ENSMUSG00000019471	-	8	0	7	0	155	NA	NA	NA	102
ENSMUST00000003395.10	ENSMUSG00000032177	+	10	0	9	0	650	NA	NA	NA	66
ENSMUST00000065005.5	ENSMUSG00000002820	+	10	0	9	0	182	NA	NA	NA	235
ENSMUST00000215619.2	ENSMUSG00000096472	-	2	0	1	0	359	NA	NA	NA	141
ENSMUST00000034697.8	ENSMUSG00000057193	+	22	0	21	0	106	NA	NA	NA	37
ENSMUST00000072362.14	ENSMUSG00000033335	+	21	0	20	0	69	NA	NA	NA	161
ENSMUST00000034698.9	ENSMUSG00000032180	-	4	0	3	0	218	NA	NA	NA	183
ENSMUST00000034703.15	ENSMUSG00000032185	+	16	0	15	0	139	NA	NA	NA	223
ENSMUST00000078572.9	ENSMUSG00000032182	-	10	1	7	1	113	13	13	30	31
ENSMUST00000098948.10	ENSMUSG00000032187	+	34	1	32	0	32	NA	NA	28	222
ENSMUST00000034713.9	ENSMUSG00000032193	+	18	0	17	0	35	NA	NA	NA	67
ENSMUST00000034717.7	ENSMUSG00000032194	-	12	1	10	0	53	NA	NA	78	37
ENSMUST00000217336.2	ENSMUSG00000032198	-	50	0	49	0	42	NA	NA	NA	44
ENSMUST00000046831.11	ENSMUSG00000040883	-	4	1	2	0	305	NA	NA	9	100
ENSMUST00000046371.13	ENSMUSG00000040563	+	10	2	7	0	343	NA	NA	14	66
ENSMUST00000166335.2	ENSMUSG00000013822	-	2	0	1	0	135	NA	NA	NA	116
ENSMUST00000069330.14	ENSMUSG00000001348	-	5	0	3	0	242	NA	NA	0	267
ENSMUST00000040912.9	ENSMUSG00000036777	-	24	0	23	0	123	NA	NA	NA	18
ENSMUST00000039798.16	ENSMUSG00000035919	+	22	1	20	0	31	NA	NA	11	112
ENSMUST00000008573.9	ENSMUSG00000008429	-	8	0	7	0	161	NA	NA	NA	147
ENSMUST00000165594.4	ENSMUSG00000001833	+	14	0	13	0	39	NA	NA	NA	61
ENSMUST00000060513.8	ENSMUSG00000031969	-	11	0	10	0	52	NA	NA	NA	103
ENSMUST00000034470.11	ENSMUSG00000031988	-	6	0	5	0	146	NA	NA	NA	223
ENSMUST00000164099.3	ENSMUSG00000031993	+	11	0	10	0	132	NA	NA	NA	1689
ENSMUST00000217092.2	ENSMUSG00000047412	+	5	0	4	0	282	NA	NA	NA	1018
ENSMUST00000072634.15	ENSMUSG00000031996	-	17	0	16	0	101	NA	NA	NA	105
ENSMUST00000086167.12	ENSMUSG00000042185	+	26	1	24	0	125	NA	NA	38	135
ENSMUST00000016231.14	ENSMUSG00000016087	-	9	0	8	0	529	NA	NA	NA	18
ENSMUST00000034534.13	ENSMUSG00000032035	+	8	0	7	0	212	NA	NA	NA	82
ENSMUST00000034537.8	ENSMUSG00000032038	-	11	1	9	0	86	NA	NA	60	16
ENSMUST00000034539.12	ENSMUSG00000032040	-	6	0	5	0	272	NA	NA	NA	198
ENSMUST00000175765.8	ENSMUSG00000032041	-	7	4	2	0	19	NA	NA	68	91
ENSMUST00000034541.12	ENSMUSG00000032042	+	14	0	13	0	128	NA	NA	NA	117
ENSMUST00000121564.8	ENSMUSG00000050471	-	10	3	6	0	13	NA	NA	7	86
ENSMUST00000119129.10	ENSMUSG00000038119	+	20	1	18	0	163	NA	NA	60	73
ENSMUST00000172702.9	ENSMUSG00000032113	-	12	0	11	0	95	NA	NA	NA	65
ENSMUST00000120381.9	ENSMUSG00000032116	-	18	1	16	0	38	NA	NA	39	88
ENSMUST00000163192.11	ENSMUSG00000062762	-	11	1	9	0	162	NA	NA	68	42
ENSMUST00000034632.10	ENSMUSG00000032121	+	4	1	2	0	134	NA	NA	1	110
ENSMUST00000037275.6	ENSMUSG00000034303	-	16	0	15	0	3	NA	NA	NA	33
ENSMUST00000065668.12	ENSMUSG00000053310	-	4	0	1	2	221	6	24	NA	15
ENSMUST00000002013.11	ENSMUSG00000001948	-	5	1	3	0	146	NA	NA	29	154
ENSMUST00000215474.2	ENSMUSG00000001942	+	10	0	9	0	227	NA	NA	NA	67
ENSMUST00000001544.12	ENSMUSG00000023186	+	20	2	17	0	79	NA	NA	15	43
ENSMUST00000026693.14	ENSMUSG00000025602	+	7	1	5	0	973	NA	NA	94	402
ENSMUST00000045682.7	ENSMUSG00000040111	-	20	0	19	0	89	NA	NA	NA	377
ENSMUST00000034522.8	ENSMUSG00000032024	+	7	0	6	0	303	NA	NA	NA	25
ENSMUST00000044155.15	ENSMUSG00000032020	-	14	0	13	0	137	NA	NA	NA	128
ENSMUST00000052725.15	ENSMUSG00000032018	-	6	2	3	0	455	NA	NA	8	210
ENSMUST00000125995.8	ENSMUSG00000037287	-	8	1	6	0	318	NA	NA	17	133
ENSMUST00000165665.9	ENSMUSG00000059495	-	41	0	40	0	10	NA	NA	NA	32
ENSMUST00000034512.7	ENSMUSG00000032014	-	4	0	3	0	265	NA	NA	NA	267
ENSMUST00000034510.9	ENSMUSG00000032012	+	6	0	5	0	544	NA	NA	NA	79
ENSMUST00000114840.2	ENSMUSG00000032011	+	4	1	2	0	112	NA	NA	25	37
ENSMUST00000034508.14	ENSMUSG00000032010	+	13	1	11	0	87	NA	NA	41	816
ENSMUST00000034650.15	ENSMUSG00000032135	+	16	0	15	0	29	NA	NA	NA	67
ENSMUST00000206720.2	ENSMUSG00000034342	-	16	0	15	0	292	NA	NA	NA	189
ENSMUST00000216508.2	ENSMUSG00000032119	-	10	1	8	0	384	NA	NA	9	169
ENSMUST00000065080.10	ENSMUSG00000032120	-	14	0	13	0	211	NA	NA	NA	354
ENSMUST00000054708.5	ENSMUSG00000032123	+	9	0	8	0	65	NA	NA	NA	167
ENSMUST00000077353.15	ENSMUSG00000032126	-	14	0	13	0	173	NA	NA	NA	33
ENSMUST00000034644.10	ENSMUSG00000032127	-	16	0	15	0	164	NA	NA	NA	187
ENSMUST00000066601.13	ENSMUSG00000032115	+	26	1	24	0	61	NA	NA	7	91
ENSMUST00000034623.8	ENSMUSG00000032112	-	5	0	4	0	78	NA	NA	NA	175
ENSMUST00000218183.2	ENSMUSG00000063382	+	10	2	7	0	1087	NA	NA	76	26
ENSMUST00000170489.2	ENSMUSG00000032097	+	14	1	11	1	175	8	8	270	200
ENSMUST00000138356.8	ENSMUSG00000048537	-	23	0	22	0	140	NA	NA	NA	60
ENSMUST00000034607.10	ENSMUSG00000032096	-	10	0	9	0	89	NA	NA	NA	3
ENSMUST00000002100.8	ENSMUSG00000002032	-	9	1	7	0	73	NA	NA	24	70
ENSMUST00000117549.8	ENSMUSG00000059890	-	20	1	18	0	126	NA	NA	40	121
ENSMUST00000034600.5	ENSMUSG00000032092	+	6	0	4	1	63	10	10	NA	58
ENSMUST00000213154.2	ENSMUSG00000043987	-	32	0	31	0	105	NA	NA	NA	82
ENSMUST00000034591.11	ENSMUSG00000032086	+	9	0	8	0	241	NA	NA	NA	261
ENSMUST00000161203.8	ENSMUSG00000042790	-	15	1	13	0	65	NA	NA	7	107
ENSMUST00000039059.8	ENSMUSG00000035382	+	17	2	14	0	317	NA	NA	12	465
ENSMUST00000034590.4	ENSMUSG00000032085	-	5	1	3	0	144	NA	NA	12	180
ENSMUST00000038488.17	ENSMUSG00000034908	-	26	0	25	0	62	NA	NA	NA	183
ENSMUST00000172450.3	ENSMUSG00000003131	-	6	1	4	0	278	NA	NA	7	81
ENSMUST00000126865.8	ENSMUSG00000034135	+	25	0	23	1	154	14	14	NA	273
ENSMUST00000074957.5	ENSMUSG00000032077	+	10	0	9	0	93	NA	NA	NA	143
ENSMUST00000152459.8	ENSMUSG00000032076	+	12	0	11	0	118	NA	NA	NA	133
ENSMUST00000170000.4	ENSMUSG00000042396	-	5	0	4	0	359	NA	NA	NA	96
ENSMUST00000034808.12	ENSMUSG00000032271	-	3	0	2	0	432	NA	NA	NA	154
ENSMUST00000193547.6	ENSMUSG00000039542	-	18	0	17	0	120	NA	NA	NA	52
ENSMUST00000214117.2	ENSMUSG00000039217	+	6	1	4	0	224	NA	NA	5	76
ENSMUST00000000175.6	ENSMUSG00000000171	-	4	0	3	0	165	NA	NA	NA	52
ENSMUST00000044051.6	ENSMUSG00000039016	+	2	0	1	0	167	NA	NA	NA	84
ENSMUST00000034567.4	ENSMUSG00000000168	-	14	0	13	0	129	NA	NA	NA	276
ENSMUST00000117646.8	ENSMUSG00000032064	-	20	0	19	0	80	NA	NA	NA	60
ENSMUST00000114437.9	ENSMUSG00000032058	+	15	0	14	0	16	NA	NA	NA	114
ENSMUST00000176824.8	ENSMUSG00000037112	-	15	0	14	0	636	NA	NA	NA	135
ENSMUST00000098782.4	ENSMUSG00000060594	-	8	0	7	0	360	NA	NA	NA	85
ENSMUST00000034552.8	ENSMUSG00000032051	-	4	0	3	0	114	NA	NA	NA	197
ENSMUST00000163153.9	ENSMUSG00000032050	+	14	1	12	0	164	NA	NA	60	12
ENSMUST00000213645.2	ENSMUSG00000035164	-	6	0	5	0	1396	NA	NA	NA	24
ENSMUST00000065630.8	ENSMUSG00000053289	-	18	0	17	0	177	NA	NA	NA	186
ENSMUST00000035850.8	ENSMUSG00000033054	+	18	0	17	0	77	NA	NA	NA	37
ENSMUST00000034547.6	ENSMUSG00000032047	-	12	0	11	0	120	NA	NA	NA	63
ENSMUST00000034529.14	ENSMUSG00000032030	-	19	0	18	0	194	NA	NA	NA	249
ENSMUST00000118163.8	ENSMUSG00000041268	-	44	0	43	0	209	NA	NA	NA	87
ENSMUST00000041901.7	ENSMUSG00000037493	-	6	0	5	0	21	NA	NA	NA	51
ENSMUST00000120452.8	ENSMUSG00000032285	+	8	1	6	0	215	NA	NA	7	132
ENSMUST00000051822.13	ENSMUSG00000061559	-	11	1	9	0	89	NA	NA	39	12
ENSMUST00000034843.9	ENSMUSG00000032293	+	22	0	21	0	110	NA	NA	NA	19
ENSMUST00000039742.8	ENSMUSG00000035878	+	5	1	3	0	460	NA	NA	5	346
ENSMUST00000059555.15	ENSMUSG00000032307	+	13	0	12	0	31	NA	NA	NA	192
ENSMUST00000034859.15	ENSMUSG00000032309	+	7	0	6	0	417	NA	NA	NA	137
ENSMUST00000037408.9	ENSMUSG00000034007	-	31	0	30	0	103	NA	NA	NA	6
ENSMUST00000114276.3	ENSMUSG00000032320	+	7	0	6	0	152	NA	NA	NA	153
ENSMUST00000034876.10	ENSMUSG00000032324	-	7	0	6	0	92	NA	NA	NA	63
ENSMUST00000034879.5	ENSMUSG00000032329	+	10	1	7	1	136	7	7	4	89
ENSMUST00000035661.7	ENSMUSG00000032911	+	10	0	9	0	1834	NA	NA	NA	88
ENSMUST00000050916.7	ENSMUSG00000032733	-	2	0	1	0	253	NA	NA	NA	1471
ENSMUST00000034827.10	ENSMUSG00000032288	+	1	0	0	0	NA	NA	NA	NA	NA
ENSMUST00000068856.5	ENSMUSG00000055334	+	9	1	7	0	311	NA	NA	5	158
ENSMUST00000034832.8	ENSMUSG00000032290	+	13	0	12	0	214	NA	NA	NA	63
ENSMUST00000168177.8	ENSMUSG00000042557	+	21	1	19	0	230	NA	NA	32	189
ENSMUST00000160147.8	ENSMUSG00000032295	+	26	0	25	0	126	NA	NA	NA	101
ENSMUST00000046587.8	ENSMUSG00000040722	-	7	1	5	0	194	NA	NA	48	7
ENSMUST00000080514.9	ENSMUSG00000062309	+	1	0	0	0	NA	NA	NA	NA	NA
ENSMUST00000000090.8	ENSMUSG00000000088	+	5	0	3	1	113	11	11	NA	88
ENSMUST00000114200.10	ENSMUSG00000032305	+	5	0	4	0	164	NA	NA	NA	214
ENSMUST00000034856.15	ENSMUSG00000032306	-	8	0	7	0	218	NA	NA	NA	16
ENSMUST00000045791.11	ENSMUSG00000040188	+	9	0	8	0	134	NA	NA	NA	57
ENSMUST00000053230.7	ENSMUSG00000032308	+	16	0	15	0	16	NA	NA	NA	102
ENSMUST00000034863.8	ENSMUSG00000032312	-	13	1	11	0	182	NA	NA	62	15
ENSMUST00000043990.14	ENSMUSG00000038957	+	7	1	5	0	334	NA	NA	17	164
ENSMUST00000065330.8	ENSMUSG00000032316	-	13	0	11	0	176	NA	NA	0	152
ENSMUST00000098686.4	ENSMUSG00000004661	-	8	1	6	0	172	NA	NA	71	546
ENSMUST00000216925.2	ENSMUSG00000055720	+	11	1	9	0	137	NA	NA	29	184
ENSMUST00000043059.9	ENSMUSG00000038264	+	14	0	13	0	361	NA	NA	NA	178
ENSMUST00000085673.11	ENSMUSG00000036986	-	9	0	8	0	766	NA	NA	NA	150
ENSMUST00000034883.7	ENSMUSG00000032333	+	7	0	6	0	193	NA	NA	NA	133
ENSMUST00000061799.10	ENSMUSG00000032334	-	7	0	6	0	6	NA	NA	NA	1201
ENSMUST00000165365.3	ENSMUSG00000035914	-	8	1	6	0	22	NA	NA	195	79
ENSMUST00000068664.7	ENSMUSG00000032340	-	29	0	28	0	83	NA	NA	NA	163
ENSMUST00000217570.2	ENSMUSG00000025236	+	7	0	6	0	551	NA	NA	NA	233
ENSMUST00000026265.8	ENSMUSG00000025235	-	16	0	15	0	112	NA	NA	NA	24
ENSMUST00000026262.8	ENSMUSG00000025232	+	14	0	13	0	63	NA	NA	NA	253
ENSMUST00000050483.15	ENSMUSG00000025237	+	24	2	21	0	102	NA	NA	192	3
ENSMUST00000034834.16	ENSMUSG00000032294	+	11	1	9	0	106	NA	NA	13	154
ENSMUST00000051039.5	ENSMUSG00000051705	-	2	1	0	0	701	NA	NA	36	NA
ENSMUST00000050183.7	ENSMUSG00000034485	+	19	0	18	0	71	NA	NA	NA	84
ENSMUST00000160882.8	ENSMUSG00000032280	+	20	0	19	0	107	NA	NA	NA	24
ENSMUST00000034815.9	ENSMUSG00000032254	-	23	0	22	0	15	NA	NA	NA	11
ENSMUST00000034785.8	ENSMUSG00000032252	-	3	0	2	0	1024	NA	NA	NA	586
ENSMUST00000085519.13	ENSMUSG00000032249	+	7	0	6	0	61	NA	NA	NA	54
ENSMUST00000048043.12	ENSMUSG00000041729	-	12	0	11	0	131	NA	NA	NA	15
ENSMUST00000034775.10	ENSMUSG00000032244	-	2	0	1	0	1635	NA	NA	NA	248
ENSMUST00000034776.13	ENSMUSG00000032245	+	7	0	6	0	270	NA	NA	NA	74
ENSMUST00000034920.11	ENSMUSG00000058444	-	22	0	21	0	104	NA	NA	NA	135
ENSMUST00000041551.9	ENSMUSG00000037257	+	10	0	9	0	77	NA	NA	NA	73
ENSMUST00000034973.10	ENSMUSG00000032402	-	9	0	8	0	123	NA	NA	NA	206
ENSMUST00000041029.6	ENSMUSG00000036867	-	4	0	3	0	532	NA	NA	NA	820
ENSMUST00000005066.9	ENSMUSG00000004936	-	11	0	10	0	113	NA	NA	NA	80
ENSMUST00000216594.2	ENSMUSG00000032397	+	8	0	6	0	163	NA	NA	0	130
ENSMUST00000172298.8	ENSMUSG00000004771	-	5	0	4	0	139	NA	NA	NA	40
ENSMUST00000038890.6	ENSMUSG00000053641	+	34	3	30	0	136	NA	NA	21	311
ENSMUST00000170517.9	ENSMUSG00000034263	+	13	2	10	0	242	NA	NA	56	222
ENSMUST00000036615.7	ENSMUSG00000033629	-	11	0	10	0	76	NA	NA	NA	87
ENSMUST00000034960.14	ENSMUSG00000032393	+	21	1	19	0	122	NA	NA	121	16
ENSMUST00000216702.2	ENSMUSG00000032392	+	7	1	5	0	135	NA	NA	110	174
ENSMUST00000113824.8	ENSMUSG00000015357	+	13	0	12	0	90	NA	NA	NA	79
ENSMUST00000048184.4	ENSMUSG00000041837	+	5	0	4	0	123	NA	NA	NA	867
ENSMUST00000074792.7	ENSMUSG00000059183	+	9	0	8	0	200	NA	NA	NA	194
ENSMUST00000034955.8	ENSMUSG00000032388	+	9	1	7	0	116	NA	NA	24	63
ENSMUST00000068944.9	ENSMUSG00000050721	-	6	0	5	0	1001	NA	NA	NA	12
ENSMUST00000055844.10	ENSMUSG00000032387	+	8	0	6	1	62	8	8	NA	69
ENSMUST00000159109.2	ENSMUSG00000040524	-	10	1	7	1	73	6	6	127	747
ENSMUST00000119245.8	ENSMUSG00000032386	-	16	3	12	0	67	NA	NA	219	101
ENSMUST00000034949.10	ENSMUSG00000032384	+	14	2	11	0	54	NA	NA	212	181
ENSMUST00000034947.7	ENSMUSG00000032383	+	5	0	4	0	122	NA	NA	NA	135
ENSMUST00000034946.15	ENSMUSG00000032382	-	15	0	14	0	50	NA	NA	NA	159
ENSMUST00000034945.6	ENSMUSG00000032381	+	5	0	4	0	97	NA	NA	NA	124
ENSMUST00000127569.8	ENSMUSG00000032376	-	15	0	14	0	165	NA	NA	NA	91
ENSMUST00000071889.13	ENSMUSG00000032373	+	11	0	10	0	69	NA	NA	NA	85
ENSMUST00000040917.14	ENSMUSG00000036781	+	4	0	3	0	28	NA	NA	NA	6
ENSMUST00000215784.2	ENSMUSG00000052698	-	59	3	55	0	128	NA	NA	30	142
ENSMUST00000113624.3	ENSMUSG00000032238	+	10	0	9	0	164	NA	NA	NA	28
ENSMUST00000034761.15	ENSMUSG00000032235	+	16	1	14	0	128	NA	NA	101	41
ENSMUST00000034756.15	ENSMUSG00000032231	+	13	1	11	0	59	NA	NA	17	48
ENSMUST00000085393.13	ENSMUSG00000011958	+	10	1	8	0	51	NA	NA	57	50
ENSMUST00000118198.8	ENSMUSG00000033543	+	5	1	3	0	25	NA	NA	47	72
ENSMUST00000034745.9	ENSMUSG00000032220	+	28	0	27	0	76	NA	NA	NA	3
ENSMUST00000034739.12	ENSMUSG00000032217	-	15	2	12	0	117	NA	NA	19	874
ENSMUST00000049263.9	ENSMUSG00000032212	+	21	0	20	0	108	NA	NA	NA	162
ENSMUST00000049031.6	ENSMUSG00000042444	-	9	0	8	0	128	NA	NA	NA	774
ENSMUST00000067880.13	ENSMUSG00000054693	+	16	0	15	0	94	NA	NA	NA	55
ENSMUST00000034723.6	ENSMUSG00000013584	+	14	0	12	1	72	17	17	NA	117
ENSMUST00000034720.12	ENSMUSG00000032199	-	4	0	3	0	143	NA	NA	NA	113
ENSMUST00000072899.9	ENSMUSG00000032232	-	19	1	17	0	132	NA	NA	15	1590
ENSMUST00000183404.8	ENSMUSG00000032228	-	21	1	18	1	142	12	12	22	75
ENSMUST00000184125.8	ENSMUSG00000090626	-	12	0	11	0	77	NA	NA	NA	27
ENSMUST00000034740.15	ENSMUSG00000032216	+	29	0	28	0	102	NA	NA	NA	57
ENSMUST00000038489.6	ENSMUSG00000034910	+	3	0	2	0	1118	NA	NA	NA	49
ENSMUST00000184035.8	ENSMUSG00000079469	-	13	0	11	1	143	4	4	NA	130
ENSMUST00000184146.8	ENSMUSG00000032202	+	7	2	4	0	198	NA	NA	22	153
ENSMUST00000034738.14	ENSMUSG00000032215	+	6	0	5	0	73	NA	NA	NA	81
ENSMUST00000081746.7	ENSMUSG00000034858	+	12	0	11	0	153	NA	NA	NA	37
ENSMUST00000168166.8	ENSMUSG00000007656	+	4	1	2	0	170	NA	NA	10	45
ENSMUST00000155282.9	ENSMUSG00000034593	+	41	0	40	0	152	NA	NA	NA	27
ENSMUST00000213990.2	ENSMUSG00000032192	+	13	1	11	0	11	NA	NA	16	126
ENSMUST00000168937.8	ENSMUSG00000042688	-	6	1	4	0	1095	NA	NA	618	555
ENSMUST00000048937.6	ENSMUSG00000042487	+	12	0	11	0	104	NA	NA	NA	58
ENSMUST00000072232.9	ENSMUSG00000058587	-	10	1	8	0	34	NA	NA	41	126
ENSMUST00000098552.10	ENSMUSG00000032186	-	10	1	8	0	34	NA	NA	67	126
ENSMUST00000183873.8	ENSMUSG00000032352	-	14	0	13	0	158	NA	NA	NA	159
ENSMUST00000034905.9	ENSMUSG00000032350	+	16	0	15	0	211	NA	NA	NA	150
ENSMUST00000034904.14	ENSMUSG00000032349	+	8	1	6	0	143	NA	NA	8	58
ENSMUST00000001402.14	ENSMUSG00000001366	-	13	0	12	0	108	NA	NA	NA	6
ENSMUST00000042235.15	ENSMUSG00000037742	-	8	1	6	0	124	NA	NA	34	144
ENSMUST00000052441.12	ENSMUSG00000049624	-	11	0	10	0	137	NA	NA	NA	94
ENSMUST00000071750.13	ENSMUSG00000032332	-	66	1	64	0	10	NA	NA	35	73
ENSMUST00000034881.8	ENSMUSG00000032330	-	4	0	3	0	58	NA	NA	NA	18
ENSMUST00000034878.12	ENSMUSG00000032328	-	7	0	6	0	193	NA	NA	NA	237
ENSMUST00000165607.9	ENSMUSG00000034252	+	24	0	23	0	212	NA	NA	NA	49
ENSMUST00000184480.8	ENSMUSG00000033577	+	36	1	34	0	199	NA	NA	25	117
ENSMUST00000034787.12	ENSMUSG00000032253	-	40	0	39	0	637	NA	NA	NA	40
ENSMUST00000162246.9	ENSMUSG00000066456	-	6	0	5	0	38	NA	NA	NA	15
ENSMUST00000034793.15	ENSMUSG00000032258	-	8	1	6	0	25	NA	NA	170	199
ENSMUST00000113215.10	ENSMUSG00000032261	+	4	0	3	0	11	NA	NA	NA	45
ENSMUST00000034796.14	ENSMUSG00000032262	-	6	0	5	0	269	NA	NA	NA	100
ENSMUST00000070326.14	ENSMUSG00000038379	+	22	1	20	0	83	NA	NA	18	136
ENSMUST00000190637.7	ENSMUSG00000032263	+	11	0	9	1	140	9	9	NA	190
ENSMUST00000039213.15	ENSMUSG00000035941	-	29	1	27	0	131	NA	NA	364	321
ENSMUST00000006559.14	ENSMUSG00000035274	+	2	1	0	0	1609	NA	NA	329	NA
ENSMUST00000034986.14	ENSMUSG00000032415	-	10	0	9	0	20	NA	NA	NA	77
ENSMUST00000070064.11	ENSMUSG00000056131	-	13	1	11	0	89	NA	NA	2	204
ENSMUST00000034989.15	ENSMUSG00000032418	-	14	0	13	0	170	NA	NA	NA	78
ENSMUST00000168529.9	ENSMUSG00000032872	+	16	0	15	0	54	NA	NA	NA	75
ENSMUST00000093802.6	ENSMUSG00000056919	-	27	1	25	0	206	NA	NA	60	57
ENSMUST00000034992.8	ENSMUSG00000032420	+	9	0	8	0	163	NA	NA	NA	345
ENSMUST00000173801.8	ENSMUSG00000032423	-	11	1	9	0	591	NA	NA	12	148
ENSMUST00000058488.9	ENSMUSG00000032353	-	3	0	2	0	236	NA	NA	NA	180
ENSMUST00000034915.15	ENSMUSG00000032359	+	12	0	11	0	75	NA	NA	NA	85
ENSMUST00000169860.8	ENSMUSG00000062270	-	12	0	11	0	84	NA	NA	NA	40
ENSMUST00000093801.10	ENSMUSG00000032369	+	9	1	7	0	59	NA	NA	14	13
ENSMUST00000034941.9	ENSMUSG00000032377	+	9	1	7	0	47	NA	NA	21	7
ENSMUST00000160359.2	ENSMUSG00000032374	+	20	0	19	0	155	NA	NA	NA	109
ENSMUST00000113028.2	ENSMUSG00000045414	-	3	0	2	0	331	NA	NA	NA	657
ENSMUST00000033463.10	ENSMUSG00000031129	+	16	0	15	0	227	NA	NA	NA	175
ENSMUST00000079659.12	ENSMUSG00000032407	-	28	0	27	0	138	NA	NA	NA	45
ENSMUST00000015498.9	ENSMUSG00000015354	+	9	0	8	0	130	NA	NA	NA	80
ENSMUST00000189137.7	ENSMUSG00000032839	-	13	0	12	0	227	NA	NA	NA	220
ENSMUST00000190665.2	ENSMUSG00000032410	+	24	0	23	0	165	NA	NA	NA	75
ENSMUST00000085217.12	ENSMUSG00000041440	+	16	0	15	0	148	NA	NA	NA	162
ENSMUST00000188750.7	ENSMUSG00000032411	+	14	2	11	0	183	NA	NA	90	15
ENSMUST00000034983.7	ENSMUSG00000032412	-	7	0	6	0	170	NA	NA	NA	109
ENSMUST00000034984.8	ENSMUSG00000032413	-	24	0	23	0	30	NA	NA	NA	130
ENSMUST00000152594.8	ENSMUSG00000040433	-	6	4	0	0	3593	NA	NA	0	NA
ENSMUST00000112951.9	ENSMUSG00000043587	-	7	2	4	0	937	NA	NA	53	79
ENSMUST00000085206.11	ENSMUSG00000032449	-	7	0	6	0	193	NA	NA	NA	41
ENSMUST00000052068.11	ENSMUSG00000046402	+	4	0	3	0	53	NA	NA	NA	73
ENSMUST00000112911.9	ENSMUSG00000032463	+	6	1	4	0	149	NA	NA	13	44
ENSMUST00000035037.14	ENSMUSG00000032462	-	24	2	21	0	137	NA	NA	34	153
ENSMUST00000093795.10	ENSMUSG00000056267	+	18	1	16	0	61	NA	NA	91	9
ENSMUST00000035045.15	ENSMUSG00000032470	-	6	1	4	0	99	NA	NA	17	193
ENSMUST00000035043.12	ENSMUSG00000032468	-	22	0	21	0	33	NA	NA	NA	45
ENSMUST00000066650.12	ENSMUSG00000032469	+	8	0	7	0	711	NA	NA	NA	197
ENSMUST00000112885.9	ENSMUSG00000037784	+	17	2	14	0	164	NA	NA	75	501
ENSMUST00000116522.8	ENSMUSG00000032475	-	4	1	2	0	194	NA	NA	18	226
ENSMUST00000129269.8	ENSMUSG00000037286	+	34	1	32	0	23	NA	NA	73	29
ENSMUST00000035116.12	ENSMUSG00000032527	-	15	0	14	0	121	NA	NA	NA	189
ENSMUST00000085177.5	ENSMUSG00000066415	+	2	0	1	0	1591	NA	NA	NA	142
ENSMUST00000075941.12	ENSMUSG00000043154	-	14	1	12	0	126	NA	NA	440	1992
ENSMUST00000162655.9	ENSMUSG00000032534	-	13	1	11	0	158	NA	NA	25	44
ENSMUST00000035121.14	ENSMUSG00000032531	+	10	1	8	0	58	NA	NA	62	734
ENSMUST00000175883.8	ENSMUSG00000032547	+	15	0	14	0	111	NA	NA	NA	184
ENSMUST00000035148.13	ENSMUSG00000032548	+	14	0	13	0	120	NA	NA	NA	96
ENSMUST00000035155.8	ENSMUSG00000032549	+	8	0	7	0	64	NA	NA	NA	70
ENSMUST00000035157.10	ENSMUSG00000032553	-	7	0	6	0	213	NA	NA	NA	148
ENSMUST00000190226.7	ENSMUSG00000032803	-	5	1	3	0	150	NA	NA	66	11
ENSMUST00000035166.12	ENSMUSG00000032557	-	12	0	11	0	83	NA	NA	NA	155
ENSMUST00000035170.13	ENSMUSG00000032560	-	56	1	54	0	106	NA	NA	13	68
ENSMUST00000035177.15	ENSMUSG00000032563	+	10	0	9	0	152	NA	NA	NA	92
ENSMUST00000035181.10	ENSMUSG00000032567	+	5	1	3	0	315	NA	NA	18	1296
ENSMUST00000112558.10	ENSMUSG00000032570	-	28	1	26	0	130	NA	NA	62	6
ENSMUST00000036382.13	ENSMUSG00000020258	-	4	0	3	0	866	NA	NA	NA	377
ENSMUST00000020490.13	ENSMUSG00000020257	+	9	0	8	0	29	NA	NA	NA	161
ENSMUST00000141118.9	ENSMUSG00000032786	-	11	1	9	0	160	NA	NA	21	199
ENSMUST00000172306.3	ENSMUSG00000053716	+	3	0	2	0	307	NA	NA	NA	526
ENSMUST00000024031.13	ENSMUSG00000023262	-	15	1	13	0	164	NA	NA	15	94
ENSMUST00000216130.2	ENSMUSG00000042073	+	4	1	2	0	179	NA	NA	17	211
ENSMUST00000024260.14	ENSMUSG00000023495	+	13	1	11	0	288	NA	NA	64	81
ENSMUST00000047721.10	ENSMUSG00000041506	+	15	0	14	0	93	NA	NA	NA	87
ENSMUST00000169068.8	ENSMUSG00000040813	-	6	2	3	0	280	NA	NA	38	258
ENSMUST00000046502.7	ENSMUSG00000040661	-	22	1	20	0	994	NA	NA	52	142
ENSMUST00000055843.9	ENSMUSG00000074102	-	1	0	0	0	NA	NA	NA	NA	NA
ENSMUST00000159283.8	ENSMUSG00000032575	-	4	0	3	0	184	NA	NA	NA	85
ENSMUST00000035194.8	ENSMUSG00000032577	-	11	1	9	0	152	NA	NA	52	225
ENSMUST00000085102.6	ENSMUSG00000032578	+	3	0	2	0	532	NA	NA	NA	20
ENSMUST00000010189.3	ENSMUSG00000010045	+	2	0	1	0	201	NA	NA	NA	851
ENSMUST00000041459.9	ENSMUSG00000037190	-	3	0	2	0	503	NA	NA	NA	127
ENSMUST00000093786.9	ENSMUSG00000010067	+	6	0	5	0	146	NA	NA	NA	250
ENSMUST00000010198.5	ENSMUSG00000010054	+	3	0	2	0	65	NA	NA	NA	146
ENSMUST00000010195.14	ENSMUSG00000010051	+	4	0	3	0	314	NA	NA	NA	60
ENSMUST00000010192.11	ENSMUSG00000010048	+	12	0	11	0	80	NA	NA	NA	58
ENSMUST00000102532.10	ENSMUSG00000057969	-	20	3	16	0	404	NA	NA	78	109
ENSMUST00000192615.6	ENSMUSG00000032562	-	9	0	7	1	190	24	24	NA	118
ENSMUST00000167868.8	ENSMUSG00000010064	-	15	0	14	0	104	NA	NA	NA	101
ENSMUST00000080560.9	ENSMUSG00000034684	-	18	1	16	0	410	NA	NA	49	112
ENSMUST00000183032.8	ENSMUSG00000032582	-	21	1	19	0	125	NA	NA	67	44
ENSMUST00000049348.9	ENSMUSG00000032586	+	15	0	14	0	122	NA	NA	NA	98
ENSMUST00000035216.11	ENSMUSG00000032596	+	24	0	23	0	129	NA	NA	NA	29
ENSMUST00000035214.11	ENSMUSG00000032594	+	6	1	4	0	509	NA	NA	125	223
ENSMUST00000112295.9	ENSMUSG00000070284	+	9	0	8	0	131	NA	NA	NA	129
ENSMUST00000162355.8	ENSMUSG00000041528	-	39	1	37	0	120	NA	NA	94	82
ENSMUST00000191899.6	ENSMUSG00000039952	-	4	2	1	0	2402	NA	NA	119	279
ENSMUST00000035227.8	ENSMUSG00000032606	+	6	0	5	0	41	NA	NA	NA	132
ENSMUST00000192886.6	ENSMUSG00000039461	-	3	0	2	0	42	NA	NA	NA	223
ENSMUST00000007959.14	ENSMUSG00000007815	+	6	2	3	0	173	NA	NA	2	156
ENSMUST00000035237.12	ENSMUSG00000032612	+	22	0	21	0	158	NA	NA	NA	101
ENSMUST00000193286.6	ENSMUSG00000032609	-	11	6	4	0	196	NA	NA	140	376
ENSMUST00000061209.7	ENSMUSG00000049305	+	2	1	0	0	1353	NA	NA	52	NA
ENSMUST00000006854.13	ENSMUSG00000006676	+	27	1	25	0	227	NA	NA	136	124
ENSMUST00000006838.16	ENSMUSG00000032604	+	24	0	23	0	50	NA	NA	NA	117
ENSMUST00000112155.9	ENSMUSG00000006673	+	10	1	8	0	192	NA	NA	21	309
ENSMUST00000081111.14	ENSMUSG00000062867	+	14	0	13	0	21	NA	NA	NA	98
ENSMUST00000068700.7	ENSMUSG00000066357	-	6	0	5	0	463	NA	NA	NA	100
ENSMUST00000013338.14	ENSMUSG00000064145	-	16	2	13	0	71	NA	NA	91	252
ENSMUST00000035222.6	ENSMUSG00000032602	+	9	0	8	0	62	NA	NA	NA	105
ENSMUST00000035220.12	ENSMUSG00000032601	+	11	0	10	0	133	NA	NA	NA	256
ENSMUST00000085018.6	ENSMUSG00000032599	+	6	0	5	0	500	NA	NA	NA	202
ENSMUST00000035218.9	ENSMUSG00000032598	+	13	0	12	0	203	NA	NA	NA	171
ENSMUST00000198140.5	ENSMUSG00000025648	+	14	0	13	0	59	NA	NA	NA	97
ENSMUST00000112059.10	ENSMUSG00000025647	+	6	0	5	0	58	NA	NA	NA	70
ENSMUST00000167504.3	ENSMUSG00000091537	-	4	0	3	0	34	NA	NA	NA	16
ENSMUST00000072093.13	ENSMUSG00000053646	+	38	2	35	0	104	NA	NA	6	1107
ENSMUST00000035053.12	ENSMUSG00000032478	+	7	2	4	0	175	NA	NA	7	90
ENSMUST00000094324.8	ENSMUSG00000032477	+	15	0	14	0	140	NA	NA	NA	170
ENSMUST00000035055.15	ENSMUSG00000032479	+	19	1	17	0	7	NA	NA	19	223
ENSMUST00000088716.12	ENSMUSG00000032481	+	28	0	27	0	94	NA	NA	NA	192
ENSMUST00000199592.5	ENSMUSG00000054836	+	7	0	6	0	128	NA	NA	NA	54
ENSMUST00000040021.12	ENSMUSG00000036057	-	25	0	24	0	479	NA	NA	NA	84
ENSMUST00000198164.5	ENSMUSG00000054792	-	10	0	9	0	386	NA	NA	NA	129
ENSMUST00000249998.1	ENSMUSG00000044791	+	21	2	18	0	161	NA	NA	264	4022
ENSMUST00000098340.7	ENSMUSG00000032497	+	14	2	11	0	110	NA	NA	53	90
ENSMUST00000111861.4	ENSMUSG00000032504	-	18	0	17	0	174	NA	NA	NA	209
ENSMUST00000163895.3	ENSMUSG00000033392	+	34	0	33	0	86	NA	NA	NA	34
ENSMUST00000035090.14	ENSMUSG00000032507	-	15	0	14	0	107	NA	NA	NA	3
ENSMUST00000084881.5	ENSMUSG00000032431	-	7	0	6	0	53	NA	NA	NA	468
ENSMUST00000111820.4	ENSMUSG00000079260	+	2	1	0	0	1457	NA	NA	114	NA
ENSMUST00000070117.8	ENSMUSG00000056167	-	20	0	18	1	154	23	23	NA	22
ENSMUST00000047404.7	ENSMUSG00000032435	+	13	0	12	0	112	NA	NA	NA	146
ENSMUST00000035007.10	ENSMUSG00000032434	+	4	0	3	0	137	NA	NA	NA	138
ENSMUST00000146623.8	ENSMUSG00000050627	-	8	0	7	0	96	NA	NA	NA	47
ENSMUST00000183104.8	ENSMUSG00000040875	+	12	0	11	0	44	NA	NA	NA	287
ENSMUST00000035010.10	ENSMUSG00000032437	-	16	0	15	0	80	NA	NA	NA	305
ENSMUST00000035014.8	ENSMUSG00000032440	-	7	0	6	0	179	NA	NA	NA	94
ENSMUST00000111772.10	ENSMUSG00000039607	-	14	0	13	0	6	NA	NA	NA	75
ENSMUST00000044454.12	ENSMUSG00000039285	+	8	1	6	0	412	NA	NA	5	216
ENSMUST00000084820.6	ENSMUSG00000038708	+	24	0	23	0	23	NA	NA	NA	72
ENSMUST00000073109.12	ENSMUSG00000047409	+	8	0	7	0	125	NA	NA	NA	79
ENSMUST00000214470.2	ENSMUSG00000010660	-	15	0	14	0	85	NA	NA	NA	112
ENSMUST00000040853.11	ENSMUSG00000036737	-	18	0	17	0	74	NA	NA	NA	70
ENSMUST00000039784.12	ENSMUSG00000036138	+	12	0	11	0	75	NA	NA	NA	171
ENSMUST00000215746.2	ENSMUSG00000061393	+	11	0	10	0	194	NA	NA	NA	52
ENSMUST00000035094.14	ENSMUSG00000042787	+	6	0	5	0	461	NA	NA	NA	163
ENSMUST00000035099.9	ENSMUSG00000032513	-	9	0	8	0	262	NA	NA	NA	60
ENSMUST00000035101.9	ENSMUSG00000032515	-	5	1	3	0	971	NA	NA	39	205
ENSMUST00000007139.6	ENSMUSG00000006941	+	4	0	3	0	44	NA	NA	NA	31
ENSMUST00000007130.15	ENSMUSG00000006932	+	15	1	13	0	208	NA	NA	48	13
ENSMUST00000045903.8	ENSMUSG00000032536	+	16	0	15	0	762	NA	NA	NA	88
ENSMUST00000078547.12	ENSMUSG00000061536	-	8	2	5	0	200	NA	NA	27	182
ENSMUST00000035113.11	ENSMUSG00000032526	+	3	0	2	0	87	NA	NA	NA	69
ENSMUST00000035112.13	ENSMUSG00000032525	+	17	1	15	0	87	NA	NA	29	58
ENSMUST00000093772.4	ENSMUSG00000013419	+	6	0	5	0	274	NA	NA	NA	3
ENSMUST00000060251.8	ENSMUSG00000038412	-	4	1	2	0	55	NA	NA	22	97
ENSMUST00000118886.9	ENSMUSG00000038145	+	7	2	4	0	1167	NA	NA	107	589
ENSMUST00000156520.8	ENSMUSG00000032540	+	7	0	6	0	89	NA	NA	NA	53
ENSMUST00000068140.6	ENSMUSG00000054871	-	1	0	0	0	NA	NA	NA	NA	NA
ENSMUST00000038863.9	ENSMUSG00000035202	+	21	1	19	0	179	NA	NA	18	231
ENSMUST00000026269.4	ENSMUSG00000025239	+	8	0	7	0	137	NA	NA	NA	1384
ENSMUST00000026270.9	ENSMUSG00000025240	+	20	0	19	0	136	NA	NA	NA	32
ENSMUST00000026274.14	ENSMUSG00000025245	-	10	0	9	0	18	NA	NA	NA	3
ENSMUST00000084715.14	ENSMUSG00000025241	-	19	2	16	0	75	NA	NA	95	55
ENSMUST00000043374.7	ENSMUSG00000040653	+	4	0	3	0	74	NA	NA	NA	303
ENSMUST00000120274.8	ENSMUSG00000040624	+	17	2	14	0	1051	NA	NA	107	408
ENSMUST00000117291.8	ENSMUSG00000040675	+	28	0	26	1	89	29	29	NA	224
ENSMUST00000045730.7	ENSMUSG00000038587	+	4	0	2	1	4789	9	9	NA	150
ENSMUST00000100077.5	ENSMUSG00000075327	-	3	1	1	0	1371	NA	NA	12	173
ENSMUST00000095893.11	ENSMUSG00000061759	+	5	0	4	0	764	NA	NA	NA	41
ENSMUST00000019931.12	ENSMUSG00000019796	+	7	0	6	0	154	NA	NA	NA	562
ENSMUST00000165952.9	ENSMUSG00000040021	+	8	1	6	0	509	NA	NA	132	348
ENSMUST00000165806.8	ENSMUSG00000019794	+	11	1	9	0	198	NA	NA	7	168
ENSMUST00000124838.2	ENSMUSG00000040006	-	8	0	7	0	108	NA	NA	NA	114
ENSMUST00000015901.11	ENSMUSG00000015757	+	13	0	12	0	251	NA	NA	NA	70
ENSMUST00000146444.8	ENSMUSG00000015755	-	7	1	5	0	142	NA	NA	86	102
ENSMUST00000061601.9	ENSMUSG00000047712	-	8	0	7	0	283	NA	NA	NA	250
ENSMUST00000015449.6	ENSMUSG00000015305	-	20	0	19	0	263	NA	NA	NA	135
ENSMUST00000038213.14	ENSMUSG00000019790	-	28	0	27	0	41	NA	NA	NA	153
ENSMUST00000019974.5	ENSMUSG00000019832	-	3	0	2	0	149	NA	NA	NA	244
ENSMUST00000044053.13	ENSMUSG00000090112	+	30	1	28	0	96	NA	NA	38	618
ENSMUST00000129456.8	ENSMUSG00000047648	+	3	1	1	0	203	NA	NA	16	2037
ENSMUST00000105139.5	ENSMUSG00000078348	+	1	0	0	0	NA	NA	NA	NA	NA
ENSMUST00000121325.8	ENSMUSG00000019817	+	9	6	2	0	29	NA	NA	161	152
ENSMUST00000105543.9	ENSMUSG00000062866	-	12	0	11	0	15	NA	NA	NA	46
ENSMUST00000060212.13	ENSMUSG00000019810	+	8	0	6	1	140	28	28	NA	206
ENSMUST00000019945.15	ENSMUSG00000019809	-	12	0	11	0	83	NA	NA	NA	73
ENSMUST00000019944.9	ENSMUSG00000019808	+	6	0	5	0	43	NA	NA	NA	96
ENSMUST00000187083.7	ENSMUSG00000015501	+	13	7	5	0	824	NA	NA	367	5139
ENSMUST00000238680.2	ENSMUSG00000039116	-	24	0	23	0	178	NA	NA	NA	2
ENSMUST00000154132.8	ENSMUSG00000019868	-	8	0	7	0	145	NA	NA	NA	112
ENSMUST00000038107.9	ENSMUSG00000039910	+	2	1	0	0	817	NA	NA	8	NA
ENSMUST00000037879.8	ENSMUSG00000039879	-	4	0	3	0	164	NA	NA	NA	274
ENSMUST00000020002.9	ENSMUSG00000078453	-	3	1	1	0	184	NA	NA	6	61
ENSMUST00000126390.8	ENSMUSG00000019854	+	20	0	19	0	68	NA	NA	NA	153
ENSMUST00000080860.13	ENSMUSG00000059554	-	6	1	4	0	54	NA	NA	42	158
ENSMUST00000020000.7	ENSMUSG00000019853	-	4	0	3	0	198	NA	NA	NA	102
ENSMUST00000019998.9	ENSMUSG00000019851	+	3	0	2	0	226	NA	NA	NA	214
ENSMUST00000019997.11	ENSMUSG00000019850	-	9	1	7	0	284	NA	NA	15	295
ENSMUST00000020182.16	ENSMUSG00000020003	-	10	0	9	0	68	NA	NA	NA	115
ENSMUST00000095806.10	ENSMUSG00000071369	+	30	0	29	0	57	NA	NA	NA	469
ENSMUST00000092678.10	ENSMUSG00000037608	+	12	2	9	0	5	NA	NA	10	104
ENSMUST00000105525.12	ENSMUSG00000019986	+	24	1	22	0	2	NA	NA	158	311
ENSMUST00000219915.2	ENSMUSG00000019977	+	18	0	17	0	11	NA	NA	NA	43
ENSMUST00000120509.8	ENSMUSG00000019970	+	14	0	13	0	167	NA	NA	NA	69
ENSMUST00000127698.8	ENSMUSG00000071359	-	7	1	5	0	79	NA	NA	43	135
ENSMUST00000219315.2	ENSMUSG00000010461	-	20	1	18	0	80	NA	NA	66	33
ENSMUST00000218221.2	ENSMUSG00000061983	-	5	0	4	0	62	NA	NA	NA	62
ENSMUST00000020159.15	ENSMUSG00000019984	+	29	0	28	0	164	NA	NA	NA	39
ENSMUST00000041984.14	ENSMUSG00000039166	-	8	1	6	0	196	NA	NA	92	40
ENSMUST00000053748.16	ENSMUSG00000019978	+	20	1	17	1	107	2	2	14	471
ENSMUST00000040219.13	ENSMUSG00000039089	-	22	1	20	0	143	NA	NA	15	102
ENSMUST00000039557.9	ENSMUSG00000039031	+	15	0	14	0	91	NA	NA	NA	113
ENSMUST00000218276.2	ENSMUSG00000019889	+	34	0	33	0	53	NA	NA	NA	97
ENSMUST00000160144.9	ENSMUSG00000038876	-	3	1	1	0	1074	NA	NA	151	5
ENSMUST00000099985.6	ENSMUSG00000075266	-	3	0	2	0	26	NA	NA	NA	120
ENSMUST00000161074.8	ENSMUSG00000019791	-	5	0	4	0	32	NA	NA	NA	150
ENSMUST00000216172.2	ENSMUSG00000039697	-	6	0	5	0	135	NA	NA	NA	75
ENSMUST00000000304.14	ENSMUSG00000000295	+	6	0	5	0	97	NA	NA	NA	69
ENSMUST00000000305.7	ENSMUSG00000000296	-	7	0	6	0	128	NA	NA	NA	19
ENSMUST00000019917.6	ENSMUSG00000019782	-	7	0	6	0	121	NA	NA	NA	73
ENSMUST00000048010.9	ENSMUSG00000039497	-	6	1	4	0	1758	NA	NA	53	416
ENSMUST00000047935.8	ENSMUSG00000039485	+	1	0	0	0	NA	NA	NA	NA	NA
ENSMUST00000019911.14	ENSMUSG00000019777	+	14	0	13	0	30	NA	NA	NA	52
ENSMUST00000092584.6	ENSMUSG00000069662	-	2	0	1	0	827	NA	NA	NA	102
ENSMUST00000019992.6	ENSMUSG00000019846	+	38	0	37	0	145	NA	NA	NA	195
ENSMUST00000099967.10	ENSMUSG00000019843	+	14	3	10	0	208	NA	NA	11	247
ENSMUST00000019986.13	ENSMUSG00000019841	+	32	0	31	0	140	NA	NA	NA	139
ENSMUST00000092566.8	ENSMUSG00000019838	-	6	0	5	0	232	NA	NA	NA	334
ENSMUST00000044672.11	ENSMUSG00000038481	+	13	0	12	0	128	NA	NA	NA	128
ENSMUST00000044166.9	ENSMUSG00000038446	-	15	0	14	0	177	NA	NA	NA	189
ENSMUST00000019975.14	ENSMUSG00000019831	+	9	1	7	0	157	NA	NA	28	133
ENSMUST00000080771.10	ENSMUSG00000019826	+	7	1	5	0	765	NA	NA	31	949
ENSMUST00000019967.16	ENSMUSG00000019823	+	24	1	22	0	130	NA	NA	47	258
ENSMUST00000019962.15	ENSMUSG00000019818	+	6	0	5	0	169	NA	NA	NA	166
ENSMUST00000186239.7	ENSMUSG00000019813	-	12	2	9	0	212	NA	NA	3	148
ENSMUST00000041438.7	ENSMUSG00000038332	+	10	0	9	0	86	NA	NA	NA	102
ENSMUST00000105502.8	ENSMUSG00000048756	-	4	1	1	1	1400	36	36	112	618
ENSMUST00000019939.12	ENSMUSG00000019804	+	4	0	3	0	105	NA	NA	NA	162
ENSMUST00000040718.6	ENSMUSG00000038280	+	6	0	5	0	55	NA	NA	NA	414
ENSMUST00000019937.5	ENSMUSG00000019802	+	21	0	20	0	143	NA	NA	NA	124
ENSMUST00000095725.11	ENSMUSG00000038240	+	8	0	7	0	158	NA	NA	NA	299
ENSMUST00000167488.9	ENSMUSG00000038214	+	4	1	2	0	2243	NA	NA	11	37
ENSMUST00000147196.3	ENSMUSG00000019797	-	4	1	2	0	179	NA	NA	12	470
ENSMUST00000058714.10	ENSMUSG00000047139	+	2	0	1	0	161	NA	NA	NA	69
ENSMUST00000020012.7	ENSMUSG00000019863	-	11	0	10	0	223	NA	NA	NA	24
ENSMUST00000039286.5	ENSMUSG00000038160	+	8	1	6	0	136	NA	NA	58	108
ENSMUST00000099858.4	ENSMUSG00000019849	+	15	0	14	0	294	NA	NA	NA	45
ENSMUST00000037044.13	ENSMUSG00000038822	+	24	0	23	0	102	NA	NA	NA	76
ENSMUST00000035606.10	ENSMUSG00000038774	+	42	1	40	0	132	NA	NA	42	90
ENSMUST00000069004.14	ENSMUSG00000019891	+	11	0	10	0	520	NA	NA	NA	85
ENSMUST00000020008.10	ENSMUSG00000019861	-	8	0	7	0	130	NA	NA	NA	288
ENSMUST00000023830.16	ENSMUSG00000023068	+	5	0	4	0	90	NA	NA	NA	427
ENSMUST00000105473.3	ENSMUSG00000038602	+	8	0	7	0	224	NA	NA	NA	173
ENSMUST00000220443.2	ENSMUSG00000038594	-	13	0	12	0	163	NA	NA	NA	73
ENSMUST00000020004.8	ENSMUSG00000019857	+	4	0	3	0	212	NA	NA	NA	109
ENSMUST00000003843.16	ENSMUSG00000003746	-	13	1	11	0	126	NA	NA	246	609
ENSMUST00000068581.9	ENSMUSG00000050953	+	2	1	0	0	1161	NA	NA	13	NA
ENSMUST00000079833.6	ENSMUSG00000019878	+	12	0	11	0	295	NA	NA	NA	93
ENSMUST00000020027.11	ENSMUSG00000019877	-	9	0	8	0	135	NA	NA	NA	39
ENSMUST00000057659.14	ENSMUSG00000038039	+	23	0	22	0	70	NA	NA	NA	6
ENSMUST00000105468.2	ENSMUSG00000019920	+	10	0	9	0	114	NA	NA	NA	182
ENSMUST00000003310.7	ENSMUSG00000003226	+	29	0	28	0	305	NA	NA	NA	72
ENSMUST00000036576.10	ENSMUSG00000038010	+	16	0	15	0	165	NA	NA	NA	93
ENSMUST00000009789.15	ENSMUSG00000019916	+	15	1	13	0	70	NA	NA	27	76
ENSMUST00000020312.13	ENSMUSG00000009647	-	8	0	7	0	77	NA	NA	NA	147
ENSMUST00000020311.13	ENSMUSG00000020111	+	14	1	12	0	157	NA	NA	1	161
ENSMUST00000146590.8	ENSMUSG00000020109	+	9	0	7	1	121	31	31	NA	133
ENSMUST00000020308.5	ENSMUSG00000020108	-	3	1	1	0	493	NA	NA	60	196
ENSMUST00000182898.8	ENSMUSG00000020107	-	4	1	2	0	115	NA	NA	25	142
ENSMUST00000167915.3	ENSMUSG00000057337	-	4	2	1	0	1278	NA	NA	106	140
ENSMUST00000105465.8	ENSMUSG00000004207	+	14	0	13	0	35	NA	NA	NA	40
ENSMUST00000117513.8	ENSMUSG00000020100	-	6	0	5	0	654	NA	NA	NA	1
ENSMUST00000077925.7	ENSMUSG00000020099	-	17	0	16	0	165	NA	NA	NA	79
ENSMUST00000122259.8	ENSMUSG00000020097	-	15	1	13	0	140	NA	NA	47	27
ENSMUST00000020289.10	ENSMUSG00000020092	-	20	1	18	0	152	NA	NA	29	194
ENSMUST00000020288.15	ENSMUSG00000020091	-	3	0	2	0	31	NA	NA	NA	145
ENSMUST00000049242.9	ENSMUSG00000037151	+	5	1	3	0	154	NA	NA	65	82
ENSMUST00000020285.10	ENSMUSG00000020088	+	7	1	5	0	116	NA	NA	16	58
ENSMUST00000020284.5	ENSMUSG00000020087	+	4	0	3	0	217	NA	NA	NA	1172
ENSMUST00000047883.11	ENSMUSG00000037031	-	8	0	7	0	149	NA	NA	NA	96
ENSMUST00000099691.11	ENSMUSG00000037012	-	18	0	17	0	147	NA	NA	NA	63
ENSMUST00000105447.11	ENSMUSG00000020078	-	9	0	8	0	113	NA	NA	NA	3
ENSMUST00000065887.14	ENSMUSG00000036955	-	7	0	6	0	875	NA	NA	NA	414
ENSMUST00000045866.9	ENSMUSG00000020075	-	15	0	14	0	257	NA	NA	NA	87
ENSMUST00000020270.6	ENSMUSG00000020076	-	15	0	14	0	278	NA	NA	NA	87
ENSMUST00000020268.7	ENSMUSG00000020074	-	25	1	23	0	59	NA	NA	49	73
ENSMUST00000044977.10	ENSMUSG00000071253	+	9	0	8	0	156	NA	NA	NA	130
ENSMUST00000119567.8	ENSMUSG00000020070	+	18	0	17	0	143	NA	NA	NA	4
ENSMUST00000020263.14	ENSMUSG00000020069	-	10	1	8	0	76	NA	NA	23	112
ENSMUST00000219577.2	ENSMUSG00000020064	+	26	2	23	0	208	NA	NA	78	226
ENSMUST00000105442.3	ENSMUSG00000020063	-	8	0	7	0	328	NA	NA	NA	406
ENSMUST00000020023.9	ENSMUSG00000019873	-	8	0	7	0	56	NA	NA	NA	32
ENSMUST00000077839.13	ENSMUSG00000075000	-	4	0	3	0	707	NA	NA	NA	30
ENSMUST00000075686.7	ENSMUSG00000057134	-	1	0	0	0	NA	NA	NA	NA	NA
ENSMUST00000118160.8	ENSMUSG00000037846	+	12	0	11	0	538	NA	NA	NA	39
ENSMUST00000164034.8	ENSMUSG00000019944	+	11	2	8	0	169	NA	NA	10	192
ENSMUST00000020099.13	ENSMUSG00000019942	-	8	1	6	0	98	NA	NA	26	37
ENSMUST00000381871.1	ENSMUSG00000069601	+	44	0	42	1	65	21	21	NA	63
ENSMUST00000147545.8	ENSMUSG00000048701	+	9	0	8	0	200	NA	NA	NA	282
ENSMUST00000046807.7	ENSMUSG00000037762	+	6	1	4	0	181	NA	NA	37	196
ENSMUST00000062883.7	ENSMUSG00000043259	+	14	0	13	0	123	NA	NA	NA	62
ENSMUST00000143791.8	ENSMUSG00000014329	-	21	0	20	0	133	NA	NA	NA	196
ENSMUST00000092430.11	ENSMUSG00000003923	-	7	0	6	0	140	NA	NA	NA	101
ENSMUST00000020085.7	ENSMUSG00000019927	-	7	0	6	0	45	NA	NA	NA	24
ENSMUST00000045887.9	ENSMUSG00000037710	-	3	0	2	0	89	NA	NA	NA	31
ENSMUST00000079252.13	ENSMUSG00000060733	+	6	0	5	0	613	NA	NA	NA	139
ENSMUST00000020081.11	ENSMUSG00000019923	+	8	0	6	1	120	3	3	NA	59
ENSMUST00000037813.5	ENSMUSG00000040009	+	4	2	1	0	344	NA	NA	484	723
ENSMUST00000147802.9	ENSMUSG00000020175	+	11	1	9	0	58	NA	NA	12	69
ENSMUST00000164107.3	ENSMUSG00000009681	+	23	0	22	0	89	NA	NA	NA	1285
ENSMUST00000039796.14	ENSMUSG00000033416	-	6	0	5	0	91	NA	NA	NA	43
ENSMUST00000020397.11	ENSMUSG00000020180	+	4	1	2	0	61	NA	NA	21	126
ENSMUST00000095541.11	ENSMUSG00000006342	-	15	0	14	0	24	NA	NA	NA	70
ENSMUST00000000925.10	ENSMUSG00000000902	-	9	0	8	0	39	NA	NA	NA	93
ENSMUST00000120281.8	ENSMUSG00000000901	-	9	0	7	1	133	24	24	NA	120
ENSMUST00000219839.2	ENSMUSG00000049422	+	5	1	3	0	19	NA	NA	549	41
ENSMUST00000061617.7	ENSMUSG00000049764	+	2	1	0	0	1659	NA	NA	55	NA
ENSMUST00000099572.10	ENSMUSG00000020230	-	11	1	9	0	32	NA	NA	56	54
ENSMUST00000036033.14	ENSMUSG00000020231	-	38	0	37	0	252	NA	NA	NA	91
ENSMUST00000001179.7	ENSMUSG00000001151	-	42	0	41	0	40	NA	NA	NA	54
ENSMUST00000049185.6	ENSMUSG00000033126	-	5	1	3	0	86	NA	NA	20	210
ENSMUST00000170795.3	ENSMUSG00000001150	+	29	1	27	0	158	NA	NA	106	1198
ENSMUST00000048678.7	ENSMUSG00000033105	+	22	0	21	0	131	NA	NA	NA	14
ENSMUST00000001181.13	ENSMUSG00000020241	-	28	1	26	0	598	NA	NA	13	160
ENSMUST00000001147.5	ENSMUSG00000001119	-	35	0	34	0	622	NA	NA	NA	94
ENSMUST00000020496.14	ENSMUSG00000020262	-	11	2	8	0	179	NA	NA	47	28
ENSMUST00000009435.12	ENSMUSG00000009291	+	6	0	5	0	37	NA	NA	NA	106
ENSMUST00000129492.8	ENSMUSG00000020265	+	4	0	3	0	110	NA	NA	NA	30
ENSMUST00000174510.8	ENSMUSG00000009293	+	6	0	5	0	112	NA	NA	NA	43
ENSMUST00000057608.5	ENSMUSG00000051652	-	2	1	0	0	905	NA	NA	132	NA
ENSMUST00000000384.8	ENSMUSG00000000374	-	23	0	22	0	238	NA	NA	NA	67
ENSMUST00000001240.12	ENSMUSG00000001211	-	10	2	7	0	88	NA	NA	49	178
ENSMUST00000041616.15	ENSMUSG00000032788	-	11	0	10	0	112	NA	NA	NA	87
ENSMUST00000040580.7	ENSMUSG00000032714	-	8	0	7	0	409	NA	NA	NA	88
ENSMUST00000047203.9	ENSMUSG00000035890	-	9	0	8	0	149	NA	NA	NA	75
ENSMUST00000046945.13	ENSMUSG00000035863	+	9	0	8	0	520	NA	NA	NA	5
ENSMUST00000172282.8	ENSMUSG00000006498	+	14	0	13	0	132	NA	NA	NA	8
ENSMUST00000045628.15	ENSMUSG00000035781	-	8	0	7	0	100	NA	NA	NA	62
ENSMUST00000019708.12	ENSMUSG00000019564	+	9	1	7	0	196	NA	NA	259	395
ENSMUST00000052885.14	ENSMUSG00000013858	-	11	0	10	0	434	NA	NA	NA	222
ENSMUST00000004784.11	ENSMUSG00000004665	+	7	0	6	0	263	NA	NA	NA	63
ENSMUST00000105372.9	ENSMUSG00000075706	+	7	0	6	0	32	NA	NA	NA	84
ENSMUST00000219260.2	ENSMUSG00000035673	-	33	2	30	0	448	NA	NA	95	81
ENSMUST00000003152.14	ENSMUSG00000003068	+	10	0	8	1	193	14	14	NA	290
ENSMUST00000170219.9	ENSMUSG00000035640	-	9	0	8	0	963	NA	NA	NA	93
ENSMUST00000042057.12	ENSMUSG00000035621	+	9	1	7	0	277	NA	NA	396	236
ENSMUST00000105365.9	ENSMUSG00000045193	+	7	1	5	0	16	NA	NA	6	103
ENSMUST00000092305.6	ENSMUSG00000069565	+	12	0	11	0	172	NA	NA	NA	29
ENSMUST00000105355.8	ENSMUSG00000035504	+	5	0	4	0	7	NA	NA	NA	115
ENSMUST00000092295.10	ENSMUSG00000035478	-	7	0	5	1	180	6	6	NA	110
ENSMUST00000105342.8	ENSMUSG00000020167	-	19	1	17	0	142	NA	NA	57	75
ENSMUST00000057910.16	ENSMUSG00000047417	-	15	0	14	0	88	NA	NA	NA	157
ENSMUST00000038558.9	ENSMUSG00000035397	-	2	0	1	0	301	NA	NA	NA	454
ENSMUST00000003436.12	ENSMUSG00000003346	-	5	1	3	0	225	NA	NA	184	332
ENSMUST00000085435.7	ENSMUSG00000003345	+	12	1	10	0	54	NA	NA	241	187
ENSMUST00000200082.5	ENSMUSG00000020190	-	14	1	12	0	225	NA	NA	66	51
ENSMUST00000020420.9	ENSMUSG00000020198	-	31	0	30	0	95	NA	NA	NA	96
ENSMUST00000105336.9	ENSMUSG00000061589	+	28	0	27	0	7	NA	NA	NA	81
ENSMUST00000036805.7	ENSMUSG00000035278	-	6	0	5	0	110	NA	NA	NA	94
ENSMUST00000035597.10	ENSMUSG00000035206	+	15	0	14	0	242	NA	NA	NA	48
ENSMUST00000020440.7	ENSMUSG00000020219	-	3	0	2	0	98	NA	NA	NA	120
ENSMUST00000057623.14	ENSMUSG00000062075	-	12	0	11	0	41	NA	NA	NA	255
ENSMUST00000117805.8	ENSMUSG00000048240	-	4	2	1	0	125	NA	NA	35	81
ENSMUST00000005067.6	ENSMUSG00000004937	-	12	1	9	1	117	6	6	36	100
ENSMUST00000005057.7	ENSMUSG00000004929	+	13	0	12	0	155	NA	NA	NA	16
ENSMUST00000048128.15	ENSMUSG00000035011	+	3	1	1	0	465	NA	NA	12	1244
ENSMUST00000005064.14	ENSMUSG00000004934	-	11	0	10	0	271	NA	NA	NA	27
ENSMUST00000178422.9	ENSMUSG00000034974	+	9	1	7	0	518	NA	NA	38	62
ENSMUST00000220297.2	ENSMUSG00000004931	+	12	2	9	0	71	NA	NA	116	567
ENSMUST00000105323.8	ENSMUSG00000020232	-	10	1	8	0	12	NA	NA	18	38
ENSMUST00000044844.9	ENSMUSG00000034854	+	10	0	9	0	22	NA	NA	NA	289
ENSMUST00000020461.15	ENSMUSG00000055053	-	10	0	8	1	50	27	27	NA	30
ENSMUST00000020463.14	ENSMUSG00000020238	-	14	0	13	0	59	NA	NA	NA	184
ENSMUST00000043604.6	ENSMUSG00000034781	-	7	0	6	0	190	NA	NA	NA	136
ENSMUST00000042923.9	ENSMUSG00000034748	-	8	0	7	0	266	NA	NA	NA	66
ENSMUST00000151390.8	ENSMUSG00000034674	+	10	0	9	0	142	NA	NA	NA	23
ENSMUST00000020485.11	ENSMUSG00000020251	-	10	1	8	0	169	NA	NA	25	19
ENSMUST00000020478.14	ENSMUSG00000020246	+	15	0	14	0	31	NA	NA	NA	163
ENSMUST00000130911.8	ENSMUSG00000020248	-	8	1	6	0	32	NA	NA	75	6
ENSMUST00000020484.9	ENSMUSG00000020250	+	14	1	12	0	68	NA	NA	36	87
ENSMUST00000040110.8	ENSMUSG00000034612	+	3	0	2	0	854	NA	NA	NA	118
ENSMUST00000039956.6	ENSMUSG00000034591	-	11	1	9	0	185	NA	NA	180	555
ENSMUST00000020497.14	ENSMUSG00000020256	-	23	0	22	0	55	NA	NA	NA	48
ENSMUST00000038388.7	ENSMUSG00000034560	+	33	0	32	0	67	NA	NA	NA	61
ENSMUST00000020500.14	ENSMUSG00000020263	-	21	0	20	0	134	NA	NA	NA	54
ENSMUST00000020220.15	ENSMUSG00000020032	-	7	0	6	0	1141	NA	NA	NA	243
ENSMUST00000053871.5	ENSMUSG00000046841	-	2	0	1	0	1307	NA	NA	NA	420
ENSMUST00000020223.8	ENSMUSG00000020034	+	10	1	8	0	244	NA	NA	151	157
ENSMUST00000038523.15	ENSMUSG00000035620	+	10	0	9	0	111	NA	NA	NA	84
ENSMUST00000095383.6	ENSMUSG00000060935	+	3	1	1	0	286	NA	NA	6	61
ENSMUST00000050813.4	ENSMUSG00000049038	-	3	2	0	0	1213	NA	NA	56	NA
ENSMUST00000020227.11	ENSMUSG00000020038	-	13	0	11	1	103	5	5	NA	158
ENSMUST00000105306.3	ENSMUSG00000020042	+	15	0	14	0	209	NA	NA	NA	98
ENSMUST00000037646.9	ENSMUSG00000035529	-	12	2	9	0	309	NA	NA	1	133
ENSMUST00000001834.4	ENSMUSG00000001783	-	12	0	11	0	107	NA	NA	NA	93
ENSMUST00000130320.8	ENSMUSG00000001786	+	9	0	8	0	386	NA	NA	NA	122
ENSMUST00000020234.14	ENSMUSG00000020044	+	5	0	4	0	197	NA	NA	NA	121
ENSMUST00000020238.14	ENSMUSG00000020048	-	18	0	17	0	26	NA	NA	NA	49
ENSMUST00000099396.3	ENSMUSG00000054027	+	14	0	13	0	252	NA	NA	NA	202
ENSMUST00000048518.16	ENSMUSG00000035365	-	11	1	9	0	331	NA	NA	3	153
ENSMUST00000052355.15	ENSMUSG00000035351	+	10	1	8	0	113	NA	NA	62	156
ENSMUST00000020249.2	ENSMUSG00000020057	-	7	0	6	0	44	NA	NA	NA	131
ENSMUST00000020251.10	ENSMUSG00000035311	+	21	0	20	0	77	NA	NA	NA	117
ENSMUST00000117440.8	ENSMUSG00000060002	-	9	0	8	0	44	NA	NA	NA	273
ENSMUST00000116234.9	ENSMUSG00000060904	+	6	0	5	0	30	NA	NA	NA	4
ENSMUST00000220128.2	ENSMUSG00000074802	-	12	3	8	0	19	NA	NA	24	24
ENSMUST00000174252.8	ENSMUSG00000069539	-	18	1	16	0	647	NA	NA	28	177
ENSMUST00000020109.5	ENSMUSG00000019948	-	11	0	10	0	129	NA	NA	NA	68
ENSMUST00000020112.7	ENSMUSG00000019951	+	21	0	20	0	116	NA	NA	NA	44
ENSMUST00000159110.8	ENSMUSG00000019979	-	27	1	25	0	146	NA	NA	64	138
ENSMUST00000020150.10	ENSMUSG00000019975	+	3	0	2	0	749	NA	NA	NA	170
ENSMUST00000076694.13	ENSMUSG00000061904	-	8	1	6	0	160	NA	NA	4	145
ENSMUST00000020123.7	ENSMUSG00000019961	-	4	0	3	0	1519	NA	NA	NA	276
ENSMUST00000020163.7	ENSMUSG00000019988	-	15	1	13	0	104	NA	NA	8	136
ENSMUST00000069965.9	ENSMUSG00000020015	+	17	1	15	0	37	NA	NA	29	118
ENSMUST00000008542.12	ENSMUSG00000008398	-	5	1	3	0	98	NA	NA	2	207
ENSMUST00000020203.7	ENSMUSG00000020018	-	4	0	3	0	66	NA	NA	NA	3
ENSMUST00000047910.15	ENSMUSG00000036112	-	11	0	10	0	252	NA	NA	NA	151
ENSMUST00000020208.5	ENSMUSG00000020021	+	21	0	20	0	36	NA	NA	NA	16
ENSMUST00000105290.9	ENSMUSG00000005897	+	14	1	12	0	174	NA	NA	19	54
ENSMUST00000065060.12	ENSMUSG00000020023	+	4	0	3	0	302	NA	NA	NA	78
ENSMUST00000020212.6	ENSMUSG00000020024	+	16	1	14	0	104	NA	NA	122	146
ENSMUST00000172070.8	ENSMUSG00000020027	-	3	1	1	0	457	NA	NA	222	139
ENSMUST00000099329.5	ENSMUSG00000074781	+	4	0	3	0	40	NA	NA	NA	30
ENSMUST00000053484.8	ENSMUSG00000036499	+	29	0	28	0	122	NA	NA	NA	24
ENSMUST00000038377.9	ENSMUSG00000036478	+	2	0	1	0	367	NA	NA	NA	148
ENSMUST00000020107.8	ENSMUSG00000019943	+	21	1	19	0	311	NA	NA	223	208
ENSMUST00000020113.15	ENSMUSG00000019952	+	12	0	11	0	104	NA	NA	NA	15
ENSMUST00000020118.5	ENSMUSG00000019960	+	3	0	2	0	307	NA	NA	NA	400
ENSMUST00000105283.9	ENSMUSG00000019966	+	10	0	8	1	39	37	37	NA	15
ENSMUST00000058154.15	ENSMUSG00000036676	-	14	1	12	0	814	NA	NA	14	204
ENSMUST00000179636.3	ENSMUSG00000019894	+	12	1	10	0	371	NA	NA	26	289
ENSMUST00000061506.9	ENSMUSG00000036019	-	12	0	11	0	179	NA	NA	NA	83
ENSMUST00000219263.2	ENSMUSG00000019907	+	25	0	24	0	86	NA	NA	NA	237
ENSMUST00000095313.5	ENSMUSG00000035873	+	7	1	5	0	86	NA	NA	129	495
ENSMUST00000105276.8	ENSMUSG00000035864	-	12	4	7	0	206	NA	NA	17	163
ENSMUST00000073781.12	ENSMUSG00000020185	+	13	0	11	0	170	NA	NA	0	93
ENSMUST00000020403.7	ENSMUSG00000020186	+	6	1	4	0	76	NA	NA	1	112
ENSMUST00000041723.15	ENSMUSG00000035798	-	17	0	16	0	138	NA	NA	NA	93
ENSMUST00000105275.9	ENSMUSG00000020189	+	24	1	22	0	132	NA	NA	64	42
ENSMUST00000040454.5	ENSMUSG00000035759	+	2	0	1	0	1956	NA	NA	NA	185
ENSMUST00000164773.2	ENSMUSG00000020205	+	2	0	0	1	NA	27	27	NA	1244
ENSMUST00000099276.4	ENSMUSG00000074748	-	1	0	0	0	NA	NA	NA	NA	NA
ENSMUST00000020339.10	ENSMUSG00000020130	-	17	0	16	0	212	NA	NA	NA	30
ENSMUST00000092170.7	ENSMUSG00000069520	-	7	1	5	0	163	NA	NA	21	130
ENSMUST00000218842.2	ENSMUSG00000020137	-	3	0	2	0	386	NA	NA	NA	71
ENSMUST00000036044.9	ENSMUSG00000034163	+	35	0	34	0	137	NA	NA	NA	610
ENSMUST00000020350.15	ENSMUSG00000020140	-	18	0	17	0	1087	NA	NA	NA	212
ENSMUST00000092167.7	ENSMUSG00000020154	+	32	0	31	0	22	NA	NA	NA	54
ENSMUST00000105267.8	ENSMUSG00000020166	-	16	1	14	0	86	NA	NA	95	48
ENSMUST00000047672.9	ENSMUSG00000034024	-	16	0	15	0	30	NA	NA	NA	3
ENSMUST00000020381.5	ENSMUSG00000020170	-	10	5	4	0	950	NA	NA	26	66
ENSMUST00000020382.8	ENSMUSG00000020171	-	7	0	6	0	169	NA	NA	NA	51
ENSMUST00000176670.8	ENSMUSG00000055531	-	11	0	9	1	186	4	4	NA	60
ENSMUST00000020399.6	ENSMUSG00000020183	+	9	1	7	0	242	NA	NA	3	160
ENSMUST00000064848.7	ENSMUSG00000052798	-	28	0	27	0	107	NA	NA	NA	8
ENSMUST00000163238.9	ENSMUSG00000020212	+	15	0	14	0	112	NA	NA	NA	18
ENSMUST00000004281.10	ENSMUSG00000028630	-	3	0	2	0	1601	NA	NA	NA	49
ENSMUST00000020315.13	ENSMUSG00000020114	-	15	0	14	0	224	NA	NA	NA	68
ENSMUST00000138410.8	ENSMUSG00000034813	+	25	0	24	0	227	NA	NA	NA	55
ENSMUST00000072777.14	ENSMUSG00000056758	-	5	0	4	0	44	NA	NA	NA	111
ENSMUST00000092143.12	ENSMUSG00000051236	-	7	1	5	0	170	NA	NA	41	76
ENSMUST00000040344.7	ENSMUSG00000034707	+	14	0	13	0	78	NA	NA	NA	168
ENSMUST00000020316.4	ENSMUSG00000020115	-	21	1	19	0	51	NA	NA	59	87
ENSMUST00000218004.2	ENSMUSG00000034667	-	25	1	23	0	26	NA	NA	74	60
ENSMUST00000065600.8	ENSMUSG00000053684	+	3	0	2	0	816	NA	NA	NA	235
ENSMUST00000140299.3	ENSMUSG00000034620	-	6	0	5	0	417	NA	NA	NA	172
ENSMUST00000067918.12	ENSMUSG00000034613	+	10	0	9	0	147	NA	NA	NA	245
ENSMUST00000220377.2	ENSMUSG00000020124	-	22	0	21	0	182	NA	NA	NA	89
ENSMUST00000074807.8	ENSMUSG00000020105	+	19	0	18	0	244	NA	NA	NA	236
ENSMUST00000105256.10	ENSMUSG00000078429	+	8	0	7	0	125	NA	NA	NA	64
ENSMUST00000006915.14	ENSMUSG00000006732	+	6	0	5	0	149	NA	NA	NA	92
ENSMUST00000060991.6	ENSMUSG00000006736	-	6	0	5	0	74	NA	NA	NA	63
ENSMUST00000006914.11	ENSMUSG00000006731	+	11	1	9	0	217	NA	NA	1	218
ENSMUST00000116229.2	ENSMUSG00000040415	-	5	2	2	0	437	NA	NA	73	1
ENSMUST00000013970.9	ENSMUSG00000025417	-	10	0	9	0	80	NA	NA	NA	174
ENSMUST00000099172.5	ENSMUSG00000074657	-	29	0	27	1	78	34	34	NA	129
ENSMUST00000026479.11	ENSMUSG00000025410	+	14	0	13	0	86	NA	NA	NA	36
ENSMUST00000026476.13	ENSMUSG00000025409	-	13	2	10	0	74	NA	NA	24	119
ENSMUST00000166820.8	ENSMUSG00000025404	+	27	3	23	0	340	NA	NA	35	165
ENSMUST00000026470.6	ENSMUSG00000025403	-	12	0	11	0	127	NA	NA	NA	33
ENSMUST00000095266.3	ENSMUSG00000040258	-	2	0	1	0	857	NA	NA	NA	57
ENSMUST00000092074.12	ENSMUSG00000002147	+	22	1	20	0	186	NA	NA	21	116
ENSMUST00000026469.9	ENSMUSG00000025402	-	7	0	6	0	109	NA	NA	NA	83
ENSMUST00000048099.5	ENSMUSG00000040195	+	9	0	8	0	165	NA	NA	NA	130
ENSMUST00000054287.9	ENSMUSG00000044617	+	2	1	0	0	2182	NA	NA	44	NA
ENSMUST00000026461.8	ENSMUSG00000025395	+	13	0	12	0	19	NA	NA	NA	103
ENSMUST00000073868.9	ENSMUSG00000061315	+	8	1	6	0	14	NA	NA	2	70
ENSMUST00000052798.14	ENSMUSG00000071072	+	8	0	7	0	19	NA	NA	NA	2
ENSMUST00000026459.6	ENSMUSG00000025393	+	10	0	9	0	100	NA	NA	NA	127
ENSMUST00000217851.2	ENSMUSG00000040054	+	29	0	28	0	165	NA	NA	NA	4
ENSMUST00000092033.4	ENSMUSG00000040043	-	13	0	11	1	80	5	5	NA	66
ENSMUST00000055539.11	ENSMUSG00000039994	+	29	1	27	0	64	NA	NA	67	97
ENSMUST00000085708.3	ENSMUSG00000040033	+	24	1	22	0	145	NA	NA	7	131
ENSMUST00000218315.2	ENSMUSG00000005682	+	26	1	24	0	31	NA	NA	117	282
ENSMUST00000005826.9	ENSMUSG00000005683	+	11	0	10	0	164	NA	NA	NA	42
ENSMUST00000220227.2	ENSMUSG00000039914	-	5	0	4	0	167	NA	NA	NA	140
ENSMUST00000014642.10	ENSMUSG00000014498	+	28	0	27	0	250	NA	NA	NA	27
ENSMUST00000171342.3	ENSMUSG00000025373	+	8	2	4	1	351	26	26	23	90
ENSMUST00000099131.11	ENSMUSG00000025369	+	29	0	28	0	76	NA	NA	NA	111
ENSMUST00000164181.2	ENSMUSG00000090841	-	6	0	5	0	28	NA	NA	NA	3
ENSMUST00000026428.4	ENSMUSG00000039824	-	7	1	5	0	28	NA	NA	46	171
ENSMUST00000026427.8	ENSMUSG00000025366	-	31	0	30	0	39	NA	NA	NA	360
ENSMUST00000040572.10	ENSMUSG00000039810	-	3	2	0	0	1359	NA	NA	52	NA
ENSMUST00000026425.13	ENSMUSG00000025364	-	12	0	11	0	65	NA	NA	NA	88
ENSMUST00000082059.7	ENSMUSG00000018166	-	28	0	27	0	526	NA	NA	NA	82
ENSMUST00000054764.9	ENSMUSG00000049858	-	4	1	2	0	1409	NA	NA	11	53
ENSMUST00000000727.4	ENSMUSG00000000711	-	6	1	4	0	115	NA	NA	98	163
ENSMUST00000026415.9	ENSMUSG00000025358	-	7	0	6	0	104	NA	NA	NA	116
ENSMUST00000026414.9	ENSMUSG00000025357	-	24	1	22	0	83	NA	NA	72	64
ENSMUST00000217745.2	ENSMUSG00000025354	+	7	1	5	0	210	NA	NA	43	1410
ENSMUST00000026409.5	ENSMUSG00000025353	-	4	1	2	0	135	NA	NA	80	174
ENSMUST00000026408.7	ENSMUSG00000025352	-	3	0	2	0	380	NA	NA	NA	439
ENSMUST00000219317.2	ENSMUSG00000025351	+	9	2	6	0	65	NA	NA	11	66
ENSMUST00000099112.4	ENSMUSG00000025348	+	25	0	24	0	230	NA	NA	NA	206
ENSMUST00000110049.8	ENSMUSG00000020454	+	19	1	17	0	238	NA	NA	28	93
ENSMUST00000020741.12	ENSMUSG00000020457	-	9	0	8	0	99	NA	NA	NA	42
ENSMUST00000110043.8	ENSMUSG00000020453	+	5	0	4	0	418	NA	NA	NA	1271
ENSMUST00000045153.11	ENSMUSG00000034614	+	6	0	5	0	204	NA	NA	NA	70
ENSMUST00000101638.4	ENSMUSG00000020451	-	16	0	15	0	144	NA	NA	NA	16
ENSMUST00000077078.12	ENSMUSG00000020448	-	7	1	5	0	97	NA	NA	45	176
ENSMUST00000020721.15	ENSMUSG00000020439	-	21	1	18	1	144	21	21	63	51
ENSMUST00000096441.5	ENSMUSG00000034543	+	26	0	25	0	68	NA	NA	NA	68
ENSMUST00000109996.8	ENSMUSG00000047205	+	2	1	0	0	631	NA	NA	65	NA
ENSMUST00000109995.2	ENSMUSG00000048807	-	2	0	1	0	433	NA	NA	NA	622
ENSMUST00000004868.6	ENSMUSG00000004748	-	4	0	3	0	72	NA	NA	NA	67
ENSMUST00000003681.8	ENSMUSG00000003585	-	12	0	11	0	130	NA	NA	NA	54
ENSMUST00000003677.11	ENSMUSG00000003581	+	9	0	8	0	22	NA	NA	NA	291
ENSMUST00000002198.4	ENSMUSG00000002129	+	16	0	15	0	101	NA	NA	NA	63
ENSMUST00000180088.2	ENSMUSG00000034412	+	9	0	8	0	452	NA	NA	NA	209
ENSMUST00000249885.1	ENSMUSG00000034354	-	20	1	18	0	171	NA	NA	81	3
ENSMUST00000070257.14	ENSMUSG00000020412	+	20	1	18	0	171	NA	NA	17	81
ENSMUST00000058407.6	ENSMUSG00000059534	-	2	0	1	0	44	NA	NA	NA	150
ENSMUST00000009220.5	ENSMUSG00000009076	+	6	1	4	0	129	NA	NA	27	127
ENSMUST00000109910.9	ENSMUSG00000009073	-	16	0	15	0	50	NA	NA	NA	114
ENSMUST00000038570.9	ENSMUSG00000034285	+	10	0	9	0	64	NA	NA	NA	98
ENSMUST00000009234.16	ENSMUSG00000009090	+	21	1	19	0	74	NA	NA	26	37
ENSMUST00000056649.13	ENSMUSG00000034201	-	7	2	4	0	1026	NA	NA	20	633
ENSMUST00000079949.13	ENSMUSG00000009079	-	17	0	16	0	39	NA	NA	NA	13
ENSMUST00000020662.15	ENSMUSG00000020393	-	9	0	8	0	168	NA	NA	NA	91
ENSMUST00000109867.8	ENSMUSG00000041961	-	9	0	8	0	37	NA	NA	NA	291
ENSMUST00000239150.3	ENSMUSG00000020484	+	6	0	5	0	557	NA	NA	NA	206
ENSMUST00000020776.5	ENSMUSG00000020482	-	5	0	4	0	237	NA	NA	NA	182
ENSMUST00000154330.2	ENSMUSG00000020477	-	4	0	3	0	283	NA	NA	NA	39
ENSMUST00000120306.8	ENSMUSG00000049680	-	6	3	2	0	2578	NA	NA	17	34
ENSMUST00000020769.14	ENSMUSG00000020476	+	13	0	12	0	139	NA	NA	NA	83
ENSMUST00000002818.9	ENSMUSG00000002741	+	7	0	6	0	35	NA	NA	NA	104
ENSMUST00000066496.10	ENSMUSG00000053838	-	6	0	5	0	110	NA	NA	NA	192
ENSMUST00000004507.11	ENSMUSG00000004393	-	14	0	13	0	77	NA	NA	NA	60
ENSMUST00000004508.13	ENSMUSG00000004394	-	5	0	4	0	149	NA	NA	NA	160
ENSMUST00000003461.15	ENSMUSG00000020456	+	23	1	21	0	120	NA	NA	26	222
ENSMUST00000109787.8	ENSMUSG00000041164	+	20	2	17	0	107	NA	NA	61	50
ENSMUST00000109737.9	ENSMUSG00000041126	-	5	0	4	0	61	NA	NA	NA	3
ENSMUST00000179343.3	ENSMUSG00000094483	-	1	0	0	0	NA	NA	NA	NA	NA
ENSMUST00000000388.15	ENSMUSG00000000378	+	10	0	9	0	280	NA	NA	NA	30
ENSMUST00000189268.7	ENSMUSG00000000384	-	13	2	9	1	101	56	56	63	405
ENSMUST00000020702.11	ENSMUSG00000020427	-	5	0	3	1	125	15	15	NA	406
ENSMUST00000020677.8	ENSMUSG00000020407	+	9	2	6	0	139	NA	NA	19	47
ENSMUST00000047689.11	ENSMUSG00000035455	-	3	2	0	0	2061	NA	NA	10	NA
ENSMUST00000093321.12	ENSMUSG00000020176	-	17	2	14	0	146	NA	NA	26	194
ENSMUST00000046755.14	ENSMUSG00000020173	-	15	0	14	0	17	NA	NA	NA	41
ENSMUST00000020329.13	ENSMUSG00000020122	+	28	0	27	0	361	NA	NA	NA	88
ENSMUST00000102880.5	ENSMUSG00000033953	+	6	0	5	0	47	NA	NA	NA	3
ENSMUST00000020317.8	ENSMUSG00000020116	-	7	0	6	0	67	NA	NA	NA	195
ENSMUST00000076661.7	ENSMUSG00000016984	-	6	0	5	0	124	NA	NA	NA	232
ENSMUST00000185131.8	ENSMUSG00000020160	-	12	0	11	0	283	NA	NA	NA	12
ENSMUST00000093299.13	ENSMUSG00000045671	+	7	0	6	0	656	NA	NA	NA	26
ENSMUST00000000137.8	ENSMUSG00000020152	-	9	0	8	0	170	NA	NA	NA	48
ENSMUST00000163483.2	ENSMUSG00000020149	+	6	0	5	0	197	NA	NA	NA	23
ENSMUST00000050611.14	ENSMUSG00000044066	-	7	1	4	1	166	5	5	41	312
ENSMUST00000109594.8	ENSMUSG00000020142	-	8	0	7	0	234	NA	NA	NA	527
ENSMUST00000093292.11	ENSMUSG00000049800	+	2	1	0	0	933	NA	NA	4	NA
ENSMUST00000146722.9	ENSMUSG00000049659	-	9	0	8	0	147	NA	NA	NA	1923
ENSMUST00000047028.9	ENSMUSG00000042363	-	5	0	4	0	143	NA	NA	NA	36
ENSMUST00000093290.12	ENSMUSG00000020134	+	7	1	5	0	566	NA	NA	69	71
ENSMUST00000006221.14	ENSMUSG00000020128	+	23	1	21	0	105	NA	NA	20	136
ENSMUST00000102875.11	ENSMUSG00000001891	-	10	0	9	0	107	NA	NA	NA	19
ENSMUST00000020568.10	ENSMUSG00000020319	+	18	1	16	0	50	NA	NA	24	61
ENSMUST00000045167.11	ENSMUSG00000042302	-	24	0	23	0	90	NA	NA	NA	104
ENSMUST00000062844.11	ENSMUSG00000051650	-	2	1	0	0	1202	NA	NA	9	NA
ENSMUST00000159081.8	ENSMUSG00000051355	-	3	0	2	0	107	NA	NA	NA	177
ENSMUST00000173867.8	ENSMUSG00000007739	+	14	0	13	0	14	NA	NA	NA	127
ENSMUST00000102870.8	ENSMUSG00000020290	+	26	2	23	0	146	NA	NA	6	126
ENSMUST00000180046.8	ENSMUSG00000056342	+	80	0	79	0	604	NA	NA	NA	43
ENSMUST00000020523.4	ENSMUSG00000020283	-	4	0	3	0	298	NA	NA	NA	98
ENSMUST00000109525.8	ENSMUSG00000020280	+	18	1	16	0	38	NA	NA	1	126
ENSMUST00000102864.5	ENSMUSG00000020275	-	10	0	9	0	775	NA	NA	NA	10
ENSMUST00000020513.10	ENSMUSG00000020273	-	22	0	21	0	98	NA	NA	NA	17
ENSMUST00000020759.12	ENSMUSG00000020467	+	11	1	9	0	161	NA	NA	9	81
ENSMUST00000020755.12	ENSMUSG00000020463	+	16	0	15	0	95	NA	NA	NA	142
ENSMUST00000020754.10	ENSMUSG00000020462	-	10	0	9	0	101	NA	NA	NA	115
ENSMUST00000040182.13	ENSMUSG00000032740	+	32	0	30	1	64	35	35	NA	63
ENSMUST00000060992.6	ENSMUSG00000020458	+	7	0	6	0	42	NA	NA	NA	34
ENSMUST00000006629.14	ENSMUSG00000020315	-	36	1	34	0	218	NA	NA	46	148
ENSMUST00000041231.14	ENSMUSG00000040850	+	47	0	45	1	134	5	5	NA	242
ENSMUST00000073192.14	ENSMUSG00000020311	-	14	0	13	0	71	NA	NA	NA	162
ENSMUST00000020551.13	ENSMUSG00000020305	+	10	1	8	0	205	NA	NA	13	196
ENSMUST00000020546.3	ENSMUSG00000020303	-	4	0	3	0	384	NA	NA	NA	151
ENSMUST00000058060.14	ENSMUSG00000044502	-	4	0	2	1	195	2	2	NA	201
ENSMUST00000109412.9	ENSMUSG00000020300	+	9	0	8	0	227	NA	NA	NA	1125
ENSMUST00000020524.15	ENSMUSG00000020282	-	18	1	16	0	419	NA	NA	24	117
ENSMUST00000020528.14	ENSMUSG00000020287	+	4	0	3	0	421	NA	NA	NA	177
ENSMUST00000038753.6	ENSMUSG00000040711	+	13	0	12	0	1538	NA	NA	NA	75
ENSMUST00000051053.5	ENSMUSG00000044949	+	3	0	2	0	397	NA	NA	NA	70
ENSMUST00000102821.4	ENSMUSG00000020272	+	19	0	18	0	137	NA	NA	NA	156
ENSMUST00000075641.10	ENSMUSG00000057113	-	11	0	10	0	38	NA	NA	NA	58
ENSMUST00000069837.4	ENSMUSG00000056427	+	36	0	35	0	235	NA	NA	NA	197
ENSMUST00000018990.8	ENSMUSG00000018846	+	7	0	6	0	50	NA	NA	NA	28
ENSMUST00000018993.7	ENSMUSG00000018849	-	23	0	22	0	66	NA	NA	NA	119
ENSMUST00000040167.11	ENSMUSG00000042032	-	7	0	6	0	170	NA	NA	NA	63
ENSMUST00000020576.8	ENSMUSG00000020326	-	6	0	4	0	191	NA	NA	0	261
ENSMUST00000020687.15	ENSMUSG00000020415	-	6	1	4	0	79	NA	NA	11	88
ENSMUST00000050574.7	ENSMUSG00000044707	+	6	1	4	0	423	NA	NA	42	63
ENSMUST00000061070.6	ENSMUSG00000044950	+	2	0	1	0	1668	NA	NA	NA	524
ENSMUST00000102795.4	ENSMUSG00000041231	-	11	1	9	0	27	NA	NA	43	154
ENSMUST00000019333.10	ENSMUSG00000019189	+	11	1	9	0	365	NA	NA	32	184
ENSMUST00000101326.10	ENSMUSG00000057098	+	16	0	15	0	31	NA	NA	NA	134
ENSMUST00000109261.11	ENSMUSG00000006169	+	12	0	11	0	346	NA	NA	NA	41
ENSMUST00000129820.8	ENSMUSG00000044847	-	4	0	3	0	410	NA	NA	NA	451
ENSMUST00000011398.13	ENSMUSG00000011254	-	6	0	5	0	161	NA	NA	NA	191
ENSMUST00000011400.8	ENSMUSG00000011256	+	23	0	22	0	53	NA	NA	NA	97
ENSMUST00000165599.9	ENSMUSG00000020340	-	31	1	29	0	167	NA	NA	23	117
ENSMUST00000020665.13	ENSMUSG00000020397	+	3	2	0	0	718	NA	NA	17	NA
ENSMUST00000047145.14	ENSMUSG00000040365	-	6	0	5	0	601	NA	NA	NA	813
ENSMUST00000046903.6	ENSMUSG00000040350	+	7	0	6	0	511	NA	NA	NA	519
ENSMUST00000109198.8	ENSMUSG00000046311	+	4	3	0	0	2743	NA	NA	20	NA
ENSMUST00000167400.8	ENSMUSG00000020346	+	4	3	0	0	1464	NA	NA	121	NA
ENSMUST00000145353.8	ENSMUSG00000020362	-	12	1	10	0	212	NA	NA	2	112
ENSMUST00000020629.5	ENSMUSG00000020363	+	19	0	18	0	44	NA	NA	NA	7
ENSMUST00000020634.14	ENSMUSG00000020366	+	12	1	10	0	142	NA	NA	48	122
ENSMUST00000238748.2	ENSMUSG00000020376	+	8	0	7	0	109	NA	NA	NA	247
ENSMUST00000101270.5	ENSMUSG00000036644	+	22	0	21	0	710	NA	NA	NA	118
ENSMUST00000020647.10	ENSMUSG00000020381	+	7	0	6	0	482	NA	NA	NA	66
ENSMUST00000102774.11	ENSMUSG00000015837	-	8	0	7	0	157	NA	NA	NA	205
ENSMUST00000041725.14	ENSMUSG00000036620	+	15	0	14	0	23	NA	NA	NA	97
ENSMUST00000059458.5	ENSMUSG00000050567	-	5	0	4	0	979	NA	NA	NA	336
ENSMUST00000179865.8	ENSMUSG00000020368	-	15	1	13	0	53	NA	NA	3	174
ENSMUST00000077817.8	ENSMUSG00000007850	+	13	1	11	0	118	NA	NA	40	97
ENSMUST00000020643.4	ENSMUSG00000020375	-	18	0	17	0	143	NA	NA	NA	322
ENSMUST00000040523.9	ENSMUSG00000036545	+	22	0	21	0	460	NA	NA	NA	136
ENSMUST00000109119.8	ENSMUSG00000020364	+	4	0	3	0	1462	NA	NA	NA	33
ENSMUST00000093132.13	ENSMUSG00000020385	+	13	0	11	0	140	NA	NA	0	161
ENSMUST00000074669.10	ENSMUSG00000020358	-	7	1	5	0	70	NA	NA	23	224
ENSMUST00000127405.2	ENSMUSG00000001056	+	4	0	3	0	125	NA	NA	NA	160
ENSMUST00000001080.16	ENSMUSG00000001053	-	5	1	3	0	527	NA	NA	30	318
ENSMUST00000109097.9	ENSMUSG00000036391	-	23	0	22	0	114	NA	NA	NA	97
ENSMUST00000020653.6	ENSMUSG00000020386	+	7	1	5	0	116	NA	NA	17	58
ENSMUST00000020655.14	ENSMUSG00000020387	-	12	0	10	0	805	NA	NA	0	58
ENSMUST00000020657.13	ENSMUSG00000020390	-	6	0	5	0	128	NA	NA	NA	44
ENSMUST00000063303.11	ENSMUSG00000020389	+	13	1	11	0	62	NA	NA	15	165
ENSMUST00000020608.3	ENSMUSG00000020349	+	7	0	6	0	72	NA	NA	NA	102
ENSMUST00000037324.12	ENSMUSG00000036309	+	6	0	4	0	35	NA	NA	0	97
ENSMUST00000109071.3	ENSMUSG00000000782	-	11	0	10	0	79	NA	NA	NA	252
ENSMUST00000102758.8	ENSMUSG00000020402	+	9	1	7	0	91	NA	NA	3	67
ENSMUST00000020630.8	ENSMUSG00000020361	-	19	0	18	0	203	NA	NA	NA	107
ENSMUST00000060945.12	ENSMUSG00000049470	+	21	1	19	0	127	NA	NA	4	123
ENSMUST00000061326.5	ENSMUSG00000044894	-	2	0	1	0	94	NA	NA	NA	154
ENSMUST00000109013.9	ENSMUSG00000018387	+	8	1	6	0	332	NA	NA	32	939
ENSMUST00000121334.8	ENSMUSG00000018398	+	10	0	9	0	168	NA	NA	NA	30
ENSMUST00000118353.9	ENSMUSG00000018395	+	19	0	18	0	48	NA	NA	NA	6
ENSMUST00000108920.10	ENSMUSG00000018899	+	10	1	8	0	133	NA	NA	5	87
ENSMUST00000019044.8	ENSMUSG00000018900	-	10	0	9	0	87	NA	NA	NA	393
ENSMUST00000020586.7	ENSMUSG00000020334	-	10	0	9	0	75	NA	NA	NA	393
ENSMUST00000018755.10	ENSMUSG00000020388	-	7	0	6	0	204	NA	NA	NA	93
ENSMUST00000019050.12	ENSMUSG00000018906	+	16	2	13	0	70	NA	NA	18	88
ENSMUST00000046835.14	ENSMUSG00000035992	+	18	0	17	0	78	NA	NA	NA	92
ENSMUST00000064104.13	ENSMUSG00000052298	-	6	2	2	1	98	17	17	259	54
ENSMUST00000102731.8	ENSMUSG00000020400	-	19	2	16	0	34	NA	NA	36	136
ENSMUST00000102727.3	ENSMUSG00000018340	-	25	1	23	0	59	NA	NA	26	18
ENSMUST00000000608.8	ENSMUSG00000000594	+	4	0	3	0	155	NA	NA	NA	81
ENSMUST00000108872.9	ENSMUSG00000020261	+	11	1	9	0	271	NA	NA	5	140
ENSMUST00000213866.2	ENSMUSG00000018593	-	11	0	10	0	28	NA	NA	NA	9
ENSMUST00000108857.2	ENSMUSG00000018585	-	4	0	2	1	124	45	45	NA	6
ENSMUST00000018727.4	ENSMUSG00000018583	+	12	1	10	0	209	NA	NA	18	95
ENSMUST00000020831.13	ENSMUSG00000020523	-	14	1	12	0	122	NA	NA	14	180
ENSMUST00000108849.8	ENSMUSG00000020522	+	3	1	1	0	775	NA	NA	157	274
ENSMUST00000066987.14	ENSMUSG00000020520	+	12	0	11	0	158	NA	NA	NA	159
ENSMUST00000020826.6	ENSMUSG00000020519	+	4	0	3	0	128	NA	NA	NA	198
ENSMUST00000178636.2	ENSMUSG00000037331	+	19	0	18	0	206	NA	NA	NA	355
ENSMUST00000108843.8	ENSMUSG00000020515	+	7	1	5	0	149	NA	NA	94	117
ENSMUST00000172035.8	ENSMUSG00000037275	-	28	0	27	0	167	NA	NA	NA	166
ENSMUST00000116376.9	ENSMUSG00000013646	+	7	1	5	0	467	NA	NA	427	183
ENSMUST00000093061.7	ENSMUSG00000020455	+	6	0	5	0	547	NA	NA	NA	405
ENSMUST00000163300.8	ENSMUSG00000048076	-	5	1	3	0	161	NA	NA	36	148
ENSMUST00000010038.10	ENSMUSG00000009894	-	5	1	3	0	146	NA	NA	39	497
ENSMUST00000013262.15	ENSMUSG00000020472	-	10	3	6	0	751	NA	NA	37	390
ENSMUST00000102697.10	ENSMUSG00000032633	-	13	2	10	0	201	NA	NA	22	249
ENSMUST00000019517.10	ENSMUSG00000019373	-	12	0	11	0	53	NA	NA	NA	55
ENSMUST00000102695.4	ENSMUSG00000032615	+	5	0	4	0	142	NA	NA	NA	243
ENSMUST00000081980.7	ENSMUSG00000061650	+	2	0	1	0	216	NA	NA	NA	212
ENSMUST00000062405.8	ENSMUSG00000049892	-	2	0	1	0	556	NA	NA	NA	286
ENSMUST00000064190.13	ENSMUSG00000062115	+	6	2	3	0	14	NA	NA	16	5511
ENSMUST00000020846.8	ENSMUSG00000020538	-	19	0	18	0	229	NA	NA	NA	91
ENSMUST00000102683.11	ENSMUSG00000000538	-	15	0	14	0	148	NA	NA	NA	52
ENSMUST00000070681.7	ENSMUSG00000018415	+	6	0	5	0	63	NA	NA	NA	189
ENSMUST00000044250.4	ENSMUSG00000042650	+	4	0	3	0	177	NA	NA	NA	773
ENSMUST00000052346.10	ENSMUSG00000020536	+	22	0	21	0	81	NA	NA	NA	81
ENSMUST00000018743.5	ENSMUSG00000018599	+	4	1	2	0	1054	NA	NA	6	147
ENSMUST00000002891.11	ENSMUSG00000002814	-	19	0	18	0	178	NA	NA	NA	180
ENSMUST00000056907.7	ENSMUSG00000049323	+	2	0	1	0	453	NA	NA	NA	2354
ENSMUST00000019076.10	ENSMUSG00000018932	+	12	0	11	0	83	NA	NA	NA	49
ENSMUST00000074127.14	ENSMUSG00000010025	-	10	0	9	0	11	NA	NA	NA	153
ENSMUST00000010267.10	ENSMUSG00000010122	-	17	0	16	0	226	NA	NA	NA	135
ENSMUST00000079080.13	ENSMUSG00000001034	-	7	1	5	0	153	NA	NA	76	232
ENSMUST00000108712.8	ENSMUSG00000001036	-	11	2	8	0	289	NA	NA	167	595
ENSMUST00000004920.4	ENSMUSG00000004798	-	27	0	26	0	58	NA	NA	NA	90
ENSMUST00000102650.10	ENSMUSG00000047804	-	15	0	14	0	5	NA	NA	NA	88
ENSMUST00000201364.4	ENSMUSG00000042331	+	14	0	13	0	89	NA	NA	NA	147
ENSMUST00000018644.3	ENSMUSG00000018500	+	2	0	1	0	663	NA	NA	NA	335
ENSMUST00000072916.5	ENSMUSG00000014243	-	5	0	4	0	152	NA	NA	NA	76
ENSMUST00000050646.13	ENSMUSG00000042298	+	10	0	9	0	133	NA	NA	NA	181
ENSMUST00000101066.10	ENSMUSG00000018501	-	45	0	44	0	187	NA	NA	NA	108
ENSMUST00000018653.8	ENSMUSG00000018509	-	5	0	4	0	124	NA	NA	NA	350
ENSMUST00000018651.14	ENSMUSG00000018507	+	16	2	13	0	88	NA	NA	105	188
ENSMUST00000014321.5	ENSMUSG00000014177	+	7	0	6	0	26	NA	NA	NA	12
ENSMUST00000108702.8	ENSMUSG00000018217	+	5	1	3	0	163	NA	NA	39	78
ENSMUST00000049091.9	ENSMUSG00000042148	-	7	0	6	0	406	NA	NA	NA	43
ENSMUST00000093002.12	ENSMUSG00000033389	-	21	0	20	0	139	NA	NA	NA	53
ENSMUST00000116363.2	ENSMUSG00000020910	-	5	2	2	0	304	NA	NA	26	601
ENSMUST00000108681.9	ENSMUSG00000033066	+	14	0	13	0	113	NA	NA	NA	183
ENSMUST00000021284.4	ENSMUSG00000020902	-	7	1	5	0	328	NA	NA	64	1018
ENSMUST00000102611.10	ENSMUSG00000020900	+	41	1	39	0	144	NA	NA	31	345
ENSMUST00000018880.14	ENSMUSG00000018736	-	9	1	7	0	93	NA	NA	12	86
ENSMUST00000073471.13	ENSMUSG00000060938	+	4	1	2	0	128	NA	NA	5	168
ENSMUST00000102606.10	ENSMUSG00000018740	+	5	0	4	0	173	NA	NA	NA	375
ENSMUST00000116359.3	ENSMUSG00000020898	+	23	0	22	0	139	NA	NA	NA	33
ENSMUST00000051888.4	ENSMUSG00000045176	+	1	0	0	0	NA	NA	NA	NA	NA
ENSMUST00000075980.12	ENSMUSG00000020895	+	5	0	4	0	69	NA	NA	NA	87
ENSMUST00000021273.13	ENSMUSG00000020894	+	5	0	4	0	16	NA	NA	NA	2
ENSMUST00000021271.14	ENSMUSG00000020893	+	23	1	21	0	278	NA	NA	133	275
ENSMUST00000092973.6	ENSMUSG00000032782	-	19	0	18	0	119	NA	NA	NA	273
ENSMUST00000051620.5	ENSMUSG00000044795	-	4	0	3	0	230	NA	NA	NA	160
ENSMUST00000094077.5	ENSMUSG00000018476	-	23	3	19	0	23	NA	NA	5	137
ENSMUST00000108658.10	ENSMUSG00000059552	+	11	0	9	0	81	NA	NA	0	83
ENSMUST00000047889.13	ENSMUSG00000041329	-	7	0	6	0	164	NA	NA	NA	112
ENSMUST00000018909.4	ENSMUSG00000018765	+	17	0	16	0	95	NA	NA	NA	81
ENSMUST00000005336.9	ENSMUSG00000005204	-	11	1	9	0	110	NA	NA	11	697
ENSMUST00000108640.8	ENSMUSG00000018750	+	4	2	1	0	1929	NA	NA	69	1019
ENSMUST00000056484.10	ENSMUSG00000051790	-	7	0	6	0	876	NA	NA	NA	457
ENSMUST00000238978.2	ENSMUSG00000046731	-	1	0	0	0	NA	NA	NA	NA	NA
ENSMUST00000072581.9	ENSMUSG00000023170	+	11	1	9	0	83	NA	NA	67	94
ENSMUST00000164359.8	ENSMUSG00000078812	-	7	2	3	1	62	12	12	21	165
ENSMUST00000018710.13	ENSMUSG00000018566	-	11	0	10	0	203	NA	NA	NA	33
ENSMUST00000108593.8	ENSMUSG00000018559	+	8	0	7	0	60	NA	NA	NA	102
ENSMUST00000018711.15	ENSMUSG00000018567	+	4	0	3	0	65	NA	NA	NA	90
ENSMUST00000019362.15	ENSMUSG00000020888	+	15	0	14	0	448	NA	NA	NA	194
ENSMUST00000102574.10	ENSMUSG00000018574	-	20	0	19	0	140	NA	NA	NA	62
ENSMUST00000108589.10	ENSMUSG00000020886	+	22	0	21	0	106	NA	NA	NA	19
ENSMUST00000060010.3	ENSMUSG00000044367	-	4	0	3	0	205	NA	NA	NA	199
ENSMUST00000102564.11	ENSMUSG00000060216	+	15	0	14	0	93	NA	NA	NA	23
ENSMUST00000018429.12	ENSMUSG00000020828	+	25	1	23	0	224	NA	NA	1	109
ENSMUST00000072237.13	ENSMUSG00000020827	+	33	0	32	0	83	NA	NA	NA	57
ENSMUST00000014750.15	ENSMUSG00000014606	-	8	0	7	0	155	NA	NA	NA	95
ENSMUST00000037534.8	ENSMUSG00000040746	+	9	0	8	0	292	NA	NA	NA	84
ENSMUST00000018437.3	ENSMUSG00000018293	-	3	0	2	0	97	NA	NA	NA	132
ENSMUST00000072841.12	ENSMUSG00000060600	+	12	1	10	0	69	NA	NA	2	85
ENSMUST00000036299.14	ENSMUSG00000040712	-	23	1	21	0	63	NA	NA	64	31
ENSMUST00000102554.8	ENSMUSG00000020821	+	23	2	20	0	677	NA	NA	28	106
ENSMUST00000108533.10	ENSMUSG00000020817	+	18	0	17	0	101	NA	NA	NA	34
ENSMUST00000108527.8	ENSMUSG00000040620	-	12	0	11	0	308	NA	NA	NA	262
ENSMUST00000021164.4	ENSMUSG00000020808	+	6	1	3	1	33	21	21	33	288
ENSMUST00000021158.4	ENSMUSG00000020803	+	4	0	3	0	68	NA	NA	NA	145
ENSMUST00000045633.6	ENSMUSG00000040463	+	26	0	25	0	597	NA	NA	NA	192
ENSMUST00000021148.13	ENSMUSG00000020794	+	6	0	4	1	86	38	38	NA	46
ENSMUST00000079681.6	ENSMUSG00000057778	-	4	0	3	0	213	NA	NA	NA	250
ENSMUST00000207107.2	ENSMUSG00000055670	+	55	0	54	0	80	NA	NA	NA	354
ENSMUST00000092937.13	ENSMUSG00000020785	+	16	1	14	0	72	NA	NA	41	360
ENSMUST00000040687.12	ENSMUSG00000040158	+	4	0	3	0	137	NA	NA	NA	39
ENSMUST00000006103.9	ENSMUSG00000005949	-	11	1	9	0	133	NA	NA	19	61
ENSMUST00000102521.9	ENSMUSG00000038807	-	25	1	22	1	8	31	31	13	23
ENSMUST00000092915.12	ENSMUSG00000020741	+	26	0	25	0	195	NA	NA	NA	100
ENSMUST00000021091.15	ENSMUSG00000020745	-	11	1	9	0	73	NA	NA	178	32
ENSMUST00000000291.9	ENSMUSG00000000282	+	6	0	5	0	769	NA	NA	NA	73
ENSMUST00000057631.12	ENSMUSG00000038351	-	23	0	22	0	88	NA	NA	NA	57
ENSMUST00000045807.14	ENSMUSG00000038335	+	15	0	14	0	178	NA	NA	NA	97
ENSMUST00000065211.9	ENSMUSG00000001323	-	9	2	6	0	215	NA	NA	4	168
ENSMUST00000045281.13	ENSMUSG00000038290	+	19	0	18	0	130	NA	NA	NA	88
ENSMUST00000071562.3	ENSMUSG00000038268	-	2	0	1	0	493	NA	NA	NA	184
ENSMUST00000044949.11	ENSMUSG00000078789	-	13	0	11	1	89	18	18	NA	61
ENSMUST00000092907.12	ENSMUSG00000000751	-	17	0	16	0	98	NA	NA	NA	33
ENSMUST00000044530.3	ENSMUSG00000018809	+	11	1	9	0	153	NA	NA	12	134
ENSMUST00000000769.14	ENSMUSG00000000753	-	8	1	6	0	259	NA	NA	7	81
ENSMUST00000042561.14	ENSMUSG00000038178	+	14	1	12	0	161	NA	NA	41	160
ENSMUST00000143219.8	ENSMUSG00000017781	+	12	0	10	1	44	22	22	NA	20
ENSMUST00000006286.9	ENSMUSG00000006127	+	12	0	11	0	59	NA	NA	NA	98
ENSMUST00000108431.3	ENSMUSG00000017774	+	32	0	31	0	26	NA	NA	NA	18
ENSMUST00000017920.14	ENSMUSG00000017776	+	3	0	2	0	137	NA	NA	NA	241
ENSMUST00000067664.10	ENSMUSG00000020849	+	6	0	5	0	52	NA	NA	NA	64
ENSMUST00000102500.5	ENSMUSG00000049396	-	2	0	1	0	3166	NA	NA	NA	10
ENSMUST00000040577.5	ENSMUSG00000038046	+	4	0	3	0	529	NA	NA	NA	314
ENSMUST00000021204.4	ENSMUSG00000020844	-	8	0	7	0	182	NA	NA	NA	360
ENSMUST00000094012.11	ENSMUSG00000017631	-	22	0	21	0	89	NA	NA	NA	282
ENSMUST00000010536.9	ENSMUSG00000010392	-	9	0	8	0	124	NA	NA	NA	31
ENSMUST00000021201.6	ENSMUSG00000020841	-	21	0	20	0	226	NA	NA	NA	743
ENSMUST00000102494.8	ENSMUSG00000037958	-	7	0	6	0	1014	NA	NA	NA	20
ENSMUST00000037912.12	ENSMUSG00000037926	+	15	0	14	0	2090	NA	NA	NA	63
ENSMUST00000037593.14	ENSMUSG00000037907	-	15	0	14	0	228	NA	NA	NA	114
ENSMUST00000037285.10	ENSMUSG00000011877	+	20	0	19	0	212	NA	NA	NA	52
ENSMUST00000094004.5	ENSMUSG00000000686	+	2	0	1	0	525	NA	NA	NA	854
ENSMUST00000100802.11	ENSMUSG00000037857	+	4	0	3	0	52	NA	NA	NA	280
ENSMUST00000167856.8	ENSMUSG00000000631	+	38	0	37	0	144	NA	NA	NA	9
ENSMUST00000049167.14	ENSMUSG00000037791	+	15	0	14	0	334	NA	NA	NA	66
ENSMUST00000072289.12	ENSMUSG00000061981	+	11	0	10	0	38	NA	NA	NA	49
ENSMUST00000073705.12	ENSMUSG00000037750	+	3	1	1	0	1606	NA	NA	40	82
ENSMUST00000017530.4	ENSMUSG00000017386	-	7	0	6	0	632	NA	NA	NA	143
ENSMUST00000017549.13	ENSMUSG00000017405	-	15	0	14	0	28	NA	NA	NA	47
ENSMUST00000127587.8	ENSMUSG00000019437	+	4	0	3	0	383	NA	NA	NA	194
ENSMUST00000002128.14	ENSMUSG00000002059	+	11	1	9	0	67	NA	NA	159	54
ENSMUST00000002121.5	ENSMUSG00000002052	-	37	1	35	0	186	NA	NA	30	109
ENSMUST00000002133.9	ENSMUSG00000002064	+	3	0	2	0	287	NA	NA	NA	151
ENSMUST00000045026.4	ENSMUSG00000002055	+	24	0	23	0	71	NA	NA	NA	51
ENSMUST00000017534.15	ENSMUSG00000017390	+	9	1	7	0	92	NA	NA	12	112
ENSMUST00000048073.9	ENSMUSG00000041958	+	12	0	11	0	275	NA	NA	NA	34
ENSMUST00000002127.14	ENSMUSG00000002058	+	5	0	4	0	112	NA	NA	NA	220
ENSMUST00000061174.7	ENSMUSG00000050132	-	9	0	8	0	129	NA	NA	NA	470
ENSMUST00000052566.8	ENSMUSG00000051232	-	6	0	5	0	95	NA	NA	NA	211
ENSMUST00000001127.11	ENSMUSG00000001100	+	11	0	10	0	114	NA	NA	NA	161
ENSMUST00000017759.9	ENSMUSG00000017615	-	7	1	5	0	236	NA	NA	115	205
ENSMUST00000128788.8	ENSMUSG00000001105	+	6	2	3	0	81	NA	NA	2	127
ENSMUST00000103242.5	ENSMUSG00000037278	-	3	0	2	0	259	NA	NA	NA	126
ENSMUST00000142739.8	ENSMUSG00000017376	-	11	0	10	0	54	NA	NA	NA	458
ENSMUST00000018478.11	ENSMUSG00000018334	-	19	0	18	0	78	NA	NA	NA	225
ENSMUST00000017821.12	ENSMUSG00000017677	-	9	0	8	0	159	NA	NA	NA	40
ENSMUST00000017783.13	ENSMUSG00000017639	+	15	0	14	0	116	NA	NA	NA	159
ENSMUST00000017692.15	ENSMUSG00000017548	+	16	0	15	0	345	NA	NA	NA	280
ENSMUST00000061283.15	ENSMUSG00000017561	-	8	0	7	0	256	NA	NA	NA	129
ENSMUST00000017694.7	ENSMUSG00000017550	+	23	0	22	0	78	NA	NA	NA	66
ENSMUST00000050207.10	ENSMUSG00000046909	-	4	0	3	0	443	NA	NA	NA	43
ENSMUST00000017839.3	ENSMUSG00000020707	+	5	0	4	0	532	NA	NA	NA	339
ENSMUST00000077451.14	ENSMUSG00000017686	+	21	0	20	0	117	NA	NA	NA	76
ENSMUST00000053413.12	ENSMUSG00000048895	+	1	0	0	0	NA	NA	NA	NA	NA
ENSMUST00000041065.14	ENSMUSG00000035441	-	22	0	21	0	156	NA	NA	NA	95
ENSMUST00000040865.9	ENSMUSG00000035413	+	7	1	5	0	207	NA	NA	53	131
ENSMUST00000000193.6	ENSMUSG00000035385	+	3	0	2	0	252	NA	NA	NA	76
ENSMUST00000056677.8	ENSMUSG00000046010	+	1	0	0	0	NA	NA	NA	NA	NA
ENSMUST00000173347.8	ENSMUSG00000020697	+	20	1	18	0	233	NA	NA	4	550
ENSMUST00000074515.11	ENSMUSG00000020696	-	7	1	5	0	181	NA	NA	8	180
ENSMUST00000018985.15	ENSMUSG00000018841	-	10	0	9	0	83	NA	NA	NA	82
ENSMUST00000067443.10	ENSMUSG00000054404	+	6	2	3	0	804	NA	NA	28	1000
ENSMUST00000018877.9	ENSMUSG00000018733	-	4	1	2	0	399	NA	NA	112	126
ENSMUST00000018875.13	ENSMUSG00000035152	+	22	1	20	0	74	NA	NA	23	37
ENSMUST00000021018.11	ENSMUSG00000020680	+	16	0	15	0	39	NA	NA	NA	7
ENSMUST00000049257.8	ENSMUSG00000020677	+	15	0	14	0	57	NA	NA	NA	87
ENSMUST00000049714.15	ENSMUSG00000034940	+	22	0	21	0	131	NA	NA	NA	71
ENSMUST00000100705.11	ENSMUSG00000018648	-	3	2	0	0	693	NA	NA	97	NA
ENSMUST00000018795.13	ENSMUSG00000018651	-	16	1	14	0	185	NA	NA	83	25
ENSMUST00000103201.8	ENSMUSG00000020532	+	56	2	53	0	123	NA	NA	26	224
ENSMUST00000047560.8	ENSMUSG00000034449	-	7	0	6	0	41	NA	NA	NA	147
ENSMUST00000018547.9	ENSMUSG00000020530	-	15	1	13	0	203	NA	NA	103	93
ENSMUST00000067058.3	ENSMUSG00000045140	-	2	1	0	0	1522	NA	NA	11	NA
ENSMUST00000093969.11	ENSMUSG00000020527	+	25	1	23	0	128	NA	NA	130	12
ENSMUST00000108075.9	ENSMUSG00000000804	-	34	0	33	0	173	NA	NA	NA	58
ENSMUST00000018625.10	ENSMUSG00000018481	-	13	0	12	0	253	NA	NA	NA	138
ENSMUST00000020835.16	ENSMUSG00000020525	+	6	0	5	0	557	NA	NA	NA	451
ENSMUST00000044423.4	ENSMUSG00000034329	-	20	1	18	0	616	NA	NA	30	93
ENSMUST00000018212.13	ENSMUSG00000018068	-	25	1	23	0	169	NA	NA	11	296
ENSMUST00000043624.9	ENSMUSG00000034297	-	30	0	29	0	132	NA	NA	NA	66
ENSMUST00000020827.7	ENSMUSG00000020521	+	9	1	7	0	134	NA	NA	51	394
ENSMUST00000154617.8	ENSMUSG00000020516	-	15	0	14	0	237	NA	NA	NA	141
ENSMUST00000018315.10	ENSMUSG00000018171	-	12	1	10	0	143	NA	NA	26	76
ENSMUST00000108022.8	ENSMUSG00000072582	+	2	0	0	0	545	NA	NA	0	NA
ENSMUST00000060766.16	ENSMUSG00000047126	-	32	0	31	0	124	NA	NA	NA	42
ENSMUST00000018569.14	ENSMUSG00000018425	-	18	0	17	0	139	NA	NA	NA	112
ENSMUST00000018571.5	ENSMUSG00000018427	-	5	1	3	0	89	NA	NA	197	117
ENSMUST00000020804.8	ENSMUSG00000061666	-	10	0	9	0	122	NA	NA	NA	142
ENSMUST00000020801.14	ENSMUSG00000020495	-	4	0	3	0	197	NA	NA	NA	1759
ENSMUST00000051395.9	ENSMUSG00000020493	-	10	1	8	0	68	NA	NA	5	128
ENSMUST00000020794.6	ENSMUSG00000020492	+	4	0	3	0	65	NA	NA	NA	33
ENSMUST00000041282.13	ENSMUSG00000018548	+	24	0	23	0	82	NA	NA	NA	21
ENSMUST00000055438.5	ENSMUSG00000046442	-	7	0	6	0	1048	NA	NA	NA	455
ENSMUST00000103179.10	ENSMUSG00000018401	+	19	1	17	0	177	NA	NA	42	3
ENSMUST00000093955.12	ENSMUSG00000020485	+	5	0	4	0	67	NA	NA	NA	69
ENSMUST00000178105.3	ENSMUSG00000020483	-	2	0	1	0	137	NA	NA	NA	132
ENSMUST00000139129.9	ENSMUSG00000018379	+	4	0	3	0	194	NA	NA	NA	194
ENSMUST00000018521.11	ENSMUSG00000018377	+	6	0	5	0	427	NA	NA	NA	33
ENSMUST00000018522.13	ENSMUSG00000018378	+	11	1	8	1	67	4	4	268	342
ENSMUST00000107903.8	ENSMUSG00000018428	-	11	1	9	0	74	NA	NA	31	1576
ENSMUST00000000287.9	ENSMUSG00000000278	-	13	0	12	0	62	NA	NA	NA	76
ENSMUST00000107896.10	ENSMUSG00000000275	+	9	0	8	0	526	NA	NA	NA	594
ENSMUST00000107894.8	ENSMUSG00000000276	-	12	1	10	0	179	NA	NA	646	455
ENSMUST00000020864.9	ENSMUSG00000020553	-	6	0	5	0	65	NA	NA	NA	141
ENSMUST00000004050.7	ENSMUSG00000003948	+	7	0	6	0	200	NA	NA	NA	26
ENSMUST00000004051.8	ENSMUSG00000003949	-	4	0	3	0	215	NA	NA	NA	115
ENSMUST00000107853.8	ENSMUSG00000059474	+	16	1	14	0	118	NA	NA	46	154
ENSMUST00000135884.8	ENSMUSG00000037601	-	5	1	3	0	117	NA	NA	4	126
ENSMUST00000041956.14	ENSMUSG00000020859	+	29	0	28	0	115	NA	NA	NA	303
ENSMUST00000041589.6	ENSMUSG00000037573	+	2	1	0	0	1242	NA	NA	154	NA
ENSMUST00000107821.9	ENSMUSG00000020863	-	11	0	9	1	160	34	34	NA	99
ENSMUST00000107818.9	ENSMUSG00000020864	+	5	0	4	0	146	NA	NA	NA	134
ENSMUST00000178136.8	ENSMUSG00000020865	-	31	0	30	0	108	NA	NA	NA	45
ENSMUST00000103164.4	ENSMUSG00000076435	-	16	0	15	0	50	NA	NA	NA	128
ENSMUST00000021239.7	ENSMUSG00000020869	+	7	0	6	0	247	NA	NA	NA	105
ENSMUST00000039949.5	ENSMUSG00000039055	-	9	1	7	0	176	NA	NA	29	772
ENSMUST00000001547.8	ENSMUSG00000001506	+	51	0	50	0	146	NA	NA	NA	76
ENSMUST00000038696.12	ENSMUSG00000038976	+	10	0	9	0	53	NA	NA	NA	1371
ENSMUST00000038431.8	ENSMUSG00000038967	-	11	0	10	0	140	NA	NA	NA	118
ENSMUST00000001548.14	ENSMUSG00000001507	-	26	0	24	1	110	32	32	NA	206
ENSMUST00000107734.10	ENSMUSG00000038909	-	15	0	14	0	101	NA	NA	NA	15
ENSMUST00000037502.7	ENSMUSG00000038893	+	8	0	7	0	297	NA	NA	NA	196
ENSMUST00000107724.9	ENSMUSG00000057522	+	11	2	8	0	144	NA	NA	66	78
ENSMUST00000125172.8	ENSMUSG00000038845	+	7	1	5	0	212	NA	NA	27	88
ENSMUST00000107717.8	ENSMUSG00000075595	+	6	1	4	0	520	NA	NA	251	897
ENSMUST00000013559.3	ENSMUSG00000013415	-	15	0	14	0	92	NA	NA	NA	175
ENSMUST00000006217.10	ENSMUSG00000006058	+	8	0	7	0	137	NA	NA	NA	54
ENSMUST00000100528.5	ENSMUSG00000014349	-	7	0	6	0	170	NA	NA	NA	323
ENSMUST00000021246.9	ENSMUSG00000020876	-	9	3	5	0	276	NA	NA	13	42
ENSMUST00000167149.8	ENSMUSG00000038615	-	5	1	3	0	1340	NA	NA	516	510
ENSMUST00000103152.11	ENSMUSG00000018669	-	14	0	13	0	65	NA	NA	NA	6
ENSMUST00000018803.12	ENSMUSG00000018659	-	7	0	6	0	168	NA	NA	NA	138
ENSMUST00000107624.8	ENSMUSG00000018678	-	7	0	6	0	100	NA	NA	NA	7
ENSMUST00000090020.13	ENSMUSG00000038534	+	23	1	21	0	108	NA	NA	77	75
ENSMUST00000066078.12	ENSMUSG00000038517	-	9	0	8	0	128	NA	NA	NA	225
ENSMUST00000001479.5	ENSMUSG00000001440	-	22	0	21	0	0	NA	NA	NA	40
ENSMUST00000001480.14	ENSMUSG00000001441	-	23	0	22	0	152	NA	NA	NA	258
ENSMUST00000045540.4	ENSMUSG00000038485	+	10	0	8	1	120	31	31	NA	782
ENSMUST00000121799.8	ENSMUSG00000049807	+	24	0	23	0	1016	NA	NA	NA	63
ENSMUST00000044730.12	ENSMUSG00000038437	+	20	0	19	0	41	NA	NA	NA	109
ENSMUST00000179765.8	ENSMUSG00000018537	-	11	2	8	0	371	NA	NA	41	112
ENSMUST00000018691.9	ENSMUSG00000018547	-	10	0	9	0	80	NA	NA	NA	159
ENSMUST00000018685.9	ENSMUSG00000018541	-	10	0	9	0	114	NA	NA	NA	18
ENSMUST00000043843.12	ENSMUSG00000038366	+	7	0	6	0	173	NA	NA	NA	69
ENSMUST00000017552.13	ENSMUSG00000020882	-	14	0	13	0	461	NA	NA	NA	84
ENSMUST00000017548.7	ENSMUSG00000017404	+	6	0	5	0	123	NA	NA	NA	5
ENSMUST00000103143.10	ENSMUSG00000020883	-	15	0	14	0	107	NA	NA	NA	42
ENSMUST00000107545.9	ENSMUSG00000018160	-	17	0	16	0	3228	NA	NA	NA	25
ENSMUST00000107538.2	ENSMUSG00000003119	+	14	0	13	0	706	NA	NA	NA	1043
ENSMUST00000018311.5	ENSMUSG00000018167	+	15	1	13	0	104	NA	NA	51	222
ENSMUST00000019456.5	ENSMUSG00000019312	+	15	1	13	0	146	NA	NA	5	152
ENSMUST00000052919.8	ENSMUSG00000038150	-	4	1	2	0	135	NA	NA	25	174
ENSMUST00000017365.15	ENSMUSG00000017221	+	12	0	11	0	77	NA	NA	NA	208
ENSMUST00000037915.9	ENSMUSG00000052915	+	9	0	8	0	90	NA	NA	NA	774
ENSMUST00000037480.9	ENSMUSG00000038013	+	8	1	6	0	40	NA	NA	68	63
ENSMUST00000092706.13	ENSMUSG00000017499	+	12	1	10	0	89	NA	NA	13	181
ENSMUST00000107474.8	ENSMUSG00000037992	+	9	1	7	0	217	NA	NA	373	178
ENSMUST00000017637.13	ENSMUSG00000017493	+	4	0	3	0	134	NA	NA	NA	349
ENSMUST00000103133.4	ENSMUSG00000037935	-	11	1	9	0	208	NA	NA	45	7
ENSMUST00000007317.8	ENSMUSG00000020911	-	6	0	5	0	254	NA	NA	NA	429
ENSMUST00000049385.14	ENSMUSG00000035530	+	4	0	3	0	44	NA	NA	NA	31
ENSMUST00000001592.15	ENSMUSG00000001552	-	14	1	11	1	151	15	15	8	208
ENSMUST00000066489.13	ENSMUSG00000006931	-	8	0	7	0	22	NA	NA	NA	480
ENSMUST00000001595.10	ENSMUSG00000001555	+	10	0	9	0	185	NA	NA	NA	242
ENSMUST00000107389.8	ENSMUSG00000020917	-	29	1	27	0	94	NA	NA	23	159
ENSMUST00000103120.5	ENSMUSG00000006782	+	4	0	3	0	449	NA	NA	NA	3
ENSMUST00000014339.15	ENSMUSG00000014195	-	14	0	13	0	37	NA	NA	NA	77
ENSMUST00000107376.8	ENSMUSG00000017837	+	4	1	2	0	239	NA	NA	14	94
ENSMUST00000103118.4	ENSMUSG00000020918	-	18	0	17	0	193	NA	NA	NA	324
ENSMUST00000107364.8	ENSMUSG00000019173	-	6	1	4	0	115	NA	NA	88	166
ENSMUST00000107358.9	ENSMUSG00000020919	-	19	1	17	0	126	NA	NA	10	128
ENSMUST00000004145.14	ENSMUSG00000004043	+	20	2	17	0	162	NA	NA	10	128
ENSMUST00000127638.8	ENSMUSG00000004040	-	24	1	22	0	55	NA	NA	23	128
ENSMUST00000060792.6	ENSMUSG00000004044	-	2	0	1	0	701	NA	NA	NA	477
ENSMUST00000044721.13	ENSMUSG00000019302	+	22	1	20	0	93	NA	NA	64	117
ENSMUST00000001802.10	ENSMUSG00000001751	+	6	0	5	0	1204	NA	NA	NA	377
ENSMUST00000001806.10	ENSMUSG00000001755	+	10	1	8	0	62	NA	NA	11	697
ENSMUST00000107302.8	ENSMUSG00000017801	+	8	0	7	0	56	NA	NA	NA	42
ENSMUST00000017946.6	ENSMUSG00000017802	-	9	0	8	0	457	NA	NA	NA	239
ENSMUST00000043680.9	ENSMUSG00000035198	+	11	0	10	0	197	NA	NA	NA	49
ENSMUST00000107285.8	ENSMUSG00000006920	-	21	1	19	0	60	NA	NA	62	5
ENSMUST00000042477.13	ENSMUSG00000078656	+	6	0	5	0	112	NA	NA	NA	53
ENSMUST00000017332.4	ENSMUSG00000017188	-	2	0	1	0	112	NA	NA	NA	214
ENSMUST00000130916.8	ENSMUSG00000035086	-	12	1	10	0	168	NA	NA	2	127
ENSMUST00000019470.14	ENSMUSG00000078652	+	11	0	10	0	80	NA	NA	NA	42
ENSMUST00000010502.13	ENSMUSG00000010358	+	7	0	6	0	191	NA	NA	NA	21
ENSMUST00000040430.8	ENSMUSG00000034993	-	6	0	5	0	83	NA	NA	NA	426
ENSMUST00000017290.11	ENSMUSG00000017146	-	23	1	21	0	145	NA	NA	19	80
ENSMUST00000107212.8	ENSMUSG00000017119	+	21	1	19	0	173	NA	NA	9	102
ENSMUST00000039388.3	ENSMUSG00000034936	+	2	1	0	0	707	NA	NA	102	NA
ENSMUST00000039152.14	ENSMUSG00000034931	+	23	0	22	0	219	NA	NA	NA	148
ENSMUST00000017868.7	ENSMUSG00000017724	-	13	1	11	0	224	NA	NA	51	60
ENSMUST00000003612.13	ENSMUSG00000003518	-	3	0	2	0	205	NA	NA	NA	125
ENSMUST00000100400.9	ENSMUSG00000052373	-	18	0	17	0	176	NA	NA	NA	25
ENSMUST00000100398.5	ENSMUSG00000017314	-	12	0	11	0	176	NA	NA	NA	82
ENSMUST00000021296.7	ENSMUSG00000020921	-	4	0	3	0	308	NA	NA	NA	137
ENSMUST00000021297.6	ENSMUSG00000020922	-	5	0	4	0	92	NA	NA	NA	124
ENSMUST00000070334.10	ENSMUSG00000034793	+	7	1	5	0	363	NA	NA	55	218
ENSMUST00000107152.9	ENSMUSG00000008855	-	27	1	25	0	39	NA	NA	200	22
ENSMUST00000036376.13	ENSMUSG00000034757	+	4	1	2	0	360	NA	NA	20	35
ENSMUST00000107132.3	ENSMUSG00000059995	-	13	1	11	0	148	NA	NA	60	51
ENSMUST00000174302.8	ENSMUSG00000020923	-	21	1	19	0	125	NA	NA	67	58
ENSMUST00000018821.9	ENSMUSG00000018677	-	12	1	10	0	115	NA	NA	15	85
ENSMUST00000049057.5	ENSMUSG00000034685	-	8	0	7	0	1446	NA	NA	NA	118
ENSMUST00000143842.2	ENSMUSG00000034621	-	8	0	7	0	3894	NA	NA	NA	45
ENSMUST00000057893.7	ENSMUSG00000050288	+	1	0	0	0	NA	NA	NA	NA	NA
ENSMUST00000092569.13	ENSMUSG00000020925	-	5	0	4	0	187	NA	NA	NA	198
ENSMUST00000107075.9	ENSMUSG00000034520	-	3	2	0	0	1210	NA	NA	20	NA
ENSMUST00000021311.10	ENSMUSG00000051378	-	16	1	14	0	76	NA	NA	8	319
ENSMUST00000021313.9	ENSMUSG00000020935	-	5	1	3	0	291	NA	NA	95	112
ENSMUST00000021314.8	ENSMUSG00000020936	+	12	0	11	0	20	NA	NA	NA	131
ENSMUST00000107040.10	ENSMUSG00000056938	+	9	2	6	0	119	NA	NA	37	82
ENSMUST00000053063.7	ENSMUSG00000048878	+	1	0	0	0	NA	NA	NA	NA	NA
ENSMUST00000021324.3	ENSMUSG00000020941	-	16	1	14	0	164	NA	NA	19	256
ENSMUST00000041272.10	ENSMUSG00000034247	-	12	1	10	0	111	NA	NA	41	45
ENSMUST00000021329.14	ENSMUSG00000020946	-	6	0	5	0	161	NA	NA	NA	29
ENSMUST00000103075.11	ENSMUSG00000034187	-	21	0	20	0	21	NA	NA	NA	12
ENSMUST00000100347.11	ENSMUSG00000018411	+	12	1	10	0	215	NA	NA	13	100
ENSMUST00000106972.8	ENSMUSG00000018412	-	15	1	13	0	227	NA	NA	83	1289
ENSMUST00000106962.9	ENSMUSG00000020687	-	19	0	18	0	82	NA	NA	NA	27
ENSMUST00000021028.5	ENSMUSG00000020689	+	15	0	14	0	65	NA	NA	NA	76
ENSMUST00000106941.9	ENSMUSG00000020694	+	22	1	20	0	173	NA	NA	2	81
ENSMUST00000100335.10	ENSMUSG00000020695	+	30	0	29	0	226	NA	NA	NA	115
ENSMUST00000019734.11	ENSMUSG00000019590	-	6	1	4	0	192	NA	NA	13	199
ENSMUST00000058438.9	ENSMUSG00000049354	+	7	0	6	0	172	NA	NA	NA	138
ENSMUST00000002048.8	ENSMUSG00000001983	+	5	0	4	0	200	NA	NA	NA	271
ENSMUST00000002044.10	ENSMUSG00000020700	+	16	0	15	0	228	NA	NA	NA	4
ENSMUST00000045923.10	ENSMUSG00000040699	-	5	1	3	0	159	NA	NA	53	42
ENSMUST00000007444.14	ENSMUSG00000069631	-	13	1	11	0	152	NA	NA	44	36
ENSMUST00000002043.10	ENSMUSG00000078622	-	13	1	11	0	80	NA	NA	17	264
ENSMUST00000021046.6	ENSMUSG00000020705	+	18	1	16	0	674	NA	NA	17	221
ENSMUST00000001059.9	ENSMUSG00000020715	-	22	0	21	0	212	NA	NA	NA	60
ENSMUST00000042780.14	ENSMUSG00000040548	-	12	1	10	0	122	NA	NA	25	1638
ENSMUST00000021062.12	ENSMUSG00000020719	-	13	0	12	0	406	NA	NA	NA	44
ENSMUST00000018516.11	ENSMUSG00000018372	+	20	0	19	0	191	NA	NA	NA	19
ENSMUST00000092517.9	ENSMUSG00000018363	-	19	0	18	0	99	NA	NA	NA	52
ENSMUST00000018506.13	ENSMUSG00000018362	-	11	1	9	0	92	NA	NA	23	75
ENSMUST00000103064.10	ENSMUSG00000040430	-	10	0	9	0	5	NA	NA	NA	48
ENSMUST00000021063.13	ENSMUSG00000020720	+	11	0	10	0	209	NA	NA	NA	108
ENSMUST00000059595.11	ENSMUSG00000050965	-	17	0	16	0	164	NA	NA	NA	173
ENSMUST00000020930.14	ENSMUSG00000020611	+	4	0	3	0	572	NA	NA	NA	283
ENSMUST00000070872.13	ENSMUSG00000041920	-	6	1	4	0	250	NA	NA	7	232
ENSMUST00000020928.13	ENSMUSG00000020604	+	14	3	10	0	274	NA	NA	665	218
ENSMUST00000106677.8	ENSMUSG00000020612	+	12	2	9	0	172	NA	NA	6	177
ENSMUST00000043961.12	ENSMUSG00000018800	-	39	1	37	0	107	NA	NA	18	102
ENSMUST00000000579.3	ENSMUSG00000000567	+	3	0	2	0	838	NA	NA	NA	431
ENSMUST00000042657.16	ENSMUSG00000041654	-	11	1	9	0	78	NA	NA	11	108
ENSMUST00000120194.2	ENSMUSG00000041629	-	3	0	2	0	233	NA	NA	NA	224
ENSMUST00000106616.2	ENSMUSG00000041598	-	2	1	0	0	1151	NA	NA	102	NA
ENSMUST00000053361.12	ENSMUSG00000051043	+	5	1	3	0	32	NA	NA	32	1048
ENSMUST00000021077.4	ENSMUSG00000020733	+	6	0	5	0	194	NA	NA	NA	426
ENSMUST00000061450.7	ENSMUSG00000045980	+	10	1	8	0	760	NA	NA	68	45
ENSMUST00000106542.9	ENSMUSG00000034586	-	19	0	18	0	63	NA	NA	NA	66
ENSMUST00000053288.6	ENSMUSG00000050910	+	5	0	4	0	891	NA	NA	NA	79
ENSMUST00000103035.10	ENSMUSG00000016940	+	6	0	5	0	29	NA	NA	NA	339
ENSMUST00000021083.7	ENSMUSG00000020737	-	5	0	4	0	148	NA	NA	NA	56
ENSMUST00000153892.2	ENSMUSG00000020738	-	4	0	3	0	62	NA	NA	NA	21
ENSMUST00000058109.9	ENSMUSG00000046756	+	5	0	4	0	221	NA	NA	NA	83
ENSMUST00000106507.9	ENSMUSG00000020743	-	5	0	4	0	227	NA	NA	NA	82
ENSMUST00000106497.8	ENSMUSG00000059923	-	5	0	4	0	185	NA	NA	NA	78
ENSMUST00000093912.11	ENSMUSG00000020747	+	32	1	30	0	72	NA	NA	106	24
ENSMUST00000041684.11	ENSMUSG00000034471	-	20	1	18	0	90	NA	NA	402	94
ENSMUST00000021134.10	ENSMUSG00000020781	+	11	0	10	0	150	NA	NA	NA	56
ENSMUST00000103032.11	ENSMUSG00000020782	+	26	1	24	0	7	NA	NA	31	75
ENSMUST00000021097.10	ENSMUSG00000020752	-	19	0	18	0	100	NA	NA	NA	130
ENSMUST00000140991.2	ENSMUSG00000020755	+	11	0	10	0	181	NA	NA	NA	106
ENSMUST00000106460.9	ENSMUSG00000020758	+	40	1	38	0	139	NA	NA	10	82
ENSMUST00000021116.12	ENSMUSG00000020770	+	16	0	15	0	155	NA	NA	NA	104
ENSMUST00000074628.13	ENSMUSG00000034341	-	8	0	7	0	53	NA	NA	NA	59
ENSMUST00000021120.6	ENSMUSG00000020773	-	6	0	5	0	640	NA	NA	NA	687
ENSMUST00000072948.11	ENSMUSG00000020777	-	14	0	13	0	50	NA	NA	NA	109
ENSMUST00000100202.10	ENSMUSG00000052949	-	19	0	18	0	124	NA	NA	NA	88
ENSMUST00000057676.7	ENSMUSG00000050628	+	3	0	2	0	311	NA	NA	NA	120
ENSMUST00000103029.10	ENSMUSG00000020806	-	19	2	16	0	419	NA	NA	56	144
ENSMUST00000047616.10	ENSMUSG00000056962	-	6	0	5	0	131	NA	NA	NA	129
ENSMUST00000106370.10	ENSMUSG00000090266	+	5	0	4	0	165	NA	NA	NA	168
ENSMUST00000092404.13	ENSMUSG00000034120	-	3	0	1	1	303	8	8	NA	362
ENSMUST00000021177.15	ENSMUSG00000020823	+	17	1	15	0	15	NA	NA	30	63
ENSMUST00000100193.8	ENSMUSG00000059248	+	10	1	8	0	132	NA	NA	32	160
ENSMUST00000026658.13	ENSMUSG00000025571	+	22	1	20	0	360	NA	NA	37	63
ENSMUST00000026659.10	ENSMUSG00000025572	-	20	1	18	0	90	NA	NA	73	56
ENSMUST00000026649.14	ENSMUSG00000048277	+	4	0	3	0	197	NA	NA	NA	99
ENSMUST00000081387.11	ENSMUSG00000017716	+	4	0	3	0	83	NA	NA	NA	111
ENSMUST00000054002.4	ENSMUSG00000053113	-	2	1	0	0	765	NA	NA	88	NA
ENSMUST00000017276.14	ENSMUSG00000017132	-	13	0	12	0	78	NA	NA	NA	22
ENSMUST00000106296.9	ENSMUSG00000033909	-	21	2	17	1	131	21	21	9	253
ENSMUST00000017610.11	ENSMUSG00000017466	-	5	0	4	0	197	NA	NA	NA	130
ENSMUST00000106288.8	ENSMUSG00000025575	-	5	2	2	0	370	NA	NA	22	637
ENSMUST00000017590.9	ENSMUSG00000017446	+	4	1	2	0	550	NA	NA	4	155
ENSMUST00000135383.9	ENSMUSG00000033857	+	14	0	13	0	416	NA	NA	NA	119
ENSMUST00000026662.8	ENSMUSG00000025577	+	5	0	4	0	1271	NA	NA	NA	72
ENSMUST00000026663.8	ENSMUSG00000025578	-	5	0	4	0	842	NA	NA	NA	69
ENSMUST00000026665.8	ENSMUSG00000039989	-	5	0	4	0	1409	NA	NA	NA	69
ENSMUST00000036113.4	ENSMUSG00000039976	-	12	1	10	0	248	NA	NA	58	178
ENSMUST00000005173.11	ENSMUSG00000005043	-	8	0	7	0	559	NA	NA	NA	88
ENSMUST00000026670.5	ENSMUSG00000025582	-	5	0	4	0	221	NA	NA	NA	444
ENSMUST00000026671.13	ENSMUSG00000025583	+	34	0	33	0	68	NA	NA	NA	162
ENSMUST00000026434.13	ENSMUSG00000025371	+	8	0	7	0	52	NA	NA	NA	63
ENSMUST00000106233.2	ENSMUSG00000025372	+	15	0	13	1	27	21	21	NA	54
ENSMUST00000122148.8	ENSMUSG00000039741	+	28	1	26	0	206	NA	NA	220	178
ENSMUST00000071555.13	ENSMUSG00000062825	-	6	1	4	0	143	NA	NA	6	123
ENSMUST00000026448.10	ENSMUSG00000025384	-	10	0	8	1	131	5	5	NA	165
ENSMUST00000044271.15	ENSMUSG00000039703	-	17	0	16	0	157	NA	NA	NA	15
ENSMUST00000106203.9	ENSMUSG00000025793	+	22	0	21	0	110	NA	NA	NA	37
ENSMUST00000026899.4	ENSMUSG00000025792	+	11	0	10	0	104	NA	NA	NA	90
ENSMUST00000026122.11	ENSMUSG00000025130	-	11	0	10	0	77	NA	NA	NA	151
ENSMUST00000106197.10	ENSMUSG00000025132	-	6	1	4	0	199	NA	NA	22	190
ENSMUST00000080202.12	ENSMUSG00000025138	-	10	0	9	0	201	NA	NA	NA	96
ENSMUST00000058162.14	ENSMUSG00000051510	-	3	1	1	0	452	NA	NA	28	36
ENSMUST00000116305.8	ENSMUSG00000025156	+	14	0	13	0	74	NA	NA	NA	33
ENSMUST00000167023.8	ENSMUSG00000025155	-	14	1	12	0	139	NA	NA	10	237
ENSMUST00000055655.9	ENSMUSG00000025153	-	43	1	41	0	137	NA	NA	9	127
ENSMUST00000070653.13	ENSMUSG00000025161	+	6	2	3	0	277	NA	NA	21	223
ENSMUST00000018274.10	ENSMUSG00000025162	-	9	0	8	0	50	NA	NA	NA	76
ENSMUST00000026169.7	ENSMUSG00000025169	-	9	0	8	0	136	NA	NA	NA	74
ENSMUST00000103015.4	ENSMUSG00000000056	+	11	0	10	0	241	NA	NA	NA	27
ENSMUST00000106113.2	ENSMUSG00000039275	+	9	0	8	0	196	NA	NA	NA	392
ENSMUST00000026173.13	ENSMUSG00000025173	-	10	0	9	0	106	NA	NA	NA	67
ENSMUST00000106089.8	ENSMUSG00000039208	+	4	1	2	0	319	NA	NA	76	310
ENSMUST00000021001.10	ENSMUSG00000020671	-	6	0	5	0	83	NA	NA	NA	127
ENSMUST00000220210.2	ENSMUSG00000020668	+	9	1	7	0	96	NA	NA	209	1551
ENSMUST00000174663.8	ENSMUSG00000071454	+	21	1	18	1	4	32	32	1	67
ENSMUST00000020991.15	ENSMUSG00000020661	+	23	1	21	0	141	NA	NA	171	63
ENSMUST00000111178.2	ENSMUSG00000020658	-	23	0	22	0	105	NA	NA	NA	7
ENSMUST00000127756.8	ENSMUSG00000020654	+	22	1	20	0	182	NA	NA	179	675
ENSMUST00000140975.8	ENSMUSG00000020652	-	7	1	5	0	136	NA	NA	81	46
ENSMUST00000085814.5	ENSMUSG00000020647	-	23	3	18	1	44	11	11	17	89
ENSMUST00000220311.2	ENSMUSG00000020640	+	40	1	38	0	157	NA	NA	32	31
ENSMUST00000020964.7	ENSMUSG00000020635	-	4	0	3	0	128	NA	NA	NA	37
ENSMUST00000020962.12	ENSMUSG00000020634	-	7	1	5	0	189	NA	NA	12	41
ENSMUST00000045664.7	ENSMUSG00000052812	+	31	0	30	0	41	NA	NA	NA	213
ENSMUST00000037383.13	ENSMUSG00000037669	+	7	1	5	0	191	NA	NA	2	154
ENSMUST00000020927.10	ENSMUSG00000020605	+	7	0	6	0	255	NA	NA	NA	32
ENSMUST00000067384.6	ENSMUSG00000054364	-	1	0	0	0	NA	NA	NA	NA	NA
ENSMUST00000111123.9	ENSMUSG00000020594	+	21	1	19	0	131	NA	NA	18	51
ENSMUST00000020911.14	ENSMUSG00000020592	+	5	0	4	0	169	NA	NA	NA	66
ENSMUST00000020909.5	ENSMUSG00000020585	+	7	0	6	0	74	NA	NA	NA	111
ENSMUST00000111113.3	ENSMUSG00000066643	+	27	0	26	0	150	NA	NA	NA	24
ENSMUST00000085741.2	ENSMUSG00000066637	+	3	0	2	0	139	NA	NA	NA	140
ENSMUST00000057021.9	ENSMUSG00000048387	+	3	1	1	0	135	NA	NA	34	665
ENSMUST00000020947.7	ENSMUSG00000020621	+	2	0	1	0	617	NA	NA	NA	387
ENSMUST00000166117.4	ENSMUSG00000051235	-	14	1	12	0	1321	NA	NA	26	161
ENSMUST00000020931.6	ENSMUSG00000020608	+	27	1	25	0	114	NA	NA	5	138
ENSMUST00000071103.10	ENSMUSG00000037149	-	26	0	25	0	130	NA	NA	NA	16
ENSMUST00000020922.8	ENSMUSG00000020601	-	3	0	2	0	468	NA	NA	NA	270
ENSMUST00000067124.6	ENSMUSG00000020593	-	21	1	19	0	159	NA	NA	9	192
ENSMUST00000020908.9	ENSMUSG00000057469	+	7	0	6	0	19	NA	NA	NA	108
ENSMUST00000020904.8	ENSMUSG00000020580	+	33	0	32	0	3	NA	NA	NA	141
ENSMUST00000057288.8	ENSMUSG00000020571	+	13	0	12	0	68	NA	NA	NA	34
ENSMUST00000171737.3	ENSMUSG00000011179	+	12	2	9	0	144	NA	NA	16	102
ENSMUST00000064595.15	ENSMUSG00000052632	+	29	0	28	0	74	NA	NA	NA	126
ENSMUST00000232072.2	ENSMUSG00000062352	-	8	1	5	1	71	10	10	59	72
ENSMUST00000064536.13	ENSMUSG00000052593	-	19	0	18	0	350	NA	NA	NA	97
ENSMUST00000135088.9	ENSMUSG00000076432	-	6	1	4	0	59	NA	NA	40	294
ENSMUST00000020982.7	ENSMUSG00000020653	+	4	0	3	0	280	NA	NA	NA	42
ENSMUST00000020980.12	ENSMUSG00000020649	+	10	0	9	0	152	NA	NA	NA	99
ENSMUST00000110942.11	ENSMUSG00000020646	+	13	0	12	0	225	NA	NA	NA	75
ENSMUST00000222941.2	ENSMUSG00000036333	+	30	1	28	0	1259	NA	NA	33	108
ENSMUST00000221761.2	ENSMUSG00000020644	-	4	1	1	1	56	8	8	243	348
ENSMUST00000020971.14	ENSMUSG00000020642	-	10	3	6	0	131	NA	NA	11	135
ENSMUST00000020957.13	ENSMUSG00000020629	+	4	0	3	0	119	NA	NA	NA	120
ENSMUST00000122328.8	ENSMUSG00000020674	+	23	0	22	0	119	NA	NA	NA	191
ENSMUST00000057151.10	ENSMUSG00000043061	+	5	0	4	0	95	NA	NA	NA	57
ENSMUST00000169088.8	ENSMUSG00000002900	+	34	1	32	0	136	NA	NA	85	37
ENSMUST00000110857.5	ENSMUSG00000020664	-	14	0	13	0	65	NA	NA	NA	39
ENSMUST00000101499.10	ENSMUSG00000020659	-	6	0	5	0	1035	NA	NA	NA	13
ENSMUST00000036862.5	ENSMUSG00000035933	+	23	0	21	1	114	33	33	NA	94
ENSMUST00000003079.12	ENSMUSG00000002997	-	12	0	10	1	133	8	8	NA	301
ENSMUST00000172332.4	ENSMUSG00000090946	+	1	0	0	0	NA	NA	NA	NA	NA
ENSMUST00000020886.9	ENSMUSG00000020572	+	11	0	10	0	110	NA	NA	NA	57
ENSMUST00000020885.13	ENSMUSG00000020570	+	5	0	4	0	134	NA	NA	NA	69
ENSMUST00000146040.9	ENSMUSG00000020564	+	13	0	12	0	41	NA	NA	NA	97
ENSMUST00000020877.9	ENSMUSG00000020561	+	4	0	3	0	387	NA	NA	NA	254
ENSMUST00000049089.7	ENSMUSG00000035799	+	2	0	0	1	NA	41	41	NA	661
ENSMUST00000048519.17	ENSMUSG00000020590	+	26	0	25	0	247	NA	NA	NA	12
ENSMUST00000116436.9	ENSMUSG00000019256	-	11	0	10	0	11	NA	NA	NA	62
ENSMUST00000020856.6	ENSMUSG00000020547	-	12	1	10	0	28	NA	NA	7	58
ENSMUST00000095767.11	ENSMUSG00000004151	+	13	1	11	0	221	NA	NA	87	45
ENSMUST00000146905.2	ENSMUSG00000047446	-	2	1	0	0	689	NA	NA	87	NA
ENSMUST00000001672.12	ENSMUSG00000001627	-	12	0	11	0	89	NA	NA	NA	88
ENSMUST00000037488.8	ENSMUSG00000035954	+	53	0	52	0	455	NA	NA	NA	37
ENSMUST00000132121.8	ENSMUSG00000056899	+	7	2	4	0	119	NA	NA	2	135
ENSMUST00000015049.5	ENSMUSG00000014905	-	3	1	1	0	451	NA	NA	10	217
ENSMUST00000053768.14	ENSMUSG00000046314	-	6	1	4	0	23	NA	NA	35	154
ENSMUST00000002765.9	ENSMUSG00000002688	-	19	0	18	0	218	NA	NA	NA	258
ENSMUST00000054308.13	ENSMUSG00000035293	+	15	1	13	0	292	NA	NA	4	37
ENSMUST00000164782.10	ENSMUSG00000020953	+	11	0	10	0	175	NA	NA	NA	34
ENSMUST00000013130.15	ENSMUSG00000020954	-	18	0	17	0	169	NA	NA	NA	282
ENSMUST00000021338.10	ENSMUSG00000020955	+	6	1	4	0	128	NA	NA	71	138
ENSMUST00000042052.9	ENSMUSG00000035247	-	43	1	41	0	137	NA	NA	22	140
ENSMUST00000040583.7	ENSMUSG00000035181	-	36	1	34	0	304	NA	NA	86	126
ENSMUST00000040090.16	ENSMUSG00000035142	+	11	0	10	0	62	NA	NA	NA	108
ENSMUST00000219443.2	ENSMUSG00000035133	+	7	1	5	0	327	NA	NA	141	3720
ENSMUST00000039516.4	ENSMUSG00000035105	-	5	0	4	0	31	NA	NA	NA	357
ENSMUST00000056228.8	ENSMUSG00000044408	-	2	0	1	0	103	NA	NA	NA	112
ENSMUST00000005798.9	ENSMUSG00000005656	-	14	0	13	0	53	NA	NA	NA	6
ENSMUST00000078124.8	ENSMUSG00000062929	-	4	0	3	0	112	NA	NA	NA	3
ENSMUST00000173433.8	ENSMUSG00000035021	-	27	1	25	0	196	NA	NA	29	113
ENSMUST00000021410.10	ENSMUSG00000021022	-	14	1	12	0	188	NA	NA	144	58
ENSMUST00000021412.9	ENSMUSG00000021024	+	7	0	6	0	57	NA	NA	NA	76
ENSMUST00000021413.9	ENSMUSG00000021025	-	6	0	5	0	47	NA	NA	NA	227
ENSMUST00000220367.2	ENSMUSG00000021027	-	40	0	39	0	148	NA	NA	NA	106
ENSMUST00000059250.8	ENSMUSG00000012076	+	10	0	9	0	117	NA	NA	NA	142
ENSMUST00000021416.9	ENSMUSG00000021028	-	9	0	8	0	104	NA	NA	NA	129
ENSMUST00000123498.8	ENSMUSG00000047022	+	11	1	9	0	66	NA	NA	73	134
ENSMUST00000021375.12	ENSMUSG00000020986	-	20	1	18	0	89	NA	NA	25	221
ENSMUST00000021379.8	ENSMUSG00000060121	+	10	0	9	0	39	NA	NA	NA	137
ENSMUST00000021380.10	ENSMUSG00000020993	-	6	0	5	0	31	NA	NA	NA	81
ENSMUST00000021381.6	ENSMUSG00000020994	+	9	0	8	0	1387	NA	NA	NA	113
ENSMUST00000043204.8	ENSMUSG00000035329	-	4	0	3	0	271	NA	NA	NA	620
ENSMUST00000222508.2	ENSMUSG00000020948	-	5	0	3	0	163	NA	NA	0	899
ENSMUST00000120580.8	ENSMUSG00000035597	+	14	1	12	0	56	NA	NA	29	318
ENSMUST00000021332.10	ENSMUSG00000020949	-	7	0	6	0	54	NA	NA	NA	108
ENSMUST00000060579.10	ENSMUSG00000043998	+	1	0	0	0	NA	NA	NA	NA	NA
ENSMUST00000021356.6	ENSMUSG00000020973	-	3	0	2	0	506	NA	NA	NA	1794
ENSMUST00000021362.5	ENSMUSG00000020978	+	13	0	12	0	123	NA	NA	NA	153
ENSMUST00000021368.10	ENSMUSG00000020982	-	33	0	32	0	77	NA	NA	NA	59
ENSMUST00000050063.9	ENSMUSG00000044147	+	2	1	0	0	997	NA	NA	470	NA
ENSMUST00000183277.8	ENSMUSG00000034801	-	23	0	22	0	509	NA	NA	NA	87
ENSMUST00000021370.10	ENSMUSG00000020988	-	10	0	9	0	195	NA	NA	NA	143
ENSMUST00000110570.8	ENSMUSG00000034761	-	32	0	31	0	87	NA	NA	NA	108
ENSMUST00000021466.10	ENSMUSG00000021066	+	15	1	13	0	110	NA	NA	154	34
ENSMUST00000021467.8	ENSMUSG00000021067	-	5	0	4	0	207	NA	NA	NA	94
ENSMUST00000220689.2	ENSMUSG00000021068	-	29	1	26	1	31	167	167	21	183
ENSMUST00000021471.13	ENSMUSG00000021072	+	8	0	7	0	178	NA	NA	NA	152
ENSMUST00000057859.9	ENSMUSG00000048285	+	14	1	12	0	284	NA	NA	167	99
ENSMUST00000021479.6	ENSMUSG00000021076	+	13	0	12	0	181	NA	NA	NA	77
ENSMUST00000160027.8	ENSMUSG00000060073	+	11	0	10	0	44	NA	NA	NA	21
ENSMUST00000046305.12	ENSMUSG00000048118	+	24	1	22	0	103	NA	NA	52	6
ENSMUST00000021486.10	ENSMUSG00000021079	-	4	1	2	0	134	NA	NA	26	39
ENSMUST00000223272.2	ENSMUSG00000034574	+	26	1	24	0	209	NA	NA	37	183
ENSMUST00000019862.3	ENSMUSG00000019718	-	5	0	4	0	125	NA	NA	NA	508
ENSMUST00000021497.16	ENSMUSG00000021087	-	7	0	6	0	42	NA	NA	NA	61
ENSMUST00000021514.10	ENSMUSG00000021096	+	6	1	4	0	29	NA	NA	20	834
ENSMUST00000050029.8	ENSMUSG00000051367	-	2	0	1	0	294	NA	NA	NA	560
ENSMUST00000043208.8	ENSMUSG00000034460	-	3	0	2	0	796	NA	NA	NA	842
ENSMUST00000021523.7	ENSMUSG00000021103	+	8	0	7	0	120	NA	NA	NA	89
ENSMUST00000116420.4	ENSMUSG00000034442	-	5	0	4	0	82	NA	NA	NA	5
ENSMUST00000021530.8	ENSMUSG00000021109	+	15	0	14	0	151	NA	NA	NA	35
ENSMUST00000021532.6	ENSMUSG00000021113	+	10	0	9	0	34	NA	NA	NA	185
ENSMUST00000021447.9	ENSMUSG00000021051	-	14	1	12	0	99	NA	NA	7	157
ENSMUST00000021450.6	ENSMUSG00000021054	-	3	0	2	0	551	NA	NA	NA	651
ENSMUST00000176102.8	ENSMUSG00000056459	-	3	1	1	0	1146	NA	NA	7	173
ENSMUST00000042779.4	ENSMUSG00000033454	+	2	1	0	0	2157	NA	NA	16	NA
ENSMUST00000080449.7	ENSMUSG00000059970	+	2	1	0	0	1906	NA	NA	5	NA
ENSMUST00000075249.6	ENSMUSG00000052609	+	19	1	17	0	733	NA	NA	39	351
ENSMUST00000041262.14	ENSMUSG00000090258	+	4	0	3	0	92	NA	NA	NA	39
ENSMUST00000110395.11	ENSMUSG00000059436	-	5	0	4	0	187	NA	NA	NA	36
ENSMUST00000177595.9	ENSMUSG00000021065	+	13	4	8	0	317	NA	NA	231	203
ENSMUST00000110388.10	ENSMUSG00000047454	+	23	0	22	0	133	NA	NA	NA	64
ENSMUST00000082024.7	ENSMUSG00000021112	+	15	2	12	0	176	NA	NA	158	367
ENSMUST00000021536.9	ENSMUSG00000021114	-	9	0	8	0	141	NA	NA	NA	41
ENSMUST00000071230.8	ENSMUSG00000021116	+	8	1	6	0	125	NA	NA	1	241
ENSMUST00000039928.7	ENSMUSG00000060716	+	29	1	27	0	155	NA	NA	48	123
ENSMUST00000072154.9	ENSMUSG00000021120	-	4	0	3	0	92	NA	NA	NA	180
ENSMUST00000021550.7	ENSMUSG00000021125	+	8	0	7	0	205	NA	NA	NA	111
ENSMUST00000055262.13	ENSMUSG00000021124	-	6	0	5	0	96	NA	NA	NA	115
ENSMUST00000161204.8	ENSMUSG00000066441	-	7	0	6	0	105	NA	NA	NA	65
ENSMUST00000021547.8	ENSMUSG00000066440	-	42	1	40	0	203	NA	NA	102	194
ENSMUST00000021552.3	ENSMUSG00000021127	-	2	0	1	0	959	NA	NA	NA	57
ENSMUST00000021554.16	ENSMUSG00000015143	-	21	0	20	0	158	NA	NA	NA	105
ENSMUST00000054145.8	ENSMUSG00000049106	-	9	0	8	0	1766	NA	NA	NA	214
ENSMUST00000038185.10	ENSMUSG00000032705	+	9	1	7	0	216	NA	NA	46	420
ENSMUST00000085245.7	ENSMUSG00000048833	+	7	0	6	0	230	NA	NA	NA	96
ENSMUST00000220238.2	ENSMUSG00000021133	+	7	1	5	0	25	NA	NA	97	121
ENSMUST00000110351.8	ENSMUSG00000021134	+	8	1	6	0	261	NA	NA	19	126
ENSMUST00000110347.9	ENSMUSG00000021136	+	13	0	12	0	16	NA	NA	NA	96
ENSMUST00000163402.8	ENSMUSG00000090935	-	4	0	3	0	140	NA	NA	NA	64
ENSMUST00000161211.8	ENSMUSG00000002679	-	8	0	7	0	130	NA	NA	NA	22
ENSMUST00000218362.2	ENSMUSG00000042734	+	4	0	2	1	79	842	842	NA	397
ENSMUST00000166429.9	ENSMUSG00000042700	+	23	3	19	0	143	NA	NA	340	1498
ENSMUST00000221919.2	ENSMUSG00000042628	-	13	2	10	0	232	NA	NA	442	483
ENSMUST00000048155.16	ENSMUSG00000010608	+	19	1	17	0	92	NA	NA	15	106
ENSMUST00000041806.13	ENSMUSG00000019969	+	12	2	9	0	155	NA	NA	53	87
ENSMUST00000123491.8	ENSMUSG00000042523	+	8	0	7	0	40	NA	NA	NA	3
ENSMUST00000046266.13	ENSMUSG00000042507	-	13	1	11	0	159	NA	NA	245	1425
ENSMUST00000123614.8	ENSMUSG00000072946	+	10	1	8	0	76	NA	NA	48	37
ENSMUST00000065536.9	ENSMUSG00000021234	-	9	0	7	1	107	42	42	NA	54
ENSMUST00000021662.12	ENSMUSG00000021236	-	15	2	12	0	86	NA	NA	66	214
ENSMUST00000085192.7	ENSMUSG00000021238	-	12	0	11	0	104	NA	NA	NA	51
ENSMUST00000021668.10	ENSMUSG00000021242	-	4	0	3	0	86	NA	NA	NA	82
ENSMUST00000043169.14	ENSMUSG00000042350	-	20	2	17	0	102	NA	NA	45	16
ENSMUST00000168977.8	ENSMUSG00000021244	+	20	0	18	1	146	35	35	NA	867
ENSMUST00000053811.10	ENSMUSG00000004789	+	15	0	14	0	134	NA	NA	NA	63
ENSMUST00000221972.2	ENSMUSG00000019235	-	11	1	9	0	110	NA	NA	20	265
ENSMUST00000004910.12	ENSMUSG00000004788	+	8	0	7	0	157	NA	NA	NA	163
ENSMUST00000019378.8	ENSMUSG00000021245	-	12	1	10	0	107	NA	NA	64	3259
ENSMUST00000008966.13	ENSMUSG00000008822	-	3	1	1	0	215	NA	NA	8	84
ENSMUST00000040992.8	ENSMUSG00000034290	-	22	0	21	0	122	NA	NA	NA	219
ENSMUST00000040766.9	ENSMUSG00000021248	-	5	0	4	0	121	NA	NA	NA	225
ENSMUST00000021674.7	ENSMUSG00000021250	+	4	0	3	0	641	NA	NA	NA	141
ENSMUST00000177587.9	ENSMUSG00000034271	+	4	1	2	0	185	NA	NA	32	201
ENSMUST00000021676.12	ENSMUSG00000021252	-	5	1	3	0	79	NA	NA	28	133
ENSMUST00000003687.8	ENSMUSG00000021253	-	7	0	6	0	158	NA	NA	NA	352
ENSMUST00000021682.9	ENSMUSG00000021257	-	10	0	9	0	160	NA	NA	NA	64
ENSMUST00000038422.8	ENSMUSG00000034168	-	1	0	0	0	NA	NA	NA	NA	NA
ENSMUST00000187814.7	ENSMUSG00000034157	+	4	0	3	0	887	NA	NA	NA	53
ENSMUST00000037788.6	ENSMUSG00000034126	-	21	0	20	0	105	NA	NA	NA	458
ENSMUST00000063117.10	ENSMUSG00000021033	+	9	0	8	0	126	NA	NA	NA	15
ENSMUST00000037418.7	ENSMUSG00000034111	-	6	0	5	0	217	NA	NA	NA	118
ENSMUST00000072744.15	ENSMUSG00000021038	-	20	0	18	0	20	NA	NA	0	93
ENSMUST00000021425.8	ENSMUSG00000021037	+	9	0	8	0	172	NA	NA	NA	80
ENSMUST00000021424.5	ENSMUSG00000021036	-	12	0	11	0	119	NA	NA	NA	126
ENSMUST00000101165.9	ENSMUSG00000021044	+	11	1	9	0	177	NA	NA	11	135
ENSMUST00000141429.8	ENSMUSG00000061533	-	26	3	22	0	136	NA	NA	15	147
ENSMUST00000021345.14	ENSMUSG00000020962	-	9	0	8	0	107	NA	NA	NA	30
ENSMUST00000052969.15	ENSMUSG00000020961	-	7	1	5	0	83	NA	NA	185	88
ENSMUST00000021347.12	ENSMUSG00000020964	-	21	0	20	0	209	NA	NA	NA	73
ENSMUST00000048402.12	ENSMUSG00000021007	+	12	0	11	0	569	NA	NA	NA	19
ENSMUST00000170188.8	ENSMUSG00000021009	-	19	1	17	0	128	NA	NA	181	180
ENSMUST00000046859.12	ENSMUSG00000033713	-	6	1	4	0	546	NA	NA	14	543
ENSMUST00000046485.5	ENSMUSG00000021176	-	6	0	5	0	78	NA	NA	NA	75
ENSMUST00000153627.8	ENSMUSG00000021177	+	16	1	14	0	73	NA	NA	7	562
ENSMUST00000021595.10	ENSMUSG00000021178	+	11	0	10	0	134	NA	NA	NA	3
ENSMUST00000110082.11	ENSMUSG00000001175	+	6	0	5	0	28	NA	NA	NA	3
ENSMUST00000222731.2	ENSMUSG00000021180	-	17	0	16	0	239	NA	NA	NA	100
ENSMUST00000048305.10	ENSMUSG00000041846	-	15	0	14	0	110	NA	NA	NA	142
ENSMUST00000021603.9	ENSMUSG00000021186	-	11	0	10	0	161	NA	NA	NA	17
ENSMUST00000021605.14	ENSMUSG00000021188	-	21	0	20	0	220	NA	NA	NA	139
ENSMUST00000021606.12	ENSMUSG00000021189	-	11	0	10	0	97	NA	NA	NA	24
ENSMUST00000110020.8	ENSMUSG00000021190	-	13	0	12	0	42	NA	NA	NA	144
ENSMUST00000179218.9	ENSMUSG00000021192	+	13	1	11	0	80	NA	NA	30	538
ENSMUST00000046518.12	ENSMUSG00000057963	-	10	0	9	0	358	NA	NA	NA	95
ENSMUST00000057416.8	ENSMUSG00000046675	+	2	0	1	0	411	NA	NA	NA	80
ENSMUST00000046404.8	ENSMUSG00000041712	+	11	0	10	0	92	NA	NA	NA	150
ENSMUST00000223554.2	ENSMUSG00000041702	-	12	2	9	0	821	NA	NA	106	82
ENSMUST00000021620.13	ENSMUSG00000021203	+	6	0	5	0	206	NA	NA	NA	3
ENSMUST00000066701.13	ENSMUSG00000064215	+	6	1	4	0	217	NA	NA	34	118
ENSMUST00000041987.8	ENSMUSG00000041415	-	27	1	25	0	165	NA	NA	44	144
ENSMUST00000051934.7	ENSMUSG00000044715	+	3	0	2	0	161	NA	NA	NA	14
ENSMUST00000109901.9	ENSMUSG00000021111	+	22	0	21	0	95	NA	NA	NA	8
ENSMUST00000072040.7	ENSMUSG00000021115	+	13	1	11	0	31	NA	NA	5	160
ENSMUST00000109891.3	ENSMUSG00000048251	-	3	0	2	0	2014	NA	NA	NA	58
ENSMUST00000071095.14	ENSMUSG00000056770	-	13	1	11	0	446	NA	NA	7	103
ENSMUST00000221167.2	ENSMUSG00000021258	+	12	2	9	0	625	NA	NA	50	197
ENSMUST00000109860.8	ENSMUSG00000058070	+	22	0	21	0	125	NA	NA	NA	67
ENSMUST00000109854.9	ENSMUSG00000021262	+	13	0	12	0	37	NA	NA	NA	23
ENSMUST00000021692.9	ENSMUSG00000021264	+	5	0	4	0	182	NA	NA	NA	679
ENSMUST00000161410.8	ENSMUSG00000021266	-	10	1	8	0	161	NA	NA	62	111
ENSMUST00000094361.11	ENSMUSG00000021270	-	11	0	9	0	109	NA	NA	0	162
ENSMUST00000095410.8	ENSMUSG00000037957	+	3	0	2	0	1277	NA	NA	NA	249
ENSMUST00000070565.15	ENSMUSG00000056458	-	12	0	11	0	80	NA	NA	NA	7
ENSMUST00000043716.9	ENSMUSG00000021276	-	5	0	4	0	202	NA	NA	NA	7
ENSMUST00000165978.3	ENSMUSG00000021275	+	20	1	18	0	151	NA	NA	69	219
ENSMUST00000128353.8	ENSMUSG00000037904	-	3	2	0	0	1029	NA	NA	49	NA
ENSMUST00000084968.14	ENSMUSG00000037896	+	12	0	11	0	41	NA	NA	NA	283
ENSMUST00000021706.11	ENSMUSG00000021277	+	12	2	9	0	571	NA	NA	17	242
ENSMUST00000041965.5	ENSMUSG00000021279	-	37	0	36	0	131	NA	NA	NA	175
ENSMUST00000102745.10	ENSMUSG00000021281	+	12	1	10	0	141	NA	NA	15	340
ENSMUST00000166123.9	ENSMUSG00000021282	+	12	2	9	0	89	NA	NA	208	72
ENSMUST00000221753.2	ENSMUSG00000007411	+	18	0	17	0	345	NA	NA	NA	51
ENSMUST00000001304.9	ENSMUSG00000001270	-	8	1	6	0	178	NA	NA	15	193
ENSMUST00000084947.10	ENSMUSG00000060950	+	3	0	2	0	274	NA	NA	NA	331
ENSMUST00000054636.7	ENSMUSG00000049792	-	2	1	0	0	1368	NA	NA	25	NA
ENSMUST00000021714.9	ENSMUSG00000021286	+	7	0	6	0	35	NA	NA	NA	138
ENSMUST00000054815.15	ENSMUSG00000021285	-	17	0	16	0	41	NA	NA	NA	9
ENSMUST00000101029.4	ENSMUSG00000037679	+	23	1	20	1	55	2	2	9	391
ENSMUST00000021728.12	ENSMUSG00000064326	+	4	0	3	0	57	NA	NA	NA	118
ENSMUST00000001780.10	ENSMUSG00000001729	-	14	1	12	0	79	NA	NA	93	46
ENSMUST00000101018.11	ENSMUSG00000072825	+	19	1	17	0	247	NA	NA	27	105
ENSMUST00000062092.7	ENSMUSG00000047832	-	2	1	0	0	719	NA	NA	6	NA
ENSMUST00000075827.5	ENSMUSG00000002799	-	26	0	25	0	496	NA	NA	NA	66
ENSMUST00000221397.2	ENSMUSG00000002804	-	5	0	4	0	240	NA	NA	NA	81
ENSMUST00000223502.2	ENSMUSG00000021143	+	24	0	23	0	118	NA	NA	NA	119
ENSMUST00000109726.8	ENSMUSG00000021144	+	20	0	19	0	150	NA	NA	NA	28
ENSMUST00000084882.9	ENSMUSG00000006356	+	7	0	6	0	67	NA	NA	NA	43
ENSMUST00000058491.8	ENSMUSG00000049036	+	2	1	0	0	1141	NA	NA	185	NA
ENSMUST00000100986.4	ENSMUSG00000021171	+	22	0	21	0	45	NA	NA	NA	330
ENSMUST00000084828.5	ENSMUSG00000042029	+	29	2	26	0	51	NA	NA	35	78
ENSMUST00000109691.4	ENSMUSG00000041992	+	28	2	25	0	118	NA	NA	93	21
ENSMUST00000021592.16	ENSMUSG00000021175	+	10	0	9	0	18	NA	NA	NA	24
ENSMUST00000222314.2	ENSMUSG00000025323	-	6	0	5	0	247	NA	NA	NA	7
ENSMUST00000026360.9	ENSMUSG00000025321	-	14	0	13	0	122	NA	NA	NA	127
ENSMUST00000223396.2	ENSMUSG00000021218	+	11	0	10	0	146	NA	NA	NA	45
ENSMUST00000042288.8	ENSMUSG00000033781	+	6	0	5	0	127	NA	NA	NA	43
ENSMUST00000099946.6	ENSMUSG00000021215	-	10	0	9	0	403	NA	NA	NA	93
ENSMUST00000021634.4	ENSMUSG00000021213	+	9	0	8	0	42	NA	NA	NA	84
ENSMUST00000000080.8	ENSMUSG00000000078	+	4	0	3	0	51	NA	NA	NA	204
ENSMUST00000138703.8	ENSMUSG00000021196	-	22	0	21	0	132	NA	NA	NA	109
ENSMUST00000054251.13	ENSMUSG00000021147	-	14	1	12	0	131	NA	NA	40	138
ENSMUST00000240539.1	ENSMUSG00000058258	+	5	1	3	0	317	NA	NA	31	142
ENSMUST00000222098.2	ENSMUSG00000021149	-	17	0	16	0	152	NA	NA	NA	48
ENSMUST00000188211.8	ENSMUSG00000033499	+	18	1	16	0	290	NA	NA	38	81
ENSMUST00000174552.8	ENSMUSG00000048264	+	37	0	36	0	252	NA	NA	NA	85
ENSMUST00000110636.9	ENSMUSG00000021156	-	15	1	13	0	122	NA	NA	19	116
ENSMUST00000099856.6	ENSMUSG00000021311	-	33	1	31	0	86	NA	NA	5	210
ENSMUST00000059270.10	ENSMUSG00000050244	+	45	1	43	0	88	NA	NA	32	142
ENSMUST00000124888.8	ENSMUSG00000057554	-	11	2	8	0	149	NA	NA	101	42
ENSMUST00000021738.10	ENSMUSG00000021306	-	7	0	6	0	111	NA	NA	NA	369
ENSMUST00000099747.5	ENSMUSG00000039242	+	12	0	11	0	140	NA	NA	NA	115
ENSMUST00000170957.3	ENSMUSG00000021302	-	4	1	2	0	761	NA	NA	23	70
ENSMUST00000110534.8	ENSMUSG00000039219	+	24	1	22	0	127	NA	NA	49	6
ENSMUST00000110510.4	ENSMUSG00000021318	+	15	1	13	0	2320	NA	NA	41	124
ENSMUST00000049744.4	ENSMUSG00000012429	+	2	0	1	0	200	NA	NA	NA	336
ENSMUST00000009003.9	ENSMUSG00000008859	-	5	1	3	0	122	NA	NA	36	114
ENSMUST00000200466.5	ENSMUSG00000021314	+	21	0	20	0	107	NA	NA	NA	69
ENSMUST00000002885.8	ENSMUSG00000002808	-	3	0	2	0	196	NA	NA	NA	269
ENSMUST00000072519.7	ENSMUSG00000041112	+	22	1	20	0	200	NA	NA	73	78
ENSMUST00000225545.2	ENSMUSG00000036721	+	4	1	2	0	961	NA	NA	70	402
ENSMUST00000070785.16	ENSMUSG00000021327	-	6	1	4	0	907	NA	NA	61	417
ENSMUST00000110485.3	ENSMUSG00000022228	-	6	1	4	0	898	NA	NA	61	15
ENSMUST00000045228.12	ENSMUSG00000063894	-	6	1	4	0	961	NA	NA	83	420
ENSMUST00000050101.9	ENSMUSG00000046351	-	4	3	0	0	1375	NA	NA	143	NA
ENSMUST00000091706.14	ENSMUSG00000006611	-	6	0	5	0	40	NA	NA	NA	88
ENSMUST00000072889.12	ENSMUSG00000021338	-	38	0	37	0	133	NA	NA	NA	40
ENSMUST00000019276.12	ENSMUSG00000019132	+	5	0	4	0	125	NA	NA	NA	129
ENSMUST00000006900.7	ENSMUSG00000006717	-	3	0	2	0	156	NA	NA	NA	81
ENSMUST00000037615.7	ENSMUSG00000035936	-	10	0	9	0	205	NA	NA	NA	318
ENSMUST00000021772.4	ENSMUSG00000021339	-	11	0	10	0	110	NA	NA	NA	163
ENSMUST00000067230.6	ENSMUSG00000076431	-	1	0	0	0	NA	NA	NA	NA	NA
ENSMUST00000102948.11	ENSMUSG00000016477	-	7	0	6	0	262	NA	NA	NA	369
ENSMUST00000047311.16	ENSMUSG00000038732	+	13	0	12	0	120	NA	NA	NA	96
ENSMUST00000042834.4	ENSMUSG00000038462	-	2	0	1	0	610	NA	NA	NA	214
ENSMUST00000095914.7	ENSMUSG00000069255	+	7	0	6	0	182	NA	NA	NA	21
ENSMUST00000062292.5	ENSMUSG00000050295	+	1	0	0	0	NA	NA	NA	NA	NA
ENSMUST00000041859.9	ENSMUSG00000038372	-	11	0	10	0	62	NA	NA	NA	102
ENSMUST00000021832.7	ENSMUSG00000021400	+	7	0	6	0	275	NA	NA	NA	807
ENSMUST00000076352.8	ENSMUSG00000044734	-	7	1	5	0	404	NA	NA	8	168
ENSMUST00000167163.8	ENSMUSG00000060147	-	8	2	5	0	401	NA	NA	10	165
ENSMUST00000058978.9	ENSMUSG00000046949	+	7	1	5	0	176	NA	NA	81	7
ENSMUST00000021844.15	ENSMUSG00000021408	+	11	1	9	0	286	NA	NA	56	164
ENSMUST00000040656.8	ENSMUSG00000038286	+	7	0	6	0	87	NA	NA	NA	107
ENSMUST00000056427.10	ENSMUSG00000058672	-	4	0	3	0	1060	NA	NA	NA	57
ENSMUST00000075774.5	ENSMUSG00000045136	-	4	0	3	0	1060	NA	NA	NA	57
ENSMUST00000147632.3	ENSMUSG00000071451	+	3	0	2	0	121	NA	NA	NA	174
ENSMUST00000053459.15	ENSMUSG00000021411	-	5	0	4	0	117	NA	NA	NA	256
ENSMUST00000077853.5	ENSMUSG00000021413	+	15	0	14	0	203	NA	NA	NA	41
ENSMUST00000171229.8	ENSMUSG00000021417	-	10	0	9	0	155	NA	NA	NA	44
ENSMUST00000163595.3	ENSMUSG00000059288	+	7	0	6	0	158	NA	NA	NA	24
ENSMUST00000037623.15	ENSMUSG00000039114	-	3	0	2	0	228	NA	NA	NA	55
ENSMUST00000128570.9	ENSMUSG00000039087	+	13	3	9	0	472	NA	NA	42	171
ENSMUST00000021864.8	ENSMUSG00000021427	-	8	0	7	0	67	NA	NA	NA	79
ENSMUST00000124830.3	ENSMUSG00000054889	+	24	0	23	0	3236	NA	NA	NA	206
ENSMUST00000171970.3	ENSMUSG00000039004	+	7	0	6	0	149	NA	NA	NA	655
ENSMUST00000001757.9	ENSMUSG00000001707	-	4	0	3	0	140	NA	NA	NA	87
ENSMUST00000225432.2	ENSMUSG00000021432	-	10	1	8	0	150	NA	NA	87	201
ENSMUST00000225180.2	ENSMUSG00000021359	-	6	0	5	0	288	NA	NA	NA	567
ENSMUST00000021793.15	ENSMUSG00000021364	-	8	0	7	0	113	NA	NA	NA	3
ENSMUST00000165561.4	ENSMUSG00000091264	+	2	0	1	0	190	NA	NA	NA	76
ENSMUST00000021794.14	ENSMUSG00000021365	-	8	1	6	0	509	NA	NA	152	12
ENSMUST00000060148.6	ENSMUSG00000021366	+	9	1	7	0	1121	NA	NA	103	40
ENSMUST00000021796.9	ENSMUSG00000021367	+	5	0	4	0	102	NA	NA	NA	64
ENSMUST00000055341.7	ENSMUSG00000051335	-	2	0	1	0	919	NA	NA	NA	253
ENSMUST00000144326.4	ENSMUSG00000038546	-	14	0	13	0	130	NA	NA	NA	517
ENSMUST00000021800.6	ENSMUSG00000021371	-	9	0	8	0	55	NA	NA	NA	358
ENSMUST00000015540.4	ENSMUSG00000015396	+	5	0	4	0	128	NA	NA	NA	37
ENSMUST00000173704.8	ENSMUSG00000038518	+	19	1	17	0	152	NA	NA	159	45
ENSMUST00000072329.15	ENSMUSG00000057531	-	10	0	9	0	247	NA	NA	NA	56
ENSMUST00000038275.11	ENSMUSG00000038175	+	7	0	6	0	89	NA	NA	NA	87
ENSMUST00000000260.13	ENSMUSG00000000253	+	9	0	8	0	180	NA	NA	NA	87
ENSMUST00000091628.11	ENSMUSG00000046876	-	8	6	1	0	530	NA	NA	163	1845
ENSMUST00000021802.16	ENSMUSG00000021373	+	13	1	11	0	83	NA	NA	1	121
ENSMUST00000099547.4	ENSMUSG00000069237	+	5	0	4	0	144	NA	NA	NA	670
ENSMUST00000021803.10	ENSMUSG00000021374	-	22	0	21	0	84	NA	NA	NA	114
ENSMUST00000056978.8	ENSMUSG00000021375	-	38	0	37	0	20	NA	NA	NA	55
ENSMUST00000021806.11	ENSMUSG00000021376	-	9	1	7	0	112	NA	NA	56	125
ENSMUST00000037025.16	ENSMUSG00000038080	+	21	1	19	0	83	NA	NA	13	87
ENSMUST00000021807.13	ENSMUSG00000021377	-	11	1	9	0	11	NA	NA	9	157
ENSMUST00000068891.12	ENSMUSG00000038068	+	8	1	6	0	140	NA	NA	26	165
ENSMUST00000021810.3	ENSMUSG00000021379	+	3	0	1	1	44	19	19	NA	441
ENSMUST00000177530.8	ENSMUSG00000050954	-	5	1	3	0	1939	NA	NA	54	33
ENSMUST00000222028.2	ENSMUSG00000038042	-	11	1	9	0	107	NA	NA	6	82
ENSMUST00000035540.9	ENSMUSG00000038025	-	22	0	21	0	88	NA	NA	NA	98
ENSMUST00000060805.7	ENSMUSG00000038014	-	18	0	17	0	299	NA	NA	NA	474
ENSMUST00000049022.15	ENSMUSG00000037966	+	4	0	2	1	154	10	10	NA	75
ENSMUST00000048946.7	ENSMUSG00000037960	-	6	0	5	0	115	NA	NA	NA	7
ENSMUST00000048544.14	ENSMUSG00000037933	+	7	0	6	0	309	NA	NA	NA	240
ENSMUST00000220447.2	ENSMUSG00000021385	+	13	0	12	0	225	NA	NA	NA	81
ENSMUST00000222197.2	ENSMUSG00000021392	+	17	0	16	0	50	NA	NA	NA	37
ENSMUST00000165316.8	ENSMUSG00000037851	+	34	1	32	0	82	NA	NA	7	119
ENSMUST00000095797.6	ENSMUSG00000021395	+	6	1	4	0	199	NA	NA	149	52
ENSMUST00000087978.5	ENSMUSG00000067586	+	2	1	0	0	1279	NA	NA	143	NA
ENSMUST00000075853.6	ENSMUSG00000062248	+	3	0	2	0	52	NA	NA	NA	59
ENSMUST00000040117.15	ENSMUSG00000035139	+	17	0	16	0	103	NA	NA	NA	36
ENSMUST00000110040.9	ENSMUSG00000021451	-	17	3	13	0	922	NA	NA	213	106
ENSMUST00000021903.3	ENSMUSG00000021453	+	4	0	3	0	110	NA	NA	NA	53
ENSMUST00000120135.8	ENSMUSG00000021457	+	14	1	12	0	72	NA	NA	43	414
ENSMUST00000021913.16	ENSMUSG00000021460	-	10	0	9	0	77	NA	NA	NA	187
ENSMUST00000071065.8	ENSMUSG00000056749	-	2	1	0	0	1543	NA	NA	155	NA
ENSMUST00000021918.10	ENSMUSG00000021464	-	9	0	8	0	1448	NA	NA	NA	97
ENSMUST00000021920.8	ENSMUSG00000021468	-	15	0	14	0	93	NA	NA	NA	57
ENSMUST00000021930.10	ENSMUSG00000021474	+	11	1	9	0	96	NA	NA	11	164
ENSMUST00000121401.8	ENSMUSG00000043183	+	10	0	9	0	250	NA	NA	NA	129
ENSMUST00000026988.11	ENSMUSG00000025870	+	4	0	3	0	173	NA	NA	NA	183
ENSMUST00000026987.12	ENSMUSG00000025869	-	5	0	4	0	143	NA	NA	NA	107
ENSMUST00000049575.8	ENSMUSG00000047547	-	6	0	5	0	171	NA	NA	NA	187
ENSMUST00000126071.9	ENSMUSG00000025873	+	11	0	10	0	182	NA	NA	NA	63
ENSMUST00000125871.8	ENSMUSG00000034928	-	11	1	9	0	62	NA	NA	44	107
ENSMUST00000099503.10	ENSMUSG00000025875	+	8	0	7	0	65	NA	NA	NA	87
ENSMUST00000026997.12	ENSMUSG00000025878	-	15	1	13	0	198	NA	NA	8	147
ENSMUST00000035242.9	ENSMUSG00000034789	-	8	0	7	0	64	NA	NA	NA	117
ENSMUST00000021942.8	ENSMUSG00000021486	+	5	0	4	0	142	NA	NA	NA	92
ENSMUST00000021941.8	ENSMUSG00000021485	-	6	0	5	0	115	NA	NA	NA	70
ENSMUST00000021940.8	ENSMUSG00000021484	-	8	0	7	0	160	NA	NA	NA	202
ENSMUST00000046533.9	ENSMUSG00000034686	+	3	1	1	0	397	NA	NA	237	412
ENSMUST00000021950.15	ENSMUSG00000034675	-	15	0	14	0	70	NA	NA	NA	86
ENSMUST00000021957.8	ENSMUSG00000021495	-	11	2	7	1	96	2	2	129	114
ENSMUST00000064701.8	ENSMUSG00000021504	+	6	0	5	0	155	NA	NA	NA	50
ENSMUST00000223736.2	ENSMUSG00000021500	+	24	1	22	0	47	NA	NA	20	17
ENSMUST00000057844.10	ENSMUSG00000045767	+	2	1	0	0	569	NA	NA	3	NA
ENSMUST00000021959.11	ENSMUSG00000021497	+	5	0	4	0	196	NA	NA	NA	67
ENSMUST00000045173.10	ENSMUSG00000035493	+	17	0	16	0	40	NA	NA	NA	134
ENSMUST00000069557.14	ENSMUSG00000021540	+	7	1	5	0	143	NA	NA	165	403
ENSMUST00000007980.7	ENSMUSG00000007836	-	1	0	0	0	NA	NA	NA	NA	NA
ENSMUST00000058735.12	ENSMUSG00000005312	-	11	0	10	0	152	NA	NA	NA	153
ENSMUST00000091579.6	ENSMUSG00000021552	-	12	1	10	0	47	NA	NA	42	216
ENSMUST00000116403.9	ENSMUSG00000021546	-	18	3	14	0	33	NA	NA	27	58
ENSMUST00000022040.14	ENSMUSG00000021557	-	26	1	24	0	177	NA	NA	33	32
ENSMUST00000022038.15	ENSMUSG00000021555	+	23	1	21	0	59	NA	NA	5	124
ENSMUST00000022039.7	ENSMUSG00000021556	-	10	1	8	0	109	NA	NA	21	129
ENSMUST00000057115.7	ENSMUSG00000044792	-	4	0	3	0	148	NA	NA	NA	81
ENSMUST00000071703.6	ENSMUSG00000035248	-	28	1	25	1	16	48	48	31	520
ENSMUST00000077453.13	ENSMUSG00000021559	+	26	1	24	0	1232	NA	NA	110	62
ENSMUST00000073029.13	ENSMUSG00000021461	-	16	1	13	1	137	4	4	32	165
ENSMUST00000021921.11	ENSMUSG00000021466	-	23	0	22	0	542	NA	NA	NA	159
ENSMUST00000067821.13	ENSMUSG00000021470	+	14	0	13	0	158	NA	NA	NA	43
ENSMUST00000099441.6	ENSMUSG00000033114	-	12	0	11	0	102	NA	NA	NA	122
ENSMUST00000059817.12	ENSMUSG00000044934	-	5	0	4	0	222	NA	NA	NA	390
ENSMUST00000021929.10	ENSMUSG00000021476	+	8	0	7	0	56	NA	NA	NA	349
ENSMUST00000221634.2	ENSMUSG00000033102	-	15	0	13	1	18	46	46	NA	160
ENSMUST00000222517.2	ENSMUSG00000021477	-	9	2	6	0	102	NA	NA	11	126
ENSMUST00000021939.8	ENSMUSG00000021483	+	8	0	7	0	197	NA	NA	NA	75
ENSMUST00000155487.8	ENSMUSG00000038212	-	12	0	11	0	248	NA	NA	NA	114
ENSMUST00000021990.4	ENSMUSG00000021518	+	13	0	12	0	109	NA	NA	NA	179
ENSMUST00000181892.9	ENSMUSG00000095432	-	4	0	3	0	2437	NA	NA	NA	6
ENSMUST00000045827.5	ENSMUSG00000034617	-	15	1	13	0	144	NA	NA	36	129
ENSMUST00000223344.3	ENSMUSG00000034575	-	13	1	11	0	194	NA	NA	34	90
ENSMUST00000022087.7	ENSMUSG00000021595	+	18	0	17	0	279	NA	NA	NA	56
ENSMUST00000043493.7	ENSMUSG00000034525	-	19	0	18	0	211	NA	NA	NA	81
ENSMUST00000022099.15	ENSMUSG00000021608	+	14	0	13	0	184	NA	NA	NA	135
ENSMUST00000022102.9	ENSMUSG00000021610	+	17	0	16	0	84	NA	NA	NA	162
ENSMUST00000017900.9	ENSMUSG00000017756	+	24	0	23	0	91	NA	NA	NA	124
ENSMUST00000036456.8	ENSMUSG00000021572	-	12	0	11	0	165	NA	NA	NA	79
ENSMUST00000022060.7	ENSMUSG00000021576	-	6	0	5	0	98	NA	NA	NA	101
ENSMUST00000022063.14	ENSMUSG00000021578	+	3	1	1	0	661	NA	NA	10	121
ENSMUST00000169114.3	ENSMUSG00000021583	+	19	1	17	0	155	NA	NA	53	491
ENSMUST00000001583.8	ENSMUSG00000001542	+	12	0	11	0	116	NA	NA	NA	147
ENSMUST00000022082.8	ENSMUSG00000021591	+	3	0	1	1	116	13	13	NA	207
ENSMUST00000022078.12	ENSMUSG00000021589	-	12	0	11	0	115	NA	NA	NA	2
ENSMUST00000050997.2	ENSMUSG00000043190	-	4	1	2	0	263	NA	NA	1	175
ENSMUST00000091466.4	ENSMUSG00000033991	+	44	4	39	0	74	NA	NA	1	90
ENSMUST00000151524.9	ENSMUSG00000021597	-	21	0	19	0	481	NA	NA	0	114
ENSMUST00000163257.9	ENSMUSG00000064138	+	11	1	9	0	142	NA	NA	18	106
ENSMUST00000091458.13	ENSMUSG00000069171	-	3	0	2	0	280	NA	NA	NA	454
ENSMUST00000099356.10	ENSMUSG00000074794	+	8	0	7	0	56	NA	NA	NA	280
ENSMUST00000224300.2	ENSMUSG00000035840	+	3	1	1	0	662	NA	NA	10	255
ENSMUST00000048993.12	ENSMUSG00000035834	-	8	1	6	0	86	NA	NA	33	117
ENSMUST00000057598.7	ENSMUSG00000051098	+	2	0	1	0	385	NA	NA	NA	454
ENSMUST00000022009.10	ENSMUSG00000021537	+	5	0	4	0	43	NA	NA	NA	17
ENSMUST00000163888.8	ENSMUSG00000005583	+	12	2	9	0	324	NA	NA	142	54
ENSMUST00000057495.10	ENSMUSG00000035762	+	12	0	11	0	277	NA	NA	NA	3
ENSMUST00000022030.11	ENSMUSG00000021548	+	9	0	8	0	38	NA	NA	NA	117
ENSMUST00000109552.3	ENSMUSG00000021549	-	25	0	24	0	83	NA	NA	NA	512
ENSMUST00000131011.2	ENSMUSG00000017778	-	3	0	1	1	116	27	27	NA	75
ENSMUST00000081769.13	ENSMUSG00000034488	+	11	0	10	0	149	NA	NA	NA	67
ENSMUST00000109543.9	ENSMUSG00000021614	-	13	1	11	0	127	NA	NA	6	70
ENSMUST00000161568.8	ENSMUSG00000012422	+	4	0	3	0	70	NA	NA	NA	3
ENSMUST00000004094.15	ENSMUSG00000003992	+	17	0	16	0	29	NA	NA	NA	62
ENSMUST00000022121.13	ENSMUSG00000021621	-	6	1	4	0	118	NA	NA	26	384
ENSMUST00000022218.6	ENSMUSG00000021707	+	6	0	5	0	78	NA	NA	NA	86
ENSMUST00000022217.9	ENSMUSG00000021706	-	18	1	16	0	161	NA	NA	39	70
ENSMUST00000049488.9	ENSMUSG00000021703	+	12	0	11	0	144	NA	NA	NA	27
ENSMUST00000048702.7	ENSMUSG00000042167	-	15	1	13	0	74	NA	NA	37	137
ENSMUST00000060490.11	ENSMUSG00000007617	+	9	0	8	0	188	NA	NA	NA	5
ENSMUST00000065537.9	ENSMUSG00000021690	-	11	0	9	1	307	4	4	NA	1005
ENSMUST00000054274.8	ENSMUSG00000045312	+	4	2	1	0	253	NA	NA	201	415
ENSMUST00000022197.15	ENSMUSG00000021687	-	9	0	8	0	164	NA	NA	NA	57
ENSMUST00000022196.5	ENSMUSG00000021686	+	27	0	26	0	153	NA	NA	NA	128
ENSMUST00000046644.7	ENSMUSG00000042043	+	4	0	3	0	80	NA	NA	NA	53
ENSMUST00000160801.8	ENSMUSG00000042015	+	14	0	13	0	155	NA	NA	NA	51
ENSMUST00000221807.2	ENSMUSG00000041995	+	2	1	0	0	700	NA	NA	14	NA
ENSMUST00000022189.9	ENSMUSG00000021681	-	14	0	13	0	200	NA	NA	NA	213
ENSMUST00000022185.10	ENSMUSG00000021678	-	2	0	1	0	1108	NA	NA	NA	91
ENSMUST00000059193.7	ENSMUSG00000048376	-	2	0	1	0	1204	NA	NA	NA	88
ENSMUST00000068603.8	ENSMUSG00000021676	-	36	0	35	0	113	NA	NA	NA	46
ENSMUST00000099295.6	ENSMUSG00000021671	+	13	2	10	0	140	NA	NA	10	78
ENSMUST00000022172.12	ENSMUSG00000021668	-	15	1	13	0	84	NA	NA	27	132
ENSMUST00000077672.12	ENSMUSG00000021669	+	18	0	16	1	127	10	10	NA	96
ENSMUST00000022176.15	ENSMUSG00000021670	-	20	1	18	0	54	NA	NA	23	165
ENSMUST00000073456.9	ENSMUSG00000060739	-	6	0	5	0	67	NA	NA	NA	3
ENSMUST00000161639.8	ENSMUSG00000021666	+	21	1	19	0	137	NA	NA	21	63
ENSMUST00000041623.9	ENSMUSG00000041773	+	3	1	0	1	1782	32	32	13	1801
ENSMUST00000109426.3	ENSMUSG00000021662	-	36	1	34	0	169	NA	NA	11	33
ENSMUST00000040972.4	ENSMUSG00000041747	-	13	1	11	0	247	NA	NA	82	90
ENSMUST00000152704.8	ENSMUSG00000021660	-	6	0	4	0	46	NA	NA	0	69
ENSMUST00000040340.16	ENSMUSG00000041685	-	26	0	25	0	22	NA	NA	NA	33
ENSMUST00000109399.9	ENSMUSG00000009470	-	24	1	21	1	107	36	36	9	105
ENSMUST00000064762.6	ENSMUSG00000052727	-	7	0	6	0	155	NA	NA	NA	184
ENSMUST00000038104.12	ENSMUSG00000049658	-	39	0	38	0	131	NA	NA	NA	212
ENSMUST00000066984.14	ENSMUSG00000021639	-	16	1	14	0	119	NA	NA	33	56
ENSMUST00000069756.11	ENSMUSG00000021638	-	9	1	7	0	101	NA	NA	67	50
ENSMUST00000022137.14	ENSMUSG00000021636	-	7	1	5	0	122	NA	NA	15	1137
ENSMUST00000022136.14	ENSMUSG00000021635	-	17	1	15	0	288	NA	NA	62	42
ENSMUST00000057325.15	ENSMUSG00000048924	+	12	1	10	0	308	NA	NA	10	289
ENSMUST00000109333.8	ENSMUSG00000061474	-	4	0	3	0	17	NA	NA	NA	39
ENSMUST00000072119.15	ENSMUSG00000041431	-	9	0	8	0	107	NA	NA	NA	21
ENSMUST00000067246.6	ENSMUSG00000021629	-	16	0	15	0	170	NA	NA	NA	77
ENSMUST00000055518.13	ENSMUSG00000041417	-	16	1	14	0	189	NA	NA	380	334
ENSMUST00000167058.8	ENSMUSG00000034751	-	29	0	28	0	3895	NA	NA	NA	357
ENSMUST00000074616.7	ENSMUSG00000032621	-	12	0	11	0	152	NA	NA	NA	161
ENSMUST00000188997.7	ENSMUSG00000021709	-	24	2	21	0	107	NA	NA	9	189
ENSMUST00000109315.5	ENSMUSG00000021710	-	13	0	12	0	134	NA	NA	NA	41
ENSMUST00000044385.14	ENSMUSG00000042743	+	11	1	9	0	111	NA	NA	20	100
ENSMUST00000022224.16	ENSMUSG00000021711	-	13	0	12	0	107	NA	NA	NA	46
ENSMUST00000022225.12	ENSMUSG00000021712	+	11	0	10	0	179	NA	NA	NA	81
ENSMUST00000022226.6	ENSMUSG00000021713	-	11	0	10	0	143	NA	NA	NA	196
ENSMUST00000022230.15	ENSMUSG00000021716	+	5	0	4	0	183	NA	NA	NA	13
ENSMUST00000080856.14	ENSMUSG00000042590	-	30	1	28	0	164	NA	NA	6	138
ENSMUST00000022203.10	ENSMUSG00000021692	+	12	0	11	0	42	NA	NA	NA	79
ENSMUST00000159772.8	ENSMUSG00000021693	-	21	0	20	0	85	NA	NA	NA	64
ENSMUST00000095458.6	ENSMUSG00000071180	+	3	2	0	0	246	NA	NA	22	NA
ENSMUST00000054835.15	ENSMUSG00000021694	+	12	0	11	0	68	NA	NA	NA	77
ENSMUST00000022207.10	ENSMUSG00000021696	+	8	1	6	0	209	NA	NA	68	64
ENSMUST00000051594.12	ENSMUSG00000021697	+	11	0	10	0	161	NA	NA	NA	48
ENSMUST00000120671.8	ENSMUSG00000021699	+	15	0	14	0	413	NA	NA	NA	440
ENSMUST00000022212.9	ENSMUSG00000021701	+	14	0	13	0	191	NA	NA	NA	261
ENSMUST00000047627.14	ENSMUSG00000032745	-	13	2	10	0	158	NA	NA	57	63
ENSMUST00000109272.9	ENSMUSG00000032727	+	13	0	12	0	457	NA	NA	NA	9
ENSMUST00000109267.9	ENSMUSG00000021754	-	20	0	19	0	149	NA	NA	NA	467
ENSMUST00000183663.8	ENSMUSG00000021756	+	17	2	14	0	740	NA	NA	15	64
ENSMUST00000052514.6	ENSMUSG00000047789	+	15	1	13	0	165	NA	NA	35	110
ENSMUST00000016144.12	ENSMUSG00000021759	+	6	0	5	0	125	NA	NA	NA	58
ENSMUST00000022281.5	ENSMUSG00000016018	-	27	0	26	0	52	NA	NA	NA	128
ENSMUST00000022282.6	ENSMUSG00000021760	-	3	0	2	0	163	NA	NA	NA	204
ENSMUST00000109241.5	ENSMUSG00000042364	-	2	0	1	0	253	NA	NA	NA	1594
ENSMUST00000091201.7	ENSMUSG00000042348	+	5	0	4	0	152	NA	NA	NA	48
ENSMUST00000022286.8	ENSMUSG00000021764	-	5	0	4	0	103	NA	NA	NA	98
ENSMUST00000166176.9	ENSMUSG00000015536	+	6	1	4	0	68	NA	NA	47	98
ENSMUST00000061673.9	ENSMUSG00000042284	-	29	0	28	0	44	NA	NA	NA	61
ENSMUST00000223949.2	ENSMUSG00000021725	-	26	0	25	0	102	NA	NA	NA	91
ENSMUST00000022242.9	ENSMUSG00000021728	+	9	0	8	0	17	NA	NA	NA	109
ENSMUST00000109203.9	ENSMUSG00000025451	+	11	1	9	0	93	NA	NA	71	99
ENSMUST00000179869.3	ENSMUSG00000093930	+	10	1	8	0	89	NA	NA	10	448
ENSMUST00000177916.8	ENSMUSG00000094870	-	7	1	5	0	674	NA	NA	15	124
ENSMUST00000150727.8	ENSMUSG00000058317	+	6	1	4	0	97	NA	NA	8	176
ENSMUST00000022296.7	ENSMUSG00000021774	+	6	1	4	0	97	NA	NA	33	152
ENSMUST00000132374.9	ENSMUSG00000021772	-	4	1	2	0	242	NA	NA	17	94
ENSMUST00000080281.14	ENSMUSG00000012405	+	4	1	2	0	305	NA	NA	10	172
ENSMUST00000090543.6	ENSMUSG00000021775	+	8	0	7	0	196	NA	NA	NA	16
ENSMUST00000022304.12	ENSMUSG00000021779	-	7	0	6	0	241	NA	NA	NA	325
ENSMUST00000063750.8	ENSMUSG00000017491	+	8	0	7	0	196	NA	NA	NA	157
ENSMUST00000017629.12	ENSMUSG00000017485	-	36	0	35	0	167	NA	NA	NA	48
ENSMUST00000022310.7	ENSMUSG00000021785	-	12	0	11	0	175	NA	NA	NA	131
ENSMUST00000057015.8	ENSMUSG00000021733	-	25	0	24	0	81	NA	NA	NA	48
ENSMUST00000022257.4	ENSMUSG00000021738	-	12	1	10	0	17	NA	NA	11	286
ENSMUST00000162278.8	ENSMUSG00000060579	+	9	3	5	0	5	NA	NA	16	103
ENSMUST00000022272.14	ENSMUSG00000021752	-	3	1	1	0	686	NA	NA	43	27
ENSMUST00000022268.10	ENSMUSG00000021748	+	10	0	9	0	145	NA	NA	NA	42
ENSMUST00000225653.2	ENSMUSG00000033885	-	18	0	17	0	220	NA	NA	NA	102
ENSMUST00000166497.9	ENSMUSG00000025277	-	9	1	7	0	173	NA	NA	34	119
ENSMUST00000052678.9	ENSMUSG00000025278	-	46	0	45	0	187	NA	NA	NA	292
ENSMUST00000022340.5	ENSMUSG00000021806	+	21	0	20	0	10	NA	NA	NA	228
ENSMUST00000160013.8	ENSMUSG00000043004	-	4	2	1	0	128	NA	NA	29	87
ENSMUST00000059666.6	ENSMUSG00000045107	-	2	0	1	0	356	NA	NA	NA	210
ENSMUST00000024011.10	ENSMUSG00000023243	-	5	0	4	0	874	NA	NA	NA	186
ENSMUST00000223663.2	ENSMUSG00000021809	+	10	2	7	0	200	NA	NA	10	83
ENSMUST00000090499.13	ENSMUSG00000039599	+	14	0	13	0	67	NA	NA	NA	47
ENSMUST00000022345.7	ENSMUSG00000021811	-	5	0	4	0	116	NA	NA	NA	180
ENSMUST00000061444.5	ENSMUSG00000049960	-	3	0	2	0	133	NA	NA	NA	13
ENSMUST00000100844.6	ENSMUSG00000021814	-	14	1	12	0	122	NA	NA	1	54
ENSMUST00000159027.8	ENSMUSG00000021816	-	14	0	13	0	178	NA	NA	NA	85
ENSMUST00000035340.14	ENSMUSG00000034235	-	21	1	19	0	559	NA	NA	677	147
ENSMUST00000048657.10	ENSMUSG00000039367	+	23	1	21	0	140	NA	NA	28	172
ENSMUST00000048016.3	ENSMUSG00000039357	+	3	0	2	0	147	NA	NA	NA	696
ENSMUST00000226630.2	ENSMUSG00000021820	-	22	0	20	1	232	13	13	NA	65
ENSMUST00000022368.4	ENSMUSG00000021822	+	11	1	9	0	176	NA	NA	30	57
ENSMUST00000224380.3	ENSMUSG00000021823	+	22	0	21	0	146	NA	NA	NA	168
ENSMUST00000154460.8	ENSMUSG00000021824	-	9	1	7	0	100	NA	NA	3	273
ENSMUST00000182855.8	ENSMUSG00000021767	+	17	1	15	0	2542	NA	NA	249	624
ENSMUST00000119430.3	ENSMUSG00000021770	+	6	1	4	0	304	NA	NA	15	578
ENSMUST00000173456.8	ENSMUSG00000021771	+	9	1	7	0	91	NA	NA	2	67
ENSMUST00000124549.9	ENSMUSG00000021773	-	7	0	6	0	152	NA	NA	NA	94
ENSMUST00000043409.9	ENSMUSG00000039081	-	3	1	1	0	1628	NA	NA	751	330
ENSMUST00000090398.11	ENSMUSG00000021782	-	32	0	31	0	103	NA	NA	NA	304
ENSMUST00000026322.9	ENSMUSG00000025280	-	31	0	30	0	148	NA	NA	NA	44
ENSMUST00000162645.8	ENSMUSG00000007817	+	24	3	20	0	107	NA	NA	49	60
ENSMUST00000022419.7	ENSMUSG00000021868	+	6	0	5	0	135	NA	NA	NA	192
ENSMUST00000069180.8	ENSMUSG00000055538	-	4	0	3	0	113	NA	NA	NA	246
ENSMUST00000022416.15	ENSMUSG00000021866	+	15	1	13	0	59	NA	NA	8	55
ENSMUST00000139075.8	ENSMUSG00000021870	-	23	0	22	0	92	NA	NA	NA	198
ENSMUST00000037585.9	ENSMUSG00000040818	+	20	0	19	0	131	NA	NA	NA	228
ENSMUST00000022429.9	ENSMUSG00000021877	+	6	0	5	0	86	NA	NA	NA	67
ENSMUST00000052932.10	ENSMUSG00000043702	-	3	0	2	0	442	NA	NA	NA	1305
ENSMUST00000036570.5	ENSMUSG00000040760	-	22	0	21	0	143	NA	NA	NA	54
ENSMUST00000035336.5	ENSMUSG00000040717	+	13	0	12	0	109	NA	NA	NA	126
ENSMUST00000224981.2	ENSMUSG00000021895	+	10	0	9	0	349	NA	NA	NA	93
ENSMUST00000022450.6	ENSMUSG00000040651	+	24	0	23	0	55	NA	NA	NA	316
ENSMUST00000050480.8	ENSMUSG00000046753	-	16	0	15	0	86	NA	NA	NA	11
ENSMUST00000063465.12	ENSMUSG00000021994	+	5	0	4	0	458	NA	NA	NA	6
ENSMUST00000112268.4	ENSMUSG00000042682	+	5	0	4	0	3	NA	NA	NA	19
ENSMUST00000016115.6	ENSMUSG00000015971	+	13	0	12	0	143	NA	NA	NA	123
ENSMUST00000067620.12	ENSMUSG00000015970	+	8	1	6	0	418	NA	NA	51	709
ENSMUST00000022529.8	ENSMUSG00000021957	+	14	0	13	0	175	NA	NA	NA	107
ENSMUST00000112210.11	ENSMUSG00000021948	-	18	1	16	0	158	NA	NA	8	115
ENSMUST00000112184.10	ENSMUSG00000006527	+	21	1	19	0	140	NA	NA	111	28
ENSMUST00000228328.2	ENSMUSG00000021918	+	15	0	14	0	92	NA	NA	NA	93
ENSMUST00000168584.9	ENSMUSG00000021916	+	10	1	8	0	190	NA	NA	38	16
ENSMUST00000227096.2	ENSMUSG00000071547	+	14	0	13	0	261	NA	NA	NA	220
ENSMUST00000172142.8	ENSMUSG00000021910	-	14	0	13	0	19	NA	NA	NA	96
ENSMUST00000022458.11	ENSMUSG00000021901	+	17	0	16	0	133	NA	NA	NA	37
ENSMUST00000022451.14	ENSMUSG00000021893	+	21	0	20	0	144	NA	NA	NA	102
ENSMUST00000091903.5	ENSMUSG00000021892	-	9	0	8	0	217	NA	NA	NA	147
ENSMUST00000022446.7	ENSMUSG00000021890	+	6	0	5	0	46	NA	NA	NA	103
ENSMUST00000014640.9	ENSMUSG00000014496	-	28	0	27	0	286	NA	NA	NA	27
ENSMUST00000022462.14	ENSMUSG00000021906	+	8	1	6	0	154	NA	NA	8	116
ENSMUST00000163336.8	ENSMUSG00000056234	+	10	1	8	0	5	NA	NA	14	141
ENSMUST00000013845.13	ENSMUSG00000013701	-	7	0	6	0	115	NA	NA	NA	106
ENSMUST00000022470.15	ENSMUSG00000021911	+	18	0	17	0	130	NA	NA	NA	220
ENSMUST00000228529.2	ENSMUSG00000021913	+	24	2	21	0	123	NA	NA	1	204
ENSMUST00000066807.8	ENSMUSG00000054051	+	21	1	19	0	416	NA	NA	10	422
ENSMUST00000022504.12	ENSMUSG00000021936	-	12	1	10	0	145	NA	NA	47	122
ENSMUST00000022322.17	ENSMUSG00000021794	+	13	0	12	0	119	NA	NA	NA	445
ENSMUST00000023826.5	ENSMUSG00000023064	-	5	0	4	0	20	NA	NA	NA	121
ENSMUST00000049005.15	ENSMUSG00000021796	-	13	2	10	0	125	NA	NA	140	67
ENSMUST00000048263.14	ENSMUSG00000041408	+	19	1	17	0	65	NA	NA	22	499
ENSMUST00000090024.11	ENSMUSG00000058690	-	11	1	9	0	94	NA	NA	39	1414
ENSMUST00000165649.4	ENSMUSG00000041028	-	9	1	7	0	84	NA	NA	39	132
ENSMUST00000139526.9	ENSMUSG00000021830	-	21	2	18	0	265	NA	NA	76	163
ENSMUST00000022378.9	ENSMUSG00000021831	-	16	0	15	0	60	NA	NA	NA	114
ENSMUST00000022380.9	ENSMUSG00000021832	+	14	0	13	0	118	NA	NA	NA	85
ENSMUST00000046191.9	ENSMUSG00000037722	-	6	1	4	0	147	NA	NA	14	154
ENSMUST00000045905.15	ENSMUSG00000037712	-	15	1	13	0	173	NA	NA	10	157
ENSMUST00000051310.13	ENSMUSG00000037697	-	12	0	11	0	181	NA	NA	NA	790
ENSMUST00000067426.6	ENSMUSG00000037628	+	8	0	7	0	86	NA	NA	NA	9
ENSMUST00000015903.12	ENSMUSG00000015759	-	5	0	4	0	27	NA	NA	NA	81
ENSMUST00000111817.8	ENSMUSG00000062014	-	7	0	6	0	71	NA	NA	NA	3
ENSMUST00000022386.15	ENSMUSG00000021838	+	13	1	11	0	28	NA	NA	422	196
ENSMUST00000089959.7	ENSMUSG00000037580	-	6	0	5	0	126	NA	NA	NA	316
ENSMUST00000187531.8	ENSMUSG00000037572	-	25	0	24	0	200	NA	NA	NA	77
ENSMUST00000065562.6	ENSMUSG00000048379	+	2	1	0	0	1403	NA	NA	93	NA
ENSMUST00000166743.9	ENSMUSG00000021840	+	4	1	2	0	11	NA	NA	4	18
ENSMUST00000187839.8	ENSMUSG00000021843	+	43	1	40	1	104	6	6	31	529
ENSMUST00000073150.6	ENSMUSG00000021846	+	6	0	5	0	566	NA	NA	NA	77
ENSMUST00000111735.10	ENSMUSG00000036339	+	16	0	15	0	254	NA	NA	NA	148
ENSMUST00000037473.6	ENSMUSG00000036291	+	8	0	7	0	82	NA	NA	NA	74
ENSMUST00000037362.6	ENSMUSG00000036282	+	4	0	3	0	137	NA	NA	NA	801
ENSMUST00000006444.9	ENSMUSG00000006281	-	55	1	53	0	122	NA	NA	24	567
ENSMUST00000159292.8	ENSMUSG00000006289	-	11	0	10	0	39	NA	NA	NA	115
ENSMUST00000049411.12	ENSMUSG00000035960	+	5	1	3	0	517	NA	NA	57	55
ENSMUST00000160835.9	ENSMUSG00000035953	-	7	0	6	0	143	NA	NA	NA	163
ENSMUST00000004673.15	ENSMUSG00000004558	-	16	1	14	0	166	NA	NA	6	75
ENSMUST00000093813.12	ENSMUSG00000004562	+	24	0	22	1	41	6	6	NA	3
ENSMUST00000226522.2	ENSMUSG00000049295	-	5	1	3	0	607	NA	NA	83	6
ENSMUST00000111610.12	ENSMUSG00000060373	-	9	2	6	0	80	NA	NA	36	241
ENSMUST00000046709.9	ENSMUSG00000035726	-	26	0	25	0	145	NA	NA	NA	66
ENSMUST00000089752.11	ENSMUSG00000053754	-	37	0	36	0	560	NA	NA	NA	843
ENSMUST00000022765.14	ENSMUSG00000022159	-	8	0	7	0	107	NA	NA	NA	46
ENSMUST00000022766.8	ENSMUSG00000016831	+	10	1	8	0	60	NA	NA	263	6
ENSMUST00000022767.16	ENSMUSG00000022160	-	11	0	10	0	111	NA	NA	NA	100
ENSMUST00000058326.6	ENSMUSG00000049532	-	2	0	1	0	2941	NA	NA	NA	73
ENSMUST00000180359.8	ENSMUSG00000040997	+	7	1	5	0	89	NA	NA	49	40
ENSMUST00000089688.6	ENSMUSG00000000957	+	10	0	9	0	331	NA	NA	NA	108
ENSMUST00000022782.10	ENSMUSG00000022175	+	7	0	6	0	584	NA	NA	NA	37
ENSMUST00000022784.9	ENSMUSG00000022177	-	10	1	8	0	183	NA	NA	19	55
ENSMUST00000054487.10	ENSMUSG00000022178	-	8	0	7	0	125	NA	NA	NA	1033
ENSMUST00000067784.8	ENSMUSG00000059674	-	12	1	10	0	499	NA	NA	117	201
ENSMUST00000022793.15	ENSMUSG00000022185	-	19	0	18	0	320	NA	NA	NA	312
ENSMUST00000022787.8	ENSMUSG00000022180	-	11	0	10	0	157	NA	NA	NA	148
ENSMUST00000228495.3	ENSMUSG00000022199	-	10	0	9	0	288	NA	NA	NA	96
ENSMUST00000050575.9	ENSMUSG00000045691	+	2	0	1	0	127	NA	NA	NA	547
ENSMUST00000036041.15	ENSMUSG00000040701	-	22	1	20	0	101	NA	NA	1	204
ENSMUST00000117236.8	ENSMUSG00000022214	+	15	1	13	0	143	NA	NA	78	155
ENSMUST00000174259.8	ENSMUSG00000022216	+	11	0	10	0	80	NA	NA	NA	39
ENSMUST00000047131.16	ENSMUSG00000002319	-	30	0	29	0	130	NA	NA	NA	69
ENSMUST00000002400.7	ENSMUSG00000002329	-	6	0	5	0	91	NA	NA	NA	37
ENSMUST00000010520.10	ENSMUSG00000010376	-	4	0	3	0	96	NA	NA	NA	18
ENSMUST00000227061.2	ENSMUSG00000040472	-	17	1	15	0	148	NA	NA	54	3
ENSMUST00000002403.10	ENSMUSG00000002332	-	9	1	7	0	136	NA	NA	21	150
ENSMUST00000019441.9	ENSMUSG00000019297	+	10	0	9	0	157	NA	NA	NA	247
ENSMUST00000024179.6	ENSMUSG00000023411	+	10	0	9	0	67	NA	NA	NA	100
ENSMUST00000168479.3	ENSMUSG00000075592	+	8	0	7	0	2832	NA	NA	NA	198
ENSMUST00000022831.5	ENSMUSG00000047153	+	8	1	6	0	249	NA	NA	17	201
ENSMUST00000111325.5	ENSMUSG00000022223	-	6	0	5	0	409	NA	NA	NA	16
ENSMUST00000065302.8	ENSMUSG00000064128	-	17	1	15	0	192	NA	NA	61	438
ENSMUST00000161553.2	ENSMUSG00000054509	+	35	1	33	0	192	NA	NA	1	132
ENSMUST00000116468.2	ENSMUSG00000079184	+	14	0	13	0	41	NA	NA	NA	213
ENSMUST00000022507.13	ENSMUSG00000021938	-	9	0	8	0	185	NA	NA	NA	369
ENSMUST00000039812.16	ENSMUSG00000040123	-	8	2	5	0	734	NA	NA	44	405
ENSMUST00000022511.10	ENSMUSG00000021945	+	24	1	22	0	192	NA	NA	10	847
ENSMUST00000055698.8	ENSMUSG00000046352	-	2	1	0	0	702	NA	NA	22	NA
ENSMUST00000122063.8	ENSMUSG00000040040	+	26	1	24	0	121	NA	NA	6	90
ENSMUST00000174545.9	ENSMUSG00000021952	-	23	0	22	0	197	NA	NA	NA	69
ENSMUST00000022538.5	ENSMUSG00000021967	+	2	1	0	0	316	NA	NA	8	NA
ENSMUST00000089473.5	ENSMUSG00000021969	-	13	0	11	1	37	40	40	NA	118
ENSMUST00000043227.13	ENSMUSG00000035469	+	12	1	10	0	140	NA	NA	44	126
ENSMUST00000022563.9	ENSMUSG00000021987	+	14	0	13	0	248	NA	NA	NA	24
ENSMUST00000111236.4	ENSMUSG00000060548	-	10	1	8	0	8	NA	NA	24	69
ENSMUST00000022494.10	ENSMUSG00000021928	-	4	0	3	0	240	NA	NA	NA	171
ENSMUST00000022496.9	ENSMUSG00000021929	-	17	0	16	0	98	NA	NA	NA	69
ENSMUST00000022497.15	ENSMUSG00000021930	-	5	0	4	0	97	NA	NA	NA	106
ENSMUST00000014691.10	ENSMUSG00000014547	+	12	0	11	0	29	NA	NA	NA	137
ENSMUST00000006235.9	ENSMUSG00000021939	+	10	1	8	0	97	NA	NA	25	126
ENSMUST00000058679.7	ENSMUSG00000035078	-	10	0	9	0	151	NA	NA	NA	182
ENSMUST00000176128.8	ENSMUSG00000021972	-	10	1	8	0	137	NA	NA	57	23
ENSMUST00000022550.8	ENSMUSG00000021978	-	7	2	4	0	209	NA	NA	458	2148
ENSMUST00000066994.7	ENSMUSG00000034522	+	10	1	8	0	111	NA	NA	22	243
ENSMUST00000022614.7	ENSMUSG00000022035	+	9	0	8	0	29	NA	NA	NA	28
ENSMUST00000042046.5	ENSMUSG00000034463	-	6	0	5	0	451	NA	NA	NA	7
ENSMUST00000022616.14	ENSMUSG00000022037	+	9	1	7	0	9	NA	NA	27	94
ENSMUST00000070515.2	ENSMUSG00000022040	-	19	0	18	0	78	NA	NA	NA	101
ENSMUST00000022622.14	ENSMUSG00000059456	-	31	1	29	0	215	NA	NA	37	204
ENSMUST00000022623.13	ENSMUSG00000022043	+	6	0	5	0	601	NA	NA	NA	480
ENSMUST00000022629.9	ENSMUSG00000022048	-	14	0	13	0	91	NA	NA	NA	39
ENSMUST00000089236.11	ENSMUSG00000046204	+	3	2	0	0	1467	NA	NA	370	NA
ENSMUST00000022634.9	ENSMUSG00000022051	-	6	0	5	0	48	NA	NA	NA	97
ENSMUST00000089230.7	ENSMUSG00000022052	-	10	0	9	0	279	NA	NA	NA	7
ENSMUST00000150006.9	ENSMUSG00000048922	-	15	0	13	0	1162	NA	NA	0	64
ENSMUST00000150768.8	ENSMUSG00000034327	+	12	0	11	0	116	NA	NA	NA	48
ENSMUST00000039135.6	ENSMUSG00000044447	-	52	0	51	0	104	NA	NA	NA	43
ENSMUST00000022639.8	ENSMUSG00000022055	+	4	0	3	0	139	NA	NA	NA	1047
ENSMUST00000014957.10	ENSMUSG00000014813	+	4	0	3	0	270	NA	NA	NA	118
ENSMUST00000037064.5	ENSMUSG00000034248	-	4	0	3	0	520	NA	NA	NA	210
ENSMUST00000022660.14	ENSMUSG00000034205	+	14	1	12	0	79	NA	NA	43	364
ENSMUST00000036381.10	ENSMUSG00000034190	-	10	0	9	0	52	NA	NA	NA	299
ENSMUST00000022663.7	ENSMUSG00000022074	+	8	0	7	0	334	NA	NA	NA	132
ENSMUST00000022665.4	ENSMUSG00000022075	-	10	1	8	0	220	NA	NA	10	192
ENSMUST00000022680.9	ENSMUSG00000022089	+	9	0	8	0	146	NA	NA	NA	8
ENSMUST00000035612.7	ENSMUSG00000033712	-	21	1	19	0	44	NA	NA	36	58
ENSMUST00000022681.11	ENSMUSG00000022090	-	10	1	8	0	177	NA	NA	2	93
ENSMUST00000228911.2	ENSMUSG00000022092	-	15	0	14	0	193	NA	NA	NA	49
ENSMUST00000068044.14	ENSMUSG00000022094	-	10	2	7	0	146	NA	NA	15	264
ENSMUST00000000793.13	ENSMUSG00000000776	-	9	1	7	0	122	NA	NA	5	165
ENSMUST00000022693.9	ENSMUSG00000022098	-	20	0	19	0	134	NA	NA	NA	169
ENSMUST00000047218.5	ENSMUSG00000033589	+	8	0	7	0	65	NA	NA	NA	32
ENSMUST00000022690.10	ENSMUSG00000022095	-	17	0	16	0	138	NA	NA	NA	45
ENSMUST00000022694.17	ENSMUSG00000022099	-	16	1	14	0	113	NA	NA	152	18
ENSMUST00000167242.8	ENSMUSG00000022100	-	28	0	27	0	93	NA	NA	NA	18
ENSMUST00000089017.12	ENSMUSG00000033487	-	26	1	24	0	314	NA	NA	39	99
ENSMUST00000164822.8	ENSMUSG00000022106	+	15	3	11	0	140	NA	NA	22	42
ENSMUST00000022701.7	ENSMUSG00000022105	-	27	0	26	0	73	NA	NA	NA	119
ENSMUST00000022704.9	ENSMUSG00000022108	-	6	0	5	0	85	NA	NA	NA	117
ENSMUST00000022705.7	ENSMUSG00000022109	+	7	0	6	0	172	NA	NA	NA	125
ENSMUST00000043813.3	ENSMUSG00000033405	-	5	2	2	0	160	NA	NA	102	155
ENSMUST00000022573.17	ENSMUSG00000021996	+	9	1	7	0	80	NA	NA	7	68
ENSMUST00000088970.7	ENSMUSG00000068015	-	20	0	19	0	110	NA	NA	NA	277
ENSMUST00000124499.8	ENSMUSG00000021998	+	16	1	14	0	132	NA	NA	23	64
ENSMUST00000022577.6	ENSMUSG00000022000	+	19	1	17	0	170	NA	NA	6	117
ENSMUST00000049168.9	ENSMUSG00000034893	-	23	0	22	0	29	NA	NA	NA	174
ENSMUST00000022580.8	ENSMUSG00000022003	-	10	1	8	0	41	NA	NA	67	64
ENSMUST00000110894.9	ENSMUSG00000060126	+	6	0	5	0	2	NA	NA	NA	28
ENSMUST00000088922.5	ENSMUSG00000067995	-	8	0	7	0	119	NA	NA	NA	66
ENSMUST00000022585.5	ENSMUSG00000022008	-	8	0	7	0	218	NA	NA	NA	88
ENSMUST00000022586.2	ENSMUSG00000022009	+	10	0	9	0	116	NA	NA	NA	394
ENSMUST00000022587.10	ENSMUSG00000022010	+	3	0	2	0	257	NA	NA	NA	125
ENSMUST00000048208.10	ENSMUSG00000034795	+	6	1	4	0	197	NA	NA	48	46
ENSMUST00000022589.9	ENSMUSG00000022012	+	19	5	13	0	131	NA	NA	74	70
ENSMUST00000226459.2	ENSMUSG00000022013	-	6	0	5	0	73	NA	NA	NA	102
ENSMUST00000123853.9	ENSMUSG00000022016	-	12	1	10	0	170	NA	NA	52	60
ENSMUST00000040990.7	ENSMUSG00000058997	+	45	0	44	0	108	NA	NA	NA	160
ENSMUST00000022595.8	ENSMUSG00000022018	-	5	0	4	0	7	NA	NA	NA	49
ENSMUST00000061222.9	ENSMUSG00000043881	+	1	0	0	0	NA	NA	NA	NA	NA
ENSMUST00000022601.7	ENSMUSG00000022023	-	10	0	9	0	207	NA	NA	NA	2
ENSMUST00000040131.13	ENSMUSG00000036461	+	9	1	7	0	585	NA	NA	228	72
ENSMUST00000168889.3	ENSMUSG00000022021	-	28	0	27	0	259	NA	NA	NA	117
ENSMUST00000168275.9	ENSMUSG00000022019	+	14	0	12	1	116	9	9	NA	41
ENSMUST00000069334.8	ENSMUSG00000055639	-	11	0	10	0	37	NA	NA	NA	827
ENSMUST00000042662.10	ENSMUSG00000033186	-	3	0	2	0	20	NA	NA	NA	70
ENSMUST00000022656.8	ENSMUSG00000022070	+	12	1	10	0	65	NA	NA	15	153
ENSMUST00000042471.11	ENSMUSG00000033166	-	21	0	20	0	83	NA	NA	NA	228
ENSMUST00000022650.9	ENSMUSG00000022064	+	18	1	16	0	50	NA	NA	21	252
ENSMUST00000005279.8	ENSMUSG00000005148	+	4	0	3	0	178	NA	NA	NA	228
ENSMUST00000228216.2	ENSMUSG00000072294	-	8	1	6	0	181	NA	NA	31	33
ENSMUST00000161991.8	ENSMUSG00000033083	-	19	0	18	0	233	NA	NA	NA	498
ENSMUST00000002289.8	ENSMUSG00000022111	+	9	0	8	0	83	NA	NA	NA	42
ENSMUST00000100337.10	ENSMUSG00000033060	+	31	0	30	0	22	NA	NA	NA	69
ENSMUST00000184744.2	ENSMUSG00000098557	-	1	0	0	0	NA	NA	NA	NA	NA
ENSMUST00000022721.8	ENSMUSG00000022125	+	4	0	3	0	511	NA	NA	NA	122
ENSMUST00000022720.15	ENSMUSG00000022124	-	5	1	3	0	643	NA	NA	1	348
ENSMUST00000069443.14	ENSMUSG00000055717	+	7	0	6	0	75	NA	NA	NA	554
ENSMUST00000249907.1	ENSMUSG00000053253	+	8	0	6	1	103	3	3	NA	39
ENSMUST00000022709.6	ENSMUSG00000022114	-	2	1	0	0	998	NA	NA	51	NA
ENSMUST00000088483.10	ENSMUSG00000058571	+	10	1	8	0	202	NA	NA	106	160
ENSMUST00000022728.4	ENSMUSG00000022131	+	9	0	8	0	158	NA	NA	NA	148
ENSMUST00000036554.14	ENSMUSG00000032849	-	31	0	30	0	107	NA	NA	NA	74
ENSMUST00000047208.12	ENSMUSG00000042156	-	20	0	19	0	79	NA	NA	NA	3
ENSMUST00000022734.9	ENSMUSG00000022136	+	12	0	11	0	157	NA	NA	NA	82
ENSMUST00000167459.3	ENSMUSG00000022139	+	10	1	8	0	14	NA	NA	445	174
ENSMUST00000032898.9	ENSMUSG00000030662	+	26	0	25	0	86	NA	NA	NA	90
ENSMUST00000026635.8	ENSMUSG00000025555	+	27	1	25	0	81	NA	NA	23	171
ENSMUST00000079817.8	ENSMUSG00000063410	-	11	0	10	0	36	NA	NA	NA	42
ENSMUST00000212181.2	ENSMUSG00000025558	-	53	0	52	0	122	NA	NA	NA	120
ENSMUST00000026624.11	ENSMUSG00000025544	+	17	0	16	0	67	NA	NA	NA	168
ENSMUST00000039118.7	ENSMUSG00000041703	-	2	0	1	0	442	NA	NA	NA	1426
ENSMUST00000075888.6	ENSMUSG00000061524	+	3	0	2	0	353	NA	NA	NA	1072
ENSMUST00000038374.13	ENSMUSG00000041650	+	24	0	23	0	68	NA	NA	NA	93
ENSMUST00000037726.14	ENSMUSG00000041594	-	18	1	16	0	148	NA	NA	54	159
ENSMUST00000046633.10	ENSMUSG00000041935	-	6	0	5	0	283	NA	NA	NA	100
ENSMUST00000110690.9	ENSMUSG00000022186	+	17	0	16	0	41	NA	NA	NA	78
ENSMUST00000118193.8	ENSMUSG00000022151	+	5	1	3	0	353	NA	NA	1	221
ENSMUST00000120563.2	ENSMUSG00000039942	-	3	1	1	0	590	NA	NA	59	876
ENSMUST00000110664.9	ENSMUSG00000022150	+	14	1	11	1	62	6	6	98	91
ENSMUST00000061656.8	ENSMUSG00000050310	+	38	0	37	0	74	NA	NA	NA	49
ENSMUST00000022746.13	ENSMUSG00000022146	-	18	1	16	0	557	NA	NA	12	73
ENSMUST00000067190.12	ENSMUSG00000054263	+	20	1	18	0	623	NA	NA	22	139
ENSMUST00000163765.3	ENSMUSG00000022142	+	35	0	34	0	138	NA	NA	NA	157
ENSMUST00000052965.8	ENSMUSG00000022141	-	47	1	45	0	365	NA	NA	79	64
ENSMUST00000005493.14	ENSMUSG00000005360	-	10	1	8	0	207	NA	NA	97	181
ENSMUST00000190591.10	ENSMUSG00000022253	+	13	0	12	0	138	NA	NA	NA	264
ENSMUST00000096482.10	ENSMUSG00000054115	-	10	0	9	0	213	NA	NA	NA	8
ENSMUST00000227556.3	ENSMUSG00000039704	+	18	1	16	0	60	NA	NA	56	174
ENSMUST00000124470.8	ENSMUSG00000005268	+	10	2	7	0	986	NA	NA	54	55
ENSMUST00000136591.8	ENSMUSG00000044224	-	12	0	11	0	161	NA	NA	NA	97
ENSMUST00000090339.11	ENSMUSG00000022246	-	18	1	16	0	77	NA	NA	46	36
ENSMUST00000022816.15	ENSMUSG00000022205	-	5	1	3	0	79	NA	NA	1	72
ENSMUST00000122941.8	ENSMUSG00000022201	+	20	0	19	0	179	NA	NA	NA	37
ENSMUST00000038172.16	ENSMUSG00000039458	+	16	0	15	0	569	NA	NA	NA	81
ENSMUST00000059680.7	ENSMUSG00000022200	+	4	0	3	0	424	NA	NA	NA	225
ENSMUST00000169061.8	ENSMUSG00000022191	+	35	2	32	0	130	NA	NA	49	17
ENSMUST00000058845.9	ENSMUSG00000045763	-	2	1	0	0	689	NA	NA	9	NA
ENSMUST00000110457.8	ENSMUSG00000022272	+	41	0	40	0	101	NA	NA	NA	21
ENSMUST00000061875.8	ENSMUSG00000052253	+	6	0	5	0	127	NA	NA	NA	634
ENSMUST00000022875.7	ENSMUSG00000022265	+	12	0	11	0	113	NA	NA	NA	96
ENSMUST00000059662.8	ENSMUSG00000046034	-	7	0	6	0	194	NA	NA	NA	152
ENSMUST00000090247.7	ENSMUSG00000022263	-	57	0	56	0	548	NA	NA	NA	157
ENSMUST00000226119.2	ENSMUSG00000022240	+	22	0	21	0	260	NA	NA	NA	37
ENSMUST00000044524.16	ENSMUSG00000039168	+	4	0	3	0	113	NA	NA	NA	55
ENSMUST00000110410.10	ENSMUSG00000022237	-	4	0	3	0	835	NA	NA	NA	327
ENSMUST00000090227.6	ENSMUSG00000039100	-	26	0	25	0	90	NA	NA	NA	19
ENSMUST00000067458.7	ENSMUSG00000022231	+	23	2	20	0	119	NA	NA	74	124
ENSMUST00000022871.7	ENSMUSG00000022261	+	5	0	4	0	163	NA	NA	NA	60
ENSMUST00000042021.5	ENSMUSG00000038984	-	1	0	0	0	NA	NA	NA	NA	NA
ENSMUST00000022865.17	ENSMUSG00000022255	+	12	0	11	0	70	NA	NA	NA	378
ENSMUST00000022867.5	ENSMUSG00000022257	+	7	0	6	0	80	NA	NA	NA	99
ENSMUST00000227759.2	ENSMUSG00000022324	+	19	1	17	0	55	NA	NA	23	142
ENSMUST00000022946.6	ENSMUSG00000022323	-	6	0	5	0	56	NA	NA	NA	65
ENSMUST00000018476.14	ENSMUSG00000022329	-	11	0	10	0	158	NA	NA	NA	26
ENSMUST00000014457.15	ENSMUSG00000014313	-	4	1	1	1	113	16	16	13	117
ENSMUST00000047348.11	ENSMUSG00000037617	+	19	1	17	0	131	NA	NA	2	146
ENSMUST00000022890.10	ENSMUSG00000022280	-	10	1	8	0	696	NA	NA	82	674
ENSMUST00000057486.9	ENSMUSG00000048307	-	5	2	2	0	216	NA	NA	22	311
ENSMUST00000001809.15	ENSMUSG00000022283	-	15	0	13	0	92	1	1	NA	193
ENSMUST00000022894.14	ENSMUSG00000022285	-	7	2	4	0	59	NA	NA	11	294
ENSMUST00000078976.9	ENSMUSG00000062397	-	4	1	1	1	95	13	13	2	135
ENSMUST00000168992.8	ENSMUSG00000051359	-	7	4	2	0	97	NA	NA	19	378
ENSMUST00000022901.16	ENSMUSG00000022292	-	9	0	8	0	152	NA	NA	NA	48
ENSMUST00000074043.7	ENSMUSG00000037465	-	4	0	3	0	259	NA	NA	NA	36
ENSMUST00000065308.13	ENSMUSG00000037458	-	12	2	9	0	111	NA	NA	95	102
ENSMUST00000022904.8	ENSMUSG00000022295	+	13	1	11	0	95	NA	NA	32	132
ENSMUST00000179165.9	ENSMUSG00000022297	+	7	1	5	0	168	NA	NA	162	177
ENSMUST00000022908.10	ENSMUSG00000022299	-	7	0	6	0	138	NA	NA	NA	154
ENSMUST00000022916.13	ENSMUSG00000022305	-	7	0	6	0	863	NA	NA	NA	79
ENSMUST00000166917.3	ENSMUSG00000022307	+	6	0	5	0	135	NA	NA	NA	66
ENSMUST00000022921.7	ENSMUSG00000022309	-	9	0	8	0	160	NA	NA	NA	297
ENSMUST00000022962.8	ENSMUSG00000022337	+	11	0	10	0	86	NA	NA	NA	40
ENSMUST00000227843.2	ENSMUSG00000038736	-	10	0	9	0	292	NA	NA	NA	115
ENSMUST00000226827.2	ENSMUSG00000022338	+	5	1	3	0	76	NA	NA	9	68
ENSMUST00000227691.2	ENSMUSG00000022339	+	7	1	5	0	120	NA	NA	15	83
ENSMUST00000183757.8	ENSMUSG00000038679	-	6	0	5	0	1061	NA	NA	NA	10
ENSMUST00000022925.10	ENSMUSG00000022312	-	8	0	7	0	97	NA	NA	NA	132
ENSMUST00000137116.3	ENSMUSG00000022313	+	3	0	2	0	386	NA	NA	NA	188
ENSMUST00000022927.11	ENSMUSG00000022314	-	14	1	12	0	191	NA	NA	31	144
ENSMUST00000077273.9	ENSMUSG00000061731	-	11	0	10	0	185	NA	NA	NA	962
ENSMUST00000079772.4	ENSMUSG00000063727	-	5	0	4	0	388	NA	NA	NA	33
ENSMUST00000025356.4	ENSMUSG00000024479	+	4	0	3	0	71	NA	NA	NA	129
ENSMUST00000023059.13	ENSMUSG00000022422	-	9	0	8	0	108	NA	NA	NA	200
ENSMUST00000096433.10	ENSMUSG00000022419	+	9	0	8	0	128	NA	NA	NA	122
ENSMUST00000110221.10	ENSMUSG00000022371	+	48	1	46	0	79	NA	NA	37	88
ENSMUST00000039769.13	ENSMUSG00000060429	-	7	0	6	0	92	NA	NA	NA	568
ENSMUST00000096430.11	ENSMUSG00000071757	+	4	2	0	1	2715	5	5	205	2515
ENSMUST00000022993.7	ENSMUSG00000022365	-	8	0	7	0	138	NA	NA	NA	153
ENSMUST00000175805.9	ENSMUSG00000022361	-	3	1	0	1	2920	4	4	299	2625
ENSMUST00000228783.2	ENSMUSG00000022360	-	21	0	20	0	44	NA	NA	NA	17
ENSMUST00000022986.8	ENSMUSG00000022358	-	9	0	8	0	89	NA	NA	NA	116
ENSMUST00000037270.5	ENSMUSG00000037119	+	24	0	23	0	182	NA	NA	NA	72
ENSMUST00000072113.6	ENSMUSG00000062373	-	7	0	6	0	101	NA	NA	NA	286
ENSMUST00000036937.9	ENSMUSG00000037085	+	1	0	0	0	NA	NA	NA	NA	NA
ENSMUST00000036904.7	ENSMUSG00000037075	+	2	0	1	0	1825	NA	NA	NA	181
ENSMUST00000022980.5	ENSMUSG00000022354	+	4	0	3	0	131	NA	NA	NA	101
ENSMUST00000080371.8	ENSMUSG00000022353	-	15	0	14	0	700	NA	NA	NA	72
ENSMUST00000022976.6	ENSMUSG00000022350	-	29	1	27	0	56	NA	NA	120	186
ENSMUST00000079703.11	ENSMUSG00000059586	+	7	1	5	0	117	NA	NA	14	157
ENSMUST00000067543.8	ENSMUSG00000032501	+	3	0	2	0	465	NA	NA	NA	360
ENSMUST00000063838.11	ENSMUSG00000022378	-	12	2	9	0	63	NA	NA	10	73
ENSMUST00000177083.8	ENSMUSG00000022377	-	28	0	27	0	74	NA	NA	NA	126
ENSMUST00000015146.16	ENSMUSG00000015002	+	23	0	22	0	105	NA	NA	NA	10
ENSMUST00000230948.2	ENSMUSG00000072501	+	20	1	18	0	142	NA	NA	37	83
ENSMUST00000005256.14	ENSMUSG00000005125	-	16	1	14	0	241	NA	NA	18	63
ENSMUST00000092640.6	ENSMUSG00000013846	-	6	0	5	0	173	NA	NA	NA	297
ENSMUST00000022954.7	ENSMUSG00000022332	+	9	0	8	0	91	NA	NA	NA	88
ENSMUST00000239146.2	ENSMUSG00000022607	-	35	2	32	0	212	NA	NA	32	195
ENSMUST00000043414.12	ENSMUSG00000036661	+	23	0	22	0	200	NA	NA	NA	102
ENSMUST00000151288.8	ENSMUSG00000079020	-	8	1	6	0	365	NA	NA	391	244
ENSMUST00000165541.8	ENSMUSG00000059895	+	6	1	4	0	117	NA	NA	794	105
ENSMUST00000023268.14	ENSMUSG00000022602	-	3	0	0	2	NA	618	758	NA	1808
ENSMUST00000050234.4	ENSMUSG00000046380	-	2	1	0	0	2103	NA	NA	430	NA
ENSMUST00000070923.3	ENSMUSG00000056665	+	2	0	1	0	110	NA	NA	NA	513
ENSMUST00000100538.4	ENSMUSG00000075600	-	12	0	11	0	31	NA	NA	NA	46
ENSMUST00000023238.6	ENSMUSG00000022575	+	11	1	9	0	242	NA	NA	4	220
ENSMUST00000170153.2	ENSMUSG00000046761	-	5	1	3	0	2892	NA	NA	15	447
ENSMUST00000165738.8	ENSMUSG00000063268	-	10	0	9	0	304	NA	NA	NA	172
ENSMUST00000023225.8	ENSMUSG00000022564	+	7	1	5	0	149	NA	NA	23	304
ENSMUST00000161527.8	ENSMUSG00000022553	+	9	2	6	0	21	NA	NA	50	83
ENSMUST00000096385.11	ENSMUSG00000022558	+	44	2	41	0	85	NA	NA	57	22
ENSMUST00000227478.2	ENSMUSG00000022556	+	13	0	12	0	205	NA	NA	NA	117
ENSMUST00000023214.11	ENSMUSG00000022555	-	17	0	16	0	152	NA	NA	NA	227
ENSMUST00000023220.10	ENSMUSG00000022560	+	5	1	3	0	212	NA	NA	90	130
ENSMUST00000230977.2	ENSMUSG00000063354	-	12	0	11	0	128	NA	NA	NA	189
ENSMUST00000176274.2	ENSMUSG00000053929	-	4	0	3	0	430	NA	NA	NA	357
ENSMUST00000037551.15	ENSMUSG00000033819	+	11	1	9	0	374	NA	NA	722	259
ENSMUST00000127208.8	ENSMUSG00000033728	+	4	1	2	0	567	NA	NA	25	329
ENSMUST00000239003.2	ENSMUSG00000033697	-	12	1	10	0	194	NA	NA	81	86
ENSMUST00000080406.7	ENSMUSG00000022526	-	4	0	3	0	1621	NA	NA	NA	30
ENSMUST00000004072.10	ENSMUSG00000003970	+	6	1	4	0	158	NA	NA	10	138
ENSMUST00000229055.2	ENSMUSG00000054967	-	5	1	3	0	1324	NA	NA	51	42
ENSMUST00000171751.10	ENSMUSG00000033565	-	14	0	13	0	44	NA	NA	NA	180
ENSMUST00000016771.13	ENSMUSG00000022443	-	41	1	39	0	117	NA	NA	19	333
ENSMUST00000005487.12	ENSMUSG00000005354	-	4	0	2	0	113	NA	NA	0	263
ENSMUST00000016696.13	ENSMUSG00000016552	-	9	1	7	0	232	NA	NA	1	500
ENSMUST00000016781.8	ENSMUSG00000016637	-	7	0	6	0	98	NA	NA	NA	34
ENSMUST00000167140.8	ENSMUSG00000071711	+	3	1	1	0	298	NA	NA	27	595
ENSMUST00000023075.9	ENSMUSG00000022440	-	3	0	2	0	547	NA	NA	NA	6
ENSMUST00000164826.8	ENSMUSG00000033170	-	21	0	20	0	237	NA	NA	NA	130
ENSMUST00000059619.3	ENSMUSG00000049521	+	3	1	1	0	766	NA	NA	262	463
ENSMUST00000041587.8	ENSMUSG00000033128	+	17	0	16	0	110	NA	NA	NA	43
ENSMUST00000089377.6	ENSMUSG00000068220	+	4	0	3	0	146	NA	NA	NA	9
ENSMUST00000040676.11	ENSMUSG00000033055	-	8	0	7	0	74	NA	NA	NA	325
ENSMUST00000040320.10	ENSMUSG00000033039	+	16	0	15	0	121	NA	NA	NA	146
ENSMUST00000230271.2	ENSMUSG00000033020	+	5	0	4	0	90	NA	NA	NA	20
ENSMUST00000166977.9	ENSMUSG00000042632	-	16	1	14	0	144	NA	NA	41	209
ENSMUST00000229130.2	ENSMUSG00000042622	+	3	1	1	0	434	NA	NA	31	36
ENSMUST00000228002.2	ENSMUSG00000009035	-	10	1	8	0	241	NA	NA	58	192
ENSMUST00000054014.9	ENSMUSG00000055065	-	13	0	12	0	505	NA	NA	NA	50
ENSMUST00000023062.5	ENSMUSG00000022427	+	4	0	3	0	74	NA	NA	NA	117
ENSMUST00000023061.7	ENSMUSG00000022426	-	4	0	3	0	99	NA	NA	NA	185
ENSMUST00000046259.14	ENSMUSG00000042524	-	18	1	16	0	113	NA	NA	36	125
ENSMUST00000023055.8	ENSMUSG00000022420	-	4	1	2	0	164	NA	NA	137	69
ENSMUST00000023057.10	ENSMUSG00000022421	-	5	0	4	0	224	NA	NA	NA	609
ENSMUST00000109627.8	ENSMUSG00000089715	-	5	0	4	0	998	NA	NA	NA	69
ENSMUST00000089293.11	ENSMUSG00000053411	-	6	0	5	0	157	NA	NA	NA	69
ENSMUST00000000500.8	ENSMUSG00000000489	-	7	0	5	1	124	25	25	NA	63
ENSMUST00000009727.12	ENSMUSG00000022415	+	4	0	3	0	221	NA	NA	NA	99
ENSMUST00000023050.9	ENSMUSG00000022414	+	11	0	10	0	207	NA	NA	NA	33
ENSMUST00000023048.12	ENSMUSG00000022412	+	6	2	3	0	806	NA	NA	7	144
ENSMUST00000109579.9	ENSMUSG00000042292	-	13	0	12	0	517	NA	NA	NA	46
ENSMUST00000172107.8	ENSMUSG00000022403	-	12	0	11	0	128	NA	NA	NA	110
ENSMUST00000163754.9	ENSMUSG00000022401	+	10	0	9	0	166	NA	NA	NA	64
ENSMUST00000068387.11	ENSMUSG00000055024	+	31	0	30	0	2180	NA	NA	NA	94
ENSMUST00000170134.9	ENSMUSG00000022391	-	17	2	14	0	69	NA	NA	35	112
ENSMUST00000109554.3	ENSMUSG00000022390	+	23	1	21	0	264	NA	NA	6	53
ENSMUST00000023024.8	ENSMUSG00000022389	+	4	0	3	0	215	NA	NA	NA	151
ENSMUST00000050467.9	ENSMUSG00000048546	-	2	1	0	0	1143	NA	NA	106	NA
ENSMUST00000023117.10	ENSMUSG00000061360	-	4	0	3	0	89	NA	NA	NA	52
ENSMUST00000023116.7	ENSMUSG00000022477	+	18	0	17	0	134	NA	NA	NA	36
ENSMUST00000023112.12	ENSMUSG00000022474	-	8	0	7	0	122	NA	NA	NA	87
ENSMUST00000152227.8	ENSMUSG00000022472	-	6	0	5	0	93	NA	NA	NA	88
ENSMUST00000100399.11	ENSMUSG00000022471	+	13	1	11	0	196	NA	NA	1241	76
ENSMUST00000089174.6	ENSMUSG00000068114	+	7	1	5	0	125	NA	NA	16	103
ENSMUST00000023100.8	ENSMUSG00000022463	+	19	0	18	0	220	NA	NA	NA	88
ENSMUST00000089157.11	ENSMUSG00000068101	-	6	0	5	0	140	NA	NA	NA	57
ENSMUST00000023088.8	ENSMUSG00000022453	-	10	1	8	0	146	NA	NA	61	16
ENSMUST00000048966.7	ENSMUSG00000041852	-	5	1	3	0	17	NA	NA	36	5736
ENSMUST00000058793.14	ENSMUSG00000041815	-	9	0	8	0	174	NA	NA	NA	59
ENSMUST00000018186.16	ENSMUSG00000018042	-	9	0	8	0	172	NA	NA	NA	21
ENSMUST00000067215.9	ENSMUSG00000054277	-	16	0	15	0	17	NA	NA	NA	69
ENSMUST00000171436.8	ENSMUSG00000016664	-	11	1	9	0	112	NA	NA	73	60
ENSMUST00000016897.12	ENSMUSG00000022442	-	12	3	8	0	129	NA	NA	4	113
ENSMUST00000016901.5	ENSMUSG00000016757	-	14	0	13	0	151	NA	NA	NA	162
ENSMUST00000023071.8	ENSMUSG00000022437	+	15	0	14	0	45	NA	NA	NA	21
ENSMUST00000023072.7	ENSMUSG00000022438	+	13	0	12	0	76	NA	NA	NA	115
ENSMUST00000065499.5	ENSMUSG00000036106	+	8	0	7	0	469	NA	NA	NA	137
ENSMUST00000165443.4	ENSMUSG00000016619	+	8	1	6	0	202	NA	NA	10	69
ENSMUST00000023069.9	ENSMUSG00000022434	+	9	1	7	0	19	NA	NA	9	47
ENSMUST00000057410.14	ENSMUSG00000006369	+	17	0	16	0	139	NA	NA	NA	79
ENSMUST00000163242.3	ENSMUSG00000016541	+	12	0	11	0	2	NA	NA	NA	116
ENSMUST00000071876.13	ENSMUSG00000064284	-	5	1	2	0	134	NA	NA	0	113
ENSMUST00000016172.10	ENSMUSG00000016028	-	35	0	34	0	9	NA	NA	NA	3589
ENSMUST00000088931.10	ENSMUSG00000035900	+	19	0	18	0	104	NA	NA	NA	104
ENSMUST00000044332.16	ENSMUSG00000035891	-	13	0	12	0	54	NA	NA	NA	142
ENSMUST00000063414.9	ENSMUSG00000051864	+	13	0	12	0	128	NA	NA	NA	62
ENSMUST00000109381.9	ENSMUSG00000022387	-	13	1	11	0	183	NA	NA	14	1367
ENSMUST00000041297.15	ENSMUSG00000034333	+	3	2	0	0	3828	NA	NA	322	NA
ENSMUST00000162183.8	ENSMUSG00000035845	-	10	1	8	0	225	NA	NA	23	165
ENSMUST00000024042.5	ENSMUSG00000023272	+	10	0	9	0	49	NA	NA	NA	123
ENSMUST00000042818.11	ENSMUSG00000035828	+	6	0	5	0	187	NA	NA	NA	85
ENSMUST00000081702.12	ENSMUSG00000015363	+	10	1	8	0	177	NA	NA	35	30
ENSMUST00000082439.6	ENSMUSG00000035757	+	9	0	8	0	155	NA	NA	NA	557
ENSMUST00000109353.9	ENSMUSG00000051786	-	25	0	24	0	91	NA	NA	NA	741
ENSMUST00000088827.8	ENSMUSG00000022610	-	12	0	11	0	79	NA	NA	NA	125
ENSMUST00000088823.5	ENSMUSG00000053137	-	12	0	11	0	79	NA	NA	NA	116
ENSMUST00000060808.10	ENSMUSG00000036606	-	36	1	34	0	104	NA	NA	13	1074
ENSMUST00000238818.2	ENSMUSG00000036561	+	25	3	21	0	48	NA	NA	16	227
ENSMUST00000144585.9	ENSMUSG00000036529	-	41	0	40	0	98	NA	NA	NA	55
ENSMUST00000023283.6	ENSMUSG00000022614	-	14	0	13	0	296	NA	NA	NA	94
ENSMUST00000088717.7	ENSMUSG00000008690	+	20	0	19	0	140	NA	NA	NA	108
ENSMUST00000023291.6	ENSMUSG00000022619	+	12	0	11	0	72	NA	NA	NA	65
ENSMUST00000064391.12	ENSMUSG00000052560	-	20	0	19	0	188	NA	NA	NA	137
ENSMUST00000057896.5	ENSMUSG00000036197	-	8	0	7	0	161	NA	NA	NA	206
ENSMUST00000080299.7	ENSMUSG00000022634	-	4	0	3	0	234	NA	NA	NA	26
ENSMUST00000076070.9	ENSMUSG00000022635	-	8	1	6	0	131	NA	NA	2	84
ENSMUST00000068457.15	ENSMUSG00000036167	+	9	1	7	0	194	NA	NA	20	72
ENSMUST00000109255.3	ENSMUSG00000036158	-	8	1	6	0	856	NA	NA	52	132
ENSMUST00000023087.13	ENSMUSG00000022451	-	9	0	8	0	170	NA	NA	NA	25
ENSMUST00000227791.2	ENSMUSG00000064210	+	21	0	20	0	206	NA	NA	NA	73
ENSMUST00000096250.5	ENSMUSG00000033237	+	21	0	20	0	141	NA	NA	NA	92
ENSMUST00000047835.8	ENSMUSG00000033228	-	15	1	13	0	128	NA	NA	21	61
ENSMUST00000088454.13	ENSMUSG00000023169	-	16	1	14	0	101	NA	NA	92	122
ENSMUST00000023099.8	ENSMUSG00000022462	-	16	1	14	0	101	NA	NA	87	116
ENSMUST00000229890.2	ENSMUSG00000048218	-	1	0	0	0	NA	NA	NA	NA	NA
ENSMUST00000117892.2	ENSMUSG00000081534	+	3	0	2	0	136	NA	NA	NA	136
ENSMUST00000118294.8	ENSMUSG00000022475	-	26	2	23	0	45	NA	NA	47	144
ENSMUST00000044189.16	ENSMUSG00000033075	-	18	1	16	0	62	NA	NA	44	4
ENSMUST00000163507.8	ENSMUSG00000033065	+	23	1	21	0	144	NA	NA	8	85
ENSMUST00000143400.8	ENSMUSG00000048175	-	4	1	2	0	632	NA	NA	35	129
ENSMUST00000230542.2	ENSMUSG00000022992	-	10	1	8	0	125	NA	NA	8	251
ENSMUST00000169707.8	ENSMUSG00000011960	-	10	1	8	0	1397	NA	NA	647	161
ENSMUST00000096224.6	ENSMUSG00000022994	-	22	1	20	0	125	NA	NA	1	858
ENSMUST00000230490.2	ENSMUSG00000003352	+	13	0	12	0	314	NA	NA	NA	45
ENSMUST00000003451.11	ENSMUSG00000054855	-	5	0	4	0	245	NA	NA	NA	120
ENSMUST00000053183.12	ENSMUSG00000051853	-	5	1	3	0	161	NA	NA	89	148
ENSMUST00000168846.3	ENSMUSG00000067713	-	12	0	11	0	107	NA	NA	NA	9
ENSMUST00000024518.11	ENSMUSG00000023755	-	8	0	7	0	92	NA	NA	NA	52
ENSMUST00000023736.10	ENSMUSG00000022999	-	17	0	16	0	67	NA	NA	NA	72
ENSMUST00000097014.7	ENSMUSG00000072235	-	4	0	3	0	980	NA	NA	NA	3
ENSMUST00000058914.10	ENSMUSG00000043091	+	4	0	3	0	974	NA	NA	NA	3
ENSMUST00000061295.7	ENSMUSG00000038009	+	3	1	1	0	179	NA	NA	113	840
ENSMUST00000063517.6	ENSMUSG00000051934	+	13	1	11	0	311	NA	NA	272	25
ENSMUST00000041190.17	ENSMUSG00000037570	-	15	1	13	0	86	NA	NA	110	10
ENSMUST00000145482.8	ENSMUSG00000023007	+	26	1	24	0	92	NA	NA	63	18
ENSMUST00000023749.15	ENSMUSG00000023010	+	10	1	8	0	23	NA	NA	28	56
ENSMUST00000023747.14	ENSMUSG00000023009	-	13	2	10	0	209	NA	NA	39	111
ENSMUST00000023758.9	ENSMUSG00000023017	+	12	1	10	0	104	NA	NA	16	362
ENSMUST00000023759.6	ENSMUSG00000023018	+	13	0	12	0	53	NA	NA	NA	177
ENSMUST00000023761.4	ENSMUSG00000023020	+	2	1	0	0	181	NA	NA	8	NA
ENSMUST00000023762.13	ENSMUSG00000023021	-	10	0	9	0	215	NA	NA	NA	197
ENSMUST00000073691.5	ENSMUSG00000023022	-	11	1	9	0	993	NA	NA	30	119
ENSMUST00000100206.4	ENSMUSG00000023025	+	16	0	15	0	338	NA	NA	NA	18
ENSMUST00000100203.10	ENSMUSG00000023026	+	38	0	37	0	252	NA	NA	NA	100
ENSMUST00000023769.11	ENSMUSG00000023027	+	7	1	5	0	144	NA	NA	6	93
ENSMUST00000067752.5	ENSMUSG00000054619	+	2	0	1	0	236	NA	NA	NA	498
ENSMUST00000023774.12	ENSMUSG00000023030	-	17	1	15	0	77	NA	NA	38	34
ENSMUST00000037001.10	ENSMUSG00000037353	+	9	0	8	0	70	NA	NA	NA	122
ENSMUST00000061457.7	ENSMUSG00000044636	-	5	1	3	0	896	NA	NA	81	151
ENSMUST00000229696.2	ENSMUSG00000009733	-	16	1	14	0	37	NA	NA	35	122
ENSMUST00000000356.10	ENSMUSG00000000346	+	4	0	3	0	128	NA	NA	NA	13
ENSMUST00000066068.7	ENSMUSG00000053559	-	4	1	2	0	178	NA	NA	35	34
ENSMUST00000159715.8	ENSMUSG00000037280	-	12	2	9	0	113	NA	NA	96	491
ENSMUST00000023776.13	ENSMUSG00000023032	+	25	0	24	0	12	NA	NA	NA	45
ENSMUST00000000544.12	ENSMUSG00000000532	+	9	0	8	0	125	NA	NA	NA	91
ENSMUST00000228985.2	ENSMUSG00000023034	+	8	2	5	0	256	NA	NA	2	885
ENSMUST00000169681.3	ENSMUSG00000058655	+	15	0	14	0	80	NA	NA	NA	13
ENSMUST00000154032.2	ENSMUSG00000036966	-	11	0	10	0	134	NA	NA	NA	23
ENSMUST00000023805.3	ENSMUSG00000023044	-	15	1	13	0	173	NA	NA	11	126
ENSMUST00000230867.2	ENSMUSG00000046897	+	5	0	4	0	89	NA	NA	NA	9
ENSMUST00000043172.15	ENSMUSG00000001288	-	10	2	7	0	199	NA	NA	142	184
ENSMUST00000051341.6	ENSMUSG00000045665	+	2	1	0	0	1370	NA	NA	18	NA
ENSMUST00000064924.6	ENSMUSG00000058290	+	31	1	29	0	207	NA	NA	9	81
ENSMUST00000001326.7	ENSMUSG00000001280	+	6	0	5	0	307	NA	NA	NA	7
ENSMUST00000023810.12	ENSMUSG00000023048	+	5	2	2	0	44	NA	NA	20	19
ENSMUST00000249860.1	ENSMUSG00000056851	+	15	1	13	0	351	NA	NA	73	69
ENSMUST00000023812.10	ENSMUSG00000023050	-	14	1	12	0	95	NA	NA	34	445
ENSMUST00000023813.9	ENSMUSG00000023051	+	9	0	8	0	157	NA	NA	NA	53
ENSMUST00000184616.8	ENSMUSG00000099083	-	12	1	10	0	217	NA	NA	21	48
ENSMUST00000185641.7	ENSMUSG00000062683	-	5	1	3	0	114	NA	NA	30	39
ENSMUST00000023818.11	ENSMUSG00000023055	-	15	1	13	0	177	NA	NA	24	156
ENSMUST00000229377.2	ENSMUSG00000036061	-	5	3	1	0	548	NA	NA	11	291
ENSMUST00000118152.8	ENSMUSG00000009575	-	5	1	3	0	150	NA	NA	46	137
ENSMUST00000087351.9	ENSMUSG00000046434	+	10	0	8	1	55	15	15	NA	15
ENSMUST00000168828.3	ENSMUSG00000000552	-	8	0	7	0	230	NA	NA	NA	10
ENSMUST00000023128.8	ENSMUSG00000000555	-	30	0	29	0	83	NA	NA	NA	227
ENSMUST00000023176.5	ENSMUSG00000022529	+	6	0	5	0	1153	NA	NA	NA	393
ENSMUST00000090522.5	ENSMUSG00000039789	-	3	0	2	0	1099	NA	NA	NA	33
ENSMUST00000186375.8	ENSMUSG00000005982	+	7	1	4	1	156	187	187	6	110
ENSMUST00000040790.14	ENSMUSG00000039738	-	15	0	14	0	351	NA	NA	NA	10
ENSMUST00000023165.9	ENSMUSG00000022521	-	31	0	30	0	2150	NA	NA	NA	85
ENSMUST00000117801.8	ENSMUSG00000005580	-	11	1	9	0	1191	NA	NA	43	1693
ENSMUST00000005862.9	ENSMUSG00000005718	-	7	0	6	0	194	NA	NA	NA	89
ENSMUST00000014447.13	ENSMUSG00000014303	+	7	1	5	0	790	NA	NA	49	172
ENSMUST00000038770.4	ENSMUSG00000039646	+	2	1	0	0	2030	NA	NA	9	NA
ENSMUST00000120056.8	ENSMUSG00000063445	-	5	0	4	0	179	NA	NA	NA	40
ENSMUST00000004172.15	ENSMUSG00000004070	+	6	1	4	0	127	NA	NA	36	83
ENSMUST00000004173.12	ENSMUSG00000004071	-	6	2	3	0	111	NA	NA	24	85
ENSMUST00000037843.7	ENSMUSG00000039568	-	3	0	2	0	350	NA	NA	NA	120
ENSMUST00000023159.10	ENSMUSG00000022517	+	16	0	15	0	112	NA	NA	NA	88
ENSMUST00000230703.2	ENSMUSG00000039473	+	18	1	16	0	49	NA	NA	39	249
ENSMUST00000035672.5	ENSMUSG00000039457	-	22	0	21	0	2663	NA	NA	NA	62
ENSMUST00000023911.11	ENSMUSG00000023143	-	10	0	9	0	210	NA	NA	NA	86
ENSMUST00000064635.12	ENSMUSG00000022544	-	8	0	7	0	118	NA	NA	NA	96
ENSMUST00000065987.14	ENSMUSG00000057880	+	16	1	14	0	121	NA	NA	45	70
ENSMUST00000023396.10	ENSMUSG00000022711	+	9	0	7	1	101	37	37	NA	54
ENSMUST00000008537.10	ENSMUSG00000008393	-	4	1	2	0	162	NA	NA	7	161
ENSMUST00000161046.9	ENSMUSG00000022710	-	31	0	30	0	106	NA	NA	NA	82
ENSMUST00000078357.5	ENSMUSG00000022505	-	5	1	3	0	187	NA	NA	85	78
ENSMUST00000023146.5	ENSMUSG00000022503	+	11	0	10	0	58	NA	NA	NA	19
ENSMUST00000184863.8	ENSMUSG00000038055	-	5	0	0	4	NA	132	502	NA	419
ENSMUST00000115824.10	ENSMUSG00000068663	+	24	0	23	0	355	NA	NA	NA	80
ENSMUST00000023143.14	ENSMUSG00000022500	-	4	1	2	0	108	NA	NA	5	220
ENSMUST00000228962.2	ENSMUSG00000037972	+	2	1	0	0	353	NA	NA	87	NA
ENSMUST00000038424.14	ENSMUSG00000022498	-	12	0	11	0	624	NA	NA	NA	242
ENSMUST00000037633.16	ENSMUSG00000037965	-	23	1	21	0	189	NA	NA	34	68
ENSMUST00000119953.2	ENSMUSG00000005846	-	9	0	8	0	257	NA	NA	NA	105
ENSMUST00000080030.14	ENSMUSG00000062203	-	15	0	14	0	52	NA	NA	NA	355
ENSMUST00000180792.8	ENSMUSG00000071669	+	21	0	20	0	129	NA	NA	NA	7
ENSMUST00000096272.11	ENSMUSG00000065979	-	4	0	3	0	226	NA	NA	NA	70
ENSMUST00000149359.2	ENSMUSG00000009569	+	15	0	14	0	535	NA	NA	NA	121
ENSMUST00000058884.10	ENSMUSG00000022685	-	24	0	23	0	52	NA	NA	NA	19
ENSMUST00000023365.13	ENSMUSG00000022684	+	8	1	6	0	192	NA	NA	74	263
ENSMUST00000115804.9	ENSMUSG00000022680	-	23	0	22	0	25	NA	NA	NA	21
ENSMUST00000090300.6	ENSMUSG00000060657	-	27	1	25	0	241	NA	NA	59	141
ENSMUST00000023359.13	ENSMUSG00000022678	+	9	1	7	0	93	NA	NA	41	83
ENSMUST00000100167.10	ENSMUSG00000023088	+	31	0	30	0	108	NA	NA	NA	48
ENSMUST00000023356.8	ENSMUSG00000022676	+	3	0	2	0	181	NA	NA	NA	79
ENSMUST00000115777.10	ENSMUSG00000022674	-	4	0	3	0	146	NA	NA	NA	16
ENSMUST00000040248.9	ENSMUSG00000041974	-	20	0	19	0	155	NA	NA	NA	33
ENSMUST00000096229.11	ENSMUSG00000022789	-	19	0	18	0	56	NA	NA	NA	102
ENSMUST00000161861.8	ENSMUSG00000022788	-	17	2	14	0	257	NA	NA	92	92
ENSMUST00000027373.12	ENSMUSG00000026181	+	8	1	6	0	382	NA	NA	65	203
ENSMUST00000232611.2	ENSMUSG00000063358	+	9	0	7	1	116	5	5	NA	113
ENSMUST00000023453.10	ENSMUSG00000022769	-	3	0	2	0	281	NA	NA	NA	187
ENSMUST00000232139.2	ENSMUSG00000038965	-	5	1	3	0	154	NA	NA	172	27
ENSMUST00000036161.12	ENSMUSG00000041720	-	55	1	53	0	51	NA	NA	18	99
ENSMUST00000023449.11	ENSMUSG00000022765	+	5	0	4	0	157	NA	NA	NA	237
ENSMUST00000006293.5	ENSMUSG00000006134	+	3	0	2	0	134	NA	NA	NA	311
ENSMUST00000023444.11	ENSMUSG00000022761	+	21	0	20	0	116	NA	NA	NA	191
ENSMUST00000012259.9	ENSMUSG00000012114	-	18	0	17	0	136	NA	NA	NA	68
ENSMUST00000012161.5	ENSMUSG00000012017	+	11	0	10	0	832	NA	NA	NA	149
ENSMUST00000003622.16	ENSMUSG00000003528	-	9	0	8	0	114	NA	NA	NA	94
ENSMUST00000076957.7	ENSMUSG00000060166	-	11	0	10	0	171	NA	NA	NA	104
ENSMUST00000115645.10	ENSMUSG00000005732	-	6	0	5	0	106	NA	NA	NA	15
ENSMUST00000115640.8	ENSMUSG00000022721	+	12	0	11	0	225	NA	NA	NA	21
ENSMUST00000009321.11	ENSMUSG00000022718	-	14	1	12	0	83	NA	NA	280	720
ENSMUST00000115628.10	ENSMUSG00000013539	-	9	1	7	0	120	NA	NA	38	56
ENSMUST00000165430.8	ENSMUSG00000000326	-	5	0	3	0	203	NA	NA	0	268
ENSMUST00000115578.10	ENSMUSG00000005262	+	13	1	11	0	74	NA	NA	156	3
ENSMUST00000023509.5	ENSMUSG00000062901	+	8	2	5	0	200	NA	NA	61	920
ENSMUST00000115560.4	ENSMUSG00000041215	+	31	1	29	0	108	NA	NA	19	100
ENSMUST00000079158.13	ENSMUSG00000022822	-	30	1	28	0	101	NA	NA	52	129
ENSMUST00000003320.14	ENSMUSG00000003235	+	16	0	15	0	59	NA	NA	NA	183
ENSMUST00000171572.9	ENSMUSG00000003233	+	16	0	15	0	31	NA	NA	NA	161
ENSMUST00000090023.13	ENSMUSG00000022841	+	11	1	9	0	134	NA	NA	43	74
ENSMUST00000003319.6	ENSMUSG00000003234	+	21	0	20	0	158	NA	NA	NA	73
ENSMUST00000007212.9	ENSMUSG00000006998	+	21	0	20	0	182	NA	NA	NA	135
ENSMUST00000006112.7	ENSMUSG00000005958	+	16	0	15	0	108	NA	NA	NA	94
ENSMUST00000023562.9	ENSMUSG00000022856	-	5	0	4	0	220	NA	NA	NA	119
ENSMUST00000023561.8	ENSMUSG00000022855	+	17	0	16	0	62	NA	NA	NA	101
ENSMUST00000100052.11	ENSMUSG00000033581	-	16	0	15	0	92	NA	NA	NA	178
ENSMUST00000161286.8	ENSMUSG00000022858	-	9	0	8	0	10	NA	NA	NA	36
ENSMUST00000079601.13	ENSMUSG00000013089	-	13	1	11	0	221	NA	NA	78	45
ENSMUST00000004576.8	ENSMUSG00000004462	-	8	1	5	1	114	34	34	43	336
ENSMUST00000023599.13	ENSMUSG00000022884	+	11	0	10	0	144	NA	NA	NA	29
ENSMUST00000023601.14	ENSMUSG00000022885	+	8	3	4	0	241	NA	NA	48	598
ENSMUST00000023151.6	ENSMUSG00000022508	-	10	2	7	0	143	NA	NA	11	161
ENSMUST00000023156.13	ENSMUSG00000022514	+	11	1	9	0	367	NA	NA	1	64
ENSMUST00000100026.10	ENSMUSG00000038127	+	11	0	10	0	19	NA	NA	NA	49
ENSMUST00000160597.8	ENSMUSG00000038084	+	29	0	27	1	64	11	11	NA	32
ENSMUST00000023171.8	ENSMUSG00000022528	+	4	0	3	0	556	NA	NA	NA	108
ENSMUST00000100013.9	ENSMUSG00000022533	-	34	2	31	0	197	NA	NA	50	51
ENSMUST00000140402.8	ENSMUSG00000022537	-	10	0	9	0	107	NA	NA	NA	137
ENSMUST00000117363.9	ENSMUSG00000022538	-	14	0	13	0	179	NA	NA	NA	99
ENSMUST00000059078.4	ENSMUSG00000046546	+	1	0	0	0	NA	NA	NA	NA	NA
ENSMUST00000230614.2	ENSMUSG00000049076	-	23	0	22	0	100	NA	NA	NA	53
ENSMUST00000060188.14	ENSMUSG00000047714	-	6	0	5	0	46	NA	NA	NA	125
ENSMUST00000089759.9	ENSMUSG00000046598	+	7	1	5	0	469	NA	NA	43	83
ENSMUST00000115201.8	ENSMUSG00000022770	+	27	1	25	0	106	NA	NA	31	19
ENSMUST00000023460.7	ENSMUSG00000022774	+	4	0	3	0	71	NA	NA	NA	78
ENSMUST00000231360.2	ENSMUSG00000022772	-	10	1	8	0	110	NA	NA	31	1495
ENSMUST00000023467.9	ENSMUSG00000022781	-	15	1	13	0	86	NA	NA	21	187
ENSMUST00000096109.11	ENSMUSG00000023791	-	6	0	5	0	143	NA	NA	NA	100
ENSMUST00000115168.9	ENSMUSG00000035790	+	4	2	1	0	361	NA	NA	34	130
ENSMUST00000042732.6	ENSMUSG00000035764	-	3	0	2	0	185	NA	NA	NA	318
ENSMUST00000171474.2	ENSMUSG00000014074	+	6	0	5	0	938	NA	NA	NA	307
ENSMUST00000115151.5	ENSMUSG00000053774	+	11	0	10	0	161	NA	NA	NA	73
ENSMUST00000079791.11	ENSMUSG00000005615	+	9	1	7	0	206	NA	NA	10	117
ENSMUST00000023486.15	ENSMUSG00000022797	+	19	1	17	0	242	NA	NA	23	36
ENSMUST00000238856.2	ENSMUSG00000022791	+	15	0	14	0	6	NA	NA	NA	78
ENSMUST00000040986.15	ENSMUSG00000035629	-	19	0	18	0	178	NA	NA	NA	68
ENSMUST00000023489.11	ENSMUSG00000022800	+	9	0	8	0	98	NA	NA	NA	103
ENSMUST00000135193.9	ENSMUSG00000022801	+	22	0	20	1	203	45	45	NA	262
ENSMUST00000115100.9	ENSMUSG00000035578	-	11	1	9	0	125	NA	NA	63	8
ENSMUST00000078804.12	ENSMUSG00000060636	+	5	1	3	0	23	NA	NA	32	11
ENSMUST00000232181.2	ENSMUSG00000022807	+	13	0	12	0	62	NA	NA	NA	197
ENSMUST00000165418.9	ENSMUSG00000022811	+	9	3	5	0	1598	NA	NA	16	333
ENSMUST00000126532.2	ENSMUSG00000075254	+	17	0	16	0	149	NA	NA	NA	244
ENSMUST00000115028.11	ENSMUSG00000022817	+	15	0	14	0	95	NA	NA	NA	70
ENSMUST00000023510.7	ENSMUSG00000022814	-	6	0	5	0	172	NA	NA	NA	156
ENSMUST00000023532.7	ENSMUSG00000022833	+	13	0	12	0	924	NA	NA	NA	174
ENSMUST00000023538.9	ENSMUSG00000022836	+	32	0	31	0	259	NA	NA	NA	24
ENSMUST00000061156.10	ENSMUSG00000035376	+	7	0	6	0	82	NA	NA	NA	155
ENSMUST00000043521.5	ENSMUSG00000034473	-	7	1	5	0	200	NA	NA	17	182
ENSMUST00000023550.9	ENSMUSG00000022844	-	17	0	16	0	80	NA	NA	NA	36
ENSMUST00000023554.9	ENSMUSG00000022848	-	9	0	8	0	115	NA	NA	NA	343
ENSMUST00000042665.9	ENSMUSG00000034422	-	17	0	16	0	289	NA	NA	NA	187
ENSMUST00000114878.8	ENSMUSG00000022906	+	11	1	9	0	394	NA	NA	88	15
ENSMUST00000004054.13	ENSMUSG00000022905	+	14	1	12	0	187	NA	NA	5	129
ENSMUST00000023535.4	ENSMUSG00000022837	+	15	2	12	0	229	NA	NA	13	100
ENSMUST00000023525.9	ENSMUSG00000022828	-	5	1	3	0	430	NA	NA	25	448
ENSMUST00000114763.3	ENSMUSG00000022816	+	11	0	9	0	44	NA	NA	0	57
ENSMUST00000078717.7	ENSMUSG00000034158	+	4	0	3	0	208	NA	NA	NA	485
ENSMUST00000114750.2	ENSMUSG00000022812	+	12	0	11	0	67	NA	NA	NA	88
ENSMUST00000036210.7	ENSMUSG00000034064	-	11	0	10	0	156	NA	NA	NA	85
ENSMUST00000163884.8	ENSMUSG00000002845	+	9	1	7	0	233	NA	NA	74	113
ENSMUST00000023487.5	ENSMUSG00000022799	-	12	0	11	0	2390	NA	NA	NA	100
ENSMUST00000023482.13	ENSMUSG00000022793	+	7	1	5	0	132	NA	NA	145	253
ENSMUST00000214098.2	ENSMUSG00000036292	-	18	0	17	0	80	NA	NA	NA	27
ENSMUST00000114666.9	ENSMUSG00000052459	-	15	1	13	0	92	NA	NA	14	82
ENSMUST00000159514.8	ENSMUSG00000022698	+	6	1	4	0	177	NA	NA	112	26
ENSMUST00000048788.14	ENSMUSG00000036208	+	9	0	8	0	459	NA	NA	NA	106
ENSMUST00000023344.10	ENSMUSG00000022664	-	7	1	5	0	65	NA	NA	20	166
ENSMUST00000023343.4	ENSMUSG00000022663	+	12	0	11	0	81	NA	NA	NA	72
ENSMUST00000066983.13	ENSMUSG00000033157	-	5	0	4	0	344	NA	NA	NA	115
ENSMUST00000036355.13	ENSMUSG00000033149	-	18	1	16	0	140	NA	NA	14	1323
ENSMUST00000023335.13	ENSMUSG00000022656	-	9	0	8	0	176	NA	NA	NA	160
ENSMUST00000121869.8	ENSMUSG00000064061	-	32	1	30	0	110	NA	NA	69	32
ENSMUST00000046777.11	ENSMUSG00000032965	+	11	0	10	0	178	NA	NA	NA	212
ENSMUST00000229206.2	ENSMUSG00000055447	+	11	0	10	0	4	NA	NA	NA	46
ENSMUST00000138166.8	ENSMUSG00000022641	-	17	3	13	0	87	NA	NA	9	162
ENSMUST00000226593.2	ENSMUSG00000022637	+	19	1	17	0	259	NA	NA	14	168
ENSMUST00000170035.8	ENSMUSG00000022636	-	15	0	13	1	87	25	25	NA	73
ENSMUST00000114457.8	ENSMUSG00000035356	-	13	2	10	0	53	NA	NA	11	129
ENSMUST00000099705.5	ENSMUSG00000075033	-	6	1	4	0	550	NA	NA	175	93
ENSMUST00000023270.14	ENSMUSG00000022604	-	11	0	10	0	701	NA	NA	NA	43
ENSMUST00000050248.9	ENSMUSG00000022601	+	11	0	10	0	517	NA	NA	NA	310
ENSMUST00000114444.9	ENSMUSG00000071533	-	5	0	4	0	126	NA	NA	NA	64
ENSMUST00000089362.9	ENSMUSG00000052917	+	24	0	23	0	137	NA	NA	NA	40
ENSMUST00000065515.14	ENSMUSG00000022757	-	8	1	6	0	382	NA	NA	46	184
ENSMUST00000023435.6	ENSMUSG00000022754	-	6	1	4	0	93	NA	NA	3	190
ENSMUST00000166897.3	ENSMUSG00000022752	+	12	0	11	0	153	NA	NA	NA	333
ENSMUST00000226586.2	ENSMUSG00000022749	-	19	0	18	0	81	NA	NA	NA	53
ENSMUST00000159816.8	ENSMUSG00000043336	+	5	1	3	0	2796	NA	NA	10	246
ENSMUST00000046663.8	ENSMUSG00000035107	+	16	0	15	0	466	NA	NA	NA	196
ENSMUST00000137035.8	ENSMUSG00000022747	-	11	2	8	0	80	NA	NA	93	89
ENSMUST00000060077.7	ENSMUSG00000022742	+	7	0	6	0	87	NA	NA	NA	523
ENSMUST00000023426.12	ENSMUSG00000022744	+	5	1	3	0	220	NA	NA	18	292
ENSMUST00000023407.12	ENSMUSG00000022724	+	10	1	8	0	158	NA	NA	28	432
ENSMUST00000023405.16	ENSMUSG00000022722	-	8	1	6	0	25	NA	NA	27	123
ENSMUST00000063089.12	ENSMUSG00000050312	-	6	0	5	0	303	NA	NA	NA	12
ENSMUST00000089289.6	ENSMUSG00000022911	-	10	0	9	0	76	NA	NA	NA	59
ENSMUST00000067744.8	ENSMUSG00000054604	+	3	2	0	0	525	NA	NA	22	NA
ENSMUST00000004965.8	ENSMUSG00000004843	-	6	0	5	0	110	NA	NA	NA	34
ENSMUST00000163832.8	ENSMUSG00000022707	+	16	0	15	0	56	NA	NA	NA	143
ENSMUST00000023600.8	ENSMUSG00000022883	+	29	0	28	0	14	NA	NA	NA	55
ENSMUST00000046283.16	ENSMUSG00000032932	-	5	0	4	0	667	NA	NA	NA	25
ENSMUST00000121927.8	ENSMUSG00000048490	-	4	3	0	0	3833	NA	NA	348	NA
ENSMUST00000239066.2	ENSMUSG00000022867	+	26	0	25	0	172	NA	NA	NA	45
ENSMUST00000023572.15	ENSMUSG00000022865	+	7	0	6	0	264	NA	NA	NA	43
ENSMUST00000023570.14	ENSMUSG00000022863	-	5	1	3	0	239	NA	NA	6	173
ENSMUST00000231973.2	ENSMUSG00000022864	-	5	1	3	0	166	NA	NA	7	127
ENSMUST00000114184.8	ENSMUSG00000008976	+	10	1	8	0	228	NA	NA	26	77
ENSMUST00000226232.2	ENSMUSG00000022892	-	17	0	16	0	101	NA	NA	NA	57
ENSMUST00000023610.15	ENSMUSG00000022893	-	9	0	8	0	699	NA	NA	NA	733
ENSMUST00000054442.11	ENSMUSG00000044442	+	6	0	5	0	106	NA	NA	NA	134
ENSMUST00000039101.12	ENSMUSG00000041079	-	5	1	3	0	234	NA	NA	14	207
ENSMUST00000026710.12	ENSMUSG00000025616	+	18	1	16	0	124	NA	NA	41	61
ENSMUST00000026703.6	ENSMUSG00000025612	+	5	1	3	0	434	NA	NA	60	234
ENSMUST00000163370.8	ENSMUSG00000002489	-	28	3	24	0	469	NA	NA	11	963
ENSMUST00000023707.11	ENSMUSG00000022982	+	5	0	4	0	107	NA	NA	NA	72
ENSMUST00000039280.9	ENSMUSG00000022983	-	20	0	19	0	946	NA	NA	NA	30
ENSMUST00000065856.8	ENSMUSG00000053414	+	11	0	10	0	658	NA	NA	NA	261
ENSMUST00000118522.8	ENSMUSG00000022974	-	18	0	17	0	117	NA	NA	NA	349
ENSMUST00000023689.11	ENSMUSG00000022967	+	11	0	10	0	356	NA	NA	NA	73
ENSMUST00000023687.9	ENSMUSG00000022965	+	7	0	6	0	134	NA	NA	NA	70
ENSMUST00000023686.15	ENSMUSG00000022964	-	7	1	5	0	45	NA	NA	41	99
ENSMUST00000114037.9	ENSMUSG00000022961	+	12	0	11	0	59	NA	NA	NA	77
ENSMUST00000023682.12	ENSMUSG00000022960	-	10	0	9	0	137	NA	NA	NA	306
ENSMUST00000023677.10	ENSMUSG00000022956	-	7	0	6	0	113	NA	NA	NA	36
ENSMUST00000113975.3	ENSMUSG00000089774	+	2	1	0	0	2493	NA	NA	337	NA
ENSMUST00000023672.10	ENSMUSG00000022951	-	4	0	3	0	175	NA	NA	NA	87
ENSMUST00000023673.14	ENSMUSG00000022952	-	8	1	6	0	469	NA	NA	58	58
ENSMUST00000202261.5	ENSMUSG00000039456	+	17	0	16	0	153	NA	NA	NA	39
ENSMUST00000163193.9	ENSMUSG00000040820	-	11	2	8	0	171	NA	NA	111	52
ENSMUST00000117648.9	ENSMUSG00000040785	+	46	1	44	0	74	NA	NA	11	144
ENSMUST00000023615.7	ENSMUSG00000022898	-	8	0	7	0	82	NA	NA	NA	57
ENSMUST00000122284.9	ENSMUSG00000022897	+	11	1	9	0	620	NA	NA	77	120
ENSMUST00000023612.17	ENSMUSG00000022895	+	10	0	8	0	215	NA	NA	0	72
ENSMUST00000099502.9	ENSMUSG00000022914	-	42	0	41	0	379	NA	NA	NA	49
ENSMUST00000050884.16	ENSMUSG00000040681	-	6	0	5	0	41	NA	NA	NA	15
ENSMUST00000023913.11	ENSMUSG00000023147	+	5	0	4	0	73	NA	NA	NA	102
ENSMUST00000047275.8	ENSMUSG00000040605	+	9	0	8	0	253	NA	NA	NA	300
ENSMUST00000095849.10	ENSMUSG00000014039	-	24	0	23	0	476	NA	NA	NA	69
ENSMUST00000170757.3	ENSMUSG00000045975	-	14	0	13	0	220	NA	NA	NA	261
ENSMUST00000063605.15	ENSMUSG00000046962	-	2	1	0	0	3212	NA	NA	12	NA
ENSMUST00000076734.8	ENSMUSG00000046201	+	20	0	19	0	1450	NA	NA	NA	30
ENSMUST00000041003.8	ENSMUSG00000036983	-	7	0	6	0	243	NA	NA	NA	133
ENSMUST00000232180.2	ENSMUSG00000069729	+	20	0	19	0	1724	NA	NA	NA	1554
ENSMUST00000005053.14	ENSMUSG00000004945	-	4	0	3	0	98	NA	NA	NA	85
ENSMUST00000089185.6	ENSMUSG00000034265	+	9	0	8	0	401	NA	NA	NA	245
ENSMUST00000002436.11	ENSMUSG00000002365	+	18	0	17	0	47	NA	NA	NA	12
ENSMUST00000115791.10	ENSMUSG00000023805	+	27	0	26	0	731	NA	NA	NA	127
ENSMUST00000097432.10	ENSMUSG00000015659	-	17	1	15	0	136	NA	NA	1	91
ENSMUST00000039655.3	ENSMUSG00000034377	+	14	0	13	0	116	NA	NA	NA	252
ENSMUST00000064234.7	ENSMUSG00000052397	-	13	0	12	0	164	NA	NA	NA	12
ENSMUST00000024575.8	ENSMUSG00000023809	+	21	0	20	0	125	NA	NA	NA	99
ENSMUST00000155364.8	ENSMUSG00000023861	+	5	0	4	0	24	NA	NA	NA	71
ENSMUST00000089085.10	ENSMUSG00000023868	+	22	0	21	0	123	NA	NA	NA	67
ENSMUST00000233645.2	ENSMUSG00000062078	-	8	0	7	0	16	NA	NA	NA	142
ENSMUST00000024594.9	ENSMUSG00000023827	+	9	1	7	0	94	NA	NA	80	178
ENSMUST00000089058.7	ENSMUSG00000014426	-	27	0	26	0	20	NA	NA	NA	131
ENSMUST00000151287.8	ENSMUSG00000068039	+	12	0	11	0	216	NA	NA	NA	64
ENSMUST00000007005.14	ENSMUSG00000023832	-	9	0	8	0	170	NA	NA	NA	55
ENSMUST00000159551.8	ENSMUSG00000060475	-	8	1	6	0	583	NA	NA	8	30
ENSMUST00000139666.8	ENSMUSG00000068036	+	33	0	32	0	153	NA	NA	NA	105
ENSMUST00000024657.12	ENSMUSG00000023883	-	12	0	11	0	85	NA	NA	NA	84
ENSMUST00000097393.11	ENSMUSG00000036552	+	18	0	17	0	15	NA	NA	NA	6
ENSMUST00000014917.8	ENSMUSG00000014773	-	11	0	10	0	5	NA	NA	NA	54
ENSMUST00000055352.8	ENSMUSG00000014763	+	11	1	8	1	40	12	12	17	1368
ENSMUST00000054450.7	ENSMUSG00000014771	-	6	0	5	0	158	NA	NA	NA	283
ENSMUST00000024627.14	ENSMUSG00000023852	+	36	1	34	0	345	NA	NA	147	53
ENSMUST00000170578.3	ENSMUSG00000048027	-	3	0	2	0	656	NA	NA	NA	145
ENSMUST00000041047.4	ENSMUSG00000023845	-	18	0	17	0	131	NA	NA	NA	19
ENSMUST00000095606.5	ENSMUSG00000071256	-	6	1	4	0	652	NA	NA	116	399
ENSMUST00000047436.11	ENSMUSG00000041319	-	13	0	12	0	80	NA	NA	NA	39
ENSMUST00000024697.5	ENSMUSG00000023904	+	3	0	2	0	135	NA	NA	NA	86
ENSMUST00000024698.10	ENSMUSG00000023905	-	4	0	3	0	55	NA	NA	NA	94
ENSMUST00000024702.5	ENSMUSG00000023909	-	3	0	2	0	433	NA	NA	NA	166
ENSMUST00000045517.10	ENSMUSG00000040097	-	6	0	5	0	301	NA	NA	NA	253
ENSMUST00000190686.7	ENSMUSG00000039218	+	15	1	13	0	9	NA	NA	29	242
ENSMUST00000017090.6	ENSMUSG00000016946	-	6	0	5	0	29	NA	NA	NA	252
ENSMUST00000102927.10	ENSMUSG00000024122	-	14	0	13	0	116	NA	NA	NA	24
ENSMUST00000024932.12	ENSMUSG00000024121	-	3	0	2	0	204	NA	NA	NA	79
ENSMUST00000097376.10	ENSMUSG00000036473	-	10	2	6	1	154	17	17	119	965
ENSMUST00000115390.5	ENSMUSG00000072082	-	17	0	16	0	448	NA	NA	NA	16
ENSMUST00000039013.15	ENSMUSG00000024130	+	33	3	29	0	131	NA	NA	56	54
ENSMUST00000163717.2	ENSMUSG00000034681	+	9	2	6	0	99	NA	NA	110	71
ENSMUST00000056032.9	ENSMUSG00000024137	-	14	0	13	0	356	NA	NA	NA	154
ENSMUST00000053024.8	ENSMUSG00000043445	+	2	0	1	0	325	NA	NA	NA	640
ENSMUST00000179163.3	ENSMUSG00000024142	-	9	1	7	0	118	NA	NA	10	129
ENSMUST00000176652.8	ENSMUSG00000052752	-	21	1	19	0	14	NA	NA	38	78
ENSMUST00000002572.6	ENSMUSG00000002504	-	7	0	6	0	158	NA	NA	NA	213
ENSMUST00000007236.5	ENSMUSG00000007021	-	4	0	3	0	209	NA	NA	NA	99
ENSMUST00000046839.10	ENSMUSG00000040888	-	3	0	2	0	162	NA	NA	NA	237
ENSMUST00000126319.8	ENSMUSG00000040688	-	22	0	21	0	112	NA	NA	NA	41
ENSMUST00000115262.9	ENSMUSG00000075705	+	5	0	3	0	31	1	1	NA	55
ENSMUST00000049642.7	ENSMUSG00000045316	-	1	0	0	0	NA	NA	NA	NA	NA
ENSMUST00000121542.2	ENSMUSG00000073436	-	8	0	7	0	170	NA	NA	NA	229
ENSMUST00000088345.12	ENSMUSG00000024163	-	32	0	31	0	121	NA	NA	NA	318
ENSMUST00000024981.9	ENSMUSG00000024165	-	5	0	4	0	187	NA	NA	NA	44
ENSMUST00000073337.8	ENSMUSG00000038002	-	21	1	19	0	164	NA	NA	1	337
ENSMUST00000173084.9	ENSMUSG00000015120	-	8	2	5	0	63	NA	NA	11	66
ENSMUST00000237785.2	ENSMUSG00000041199	+	6	1	4	0	409	NA	NA	29	182
ENSMUST00000075884.8	ENSMUSG00000063011	-	16	0	15	0	88	NA	NA	NA	88
ENSMUST00000165838.9	ENSMUSG00000002274	-	4	0	3	0	316	NA	NA	NA	98
ENSMUST00000045692.9	ENSMUSG00000025738	+	6	1	4	0	148	NA	NA	14	633
ENSMUST00000043897.16	ENSMUSG00000025733	-	19	0	18	0	126	NA	NA	NA	37
ENSMUST00000026828.7	ENSMUSG00000025732	-	5	0	4	0	70	NA	NA	NA	52
ENSMUST00000167626.8	ENSMUSG00000025730	-	6	0	5	0	280	NA	NA	NA	142
ENSMUST00000120691.9	ENSMUSG00000037098	-	14	0	13	0	113	NA	NA	NA	1596
ENSMUST00000025007.7	ENSMUSG00000024177	-	5	0	4	0	123	NA	NA	NA	88
ENSMUST00000074370.11	ENSMUSG00000024182	+	11	1	9	0	126	NA	NA	81	878
ENSMUST00000114988.8	ENSMUSG00000024187	-	13	2	10	0	211	NA	NA	32	268
ENSMUST00000114976.9	ENSMUSG00000024188	+	10	0	9	0	141	NA	NA	NA	61
ENSMUST00000025025.7	ENSMUSG00000024190	-	4	0	3	0	370	NA	NA	NA	367
ENSMUST00000167662.8	ENSMUSG00000001576	+	10	0	9	0	107	NA	NA	NA	20
ENSMUST00000015719.16	ENSMUSG00000015575	+	4	0	2	1	93	37	37	NA	104
ENSMUST00000062519.14	ENSMUSG00000048249	+	9	1	7	0	115	NA	NA	186	9
ENSMUST00000237189.2	ENSMUSG00000024193	+	14	1	12	0	285	NA	NA	16	159
ENSMUST00000194598.6	ENSMUSG00000067629	+	19	0	18	0	146	NA	NA	NA	67
ENSMUST00000078691.12	ENSMUSG00000057789	-	6	1	4	0	104	NA	NA	37	64
ENSMUST00000049308.9	ENSMUSG00000042644	+	58	0	57	0	68	NA	NA	NA	89
ENSMUST00000154473.9	ENSMUSG00000062753	-	5	1	3	0	65	NA	NA	78	111
ENSMUST00000025050.13	ENSMUSG00000024213	-	5	0	4	0	166	NA	NA	NA	99
ENSMUST00000114863.10	ENSMUSG00000056692	-	5	0	4	0	35	NA	NA	NA	158
ENSMUST00000232873.2	ENSMUSG00000024217	+	7	1	5	0	124	NA	NA	188	8
ENSMUST00000114849.3	ENSMUSG00000039512	+	21	0	20	0	125	NA	NA	NA	44
ENSMUST00000025058.15	ENSMUSG00000024219	+	25	0	24	0	119	NA	NA	NA	185
ENSMUST00000073534.10	ENSMUSG00000024220	+	14	1	12	0	98	NA	NA	83	73
ENSMUST00000002327.6	ENSMUSG00000002257	+	11	0	10	0	220	NA	NA	NA	96
ENSMUST00000002320.16	ENSMUSG00000002250	+	8	2	5	0	247	NA	NA	80	127
ENSMUST00000079413.11	ENSMUSG00000024222	-	11	1	9	0	104	NA	NA	21	105
ENSMUST00000130643.9	ENSMUSG00000004865	-	16	0	15	0	184	NA	NA	NA	13
ENSMUST00000004990.14	ENSMUSG00000053436	+	12	0	11	0	67	NA	NA	NA	116
ENSMUST00000004985.11	ENSMUSG00000063952	+	13	1	11	0	183	NA	NA	26	1445
ENSMUST00000233197.2	ENSMUSG00000005936	+	8	1	6	0	292	NA	NA	19	160
ENSMUST00000009138.13	ENSMUSG00000024006	-	14	1	12	0	130	NA	NA	2	131
ENSMUST00000130216.3	ENSMUSG00000071172	+	6	1	4	0	27	NA	NA	2	206
ENSMUST00000119901.9	ENSMUSG00000023067	+	3	1	1	0	49	NA	NA	11	430
ENSMUST00000024802.10	ENSMUSG00000024007	-	4	0	3	0	220	NA	NA	NA	56
ENSMUST00000095427.12	ENSMUSG00000024012	-	12	0	11	0	71	NA	NA	NA	321
ENSMUST00000024811.9	ENSMUSG00000024014	+	6	0	5	0	157	NA	NA	NA	82
ENSMUST00000048677.9	ENSMUSG00000042203	+	13	0	12	0	128	NA	NA	NA	56
ENSMUST00000024816.13	ENSMUSG00000024019	+	24	1	22	0	141	NA	NA	5	130
ENSMUST00000128751.3	ENSMUSG00000024018	-	4	0	3	0	103	NA	NA	NA	42
ENSMUST00000226208.3	ENSMUSG00000044477	+	6	0	5	0	154	NA	NA	NA	71
ENSMUST00000168787.8	ENSMUSG00000062202	-	11	1	9	0	197	NA	NA	27	185
ENSMUST00000236335.2	ENSMUSG00000024026	-	6	0	5	0	88	NA	NA	NA	84
ENSMUST00000024829.8	ENSMUSG00000024030	+	15	0	14	0	228	NA	NA	NA	42
ENSMUST00000171233.9	ENSMUSG00000024036	+	20	1	18	0	15	NA	NA	162	56
ENSMUST00000064798.16	ENSMUSG00000024038	+	3	0	2	0	142	NA	NA	NA	48
ENSMUST00000097352.11	ENSMUSG00000006705	+	11	1	9	0	211	NA	NA	57	51
ENSMUST00000081339.13	ENSMUSG00000058392	+	16	0	15	0	193	NA	NA	NA	130
ENSMUST00000087723.5	ENSMUSG00000038146	-	33	0	32	0	1040	NA	NA	NA	118
ENSMUST00000003726.16	ENSMUSG00000024002	-	20	2	17	0	68	NA	NA	34	285
ENSMUST00000002699.7	ENSMUSG00000024045	-	14	0	13	0	449	NA	NA	NA	19
ENSMUST00000148178.8	ENSMUSG00000059208	-	16	0	15	0	163	NA	NA	NA	113
ENSMUST00000057373.14	ENSMUSG00000077450	-	5	0	4	0	145	NA	NA	NA	40
ENSMUST00000002360.17	ENSMUSG00000002289	-	7	0	6	0	181	NA	NA	NA	330
ENSMUST00000053429.11	ENSMUSG00000051390	+	2	1	0	0	1982	NA	NA	66	NA
ENSMUST00000047503.16	ENSMUSG00000041354	+	18	1	16	0	211	NA	NA	41	156
ENSMUST00000025163.14	ENSMUSG00000024309	-	4	0	3	0	123	NA	NA	NA	64
ENSMUST00000025183.9	ENSMUSG00000024325	-	7	1	5	0	101	NA	NA	52	78
ENSMUST00000116612.3	ENSMUSG00000039656	+	10	1	8	0	147	NA	NA	104	114
ENSMUST00000114242.9	ENSMUSG00000024335	-	13	1	11	0	133	NA	NA	1269	26
ENSMUST00000170086.8	ENSMUSG00000037321	+	11	0	10	0	206	NA	NA	NA	526
ENSMUST00000025196.9	ENSMUSG00000024338	+	6	0	5	0	88	NA	NA	NA	147
ENSMUST00000038149.13	ENSMUSG00000034673	+	9	0	8	0	92	NA	NA	NA	221
ENSMUST00000015622.8	ENSMUSG00000015478	-	6	0	5	0	97	NA	NA	NA	140
ENSMUST00000037489.15	ENSMUSG00000034254	+	7	1	5	0	184	NA	NA	9	191
ENSMUST00000171121.9	ENSMUSG00000015474	-	9	1	7	0	143	NA	NA	8	183
ENSMUST00000173984.2	ENSMUSG00000015461	+	18	0	17	0	226	NA	NA	NA	112
ENSMUST00000069507.9	ENSMUSG00000073418	-	41	0	40	0	141	NA	NA	NA	65
ENSMUST00000077477.12	ENSMUSG00000061207	-	7	0	6	0	45	NA	NA	NA	100
ENSMUST00000097343.11	ENSMUSG00000024369	+	11	1	9	0	70	NA	NA	8	75
ENSMUST00000052778.10	ENSMUSG00000049823	+	2	1	0	0	1399	NA	NA	20	NA
ENSMUST00000007253.6	ENSMUSG00000007038	+	6	0	5	0	226	NA	NA	NA	141
ENSMUST00000172753.2	ENSMUSG00000090877	-	1	0	0	0	NA	NA	NA	NA	NA
ENSMUST00000087315.14	ENSMUSG00000007029	+	30	1	28	0	68	NA	NA	32	387
ENSMUST00000007255.13	ENSMUSG00000007039	+	7	1	5	0	116	NA	NA	62	297
ENSMUST00000061859.7	ENSMUSG00000043311	+	3	2	0	0	1074	NA	NA	193	NA
ENSMUST00000166426.9	ENSMUSG00000024392	+	24	1	22	0	95	NA	NA	13	108
ENSMUST00000025253.12	ENSMUSG00000024393	-	31	1	29	0	140	NA	NA	63	112
ENSMUST00000161012.8	ENSMUSG00000050410	-	4	1	2	0	6	NA	NA	315	238
ENSMUST00000119825.8	ENSMUSG00000003534	-	18	1	16	0	140	NA	NA	42	88
ENSMUST00000003635.7	ENSMUSG00000003541	+	2	0	1	0	272	NA	NA	NA	210
ENSMUST00000001569.15	ENSMUSG00000059714	+	13	1	11	0	32	NA	NA	14	43
ENSMUST00000001566.10	ENSMUSG00000001525	-	4	0	3	0	1057	NA	NA	NA	57
ENSMUST00000074259.15	ENSMUSG00000059791	+	4	0	3	0	281	NA	NA	NA	133
ENSMUST00000144382.8	ENSMUSG00000034595	+	4	1	2	0	19	NA	NA	5	1551
ENSMUST00000025292.15	ENSMUSG00000024422	+	20	0	19	0	128	NA	NA	NA	207
ENSMUST00000025305.16	ENSMUSG00000024436	-	7	0	6	0	289	NA	NA	NA	72
ENSMUST00000087211.9	ENSMUSG00000039220	+	20	2	17	0	109	NA	NA	11	107
ENSMUST00000087200.4	ENSMUSG00000024429	+	12	0	11	0	241	NA	NA	NA	73
ENSMUST00000173369.2	ENSMUSG00000045409	-	6	0	5	0	571	NA	NA	NA	453
ENSMUST00000130367.8	ENSMUSG00000024457	+	10	2	7	0	682	NA	NA	35	438
ENSMUST00000040402.14	ENSMUSG00000036398	-	3	0	2	0	202	NA	NA	NA	84
ENSMUST00000087114.5	ENSMUSG00000023919	-	9	1	7	0	128	NA	NA	36	99
ENSMUST00000169611.4	ENSMUSG00000023921	+	13	1	11	0	128	NA	NA	40	379
ENSMUST00000024709.9	ENSMUSG00000061665	-	18	0	17	0	41	NA	NA	NA	4
ENSMUST00000024708.6	ENSMUSG00000023915	+	6	0	5	0	229	NA	NA	NA	96
ENSMUST00000177857.9	ENSMUSG00000039601	+	5	1	3	0	160	NA	NA	96	87
ENSMUST00000154166.8	ENSMUSG00000023960	+	4	1	2	0	427	NA	NA	35	829
ENSMUST00000024757.14	ENSMUSG00000023961	-	4	1	2	0	364	NA	NA	23	835
ENSMUST00000024727.10	ENSMUSG00000023932	-	16	0	15	0	104	NA	NA	NA	45
ENSMUST00000024742.9	ENSMUSG00000023947	+	6	0	5	0	65	NA	NA	NA	374
ENSMUST00000224905.2	ENSMUSG00000037089	+	4	0	3	0	935	NA	NA	NA	11
ENSMUST00000167692.8	ENSMUSG00000023942	-	14	2	11	0	111	NA	NA	54	29
ENSMUST00000113523.9	ENSMUSG00000036026	-	24	1	22	0	191	NA	NA	24	159
ENSMUST00000024734.8	ENSMUSG00000023939	+	3	1	1	0	366	NA	NA	20	71
ENSMUST00000024748.14	ENSMUSG00000023952	+	12	0	11	0	176	NA	NA	NA	186
ENSMUST00000024749.9	ENSMUSG00000023953	-	11	1	9	0	843	NA	NA	6	137
ENSMUST00000087031.7	ENSMUSG00000067150	+	32	0	31	0	137	NA	NA	NA	105
ENSMUST00000095263.10	ENSMUSG00000071074	+	9	0	8	0	148	NA	NA	NA	81
ENSMUST00000225413.2	ENSMUSG00000012296	-	8	0	7	0	1070	NA	NA	NA	99
ENSMUST00000167360.8	ENSMUSG00000032842	-	21	0	20	0	162	NA	NA	NA	161
ENSMUST00000138127.8	ENSMUSG00000015597	+	8	0	7	0	122	NA	NA	NA	492
ENSMUST00000015749.7	ENSMUSG00000015605	-	7	0	6	0	95	NA	NA	NA	501
ENSMUST00000044442.10	ENSMUSG00000023972	-	20	0	19	0	160	NA	NA	NA	55
ENSMUST00000233974.2	ENSMUSG00000003546	-	16	1	14	0	50	NA	NA	6	258
ENSMUST00000233136.2	ENSMUSG00000023971	-	7	0	6	0	136	NA	NA	NA	91
ENSMUST00000071841.7	ENSMUSG00000063576	-	12	2	9	0	66	NA	NA	59	154
ENSMUST00000232732.2	ENSMUSG00000002768	+	4	1	2	0	151	NA	NA	11	270
ENSMUST00000002839.9	ENSMUSG00000059409	-	15	0	14	0	137	NA	NA	NA	27
ENSMUST00000059844.13	ENSMUSG00000023973	-	6	0	5	0	217	NA	NA	NA	151
ENSMUST00000113337.10	ENSMUSG00000023977	-	47	0	46	0	141	NA	NA	NA	78
ENSMUST00000171031.8	ENSMUSG00000034165	+	7	2	4	0	167	NA	NA	46	198
ENSMUST00000024783.9	ENSMUSG00000023988	-	7	0	6	0	345	NA	NA	NA	265
ENSMUST00000024778.3	ENSMUSG00000092558	+	4	0	3	0	215	NA	NA	NA	14
ENSMUST00000086932.10	ENSMUSG00000023990	+	9	1	7	0	479	NA	NA	22	210
ENSMUST00000097311.9	ENSMUSG00000023991	-	17	1	15	0	147	NA	NA	17	222
ENSMUST00000046719.14	ENSMUSG00000023994	-	10	1	8	0	53	NA	NA	68	75
ENSMUST00000173033.8	ENSMUSG00000064120	+	11	0	10	0	760	NA	NA	NA	123
ENSMUST00000057610.8	ENSMUSG00000040260	-	26	1	24	0	221	NA	NA	58	168
ENSMUST00000044503.14	ENSMUSG00000039316	-	10	1	8	0	326	NA	NA	12	145
ENSMUST00000043938.8	ENSMUSG00000038910	+	6	0	5	0	179	NA	NA	NA	330
ENSMUST00000024717.10	ENSMUSG00000023923	-	22	2	19	0	299	NA	NA	34	97
ENSMUST00000140979.8	ENSMUSG00000023927	-	12	1	10	0	512	NA	NA	25	211
ENSMUST00000017975.7	ENSMUSG00000017831	+	6	1	4	0	115	NA	NA	92	163
ENSMUST00000000724.15	ENSMUSG00000000708	+	18	0	17	0	193	NA	NA	NA	249
ENSMUST00000011733.9	ENSMUSG00000011589	+	13	0	12	0	110	NA	NA	NA	15
ENSMUST00000003268.11	ENSMUSG00000003200	-	10	0	9	0	196	NA	NA	NA	45
ENSMUST00000019722.12	ENSMUSG00000019578	-	11	0	10	0	128	NA	NA	NA	83
ENSMUST00000001256.11	ENSMUSG00000001227	-	17	1	15	0	916	NA	NA	29	124
ENSMUST00000038794.6	ENSMUSG00000001229	-	21	2	18	0	92	NA	NA	31	223
ENSMUST00000001258.15	ENSMUSG00000001228	+	17	1	15	0	146	NA	NA	12	153
ENSMUST00000025036.11	ENSMUSG00000024201	+	23	1	21	0	182	NA	NA	24	141
ENSMUST00000067538.6	ENSMUSG00000013236	-	33	1	31	0	68	NA	NA	95	91
ENSMUST00000075510.12	ENSMUSG00000042625	-	21	0	20	0	144	NA	NA	NA	171
ENSMUST00000182533.8	ENSMUSG00000071054	+	21	0	20	0	129	NA	NA	NA	189
ENSMUST00000002445.10	ENSMUSG00000002372	+	16	0	15	0	43	NA	NA	NA	22
ENSMUST00000002444.15	ENSMUSG00000024206	-	18	1	16	0	112	NA	NA	8	84
ENSMUST00000025053.10	ENSMUSG00000024212	-	12	0	11	0	128	NA	NA	NA	12
ENSMUST00000002735.9	ENSMUSG00000002660	+	6	0	5	0	169	NA	NA	NA	186
ENSMUST00000007814.10	ENSMUSG00000007670	-	18	0	17	0	277	NA	NA	NA	252
ENSMUST00000040280.14	ENSMUSG00000046329	-	10	0	9	0	184	NA	NA	NA	153
ENSMUST00000224152.2	ENSMUSG00000019487	+	15	0	14	0	148	NA	NA	NA	24
ENSMUST00000005889.16	ENSMUSG00000034116	+	27	0	26	0	53	NA	NA	NA	204
ENSMUST00000025065.12	ENSMUSG00000024228	-	7	1	5	0	110	NA	NA	6	206
ENSMUST00000076840.12	ENSMUSG00000048915	-	5	0	4	0	121	NA	NA	NA	125
ENSMUST00000000129.14	ENSMUSG00000000127	+	18	0	17	0	142	NA	NA	NA	207
ENSMUST00000172818.8	ENSMUSG00000024083	-	10	1	8	0	125	NA	NA	87	31
ENSMUST00000086723.10	ENSMUSG00000024085	+	22	0	21	0	158	NA	NA	NA	135
ENSMUST00000024897.10	ENSMUSG00000024091	-	6	0	5	0	158	NA	NA	NA	79
ENSMUST00000070673.9	ENSMUSG00000056515	-	7	0	6	0	97	NA	NA	NA	39
ENSMUST00000073104.11	ENSMUSG00000061950	+	20	0	19	0	163	NA	NA	NA	7
ENSMUST00000024905.11	ENSMUSG00000024096	-	10	1	8	0	245	NA	NA	55	244
ENSMUST00000233580.2	ENSMUSG00000024098	-	6	1	3	1	181	29	29	37	120
ENSMUST00000038116.13	ENSMUSG00000034647	-	13	1	11	0	185	NA	NA	51	87
ENSMUST00000070538.12	ENSMUSG00000023460	-	6	0	5	0	113	NA	NA	NA	367
ENSMUST00000223982.2	ENSMUSG00000033278	-	31	0	30	0	53	NA	NA	NA	73
ENSMUST00000024840.12	ENSMUSG00000024043	-	18	0	17	0	82	NA	NA	NA	116
ENSMUST00000080208.7	ENSMUSG00000024044	+	22	1	19	1	110	7	7	11	207
ENSMUST00000112674.8	ENSMUSG00000049672	+	3	1	1	0	1346	NA	NA	81	3
ENSMUST00000059775.15	ENSMUSG00000047407	-	3	0	2	0	575	NA	NA	NA	16
ENSMUST00000148960.8	ENSMUSG00000024048	-	4	1	2	0	172	NA	NA	15	184
ENSMUST00000129635.8	ENSMUSG00000024052	+	20	1	18	0	144	NA	NA	9	192
ENSMUST00000233057.2	ENSMUSG00000024053	-	8	0	7	0	337	NA	NA	NA	143
ENSMUST00000127430.2	ENSMUSG00000024054	-	48	0	47	0	27	NA	NA	NA	186
ENSMUST00000024854.9	ENSMUSG00000024059	+	16	1	14	0	321	NA	NA	15	133
ENSMUST00000045174.7	ENSMUSG00000039770	+	3	1	1	0	224	NA	NA	24	141
ENSMUST00000024857.14	ENSMUSG00000024063	+	3	0	2	0	188	NA	NA	NA	26
ENSMUST00000067545.8	ENSMUSG00000054469	+	6	1	4	0	502	NA	NA	4	165
ENSMUST00000024860.9	ENSMUSG00000024065	+	6	0	5	0	527	NA	NA	NA	227
ENSMUST00000233514.3	ENSMUSG00000058704	-	9	0	8	0	131	NA	NA	NA	61
ENSMUST00000233581.2	ENSMUSG00000024067	-	5	1	3	0	72	NA	NA	37	36
ENSMUST00000024869.8	ENSMUSG00000024068	+	17	0	16	0	122	NA	NA	NA	409
ENSMUST00000179074.9	ENSMUSG00000024069	+	14	0	13	0	497	NA	NA	NA	3
ENSMUST00000024873.7	ENSMUSG00000024072	+	6	0	5	0	137	NA	NA	NA	79
ENSMUST00000112516.8	ENSMUSG00000001870	+	30	0	29	0	181	NA	NA	NA	223
ENSMUST00000112507.4	ENSMUSG00000002017	-	8	0	7	0	659	NA	NA	NA	53
ENSMUST00000112498.3	ENSMUSG00000024074	+	17	0	16	0	176	NA	NA	NA	331
ENSMUST00000112487.3	ENSMUSG00000056121	-	9	0	8	0	16	NA	NA	NA	251
ENSMUST00000097281.4	ENSMUSG00000039414	-	36	1	34	0	304	NA	NA	22	126
ENSMUST00000024885.10	ENSMUSG00000024081	-	16	0	15	0	136	NA	NA	NA	156
ENSMUST00000024887.6	ENSMUSG00000024082	+	10	0	9	0	215	NA	NA	NA	37
ENSMUST00000119284.8	ENSMUSG00000024070	-	19	1	17	0	173	NA	NA	630	288
ENSMUST00000068958.9	ENSMUSG00000036533	-	2	1	0	0	991	NA	NA	227	NA
ENSMUST00000024894.2	ENSMUSG00000024087	-	3	1	1	0	588	NA	NA	1	1043
ENSMUST00000184635.8	ENSMUSG00000024095	-	13	0	12	0	55	NA	NA	NA	336
ENSMUST00000039205.11	ENSMUSG00000035473	+	7	0	6	0	77	NA	NA	NA	190
ENSMUST00000063417.11	ENSMUSG00000024097	-	8	0	7	0	54	NA	NA	NA	28
ENSMUST00000069486.13	ENSMUSG00000055760	+	3	1	1	0	375	NA	NA	19	125
ENSMUST00000038166.9	ENSMUSG00000035051	-	23	1	21	0	143	NA	NA	6	227
ENSMUST00000227729.2	ENSMUSG00000045257	+	5	0	4	0	102	NA	NA	NA	58
ENSMUST00000068714.7	ENSMUSG00000024241	-	22	0	21	0	491	NA	NA	NA	87
ENSMUST00000112389.9	ENSMUSG00000024242	-	35	0	34	0	87	NA	NA	NA	96
ENSMUST00000163123.3	ENSMUSG00000054640	-	11	1	9	0	376	NA	NA	31	1799
ENSMUST00000170794.8	ENSMUSG00000024247	+	7	0	6	0	85	NA	NA	NA	639
ENSMUST00000096766.12	ENSMUSG00000032624	+	24	0	23	0	461	NA	NA	NA	25
ENSMUST00000060366.7	ENSMUSG00000045817	-	2	0	1	0	1403	NA	NA	NA	51
ENSMUST00000047524.10	ENSMUSG00000024251	-	38	1	36	0	380	NA	NA	69	76
ENSMUST00000112308.9	ENSMUSG00000024120	-	38	0	37	0	56	NA	NA	NA	149
ENSMUST00000080217.14	ENSMUSG00000061130	+	6	1	4	0	299	NA	NA	14	846
ENSMUST00000171795.9	ENSMUSG00000024127	-	15	1	13	0	89	NA	NA	323	213
ENSMUST00000095187.4	ENSMUSG00000024135	-	21	0	19	0	289	NA	NA	0	80
ENSMUST00000097275.9	ENSMUSG00000045038	+	15	0	14	0	146	NA	NA	NA	348
ENSMUST00000024954.11	ENSMUSG00000024140	+	16	0	15	0	151	NA	NA	NA	26
ENSMUST00000024956.15	ENSMUSG00000024143	+	5	0	4	0	155	NA	NA	NA	142
ENSMUST00000024957.7	ENSMUSG00000024145	-	6	1	4	0	113	NA	NA	21	228
ENSMUST00000024959.10	ENSMUSG00000024146	+	5	0	4	0	64	NA	NA	NA	16
ENSMUST00000041369.8	ENSMUSG00000037104	+	3	2	0	0	1622	NA	NA	12	NA
ENSMUST00000024963.11	ENSMUSG00000024150	-	4	1	2	0	131	NA	NA	16	146
ENSMUST00000041110.12	ENSMUSG00000036918	+	20	0	19	0	221	NA	NA	NA	187
ENSMUST00000024967.14	ENSMUSG00000024151	+	16	0	15	0	173	NA	NA	NA	211
ENSMUST00000005503.5	ENSMUSG00000005370	+	10	0	9	0	81	NA	NA	NA	257
ENSMUST00000130379.9	ENSMUSG00000005371	-	23	1	21	0	129	NA	NA	17	108
ENSMUST00000112238.9	ENSMUSG00000034998	+	6	1	4	0	523	NA	NA	14	537
ENSMUST00000038551.8	ENSMUSG00000034709	+	22	0	21	0	29	NA	NA	NA	57
ENSMUST00000150235.8	ENSMUSG00000063889	-	10	1	8	0	144	NA	NA	54	44
ENSMUST00000162301.8	ENSMUSG00000024231	+	21	1	19	0	131	NA	NA	22	119
ENSMUST00000025075.3	ENSMUSG00000024232	+	3	0	2	0	418	NA	NA	NA	76
ENSMUST00000025078.10	ENSMUSG00000024235	-	8	1	6	0	130	NA	NA	22	336
ENSMUST00000025077.7	ENSMUSG00000024234	+	9	0	8	0	362	NA	NA	NA	157
ENSMUST00000126977.8	ENSMUSG00000024236	+	38	3	34	0	86	NA	NA	50	8
ENSMUST00000025081.13	ENSMUSG00000024238	+	8	0	7	0	637	NA	NA	NA	58
ENSMUST00000182213.8	ENSMUSG00000041225	-	20	2	17	0	174	NA	NA	77	678
ENSMUST00000025083.14	ENSMUSG00000006740	-	26	0	24	1	130	19	19	NA	126
ENSMUST00000028100.13	ENSMUSG00000024240	-	14	0	13	0	72	NA	NA	NA	153
ENSMUST00000234626.2	ENSMUSG00000073639	+	7	0	6	0	175	NA	NA	NA	68
ENSMUST00000115869.4	ENSMUSG00000057440	-	17	1	15	0	179	NA	NA	110	37
ENSMUST00000167020.8	ENSMUSG00000024283	+	14	0	13	0	69	NA	NA	NA	41
ENSMUST00000041080.7	ENSMUSG00000036904	+	1	0	0	0	NA	NA	NA	NA	NA
ENSMUST00000053917.6	ENSMUSG00000024286	-	10	0	9	0	116	NA	NA	NA	154
ENSMUST00000234965.2	ENSMUSG00000036103	+	10	0	9	0	19	NA	NA	NA	7
ENSMUST00000025137.9	ENSMUSG00000024287	+	21	0	20	0	295	NA	NA	NA	54
ENSMUST00000092096.14	ENSMUSG00000047879	-	16	0	15	0	151	NA	NA	NA	16
ENSMUST00000067947.7	ENSMUSG00000024290	-	33	0	32	0	3	NA	NA	NA	93
ENSMUST00000025142.13	ENSMUSG00000024293	-	11	2	8	0	147	NA	NA	591	1539
ENSMUST00000002551.5	ENSMUSG00000002477	+	4	0	3	0	76	NA	NA	NA	14
ENSMUST00000117726.9	ENSMUSG00000002475	-	9	0	8	0	166	NA	NA	NA	162
ENSMUST00000052838.11	ENSMUSG00000024294	+	21	0	20	0	140	NA	NA	NA	229
ENSMUST00000047762.10	ENSMUSG00000005836	+	7	1	5	0	167	NA	NA	37	1117
ENSMUST00000115861.9	ENSMUSG00000041238	+	19	1	17	0	97	NA	NA	98	109
ENSMUST00000209859.2	ENSMUSG00000049411	-	15	0	14	0	63	NA	NA	NA	72
ENSMUST00000025270.8	ENSMUSG00000024404	+	13	0	12	0	107	NA	NA	NA	63
ENSMUST00000025276.15	ENSMUSG00000024410	+	20	0	19	0	79	NA	NA	NA	102
ENSMUST00000025279.6	ENSMUSG00000024413	-	25	0	24	0	82	NA	NA	NA	57
ENSMUST00000118525.9	ENSMUSG00000057766	-	10	0	9	0	107	NA	NA	NA	21
ENSMUST00000234966.2	ENSMUSG00000024424	+	14	0	13	0	89	NA	NA	NA	158
ENSMUST00000074352.11	ENSMUSG00000044252	-	28	1	26	0	102	NA	NA	2	121
ENSMUST00000025290.7	ENSMUSG00000024423	+	11	0	10	0	65	NA	NA	NA	36
ENSMUST00000025288.9	ENSMUSG00000024420	-	8	1	6	0	29	NA	NA	1	40
ENSMUST00000040924.9	ENSMUSG00000037013	-	11	0	10	0	26	NA	NA	NA	69
ENSMUST00000234789.2	ENSMUSG00000054321	+	15	0	14	0	164	NA	NA	NA	340
ENSMUST00000025166.14	ENSMUSG00000024304	-	16	0	15	0	206	NA	NA	NA	60
ENSMUST00000059787.15	ENSMUSG00000044393	+	15	0	14	0	1022	NA	NA	NA	60
ENSMUST00000070080.6	ENSMUSG00000056124	-	9	0	8	0	147	NA	NA	NA	115
ENSMUST00000234316.2	ENSMUSG00000033107	+	6	0	5	0	86	NA	NA	NA	164
ENSMUST00000234107.2	ENSMUSG00000024317	+	8	1	6	0	68	NA	NA	103	110
ENSMUST00000049260.7	ENSMUSG00000042680	-	6	0	5	0	897	NA	NA	NA	121
ENSMUST00000115832.4	ENSMUSG00000024302	+	21	2	17	1	17	32	32	1	67
ENSMUST00000025127.5	ENSMUSG00000024277	+	7	0	6	0	74	NA	NA	NA	119
ENSMUST00000060762.6	ENSMUSG00000024276	+	4	1	2	0	1027	NA	NA	101	414
ENSMUST00000066497.12	ENSMUSG00000051469	-	4	1	2	0	538	NA	NA	81	420
ENSMUST00000153360.8	ENSMUSG00000047989	-	5	0	4	0	131	NA	NA	NA	153
ENSMUST00000000430.14	ENSMUSG00000000420	+	13	2	10	0	146	NA	NA	105	139
ENSMUST00000046206.5	ENSMUSG00000040446	-	7	0	6	0	149	NA	NA	NA	151
ENSMUST00000070726.10	ENSMUSG00000024270	-	10	1	8	0	152	NA	NA	9	816
ENSMUST00000068006.9	ENSMUSG00000039616	+	15	0	14	0	110	NA	NA	NA	142
ENSMUST00000037097.9	ENSMUSG00000034295	+	27	0	26	0	82	NA	NA	NA	165
ENSMUST00000115817.3	ENSMUSG00000024269	-	7	0	6	0	233	NA	NA	NA	82
ENSMUST00000115812.10	ENSMUSG00000033628	+	25	0	24	0	14	NA	NA	NA	68
ENSMUST00000060396.7	ENSMUSG00000024259	-	8	0	7	0	578	NA	NA	NA	283
ENSMUST00000235017.2	ENSMUSG00000024260	+	21	1	19	0	158	NA	NA	6	112
ENSMUST00000115808.4	ENSMUSG00000041915	+	8	2	5	0	111	NA	NA	38	407
ENSMUST00000025264.8	ENSMUSG00000024400	+	22	1	20	0	229	NA	NA	23	204
ENSMUST00000025254.9	ENSMUSG00000024395	+	10	0	9	0	147	NA	NA	NA	11
ENSMUST00000096575.5	ENSMUSG00000024383	+	17	1	15	0	225	NA	NA	66	4
ENSMUST00000091967.13	ENSMUSG00000024381	+	15	0	14	0	107	NA	NA	NA	84
ENSMUST00000174459.2	ENSMUSG00000090523	-	3	0	2	0	196	NA	NA	NA	40
ENSMUST00000042868.6	ENSMUSG00000038128	+	11	0	10	0	440	NA	NA	NA	149
ENSMUST00000025236.9	ENSMUSG00000024378	-	6	0	5	0	229	NA	NA	NA	38
ENSMUST00000025234.7	ENSMUSG00000024376	-	24	1	22	0	128	NA	NA	339	99
ENSMUST00000072576.10	ENSMUSG00000014504	+	5	0	4	0	133	NA	NA	NA	41
ENSMUST00000006027.7	ENSMUSG00000005873	-	5	0	4	0	49	NA	NA	NA	118
ENSMUST00000003876.10	ENSMUSG00000003778	-	22	0	21	0	59	NA	NA	NA	19
ENSMUST00000167161.9	ENSMUSG00000003779	+	19	1	17	0	314	NA	NA	22	162
ENSMUST00000049281.12	ENSMUSG00000034300	+	5	1	3	0	260	NA	NA	152	78
ENSMUST00000043775.9	ENSMUSG00000038773	+	24	0	23	0	80	NA	NA	NA	195
ENSMUST00000043484.8	ENSMUSG00000038555	+	8	0	7	0	68	NA	NA	NA	32
ENSMUST00000064795.6	ENSMUSG00000038418	+	2	0	1	0	1303	NA	NA	NA	298
ENSMUST00000025218.8	ENSMUSG00000024360	-	11	1	9	0	82	NA	NA	18	86
ENSMUST00000025217.11	ENSMUSG00000024359	-	17	0	16	0	77	NA	NA	NA	81
ENSMUST00000042345.8	ENSMUSG00000037815	+	18	1	16	0	287	NA	NA	2	105
ENSMUST00000025215.10	ENSMUSG00000024357	-	10	1	8	0	356	NA	NA	9	105
ENSMUST00000041314.17	ENSMUSG00000037058	+	4	1	2	0	56	NA	NA	26	138
ENSMUST00000025208.7	ENSMUSG00000024350	-	8	0	7	0	124	NA	NA	NA	40
ENSMUST00000237919.2	ENSMUSG00000024349	-	7	0	5	0	193	NA	NA	0	227
ENSMUST00000170693.9	ENSMUSG00000091896	+	7	0	6	0	45	NA	NA	NA	24
ENSMUST00000060722.8	ENSMUSG00000046668	+	3	1	1	0	44	NA	NA	155	909
ENSMUST00000051301.6	ENSMUSG00000043991	+	2	1	0	0	1095	NA	NA	130	NA
ENSMUST00000025204.7	ENSMUSG00000024346	-	4	0	3	0	83	NA	NA	NA	33
ENSMUST00000025363.7	ENSMUSG00000024486	-	6	0	4	1	72	19	19	NA	46
ENSMUST00000173875.9	ENSMUSG00000006050	-	5	0	4	0	205	NA	NA	NA	61
ENSMUST00000050476.11	ENSMUSG00000033272	+	4	3	0	0	1219	NA	NA	245	NA
ENSMUST00000014438.5	ENSMUSG00000014294	-	3	0	2	0	91	NA	NA	NA	101
ENSMUST00000049323.9	ENSMUSG00000042660	+	7	0	6	0	333	NA	NA	NA	194
ENSMUST00000001416.8	ENSMUSG00000001380	-	13	0	12	0	71	NA	NA	NA	90
ENSMUST00000066272.6	ENSMUSG00000051316	-	2	1	0	0	1045	NA	NA	20	NA
ENSMUST00000043437.14	ENSMUSG00000038524	-	20	0	19	0	65	NA	NA	NA	21
ENSMUST00000057185.13	ENSMUSG00000051375	-	3	1	1	0	2279	NA	NA	26	837
ENSMUST00000072376.13	ENSMUSG00000060450	+	9	2	6	0	87	NA	NA	8	154
ENSMUST00000063814.15	ENSMUSG00000052102	-	7	1	5	0	100	NA	NA	8	124
ENSMUST00000236085.2	ENSMUSG00000024425	+	8	0	6	1	103	3	3	NA	63
ENSMUST00000025295.8	ENSMUSG00000024427	-	2	1	0	0	949	NA	NA	47	NA
ENSMUST00000040647.11	ENSMUSG00000036585	-	4	1	2	0	194	NA	NA	34	169
ENSMUST00000097593.9	ENSMUSG00000036452	+	23	0	22	0	88	NA	NA	NA	154
ENSMUST00000115567.8	ENSMUSG00000024431	-	9	1	7	0	152	NA	NA	13	1235
ENSMUST00000025364.6	ENSMUSG00000024487	-	6	1	4	0	162	NA	NA	10	110
ENSMUST00000236240.2	ENSMUSG00000024491	+	21	0	20	0	83	NA	NA	NA	59
ENSMUST00000237602.2	ENSMUSG00000024498	+	22	0	21	0	201	NA	NA	NA	59
ENSMUST00000025379.14	ENSMUSG00000024501	-	14	0	13	0	88	NA	NA	NA	39
ENSMUST00000025350.10	ENSMUSG00000024472	+	11	0	10	0	163	NA	NA	NA	53
ENSMUST00000037763.11	ENSMUSG00000034653	+	30	0	28	1	80	8	8	NA	232
ENSMUST00000037011.6	ENSMUSG00000033949	-	10	0	9	0	354	NA	NA	NA	63
ENSMUST00000236216.2	ENSMUSG00000024477	-	9	0	8	0	181	NA	NA	NA	140
ENSMUST00000072835.7	ENSMUSG00000071855	-	10	0	9	0	30	NA	NA	NA	117
ENSMUST00000036226.6	ENSMUSG00000033319	-	3	1	1	0	1309	NA	NA	184	544
ENSMUST00000151189.2	ENSMUSG00000033184	-	3	0	2	0	236	NA	NA	NA	192
ENSMUST00000035804.9	ENSMUSG00000033022	-	5	0	4	0	29	NA	NA	NA	170
ENSMUST00000025357.9	ENSMUSG00000024480	+	6	0	5	0	128	NA	NA	NA	69
ENSMUST00000049388.9	ENSMUSG00000042705	+	7	0	6	0	38	NA	NA	NA	41
ENSMUST00000076043.13	ENSMUSG00000019647	-	18	1	16	0	1201	NA	NA	38	100
ENSMUST00000163590.9	ENSMUSG00000024505	-	6	0	5	0	170	NA	NA	NA	218
ENSMUST00000180611.8	ENSMUSG00000037416	+	43	0	42	0	224	NA	NA	NA	87
ENSMUST00000148989.3	ENSMUSG00000062210	+	2	0	1	0	565	NA	NA	NA	1
ENSMUST00000025385.7	ENSMUSG00000024507	+	24	0	23	0	89	NA	NA	NA	58
ENSMUST00000025409.9	ENSMUSG00000024529	-	7	0	6	0	6	NA	NA	NA	613
ENSMUST00000037850.7	ENSMUSG00000034484	+	15	0	14	0	50	NA	NA	NA	108
ENSMUST00000165032.9	ENSMUSG00000024535	+	7	0	6	0	67	NA	NA	NA	60
ENSMUST00000025419.9	ENSMUSG00000024538	-	5	0	4	0	128	NA	NA	NA	117
ENSMUST00000049811.8	ENSMUSG00000048799	-	21	1	19	0	231	NA	NA	17	49
ENSMUST00000237880.2	ENSMUSG00000073563	+	13	1	11	0	54	NA	NA	246	178
ENSMUST00000064763.7	ENSMUSG00000052713	-	10	1	8	0	6	NA	NA	193	903
ENSMUST00000237355.2	ENSMUSG00000001700	+	15	1	13	0	41	NA	NA	156	83
ENSMUST00000066208.13	ENSMUSG00000053644	-	18	0	17	0	54	NA	NA	NA	192
ENSMUST00000025486.9	ENSMUSG00000024590	+	11	0	10	0	41	NA	NA	NA	362
ENSMUST00000025488.15	ENSMUSG00000024592	-	5	2	2	0	179	NA	NA	7	111
ENSMUST00000025490.10	ENSMUSG00000024594	+	9	1	7	0	209	NA	NA	20	97
ENSMUST00000115366.3	ENSMUSG00000024597	+	27	0	26	0	135	NA	NA	NA	738
ENSMUST00000025503.10	ENSMUSG00000024601	+	5	0	4	0	146	NA	NA	NA	306
ENSMUST00000042710.8	ENSMUSG00000038059	-	2	1	0	0	189	NA	NA	7	NA
ENSMUST00000025505.7	ENSMUSG00000024603	+	13	0	12	0	213	NA	NA	NA	135
ENSMUST00000130360.2	ENSMUSG00000043079	-	3	0	2	0	662	NA	NA	NA	382
ENSMUST00000237783.2	ENSMUSG00000054008	-	15	1	13	0	119	NA	NA	397	513
ENSMUST00000115274.2	ENSMUSG00000024620	+	24	1	22	0	162	NA	NA	65	6
ENSMUST00000091884.6	ENSMUSG00000024622	-	21	1	19	0	455	NA	NA	2	134
ENSMUST00000146409.8	ENSMUSG00000034320	-	4	2	1	0	1520	NA	NA	24	699
ENSMUST00000063307.6	ENSMUSG00000033871	-	13	0	12	0	100	NA	NA	NA	47
ENSMUST00000166990.8	ENSMUSG00000024576	+	10	0	9	0	130	NA	NA	NA	123
ENSMUST00000025472.7	ENSMUSG00000024579	-	6	0	5	0	664	NA	NA	NA	88
ENSMUST00000062991.9	ENSMUSG00000024580	-	4	0	3	0	364	NA	NA	NA	74
ENSMUST00000120472.2	ENSMUSG00000033032	-	19	0	18	0	23	NA	NA	NA	16
ENSMUST00000166783.3	ENSMUSG00000032735	-	24	1	22	0	113	NA	NA	90	13
ENSMUST00000053640.5	ENSMUSG00000045730	-	1	0	0	0	NA	NA	NA	NA	NA
ENSMUST00000048688.8	ENSMUSG00000042211	-	22	1	20	0	178	NA	NA	38	128
ENSMUST00000025474.14	ENSMUSG00000024581	+	12	0	11	0	143	NA	NA	NA	56
ENSMUST00000237004.2	ENSMUSG00000024583	-	8	0	7	0	29	NA	NA	NA	98
ENSMUST00000025484.9	ENSMUSG00000024588	-	10	1	8	0	134	NA	NA	31	89
ENSMUST00000237400.2	ENSMUSG00000024587	-	15	0	14	0	131	NA	NA	NA	43
ENSMUST00000235343.2	ENSMUSG00000024589	+	31	0	30	0	102	NA	NA	NA	48
ENSMUST00000224056.3	ENSMUSG00000032688	+	17	0	16	0	437	NA	NA	NA	227
ENSMUST00000235822.2	ENSMUSG00000042439	+	11	3	7	0	494	NA	NA	14	2337
ENSMUST00000025394.14	ENSMUSG00000024516	+	6	0	5	0	53	NA	NA	NA	87
ENSMUST00000048260.15	ENSMUSG00000041891	-	14	0	12	1	36	27	27	NA	238
ENSMUST00000025399.9	ENSMUSG00000024521	+	3	0	2	0	103	NA	NA	NA	52
ENSMUST00000025403.8	ENSMUSG00000024525	+	8	0	7	0	115	NA	NA	NA	102
ENSMUST00000001513.8	ENSMUSG00000001473	+	4	0	3	0	1066	NA	NA	NA	57
ENSMUST00000025408.10	ENSMUSG00000024527	-	17	0	16	0	236	NA	NA	NA	114
ENSMUST00000115050.10	ENSMUSG00000024533	-	17	0	16	0	258	NA	NA	NA	295
ENSMUST00000097542.4	ENSMUSG00000073542	-	12	0	11	0	138	NA	NA	NA	63
ENSMUST00000122412.2	ENSMUSG00000024539	-	9	0	8	0	195	NA	NA	NA	69
ENSMUST00000025421.9	ENSMUSG00000079614	+	9	0	8	0	12	NA	NA	NA	111
ENSMUST00000042852.7	ENSMUSG00000038121	-	4	1	2	0	233	NA	NA	37	476
ENSMUST00000009679.11	ENSMUSG00000009535	+	11	1	9	0	37	NA	NA	42	378
ENSMUST00000066717.12	ENSMUSG00000053477	+	21	1	18	1	136	5	5	20	72
ENSMUST00000121693.8	ENSMUSG00000024511	-	7	2	4	0	189	NA	NA	19	153
ENSMUST00000121674.9	ENSMUSG00000038425	-	10	0	9	0	830	NA	NA	NA	100
ENSMUST00000074058.11	ENSMUSG00000024513	+	7	0	5	1	126	13	13	NA	551
ENSMUST00000025393.14	ENSMUSG00000024515	-	12	1	10	0	211	NA	NA	128	249
ENSMUST00000041138.3	ENSMUSG00000036941	-	4	1	2	0	466	NA	NA	8	157
ENSMUST00000025439.5	ENSMUSG00000024556	-	16	1	14	0	182	NA	NA	10	108
ENSMUST00000074157.13	ENSMUSG00000025885	+	39	0	38	0	152	NA	NA	NA	27
ENSMUST00000041053.11	ENSMUSG00000036880	+	10	0	9	0	84	NA	NA	NA	16
ENSMUST00000066532.5	ENSMUSG00000053846	-	10	0	9	0	21	NA	NA	NA	97
ENSMUST00000039608.9	ENSMUSG00000035765	+	17	1	15	0	149	NA	NA	51	140
ENSMUST00000026999.10	ENSMUSG00000025880	+	4	0	3	0	538	NA	NA	NA	613
ENSMUST00000165559.3	ENSMUSG00000052928	-	12	1	10	0	215	NA	NA	26	180
ENSMUST00000097522.11	ENSMUSG00000025421	+	7	1	5	0	103	NA	NA	10	101
ENSMUST00000114777.10	ENSMUSG00000025423	+	14	0	13	0	179	NA	NA	NA	24
ENSMUST00000026495.15	ENSMUSG00000025428	+	12	0	11	0	81	NA	NA	NA	60
ENSMUST00000114741.4	ENSMUSG00000025429	+	15	0	13	1	49	12	12	NA	33
ENSMUST00000025430.11	ENSMUSG00000024548	-	6	1	4	0	610	NA	NA	165	465
ENSMUST00000070219.9	ENSMUSG00000056214	+	3	0	2	0	853	NA	NA	NA	72
ENSMUST00000066743.11	ENSMUSG00000053950	-	4	1	2	0	3299	NA	NA	13	108
ENSMUST00000145963.9	ENSMUSG00000057130	+	4	1	2	0	171	NA	NA	37	153
ENSMUST00000036229.13	ENSMUSG00000033323	-	13	0	12	0	141	NA	NA	NA	314
ENSMUST00000171238.8	ENSMUSG00000058881	+	6	1	4	0	59	NA	NA	155	1771
ENSMUST00000060303.10	ENSMUSG00000046982	-	2	0	1	0	3214	NA	NA	NA	40
ENSMUST00000060223.4	ENSMUSG00000049090	+	2	0	1	0	924	NA	NA	NA	209
ENSMUST00000160180.9	ENSMUSG00000024646	+	5	0	4	0	81	NA	NA	NA	129
ENSMUST00000025547.4	ENSMUSG00000024645	-	6	0	5	0	98	NA	NA	NA	295
ENSMUST00000070116.12	ENSMUSG00000056153	-	3	2	0	0	1730	NA	NA	129	NA
ENSMUST00000023828.9	ENSMUSG00000023066	+	49	0	48	0	85	NA	NA	NA	31
ENSMUST00000025515.7	ENSMUSG00000024614	+	16	0	15	0	257	NA	NA	NA	55
ENSMUST00000025751.11	ENSMUSG00000024831	-	15	0	14	0	203	NA	NA	NA	86
ENSMUST00000025835.6	ENSMUSG00000024900	+	19	1	17	0	86	NA	NA	13	141
ENSMUST00000113997.9	ENSMUSG00000024908	-	24	2	21	0	51	NA	NA	6	227
ENSMUST00000025856.17	ENSMUSG00000024913	-	23	0	22	0	261	NA	NA	NA	88
ENSMUST00000113972.9	ENSMUSG00000045098	+	12	2	9	0	1474	NA	NA	76	163
ENSMUST00000072055.13	ENSMUSG00000024843	+	11	0	10	0	59	NA	NA	NA	338
ENSMUST00000145791.8	ENSMUSG00000001750	-	20	1	18	0	78	NA	NA	4	117
ENSMUST00000117831.8	ENSMUSG00000024847	-	7	1	5	0	205	NA	NA	111	99
ENSMUST00000008893.9	ENSMUSG00000024835	+	11	1	9	0	125	NA	NA	2	201
ENSMUST00000046094.6	ENSMUSG00000040385	+	7	0	6	0	110	NA	NA	NA	55
ENSMUST00000025740.8	ENSMUSG00000024824	-	11	0	10	0	95	NA	NA	NA	34
ENSMUST00000025773.5	ENSMUSG00000024854	+	4	0	3	0	24	NA	NA	NA	97
ENSMUST00000236794.2	ENSMUSG00000034616	-	14	0	13	0	278	NA	NA	NA	66
ENSMUST00000056888.13	ENSMUSG00000005986	-	15	0	14	0	213	NA	NA	NA	90
ENSMUST00000088737.11	ENSMUSG00000024858	-	21	0	20	0	164	NA	NA	NA	113
ENSMUST00000047898.14	ENSMUSG00000054611	-	21	1	19	0	181	NA	NA	59	42
ENSMUST00000048197.10	ENSMUSG00000041845	-	5	0	4	0	167	NA	NA	NA	132
ENSMUST00000068004.13	ENSMUSG00000024892	+	21	1	19	0	248	NA	NA	34	3
ENSMUST00000113822.3	ENSMUSG00000045045	-	3	1	1	0	561	NA	NA	10	1349
ENSMUST00000182821.8	ENSMUSG00000033760	+	3	1	1	0	661	NA	NA	12	412
ENSMUST00000006625.8	ENSMUSG00000006456	-	3	0	2	0	207	NA	NA	NA	337
ENSMUST00000119694.3	ENSMUSG00000083282	+	14	0	13	0	74	NA	NA	NA	219
ENSMUST00000025851.4	ENSMUSG00000063904	-	18	1	16	0	175	NA	NA	5	270
ENSMUST00000236152.2	ENSMUSG00000024891	+	12	0	11	0	111	NA	NA	NA	29
ENSMUST00000025818.8	ENSMUSG00000024883	+	10	0	9	0	449	NA	NA	NA	83
ENSMUST00000025811.6	ENSMUSG00000024875	+	8	0	7	0	146	NA	NA	NA	31
ENSMUST00000025804.7	ENSMUSG00000024870	-	6	0	5	0	194	NA	NA	NA	14
ENSMUST00000116563.8	ENSMUSG00000024862	-	16	1	14	0	83	NA	NA	11	228
ENSMUST00000025786.9	ENSMUSG00000024855	-	24	0	23	0	115	NA	NA	NA	350
ENSMUST00000025762.16	ENSMUSG00000024844	-	3	1	1	0	146	NA	NA	16	123
ENSMUST00000025759.9	ENSMUSG00000024841	+	6	1	4	0	159	NA	NA	132	87
ENSMUST00000159759.3	ENSMUSG00000047423	+	2	0	1	0	756	NA	NA	NA	140
ENSMUST00000179549.3	ENSMUSG00000095098	-	1	0	0	0	NA	NA	NA	NA	NA
ENSMUST00000166303.9	ENSMUSG00000024909	+	11	1	9	0	161	NA	NA	7	111
ENSMUST00000209469.2	ENSMUSG00000056201	+	4	0	3	0	112	NA	NA	NA	3
ENSMUST00000235575.2	ENSMUSG00000049562	+	3	1	1	0	2480	NA	NA	18	150
ENSMUST00000025867.6	ENSMUSG00000024927	+	11	0	10	0	616	NA	NA	NA	7
ENSMUST00000169854.2	ENSMUSG00000056917	-	16	1	14	0	146	NA	NA	131	667
ENSMUST00000113615.9	ENSMUSG00000054874	-	35	0	34	0	194	NA	NA	NA	153
ENSMUST00000004156.10	ENSMUSG00000004054	+	12	2	9	0	337	NA	NA	558	742
ENSMUST00000049295.15	ENSMUSG00000024937	-	19	0	18	0	99	NA	NA	NA	104
ENSMUST00000081496.6	ENSMUSG00000024940	+	28	1	26	0	151	NA	NA	906	322
ENSMUST00000236978.2	ENSMUSG00000024941	-	17	0	16	0	124	NA	NA	NA	111
ENSMUST00000025728.13	ENSMUSG00000024816	-	11	0	9	0	121	NA	NA	0	85
ENSMUST00000025732.14	ENSMUSG00000024818	+	6	0	5	0	268	NA	NA	NA	37
ENSMUST00000136983.8	ENSMUSG00000024826	-	11	0	10	0	76	NA	NA	NA	32
ENSMUST00000025891.11	ENSMUSG00000024942	-	22	1	20	0	26	NA	NA	1	267
ENSMUST00000138532.8	ENSMUSG00000024807	+	16	1	14	0	109	NA	NA	17	132
ENSMUST00000007482.8	ENSMUSG00000007338	-	4	0	3	0	146	NA	NA	NA	78
ENSMUST00000025713.12	ENSMUSG00000024799	-	10	0	9	0	160	NA	NA	NA	52
ENSMUST00000025707.9	ENSMUSG00000024792	-	8	1	6	0	186	NA	NA	8	102
ENSMUST00000025893.7	ENSMUSG00000024944	-	5	0	4	0	134	NA	NA	NA	65
ENSMUST00000025695.10	ENSMUSG00000024777	-	14	1	12	0	147	NA	NA	268	199
ENSMUST00000045351.13	ENSMUSG00000024773	+	40	0	39	0	236	NA	NA	NA	171
ENSMUST00000025684.4	ENSMUSG00000024772	+	5	0	4	0	524	NA	NA	NA	404
ENSMUST00000025897.13	ENSMUSG00000024948	+	32	0	31	0	87	NA	NA	NA	96
ENSMUST00000113489.8	ENSMUSG00000024949	+	13	0	12	0	129	NA	NA	NA	31
ENSMUST00000025904.12	ENSMUSG00000024953	-	6	0	5	0	105	NA	NA	NA	159
ENSMUST00000025906.12	ENSMUSG00000024955	-	7	1	5	0	259	NA	NA	12	325
ENSMUST00000166115.9	ENSMUSG00000024958	-	7	0	6	0	159	NA	NA	NA	357
ENSMUST00000238184.2	ENSMUSG00000024959	+	4	1	2	0	125	NA	NA	8	172
ENSMUST00000070850.8	ENSMUSG00000056612	+	4	0	3	0	68	NA	NA	NA	258
ENSMUST00000025679.11	ENSMUSG00000024767	-	7	0	6	0	197	NA	NA	NA	58
ENSMUST00000039758.6	ENSMUSG00000035885	-	2	0	1	0	95	NA	NA	NA	114
ENSMUST00000025675.11	ENSMUSG00000024764	-	8	0	7	0	141	NA	NA	NA	6
ENSMUST00000066646.12	ENSMUSG00000024968	+	12	0	11	0	314	NA	NA	NA	127
ENSMUST00000165965.8	ENSMUSG00000024969	-	18	0	17	0	360	NA	NA	NA	54
ENSMUST00000025924.4	ENSMUSG00000024970	-	6	0	5	0	211	NA	NA	NA	130
ENSMUST00000088169.7	ENSMUSG00000024758	-	7	0	6	0	45	NA	NA	NA	145
ENSMUST00000025668.9	ENSMUSG00000024759	+	13	0	12	0	86	NA	NA	NA	46
ENSMUST00000025925.11	ENSMUSG00000060675	+	5	1	3	0	101	NA	NA	49	15
ENSMUST00000176381.8	ENSMUSG00000010110	+	11	1	9	0	159	NA	NA	19	225
ENSMUST00000010241.14	ENSMUSG00000010097	+	21	0	20	0	38	NA	NA	NA	28
ENSMUST00000172175.3	ENSMUSG00000071661	+	2	1	0	0	1607	NA	NA	51	NA
ENSMUST00000096751.11	ENSMUSG00000071660	-	4	1	2	0	94	NA	NA	11	238
ENSMUST00000096753.5	ENSMUSG00000071659	+	14	0	13	0	80	NA	NA	NA	532
ENSMUST00000096259.6	ENSMUSG00000071658	-	3	1	1	0	128	NA	NA	1	99
ENSMUST00000166407.9	ENSMUSG00000071655	+	10	1	8	0	49	NA	NA	27	59
ENSMUST00000096246.5	ENSMUSG00000071650	+	25	0	24	0	109	NA	NA	NA	38
ENSMUST00000096243.7	ENSMUSG00000071649	+	5	0	4	0	98	NA	NA	NA	82
ENSMUST00000224272.2	ENSMUSG00000071647	+	22	0	21	0	203	NA	NA	NA	22
ENSMUST00000096240.3	ENSMUSG00000071646	+	18	0	17	0	165	NA	NA	NA	28
ENSMUST00000096239.7	ENSMUSG00000071645	+	9	0	8	0	1126	NA	NA	NA	82
ENSMUST00000092955.11	ENSMUSG00000069833	+	6	1	3	0	7	NA	NA	0	157
ENSMUST00000049948.6	ENSMUSG00000024654	-	7	0	6	0	208	NA	NA	NA	40
ENSMUST00000113161.10	ENSMUSG00000024663	+	10	0	9	0	82	NA	NA	NA	11
ENSMUST00000025567.9	ENSMUSG00000024665	-	12	0	11	0	51	NA	NA	NA	207
ENSMUST00000010807.6	ENSMUSG00000010663	+	12	0	11	0	51	NA	NA	NA	213
ENSMUST00000156291.2	ENSMUSG00000024742	-	3	2	0	0	1161	NA	NA	19	NA
ENSMUST00000040372.14	ENSMUSG00000036372	+	4	0	2	1	126	11	11	NA	3
ENSMUST00000039327.11	ENSMUSG00000035735	-	20	1	18	0	960	NA	NA	43	95
ENSMUST00000025570.8	ENSMUSG00000024668	-	4	0	3	0	130	NA	NA	NA	36
ENSMUST00000237321.2	ENSMUSG00000034820	+	9	1	7	0	162	NA	NA	55	54
ENSMUST00000154383.2	ENSMUSG00000024667	-	5	0	4	0	15	NA	NA	NA	13
ENSMUST00000237814.2	ENSMUSG00000034445	+	8	3	4	0	23	NA	NA	15	184
ENSMUST00000235927.2	ENSMUSG00000048832	+	5	1	3	0	710	NA	NA	6	93
ENSMUST00000025645.14	ENSMUSG00000024736	-	11	0	10	0	1043	NA	NA	NA	88
ENSMUST00000038128.15	ENSMUSG00000034659	-	4	1	2	0	391	NA	NA	8	237
ENSMUST00000025642.14	ENSMUSG00000024735	+	16	0	15	0	97	NA	NA	NA	19
ENSMUST00000167199.3	ENSMUSG00000024683	+	4	0	3	0	485	NA	NA	NA	55
ENSMUST00000075304.14	ENSMUSG00000041488	-	11	0	9	1	77	6	6	NA	30
ENSMUST00000061618.9	ENSMUSG00000046139	+	19	0	18	0	21	NA	NA	NA	15
ENSMUST00000045521.9	ENSMUSG00000039982	-	9	0	8	0	233	NA	NA	NA	211
ENSMUST00000144662.8	ENSMUSG00000024691	+	5	3	1	0	1763	NA	NA	122	78
ENSMUST00000038627.9	ENSMUSG00000024695	-	11	0	10	0	510	NA	NA	NA	350
ENSMUST00000052011.15	ENSMUSG00000024642	-	20	0	19	0	107	NA	NA	NA	45
ENSMUST00000025541.6	ENSMUSG00000024639	+	7	0	6	0	190	NA	NA	NA	136
ENSMUST00000068156.8	ENSMUSG00000046230	-	72	0	71	0	50	NA	NA	NA	100
ENSMUST00000174236.8	ENSMUSG00000038843	-	3	2	0	0	1415	NA	NA	129	NA
ENSMUST00000025617.4	ENSMUSG00000024712	+	4	0	3	0	130	NA	NA	NA	82
ENSMUST00000025631.7	ENSMUSG00000024725	-	10	0	9	0	58	NA	NA	NA	34
ENSMUST00000042392.14	ENSMUSG00000037847	+	9	1	7	0	7	NA	NA	35	29
ENSMUST00000062753.3	ENSMUSG00000047044	+	2	0	1	0	155	NA	NA	NA	336
ENSMUST00000237651.2	ENSMUSG00000024750	+	6	1	4	0	148	NA	NA	9	151
ENSMUST00000052556.5	ENSMUSG00000047368	+	4	1	2	0	219	NA	NA	3	467
ENSMUST00000096194.9	ENSMUSG00000024754	+	25	2	22	0	196	NA	NA	12	331
ENSMUST00000036884.3	ENSMUSG00000033863	+	2	0	1	0	229	NA	NA	NA	505
ENSMUST00000087556.7	ENSMUSG00000024943	-	25	0	24	0	140	NA	NA	NA	185
ENSMUST00000081333.11	ENSMUSG00000059363	-	5	0	4	0	150	NA	NA	NA	159
ENSMUST00000025815.10	ENSMUSG00000024878	-	15	0	14	0	109	NA	NA	NA	148
ENSMUST00000049400.15	ENSMUSG00000032702	+	14	3	10	0	62	NA	NA	83	37
ENSMUST00000176030.8	ENSMUSG00000024921	+	34	1	32	0	35	NA	NA	36	225
ENSMUST00000167487.8	ENSMUSG00000024924	+	19	0	18	0	35	NA	NA	NA	82
ENSMUST00000076219.7	ENSMUSG00000041360	-	18	1	16	0	132	NA	NA	10	82
ENSMUST00000165566.8	ENSMUSG00000040929	-	18	2	15	0	238	NA	NA	8	117
ENSMUST00000025875.5	ENSMUSG00000024935	+	12	0	11	0	246	NA	NA	NA	91
ENSMUST00000045674.4	ENSMUSG00000040105	+	1	0	0	0	NA	NA	NA	NA	NA
ENSMUST00000050148.5	ENSMUSG00000024780	+	7	0	6	0	98	NA	NA	NA	132
ENSMUST00000025696.5	ENSMUSG00000024782	-	5	0	4	0	120	NA	NA	NA	151
ENSMUST00000064393.6	ENSMUSG00000024785	+	9	0	8	0	150	NA	NA	NA	136
ENSMUST00000025705.7	ENSMUSG00000024789	+	24	1	22	0	107	NA	NA	25	226
ENSMUST00000143467.8	ENSMUSG00000016495	-	6	2	3	0	121	NA	NA	6	81
ENSMUST00000016640.8	ENSMUSG00000016496	+	7	1	5	0	22	NA	NA	14	52
ENSMUST00000043610.13	ENSMUSG00000038658	+	26	0	25	0	288	NA	NA	NA	144
ENSMUST00000159692.8	ENSMUSG00000046324	-	15	0	14	0	164	NA	NA	NA	320
ENSMUST00000025739.14	ENSMUSG00000024817	+	16	0	15	0	146	NA	NA	NA	153
ENSMUST00000025778.9	ENSMUSG00000024827	-	25	0	24	0	143	NA	NA	NA	270
ENSMUST00000065067.14	ENSMUSG00000052920	-	18	0	17	0	98	NA	NA	NA	266
ENSMUST00000066039.8	ENSMUSG00000053536	+	1	0	0	0	NA	NA	NA	NA	NA
ENSMUST00000099514.10	ENSMUSG00000040451	-	10	5	4	0	179	NA	NA	199	641
ENSMUST00000025827.10	ENSMUSG00000024896	+	5	0	4	0	396	NA	NA	NA	619
ENSMUST00000235594.2	ENSMUSG00000024899	+	12	0	11	0	141	NA	NA	NA	27
ENSMUST00000235412.2	ENSMUSG00000013662	-	10	1	8	0	120	NA	NA	13	162
ENSMUST00000013807.8	ENSMUSG00000013663	+	9	0	8	0	185	NA	NA	NA	79
ENSMUST00000039631.10	ENSMUSG00000035783	-	9	1	7	0	143	NA	NA	23	129
ENSMUST00000025691.13	ENSMUSG00000024778	+	9	0	8	0	331	NA	NA	NA	30
ENSMUST00000178114.2	ENSMUSG00000024781	-	10	0	8	0	233	NA	NA	0	105
ENSMUST00000112460.3	ENSMUSG00000033610	-	7	0	6	0	59	NA	NA	NA	28
ENSMUST00000087341.7	ENSMUSG00000024795	+	32	1	30	0	77	NA	NA	1	147
ENSMUST00000225411.2	ENSMUSG00000024805	+	10	1	8	0	47	NA	NA	169	112
ENSMUST00000169036.9	ENSMUSG00000041180	+	21	0	20	0	120	NA	NA	NA	132
ENSMUST00000087321.4	ENSMUSG00000067279	-	2	0	1	0	939	NA	NA	NA	14
ENSMUST00000025729.12	ENSMUSG00000024811	+	27	0	26	0	62	NA	NA	NA	199
ENSMUST00000099494.4	ENSMUSG00000040565	+	38	0	37	0	143	NA	NA	NA	14
ENSMUST00000079754.11	ENSMUSG00000039652	-	11	1	9	0	227	NA	NA	11	1008
ENSMUST00000024078.15	ENSMUSG00000023307	+	6	0	5	0	116	NA	NA	NA	35
ENSMUST00000012587.4	ENSMUSG00000012443	+	22	0	21	0	131	NA	NA	NA	74
ENSMUST00000025944.9	ENSMUSG00000024986	+	4	0	3	0	221	NA	NA	NA	364
ENSMUST00000226068.2	ENSMUSG00000048612	-	54	0	53	0	38	NA	NA	NA	88
ENSMUST00000169673.3	ENSMUSG00000024989	+	10	2	7	0	200	NA	NA	12	183
ENSMUST00000054098.4	ENSMUSG00000044026	+	3	0	2	0	738	NA	NA	NA	187
ENSMUST00000182481.8	ENSMUSG00000024998	+	33	1	30	1	188	35	35	344	1194
ENSMUST00000025963.8	ENSMUSG00000024999	-	21	0	20	0	152	NA	NA	NA	9
ENSMUST00000037302.6	ENSMUSG00000048720	+	13	0	12	0	68	NA	NA	NA	740
ENSMUST00000025965.12	ENSMUSG00000025001	+	22	1	20	0	94	NA	NA	17	105
ENSMUST00000025979.13	ENSMUSG00000025007	-	19	2	16	0	181	NA	NA	28	88
ENSMUST00000135795.8	ENSMUSG00000025008	-	12	0	11	0	213	NA	NA	NA	220
ENSMUST00000025983.13	ENSMUSG00000025010	+	6	1	4	0	399	NA	NA	41	69
ENSMUST00000050092.7	ENSMUSG00000049164	+	5	4	0	0	4567	NA	NA	131	NA
ENSMUST00000237871.2	ENSMUSG00000025016	-	15	0	14	0	67	NA	NA	NA	96
ENSMUST00000059672.9	ENSMUSG00000025017	-	17	0	16	0	57	NA	NA	NA	13
ENSMUST00000067795.13	ENSMUSG00000025019	+	8	5	2	0	969	NA	NA	50	238
ENSMUST00000059231.4	ENSMUSG00000047604	-	1	0	0	0	NA	NA	NA	NA	NA
ENSMUST00000038677.5	ENSMUSG00000035049	-	34	0	33	0	105	NA	NA	NA	139
ENSMUST00000011896.8	ENSMUSG00000011752	+	4	0	3	0	169	NA	NA	NA	139
ENSMUST00000026154.9	ENSMUSG00000025157	+	11	2	8	0	114	NA	NA	5	243
ENSMUST00000171561.8	ENSMUSG00000025159	-	31	0	30	0	27	NA	NA	NA	115
ENSMUST00000026170.3	ENSMUSG00000025171	+	3	0	2	0	385	NA	NA	NA	70
ENSMUST00000051772.10	ENSMUSG00000049670	-	5	1	3	0	148	NA	NA	33	67
ENSMUST00000235932.2	ENSMUSG00000025178	+	10	0	8	1	161	31	31	NA	435
ENSMUST00000061111.10	ENSMUSG00000044345	+	2	0	0	1	NA	1390	1390	NA	1911
ENSMUST00000169536.8	ENSMUSG00000018820	+	13	1	11	0	64	NA	NA	1	197
ENSMUST00000162004.8	ENSMUSG00000025188	-	20	2	17	0	162	NA	NA	45	117
ENSMUST00000026196.14	ENSMUSG00000025190	-	9	0	8	0	139	NA	NA	NA	118
ENSMUST00000081079.6	ENSMUSG00000025192	+	13	1	11	0	237	NA	NA	95	8
ENSMUST00000045562.6	ENSMUSG00000040018	-	9	0	8	0	131	NA	NA	NA	90
ENSMUST00000112047.10	ENSMUSG00000025193	+	9	0	8	0	114	NA	NA	NA	58
ENSMUST00000212396.2	ENSMUSG00000025195	-	16	1	14	0	185	NA	NA	10	145
ENSMUST00000170801.8	ENSMUSG00000025198	-	11	0	10	0	221	NA	NA	NA	113
ENSMUST00000026217.11	ENSMUSG00000025199	-	21	0	20	0	29	NA	NA	NA	105
ENSMUST00000079033.6	ENSMUSG00000057506	-	5	0	4	0	31	NA	NA	NA	58
ENSMUST00000041331.4	ENSMUSG00000037071	-	6	0	5	0	199	NA	NA	NA	24
ENSMUST00000040455.5	ENSMUSG00000036450	+	8	0	7	0	44	NA	NA	NA	177
ENSMUST00000096053.6	ENSMUSG00000036097	+	20	0	19	0	35	NA	NA	NA	140
ENSMUST00000026225.15	ENSMUSG00000025207	+	15	1	13	0	829	NA	NA	377	124
ENSMUST00000039016.14	ENSMUSG00000035342	+	5	1	3	0	683	NA	NA	42	408
ENSMUST00000062213.13	ENSMUSG00000025212	+	11	1	9	0	96	NA	NA	3	161
ENSMUST00000046869.11	ENSMUSG00000040913	-	9	0	8	0	119	NA	NA	NA	254
ENSMUST00000070215.8	ENSMUSG00000056209	-	6	0	4	1	109	8	8	NA	118
ENSMUST00000026243.5	ENSMUSG00000025220	-	16	0	15	0	136	NA	NA	NA	199
ENSMUST00000099393.4	ENSMUSG00000074811	+	1	0	0	0	NA	NA	NA	NA	NA
ENSMUST00000056931.14	ENSMUSG00000025223	-	11	1	9	0	230	NA	NA	83	20
ENSMUST00000165017.2	ENSMUSG00000015176	+	13	0	12	0	158	NA	NA	NA	120
ENSMUST00000026254.14	ENSMUSG00000025224	+	40	1	38	0	280	NA	NA	10	96
ENSMUST00000073116.13	ENSMUSG00000025225	+	23	1	21	0	121	NA	NA	74	21
ENSMUST00000026256.9	ENSMUSG00000025226	+	4	0	3	0	189	NA	NA	NA	53
ENSMUST00000235485.2	ENSMUSG00000036748	-	9	1	7	0	146	NA	NA	7	74
ENSMUST00000128041.8	ENSMUSG00000025227	+	9	1	7	0	268	NA	NA	75	168
ENSMUST00000040270.6	ENSMUSG00000025228	-	11	0	10	0	102	NA	NA	NA	48
ENSMUST00000111867.9	ENSMUSG00000025231	+	12	0	11	0	89	NA	NA	NA	182
ENSMUST00000026008.9	ENSMUSG00000025034	+	6	0	5	0	607	NA	NA	NA	570
ENSMUST00000026009.10	ENSMUSG00000025035	-	6	0	5	0	47	NA	NA	NA	3
ENSMUST00000026011.8	ENSMUSG00000025036	+	12	1	10	0	99	NA	NA	19	161
ENSMUST00000138302.9	ENSMUSG00000047731	+	4	0	3	0	754	NA	NA	NA	90
ENSMUST00000168536.9	ENSMUSG00000025041	-	18	1	16	0	233	NA	NA	19	101
ENSMUST00000037636.4	ENSMUSG00000034336	+	3	0	2	0	315	NA	NA	NA	1065
ENSMUST00000026032.7	ENSMUSG00000025050	-	10	0	9	0	56	NA	NA	NA	369
ENSMUST00000081619.10	ENSMUSG00000053617	-	15	0	14	0	1949	NA	NA	NA	72
ENSMUST00000049369.16	ENSMUSG00000042694	-	10	1	8	0	157	NA	NA	22	154
ENSMUST00000051691.8	ENSMUSG00000025060	+	19	0	18	0	146	NA	NA	NA	150
ENSMUST00000099353.6	ENSMUSG00000025066	+	4	0	3	0	194	NA	NA	NA	13
ENSMUST00000111741.10	ENSMUSG00000025026	+	14	1	12	0	292	NA	NA	20	195
ENSMUST00000111737.3	ENSMUSG00000025025	+	6	0	5	0	163	NA	NA	NA	73
ENSMUST00000025997.7	ENSMUSG00000025024	-	6	0	4	0	137	NA	NA	0	120
ENSMUST00000038287.7	ENSMUSG00000034765	+	4	0	3	0	406	NA	NA	NA	379
ENSMUST00000025930.10	ENSMUSG00000024974	+	29	0	28	0	71	NA	NA	NA	15
ENSMUST00000074371.13	ENSMUSG00000024975	+	12	1	10	0	60	NA	NA	64	43
ENSMUST00000135402.4	ENSMUSG00000084957	-	4	2	1	0	157	NA	NA	30	46
ENSMUST00000169861.9	ENSMUSG00000024976	+	9	1	7	0	208	NA	NA	227	703
ENSMUST00000235957.2	ENSMUSG00000024978	-	22	2	19	0	116	NA	NA	29	102
ENSMUST00000043150.6	ENSMUSG00000024981	+	22	1	19	1	140	10	10	29	156
ENSMUST00000224897.2	ENSMUSG00000024982	-	11	1	9	0	103	NA	NA	205	267
ENSMUST00000095950.3	ENSMUSG00000024983	+	8	0	7	0	93	NA	NA	NA	94
ENSMUST00000111657.11	ENSMUSG00000024985	+	14	0	13	0	423	NA	NA	NA	189
ENSMUST00000026062.10	ENSMUSG00000025076	+	7	0	5	0	229	NA	NA	0	110
ENSMUST00000071423.7	ENSMUSG00000025078	+	11	0	10	0	256	NA	NA	NA	178
ENSMUST00000118592.8	ENSMUSG00000035173	-	16	1	14	0	83	NA	NA	6	689
ENSMUST00000111546.8	ENSMUSG00000025085	-	23	0	22	0	113	NA	NA	NA	16
ENSMUST00000036407.6	ENSMUSG00000033478	+	17	0	16	0	105	NA	NA	NA	45
ENSMUST00000026073.14	ENSMUSG00000025086	+	8	0	7	0	259	NA	NA	NA	250
ENSMUST00000026076.14	ENSMUSG00000025089	-	11	1	9	0	155	NA	NA	246	40
ENSMUST00000066285.6	ENSMUSG00000025092	-	12	0	11	0	637	NA	NA	NA	43
ENSMUST00000047511.15	ENSMUSG00000041362	-	17	0	16	0	222	NA	NA	NA	58
ENSMUST00000099274.4	ENSMUSG00000074746	-	5	0	4	0	2185	NA	NA	NA	869
ENSMUST00000081790.15	ENSMUSG00000033417	-	9	0	8	0	40	NA	NA	NA	391
ENSMUST00000088237.6	ENSMUSG00000072437	+	1	0	0	0	NA	NA	NA	NA	NA
ENSMUST00000025955.8	ENSMUSG00000024991	-	22	0	21	0	223	NA	NA	NA	49
ENSMUST00000025961.7	ENSMUSG00000024997	-	7	0	6	0	53	NA	NA	NA	36
ENSMUST00000003313.10	ENSMUSG00000003228	+	16	0	15	0	98	NA	NA	NA	52
ENSMUST00000004428.14	ENSMUSG00000004317	-	12	1	10	0	90	NA	NA	47	105
ENSMUST00000191497.2	ENSMUSG00000046269	-	2	0	0	1	NA	1398	1398	NA	2714
ENSMUST00000069520.11	ENSMUSG00000031144	+	7	0	5	1	326	5	5	NA	36
ENSMUST00000033486.6	ENSMUSG00000031146	-	5	0	4	0	19	NA	NA	NA	96
ENSMUST00000043045.10	ENSMUSG00000039382	+	11	1	9	0	109	NA	NA	17	55
ENSMUST00000033490.13	ENSMUSG00000031150	-	10	2	7	0	942	NA	NA	42	49
ENSMUST00000077680.10	ENSMUSG00000000134	+	10	0	9	0	437	NA	NA	NA	116
ENSMUST00000115675.9	ENSMUSG00000031153	+	26	0	25	0	92	NA	NA	NA	42
ENSMUST00000115667.10	ENSMUSG00000031154	+	9	0	8	0	121	NA	NA	NA	594
ENSMUST00000033498.11	ENSMUSG00000031158	+	6	0	5	0	88	NA	NA	NA	26
ENSMUST00000115638.10	ENSMUSG00000039231	-	6	0	5	0	133	NA	NA	NA	19
ENSMUST00000033506.13	ENSMUSG00000031166	-	9	0	8	0	184	NA	NA	NA	41
ENSMUST00000115619.8	ENSMUSG00000031167	-	7	1	4	1	57	26	26	15	103
ENSMUST00000239441.2	ENSMUSG00000039201	-	6	0	5	0	1361	NA	NA	NA	123
ENSMUST00000033509.15	ENSMUSG00000031168	-	5	1	3	0	223	NA	NA	57	301
ENSMUST00000077595.12	ENSMUSG00000031169	-	15	1	13	0	101	NA	NA	33	136
ENSMUST00000015486.7	ENSMUSG00000015342	+	3	0	2	0	832	NA	NA	NA	245
ENSMUST00000033519.3	ENSMUSG00000031176	-	5	0	4	0	76	NA	NA	NA	30
ENSMUST00000044598.14	ENSMUSG00000031174	-	18	0	17	0	206	NA	NA	NA	28
ENSMUST00000115524.8	ENSMUSG00000008035	+	2	1	0	0	794	NA	NA	246	NA
ENSMUST00000115513.9	ENSMUSG00000040363	-	15	1	13	0	291	NA	NA	39	86
ENSMUST00000033313.3	ENSMUSG00000031007	+	9	0	8	0	191	NA	NA	NA	40
ENSMUST00000096495.11	ENSMUSG00000064127	-	31	0	30	0	73	NA	NA	NA	233
ENSMUST00000000804.7	ENSMUSG00000000787	+	17	0	16	0	79	NA	NA	NA	45
ENSMUST00000026013.6	ENSMUSG00000025037	+	15	0	14	0	143	NA	NA	NA	73
ENSMUST00000026016.13	ENSMUSG00000025040	-	5	0	4	0	77	NA	NA	NA	28
ENSMUST00000044484.13	ENSMUSG00000037369	+	29	0	28	0	29	NA	NA	NA	167
ENSMUST00000044138.8	ENSMUSG00000037347	+	2	0	0	1	NA	39	39	NA	1493
ENSMUST00000072451.11	ENSMUSG00000037341	-	17	0	16	0	251	NA	NA	NA	325
ENSMUST00000033372.13	ENSMUSG00000060090	+	5	0	4	0	83	NA	NA	NA	93
ENSMUST00000115384.9	ENSMUSG00000037315	+	13	3	9	0	910	NA	NA	11	46
ENSMUST00000116621.2	ENSMUSG00000031059	-	3	0	2	0	123	NA	NA	NA	201
ENSMUST00000115374.8	ENSMUSG00000031060	+	24	1	22	0	125	NA	NA	124	17
ENSMUST00000033380.7	ENSMUSG00000031065	+	16	1	14	0	37	NA	NA	6	202
ENSMUST00000001155.11	ENSMUSG00000001127	+	16	1	14	0	134	NA	NA	60	96
ENSMUST00000009550.14	ENSMUSG00000009406	-	6	1	4	0	98	NA	NA	34	210
ENSMUST00000115333.9	ENSMUSG00000054737	-	5	1	3	0	1588	NA	NA	11	15
ENSMUST00000035766.13	ENSMUSG00000036769	+	20	0	19	0	94	NA	NA	NA	77
ENSMUST00000033419.13	ENSMUSG00000031093	+	53	0	52	0	119	NA	NA	NA	102
ENSMUST00000033418.8	ENSMUSG00000017057	+	11	0	10	0	92	NA	NA	NA	82
ENSMUST00000016383.10	ENSMUSG00000016239	+	11	0	10	0	155	NA	NA	NA	820
ENSMUST00000073339.7	ENSMUSG00000006373	+	3	0	2	0	103	NA	NA	NA	328
ENSMUST00000016463.4	ENSMUSG00000016319	+	4	0	3	0	157	NA	NA	NA	111
ENSMUST00000240546.1	ENSMUSG00000016308	+	8	1	6	0	128	NA	NA	162	21
ENSMUST00000115248.10	ENSMUSG00000006423	-	7	0	6	0	62	NA	NA	NA	124
ENSMUST00000115239.10	ENSMUSG00000050379	-	10	0	9	0	24	NA	NA	NA	30
ENSMUST00000115231.4	ENSMUSG00000079641	-	3	0	2	0	48	NA	NA	NA	3
ENSMUST00000076265.13	ENSMUSG00000036572	-	10	0	9	0	149	NA	NA	NA	156
ENSMUST00000016553.5	ENSMUSG00000016409	+	9	0	8	0	174	NA	NA	NA	380
ENSMUST00000049740.3	ENSMUSG00000048047	+	2	1	0	0	2017	NA	NA	2	NA
ENSMUST00000016678.14	ENSMUSG00000016534	-	9	0	8	0	139	NA	NA	NA	55
ENSMUST00000016681.15	ENSMUSG00000031095	-	20	0	19	0	95	NA	NA	NA	559
ENSMUST00000047037.15	ENSMUSG00000037475	-	39	0	37	1	27	19	19	NA	71
ENSMUST00000115094.8	ENSMUSG00000025860	+	8	2	5	0	193	NA	NA	32	874
ENSMUST00000115073.9	ENSMUSG00000025862	+	34	1	32	0	23	NA	NA	96	44
ENSMUST00000101616.9	ENSMUSG00000031099	-	24	0	23	0	71	NA	NA	NA	171
ENSMUST00000001202.15	ENSMUSG00000001173	+	24	0	23	0	124	NA	NA	NA	39
ENSMUST00000037960.11	ENSMUSG00000036985	-	10	1	8	0	116	NA	NA	123	167
ENSMUST00000136348.8	ENSMUSG00000036959	+	15	2	12	0	282	NA	NA	44	86
ENSMUST00000114958.8	ENSMUSG00000031103	-	9	1	7	0	783	NA	NA	205	72
ENSMUST00000114912.8	ENSMUSG00000031109	-	15	3	11	0	131	NA	NA	38	97
ENSMUST00000053593.8	ENSMUSG00000050029	-	3	0	1	1	278	35	35	NA	273
ENSMUST00000114876.9	ENSMUSG00000036109	-	8	1	6	0	11	NA	NA	70	177
ENSMUST00000114871.2	ENSMUSG00000062184	-	3	0	2	0	891	NA	NA	NA	428
ENSMUST00000033450.3	ENSMUSG00000031119	-	9	0	8	0	205	NA	NA	NA	160
ENSMUST00000078944.13	ENSMUSG00000025626	+	11	1	8	0	126	1	1	46	138
ENSMUST00000026723.9	ENSMUSG00000025630	+	9	0	8	0	47	NA	NA	NA	27
ENSMUST00000071023.12	ENSMUSG00000036022	-	9	0	8	0	144	NA	NA	NA	98
ENSMUST00000023836.4	ENSMUSG00000023074	-	6	1	4	0	31	NA	NA	100	154
ENSMUST00000101560.4	ENSMUSG00000073176	+	5	1	3	0	883	NA	NA	92	354
ENSMUST00000039374.9	ENSMUSG00000035967	+	17	0	16	0	108	NA	NA	NA	111
ENSMUST00000059899.3	ENSMUSG00000061273	-	4	0	3	0	159	NA	NA	NA	79
ENSMUST00000077741.12	ENSMUSG00000060681	+	16	0	15	0	272	NA	NA	NA	328
ENSMUST00000114772.9	ENSMUSG00000023092	+	6	0	5	0	154	NA	NA	NA	22
ENSMUST00000033468.11	ENSMUSG00000031133	-	22	0	21	0	140	NA	NA	NA	165
ENSMUST00000114730.8	ENSMUSG00000031134	-	9	1	7	0	310	NA	NA	7	109
ENSMUST00000033480.13	ENSMUSG00000062949	-	29	0	28	0	62	NA	NA	NA	27
ENSMUST00000101509.9	ENSMUSG00000035847	-	9	0	8	0	472	NA	NA	NA	109
ENSMUST00000114630.3	ENSMUSG00000073139	-	7	0	6	0	244	NA	NA	NA	38
ENSMUST00000171933.8	ENSMUSG00000031337	+	15	1	13	0	167	NA	NA	8	63
ENSMUST00000015358.8	ENSMUSG00000015214	+	15	0	14	0	164	NA	NA	NA	158
ENSMUST00000080035.11	ENSMUSG00000035776	-	9	0	8	0	64	NA	NA	NA	67
ENSMUST00000072699.13	ENSMUSG00000015217	+	5	1	3	0	137	NA	NA	5	150
ENSMUST00000114576.9	ENSMUSG00000073131	+	3	0	2	0	142	NA	NA	NA	53
ENSMUST00000114551.10	ENSMUSG00000031347	-	5	0	4	0	89	NA	NA	NA	3
ENSMUST00000164800.8	ENSMUSG00000031351	+	19	1	16	0	98	1	1	44	34
ENSMUST00000033731.4	ENSMUSG00000031365	+	6	1	4	0	1162	NA	NA	48	28
ENSMUST00000033741.15	ENSMUSG00000031375	+	8	1	6	0	197	NA	NA	11	241
ENSMUST00000019701.9	ENSMUSG00000031383	+	4	1	2	0	325	NA	NA	35	577
ENSMUST00000002091.6	ENSMUSG00000002015	-	8	1	6	0	38	NA	NA	44	92
ENSMUST00000002084.14	ENSMUSG00000031378	+	10	0	9	0	219	NA	NA	NA	900
ENSMUST00000166518.8	ENSMUSG00000002014	+	6	0	5	0	104	NA	NA	NA	67
ENSMUST00000033763.15	ENSMUSG00000031388	-	8	0	7	0	236	NA	NA	NA	21
ENSMUST00000033761.13	ENSMUSG00000031386	-	26	0	25	0	39	NA	NA	NA	193
ENSMUST00000114354.10	ENSMUSG00000031392	-	14	0	13	0	61	NA	NA	NA	136
ENSMUST00000100750.10	ENSMUSG00000031393	-	4	1	2	0	1077	NA	NA	98	26
ENSMUST00000114299.8	ENSMUSG00000031328	-	47	1	45	0	187	NA	NA	115	373
ENSMUST00000114180.11	ENSMUSG00000009995	+	10	0	9	0	101	NA	NA	NA	109
ENSMUST00000015435.11	ENSMUSG00000015291	+	11	0	10	0	152	NA	NA	NA	45
ENSMUST00000004326.4	ENSMUSG00000031398	+	33	1	31	0	95	NA	NA	27	597
ENSMUST00000015433.4	ENSMUSG00000015289	-	3	0	2	0	114	NA	NA	NA	203
ENSMUST00000114146.8	ENSMUSG00000032806	-	3	2	0	0	1560	NA	NA	139	NA
ENSMUST00000114143.10	ENSMUSG00000031399	-	9	0	8	0	95	NA	NA	NA	13
ENSMUST00000004327.11	ENSMUSG00000031400	-	13	1	11	0	90	NA	NA	8	120
ENSMUST00000033776.15	ENSMUSG00000031403	+	15	0	14	0	65	NA	NA	NA	16
ENSMUST00000033775.9	ENSMUSG00000031402	-	12	0	11	0	176	NA	NA	NA	102
ENSMUST00000033541.5	ENSMUSG00000031198	+	5	0	4	0	77	NA	NA	NA	19
ENSMUST00000033544.14	ENSMUSG00000031201	+	11	0	9	1	151	26	26	NA	123
ENSMUST00000033540.6	ENSMUSG00000031197	+	6	0	5	0	70	NA	NA	NA	90
ENSMUST00000033545.6	ENSMUSG00000031202	-	2	0	1	0	426	NA	NA	NA	215
ENSMUST00000114059.10	ENSMUSG00000016382	-	16	1	14	0	132	NA	NA	8	73
ENSMUST00000088217.12	ENSMUSG00000025246	+	16	2	13	0	26	NA	NA	56	58
ENSMUST00000036333.14	ENSMUSG00000035725	-	9	0	7	1	125	24	24	NA	157
ENSMUST00000177904.8	ENSMUSG00000047996	-	4	1	2	0	485	NA	NA	41	10
ENSMUST00000171953.8	ENSMUSG00000025666	+	4	0	2	1	178	26	26	NA	226
ENSMUST00000048250.10	ENSMUSG00000035476	+	9	2	6	0	148	NA	NA	93	102
ENSMUST00000113978.9	ENSMUSG00000025059	-	21	0	20	0	10	NA	NA	NA	78
ENSMUST00000045898.4	ENSMUSG00000035246	+	8	0	7	0	212	NA	NA	NA	117
ENSMUST00000088102.12	ENSMUSG00000079509	-	9	2	6	0	1183	NA	NA	29	61
ENSMUST00000113916.10	ENSMUSG00000043929	+	3	1	1	0	1109	NA	NA	7	705
ENSMUST00000026142.8	ENSMUSG00000025151	-	13	1	10	1	377	9	9	29	45
ENSMUST00000096368.4	ENSMUSG00000071723	+	1	0	0	0	NA	NA	NA	NA	NA
ENSMUST00000101388.4	ENSMUSG00000073062	+	1	0	0	0	NA	NA	NA	NA	NA
ENSMUST00000096367.5	ENSMUSG00000071722	-	1	0	0	0	NA	NA	NA	NA	NA
ENSMUST00000113884.8	ENSMUSG00000025656	-	11	0	10	0	181	NA	NA	NA	30
ENSMUST00000084535.6	ENSMUSG00000050332	-	2	1	0	0	3486	NA	NA	88	NA
ENSMUST00000044382.7	ENSMUSG00000035062	-	5	0	4	0	113	NA	NA	NA	53
ENSMUST00000079987.13	ENSMUSG00000057421	-	13	0	12	0	129	NA	NA	NA	191
ENSMUST00000117399.2	ENSMUSG00000031207	+	13	0	12	0	164	NA	NA	NA	12
ENSMUST00000037353.10	ENSMUSG00000034457	-	8	2	4	1	376	24	24	11	87
ENSMUST00000033560.9	ENSMUSG00000031214	-	25	1	22	1	33	9	9	19	154
ENSMUST00000036606.14	ENSMUSG00000031216	+	14	3	10	0	117	NA	NA	7	57
ENSMUST00000052839.7	ENSMUSG00000031217	+	5	0	4	0	412	NA	NA	NA	128
ENSMUST00000113792.2	ENSMUSG00000034403	-	3	2	0	0	1749	NA	NA	13	NA
ENSMUST00000033570.6	ENSMUSG00000031221	+	6	0	5	0	148	NA	NA	NA	191
ENSMUST00000015812.12	ENSMUSG00000015668	-	7	1	5	0	34	NA	NA	13	87
ENSMUST00000048962.4	ENSMUSG00000034311	+	30	0	29	0	200	NA	NA	NA	120
ENSMUST00000087984.11	ENSMUSG00000000881	+	21	0	20	0	106	NA	NA	NA	357
ENSMUST00000120389.8	ENSMUSG00000046032	-	4	0	3	0	102	NA	NA	NA	165
ENSMUST00000062000.6	ENSMUSG00000042903	+	3	0	2	0	7	NA	NA	NA	453
ENSMUST00000033673.7	ENSMUSG00000031311	+	12	2	9	0	134	NA	NA	9	160
ENSMUST00000044475.5	ENSMUSG00000034160	+	22	0	21	0	174	NA	NA	NA	37
ENSMUST00000056904.3	ENSMUSG00000051220	-	2	0	1	0	3654	NA	NA	NA	68
ENSMUST00000052012.14	ENSMUSG00000034055	-	33	0	32	0	173	NA	NA	NA	78
ENSMUST00000116547.3	ENSMUSG00000031327	+	6	0	5	0	50	NA	NA	NA	305
ENSMUST00000121153.8	ENSMUSG00000056537	-	5	2	2	0	1552	NA	NA	24	166
ENSMUST00000087867.6	ENSMUSG00000073016	+	7	0	6	0	106	NA	NA	NA	389
ENSMUST00000113573.8	ENSMUSG00000031229	-	35	0	34	0	281	NA	NA	NA	20
ENSMUST00000238718.2	ENSMUSG00000031232	-	10	0	9	0	15	NA	NA	NA	201
ENSMUST00000113557.8	ENSMUSG00000033792	+	23	1	21	0	276	NA	NA	18	120
ENSMUST00000081593.13	ENSMUSG00000062070	+	11	0	10	0	40	NA	NA	NA	65
ENSMUST00000055497.15	ENSMUSG00000047242	-	7	0	6	0	163	NA	NA	NA	51
ENSMUST00000033597.9	ENSMUSG00000031245	-	6	0	5	0	962	NA	NA	NA	15
ENSMUST00000033598.9	ENSMUSG00000031246	+	4	0	3	0	32	NA	NA	NA	45
ENSMUST00000113422.9	ENSMUSG00000034551	-	10	0	8	0	125	NA	NA	0	147
ENSMUST00000026599.10	ENSMUSG00000025525	+	9	0	8	0	88	NA	NA	NA	15
ENSMUST00000026607.15	ENSMUSG00000025531	-	15	0	14	0	191	NA	NA	NA	49
ENSMUST00000037854.15	ENSMUSG00000034480	+	27	0	26	0	64	NA	NA	NA	141
ENSMUST00000087557.12	ENSMUSG00000067377	-	8	0	6	1	68	37	37	NA	87
ENSMUST00000033609.9	ENSMUSG00000031256	+	14	0	12	1	122	4	4	NA	58
ENSMUST00000081064.12	ENSMUSG00000031262	+	23	3	19	0	119	NA	NA	15	217
ENSMUST00000054213.5	ENSMUSG00000048007	-	2	0	1	0	161	NA	NA	NA	132
ENSMUST00000074950.11	ENSMUSG00000045427	+	3	2	0	0	1402	NA	NA	53	NA
ENSMUST00000113201.8	ENSMUSG00000033460	+	5	4	0	0	1487	NA	NA	117	NA
ENSMUST00000113194.8	ENSMUSG00000050394	-	4	3	0	0	1050	NA	NA	145	NA
ENSMUST00000081834.10	ENSMUSG00000049047	+	5	4	0	0	1286	NA	NA	147	NA
ENSMUST00000119010.8	ENSMUSG00000033436	-	3	2	0	0	2485	NA	NA	131	NA
ENSMUST00000173804.8	ENSMUSG00000072966	+	7	6	0	0	2796	NA	NA	316	NA
ENSMUST00000163584.8	ENSMUSG00000051579	-	4	3	0	0	380	NA	NA	27	NA
ENSMUST00000178632.8	ENSMUSG00000046432	+	3	2	0	0	397	NA	NA	23	NA
ENSMUST00000055104.6	ENSMUSG00000049536	+	2	1	0	0	524	NA	NA	27	NA
ENSMUST00000033797.13	ENSMUSG00000031422	-	4	3	0	0	890	NA	NA	24	NA
ENSMUST00000047852.8	ENSMUSG00000042595	+	6	0	5	0	170	NA	NA	NA	197
ENSMUST00000113026.2	ENSMUSG00000031438	+	7	0	6	0	133	NA	NA	NA	484
ENSMUST00000096313.4	ENSMUSG00000042473	+	21	0	20	0	380	NA	NA	NA	130
ENSMUST00000087401.12	ENSMUSG00000031434	-	17	0	16	0	153	NA	NA	NA	102
ENSMUST00000113011.9	ENSMUSG00000031433	-	8	0	7	0	166	NA	NA	NA	8
ENSMUST00000033809.4	ENSMUSG00000031432	+	7	0	6	0	92	NA	NA	NA	122
ENSMUST00000055738.12	ENSMUSG00000031431	-	3	0	2	0	239	NA	NA	NA	122
ENSMUST00000112990.8	ENSMUSG00000000266	+	10	1	8	0	402	NA	NA	56	660
ENSMUST00000033805.15	ENSMUSG00000031429	-	5	0	4	0	168	NA	NA	NA	114
ENSMUST00000112931.8	ENSMUSG00000031274	+	53	0	52	0	81	NA	NA	NA	81
ENSMUST00000042329.12	ENSMUSG00000042271	+	5	1	3	0	181	NA	NA	76	15
ENSMUST00000033634.5	ENSMUSG00000031278	-	16	2	13	0	157	NA	NA	179	351
ENSMUST00000087333.9	ENSMUSG00000047045	+	7	1	5	0	206	NA	NA	272	387
ENSMUST00000112720.8	ENSMUSG00000025269	-	7	1	5	0	914	NA	NA	202	154
ENSMUST00000112709.8	ENSMUSG00000025272	-	13	1	10	1	3950	12	12	25	45
ENSMUST00000026296.8	ENSMUSG00000025265	+	18	0	17	0	305	NA	NA	NA	307
ENSMUST00000184730.8	ENSMUSG00000041245	+	22	0	21	0	329	NA	NA	NA	534
ENSMUST00000073364.6	ENSMUSG00000025262	+	16	0	15	0	254	NA	NA	NA	687
ENSMUST00000168501.8	ENSMUSG00000041229	+	22	1	20	0	88	NA	NA	91	98
ENSMUST00000045312.6	ENSMUSG00000041133	+	25	0	24	0	83	NA	NA	NA	109
ENSMUST00000112605.8	ENSMUSG00000041115	+	15	0	14	0	965	NA	NA	NA	707
ENSMUST00000112588.9	ENSMUSG00000025332	+	26	0	25	0	365	NA	NA	NA	150
ENSMUST00000044509.7	ENSMUSG00000041096	-	7	0	6	0	148	NA	NA	NA	786
ENSMUST00000039720.11	ENSMUSG00000041658	+	11	0	10	0	97	NA	NA	NA	92
ENSMUST00000060714.10	ENSMUSG00000050148	+	1	0	0	0	NA	NA	NA	NA	NA
ENSMUST00000026318.15	ENSMUSG00000025283	-	6	0	5	0	170	NA	NA	NA	66
ENSMUST00000026324.10	ENSMUSG00000025287	+	15	0	14	0	88	NA	NA	NA	20
ENSMUST00000026328.11	ENSMUSG00000025289	-	7	0	6	0	50	NA	NA	NA	250
ENSMUST00000112529.8	ENSMUSG00000071708	-	11	0	10	0	39	NA	NA	NA	49
ENSMUST00000033671.13	ENSMUSG00000031309	+	22	0	21	0	122	NA	NA	NA	69
ENSMUST00000087143.7	ENSMUSG00000067194	+	7	0	6	0	5	NA	NA	NA	16
ENSMUST00000073094.10	ENSMUSG00000040990	+	20	0	19	0	41	NA	NA	NA	4
ENSMUST00000033662.9	ENSMUSG00000031299	-	11	0	10	0	164	NA	NA	NA	57
ENSMUST00000112377.8	ENSMUSG00000031295	+	34	1	32	0	170	NA	NA	80	78
ENSMUST00000033720.12	ENSMUSG00000031353	+	12	0	11	0	68	NA	NA	NA	16
ENSMUST00000033723.4	ENSMUSG00000031357	-	9	0	8	0	124	NA	NA	NA	217
ENSMUST00000112303.8	ENSMUSG00000031360	+	19	1	16	1	69	43	43	39	166
ENSMUST00000112294.9	ENSMUSG00000031367	+	5	0	3	0	56	NA	NA	0	179
ENSMUST00000112289.9	ENSMUSG00000031370	-	11	0	10	0	676	NA	NA	NA	53
ENSMUST00000033739.5	ENSMUSG00000031373	-	8	1	6	0	179	NA	NA	50	142
ENSMUST00000033754.15	ENSMUSG00000031381	+	6	1	4	0	266	NA	NA	62	718
ENSMUST00000004715.2	ENSMUSG00000061778	-	15	0	14	0	137	NA	NA	NA	9
ENSMUST00000112229.9	ENSMUSG00000031342	+	8	0	7	0	149	NA	NA	NA	61
ENSMUST00000049501.10	ENSMUSG00000040586	-	23	0	22	0	42	NA	NA	NA	9
ENSMUST00000112091.9	ENSMUSG00000079316	-	3	2	0	0	635	NA	NA	30	NA
ENSMUST00000112172.4	ENSMUSG00000049775	-	3	1	1	0	34	NA	NA	15	100
ENSMUST00000026839.5	ENSMUSG00000025742	-	7	0	6	0	92	NA	NA	NA	122
ENSMUST00000033725.16	ENSMUSG00000031358	-	13	0	12	0	99	NA	NA	NA	102
ENSMUST00000033717.9	ENSMUSG00000031352	-	7	1	5	0	198	NA	NA	41	112
