transcript_id	gene_id	utr5_length	n_uorfs	n_overlapping_uorfs	has_uorf	total_classical_uorf_codons	max_classical_uorf_codons	dist_cap_to_first_uatg	dist_last_uorf_stop_to_main_atg
ENSMUST00000156816.7	ENSMUSG00000033845	62	0	0	0	0	NA	NA	NA
ENSMUST00000027036.11	ENSMUSG00000025903	91	0	0	0	0	NA	NA	NA
ENSMUST00000081551.14	ENSMUSG00000033813	100	0	0	0	0	NA	NA	NA
ENSMUST00000118000.8	ENSMUSG00000002459	108	2	0	1	13	9	13	6
ENSMUST00000192698.3	ENSMUSG00000033793	159	0	0	0	0	NA	NA	NA
ENSMUST00000027040.13	ENSMUSG00000025907	467	2	0	1	55	37	257	77
ENSMUST00000061280.17	ENSMUSG00000051285	412	1	0	1	2	2	390	13
ENSMUST00000088658.11	ENSMUSG00000025912	255	1	1	1	12	12	15	201
ENSMUST00000057438.7	ENSMUSG00000045210	226	1	0	1	3	3	179	35
ENSMUST00000071087.12	ENSMUSG00000056763	138	3	0	1	10	6	8	73
ENSMUST00000088615.11	ENSMUSG00000067851	176	0	0	0	0	NA	NA	NA
ENSMUST00000177608.8	ENSMUSG00000016918	635	4	0	1	101	68	230	86
ENSMUST00000006037.13	ENSMUSG00000005886	222	1	1	1	24	24	60	87
ENSMUST00000027068.11	ENSMUSG00000025935	188	1	0	1	25	25	49	61
ENSMUST00000027071.7	ENSMUSG00000025937	96	0	0	0	0	NA	NA	NA
ENSMUST00000027066.13	ENSMUSG00000025932	609	6	1	1	121	72	117	59
ENSMUST00000027053.8	ENSMUSG00000025921	244	0	0	0	0	NA	NA	NA
ENSMUST00000162751.8	ENSMUSG00000025920	218	1	1	1	22	22	98	51
ENSMUST00000188641.7	ENSMUSG00000079658	112	0	0	0	0	NA	NA	NA
ENSMUST00000053266.11	ENSMUSG00000041859	104	0	0	0	0	NA	NA	NA
ENSMUST00000189400.7	ENSMUSG00000025931	303	2	0	1	35	29	160	53
ENSMUST00000037998.6	ENSMUSG00000041779	116	0	0	0	0	NA	NA	NA
ENSMUST00000027065.12	ENSMUSG00000025933	331	0	0	0	0	NA	NA	NA
ENSMUST00000027343.6	ENSMUSG00000026158	124	1	0	1	4	4	72	37
ENSMUST00000027339.14	ENSMUSG00000026155	162	0	0	0	0	NA	NA	NA
ENSMUST00000187369.7	ENSMUSG00000026153	342	7	0	1	115	65	5	48
ENSMUST00000095062.10	ENSMUSG00000073725	259	1	0	1	1	1	96	157
ENSMUST00000088287.10	ENSMUSG00000004768	436	1	0	1	17	17	351	31
ENSMUST00000044691.9	ENSMUSG00000042215	104	0	0	0	0	NA	NA	NA
ENSMUST00000044455.8	ENSMUSG00000042197	212	0	0	0	0	NA	NA	NA
ENSMUST00000027303.14	ENSMUSG00000026127	74	0	0	0	0	NA	NA	NA
ENSMUST00000167518.8	ENSMUSG00000037503	234	0	0	0	0	NA	NA	NA
ENSMUST00000027297.11	ENSMUSG00000026123	80	0	0	0	0	NA	NA	NA
ENSMUST00000088174.4	ENSMUSG00000045216	258	0	1	1	0	NA	248	NA
ENSMUST00000046875.14	ENSMUSG00000037470	178	0	0	0	0	NA	NA	NA
ENSMUST00000115032.8	ENSMUSG00000037447	79	0	0	0	0	NA	NA	NA
ENSMUST00000125304.8	ENSMUSG00000001143	38	0	1	1	0	NA	15	NA
ENSMUST00000153128.2	ENSMUSG00000037408	73	0	0	0	0	NA	NA	NA
ENSMUST00000191677.6	ENSMUSG00000026121	374	0	0	0	0	NA	NA	NA
ENSMUST00000043951.10	ENSMUSG00000037351	155	0	0	0	0	NA	NA	NA
ENSMUST00000027290.12	ENSMUSG00000026116	182	0	0	0	0	NA	NA	NA
ENSMUST00000027287.11	ENSMUSG00000026113	394	5	2	1	58	21	228	87
ENSMUST00000027286.7	ENSMUSG00000026112	136	0	0	0	0	NA	NA	NA
ENSMUST00000114925.10	ENSMUSG00000026111	148	0	0	0	0	NA	NA	NA
ENSMUST00000042161.15	ENSMUSG00000026110	103	1	1	1	3	3	90	1
ENSMUST00000139725.8	ENSMUSG00000026088	97	0	0	0	0	NA	NA	NA
ENSMUST00000027252.8	ENSMUSG00000026083	280	2	1	1	84	47	50	45
ENSMUST00000027251.12	ENSMUSG00000026082	211	0	1	1	0	NA	176	NA
ENSMUST00000238906.2	ENSMUSG00000037138	60	0	0	0	0	NA	NA	NA
ENSMUST00000027249.13	ENSMUSG00000026080	273	5	1	1	33	19	111	4
ENSMUST00000086535.12	ENSMUSG00000073702	93	0	0	0	0	NA	NA	NA
ENSMUST00000161515.8	ENSMUSG00000003135	341	0	0	0	0	NA	NA	NA
ENSMUST00000027241.11	ENSMUSG00000026072	224	1	2	1	13	13	86	96
ENSMUST00000039672.6	ENSMUSG00000041945	44	0	0	0	0	NA	NA	NA
ENSMUST00000095014.8	ENSMUSG00000070939	565	9	0	1	180	32	146	42
ENSMUST00000010434.8	ENSMUSG00000010290	54	0	0	0	0	NA	NA	NA
ENSMUST00000008280.14	ENSMUSG00000008136	283	0	0	0	0	NA	NA	NA
ENSMUST00000086421.9	ENSMUSG00000066877	456	0	1	1	0	NA	449	NA
ENSMUST00000126008.8	ENSMUSG00000057363	92	0	0	0	0	NA	NA	NA
ENSMUST00000188313.7	ENSMUSG00000041763	74	0	0	0	0	NA	NA	NA
ENSMUST00000027215.12	ENSMUSG00000026049	317	4	0	1	68	48	139	31
ENSMUST00000065767.9	ENSMUSG00000026047	309	2	0	1	8	6	13	170
ENSMUST00000074525.10	ENSMUSG00000056870	406	0	0	0	0	NA	NA	NA
ENSMUST00000087883.13	ENSMUSG00000026043	210	4	0	1	32	13	2	2
ENSMUST00000086430.5	ENSMUSG00000026042	368	4	0	1	84	39	125	2
ENSMUST00000027137.11	ENSMUSG00000025993	319	0	0	0	0	NA	NA	NA
ENSMUST00000027131.6	ENSMUSG00000025986	587	3	0	1	44	32	106	2
ENSMUST00000027279.12	ENSMUSG00000026107	484	0	0	0	0	NA	NA	NA
ENSMUST00000018561.14	ENSMUSG00000018417	177	0	0	0	0	NA	NA	NA
ENSMUST00000070968.14	ENSMUSG00000026104	333	0	1	1	0	NA	217	NA
ENSMUST00000114513.9	ENSMUSG00000026103	231	0	0	0	0	NA	NA	NA
ENSMUST00000069792.14	ENSMUSG00000002881	489	3	1	1	59	49	27	312
ENSMUST00000165859.8	ENSMUSG00000043015	55	0	0	0	0	NA	NA	NA
ENSMUST00000156876.8	ENSMUSG00000041439	491	2	1	1	76	46	5	61
ENSMUST00000027271.9	ENSMUSG00000026102	335	0	0	0	0	NA	NA	NA
ENSMUST00000027266.4	ENSMUSG00000026097	101	0	0	0	0	NA	NA	NA
ENSMUST00000027263.14	ENSMUSG00000026094	192	0	0	0	0	NA	NA	NA
ENSMUST00000120904.8	ENSMUSG00000042807	180	2	0	1	26	18	43	27
ENSMUST00000041638.8	ENSMUSG00000041303	57	0	0	0	0	NA	NA	NA
ENSMUST00000097739.5	ENSMUSG00000073678	102	0	0	0	0	NA	NA	NA
ENSMUST00000179030.8	ENSMUSG00000052331	221	0	1	1	0	NA	195	NA
ENSMUST00000027127.14	ENSMUSG00000025982	115	0	0	0	0	NA	NA	NA
ENSMUST00000027125.7	ENSMUSG00000025981	105	0	0	0	0	NA	NA	NA
ENSMUST00000027123.15	ENSMUSG00000025980	248	0	1	1	0	NA	64	NA
ENSMUST00000075242.7	ENSMUSG00000073676	278	0	0	0	0	NA	NA	NA
ENSMUST00000162364.8	ENSMUSG00000025979	69	0	0	0	0	NA	NA	NA
ENSMUST00000061334.10	ENSMUSG00000046994	63	0	0	0	0	NA	NA	NA
ENSMUST00000114415.10	ENSMUSG00000038331	806	2	0	1	18	13	95	62
ENSMUST00000162686.8	ENSMUSG00000048495	640	3	0	1	50	32	86	271
ENSMUST00000027114.6	ENSMUSG00000025971	445	6	0	1	165	50	68	12
ENSMUST00000170139.8	ENSMUSG00000038305	139	0	0	0	0	NA	NA	NA
ENSMUST00000114410.10	ENSMUSG00000054770	142	0	0	0	0	NA	NA	NA
ENSMUST00000050552.15	ENSMUSG00000051223	329	0	0	0	0	NA	NA	NA
ENSMUST00000034868.14	ENSMUSG00000026034	147	0	0	0	0	NA	NA	NA
ENSMUST00000117069.8	ENSMUSG00000026035	667	8	0	1	141	38	22	39
ENSMUST00000027198.12	ENSMUSG00000026037	397	2	1	1	62	55	59	21
ENSMUST00000097724.10	ENSMUSG00000038174	183	1	0	1	19	19	82	41
ENSMUST00000027186.12	ENSMUSG00000026028	392	6	3	1	34	13	39	66
ENSMUST00000027185.11	ENSMUSG00000026027	424	0	1	1	0	NA	384	NA
ENSMUST00000027178.13	ENSMUSG00000026024	135	2	1	1	8	5	98	3
ENSMUST00000114246.4	ENSMUSG00000041075	536	1	0	1	23	23	438	26
ENSMUST00000091374.9	ENSMUSG00000026021	143	0	0	0	0	NA	NA	NA
ENSMUST00000191142.7	ENSMUSG00000026020	173	0	0	0	0	NA	NA	NA
ENSMUST00000036540.12	ENSMUSG00000041040	158	0	0	0	0	NA	NA	NA
ENSMUST00000060608.13	ENSMUSG00000049439	63	0	0	0	0	NA	NA	NA
ENSMUST00000075374.10	ENSMUSG00000052062	419	0	0	0	0	NA	NA	NA
ENSMUST00000114157.3	ENSMUSG00000025969	503	3	0	1	33	28	103	291
ENSMUST00000087374.10	ENSMUSG00000025964	316	1	1	1	6	6	214	81
ENSMUST00000027103.7	ENSMUSG00000025962	165	3	0	1	61	22	38	8
ENSMUST00000114086.8	ENSMUSG00000025959	490	2	1	1	45	39	27	343
ENSMUST00000185594.7	ENSMUSG00000025958	268	0	0	0	0	NA	NA	NA
ENSMUST00000114079.9	ENSMUSG00000025956	106	0	0	0	0	NA	NA	NA
ENSMUST00000187170.7	ENSMUSG00000070871	323	0	0	0	0	NA	NA	NA
ENSMUST00000063982.7	ENSMUSG00000045005	872	4	0	1	58	25	220	341
ENSMUST00000097713.2	ENSMUSG00000051344	360	3	0	1	40	20	99	18
ENSMUST00000097709.11	ENSMUSG00000025950	208	2	0	1	47	44	5	63
ENSMUST00000081154.14	ENSMUSG00000025949	141	0	1	1	0	NA	136	NA
ENSMUST00000114017.8	ENSMUSG00000015222	463	1	0	1	10	10	229	201
ENSMUST00000027157.10	ENSMUSG00000026005	76	0	0	0	0	NA	NA	NA
ENSMUST00000068168.10	ENSMUSG00000026004	202	0	0	0	0	NA	NA	NA
ENSMUST00000027149.12	ENSMUSG00000026000	106	0	0	0	0	NA	NA	NA
ENSMUST00000190771.7	ENSMUSG00000025997	153	0	0	0	0	NA	NA	NA
ENSMUST00000027393.8	ENSMUSG00000026196	339	0	0	0	0	NA	NA	NA
ENSMUST00000027384.6	ENSMUSG00000026192	106	0	0	0	0	NA	NA	NA
ENSMUST00000055226.13	ENSMUSG00000026193	193	0	0	0	0	NA	NA	NA
ENSMUST00000027381.13	ENSMUSG00000026189	98	0	0	0	0	NA	NA	NA
ENSMUST00000027379.10	ENSMUSG00000026187	120	1	0	1	34	34	7	8
ENSMUST00000047615.15	ENSMUSG00000039354	246	4	0	1	44	16	28	2
ENSMUST00000059980.11	ENSMUSG00000046330	31	0	0	0	0	NA	NA	NA
ENSMUST00000027377.9	ENSMUSG00000026185	745	0	0	0	0	NA	NA	NA
ENSMUST00000113820.9	ENSMUSG00000006304	122	0	0	0	0	NA	NA	NA
ENSMUST00000178235.8	ENSMUSG00000006299	57	0	0	0	0	NA	NA	NA
ENSMUST00000087226.11	ENSMUSG00000026179	16	0	0	0	0	NA	NA	NA
ENSMUST00000016309.16	ENSMUSG00000006301	323	1	1	1	1	1	10	239
ENSMUST00000027367.14	ENSMUSG00000026176	389	3	0	1	35	20	81	186
ENSMUST00000189257.7	ENSMUSG00000033364	373	4	0	1	95	30	15	81
ENSMUST00000087215.7	ENSMUSG00000026174	380	2	0	1	19	11	97	59
ENSMUST00000027315.14	ENSMUSG00000026135	496	2	0	1	27	19	15	146
ENSMUST00000113733.10	ENSMUSG00000026172	178	1	0	1	29	29	44	44
ENSMUST00000113721.8	ENSMUSG00000026171	12	0	0	0	0	NA	NA	NA
ENSMUST00000042125.15	ENSMUSG00000033257	406	5	3	1	64	36	198	12
ENSMUST00000168720.8	ENSMUSG00000033159	600	2	0	1	49	39	264	76
ENSMUST00000097694.11	ENSMUSG00000049339	77	0	0	0	0	NA	NA	NA
ENSMUST00000160439.8	ENSMUSG00000026197	83	0	0	0	0	NA	NA	NA
ENSMUST00000027396.15	ENSMUSG00000026198	274	2	0	1	48	27	89	31
ENSMUST00000189702.7	ENSMUSG00000033124	524	4	1	1	46	19	85	50
ENSMUST00000152233.9	ENSMUSG00000026199	292	0	0	0	0	NA	NA	NA
ENSMUST00000113623.8	ENSMUSG00000026200	251	2	0	1	19	12	5	48
ENSMUST00000027401.11	ENSMUSG00000026201	304	2	1	1	38	22	151	19
ENSMUST00000186213.7	ENSMUSG00000026202	99	0	0	0	0	NA	NA	NA
ENSMUST00000082158.13	ENSMUSG00000026203	419	0	1	1	0	NA	12	NA
ENSMUST00000066668.14	ENSMUSG00000026209	303	0	1	1	0	NA	297	NA
ENSMUST00000037796.14	ENSMUSG00000033021	103	0	0	0	0	NA	NA	NA
ENSMUST00000079205.14	ENSMUSG00000032997	166	0	0	0	0	NA	NA	NA
ENSMUST00000027414.16	ENSMUSG00000026213	139	0	2	1	0	NA	78	NA
ENSMUST00000124341.8	ENSMUSG00000006576	216	0	1	1	0	NA	31	NA
ENSMUST00000027451.13	ENSMUSG00000026235	57	0	0	0	0	NA	NA	NA
ENSMUST00000035779.15	ENSMUSG00000032883	459	1	0	1	96	96	10	158
ENSMUST00000027467.11	ENSMUSG00000026249	208	0	0	0	0	NA	NA	NA
ENSMUST00000163119.8	ENSMUSG00000004364	169	1	0	1	1	1	91	72
ENSMUST00000069799.3	ENSMUSG00000055980	923	4	1	1	120	60	163	192
ENSMUST00000027322.14	ENSMUSG00000026142	276	1	0	1	42	42	44	103
ENSMUST00000162003.8	ENSMUSG00000026150	380	3	0	1	19	7	164	86
ENSMUST00000186302.7	ENSMUSG00000026159	49	0	0	0	0	NA	NA	NA
ENSMUST00000027421.13	ENSMUSG00000026219	125	0	2	1	0	NA	79	NA
ENSMUST00000093508.7	ENSMUSG00000070034	190	0	0	0	0	NA	NA	NA
ENSMUST00000113360.8	ENSMUSG00000036707	424	0	0	0	0	NA	NA	NA
ENSMUST00000027425.16	ENSMUSG00000026223	383	4	2	1	55	20	22	242
ENSMUST00000027432.9	ENSMUSG00000026229	171	0	0	0	0	NA	NA	NA
ENSMUST00000027438.8	ENSMUSG00000026234	177	0	0	0	0	NA	NA	NA
ENSMUST00000045897.15	ENSMUSG00000026238	180	0	0	0	0	NA	NA	NA
ENSMUST00000121534.8	ENSMUSG00000026240	429	2	3	1	30	27	0	82
ENSMUST00000065694.8	ENSMUSG00000053333	125	0	0	0	0	NA	NA	NA
ENSMUST00000113235.8	ENSMUSG00000026254	86	1	0	1	10	10	26	27
ENSMUST00000027472.7	ENSMUSG00000026255	87	0	0	0	0	NA	NA	NA
ENSMUST00000027475.15	ENSMUSG00000048000	197	0	0	0	0	NA	NA	NA
ENSMUST00000027477.15	ENSMUSG00000026259	163	0	0	0	0	NA	NA	NA
ENSMUST00000027512.13	ENSMUSG00000026289	187	0	0	0	0	NA	NA	NA
ENSMUST00000065420.12	ENSMUSG00000044783	88	0	0	0	0	NA	NA	NA
ENSMUST00000187810.2	ENSMUSG00000049866	212	0	0	0	0	NA	NA	NA
ENSMUST00000066279.11	ENSMUSG00000036206	389	4	0	1	48	20	172	26
ENSMUST00000190096.7	ENSMUSG00000055013	556	3	0	1	20	10	173	228
ENSMUST00000036153.12	ENSMUSG00000034432	569	2	1	1	2	1	161	300
ENSMUST00000059743.12	ENSMUSG00000034343	211	1	0	1	22	22	82	60
ENSMUST00000069620.10	ENSMUSG00000055866	170	1	0	1	1	1	18	146
ENSMUST00000047242.9	ENSMUSG00000034292	72	0	0	0	0	NA	NA	NA
ENSMUST00000086843.11	ENSMUSG00000026311	269	0	0	0	0	NA	NA	NA
ENSMUST00000097644.9	ENSMUSG00000026313	301	2	0	1	84	63	74	25
ENSMUST00000045970.8	ENSMUSG00000034220	287	0	0	0	0	NA	NA	NA
ENSMUST00000027487.15	ENSMUSG00000026269	188	1	0	1	4	4	162	11
ENSMUST00000027488.11	ENSMUSG00000026270	498	3	1	1	36	19	51	143
ENSMUST00000190723.7	ENSMUSG00000014602	248	1	0	1	6	6	158	69
ENSMUST00000027492.14	ENSMUSG00000026273	70	0	0	0	0	NA	NA	NA
ENSMUST00000027494.11	ENSMUSG00000026275	806	5	0	1	119	71	5	35
ENSMUST00000170883.8	ENSMUSG00000034088	191	2	0	1	20	13	13	116
ENSMUST00000027498.14	ENSMUSG00000026277	232	1	0	1	7	7	160	48
ENSMUST00000027499.13	ENSMUSG00000026278	224	1	1	1	14	14	106	73
ENSMUST00000027502.16	ENSMUSG00000026280	140	0	1	1	0	NA	24	NA
ENSMUST00000027505.13	ENSMUSG00000026283	38	0	0	0	0	NA	NA	NA
ENSMUST00000059975.8	ENSMUSG00000051185	194	1	1	1	16	16	6	18
ENSMUST00000043336.11	ENSMUSG00000040710	310	0	1	1	0	NA	25	NA
ENSMUST00000112844.10	ENSMUSG00000026333	91	0	0	0	0	NA	NA	NA
ENSMUST00000161567.8	ENSMUSG00000026335	298	3	0	1	39	19	3	66
ENSMUST00000058688.7	ENSMUSG00000047496	575	4	0	1	35	12	266	60
ENSMUST00000070699.15	ENSMUSG00000056536	150	2	0	1	37	27	18	12
ENSMUST00000039173.13	ENSMUSG00000026319	225	0	0	0	0	NA	NA	NA
ENSMUST00000119166.8	ENSMUSG00000038866	101	1	0	1	5	5	77	6
ENSMUST00000061047.7	ENSMUSG00000044340	252	2	0	1	20	14	67	140
ENSMUST00000112751.2	ENSMUSG00000057329	1394	11	0	1	181	34	483	93
ENSMUST00000010049.6	ENSMUSG00000009905	76	1	0	1	1	1	46	24
ENSMUST00000112736.8	ENSMUSG00000009907	220	0	0	0	0	NA	NA	NA
ENSMUST00000000514.11	ENSMUSG00000026315	292	1	0	1	2	2	7	276
ENSMUST00000035462.7	ENSMUSG00000038702	1661	21	2	1	312	37	608	77
ENSMUST00000027623.9	ENSMUSG00000026374	350	1	0	1	86	86	66	23
ENSMUST00000027626.13	ENSMUSG00000026377	54	0	0	0	0	NA	NA	NA
ENSMUST00000190571.7	ENSMUSG00000064302	748	6	0	1	117	37	156	41
ENSMUST00000062483.15	ENSMUSG00000048402	349	3	1	1	51	32	1	1
ENSMUST00000004565.15	ENSMUSG00000004451	267	1	0	1	19	19	102	105
ENSMUST00000183952.2	ENSMUSG00000098923	351	2	0	1	12	9	124	19
ENSMUST00000191046.7	ENSMUSG00000026383	218	1	0	1	3	3	14	192
ENSMUST00000064091.12	ENSMUSG00000026384	729	3	0	1	73	37	98	151
ENSMUST00000056089.8	ENSMUSG00000050777	342	0	0	0	0	NA	NA	NA
ENSMUST00000027634.13	ENSMUSG00000026385	125	0	0	0	0	NA	NA	NA
ENSMUST00000112641.8	ENSMUSG00000026389	430	5	0	1	59	48	122	56
ENSMUST00000003818.14	ENSMUSG00000003721	466	3	1	1	27	18	11	90
ENSMUST00000036025.16	ENSMUSG00000026339	167	1	0	1	33	33	26	39
ENSMUST00000027579.17	ENSMUSG00000026341	207	0	1	1	0	NA	128	NA
ENSMUST00000027580.11	ENSMUSG00000026342	229	1	0	1	8	8	163	39
ENSMUST00000038361.11	ENSMUSG00000036155	602	4	0	1	35	14	380	6
ENSMUST00000112570.2	ENSMUSG00000026349	64	0	0	0	0	NA	NA	NA
ENSMUST00000086614.12	ENSMUSG00000036086	217	3	0	1	31	21	41	41
ENSMUST00000036288.11	ENSMUSG00000056211	409	3	0	1	101	50	50	22
ENSMUST00000027592.6	ENSMUSG00000026353	309	0	0	0	0	NA	NA	NA
ENSMUST00000027601.11	ENSMUSG00000026355	99	0	0	0	0	NA	NA	NA
ENSMUST00000027602.15	ENSMUSG00000026356	142	0	0	0	0	NA	NA	NA
ENSMUST00000052172.7	ENSMUSG00000045382	81	0	0	0	0	NA	NA	NA
ENSMUST00000027650.13	ENSMUSG00000026399	75	0	0	0	0	NA	NA	NA
ENSMUST00000066863.13	ENSMUSG00000026409	34	0	0	0	0	NA	NA	NA
ENSMUST00000049813.6	ENSMUSG00000046404	157	0	0	0	0	NA	NA	NA
ENSMUST00000016672.11	ENSMUSG00000016528	301	0	0	0	0	NA	NA	NA
ENSMUST00000016670.9	ENSMUSG00000016526	184	0	0	0	0	NA	NA	NA
ENSMUST00000068805.14	ENSMUSG00000026427	189	1	0	1	17	17	83	52
ENSMUST00000027688.15	ENSMUSG00000026430	128	0	0	0	0	NA	NA	NA
ENSMUST00000062108.10	ENSMUSG00000042349	389	2	0	1	66	43	50	46
ENSMUST00000097588.9	ENSMUSG00000026425	704	4	0	1	40	15	345	166
ENSMUST00000086559.7	ENSMUSG00000013275	1028	4	0	1	241	144	5	74
ENSMUST00000112386.8	ENSMUSG00000026433	428	2	0	1	76	60	151	51
ENSMUST00000062264.8	ENSMUSG00000026434	178	0	0	0	0	NA	NA	NA
ENSMUST00000177943.8	ENSMUSG00000026435	309	5	0	1	57	29	101	33
ENSMUST00000086556.12	ENSMUSG00000026436	343	1	0	1	31	31	163	84
ENSMUST00000027697.12	ENSMUSG00000026437	300	0	0	0	0	NA	NA	NA
ENSMUST00000072177.14	ENSMUSG00000009772	104	0	0	0	0	NA	NA	NA
ENSMUST00000045110.14	ENSMUSG00000042046	51	0	0	0	0	NA	NA	NA
ENSMUST00000190997.7	ENSMUSG00000026439	142	0	0	0	0	NA	NA	NA
ENSMUST00000067398.13	ENSMUSG00000054387	139	2	0	1	9	5	29	31
ENSMUST00000077730.7	ENSMUSG00000026447	500	2	0	1	30	18	104	36
ENSMUST00000052529.4	ENSMUSG00000046062	604	3	0	1	61	51	102	74
ENSMUST00000187285.7	ENSMUSG00000041757	374	4	0	1	82	35	21	56
ENSMUST00000135222.9	ENSMUSG00000070644	192	2	0	1	42	21	80	39
ENSMUST00000153799.8	ENSMUSG00000070643	503	1	0	1	1	1	407	90
ENSMUST00000143567.8	ENSMUSG00000026463	873	5	0	1	157	64	55	180
ENSMUST00000020692.7	ENSMUSG00000020423	67	0	0	0	0	NA	NA	NA
ENSMUST00000049470.11	ENSMUSG00000042305	109	0	1	1	0	NA	47	NA
ENSMUST00000027726.14	ENSMUSG00000026456	258	0	0	0	0	NA	NA	NA
ENSMUST00000027727.15	ENSMUSG00000026457	302	2	0	1	9	8	14	136
ENSMUST00000027725.11	ENSMUSG00000026455	141	0	0	0	0	NA	NA	NA
ENSMUST00000047978.9	ENSMUSG00000042229	36	0	1	1	0	NA	17	NA
ENSMUST00000047714.14	ENSMUSG00000042207	168	0	0	0	0	NA	NA	NA
ENSMUST00000027687.8	ENSMUSG00000026429	285	0	0	0	0	NA	NA	NA
ENSMUST00000027684.11	ENSMUSG00000026426	154	0	0	0	0	NA	NA	NA
ENSMUST00000081104.10	ENSMUSG00000062580	59	0	0	0	0	NA	NA	NA
ENSMUST00000041240.4	ENSMUSG00000041889	276	0	0	0	0	NA	NA	NA
ENSMUST00000041023.14	ENSMUSG00000041879	69	0	0	0	0	NA	NA	NA
ENSMUST00000097561.9	ENSMUSG00000026421	134	2	0	1	55	33	12	20
ENSMUST00000038945.6	ENSMUSG00000041801	330	1	0	1	1	1	12	312
ENSMUST00000165125.8	ENSMUSG00000026411	302	5	0	1	74	32	22	28
ENSMUST00000075164.11	ENSMUSG00000041642	333	3	0	1	81	35	120	30
ENSMUST00000048309.12	ENSMUSG00000041570	667	3	0	1	44	35	323	39
ENSMUST00000189413.7	ENSMUSG00000041498	23	0	0	0	0	NA	NA	NA
ENSMUST00000047734.15	ENSMUSG00000041483	165	0	0	0	0	NA	NA	NA
ENSMUST00000186017.7	ENSMUSG00000026393	224	1	1	1	4	4	4	152
ENSMUST00000168527.8	ENSMUSG00000056268	160	1	0	1	1	1	152	2
ENSMUST00000039867.10	ENSMUSG00000033964	159	1	1	1	16	16	45	63
ENSMUST00000018337.9	ENSMUSG00000026361	269	0	0	0	0	NA	NA	NA
ENSMUST00000145969.8	ENSMUSG00000018196	415	6	0	1	73	21	19	47
ENSMUST00000159879.2	ENSMUSG00000018199	169	1	0	1	38	38	1	51
ENSMUST00000189936.7	ENSMUSG00000018189	129	0	0	0	0	NA	NA	NA
ENSMUST00000127206.8	ENSMUSG00000026360	43	0	0	0	0	NA	NA	NA
ENSMUST00000070200.15	ENSMUSG00000056220	166	0	0	0	0	NA	NA	NA
ENSMUST00000035065.9	ENSMUSG00000032487	193	0	0	0	0	NA	NA	NA
ENSMUST00000111913.9	ENSMUSG00000006010	413	5	0	1	121	48	82	42
ENSMUST00000124973.9	ENSMUSG00000006005	106	0	0	0	0	NA	NA	NA
ENSMUST00000023918.13	ENSMUSG00000023150	525	6	0	1	112	37	246	100
ENSMUST00000064771.12	ENSMUSG00000052748	204	0	1	1	0	NA	167	NA
ENSMUST00000187048.7	ENSMUSG00000026484	279	3	0	1	9	5	112	122
ENSMUST00000148810.8	ENSMUSG00000026483	157	0	0	0	0	NA	NA	NA
ENSMUST00000059498.12	ENSMUSG00000043019	193	1	0	1	7	7	140	29
ENSMUST00000015124.15	ENSMUSG00000014980	98	0	0	0	0	NA	NA	NA
ENSMUST00000027760.14	ENSMUSG00000026482	207	0	1	1	0	NA	173	NA
ENSMUST00000077755.11	ENSMUSG00000008475	183	1	0	1	11	11	9	138
ENSMUST00000186568.7	ENSMUSG00000026480	1095	16	0	1	288	73	55	76
ENSMUST00000073441.13	ENSMUSG00000042772	85	0	0	0	0	NA	NA	NA
ENSMUST00000043313.15	ENSMUSG00000042751	111	0	0	0	0	NA	NA	NA
ENSMUST00000185356.7	ENSMUSG00000026479	60	0	0	0	0	NA	NA	NA
ENSMUST00000027752.15	ENSMUSG00000026478	247	0	0	0	0	NA	NA	NA
ENSMUST00000041874.9	ENSMUSG00000042684	414	1	0	1	10	10	52	329
ENSMUST00000027748.8	ENSMUSG00000026475	120	0	0	0	0	NA	NA	NA
ENSMUST00000086209.10	ENSMUSG00000066800	619	7	0	1	139	34	180	5
ENSMUST00000381746.1	ENSMUSG00000026473	297	1	1	1	7	7	12	261
ENSMUST00000055322.6	ENSMUSG00000056708	206	0	0	0	0	NA	NA	NA
ENSMUST00000027744.10	ENSMUSG00000026471	97	0	0	0	0	NA	NA	NA
ENSMUST00000027743.13	ENSMUSG00000026470	178	0	0	0	0	NA	NA	NA
ENSMUST00000027741.12	ENSMUSG00000026469	95	0	1	1	0	NA	10	NA
ENSMUST00000111764.8	ENSMUSG00000033684	52	0	0	0	0	NA	NA	NA
ENSMUST00000097527.10	ENSMUSG00000026466	192	1	0	1	25	25	13	101
ENSMUST00000111757.10	ENSMUSG00000050565	1206	4	0	1	53	24	4	4
ENSMUST00000189661.7	ENSMUSG00000026600	214	0	0	0	0	NA	NA	NA
ENSMUST00000079625.11	ENSMUSG00000060519	51	0	1	1	0	NA	1	NA
ENSMUST00000122424.8	ENSMUSG00000033557	423	5	0	1	84	55	45	45
ENSMUST00000185198.7	ENSMUSG00000026594	221	4	1	1	55	38	55	49
ENSMUST00000078308.13	ENSMUSG00000070565	657	1	0	1	36	36	8	538
ENSMUST00000014370.11	ENSMUSG00000014226	208	0	0	0	0	NA	NA	NA
ENSMUST00000028049.13	ENSMUSG00000026721	253	0	1	1	0	NA	224	NA
ENSMUST00000161609.8	ENSMUSG00000040423	432	3	0	1	81	58	79	126
ENSMUST00000035430.4	ENSMUSG00000026709	542	5	0	1	114	55	30	101
ENSMUST00000111618.8	ENSMUSG00000026708	679	5	1	1	110	52	76	17
ENSMUST00000111611.8	ENSMUSG00000026705	205	0	1	1	0	NA	183	NA
ENSMUST00000071718.12	ENSMUSG00000026701	103	0	0	0	0	NA	NA	NA
ENSMUST00000048377.11	ENSMUSG00000040297	310	1	1	1	31	31	9	205
ENSMUST00000111594.3	ENSMUSG00000026698	305	4	1	1	25	10	31	31
ENSMUST00000086074.12	ENSMUSG00000040265	211	0	0	0	0	NA	NA	NA
ENSMUST00000135241.8	ENSMUSG00000026696	244	0	1	1	0	NA	38	NA
ENSMUST00000182660.8	ENSMUSG00000040225	286	0	1	1	0	NA	270	NA
ENSMUST00000027878.14	ENSMUSG00000026586	1075	3	0	1	19	7	16	834
ENSMUST00000045138.6	ENSMUSG00000040124	86	0	1	1	0	NA	12	NA
ENSMUST00000027877.7	ENSMUSG00000026585	288	1	0	1	35	35	8	172
ENSMUST00000027876.11	ENSMUSG00000026584	472	3	0	1	23	10	29	376
ENSMUST00000045876.8	ENSMUSG00000041406	76	0	0	0	0	NA	NA	NA
ENSMUST00000044021.12	ENSMUSG00000040918	207	0	0	0	0	NA	NA	NA
ENSMUST00000120447.8	ENSMUSG00000026577	381	1	0	1	9	9	181	170
ENSMUST00000027863.13	ENSMUSG00000026576	498	0	0	0	0	NA	NA	NA
ENSMUST00000043338.10	ENSMUSG00000040848	136	1	0	1	43	43	3	1
ENSMUST00000043235.8	ENSMUSG00000040843	110	0	1	1	0	NA	9	NA
ENSMUST00000111450.3	ENSMUSG00000040836	231	3	0	1	15	10	86	2
ENSMUST00000027856.13	ENSMUSG00000026571	238	3	0	1	36	23	2	79
ENSMUST00000111435.9	ENSMUSG00000026566	136	0	0	0	0	NA	NA	NA
ENSMUST00000097474.9	ENSMUSG00000040723	190	0	0	0	0	NA	NA	NA
ENSMUST00000111432.10	ENSMUSG00000040713	39	0	0	0	0	NA	NA	NA
ENSMUST00000027846.8	ENSMUSG00000026563	306	0	1	1	0	NA	49	NA
ENSMUST00000135673.9	ENSMUSG00000040596	78	1	1	1	3	3	9	57
ENSMUST00000053686.9	ENSMUSG00000026558	446	1	0	1	1	1	230	210
ENSMUST00000028004.11	ENSMUSG00000026687	245	1	0	1	23	23	133	40
ENSMUST00000028005.3	ENSMUSG00000026688	98	0	0	0	0	NA	NA	NA
ENSMUST00000176540.8	ENSMUSG00000052534	393	0	0	0	0	NA	NA	NA
ENSMUST00000027997.9	ENSMUSG00000026678	77	0	0	0	0	NA	NA	NA
ENSMUST00000027989.13	ENSMUSG00000026675	109	0	0	0	0	NA	NA	NA
ENSMUST00000194690.6	ENSMUSG00000026674	477	3	0	1	52	31	124	28
ENSMUST00000111351.10	ENSMUSG00000026670	240	0	1	1	0	NA	119	NA
ENSMUST00000027979.14	ENSMUSG00000026667	157	2	0	1	4	3	10	66
ENSMUST00000160456.8	ENSMUSG00000038473	497	0	0	0	0	NA	NA	NA
ENSMUST00000046792.9	ENSMUSG00000038463	390	1	0	1	18	18	204	129
ENSMUST00000027974.7	ENSMUSG00000026663	70	0	0	0	0	NA	NA	NA
ENSMUST00000111336.10	ENSMUSG00000058076	25	0	0	0	0	NA	NA	NA
ENSMUST00000005817.9	ENSMUSG00000005674	275	9	0	1	132	38	13	1
ENSMUST00000064272.10	ENSMUSG00000052423	294	3	0	1	41	21	27	42
ENSMUST00000080001.9	ENSMUSG00000062963	175	3	0	1	42	27	8	43
ENSMUST00000111300.8	ENSMUSG00000013973	479	9	0	1	508	108	58	9
ENSMUST00000111295.8	ENSMUSG00000013997	76	0	1	1	0	NA	56	NA
ENSMUST00000027837.13	ENSMUSG00000026556	490	1	0	1	3	3	53	425
ENSMUST00000135192.8	ENSMUSG00000026553	381	1	0	1	62	62	13	179
ENSMUST00000075895.9	ENSMUSG00000003464	24	0	0	0	0	NA	NA	NA
ENSMUST00000191689.6	ENSMUSG00000026554	143	0	0	0	0	NA	NA	NA
ENSMUST00000013842.12	ENSMUSG00000013698	210	0	0	0	0	NA	NA	NA
ENSMUST00000085912.10	ENSMUSG00000038034	73	0	0	0	0	NA	NA	NA
ENSMUST00000052455.4	ENSMUSG00000050229	153	1	0	1	13	13	48	63
ENSMUST00000111230.8	ENSMUSG00000026547	314	0	1	1	0	NA	9	NA
ENSMUST00000027826.7	ENSMUSG00000026544	80	0	0	0	0	NA	NA	NA
ENSMUST00000111214.4	ENSMUSG00000073489	129	0	0	0	0	NA	NA	NA
ENSMUST00000104984.4	ENSMUSG00000078185	788	11	1	1	328	156	1	148
ENSMUST00000039725.12	ENSMUSG00000039748	358	3	2	1	96	54	59	9
ENSMUST00000194727.6	ENSMUSG00000057335	NA	NA	NA	NA	NA	NA	NA	NA
ENSMUST00000027785.15	ENSMUSG00000026504	329	1	0	1	5	5	160	151
ENSMUST00000111160.9	ENSMUSG00000019699	46	0	0	0	0	NA	NA	NA
ENSMUST00000094276.5	ENSMUSG00000063659	515	7	0	1	83	25	10	47
ENSMUST00000016105.9	ENSMUSG00000015961	117	0	1	1	0	NA	31	NA
ENSMUST00000027783.14	ENSMUSG00000026502	384	1	0	1	13	13	238	104
ENSMUST00000027781.7	ENSMUSG00000026500	40	0	1	1	0	NA	21	NA
ENSMUST00000037748.9	ENSMUSG00000039630	226	0	0	0	0	NA	NA	NA
ENSMUST00000128302.8	ENSMUSG00000055067	83	0	0	0	0	NA	NA	NA
ENSMUST00000040706.9	ENSMUSG00000038949	299	5	2	1	105	73	0	24
ENSMUST00000027768.14	ENSMUSG00000026491	335	2	0	1	42	40	64	64
ENSMUST00000212756.2	ENSMUSG00000026490	NA	NA	NA	NA	NA	NA	NA	NA
ENSMUST00000170472.8	ENSMUSG00000026489	59	0	0	0	0	NA	NA	NA
ENSMUST00000111106.8	ENSMUSG00000010609	104	1	0	1	5	5	84	2
ENSMUST00000070181.7	ENSMUSG00000038855	494	2	1	1	25	16	255	76
ENSMUST00000027777.12	ENSMUSG00000026496	105	0	0	0	0	NA	NA	NA
ENSMUST00000192561.6	ENSMUSG00000058729	217	0	1	1	0	NA	169	NA
ENSMUST00000027780.6	ENSMUSG00000026499	59	0	0	0	0	NA	NA	NA
ENSMUST00000036928.12	ENSMUSG00000038776	148	0	0	0	0	NA	NA	NA
ENSMUST00000027797.9	ENSMUSG00000026516	97	0	0	0	0	NA	NA	NA
ENSMUST00000134115.8	ENSMUSG00000062169	62	0	1	1	0	NA	1	NA
ENSMUST00000162819.9	ENSMUSG00000038733	541	0	0	0	0	NA	NA	NA
ENSMUST00000005003.12	ENSMUSG00000004880	106	0	0	0	0	NA	NA	NA
ENSMUST00000078719.13	ENSMUSG00000022995	127	0	0	0	0	NA	NA	NA
ENSMUST00000035295.6	ENSMUSG00000038633	101	0	0	0	0	NA	NA	NA
ENSMUST00000117245.2	ENSMUSG00000026510	252	0	0	0	0	NA	NA	NA
ENSMUST00000068505.10	ENSMUSG00000026509	170	0	0	0	0	NA	NA	NA
ENSMUST00000109166.8	ENSMUSG00000042901	470	6	0	1	97	58	161	52
ENSMUST00000048655.8	ENSMUSG00000039384	227	4	0	1	47	26	104	22
ENSMUST00000048572.7	ENSMUSG00000039377	478	0	0	0	0	NA	NA	NA
ENSMUST00000048308.6	ENSMUSG00000039349	227	1	1	1	32	32	29	31
ENSMUST00000027929.10	ENSMUSG00000026620	98	0	0	0	0	NA	NA	NA
ENSMUST00000069652.8	ENSMUSG00000039318	125	0	0	0	0	NA	NA	NA
ENSMUST00000027921.11	ENSMUSG00000026618	109	0	0	0	0	NA	NA	NA
ENSMUST00000027916.13	ENSMUSG00000026617	122	0	0	0	0	NA	NA	NA
ENSMUST00000045288.14	ENSMUSG00000039239	1215	1	0	1	7	7	117	1074
ENSMUST00000001339.6	ENSMUSG00000001305	50	0	0	0	0	NA	NA	NA
ENSMUST00000065573.14	ENSMUSG00000039210	113	1	0	1	20	20	20	30
ENSMUST00000085678.8	ENSMUSG00000026608	228	2	0	1	18	12	2	187
ENSMUST00000171929.8	ENSMUSG00000026605	143	1	0	1	2	2	122	12
ENSMUST00000175916.8	ENSMUSG00000010175	514	1	0	1	3	3	492	10
ENSMUST00000061611.15	ENSMUSG00000089872	110	0	1	1	0	NA	73	NA
ENSMUST00000066632.14	ENSMUSG00000026634	208	4	0	1	56	29	13	69
ENSMUST00000085635.6	ENSMUSG00000066595	65	0	0	0	0	NA	NA	NA
ENSMUST00000110893.10	ENSMUSG00000026632	75	0	0	0	0	NA	NA	NA
ENSMUST00000027941.14	ENSMUSG00000026628	252	1	0	1	25	25	69	105
ENSMUST00000027940.6	ENSMUSG00000026627	129	0	0	0	0	NA	NA	NA
ENSMUST00000067976.9	ENSMUSG00000026626	625	3	0	1	27	19	154	147
ENSMUST00000027933.11	ENSMUSG00000037474	144	0	0	0	0	NA	NA	NA
ENSMUST00000045450.7	ENSMUSG00000037461	222	2	0	1	30	25	98	46
ENSMUST00000110855.8	ENSMUSG00000026623	399	2	0	1	25	24	322	2
ENSMUST00000027931.8	ENSMUSG00000026622	202	1	1	1	17	17	18	130
ENSMUST00000044954.7	ENSMUSG00000037434	240	1	0	1	26	26	88	71
ENSMUST00000192866.6	ENSMUSG00000037395	164	1	0	1	5	5	61	85
ENSMUST00000155579.8	ENSMUSG00000016262	331	1	0	1	20	20	116	152
ENSMUST00000085555.7	ENSMUSG00000016181	122	0	0	0	0	NA	NA	NA
ENSMUST00000160822.3	ENSMUSG00000079144	302	4	1	1	80	32	7	12
ENSMUST00000009777.4	ENSMUSG00000009633	257	0	0	0	0	NA	NA	NA
ENSMUST00000027952.12	ENSMUSG00000026640	647	5	0	1	101	66	143	64
ENSMUST00000115099.9	ENSMUSG00000050530	174	1	0	1	10	10	95	46
ENSMUST00000102989.10	ENSMUSG00000026643	40	0	0	0	0	NA	NA	NA
ENSMUST00000062672.7	ENSMUSG00000049950	127	0	0	0	0	NA	NA	NA
ENSMUST00000027956.9	ENSMUSG00000026646	85	0	1	1	0	NA	69	NA
ENSMUST00000115055.9	ENSMUSG00000026655	119	1	1	1	17	17	22	43
ENSMUST00000091497.11	ENSMUSG00000026657	206	3	1	1	30	18	117	13
ENSMUST00000035721.14	ENSMUSG00000039449	105	0	0	0	0	NA	NA	NA
ENSMUST00000027973.14	ENSMUSG00000026662	378	0	0	0	0	NA	NA	NA
ENSMUST00000027975.8	ENSMUSG00000026664	51	0	0	0	0	NA	NA	NA
ENSMUST00000027988.8	ENSMUSG00000026676	158	1	0	1	4	4	128	15
ENSMUST00000044009.14	ENSMUSG00000039145	278	0	0	0	0	NA	NA	NA
ENSMUST00000026927.10	ENSMUSG00000025817	410	3	0	1	102	50	41	94
ENSMUST00000102981.10	ENSMUSG00000025816	169	2	0	1	69	42	24	9
ENSMUST00000060092.13	ENSMUSG00000043241	103	0	1	1	0	NA	65	NA
ENSMUST00000114937.8	ENSMUSG00000039046	376	1	1	1	7	7	189	163
ENSMUST00000114924.10	ENSMUSG00000002107	38	0	0	0	0	NA	NA	NA
ENSMUST00000102976.4	ENSMUSG00000015619	591	1	0	1	4	4	53	523
ENSMUST00000026888.11	ENSMUSG00000025782	196	2	0	1	20	14	11	63
ENSMUST00000114897.9	ENSMUSG00000025781	107	0	0	0	0	NA	NA	NA
ENSMUST00000116594.9	ENSMUSG00000061186	321	3	0	1	23	18	7	25
ENSMUST00000191668.6	ENSMUSG00000026773	401	0	0	0	0	NA	NA	NA
ENSMUST00000114831.9	ENSMUSG00000023206	37	0	0	0	0	NA	NA	NA
ENSMUST00000071564.14	ENSMUSG00000058594	150	0	1	1	0	NA	92	NA
ENSMUST00000028105.13	ENSMUSG00000026767	218	0	1	1	0	NA	162	NA
ENSMUST00000134794.8	ENSMUSG00000026730	133	1	0	1	9	9	57	46
ENSMUST00000028059.9	ENSMUSG00000026727	219	0	0	0	0	NA	NA	NA
ENSMUST00000028062.8	ENSMUSG00000026728	480	2	0	1	23	14	68	159
ENSMUST00000028050.14	ENSMUSG00000026718	108	0	0	0	0	NA	NA	NA
ENSMUST00000028034.15	ENSMUSG00000026707	284	1	0	1	5	5	16	250
ENSMUST00000239125.2	ENSMUSG00000017418	203	0	0	0	0	NA	NA	NA
ENSMUST00000028081.13	ENSMUSG00000026748	822	0	0	0	0	NA	NA	NA
ENSMUST00000028080.12	ENSMUSG00000053702	182	0	1	1	0	NA	111	NA
ENSMUST00000028076.15	ENSMUSG00000026743	135	1	1	1	9	9	33	72
ENSMUST00000091418.12	ENSMUSG00000026740	311	0	0	0	0	NA	NA	NA
ENSMUST00000006912.12	ENSMUSG00000026737	131	1	0	1	9	9	44	57
ENSMUST00000045555.11	ENSMUSG00000036617	558	4	0	1	108	81	39	126
ENSMUST00000173194.8	ENSMUSG00000036591	310	2	1	1	24	13	134	1
ENSMUST00000054591.10	ENSMUSG00000048550	326	2	0	1	22	17	188	62
ENSMUST00000123948.8	ENSMUSG00000058835	57	0	2	1	0	NA	25	NA
ENSMUST00000114526.9	ENSMUSG00000026781	202	1	0	1	29	29	110	2
ENSMUST00000028119.7	ENSMUSG00000026779	163	1	0	1	26	26	38	44
ENSMUST00000028117.4	ENSMUSG00000026775	330	2	0	1	27	24	134	121
ENSMUST00000132484.7	ENSMUSG00000026771	320	1	2	1	14	14	17	258
ENSMUST00000147147.8	ENSMUSG00000036893	40	0	0	0	0	NA	NA	NA
ENSMUST00000028350.9	ENSMUSG00000026974	205	0	0	0	0	NA	NA	NA
ENSMUST00000100334.11	ENSMUSG00000006476	246	1	1	1	36	36	106	29
ENSMUST00000104999.4	ENSMUSG00000078202	353	1	1	1	54	54	151	37
ENSMUST00000114349.9	ENSMUSG00000006471	58	0	0	0	0	NA	NA	NA
ENSMUST00000114336.4	ENSMUSG00000048707	70	0	0	0	0	NA	NA	NA
ENSMUST00000028342.7	ENSMUSG00000026966	67	0	0	0	0	NA	NA	NA
ENSMUST00000102919.4	ENSMUSG00000026944	67	0	0	0	0	NA	NA	NA
ENSMUST00000015239.10	ENSMUSG00000015095	160	0	2	1	0	NA	29	NA
ENSMUST00000015236.4	ENSMUSG00000015092	105	0	0	0	0	NA	NA	NA
ENSMUST00000058137.9	ENSMUSG00000015087	279	3	0	1	45	23	16	38
ENSMUST00000114167.9	ENSMUSG00000026933	344	1	0	1	10	10	226	85
ENSMUST00000036509.14	ENSMUSG00000036352	213	0	0	0	0	NA	NA	NA
ENSMUST00000114159.9	ENSMUSG00000026932	487	3	0	1	31	13	173	30
ENSMUST00000066936.9	ENSMUSG00000026930	138	0	0	0	0	NA	NA	NA
ENSMUST00000028295.9	ENSMUSG00000075467	98	1	0	1	14	14	38	15
ENSMUST00000077983.13	ENSMUSG00000026927	79	2	0	1	23	17	16	9
ENSMUST00000114082.9	ENSMUSG00000026924	209	2	0	1	68	41	24	59
ENSMUST00000028288.5	ENSMUSG00000026923	264	0	0	0	0	NA	NA	NA
ENSMUST00000015920.12	ENSMUSG00000015776	154	0	0	0	0	NA	NA	NA
ENSMUST00000015017.8	ENSMUSG00000014873	59	0	1	1	0	NA	43	NA
ENSMUST00000015011.10	ENSMUSG00000014867	606	2	0	1	32	24	23	492
ENSMUST00000114006.8	ENSMUSG00000015488	62	0	0	0	0	NA	NA	NA
ENSMUST00000045702.6	ENSMUSG00000036067	93	1	0	1	2	2	41	43
ENSMUST00000028282.15	ENSMUSG00000026918	352	3	0	1	61	28	240	15
ENSMUST00000113952.10	ENSMUSG00000026917	207	0	0	0	0	NA	NA	NA
ENSMUST00000077257.12	ENSMUSG00000015846	232	1	0	1	2	2	215	8
ENSMUST00000028280.14	ENSMUSG00000026837	391	1	0	1	3	3	281	98
ENSMUST00000028177.11	ENSMUSG00000026833	291	1	0	1	34	34	122	64
ENSMUST00000113869.8	ENSMUSG00000026812	222	4	0	1	69	31	16	8
ENSMUST00000037117.6	ENSMUSG00000035666	59	0	0	0	0	NA	NA	NA
ENSMUST00000113853.3	ENSMUSG00000026806	393	0	0	0	0	NA	NA	NA
ENSMUST00000061578.9	ENSMUSG00000043535	683	5	0	1	79	42	62	26
ENSMUST00000028139.11	ENSMUSG00000026799	26	0	0	0	0	NA	NA	NA
ENSMUST00000095087.11	ENSMUSG00000039844	283	1	0	1	5	5	190	75
ENSMUST00000028137.10	ENSMUSG00000026798	26	0	0	0	0	NA	NA	NA
ENSMUST00000080065.3	ENSMUSG00000059316	333	0	1	1	0	NA	248	NA
ENSMUST00000047521.7	ENSMUSG00000039787	44	0	0	0	0	NA	NA	NA
ENSMUST00000019859.9	ENSMUSG00000019715	74	0	1	1	0	NA	69	NA
ENSMUST00000100225.9	ENSMUSG00000057738	109	0	0	0	0	NA	NA	NA
ENSMUST00000067996.7	ENSMUSG00000054766	365	0	0	0	0	NA	NA	NA
ENSMUST00000113677.3	ENSMUSG00000039686	385	1	0	1	3	3	322	51
ENSMUST00000044556.12	ENSMUSG00000039678	144	0	0	0	0	NA	NA	NA
ENSMUST00000100219.5	ENSMUSG00000075419	303	2	0	1	41	24	3	225
ENSMUST00000064447.12	ENSMUSG00000052533	42	0	1	1	0	NA	11	NA
ENSMUST00000077977.14	ENSMUSG00000026858	213	2	1	1	40	30	61	59
ENSMUST00000028209.15	ENSMUSG00000026856	183	1	0	1	41	41	56	1
ENSMUST00000102855.8	ENSMUSG00000026853	236	0	0	0	0	NA	NA	NA
ENSMUST00000042055.10	ENSMUSG00000039515	263	4	0	1	93	33	2	108
ENSMUST00000065134.4	ENSMUSG00000089762	208	0	1	1	0	NA	53	NA
ENSMUST00000102852.6	ENSMUSG00000050737	79	0	0	0	0	NA	NA	NA
ENSMUST00000028199.12	ENSMUSG00000026848	66	0	0	0	0	NA	NA	NA
ENSMUST00000028200.9	ENSMUSG00000026849	79	0	0	0	0	NA	NA	NA
ENSMUST00000028205.10	ENSMUSG00000026851	81	0	0	0	0	NA	NA	NA
ENSMUST00000102849.11	ENSMUSG00000026854	235	1	0	1	11	11	179	20
ENSMUST00000113560.8	ENSMUSG00000075415	206	0	0	0	0	NA	NA	NA
ENSMUST00000056433.7	ENSMUSG00000000194	43	0	1	1	0	NA	29	NA
ENSMUST00000000199.8	ENSMUSG00000062661	356	1	0	1	6	6	23	312
ENSMUST00000113482.8	ENSMUSG00000026843	219	0	0	0	0	NA	NA	NA
ENSMUST00000001920.13	ENSMUSG00000001864	212	0	1	1	0	NA	30	NA
ENSMUST00000065398.13	ENSMUSG00000001855	128	0	0	0	0	NA	NA	NA
ENSMUST00000002625.15	ENSMUSG00000002550	125	1	4	1	24	24	38	4
ENSMUST00000239474.2	ENSMUSG00000002546	60	0	0	0	0	NA	NA	NA
ENSMUST00000201433.4	ENSMUSG00000026825	25	0	0	0	0	NA	NA	NA
ENSMUST00000113334.8	ENSMUSG00000039205	206	0	1	1	0	NA	180	NA
ENSMUST00000113307.9	ENSMUSG00000026819	53	0	0	0	0	NA	NA	NA
ENSMUST00000048431.3	ENSMUSG00000039164	1982	18	0	1	310	60	73	164
ENSMUST00000048375.6	ENSMUSG00000039157	728	1	1	1	33	33	408	218
ENSMUST00000028151.7	ENSMUSG00000026810	52	0	1	1	0	NA	18	NA
ENSMUST00000102818.11	ENSMUSG00000079442	222	1	0	1	43	43	77	13
ENSMUST00000009705.14	ENSMUSG00000026814	363	1	0	1	2	2	30	324
ENSMUST00000028148.11	ENSMUSG00000009566	59	0	0	0	0	NA	NA	NA
ENSMUST00000009699.16	ENSMUSG00000009555	128	0	0	0	0	NA	NA	NA
ENSMUST00000009707.14	ENSMUSG00000009563	66	0	0	0	0	NA	NA	NA
ENSMUST00000077458.7	ENSMUSG00000026797	111	0	0	0	0	NA	NA	NA
ENSMUST00000028135.15	ENSMUSG00000026796	236	1	0	1	7	7	174	38
ENSMUST00000126610.2	ENSMUSG00000038900	244	0	0	0	0	NA	NA	NA
ENSMUST00000028129.13	ENSMUSG00000026791	69	0	0	0	0	NA	NA	NA
ENSMUST00000091039.5	ENSMUSG00000038831	273	1	1	1	13	13	149	82
ENSMUST00000091037.3	ENSMUSG00000068966	90	1	1	1	5	5	62	10
ENSMUST00000028125.12	ENSMUSG00000026788	184	2	1	1	6	4	111	58
ENSMUST00000041555.10	ENSMUSG00000038740	552	0	0	0	0	NA	NA	NA
ENSMUST00000040638.15	ENSMUSG00000038718	124	0	0	0	0	NA	NA	NA
ENSMUST00000147337.8	ENSMUSG00000038696	141	1	0	1	5	5	94	29
ENSMUST00000113099.10	ENSMUSG00000026867	329	1	0	1	4	4	284	30
ENSMUST00000028222.13	ENSMUSG00000026864	270	1	0	1	9	9	17	223
ENSMUST00000028220.10	ENSMUSG00000035949	132	1	0	1	35	35	8	16
ENSMUST00000028237.15	ENSMUSG00000057110	169	1	1	1	8	8	46	96
ENSMUST00000028238.15	ENSMUSG00000026878	368	0	0	0	0	NA	NA	NA
ENSMUST00000201185.4	ENSMUSG00000026879	187	0	0	0	0	NA	NA	NA
ENSMUST00000091010.12	ENSMUSG00000026883	123	1	0	1	4	4	71	37
ENSMUST00000028251.10	ENSMUSG00000026889	308	2	0	1	13	11	130	39
ENSMUST00000028250.9	ENSMUSG00000026887	339	3	1	1	75	48	39	124
ENSMUST00000062069.6	ENSMUSG00000047250	137	0	1	1	0	NA	42	NA
ENSMUST00000009174.15	ENSMUSG00000009030	195	0	0	0	0	NA	NA	NA
ENSMUST00000100143.10	ENSMUSG00000075376	75	1	0	1	3	3	35	28
ENSMUST00000053098.6	ENSMUSG00000066798	120	0	0	0	0	NA	NA	NA
ENSMUST00000067043.5	ENSMUSG00000050714	445	6	0	1	98	31	37	78
ENSMUST00000061179.12	ENSMUSG00000035437	222	2	0	1	15	13	137	16
ENSMUST00000102787.10	ENSMUSG00000035392	246	1	1	1	10	10	25	188
ENSMUST00000054234.10	ENSMUSG00000026749	180	0	1	1	0	NA	173	NA
ENSMUST00000112862.7	ENSMUSG00000026755	120	0	0	0	0	NA	NA	NA
ENSMUST00000039165.15	ENSMUSG00000026754	338	3	0	1	23	10	136	46
ENSMUST00000038874.12	ENSMUSG00000035236	92	0	0	0	0	NA	NA	NA
ENSMUST00000028087.6	ENSMUSG00000026753	210	0	0	0	0	NA	NA	NA
ENSMUST00000112810.8	ENSMUSG00000036890	187	1	2	1	9	9	54	103
ENSMUST00000176438.9	ENSMUSG00000026872	535	4	0	1	93	47	79	13
ENSMUST00000063886.4	ENSMUSG00000052155	663	2	1	1	16	11	430	90
ENSMUST00000028098.11	ENSMUSG00000026761	177	1	0	1	11	11	30	111
ENSMUST00000092123.11	ENSMUSG00000069495	320	4	0	1	67	19	51	94
ENSMUST00000028102.14	ENSMUSG00000026764	364	3	0	1	17	10	27	115
ENSMUST00000102769.11	ENSMUSG00000026766	124	0	0	0	0	NA	NA	NA
ENSMUST00000017288.9	ENSMUSG00000017144	237	0	0	0	0	NA	NA	NA
ENSMUST00000028314.9	ENSMUSG00000026946	257	3	0	1	36	17	77	48
ENSMUST00000036541.8	ENSMUSG00000036093	266	1	0	1	53	53	71	33
ENSMUST00000102759.8	ENSMUSG00000055371	100	0	0	0	0	NA	NA	NA
ENSMUST00000090952.11	ENSMUSG00000036053	283	2	0	1	39	26	36	128
ENSMUST00000100089.3	ENSMUSG00000075334	248	0	0	0	0	NA	NA	NA
ENSMUST00000028166.9	ENSMUSG00000026826	445	3	0	1	53	36	71	34
ENSMUST00000169687.8	ENSMUSG00000026827	319	0	0	0	0	NA	NA	NA
ENSMUST00000112599.8	ENSMUSG00000026836	256	0	1	1	0	NA	219	NA
ENSMUST00000102754.11	ENSMUSG00000026991	284	2	0	1	16	12	75	13
ENSMUST00000037526.11	ENSMUSG00000035168	276	2	0	1	19	13	232	2
ENSMUST00000112550.8	ENSMUSG00000026987	237	0	0	0	0	NA	NA	NA
ENSMUST00000102748.11	ENSMUSG00000026977	210	0	0	0	0	NA	NA	NA
ENSMUST00000028347.13	ENSMUSG00000026970	427	0	0	0	0	NA	NA	NA
ENSMUST00000078074.9	ENSMUSG00000064289	55	0	1	1	0	NA	41	NA
ENSMUST00000047812.8	ENSMUSG00000035000	440	5	0	1	109	55	79	98
ENSMUST00000028259.12	ENSMUSG00000026896	281	0	0	0	0	NA	NA	NA
ENSMUST00000028257.3	ENSMUSG00000026893	148	0	0	0	0	NA	NA	NA
ENSMUST00000131615.9	ENSMUSG00000075324	316	5	0	1	68	38	22	36
ENSMUST00000028252.14	ENSMUSG00000026888	138	1	0	1	3	3	109	17
ENSMUST00000102726.8	ENSMUSG00000034903	187	0	0	0	0	NA	NA	NA
ENSMUST00000102718.10	ENSMUSG00000034848	83	0	0	0	0	NA	NA	NA
ENSMUST00000102715.4	ENSMUSG00000027030	391	0	0	0	0	NA	NA	NA
ENSMUST00000176018.2	ENSMUSG00000027035	50	0	0	0	0	NA	NA	NA
ENSMUST00000112320.8	ENSMUSG00000005233	320	1	2	1	15	15	143	129
ENSMUST00000090858.10	ENSMUSG00000042133	238	0	0	0	0	NA	NA	NA
ENSMUST00000028494.9	ENSMUSG00000027088	538	4	0	1	111	43	105	55
ENSMUST00000053087.4	ENSMUSG00000042155	274	2	0	1	37	20	137	74
ENSMUST00000090852.11	ENSMUSG00000068882	177	0	0	0	0	NA	NA	NA
ENSMUST00000055758.16	ENSMUSG00000044308	49	0	0	0	0	NA	NA	NA
ENSMUST00000028509.11	ENSMUSG00000014959	122	0	0	0	0	NA	NA	NA
ENSMUST00000038584.9	ENSMUSG00000041997	397	0	2	1	0	NA	38	NA
ENSMUST00000112186.9	ENSMUSG00000041975	225	0	0	0	0	NA	NA	NA
ENSMUST00000154704.8	ENSMUSG00000041966	250	0	0	0	0	NA	NA	NA
ENSMUST00000112142.8	ENSMUSG00000027012	149	1	0	1	1	1	43	100
ENSMUST00000151937.8	ENSMUSG00000027010	225	1	0	1	42	42	46	50
ENSMUST00000112122.9	ENSMUSG00000027018	340	3	0	1	24	16	4	78
ENSMUST00000028522.10	ENSMUSG00000027111	161	0	0	0	0	NA	NA	NA
ENSMUST00000090824.12	ENSMUSG00000004085	253	1	1	1	4	4	127	111
ENSMUST00000102691.11	ENSMUSG00000055612	132	0	0	0	0	NA	NA	NA
ENSMUST00000102689.10	ENSMUSG00000027109	190	1	0	1	9	9	143	17
ENSMUST00000028517.13	ENSMUSG00000027108	162	0	0	0	0	NA	NA	NA
ENSMUST00000058615.10	ENSMUSG00000041777	213	0	0	0	0	NA	NA	NA
ENSMUST00000090811.11	ENSMUSG00000008226	115	1	0	1	6	6	4	90
ENSMUST00000076463.12	ENSMUSG00000041762	503	5	0	1	34	14	0	64
ENSMUST00000094681.11	ENSMUSG00000075284	446	1	1	1	22	22	274	17
ENSMUST00000112024.10	ENSMUSG00000056486	305	2	0	1	32	22	1	130
ENSMUST00000055833.12	ENSMUSG00000027104	333	7	0	1	49	15	119	18
ENSMUST00000111996.8	ENSMUSG00000018770	151	0	0	0	0	NA	NA	NA
ENSMUST00000064503.13	ENSMUSG00000009207	192	2	0	1	23	12	1	3
ENSMUST00000028511.8	ENSMUSG00000027099	201	0	0	0	0	NA	NA	NA
ENSMUST00000111962.8	ENSMUSG00000059005	51	0	0	0	0	NA	NA	NA
ENSMUST00000102672.5	ENSMUSG00000015839	233	0	0	0	0	NA	NA	NA
ENSMUST00000175646.2	ENSMUSG00000042410	97	0	1	1	0	NA	24	NA
ENSMUST00000099996.5	ENSMUSG00000075273	178	0	1	1	0	NA	156	NA
ENSMUST00000046389.5	ENSMUSG00000042369	145	0	0	0	0	NA	NA	NA
ENSMUST00000077972.11	ENSMUSG00000042359	472	3	0	1	14	7	278	13
ENSMUST00000002808.7	ENSMUSG00000002731	159	0	0	0	0	NA	NA	NA
ENSMUST00000102660.8	ENSMUSG00000042272	108	0	0	0	0	NA	NA	NA
ENSMUST00000065889.10	ENSMUSG00000027014	390	4	1	1	50	16	19	139
ENSMUST00000028398.14	ENSMUSG00000027011	387	1	0	1	41	41	201	60
ENSMUST00000111785.9	ENSMUSG00000027007	188	0	0	0	0	NA	NA	NA
ENSMUST00000028384.5	ENSMUSG00000027001	339	1	1	1	11	11	104	199
ENSMUST00000081591.7	ENSMUSG00000027091	218	1	0	1	26	26	96	41
ENSMUST00000028499.11	ENSMUSG00000027087	338	0	0	0	0	NA	NA	NA
ENSMUST00000051454.4	ENSMUSG00000048388	113	0	1	1	0	NA	84	NA
ENSMUST00000111665.8	ENSMUSG00000050043	321	0	0	0	0	NA	NA	NA
ENSMUST00000102645.4	ENSMUSG00000027080	43	0	0	0	0	NA	NA	NA
ENSMUST00000035840.6	ENSMUSG00000034075	1249	6	1	1	183	65	368	160
ENSMUST00000028475.9	ENSMUSG00000027079	210	1	0	1	23	23	11	127
ENSMUST00000102642.9	ENSMUSG00000027078	78	0	0	0	0	NA	NA	NA
ENSMUST00000121114.8	ENSMUSG00000027075	845	6	3	1	101	38	6	441
ENSMUST00000090726.6	ENSMUSG00000027074	349	1	1	1	16	16	191	96
ENSMUST00000168266.8	ENSMUSG00000027067	202	0	0	0	0	NA	NA	NA
ENSMUST00000111605.9	ENSMUSG00000033955	120	0	1	1	0	NA	115	NA
ENSMUST00000057481.7	ENSMUSG00000051329	651	5	2	1	112	53	6	361
ENSMUST00000013759.6	ENSMUSG00000008200	87	1	1	1	7	7	42	21
ENSMUST00000136872.8	ENSMUSG00000027282	144	0	0	0	0	NA	NA	NA
ENSMUST00000090682.4	ENSMUSG00000005505	196	1	0	1	16	16	51	94
ENSMUST00000111452.8	ENSMUSG00000005506	126	0	0	0	0	NA	NA	NA
ENSMUST00000073575.12	ENSMUSG00000002105	271	2	1	1	14	12	25	202
ENSMUST00000077941.13	ENSMUSG00000040687	154	3	0	1	29	19	61	12
ENSMUST00000111356.8	ENSMUSG00000002108	342	2	1	1	25	16	24	153
ENSMUST00000002172.14	ENSMUSG00000002103	26	0	0	0	0	NA	NA	NA
ENSMUST00000028696.5	ENSMUSG00000002109	166	0	0	0	0	NA	NA	NA
ENSMUST00000080008.13	ENSMUSG00000027255	359	2	0	1	43	24	8	107
ENSMUST00000028689.4	ENSMUSG00000027253	190	0	0	0	0	NA	NA	NA
ENSMUST00000111338.10	ENSMUSG00000040549	126	1	0	1	25	25	1	47
ENSMUST00000111329.8	ENSMUSG00000027247	455	4	0	1	106	48	24	33
ENSMUST00000076803.12	ENSMUSG00000027244	343	2	1	1	37	26	31	231
ENSMUST00000090608.6	ENSMUSG00000027243	446	7	0	1	110	31	160	67
ENSMUST00000045705.14	ENSMUSG00000040506	274	2	0	1	39	35	161	5
ENSMUST00000111309.8	ENSMUSG00000027239	63	0	0	0	0	NA	NA	NA
ENSMUST00000028663.5	ENSMUSG00000027230	397	1	0	1	15	15	145	204
ENSMUST00000111293.9	ENSMUSG00000058318	421	7	0	1	129	51	82	48
ENSMUST00000028650.9	ENSMUSG00000027222	258	2	0	1	32	30	32	133
ENSMUST00000050312.3	ENSMUSG00000027223	137	0	1	1	0	NA	115	NA
ENSMUST00000090559.12	ENSMUSG00000068742	20	0	0	0	0	NA	NA	NA
ENSMUST00000067631.7	ENSMUSG00000049922	596	5	0	1	121	45	3	94
ENSMUST00000111266.8	ENSMUSG00000068735	293	1	0	1	1	1	125	162
ENSMUST00000111265.9	ENSMUSG00000027217	389	0	0	0	0	NA	NA	NA
ENSMUST00000099696.8	ENSMUSG00000027215	102	0	0	0	0	NA	NA	NA
ENSMUST00000040005.13	ENSMUSG00000040174	119	1	1	1	6	6	68	30
ENSMUST00000111238.8	ENSMUSG00000027194	24	0	0	0	0	NA	NA	NA
ENSMUST00000028617.7	ENSMUSG00000027193	144	0	0	0	0	NA	NA	NA
ENSMUST00000004949.8	ENSMUSG00000027164	406	4	0	1	95	46	112	26
ENSMUST00000171088.8	ENSMUSG00000032841	402	0	0	0	0	NA	NA	NA
ENSMUST00000058790.12	ENSMUSG00000048058	60	0	0	0	0	NA	NA	NA
ENSMUST00000099678.5	ENSMUSG00000075012	911	6	0	1	154	45	4	35
ENSMUST00000099673.9	ENSMUSG00000005087	164	0	0	0	0	NA	NA	NA
ENSMUST00000011058.9	ENSMUSG00000010914	64	0	0	0	0	NA	NA	NA
ENSMUST00000011055.7	ENSMUSG00000010911	113	0	0	0	0	NA	NA	NA
ENSMUST00000028610.10	ENSMUSG00000027187	122	0	0	0	0	NA	NA	NA
ENSMUST00000076212.4	ENSMUSG00000032724	417	3	0	1	28	18	103	40
ENSMUST00000028608.13	ENSMUSG00000027185	237	1	0	1	71	71	9	12
ENSMUST00000028607.13	ENSMUSG00000027184	187	0	0	0	0	NA	NA	NA
ENSMUST00000170926.8	ENSMUSG00000032698	268	0	0	0	0	NA	NA	NA
ENSMUST00000102565.4	ENSMUSG00000027180	3	0	0	0	0	NA	NA	NA
ENSMUST00000168176.8	ENSMUSG00000032679	265	3	0	1	42	21	61	9
ENSMUST00000111125.3	ENSMUSG00000027177	9	0	0	0	0	NA	NA	NA
ENSMUST00000028599.8	ENSMUSG00000027176	153	0	0	0	0	NA	NA	NA
ENSMUST00000111118.8	ENSMUSG00000027175	205	0	0	0	0	NA	NA	NA
ENSMUST00000231375.2	ENSMUSG00000074994	NA	NA	NA	NA	NA	NA	NA	NA
ENSMUST00000028593.11	ENSMUSG00000027171	353	1	0	1	8	8	313	13
ENSMUST00000006128.7	ENSMUSG00000005973	114	0	0	0	0	NA	NA	NA
ENSMUST00000028527.8	ENSMUSG00000027115	201	3	0	1	72	43	53	11
ENSMUST00000111042.3	ENSMUSG00000048482	180	3	3	1	28	21	28	58
ENSMUST00000028583.8	ENSMUSG00000027162	32	0	0	0	0	NA	NA	NA
ENSMUST00000046548.14	ENSMUSG00000050199	474	3	0	1	46	21	101	157
ENSMUST00000028580.12	ENSMUSG00000027160	51	0	0	0	0	NA	NA	NA
ENSMUST00000028554.4	ENSMUSG00000027134	476	1	0	1	26	26	213	182
ENSMUST00000028553.4	ENSMUSG00000027133	98	0	0	0	0	NA	NA	NA
ENSMUST00000028551.4	ENSMUSG00000027131	123	1	0	1	35	35	0	15
ENSMUST00000028552.4	ENSMUSG00000027132	161	1	1	1	33	33	38	21
ENSMUST00000069747.6	ENSMUSG00000055943	71	0	0	0	0	NA	NA	NA
ENSMUST00000099588.4	ENSMUSG00000003604	120	2	0	1	38	22	48	3
ENSMUST00000110947.2	ENSMUSG00000041219	208	0	0	0	0	NA	NA	NA
ENSMUST00000050668.4	ENSMUSG00000040321	174	0	3	1	0	NA	101	NA
ENSMUST00000102542.10	ENSMUSG00000057147	111	0	0	0	0	NA	NA	NA
ENSMUST00000028829.13	ENSMUSG00000027351	351	1	0	1	42	42	215	7
ENSMUST00000028825.5	ENSMUSG00000027349	29	0	0	0	0	NA	NA	NA
ENSMUST00000039559.9	ENSMUSG00000040152	228	0	0	0	0	NA	NA	NA
ENSMUST00000009693.15	ENSMUSG00000009549	97	0	0	0	0	NA	NA	NA
ENSMUST00000037547.9	ENSMUSG00000040035	239	1	0	1	18	18	50	132
ENSMUST00000134661.8	ENSMUSG00000027331	98	0	0	0	0	NA	NA	NA
ENSMUST00000028807.6	ENSMUSG00000027332	67	0	0	0	0	NA	NA	NA
ENSMUST00000036578.7	ENSMUSG00000040007	319	0	0	0	0	NA	NA	NA
ENSMUST00000036470.14	ENSMUSG00000039983	83	0	0	0	0	NA	NA	NA
ENSMUST00000028796.2	ENSMUSG00000027324	34	0	0	0	0	NA	NA	NA
ENSMUST00000028795.10	ENSMUSG00000027323	230	0	0	0	0	NA	NA	NA
ENSMUST00000094695.12	ENSMUSG00000070730	135	0	1	1	0	NA	110	NA
ENSMUST00000057454.4	ENSMUSG00000046814	65	0	0	0	0	NA	NA	NA
ENSMUST00000038439.4	ENSMUSG00000034278	30	0	0	0	0	NA	NA	NA
ENSMUST00000028783.14	ENSMUSG00000027315	197	0	0	0	0	NA	NA	NA
ENSMUST00000037280.5	ENSMUSG00000034216	298	1	0	1	2	2	114	175
ENSMUST00000028780.4	ENSMUSG00000027313	174	0	0	0	0	NA	NA	NA
ENSMUST00000049920.14	ENSMUSG00000034154	352	2	1	1	214	111	1	15
ENSMUST00000014221.13	ENSMUSG00000014077	154	0	0	0	0	NA	NA	NA
ENSMUST00000110793.8	ENSMUSG00000034032	237	3	1	1	14	10	1	86
ENSMUST00000028763.10	ENSMUSG00000027298	276	1	1	1	26	26	44	151
ENSMUST00000229024.2	ENSMUSG00000033902	149	0	1	1	0	NA	16	NA
ENSMUST00000028755.8	ENSMUSG00000027293	131	0	0	0	0	NA	NA	NA
ENSMUST00000102501.10	ENSMUSG00000027291	150	1	0	1	8	8	26	97
ENSMUST00000090042.12	ENSMUSG00000033808	9	0	0	0	0	NA	NA	NA
ENSMUST00000135074.2	ENSMUSG00000062646	263	2	0	1	9	5	103	92
ENSMUST00000055241.13	ENSMUSG00000027288	152	1	0	1	2	2	94	49
ENSMUST00000110711.9	ENSMUSG00000027287	176	1	0	1	12	12	6	131
ENSMUST00000057135.14	ENSMUSG00000090100	418	4	0	1	69	40	47	26
ENSMUST00000067582.14	ENSMUSG00000054484	282	1	0	1	25	25	80	124
ENSMUST00000060455.15	ENSMUSG00000023572	107	2	0	1	17	15	27	32
ENSMUST00000119031.8	ENSMUSG00000027259	263	2	0	1	7	4	101	94
ENSMUST00000163766.8	ENSMUSG00000050619	1001	5	0	1	60	40	36	57
ENSMUST00000039541.12	ENSMUSG00000027263	179	1	0	1	25	25	34	67
ENSMUST00000110647.8	ENSMUSG00000043909	63	0	0	0	0	NA	NA	NA
ENSMUST00000094639.10	ENSMUSG00000027254	35	0	0	0	0	NA	NA	NA
ENSMUST00000052029.10	ENSMUSG00000033526	127	0	2	1	0	NA	90	NA
ENSMUST00000028683.14	ENSMUSG00000027248	264	0	0	0	0	NA	NA	NA
ENSMUST00000139253.8	ENSMUSG00000074884	240	1	0	1	7	7	102	114
ENSMUST00000110612.8	ENSMUSG00000027245	3514	51	1	1	916	56	25	122
ENSMUST00000028676.12	ENSMUSG00000027242	372	2	0	1	21	13	145	185
ENSMUST00000110592.2	ENSMUSG00000027238	161	1	0	1	13	13	52	67
ENSMUST00000036647.13	ENSMUSG00000033411	641	2	0	1	8	4	494	3
ENSMUST00000102476.5	ENSMUSG00000060802	52	0	0	0	0	NA	NA	NA
ENSMUST00000110551.4	ENSMUSG00000027227	144	0	0	0	0	NA	NA	NA
ENSMUST00000028624.9	ENSMUSG00000027199	87	0	0	0	0	NA	NA	NA
ENSMUST00000005952.11	ENSMUSG00000005802	219	2	0	1	64	49	38	31
ENSMUST00000005954.9	ENSMUSG00000005804	120	1	0	1	6	6	40	59
ENSMUST00000152367.8	ENSMUSG00000027201	108	0	0	0	0	NA	NA	NA
ENSMUST00000051605.9	ENSMUSG00000027203	266	0	0	0	0	NA	NA	NA
ENSMUST00000028633.13	ENSMUSG00000027204	233	0	0	0	0	NA	NA	NA
ENSMUST00000089776.3	ENSMUSG00000068394	245	0	0	0	0	NA	NA	NA
ENSMUST00000164756.4	ENSMUSG00000091337	97	0	0	0	0	NA	NA	NA
ENSMUST00000053699.13	ENSMUSG00000035093	248	2	0	1	35	23	51	23
ENSMUST00000110463.8	ENSMUSG00000027206	150	1	0	1	31	31	22	32
ENSMUST00000094604.9	ENSMUSG00000027207	226	0	1	1	0	NA	176	NA
ENSMUST00000061491.14	ENSMUSG00000027359	748	2	0	1	116	64	13	416
ENSMUST00000110425.9	ENSMUSG00000027361	213	0	0	0	0	NA	NA	NA
ENSMUST00000103224.10	ENSMUSG00000027365	254	1	1	1	19	19	73	5
ENSMUST00000028844.11	ENSMUSG00000027366	223	1	0	1	6	6	24	178
ENSMUST00000002063.15	ENSMUSG00000001998	24	0	0	0	0	NA	NA	NA
ENSMUST00000110387.4	ENSMUSG00000034906	87	0	0	0	0	NA	NA	NA
ENSMUST00000110386.2	ENSMUSG00000074825	106	1	1	1	21	21	1	39
ENSMUST00000035871.15	ENSMUSG00000034850	251	0	0	0	0	NA	NA	NA
ENSMUST00000110375.9	ENSMUSG00000027367	353	1	0	1	18	18	208	88
ENSMUST00000028846.7	ENSMUSG00000027368	79	0	0	0	0	NA	NA	NA
ENSMUST00000110366.8	ENSMUSG00000034800	1355	26	2	1	602	110	55	96
ENSMUST00000028858.9	ENSMUSG00000027379	120	0	1	1	0	NA	62	NA
ENSMUST00000110341.9	ENSMUSG00000027381	227	0	1	1	0	NA	178	NA
ENSMUST00000014499.10	ENSMUSG00000014355	263	2	1	1	15	10	28	117
ENSMUST00000110325.8	ENSMUSG00000014353	221	0	0	0	0	NA	NA	NA
ENSMUST00000110320.9	ENSMUSG00000042851	403	1	0	1	35	35	24	271
ENSMUST00000103205.11	ENSMUSG00000027395	92	0	0	0	0	NA	NA	NA
ENSMUST00000028880.10	ENSMUSG00000027397	499	5	0	1	76	26	28	159
ENSMUST00000049262.14	ENSMUSG00000037902	58	0	0	0	0	NA	NA	NA
ENSMUST00000165413.9	ENSMUSG00000037885	24	0	0	0	0	NA	NA	NA
ENSMUST00000103199.9	ENSMUSG00000027404	167	0	0	0	0	NA	NA	NA
ENSMUST00000028892.11	ENSMUSG00000027406	130	0	0	0	0	NA	NA	NA
ENSMUST00000089581.11	ENSMUSG00000037773	743	5	1	1	127	59	169	199
ENSMUST00000028769.14	ENSMUSG00000027303	287	1	0	1	20	20	132	92
ENSMUST00000028761.5	ENSMUSG00000027300	307	5	0	1	56	27	48	1
ENSMUST00000089559.11	ENSMUSG00000068290	94	0	0	0	0	NA	NA	NA
ENSMUST00000028781.9	ENSMUSG00000027312	66	0	1	1	0	NA	31	NA
ENSMUST00000089510.5	ENSMUSG00000068267	191	0	0	0	0	NA	NA	NA
ENSMUST00000028804.15	ENSMUSG00000027330	232	0	0	0	0	NA	NA	NA
ENSMUST00000041362.12	ENSMUSG00000037523	119	0	0	0	0	NA	NA	NA
ENSMUST00000059372.11	ENSMUSG00000048911	153	0	0	0	0	NA	NA	NA
ENSMUST00000028806.12	ENSMUSG00000027333	299	0	0	0	0	NA	NA	NA
ENSMUST00000091288.13	ENSMUSG00000079037	184	0	0	0	0	NA	NA	NA
ENSMUST00000028814.15	ENSMUSG00000027339	283	2	1	1	20	11	229	18
ENSMUST00000028815.15	ENSMUSG00000027340	244	1	0	1	6	6	107	116
ENSMUST00000110164.8	ENSMUSG00000027341	1600	35	2	1	491	41	180	76
ENSMUST00000028817.7	ENSMUSG00000027342	278	1	0	1	10	10	90	155
ENSMUST00000103181.11	ENSMUSG00000058793	296	1	0	1	44	44	23	138
ENSMUST00000060955.12	ENSMUSG00000027346	187	0	0	0	0	NA	NA	NA
ENSMUST00000039554.7	ENSMUSG00000037376	120	0	0	0	0	NA	NA	NA
ENSMUST00000028835.13	ENSMUSG00000027357	151	1	0	1	24	24	39	37
ENSMUST00000038228.11	ENSMUSG00000034723	140	0	0	0	0	NA	NA	NA
ENSMUST00000110116.8	ENSMUSG00000051177	374	2	2	1	15	13	33	159
ENSMUST00000028730.13	ENSMUSG00000027274	736	16	1	1	326	59	43	40
ENSMUST00000099311.9	ENSMUSG00000027281	225	0	0	0	0	NA	NA	NA
ENSMUST00000028735.8	ENSMUSG00000027276	387	2	0	1	33	29	39	44
ENSMUST00000091556.12	ENSMUSG00000062098	339	1	0	1	2	2	301	29
ENSMUST00000046656.9	ENSMUSG00000039033	342	3	2	1	98	84	65	12
ENSMUST00000046030.8	ENSMUSG00000045624	129	1	0	1	1	1	13	110
ENSMUST00000110064.8	ENSMUSG00000068205	320	1	0	1	24	24	23	222
ENSMUST00000110057.3	ENSMUSG00000051379	468	5	0	1	104	52	33	86
ENSMUST00000043589.8	ENSMUSG00000038844	160	0	1	1	0	NA	153	NA
ENSMUST00000008477.13	ENSMUSG00000008333	85	0	0	0	0	NA	NA	NA
ENSMUST00000103172.4	ENSMUSG00000015932	325	1	0	1	4	4	42	268
ENSMUST00000037875.6	ENSMUSG00000027422	286	0	0	0	0	NA	NA	NA
ENSMUST00000028909.5	ENSMUSG00000027423	145	0	0	0	0	NA	NA	NA
ENSMUST00000110028.8	ENSMUSG00000027424	417	5	0	1	101	42	157	17
ENSMUST00000028914.9	ENSMUSG00000027427	146	0	2	1	0	NA	1	NA
ENSMUST00000094480.11	ENSMUSG00000001768	387	8	0	1	278	76	62	56
ENSMUST00000110000.8	ENSMUSG00000002728	69	0	0	0	0	NA	NA	NA
ENSMUST00000001818.5	ENSMUSG00000001767	410	2	0	1	56	37	53	177
ENSMUST00000131824.8	ENSMUSG00000037110	NA	NA	NA	NA	NA	NA	NA	NA
ENSMUST00000028928.8	ENSMUSG00000027439	210	0	0	0	0	NA	NA	NA
ENSMUST00000028926.13	ENSMUSG00000027438	104	0	0	0	0	NA	NA	NA
ENSMUST00000046399.7	ENSMUSG00000033096	88	0	0	0	0	NA	NA	NA
ENSMUST00000028944.4	ENSMUSG00000027452	61	0	0	0	0	NA	NA	NA
ENSMUST00000094467.6	ENSMUSG00000033068	224	0	0	0	0	NA	NA	NA
ENSMUST00000045441.8	ENSMUSG00000033059	133	0	1	1	0	NA	20	NA
ENSMUST00000028948.5	ENSMUSG00000027454	125	0	0	0	0	NA	NA	NA
ENSMUST00000109896.8	ENSMUSG00000068115	179	0	1	1	0	NA	174	NA
ENSMUST00000066640.5	ENSMUSG00000053916	72	0	1	1	0	NA	22	NA
ENSMUST00000089140.13	ENSMUSG00000027455	126	0	0	0	0	NA	NA	NA
ENSMUST00000044011.12	ENSMUSG00000032966	225	1	0	1	1	1	35	184
ENSMUST00000042452.11	ENSMUSG00000032869	171	0	0	0	0	NA	NA	NA
ENSMUST00000028963.14	ENSMUSG00000027465	146	0	0	0	0	NA	NA	NA
ENSMUST00000109847.9	ENSMUSG00000027466	357	1	1	1	14	14	210	102
ENSMUST00000040312.7	ENSMUSG00000032715	176	0	0	0	0	NA	NA	NA
ENSMUST00000182625.2	ENSMUSG00000051817	365	2	0	1	28	20	116	18
ENSMUST00000125366.8	ENSMUSG00000019188	121	0	0	0	0	NA	NA	NA
ENSMUST00000038368.9	ENSMUSG00000042745	90	0	0	0	0	NA	NA	NA
ENSMUST00000007803.12	ENSMUSG00000007659	238	1	0	1	9	9	206	2
ENSMUST00000028972.9	ENSMUSG00000027472	107	0	0	0	0	NA	NA	NA
ENSMUST00000089027.3	ENSMUSG00000068040	254	1	0	1	12	12	40	175
ENSMUST00000056924.14	ENSMUSG00000051413	264	5	0	1	86	39	51	7
ENSMUST00000049863.12	ENSMUSG00000046020	54	0	0	0	0	NA	NA	NA
ENSMUST00000028977.7	ENSMUSG00000027475	156	1	0	1	19	19	40	56
ENSMUST00000109790.2	ENSMUSG00000042548	489	1	0	1	7	7	174	291
ENSMUST00000071852.10	ENSMUSG00000056941	104	0	0	0	0	NA	NA	NA
ENSMUST00000056495.14	ENSMUSG00000027478	408	0	0	0	0	NA	NA	NA
ENSMUST00000028981.9	ENSMUSG00000027479	149	0	1	1	0	NA	1	NA
ENSMUST00000109728.8	ENSMUSG00000027488	128	0	0	0	0	NA	NA	NA
ENSMUST00000045270.15	ENSMUSG00000038533	108	0	0	0	0	NA	NA	NA
ENSMUST00000103145.11	ENSMUSG00000027490	158	1	0	1	16	16	102	5
ENSMUST00000000896.11	ENSMUSG00000000876	79	0	0	0	0	NA	NA	NA
ENSMUST00000081926.13	ENSMUSG00000059842	75	1	0	1	3	3	27	36
ENSMUST00000044277.10	ENSMUSG00000038467	164	0	0	0	0	NA	NA	NA
ENSMUST00000116389.9	ENSMUSG00000027593	448	0	0	0	0	NA	NA	NA
ENSMUST00000099173.11	ENSMUSG00000074656	231	1	0	1	8	8	115	89
ENSMUST00000054607.16	ENSMUSG00000027597	105	0	0	0	0	NA	NA	NA
ENSMUST00000029126.15	ENSMUSG00000027598	175	1	1	1	16	16	82	42
ENSMUST00000043237.14	ENSMUSG00000038375	255	1	0	1	5	5	118	119
ENSMUST00000043126.12	ENSMUSG00000038369	141	2	1	1	20	13	38	54
ENSMUST00000029131.11	ENSMUSG00000027603	51	0	0	0	0	NA	NA	NA
ENSMUST00000079691.13	ENSMUSG00000027610	123	0	0	0	0	NA	NA	NA
ENSMUST00000041059.12	ENSMUSG00000038324	78	0	0	0	0	NA	NA	NA
ENSMUST00000029142.15	ENSMUSG00000027613	492	0	0	0	0	NA	NA	NA
ENSMUST00000059647.12	ENSMUSG00000089824	274	0	0	0	0	NA	NA	NA
ENSMUST00000029147.16	ENSMUSG00000027618	46	1	0	1	2	2	18	19
ENSMUST00000146297.8	ENSMUSG00000027620	160	1	0	1	28	28	29	44
ENSMUST00000037401.10	ENSMUSG00000038116	188	1	1	1	50	50	33	2
ENSMUST00000103137.10	ENSMUSG00000027624	454	0	0	0	0	NA	NA	NA
ENSMUST00000109570.8	ENSMUSG00000027628	487	2	0	1	30	24	315	77
ENSMUST00000099145.6	ENSMUSG00000061689	580	2	0	1	31	28	120	373
ENSMUST00000088552.7	ENSMUSG00000067818	113	0	0	0	0	NA	NA	NA
ENSMUST00000081335.13	ENSMUSG00000062175	266	1	0	1	6	6	61	184
ENSMUST00000029165.4	ENSMUSG00000027637	176	0	0	0	0	NA	NA	NA
ENSMUST00000069600.13	ENSMUSG00000027634	90	0	0	0	0	NA	NA	NA
ENSMUST00000103129.9	ENSMUSG00000027635	102	0	0	0	0	NA	NA	NA
ENSMUST00000057725.10	ENSMUSG00000027639	83	1	0	1	7	7	37	22
ENSMUST00000029170.8	ENSMUSG00000027641	57	0	0	0	0	NA	NA	NA
ENSMUST00000116380.9	ENSMUSG00000027642	264	0	0	0	0	NA	NA	NA
ENSMUST00000081202.6	ENSMUSG00000063019	103	0	0	0	0	NA	NA	NA
ENSMUST00000109533.8	ENSMUSG00000027646	331	2	0	1	14	11	112	132
ENSMUST00000109528.9	ENSMUSG00000067787	264	1	0	1	11	11	74	154
ENSMUST00000029179.11	ENSMUSG00000027650	101	1	0	1	4	4	68	18
ENSMUST00000029180.14	ENSMUSG00000027651	174	0	0	0	0	NA	NA	NA
ENSMUST00000103122.10	ENSMUSG00000037820	136	0	0	0	0	NA	NA	NA
ENSMUST00000109485.9	ENSMUSG00000027652	183	2	0	1	20	15	69	7
ENSMUST00000029183.3	ENSMUSG00000027654	21	0	0	0	0	NA	NA	NA
ENSMUST00000109478.9	ENSMUSG00000027655	82	0	0	0	0	NA	NA	NA
ENSMUST00000099126.5	ENSMUSG00000074622	389	0	0	0	0	NA	NA	NA
ENSMUST00000109468.3	ENSMUSG00000070544	342	1	0	1	3	3	96	234
ENSMUST00000109462.8	ENSMUSG00000016933	84	0	0	0	0	NA	NA	NA
ENSMUST00000103111.9	ENSMUSG00000035877	277	1	0	1	2	2	211	57
ENSMUST00000039782.14	ENSMUSG00000057133	57	0	0	0	0	NA	NA	NA
ENSMUST00000130411.7	ENSMUSG00000016921	143	0	0	0	0	NA	NA	NA
ENSMUST00000018002.13	ENSMUSG00000017858	186	0	0	0	0	NA	NA	NA
ENSMUST00000018005.10	ENSMUSG00000017861	142	0	0	0	0	NA	NA	NA
ENSMUST00000046908.10	ENSMUSG00000035399	161	0	0	0	0	NA	NA	NA
ENSMUST00000109418.2	ENSMUSG00000048486	54	0	0	0	0	NA	NA	NA
ENSMUST00000171696.8	ENSMUSG00000017679	119	0	0	0	0	NA	NA	NA
ENSMUST00000017851.4	ENSMUSG00000017707	95	0	0	0	0	NA	NA	NA
ENSMUST00000164399.8	ENSMUSG00000035268	130	0	1	1	0	NA	119	NA
ENSMUST00000017841.4	ENSMUSG00000017697	148	0	0	0	0	NA	NA	NA
ENSMUST00000018470.10	ENSMUSG00000018326	409	1	0	1	12	12	147	223
ENSMUST00000109384.10	ENSMUSG00000018322	130	0	0	0	0	NA	NA	NA
ENSMUST00000018353.14	ENSMUSG00000018209	75	1	0	1	3	3	35	28
ENSMUST00000017153.4	ENSMUSG00000017009	22	0	0	0	0	NA	NA	NA
ENSMUST00000109352.8	ENSMUSG00000045503	616	9	0	1	381	131	107	35
ENSMUST00000109345.9	ENSMUSG00000017723	12	0	0	0	0	NA	NA	NA
ENSMUST00000017443.14	ENSMUSG00000017299	71	0	0	0	0	NA	NA	NA
ENSMUST00000056181.7	ENSMUSG00000050373	75	0	0	0	0	NA	NA	NA
ENSMUST00000052107.5	ENSMUSG00000045822	179	0	0	0	0	NA	NA	NA
ENSMUST00000017908.3	ENSMUSG00000017764	663	3	0	1	27	16	27	259
ENSMUST00000103092.9	ENSMUSG00000017760	369	3	1	1	11	5	94	12
ENSMUST00000041643.5	ENSMUSG00000039849	322	2	1	1	92	47	2	142
ENSMUST00000041361.14	ENSMUSG00000039834	291	3	1	1	34	19	29	45
ENSMUST00000040381.15	ENSMUSG00000039804	214	0	0	0	0	NA	NA	NA
ENSMUST00000109299.8	ENSMUSG00000017664	239	1	0	1	14	14	119	75
ENSMUST00000103091.9	ENSMUSG00000017670	202	1	1	1	18	18	125	20
ENSMUST00000088095.7	ENSMUSG00000027678	232	1	0	1	17	17	121	57
ENSMUST00000109249.9	ENSMUSG00000006800	253	1	1	1	13	13	18	193
ENSMUST00000099078.10	ENSMUSG00000074582	127	0	0	0	0	NA	NA	NA
ENSMUST00000002790.14	ENSMUSG00000002718	129	1	0	1	1	1	31	92
ENSMUST00000109236.9	ENSMUSG00000039536	325	1	0	1	4	4	293	17
ENSMUST00000018143.16	ENSMUSG00000017999	141	0	1	1	0	NA	53	NA
ENSMUST00000048988.14	ENSMUSG00000039501	556	1	0	1	126	126	9	166
ENSMUST00000109221.9	ENSMUSG00000017929	151	0	1	1	0	NA	5	NA
ENSMUST00000047815.13	ENSMUSG00000039463	40	0	0	0	0	NA	NA	NA
ENSMUST00000057627.16	ENSMUSG00000047030	247	6	0	1	66	25	132	32
ENSMUST00000052631.8	ENSMUSG00000042821	95	0	0	0	0	NA	NA	NA
ENSMUST00000006587.7	ENSMUSG00000090213	60	0	0	0	0	NA	NA	NA
ENSMUST00000070642.4	ENSMUSG00000056501	107	0	0	0	0	NA	NA	NA
ENSMUST00000029053.8	ENSMUSG00000027540	167	1	0	1	26	26	41	45
ENSMUST00000052125.7	ENSMUSG00000044641	290	0	0	0	0	NA	NA	NA
ENSMUST00000074618.10	ENSMUSG00000027544	69	0	0	0	0	NA	NA	NA
ENSMUST00000029060.11	ENSMUSG00000027546	51	0	0	0	0	NA	NA	NA
ENSMUST00000109162.9	ENSMUSG00000027551	423	4	1	1	117	92	94	45
ENSMUST00000063710.13	ENSMUSG00000052056	521	2	0	1	41	29	244	126
ENSMUST00000028995.5	ENSMUSG00000027495	97	0	0	0	0	NA	NA	NA
ENSMUST00000009143.8	ENSMUSG00000008999	252	1	0	1	13	13	120	90
ENSMUST00000029013.10	ENSMUSG00000027509	265	0	0	0	0	NA	NA	NA
ENSMUST00000173393.8	ENSMUSG00000027510	432	1	0	1	6	6	400	11
ENSMUST00000036248.13	ENSMUSG00000038400	349	2	0	1	117	93	60	7
ENSMUST00000029024.10	ENSMUSG00000027519	346	2	0	1	28	16	109	35
ENSMUST00000067530.6	ENSMUSG00000054455	182	0	0	0	0	NA	NA	NA
ENSMUST00000087908.10	ENSMUSG00000027522	136	0	0	0	0	NA	NA	NA
ENSMUST00000044415.16	ENSMUSG00000039263	74	0	0	0	0	NA	NA	NA
ENSMUST00000185956.7	ENSMUSG00000027523	3	0	0	0	0	NA	NA	NA
ENSMUST00000016401.15	ENSMUSG00000016257	218	1	0	1	38	38	75	26
ENSMUST00000000314.13	ENSMUSG00000000305	191	0	0	0	0	NA	NA	NA
ENSMUST00000055485.12	ENSMUSG00000039108	199	0	0	0	0	NA	NA	NA
ENSMUST00000041126.9	ENSMUSG00000039086	291	2	0	1	19	15	217	15
ENSMUST00000040668.9	ENSMUSG00000039050	261	1	0	1	3	3	207	42
ENSMUST00000169630.8	ENSMUSG00000027569	431	5	0	1	109	59	2	182
ENSMUST00000029087.4	ENSMUSG00000049401	236	0	0	0	0	NA	NA	NA
ENSMUST00000087517.10	ENSMUSG00000038914	577	5	0	1	69	30	77	44
ENSMUST00000029090.9	ENSMUSG00000027573	246	0	0	0	0	NA	NA	NA
ENSMUST00000037299.15	ENSMUSG00000038848	239	0	1	1	0	NA	232	NA
ENSMUST00000029092.13	ENSMUSG00000027575	313	0	0	0	0	NA	NA	NA
ENSMUST00000067120.14	ENSMUSG00000027577	232	1	0	1	21	21	149	17
ENSMUST00000055990.9	ENSMUSG00000016349	366	0	0	0	0	NA	NA	NA
ENSMUST00000049032.13	ENSMUSG00000038705	194	0	0	0	0	NA	NA	NA
ENSMUST00000127988.8	ENSMUSG00000038671	200	1	0	1	17	17	49	97
ENSMUST00000029106.13	ENSMUSG00000027583	204	1	0	1	6	6	159	24
ENSMUST00000069712.9	ENSMUSG00000000827	115	0	0	0	0	NA	NA	NA
ENSMUST00000072334.12	ENSMUSG00000000826	224	0	0	0	0	NA	NA	NA
ENSMUST00000108789.9	ENSMUSG00000000823	385	1	0	1	38	38	37	231
ENSMUST00000060173.9	ENSMUSG00000038605	190	0	0	0	0	NA	NA	NA
ENSMUST00000136481.8	ENSMUSG00000002455	145	0	0	0	0	NA	NA	NA
ENSMUST00000029116.14	ENSMUSG00000027589	339	1	0	1	53	53	40	137
ENSMUST00000028999.12	ENSMUSG00000027499	110	0	1	1	0	NA	91	NA
ENSMUST00000051064.9	ENSMUSG00000043542	29	0	0	0	0	NA	NA	NA
ENSMUST00000029002.9	ENSMUSG00000027500	252	3	0	1	39	20	19	119
ENSMUST00000042412.5	ENSMUSG00000040289	386	3	0	1	86	71	103	67
ENSMUST00000091354.12	ENSMUSG00000027506	64	1	0	1	9	9	33	1
ENSMUST00000155203.2	ENSMUSG00000069114	528	1	0	1	7	7	28	476
ENSMUST00000161949.8	ENSMUSG00000027508	678	4	0	1	53	42	10	30
ENSMUST00000029046.9	ENSMUSG00000027533	92	0	1	1	0	NA	24	NA
ENSMUST00000065938.15	ENSMUSG00000027531	121	0	1	1	0	NA	9	NA
ENSMUST00000029049.7	ENSMUSG00000027536	125	0	1	1	0	NA	5	NA
ENSMUST00000029047.12	ENSMUSG00000027534	272	1	0	1	8	8	198	47
ENSMUST00000169079.8	ENSMUSG00000027550	111	0	0	0	0	NA	NA	NA
ENSMUST00000029069.13	ENSMUSG00000027552	179	0	0	0	0	NA	NA	NA
ENSMUST00000029071.9	ENSMUSG00000027555	82	0	0	0	0	NA	NA	NA
ENSMUST00000029078.9	ENSMUSG00000027562	325	0	0	0	0	NA	NA	NA
ENSMUST00000108345.9	ENSMUSG00000047213	285	0	0	0	0	NA	NA	NA
ENSMUST00000035625.7	ENSMUSG00000039519	135	0	0	0	0	NA	NA	NA
ENSMUST00000029125.10	ENSMUSG00000027599	194	3	0	1	20	14	118	3
ENSMUST00000117529.8	ENSMUSG00000027601	296	2	3	1	6	3	50	39
ENSMUST00000099195.10	ENSMUSG00000069094	321	0	0	0	0	NA	NA	NA
ENSMUST00000012580.13	ENSMUSG00000027615	50	0	0	0	0	NA	NA	NA
ENSMUST00000002502.12	ENSMUSG00000002428	177	0	0	0	0	NA	NA	NA
ENSMUST00000178328.8	ENSMUSG00000019528	92	0	0	0	0	NA	NA	NA
ENSMUST00000193734.6	ENSMUSG00000027630	525	5	0	1	49	18	408	2
ENSMUST00000108300.8	ENSMUSG00000027699	167	1	0	1	11	11	54	77
ENSMUST00000046515.15	ENSMUSG00000027698	113	0	0	0	0	NA	NA	NA
ENSMUST00000046383.12	ENSMUSG00000039304	119	0	1	1	0	NA	31	NA
ENSMUST00000195008.6	ENSMUSG00000039286	133	0	1	1	0	NA	129	NA
ENSMUST00000123539.8	ENSMUSG00000027695	195	1	1	1	30	30	39	63
ENSMUST00000060500.9	ENSMUSG00000050192	174	0	0	0	0	NA	NA	NA
ENSMUST00000192715.6	ENSMUSG00000037730	662	9	0	1	206	54	70	59
ENSMUST00000108249.9	ENSMUSG00000037643	238	0	0	0	0	NA	NA	NA
ENSMUST00000029194.12	ENSMUSG00000027660	725	7	0	1	138	46	20	15
ENSMUST00000029199.11	ENSMUSG00000027663	232	0	1	1	0	NA	210	NA
ENSMUST00000108243.8	ENSMUSG00000027665	206	1	0	1	1	1	179	21
ENSMUST00000091257.11	ENSMUSG00000027668	238	1	0	1	14	14	27	166
ENSMUST00000155737.8	ENSMUSG00000027669	186	0	0	0	0	NA	NA	NA
ENSMUST00000029214.14	ENSMUSG00000027671	349	3	0	1	81	67	76	2
ENSMUST00000072312.12	ENSMUSG00000056900	165	0	0	0	0	NA	NA	NA
ENSMUST00000108210.9	ENSMUSG00000027677	28	0	0	0	0	NA	NA	NA
ENSMUST00000108195.10	ENSMUSG00000027679	133	0	1	1	0	NA	99	NA
ENSMUST00000029257.15	ENSMUSG00000037400	250	1	0	1	6	6	93	136
ENSMUST00000108182.10	ENSMUSG00000027708	685	6	1	1	282	69	69	76
ENSMUST00000029266.14	ENSMUSG00000027712	350	3	0	1	47	26	8	218
ENSMUST00000029269.12	ENSMUSG00000027714	80	0	0	0	0	NA	NA	NA
ENSMUST00000029270.10	ENSMUSG00000027715	327	0	0	0	0	NA	NA	NA
ENSMUST00000099130.9	ENSMUSG00000050174	20	0	0	0	0	NA	NA	NA
ENSMUST00000108112.10	ENSMUSG00000027722	445	0	0	0	0	NA	NA	NA
ENSMUST00000108109.8	ENSMUSG00000037211	462	4	2	1	61	36	82	25
ENSMUST00000120875.8	ENSMUSG00000044864	956	17	0	1	239	39	256	35
ENSMUST00000204702.3	ENSMUSG00000025757	248	0	0	0	0	NA	NA	NA
ENSMUST00000026858.11	ENSMUSG00000025758	235	1	1	1	28	28	47	101
ENSMUST00000026859.11	ENSMUSG00000025759	180	0	0	0	0	NA	NA	NA
ENSMUST00000058578.8	ENSMUSG00000049940	52	0	0	0	0	NA	NA	NA
ENSMUST00000191952.2	ENSMUSG00000025764	117	0	0	0	0	NA	NA	NA
ENSMUST00000035931.13	ENSMUSG00000037892	452	3	0	1	60	29	162	33
ENSMUST00000029297.6	ENSMUSG00000027737	350	1	0	1	35	35	38	204
ENSMUST00000144826.2	ENSMUSG00000023087	7607	129	0	1	11731	1070	100	5
ENSMUST00000194641.6	ENSMUSG00000037174	496	4	0	1	64	30	311	44
ENSMUST00000029303.13	ENSMUSG00000063273	307	0	0	0	0	NA	NA	NA
ENSMUST00000054387.8	ENSMUSG00000027739	366	0	0	0	0	NA	NA	NA
ENSMUST00000037141.9	ENSMUSG00000037111	322	1	0	1	51	51	2	164
ENSMUST00000053764.7	ENSMUSG00000044167	466	0	0	0	0	NA	NA	NA
ENSMUST00000036665.10	ENSMUSG00000027742	39	0	0	0	0	NA	NA	NA
ENSMUST00000056749.14	ENSMUSG00000042997	189	0	0	0	0	NA	NA	NA
ENSMUST00000058577.5	ENSMUSG00000049504	609	2	0	1	64	60	38	41
ENSMUST00000146598.8	ENSMUSG00000027746	80	0	0	0	0	NA	NA	NA
ENSMUST00000170552.6	ENSMUSG00000027751	186	2	0	1	21	11	31	36
ENSMUST00000044567.4	ENSMUSG00000036632	45	0	0	0	0	NA	NA	NA
ENSMUST00000029371.3	ENSMUSG00000027796	319	1	0	1	18	18	215	47
ENSMUST00000044373.6	ENSMUSG00000036615	116	0	0	0	0	NA	NA	NA
ENSMUST00000107971.9	ENSMUSG00000036580	91	0	0	0	0	NA	NA	NA
ENSMUST00000196745.5	ENSMUSG00000027797	408	2	0	1	11	10	156	127
ENSMUST00000029374.8	ENSMUSG00000027799	466	0	1	1	0	NA	359	NA
ENSMUST00000171384.8	ENSMUSG00000027800	101	0	0	0	0	NA	NA	NA
ENSMUST00000029380.14	ENSMUSG00000027803	232	2	0	1	33	32	20	113
ENSMUST00000160959.8	ENSMUSG00000036513	62	0	0	0	0	NA	NA	NA
ENSMUST00000041826.14	ENSMUSG00000036503	151	1	0	1	4	4	75	61
ENSMUST00000066882.10	ENSMUSG00000027805	597	1	0	1	11	11	13	548
ENSMUST00000199164.2	ENSMUSG00000027806	969	2	0	1	20	12	423	123
ENSMUST00000029385.9	ENSMUSG00000027808	399	0	0	0	0	NA	NA	NA
ENSMUST00000107924.3	ENSMUSG00000075700	101	0	0	0	0	NA	NA	NA
ENSMUST00000070368.8	ENSMUSG00000036432	585	0	1	1	0	NA	566	NA
ENSMUST00000193517.6	ENSMUSG00000027763	600	4	0	1	50	42	30	233
ENSMUST00000029331.7	ENSMUSG00000027765	647	4	1	1	79	55	41	15
ENSMUST00000029336.6	ENSMUSG00000027770	65	0	0	0	0	NA	NA	NA
ENSMUST00000194150.6	ENSMUSG00000027820	328	1	1	1	78	78	82	9
ENSMUST00000161659.8	ENSMUSG00000027822	476	0	0	0	0	NA	NA	NA
ENSMUST00000029405.8	ENSMUSG00000027823	178	0	0	0	0	NA	NA	NA
ENSMUST00000049230.11	ENSMUSG00000027827	388	3	0	1	28	18	35	292
ENSMUST00000029414.12	ENSMUSG00000027828	86	0	0	0	0	NA	NA	NA
ENSMUST00000047906.10	ENSMUSG00000034640	264	1	0	1	14	14	87	132
ENSMUST00000029416.14	ENSMUSG00000027829	121	0	0	0	0	NA	NA	NA
ENSMUST00000029422.14	ENSMUSG00000027833	215	0	1	1	0	NA	103	NA
ENSMUST00000162036.8	ENSMUSG00000034544	155	0	1	1	0	NA	99	NA
ENSMUST00000077916.12	ENSMUSG00000048416	119	0	0	0	0	NA	NA	NA
ENSMUST00000058981.3	ENSMUSG00000047557	212	0	0	0	0	NA	NA	NA
ENSMUST00000107812.8	ENSMUSG00000027778	157	1	0	1	26	26	30	46
ENSMUST00000107802.8	ENSMUSG00000034317	221	0	0	0	0	NA	NA	NA
ENSMUST00000194558.6	ENSMUSG00000027782	292	0	0	0	0	NA	NA	NA
ENSMUST00000029355.9	ENSMUSG00000027784	706	1	0	1	75	75	179	299
ENSMUST00000029358.15	ENSMUSG00000027787	152	0	0	0	0	NA	NA	NA
ENSMUST00000161137.8	ENSMUSG00000027835	258	1	0	1	17	17	204	0
ENSMUST00000029423.9	ENSMUSG00000027834	114	0	0	0	0	NA	NA	NA
ENSMUST00000117242.8	ENSMUSG00000034109	651	4	0	1	91	38	27	71
ENSMUST00000118100.8	ENSMUSG00000062232	62	0	3	1	0	NA	24	NA
ENSMUST00000133154.7	ENSMUSG00000061175	193	2	0	1	52	41	16	51
ENSMUST00000029382.13	ENSMUSG00000027804	108	0	0	0	0	NA	NA	NA
ENSMUST00000029386.14	ENSMUSG00000027809	312	4	0	1	117	61	28	78
ENSMUST00000029654.15	ENSMUSG00000028020	173	0	0	0	0	NA	NA	NA
ENSMUST00000029652.4	ENSMUSG00000028019	1021	2	0	1	70	43	868	21
ENSMUST00000091014.10	ENSMUSG00000033900	259	1	0	1	11	11	201	22
ENSMUST00000150268.8	ENSMUSG00000027998	124	0	0	0	0	NA	NA	NA
ENSMUST00000191758.6	ENSMUSG00000033767	75	0	0	0	0	NA	NA	NA
ENSMUST00000054990.11	ENSMUSG00000027993	128	1	0	1	5	5	59	51
ENSMUST00000107675.8	ENSMUSG00000028086	173	1	0	1	3	3	122	39
ENSMUST00000127348.8	ENSMUSG00000028085	25	0	0	0	0	NA	NA	NA
ENSMUST00000118408.8	ENSMUSG00000051000	297	8	1	1	81	20	22	15
ENSMUST00000238331.2	ENSMUSG00000028082	840	6	1	1	76	27	49	68
ENSMUST00000107635.7	ENSMUSG00000028080	295	0	0	0	0	NA	NA	NA
ENSMUST00000119109.8	ENSMUSG00000003382	263	0	1	1	0	NA	193	NA
ENSMUST00000039476.15	ENSMUSG00000041977	1186	4	0	1	36	15	351	140
ENSMUST00000005015.10	ENSMUSG00000004895	266	1	0	1	6	6	109	136
ENSMUST00000005017.15	ENSMUSG00000004897	307	0	0	0	0	NA	NA	NA
ENSMUST00000119968.8	ENSMUSG00000019710	372	0	0	0	0	NA	NA	NA
ENSMUST00000005016.16	ENSMUSG00000004896	178	0	1	1	0	NA	108	NA
ENSMUST00000055984.7	ENSMUSG00000048039	451	4	0	1	45	18	302	39
ENSMUST00000071812.11	ENSMUSG00000028068	85	0	0	0	0	NA	NA	NA
ENSMUST00000107558.9	ENSMUSG00000001419	234	2	0	1	6	4	131	59
ENSMUST00000001452.14	ENSMUSG00000001416	120	0	0	0	0	NA	NA	NA
ENSMUST00000177005.8	ENSMUSG00000001418	59	1	0	1	1	1	13	40
ENSMUST00000001451.11	ENSMUSG00000001415	164	1	0	1	30	30	43	28
ENSMUST00000193433.6	ENSMUSG00000050144	276	2	1	1	49	27	11	171
ENSMUST00000029699.13	ENSMUSG00000028063	232	0	0	0	0	NA	NA	NA
ENSMUST00000008748.8	ENSMUSG00000008604	47	0	0	0	0	NA	NA	NA
ENSMUST00000195014.6	ENSMUSG00000041355	79	0	0	0	0	NA	NA	NA
ENSMUST00000029696.11	ENSMUSG00000028060	47	0	0	0	0	NA	NA	NA
ENSMUST00000029692.15	ENSMUSG00000028057	159	0	1	1	0	NA	9	NA
ENSMUST00000107505.8	ENSMUSG00000068923	727	7	0	1	138	105	5	41
ENSMUST00000107498.9	ENSMUSG00000054199	92	1	0	1	7	7	67	1
ENSMUST00000186583.7	ENSMUSG00000028053	474	2	0	1	30	21	382	26
ENSMUST00000249939.1	ENSMUSG00000068917	267	0	0	0	0	NA	NA	NA
ENSMUST00000120697.8	ENSMUSG00000028049	102	0	0	0	0	NA	NA	NA
ENSMUST00000041913.13	ENSMUSG00000032657	521	5	2	1	189	84	12	122
ENSMUST00000077367.11	ENSMUSG00000028048	174	1	0	1	28	28	41	46
ENSMUST00000029682.11	ENSMUSG00000028047	66	0	0	0	0	NA	NA	NA
ENSMUST00000040888.12	ENSMUSG00000042747	546	6	3	1	44	16	33	248
ENSMUST00000029565.11	ENSMUSG00000027953	105	0	0	0	0	NA	NA	NA
ENSMUST00000029566.9	ENSMUSG00000027954	103	0	0	0	0	NA	NA	NA
ENSMUST00000029674.8	ENSMUSG00000028040	78	0	0	0	0	NA	NA	NA
ENSMUST00000029676.12	ENSMUSG00000028041	109	0	0	0	0	NA	NA	NA
ENSMUST00000107433.8	ENSMUSG00000028042	133	0	0	0	0	NA	NA	NA
ENSMUST00000129308.9	ENSMUSG00000042642	216	3	0	1	27	16	18	89
ENSMUST00000029679.4	ENSMUSG00000028044	170	0	1	1	0	NA	21	NA
ENSMUST00000094378.10	ENSMUSG00000042626	223	1	1	1	6	6	28	174
ENSMUST00000038942.10	ENSMUSG00000042613	109	0	0	0	0	NA	NA	NA
ENSMUST00000029563.14	ENSMUSG00000027951	63	0	0	0	0	NA	NA	NA
ENSMUST00000038356.13	ENSMUSG00000042572	96	0	0	0	0	NA	NA	NA
ENSMUST00000029559.7	ENSMUSG00000027947	123	0	0	0	0	NA	NA	NA
ENSMUST00000168276.8	ENSMUSG00000060671	388	3	0	1	56	33	103	1
ENSMUST00000079724.9	ENSMUSG00000027944	117	0	1	1	0	NA	76	NA
ENSMUST00000064639.15	ENSMUSG00000042520	126	0	0	0	0	NA	NA	NA
ENSMUST00000029546.15	ENSMUSG00000027937	361	3	0	1	76	48	3	89
ENSMUST00000015467.9	ENSMUSG00000052310	119	1	0	1	2	2	67	43
ENSMUST00000029545.15	ENSMUSG00000027936	243	1	0	1	32	32	15	129
ENSMUST00000098914.10	ENSMUSG00000042404	143	0	0	0	0	NA	NA	NA
ENSMUST00000199754.5	ENSMUSG00000042390	248	0	0	0	0	NA	NA	NA
ENSMUST00000071488.8	ENSMUSG00000027933	353	0	0	0	0	NA	NA	NA
ENSMUST00000001042.10	ENSMUSG00000001016	94	0	0	0	0	NA	NA	NA
ENSMUST00000149884.2	ENSMUSG00000001018	59	0	0	0	0	NA	NA	NA
ENSMUST00000049937.13	ENSMUSG00000001017	325	0	0	0	0	NA	NA	NA
ENSMUST00000001046.7	ENSMUSG00000001020	51	0	0	0	0	NA	NA	NA
ENSMUST00000029515.5	ENSMUSG00000027907	74	0	0	0	0	NA	NA	NA
ENSMUST00000045756.14	ENSMUSG00000041959	152	0	0	0	0	NA	NA	NA
ENSMUST00000049822.10	ENSMUSG00000028145	128	0	0	0	0	NA	NA	NA
ENSMUST00000166032.8	ENSMUSG00000041912	116	0	1	1	0	NA	91	NA
ENSMUST00000006123.11	ENSMUSG00000005968	87	0	0	0	0	NA	NA	NA
ENSMUST00000238849.2	ENSMUSG00000068876	169	1	0	1	1	1	152	11
ENSMUST00000249403.1	ENSMUSG00000038902	127	0	0	0	0	NA	NA	NA
ENSMUST00000090839.12	ENSMUSG00000068874	103	0	0	0	0	NA	NA	NA
ENSMUST00000107260.9	ENSMUSG00000005774	250	2	1	1	34	18	159	34
ENSMUST00000125476.8	ENSMUSG00000038861	72	1	1	1	4	4	44	13
ENSMUST00000019482.8	ENSMUSG00000019338	145	0	0	0	0	NA	NA	NA
ENSMUST00000107237.8	ENSMUSG00000005625	81	0	1	1	0	NA	8	NA
ENSMUST00000107233.9	ENSMUSG00000028126	479	2	0	1	87	69	43	113
ENSMUST00000066386.6	ENSMUSG00000053769	729	9	0	1	365	114	39	44
ENSMUST00000107209.8	ENSMUSG00000038766	208	4	1	1	18	12	4	1
ENSMUST00000065482.6	ENSMUSG00000053192	600	2	0	1	41	35	112	245
ENSMUST00000053872.12	ENSMUSG00000046722	388	0	0	0	0	NA	NA	NA
ENSMUST00000015855.8	ENSMUSG00000015711	453	4	0	1	47	37	37	118
ENSMUST00000015858.12	ENSMUSG00000015714	263	0	0	0	0	NA	NA	NA
ENSMUST00000015841.12	ENSMUSG00000015697	183	0	0	0	0	NA	NA	NA
ENSMUST00000102749.11	ENSMUSG00000015522	149	0	0	0	0	NA	NA	NA
ENSMUST00000015667.9	ENSMUSG00000038642	114	2	1	1	33	32	13	2
ENSMUST00000177390.8	ENSMUSG00000046519	207	0	1	1	0	NA	33	NA
ENSMUST00000058230.13	ENSMUSG00000038619	109	0	0	0	0	NA	NA	NA
ENSMUST00000178686.2	ENSMUSG00000038612	NA	NA	NA	NA	NA	NA	NA	NA
ENSMUST00000117782.8	ENSMUSG00000015850	293	2	0	1	18	15	197	48
ENSMUST00000029753.14	ENSMUSG00000028108	125	0	0	0	0	NA	NA	NA
ENSMUST00000015892.14	ENSMUSG00000015748	186	0	0	0	0	NA	NA	NA
ENSMUST00000056710.10	ENSMUSG00000015750	116	0	0	0	0	NA	NA	NA
ENSMUST00000165307.8	ENSMUSG00000015749	351	1	0	1	9	9	35	286
ENSMUST00000015889.10	ENSMUSG00000015745	204	1	0	1	15	15	111	45
ENSMUST00000090785.9	ENSMUSG00000038495	417	3	1	1	49	28	227	7
ENSMUST00000076372.5	ENSMUSG00000068856	242	1	0	1	19	19	103	79
ENSMUST00000035371.9	ENSMUSG00000038486	500	0	0	0	0	NA	NA	NA
ENSMUST00000074519.13	ENSMUSG00000038393	279	0	0	0	0	NA	NA	NA
ENSMUST00000091924.10	ENSMUSG00000028104	140	0	0	0	0	NA	NA	NA
ENSMUST00000062058.5	ENSMUSG00000049288	33	0	0	0	0	NA	NA	NA
ENSMUST00000118557.8	ENSMUSG00000028102	258	2	0	1	12	9	22	143
ENSMUST00000064900.16	ENSMUSG00000028101	89	0	1	1	0	NA	79	NA
ENSMUST00000029740.14	ENSMUSG00000028098	145	0	0	0	0	NA	NA	NA
ENSMUST00000046521.14	ENSMUSG00000038256	626	5	0	1	103	68	154	41
ENSMUST00000029730.5	ENSMUSG00000028089	32	0	0	0	0	NA	NA	NA
ENSMUST00000045743.13	ENSMUSG00000038205	183	0	0	0	0	NA	NA	NA
ENSMUST00000168438.9	ENSMUSG00000038170	37	0	0	0	0	NA	NA	NA
ENSMUST00000029476.9	ENSMUSG00000027879	156	0	0	0	0	NA	NA	NA
ENSMUST00000079812.8	ENSMUSG00000027878	161	0	1	1	0	NA	130	NA
ENSMUST00000056096.15	ENSMUSG00000050064	135	0	0	0	0	NA	NA	NA
ENSMUST00000004343.7	ENSMUSG00000004233	31	0	0	0	0	NA	NA	NA
ENSMUST00000029459.10	ENSMUSG00000027865	349	2	0	1	17	13	210	41
ENSMUST00000008907.14	ENSMUSG00000008763	641	6	0	1	64	22	277	25
ENSMUST00000037409.13	ENSMUSG00000033233	437	5	0	1	170	62	115	47
ENSMUST00000102694.4	ENSMUSG00000027864	138	0	0	0	0	NA	NA	NA
ENSMUST00000195164.2	ENSMUSG00000042035	112	1	0	1	3	3	40	60
ENSMUST00000036493.8	ENSMUSG00000033161	270	0	0	0	0	NA	NA	NA
ENSMUST00000029453.13	ENSMUSG00000027860	296	0	0	0	0	NA	NA	NA
ENSMUST00000029451.12	ENSMUSG00000027858	468	2	0	1	16	13	169	257
ENSMUST00000029447.12	ENSMUSG00000027854	101	0	0	0	0	NA	NA	NA
ENSMUST00000029446.13	ENSMUSG00000068823	668	2	0	1	18	10	208	390
ENSMUST00000029445.13	ENSMUSG00000027852	173	0	1	1	0	NA	78	NA
ENSMUST00000029444.13	ENSMUSG00000033014	586	2	0	1	58	39	109	357
ENSMUST00000118317.8	ENSMUSG00000008730	173	1	0	1	2	2	127	37
ENSMUST00000029435.15	ENSMUSG00000027845	356	3	0	1	29	13	84	114
ENSMUST00000051139.13	ENSMUSG00000044098	331	1	0	1	10	10	12	286
ENSMUST00000117150.8	ENSMUSG00000058388	155	2	0	1	30	28	19	28
ENSMUST00000064371.14	ENSMUSG00000052539	408	0	1	1	0	NA	388	NA
ENSMUST00000046316.11	ENSMUSG00000032913	149	0	0	0	0	NA	NA	NA
ENSMUST00000046212.2	ENSMUSG00000032902	204	0	0	0	0	NA	NA	NA
ENSMUST00000196817.5	ENSMUSG00000002233	56	0	0	0	0	NA	NA	NA
ENSMUST00000106775.8	ENSMUSG00000002227	37	0	0	0	0	NA	NA	NA
ENSMUST00000059271.13	ENSMUSG00000045576	592	2	1	1	25	18	175	213
ENSMUST00000077548.12	ENSMUSG00000062127	294	3	0	1	58	31	57	76
ENSMUST00000090678.11	ENSMUSG00000068798	125	0	0	0	0	NA	NA	NA
ENSMUST00000118209.8	ENSMUSG00000000563	545	1	0	1	10	10	455	57
ENSMUST00000010278.12	ENSMUSG00000000561	215	0	0	0	0	NA	NA	NA
ENSMUST00000068301.11	ENSMUSG00000040774	198	0	0	0	0	NA	NA	NA
ENSMUST00000067630.13	ENSMUSG00000027900	262	2	0	1	19	17	157	51
ENSMUST00000098750.5	ENSMUSG00000056260	109	0	0	0	0	NA	NA	NA
ENSMUST00000199317.2	ENSMUSG00000087260	80	0	0	0	0	NA	NA	NA
ENSMUST00000061772.11	ENSMUSG00000048109	593	8	1	1	130	34	23	54
ENSMUST00000029490.15	ENSMUSG00000027893	283	0	0	0	0	NA	NA	NA
ENSMUST00000014743.10	ENSMUSG00000014599	406	2	1	1	60	55	92	61
ENSMUST00000078912.7	ENSMUSG00000027889	65	0	1	1	0	NA	6	NA
ENSMUST00000050909.7	ENSMUSG00000050947	440	3	0	1	18	13	216	46
ENSMUST00000106655.2	ENSMUSG00000048796	60	0	0	0	0	NA	NA	NA
ENSMUST00000102632.7	ENSMUSG00000068747	50	0	0	0	0	NA	NA	NA
ENSMUST00000090558.11	ENSMUSG00000068740	573	3	0	1	135	60	6	25
ENSMUST00000090553.12	ENSMUSG00000068739	66	0	0	0	0	NA	NA	NA
ENSMUST00000090546.6	ENSMUSG00000068732	186	1	0	1	3	3	13	161
ENSMUST00000143054.2	ENSMUSG00000048100	23	0	0	0	0	NA	NA	NA
ENSMUST00000051145.15	ENSMUSG00000040389	328	1	0	1	2	2	172	147
ENSMUST00000029482.16	ENSMUSG00000027883	517	3	1	1	18	10	271	117
ENSMUST00000102621.11	ENSMUSG00000027882	43	0	0	0	0	NA	NA	NA
ENSMUST00000029480.9	ENSMUSG00000027881	285	1	0	1	2	2	193	83
ENSMUST00000171143.2	ENSMUSG00000040339	286	1	0	1	11	11	200	50
ENSMUST00000029477.11	ENSMUSG00000040322	56	0	0	0	0	NA	NA	NA
ENSMUST00000046864.14	ENSMUSG00000033721	386	1	0	1	79	79	79	67
ENSMUST00000190378.2	ENSMUSG00000049300	22	0	0	0	0	NA	NA	NA
ENSMUST00000092154.10	ENSMUSG00000027981	95	0	0	0	0	NA	NA	NA
ENSMUST00000055676.4	ENSMUSG00000045092	535	1	0	1	18	18	302	176
ENSMUST00000067485.4	ENSMUSG00000054414	192	0	0	0	0	NA	NA	NA
ENSMUST00000029575.12	ENSMUSG00000027963	488	4	0	1	48	27	186	12
ENSMUST00000090464.7	ENSMUSG00000033502	547	2	0	1	104	96	152	104
ENSMUST00000000348.15	ENSMUSG00000000339	219	0	1	1	0	NA	21	NA
ENSMUST00000198311.5	ENSMUSG00000027959	106	0	0	0	0	NA	NA	NA
ENSMUST00000029570.9	ENSMUSG00000089911	199	2	1	1	13	12	46	77
ENSMUST00000040603.14	ENSMUSG00000033400	207	0	0	0	0	NA	NA	NA
ENSMUST00000040260.11	ENSMUSG00000033386	281	3	0	1	20	10	42	39
ENSMUST00000040097.14	ENSMUSG00000033377	445	5	0	1	177	97	68	1
ENSMUST00000029780.12	ENSMUSG00000028134	179	0	0	0	0	NA	NA	NA
ENSMUST00000039442.12	ENSMUSG00000039887	75	0	1	1	0	NA	59	NA
ENSMUST00000029773.13	ENSMUSG00000053931	275	0	0	0	0	NA	NA	NA
ENSMUST00000029771.13	ENSMUSG00000028128	178	0	0	0	0	NA	NA	NA
ENSMUST00000029770.8	ENSMUSG00000028127	184	0	0	0	0	NA	NA	NA
ENSMUST00000037958.14	ENSMUSG00000039831	208	2	1	1	23	14	95	15
ENSMUST00000029769.14	ENSMUSG00000028124	429	0	0	0	0	NA	NA	NA
ENSMUST00000029766.9	ENSMUSG00000028121	417	2	0	1	19	18	108	46
ENSMUST00000200389.2	ENSMUSG00000053965	1061	1	0	1	42	42	837	95
ENSMUST00000090379.7	ENSMUSG00000039701	746	10	1	1	214	54	75	40
ENSMUST00000047923.12	ENSMUSG00000039234	124	0	1	1	0	NA	110	NA
ENSMUST00000029759.16	ENSMUSG00000028114	281	0	0	0	0	NA	NA	NA
ENSMUST00000057944.12	ENSMUSG00000032854	169	0	0	0	0	NA	NA	NA
ENSMUST00000200171.5	ENSMUSG00000053819	234	0	0	0	0	NA	NA	NA
ENSMUST00000029588.10	ENSMUSG00000027968	168	2	0	1	38	21	1	26
ENSMUST00000051737.8	ENSMUSG00000074238	286	1	2	1	26	26	87	118
ENSMUST00000199273.2	ENSMUSG00000050549	141	0	0	0	0	NA	NA	NA
ENSMUST00000199910.5	ENSMUSG00000041220	325	4	0	1	61	43	32	157
ENSMUST00000029624.15	ENSMUSG00000027994	158	2	1	1	8	5	114	26
ENSMUST00000001079.15	ENSMUSG00000001052	239	0	0	0	0	NA	NA	NA
ENSMUST00000043937.9	ENSMUSG00000041084	69	0	0	0	0	NA	NA	NA
ENSMUST00000066849.13	ENSMUSG00000027985	1001	1	0	1	16	16	330	620
ENSMUST00000029610.9	ENSMUSG00000027984	94	0	0	0	0	NA	NA	NA
ENSMUST00000106337.7	ENSMUSG00000027983	97	1	1	1	1	1	29	62
ENSMUST00000090246.5	ENSMUSG00000050931	581	7	1	1	243	129	37	101
ENSMUST00000029666.14	ENSMUSG00000028032	156	0	0	0	0	NA	NA	NA
ENSMUST00000169172.5	ENSMUSG00000028030	279	1	0	1	6	6	164	94
ENSMUST00000093971.5	ENSMUSG00000040998	NA	NA	NA	NA	NA	NA	NA	NA
ENSMUST00000029651.11	ENSMUSG00000028018	267	1	3	1	77	77	20	9
ENSMUST00000029650.9	ENSMUSG00000028016	146	0	0	0	0	NA	NA	NA
ENSMUST00000098603.8	ENSMUSG00000040943	382	6	1	1	78	29	56	61
ENSMUST00000062893.12	ENSMUSG00000045328	122	0	0	0	0	NA	NA	NA
ENSMUST00000029815.8	ENSMUSG00000028165	564	3	0	1	44	23	121	340
ENSMUST00000197134.3	ENSMUSG00000078578	564	0	0	0	0	NA	NA	NA
ENSMUST00000029814.10	ENSMUSG00000028164	70	0	0	0	0	NA	NA	NA
ENSMUST00000029812.14	ENSMUSG00000028163	501	1	0	1	4	4	301	185
ENSMUST00000081978.10	ENSMUSG00000053897	485	4	0	1	95	42	100	118
ENSMUST00000056758.9	ENSMUSG00000028161	74	0	0	0	0	NA	NA	NA
ENSMUST00000053855.8	ENSMUSG00000046818	263	0	0	0	0	NA	NA	NA
ENSMUST00000041045.14	ENSMUSG00000037894	207	1	0	1	7	7	52	131
ENSMUST00000090178.10	ENSMUSG00000074212	249	0	0	0	0	NA	NA	NA
ENSMUST00000197064.5	ENSMUSG00000091512	159	1	0	1	1	1	59	94
ENSMUST00000040321.13	ENSMUSG00000004127	160	0	1	1	0	NA	154	NA
ENSMUST00000004232.10	ENSMUSG00000074207	225	1	1	1	4	4	56	154
ENSMUST00000029804.13	ENSMUSG00000005813	144	0	0	0	0	NA	NA	NA
ENSMUST00000029803.12	ENSMUSG00000028156	145	0	0	0	0	NA	NA	NA
ENSMUST00000029800.9	ENSMUSG00000028152	385	0	1	1	0	NA	372	NA
ENSMUST00000098574.9	ENSMUSG00000028149	162	0	0	0	0	NA	NA	NA
ENSMUST00000029948.15	ENSMUSG00000052430	361	2	0	1	17	9	71	44
ENSMUST00000029941.16	ENSMUSG00000028273	150	0	0	0	0	NA	NA	NA
ENSMUST00000029938.10	ENSMUSG00000028271	227	0	0	0	0	NA	NA	NA
ENSMUST00000043812.15	ENSMUSG00000004591	346	3	0	1	43	26	23	108
ENSMUST00000121796.8	ENSMUSG00000028266	152	0	0	0	0	NA	NA	NA
ENSMUST00000043325.9	ENSMUSG00000040151	324	1	0	1	2	2	297	18
ENSMUST00000163279.6	ENSMUSG00000037062	282	0	0	0	0	NA	NA	NA
ENSMUST00000098534.9	ENSMUSG00000074182	136	0	0	0	0	NA	NA	NA
ENSMUST00000029845.15	ENSMUSG00000028194	187	0	0	0	0	NA	NA	NA
ENSMUST00000039517.11	ENSMUSG00000036863	129	3	0	1	28	23	5	11
ENSMUST00000106153.9	ENSMUSG00000036825	284	2	0	1	48	45	3	126
ENSMUST00000061937.13	ENSMUSG00000028189	32	0	0	0	0	NA	NA	NA
ENSMUST00000090031.12	ENSMUSG00000068523	133	1	0	1	29	29	16	27
ENSMUST00000102515.10	ENSMUSG00000005034	277	0	0	0	0	NA	NA	NA
ENSMUST00000037942.11	ENSMUSG00000036745	397	1	1	1	1	1	277	114
ENSMUST00000197567.5	ENSMUSG00000028184	23	0	0	0	0	NA	NA	NA
ENSMUST00000029671.9	ENSMUSG00000028037	183	1	0	1	17	17	20	109
ENSMUST00000050073.13	ENSMUSG00000028035	258	0	0	0	0	NA	NA	NA
ENSMUST00000200524.5	ENSMUSG00000028034	111	1	0	1	1	1	6	99
ENSMUST00000199423.5	ENSMUSG00000039103	NA	NA	NA	NA	NA	NA	NA	NA
ENSMUST00000197748.5	ENSMUSG00000025437	202	0	0	0	0	NA	NA	NA
ENSMUST00000106103.8	ENSMUSG00000039068	368	4	0	1	41	19	3	109
ENSMUST00000045262.11	ENSMUSG00000039058	501	0	0	0	0	NA	NA	NA
ENSMUST00000159899.8	ENSMUSG00000039047	35	0	0	0	0	NA	NA	NA
ENSMUST00000200397.5	ENSMUSG00000052544	112	1	0	1	20	20	45	4
ENSMUST00000072697.13	ENSMUSG00000062908	207	0	0	0	0	NA	NA	NA
ENSMUST00000052774.8	ENSMUSG00000047583	69	0	2	1	0	NA	0	NA
ENSMUST00000192462.6	ENSMUSG00000028199	587	4	0	1	259	104	158	19
ENSMUST00000066568.6	ENSMUSG00000053870	47	0	0	0	0	NA	NA	NA
ENSMUST00000118539.2	ENSMUSG00000028179	47	0	0	0	0	NA	NA	NA
ENSMUST00000040787.13	ENSMUSG00000039988	113	0	1	1	0	NA	4	NA
ENSMUST00000072875.15	ENSMUSG00000055436	133	1	0	1	2	2	105	19
ENSMUST00000072080.10	ENSMUSG00000063052	64	1	0	1	3	3	8	44
ENSMUST00000068952.10	ENSMUSG00000028173	270	1	0	1	1	1	14	250
ENSMUST00000029891.12	ENSMUSG00000028232	266	4	0	1	104	78	25	4
ENSMUST00000052712.6	ENSMUSG00000028233	151	0	0	0	0	NA	NA	NA
ENSMUST00000041377.13	ENSMUSG00000042228	255	0	0	0	0	NA	NA	NA
ENSMUST00000084949.3	ENSMUSG00000066324	252	1	0	1	12	12	164	49
ENSMUST00000054857.13	ENSMUSG00000049119	692	2	1	1	16	10	542	117
ENSMUST00000029907.6	ENSMUSG00000028243	32	0	0	0	0	NA	NA	NA
ENSMUST00000029912.11	ENSMUSG00000028249	125	0	1	1	0	NA	31	NA
ENSMUST00000029910.12	ENSMUSG00000028245	228	1	0	1	3	3	89	127
ENSMUST00000039987.4	ENSMUSG00000041272	308	2	0	1	2	1	160	7
ENSMUST00000066674.8	ENSMUSG00000041261	87	0	0	0	0	NA	NA	NA
ENSMUST00000060232.8	ENSMUSG00000047187	219	0	0	0	0	NA	NA	NA
ENSMUST00000039267.10	ENSMUSG00000041235	328	2	0	1	47	35	145	75
ENSMUST00000078139.13	ENSMUSG00000028207	252	0	0	0	0	NA	NA	NA
ENSMUST00000054776.4	ENSMUSG00000049969	298	0	0	0	0	NA	NA	NA
ENSMUST00000058183.9	ENSMUSG00000050323	28	0	0	0	0	NA	NA	NA
ENSMUST00000029865.4	ENSMUSG00000028211	264	2	0	1	19	10	119	112
ENSMUST00000170901.8	ENSMUSG00000028212	214	1	0	1	17	17	148	12
ENSMUST00000044616.10	ENSMUSG00000040738	148	0	0	0	0	NA	NA	NA
ENSMUST00000084892.12	ENSMUSG00000045205	122	0	0	0	0	NA	NA	NA
ENSMUST00000059914.13	ENSMUSG00000040720	85	0	0	0	0	NA	NA	NA
ENSMUST00000070755.13	ENSMUSG00000078773	58	0	0	0	0	NA	NA	NA
ENSMUST00000108304.9	ENSMUSG00000028214	119	0	0	0	0	NA	NA	NA
ENSMUST00000108301.8	ENSMUSG00000049225	75	0	0	0	0	NA	NA	NA
ENSMUST00000050069.9	ENSMUSG00000046667	278	0	0	0	0	NA	NA	NA
ENSMUST00000105566.9	ENSMUSG00000006586	534	5	0	1	120	49	4	250
ENSMUST00000236953.2	ENSMUSG00000040550	122	1	0	1	9	9	42	50
ENSMUST00000029875.4	ENSMUSG00000028221	256	1	0	1	24	24	65	116
ENSMUST00000062684.9	ENSMUSG00000043252	121	1	0	1	17	17	58	9
ENSMUST00000037198.10	ENSMUSG00000041153	158	0	0	0	0	NA	NA	NA
ENSMUST00000037035.12	ENSMUSG00000041135	251	1	0	1	6	6	187	43
ENSMUST00000029881.10	ENSMUSG00000028226	263	1	0	1	7	7	36	203
ENSMUST00000029885.5	ENSMUSG00000028228	116	0	0	0	0	NA	NA	NA
ENSMUST00000108246.9	ENSMUSG00000041058	272	2	0	1	36	28	77	10
ENSMUST00000102997.8	ENSMUSG00000028252	158	0	1	1	0	NA	94	NA
ENSMUST00000065111.15	ENSMUSG00000040455	56	0	0	0	0	NA	NA	NA
ENSMUST00000029911.12	ENSMUSG00000028248	568	7	0	1	101	38	261	77
ENSMUST00000029908.8	ENSMUSG00000028246	233	0	1	1	0	NA	183	NA
ENSMUST00000102994.10	ENSMUSG00000040359	69	0	0	0	0	NA	NA	NA
ENSMUST00000041374.8	ENSMUSG00000040520	333	0	1	1	0	NA	325	NA
ENSMUST00000029964.12	ENSMUSG00000028289	253	1	1	1	5	5	144	91
ENSMUST00000037607.11	ENSMUSG00000028284	166	0	0	0	0	NA	NA	NA
ENSMUST00000108180.9	ENSMUSG00000040270	554	7	0	1	102	34	155	5
ENSMUST00000098190.10	ENSMUSG00000028278	426	0	0	0	0	NA	NA	NA
ENSMUST00000124992.8	ENSMUSG00000028277	170	0	0	0	0	NA	NA	NA
ENSMUST00000049357.10	ENSMUSG00000040128	113	1	0	1	16	16	26	36
ENSMUST00000108153.9	ENSMUSG00000028274	150	1	0	1	6	6	56	73
ENSMUST00000084299.6	ENSMUSG00000028291	108	0	0	0	0	NA	NA	NA
ENSMUST00000048706.10	ENSMUSG00000040044	35	0	0	0	0	NA	NA	NA
ENSMUST00000029968.14	ENSMUSG00000028292	34	0	0	0	0	NA	NA	NA
ENSMUST00000029970.14	ENSMUSG00000028293	179	0	1	1	0	NA	138	NA
ENSMUST00000102975.10	ENSMUSG00000073910	435	3	0	1	69	48	44	143
ENSMUST00000108127.4	ENSMUSG00000028300	152	2	1	1	3	2	113	16
ENSMUST00000102973.4	ENSMUSG00000028405	491	2	0	1	34	33	31	329
ENSMUST00000042575.7	ENSMUSG00000036822	174	2	0	1	50	35	33	33
ENSMUST00000030119.10	ENSMUSG00000028411	65	0	0	0	0	NA	NA	NA
ENSMUST00000030118.10	ENSMUSG00000028410	164	0	0	0	0	NA	NA	NA
ENSMUST00000030117.5	ENSMUSG00000028409	121	0	0	0	0	NA	NA	NA
ENSMUST00000030121.13	ENSMUSG00000028413	200	0	0	0	0	NA	NA	NA
ENSMUST00000030125.5	ENSMUSG00000028416	41	0	0	0	0	NA	NA	NA
ENSMUST00000030128.6	ENSMUSG00000028419	201	0	1	1	0	NA	107	NA
ENSMUST00000098143.11	ENSMUSG00000028423	129	0	0	0	0	NA	NA	NA
ENSMUST00000055327.8	ENSMUSG00000028435	74	0	0	0	0	NA	NA	NA
ENSMUST00000030138.9	ENSMUSG00000028430	210	3	0	1	19	12	56	56
ENSMUST00000040008.4	ENSMUSG00000036241	327	0	0	0	0	NA	NA	NA
ENSMUST00000030143.13	ENSMUSG00000028433	134	0	0	0	0	NA	NA	NA
ENSMUST00000030145.9	ENSMUSG00000028436	324	0	2	1	0	NA	251	NA
ENSMUST00000072866.12	ENSMUSG00000028437	243	2	0	1	32	28	2	93
ENSMUST00000108055.9	ENSMUSG00000028438	155	0	0	0	0	NA	NA	NA
ENSMUST00000030154.7	ENSMUSG00000028443	37	0	0	0	0	NA	NA	NA
ENSMUST00000108049.9	ENSMUSG00000028439	273	0	0	0	0	NA	NA	NA
ENSMUST00000102961.10	ENSMUSG00000028444	222	1	0	1	8	8	191	4
ENSMUST00000038434.4	ENSMUSG00000036114	115	0	0	0	0	NA	NA	NA
ENSMUST00000059354.15	ENSMUSG00000036078	107	0	0	0	0	NA	NA	NA
ENSMUST00000084695.12	ENSMUSG00000036073	400	6	1	1	101	44	41	75
ENSMUST00000098112.9	ENSMUSG00000036052	172	0	0	0	0	NA	NA	NA
ENSMUST00000030164.8	ENSMUSG00000028452	329	1	0	1	10	10	51	245
ENSMUST00000098109.10	ENSMUSG00000028454	683	8	2	1	203	80	68	79
ENSMUST00000030169.15	ENSMUSG00000028455	337	2	0	1	47	30	88	83
ENSMUST00000107958.8	ENSMUSG00000036002	542	4	0	1	105	49	8	15
ENSMUST00000207569.2	ENSMUSG00000028456	295	2	0	1	43	25	43	67
ENSMUST00000035645.13	ENSMUSG00000035969	313	1	2	1	15	15	237	23
ENSMUST00000060864.13	ENSMUSG00000028458	1496	14	0	1	380	79	19	26
ENSMUST00000030181.12	ENSMUSG00000028461	69	0	0	0	0	NA	NA	NA
ENSMUST00000054538.13	ENSMUSG00000051517	88	0	0	0	0	NA	NA	NA
ENSMUST00000107913.10	ENSMUSG00000028464	34	0	0	0	0	NA	NA	NA
ENSMUST00000030187.14	ENSMUSG00000028465	326	0	0	0	0	NA	NA	NA
ENSMUST00000030189.14	ENSMUSG00000028467	526	1	0	1	26	26	262	183
ENSMUST00000107886.9	ENSMUSG00000028468	308	1	1	1	1	1	207	95
ENSMUST00000030191.15	ENSMUSG00000028469	250	0	0	0	0	NA	NA	NA
ENSMUST00000107865.9	ENSMUSG00000078716	1050	7	2	1	120	41	57	263
ENSMUST00000030198.7	ENSMUSG00000028476	76	0	0	0	0	NA	NA	NA
ENSMUST00000030202.14	ENSMUSG00000028480	360	1	0	1	45	45	169	53
ENSMUST00000107851.10	ENSMUSG00000028478	114	0	0	0	0	NA	NA	NA
ENSMUST00000102936.9	ENSMUSG00000028479	459	3	0	1	85	59	65	28
ENSMUST00000098098.9	ENSMUSG00000035696	282	0	3	1	0	NA	151	NA
ENSMUST00000045607.12	ENSMUSG00000035683	235	0	0	0	0	NA	NA	NA
ENSMUST00000107824.9	ENSMUSG00000035649	149	0	0	0	0	NA	NA	NA
ENSMUST00000045078.13	ENSMUSG00000035637	57	0	0	0	0	NA	NA	NA
ENSMUST00000055028.9	ENSMUSG00000049657	175	0	0	0	0	NA	NA	NA
ENSMUST00000133157.8	ENSMUSG00000028318	89	0	1	1	0	NA	45	NA
ENSMUST00000052236.13	ENSMUSG00000048232	121	0	0	0	0	NA	NA	NA
ENSMUST00000107810.3	ENSMUSG00000078713	81	0	0	0	0	NA	NA	NA
ENSMUST00000044673.9	ENSMUSG00000035601	97	0	0	0	0	NA	NA	NA
ENSMUST00000155551.8	ENSMUSG00000035572	67	0	0	0	0	NA	NA	NA
ENSMUST00000116341.4	ENSMUSG00000045973	223	2	1	1	58	36	75	37
ENSMUST00000061986.12	ENSMUSG00000044813	70	1	0	1	13	13	15	13
ENSMUST00000102929.2	ENSMUSG00000035517	210	0	0	0	0	NA	NA	NA
ENSMUST00000107773.3	ENSMUSG00000028328	424	0	0	0	0	NA	NA	NA
ENSMUST00000107772.8	ENSMUSG00000035495	139	0	0	0	0	NA	NA	NA
ENSMUST00000030014.9	ENSMUSG00000028330	240	0	0	0	0	NA	NA	NA
ENSMUST00000102926.5	ENSMUSG00000028333	394	1	0	1	8	8	195	172
ENSMUST00000030018.5	ENSMUSG00000028334	111	0	1	1	0	NA	104	NA
ENSMUST00000046897.13	ENSMUSG00000039853	61	0	0	0	0	NA	NA	NA
ENSMUST00000030021.14	ENSMUSG00000028337	338	2	2	1	65	36	157	60
ENSMUST00000084621.12	ENSMUSG00000039813	175	0	0	0	0	NA	NA	NA
ENSMUST00000007757.15	ENSMUSG00000007613	90	0	0	0	0	NA	NA	NA
ENSMUST00000044148.3	ENSMUSG00000039740	47	0	0	0	0	NA	NA	NA
ENSMUST00000065678.6	ENSMUSG00000053317	93	0	0	0	0	NA	NA	NA
ENSMUST00000030025.10	ENSMUSG00000028341	743	3	0	1	189	131	4	203
ENSMUST00000107720.9	ENSMUSG00000061455	95	0	0	0	0	NA	NA	NA
ENSMUST00000030028.5	ENSMUSG00000028343	118	0	0	0	0	NA	NA	NA
ENSMUST00000030029.10	ENSMUSG00000028344	198	0	0	0	0	NA	NA	NA
ENSMUST00000061135.8	ENSMUSG00000039693	96	0	0	0	0	NA	NA	NA
ENSMUST00000042964.13	ENSMUSG00000039634	216	2	0	1	64	57	34	8
ENSMUST00000167496.8	ENSMUSG00000028309	481	2	0	1	8	7	375	69
ENSMUST00000102915.10	ENSMUSG00000028312	223	2	0	1	19	13	44	137
ENSMUST00000030010.4	ENSMUSG00000015243	320	1	0	1	31	31	223	1
ENSMUST00000107651.9	ENSMUSG00000028412	13	0	0	0	0	NA	NA	NA
ENSMUST00000132151.8	ENSMUSG00000054752	127	0	0	0	0	NA	NA	NA
ENSMUST00000128667.8	ENSMUSG00000028414	296	1	2	1	3	3	66	218
ENSMUST00000030127.13	ENSMUSG00000028420	64	0	0	0	0	NA	NA	NA
ENSMUST00000098070.10	ENSMUSG00000060206	287	3	0	1	54	47	97	9
ENSMUST00000030134.9	ENSMUSG00000028426	319	2	0	1	8	7	36	85
ENSMUST00000107619.3	ENSMUSG00000003032	595	1	0	1	59	59	135	280
ENSMUST00000030140.3	ENSMUSG00000028431	186	0	0	0	0	NA	NA	NA
ENSMUST00000045142.15	ENSMUSG00000038816	74	0	0	0	0	NA	NA	NA
ENSMUST00000075637.11	ENSMUSG00000038764	183	1	0	1	9	9	129	24
ENSMUST00000030051.6	ENSMUSG00000028367	201	0	0	0	0	NA	NA	NA
ENSMUST00000107571.8	ENSMUSG00000038668	370	2	0	1	30	26	197	81
ENSMUST00000102889.10	ENSMUSG00000050812	252	0	0	0	0	NA	NA	NA
ENSMUST00000095070.4	ENSMUSG00000070972	59	0	0	0	0	NA	NA	NA
ENSMUST00000041160.13	ENSMUSG00000038607	150	0	0	0	0	NA	NA	NA
ENSMUST00000030074.8	ENSMUSG00000028381	387	0	0	0	0	NA	NA	NA
ENSMUST00000174586.8	ENSMUSG00000028382	140	0	0	0	0	NA	NA	NA
ENSMUST00000030078.12	ENSMUSG00000028383	196	1	0	1	21	21	118	12
ENSMUST00000070150.11	ENSMUSG00000045071	305	0	1	1	0	NA	255	NA
ENSMUST00000095063.11	ENSMUSG00000038544	195	1	0	1	5	5	139	38
ENSMUST00000030080.7	ENSMUSG00000028385	230	0	0	0	0	NA	NA	NA
ENSMUST00000084527.10	ENSMUSG00000066151	48	0	0	0	0	NA	NA	NA
ENSMUST00000084526.12	ENSMUSG00000066150	157	0	0	0	0	NA	NA	NA
ENSMUST00000084525.12	ENSMUSG00000066149	299	4	0	1	74	28	37	91
ENSMUST00000084524.4	ENSMUSG00000066148	78	0	0	0	0	NA	NA	NA
ENSMUST00000037820.3	ENSMUSG00000038422	275	1	0	1	9	9	30	215
ENSMUST00000107444.8	ENSMUSG00000028393	174	0	0	0	0	NA	NA	NA
ENSMUST00000030091.10	ENSMUSG00000028394	72	0	0	0	0	NA	NA	NA
ENSMUST00000098031.10	ENSMUSG00000059810	34	0	0	0	0	NA	NA	NA
ENSMUST00000107415.8	ENSMUSG00000028358	101	0	0	0	0	NA	NA	NA
ENSMUST00000084510.8	ENSMUSG00000039137	718	4	0	1	65	38	44	424
ENSMUST00000035301.7	ENSMUSG00000039105	146	0	0	0	0	NA	NA	NA
ENSMUST00000107372.8	ENSMUSG00000028364	125	0	0	0	0	NA	NA	NA
ENSMUST00000084496.3	ENSMUSG00000028373	123	0	0	0	0	NA	NA	NA
ENSMUST00000050850.14	ENSMUSG00000051675	163	2	0	1	36	25	17	23
ENSMUST00000144099.8	ENSMUSG00000039298	176	1	0	1	6	6	18	137
ENSMUST00000107359.9	ENSMUSG00000039270	106	2	2	1	30	23	14	4
ENSMUST00000072695.13	ENSMUSG00000008305	852	3	0	1	21	17	4	156
ENSMUST00000077851.10	ENSMUSG00000028397	161	4	4	1	45	17	1	54
ENSMUST00000055922.4	ENSMUSG00000048706	709	11	0	1	168	36	31	81
ENSMUST00000220807.2	ENSMUSG00000028402	63	1	0	1	3	3	10	41
ENSMUST00000050872.15	ENSMUSG00000008575	548	3	0	1	25	18	463	9
ENSMUST00000030110.15	ENSMUSG00000028403	374	4	1	1	109	55	66	54
ENSMUST00000102823.10	ENSMUSG00000038172	143	0	0	0	0	NA	NA	NA
ENSMUST00000030207.15	ENSMUSG00000028484	325	0	0	0	0	NA	NA	NA
ENSMUST00000102819.10	ENSMUSG00000038070	61	1	0	1	12	12	3	19
ENSMUST00000030212.15	ENSMUSG00000028488	136	0	0	0	0	NA	NA	NA
ENSMUST00000091064.8	ENSMUSG00000070934	251	0	0	0	0	NA	NA	NA
ENSMUST00000070607.9	ENSMUSG00000038047	242	1	1	1	22	22	100	73
ENSMUST00000000466.13	ENSMUSG00000028494	142	0	0	0	0	NA	NA	NA
ENSMUST00000078090.12	ENSMUSG00000028496	269	3	0	1	85	62	10	59
ENSMUST00000094993.3	ENSMUSG00000070923	463	1	0	1	9	9	273	160
ENSMUST00000058030.10	ENSMUSG00000062937	370	2	0	1	11	8	36	307
ENSMUST00000097981.6	ENSMUSG00000073802	242	0	0	0	0	NA	NA	NA
ENSMUST00000107116.9	ENSMUSG00000008489	112	0	0	0	0	NA	NA	NA
ENSMUST00000066774.6	ENSMUSG00000054000	91	0	0	0	0	NA	NA	NA
ENSMUST00000030313.9	ENSMUSG00000028578	92	0	1	1	0	NA	72	NA
ENSMUST00000107107.9	ENSMUSG00000028577	219	1	0	1	28	28	1	131
ENSMUST00000030311.11	ENSMUSG00000028576	176	1	0	1	17	17	119	3
ENSMUST00000075872.4	ENSMUSG00000062627	35	0	0	0	0	NA	NA	NA
ENSMUST00000107094.2	ENSMUSG00000052684	951	0	0	0	0	NA	NA	NA
ENSMUST00000030306.14	ENSMUSG00000028572	254	0	0	0	0	NA	NA	NA
ENSMUST00000075448.13	ENSMUSG00000028565	360	2	0	1	15	14	95	137
ENSMUST00000102793.11	ENSMUSG00000028563	70	0	0	0	0	NA	NA	NA
ENSMUST00000041284.10	ENSMUSG00000061859	168	0	0	0	0	NA	NA	NA
ENSMUST00000030289.9	ENSMUSG00000028560	484	3	0	1	58	51	236	32
ENSMUST00000030279.15	ENSMUSG00000028550	578	3	1	1	55	38	82	2
ENSMUST00000097961.9	ENSMUSG00000073792	163	1	0	1	5	5	112	33
ENSMUST00000146258.2	ENSMUSG00000028549	99	0	1	1	0	NA	44	NA
ENSMUST00000058351.16	ENSMUSG00000025791	152	0	0	0	0	NA	NA	NA
ENSMUST00000039630.6	ENSMUSG00000035305	428	0	1	1	0	NA	379	NA
ENSMUST00000030257.15	ENSMUSG00000028532	454	1	0	1	14	14	288	121
ENSMUST00000106955.2	ENSMUSG00000035275	131	0	0	0	0	NA	NA	NA
ENSMUST00000102781.10	ENSMUSG00000028530	316	1	0	1	5	5	252	46
ENSMUST00000102780.8	ENSMUSG00000028527	186	0	0	0	0	NA	NA	NA
ENSMUST00000106933.2	ENSMUSG00000028528	75	0	0	0	0	NA	NA	NA
ENSMUST00000097945.10	ENSMUSG00000028522	29	2	0	1	3	2	12	3
ENSMUST00000150285.8	ENSMUSG00000028521	298	0	0	0	0	NA	NA	NA
ENSMUST00000035780.4	ENSMUSG00000035069	91	0	0	0	0	NA	NA	NA
ENSMUST00000030243.8	ENSMUSG00000028518	92	0	0	0	0	NA	NA	NA
ENSMUST00000064139.8	ENSMUSG00000028517	478	0	0	0	0	NA	NA	NA
ENSMUST00000094933.6	ENSMUSG00000028514	238	1	0	1	12	12	0	199
ENSMUST00000047973.4	ENSMUSG00000034926	129	0	0	0	0	NA	NA	NA
ENSMUST00000026480.13	ENSMUSG00000025413	81	0	0	0	0	NA	NA	NA
ENSMUST00000102762.10	ENSMUSG00000034853	130	0	0	0	0	NA	NA	NA
ENSMUST00000030367.15	ENSMUSG00000061887	387	1	0	1	9	9	191	166
ENSMUST00000057043.10	ENSMUSG00000028619	351	0	0	0	0	NA	NA	NA
ENSMUST00000030360.11	ENSMUSG00000028617	272	1	0	1	51	51	13	103
ENSMUST00000106749.8	ENSMUSG00000063172	75	0	0	0	0	NA	NA	NA
ENSMUST00000139560.8	ENSMUSG00000028614	305	3	0	1	134	60	31	20
ENSMUST00000135454.8	ENSMUSG00000028608	78	0	0	0	0	NA	NA	NA
ENSMUST00000043616.7	ENSMUSG00000034636	176	0	0	0	0	NA	NA	NA
ENSMUST00000131656.2	ENSMUSG00000048351	45	0	0	0	0	NA	NA	NA
ENSMUST00000097925.9	ENSMUSG00000034610	282	3	0	1	70	57	1	107
ENSMUST00000079213.6	ENSMUSG00000063800	222	2	0	1	4	3	112	44
ENSMUST00000030320.13	ENSMUSG00000028582	151	0	0	0	0	NA	NA	NA
ENSMUST00000106657.8	ENSMUSG00000034557	472	2	0	1	35	22	335	30
ENSMUST00000030296.9	ENSMUSG00000028567	165	0	0	0	0	NA	NA	NA
ENSMUST00000102738.4	ENSMUSG00000073775	106	0	2	1	0	NA	87	NA
ENSMUST00000106644.9	ENSMUSG00000053510	63	1	0	1	8	8	36	0
ENSMUST00000102729.10	ENSMUSG00000028552	144	0	2	1	0	NA	130	NA
ENSMUST00000106618.8	ENSMUSG00000028555	56	0	0	0	0	NA	NA	NA
ENSMUST00000030284.10	ENSMUSG00000028557	443	2	0	1	49	34	24	121
ENSMUST00000102724.5	ENSMUSG00000010517	440	1	0	1	3	3	269	159
ENSMUST00000038868.14	ENSMUSG00000034401	223	0	1	1	0	NA	26	NA
ENSMUST00000030491.9	ENSMUSG00000028719	108	0	0	0	0	NA	NA	NA
ENSMUST00000030490.13	ENSMUSG00000028718	263	0	0	0	0	NA	NA	NA
ENSMUST00000106525.9	ENSMUSG00000034210	915	2	0	1	36	35	47	227
ENSMUST00000176047.8	ENSMUSG00000028710	165	0	0	0	0	NA	NA	NA
ENSMUST00000030477.4	ENSMUSG00000028709	199	0	0	0	0	NA	NA	NA
ENSMUST00000019677.12	ENSMUSG00000028708	229	1	0	1	8	8	102	100
ENSMUST00000049095.6	ENSMUSG00000034171	269	0	0	0	0	NA	NA	NA
ENSMUST00000030475.3	ENSMUSG00000028706	100	0	0	0	0	NA	NA	NA
ENSMUST00000030471.9	ENSMUSG00000028703	140	2	1	1	18	14	32	63
ENSMUST00000120083.8	ENSMUSG00000028700	651	8	0	1	215	76	60	14
ENSMUST00000239177.2	ENSMUSG00000003810	208	5	0	1	53	20	38	58
ENSMUST00000106479.8	ENSMUSG00000028696	152	1	0	1	7	7	116	12
ENSMUST00000069674.6	ENSMUSG00000055900	157	1	1	1	15	15	53	56
ENSMUST00000030460.15	ENSMUSG00000034042	1242	18	1	1	181	51	75	17
ENSMUST00000030457.12	ENSMUSG00000028693	107	0	0	0	0	NA	NA	NA
ENSMUST00000030455.15	ENSMUSG00000028692	348	1	1	1	48	48	49	152
ENSMUST00000030451.10	ENSMUSG00000028688	121	0	0	0	0	NA	NA	NA
ENSMUST00000044823.4	ENSMUSG00000033948	84	0	0	0	0	NA	NA	NA
ENSMUST00000050067.10	ENSMUSG00000046861	86	0	0	0	0	NA	NA	NA
ENSMUST00000106448.9	ENSMUSG00000028683	85	0	0	0	0	NA	NA	NA
ENSMUST00000076859.12	ENSMUSG00000028680	99	0	0	0	0	NA	NA	NA
ENSMUST00000106436.8	ENSMUSG00000028678	341	1	0	1	1	1	34	301
ENSMUST00000062824.12	ENSMUSG00000048772	123	0	0	0	0	NA	NA	NA
ENSMUST00000094853.9	ENSMUSG00000028677	236	0	0	0	0	NA	NA	NA
ENSMUST00000037127.15	ENSMUSG00000033423	231	0	0	0	0	NA	NA	NA
ENSMUST00000102687.4	ENSMUSG00000009640	105	0	0	0	0	NA	NA	NA
ENSMUST00000063857.11	ENSMUSG00000028542	190	0	0	0	0	NA	NA	NA
ENSMUST00000030266.12	ENSMUSG00000028541	480	2	2	1	39	23	123	214
ENSMUST00000030265.4	ENSMUSG00000028540	176	1	0	1	36	36	27	38
ENSMUST00000036156.6	ENSMUSG00000033365	628	3	0	1	37	19	244	74
ENSMUST00000106406.9	ENSMUSG00000033326	195	1	0	1	11	11	13	146
ENSMUST00000049074.13	ENSMUSG00000033295	351	1	0	1	27	27	198	69
ENSMUST00000006557.13	ENSMUSG00000006390	137	1	0	1	32	32	33	5
ENSMUST00000030398.10	ENSMUSG00000028645	244	1	0	1	5	5	49	177
ENSMUST00000052715.10	ENSMUSG00000045268	820	7	0	1	201	96	12	46
ENSMUST00000030395.9	ENSMUSG00000028643	217	0	0	0	0	NA	NA	NA
ENSMUST00000079644.13	ENSMUSG00000028639	241	2	1	1	71	44	22	64
ENSMUST00000030385.13	ENSMUSG00000028636	67	0	0	0	0	NA	NA	NA
ENSMUST00000044564.15	ENSMUSG00000032998	202	1	0	1	53	53	22	18
ENSMUST00000000087.13	ENSMUSG00000000085	433	6	2	1	74	23	96	67
ENSMUST00000094814.6	ENSMUSG00000070803	231	0	0	0	0	NA	NA	NA
ENSMUST00000120779.8	ENSMUSG00000032897	259	4	0	1	80	46	54	2
ENSMUST00000030375.9	ENSMUSG00000028629	525	4	0	1	86	60	188	37
ENSMUST00000043200.8	ENSMUSG00000032870	396	0	0	0	0	NA	NA	NA
ENSMUST00000058754.9	ENSMUSG00000043207	242	1	0	1	3	3	119	111
ENSMUST00000069533.12	ENSMUSG00000028656	108	0	0	0	0	NA	NA	NA
ENSMUST00000030408.12	ENSMUSG00000028655	155	0	0	0	0	NA	NA	NA
ENSMUST00000106243.8	ENSMUSG00000011257	790	0	0	0	0	NA	NA	NA
ENSMUST00000102636.4	ENSMUSG00000023075	181	0	0	0	0	NA	NA	NA
ENSMUST00000030399.7	ENSMUSG00000028646	88	0	0	0	0	NA	NA	NA
ENSMUST00000030738.8	ENSMUSG00000028907	98	0	0	0	0	NA	NA	NA
ENSMUST00000038684.6	ENSMUSG00000032643	153	0	0	0	0	NA	NA	NA
ENSMUST00000094782.10	ENSMUSG00000028894	137	2	0	1	12	11	3	9
ENSMUST00000106193.8	ENSMUSG00000028890	490	3	0	1	176	100	144	3
ENSMUST00000102628.11	ENSMUSG00000028889	96	0	0	0	0	NA	NA	NA
ENSMUST00000084296.10	ENSMUSG00000028873	235	0	0	0	0	NA	NA	NA
ENSMUST00000052183.7	ENSMUSG00000050213	81	0	0	0	0	NA	NA	NA
ENSMUST00000036188.8	ENSMUSG00000042677	108	1	2	1	1	1	37	3
ENSMUST00000035497.5	ENSMUSG00000042616	116	1	0	1	3	3	35	69
ENSMUST00000055575.8	ENSMUSG00000050188	211	0	1	1	0	NA	201	NA
ENSMUST00000094761.11	ENSMUSG00000042608	183	2	0	1	22	17	14	21
ENSMUST00000052876.3	ENSMUSG00000050212	983	8	0	1	130	26	132	98
ENSMUST00000080919.12	ENSMUSG00000043962	208	0	0	0	0	NA	NA	NA
ENSMUST00000061143.15	ENSMUSG00000028849	221	1	0	1	17	17	132	35
ENSMUST00000030660.9	ENSMUSG00000028847	171	0	0	0	0	NA	NA	NA
ENSMUST00000048391.15	ENSMUSG00000042489	179	0	0	0	0	NA	NA	NA
ENSMUST00000030642.3	ENSMUSG00000028837	125	0	0	0	0	NA	NA	NA
ENSMUST00000030637.14	ENSMUSG00000028833	406	2	0	1	66	64	153	58
ENSMUST00000047431.11	ENSMUSG00000028830	254	3	0	1	25	18	0	34
ENSMUST00000106108.9	ENSMUSG00000042446	281	0	0	0	0	NA	NA	NA
ENSMUST00000030623.8	ENSMUSG00000028820	93	0	0	0	0	NA	NA	NA
ENSMUST00000142029.2	ENSMUSG00000042380	120	0	1	1	0	NA	115	NA
ENSMUST00000097877.9	ENSMUSG00000061894	214	3	0	1	27	16	35	19
ENSMUST00000106079.10	ENSMUSG00000028796	336	2	0	1	36	34	145	20
ENSMUST00000106072.9	ENSMUSG00000028799	122	0	0	0	0	NA	NA	NA
ENSMUST00000035667.9	ENSMUSG00000041000	582	0	0	0	0	NA	NA	NA
ENSMUST00000106068.8	ENSMUSG00000028789	338	2	0	1	37	28	97	135
ENSMUST00000030583.13	ENSMUSG00000028792	120	2	0	1	20	10	15	38
ENSMUST00000106061.9	ENSMUSG00000040928	290	0	0	0	0	NA	NA	NA
ENSMUST00000106054.4	ENSMUSG00000028811	256	2	1	1	38	21	22	107
ENSMUST00000052602.6	ENSMUSG00000050390	97	1	0	1	8	8	32	38
ENSMUST00000102598.4	ENSMUSG00000057236	137	0	0	0	0	NA	NA	NA
ENSMUST00000048162.10	ENSMUSG00000040859	114	1	2	1	18	18	36	21
ENSMUST00000062356.7	ENSMUSG00000047945	249	0	0	0	0	NA	NA	NA
ENSMUST00000046425.16	ENSMUSG00000053841	101	0	0	0	0	NA	NA	NA
ENSMUST00000102590.11	ENSMUSG00000003731	87	0	0	0	0	NA	NA	NA
ENSMUST00000066257.6	ENSMUSG00000028790	136	0	0	0	0	NA	NA	NA
ENSMUST00000030578.14	ENSMUSG00000028788	986	6	0	1	82	39	357	68
ENSMUST00000044565.15	ENSMUSG00000040690	278	0	0	0	0	NA	NA	NA
ENSMUST00000105996.8	ENSMUSG00000023232	90	0	0	0	0	NA	NA	NA
ENSMUST00000070532.8	ENSMUSG00000028773	183	1	2	1	1	1	23	78
ENSMUST00000134159.3	ENSMUSG00000028772	123	2	0	1	10	6	34	10
ENSMUST00000105994.4	ENSMUSG00000074088	74	0	0	0	0	NA	NA	NA
ENSMUST00000030315.13	ENSMUSG00000028580	158	3	0	1	41	19	18	80
ENSMUST00000070478.4	ENSMUSG00000025743	134	0	0	0	0	NA	NA	NA
ENSMUST00000053819.6	ENSMUSG00000028911	147	0	0	0	0	NA	NA	NA
ENSMUST00000054917.12	ENSMUSG00000028906	6	0	0	0	0	NA	NA	NA
ENSMUST00000152796.8	ENSMUSG00000040025	377	1	0	1	13	13	22	313
ENSMUST00000168553.8	ENSMUSG00000028901	94	3	0	1	11	8	16	3
ENSMUST00000030731.11	ENSMUSG00000028899	197	2	0	1	5	3	89	20
ENSMUST00000084250.11	ENSMUSG00000028896	111	0	1	1	0	NA	37	NA
ENSMUST00000102568.10	ENSMUSG00000066043	183	0	0	0	0	NA	NA	NA
ENSMUST00000102567.4	ENSMUSG00000066042	219	0	0	0	0	NA	NA	NA
ENSMUST00000030724.9	ENSMUSG00000028893	348	1	0	1	22	22	48	231
ENSMUST00000081726.13	ENSMUSG00000028886	173	1	1	1	12	12	4	56
ENSMUST00000045550.5	ENSMUSG00000037752	81	0	0	0	0	NA	NA	NA
ENSMUST00000102561.11	ENSMUSG00000028884	122	0	0	0	0	NA	NA	NA
ENSMUST00000030702.14	ENSMUSG00000028882	57	0	1	1	0	NA	37	NA
ENSMUST00000030698.5	ENSMUSG00000028879	144	1	0	1	34	34	1	38
ENSMUST00000030696.11	ENSMUSG00000028878	120	0	0	0	0	NA	NA	NA
ENSMUST00000105915.8	ENSMUSG00000037692	636	5	2	1	129	58	2	250
ENSMUST00000084241.12	ENSMUSG00000028868	266	2	0	1	34	19	61	12
ENSMUST00000105907.9	ENSMUSG00000028857	68	0	1	1	0	NA	12	NA
ENSMUST00000043305.14	ENSMUSG00000037622	428	4	0	1	41	20	185	14
ENSMUST00000030669.8	ENSMUSG00000028854	838	3	0	1	164	151	41	31
ENSMUST00000030665.7	ENSMUSG00000028851	111	0	0	0	0	NA	NA	NA
ENSMUST00000030661.14	ENSMUSG00000028848	97	0	0	0	0	NA	NA	NA
ENSMUST00000057311.4	ENSMUSG00000047281	399	1	1	1	28	28	74	238
ENSMUST00000084238.5	ENSMUSG00000037553	80	0	0	0	0	NA	NA	NA
ENSMUST00000062118.11	ENSMUSG00000043257	374	1	0	1	57	57	36	164
ENSMUST00000105894.11	ENSMUSG00000003644	165	0	0	0	0	NA	NA	NA
ENSMUST00000105887.8	ENSMUSG00000012117	209	1	0	1	3	3	92	105
ENSMUST00000030651.9	ENSMUSG00000028843	126	0	0	0	0	NA	NA	NA
ENSMUST00000040271.12	ENSMUSG00000037443	186	0	0	0	0	NA	NA	NA
ENSMUST00000030644.8	ENSMUSG00000028840	89	0	0	0	0	NA	NA	NA
ENSMUST00000061234.14	ENSMUSG00000050890	286	3	0	1	98	71	1	2
ENSMUST00000105869.9	ENSMUSG00000037366	150	0	2	1	0	NA	88	NA
ENSMUST00000030636.11	ENSMUSG00000028832	170	0	1	1	0	NA	7	NA
ENSMUST00000081525.4	ENSMUSG00000037348	371	1	0	1	10	10	146	192
ENSMUST00000102550.10	ENSMUSG00000046671	298	3	0	1	80	57	52	10
ENSMUST00000060435.8	ENSMUSG00000050989	47	0	0	0	0	NA	NA	NA
ENSMUST00000054096.13	ENSMUSG00000037306	821	1	0	1	1	1	491	324
ENSMUST00000037828.8	ENSMUSG00000037295	124	0	0	0	0	NA	NA	NA
ENSMUST00000030628.15	ENSMUSG00000028826	228	1	0	1	3	3	106	110
ENSMUST00000030626.12	ENSMUSG00000028822	148	1	0	1	29	29	0	58
ENSMUST00000078084.7	ENSMUSG00000037266	228	1	0	1	54	54	10	53
ENSMUST00000030622.3	ENSMUSG00000028821	97	0	0	0	0	NA	NA	NA
ENSMUST00000037099.9	ENSMUSG00000037242	225	0	0	0	0	NA	NA	NA
ENSMUST00000084846.12	ENSMUSG00000028809	127	0	0	0	0	NA	NA	NA
ENSMUST00000030606.14	ENSMUSG00000059713	279	0	0	0	0	NA	NA	NA
ENSMUST00000102549.10	ENSMUSG00000028803	439	3	0	1	12	8	273	6
ENSMUST00000105853.10	ENSMUSG00000028676	480	4	0	1	89	55	70	70
ENSMUST00000030436.12	ENSMUSG00000028675	400	2	0	1	98	56	215	14
ENSMUST00000102541.10	ENSMUSG00000028671	67	0	0	0	0	NA	NA	NA
ENSMUST00000105852.8	ENSMUSG00000028670	99	0	0	0	0	NA	NA	NA
ENSMUST00000105851.9	ENSMUSG00000028669	129	0	1	1	0	NA	0	NA
ENSMUST00000030427.6	ENSMUSG00000028668	138	0	0	0	0	NA	NA	NA
ENSMUST00000102536.11	ENSMUSG00000059291	40	0	0	0	0	NA	NA	NA
ENSMUST00000008016.3	ENSMUSG00000007872	382	1	0	1	53	53	41	179
ENSMUST00000061721.6	ENSMUSG00000018983	387	0	0	0	0	NA	NA	NA
ENSMUST00000047526.8	ENSMUSG00000036995	154	0	0	0	0	NA	NA	NA
ENSMUST00000102533.11	ENSMUSG00000001604	97	0	0	0	0	NA	NA	NA
ENSMUST00000069195.5	ENSMUSG00000051351	553	7	0	1	156	41	26	45
ENSMUST00000170102.8	ENSMUSG00000001089	397	6	0	1	98	44	190	2
ENSMUST00000105847.8	ENSMUSG00000036940	102	0	0	0	0	NA	NA	NA
ENSMUST00000049583.8	ENSMUSG00000060862	97	1	0	1	13	13	4	51
ENSMUST00000051477.13	ENSMUSG00000006699	125	0	0	0	0	NA	NA	NA
ENSMUST00000105840.8	ENSMUSG00000043411	243	0	0	0	0	NA	NA	NA
ENSMUST00000102518.10	ENSMUSG00000057530	231	0	0	0	0	NA	NA	NA
ENSMUST00000249658.1	ENSMUSG00000028760	491	1	2	1	5	5	3	470
ENSMUST00000105827.8	ENSMUSG00000028759	547	0	0	0	0	NA	NA	NA
ENSMUST00000030536.13	ENSMUSG00000028756	88	0	0	0	0	NA	NA	NA
ENSMUST00000030535.4	ENSMUSG00000028755	49	0	0	0	0	NA	NA	NA
ENSMUST00000050918.4	ENSMUSG00000046447	872	1	0	1	1	1	593	273
ENSMUST00000097830.4	ENSMUSG00000041161	118	0	0	0	0	NA	NA	NA
ENSMUST00000043042.10	ENSMUSG00000041143	371	5	0	1	51	19	80	80
ENSMUST00000042844.7	ENSMUSG00000041120	195	0	0	0	0	NA	NA	NA
ENSMUST00000102508.10	ENSMUSG00000028745	127	0	1	1	0	NA	26	NA
ENSMUST00000053862.12	ENSMUSG00000028744	286	1	0	1	4	4	86	185
ENSMUST00000039818.10	ENSMUSG00000028737	273	3	0	1	67	52	87	11
ENSMUST00000105031.4	ENSMUSG00000078234	392	0	0	0	0	NA	NA	NA
ENSMUST00000105799.8	ENSMUSG00000040964	160	0	0	0	0	NA	NA	NA
ENSMUST00000071169.9	ENSMUSG00000040945	420	0	0	0	0	NA	NA	NA
ENSMUST00000030765.7	ENSMUSG00000028927	90	0	0	0	0	NA	NA	NA
ENSMUST00000037055.14	ENSMUSG00000036622	194	0	1	1	0	NA	175	NA
ENSMUST00000166376.10	ENSMUSG00000060572	104	0	2	1	0	NA	3	NA
ENSMUST00000030760.15	ENSMUSG00000028923	53	0	0	0	0	NA	NA	NA
ENSMUST00000030757.10	ENSMUSG00000028920	282	2	0	1	22	12	0	138
ENSMUST00000006614.3	ENSMUSG00000006445	113	0	0	0	0	NA	NA	NA
ENSMUST00000006377.13	ENSMUSG00000006215	238	3	1	1	61	30	55	3
ENSMUST00000006381.11	ENSMUSG00000006219	205	0	0	0	0	NA	NA	NA
ENSMUST00000084203.11	ENSMUSG00000028917	198	0	0	0	0	NA	NA	NA
ENSMUST00000038014.11	ENSMUSG00000040697	320	0	0	0	0	NA	NA	NA
ENSMUST00000036854.4	ENSMUSG00000040659	53	0	0	0	0	NA	NA	NA
ENSMUST00000036572.4	ENSMUSG00000040616	431	2	0	1	35	24	312	44
ENSMUST00000105778.8	ENSMUSG00000057637	156	2	0	1	21	20	6	54
ENSMUST00000119654.2	ENSMUSG00000028583	208	0	0	0	0	NA	NA	NA
ENSMUST00000154208.8	ENSMUSG00000066026	438	0	0	0	0	NA	NA	NA
ENSMUST00000105716.9	ENSMUSG00000029020	177	3	0	1	19	8	1	25
ENSMUST00000019199.14	ENSMUSG00000019055	90	0	0	0	0	NA	NA	NA
ENSMUST00000030879.12	ENSMUSG00000029016	46	0	0	0	0	NA	NA	NA
ENSMUST00000069604.15	ENSMUSG00000029009	21	0	0	0	0	NA	NA	NA
ENSMUST00000030865.9	ENSMUSG00000029007	88	0	0	0	0	NA	NA	NA
ENSMUST00000084129.9	ENSMUSG00000029003	240	0	0	0	0	NA	NA	NA
ENSMUST00000047951.9	ENSMUSG00000041556	69	0	0	0	0	NA	NA	NA
ENSMUST00000051633.3	ENSMUSG00000047719	321	2	0	1	45	38	27	42
ENSMUST00000103221.10	ENSMUSG00000028991	91	0	0	0	0	NA	NA	NA
ENSMUST00000006611.9	ENSMUSG00000006442	117	0	0	0	0	NA	NA	NA
ENSMUST00000084125.10	ENSMUSG00000041459	353	0	0	0	0	NA	NA	NA
ENSMUST00000122222.8	ENSMUSG00000028977	319	4	0	1	54	33	2	68
ENSMUST00000030816.4	ENSMUSG00000028974	105	0	0	0	0	NA	NA	NA
ENSMUST00000060537.13	ENSMUSG00000063077	333	2	0	1	41	34	98	107
ENSMUST00000103212.10	ENSMUSG00000028960	844	4	0	1	70	45	33	120
ENSMUST00000030845.13	ENSMUSG00000028992	143	2	0	1	22	21	1	23
ENSMUST00000030842.8	ENSMUSG00000028990	714	3	0	1	29	11	454	41
ENSMUST00000030839.13	ENSMUSG00000028988	254	0	0	0	0	NA	NA	NA
ENSMUST00000039144.7	ENSMUSG00000039953	44	0	0	0	0	NA	NA	NA
ENSMUST00000105690.9	ENSMUSG00000039936	305	2	0	1	40	35	188	9
ENSMUST00000105687.9	ENSMUSG00000044700	97	0	0	0	0	NA	NA	NA
ENSMUST00000105686.3	ENSMUSG00000028982	222	1	0	1	7	7	118	80
ENSMUST00000038562.9	ENSMUSG00000039911	339	1	0	1	10	10	293	13
ENSMUST00000084117.13	ENSMUSG00000028980	118	2	0	1	15	9	37	47
ENSMUST00000105682.9	ENSMUSG00000039852	574	2	0	1	9	7	199	158
ENSMUST00000073600.9	ENSMUSG00000028967	260	3	0	1	51	31	117	47
ENSMUST00000030797.4	ENSMUSG00000028955	78	0	0	0	0	NA	NA	NA
ENSMUST00000049790.14	ENSMUSG00000014592	77	0	0	0	0	NA	NA	NA
ENSMUST00000036680.8	ENSMUSG00000039759	41	0	0	0	0	NA	NA	NA
ENSMUST00000055688.10	ENSMUSG00000047777	394	0	0	0	0	NA	NA	NA
ENSMUST00000097773.4	ENSMUSG00000073700	140	1	0	1	35	35	16	16
ENSMUST00000066715.11	ENSMUSG00000028952	122	0	0	0	0	NA	NA	NA
ENSMUST00000105661.10	ENSMUSG00000039713	69	0	1	1	0	NA	2	NA
ENSMUST00000075363.10	ENSMUSG00000028937	37	0	0	0	0	NA	NA	NA
ENSMUST00000048892.14	ENSMUSG00000039662	147	0	0	0	0	NA	NA	NA
ENSMUST00000047497.15	ENSMUSG00000039523	443	2	0	1	58	55	17	85
ENSMUST00000030895.12	ENSMUSG00000029029	73	0	0	0	0	NA	NA	NA
ENSMUST00000030897.15	ENSMUSG00000057751	294	1	0	1	15	15	203	43
ENSMUST00000030898.12	ENSMUSG00000029032	248	0	0	0	0	NA	NA	NA
ENSMUST00000030914.4	ENSMUSG00000029048	176	0	0	0	0	NA	NA	NA
ENSMUST00000030915.11	ENSMUSG00000029049	29	0	1	1	0	NA	0	NA
ENSMUST00000030917.6	ENSMUSG00000029050	72	0	0	0	0	NA	NA	NA
ENSMUST00000030922.15	ENSMUSG00000029053	139	1	0	1	9	9	88	21
ENSMUST00000165335.8	ENSMUSG00000029064	309	2	0	1	15	10	24	46
ENSMUST00000030939.14	ENSMUSG00000029063	104	0	1	1	0	NA	7	NA
ENSMUST00000105608.9	ENSMUSG00000042202	482	2	2	1	122	96	164	27
ENSMUST00000042196.4	ENSMUSG00000042116	196	2	0	1	55	38	9	65
ENSMUST00000030944.11	ENSMUSG00000029068	39	0	0	0	0	NA	NA	NA
ENSMUST00000030947.4	ENSMUSG00000029070	116	1	0	1	17	17	26	36
ENSMUST00000030948.16	ENSMUSG00000029071	333	1	0	1	51	51	143	34
ENSMUST00000030950.8	ENSMUSG00000029073	377	4	0	1	22	7	69	24
ENSMUST00000105584.10	ENSMUSG00000029033	573	6	0	1	137	39	44	18
ENSMUST00000180572.2	ENSMUSG00000041936	68	0	0	0	0	NA	NA	NA
ENSMUST00000165117.8	ENSMUSG00000040274	327	1	0	1	1	1	101	220
ENSMUST00000115527.8	ENSMUSG00000058503	86	0	0	0	0	NA	NA	NA
ENSMUST00000121291.8	ENSMUSG00000005907	323	3	0	1	20	9	4	49
ENSMUST00000007559.15	ENSMUSG00000007415	315	0	0	0	0	NA	NA	NA
ENSMUST00000043551.11	ENSMUSG00000040351	412	4	0	1	14	7	2	64
ENSMUST00000080085.9	ENSMUSG00000000600	302	3	0	1	8	4	12	33
ENSMUST00000001507.5	ENSMUSG00000001467	439	0	0	0	0	NA	NA	NA
ENSMUST00000054294.7	ENSMUSG00000044674	455	1	1	1	34	34	53	297
ENSMUST00000030763.13	ENSMUSG00000028926	72	0	0	0	0	NA	NA	NA
ENSMUST00000179804.8	ENSMUSG00000046798	341	2	1	1	10	6	3	122
ENSMUST00000115426.9	ENSMUSG00000015653	358	4	0	1	59	20	111	58
ENSMUST00000015796.9	ENSMUSG00000015652	111	0	0	0	0	NA	NA	NA
ENSMUST00000088761.11	ENSMUSG00000040537	28	0	0	0	0	NA	NA	NA
ENSMUST00000171808.8	ENSMUSG00000002297	204	1	1	1	1	1	157	16
ENSMUST00000066921.10	ENSMUSG00000054099	271	2	0	1	15	9	209	32
ENSMUST00000047753.5	ENSMUSG00000040584	152	0	0	0	0	NA	NA	NA
ENSMUST00000003720.5	ENSMUSG00000003623	338	0	0	0	0	NA	NA	NA
ENSMUST00000115365.3	ENSMUSG00000079659	214	2	0	1	9	5	123	30
ENSMUST00000071921.13	ENSMUSG00000042508	292	4	0	1	52	22	173	8
ENSMUST00000095012.11	ENSMUSG00000028883	381	1	1	1	32	32	93	189
ENSMUST00000073957.8	ENSMUSG00000063531	634	5	0	1	59	22	12	57
ENSMUST00000039370.14	ENSMUSG00000040118	226	1	0	1	16	16	5	170
ENSMUST00000030568.14	ENSMUSG00000028780	723	3	0	1	64	30	75	301
ENSMUST00000074694.7	ENSMUSG00000057614	186	0	0	0	0	NA	NA	NA
ENSMUST00000118174.8	ENSMUSG00000039987	204	2	1	1	6	4	175	0
ENSMUST00000115259.3	ENSMUSG00000045435	515	4	1	1	13	5	174	160
ENSMUST00000030556.8	ENSMUSG00000028771	164	0	0	0	0	NA	NA	NA
ENSMUST00000072896.13	ENSMUSG00000038525	224	0	0	0	0	NA	NA	NA
ENSMUST00000115217.8	ENSMUSG00000044968	436	1	0	1	3	3	228	196
ENSMUST00000030882.12	ENSMUSG00000029017	37	0	0	0	0	NA	NA	NA
ENSMUST00000030771.12	ENSMUSG00000029014	199	1	0	1	28	28	79	33
ENSMUST00000030872.12	ENSMUSG00000029012	112	0	0	0	0	NA	NA	NA
ENSMUST00000094962.9	ENSMUSG00000029004	457	2	3	1	30	25	352	27
ENSMUST00000088392.9	ENSMUSG00000062604	170	0	0	0	0	NA	NA	NA
ENSMUST00000148618.8	ENSMUSG00000057541	74	0	1	1	0	NA	52	NA
ENSMUST00000030852.13	ENSMUSG00000028999	130	0	1	1	0	NA	101	NA
ENSMUST00000030841.10	ENSMUSG00000028986	150	0	0	0	0	NA	NA	NA
ENSMUST00000049887.13	ENSMUSG00000048439	114	1	0	1	4	4	27	72
ENSMUST00000030814.11	ENSMUSG00000028969	45	0	0	0	0	NA	NA	NA
ENSMUST00000030800.13	ENSMUSG00000028959	140	0	1	1	0	NA	117	NA
ENSMUST00000030799.15	ENSMUSG00000028958	131	1	0	1	9	9	76	25
ENSMUST00000088295.9	ENSMUSG00000038181	1297	11	0	1	160	40	529	117
ENSMUST00000068825.8	ENSMUSG00000028954	213	2	1	1	66	40	9	81
ENSMUST00000030787.9	ENSMUSG00000028945	388	3	0	1	51	23	15	13
ENSMUST00000076306.12	ENSMUSG00000028944	398	3	1	1	16	6	162	85
ENSMUST00000045737.14	ENSMUSG00000038072	188	2	1	1	25	19	98	7
ENSMUST00000030773.12	ENSMUSG00000028933	109	0	1	1	0	NA	63	NA
ENSMUST00000088244.6	ENSMUSG00000056367	59	0	0	0	0	NA	NA	NA
ENSMUST00000002291.12	ENSMUSG00000002221	271	1	0	1	6	6	7	243
ENSMUST00000059155.11	ENSMUSG00000045294	75	0	1	1	0	NA	56	NA
ENSMUST00000059644.13	ENSMUSG00000048271	191	1	0	1	3	3	4	175
ENSMUST00000055195.11	ENSMUSG00000010721	192	1	1	1	15	15	137	7
ENSMUST00000049453.9	ENSMUSG00000039000	273	1	0	1	2	2	255	9
ENSMUST00000156859.3	ENSMUSG00000025745	214	0	0	0	0	NA	NA	NA
ENSMUST00000026841.15	ENSMUSG00000059447	100	0	0	0	0	NA	NA	NA
ENSMUST00000145167.9	ENSMUSG00000075703	178	0	0	0	0	NA	NA	NA
ENSMUST00000062962.12	ENSMUSG00000029175	89	0	0	0	0	NA	NA	NA
ENSMUST00000114729.8	ENSMUSG00000029168	443	4	0	1	129	48	9	251
ENSMUST00000031058.15	ENSMUSG00000029166	265	0	0	0	0	NA	NA	NA
ENSMUST00000201203.4	ENSMUSG00000038828	1656	21	1	1	668	99	34	383
ENSMUST00000201168.4	ENSMUSG00000029165	159	0	1	1	0	NA	140	NA
ENSMUST00000132253.5	ENSMUSG00000038803	125	0	0	0	0	NA	NA	NA
ENSMUST00000031053.15	ENSMUSG00000029162	83	0	0	0	0	NA	NA	NA
ENSMUST00000031051.9	ENSMUSG00000029161	251	0	1	1	0	NA	116	NA
ENSMUST00000074840.12	ENSMUSG00000045302	256	1	0	1	9	9	213	13
ENSMUST00000202520.4	ENSMUSG00000006641	572	5	0	1	76	38	46	77
ENSMUST00000013773.12	ENSMUSG00000013629	175	0	0	0	0	NA	NA	NA
ENSMUST00000031029.15	ENSMUSG00000029146	176	2	0	1	41	32	13	64
ENSMUST00000114590.8	ENSMUSG00000043059	262	3	0	1	53	36	64	87
ENSMUST00000031032.11	ENSMUSG00000029147	265	1	0	1	10	10	14	218
ENSMUST00000202576.4	ENSMUSG00000029148	158	0	0	0	0	NA	NA	NA
ENSMUST00000065388.11	ENSMUSG00000053134	354	1	0	1	15	15	223	83
ENSMUST00000202950.4	ENSMUSG00000029141	10	0	0	0	0	NA	NA	NA
ENSMUST00000201352.4	ENSMUSG00000052139	418	2	0	1	16	9	41	254
ENSMUST00000031017.11	ENSMUSG00000029135	903	1	0	1	112	112	0	564
ENSMUST00000015100.15	ENSMUSG00000014956	513	0	0	0	0	NA	NA	NA
ENSMUST00000202543.4	ENSMUSG00000014932	213	0	0	0	0	NA	NA	NA
ENSMUST00000120591.8	ENSMUSG00000023452	557	3	0	1	59	23	179	262
ENSMUST00000120129.9	ENSMUSG00000054280	331	5	0	1	120	38	134	23
ENSMUST00000119705.8	ENSMUSG00000037426	153	1	0	1	10	10	103	17
ENSMUST00000019109.8	ENSMUSG00000018965	252	0	0	0	0	NA	NA	NA
ENSMUST00000079746.10	ENSMUSG00000037373	176	0	0	0	0	NA	NA	NA
ENSMUST00000114449.7	ENSMUSG00000079562	68	0	0	0	0	NA	NA	NA
ENSMUST00000057551.14	ENSMUSG00000004642	321	0	1	1	0	NA	167	NA
ENSMUST00000019439.9	ENSMUSG00000019295	589	8	0	1	318	96	16	11
ENSMUST00000164207.10	ENSMUSG00000054252	241	1	0	1	6	6	193	27
ENSMUST00000005431.6	ENSMUSG00000005299	265	3	0	1	44	30	50	122
ENSMUST00000075812.11	ENSMUSG00000057406	252	2	1	1	18	16	141	45
ENSMUST00000056355.9	ENSMUSG00000048142	860	4	0	1	81	46	255	117
ENSMUST00000042701.13	ENSMUSG00000037235	137	0	0	0	0	NA	NA	NA
ENSMUST00000182709.8	ENSMUSG00000029110	402	3	0	1	35	26	15	71
ENSMUST00000180376.8	ENSMUSG00000037210	273	0	0	0	0	NA	NA	NA
ENSMUST00000087737.10	ENSMUSG00000059866	94	0	0	0	0	NA	NA	NA
ENSMUST00000067638.14	ENSMUSG00000054520	60	0	0	0	0	NA	NA	NA
ENSMUST00000001108.11	ENSMUSG00000029106	71	0	0	0	0	NA	NA	NA
ENSMUST00000064571.11	ENSMUSG00000029094	224	1	0	1	32	32	20	105
ENSMUST00000031099.4	ENSMUSG00000029198	196	2	1	1	38	25	46	72
ENSMUST00000031097.8	ENSMUSG00000029196	228	0	0	0	0	NA	NA	NA
ENSMUST00000171385.8	ENSMUSG00000029192	198	1	0	1	8	8	159	12
ENSMUST00000031091.13	ENSMUSG00000029190	347	7	0	1	97	28	110	4
ENSMUST00000068795.4	ENSMUSG00000055302	179	0	0	0	0	NA	NA	NA
ENSMUST00000031002.10	ENSMUSG00000029119	78	0	0	0	0	NA	NA	NA
ENSMUST00000043964.13	ENSMUSG00000039474	345	2	0	1	19	18	185	97
ENSMUST00000063116.10	ENSMUSG00000048450	250	0	1	1	0	NA	200	NA
ENSMUST00000031009.8	ENSMUSG00000029126	543	0	0	0	0	NA	NA	NA
ENSMUST00000094833.10	ENSMUSG00000029127	150	3	0	1	31	19	14	1
ENSMUST00000087511.10	ENSMUSG00000067365	217	0	0	0	0	NA	NA	NA
ENSMUST00000005234.13	ENSMUSG00000005103	275	1	0	1	21	21	60	149
ENSMUST00000179555.8	ENSMUSG00000046572	639	4	1	1	36	12	181	32
ENSMUST00000050556.11	ENSMUSG00000061755	147	0	0	0	0	NA	NA	NA
ENSMUST00000196483.5	ENSMUSG00000039753	61	0	1	1	0	NA	11	NA
ENSMUST00000117396.3	ENSMUSG00000015880	104	0	0	0	0	NA	NA	NA
ENSMUST00000174421.8	ENSMUSG00000031558	1886	3	0	1	73	33	124	499
ENSMUST00000030971.7	ENSMUSG00000029090	231	1	0	1	28	28	104	40
ENSMUST00000132734.8	ENSMUSG00000029167	140	2	0	1	16	15	4	21
ENSMUST00000031061.12	ENSMUSG00000029169	164	0	0	0	0	NA	NA	NA
ENSMUST00000031069.13	ENSMUSG00000029173	20	0	0	0	0	NA	NA	NA
ENSMUST00000031081.11	ENSMUSG00000029186	145	1	0	1	11	11	85	24
ENSMUST00000031077.13	ENSMUSG00000029179	37	0	0	0	0	NA	NA	NA
ENSMUST00000147148.5	ENSMUSG00000061461	106	0	0	0	0	NA	NA	NA
ENSMUST00000113865.5	ENSMUSG00000039191	234	1	0	1	17	17	0	180
ENSMUST00000037337.10	ENSMUSG00000039178	133	0	0	0	0	NA	NA	NA
ENSMUST00000117661.9	ENSMUSG00000039156	385	1	1	1	51	51	18	211
ENSMUST00000094783.7	ENSMUSG00000029108	8	0	0	0	0	NA	NA	NA
ENSMUST00000076623.8	ENSMUSG00000037999	369	2	1	1	12	8	237	16
ENSMUST00000154169.4	ENSMUSG00000047881	164	0	0	0	0	NA	NA	NA
ENSMUST00000087324.7	ENSMUSG00000029171	34	0	0	0	0	NA	NA	NA
ENSMUST00000121370.8	ENSMUSG00000029174	374	1	0	1	19	19	188	126
ENSMUST00000165536.8	ENSMUSG00000029178	443	1	0	1	1	1	156	281
ENSMUST00000031080.15	ENSMUSG00000029185	82	0	0	0	0	NA	NA	NA
ENSMUST00000101191.10	ENSMUSG00000054920	322	2	1	1	46	41	27	132
ENSMUST00000203581.3	ENSMUSG00000029191	38	0	0	0	0	NA	NA	NA
ENSMUST00000031103.14	ENSMUSG00000029201	333	0	1	1	0	NA	163	NA
ENSMUST00000139122.8	ENSMUSG00000037822	699	7	0	1	180	68	70	235
ENSMUST00000142407.8	ENSMUSG00000029203	251	1	0	1	38	38	40	94
ENSMUST00000201489.4	ENSMUSG00000037795	560	5	6	1	16	8	122	30
ENSMUST00000113726.8	ENSMUSG00000070780	273	0	1	1	0	NA	259	NA
ENSMUST00000162349.8	ENSMUSG00000029207	425	3	0	1	48	25	145	36
ENSMUST00000101164.11	ENSMUSG00000037736	65	0	0	0	0	NA	NA	NA
ENSMUST00000037918.12	ENSMUSG00000037720	267	1	0	1	14	14	51	171
ENSMUST00000162372.8	ENSMUSG00000029221	140	0	2	1	0	NA	0	NA
ENSMUST00000135930.8	ENSMUSG00000037685	160	0	0	0	0	NA	NA	NA
ENSMUST00000087228.11	ENSMUSG00000029208	94	0	0	0	0	NA	NA	NA
ENSMUST00000031117.13	ENSMUSG00000029209	172	1	0	1	3	3	113	47
ENSMUST00000013693.11	ENSMUSG00000029213	45	0	0	0	0	NA	NA	NA
ENSMUST00000087216.12	ENSMUSG00000072889	98	0	0	0	0	NA	NA	NA
ENSMUST00000087212.8	ENSMUSG00000067219	93	0	0	0	0	NA	NA	NA
ENSMUST00000071944.13	ENSMUSG00000029217	186	4	1	1	17	8	79	64
ENSMUST00000144843.8	ENSMUSG00000036087	321	3	0	1	58	32	78	83
ENSMUST00000101127.12	ENSMUSG00000070733	599	4	0	1	42	21	249	103
ENSMUST00000031038.11	ENSMUSG00000029152	190	0	0	0	0	NA	NA	NA
ENSMUST00000087195.9	ENSMUSG00000029153	522	3	0	1	50	37	156	153
ENSMUST00000063882.12	ENSMUSG00000051674	134	1	0	1	36	36	12	11
ENSMUST00000081170.9	ENSMUSG00000029156	77	0	0	0	0	NA	NA	NA
ENSMUST00000068058.14	ENSMUSG00000054814	146	2	0	1	17	9	83	4
ENSMUST00000051937.9	ENSMUSG00000049907	166	0	0	0	0	NA	NA	NA
ENSMUST00000072857.13	ENSMUSG00000062110	130	0	0	0	0	NA	NA	NA
ENSMUST00000113536.8	ENSMUSG00000029227	209	1	0	1	7	7	16	169
ENSMUST00000075452.7	ENSMUSG00000029229	476	3	0	1	30	17	146	116
ENSMUST00000005815.7	ENSMUSG00000005672	97	0	0	0	0	NA	NA	NA
ENSMUST00000031143.13	ENSMUSG00000029233	57	0	0	0	0	NA	NA	NA
ENSMUST00000031144.14	ENSMUSG00000029234	266	1	0	1	58	58	1	88
ENSMUST00000202651.4	ENSMUSG00000029238	345	1	3	1	21	21	22	55
ENSMUST00000121979.8	ENSMUSG00000036403	268	1	0	1	15	15	201	19
ENSMUST00000140076.2	ENSMUSG00000029246	494	2	0	1	35	25	27	125
ENSMUST00000080359.12	ENSMUSG00000029249	307	1	0	1	40	40	16	168
ENSMUST00000113373.2	ENSMUSG00000035898	127	0	0	0	0	NA	NA	NA
ENSMUST00000090413.6	ENSMUSG00000070697	152	0	0	0	0	NA	NA	NA
ENSMUST00000198965.5	ENSMUSG00000029291	109	0	0	0	0	NA	NA	NA
ENSMUST00000078945.12	ENSMUSG00000044221	60	0	0	0	0	NA	NA	NA
ENSMUST00000113229.8	ENSMUSG00000006262	253	0	0	0	0	NA	NA	NA
ENSMUST00000031311.10	ENSMUSG00000029366	260	1	0	1	9	9	56	174
ENSMUST00000148750.8	ENSMUSG00000060961	508	0	0	0	0	NA	NA	NA
ENSMUST00000118816.6	ENSMUSG00000035505	33	0	0	0	0	NA	NA	NA
ENSMUST00000197021.2	ENSMUSG00000055204	41	1	0	1	3	3	23	6
ENSMUST00000071652.6	ENSMUSG00000029376	38	0	0	0	0	NA	NA	NA
ENSMUST00000031345.15	ENSMUSG00000029397	349	2	0	1	26	21	52	149
ENSMUST00000164378.8	ENSMUSG00000029405	513	1	1	1	3	3	207	294
ENSMUST00000031355.10	ENSMUSG00000029407	160	0	0	0	0	NA	NA	NA
ENSMUST00000031364.5	ENSMUSG00000029415	143	0	0	0	0	NA	NA	NA
ENSMUST00000031377.9	ENSMUSG00000029426	329	0	0	0	0	NA	NA	NA
ENSMUST00000113055.9	ENSMUSG00000029381	232	0	1	1	0	NA	218	NA
ENSMUST00000202217.3	ENSMUSG00000058013	NA	NA	NA	NA	NA	NA	NA	NA
ENSMUST00000058550.15	ENSMUSG00000063015	626	3	1	1	41	33	243	133
ENSMUST00000031331.13	ENSMUSG00000029385	541	3	0	1	23	11	106	75
ENSMUST00000155901.8	ENSMUSG00000034724	64	0	1	1	0	NA	48	NA
ENSMUST00000031447.12	ENSMUSG00000029484	217	0	0	0	0	NA	NA	NA
ENSMUST00000035635.10	ENSMUSG00000034663	239	1	0	1	1	1	68	165
ENSMUST00000069453.9	ENSMUSG00000055725	153	0	0	0	0	NA	NA	NA
ENSMUST00000031281.14	ENSMUSG00000029338	413	0	0	0	0	NA	NA	NA
ENSMUST00000172361.8	ENSMUSG00000000568	314	0	0	0	0	NA	NA	NA
ENSMUST00000128187.8	ENSMUSG00000029328	60	0	0	0	0	NA	NA	NA
ENSMUST00000169390.8	ENSMUSG00000029326	234	0	0	0	0	NA	NA	NA
ENSMUST00000016977.15	ENSMUSG00000016833	143	0	0	0	0	NA	NA	NA
ENSMUST00000112887.8	ENSMUSG00000029314	471	2	0	1	86	80	72	156
ENSMUST00000031273.9	ENSMUSG00000029330	243	1	0	1	5	5	161	64
ENSMUST00000094559.9	ENSMUSG00000057315	492	3	0	1	79	58	141	122
ENSMUST00000048957.11	ENSMUSG00000034573	41	0	0	0	0	NA	NA	NA
ENSMUST00000054979.10	ENSMUSG00000029313	167	1	0	1	8	8	132	8
ENSMUST00000031254.9	ENSMUSG00000029312	285	2	1	1	11	7	179	17
ENSMUST00000031251.16	ENSMUSG00000029311	180	2	0	1	31	22	11	100
ENSMUST00000086831.4	ENSMUSG00000034462	187	1	0	1	17	17	128	5
ENSMUST00000112707.3	ENSMUSG00000070639	315	3	0	1	50	20	2	58
ENSMUST00000067924.13	ENSMUSG00000054720	318	3	1	1	49	21	142	5
ENSMUST00000060531.16	ENSMUSG00000046079	433	4	0	1	78	62	26	95
ENSMUST00000031227.11	ENSMUSG00000029290	115	0	0	0	0	NA	NA	NA
ENSMUST00000112696.8	ENSMUSG00000049606	316	0	0	0	0	NA	NA	NA
ENSMUST00000031221.12	ENSMUSG00000029283	189	2	0	1	15	12	29	52
ENSMUST00000031224.15	ENSMUSG00000029287	465	2	0	1	27	19	81	186
ENSMUST00000082223.13	ENSMUSG00000058558	142	1	0	1	3	3	51	79
ENSMUST00000031198.11	ENSMUSG00000029270	83	1	0	1	1	1	72	5
ENSMUST00000081567.11	ENSMUSG00000029267	219	1	0	1	8	8	188	4
ENSMUST00000002837.11	ENSMUSG00000063406	196	0	1	1	0	NA	5	NA
ENSMUST00000031190.5	ENSMUSG00000029265	693	2	0	1	23	21	212	382
ENSMUST00000119014.8	ENSMUSG00000029263	316	0	1	1	0	NA	51	NA
ENSMUST00000046975.12	ENSMUSG00000033623	410	3	1	1	52	29	38	57
ENSMUST00000046603.15	ENSMUSG00000062234	94	1	0	1	9	9	10	54
ENSMUST00000053913.13	ENSMUSG00000004815	116	0	0	0	0	NA	NA	NA
ENSMUST00000013633.12	ENSMUSG00000008090	188	0	0	0	0	NA	NA	NA
ENSMUST00000112528.8	ENSMUSG00000023284	381	5	0	1	129	54	72	21
ENSMUST00000112519.9	ENSMUSG00000014668	97	2	0	1	23	22	23	5
ENSMUST00000112512.8	ENSMUSG00000029502	397	3	1	1	31	15	227	72
ENSMUST00000197188.5	ENSMUSG00000029501	233	0	0	0	0	NA	NA	NA
ENSMUST00000112505.9	ENSMUSG00000029500	74	0	0	0	0	NA	NA	NA
ENSMUST00000007296.12	ENSMUSG00000007080	82	0	0	0	0	NA	NA	NA
ENSMUST00000069483.12	ENSMUSG00000043323	336	3	0	1	47	24	104	41
ENSMUST00000031490.11	ENSMUSG00000029512	373	2	0	1	39	23	233	68
ENSMUST00000156290.9	ENSMUSG00000033209	102	1	0	1	9	9	25	47
ENSMUST00000200298.2	ENSMUSG00000050017	7	0	0	0	0	NA	NA	NA
ENSMUST00000094463.5	ENSMUSG00000070576	724	3	0	1	30	16	151	42
ENSMUST00000031287.12	ENSMUSG00000029344	226	2	1	1	24	17	134	38
ENSMUST00000031288.14	ENSMUSG00000029345	311	4	0	1	78	68	1	83
ENSMUST00000047936.13	ENSMUSG00000042190	297	3	0	1	99	45	52	68
ENSMUST00000065698.7	ENSMUSG00000053334	298	2	0	1	91	69	23	65
ENSMUST00000004646.13	ENSMUSG00000004530	153	0	0	0	0	NA	NA	NA
ENSMUST00000031588.12	ENSMUSG00000029592	118	0	0	0	0	NA	NA	NA
ENSMUST00000031587.13	ENSMUSG00000029591	117	0	0	0	0	NA	NA	NA
ENSMUST00000102581.11	ENSMUSG00000001098	80	0	0	0	0	NA	NA	NA
ENSMUST00000074002.12	ENSMUSG00000029577	481	6	0	1	150	50	11	52
ENSMUST00000031560.14	ENSMUSG00000029575	69	0	1	1	0	NA	53	NA
ENSMUST00000043760.15	ENSMUSG00000041939	72	0	0	0	0	NA	NA	NA
ENSMUST00000012028.14	ENSMUSG00000011884	123	0	0	0	0	NA	NA	NA
ENSMUST00000094441.11	ENSMUSG00000002486	201	0	1	1	0	NA	190	NA
ENSMUST00000086564.11	ENSMUSG00000041890	97	0	0	0	0	NA	NA	NA
ENSMUST00000102578.11	ENSMUSG00000041870	552	0	2	1	0	NA	169	NA
ENSMUST00000031540.11	ENSMUSG00000041827	95	0	1	1	0	NA	6	NA
ENSMUST00000031530.9	ENSMUSG00000029550	456	2	0	1	35	20	99	187
ENSMUST00000031524.11	ENSMUSG00000029545	76	0	0	0	0	NA	NA	NA
ENSMUST00000112121.6	ENSMUSG00000048578	145	1	0	1	15	15	36	61
ENSMUST00000112097.8	ENSMUSG00000041740	485	1	3	1	3	3	4	111
ENSMUST00000009157.4	ENSMUSG00000009013	174	1	0	1	14	14	67	62
ENSMUST00000031513.14	ENSMUSG00000029538	132	0	0	0	0	NA	NA	NA
ENSMUST00000139167.3	ENSMUSG00000029536	29	0	0	0	0	NA	NA	NA
ENSMUST00000112067.8	ENSMUSG00000029524	252	3	0	1	46	28	111	2
ENSMUST00000067268.15	ENSMUSG00000029528	180	0	0	0	0	NA	NA	NA
ENSMUST00000031492.15	ENSMUSG00000029518	239	0	0	0	0	NA	NA	NA
ENSMUST00000102560.7	ENSMUSG00000029516	NA	NA	NA	NA	NA	NA	NA	NA
ENSMUST00000031486.14	ENSMUSG00000029513	213	0	0	0	0	NA	NA	NA
ENSMUST00000036991.5	ENSMUSG00000041548	385	1	0	1	17	17	227	104
ENSMUST00000086471.12	ENSMUSG00000066900	185	0	0	0	0	NA	NA	NA
ENSMUST00000111978.8	ENSMUSG00000061288	387	1	1	1	16	16	252	84
ENSMUST00000111967.8	ENSMUSG00000066894	360	0	0	0	0	NA	NA	NA
ENSMUST00000111959.2	ENSMUSG00000029364	50	0	0	0	0	NA	NA	NA
ENSMUST00000202447.4	ENSMUSG00000032898	71	0	0	0	0	NA	NA	NA
ENSMUST00000117177.8	ENSMUSG00000032850	244	3	0	1	55	27	119	5
ENSMUST00000079719.11	ENSMUSG00000018604	1347	4	0	1	57	39	126	83
ENSMUST00000031590.12	ENSMUSG00000029594	149	2	0	1	18	10	24	63
ENSMUST00000068326.14	ENSMUSG00000032754	173	0	0	0	0	NA	NA	NA
ENSMUST00000046426.10	ENSMUSG00000032741	303	3	0	1	75	33	19	20
ENSMUST00000031599.9	ENSMUSG00000029600	399	5	1	1	57	30	41	136
ENSMUST00000031598.11	ENSMUSG00000029599	397	2	1	1	105	71	4	163
ENSMUST00000080322.8	ENSMUSG00000052776	45	0	0	0	0	NA	NA	NA
ENSMUST00000042312.14	ENSMUSG00000042726	126	0	1	1	0	NA	1	NA
ENSMUST00000130451.2	ENSMUSG00000029616	166	1	0	1	12	12	64	63
ENSMUST00000031414.15	ENSMUSG00000029458	204	0	0	0	0	NA	NA	NA
ENSMUST00000051950.14	ENSMUSG00000042605	27	0	0	0	0	NA	NA	NA
ENSMUST00000086310.8	ENSMUSG00000042594	425	5	1	1	107	51	58	63
ENSMUST00000102528.11	ENSMUSG00000004455	283	0	0	0	0	NA	NA	NA
ENSMUST00000111738.8	ENSMUSG00000038593	91	0	0	0	0	NA	NA	NA
ENSMUST00000053426.15	ENSMUSG00000038582	304	1	0	1	22	22	39	196
ENSMUST00000155671.8	ENSMUSG00000029462	105	0	0	0	0	NA	NA	NA
ENSMUST00000177974.8	ENSMUSG00000029467	210	0	0	0	0	NA	NA	NA
ENSMUST00000031426.14	ENSMUSG00000029469	102	0	0	0	0	NA	NA	NA
ENSMUST00000031429.14	ENSMUSG00000029470	110	0	0	0	0	NA	NA	NA
ENSMUST00000111668.8	ENSMUSG00000029471	189	1	1	1	7	7	146	19
ENSMUST00000086216.9	ENSMUSG00000029472	189	1	0	1	2	2	96	84
ENSMUST00000031434.8	ENSMUSG00000029474	245	1	1	1	19	19	101	84
ENSMUST00000046073.16	ENSMUSG00000029475	199	2	0	1	14	11	11	14
ENSMUST00000067505.15	ENSMUSG00000054434	152	0	0	0	0	NA	NA	NA
ENSMUST00000186469.7	ENSMUSG00000029449	24	0	0	0	0	NA	NA	NA
ENSMUST00000100729.9	ENSMUSG00000029440	117	0	0	0	0	NA	NA	NA
ENSMUST00000031391.9	ENSMUSG00000029438	182	0	1	1	0	NA	52	NA
ENSMUST00000068237.12	ENSMUSG00000038342	130	0	1	1	0	NA	107	NA
ENSMUST00000031388.13	ENSMUSG00000029434	57	0	1	1	0	NA	38	NA
ENSMUST00000111566.9	ENSMUSG00000049550	475	3	0	1	147	126	53	12
ENSMUST00000196282.5	ENSMUSG00000029427	170	1	0	1	10	10	14	123
ENSMUST00000050827.14	ENSMUSG00000029422	462	6	0	1	99	32	95	12
ENSMUST00000031366.12	ENSMUSG00000029414	145	1	0	1	12	12	18	88
ENSMUST00000023869.15	ENSMUSG00000023106	201	1	0	1	20	20	137	1
ENSMUST00000000939.15	ENSMUSG00000000915	135	0	0	0	0	NA	NA	NA
ENSMUST00000040967.9	ENSMUSG00000066278	58	0	0	0	0	NA	NA	NA
ENSMUST00000024470.13	ENSMUSG00000023707	41	0	0	0	0	NA	NA	NA
ENSMUST00000161938.8	ENSMUSG00000029406	342	4	0	1	48	37	62	67
ENSMUST00000031344.13	ENSMUSG00000038126	344	3	1	1	61	26	222	15
ENSMUST00000065263.12	ENSMUSG00000038095	68	0	1	1	0	NA	24	NA
ENSMUST00000059580.11	ENSMUSG00000049327	76	0	0	0	0	NA	NA	NA
ENSMUST00000031347.8	ENSMUSG00000029401	281	1	0	1	37	37	128	39
ENSMUST00000062153.12	ENSMUSG00000029392	408	0	0	0	0	NA	NA	NA
ENSMUST00000060226.11	ENSMUSG00000029390	167	1	0	1	18	18	28	82
ENSMUST00000071057.14	ENSMUSG00000029389	68	0	1	1	0	NA	14	NA
ENSMUST00000031334.15	ENSMUSG00000029388	118	0	0	0	0	NA	NA	NA
ENSMUST00000037865.13	ENSMUSG00000038023	122	0	1	1	0	NA	75	NA
ENSMUST00000036206.14	ENSMUSG00000037979	427	1	2	1	8	8	263	137
ENSMUST00000111417.9	ENSMUSG00000079215	1005	11	0	1	168	38	239	67
ENSMUST00000086075.13	ENSMUSG00000037936	212	0	1	1	0	NA	39	NA
ENSMUST00000136312.2	ENSMUSG00000008348	321	0	0	0	0	NA	NA	NA
ENSMUST00000049040.14	ENSMUSG00000037905	94	0	0	0	0	NA	NA	NA
ENSMUST00000031378.14	ENSMUSG00000029428	151	0	0	0	0	NA	NA	NA
ENSMUST00000031383.14	ENSMUSG00000029430	221	0	0	0	0	NA	NA	NA
ENSMUST00000053737.9	ENSMUSG00000029439	158	2	0	1	19	15	34	76
ENSMUST00000031399.13	ENSMUSG00000029446	822	4	0	1	194	119	9	150
ENSMUST00000041466.14	ENSMUSG00000034173	80	0	0	0	0	NA	NA	NA
ENSMUST00000051758.11	ENSMUSG00000066735	202	0	1	1	0	NA	61	NA
ENSMUST00000026613.14	ENSMUSG00000025534	233	1	1	1	1	1	9	79
ENSMUST00000118993.8	ENSMUSG00000034118	210	5	1	1	22	9	67	61
ENSMUST00000040616.9	ENSMUSG00000034110	222	2	0	1	25	18	1	61
ENSMUST00000065329.13	ENSMUSG00000053094	195	5	0	1	54	22	41	59
ENSMUST00000026387.11	ENSMUSG00000025337	193	0	1	1	0	NA	38	NA
ENSMUST00000182974.9	ENSMUSG00000029673	48	0	0	0	0	NA	NA	NA
ENSMUST00000173341.9	ENSMUSG00000060261	343	1	0	1	3	3	187	144
ENSMUST00000111245.9	ENSMUSG00000023079	87	0	0	0	0	NA	NA	NA
ENSMUST00000100647.7	ENSMUSG00000063146	456	2	0	1	6	5	399	39
ENSMUST00000036125.10	ENSMUSG00000040731	48	0	0	0	0	NA	NA	NA
ENSMUST00000015137.10	ENSMUSG00000029674	203	0	0	0	0	NA	NA	NA
ENSMUST00000046999.12	ENSMUSG00000040532	413	2	1	1	47	24	116	158
ENSMUST00000005509.11	ENSMUSG00000007207	99	0	1	1	0	NA	49	NA
ENSMUST00000071263.7	ENSMUSG00000061118	49	0	0	0	0	NA	NA	NA
ENSMUST00000067935.11	ENSMUSG00000043614	67	0	0	0	0	NA	NA	NA
ENSMUST00000153183.8	ENSMUSG00000005374	81	0	0	0	0	NA	NA	NA
ENSMUST00000031692.12	ENSMUSG00000029681	224	0	0	0	0	NA	NA	NA
ENSMUST00000002825.6	ENSMUSG00000002748	386	1	0	1	9	9	195	161
ENSMUST00000000940.15	ENSMUSG00000000916	31	0	0	0	0	NA	NA	NA
ENSMUST00000060311.12	ENSMUSG00000039959	59	0	0	0	0	NA	NA	NA
ENSMUST00000005651.13	ENSMUSG00000005514	230	0	0	0	0	NA	NA	NA
ENSMUST00000043378.9	ENSMUSG00000039886	320	2	0	1	37	27	54	182
ENSMUST00000019323.11	ENSMUSG00000019179	256	1	0	1	18	18	14	185
ENSMUST00000005077.7	ENSMUSG00000004951	140	0	0	0	0	NA	NA	NA
ENSMUST00000198270.2	ENSMUSG00000051391	145	0	0	0	0	NA	NA	NA
ENSMUST00000111145.10	ENSMUSG00000004947	394	2	0	1	19	10	230	21
ENSMUST00000041366.14	ENSMUSG00000039771	122	0	0	0	0	NA	NA	NA
ENSMUST00000006301.11	ENSMUSG00000029703	123	0	0	0	0	NA	NA	NA
ENSMUST00000041048.6	ENSMUSG00000039747	189	0	1	1	0	NA	0	NA
ENSMUST00000151786.8	ENSMUSG00000039737	63	0	0	0	0	NA	NA	NA
ENSMUST00000085941.12	ENSMUSG00000059518	69	0	0	0	0	NA	NA	NA
ENSMUST00000004968.11	ENSMUSG00000004846	667	2	0	1	150	146	64	19
ENSMUST00000190827.7	ENSMUSG00000037428	468	5	0	1	57	21	20	330
ENSMUST00000111080.8	ENSMUSG00000004849	125	0	0	0	0	NA	NA	NA
ENSMUST00000041388.11	ENSMUSG00000037411	132	0	0	0	0	NA	NA	NA
ENSMUST00000054384.6	ENSMUSG00000043279	262	1	0	1	8	8	156	79
ENSMUST00000024099.11	ENSMUSG00000023328	113	0	0	0	0	NA	NA	NA
ENSMUST00000024119.11	ENSMUSG00000023348	336	1	0	1	2	2	134	193
ENSMUST00000039991.14	ENSMUSG00000037344	192	1	0	1	12	12	5	148
ENSMUST00000111055.9	ENSMUSG00000029710	426	1	0	1	4	4	289	122
ENSMUST00000031727.10	ENSMUSG00000029714	74	0	0	0	0	NA	NA	NA
ENSMUST00000031726.15	ENSMUSG00000029713	461	2	0	1	43	41	6	329
ENSMUST00000111007.8	ENSMUSG00000037221	233	1	1	1	17	17	124	55
ENSMUST00000031731.14	ENSMUSG00000029718	159	0	0	0	0	NA	NA	NA
ENSMUST00000100544.11	ENSMUSG00000029722	101	0	0	0	0	NA	NA	NA
ENSMUST00000031740.16	ENSMUSG00000029726	601	2	0	1	111	80	246	78
ENSMUST00000019660.11	ENSMUSG00000029729	235	1	0	1	10	10	57	145
ENSMUST00000062350.15	ENSMUSG00000037017	254	1	0	1	24	24	102	77
ENSMUST00000049393.15	ENSMUSG00000037007	185	0	0	0	0	NA	NA	NA
ENSMUST00000110951.8	ENSMUSG00000019494	102	0	4	1	0	NA	13	NA
ENSMUST00000000505.16	ENSMUSG00000029730	666	3	1	1	60	28	185	394
ENSMUST00000019662.11	ENSMUSG00000019518	189	0	1	1	0	NA	59	NA
ENSMUST00000026972.8	ENSMUSG00000025854	1122	4	0	1	79	29	743	55
ENSMUST00000076095.14	ENSMUSG00000025856	266	0	1	1	0	NA	174	NA
ENSMUST00000110882.8	ENSMUSG00000036817	68	2	0	1	10	8	31	10
ENSMUST00000026976.12	ENSMUSG00000025858	141	0	0	0	0	NA	NA	NA
ENSMUST00000110865.2	ENSMUSG00000056413	260	1	0	1	13	13	177	41
ENSMUST00000044642.14	ENSMUSG00000036718	176	0	0	0	0	NA	NA	NA
ENSMUST00000200393.5	ENSMUSG00000029547	249	1	1	1	3	3	164	73
ENSMUST00000018287.10	ENSMUSG00000018143	244	0	0	0	0	NA	NA	NA
ENSMUST00000031531.14	ENSMUSG00000029551	185	0	0	0	0	NA	NA	NA
ENSMUST00000196130.5	ENSMUSG00000029560	83	0	0	0	0	NA	NA	NA
ENSMUST00000100507.8	ENSMUSG00000056076	33	0	0	0	0	NA	NA	NA
ENSMUST00000031555.3	ENSMUSG00000029570	96	0	0	0	0	NA	NA	NA
ENSMUST00000042661.8	ENSMUSG00000036565	204	1	0	1	11	11	109	59
ENSMUST00000041783.14	ENSMUSG00000036555	161	0	1	1	0	NA	82	NA
ENSMUST00000041588.13	ENSMUSG00000000148	82	0	0	0	0	NA	NA	NA
ENSMUST00000000153.9	ENSMUSG00000000149	135	1	0	1	12	12	88	8
ENSMUST00000110778.2	ENSMUSG00000029578	166	1	0	1	24	24	6	85
ENSMUST00000058418.8	ENSMUSG00000050822	202	0	0	0	0	NA	NA	NA
ENSMUST00000151477.8	ENSMUSG00000039477	635	5	0	1	232	172	37	51
ENSMUST00000035985.8	ENSMUSG00000066640	132	0	0	0	0	NA	NA	NA
ENSMUST00000100497.11	ENSMUSG00000029580	109	0	0	0	0	NA	NA	NA
ENSMUST00000031565.15	ENSMUSG00000029581	106	0	0	0	0	NA	NA	NA
ENSMUST00000200607.5	ENSMUSG00000045078	142	2	1	1	11	7	87	31
ENSMUST00000049861.11	ENSMUSG00000061898	224	0	0	0	0	NA	NA	NA
ENSMUST00000077485.11	ENSMUSG00000029587	265	0	1	1	0	NA	0	NA
ENSMUST00000161448.8	ENSMUSG00000046658	325	0	1	1	0	NA	282	NA
ENSMUST00000046418.3	ENSMUSG00000039244	266	1	0	1	3	3	129	125
ENSMUST00000110731.4	ENSMUSG00000079111	124	0	0	0	0	NA	NA	NA
ENSMUST00000045593.12	ENSMUSG00000039206	98	0	0	0	0	NA	NA	NA
ENSMUST00000080537.14	ENSMUSG00000001847	239	1	0	1	1	1	9	224
ENSMUST00000116456.10	ENSMUSG00000018001	193	1	0	1	5	5	16	159
ENSMUST00000053287.6	ENSMUSG00000051306	127	0	2	1	0	NA	18	NA
ENSMUST00000100487.6	ENSMUSG00000029613	103	0	0	0	0	NA	NA	NA
ENSMUST00000041804.8	ENSMUSG00000038970	238	3	0	1	91	34	54	79
ENSMUST00000056578.7	ENSMUSG00000047843	144	0	0	0	0	NA	NA	NA
ENSMUST00000055190.8	ENSMUSG00000038859	271	0	0	0	0	NA	NA	NA
ENSMUST00000071782.8	ENSMUSG00000059991	162	1	0	1	3	3	133	17
ENSMUST00000110677.8	ENSMUSG00000038780	284	0	0	0	0	NA	NA	NA
ENSMUST00000031625.15	ENSMUSG00000029621	173	0	0	0	0	NA	NA	NA
ENSMUST00000196111.5	ENSMUSG00000029622	49	0	0	0	0	NA	NA	NA
ENSMUST00000031627.9	ENSMUSG00000029623	259	0	0	0	0	NA	NA	NA
ENSMUST00000160422.8	ENSMUSG00000029625	110	0	0	0	0	NA	NA	NA
ENSMUST00000085671.10	ENSMUSG00000055991	733	14	0	1	279	45	241	23
ENSMUST00000167316.8	ENSMUSG00000007812	135	1	0	1	5	5	111	6
ENSMUST00000094116.5	ENSMUSG00000070420	45	0	0	0	0	NA	NA	NA
ENSMUST00000161859.8	ENSMUSG00000029634	437	4	0	1	67	29	70	19
ENSMUST00000031640.15	ENSMUSG00000029635	405	2	0	1	27	24	9	87
ENSMUST00000016143.9	ENSMUSG00000029636	452	3	0	1	108	77	148	9
ENSMUST00000085614.6	ENSMUSG00000029640	344	0	1	1	0	NA	330	NA
ENSMUST00000031646.8	ENSMUSG00000029641	146	0	0	0	0	NA	NA	NA
ENSMUST00000066675.10	ENSMUSG00000016510	75	0	0	0	0	NA	NA	NA
ENSMUST00000016664.8	ENSMUSG00000016520	227	0	1	1	0	NA	199	NA
ENSMUST00000050970.4	ENSMUSG00000029642	618	4	0	1	99	67	75	34
ENSMUST00000176600.8	ENSMUSG00000029647	127	0	1	1	0	NA	92	NA
ENSMUST00000031653.12	ENSMUSG00000029648	277	0	0	0	0	NA	NA	NA
ENSMUST00000118527.8	ENSMUSG00000029650	131	2	0	1	77	39	6	5
ENSMUST00000048116.15	ENSMUSG00000041313	280	1	0	1	57	57	68	38
ENSMUST00000079324.14	ENSMUSG00000001687	683	5	0	1	80	24	45	226
ENSMUST00000047257.15	ENSMUSG00000041298	136	1	0	1	4	4	37	84
ENSMUST00000085546.13	ENSMUSG00000066551	155	0	1	1	0	NA	1	NA
ENSMUST00000201452.4	ENSMUSG00000029657	95	0	0	0	0	NA	NA	NA
ENSMUST00000100404.6	ENSMUSG00000051950	107	0	0	0	0	NA	NA	NA
ENSMUST00000044620.11	ENSMUSG00000041147	499	3	0	1	36	23	295	5
ENSMUST00000118316.8	ENSMUSG00000029655	112	0	1	1	0	NA	33	NA
ENSMUST00000038900.15	ENSMUSG00000034021	146	1	0	1	22	22	41	36
ENSMUST00000110483.9	ENSMUSG00000016128	175	1	0	1	20	20	8	104
ENSMUST00000001412.17	ENSMUSG00000001376	141	2	0	1	15	14	52	44
ENSMUST00000049166.5	ENSMUSG00000032757	177	2	0	1	24	12	5	85
ENSMUST00000031668.10	ENSMUSG00000029661	347	3	0	1	14	6	10	2
ENSMUST00000015333.12	ENSMUSG00000015189	330	0	1	1	0	NA	316	NA
ENSMUST00000115577.9	ENSMUSG00000004631	88	1	0	1	23	23	5	11
ENSMUST00000035813.9	ENSMUSG00000032827	350	2	0	1	12	9	129	2
ENSMUST00000057792.9	ENSMUSG00000032667	170	0	2	1	0	NA	5	NA
ENSMUST00000019721.7	ENSMUSG00000019577	147	0	0	0	0	NA	NA	NA
ENSMUST00000015256.15	ENSMUSG00000015112	108	0	0	0	0	NA	NA	NA
ENSMUST00000041111.10	ENSMUSG00000042541	104	1	0	1	14	14	8	51
ENSMUST00000040826.6	ENSMUSG00000042505	23	0	0	0	0	NA	NA	NA
ENSMUST00000115542.8	ENSMUSG00000029752	184	1	0	1	17	17	66	64
ENSMUST00000040159.6	ENSMUSG00000042460	570	3	0	1	43	24	5	34
ENSMUST00000040017.8	ENSMUSG00000042447	289	1	1	1	11	11	213	40
ENSMUST00000159433.8	ENSMUSG00000089862	91	0	0	0	0	NA	NA	NA
ENSMUST00000204978.3	ENSMUSG00000029632	118	0	0	0	0	NA	NA	NA
ENSMUST00000115511.9	ENSMUSG00000029629	376	0	0	0	0	NA	NA	NA
ENSMUST00000031556.14	ENSMUSG00000029571	231	0	0	0	0	NA	NA	NA
ENSMUST00000031554.9	ENSMUSG00000029569	393	2	1	1	20	17	93	83
ENSMUST00000045235.8	ENSMUSG00000042742	133	0	0	0	0	NA	NA	NA
ENSMUST00000101663.10	ENSMUSG00000041390	387	4	0	1	41	12	8	53
ENSMUST00000115467.11	ENSMUSG00000029552	138	0	1	1	0	NA	56	NA
ENSMUST00000000058.7	ENSMUSG00000000058	176	0	0	0	0	NA	NA	NA
ENSMUST00000007799.13	ENSMUSG00000007655	115	0	0	0	0	NA	NA	NA
ENSMUST00000115443.8	ENSMUSG00000009376	512	3	0	1	15	9	246	13
ENSMUST00000015877.14	ENSMUSG00000015733	139	0	0	0	0	NA	NA	NA
ENSMUST00000052113.12	ENSMUSG00000029534	180	0	0	0	0	NA	NA	NA
ENSMUST00000031678.10	ENSMUSG00000029669	336	3	1	1	46	30	170	32
ENSMUST00000031680.10	ENSMUSG00000029670	195	0	0	0	0	NA	NA	NA
ENSMUST00000165576.8	ENSMUSG00000029672	213	0	0	0	0	NA	NA	NA
ENSMUST00000202102.2	ENSMUSG00000068748	50	0	0	0	0	NA	NA	NA
ENSMUST00000031707.14	ENSMUSG00000029695	121	0	0	0	0	NA	NA	NA
ENSMUST00000115358.9	ENSMUSG00000017978	283	0	0	0	0	NA	NA	NA
ENSMUST00000031695.15	ENSMUSG00000029684	366	2	0	1	25	21	33	96
ENSMUST00000115320.8	ENSMUSG00000039841	592	1	0	1	6	6	544	27
ENSMUST00000090511.4	ENSMUSG00000029708	408	1	0	1	6	6	42	345
ENSMUST00000001460.14	ENSMUSG00000001424	217	0	0	0	0	NA	NA	NA
ENSMUST00000078155.12	ENSMUSG00000003500	131	0	1	1	0	NA	103	NA
ENSMUST00000031779.17	ENSMUSG00000029767	109	0	0	0	0	NA	NA	NA
ENSMUST00000065090.8	ENSMUSG00000068699	183	0	0	0	0	NA	NA	NA
ENSMUST00000004396.13	ENSMUSG00000004285	99	1	1	1	10	10	0	66
ENSMUST00000004392.12	ENSMUSG00000029771	161	0	1	1	0	NA	34	NA
ENSMUST00000012679.15	ENSMUSG00000012535	402	2	0	1	15	12	87	80
ENSMUST00000046750.14	ENSMUSG00000001763	221	0	0	0	0	NA	NA	NA
ENSMUST00000001812.5	ENSMUSG00000001761	317	2	0	1	48	35	4	93
ENSMUST00000115238.10	ENSMUSG00000029772	344	4	0	1	25	12	47	7
ENSMUST00000115206.8	ENSMUSG00000058440	251	7	0	1	65	28	88	35
ENSMUST00000102993.10	ENSMUSG00000039159	435	0	0	0	0	NA	NA	NA
ENSMUST00000068259.10	ENSMUSG00000029775	98	0	0	0	0	NA	NA	NA
ENSMUST00000031810.15	ENSMUSG00000029790	80	0	0	0	0	NA	NA	NA
ENSMUST00000157040.8	ENSMUSG00000051855	109	0	0	0	0	NA	NA	NA
ENSMUST00000048774.13	ENSMUSG00000025607	42	0	0	0	0	NA	NA	NA
ENSMUST00000026699.15	ENSMUSG00000025609	122	0	0	0	0	NA	NA	NA
ENSMUST00000026698.8	ENSMUSG00000025608	333	0	0	0	0	NA	NA	NA
ENSMUST00000066379.11	ENSMUSG00000053768	180	0	0	0	0	NA	NA	NA
ENSMUST00000052266.15	ENSMUSG00000029763	68	0	0	0	0	NA	NA	NA
ENSMUST00000019143.9	ENSMUSG00000018999	257	5	0	1	86	37	25	54
ENSMUST00000102980.11	ENSMUSG00000001642	73	0	0	0	0	NA	NA	NA
ENSMUST00000045372.6	ENSMUSG00000038871	276	3	0	1	130	69	53	13
ENSMUST00000115026.8	ENSMUSG00000029761	231	0	0	0	0	NA	NA	NA
ENSMUST00000114993.9	ENSMUSG00000038784	280	0	0	0	0	NA	NA	NA
ENSMUST00000031866.9	ENSMUSG00000029840	278	0	0	0	0	NA	NA	NA
ENSMUST00000041093.6	ENSMUSG00000038648	346	2	0	1	20	15	64	234
ENSMUST00000031859.14	ENSMUSG00000029833	300	0	0	0	0	NA	NA	NA
ENSMUST00000114900.8	ENSMUSG00000029826	51	0	0	0	0	NA	NA	NA
ENSMUST00000162554.8	ENSMUSG00000056832	122	0	1	1	0	NA	52	NA
ENSMUST00000057692.11	ENSMUSG00000029823	383	0	0	0	0	NA	NA	NA
ENSMUST00000038398.7	ENSMUSG00000038507	190	0	0	0	0	NA	NA	NA
ENSMUST00000002305.9	ENSMUSG00000042599	155	0	0	0	0	NA	NA	NA
ENSMUST00000090243.8	ENSMUSG00000029924	126	1	0	1	1	1	69	51
ENSMUST00000114823.8	ENSMUSG00000029922	317	3	0	1	54	29	126	6
ENSMUST00000140364.8	ENSMUSG00000046947	428	1	0	1	4	4	374	39
ENSMUST00000135671.8	ENSMUSG00000002416	41	0	0	0	0	NA	NA	NA
ENSMUST00000002487.15	ENSMUSG00000002413	168	0	0	0	0	NA	NA	NA
ENSMUST00000031978.9	ENSMUSG00000029918	151	0	0	0	0	NA	NA	NA
ENSMUST00000031977.12	ENSMUSG00000029916	365	6	0	1	27	15	38	191
ENSMUST00000031897.8	ENSMUSG00000029864	87	0	0	0	0	NA	NA	NA
ENSMUST00000031895.13	ENSMUSG00000029863	139	0	1	1	0	NA	66	NA
ENSMUST00000203652.3	ENSMUSG00000029860	304	0	1	1	0	NA	134	NA
ENSMUST00000045054.11	ENSMUSG00000036667	144	0	0	0	0	NA	NA	NA
ENSMUST00000031750.14	ENSMUSG00000033542	174	1	0	1	1	1	146	22
ENSMUST00000067888.14	ENSMUSG00000029735	158	0	0	0	0	NA	NA	NA
ENSMUST00000031697.9	ENSMUSG00000029686	325	4	0	1	32	16	158	53
ENSMUST00000081721.13	ENSMUSG00000029687	144	0	0	0	0	NA	NA	NA
ENSMUST00000077290.9	ENSMUSG00000025823	126	0	0	0	0	NA	NA	NA
ENSMUST00000079881.11	ENSMUSG00000062519	233	0	0	0	0	NA	NA	NA
ENSMUST00000061890.8	ENSMUSG00000025821	468	2	2	1	25	22	24	337
ENSMUST00000009411.9	ENSMUSG00000052763	250	1	1	1	18	18	8	70
ENSMUST00000073124.9	ENSMUSG00000057691	255	1	0	1	8	8	50	178
ENSMUST00000040361.8	ENSMUSG00000039347	136	1	0	1	18	18	50	29
ENSMUST00000009420.15	ENSMUSG00000052751	370	2	2	1	35	23	131	167
ENSMUST00000204095.3	ENSMUSG00000007216	109	1	0	1	2	2	87	13
ENSMUST00000031838.9	ENSMUSG00000029814	486	0	0	0	0	NA	NA	NA
ENSMUST00000055559.8	ENSMUSG00000050786	356	3	0	1	78	60	5	100
ENSMUST00000036236.15	ENSMUSG00000038388	284	2	1	1	22	14	148	65
ENSMUST00000090019.10	ENSMUSG00000029822	NA	NA	NA	NA	NA	NA	NA	NA
ENSMUST00000114459.8	ENSMUSG00000004980	150	0	0	0	0	NA	NA	NA
ENSMUST00000094623.10	ENSMUSG00000029836	101	0	0	0	0	NA	NA	NA
ENSMUST00000049152.15	ENSMUSG00000038301	157	0	0	0	0	NA	NA	NA
ENSMUST00000204778.3	ENSMUSG00000059182	148	0	0	0	0	NA	NA	NA
ENSMUST00000048794.7	ENSMUSG00000038253	237	1	0	1	6	6	136	80
ENSMUST00000048715.9	ENSMUSG00000038236	100	0	1	1	0	NA	26	NA
ENSMUST00000031788.9	ENSMUSG00000029776	141	0	0	0	0	NA	NA	NA
ENSMUST00000080723.11	ENSMUSG00000004535	134	0	0	0	0	NA	NA	NA
ENSMUST00000074541.6	ENSMUSG00000063568	64	1	0	1	1	1	54	4
ENSMUST00000203487.3	ENSMUSG00000053007	390	1	0	1	35	35	67	215
ENSMUST00000019268.11	ENSMUSG00000019124	251	1	0	1	4	4	156	80
ENSMUST00000046520.13	ENSMUSG00000038074	134	1	0	1	10	10	100	1
ENSMUST00000119706.8	ENSMUSG00000005225	321	2	0	1	66	65	44	54
ENSMUST00000079869.13	ENSMUSG00000058446	100	0	0	0	0	NA	NA	NA
ENSMUST00000168172.4	ENSMUSG00000038058	214	1	2	1	12	12	101	74
ENSMUST00000131475.2	ENSMUSG00000002797	115	0	0	0	0	NA	NA	NA
ENSMUST00000003572.10	ENSMUSG00000029777	35	0	0	0	0	NA	NA	NA
ENSMUST00000004774.4	ENSMUSG00000004655	59	0	0	0	0	NA	NA	NA
ENSMUST00000170382.5	ENSMUSG00000091625	24	0	0	0	0	NA	NA	NA
ENSMUST00000031805.11	ENSMUSG00000029787	195	1	1	1	5	5	13	79
ENSMUST00000114323.8	ENSMUSG00000059486	590	6	1	1	124	33	41	12
ENSMUST00000031795.8	ENSMUSG00000029781	148	0	0	0	0	NA	NA	NA
ENSMUST00000031793.8	ENSMUSG00000029780	123	0	0	0	0	NA	NA	NA
ENSMUST00000042766.6	ENSMUSG00000037826	225	0	0	0	0	NA	NA	NA
ENSMUST00000053386.6	ENSMUSG00000043162	73	0	0	0	0	NA	NA	NA
ENSMUST00000072954.8	ENSMUSG00000062190	520	4	0	1	65	31	109	27
ENSMUST00000114297.5	ENSMUSG00000037788	179	0	0	0	0	NA	NA	NA
ENSMUST00000041401.11	ENSMUSG00000029804	101	2	1	1	29	26	8	12
ENSMUST00000059539.5	ENSMUSG00000055430	109	0	0	0	0	NA	NA	NA
ENSMUST00000089860.12	ENSMUSG00000037709	209	0	1	1	0	NA	63	NA
ENSMUST00000062626.4	ENSMUSG00000049232	1123	11	0	1	144	23	157	88
ENSMUST00000163779.8	ENSMUSG00000025889	211	0	0	0	0	NA	NA	NA
ENSMUST00000031984.9	ENSMUSG00000029920	403	0	0	0	0	NA	NA	NA
ENSMUST00000031976.14	ENSMUSG00000029913	113	0	0	0	0	NA	NA	NA
ENSMUST00000043148.13	ENSMUSG00000036402	268	1	0	1	6	6	137	110
ENSMUST00000043098.9	ENSMUSG00000036390	162	0	0	0	0	NA	NA	NA
ENSMUST00000066134.6	ENSMUSG00000053604	83	0	0	0	0	NA	NA	NA
ENSMUST00000204436.3	ENSMUSG00000053012	353	3	2	1	11	5	168	79
ENSMUST00000002292.15	ENSMUSG00000002222	498	1	0	1	16	16	307	140
ENSMUST00000064637.11	ENSMUSG00000052656	769	2	0	1	20	16	528	110
ENSMUST00000059462.12	ENSMUSG00000053119	192	0	0	0	0	NA	NA	NA
ENSMUST00000065509.11	ENSMUSG00000053470	181	0	0	0	0	NA	NA	NA
ENSMUST00000212792.2	ENSMUSG00000052852	100	0	0	0	0	NA	NA	NA
ENSMUST00000065103.4	ENSMUSG00000052962	52	0	0	0	0	NA	NA	NA
ENSMUST00000101301.10	ENSMUSG00000052337	58	0	0	0	0	NA	NA	NA
ENSMUST00000069994.11	ENSMUSG00000056091	112	0	0	0	0	NA	NA	NA
ENSMUST00000042646.8	ENSMUSG00000037621	413	3	0	1	36	21	111	236
ENSMUST00000069695.9	ENSMUSG00000055912	215	0	1	1	0	NA	111	NA
ENSMUST00000101285.10	ENSMUSG00000073002	39	0	0	0	0	NA	NA	NA
ENSMUST00000059983.10	ENSMUSG00000050732	227	1	0	1	24	24	114	38
ENSMUST00000065906.9	ENSMUSG00000053460	99	0	0	0	0	NA	NA	NA
ENSMUST00000059472.10	ENSMUSG00000053907	122	0	0	0	0	NA	NA	NA
ENSMUST00000071044.13	ENSMUSG00000056737	89	0	0	0	0	NA	NA	NA
ENSMUST00000114069.8	ENSMUSG00000056698	279	3	1	1	76	37	40	44
ENSMUST00000070597.13	ENSMUSG00000056666	153	0	1	1	0	NA	34	NA
ENSMUST00000070524.5	ENSMUSG00000056429	278	0	0	0	0	NA	NA	NA
ENSMUST00000069536.12	ENSMUSG00000055799	302	0	0	0	0	NA	NA	NA
ENSMUST00000068697.11	ENSMUSG00000055239	350	0	0	0	0	NA	NA	NA
ENSMUST00000114050.8	ENSMUSG00000079523	164	0	0	0	0	NA	NA	NA
ENSMUST00000160281.8	ENSMUSG00000030042	31	0	0	0	0	NA	NA	NA
ENSMUST00000000642.11	ENSMUSG00000000628	474	0	0	0	0	NA	NA	NA
ENSMUST00000000641.15	ENSMUSG00000000627	146	0	0	0	0	NA	NA	NA
ENSMUST00000000707.9	ENSMUSG00000000693	144	0	0	0	0	NA	NA	NA
ENSMUST00000089645.13	ENSMUSG00000068329	145	1	0	1	2	2	40	96
ENSMUST00000032114.8	ENSMUSG00000030036	85	0	0	0	0	NA	NA	NA
ENSMUST00000065512.11	ENSMUSG00000034930	137	0	0	0	0	NA	NA	NA
ENSMUST00000153148.8	ENSMUSG00000030032	224	1	0	1	9	9	39	155
ENSMUST00000113919.10	ENSMUSG00000031865	287	2	0	1	31	20	145	32
ENSMUST00000005810.9	ENSMUSG00000005667	77	0	0	0	0	NA	NA	NA
ENSMUST00000055261.11	ENSMUSG00000043131	238	0	0	0	0	NA	NA	NA
ENSMUST00000136501.2	ENSMUSG00000045160	55	0	0	0	0	NA	NA	NA
ENSMUST00000206400.2	ENSMUSG00000006906	106	0	1	1	0	NA	41	NA
ENSMUST00000014892.8	ENSMUSG00000014748	90	0	0	0	0	NA	NA	NA
ENSMUST00000037376.14	ENSMUSG00000034744	272	1	0	1	28	28	184	1
ENSMUST00000058383.9	ENSMUSG00000045896	136	0	0	0	0	NA	NA	NA
ENSMUST00000204751.3	ENSMUSG00000030016	325	6	0	1	55	14	8	23
ENSMUST00000204591.3	ENSMUSG00000033788	213	1	0	1	12	12	9	165
ENSMUST00000204146.3	ENSMUSG00000063415	633	2	0	1	18	10	155	289
ENSMUST00000160197.6	ENSMUSG00000033769	108	0	0	0	0	NA	NA	NA
ENSMUST00000045986.8	ENSMUSG00000033735	21	0	1	1	0	NA	2	NA
ENSMUST00000060837.10	ENSMUSG00000051343	36	0	0	0	0	NA	NA	NA
ENSMUST00000032080.9	ENSMUSG00000030008	104	0	0	0	0	NA	NA	NA
ENSMUST00000032071.13	ENSMUSG00000030002	132	0	0	0	0	NA	NA	NA
ENSMUST00000032066.13	ENSMUSG00000029999	283	0	0	0	0	NA	NA	NA
ENSMUST00000071492.9	ENSMUSG00000057497	87	0	0	0	0	NA	NA	NA
ENSMUST00000032065.15	ENSMUSG00000029998	70	0	0	0	0	NA	NA	NA
ENSMUST00000095753.9	ENSMUSG00000071337	278	2	0	1	91	80	11	24
ENSMUST00000050497.14	ENSMUSG00000046679	375	3	3	1	76	33	181	92
ENSMUST00000053015.7	ENSMUSG00000051695	406	0	0	0	0	NA	NA	NA
ENSMUST00000001184.10	ENSMUSG00000001156	153	0	0	0	0	NA	NA	NA
ENSMUST00000001185.14	ENSMUSG00000001157	219	2	0	1	28	19	101	11
ENSMUST00000113675.8	ENSMUSG00000029994	146	2	0	1	33	27	21	14
ENSMUST00000120240.8	ENSMUSG00000029993	305	5	0	1	169	77	14	53
ENSMUST00000113658.8	ENSMUSG00000029992	153	0	0	0	0	NA	NA	NA
ENSMUST00000042025.12	ENSMUSG00000033420	322	1	1	1	4	4	266	41
ENSMUST00000032130.8	ENSMUSG00000030051	238	0	1	1	0	NA	171	NA
ENSMUST00000204890.3	ENSMUSG00000030057	141	0	0	0	0	NA	NA	NA
ENSMUST00000113607.10	ENSMUSG00000030058	222	1	0	1	45	45	49	35
ENSMUST00000113600.10	ENSMUSG00000079477	206	0	0	0	0	NA	NA	NA
ENSMUST00000170089.8	ENSMUSG00000015053	154	0	0	0	0	NA	NA	NA
ENSMUST00000165242.4	ENSMUSG00000033216	60	0	0	0	0	NA	NA	NA
ENSMUST00000032168.7	ENSMUSG00000030082	213	0	0	0	0	NA	NA	NA
ENSMUST00000113585.9	ENSMUSG00000033174	180	0	0	0	0	NA	NA	NA
ENSMUST00000032169.8	ENSMUSG00000030083	76	0	0	0	0	NA	NA	NA
ENSMUST00000058011.8	ENSMUSG00000002870	130	0	1	1	0	NA	59	NA
ENSMUST00000032172.14	ENSMUSG00000030086	107	0	0	0	0	NA	NA	NA
ENSMUST00000000828.14	ENSMUSG00000000811	256	0	0	0	0	NA	NA	NA
ENSMUST00000045740.8	ENSMUSG00000034430	51	0	0	0	0	NA	NA	NA
ENSMUST00000032174.12	ENSMUSG00000030087	175	0	0	0	0	NA	NA	NA
ENSMUST00000101153.10	ENSMUSG00000034312	257	0	0	0	0	NA	NA	NA
ENSMUST00000032179.14	ENSMUSG00000030091	45	0	0	0	0	NA	NA	NA
ENSMUST00000040835.9	ENSMUSG00000034203	209	0	0	0	0	NA	NA	NA
ENSMUST00000032183.6	ENSMUSG00000030095	184	0	0	0	0	NA	NA	NA
ENSMUST00000040607.6	ENSMUSG00000034192	130	1	0	1	21	21	11	53
ENSMUST00000032185.9	ENSMUSG00000030096	311	1	1	1	19	19	40	204
ENSMUST00000037783.7	ENSMUSG00000034083	92	0	0	0	0	NA	NA	NA
ENSMUST00000113463.8	ENSMUSG00000005893	406	7	1	1	200	60	12	15
ENSMUST00000140438.2	ENSMUSG00000014551	60	0	0	0	0	NA	NA	NA
ENSMUST00000014694.11	ENSMUSG00000014550	384	4	0	1	35	13	74	13
ENSMUST00000061118.11	ENSMUSG00000045100	94	1	0	1	16	16	15	28
ENSMUST00000032105.11	ENSMUSG00000030029	460	3	0	1	38	21	75	79
ENSMUST00000032107.10	ENSMUSG00000030031	219	1	0	1	5	5	174	27
ENSMUST00000204224.3	ENSMUSG00000061838	25	0	0	0	0	NA	NA	NA
ENSMUST00000054344.11	ENSMUSG00000035245	804	7	0	1	217	69	68	18
ENSMUST00000095664.6	ENSMUSG00000030059	99	0	0	0	0	NA	NA	NA
ENSMUST00000044681.7	ENSMUSG00000035199	132	0	0	0	0	NA	NA	NA
ENSMUST00000032146.14	ENSMUSG00000030064	51	0	0	0	0	NA	NA	NA
ENSMUST00000043637.14	ENSMUSG00000035158	126	0	0	0	0	NA	NA	NA
ENSMUST00000113312.9	ENSMUSG00000035378	96	0	0	0	0	NA	NA	NA
ENSMUST00000063854.7	ENSMUSG00000052144	262	1	0	1	6	6	31	210
ENSMUST00000113249.8	ENSMUSG00000013736	51	0	0	0	0	NA	NA	NA
ENSMUST00000049285.10	ENSMUSG00000034648	728	2	0	1	17	12	530	48
ENSMUST00000032191.16	ENSMUSG00000030101	26	0	2	1	0	NA	0	NA
ENSMUST00000032194.11	ENSMUSG00000030103	284	1	0	1	5	5	94	172
ENSMUST00000032196.9	ENSMUSG00000030105	156	0	0	0	0	NA	NA	NA
ENSMUST00000089162.5	ENSMUSG00000030104	66	0	1	1	0	NA	43	NA
ENSMUST00000032376.6	ENSMUSG00000057604	173	0	0	0	0	NA	NA	NA
ENSMUST00000113182.8	ENSMUSG00000030254	10	0	0	0	0	NA	NA	NA
ENSMUST00000032398.15	ENSMUSG00000030264	198	0	0	0	0	NA	NA	NA
ENSMUST00000113157.8	ENSMUSG00000034269	190	2	0	1	38	26	82	27
ENSMUST00000113146.9	ENSMUSG00000030269	123	1	0	1	7	7	81	18
ENSMUST00000203577.2	ENSMUSG00000001632	151	2	0	1	10	9	117	4
ENSMUST00000032406.15	ENSMUSG00000030271	254	1	0	1	5	5	232	4
ENSMUST00000032409.15	ENSMUSG00000030272	181	0	0	0	0	NA	NA	NA
ENSMUST00000032410.14	ENSMUSG00000048930	586	0	0	0	0	NA	NA	NA
ENSMUST00000156898.5	ENSMUSG00000079426	91	0	0	0	0	NA	NA	NA
ENSMUST00000101070.5	ENSMUSG00000051256	140	0	0	0	0	NA	NA	NA
ENSMUST00000032425.7	ENSMUSG00000030286	170	0	0	0	0	NA	NA	NA
ENSMUST00000035673.8	ENSMUSG00000033933	182	0	0	0	0	NA	NA	NA
ENSMUST00000059286.14	ENSMUSG00000060477	81	0	0	0	0	NA	NA	NA
ENSMUST00000032440.6	ENSMUSG00000030298	96	0	0	0	0	NA	NA	NA
ENSMUST00000032457.17	ENSMUSG00000030314	73	0	0	0	0	NA	NA	NA
ENSMUST00000032459.14	ENSMUSG00000030315	423	4	0	1	51	27	23	134
ENSMUST00000171644.8	ENSMUSG00000000440	493	0	0	0	0	NA	NA	NA
ENSMUST00000040234.9	ENSMUSG00000042389	85	0	0	0	0	NA	NA	NA
ENSMUST00000000449.9	ENSMUSG00000000439	86	0	0	0	0	NA	NA	NA
ENSMUST00000112949.8	ENSMUSG00000000441	302	4	0	1	77	38	162	9
ENSMUST00000075995.7	ENSMUSG00000030319	73	0	0	0	0	NA	NA	NA
ENSMUST00000112923.7	ENSMUSG00000030323	34	0	0	0	0	NA	NA	NA
ENSMUST00000015511.15	ENSMUSG00000030123	200	0	1	1	0	NA	163	NA
ENSMUST00000088896.10	ENSMUSG00000030126	412	5	0	1	87	49	133	62
ENSMUST00000036503.14	ENSMUSG00000042213	88	0	1	1	0	NA	65	NA
ENSMUST00000079012.13	ENSMUSG00000025702	375	3	1	1	34	13	70	26
ENSMUST00000079749.6	ENSMUSG00000059878	166	1	0	1	3	3	100	54
ENSMUST00000035842.7	ENSMUSG00000042129	261	3	0	1	10	4	17	28
ENSMUST00000073043.5	ENSMUSG00000061353	79	0	0	0	0	NA	NA	NA
ENSMUST00000167182.8	ENSMUSG00000042079	406	3	0	1	21	12	140	185
ENSMUST00000049344.15	ENSMUSG00000042042	382	4	1	1	58	25	137	45
ENSMUST00000069292.14	ENSMUSG00000030145	375	4	0	1	75	49	13	35
ENSMUST00000161170.2	ENSMUSG00000072623	218	1	0	1	3	3	135	71
ENSMUST00000112830.3	ENSMUSG00000007827	169	1	0	1	36	36	41	17
ENSMUST00000073909.6	ENSMUSG00000041477	5	0	0	0	0	NA	NA	NA
ENSMUST00000032272.13	ENSMUSG00000030168	373	1	0	1	37	37	192	67
ENSMUST00000117171.8	ENSMUSG00000030170	227	1	1	1	2	2	188	8
ENSMUST00000032094.7	ENSMUSG00000030019	192	0	0	0	0	NA	NA	NA
ENSMUST00000183703.8	ENSMUSG00000030172	568	5	0	1	129	66	281	86
ENSMUST00000032269.12	ENSMUSG00000030166	67	0	0	0	0	NA	NA	NA
ENSMUST00000060043.13	ENSMUSG00000045962	1040	4	0	1	89	54	365	133
ENSMUST00000032283.12	ENSMUSG00000030177	119	1	0	1	17	17	43	22
ENSMUST00000005108.10	ENSMUSG00000030180	490	2	0	1	19	10	172	85
ENSMUST00000002976.5	ENSMUSG00000002897	82	0	0	0	0	NA	NA	NA
ENSMUST00000075303.7	ENSMUSG00000058979	27	0	0	0	0	NA	NA	NA
ENSMUST00000100993.9	ENSMUSG00000071226	NA	NA	NA	NA	NA	NA	NA	NA
ENSMUST00000019354.11	ENSMUSG00000019210	173	0	0	0	0	NA	NA	NA
ENSMUST00000009256.4	ENSMUSG00000009112	169	0	0	0	0	NA	NA	NA
ENSMUST00000004560.12	ENSMUSG00000004446	174	0	0	0	0	NA	NA	NA
ENSMUST00000238968.2	ENSMUSG00000051586	276	4	0	1	37	19	5	211
ENSMUST00000032198.11	ENSMUSG00000030107	264	1	0	1	9	9	114	120
ENSMUST00000007602.15	ENSMUSG00000007458	448	3	0	1	32	17	9	282
ENSMUST00000079560.10	ENSMUSG00000040669	44	0	0	0	0	NA	NA	NA
ENSMUST00000068242.9	ENSMUSG00000040649	465	0	0	0	0	NA	NA	NA
ENSMUST00000032476.11	ENSMUSG00000003153	355	3	0	1	50	34	35	23
ENSMUST00000003238.14	ENSMUSG00000003154	1071	2	0	1	11	7	501	89
ENSMUST00000032477.6	ENSMUSG00000030327	95	0	0	0	0	NA	NA	NA
ENSMUST00000112531.8	ENSMUSG00000005069	114	0	0	0	0	NA	NA	NA
ENSMUST00000112523.8	ENSMUSG00000008153	110	0	1	1	0	NA	79	NA
ENSMUST00000004381.14	ENSMUSG00000004270	182	0	1	1	0	NA	72	NA
ENSMUST00000004375.16	ENSMUSG00000004264	101	0	0	0	0	NA	NA	NA
ENSMUST00000004377.15	ENSMUSG00000004266	113	0	0	0	0	NA	NA	NA
ENSMUST00000004378.15	ENSMUSG00000004267	252	2	0	1	70	48	27	31
ENSMUST00000047760.10	ENSMUSG00000038451	198	1	0	1	18	18	59	82
ENSMUST00000172132.10	ENSMUSG00000023456	174	0	2	1	0	NA	24	NA
ENSMUST00000047510.10	ENSMUSG00000038429	89	0	1	1	0	NA	16	NA
ENSMUST00000023958.10	ENSMUSG00000023191	65	0	0	0	0	NA	NA	NA
ENSMUST00000032216.7	ENSMUSG00000030122	342	0	0	0	0	NA	NA	NA
ENSMUST00000180095.4	ENSMUSG00000030120	183	1	0	1	3	3	126	45
ENSMUST00000112427.8	ENSMUSG00000038346	282	0	1	1	0	NA	76	NA
ENSMUST00000118875.8	ENSMUSG00000057666	240	1	0	1	22	22	6	165
ENSMUST00000043848.11	ENSMUSG00000038252	223	0	0	0	0	NA	NA	NA
ENSMUST00000032489.8	ENSMUSG00000030339	200	0	0	0	0	NA	NA	NA
ENSMUST00000081440.14	ENSMUSG00000030340	544	0	2	1	0	NA	498	NA
ENSMUST00000032491.15	ENSMUSG00000030341	301	2	0	1	23	20	96	20
ENSMUST00000032497.7	ENSMUSG00000030347	78	1	0	1	6	6	52	5
ENSMUST00000000188.12	ENSMUSG00000000184	287	0	0	0	0	NA	NA	NA
ENSMUST00000112173.8	ENSMUSG00000030352	67	0	0	0	0	NA	NA	NA
ENSMUST00000001562.9	ENSMUSG00000001521	73	0	1	1	0	NA	53	NA
ENSMUST00000112152.8	ENSMUSG00000048668	656	4	2	1	18	8	373	83
ENSMUST00000073316.13	ENSMUSG00000001517	198	0	1	1	0	NA	172	NA
ENSMUST00000032508.11	ENSMUSG00000030357	167	0	0	0	0	NA	NA	NA
ENSMUST00000032264.9	ENSMUSG00000030161	287	1	0	1	43	43	11	144
ENSMUST00000032307.12	ENSMUSG00000030188	79	0	0	0	0	NA	NA	NA
ENSMUST00000087865.4	ENSMUSG00000030189	221	0	0	0	0	NA	NA	NA
ENSMUST00000100864.7	ENSMUSG00000072704	505	7	0	1	128	34	77	191
ENSMUST00000081028.13	ENSMUSG00000030199	406	1	0	1	6	6	285	100
ENSMUST00000032322.15	ENSMUSG00000030201	216	2	0	1	41	25	9	32
ENSMUST00000047443.5	ENSMUSG00000032718	370	1	0	1	93	93	25	63
ENSMUST00000100857.10	ENSMUSG00000030203	710	7	0	1	69	26	398	67
ENSMUST00000046303.12	ENSMUSG00000032652	276	1	0	1	25	25	31	167
ENSMUST00000067327.11	ENSMUSG00000003031	519	0	0	0	0	NA	NA	NA
ENSMUST00000050104.8	ENSMUSG00000046733	136	0	0	0	0	NA	NA	NA
ENSMUST00000111915.8	ENSMUSG00000030207	88	0	0	0	0	NA	NA	NA
ENSMUST00000205156.3	ENSMUSG00000030208	395	1	0	1	7	7	33	338
ENSMUST00000032335.13	ENSMUSG00000030213	169	0	0	0	0	NA	NA	NA
ENSMUST00000116514.4	ENSMUSG00000030216	259	2	1	1	15	12	15	18
ENSMUST00000111892.8	ENSMUSG00000030220	78	0	0	0	0	NA	NA	NA
ENSMUST00000032347.11	ENSMUSG00000030222	167	1	0	1	3	3	84	71
ENSMUST00000058210.13	ENSMUSG00000015766	330	1	0	1	1	1	243	81
ENSMUST00000087675.9	ENSMUSG00000030225	50	0	0	0	0	NA	NA	NA
ENSMUST00000008684.11	ENSMUSG00000008540	322	0	0	0	0	NA	NA	NA
ENSMUST00000249348.1	ENSMUSG00000030232	98	0	0	0	0	NA	NA	NA
ENSMUST00000041852.8	ENSMUSG00000041671	79	0	0	0	0	NA	NA	NA
ENSMUST00000111803.9	ENSMUSG00000030243	98	1	0	1	24	24	22	1
ENSMUST00000032372.7	ENSMUSG00000030245	124	0	0	0	0	NA	NA	NA
ENSMUST00000032373.12	ENSMUSG00000030246	111	0	0	0	0	NA	NA	NA
ENSMUST00000203673.3	ENSMUSG00000030279	102	0	1	1	0	NA	26	NA
ENSMUST00000032413.7	ENSMUSG00000030275	251	0	1	1	0	NA	0	NA
ENSMUST00000038815.14	ENSMUSG00000041540	112	0	0	0	0	NA	NA	NA
ENSMUST00000111742.8	ENSMUSG00000030268	290	1	1	1	31	31	2	192
ENSMUST00000111725.8	ENSMUSG00000040370	386	3	1	1	17	9	121	6
ENSMUST00000111710.8	ENSMUSG00000030265	140	0	0	0	0	NA	NA	NA
ENSMUST00000111704.8	ENSMUSG00000030259	295	2	2	1	9	7	218	48
ENSMUST00000032386.11	ENSMUSG00000030256	291	0	0	0	0	NA	NA	NA
ENSMUST00000032383.14	ENSMUSG00000030255	52	0	0	0	0	NA	NA	NA
ENSMUST00000032427.15	ENSMUSG00000040250	546	4	0	1	106	41	224	6
ENSMUST00000067404.13	ENSMUSG00000040242	352	1	0	1	23	23	113	167
ENSMUST00000037709.16	ENSMUSG00000040234	136	1	0	1	7	7	62	50
ENSMUST00000001675.14	ENSMUSG00000001630	64	0	0	0	0	NA	NA	NA
ENSMUST00000111623.9	ENSMUSG00000016487	214	1	0	1	13	13	107	65
ENSMUST00000036003.8	ENSMUSG00000040102	153	0	0	0	0	NA	NA	NA
ENSMUST00000136008.8	ENSMUSG00000030304	442	4	1	1	70	29	7	24
ENSMUST00000048418.14	ENSMUSG00000040029	220	1	0	1	35	35	14	98
ENSMUST00000111569.9	ENSMUSG00000030309	263	0	0	0	0	NA	NA	NA
ENSMUST00000111557.8	ENSMUSG00000030313	371	1	0	1	7	7	199	148
ENSMUST00000003544.14	ENSMUSG00000003452	NA	NA	NA	NA	NA	NA	NA	NA
ENSMUST00000203328.4	ENSMUSG00000068566	336	0	0	0	0	NA	NA	NA
ENSMUST00000076657.11	ENSMUSG00000035674	25	0	0	0	0	NA	NA	NA
ENSMUST00000019878.8	ENSMUSG00000078813	393	6	1	1	104	39	3	24
ENSMUST00000038608.14	ENSMUSG00000035596	786	4	0	1	78	49	106	340
ENSMUST00000108630.8	ENSMUSG00000035585	519	5	0	1	108	34	68	78
ENSMUST00000006496.15	ENSMUSG00000006333	97	0	0	0	0	NA	NA	NA
ENSMUST00000121270.8	ENSMUSG00000035545	145	0	0	0	0	NA	NA	NA
ENSMUST00000058358.8	ENSMUSG00000043432	699	9	0	1	131	60	17	214
ENSMUST00000013886.9	ENSMUSG00000019254	82	0	0	0	0	NA	NA	NA
ENSMUST00000064099.8	ENSMUSG00000052296	545	0	1	1	0	NA	499	NA
ENSMUST00000098853.9	ENSMUSG00000059851	159	0	3	1	0	NA	98	NA
ENSMUST00000032597.12	ENSMUSG00000030432	133	0	1	1	0	NA	49	NA
ENSMUST00000116354.4	ENSMUSG00000074406	301	0	1	1	0	NA	260	NA
ENSMUST00000162731.2	ENSMUSG00000051550	430	2	1	1	20	13	58	281
ENSMUST00000167804.9	ENSMUSG00000061374	178	2	2	1	16	11	4	90
ENSMUST00000069324.7	ENSMUSG00000055633	189	0	0	0	0	NA	NA	NA
ENSMUST00000209099.2	ENSMUSG00000030435	43	0	0	0	0	NA	NA	NA
ENSMUST00000094870.3	ENSMUSG00000046792	137	0	0	0	0	NA	NA	NA
ENSMUST00000051435.8	ENSMUSG00000034538	202	1	0	1	10	10	55	114
ENSMUST00000210594.2	ENSMUSG00000000605	393	3	1	1	34	16	12	121
ENSMUST00000032551.8	ENSMUSG00000030393	259	2	0	1	14	10	220	6
ENSMUST00000080348.12	ENSMUSG00000034071	263	1	1	1	25	25	8	177
ENSMUST00000098822.10	ENSMUSG00000030386	466	1	0	1	65	65	96	172
ENSMUST00000072222.8	ENSMUSG00000057894	113	4	0	1	64	21	0	2
ENSMUST00000004614.15	ENSMUSG00000058638	440	0	0	0	0	NA	NA	NA
ENSMUST00000038701.8	ENSMUSG00000004500	378	0	0	0	0	NA	NA	NA
ENSMUST00000005714.14	ENSMUSG00000005575	544	0	0	0	0	NA	NA	NA
ENSMUST00000177588.10	ENSMUSG00000056394	274	0	1	1	0	NA	226	NA
ENSMUST00000098799.5	ENSMUSG00000074364	204	0	0	0	0	NA	NA	NA
ENSMUST00000002495.18	ENSMUSG00000041420	126	1	0	1	5	5	76	32
ENSMUST00000169612.3	ENSMUSG00000091811	327	3	0	1	18	16	9	113
ENSMUST00000002152.13	ENSMUSG00000002083	261	0	2	1	0	NA	22	NA
ENSMUST00000210999.2	ENSMUSG00000052833	56	0	0	0	0	NA	NA	NA
ENSMUST00000249896.1	ENSMUSG00000059273	65	0	0	0	0	NA	NA	NA
ENSMUST00000075845.11	ENSMUSG00000058230	713	4	1	1	47	18	448	71
ENSMUST00000086112.8	ENSMUSG00000008036	126	0	0	0	0	NA	NA	NA
ENSMUST00000108496.9	ENSMUSG00000001918	561	1	0	1	13	13	241	278
ENSMUST00000061390.9	ENSMUSG00000048920	137	2	1	1	42	26	11	45
ENSMUST00000019220.16	ENSMUSG00000030374	464	3	0	1	66	28	15	226
ENSMUST00000168093.9	ENSMUSG00000041187	274	1	0	1	14	14	179	50
ENSMUST00000247846.1	ENSMUSG00000041117	1670	20	0	1	942	98	59	188
ENSMUST00000220302.2	ENSMUSG00000030411	192	0	3	1	0	NA	0	NA
ENSMUST00000053713.5	ENSMUSG00000044030	393	0	0	0	0	NA	NA	NA
ENSMUST00000023882.14	ENSMUSG00000023118	149	1	0	1	12	12	58	52
ENSMUST00000032570.14	ENSMUSG00000030410	43	0	0	0	0	NA	NA	NA
ENSMUST00000108473.10	ENSMUSG00000030409	110	1	1	1	15	15	8	54
ENSMUST00000049454.6	ENSMUSG00000040841	43	0	0	0	0	NA	NA	NA
ENSMUST00000053109.5	ENSMUSG00000050428	158	1	0	1	16	16	75	32
ENSMUST00000032566.3	ENSMUSG00000030407	106	0	0	0	0	NA	NA	NA
ENSMUST00000120595.8	ENSMUSG00000040811	34	0	0	0	0	NA	NA	NA
ENSMUST00000032561.9	ENSMUSG00000030403	299	1	0	1	8	8	177	95
ENSMUST00000108468.5	ENSMUSG00000030401	95	0	0	0	0	NA	NA	NA
ENSMUST00000047621.14	ENSMUSG00000040734	127	0	0	0	0	NA	NA	NA
ENSMUST00000062831.16	ENSMUSG00000030400	45	0	0	0	0	NA	NA	NA
ENSMUST00000085715.7	ENSMUSG00000030397	327	1	0	1	11	11	89	202
ENSMUST00000058444.10	ENSMUSG00000051403	1046	7	0	1	270	141	7	19
ENSMUST00000086041.7	ENSMUSG00000061028	92	0	0	0	0	NA	NA	NA
ENSMUST00000094762.10	ENSMUSG00000002983	196	0	0	0	0	NA	NA	NA
ENSMUST00000174064.9	ENSMUSG00000002985	201	0	0	0	0	NA	NA	NA
ENSMUST00000075447.14	ENSMUSG00000062300	271	1	0	1	7	7	46	201
ENSMUST00000003061.14	ENSMUSG00000002980	77	0	0	0	0	NA	NA	NA
ENSMUST00000120537.8	ENSMUSG00000053175	93	0	0	0	0	NA	NA	NA
ENSMUST00000068975.6	ENSMUSG00000057101	345	5	0	1	181	55	40	91
ENSMUST00000056549.9	ENSMUSG00000047603	289	1	0	1	9	9	213	46
ENSMUST00000206422.2	ENSMUSG00000074277	299	1	0	1	6	6	165	113
ENSMUST00000108430.10	ENSMUSG00000040952	297	2	0	1	61	47	5	107
ENSMUST00000117796.8	ENSMUSG00000040940	235	0	0	0	0	NA	NA	NA
ENSMUST00000076961.9	ENSMUSG00000003380	172	2	0	1	24	15	18	106
ENSMUST00000179556.2	ENSMUSG00000045252	202	0	0	0	0	NA	NA	NA
ENSMUST00000058702.7	ENSMUSG00000054499	135	0	0	0	0	NA	NA	NA
ENSMUST00000071739.12	ENSMUSG00000057177	191	0	0	0	0	NA	NA	NA
ENSMUST00000045847.15	ENSMUSG00000040857	161	0	0	0	0	NA	NA	NA
ENSMUST00000169266.8	ENSMUSG00000005442	64	0	0	0	0	NA	NA	NA
ENSMUST00000128119.2	ENSMUSG00000045039	343	5	0	1	91	65	15	91
ENSMUST00000003207.11	ENSMUSG00000003123	770	7	0	1	88	42	88	40
ENSMUST00000002678.10	ENSMUSG00000002603	867	0	0	0	0	NA	NA	NA
ENSMUST00000002683.3	ENSMUSG00000002608	122	1	0	1	10	10	8	81
ENSMUST00000206832.2	ENSMUSG00000040725	122	0	0	0	0	NA	NA	NA
ENSMUST00000002677.11	ENSMUSG00000002602	209	0	0	0	0	NA	NA	NA
ENSMUST00000043314.10	ENSMUSG00000040703	151	0	0	0	0	NA	NA	NA
ENSMUST00000163311.9	ENSMUSG00000061479	226	0	0	0	0	NA	NA	NA
ENSMUST00000003850.8	ENSMUSG00000003752	141	0	0	0	0	NA	NA	NA
ENSMUST00000079258.7	ENSMUSG00000063160	213	0	1	1	0	NA	26	NA
ENSMUST00000003857.7	ENSMUSG00000089832	63	0	1	1	0	NA	11	NA
ENSMUST00000068641.8	ENSMUSG00000055200	107	0	0	0	0	NA	NA	NA
ENSMUST00000008528.8	ENSMUSG00000008384	172	1	0	1	17	17	96	22
ENSMUST00000117095.8	ENSMUSG00000003363	517	2	0	1	59	48	61	260
ENSMUST00000108344.9	ENSMUSG00000004056	413	3	1	1	99	73	29	21
ENSMUST00000032824.10	ENSMUSG00000030603	83	2	0	1	15	14	4	34
ENSMUST00000085901.13	ENSMUSG00000002409	273	1	0	1	20	20	203	7
ENSMUST00000003527.10	ENSMUSG00000003435	34	0	0	0	0	NA	NA	NA
ENSMUST00000121085.8	ENSMUSG00000037552	351	1	0	1	62	62	113	49
ENSMUST00000051241.7	ENSMUSG00000044786	1056	5	0	1	147	64	43	174
ENSMUST00000003536.9	ENSMUSG00000003444	45	0	1	1	0	NA	13	NA
ENSMUST00000003529.9	ENSMUSG00000003437	257	0	0	0	0	NA	NA	NA
ENSMUST00000108283.8	ENSMUSG00000030602	286	3	0	1	42	17	19	81
ENSMUST00000032815.11	ENSMUSG00000030595	218	1	2	1	6	6	6	168
ENSMUST00000072965.5	ENSMUSG00000015149	85	0	0	0	0	NA	NA	NA
ENSMUST00000174548.8	ENSMUSG00000015165	558	6	1	1	225	92	5	30
ENSMUST00000066264.13	ENSMUSG00000053898	144	1	1	1	3	3	4	128
ENSMUST00000217157.2	ENSMUSG00000054808	157	0	0	0	0	NA	NA	NA
ENSMUST00000186182.2	ENSMUSG00000030591	28	0	1	1	0	NA	3	NA
ENSMUST00000032809.10	ENSMUSG00000030588	38	0	0	0	0	NA	NA	NA
ENSMUST00000108231.8	ENSMUSG00000030584	130	1	1	1	3	3	13	101
ENSMUST00000085809.11	ENSMUSG00000030583	616	4	0	1	80	32	310	49
ENSMUST00000032802.5	ENSMUSG00000046185	176	1	0	1	19	19	10	106
ENSMUST00000108205.9	ENSMUSG00000059975	220	2	1	1	17	9	63	48
ENSMUST00000207873.2	ENSMUSG00000053985	211	1	0	1	2	2	61	141
ENSMUST00000050735.12	ENSMUSG00000049421	1060	7	2	1	101	44	10	24
ENSMUST00000098596.11	ENSMUSG00000074220	92	0	1	1	0	NA	52	NA
ENSMUST00000062181.9	ENSMUSG00000037029	682	5	1	1	59	23	154	22
ENSMUST00000001845.13	ENSMUSG00000001794	228	2	0	1	28	16	40	111
ENSMUST00000108190.8	ENSMUSG00000037020	84	0	0	0	0	NA	NA	NA
ENSMUST00000014065.16	ENSMUSG00000013921	149	0	0	0	0	NA	NA	NA
ENSMUST00000006828.9	ENSMUSG00000006651	67	0	0	0	0	NA	NA	NA
ENSMUST00000207747.2	ENSMUSG00000036835	231	0	0	0	0	NA	NA	NA
ENSMUST00000075738.6	ENSMUSG00000036751	109	0	0	0	0	NA	NA	NA
ENSMUST00000042726.14	ENSMUSG00000036733	240	0	0	0	0	NA	NA	NA
ENSMUST00000019697.9	ENSMUSG00000078762	66	1	0	1	15	15	4	14
ENSMUST00000006478.10	ENSMUSG00000006315	120	0	0	0	0	NA	NA	NA
ENSMUST00000058860.14	ENSMUSG00000058239	46	0	0	0	0	NA	NA	NA
ENSMUST00000001280.14	ENSMUSG00000001248	179	0	0	0	0	NA	NA	NA
ENSMUST00000102746.11	ENSMUSG00000052997	65	0	0	0	0	NA	NA	NA
ENSMUST00000038027.6	ENSMUSG00000036427	123	0	0	0	0	NA	NA	NA
ENSMUST00000085585.12	ENSMUSG00000066568	209	1	0	1	8	8	82	100
ENSMUST00000108069.8	ENSMUSG00000030499	278	3	0	1	26	14	188	0
ENSMUST00000075068.14	ENSMUSG00000063931	59	0	0	0	0	NA	NA	NA
ENSMUST00000130491.3	ENSMUSG00000056216	294	1	0	1	1	1	202	86
ENSMUST00000042985.11	ENSMUSG00000034957	116	1	0	1	5	5	91	7
ENSMUST00000118444.3	ENSMUSG00000001802	364	1	1	1	39	39	78	166
ENSMUST00000032705.13	ENSMUSG00000030494	173	0	0	0	0	NA	NA	NA
ENSMUST00000032704.12	ENSMUSG00000030493	518	1	0	1	5	5	137	363
ENSMUST00000079414.12	ENSMUSG00000023072	113	0	0	0	0	NA	NA	NA
ENSMUST00000040844.16	ENSMUSG00000034867	155	1	0	1	1	1	112	37
ENSMUST00000118501.8	ENSMUSG00000030417	150	0	1	1	0	NA	1	NA
ENSMUST00000051377.15	ENSMUSG00000043671	239	2	0	1	8	5	217	4
ENSMUST00000061586.11	ENSMUSG00000044452	249	1	0	1	1	1	235	8
ENSMUST00000021641.8	ENSMUSG00000021217	132	0	0	0	0	NA	NA	NA
ENSMUST00000085513.6	ENSMUSG00000030421	322	3	0	1	87	57	119	16
ENSMUST00000108023.10	ENSMUSG00000002068	242	1	0	1	18	18	34	151
ENSMUST00000098513.6	ENSMUSG00000074170	92	0	0	0	0	NA	NA	NA
ENSMUST00000032585.8	ENSMUSG00000030423	270	3	0	1	24	15	22	38
ENSMUST00000058104.8	ENSMUSG00000030469	248	3	0	1	32	24	76	42
ENSMUST00000035844.11	ENSMUSG00000038695	225	0	1	1	0	NA	169	NA
ENSMUST00000239015.2	ENSMUSG00000008140	114	0	2	1	0	NA	5	NA
ENSMUST00000107912.8	ENSMUSG00000060601	129	1	0	1	21	21	57	6
ENSMUST00000002275.15	ENSMUSG00000002205	302	5	0	1	128	51	47	30
ENSMUST00000047356.11	ENSMUSG00000038539	373	1	1	1	3	3	121	240
ENSMUST00000054343.15	ENSMUSG00000011096	132	0	2	1	0	NA	46	NA
ENSMUST00000003049.8	ENSMUSG00000002968	348	3	3	1	82	42	45	163
ENSMUST00000071207.14	ENSMUSG00000011658	173	2	0	1	17	12	32	22
ENSMUST00000107857.11	ENSMUSG00000060279	80	0	0	0	0	NA	NA	NA
ENSMUST00000003290.12	ENSMUSG00000003190	125	0	0	0	0	NA	NA	NA
ENSMUST00000003284.16	ENSMUSG00000003184	269	1	0	1	12	12	86	144
ENSMUST00000211735.2	ENSMUSG00000038406	206	4	0	1	87	34	50	2
ENSMUST00000044111.10	ENSMUSG00000038387	55	0	0	0	0	NA	NA	NA
ENSMUST00000209963.2	ENSMUSG00000007833	92	0	0	0	0	NA	NA	NA
ENSMUST00000210139.2	ENSMUSG00000003423	122	0	2	1	0	NA	16	NA
ENSMUST00000033060.14	ENSMUSG00000030796	86	0	0	0	0	NA	NA	NA
ENSMUST00000042194.10	ENSMUSG00000038260	59	0	0	0	0	NA	NA	NA
ENSMUST00000211067.2	ENSMUSG00000003863	75	0	0	0	0	NA	NA	NA
ENSMUST00000074575.11	ENSMUSG00000063511	244	1	0	1	26	26	5	158
ENSMUST00000211214.2	ENSMUSG00000003868	700	4	0	1	102	52	75	23
ENSMUST00000003964.17	ENSMUSG00000003865	209	0	0	0	0	NA	NA	NA
ENSMUST00000094434.13	ENSMUSG00000050708	253	1	0	1	2	2	11	233
ENSMUST00000033093.10	ENSMUSG00000003873	123	1	0	1	16	16	20	52
ENSMUST00000033098.16	ENSMUSG00000030826	223	0	1	1	0	NA	164	NA
ENSMUST00000107737.11	ENSMUSG00000057342	436	4	0	1	151	54	12	69
ENSMUST00000107729.10	ENSMUSG00000003269	195	0	0	0	0	NA	NA	NA
ENSMUST00000131384.3	ENSMUSG00000053801	80	0	0	0	0	NA	NA	NA
ENSMUST00000002855.14	ENSMUSG00000002778	239	0	0	0	0	NA	NA	NA
ENSMUST00000033121.7	ENSMUSG00000030835	134	0	0	0	0	NA	NA	NA
ENSMUST00000143082.4	ENSMUSG00000006763	48	0	0	0	0	NA	NA	NA
ENSMUST00000107654.8	ENSMUSG00000014418	117	0	0	0	0	NA	NA	NA
ENSMUST00000006774.11	ENSMUSG00000006599	201	1	0	1	27	27	30	87
ENSMUST00000048209.16	ENSMUSG00000063229	103	0	0	0	0	NA	NA	NA
ENSMUST00000014546.15	ENSMUSG00000014402	107	0	0	0	0	NA	NA	NA
ENSMUST00000094398.13	ENSMUSG00000043262	95	0	0	0	0	NA	NA	NA
ENSMUST00000061639.10	ENSMUSG00000049516	277	1	0	1	46	46	60	76
ENSMUST00000010451.8	ENSMUSG00000010307	180	0	0	0	0	NA	NA	NA
ENSMUST00000058745.15	ENSMUSG00000046179	490	3	1	1	129	97	184	4
ENSMUST00000085272.7	ENSMUSG00000039745	240	2	0	1	59	38	85	38
ENSMUST00000032629.16	ENSMUSG00000030447	238	0	0	0	0	NA	NA	NA
ENSMUST00000119041.8	ENSMUSG00000030452	270	5	0	1	101	30	93	8
ENSMUST00000039697.14	ENSMUSG00000033676	114	0	0	0	0	NA	NA	NA
ENSMUST00000200758.4	ENSMUSG00000025326	637	3	1	1	59	49	23	91
ENSMUST00000063694.10	ENSMUSG00000052040	369	3	0	1	43	26	43	38
ENSMUST00000032736.11	ENSMUSG00000030522	112	0	0	0	0	NA	NA	NA
ENSMUST00000094331.5	ENSMUSG00000070520	79	0	0	0	0	NA	NA	NA
ENSMUST00000206517.2	ENSMUSG00000078681	2	0	0	0	0	NA	NA	NA
ENSMUST00000098391.11	ENSMUSG00000030513	35	0	0	0	0	NA	NA	NA
ENSMUST00000101801.8	ENSMUSG00000075701	65	0	0	0	0	NA	NA	NA
ENSMUST00000036372.8	ENSMUSG00000032640	396	3	0	1	118	95	8	100
ENSMUST00000124899.8	ENSMUSG00000030509	750	8	0	1	112	26	145	18
ENSMUST00000058771.13	ENSMUSG00000043831	32	0	0	0	0	NA	NA	NA
ENSMUST00000076325.12	ENSMUSG00000030557	356	2	0	1	9	7	33	65
ENSMUST00000053950.10	ENSMUSG00000030556	123	2	1	1	5	4	65	33
ENSMUST00000107471.8	ENSMUSG00000030555	441	5	2	1	80	23	41	4
ENSMUST00000005671.10	ENSMUSG00000005533	32	0	0	0	0	NA	NA	NA
ENSMUST00000048068.15	ENSMUSG00000042659	175	0	0	0	0	NA	NA	NA
ENSMUST00000032768.15	ENSMUSG00000030551	264	0	0	0	0	NA	NA	NA
ENSMUST00000139780.3	ENSMUSG00000070509	188	0	1	1	0	NA	184	NA
ENSMUST00000169922.9	ENSMUSG00000078671	572	4	0	1	29	11	22	68
ENSMUST00000026897.14	ENSMUSG00000025790	24	0	0	0	0	NA	NA	NA
ENSMUST00000171155.4	ENSMUSG00000055652	175	0	0	0	0	NA	NA	NA
ENSMUST00000107425.8	ENSMUSG00000030609	152	0	0	0	0	NA	NA	NA
ENSMUST00000037315.13	ENSMUSG00000039202	247	2	0	1	35	27	64	89
ENSMUST00000073889.14	ENSMUSG00000039176	453	1	0	1	23	23	315	66
ENSMUST00000183846.8	ENSMUSG00000050382	80	0	0	0	0	NA	NA	NA
ENSMUST00000032761.8	ENSMUSG00000030545	115	0	0	0	0	NA	NA	NA
ENSMUST00000107392.8	ENSMUSG00000039062	475	0	0	0	0	NA	NA	NA
ENSMUST00000075657.8	ENSMUSG00000063801	72	0	0	0	0	NA	NA	NA
ENSMUST00000164056.9	ENSMUSG00000048897	201	1	0	1	3	3	175	14
ENSMUST00000107384.10	ENSMUSG00000030541	116	0	1	1	0	NA	1	NA
ENSMUST00000032754.9	ENSMUSG00000030539	285	0	0	0	0	NA	NA	NA
ENSMUST00000062915.9	ENSMUSG00000050973	350	2	0	1	32	19	3	212
ENSMUST00000174172.8	ENSMUSG00000038943	76	0	0	0	0	NA	NA	NA
ENSMUST00000047362.11	ENSMUSG00000038930	893	8	0	1	214	85	34	201
ENSMUST00000032748.15	ENSMUSG00000030533	100	0	0	0	0	NA	NA	NA
ENSMUST00000080932.8	ENSMUSG00000053158	119	0	0	0	0	NA	NA	NA
ENSMUST00000122232.8	ENSMUSG00000030530	391	1	0	1	21	21	277	48
ENSMUST00000170315.3	ENSMUSG00000030528	343	2	2	1	72	57	110	59
ENSMUST00000122255.8	ENSMUSG00000030527	139	0	0	0	0	NA	NA	NA
ENSMUST00000167377.3	ENSMUSG00000030536	221	0	1	1	0	NA	96	NA
ENSMUST00000026818.12	ENSMUSG00000025724	328	0	0	0	0	NA	NA	NA
ENSMUST00000107353.3	ENSMUSG00000005621	207	1	0	1	23	23	103	32
ENSMUST00000026672.8	ENSMUSG00000025584	319	3	0	1	42	25	18	49
ENSMUST00000165460.2	ENSMUSG00000045795	30	0	0	0	0	NA	NA	NA
ENSMUST00000207983.2	ENSMUSG00000025813	46	0	0	0	0	NA	NA	NA
ENSMUST00000026093.9	ENSMUSG00000025103	40	0	0	0	0	NA	NA	NA
ENSMUST00000179489.8	ENSMUSG00000038563	51	0	0	0	0	NA	NA	NA
ENSMUST00000082237.7	ENSMUSG00000057706	318	0	0	0	0	NA	NA	NA
ENSMUST00000094216.5	ENSMUSG00000070462	1084	5	3	1	125	40	182	261
ENSMUST00000117085.2	ENSMUSG00000038459	49	0	0	0	0	NA	NA	NA
ENSMUST00000085077.5	ENSMUSG00000015709	234	0	0	0	0	NA	NA	NA
ENSMUST00000209117.2	ENSMUSG00000030629	229	0	0	0	0	NA	NA	NA
ENSMUST00000032779.12	ENSMUSG00000030560	118	0	0	0	0	NA	NA	NA
ENSMUST00000107256.4	ENSMUSG00000030559	129	0	0	0	0	NA	NA	NA
ENSMUST00000041968.11	ENSMUSG00000039428	199	0	0	0	0	NA	NA	NA
ENSMUST00000058755.5	ENSMUSG00000049791	332	1	0	1	14	14	112	175
ENSMUST00000041761.7	ENSMUSG00000039405	151	1	0	1	13	13	58	51
ENSMUST00000153470.9	ENSMUSG00000062797	206	2	0	1	8	7	55	127
ENSMUST00000238981.2	ENSMUSG00000030619	451	1	0	1	14	14	35	371
ENSMUST00000207484.2	ENSMUSG00000039361	358	0	0	0	0	NA	NA	NA
ENSMUST00000061767.5	ENSMUSG00000051451	286	0	0	0	0	NA	NA	NA
ENSMUST00000032844.7	ENSMUSG00000030615	165	1	1	1	6	6	47	97
ENSMUST00000119954.9	ENSMUSG00000041328	314	1	0	1	2	2	193	112
ENSMUST00000032879.15	ENSMUSG00000030643	248	0	1	1	0	NA	207	NA
ENSMUST00000076052.8	ENSMUSG00000061119	87	0	0	0	0	NA	NA	NA
ENSMUST00000004622.7	ENSMUSG00000004508	240	0	0	0	0	NA	NA	NA
ENSMUST00000054107.6	ENSMUSG00000044952	74	0	0	0	0	NA	NA	NA
ENSMUST00000136757.8	ENSMUSG00000035642	150	0	0	0	0	NA	NA	NA
ENSMUST00000026506.5	ENSMUSG00000025439	96	0	0	0	0	NA	NA	NA
ENSMUST00000206389.2	ENSMUSG00000042797	302	0	0	0	0	NA	NA	NA
ENSMUST00000206984.2	ENSMUSG00000030774	458	0	0	0	0	NA	NA	NA
ENSMUST00000040971.14	ENSMUSG00000035547	261	1	0	1	4	4	34	212
ENSMUST00000033020.14	ENSMUSG00000030760	88	0	0	0	0	NA	NA	NA
ENSMUST00000094161.11	ENSMUSG00000049580	305	0	1	1	0	NA	166	NA
ENSMUST00000205276.2	ENSMUSG00000035401	345	1	1	1	38	38	107	121
ENSMUST00000033009.16	ENSMUSG00000030753	287	0	0	0	0	NA	NA	NA
ENSMUST00000037968.10	ENSMUSG00000035354	191	1	1	1	4	4	26	150
ENSMUST00000033001.6	ENSMUSG00000030747	207	1	0	1	14	14	145	17
ENSMUST00000169437.9	ENSMUSG00000070436	276	0	0	0	0	NA	NA	NA
ENSMUST00000213887.2	ENSMUSG00000035314	NA	NA	NA	NA	NA	NA	NA	NA
ENSMUST00000179755.8	ENSMUSG00000018909	313	0	0	0	0	NA	NA	NA
ENSMUST00000036331.7	ENSMUSG00000035239	265	0	0	0	0	NA	NA	NA
ENSMUST00000036274.8	ENSMUSG00000035227	100	1	2	1	8	8	12	61
ENSMUST00000032969.14	ENSMUSG00000030726	142	0	0	0	0	NA	NA	NA
ENSMUST00000084935.11	ENSMUSG00000030729	530	2	0	1	116	104	156	59
ENSMUST00000032963.10	ENSMUSG00000030718	484	4	0	1	101	48	66	271
ENSMUST00000126534.8	ENSMUSG00000033685	388	3	0	1	76	36	140	137
ENSMUST00000054310.4	ENSMUSG00000044881	103	0	0	0	0	NA	NA	NA
ENSMUST00000150042.8	ENSMUSG00000030706	92	1	0	1	16	16	1	40
ENSMUST00000032946.10	ENSMUSG00000030704	638	0	0	0	0	NA	NA	NA
ENSMUST00000049053.9	ENSMUSG00000029461	250	0	0	0	0	NA	NA	NA
ENSMUST00000008462.11	ENSMUSG00000008318	157	0	0	0	0	NA	NA	NA
ENSMUST00000107032.3	ENSMUSG00000032875	368	2	0	1	50	39	81	167
ENSMUST00000098250.10	ENSMUSG00000030691	244	0	1	1	0	NA	228	NA
ENSMUST00000120267.9	ENSMUSG00000047767	61	0	0	0	0	NA	NA	NA
ENSMUST00000084896.10	ENSMUSG00000032812	NA	NA	NA	NA	NA	NA	NA	NA
ENSMUST00000001884.14	ENSMUSG00000001829	178	2	0	1	15	14	6	11
ENSMUST00000035836.14	ENSMUSG00000032737	540	3	1	1	103	88	12	14
ENSMUST00000035395.14	ENSMUSG00000030649	171	1	1	1	2	2	19	143
ENSMUST00000033131.12	ENSMUSG00000030842	95	1	0	1	1	1	23	66
ENSMUST00000084852.13	ENSMUSG00000066306	178	1	0	1	13	13	121	15
ENSMUST00000033292.14	ENSMUSG00000030990	204	1	0	1	11	11	116	52
ENSMUST00000106923.2	ENSMUSG00000073982	199	0	1	1	0	NA	96	NA
ENSMUST00000033289.6	ENSMUSG00000030987	609	0	1	1	0	NA	587	NA
ENSMUST00000033283.10	ENSMUSG00000030978	330	0	1	1	0	NA	5	NA
ENSMUST00000033264.12	ENSMUSG00000030966	203	0	0	0	0	NA	NA	NA
ENSMUST00000082175.7	ENSMUSG00000073968	225	1	0	1	2	2	196	20
ENSMUST00000059037.15	ENSMUSG00000057143	225	0	0	0	0	NA	NA	NA
ENSMUST00000048079.14	ENSMUSG00000044465	313	1	1	1	4	4	12	286
ENSMUST00000191601.7	ENSMUSG00000037032	158	2	0	1	14	12	58	53
ENSMUST00000057525.14	ENSMUSG00000036989	193	0	0	0	0	NA	NA	NA
ENSMUST00000131446.8	ENSMUSG00000030881	214	1	0	1	7	7	58	132
ENSMUST00000033179.14	ENSMUSG00000030888	385	1	0	1	32	32	228	58
ENSMUST00000033182.10	ENSMUSG00000030890	173	0	0	0	0	NA	NA	NA
ENSMUST00000141116.2	ENSMUSG00000043866	43	0	0	0	0	NA	NA	NA
ENSMUST00000033184.6	ENSMUSG00000030894	48	2	1	1	4	3	0	36
ENSMUST00000124482.3	ENSMUSG00000030879	118	0	1	1	0	NA	5	NA
ENSMUST00000040056.15	ENSMUSG00000036528	147	1	0	1	26	26	36	30
ENSMUST00000033341.12	ENSMUSG00000031028	276	0	1	1	0	NA	176	NA
ENSMUST00000033333.13	ENSMUSG00000031021	101	0	0	0	0	NA	NA	NA
ENSMUST00000080437.13	ENSMUSG00000035901	288	1	0	1	32	32	99	90
ENSMUST00000094097.12	ENSMUSG00000047554	369	2	1	1	82	64	40	123
ENSMUST00000084731.5	ENSMUSG00000066232	151	1	0	1	18	18	80	14
ENSMUST00000084727.11	ENSMUSG00000061079	73	0	1	1	0	NA	24	NA
ENSMUST00000033326.10	ENSMUSG00000031016	304	0	0	0	0	NA	NA	NA
ENSMUST00000033325.9	ENSMUSG00000031015	100	0	0	0	0	NA	NA	NA
ENSMUST00000164759.8	ENSMUSG00000038371	161	1	1	1	16	16	31	79
ENSMUST00000033054.10	ENSMUSG00000030790	183	0	0	0	0	NA	NA	NA
ENSMUST00000213373.2	ENSMUSG00000005686	NA	NA	NA	NA	NA	NA	NA	NA
ENSMUST00000177236.8	ENSMUSG00000030788	170	2	0	1	11	9	105	16
ENSMUST00000106663.2	ENSMUSG00000038296	430	1	1	1	10	10	58	339
ENSMUST00000210309.2	ENSMUSG00000059263	143	1	0	1	8	8	47	69
ENSMUST00000033036.7	ENSMUSG00000030772	115	0	0	0	0	NA	NA	NA
ENSMUST00000106640.2	ENSMUSG00000030770	100	0	1	1	0	NA	75	NA
ENSMUST00000239442.2	ENSMUSG00000055320	506	1	0	1	2	2	213	284
ENSMUST00000211770.2	ENSMUSG00000055116	341	4	0	1	52	23	20	106
ENSMUST00000117577.8	ENSMUSG00000038187	129	1	2	1	2	2	92	12
ENSMUST00000033018.15	ENSMUSG00000030759	160	0	0	0	0	NA	NA	NA
ENSMUST00000069449.7	ENSMUSG00000055723	278	0	0	0	0	NA	NA	NA
ENSMUST00000033012.9	ENSMUSG00000030754	165	0	0	0	0	NA	NA	NA
ENSMUST00000033008.10	ENSMUSG00000030751	115	0	0	0	0	NA	NA	NA
ENSMUST00000032909.9	ENSMUSG00000030671	270	1	0	1	24	24	110	85
ENSMUST00000205405.2	ENSMUSG00000051910	169	5	0	1	44	15	10	37
ENSMUST00000170953.3	ENSMUSG00000090862	88	0	0	0	0	NA	NA	NA
ENSMUST00000032895.15	ENSMUSG00000030659	287	0	0	0	0	NA	NA	NA
ENSMUST00000032888.10	ENSMUSG00000030654	158	0	1	1	0	NA	12	NA
ENSMUST00000178344.3	ENSMUSG00000095115	641	1	1	1	139	139	55	166
ENSMUST00000044195.6	ENSMUSG00000042246	69	0	0	0	0	NA	NA	NA
ENSMUST00000038791.15	ENSMUSG00000033917	128	0	1	1	0	NA	1	NA
ENSMUST00000106557.8	ENSMUSG00000033904	354	4	0	1	42	22	71	16
ENSMUST00000106550.12	ENSMUSG00000030980	354	0	1	1	0	NA	198	NA
ENSMUST00000008878.10	ENSMUSG00000008734	173	2	0	1	3	2	51	52
ENSMUST00000033236.9	ENSMUSG00000030942	57	0	0	0	0	NA	NA	NA
ENSMUST00000150844.3	ENSMUSG00000030929	118	0	0	0	0	NA	NA	NA
ENSMUST00000059851.14	ENSMUSG00000048787	293	5	0	1	107	53	35	19
ENSMUST00000106518.9	ENSMUSG00000030922	30	0	0	0	0	NA	NA	NA
ENSMUST00000033210.13	ENSMUSG00000030917	267	2	0	1	29	20	185	19
ENSMUST00000033176.7	ENSMUSG00000030884	114	0	0	0	0	NA	NA	NA
ENSMUST00000047875.16	ENSMUSG00000035064	346	0	0	0	0	NA	NA	NA
ENSMUST00000106483.4	ENSMUSG00000030880	151	1	0	1	4	4	21	115
ENSMUST00000033169.9	ENSMUSG00000030878	260	0	0	0	0	NA	NA	NA
ENSMUST00000033163.8	ENSMUSG00000030876	366	1	0	1	27	27	256	26
ENSMUST00000033160.15	ENSMUSG00000030872	134	0	0	0	0	NA	NA	NA
ENSMUST00000098068.10	ENSMUSG00000044702	179	0	0	0	0	NA	NA	NA
ENSMUST00000033156.5	ENSMUSG00000030868	93	0	0	0	0	NA	NA	NA
ENSMUST00000033154.8	ENSMUSG00000030867	104	0	0	0	0	NA	NA	NA
ENSMUST00000052135.14	ENSMUSG00000030779	398	3	0	1	15	8	9	195
ENSMUST00000094053.7	ENSMUSG00000052707	147	1	0	1	17	17	42	51
ENSMUST00000205262.2	ENSMUSG00000030766	79	1	0	1	1	1	5	68
ENSMUST00000168189.8	ENSMUSG00000000131	600	4	0	1	52	22	125	67
ENSMUST00000032994.15	ENSMUSG00000030741	373	3	0	1	41	18	29	94
ENSMUST00000075671.5	ENSMUSG00000030722	22	0	0	0	0	NA	NA	NA
ENSMUST00000106407.9	ENSMUSG00000030727	66	0	0	0	0	NA	NA	NA
ENSMUST00000032978.8	ENSMUSG00000030733	568	2	0	1	39	24	102	131
ENSMUST00000040202.15	ENSMUSG00000032637	245	0	0	0	0	NA	NA	NA
ENSMUST00000032961.4	ENSMUSG00000030717	242	1	0	1	24	24	68	99
ENSMUST00000032956.10	ENSMUSG00000030714	191	0	1	1	0	NA	169	NA
ENSMUST00000106373.9	ENSMUSG00000030711	114	0	0	0	0	NA	NA	NA
ENSMUST00000130498.2	ENSMUSG00000047721	601	4	0	1	120	66	14	117
ENSMUST00000038614.12	ENSMUSG00000042675	215	0	0	0	0	NA	NA	NA
ENSMUST00000032936.8	ENSMUSG00000030697	139	0	0	0	0	NA	NA	NA
ENSMUST00000032934.12	ENSMUSG00000030695	231	1	0	1	14	14	46	140
ENSMUST00000106343.3	ENSMUSG00000030689	53	0	0	0	0	NA	NA	NA
ENSMUST00000071268.11	ENSMUSG00000059981	833	0	0	0	0	NA	NA	NA
ENSMUST00000121532.8	ENSMUSG00000060538	64	0	0	0	0	NA	NA	NA
ENSMUST00000032924.6	ENSMUSG00000030685	176	1	0	1	9	9	25	121
ENSMUST00000165096.10	ENSMUSG00000030681	128	0	1	1	0	NA	101	NA
ENSMUST00000205568.2	ENSMUSG00000030678	107	0	0	0	0	NA	NA	NA
ENSMUST00000166791.8	ENSMUSG00000042502	95	1	0	1	1	1	14	75
ENSMUST00000120705.3	ENSMUSG00000042492	105	1	0	1	1	1	83	16
ENSMUST00000106312.4	ENSMUSG00000045598	437	0	0	0	0	NA	NA	NA
ENSMUST00000120857.8	ENSMUSG00000030830	154	1	0	1	13	13	46	66
ENSMUST00000060783.7	ENSMUSG00000047371	187	0	0	0	0	NA	NA	NA
ENSMUST00000165495.2	ENSMUSG00000078580	183	0	1	1	0	NA	83	NA
ENSMUST00000053392.11	ENSMUSG00000048921	300	1	0	1	46	46	44	115
ENSMUST00000106292.8	ENSMUSG00000030822	237	1	0	1	18	18	25	155
ENSMUST00000205694.2	ENSMUSG00000030816	117	1	0	1	5	5	20	79
ENSMUST00000058038.12	ENSMUSG00000045639	515	5	1	1	154	66	75	118
ENSMUST00000061468.9	ENSMUSG00000030814	406	0	0	0	0	NA	NA	NA
ENSMUST00000186207.7	ENSMUSG00000030811	156	0	0	0	0	NA	NA	NA
ENSMUST00000061587.13	ENSMUSG00000043964	174	1	0	1	21	21	76	32
ENSMUST00000047075.14	ENSMUSG00000042308	693	2	1	1	65	52	524	6
ENSMUST00000033075.14	ENSMUSG00000030805	275	4	0	1	133	46	0	37
ENSMUST00000054415.12	ENSMUSG00000049728	804	3	0	1	98	65	127	324
ENSMUST00000033074.8	ENSMUSG00000096145	36	0	0	0	0	NA	NA	NA
ENSMUST00000106251.10	ENSMUSG00000030795	108	0	0	0	0	NA	NA	NA
ENSMUST00000106226.9	ENSMUSG00000030846	516	0	0	0	0	NA	NA	NA
ENSMUST00000033136.9	ENSMUSG00000030847	243	1	0	1	41	41	0	117
ENSMUST00000043138.13	ENSMUSG00000042105	235	0	0	0	0	NA	NA	NA
ENSMUST00000057557.14	ENSMUSG00000048170	305	0	0	0	0	NA	NA	NA
ENSMUST00000042942.10	ENSMUSG00000055319	79	0	0	0	0	NA	NA	NA
ENSMUST00000084519.7	ENSMUSG00000042055	115	0	0	0	0	NA	NA	NA
ENSMUST00000216011.2	ENSMUSG00000030850	NA	NA	NA	NA	NA	NA	NA	NA
ENSMUST00000160289.9	ENSMUSG00000040331	107	0	0	0	0	NA	NA	NA
ENSMUST00000046306.15	ENSMUSG00000040167	185	1	0	1	35	35	33	44
ENSMUST00000015829.15	ENSMUSG00000030861	145	1	0	1	26	26	39	25
ENSMUST00000084502.7	ENSMUSG00000066979	233	2	1	1	52	27	39	36
ENSMUST00000084500.8	ENSMUSG00000030934	140	0	0	0	0	NA	NA	NA
ENSMUST00000033241.6	ENSMUSG00000030946	67	0	0	0	0	NA	NA	NA
ENSMUST00000097999.9	ENSMUSG00000030956	635	7	0	1	111	35	76	10
ENSMUST00000033257.15	ENSMUSG00000030960	65	0	1	1	0	NA	40	NA
ENSMUST00000106157.8	ENSMUSG00000030967	441	1	0	1	2	2	225	207
ENSMUST00000033269.15	ENSMUSG00000030970	433	3	0	1	22	10	76	56
ENSMUST00000051169.13	ENSMUSG00000039990	270	1	0	1	2	2	12	249
ENSMUST00000067680.11	ENSMUSG00000054555	220	1	1	1	3	3	63	145
ENSMUST00000084488.5	ENSMUSG00000058325	112	1	1	1	3	3	24	69
ENSMUST00000209979.2	ENSMUSG00000041836	43	0	0	0	0	NA	NA	NA
ENSMUST00000081510.4	ENSMUSG00000054612	86	0	0	0	0	NA	NA	NA
ENSMUST00000210774.2	ENSMUSG00000010476	73	0	0	0	0	NA	NA	NA
ENSMUST00000064404.8	ENSMUSG00000031068	60	0	0	0	0	NA	NA	NA
ENSMUST00000026551.15	ENSMUSG00000025478	122	0	0	0	0	NA	NA	NA
ENSMUST00000172136.9	ENSMUSG00000060260	32	0	0	0	0	NA	NA	NA
ENSMUST00000106098.8	ENSMUSG00000025477	281	2	0	1	17	10	35	90
ENSMUST00000026557.10	ENSMUSG00000025484	870	5	0	1	121	37	122	87
ENSMUST00000026558.7	ENSMUSG00000025485	514	2	0	1	94	80	64	207
ENSMUST00000026565.7	ENSMUSG00000025492	125	0	0	0	0	NA	NA	NA
ENSMUST00000048002.7	ENSMUSG00000055629	170	2	0	1	21	15	66	13
ENSMUST00000026568.10	ENSMUSG00000025495	116	0	1	1	0	NA	15	NA
ENSMUST00000106033.5	ENSMUSG00000038650	570	11	0	1	364	81	15	112
ENSMUST00000046890.12	ENSMUSG00000038618	88	0	0	0	0	NA	NA	NA
ENSMUST00000106027.9	ENSMUSG00000038611	125	0	1	1	0	NA	115	NA
ENSMUST00000026577.13	ENSMUSG00000025504	217	0	0	0	0	NA	NA	NA
ENSMUST00000106008.3	ENSMUSG00000051007	71	0	0	0	0	NA	NA	NA
ENSMUST00000019226.14	ENSMUSG00000019082	478	1	0	1	20	20	68	347
ENSMUST00000164016.8	ENSMUSG00000025509	89	0	0	0	0	NA	NA	NA
ENSMUST00000106000.10	ENSMUSG00000025510	327	0	0	0	0	NA	NA	NA
ENSMUST00000026585.14	ENSMUSG00000025511	275	1	0	1	35	35	41	126
ENSMUST00000153191.8	ENSMUSG00000025512	88	2	1	1	12	8	15	35
ENSMUST00000003038.12	ENSMUSG00000002957	187	0	0	0	0	NA	NA	NA
ENSMUST00000001950.12	ENSMUSG00000025139	179	0	0	0	0	NA	NA	NA
ENSMUST00000209732.2	ENSMUSG00000025147	136	0	0	0	0	NA	NA	NA
ENSMUST00000039926.10	ENSMUSG00000037887	442	3	0	1	72	61	118	73
ENSMUST00000038946.9	ENSMUSG00000018819	460	1	0	1	16	16	174	235
ENSMUST00000037941.10	ENSMUSG00000037706	262	0	0	0	0	NA	NA	NA
ENSMUST00000037287.8	ENSMUSG00000037664	208	0	0	0	0	NA	NA	NA
ENSMUST00000208190.2	ENSMUSG00000059119	82	0	0	0	0	NA	NA	NA
ENSMUST00000010899.14	ENSMUSG00000010755	84	0	0	0	0	NA	NA	NA
ENSMUST00000119499.8	ENSMUSG00000037606	93	0	0	0	0	NA	NA	NA
ENSMUST00000207143.2	ENSMUSG00000058454	87	0	0	0	0	NA	NA	NA
ENSMUST00000103079.4	ENSMUSG00000031078	415	5	1	1	63	17	8	26
ENSMUST00000182226.8	ENSMUSG00000037519	4	0	0	0	0	NA	NA	NA
ENSMUST00000033394.8	ENSMUSG00000031077	74	1	0	1	4	4	35	24
ENSMUST00000093962.5	ENSMUSG00000070348	176	0	0	0	0	NA	NA	NA
ENSMUST00000058022.6	ENSMUSG00000048677	100	0	0	0	0	NA	NA	NA
ENSMUST00000091291.5	ENSMUSG00000005534	489	1	0	1	10	10	428	28
ENSMUST00000004684.13	ENSMUSG00000004568	139	0	2	1	0	NA	104	NA
ENSMUST00000004683.13	ENSMUSG00000004567	140	1	1	1	15	15	33	49
ENSMUST00000111070.4	ENSMUSG00000004565	274	1	1	1	34	34	79	90
ENSMUST00000207432.2	ENSMUSG00000044433	NA	NA	NA	NA	NA	NA	NA	NA
ENSMUST00000011981.5	ENSMUSG00000011837	42	0	0	0	0	NA	NA	NA
ENSMUST00000053252.9	ENSMUSG00000048644	242	1	0	1	1	1	233	3
ENSMUST00000098950.6	ENSMUSG00000040028	544	2	0	1	29	15	241	245
ENSMUST00000008350.16	ENSMUSG00000008206	393	0	0	0	0	NA	NA	NA
ENSMUST00000022945.9	ENSMUSG00000022322	31	0	0	0	0	NA	NA	NA
ENSMUST00000001319.15	ENSMUSG00000001300	628	1	0	1	20	20	195	370
ENSMUST00000048545.10	ENSMUSG00000040459	204	0	0	0	0	NA	NA	NA
ENSMUST00000139793.8	ENSMUSG00000040396	440	5	1	1	221	96	22	66
ENSMUST00000040514.8	ENSMUSG00000038894	28	0	0	0	0	NA	NA	NA
ENSMUST00000033898.10	ENSMUSG00000031502	227	0	0	0	0	NA	NA	NA
ENSMUST00000033899.14	ENSMUSG00000031503	355	1	0	1	7	7	279	52
ENSMUST00000033900.7	ENSMUSG00000031504	211	0	0	0	0	NA	NA	NA
ENSMUST00000049461.7	ENSMUSG00000056228	106	0	1	1	0	NA	17	NA
ENSMUST00000054399.6	ENSMUSG00000045969	844	4	1	1	166	105	244	138
ENSMUST00000033905.13	ENSMUSG00000031508	137	0	2	1	0	NA	18	NA
ENSMUST00000110909.9	ENSMUSG00000031511	147	1	0	1	18	18	43	47
ENSMUST00000000776.15	ENSMUSG00000000759	218	1	1	1	4	4	112	57
ENSMUST00000033818.10	ENSMUSG00000031441	300	1	0	1	15	15	187	65
ENSMUST00000110879.9	ENSMUSG00000031442	1	0	0	0	0	NA	NA	NA
ENSMUST00000033824.8	ENSMUSG00000031447	228	0	0	0	0	NA	NA	NA
ENSMUST00000210317.2	ENSMUSG00000038515	93	0	0	0	0	NA	NA	NA
ENSMUST00000045229.7	ENSMUSG00000038497	248	4	1	1	40	19	70	53
ENSMUST00000209885.2	ENSMUSG00000038482	119	0	0	0	0	NA	NA	NA
ENSMUST00000117551.4	ENSMUSG00000031453	156	0	0	0	0	NA	NA	NA
ENSMUST00000043962.9	ENSMUSG00000038416	131	0	0	0	0	NA	NA	NA
ENSMUST00000051870.8	ENSMUSG00000047710	217	1	0	1	3	3	168	37
ENSMUST00000033839.9	ENSMUSG00000031458	33	0	0	0	0	NA	NA	NA
ENSMUST00000209913.2	ENSMUSG00000038365	68	0	0	0	0	NA	NA	NA
ENSMUST00000027554.8	ENSMUSG00000026317	1124	12	1	1	132	23	88	88
ENSMUST00000149565.8	ENSMUSG00000031467	283	1	0	1	26	26	146	56
ENSMUST00000006742.11	ENSMUSG00000006567	250	1	0	1	11	11	169	45
ENSMUST00000033865.16	ENSMUSG00000031478	89	0	0	0	0	NA	NA	NA
ENSMUST00000033866.9	ENSMUSG00000031479	62	0	0	0	0	NA	NA	NA
ENSMUST00000069828.10	ENSMUSG00000031480	202	1	1	1	9	9	43	129
ENSMUST00000033871.8	ENSMUSG00000031482	218	0	1	1	0	NA	162	NA
ENSMUST00000067786.9	ENSMUSG00000037656	403	2	0	1	30	24	177	151
ENSMUST00000009036.11	ENSMUSG00000008892	77	0	0	0	0	NA	NA	NA
ENSMUST00000033938.7	ENSMUSG00000031536	44	0	0	0	0	NA	NA	NA
ENSMUST00000033939.13	ENSMUSG00000031537	127	0	1	1	0	NA	63	NA
ENSMUST00000033941.7	ENSMUSG00000031538	107	0	0	0	0	NA	NA	NA
ENSMUST00000163739.3	ENSMUSG00000031539	161	1	0	1	17	17	54	53
ENSMUST00000110696.8	ENSMUSG00000031540	412	7	1	1	147	30	23	30
ENSMUST00000167004.3	ENSMUSG00000031545	860	10	0	1	136	32	58	54
ENSMUST00000051094.9	ENSMUSG00000015341	77	0	0	0	0	NA	NA	NA
ENSMUST00000033952.8	ENSMUSG00000031548	283	0	0	0	0	NA	NA	NA
ENSMUST00000208247.3	ENSMUSG00000031555	146	1	0	1	11	11	86	24
ENSMUST00000064883.14	ENSMUSG00000031557	366	3	0	1	13	11	188	13
ENSMUST00000084512.11	ENSMUSG00000065954	164	0	0	0	0	NA	NA	NA
ENSMUST00000084027.13	ENSMUSG00000031565	759	3	0	1	35	17	312	13
ENSMUST00000139966.8	ENSMUSG00000054823	497	4	1	1	59	30	272	18
ENSMUST00000068916.16	ENSMUSG00000031570	53	0	1	1	0	NA	45	NA
ENSMUST00000033975.9	ENSMUSG00000061313	102	0	1	1	0	NA	31	NA
ENSMUST00000038421.8	ENSMUSG00000037296	384	1	0	1	82	82	41	94
ENSMUST00000166078.9	ENSMUSG00000031575	98	2	1	1	7	6	9	68
ENSMUST00000037609.8	ENSMUSG00000037260	138	0	1	1	0	NA	42	NA
ENSMUST00000061850.5	ENSMUSG00000037251	293	7	0	1	202	66	20	10
ENSMUST00000016138.11	ENSMUSG00000015994	70	0	0	0	0	NA	NA	NA
ENSMUST00000153528.8	ENSMUSG00000013878	262	3	0	1	21	11	164	16
ENSMUST00000036807.13	ENSMUSG00000037214	310	1	0	1	11	11	84	190
ENSMUST00000033873.9	ENSMUSG00000031483	123	0	0	0	0	NA	NA	NA
ENSMUST00000033877.6	ENSMUSG00000031487	106	0	0	0	0	NA	NA	NA
ENSMUST00000033878.14	ENSMUSG00000031488	61	0	0	0	0	NA	NA	NA
ENSMUST00000033880.7	ENSMUSG00000031490	80	0	0	0	0	NA	NA	NA
ENSMUST00000217278.2	ENSMUSG00000039328	318	0	0	0	0	NA	NA	NA
ENSMUST00000209851.2	ENSMUSG00000031577	535	0	0	0	0	NA	NA	NA
ENSMUST00000033983.6	ENSMUSG00000031578	85	0	1	1	0	NA	59	NA
ENSMUST00000066173.12	ENSMUSG00000046152	387	5	2	1	82	44	123	57
ENSMUST00000033991.13	ENSMUSG00000031583	103	0	1	1	0	NA	92	NA
ENSMUST00000009774.11	ENSMUSG00000009630	292	0	0	0	0	NA	NA	NA
ENSMUST00000095349.6	ENSMUSG00000052906	30	0	0	0	0	NA	NA	NA
ENSMUST00000170705.8	ENSMUSG00000031585	160	0	0	0	0	NA	NA	NA
ENSMUST00000053251.12	ENSMUSG00000031586	322	0	0	0	0	NA	NA	NA
ENSMUST00000033910.9	ENSMUSG00000031513	333	1	0	1	7	7	10	299
ENSMUST00000239436.2	ENSMUSG00000031532	81	0	0	0	0	NA	NA	NA
ENSMUST00000033930.5	ENSMUSG00000031530	432	1	0	1	1	1	242	184
ENSMUST00000033929.6	ENSMUSG00000031529	25	0	0	0	0	NA	NA	NA
ENSMUST00000210337.2	ENSMUSG00000046794	228	1	0	1	23	23	152	4
ENSMUST00000033927.8	ENSMUSG00000031527	166	0	0	0	0	NA	NA	NA
ENSMUST00000037666.6	ENSMUSG00000070056	575	3	1	1	76	39	114	24
ENSMUST00000239119.2	ENSMUSG00000039633	262	0	2	1	0	NA	37	NA
ENSMUST00000033923.14	ENSMUSG00000031523	348	2	0	1	21	19	84	114
ENSMUST00000068999.14	ENSMUSG00000039478	593	2	1	1	22	13	11	447
ENSMUST00000034012.10	ENSMUSG00000031601	310	4	0	1	67	38	110	18
ENSMUST00000098817.4	ENSMUSG00000031600	326	0	0	0	0	NA	NA	NA
ENSMUST00000048898.17	ENSMUSG00000039431	55	0	0	0	0	NA	NA	NA
ENSMUST00000098816.10	ENSMUSG00000031596	178	0	0	0	0	NA	NA	NA
ENSMUST00000051379.14	ENSMUSG00000045636	273	2	1	1	2	1	144	54
ENSMUST00000045218.9	ENSMUSG00000031592	210	1	0	1	1	1	34	170
ENSMUST00000034000.15	ENSMUSG00000031591	189	0	1	1	0	NA	74	NA
ENSMUST00000034056.12	ENSMUSG00000031639	441	9	1	1	140	31	72	13
ENSMUST00000171337.10	ENSMUSG00000031626	219	2	0	1	22	21	24	98
ENSMUST00000034053.7	ENSMUSG00000031636	119	0	0	0	0	NA	NA	NA
ENSMUST00000170416.8	ENSMUSG00000038291	63	0	1	1	0	NA	10	NA
ENSMUST00000034048.13	ENSMUSG00000031631	115	0	0	0	0	NA	NA	NA
ENSMUST00000034049.5	ENSMUSG00000031633	362	3	1	1	103	65	32	51
ENSMUST00000034046.13	ENSMUSG00000018796	226	0	0	0	0	NA	NA	NA
ENSMUST00000034045.15	ENSMUSG00000031629	59	0	0	0	0	NA	NA	NA
ENSMUST00000040468.16	ENSMUSG00000038225	150	2	0	1	33	23	72	6
ENSMUST00000211115.2	ENSMUSG00000031628	226	2	0	1	39	26	37	108
ENSMUST00000034041.9	ENSMUSG00000031627	211	0	0	0	0	NA	NA	NA
ENSMUST00000079195.6	ENSMUSG00000038143	1357	8	0	1	237	55	392	39
ENSMUST00000033973.14	ENSMUSG00000031568	256	0	0	0	0	NA	NA	NA
ENSMUST00000080353.3	ENSMUSG00000063049	478	0	2	1	0	NA	383	NA
ENSMUST00000038738.7	ENSMUSG00000038069	162	0	0	0	0	NA	NA	NA
ENSMUST00000057561.9	ENSMUSG00000031563	355	1	1	1	3	3	188	155
ENSMUST00000174278.9	ENSMUSG00000031562	74	0	1	1	0	NA	56	NA
ENSMUST00000033919.6	ENSMUSG00000031520	173	0	0	0	0	NA	NA	NA
ENSMUST00000067476.9	ENSMUSG00000054408	93	0	1	1	0	NA	1	NA
ENSMUST00000033915.9	ENSMUSG00000031517	436	3	0	1	30	13	76	158
ENSMUST00000034026.10	ENSMUSG00000031613	35	0	0	0	0	NA	NA	NA
ENSMUST00000040330.15	ENSMUSG00000038215	361	3	0	1	22	12	8	24
ENSMUST00000040218.13	ENSMUSG00000038206	295	1	0	1	8	8	182	86
ENSMUST00000034022.4	ENSMUSG00000031609	294	1	0	1	1	1	63	225
ENSMUST00000067925.8	ENSMUSG00000054717	123	0	0	0	0	NA	NA	NA
ENSMUST00000034021.12	ENSMUSG00000031608	53	0	0	0	0	NA	NA	NA
ENSMUST00000160719.8	ENSMUSG00000031647	331	4	0	1	72	36	9	52
ENSMUST00000004430.14	ENSMUSG00000004319	480	1	2	1	8	8	96	357
ENSMUST00000034065.14	ENSMUSG00000031644	600	6	1	1	60	17	55	9
ENSMUST00000034060.7	ENSMUSG00000031642	569	4	0	1	29	10	488	11
ENSMUST00000034015.11	ENSMUSG00000031604	315	1	0	1	10	10	57	225
ENSMUST00000034017.9	ENSMUSG00000031605	359	2	1	1	40	27	190	18
ENSMUST00000118009.2	ENSMUSG00000014907	150	2	0	1	29	15	17	85
ENSMUST00000093468.12	ENSMUSG00000030465	91	2	1	1	19	17	4	8
ENSMUST00000066594.4	ENSMUSG00000053886	504	1	0	1	14	14	103	356
ENSMUST00000110242.8	ENSMUSG00000031864	64	0	0	0	0	NA	NA	NA
ENSMUST00000015712.15	ENSMUSG00000015568	262	1	0	1	10	10	9	220
ENSMUST00000006435.8	ENSMUSG00000006273	147	0	2	1	0	NA	60	NA
ENSMUST00000185176.8	ENSMUSG00000036306	385	1	0	1	11	11	256	93
ENSMUST00000212681.2	ENSMUSG00000059897	119	1	0	1	7	7	54	41
ENSMUST00000164890.8	ENSMUSG00000031861	292	2	1	1	52	35	30	21
ENSMUST00000065169.12	ENSMUSG00000036180	545	1	1	1	4	4	502	28
ENSMUST00000050561.13	ENSMUSG00000031858	49	0	0	0	0	NA	NA	NA
ENSMUST00000075724.9	ENSMUSG00000036120	242	1	0	1	9	9	81	131
ENSMUST00000095273.7	ENSMUSG00000071078	215	0	0	0	0	NA	NA	NA
ENSMUST00000002418.15	ENSMUSG00000002345	237	0	0	0	0	NA	NA	NA
ENSMUST00000002413.15	ENSMUSG00000002342	33	0	0	0	0	NA	NA	NA
ENSMUST00000110127.8	ENSMUSG00000002346	110	0	0	0	0	NA	NA	NA
ENSMUST00000164403.8	ENSMUSG00000036054	442	3	0	1	23	12	118	189
ENSMUST00000215817.2	ENSMUSG00000058301	218	0	0	0	0	NA	NA	NA
ENSMUST00000076615.6	ENSMUSG00000003575	21	0	0	0	0	NA	NA	NA
ENSMUST00000093456.12	ENSMUSG00000055553	142	2	1	1	5	3	57	73
ENSMUST00000075491.14	ENSMUSG00000019428	113	0	0	0	0	NA	NA	NA
ENSMUST00000019283.10	ENSMUSG00000019139	72	0	0	0	0	NA	NA	NA
ENSMUST00000095267.8	ENSMUSG00000071076	108	0	0	0	0	NA	NA	NA
ENSMUST00000110093.9	ENSMUSG00000031840	190	0	0	0	0	NA	NA	NA
ENSMUST00000038626.10	ENSMUSG00000035559	40	0	0	0	0	NA	NA	NA
ENSMUST00000002989.11	ENSMUSG00000002910	319	0	0	0	0	NA	NA	NA
ENSMUST00000007865.7	ENSMUSG00000007721	488	5	0	1	96	36	21	3
ENSMUST00000240722.1	ENSMUSG00000004677	124	0	1	1	0	NA	99	NA
ENSMUST00000002469.9	ENSMUSG00000002396	336	2	0	1	18	14	205	75
ENSMUST00000002466.9	ENSMUSG00000002393	689	4	0	1	139	107	15	82
ENSMUST00000008094.10	ENSMUSG00000007950	180	2	1	1	5	4	36	73
ENSMUST00000124745.8	ENSMUSG00000074247	124	0	0	0	0	NA	NA	NA
ENSMUST00000093450.6	ENSMUSG00000034863	104	1	0	1	14	14	42	17
ENSMUST00000007754.13	ENSMUSG00000007610	685	5	0	1	77	30	118	46
ENSMUST00000047903.10	ENSMUSG00000034807	202	3	0	1	69	34	43	54
ENSMUST00000093444.13	ENSMUSG00000070000	29	0	0	0	0	NA	NA	NA
ENSMUST00000003575.11	ENSMUSG00000031799	93	0	0	0	0	NA	NA	NA
ENSMUST00000067912.8	ENSMUSG00000055148	45	0	0	0	0	NA	NA	NA
ENSMUST00000163643.3	ENSMUSG00000006276	23	0	0	0	0	NA	NA	NA
ENSMUST00000212991.2	ENSMUSG00000052488	144	0	1	1	0	NA	17	NA
ENSMUST00000152080.8	ENSMUSG00000019731	28	0	0	0	0	NA	NA	NA
ENSMUST00000058534.7	ENSMUSG00000045248	304	1	0	1	11	11	201	67
ENSMUST00000167290.8	ENSMUSG00000044600	59	0	0	0	0	NA	NA	NA
ENSMUST00000034244.9	ENSMUSG00000031791	31	0	0	0	0	NA	NA	NA
ENSMUST00000004497.11	ENSMUSG00000004383	173	3	0	1	36	20	74	4
ENSMUST00000041759.14	ENSMUSG00000034518	467	2	0	1	72	57	234	59
ENSMUST00000165630.3	ENSMUSG00000042870	71	0	0	0	0	NA	NA	NA
ENSMUST00000005548.8	ENSMUSG00000005413	129	0	0	0	0	NA	NA	NA
ENSMUST00000109913.9	ENSMUSG00000031618	491	1	0	1	2	2	475	7
ENSMUST00000034030.15	ENSMUSG00000031617	428	3	1	1	53	29	80	111
ENSMUST00000034029.8	ENSMUSG00000031616	396	0	0	0	0	NA	NA	NA
ENSMUST00000034111.10	ENSMUSG00000031684	207	1	0	1	34	34	97	5
ENSMUST00000130325.8	ENSMUSG00000031683	203	4	0	1	60	35	3	48
ENSMUST00000238669.2	ENSMUSG00000071064	100	1	0	1	1	1	81	13
ENSMUST00000048718.4	ENSMUSG00000037022	72	0	0	0	0	NA	NA	NA
ENSMUST00000066091.14	ENSMUSG00000031681	447	2	0	1	9	8	246	91
ENSMUST00000173078.8	ENSMUSG00000036990	288	4	0	1	60	51	71	33
ENSMUST00000080536.8	ENSMUSG00000058355	225	2	0	1	55	30	55	77
ENSMUST00000043359.9	ENSMUSG00000031715	401	0	0	0	0	NA	NA	NA
ENSMUST00000210676.2	ENSMUSG00000031714	916	1	0	1	61	61	451	279
ENSMUST00000042724.8	ENSMUSG00000038250	492	2	1	1	12	6	241	145
ENSMUST00000078525.7	ENSMUSG00000047747	654	3	0	1	86	74	164	113
ENSMUST00000093393.5	ENSMUSG00000031709	215	1	0	1	30	30	17	105
ENSMUST00000177594.8	ENSMUSG00000035151	138	0	0	0	0	NA	NA	NA
ENSMUST00000036996.6	ENSMUSG00000033938	148	2	0	1	22	16	41	35
ENSMUST00000005620.10	ENSMUSG00000005483	139	0	0	0	0	NA	NA	NA
ENSMUST00000019577.10	ENSMUSG00000019433	95	0	0	0	0	NA	NA	NA
ENSMUST00000019576.15	ENSMUSG00000005481	165	0	0	0	0	NA	NA	NA
ENSMUST00000075843.13	ENSMUSG00000002885	32	0	0	0	0	NA	NA	NA
ENSMUST00000045393.15	ENSMUSG00000013033	302	2	0	1	56	46	132	29
ENSMUST00000005607.9	ENSMUSG00000005470	322	1	0	1	8	8	116	179
ENSMUST00000005606.8	ENSMUSG00000005469	194	0	0	0	0	NA	NA	NA
ENSMUST00000005600.6	ENSMUSG00000031706	254	0	0	0	0	NA	NA	NA
ENSMUST00000040383.9	ENSMUSG00000036686	230	0	0	0	0	NA	NA	NA
ENSMUST00000039480.7	ENSMUSG00000035671	51	0	0	0	0	NA	NA	NA
ENSMUST00000098578.10	ENSMUSG00000004994	275	1	0	1	2	2	209	57
ENSMUST00000060427.6	ENSMUSG00000053560	103	0	0	0	0	NA	NA	NA
ENSMUST00000001975.6	ENSMUSG00000001910	236	1	1	1	10	10	63	140
ENSMUST00000109761.9	ENSMUSG00000003813	100	2	0	1	5	4	34	40
ENSMUST00000003912.7	ENSMUSG00000003814	136	0	0	0	0	NA	NA	NA
ENSMUST00000109745.8	ENSMUSG00000003809	210	2	2	1	20	15	21	71
ENSMUST00000003910.13	ENSMUSG00000003812	216	0	0	0	0	NA	NA	NA
ENSMUST00000109734.8	ENSMUSG00000005161	266	1	0	1	34	34	10	151
ENSMUST00000064922.7	ENSMUSG00000052837	289	0	0	0	0	NA	NA	NA
ENSMUST00000064495.8	ENSMUSG00000052566	91	0	0	0	0	NA	NA	NA
ENSMUST00000211601.2	ENSMUSG00000031691	137	1	0	1	14	14	44	48
ENSMUST00000095220.4	ENSMUSG00000008167	73	0	0	0	0	NA	NA	NA
ENSMUST00000034131.10	ENSMUSG00000031696	345	2	0	1	67	63	12	130
ENSMUST00000034136.12	ENSMUSG00000031700	136	1	0	1	15	15	34	54
ENSMUST00000034138.7	ENSMUSG00000031701	97	0	0	0	0	NA	NA	NA
ENSMUST00000109686.4	ENSMUSG00000036902	NA	NA	NA	NA	NA	NA	NA	NA
ENSMUST00000249857.1	ENSMUSG00000036879	20	0	0	0	0	NA	NA	NA
ENSMUST00000045296.6	ENSMUSG00000036840	120	0	0	0	0	NA	NA	NA
ENSMUST00000034074.8	ENSMUSG00000031652	239	1	0	1	2	2	104	126
ENSMUST00000095214.10	ENSMUSG00000036810	76	1	0	1	7	7	34	18
ENSMUST00000034079.14	ENSMUSG00000031657	165	1	0	1	16	16	21	93
ENSMUST00000169037.9	ENSMUSG00000031659	677	7	0	1	99	24	34	33
ENSMUST00000034085.8	ENSMUSG00000031660	240	0	0	0	0	NA	NA	NA
ENSMUST00000209532.2	ENSMUSG00000036712	190	4	0	1	55	35	68	14
ENSMUST00000034090.8	ENSMUSG00000031665	150	0	1	1	0	NA	136	NA
ENSMUST00000048665.8	ENSMUSG00000056608	854	10	0	1	226	112	4	71
ENSMUST00000034091.8	ENSMUSG00000031666	119	1	0	1	10	10	62	24
ENSMUST00000120213.9	ENSMUSG00000031667	249	2	1	1	33	29	41	24
ENSMUST00000047783.14	ENSMUSG00000033282	67	0	0	0	0	NA	NA	NA
ENSMUST00000069718.15	ENSMUSG00000055932	51	0	0	0	0	NA	NA	NA
ENSMUST00000034184.12	ENSMUSG00000031737	435	0	1	1	0	NA	419	NA
ENSMUST00000034187.9	ENSMUSG00000031740	334	1	0	1	3	3	202	120
ENSMUST00000046290.3	ENSMUSG00000033192	116	0	0	0	0	NA	NA	NA
ENSMUST00000034198.15	ENSMUSG00000031748	498	0	0	0	0	NA	NA	NA
ENSMUST00000053766.14	ENSMUSG00000031751	381	0	1	1	0	NA	18	NA
ENSMUST00000034204.11	ENSMUSG00000031754	139	1	0	1	6	6	31	87
ENSMUST00000109556.9	ENSMUSG00000033009	91	0	0	0	0	NA	NA	NA
ENSMUST00000034214.8	ENSMUSG00000031762	184	1	0	1	18	18	37	90
ENSMUST00000161576.8	ENSMUSG00000031770	154	0	0	0	0	NA	NA	NA
ENSMUST00000048653.10	ENSMUSG00000034361	242	1	0	1	8	8	161	54
ENSMUST00000034226.8	ENSMUSG00000031774	609	3	0	1	134	65	162	108
ENSMUST00000060389.10	ENSMUSG00000050079	646	7	0	1	244	116	56	0
ENSMUST00000034228.16	ENSMUSG00000031776	264	1	0	1	18	18	159	48
ENSMUST00000034227.6	ENSMUSG00000031775	108	0	0	0	0	NA	NA	NA
ENSMUST00000034230.7	ENSMUSG00000031778	256	0	0	0	0	NA	NA	NA
ENSMUST00000162538.9	ENSMUSG00000031781	136	0	0	0	0	NA	NA	NA
ENSMUST00000034234.15	ENSMUSG00000031782	101	0	0	0	0	NA	NA	NA
ENSMUST00000109521.4	ENSMUSG00000031783	106	0	0	0	0	NA	NA	NA
ENSMUST00000212810.2	ENSMUSG00000040631	279	2	0	1	27	21	93	95
ENSMUST00000034239.9	ENSMUSG00000031787	375	6	0	1	114	64	58	3
ENSMUST00000034240.15	ENSMUSG00000031788	155	0	0	0	0	NA	NA	NA
ENSMUST00000057717.8	ENSMUSG00000046556	669	2	0	1	9	5	357	130
ENSMUST00000034245.16	ENSMUSG00000031792	78	0	0	0	0	NA	NA	NA
ENSMUST00000034243.7	ENSMUSG00000031790	601	1	0	1	19	19	195	346
ENSMUST00000034249.8	ENSMUSG00000031796	298	0	0	0	0	NA	NA	NA
ENSMUST00000056919.9	ENSMUSG00000046707	380	0	0	0	0	NA	NA	NA
ENSMUST00000034094.11	ENSMUSG00000031669	145	0	0	0	0	NA	NA	NA
ENSMUST00000073139.14	ENSMUSG00000036564	120	0	0	0	0	NA	NA	NA
ENSMUST00000098473.11	ENSMUSG00000036550	303	1	1	1	13	13	135	126
ENSMUST00000040481.4	ENSMUSG00000036534	292	3	0	1	5	3	0	41
ENSMUST00000034097.8	ENSMUSG00000031672	242	2	0	1	40	21	42	78
ENSMUST00000050211.7	ENSMUSG00000035824	25	0	0	0	0	NA	NA	NA
ENSMUST00000212081.2	ENSMUSG00000031875	111	0	0	0	0	NA	NA	NA
ENSMUST00000179802.2	ENSMUSG00000096188	171	1	0	1	5	5	105	48
ENSMUST00000034349.10	ENSMUSG00000031878	73	0	0	0	0	NA	NA	NA
ENSMUST00000059588.8	ENSMUSG00000048371	186	0	0	0	0	NA	NA	NA
ENSMUST00000052209.9	ENSMUSG00000031885	302	0	0	0	0	NA	NA	NA
ENSMUST00000034361.10	ENSMUSG00000031889	278	0	0	0	0	NA	NA	NA
ENSMUST00000014920.8	ENSMUSG00000014776	476	2	1	1	15	14	18	313
ENSMUST00000015003.10	ENSMUSG00000014859	78	0	0	0	0	NA	NA	NA
ENSMUST00000014922.5	ENSMUSG00000014778	100	0	0	0	0	NA	NA	NA
ENSMUST00000013304.8	ENSMUSG00000013160	135	0	0	0	0	NA	NA	NA
ENSMUST00000043531.10	ENSMUSG00000038604	119	0	1	1	0	NA	94	NA
ENSMUST00000005841.16	ENSMUSG00000005698	268	2	0	1	14	12	143	86
ENSMUST00000013299.11	ENSMUSG00000013155	25	0	0	0	0	NA	NA	NA
ENSMUST00000239468.2	ENSMUSG00000037415	166	1	1	1	1	1	0	160
ENSMUST00000040445.9	ENSMUSG00000036442	229	0	0	0	0	NA	NA	NA
ENSMUST00000049699.9	ENSMUSG00000048310	170	1	1	1	28	28	19	64
ENSMUST00000034375.11	ENSMUSG00000031901	88	0	0	0	0	NA	NA	NA
ENSMUST00000109308.3	ENSMUSG00000031902	258	1	0	1	4	4	192	51
ENSMUST00000034377.8	ENSMUSG00000031903	88	0	0	0	0	NA	NA	NA
ENSMUST00000034378.5	ENSMUSG00000031904	134	0	0	0	0	NA	NA	NA
ENSMUST00000035925.7	ENSMUSG00000033106	20	0	0	0	0	NA	NA	NA
ENSMUST00000071592.12	ENSMUSG00000060098	248	2	0	1	65	46	23	84
ENSMUST00000080797.8	ENSMUSG00000061048	68	0	0	0	0	NA	NA	NA
ENSMUST00000000312.12	ENSMUSG00000000303	144	0	0	0	0	NA	NA	NA
ENSMUST00000048359.5	ENSMUSG00000041949	85	1	0	1	10	10	24	28
ENSMUST00000177068.8	ENSMUSG00000046691	126	0	1	1	0	NA	7	NA
ENSMUST00000047629.7	ENSMUSG00000041438	64	0	0	0	0	NA	NA	NA
ENSMUST00000212524.2	ENSMUSG00000041308	52	0	0	0	0	NA	NA	NA
ENSMUST00000034388.10	ENSMUSG00000031913	249	0	2	1	0	NA	30	NA
ENSMUST00000095517.12	ENSMUSG00000031916	34	0	0	0	0	NA	NA	NA
ENSMUST00000034400.5	ENSMUSG00000031924	72	0	0	0	0	NA	NA	NA
ENSMUST00000003947.9	ENSMUSG00000003849	134	0	0	0	0	NA	NA	NA
ENSMUST00000166615.3	ENSMUSG00000031930	92	0	1	1	0	NA	87	NA
ENSMUST00000044106.6	ENSMUSG00000039067	112	0	0	0	0	NA	NA	NA
ENSMUST00000123605.9	ENSMUSG00000031730	251	1	2	1	8	8	211	13
ENSMUST00000034164.6	ENSMUSG00000031729	92	0	1	1	0	NA	19	NA
ENSMUST00000093162.4	ENSMUSG00000069895	348	4	1	1	109	53	37	32
ENSMUST00000093157.13	ENSMUSG00000031731	412	0	1	1	0	NA	339	NA
ENSMUST00000056972.6	ENSMUSG00000046441	118	1	0	1	8	8	79	12
ENSMUST00000034190.11	ENSMUSG00000010936	291	2	0	1	29	24	16	39
ENSMUST00000042012.7	ENSMUSG00000033732	169	1	0	1	12	12	8	122
ENSMUST00000034197.5	ENSMUSG00000031749	1138	10	0	1	237	65	153	22
ENSMUST00000040416.8	ENSMUSG00000015023	77	0	0	0	0	NA	NA	NA
ENSMUST00000040241.15	ENSMUSG00000033658	110	0	1	1	0	NA	4	NA
ENSMUST00000034441.8	ENSMUSG00000031960	383	0	0	0	0	NA	NA	NA
ENSMUST00000039333.10	ENSMUSG00000033624	239	1	0	1	45	45	76	25
ENSMUST00000169020.8	ENSMUSG00000003316	20	0	0	0	0	NA	NA	NA
ENSMUST00000038739.5	ENSMUSG00000033596	42	0	1	1	0	NA	29	NA
ENSMUST00000056157.14	ENSMUSG00000012519	356	1	0	1	9	9	217	109
ENSMUST00000034437.8	ENSMUSG00000031959	89	0	0	0	0	NA	NA	NA
ENSMUST00000172856.8	ENSMUSG00000033545	960	2	0	1	16	9	711	56
ENSMUST00000070004.4	ENSMUSG00000031958	64	0	0	0	0	NA	NA	NA
ENSMUST00000034432.7	ENSMUSG00000031954	84	1	0	1	6	6	2	61
ENSMUST00000034431.3	ENSMUSG00000031953	115	0	1	1	0	NA	104	NA
ENSMUST00000034429.9	ENSMUSG00000031951	115	0	1	1	0	NA	47	NA
ENSMUST00000034428.8	ENSMUSG00000031950	116	0	0	0	0	NA	NA	NA
ENSMUST00000034427.12	ENSMUSG00000031949	161	0	0	0	0	NA	NA	NA
ENSMUST00000179926.9	ENSMUSG00000078908	132	0	1	1	0	NA	124	NA
ENSMUST00000073521.12	ENSMUSG00000031767	109	0	1	1	0	NA	42	NA
ENSMUST00000004756.14	ENSMUSG00000004637	117	0	0	0	0	NA	NA	NA
ENSMUST00000069009.7	ENSMUSG00000055435	233	0	0	0	0	NA	NA	NA
ENSMUST00000109102.4	ENSMUSG00000031758	170	0	0	0	0	NA	NA	NA
ENSMUST00000148235.8	ENSMUSG00000014633	131	2	0	1	42	30	3	28
ENSMUST00000109099.4	ENSMUSG00000047388	34	0	0	0	0	NA	NA	NA
ENSMUST00000166750.9	ENSMUSG00000034390	38	0	0	0	0	NA	NA	NA
ENSMUST00000034300.8	ENSMUSG00000031839	88	0	0	0	0	NA	NA	NA
ENSMUST00000098362.11	ENSMUSG00000031835	554	10	0	1	174	39	5	5
ENSMUST00000036049.6	ENSMUSG00000034189	98	0	0	0	0	NA	NA	NA
ENSMUST00000034285.14	ENSMUSG00000031827	144	0	0	0	0	NA	NA	NA
ENSMUST00000034287.10	ENSMUSG00000031828	193	1	0	1	17	17	26	113
ENSMUST00000144458.8	ENSMUSG00000031826	559	7	0	1	63	15	79	40
ENSMUST00000034282.16	ENSMUSG00000031825	171	0	0	0	0	NA	NA	NA
ENSMUST00000034280.9	ENSMUSG00000031823	492	8	0	1	176	49	7	17
ENSMUST00000034279.16	ENSMUSG00000031822	668	4	0	1	71	34	59	8
ENSMUST00000034278.6	ENSMUSG00000031821	289	0	0	0	0	NA	NA	NA
ENSMUST00000034277.14	ENSMUSG00000031819	143	0	0	0	0	NA	NA	NA
ENSMUST00000116415.9	ENSMUSG00000031816	24	0	0	0	0	NA	NA	NA
ENSMUST00000059018.14	ENSMUSG00000052934	51	0	0	0	0	NA	NA	NA
ENSMUST00000034270.17	ENSMUSG00000031812	164	1	0	1	13	13	23	99
ENSMUST00000046386.5	ENSMUSG00000061410	589	2	0	1	48	36	172	244
ENSMUST00000045557.10	ENSMUSG00000040010	88	0	0	0	0	NA	NA	NA
ENSMUST00000173254.8	ENSMUSG00000025316	NA	NA	NA	NA	NA	NA	NA	NA
ENSMUST00000014614.4	ENSMUSG00000014470	47	0	0	0	0	NA	NA	NA
ENSMUST00000116412.8	ENSMUSG00000049482	85	0	0	0	0	NA	NA	NA
ENSMUST00000067252.14	ENSMUSG00000014444	291	1	0	1	12	12	211	41
ENSMUST00000098333.5	ENSMUSG00000035569	NA	NA	NA	NA	NA	NA	NA	NA
ENSMUST00000000759.9	ENSMUSG00000000743	88	0	0	0	0	NA	NA	NA
ENSMUST00000166768.3	ENSMUSG00000033594	413	1	1	1	6	6	368	24
ENSMUST00000118279.2	ENSMUSG00000001062	6	0	0	0	0	NA	NA	NA
ENSMUST00000001092.15	ENSMUSG00000001065	521	0	0	0	0	NA	NA	NA
ENSMUST00000010298.7	ENSMUSG00000010154	52	1	2	1	10	10	10	9
ENSMUST00000071134.4	ENSMUSG00000062380	182	0	1	1	0	NA	15	NA
ENSMUST00000065534.10	ENSMUSG00000001482	76	1	1	1	1	1	50	20
ENSMUST00000118535.9	ENSMUSG00000019478	151	0	0	0	0	NA	NA	NA
ENSMUST00000034452.12	ENSMUSG00000031971	120	0	0	0	0	NA	NA	NA
ENSMUST00000075578.7	ENSMUSG00000031974	309	0	1	1	0	NA	191	NA
ENSMUST00000093039.6	ENSMUSG00000038697	151	0	0	0	0	NA	NA	NA
ENSMUST00000034457.9	ENSMUSG00000031976	79	0	0	0	0	NA	NA	NA
ENSMUST00000034458.9	ENSMUSG00000089704	136	0	0	0	0	NA	NA	NA
ENSMUST00000140012.8	ENSMUSG00000050751	212	0	0	0	0	NA	NA	NA
ENSMUST00000034460.11	ENSMUSG00000031979	113	0	0	0	0	NA	NA	NA
ENSMUST00000098312.4	ENSMUSG00000074030	79	0	0	0	0	NA	NA	NA
ENSMUST00000034469.7	ENSMUSG00000031987	270	1	0	1	3	3	129	129
ENSMUST00000075896.7	ENSMUSG00000056820	200	0	0	0	0	NA	NA	NA
ENSMUST00000108775.2	ENSMUSG00000001995	114	1	0	1	9	9	60	24
ENSMUST00000046765.10	ENSMUSG00000033998	290	0	0	0	0	NA	NA	NA
ENSMUST00000059093.7	ENSMUSG00000051671	172	0	1	1	0	NA	134	NA
ENSMUST00000054960.9	ENSMUSG00000051495	550	1	0	1	6	6	125	404
ENSMUST00000179857.3	ENSMUSG00000093904	116	0	0	0	0	NA	NA	NA
ENSMUST00000160272.8	ENSMUSG00000025812	298	1	0	1	14	14	160	93
ENSMUST00000026917.10	ENSMUSG00000025810	276	2	0	1	28	24	54	147
ENSMUST00000090006.12	ENSMUSG00000025809	306	0	0	0	0	NA	NA	NA
ENSMUST00000051589.9	ENSMUSG00000025894	31	0	0	0	0	NA	NA	NA
ENSMUST00000049648.9	ENSMUSG00000025893	126	0	0	0	0	NA	NA	NA
ENSMUST00000212075.2	ENSMUSG00000041124	206	1	0	1	38	38	0	89
ENSMUST00000027009.11	ENSMUSG00000025887	89	0	3	1	0	NA	6	NA
ENSMUST00000168039.8	ENSMUSG00000032006	183	0	0	0	0	NA	NA	NA
ENSMUST00000052865.16	ENSMUSG00000050912	181	0	0	0	0	NA	NA	NA
ENSMUST00000190341.7	ENSMUSG00000057367	969	17	0	1	149	22	91	60
ENSMUST00000086580.12	ENSMUSG00000053110	198	1	0	1	10	10	130	35
ENSMUST00000093893.12	ENSMUSG00000050730	322	1	0	1	18	18	166	99
ENSMUST00000110582.4	ENSMUSG00000079083	175	1	0	1	1	1	15	154
ENSMUST00000159294.9	ENSMUSG00000031925	107	1	0	1	5	5	9	80
ENSMUST00000034396.14	ENSMUSG00000031918	911	8	1	1	201	62	51	85
ENSMUST00000034398.12	ENSMUSG00000031922	207	0	0	0	0	NA	NA	NA
ENSMUST00000059579.12	ENSMUSG00000037808	259	0	0	0	0	NA	NA	NA
ENSMUST00000208222.2	ENSMUSG00000032009	251	1	0	1	9	9	89	132
ENSMUST00000167549.2	ENSMUSG00000037419	272	0	0	0	0	NA	NA	NA
ENSMUST00000013220.8	ENSMUSG00000013076	224	0	1	1	0	NA	213	NA
ENSMUST00000216372.2	ENSMUSG00000031931	430	6	0	1	110	52	54	13
ENSMUST00000164273.9	ENSMUSG00000031934	441	1	0	1	19	19	291	90
ENSMUST00000034411.10	ENSMUSG00000031935	138	0	0	0	0	NA	NA	NA
ENSMUST00000034415.6	ENSMUSG00000031939	96	0	0	0	0	NA	NA	NA
ENSMUST00000215907.2	ENSMUSG00000058173	356	0	0	0	0	NA	NA	NA
ENSMUST00000061568.9	ENSMUSG00000043885	53	0	0	0	0	NA	NA	NA
ENSMUST00000001825.9	ENSMUSG00000001774	272	0	0	0	0	NA	NA	NA
ENSMUST00000208694.2	ENSMUSG00000057551	481	7	1	1	124	30	9	88
ENSMUST00000148631.8	ENSMUSG00000066892	2184	15	0	1	619	84	20	200
ENSMUST00000129414.9	ENSMUSG00000084786	1587	20	0	1	454	43	99	124
ENSMUST00000034689.8	ENSMUSG00000032171	45	0	0	0	0	NA	NA	NA
ENSMUST00000004202.17	ENSMUSG00000004099	192	0	3	1	0	NA	33	NA
ENSMUST00000054197.7	ENSMUSG00000043895	224	1	0	1	6	6	195	8
ENSMUST00000019615.11	ENSMUSG00000019471	125	0	0	0	0	NA	NA	NA
ENSMUST00000003395.10	ENSMUSG00000032177	408	2	0	1	26	25	126	204
ENSMUST00000065005.5	ENSMUSG00000002820	190	1	0	1	25	25	26	86
ENSMUST00000215619.2	ENSMUSG00000096472	359	1	0	1	15	15	231	80
ENSMUST00000034697.8	ENSMUSG00000057193	98	0	0	0	0	NA	NA	NA
ENSMUST00000072362.14	ENSMUSG00000033335	151	0	0	0	0	NA	NA	NA
ENSMUST00000034698.9	ENSMUSG00000032180	76	0	0	0	0	NA	NA	NA
ENSMUST00000034703.15	ENSMUSG00000032185	114	0	0	0	0	NA	NA	NA
ENSMUST00000078572.9	ENSMUSG00000032182	66	1	0	1	2	2	42	15
ENSMUST00000098948.10	ENSMUSG00000032187	260	0	0	0	0	NA	NA	NA
ENSMUST00000034713.9	ENSMUSG00000032193	295	2	0	1	65	51	25	2
ENSMUST00000034717.7	ENSMUSG00000032194	341	0	0	0	0	NA	NA	NA
ENSMUST00000217336.2	ENSMUSG00000032198	47	0	0	0	0	NA	NA	NA
ENSMUST00000046831.11	ENSMUSG00000040883	180	0	0	0	0	NA	NA	NA
ENSMUST00000046371.13	ENSMUSG00000040563	310	4	2	1	122	36	132	27
ENSMUST00000166335.2	ENSMUSG00000013822	246	1	0	1	42	42	1	116
ENSMUST00000069330.14	ENSMUSG00000001348	79	0	0	0	0	NA	NA	NA
ENSMUST00000040912.9	ENSMUSG00000036777	201	0	0	0	0	NA	NA	NA
ENSMUST00000039798.16	ENSMUSG00000035919	352	3	1	1	51	39	12	129
ENSMUST00000008573.9	ENSMUSG00000008429	854	2	0	1	20	17	715	85
ENSMUST00000165594.4	ENSMUSG00000001833	188	0	0	0	0	NA	NA	NA
ENSMUST00000060513.8	ENSMUSG00000031969	53	0	0	0	0	NA	NA	NA
ENSMUST00000034470.11	ENSMUSG00000031988	444	0	0	0	0	NA	NA	NA
ENSMUST00000164099.3	ENSMUSG00000031993	460	4	0	1	76	39	212	44
ENSMUST00000217092.2	ENSMUSG00000047412	57	0	0	0	0	NA	NA	NA
ENSMUST00000072634.15	ENSMUSG00000031996	64	0	0	0	0	NA	NA	NA
ENSMUST00000086167.12	ENSMUSG00000042185	117	1	0	1	1	1	90	21
ENSMUST00000016231.14	ENSMUSG00000016087	387	1	1	1	34	34	64	218
ENSMUST00000034534.13	ENSMUSG00000032035	362	0	0	0	0	NA	NA	NA
ENSMUST00000034537.8	ENSMUSG00000032038	236	1	0	1	11	11	195	5
ENSMUST00000034539.12	ENSMUSG00000032040	93	0	0	0	0	NA	NA	NA
ENSMUST00000175765.8	ENSMUSG00000032041	479	8	2	1	195	49	7	52
ENSMUST00000034541.12	ENSMUSG00000032042	134	0	0	0	0	NA	NA	NA
ENSMUST00000121564.8	ENSMUSG00000050471	192	3	1	1	24	13	109	41
ENSMUST00000119129.10	ENSMUSG00000038119	318	2	0	1	61	37	128	57
ENSMUST00000172702.9	ENSMUSG00000032113	513	7	1	1	60	19	11	67
ENSMUST00000120381.9	ENSMUSG00000032116	169	1	2	1	13	13	25	40
ENSMUST00000163192.11	ENSMUSG00000062762	338	2	1	1	25	13	277	19
ENSMUST00000034632.10	ENSMUSG00000032121	184	2	0	1	13	8	51	62
ENSMUST00000037275.6	ENSMUSG00000034303	326	0	1	1	0	NA	258	NA
ENSMUST00000065668.12	ENSMUSG00000053310	353	2	1	1	16	11	5	312
ENSMUST00000002013.11	ENSMUSG00000001948	196	0	0	0	0	NA	NA	NA
ENSMUST00000215474.2	ENSMUSG00000001942	190	1	0	1	14	14	38	107
ENSMUST00000001544.12	ENSMUSG00000023186	211	0	0	0	0	NA	NA	NA
ENSMUST00000026693.14	ENSMUSG00000025602	215	1	0	1	2	2	186	20
ENSMUST00000045682.7	ENSMUSG00000040111	94	0	0	0	0	NA	NA	NA
ENSMUST00000034522.8	ENSMUSG00000032024	323	0	1	1	0	NA	196	NA
ENSMUST00000044155.15	ENSMUSG00000032020	636	7	1	1	165	50	7	34
ENSMUST00000052725.15	ENSMUSG00000032018	140	1	0	1	7	7	73	43
ENSMUST00000125995.8	ENSMUSG00000037287	59	0	0	0	0	NA	NA	NA
ENSMUST00000165665.9	ENSMUSG00000059495	777	5	1	1	42	26	179	27
ENSMUST00000034512.7	ENSMUSG00000032014	338	1	0	1	15	15	79	211
ENSMUST00000034510.9	ENSMUSG00000032012	660	2	0	1	25	13	239	197
ENSMUST00000114840.2	ENSMUSG00000032011	118	0	0	0	0	NA	NA	NA
ENSMUST00000034508.14	ENSMUSG00000032010	241	0	2	1	0	NA	155	NA
ENSMUST00000034650.15	ENSMUSG00000032135	128	0	0	0	0	NA	NA	NA
ENSMUST00000206720.2	ENSMUSG00000034342	161	0	0	0	0	NA	NA	NA
ENSMUST00000216508.2	ENSMUSG00000032119	65	1	0	1	2	2	9	47
ENSMUST00000065080.10	ENSMUSG00000032120	397	1	0	1	7	7	343	30
ENSMUST00000054708.5	ENSMUSG00000032123	194	0	0	0	0	NA	NA	NA
ENSMUST00000077353.15	ENSMUSG00000032126	186	0	1	1	0	NA	92	NA
ENSMUST00000034644.10	ENSMUSG00000032127	39	0	0	0	0	NA	NA	NA
ENSMUST00000066601.13	ENSMUSG00000032115	113	0	1	1	0	NA	54	NA
ENSMUST00000034623.8	ENSMUSG00000032112	299	4	0	1	56	24	6	21
ENSMUST00000218183.2	ENSMUSG00000063382	173	0	0	0	0	NA	NA	NA
ENSMUST00000170489.2	ENSMUSG00000032097	363	1	0	1	4	4	164	184
ENSMUST00000138356.8	ENSMUSG00000048537	NA	NA	NA	NA	NA	NA	NA	NA
ENSMUST00000034607.10	ENSMUSG00000032096	173	0	0	0	0	NA	NA	NA
ENSMUST00000002100.8	ENSMUSG00000002032	151	0	0	0	0	NA	NA	NA
ENSMUST00000117549.8	ENSMUSG00000059890	156	3	0	1	29	12	20	1
ENSMUST00000034600.5	ENSMUSG00000032092	312	1	0	1	13	13	144	126
ENSMUST00000213154.2	ENSMUSG00000043987	NA	NA	NA	NA	NA	NA	NA	NA
ENSMUST00000034591.11	ENSMUSG00000032086	448	4	0	1	32	21	58	77
ENSMUST00000161203.8	ENSMUSG00000042790	139	0	1	1	0	NA	120	NA
ENSMUST00000039059.8	ENSMUSG00000035382	679	7	1	1	273	84	129	30
ENSMUST00000034590.4	ENSMUSG00000032085	237	2	0	1	25	13	17	124
ENSMUST00000038488.17	ENSMUSG00000034908	352	0	1	1	0	NA	279	NA
ENSMUST00000172450.3	ENSMUSG00000003131	354	1	0	1	33	33	24	228
ENSMUST00000126865.8	ENSMUSG00000034135	38	0	0	0	0	NA	NA	NA
ENSMUST00000074957.5	ENSMUSG00000032077	23	0	0	0	0	NA	NA	NA
ENSMUST00000152459.8	ENSMUSG00000032076	162	0	0	0	0	NA	NA	NA
ENSMUST00000170000.4	ENSMUSG00000042396	47	0	0	0	0	NA	NA	NA
ENSMUST00000034808.12	ENSMUSG00000032271	195	1	0	1	38	38	72	6
ENSMUST00000193547.6	ENSMUSG00000039542	196	0	0	0	0	NA	NA	NA
ENSMUST00000214117.2	ENSMUSG00000039217	158	1	0	1	12	12	31	88
ENSMUST00000000175.6	ENSMUSG00000000171	23	0	0	0	0	NA	NA	NA
ENSMUST00000044051.6	ENSMUSG00000039016	46	0	0	0	0	NA	NA	NA
ENSMUST00000034567.4	ENSMUSG00000000168	314	0	0	0	0	NA	NA	NA
ENSMUST00000117646.8	ENSMUSG00000032064	222	2	0	1	16	10	64	72
ENSMUST00000114437.9	ENSMUSG00000032058	48	0	0	0	0	NA	NA	NA
ENSMUST00000176824.8	ENSMUSG00000037112	61	0	0	0	0	NA	NA	NA
ENSMUST00000098782.4	ENSMUSG00000060594	124	0	1	1	0	NA	27	NA
ENSMUST00000034552.8	ENSMUSG00000032051	79	0	0	0	0	NA	NA	NA
ENSMUST00000163153.9	ENSMUSG00000032050	123	0	0	0	0	NA	NA	NA
ENSMUST00000213645.2	ENSMUSG00000035164	47	0	1	1	0	NA	39	NA
ENSMUST00000065630.8	ENSMUSG00000053289	50	0	0	0	0	NA	NA	NA
ENSMUST00000035850.8	ENSMUSG00000033054	105	0	1	1	0	NA	23	NA
ENSMUST00000034547.6	ENSMUSG00000032047	107	0	0	0	0	NA	NA	NA
ENSMUST00000034529.14	ENSMUSG00000032030	225	0	0	0	0	NA	NA	NA
ENSMUST00000118163.8	ENSMUSG00000041268	189	1	0	1	14	14	55	89
ENSMUST00000041901.7	ENSMUSG00000037493	200	0	1	1	0	NA	136	NA
ENSMUST00000120452.8	ENSMUSG00000032285	548	2	2	1	123	77	54	163
ENSMUST00000051822.13	ENSMUSG00000061559	82	0	0	0	0	NA	NA	NA
ENSMUST00000034843.9	ENSMUSG00000032293	89	0	1	1	0	NA	76	NA
ENSMUST00000039742.8	ENSMUSG00000035878	581	1	0	1	8	8	253	301
ENSMUST00000059555.15	ENSMUSG00000032307	781	1	1	1	36	36	390	280
ENSMUST00000034859.15	ENSMUSG00000032309	127	0	0	0	0	NA	NA	NA
ENSMUST00000037408.9	ENSMUSG00000034007	76	2	1	1	8	6	30	25
ENSMUST00000114276.3	ENSMUSG00000032320	195	0	1	1	0	NA	90	NA
ENSMUST00000034876.10	ENSMUSG00000032324	195	0	0	0	0	NA	NA	NA
ENSMUST00000034879.5	ENSMUSG00000032329	327	0	0	0	0	NA	NA	NA
ENSMUST00000035661.7	ENSMUSG00000032911	157	0	0	0	0	NA	NA	NA
ENSMUST00000050916.7	ENSMUSG00000032733	1588	6	0	1	80	22	405	103
ENSMUST00000034827.10	ENSMUSG00000032288	32	0	0	0	0	NA	NA	NA
ENSMUST00000068856.5	ENSMUSG00000055334	81	0	0	0	0	NA	NA	NA
ENSMUST00000034832.8	ENSMUSG00000032290	671	4	0	1	117	45	42	79
ENSMUST00000168177.8	ENSMUSG00000042557	264	0	1	1	0	NA	253	NA
ENSMUST00000160147.8	ENSMUSG00000032295	99	0	1	1	0	NA	21	NA
ENSMUST00000046587.8	ENSMUSG00000040722	174	0	0	0	0	NA	NA	NA
ENSMUST00000080514.9	ENSMUSG00000062309	211	1	1	1	5	5	150	43
ENSMUST00000000090.8	ENSMUSG00000000088	49	0	0	0	0	NA	NA	NA
ENSMUST00000114200.10	ENSMUSG00000032305	58	0	0	0	0	NA	NA	NA
ENSMUST00000034856.15	ENSMUSG00000032306	44	0	0	0	0	NA	NA	NA
ENSMUST00000045791.11	ENSMUSG00000040188	111	0	0	0	0	NA	NA	NA
ENSMUST00000053230.7	ENSMUSG00000032308	133	0	0	0	0	NA	NA	NA
ENSMUST00000034863.8	ENSMUSG00000032312	721	3	0	1	44	27	590	24
ENSMUST00000043990.14	ENSMUSG00000038957	177	0	0	0	0	NA	NA	NA
ENSMUST00000065330.8	ENSMUSG00000032316	787	2	2	1	45	26	237	154
ENSMUST00000098686.4	ENSMUSG00000004661	183	1	0	1	5	5	151	14
ENSMUST00000216925.2	ENSMUSG00000055720	58	0	0	0	0	NA	NA	NA
ENSMUST00000043059.9	ENSMUSG00000038264	38	0	0	0	0	NA	NA	NA
ENSMUST00000085673.11	ENSMUSG00000036986	96	0	0	0	0	NA	NA	NA
ENSMUST00000034883.7	ENSMUSG00000032333	103	0	0	0	0	NA	NA	NA
ENSMUST00000061799.10	ENSMUSG00000032334	300	2	1	1	19	18	40	102
ENSMUST00000165365.3	ENSMUSG00000035914	611	1	1	1	4	4	74	522
ENSMUST00000068664.7	ENSMUSG00000032340	313	1	0	1	2	2	95	209
ENSMUST00000217570.2	ENSMUSG00000025236	76	0	0	0	0	NA	NA	NA
ENSMUST00000026265.8	ENSMUSG00000025235	75	0	0	0	0	NA	NA	NA
ENSMUST00000026262.8	ENSMUSG00000025232	184	0	0	0	0	NA	NA	NA
ENSMUST00000050483.15	ENSMUSG00000025237	555	4	0	1	44	17	154	26
ENSMUST00000034834.16	ENSMUSG00000032294	295	1	0	1	7	7	2	269
ENSMUST00000051039.5	ENSMUSG00000051705	108	0	0	0	0	NA	NA	NA
ENSMUST00000050183.7	ENSMUSG00000034485	61	0	0	0	0	NA	NA	NA
ENSMUST00000160882.8	ENSMUSG00000032280	53	0	0	0	0	NA	NA	NA
ENSMUST00000034815.9	ENSMUSG00000032254	152	0	0	0	0	NA	NA	NA
ENSMUST00000034785.8	ENSMUSG00000032252	6	0	0	0	0	NA	NA	NA
ENSMUST00000085519.13	ENSMUSG00000032249	172	0	0	0	0	NA	NA	NA
ENSMUST00000048043.12	ENSMUSG00000041729	377	1	0	1	5	5	269	90
ENSMUST00000034775.10	ENSMUSG00000032244	629	1	1	1	17	17	348	227
ENSMUST00000034776.13	ENSMUSG00000032245	96	0	0	0	0	NA	NA	NA
ENSMUST00000034920.11	ENSMUSG00000058444	645	2	0	1	20	19	345	16
ENSMUST00000041551.9	ENSMUSG00000037257	39	0	0	0	0	NA	NA	NA
ENSMUST00000034973.10	ENSMUSG00000032402	317	0	0	0	0	NA	NA	NA
ENSMUST00000041029.6	ENSMUSG00000036867	1035	10	0	1	187	90	10	48
ENSMUST00000005066.9	ENSMUSG00000004936	339	0	0	0	0	NA	NA	NA
ENSMUST00000216594.2	ENSMUSG00000032397	50	0	0	0	0	NA	NA	NA
ENSMUST00000172298.8	ENSMUSG00000004771	135	0	0	0	0	NA	NA	NA
ENSMUST00000038890.6	ENSMUSG00000053641	463	6	2	1	86	43	0	101
ENSMUST00000170517.9	ENSMUSG00000034263	395	3	0	1	59	28	23	59
ENSMUST00000036615.7	ENSMUSG00000033629	150	0	0	0	0	NA	NA	NA
ENSMUST00000034960.14	ENSMUSG00000032393	331	4	0	1	60	36	148	4
ENSMUST00000216702.2	ENSMUSG00000032392	233	2	2	1	23	17	12	141
ENSMUST00000113824.8	ENSMUSG00000015357	192	0	0	0	0	NA	NA	NA
ENSMUST00000048184.4	ENSMUSG00000041837	38	0	0	0	0	NA	NA	NA
ENSMUST00000074792.7	ENSMUSG00000059183	32	0	2	1	0	NA	0	NA
ENSMUST00000034955.8	ENSMUSG00000032388	232	0	0	0	0	NA	NA	NA
ENSMUST00000068944.9	ENSMUSG00000050721	91	1	0	1	12	12	20	32
ENSMUST00000055844.10	ENSMUSG00000032387	270	1	0	1	1	1	114	150
ENSMUST00000159109.2	ENSMUSG00000040524	226	4	0	1	41	17	11	71
ENSMUST00000119245.8	ENSMUSG00000032386	843	7	0	1	148	41	192	145
ENSMUST00000034949.10	ENSMUSG00000032384	444	6	0	1	75	23	218	85
ENSMUST00000034947.7	ENSMUSG00000032383	35	0	0	0	0	NA	NA	NA
ENSMUST00000034946.15	ENSMUSG00000032382	121	1	0	1	6	6	9	91
ENSMUST00000034945.6	ENSMUSG00000032381	236	2	1	1	6	5	48	84
ENSMUST00000127569.8	ENSMUSG00000032376	268	1	0	1	37	37	104	50
ENSMUST00000071889.13	ENSMUSG00000032373	163	0	0	0	0	NA	NA	NA
ENSMUST00000040917.14	ENSMUSG00000036781	89	0	0	0	0	NA	NA	NA
ENSMUST00000215784.2	ENSMUSG00000052698	214	2	0	1	4	2	39	21
ENSMUST00000113624.3	ENSMUSG00000032238	339	3	1	1	139	51	180	3
ENSMUST00000034761.15	ENSMUSG00000032235	249	1	0	1	4	4	52	182
ENSMUST00000034756.15	ENSMUSG00000032231	137	1	1	1	4	4	10	86
ENSMUST00000085393.13	ENSMUSG00000011958	243	0	0	0	0	NA	NA	NA
ENSMUST00000118198.8	ENSMUSG00000033543	159	1	0	1	3	3	119	28
ENSMUST00000034745.9	ENSMUSG00000032220	333	1	0	1	11	11	166	131
ENSMUST00000034739.12	ENSMUSG00000032217	349	1	0	1	10	10	8	308
ENSMUST00000049263.9	ENSMUSG00000032212	50	0	0	0	0	NA	NA	NA
ENSMUST00000049031.6	ENSMUSG00000042444	128	1	0	1	15	15	58	22
ENSMUST00000067880.13	ENSMUSG00000054693	208	1	0	1	4	4	166	27
ENSMUST00000034723.6	ENSMUSG00000013584	58	0	0	0	0	NA	NA	NA
ENSMUST00000034720.12	ENSMUSG00000032199	139	0	1	1	0	NA	30	NA
ENSMUST00000072899.9	ENSMUSG00000032232	109	0	0	0	0	NA	NA	NA
ENSMUST00000183404.8	ENSMUSG00000032228	294	2	0	1	12	9	42	12
ENSMUST00000184125.8	ENSMUSG00000090626	149	1	1	1	41	41	21	2
ENSMUST00000034740.15	ENSMUSG00000032216	211	0	0	0	0	NA	NA	NA
ENSMUST00000038489.6	ENSMUSG00000034910	267	0	1	1	0	NA	250	NA
ENSMUST00000184035.8	ENSMUSG00000079469	108	1	0	1	7	7	48	36
ENSMUST00000184146.8	ENSMUSG00000032202	329	0	0	0	0	NA	NA	NA
ENSMUST00000034738.14	ENSMUSG00000032215	55	0	0	0	0	NA	NA	NA
ENSMUST00000081746.7	ENSMUSG00000034858	129	0	0	0	0	NA	NA	NA
ENSMUST00000168166.8	ENSMUSG00000007656	116	0	1	1	0	NA	17	NA
ENSMUST00000155282.9	ENSMUSG00000034593	247	1	0	1	11	11	48	163
ENSMUST00000213990.2	ENSMUSG00000032192	102	1	0	1	9	9	8	64
ENSMUST00000168937.8	ENSMUSG00000042688	776	12	0	1	181	29	150	29
ENSMUST00000048937.6	ENSMUSG00000042487	42	0	0	0	0	NA	NA	NA
ENSMUST00000072232.9	ENSMUSG00000058587	199	0	0	0	0	NA	NA	NA
ENSMUST00000098552.10	ENSMUSG00000032186	347	1	0	1	8	8	264	56
ENSMUST00000183873.8	ENSMUSG00000032352	247	0	0	0	0	NA	NA	NA
ENSMUST00000034905.9	ENSMUSG00000032350	275	1	0	1	11	11	16	223
ENSMUST00000034904.14	ENSMUSG00000032349	171	0	0	0	0	NA	NA	NA
ENSMUST00000001402.14	ENSMUSG00000001366	58	0	0	0	0	NA	NA	NA
ENSMUST00000042235.15	ENSMUSG00000037742	120	0	0	0	0	NA	NA	NA
ENSMUST00000052441.12	ENSMUSG00000049624	74	0	0	0	0	NA	NA	NA
ENSMUST00000071750.13	ENSMUSG00000032332	135	1	0	1	3	3	108	15
ENSMUST00000034881.8	ENSMUSG00000032330	221	1	0	1	22	22	71	81
ENSMUST00000034878.12	ENSMUSG00000032328	220	0	0	0	0	NA	NA	NA
ENSMUST00000165607.9	ENSMUSG00000034252	31	0	0	0	0	NA	NA	NA
ENSMUST00000184480.8	ENSMUSG00000033577	28	0	0	0	0	NA	NA	NA
ENSMUST00000034787.12	ENSMUSG00000032253	225	1	0	1	8	8	102	96
ENSMUST00000162246.9	ENSMUSG00000066456	240	1	1	1	35	35	27	105
ENSMUST00000034793.15	ENSMUSG00000032258	257	3	0	1	19	15	90	24
ENSMUST00000113215.10	ENSMUSG00000032261	131	0	0	0	0	NA	NA	NA
ENSMUST00000034796.14	ENSMUSG00000032262	214	0	0	0	0	NA	NA	NA
ENSMUST00000070326.14	ENSMUSG00000038379	60	0	0	0	0	NA	NA	NA
ENSMUST00000190637.7	ENSMUSG00000032263	25	0	0	0	0	NA	NA	NA
ENSMUST00000039213.15	ENSMUSG00000035941	568	4	0	1	39	19	138	191
ENSMUST00000006559.14	ENSMUSG00000035274	542	1	0	1	1	1	85	451
ENSMUST00000034986.14	ENSMUSG00000032415	133	0	0	0	0	NA	NA	NA
ENSMUST00000070064.11	ENSMUSG00000056131	100	0	0	0	0	NA	NA	NA
ENSMUST00000034989.15	ENSMUSG00000032418	203	1	0	1	3	3	24	167
ENSMUST00000168529.9	ENSMUSG00000032872	165	0	1	1	0	NA	140	NA
ENSMUST00000093802.6	ENSMUSG00000056919	334	2	0	1	21	19	38	43
ENSMUST00000034992.8	ENSMUSG00000032420	489	0	0	0	0	NA	NA	NA
ENSMUST00000173801.8	ENSMUSG00000032423	512	0	0	0	0	NA	NA	NA
ENSMUST00000058488.9	ENSMUSG00000032353	143	0	0	0	0	NA	NA	NA
ENSMUST00000034915.15	ENSMUSG00000032359	283	3	0	1	63	32	15	81
ENSMUST00000169860.8	ENSMUSG00000062270	199	1	0	1	1	1	85	108
ENSMUST00000093801.10	ENSMUSG00000032369	625	5	1	1	29	15	4	369
ENSMUST00000034941.9	ENSMUSG00000032377	574	3	0	1	15	7	134	277
ENSMUST00000160359.2	ENSMUSG00000032374	196	0	0	0	0	NA	NA	NA
ENSMUST00000113028.2	ENSMUSG00000045414	206	0	0	0	0	NA	NA	NA
ENSMUST00000033463.10	ENSMUSG00000031129	153	0	0	0	0	NA	NA	NA
ENSMUST00000079659.12	ENSMUSG00000032407	33	0	0	0	0	NA	NA	NA
ENSMUST00000015498.9	ENSMUSG00000015354	193	1	0	1	3	3	171	10
ENSMUST00000189137.7	ENSMUSG00000032839	471	1	1	1	2	2	22	440
ENSMUST00000190665.2	ENSMUSG00000032410	7	0	0	0	0	NA	NA	NA
ENSMUST00000085217.12	ENSMUSG00000041440	89	0	0	0	0	NA	NA	NA
ENSMUST00000188750.7	ENSMUSG00000032411	372	1	0	1	11	11	335	1
ENSMUST00000034983.7	ENSMUSG00000032412	288	0	0	0	0	NA	NA	NA
ENSMUST00000034984.8	ENSMUSG00000032413	124	0	0	0	0	NA	NA	NA
ENSMUST00000152594.8	ENSMUSG00000040433	1146	14	0	1	199	42	79	50
ENSMUST00000112951.9	ENSMUSG00000043587	326	7	0	1	95	23	56	11
ENSMUST00000085206.11	ENSMUSG00000032449	206	0	1	1	0	NA	192	NA
ENSMUST00000052068.11	ENSMUSG00000046402	2018	20	1	1	470	91	63	314
ENSMUST00000112911.9	ENSMUSG00000032463	152	1	0	1	14	14	52	55
ENSMUST00000035037.14	ENSMUSG00000032462	224	3	1	1	36	14	10	18
ENSMUST00000093795.10	ENSMUSG00000056267	140	1	0	1	5	5	69	53
ENSMUST00000035045.15	ENSMUSG00000032470	1089	7	0	1	219	136	26	129
ENSMUST00000035043.12	ENSMUSG00000032468	253	0	0	0	0	NA	NA	NA
ENSMUST00000066650.12	ENSMUSG00000032469	130	0	0	0	0	NA	NA	NA
ENSMUST00000112885.9	ENSMUSG00000037784	572	3	1	1	32	28	64	302
ENSMUST00000116522.8	ENSMUSG00000032475	158	0	0	0	0	NA	NA	NA
ENSMUST00000129269.8	ENSMUSG00000037286	422	4	0	1	75	57	28	74
ENSMUST00000035116.12	ENSMUSG00000032527	41	0	0	0	0	NA	NA	NA
ENSMUST00000085177.5	ENSMUSG00000066415	517	2	1	1	15	13	61	305
ENSMUST00000075941.12	ENSMUSG00000043154	574	5	0	1	54	15	174	104
ENSMUST00000162655.9	ENSMUSG00000032534	297	1	1	1	16	16	25	221
ENSMUST00000035121.14	ENSMUSG00000032531	297	0	0	0	0	NA	NA	NA
ENSMUST00000175883.8	ENSMUSG00000032547	139	1	0	1	11	11	39	64
ENSMUST00000035148.13	ENSMUSG00000032548	618	0	0	0	0	NA	NA	NA
ENSMUST00000035155.8	ENSMUSG00000032549	350	0	0	0	0	NA	NA	NA
ENSMUST00000035157.10	ENSMUSG00000032553	78	1	0	1	10	10	1	44
ENSMUST00000190226.7	ENSMUSG00000032803	583	3	0	1	61	29	182	11
ENSMUST00000035166.12	ENSMUSG00000032557	188	0	0	0	0	NA	NA	NA
ENSMUST00000035170.13	ENSMUSG00000032560	245	1	0	1	8	8	28	190
ENSMUST00000035177.15	ENSMUSG00000032563	182	0	0	0	0	NA	NA	NA
ENSMUST00000035181.10	ENSMUSG00000032567	292	1	0	1	32	32	21	172
ENSMUST00000112558.10	ENSMUSG00000032570	264	1	1	1	10	10	201	30
ENSMUST00000036382.13	ENSMUSG00000020258	253	5	1	1	67	17	94	12
ENSMUST00000020490.13	ENSMUSG00000020257	291	2	0	1	22	13	22	227
ENSMUST00000141118.9	ENSMUSG00000032786	891	6	1	1	99	67	42	258
ENSMUST00000172306.3	ENSMUSG00000053716	166	0	0	0	0	NA	NA	NA
ENSMUST00000024031.13	ENSMUSG00000023262	202	0	0	0	0	NA	NA	NA
ENSMUST00000216130.2	ENSMUSG00000042073	383	1	0	1	7	7	22	337
ENSMUST00000024260.14	ENSMUSG00000023495	230	2	0	1	37	34	71	54
ENSMUST00000047721.10	ENSMUSG00000041506	79	2	0	1	14	13	21	16
ENSMUST00000169068.8	ENSMUSG00000040813	153	2	0	1	5	3	78	58
ENSMUST00000046502.7	ENSMUSG00000040661	267	1	1	1	3	3	230	25
ENSMUST00000055843.9	ENSMUSG00000074102	461	1	1	1	16	16	195	40
ENSMUST00000159283.8	ENSMUSG00000032575	81	0	0	0	0	NA	NA	NA
ENSMUST00000035194.8	ENSMUSG00000032577	405	2	1	1	20	16	67	96
ENSMUST00000085102.6	ENSMUSG00000032578	989	4	0	1	65	38	130	196
ENSMUST00000010189.3	ENSMUSG00000010045	534	2	0	1	103	99	33	201
ENSMUST00000041459.9	ENSMUSG00000037190	242	0	1	1	0	NA	205	NA
ENSMUST00000093786.9	ENSMUSG00000010067	42	0	0	0	0	NA	NA	NA
ENSMUST00000010198.5	ENSMUSG00000010054	132	2	0	1	12	7	64	1
ENSMUST00000010195.14	ENSMUSG00000010051	61	0	0	0	0	NA	NA	NA
ENSMUST00000010192.11	ENSMUSG00000010048	247	2	0	1	37	34	25	42
ENSMUST00000102532.10	ENSMUSG00000057969	387	3	0	1	67	54	50	18
ENSMUST00000192615.6	ENSMUSG00000032562	95	0	0	0	0	NA	NA	NA
ENSMUST00000167868.8	ENSMUSG00000010064	333	9	0	1	181	58	27	56
ENSMUST00000080560.9	ENSMUSG00000034684	201	0	0	0	0	NA	NA	NA
ENSMUST00000183032.8	ENSMUSG00000032582	240	0	0	0	0	NA	NA	NA
ENSMUST00000049348.9	ENSMUSG00000032586	119	0	0	0	0	NA	NA	NA
ENSMUST00000035216.11	ENSMUSG00000032596	151	0	0	0	0	NA	NA	NA
ENSMUST00000035214.11	ENSMUSG00000032594	447	1	1	1	15	15	104	295
ENSMUST00000112295.9	ENSMUSG00000070284	275	0	0	0	0	NA	NA	NA
ENSMUST00000162355.8	ENSMUSG00000041528	596	5	2	1	205	79	55	77
ENSMUST00000191899.6	ENSMUSG00000039952	355	1	0	1	7	7	253	78
ENSMUST00000035227.8	ENSMUSG00000032606	102	1	0	1	11	11	55	11
ENSMUST00000192886.6	ENSMUSG00000039461	216	0	0	0	0	NA	NA	NA
ENSMUST00000007959.14	ENSMUSG00000007815	502	4	0	1	23	9	18	359
ENSMUST00000035237.12	ENSMUSG00000032612	65	0	1	1	0	NA	30	NA
ENSMUST00000193286.6	ENSMUSG00000032609	1238	20	0	1	429	81	11	9
ENSMUST00000061209.7	ENSMUSG00000049305	143	0	2	1	0	NA	34	NA
ENSMUST00000006854.13	ENSMUSG00000006676	430	0	0	0	0	NA	NA	NA
ENSMUST00000006838.16	ENSMUSG00000032604	377	2	2	1	76	39	117	36
ENSMUST00000112155.9	ENSMUSG00000006673	152	1	0	1	6	6	2	129
ENSMUST00000081111.14	ENSMUSG00000062867	248	0	0	0	0	NA	NA	NA
ENSMUST00000068700.7	ENSMUSG00000066357	146	0	0	0	0	NA	NA	NA
ENSMUST00000013338.14	ENSMUSG00000064145	305	3	1	1	23	13	152	54
ENSMUST00000035222.6	ENSMUSG00000032602	130	1	0	1	1	1	40	84
ENSMUST00000035220.12	ENSMUSG00000032601	314	0	0	0	0	NA	NA	NA
ENSMUST00000085018.6	ENSMUSG00000032599	201	1	0	1	19	19	42	99
ENSMUST00000035218.9	ENSMUSG00000032598	116	0	0	0	0	NA	NA	NA
ENSMUST00000198140.5	ENSMUSG00000025648	238	2	0	1	13	9	2	163
ENSMUST00000112059.10	ENSMUSG00000025647	130	0	0	0	0	NA	NA	NA
ENSMUST00000167504.3	ENSMUSG00000091537	245	0	0	0	0	NA	NA	NA
ENSMUST00000072093.13	ENSMUSG00000053646	316	1	0	1	12	12	275	2
ENSMUST00000035053.12	ENSMUSG00000032478	157	2	0	1	14	12	94	24
ENSMUST00000094324.8	ENSMUSG00000032477	411	0	0	0	0	NA	NA	NA
ENSMUST00000035055.15	ENSMUSG00000032479	500	0	0	0	0	NA	NA	NA
ENSMUST00000088716.12	ENSMUSG00000032481	137	0	0	0	0	NA	NA	NA
ENSMUST00000199592.5	ENSMUSG00000054836	123	1	0	1	25	25	27	18
ENSMUST00000040021.12	ENSMUSG00000036057	96	0	0	0	0	NA	NA	NA
ENSMUST00000198164.5	ENSMUSG00000054792	95	0	0	0	0	NA	NA	NA
ENSMUST00000249998.1	ENSMUSG00000044791	392	6	0	1	188	82	73	20
ENSMUST00000098340.7	ENSMUSG00000032497	380	3	0	1	35	18	255	47
ENSMUST00000111861.4	ENSMUSG00000032504	137	0	0	0	0	NA	NA	NA
ENSMUST00000163895.3	ENSMUSG00000033392	133	1	0	1	1	1	87	40
ENSMUST00000035090.14	ENSMUSG00000032507	66	0	0	0	0	NA	NA	NA
ENSMUST00000084881.5	ENSMUSG00000032431	76	0	0	0	0	NA	NA	NA
ENSMUST00000111820.4	ENSMUSG00000079260	279	2	0	1	55	52	87	33
ENSMUST00000070117.8	ENSMUSG00000056167	134	0	0	0	0	NA	NA	NA
ENSMUST00000047404.7	ENSMUSG00000032435	92	0	0	0	0	NA	NA	NA
ENSMUST00000035007.10	ENSMUSG00000032434	63	0	0	0	0	NA	NA	NA
ENSMUST00000146623.8	ENSMUSG00000050627	270	0	0	0	0	NA	NA	NA
ENSMUST00000183104.8	ENSMUSG00000040875	109	0	0	0	0	NA	NA	NA
ENSMUST00000035010.10	ENSMUSG00000032437	365	1	0	1	40	40	77	165
ENSMUST00000035014.8	ENSMUSG00000032440	323	1	1	1	79	79	65	18
ENSMUST00000111772.10	ENSMUSG00000039607	316	0	0	0	0	NA	NA	NA
ENSMUST00000044454.12	ENSMUSG00000039285	465	1	0	1	27	27	280	101
ENSMUST00000084820.6	ENSMUSG00000038708	219	1	0	1	47	47	49	26
ENSMUST00000073109.12	ENSMUSG00000047409	409	0	1	1	0	NA	191	NA
ENSMUST00000214470.2	ENSMUSG00000010660	82	0	0	0	0	NA	NA	NA
ENSMUST00000040853.11	ENSMUSG00000036737	353	0	0	0	0	NA	NA	NA
ENSMUST00000039784.12	ENSMUSG00000036138	221	0	0	0	0	NA	NA	NA
ENSMUST00000215746.2	ENSMUSG00000061393	102	0	0	0	0	NA	NA	NA
ENSMUST00000035094.14	ENSMUSG00000042787	45	0	1	1	0	NA	8	NA
ENSMUST00000035099.9	ENSMUSG00000032513	48	0	0	0	0	NA	NA	NA
ENSMUST00000035101.9	ENSMUSG00000032515	77	0	0	0	0	NA	NA	NA
ENSMUST00000007139.6	ENSMUSG00000006941	320	0	0	0	0	NA	NA	NA
ENSMUST00000007130.15	ENSMUSG00000006932	287	0	0	0	0	NA	NA	NA
ENSMUST00000045903.8	ENSMUSG00000032536	88	0	1	1	0	NA	39	NA
ENSMUST00000078547.12	ENSMUSG00000061536	188	2	1	1	15	10	73	32
ENSMUST00000035113.11	ENSMUSG00000032526	74	0	0	0	0	NA	NA	NA
ENSMUST00000035112.13	ENSMUSG00000032525	149	0	0	0	0	NA	NA	NA
ENSMUST00000093772.4	ENSMUSG00000013419	190	1	1	1	33	33	68	20
ENSMUST00000060251.8	ENSMUSG00000038412	873	4	0	1	140	80	250	162
ENSMUST00000118886.9	ENSMUSG00000038145	265	7	0	1	115	39	18	6
ENSMUST00000156520.8	ENSMUSG00000032540	179	0	1	1	0	NA	76	NA
ENSMUST00000068140.6	ENSMUSG00000054871	219	1	0	1	9	9	173	16
ENSMUST00000038863.9	ENSMUSG00000035202	199	2	0	1	21	13	23	108
ENSMUST00000026269.4	ENSMUSG00000025239	532	3	0	1	26	17	79	79
ENSMUST00000026270.9	ENSMUSG00000025240	131	0	0	0	0	NA	NA	NA
ENSMUST00000026274.14	ENSMUSG00000025245	97	0	0	0	0	NA	NA	NA
ENSMUST00000084715.14	ENSMUSG00000025241	461	3	0	1	52	43	315	14
ENSMUST00000043374.7	ENSMUSG00000040653	610	3	0	1	13	8	16	61
ENSMUST00000120274.8	ENSMUSG00000040624	345	1	0	1	13	13	244	59
ENSMUST00000117291.8	ENSMUSG00000040675	137	0	0	0	0	NA	NA	NA
ENSMUST00000045730.7	ENSMUSG00000038587	139	0	0	0	0	NA	NA	NA
ENSMUST00000100077.5	ENSMUSG00000075327	136	0	0	0	0	NA	NA	NA
ENSMUST00000095893.11	ENSMUSG00000061759	204	1	0	1	2	2	47	148
ENSMUST00000019931.12	ENSMUSG00000019796	235	1	0	1	22	22	151	15
ENSMUST00000165952.9	ENSMUSG00000040021	369	2	1	1	13	9	15	324
ENSMUST00000165806.8	ENSMUSG00000019794	131	0	0	0	0	NA	NA	NA
ENSMUST00000124838.2	ENSMUSG00000040006	17	0	0	0	0	NA	NA	NA
ENSMUST00000015901.11	ENSMUSG00000015757	60	0	1	1	0	NA	11	NA
ENSMUST00000146444.8	ENSMUSG00000015755	516	2	0	1	14	8	433	39
ENSMUST00000061601.9	ENSMUSG00000047712	426	0	2	1	0	NA	334	NA
ENSMUST00000015449.6	ENSMUSG00000015305	212	1	0	1	8	8	89	96
ENSMUST00000038213.14	ENSMUSG00000019790	NA	NA	NA	NA	NA	NA	NA	NA
ENSMUST00000019974.5	ENSMUSG00000019832	177	0	0	0	0	NA	NA	NA
ENSMUST00000044053.13	ENSMUSG00000090112	195	1	0	1	6	6	57	117
ENSMUST00000129456.8	ENSMUSG00000047648	187	0	0	0	0	NA	NA	NA
ENSMUST00000105139.5	ENSMUSG00000078348	3280	43	0	1	611	76	14	253
ENSMUST00000121325.8	ENSMUSG00000019817	582	4	1	1	69	50	109	114
ENSMUST00000105543.9	ENSMUSG00000062866	180	1	0	1	20	20	87	30
ENSMUST00000060212.13	ENSMUSG00000019810	167	0	0	0	0	NA	NA	NA
ENSMUST00000019945.15	ENSMUSG00000019809	241	0	0	0	0	NA	NA	NA
ENSMUST00000019944.9	ENSMUSG00000019808	372	0	0	0	0	NA	NA	NA
ENSMUST00000187083.7	ENSMUSG00000015501	1122	16	0	1	352	57	6	21
ENSMUST00000238680.2	ENSMUSG00000039116	121	1	1	1	11	11	78	7
ENSMUST00000154132.8	ENSMUSG00000019868	99	1	0	1	3	3	13	74
ENSMUST00000038107.9	ENSMUSG00000039910	250	1	0	1	3	3	168	70
ENSMUST00000037879.8	ENSMUSG00000039879	285	1	0	1	12	12	144	102
ENSMUST00000020002.9	ENSMUSG00000078453	228	1	0	1	9	9	19	179
ENSMUST00000126390.8	ENSMUSG00000019854	23	0	0	0	0	NA	NA	NA
ENSMUST00000080860.13	ENSMUSG00000059554	187	3	0	1	22	10	65	4
ENSMUST00000020000.7	ENSMUSG00000019853	281	2	0	1	98	72	23	39
ENSMUST00000019998.9	ENSMUSG00000019851	173	0	0	0	0	NA	NA	NA
ENSMUST00000019997.11	ENSMUSG00000019850	273	1	0	1	23	23	136	65
ENSMUST00000020182.16	ENSMUSG00000020003	116	0	0	0	0	NA	NA	NA
ENSMUST00000095806.10	ENSMUSG00000071369	134	1	0	1	4	4	21	98
ENSMUST00000092678.10	ENSMUSG00000037608	250	2	0	1	18	14	43	162
ENSMUST00000105525.12	ENSMUSG00000019986	364	1	0	1	3	3	301	51
ENSMUST00000219915.2	ENSMUSG00000019977	101	1	0	1	16	16	4	46
ENSMUST00000120509.8	ENSMUSG00000019970	455	5	0	1	78	28	212	52
ENSMUST00000127698.8	ENSMUSG00000071359	375	3	0	1	48	42	80	36
ENSMUST00000219315.2	ENSMUSG00000010461	441	1	0	1	21	21	228	147
ENSMUST00000218221.2	ENSMUSG00000061983	NA	NA	NA	NA	NA	NA	NA	NA
ENSMUST00000020159.15	ENSMUSG00000019984	61	0	1	1	0	NA	52	NA
ENSMUST00000041984.14	ENSMUSG00000039166	217	1	0	1	2	2	7	201
ENSMUST00000053748.16	ENSMUSG00000019978	198	0	0	0	0	NA	NA	NA
ENSMUST00000040219.13	ENSMUSG00000039089	271	1	0	1	24	24	29	167
ENSMUST00000039557.9	ENSMUSG00000039031	107	0	2	1	0	NA	27	NA
ENSMUST00000218276.2	ENSMUSG00000019889	227	1	0	1	19	19	10	157
ENSMUST00000160144.9	ENSMUSG00000038876	610	6	0	1	93	43	152	37
ENSMUST00000099985.6	ENSMUSG00000075266	80	0	0	0	0	NA	NA	NA
ENSMUST00000161074.8	ENSMUSG00000019791	127	0	0	0	0	NA	NA	NA
ENSMUST00000216172.2	ENSMUSG00000039697	156	0	0	0	0	NA	NA	NA
ENSMUST00000000304.14	ENSMUSG00000000295	32	0	1	1	0	NA	20	NA
ENSMUST00000000305.7	ENSMUSG00000000296	228	0	1	1	0	NA	92	NA
ENSMUST00000019917.6	ENSMUSG00000019782	186	0	1	1	0	NA	160	NA
ENSMUST00000048010.9	ENSMUSG00000039497	689	1	1	1	6	6	540	128
ENSMUST00000047935.8	ENSMUSG00000039485	72	0	0	0	0	NA	NA	NA
ENSMUST00000019911.14	ENSMUSG00000019777	208	0	0	0	0	NA	NA	NA
ENSMUST00000092584.6	ENSMUSG00000069662	385	0	0	0	0	NA	NA	NA
ENSMUST00000019992.6	ENSMUSG00000019846	440	4	0	1	91	64	18	173
ENSMUST00000099967.10	ENSMUSG00000019843	514	4	0	1	26	18	354	38
ENSMUST00000019986.13	ENSMUSG00000019841	357	1	0	1	47	47	12	201
ENSMUST00000092566.8	ENSMUSG00000019838	218	0	0	0	0	NA	NA	NA
ENSMUST00000044672.11	ENSMUSG00000038481	286	2	1	1	93	57	40	47
ENSMUST00000044166.9	ENSMUSG00000038446	236	3	0	1	22	12	57	66
ENSMUST00000019975.14	ENSMUSG00000019831	163	1	0	1	42	42	10	24
ENSMUST00000080771.10	ENSMUSG00000019826	179	0	0	0	0	NA	NA	NA
ENSMUST00000019967.16	ENSMUSG00000019823	274	0	0	0	0	NA	NA	NA
ENSMUST00000019962.15	ENSMUSG00000019818	121	0	0	0	0	NA	NA	NA
ENSMUST00000186239.7	ENSMUSG00000019813	111	0	1	1	0	NA	49	NA
ENSMUST00000041438.7	ENSMUSG00000038332	55	0	0	0	0	NA	NA	NA
ENSMUST00000105502.8	ENSMUSG00000048756	339	1	0	1	43	43	80	127
ENSMUST00000019939.12	ENSMUSG00000019804	300	0	0	0	0	NA	NA	NA
ENSMUST00000040718.6	ENSMUSG00000038280	68	0	0	0	0	NA	NA	NA
ENSMUST00000019937.5	ENSMUSG00000019802	269	0	0	0	0	NA	NA	NA
ENSMUST00000095725.11	ENSMUSG00000038240	276	3	0	1	58	52	0	117
ENSMUST00000167488.9	ENSMUSG00000038214	553	2	0	1	133	71	46	26
ENSMUST00000147196.3	ENSMUSG00000019797	41	0	0	0	0	NA	NA	NA
ENSMUST00000058714.10	ENSMUSG00000047139	85	0	0	0	0	NA	NA	NA
ENSMUST00000020012.7	ENSMUSG00000019863	108	2	0	1	6	5	22	68
ENSMUST00000039286.5	ENSMUSG00000038160	285	0	1	1	0	NA	260	NA
ENSMUST00000099858.4	ENSMUSG00000019849	128	0	0	0	0	NA	NA	NA
ENSMUST00000037044.13	ENSMUSG00000038822	246	1	0	1	1	1	183	57
ENSMUST00000035606.10	ENSMUSG00000038774	271	2	0	1	34	31	0	11
ENSMUST00000069004.14	ENSMUSG00000019891	132	0	0	0	0	NA	NA	NA
ENSMUST00000020008.10	ENSMUSG00000019861	177	0	0	0	0	NA	NA	NA
ENSMUST00000023830.16	ENSMUSG00000023068	195	2	0	1	15	9	29	62
ENSMUST00000105473.3	ENSMUSG00000038602	464	1	0	1	6	6	416	27
ENSMUST00000220443.2	ENSMUSG00000038594	366	1	0	1	10	10	209	124
ENSMUST00000020004.8	ENSMUSG00000019857	238	1	0	1	7	7	28	186
ENSMUST00000003843.16	ENSMUSG00000003746	517	2	0	1	15	9	212	89
ENSMUST00000068581.9	ENSMUSG00000050953	202	0	0	0	0	NA	NA	NA
ENSMUST00000079833.6	ENSMUSG00000019878	113	0	0	0	0	NA	NA	NA
ENSMUST00000020027.11	ENSMUSG00000019877	135	0	0	0	0	NA	NA	NA
ENSMUST00000057659.14	ENSMUSG00000038039	69	0	0	0	0	NA	NA	NA
ENSMUST00000105468.2	ENSMUSG00000019920	31	0	0	0	0	NA	NA	NA
ENSMUST00000003310.7	ENSMUSG00000003226	58	0	0	0	0	NA	NA	NA
ENSMUST00000036576.10	ENSMUSG00000038010	22	0	0	0	0	NA	NA	NA
ENSMUST00000009789.15	ENSMUSG00000019916	208	0	0	0	0	NA	NA	NA
ENSMUST00000020312.13	ENSMUSG00000009647	22	0	0	0	0	NA	NA	NA
ENSMUST00000020311.13	ENSMUSG00000020111	90	1	0	1	13	13	30	18
ENSMUST00000146590.8	ENSMUSG00000020109	103	0	1	1	0	NA	0	NA
ENSMUST00000020308.5	ENSMUSG00000020108	198	0	0	0	0	NA	NA	NA
ENSMUST00000182898.8	ENSMUSG00000020107	205	1	0	1	7	7	4	177
ENSMUST00000167915.3	ENSMUSG00000057337	616	2	1	1	85	81	286	45
ENSMUST00000105465.8	ENSMUSG00000004207	116	0	0	0	0	NA	NA	NA
ENSMUST00000117513.8	ENSMUSG00000020100	48	0	0	0	0	NA	NA	NA
ENSMUST00000077925.7	ENSMUSG00000020099	416	0	0	0	0	NA	NA	NA
ENSMUST00000122259.8	ENSMUSG00000020097	169	0	0	0	0	NA	NA	NA
ENSMUST00000020289.10	ENSMUSG00000020092	268	0	1	1	0	NA	119	NA
ENSMUST00000020288.15	ENSMUSG00000020091	115	0	0	0	0	NA	NA	NA
ENSMUST00000049242.9	ENSMUSG00000037151	154	0	0	0	0	NA	NA	NA
ENSMUST00000020285.10	ENSMUSG00000020088	120	0	0	0	0	NA	NA	NA
ENSMUST00000020284.5	ENSMUSG00000020087	57	0	0	0	0	NA	NA	NA
ENSMUST00000047883.11	ENSMUSG00000037031	136	0	0	0	0	NA	NA	NA
ENSMUST00000099691.11	ENSMUSG00000037012	467	2	0	1	92	58	149	47
ENSMUST00000105447.11	ENSMUSG00000020078	145	1	0	1	32	32	44	2
ENSMUST00000065887.14	ENSMUSG00000036955	80	0	1	1	0	NA	4	NA
ENSMUST00000045866.9	ENSMUSG00000020075	67	0	0	0	0	NA	NA	NA
ENSMUST00000020270.6	ENSMUSG00000020076	107	0	0	0	0	NA	NA	NA
ENSMUST00000020268.7	ENSMUSG00000020074	76	0	0	0	0	NA	NA	NA
ENSMUST00000044977.10	ENSMUSG00000071253	119	1	0	1	7	7	58	37
ENSMUST00000119567.8	ENSMUSG00000020070	87	0	0	0	0	NA	NA	NA
ENSMUST00000020263.14	ENSMUSG00000020069	198	0	0	0	0	NA	NA	NA
ENSMUST00000219577.2	ENSMUSG00000020064	350	0	1	1	0	NA	264	NA
ENSMUST00000105442.3	ENSMUSG00000020063	65	0	0	0	0	NA	NA	NA
ENSMUST00000020023.9	ENSMUSG00000019873	124	0	0	0	0	NA	NA	NA
ENSMUST00000077839.13	ENSMUSG00000075000	179	0	1	1	0	NA	127	NA
ENSMUST00000075686.7	ENSMUSG00000057134	295	0	0	0	0	NA	NA	NA
ENSMUST00000118160.8	ENSMUSG00000037846	204	0	0	0	0	NA	NA	NA
ENSMUST00000164034.8	ENSMUSG00000019944	122	2	0	1	12	11	29	57
ENSMUST00000020099.13	ENSMUSG00000019942	129	0	0	0	0	NA	NA	NA
ENSMUST00000381871.1	ENSMUSG00000069601	450	5	1	1	65	33	21	39
ENSMUST00000147545.8	ENSMUSG00000048701	179	0	0	0	0	NA	NA	NA
ENSMUST00000046807.7	ENSMUSG00000037762	316	1	0	1	50	50	151	12
ENSMUST00000062883.7	ENSMUSG00000043259	88	1	1	1	6	6	15	47
ENSMUST00000143791.8	ENSMUSG00000014329	84	0	0	0	0	NA	NA	NA
ENSMUST00000092430.11	ENSMUSG00000003923	340	2	0	1	27	21	29	43
ENSMUST00000020085.7	ENSMUSG00000019927	138	0	0	0	0	NA	NA	NA
ENSMUST00000045887.9	ENSMUSG00000037710	200	0	1	1	0	NA	40	NA
ENSMUST00000079252.13	ENSMUSG00000060733	189	0	2	1	0	NA	110	NA
ENSMUST00000020081.11	ENSMUSG00000019923	74	0	0	0	0	NA	NA	NA
ENSMUST00000037813.5	ENSMUSG00000040009	756	6	0	1	130	54	227	146
ENSMUST00000147802.9	ENSMUSG00000020175	268	2	0	1	82	42	85	54
ENSMUST00000164107.3	ENSMUSG00000009681	434	1	0	1	18	18	328	49
ENSMUST00000039796.14	ENSMUSG00000033416	185	0	1	1	0	NA	160	NA
ENSMUST00000020397.11	ENSMUSG00000020180	596	3	0	1	106	52	66	178
ENSMUST00000095541.11	ENSMUSG00000006342	48	0	0	0	0	NA	NA	NA
ENSMUST00000000925.10	ENSMUSG00000000902	222	0	1	1	0	NA	19	NA
ENSMUST00000120281.8	ENSMUSG00000000901	22	0	0	0	0	NA	NA	NA
ENSMUST00000219839.2	ENSMUSG00000049422	918	9	0	1	282	61	55	96
ENSMUST00000061617.7	ENSMUSG00000049764	151	0	0	0	0	NA	NA	NA
ENSMUST00000099572.10	ENSMUSG00000020230	143	1	2	1	6	6	89	33
ENSMUST00000036033.14	ENSMUSG00000020231	63	0	0	0	0	NA	NA	NA
ENSMUST00000001179.7	ENSMUSG00000001151	108	0	0	0	0	NA	NA	NA
ENSMUST00000049185.6	ENSMUSG00000033126	361	0	0	0	0	NA	NA	NA
ENSMUST00000170795.3	ENSMUSG00000001150	394	3	0	1	32	16	280	58
ENSMUST00000048678.7	ENSMUSG00000033105	54	0	0	0	0	NA	NA	NA
ENSMUST00000001181.13	ENSMUSG00000020241	393	1	0	1	31	31	36	261
ENSMUST00000001147.5	ENSMUSG00000001119	255	2	0	1	6	4	22	218
ENSMUST00000020496.14	ENSMUSG00000020262	387	2	0	1	14	7	193	93
ENSMUST00000009435.12	ENSMUSG00000009291	102	0	0	0	0	NA	NA	NA
ENSMUST00000129492.8	ENSMUSG00000020265	96	0	0	0	0	NA	NA	NA
ENSMUST00000174510.8	ENSMUSG00000009293	99	1	0	1	5	5	65	16
ENSMUST00000057608.5	ENSMUSG00000051652	270	1	1	1	35	35	12	150
ENSMUST00000000384.8	ENSMUSG00000000374	139	1	0	1	8	8	100	12
ENSMUST00000001240.12	ENSMUSG00000001211	340	1	0	1	11	11	117	187
ENSMUST00000041616.15	ENSMUSG00000032788	128	0	0	0	0	NA	NA	NA
ENSMUST00000040580.7	ENSMUSG00000032714	75	0	0	0	0	NA	NA	NA
ENSMUST00000047203.9	ENSMUSG00000035890	125	0	1	1	0	NA	25	NA
ENSMUST00000046945.13	ENSMUSG00000035863	164	1	0	1	17	17	65	45
ENSMUST00000172282.8	ENSMUSG00000006498	287	1	1	1	9	9	62	195
ENSMUST00000045628.15	ENSMUSG00000035781	122	0	0	0	0	NA	NA	NA
ENSMUST00000019708.12	ENSMUSG00000019564	473	2	0	1	16	13	232	161
ENSMUST00000052885.14	ENSMUSG00000013858	199	0	0	0	0	NA	NA	NA
ENSMUST00000004784.11	ENSMUSG00000004665	94	0	0	0	0	NA	NA	NA
ENSMUST00000105372.9	ENSMUSG00000075706	144	0	0	0	0	NA	NA	NA
ENSMUST00000219260.2	ENSMUSG00000035673	376	5	0	1	55	18	30	41
ENSMUST00000003152.14	ENSMUSG00000003068	815	3	0	1	34	18	17	365
ENSMUST00000170219.9	ENSMUSG00000035640	7	0	0	0	0	NA	NA	NA
ENSMUST00000042057.12	ENSMUSG00000035621	474	0	0	0	0	NA	NA	NA
ENSMUST00000105365.9	ENSMUSG00000045193	145	0	0	0	0	NA	NA	NA
ENSMUST00000092305.6	ENSMUSG00000069565	76	0	0	0	0	NA	NA	NA
ENSMUST00000105355.8	ENSMUSG00000035504	278	0	0	0	0	NA	NA	NA
ENSMUST00000092295.10	ENSMUSG00000035478	319	0	0	0	0	NA	NA	NA
ENSMUST00000105342.8	ENSMUSG00000020167	381	2	1	1	16	9	8	323
ENSMUST00000057910.16	ENSMUSG00000047417	140	1	0	1	18	18	26	57
ENSMUST00000038558.9	ENSMUSG00000035397	121	0	0	0	0	NA	NA	NA
ENSMUST00000003436.12	ENSMUSG00000003346	351	2	2	1	67	42	129	93
ENSMUST00000085435.7	ENSMUSG00000003345	316	4	0	1	59	27	47	76
ENSMUST00000200082.5	ENSMUSG00000020190	279	0	0	0	0	NA	NA	NA
ENSMUST00000020420.9	ENSMUSG00000020198	273	0	0	0	0	NA	NA	NA
ENSMUST00000105336.9	ENSMUSG00000061589	238	1	1	1	10	10	26	179
ENSMUST00000036805.7	ENSMUSG00000035278	452	2	0	1	20	14	10	187
ENSMUST00000035597.10	ENSMUSG00000035206	66	0	0	0	0	NA	NA	NA
ENSMUST00000020440.7	ENSMUSG00000020219	226	2	0	1	22	11	75	6
ENSMUST00000057623.14	ENSMUSG00000062075	27	0	0	0	0	NA	NA	NA
ENSMUST00000117805.8	ENSMUSG00000048240	178	0	3	1	0	NA	20	NA
ENSMUST00000005067.6	ENSMUSG00000004937	87	0	0	0	0	NA	NA	NA
ENSMUST00000005057.7	ENSMUSG00000004929	228	0	1	1	0	NA	29	NA
ENSMUST00000048128.15	ENSMUSG00000035011	441	1	0	1	59	59	33	228
ENSMUST00000005064.14	ENSMUSG00000004934	212	1	0	1	47	47	60	8
ENSMUST00000178422.9	ENSMUSG00000034974	130	1	2	1	26	26	6	43
ENSMUST00000220297.2	ENSMUSG00000004931	436	10	0	1	174	65	27	15
ENSMUST00000105323.8	ENSMUSG00000020232	92	0	1	1	0	NA	0	NA
ENSMUST00000044844.9	ENSMUSG00000034854	107	0	0	0	0	NA	NA	NA
ENSMUST00000020461.15	ENSMUSG00000055053	68	1	0	1	3	3	9	47
ENSMUST00000020463.14	ENSMUSG00000020238	129	1	0	1	3	3	47	70
ENSMUST00000043604.6	ENSMUSG00000034781	263	0	0	0	0	NA	NA	NA
ENSMUST00000042923.9	ENSMUSG00000034748	260	1	1	1	16	16	92	101
ENSMUST00000151390.8	ENSMUSG00000034674	157	1	0	1	1	1	18	133
ENSMUST00000020485.11	ENSMUSG00000020251	187	1	2	1	12	12	34	114
ENSMUST00000020478.14	ENSMUSG00000020246	137	0	0	0	0	NA	NA	NA
ENSMUST00000130911.8	ENSMUSG00000020248	216	0	0	0	0	NA	NA	NA
ENSMUST00000020484.9	ENSMUSG00000020250	158	0	0	0	0	NA	NA	NA
ENSMUST00000040110.8	ENSMUSG00000034612	367	0	0	0	0	NA	NA	NA
ENSMUST00000039956.6	ENSMUSG00000034591	303	1	1	1	2	2	208	86
ENSMUST00000020497.14	ENSMUSG00000020256	126	0	0	0	0	NA	NA	NA
ENSMUST00000038388.7	ENSMUSG00000034560	101	0	0	0	0	NA	NA	NA
ENSMUST00000020500.14	ENSMUSG00000020263	157	0	0	0	0	NA	NA	NA
ENSMUST00000020220.15	ENSMUSG00000020032	240	2	0	1	16	9	57	88
ENSMUST00000053871.5	ENSMUSG00000046841	196	0	0	0	0	NA	NA	NA
ENSMUST00000020223.8	ENSMUSG00000020034	538	3	0	1	69	46	48	295
ENSMUST00000038523.15	ENSMUSG00000035620	126	0	0	0	0	NA	NA	NA
ENSMUST00000095383.6	ENSMUSG00000060935	377	0	0	0	0	NA	NA	NA
ENSMUST00000050813.4	ENSMUSG00000049038	241	1	2	1	2	2	131	101
ENSMUST00000020227.11	ENSMUSG00000020038	593	2	0	1	18	11	321	44
ENSMUST00000105306.3	ENSMUSG00000020042	79	0	1	1	0	NA	2	NA
ENSMUST00000037646.9	ENSMUSG00000035529	326	4	0	1	101	63	2	55
ENSMUST00000001834.4	ENSMUSG00000001783	116	0	0	0	0	NA	NA	NA
ENSMUST00000130320.8	ENSMUSG00000001786	51	0	0	0	0	NA	NA	NA
ENSMUST00000020234.14	ENSMUSG00000020044	482	2	0	1	77	75	75	171
ENSMUST00000020238.14	ENSMUSG00000020048	154	0	0	0	0	NA	NA	NA
ENSMUST00000099396.3	ENSMUSG00000054027	105	0	0	0	0	NA	NA	NA
ENSMUST00000048518.16	ENSMUSG00000035365	449	1	0	1	4	4	414	20
ENSMUST00000052355.15	ENSMUSG00000035351	143	1	0	1	13	13	39	62
ENSMUST00000020249.2	ENSMUSG00000020057	153	0	0	0	0	NA	NA	NA
ENSMUST00000020251.10	ENSMUSG00000035311	193	2	0	1	11	7	69	52
ENSMUST00000117440.8	ENSMUSG00000060002	216	0	0	0	0	NA	NA	NA
ENSMUST00000116234.9	ENSMUSG00000060904	493	1	0	1	14	14	90	358
ENSMUST00000220128.2	ENSMUSG00000074802	300	3	0	1	54	31	134	0
ENSMUST00000174252.8	ENSMUSG00000069539	276	2	0	1	46	44	3	138
ENSMUST00000020109.5	ENSMUSG00000019948	54	0	0	0	0	NA	NA	NA
ENSMUST00000020112.7	ENSMUSG00000019951	254	3	0	1	107	50	19	39
ENSMUST00000159110.8	ENSMUSG00000019979	544	0	1	1	0	NA	506	NA
ENSMUST00000020150.10	ENSMUSG00000019975	187	0	0	0	0	NA	NA	NA
ENSMUST00000076694.13	ENSMUSG00000061904	148	1	0	1	14	14	2	101
ENSMUST00000020123.7	ENSMUSG00000019961	265	0	1	1	0	NA	12	NA
ENSMUST00000020163.7	ENSMUSG00000019988	106	0	0	0	0	NA	NA	NA
ENSMUST00000069965.9	ENSMUSG00000020015	340	1	0	1	9	9	122	188
ENSMUST00000008542.12	ENSMUSG00000008398	386	3	0	1	47	34	21	44
ENSMUST00000020203.7	ENSMUSG00000020018	165	0	0	0	0	NA	NA	NA
ENSMUST00000047910.15	ENSMUSG00000036112	126	0	0	0	0	NA	NA	NA
ENSMUST00000020208.5	ENSMUSG00000020021	294	2	0	1	20	18	195	24
ENSMUST00000105290.9	ENSMUSG00000005897	99	0	0	0	0	NA	NA	NA
ENSMUST00000065060.12	ENSMUSG00000020023	170	0	0	0	0	NA	NA	NA
ENSMUST00000020212.6	ENSMUSG00000020024	515	2	1	1	57	48	278	90
ENSMUST00000172070.8	ENSMUSG00000020027	393	1	1	1	5	5	154	207
ENSMUST00000099329.5	ENSMUSG00000074781	63	0	0	0	0	NA	NA	NA
ENSMUST00000053484.8	ENSMUSG00000036499	199	0	0	0	0	NA	NA	NA
ENSMUST00000038377.9	ENSMUSG00000036478	319	2	0	1	24	23	20	227
ENSMUST00000020107.8	ENSMUSG00000019943	443	4	0	1	44	14	199	83
ENSMUST00000020113.15	ENSMUSG00000019952	173	0	0	0	0	NA	NA	NA
ENSMUST00000020118.5	ENSMUSG00000019960	461	1	0	1	8	8	403	31
ENSMUST00000105283.9	ENSMUSG00000019966	391	1	1	1	7	7	281	51
ENSMUST00000058154.15	ENSMUSG00000036676	203	2	0	1	40	22	1	41
ENSMUST00000179636.3	ENSMUSG00000019894	372	1	0	1	7	7	45	303
ENSMUST00000061506.9	ENSMUSG00000036019	686	3	1	1	90	83	96	226
ENSMUST00000219263.2	ENSMUSG00000019907	207	0	0	0	0	NA	NA	NA
ENSMUST00000095313.5	ENSMUSG00000035873	257	0	0	0	0	NA	NA	NA
ENSMUST00000105276.8	ENSMUSG00000035864	664	2	0	1	3	2	40	233
ENSMUST00000073781.12	ENSMUSG00000020185	212	1	0	1	6	6	118	73
ENSMUST00000020403.7	ENSMUSG00000020186	467	4	0	1	71	39	53	35
ENSMUST00000041723.15	ENSMUSG00000035798	36	0	0	0	0	NA	NA	NA
ENSMUST00000105275.9	ENSMUSG00000020189	509	4	0	1	25	15	19	14
ENSMUST00000040454.5	ENSMUSG00000035759	44	0	0	0	0	NA	NA	NA
ENSMUST00000164773.2	ENSMUSG00000020205	119	0	0	0	0	NA	NA	NA
ENSMUST00000099276.4	ENSMUSG00000074748	273	0	0	0	0	NA	NA	NA
ENSMUST00000020339.10	ENSMUSG00000020130	56	0	0	0	0	NA	NA	NA
ENSMUST00000092170.7	ENSMUSG00000069520	237	1	0	1	3	3	214	11
ENSMUST00000218842.2	ENSMUSG00000020137	160	0	1	1	0	NA	143	NA
ENSMUST00000036044.9	ENSMUSG00000034163	239	0	0	0	0	NA	NA	NA
ENSMUST00000020350.15	ENSMUSG00000020140	287	0	1	1	0	NA	16	NA
ENSMUST00000092167.7	ENSMUSG00000020154	254	1	0	1	33	33	51	101
ENSMUST00000105267.8	ENSMUSG00000020166	143	1	0	1	11	11	43	64
ENSMUST00000047672.9	ENSMUSG00000034024	106	0	0	0	0	NA	NA	NA
ENSMUST00000020381.5	ENSMUSG00000020170	391	10	0	1	93	24	121	7
ENSMUST00000020382.8	ENSMUSG00000020171	198	1	0	1	36	36	47	40
ENSMUST00000176670.8	ENSMUSG00000055531	31	0	0	0	0	NA	NA	NA
ENSMUST00000020399.6	ENSMUSG00000020183	31	0	0	0	0	NA	NA	NA
ENSMUST00000064848.7	ENSMUSG00000052798	94	0	0	0	0	NA	NA	NA
ENSMUST00000163238.9	ENSMUSG00000020212	86	0	0	0	0	NA	NA	NA
ENSMUST00000004281.10	ENSMUSG00000028630	380	3	1	1	80	70	65	54
ENSMUST00000020315.13	ENSMUSG00000020114	347	1	0	1	11	11	87	224
ENSMUST00000138410.8	ENSMUSG00000034813	68	0	0	0	0	NA	NA	NA
ENSMUST00000072777.14	ENSMUSG00000056758	406	1	0	1	7	7	206	176
ENSMUST00000092143.12	ENSMUSG00000051236	310	0	2	1	0	NA	63	NA
ENSMUST00000040344.7	ENSMUSG00000034707	101	0	0	0	0	NA	NA	NA
ENSMUST00000020316.4	ENSMUSG00000020115	152	1	0	1	9	9	98	24
ENSMUST00000218004.2	ENSMUSG00000034667	302	2	0	1	43	22	225	8
ENSMUST00000065600.8	ENSMUSG00000053684	39	0	0	0	0	NA	NA	NA
ENSMUST00000140299.3	ENSMUSG00000034620	300	2	0	1	25	22	5	183
ENSMUST00000067918.12	ENSMUSG00000034613	404	2	0	1	52	30	177	1
ENSMUST00000220377.2	ENSMUSG00000020124	80	0	1	1	0	NA	22	NA
ENSMUST00000074807.8	ENSMUSG00000020105	223	1	0	1	8	8	77	119
ENSMUST00000105256.10	ENSMUSG00000078429	521	2	0	1	6	5	246	131
ENSMUST00000006915.14	ENSMUSG00000006732	47	0	0	0	0	NA	NA	NA
ENSMUST00000060991.6	ENSMUSG00000006736	87	0	0	0	0	NA	NA	NA
ENSMUST00000006914.11	ENSMUSG00000006731	296	1	0	1	24	24	216	5
ENSMUST00000116229.2	ENSMUSG00000040415	332	4	1	1	40	19	3	160
ENSMUST00000013970.9	ENSMUSG00000025417	44	0	0	0	0	NA	NA	NA
ENSMUST00000099172.5	ENSMUSG00000074657	452	0	0	0	0	NA	NA	NA
ENSMUST00000026479.11	ENSMUSG00000025410	112	0	0	0	0	NA	NA	NA
ENSMUST00000026476.13	ENSMUSG00000025409	270	3	2	1	82	67	2	57
ENSMUST00000166820.8	ENSMUSG00000025404	495	4	0	1	48	19	355	25
ENSMUST00000026470.6	ENSMUSG00000025403	124	0	0	0	0	NA	NA	NA
ENSMUST00000095266.3	ENSMUSG00000040258	127	0	0	0	0	NA	NA	NA
ENSMUST00000092074.12	ENSMUSG00000002147	285	2	0	1	15	8	136	53
ENSMUST00000026469.9	ENSMUSG00000025402	252	0	0	0	0	NA	NA	NA
ENSMUST00000048099.5	ENSMUSG00000040195	32	0	0	0	0	NA	NA	NA
ENSMUST00000054287.9	ENSMUSG00000044617	169	2	0	1	46	24	11	1
ENSMUST00000026461.8	ENSMUSG00000025395	77	1	0	1	17	17	12	11
ENSMUST00000073868.9	ENSMUSG00000061315	111	0	1	1	0	NA	2	NA
ENSMUST00000052798.14	ENSMUSG00000071072	331	0	0	0	0	NA	NA	NA
ENSMUST00000026459.6	ENSMUSG00000025393	54	0	0	0	0	NA	NA	NA
ENSMUST00000217851.2	ENSMUSG00000040054	163	0	0	0	0	NA	NA	NA
ENSMUST00000092033.4	ENSMUSG00000040043	64	0	0	0	0	NA	NA	NA
ENSMUST00000055539.11	ENSMUSG00000039994	178	0	0	0	0	NA	NA	NA
ENSMUST00000085708.3	ENSMUSG00000040033	149	0	0	0	0	NA	NA	NA
ENSMUST00000218315.2	ENSMUSG00000005682	215	2	0	1	21	11	84	75
ENSMUST00000005826.9	ENSMUSG00000005683	184	0	0	0	0	NA	NA	NA
ENSMUST00000220227.2	ENSMUSG00000039914	160	0	0	0	0	NA	NA	NA
ENSMUST00000014642.10	ENSMUSG00000014498	104	0	1	1	0	NA	79	NA
ENSMUST00000171342.3	ENSMUSG00000025373	375	2	1	1	34	21	207	52
ENSMUST00000099131.11	ENSMUSG00000025369	19	0	0	0	0	NA	NA	NA
ENSMUST00000164181.2	ENSMUSG00000090841	64	0	0	0	0	NA	NA	NA
ENSMUST00000026428.4	ENSMUSG00000039824	104	0	1	1	0	NA	60	NA
ENSMUST00000026427.8	ENSMUSG00000025366	47	0	0	0	0	NA	NA	NA
ENSMUST00000040572.10	ENSMUSG00000039810	197	1	0	1	13	13	93	62
ENSMUST00000026425.13	ENSMUSG00000025364	107	0	0	0	0	NA	NA	NA
ENSMUST00000082059.7	ENSMUSG00000018166	151	1	0	1	3	3	84	55
ENSMUST00000054764.9	ENSMUSG00000049858	233	0	0	0	0	NA	NA	NA
ENSMUST00000000727.4	ENSMUSG00000000711	177	0	0	0	0	NA	NA	NA
ENSMUST00000026415.9	ENSMUSG00000025358	176	0	0	0	0	NA	NA	NA
ENSMUST00000026414.9	ENSMUSG00000025357	352	0	0	0	0	NA	NA	NA
ENSMUST00000217745.2	ENSMUSG00000025354	173	2	0	1	9	5	133	22
ENSMUST00000026409.5	ENSMUSG00000025353	133	1	0	1	9	9	86	17
ENSMUST00000026408.7	ENSMUSG00000025352	33	0	0	0	0	NA	NA	NA
ENSMUST00000219317.2	ENSMUSG00000025351	310	3	0	1	61	32	48	82
ENSMUST00000099112.4	ENSMUSG00000025348	171	0	0	0	0	NA	NA	NA
ENSMUST00000110049.8	ENSMUSG00000020454	163	0	0	0	0	NA	NA	NA
ENSMUST00000020741.12	ENSMUSG00000020457	83	0	0	0	0	NA	NA	NA
ENSMUST00000110043.8	ENSMUSG00000020453	621	1	0	1	9	9	414	177
ENSMUST00000045153.11	ENSMUSG00000034614	534	3	0	1	105	68	51	184
ENSMUST00000101638.4	ENSMUSG00000020451	113	0	0	0	0	NA	NA	NA
ENSMUST00000077078.12	ENSMUSG00000020448	200	0	0	0	0	NA	NA	NA
ENSMUST00000020721.15	ENSMUSG00000020439	244	0	0	0	0	NA	NA	NA
ENSMUST00000096441.5	ENSMUSG00000034543	1189	4	1	1	20	9	273	101
ENSMUST00000109996.8	ENSMUSG00000047205	343	3	0	1	64	39	23	29
ENSMUST00000109995.2	ENSMUSG00000048807	1477	11	0	1	411	84	91	242
ENSMUST00000004868.6	ENSMUSG00000004748	163	0	0	0	0	NA	NA	NA
ENSMUST00000003681.8	ENSMUSG00000003585	153	0	0	0	0	NA	NA	NA
ENSMUST00000003677.11	ENSMUSG00000003581	71	0	0	0	0	NA	NA	NA
ENSMUST00000002198.4	ENSMUSG00000002129	138	0	0	0	0	NA	NA	NA
ENSMUST00000180088.2	ENSMUSG00000034412	69	0	0	0	0	NA	NA	NA
ENSMUST00000249885.1	ENSMUSG00000034354	259	2	0	1	10	5	5	78
ENSMUST00000070257.14	ENSMUSG00000020412	93	0	0	0	0	NA	NA	NA
ENSMUST00000058407.6	ENSMUSG00000059534	36	0	0	0	0	NA	NA	NA
ENSMUST00000009220.5	ENSMUSG00000009076	71	0	1	1	0	NA	63	NA
ENSMUST00000109910.9	ENSMUSG00000009073	551	2	0	1	46	33	394	55
ENSMUST00000038570.9	ENSMUSG00000034285	55	0	0	0	0	NA	NA	NA
ENSMUST00000009234.16	ENSMUSG00000009090	254	0	0	0	0	NA	NA	NA
ENSMUST00000056649.13	ENSMUSG00000034201	391	3	0	1	32	13	84	55
ENSMUST00000079949.13	ENSMUSG00000009079	245	1	0	1	16	16	141	53
ENSMUST00000020662.15	ENSMUSG00000020393	33	0	0	0	0	NA	NA	NA
ENSMUST00000109867.8	ENSMUSG00000041961	169	2	1	1	30	27	2	83
ENSMUST00000239150.3	ENSMUSG00000020484	NA	NA	NA	NA	NA	NA	NA	NA
ENSMUST00000020776.5	ENSMUSG00000020482	129	0	0	0	0	NA	NA	NA
ENSMUST00000154330.2	ENSMUSG00000020477	25	0	0	0	0	NA	NA	NA
ENSMUST00000120306.8	ENSMUSG00000049680	606	3	1	1	61	33	153	113
ENSMUST00000020769.14	ENSMUSG00000020476	38	0	0	0	0	NA	NA	NA
ENSMUST00000002818.9	ENSMUSG00000002741	208	0	0	0	0	NA	NA	NA
ENSMUST00000066496.10	ENSMUSG00000053838	281	3	0	1	55	38	2	131
ENSMUST00000004507.11	ENSMUSG00000004393	53	0	0	0	0	NA	NA	NA
ENSMUST00000004508.13	ENSMUSG00000004394	37	0	1	1	0	NA	17	NA
ENSMUST00000003461.15	ENSMUSG00000020456	87	0	0	0	0	NA	NA	NA
ENSMUST00000109787.8	ENSMUSG00000041164	292	1	0	1	9	9	153	109
ENSMUST00000109737.9	ENSMUSG00000041126	104	0	0	0	0	NA	NA	NA
ENSMUST00000179343.3	ENSMUSG00000094483	31	0	0	0	0	NA	NA	NA
ENSMUST00000000388.15	ENSMUSG00000000378	113	1	0	1	1	1	53	54
ENSMUST00000189268.7	ENSMUSG00000000384	231	3	0	1	66	49	39	42
ENSMUST00000020702.11	ENSMUSG00000020427	107	0	0	0	0	NA	NA	NA
ENSMUST00000020677.8	ENSMUSG00000020407	277	1	0	1	12	12	87	151
ENSMUST00000047689.11	ENSMUSG00000035455	195	0	0	0	0	NA	NA	NA
ENSMUST00000093321.12	ENSMUSG00000020176	315	0	1	1	0	NA	292	NA
ENSMUST00000046755.14	ENSMUSG00000020173	235	1	1	1	8	8	151	57
ENSMUST00000020329.13	ENSMUSG00000020122	272	0	0	0	0	NA	NA	NA
ENSMUST00000102880.5	ENSMUSG00000033953	277	0	0	0	0	NA	NA	NA
ENSMUST00000020317.8	ENSMUSG00000020116	61	0	0	0	0	NA	NA	NA
ENSMUST00000076661.7	ENSMUSG00000016984	81	2	0	1	23	22	12	0
ENSMUST00000185131.8	ENSMUSG00000020160	737	2	0	1	19	12	369	172
ENSMUST00000093299.13	ENSMUSG00000045671	556	5	1	1	46	25	70	8
ENSMUST00000000137.8	ENSMUSG00000020152	61	0	0	0	0	NA	NA	NA
ENSMUST00000163483.2	ENSMUSG00000020149	28	0	0	0	0	NA	NA	NA
ENSMUST00000050611.14	ENSMUSG00000044066	153	0	0	0	0	NA	NA	NA
ENSMUST00000109594.8	ENSMUSG00000020142	241	0	0	0	0	NA	NA	NA
ENSMUST00000093292.11	ENSMUSG00000049800	431	2	0	1	57	55	4	259
ENSMUST00000146722.9	ENSMUSG00000049659	NA	NA	NA	NA	NA	NA	NA	NA
ENSMUST00000047028.9	ENSMUSG00000042363	47	0	0	0	0	NA	NA	NA
ENSMUST00000093290.12	ENSMUSG00000020134	457	1	0	1	8	8	394	36
ENSMUST00000006221.14	ENSMUSG00000020128	111	1	1	1	6	6	38	52
ENSMUST00000102875.11	ENSMUSG00000001891	272	0	0	0	0	NA	NA	NA
ENSMUST00000020568.10	ENSMUSG00000020319	160	0	0	0	0	NA	NA	NA
ENSMUST00000045167.11	ENSMUSG00000042302	247	6	0	1	50	16	1	33
ENSMUST00000062844.11	ENSMUSG00000051650	617	1	2	1	10	10	496	88
ENSMUST00000159081.8	ENSMUSG00000051355	127	1	0	1	20	20	62	2
ENSMUST00000173867.8	ENSMUSG00000007739	235	0	0	0	0	NA	NA	NA
ENSMUST00000102870.8	ENSMUSG00000020290	129	0	0	0	0	NA	NA	NA
ENSMUST00000180046.8	ENSMUSG00000056342	79	0	0	0	0	NA	NA	NA
ENSMUST00000020523.4	ENSMUSG00000020283	115	0	0	0	0	NA	NA	NA
ENSMUST00000109525.8	ENSMUSG00000020280	76	0	0	0	0	NA	NA	NA
ENSMUST00000102864.5	ENSMUSG00000020275	281	0	0	0	0	NA	NA	NA
ENSMUST00000020513.10	ENSMUSG00000020273	215	1	0	1	4	4	82	118
ENSMUST00000020759.12	ENSMUSG00000020467	130	0	0	0	0	NA	NA	NA
ENSMUST00000020755.12	ENSMUSG00000020463	416	2	0	1	27	23	104	59
ENSMUST00000020754.10	ENSMUSG00000020462	280	0	0	0	0	NA	NA	NA
ENSMUST00000040182.13	ENSMUSG00000032740	690	4	0	1	79	52	182	88
ENSMUST00000060992.6	ENSMUSG00000020458	286	6	0	1	43	13	19	30
ENSMUST00000006629.14	ENSMUSG00000020315	268	1	0	1	5	5	240	10
ENSMUST00000041231.14	ENSMUSG00000040850	257	0	0	0	0	NA	NA	NA
ENSMUST00000073192.14	ENSMUSG00000020311	77	0	0	0	0	NA	NA	NA
ENSMUST00000020551.13	ENSMUSG00000020305	188	0	0	0	0	NA	NA	NA
ENSMUST00000020546.3	ENSMUSG00000020303	212	1	0	1	11	11	31	145
ENSMUST00000058060.14	ENSMUSG00000044502	184	0	0	0	0	NA	NA	NA
ENSMUST00000109412.9	ENSMUSG00000020300	62	0	0	0	0	NA	NA	NA
ENSMUST00000020524.15	ENSMUSG00000020282	156	0	0	0	0	NA	NA	NA
ENSMUST00000020528.14	ENSMUSG00000020287	30	0	0	0	0	NA	NA	NA
ENSMUST00000038753.6	ENSMUSG00000040711	74	0	0	0	0	NA	NA	NA
ENSMUST00000051053.5	ENSMUSG00000044949	107	0	0	0	0	NA	NA	NA
ENSMUST00000102821.4	ENSMUSG00000020272	99	0	0	0	0	NA	NA	NA
ENSMUST00000075641.10	ENSMUSG00000057113	227	0	0	0	0	NA	NA	NA
ENSMUST00000069837.4	ENSMUSG00000056427	291	2	0	1	48	29	74	127
ENSMUST00000018990.8	ENSMUSG00000018846	436	0	0	0	0	NA	NA	NA
ENSMUST00000018993.7	ENSMUSG00000018849	438	3	1	1	30	16	219	52
ENSMUST00000040167.11	ENSMUSG00000042032	234	1	0	1	2	2	15	210
ENSMUST00000020576.8	ENSMUSG00000020326	311	1	0	1	4	4	42	254
ENSMUST00000020687.15	ENSMUSG00000020415	62	0	0	0	0	NA	NA	NA
ENSMUST00000050574.7	ENSMUSG00000044707	226	1	0	1	8	8	180	19
ENSMUST00000061070.6	ENSMUSG00000044950	95	0	0	0	0	NA	NA	NA
ENSMUST00000102795.4	ENSMUSG00000041231	114	0	1	1	0	NA	103	NA
ENSMUST00000019333.10	ENSMUSG00000019189	343	2	0	1	51	29	31	160
ENSMUST00000101326.10	ENSMUSG00000057098	862	2	0	1	18	17	300	128
ENSMUST00000109261.11	ENSMUSG00000006169	188	0	0	0	0	NA	NA	NA
ENSMUST00000129820.8	ENSMUSG00000044847	23	0	0	0	0	NA	NA	NA
ENSMUST00000011398.13	ENSMUSG00000011254	29	0	1	1	0	NA	22	NA
ENSMUST00000011400.8	ENSMUSG00000011256	122	3	0	1	29	18	4	16
ENSMUST00000165599.9	ENSMUSG00000020340	447	3	1	1	85	73	161	18
ENSMUST00000020665.13	ENSMUSG00000020397	245	1	0	1	2	2	162	74
ENSMUST00000047145.14	ENSMUSG00000040365	698	3	0	1	104	54	37	242
ENSMUST00000046903.6	ENSMUSG00000040350	62	1	0	1	2	2	45	8
ENSMUST00000109198.8	ENSMUSG00000046311	402	5	1	1	73	23	256	40
ENSMUST00000167400.8	ENSMUSG00000020346	820	10	0	1	166	44	134	75
ENSMUST00000145353.8	ENSMUSG00000020362	372	3	1	1	56	43	24	196
ENSMUST00000020629.5	ENSMUSG00000020363	50	0	0	0	0	NA	NA	NA
ENSMUST00000020634.14	ENSMUSG00000020366	271	0	1	1	0	NA	258	NA
ENSMUST00000238748.2	ENSMUSG00000020376	54	0	0	0	0	NA	NA	NA
ENSMUST00000101270.5	ENSMUSG00000036644	43	0	0	0	0	NA	NA	NA
ENSMUST00000020647.10	ENSMUSG00000020381	37	0	0	0	0	NA	NA	NA
ENSMUST00000102774.11	ENSMUSG00000015837	70	0	0	0	0	NA	NA	NA
ENSMUST00000041725.14	ENSMUSG00000036620	308	0	1	1	0	NA	265	NA
ENSMUST00000059458.5	ENSMUSG00000050567	250	2	0	1	15	11	19	87
ENSMUST00000179865.8	ENSMUSG00000020368	184	0	0	0	0	NA	NA	NA
ENSMUST00000077817.8	ENSMUSG00000007850	74	0	0	0	0	NA	NA	NA
ENSMUST00000020643.4	ENSMUSG00000020375	20	0	0	0	0	NA	NA	NA
ENSMUST00000040523.9	ENSMUSG00000036545	80	0	1	1	0	NA	6	NA
ENSMUST00000109119.8	ENSMUSG00000020364	307	5	1	1	57	28	21	97
ENSMUST00000093132.13	ENSMUSG00000020385	156	0	0	0	0	NA	NA	NA
ENSMUST00000074669.10	ENSMUSG00000020358	204	0	0	0	0	NA	NA	NA
ENSMUST00000127405.2	ENSMUSG00000001056	83	2	0	1	24	16	24	1
ENSMUST00000001080.16	ENSMUSG00000001053	195	1	0	1	8	8	162	6
ENSMUST00000109097.9	ENSMUSG00000036391	445	1	0	1	4	4	301	129
ENSMUST00000020653.6	ENSMUSG00000020386	122	0	0	0	0	NA	NA	NA
ENSMUST00000020655.14	ENSMUSG00000020387	343	3	1	1	54	30	25	39
ENSMUST00000020657.13	ENSMUSG00000020390	148	0	0	0	0	NA	NA	NA
ENSMUST00000063303.11	ENSMUSG00000020389	305	2	0	1	5	3	164	22
ENSMUST00000020608.3	ENSMUSG00000020349	368	0	0	0	0	NA	NA	NA
ENSMUST00000037324.12	ENSMUSG00000036309	110	0	0	0	0	NA	NA	NA
ENSMUST00000109071.3	ENSMUSG00000000782	152	0	0	0	0	NA	NA	NA
ENSMUST00000102758.8	ENSMUSG00000020402	296	1	0	1	70	70	48	35
ENSMUST00000020630.8	ENSMUSG00000020361	291	0	0	0	0	NA	NA	NA
ENSMUST00000060945.12	ENSMUSG00000049470	301	3	0	1	19	11	82	21
ENSMUST00000061326.5	ENSMUSG00000044894	138	0	0	0	0	NA	NA	NA
ENSMUST00000109013.9	ENSMUSG00000018387	169	1	0	1	27	27	83	2
ENSMUST00000121334.8	ENSMUSG00000018398	240	0	0	0	0	NA	NA	NA
ENSMUST00000118353.9	ENSMUSG00000018395	NA	NA	NA	NA	NA	NA	NA	NA
ENSMUST00000108920.10	ENSMUSG00000018899	269	0	0	0	0	NA	NA	NA
ENSMUST00000019044.8	ENSMUSG00000018900	121	0	0	0	0	NA	NA	NA
ENSMUST00000020586.7	ENSMUSG00000020334	114	0	0	0	0	NA	NA	NA
ENSMUST00000018755.10	ENSMUSG00000020388	82	0	0	0	0	NA	NA	NA
ENSMUST00000019050.12	ENSMUSG00000018906	224	0	0	0	0	NA	NA	NA
ENSMUST00000046835.14	ENSMUSG00000035992	98	2	0	1	19	12	1	58
ENSMUST00000064104.13	ENSMUSG00000052298	529	3	0	1	93	51	182	110
ENSMUST00000102731.8	ENSMUSG00000020400	279	2	0	1	23	18	16	196
ENSMUST00000102727.3	ENSMUSG00000018340	113	0	0	0	0	NA	NA	NA
ENSMUST00000000608.8	ENSMUSG00000000594	49	0	0	0	0	NA	NA	NA
ENSMUST00000108872.9	ENSMUSG00000020261	144	1	0	1	6	6	32	91
ENSMUST00000213866.2	ENSMUSG00000018593	203	1	1	1	3	3	82	18
ENSMUST00000108857.2	ENSMUSG00000018585	146	0	1	1	0	NA	27	NA
ENSMUST00000018727.4	ENSMUSG00000018583	135	0	0	0	0	NA	NA	NA
ENSMUST00000020831.13	ENSMUSG00000020523	59	1	0	1	2	2	48	2
ENSMUST00000108849.8	ENSMUSG00000020522	206	0	0	0	0	NA	NA	NA
ENSMUST00000066987.14	ENSMUSG00000020520	117	0	0	0	0	NA	NA	NA
ENSMUST00000020826.6	ENSMUSG00000020519	455	0	0	0	0	NA	NA	NA
ENSMUST00000178636.2	ENSMUSG00000037331	129	0	0	0	0	NA	NA	NA
ENSMUST00000108843.8	ENSMUSG00000020515	214	1	0	1	8	8	117	70
ENSMUST00000172035.8	ENSMUSG00000037275	86	0	0	0	0	NA	NA	NA
ENSMUST00000116376.9	ENSMUSG00000013646	506	2	0	1	65	58	172	23
ENSMUST00000093061.7	ENSMUSG00000020455	124	0	0	0	0	NA	NA	NA
ENSMUST00000163300.8	ENSMUSG00000048076	323	0	1	1	0	NA	111	NA
ENSMUST00000010038.10	ENSMUSG00000009894	124	0	0	0	0	NA	NA	NA
ENSMUST00000013262.15	ENSMUSG00000020472	760	2	2	1	32	25	299	383
ENSMUST00000102697.10	ENSMUSG00000032633	495	6	0	1	72	38	158	29
ENSMUST00000019517.10	ENSMUSG00000019373	114	0	0	0	0	NA	NA	NA
ENSMUST00000102695.4	ENSMUSG00000032615	57	0	0	0	0	NA	NA	NA
ENSMUST00000081980.7	ENSMUSG00000061650	61	0	0	0	0	NA	NA	NA
ENSMUST00000062405.8	ENSMUSG00000049892	139	0	0	0	0	NA	NA	NA
ENSMUST00000064190.13	ENSMUSG00000062115	528	1	0	1	19	19	308	160
ENSMUST00000020846.8	ENSMUSG00000020538	61	0	0	0	0	NA	NA	NA
ENSMUST00000102683.11	ENSMUSG00000000538	97	0	0	0	0	NA	NA	NA
ENSMUST00000070681.7	ENSMUSG00000018415	394	1	1	1	3	3	72	310
ENSMUST00000044250.4	ENSMUSG00000042650	445	4	0	1	45	27	181	19
ENSMUST00000052346.10	ENSMUSG00000020536	138	0	0	0	0	NA	NA	NA
ENSMUST00000018743.5	ENSMUSG00000018599	176	1	0	1	2	2	148	19
ENSMUST00000002891.11	ENSMUSG00000002814	264	2	0	1	34	21	30	3
ENSMUST00000056907.7	ENSMUSG00000049323	503	7	1	1	83	22	0	173
ENSMUST00000019076.10	ENSMUSG00000018932	190	1	0	1	14	14	119	26
ENSMUST00000074127.14	ENSMUSG00000010025	179	0	0	0	0	NA	NA	NA
ENSMUST00000010267.10	ENSMUSG00000010122	34	0	0	0	0	NA	NA	NA
ENSMUST00000079080.13	ENSMUSG00000001034	293	0	0	0	0	NA	NA	NA
ENSMUST00000108712.8	ENSMUSG00000001036	384	8	0	1	219	58	114	54
ENSMUST00000004920.4	ENSMUSG00000004798	497	3	1	1	75	28	136	57
ENSMUST00000102650.10	ENSMUSG00000047804	176	1	0	1	25	25	55	43
ENSMUST00000201364.4	ENSMUSG00000042331	23	0	0	0	0	NA	NA	NA
ENSMUST00000018644.3	ENSMUSG00000018500	118	1	0	1	16	16	38	29
ENSMUST00000072916.5	ENSMUSG00000014243	43	0	0	0	0	NA	NA	NA
ENSMUST00000050646.13	ENSMUSG00000042298	29	0	0	0	0	NA	NA	NA
ENSMUST00000101066.10	ENSMUSG00000018501	70	1	0	1	6	6	16	33
ENSMUST00000018653.8	ENSMUSG00000018509	56	0	0	0	0	NA	NA	NA
ENSMUST00000018651.14	ENSMUSG00000018507	320	2	0	1	50	43	48	53
ENSMUST00000014321.5	ENSMUSG00000014177	129	0	0	0	0	NA	NA	NA
ENSMUST00000108702.8	ENSMUSG00000018217	208	0	0	0	0	NA	NA	NA
ENSMUST00000049091.9	ENSMUSG00000042148	88	1	0	1	7	7	18	46
ENSMUST00000093002.12	ENSMUSG00000033389	266	2	0	1	6	5	80	68
ENSMUST00000116363.2	ENSMUSG00000020910	160	0	1	1	0	NA	75	NA
ENSMUST00000108681.9	ENSMUSG00000033066	501	2	0	1	34	29	86	17
ENSMUST00000021284.4	ENSMUSG00000020902	281	1	0	1	7	7	84	173
ENSMUST00000102611.10	ENSMUSG00000020900	299	4	0	1	49	26	66	91
ENSMUST00000018880.14	ENSMUSG00000018736	206	2	0	1	66	63	12	2
ENSMUST00000073471.13	ENSMUSG00000060938	47	0	0	0	0	NA	NA	NA
ENSMUST00000102606.10	ENSMUSG00000018740	532	0	0	0	0	NA	NA	NA
ENSMUST00000116359.3	ENSMUSG00000020898	36	0	0	0	0	NA	NA	NA
ENSMUST00000051888.4	ENSMUSG00000045176	81	0	0	0	0	NA	NA	NA
ENSMUST00000075980.12	ENSMUSG00000020895	141	0	1	1	0	NA	76	NA
ENSMUST00000021273.13	ENSMUSG00000020894	136	0	1	1	0	NA	9	NA
ENSMUST00000021271.14	ENSMUSG00000020893	194	1	1	1	11	11	38	120
ENSMUST00000092973.6	ENSMUSG00000032782	813	8	0	1	140	43	47	49
ENSMUST00000051620.5	ENSMUSG00000044795	40	0	0	0	0	NA	NA	NA
ENSMUST00000094077.5	ENSMUSG00000018476	410	3	0	1	38	18	17	189
ENSMUST00000108658.10	ENSMUSG00000059552	157	0	0	0	0	NA	NA	NA
ENSMUST00000047889.13	ENSMUSG00000041329	457	0	0	0	0	NA	NA	NA
ENSMUST00000018909.4	ENSMUSG00000018765	328	0	0	0	0	NA	NA	NA
ENSMUST00000005336.9	ENSMUSG00000005204	195	1	0	1	5	5	117	60
ENSMUST00000108640.8	ENSMUSG00000018750	310	2	4	1	87	44	1	174
ENSMUST00000056484.10	ENSMUSG00000051790	411	1	0	1	11	11	231	144
ENSMUST00000238978.2	ENSMUSG00000046731	775	1	0	1	13	13	716	17
ENSMUST00000072581.9	ENSMUSG00000023170	254	2	0	1	12	10	18	113
ENSMUST00000164359.8	ENSMUSG00000078812	177	3	0	1	35	20	78	36
ENSMUST00000018710.13	ENSMUSG00000018566	168	0	0	0	0	NA	NA	NA
ENSMUST00000108593.8	ENSMUSG00000018559	328	1	0	1	27	27	100	144
ENSMUST00000018711.15	ENSMUSG00000018567	570	7	1	1	125	48	51	130
ENSMUST00000019362.15	ENSMUSG00000020888	238	0	0	0	0	NA	NA	NA
ENSMUST00000102574.10	ENSMUSG00000018574	84	0	0	0	0	NA	NA	NA
ENSMUST00000108589.10	ENSMUSG00000020886	273	4	0	1	87	37	8	55
ENSMUST00000060010.3	ENSMUSG00000044367	317	1	0	1	4	4	176	126
ENSMUST00000102564.11	ENSMUSG00000060216	78	0	0	0	0	NA	NA	NA
ENSMUST00000018429.12	ENSMUSG00000020828	310	0	0	0	0	NA	NA	NA
ENSMUST00000072237.13	ENSMUSG00000020827	189	1	0	1	16	16	121	17
ENSMUST00000014750.15	ENSMUSG00000014606	196	0	0	0	0	NA	NA	NA
ENSMUST00000037534.8	ENSMUSG00000040746	582	2	0	1	18	17	129	128
ENSMUST00000018437.3	ENSMUSG00000018293	164	0	0	0	0	NA	NA	NA
ENSMUST00000072841.12	ENSMUSG00000060600	68	0	0	0	0	NA	NA	NA
ENSMUST00000036299.14	ENSMUSG00000040712	132	1	0	1	25	25	31	23
ENSMUST00000102554.8	ENSMUSG00000020821	296	1	0	1	25	25	194	24
ENSMUST00000108533.10	ENSMUSG00000020817	33	0	0	0	0	NA	NA	NA
ENSMUST00000108527.8	ENSMUSG00000040620	59	0	0	0	0	NA	NA	NA
ENSMUST00000021164.4	ENSMUSG00000020808	113	0	0	0	0	NA	NA	NA
ENSMUST00000021158.4	ENSMUSG00000020803	77	0	0	0	0	NA	NA	NA
ENSMUST00000045633.6	ENSMUSG00000040463	29	0	0	0	0	NA	NA	NA
ENSMUST00000021148.13	ENSMUSG00000020794	307	0	0	0	0	NA	NA	NA
ENSMUST00000079681.6	ENSMUSG00000057778	94	0	0	0	0	NA	NA	NA
ENSMUST00000207107.2	ENSMUSG00000055670	43	0	0	0	0	NA	NA	NA
ENSMUST00000092937.13	ENSMUSG00000020785	126	0	0	0	0	NA	NA	NA
ENSMUST00000040687.12	ENSMUSG00000040158	221	1	1	1	4	4	76	130
ENSMUST00000006103.9	ENSMUSG00000005949	144	0	0	0	0	NA	NA	NA
ENSMUST00000102521.9	ENSMUSG00000038807	240	1	0	1	19	19	131	49
ENSMUST00000092915.12	ENSMUSG00000020741	80	0	0	0	0	NA	NA	NA
ENSMUST00000021091.15	ENSMUSG00000020745	850	4	0	1	58	24	42	155
ENSMUST00000000291.9	ENSMUSG00000000282	409	0	0	0	0	NA	NA	NA
ENSMUST00000057631.12	ENSMUSG00000038351	179	1	0	1	30	30	5	81
ENSMUST00000045807.14	ENSMUSG00000038335	41	0	0	0	0	NA	NA	NA
ENSMUST00000065211.9	ENSMUSG00000001323	410	3	2	1	36	24	190	95
ENSMUST00000045281.13	ENSMUSG00000038290	93	0	0	0	0	NA	NA	NA
ENSMUST00000071562.3	ENSMUSG00000038268	40	0	0	0	0	NA	NA	NA
ENSMUST00000044949.11	ENSMUSG00000078789	60	0	0	0	0	NA	NA	NA
ENSMUST00000092907.12	ENSMUSG00000000751	66	0	0	0	0	NA	NA	NA
ENSMUST00000044530.3	ENSMUSG00000018809	331	2	0	1	32	20	55	115
ENSMUST00000000769.14	ENSMUSG00000000753	213	4	0	1	52	14	5	103
ENSMUST00000042561.14	ENSMUSG00000038178	85	0	0	0	0	NA	NA	NA
ENSMUST00000143219.8	ENSMUSG00000017781	236	0	0	0	0	NA	NA	NA
ENSMUST00000006286.9	ENSMUSG00000006127	112	0	0	0	0	NA	NA	NA
ENSMUST00000108431.3	ENSMUSG00000017774	311	0	0	0	0	NA	NA	NA
ENSMUST00000017920.14	ENSMUSG00000017776	165	0	0	0	0	NA	NA	NA
ENSMUST00000067664.10	ENSMUSG00000020849	159	0	0	0	0	NA	NA	NA
ENSMUST00000102500.5	ENSMUSG00000049396	177	0	0	0	0	NA	NA	NA
ENSMUST00000040577.5	ENSMUSG00000038046	58	0	0	0	0	NA	NA	NA
ENSMUST00000021204.4	ENSMUSG00000020844	80	0	0	0	0	NA	NA	NA
ENSMUST00000094012.11	ENSMUSG00000017631	250	1	1	1	19	19	88	102
ENSMUST00000010536.9	ENSMUSG00000010392	29	0	0	0	0	NA	NA	NA
ENSMUST00000021201.6	ENSMUSG00000020841	52	0	0	0	0	NA	NA	NA
ENSMUST00000102494.8	ENSMUSG00000037958	37	0	0	0	0	NA	NA	NA
ENSMUST00000037912.12	ENSMUSG00000037926	166	1	0	1	10	10	133	0
ENSMUST00000037593.14	ENSMUSG00000037907	114	0	1	1	0	NA	100	NA
ENSMUST00000037285.10	ENSMUSG00000011877	21	0	0	0	0	NA	NA	NA
ENSMUST00000094004.5	ENSMUSG00000000686	78	0	0	0	0	NA	NA	NA
ENSMUST00000100802.11	ENSMUSG00000037857	73	0	0	0	0	NA	NA	NA
ENSMUST00000167856.8	ENSMUSG00000000631	58	1	0	1	3	3	44	2
ENSMUST00000049167.14	ENSMUSG00000037791	510	1	1	1	18	18	159	294
ENSMUST00000072289.12	ENSMUSG00000061981	133	0	0	0	0	NA	NA	NA
ENSMUST00000073705.12	ENSMUSG00000037750	172	3	1	1	21	17	106	12
ENSMUST00000017530.4	ENSMUSG00000017386	149	0	0	0	0	NA	NA	NA
ENSMUST00000017549.13	ENSMUSG00000017405	69	1	1	1	18	18	11	1
ENSMUST00000127587.8	ENSMUSG00000019437	178	0	0	0	0	NA	NA	NA
ENSMUST00000002128.14	ENSMUSG00000002059	241	0	1	1	0	NA	38	NA
ENSMUST00000002121.5	ENSMUSG00000002052	470	3	0	1	26	12	48	194
ENSMUST00000002133.9	ENSMUSG00000002064	274	0	1	1	0	NA	250	NA
ENSMUST00000045026.4	ENSMUSG00000002055	131	0	0	0	0	NA	NA	NA
ENSMUST00000017534.15	ENSMUSG00000017390	267	0	0	0	0	NA	NA	NA
ENSMUST00000048073.9	ENSMUSG00000041958	60	0	1	1	0	NA	16	NA
ENSMUST00000002127.14	ENSMUSG00000002058	85	0	0	0	0	NA	NA	NA
ENSMUST00000061174.7	ENSMUSG00000050132	296	2	1	1	18	12	87	170
ENSMUST00000052566.8	ENSMUSG00000051232	65	0	0	0	0	NA	NA	NA
ENSMUST00000001127.11	ENSMUSG00000001100	119	0	0	0	0	NA	NA	NA
ENSMUST00000017759.9	ENSMUSG00000017615	314	3	0	1	27	15	16	68
ENSMUST00000128788.8	ENSMUSG00000001105	447	7	1	1	86	32	77	23
ENSMUST00000103242.5	ENSMUSG00000037278	124	0	0	0	0	NA	NA	NA
ENSMUST00000142739.8	ENSMUSG00000017376	1107	10	0	1	218	117	501	36
ENSMUST00000018478.11	ENSMUSG00000018334	128	0	1	1	0	NA	118	NA
ENSMUST00000017821.12	ENSMUSG00000017677	279	0	0	0	0	NA	NA	NA
ENSMUST00000017783.13	ENSMUSG00000017639	64	1	0	1	10	10	16	15
ENSMUST00000017692.15	ENSMUSG00000017548	214	0	0	0	0	NA	NA	NA
ENSMUST00000061283.15	ENSMUSG00000017561	79	0	0	0	0	NA	NA	NA
ENSMUST00000017694.7	ENSMUSG00000017550	371	1	0	1	10	10	302	36
ENSMUST00000050207.10	ENSMUSG00000046909	56	0	0	0	0	NA	NA	NA
ENSMUST00000017839.3	ENSMUSG00000020707	66	0	0	0	0	NA	NA	NA
ENSMUST00000077451.14	ENSMUSG00000017686	229	0	0	0	0	NA	NA	NA
ENSMUST00000053413.12	ENSMUSG00000048895	486	0	0	0	0	NA	NA	NA
ENSMUST00000041065.14	ENSMUSG00000035441	233	0	0	0	0	NA	NA	NA
ENSMUST00000040865.9	ENSMUSG00000035413	338	2	0	1	30	29	194	29
ENSMUST00000000193.6	ENSMUSG00000035385	91	0	0	0	0	NA	NA	NA
ENSMUST00000056677.8	ENSMUSG00000046010	27	0	0	0	0	NA	NA	NA
ENSMUST00000173347.8	ENSMUSG00000020697	84	0	0	0	0	NA	NA	NA
ENSMUST00000074515.11	ENSMUSG00000020696	322	3	2	1	40	16	21	155
ENSMUST00000018985.15	ENSMUSG00000018841	195	1	0	1	22	22	121	5
ENSMUST00000067443.10	ENSMUSG00000054404	188	0	0	0	0	NA	NA	NA
ENSMUST00000018877.9	ENSMUSG00000018733	250	2	1	1	70	66	7	42
ENSMUST00000018875.13	ENSMUSG00000035152	378	0	1	1	0	NA	166	NA
ENSMUST00000021018.11	ENSMUSG00000020680	108	0	0	0	0	NA	NA	NA
ENSMUST00000049257.8	ENSMUSG00000020677	116	0	0	0	0	NA	NA	NA
ENSMUST00000049714.15	ENSMUSG00000034940	48	0	0	0	0	NA	NA	NA
ENSMUST00000100705.11	ENSMUSG00000018648	274	2	0	1	7	4	245	14
ENSMUST00000018795.13	ENSMUSG00000018651	147	0	0	0	0	NA	NA	NA
ENSMUST00000103201.8	ENSMUSG00000020532	507	7	0	1	52	19	20	221
ENSMUST00000047560.8	ENSMUSG00000034449	67	0	0	0	0	NA	NA	NA
ENSMUST00000018547.9	ENSMUSG00000020530	112	0	0	0	0	NA	NA	NA
ENSMUST00000067058.3	ENSMUSG00000045140	488	0	0	0	0	NA	NA	NA
ENSMUST00000093969.11	ENSMUSG00000020527	494	3	0	1	23	11	372	32
ENSMUST00000108075.9	ENSMUSG00000000804	270	1	1	1	18	18	93	120
ENSMUST00000018625.10	ENSMUSG00000018481	321	2	0	1	4	3	16	250
ENSMUST00000020835.16	ENSMUSG00000020525	229	0	0	0	0	NA	NA	NA
ENSMUST00000044423.4	ENSMUSG00000034329	115	0	0	0	0	NA	NA	NA
ENSMUST00000018212.13	ENSMUSG00000018068	358	2	0	1	17	10	23	302
ENSMUST00000043624.9	ENSMUSG00000034297	77	1	1	1	13	13	29	6
ENSMUST00000020827.7	ENSMUSG00000020521	194	0	1	1	0	NA	136	NA
ENSMUST00000154617.8	ENSMUSG00000020516	99	0	1	1	0	NA	58	NA
ENSMUST00000018315.10	ENSMUSG00000018171	123	0	1	1	0	NA	118	NA
ENSMUST00000108022.8	ENSMUSG00000072582	139	1	0	1	7	7	10	105
ENSMUST00000060766.16	ENSMUSG00000047126	212	0	0	0	0	NA	NA	NA
ENSMUST00000018569.14	ENSMUSG00000018425	197	0	0	0	0	NA	NA	NA
ENSMUST00000018571.5	ENSMUSG00000018427	313	0	0	0	0	NA	NA	NA
ENSMUST00000020804.8	ENSMUSG00000061666	85	0	0	0	0	NA	NA	NA
ENSMUST00000020801.14	ENSMUSG00000020495	21	0	0	0	0	NA	NA	NA
ENSMUST00000051395.9	ENSMUSG00000020493	73	1	0	1	18	18	12	4
ENSMUST00000020794.6	ENSMUSG00000020492	38	0	1	1	0	NA	22	NA
ENSMUST00000041282.13	ENSMUSG00000018548	397	3	0	1	61	25	223	91
ENSMUST00000055438.5	ENSMUSG00000046442	120	0	1	1	0	NA	110	NA
ENSMUST00000103179.10	ENSMUSG00000018401	131	0	0	0	0	NA	NA	NA
ENSMUST00000093955.12	ENSMUSG00000020485	48	0	0	0	0	NA	NA	NA
ENSMUST00000178105.3	ENSMUSG00000020483	9	0	0	0	0	NA	NA	NA
ENSMUST00000139129.9	ENSMUSG00000018379	466	1	0	1	1	1	102	358
ENSMUST00000018521.11	ENSMUSG00000018377	122	1	0	1	22	22	0	53
ENSMUST00000018522.13	ENSMUSG00000018378	466	3	1	1	80	38	235	103
ENSMUST00000107903.8	ENSMUSG00000018428	184	3	0	1	35	22	12	25
ENSMUST00000000287.9	ENSMUSG00000000278	96	0	2	1	0	NA	47	NA
ENSMUST00000107896.10	ENSMUSG00000000275	113	0	0	0	0	NA	NA	NA
ENSMUST00000107894.8	ENSMUSG00000000276	1099	10	0	1	404	119	38	481
ENSMUST00000020864.9	ENSMUSG00000020553	52	0	0	0	0	NA	NA	NA
ENSMUST00000004050.7	ENSMUSG00000003948	234	0	1	1	0	NA	161	NA
ENSMUST00000004051.8	ENSMUSG00000003949	531	4	0	1	53	35	10	137
ENSMUST00000107853.8	ENSMUSG00000059474	257	1	0	1	11	11	118	103
ENSMUST00000135884.8	ENSMUSG00000037601	305	2	0	1	27	20	39	119
ENSMUST00000041956.14	ENSMUSG00000020859	168	0	0	0	0	NA	NA	NA
ENSMUST00000041589.6	ENSMUSG00000037573	432	1	0	1	9	9	330	72
ENSMUST00000107821.9	ENSMUSG00000020863	200	1	0	1	50	50	25	22
ENSMUST00000107818.9	ENSMUSG00000020864	253	1	0	1	12	12	170	44
ENSMUST00000178136.8	ENSMUSG00000020865	61	0	0	0	0	NA	NA	NA
ENSMUST00000103164.4	ENSMUSG00000076435	101	0	0	0	0	NA	NA	NA
ENSMUST00000021239.7	ENSMUSG00000020869	238	0	0	0	0	NA	NA	NA
ENSMUST00000039949.5	ENSMUSG00000039055	298	1	1	1	30	30	54	151
ENSMUST00000001547.8	ENSMUSG00000001506	145	2	0	1	8	4	85	2
ENSMUST00000038696.12	ENSMUSG00000038976	513	2	1	1	23	22	68	356
ENSMUST00000038431.8	ENSMUSG00000038967	98	0	0	0	0	NA	NA	NA
ENSMUST00000001548.14	ENSMUSG00000001507	378	0	0	0	0	NA	NA	NA
ENSMUST00000107734.10	ENSMUSG00000038909	197	0	0	0	0	NA	NA	NA
ENSMUST00000037502.7	ENSMUSG00000038893	48	0	0	0	0	NA	NA	NA
ENSMUST00000107724.9	ENSMUSG00000057522	191	2	0	1	23	18	59	61
ENSMUST00000125172.8	ENSMUSG00000038845	113	1	0	1	5	5	62	33
ENSMUST00000107717.8	ENSMUSG00000075595	312	2	0	1	34	20	66	83
ENSMUST00000013559.3	ENSMUSG00000013415	307	0	0	0	0	NA	NA	NA
ENSMUST00000006217.10	ENSMUSG00000006058	129	0	1	1	0	NA	25	NA
ENSMUST00000100528.5	ENSMUSG00000014349	114	0	0	0	0	NA	NA	NA
ENSMUST00000021246.9	ENSMUSG00000020876	244	3	1	1	48	27	25	71
ENSMUST00000167149.8	ENSMUSG00000038615	608	4	0	1	91	58	64	19
ENSMUST00000103152.11	ENSMUSG00000018669	107	0	0	0	0	NA	NA	NA
ENSMUST00000018803.12	ENSMUSG00000018659	118	0	0	0	0	NA	NA	NA
ENSMUST00000107624.8	ENSMUSG00000018678	84	0	1	1	0	NA	76	NA
ENSMUST00000090020.13	ENSMUSG00000038534	403	2	1	1	32	22	15	56
ENSMUST00000066078.12	ENSMUSG00000038517	126	1	0	1	25	25	38	10
ENSMUST00000001479.5	ENSMUSG00000001440	296	1	0	1	4	4	158	123
ENSMUST00000001480.14	ENSMUSG00000001441	180	0	0	0	0	NA	NA	NA
ENSMUST00000045540.4	ENSMUSG00000038485	91	0	1	1	0	NA	23	NA
ENSMUST00000121799.8	ENSMUSG00000049807	72	0	0	0	0	NA	NA	NA
ENSMUST00000044730.12	ENSMUSG00000038437	158	0	1	1	0	NA	150	NA
ENSMUST00000179765.8	ENSMUSG00000018537	292	1	0	1	8	8	84	181
ENSMUST00000018691.9	ENSMUSG00000018547	100	0	0	0	0	NA	NA	NA
ENSMUST00000018685.9	ENSMUSG00000018541	114	0	0	0	0	NA	NA	NA
ENSMUST00000043843.12	ENSMUSG00000038366	229	0	0	0	0	NA	NA	NA
ENSMUST00000017552.13	ENSMUSG00000020882	209	1	0	1	2	2	152	48
ENSMUST00000017548.7	ENSMUSG00000017404	62	0	1	1	0	NA	7	NA
ENSMUST00000103143.10	ENSMUSG00000020883	255	0	0	0	0	NA	NA	NA
ENSMUST00000107545.9	ENSMUSG00000018160	210	1	0	1	17	17	27	129
ENSMUST00000107538.2	ENSMUSG00000003119	33	0	0	0	0	NA	NA	NA
ENSMUST00000018311.5	ENSMUSG00000018167	192	1	0	1	6	6	132	39
ENSMUST00000019456.5	ENSMUSG00000019312	421	1	0	1	1	1	1	414
ENSMUST00000052919.8	ENSMUSG00000038150	266	0	0	0	0	NA	NA	NA
ENSMUST00000017365.15	ENSMUSG00000017221	176	0	0	0	0	NA	NA	NA
ENSMUST00000037915.9	ENSMUSG00000052915	315	3	0	1	110	56	11	108
ENSMUST00000037480.9	ENSMUSG00000038013	333	1	1	1	2	2	269	51
ENSMUST00000092706.13	ENSMUSG00000017499	194	0	0	0	0	NA	NA	NA
ENSMUST00000107474.8	ENSMUSG00000037992	466	2	0	1	28	20	104	59
ENSMUST00000017637.13	ENSMUSG00000017493	253	1	0	1	17	17	46	153
ENSMUST00000103133.4	ENSMUSG00000037935	661	1	0	1	33	33	146	413
ENSMUST00000007317.8	ENSMUSG00000020911	261	1	0	1	15	15	73	140
ENSMUST00000049385.14	ENSMUSG00000035530	245	1	0	1	6	6	21	203
ENSMUST00000001592.15	ENSMUSG00000001552	122	0	0	0	0	NA	NA	NA
ENSMUST00000066489.13	ENSMUSG00000006931	180	0	0	0	0	NA	NA	NA
ENSMUST00000001595.10	ENSMUSG00000001555	87	0	0	0	0	NA	NA	NA
ENSMUST00000107389.8	ENSMUSG00000020917	229	0	1	1	0	NA	68	NA
ENSMUST00000103120.5	ENSMUSG00000006782	162	1	0	1	27	27	40	38
ENSMUST00000014339.15	ENSMUSG00000014195	564	3	2	1	95	74	62	277
ENSMUST00000107376.8	ENSMUSG00000017837	585	4	0	1	119	48	22	179
ENSMUST00000103118.4	ENSMUSG00000020918	61	1	0	1	3	3	11	38
ENSMUST00000107364.8	ENSMUSG00000019173	226	0	0	0	0	NA	NA	NA
ENSMUST00000107358.9	ENSMUSG00000020919	487	8	0	1	74	22	94	10
ENSMUST00000004145.14	ENSMUSG00000004043	333	5	0	1	175	108	0	6
ENSMUST00000127638.8	ENSMUSG00000004040	308	2	0	1	82	64	4	109
ENSMUST00000060792.6	ENSMUSG00000004044	421	1	0	1	9	9	210	181
ENSMUST00000044721.13	ENSMUSG00000019302	177	0	0	0	0	NA	NA	NA
ENSMUST00000001802.10	ENSMUSG00000001751	113	1	0	1	15	15	38	27
ENSMUST00000001806.10	ENSMUSG00000001755	137	1	0	1	14	14	30	62
ENSMUST00000107302.8	ENSMUSG00000017801	49	0	0	0	0	NA	NA	NA
ENSMUST00000017946.6	ENSMUSG00000017802	114	0	1	1	0	NA	91	NA
ENSMUST00000043680.9	ENSMUSG00000035198	256	1	2	1	5	5	32	206
ENSMUST00000107285.8	ENSMUSG00000006920	117	1	0	1	14	14	48	24
ENSMUST00000042477.13	ENSMUSG00000078656	48	0	0	0	0	NA	NA	NA
ENSMUST00000017332.4	ENSMUSG00000017188	187	0	0	0	0	NA	NA	NA
ENSMUST00000130916.8	ENSMUSG00000035086	157	1	0	1	19	19	61	36
ENSMUST00000019470.14	ENSMUSG00000078652	234	0	0	0	0	NA	NA	NA
ENSMUST00000010502.13	ENSMUSG00000010358	195	1	0	1	23	23	21	102
ENSMUST00000040430.8	ENSMUSG00000034993	97	0	0	0	0	NA	NA	NA
ENSMUST00000017290.11	ENSMUSG00000017146	130	0	0	0	0	NA	NA	NA
ENSMUST00000107212.8	ENSMUSG00000017119	83	0	0	0	0	NA	NA	NA
ENSMUST00000039388.3	ENSMUSG00000034936	199	0	0	0	0	NA	NA	NA
ENSMUST00000039152.14	ENSMUSG00000034931	91	0	0	0	0	NA	NA	NA
ENSMUST00000017868.7	ENSMUSG00000017724	315	2	1	1	90	56	14	130
ENSMUST00000003612.13	ENSMUSG00000003518	63	0	0	0	0	NA	NA	NA
ENSMUST00000100400.9	ENSMUSG00000052373	338	3	0	1	31	18	40	60
ENSMUST00000100398.5	ENSMUSG00000017314	74	0	0	0	0	NA	NA	NA
ENSMUST00000021296.7	ENSMUSG00000020921	60	0	0	0	0	NA	NA	NA
ENSMUST00000021297.6	ENSMUSG00000020922	90	0	0	0	0	NA	NA	NA
ENSMUST00000070334.10	ENSMUSG00000034793	88	0	0	0	0	NA	NA	NA
ENSMUST00000107152.9	ENSMUSG00000008855	362	5	0	1	123	53	22	68
ENSMUST00000036376.13	ENSMUSG00000034757	178	0	1	1	0	NA	15	NA
ENSMUST00000107132.3	ENSMUSG00000059995	287	2	1	1	21	17	42	96
ENSMUST00000174302.8	ENSMUSG00000020923	316	0	0	0	0	NA	NA	NA
ENSMUST00000018821.9	ENSMUSG00000018677	170	1	0	1	19	19	101	9
ENSMUST00000049057.5	ENSMUSG00000034685	167	1	0	1	3	3	136	19
ENSMUST00000143842.2	ENSMUSG00000034621	75	0	0	0	0	NA	NA	NA
ENSMUST00000057893.7	ENSMUSG00000050288	336	0	0	0	0	NA	NA	NA
ENSMUST00000092569.13	ENSMUSG00000020925	74	0	0	0	0	NA	NA	NA
ENSMUST00000107075.9	ENSMUSG00000034520	717	11	0	1	265	68	53	94
ENSMUST00000021311.10	ENSMUSG00000051378	150	0	0	0	0	NA	NA	NA
ENSMUST00000021313.9	ENSMUSG00000020935	214	0	0	0	0	NA	NA	NA
ENSMUST00000021314.8	ENSMUSG00000020936	226	2	0	1	20	19	55	32
ENSMUST00000107040.10	ENSMUSG00000056938	559	0	0	0	0	NA	NA	NA
ENSMUST00000053063.7	ENSMUSG00000048878	691	1	0	1	7	7	150	517
ENSMUST00000021324.3	ENSMUSG00000020941	154	0	0	0	0	NA	NA	NA
ENSMUST00000041272.10	ENSMUSG00000034247	136	1	0	1	1	1	100	30
ENSMUST00000021329.14	ENSMUSG00000020946	240	0	0	0	0	NA	NA	NA
ENSMUST00000103075.11	ENSMUSG00000034187	75	0	0	0	0	NA	NA	NA
ENSMUST00000100347.11	ENSMUSG00000018411	37	0	0	0	0	NA	NA	NA
ENSMUST00000106972.8	ENSMUSG00000018412	650	0	0	0	0	NA	NA	NA
ENSMUST00000106962.9	ENSMUSG00000020687	3	0	0	0	0	NA	NA	NA
ENSMUST00000021028.5	ENSMUSG00000020689	89	0	0	0	0	NA	NA	NA
ENSMUST00000106941.9	ENSMUSG00000020694	527	0	0	0	0	NA	NA	NA
ENSMUST00000100335.10	ENSMUSG00000020695	141	0	1	1	0	NA	36	NA
ENSMUST00000019734.11	ENSMUSG00000019590	315	0	1	1	0	NA	209	NA
ENSMUST00000058438.9	ENSMUSG00000049354	252	0	0	0	0	NA	NA	NA
ENSMUST00000002048.8	ENSMUSG00000001983	187	0	0	0	0	NA	NA	NA
ENSMUST00000002044.10	ENSMUSG00000020700	317	3	0	1	56	48	104	45
ENSMUST00000045923.10	ENSMUSG00000040699	145	0	0	0	0	NA	NA	NA
ENSMUST00000007444.14	ENSMUSG00000069631	115	0	0	0	0	NA	NA	NA
ENSMUST00000002043.10	ENSMUSG00000078622	213	0	0	0	0	NA	NA	NA
ENSMUST00000021046.6	ENSMUSG00000020705	248	1	0	1	15	15	4	196
ENSMUST00000001059.9	ENSMUSG00000020715	120	0	0	0	0	NA	NA	NA
ENSMUST00000042780.14	ENSMUSG00000040548	98	1	0	1	9	9	50	18
ENSMUST00000021062.12	ENSMUSG00000020719	216	0	0	0	0	NA	NA	NA
ENSMUST00000018516.11	ENSMUSG00000018372	84	0	0	0	0	NA	NA	NA
ENSMUST00000092517.9	ENSMUSG00000018363	238	1	0	1	29	29	33	115
ENSMUST00000018506.13	ENSMUSG00000018362	206	0	0	0	0	NA	NA	NA
ENSMUST00000103064.10	ENSMUSG00000040430	761	3	0	1	17	11	274	120
ENSMUST00000021063.13	ENSMUSG00000020720	93	1	0	1	22	22	15	9
ENSMUST00000059595.11	ENSMUSG00000050965	261	0	0	0	0	NA	NA	NA
ENSMUST00000020930.14	ENSMUSG00000020611	143	0	0	0	0	NA	NA	NA
ENSMUST00000070872.13	ENSMUSG00000041920	364	2	0	1	79	73	0	78
ENSMUST00000020928.13	ENSMUSG00000020604	863	12	0	1	226	72	66	160
ENSMUST00000106677.8	ENSMUSG00000020612	313	2	0	1	37	19	52	201
ENSMUST00000043961.12	ENSMUSG00000018800	212	0	0	0	0	NA	NA	NA
ENSMUST00000000579.3	ENSMUSG00000000567	361	0	0	0	0	NA	NA	NA
ENSMUST00000042657.16	ENSMUSG00000041654	104	0	1	1	0	NA	58	NA
ENSMUST00000120194.2	ENSMUSG00000041629	70	0	1	1	0	NA	2	NA
ENSMUST00000106616.2	ENSMUSG00000041598	691	3	0	1	17	11	51	258
ENSMUST00000053361.12	ENSMUSG00000051043	77	0	0	0	0	NA	NA	NA
ENSMUST00000021077.4	ENSMUSG00000020733	185	0	0	0	0	NA	NA	NA
ENSMUST00000061450.7	ENSMUSG00000045980	180	0	0	0	0	NA	NA	NA
ENSMUST00000106542.9	ENSMUSG00000034586	147	0	0	0	0	NA	NA	NA
ENSMUST00000053288.6	ENSMUSG00000050910	407	2	0	1	66	35	2	37
ENSMUST00000103035.10	ENSMUSG00000016940	40	0	0	0	0	NA	NA	NA
ENSMUST00000021083.7	ENSMUSG00000020737	112	0	0	0	0	NA	NA	NA
ENSMUST00000153892.2	ENSMUSG00000020738	158	0	0	0	0	NA	NA	NA
ENSMUST00000058109.9	ENSMUSG00000046756	236	2	0	1	14	11	20	107
ENSMUST00000106507.9	ENSMUSG00000020743	519	1	0	1	1	1	239	274
ENSMUST00000106497.8	ENSMUSG00000059923	305	0	0	0	0	NA	NA	NA
ENSMUST00000093912.11	ENSMUSG00000020747	227	2	2	1	13	11	28	97
ENSMUST00000041684.11	ENSMUSG00000034471	519	2	0	1	37	34	160	69
ENSMUST00000021134.10	ENSMUSG00000020781	40	0	0	0	0	NA	NA	NA
ENSMUST00000103032.11	ENSMUSG00000020782	160	0	0	0	0	NA	NA	NA
ENSMUST00000021097.10	ENSMUSG00000020752	559	6	0	1	100	41	190	114
ENSMUST00000140991.2	ENSMUSG00000020755	394	4	2	1	152	46	74	30
ENSMUST00000106460.9	ENSMUSG00000020758	186	1	0	1	4	4	13	158
ENSMUST00000021116.12	ENSMUSG00000020770	66	0	0	0	0	NA	NA	NA
ENSMUST00000074628.13	ENSMUSG00000034341	70	0	0	0	0	NA	NA	NA
ENSMUST00000021120.6	ENSMUSG00000020773	26	0	0	0	0	NA	NA	NA
ENSMUST00000072948.11	ENSMUSG00000020777	97	0	0	0	0	NA	NA	NA
ENSMUST00000100202.10	ENSMUSG00000052949	220	1	0	1	38	38	59	44
ENSMUST00000057676.7	ENSMUSG00000050628	215	0	0	0	0	NA	NA	NA
ENSMUST00000103029.10	ENSMUSG00000020806	255	1	1	1	2	2	127	119
ENSMUST00000047616.10	ENSMUSG00000056962	256	2	0	1	64	34	27	124
ENSMUST00000106370.10	ENSMUSG00000090266	329	0	3	1	0	NA	131	NA
ENSMUST00000092404.13	ENSMUSG00000034120	165	0	0	0	0	NA	NA	NA
ENSMUST00000021177.15	ENSMUSG00000020823	210	1	0	1	15	15	126	36
ENSMUST00000100193.8	ENSMUSG00000059248	166	0	0	0	0	NA	NA	NA
ENSMUST00000026658.13	ENSMUSG00000025571	435	0	1	1	0	NA	329	NA
ENSMUST00000026659.10	ENSMUSG00000025572	177	3	0	1	32	16	24	22
ENSMUST00000026649.14	ENSMUSG00000048277	37	0	0	0	0	NA	NA	NA
ENSMUST00000081387.11	ENSMUSG00000017716	100	1	0	1	15	15	20	32
ENSMUST00000054002.4	ENSMUSG00000053113	400	1	0	1	2	2	321	70
ENSMUST00000017276.14	ENSMUSG00000017132	100	0	0	0	0	NA	NA	NA
ENSMUST00000106296.9	ENSMUSG00000033909	441	2	1	1	115	59	92	169
ENSMUST00000017610.11	ENSMUSG00000017466	416	0	0	0	0	NA	NA	NA
ENSMUST00000106288.8	ENSMUSG00000025575	226	0	0	0	0	NA	NA	NA
ENSMUST00000017590.9	ENSMUSG00000017446	74	0	0	0	0	NA	NA	NA
ENSMUST00000135383.9	ENSMUSG00000033857	157	0	0	0	0	NA	NA	NA
ENSMUST00000026662.8	ENSMUSG00000025577	147	0	0	0	0	NA	NA	NA
ENSMUST00000026663.8	ENSMUSG00000025578	119	0	1	1	0	NA	48	NA
ENSMUST00000026665.8	ENSMUSG00000039989	204	0	0	0	0	NA	NA	NA
ENSMUST00000036113.4	ENSMUSG00000039976	162	0	1	1	0	NA	142	NA
ENSMUST00000005173.11	ENSMUSG00000005043	52	0	0	0	0	NA	NA	NA
ENSMUST00000026670.5	ENSMUSG00000025582	164	0	0	0	0	NA	NA	NA
ENSMUST00000026671.13	ENSMUSG00000025583	661	1	0	1	19	19	97	504
ENSMUST00000026434.13	ENSMUSG00000025371	65	0	0	0	0	NA	NA	NA
ENSMUST00000106233.2	ENSMUSG00000025372	432	0	0	0	0	NA	NA	NA
ENSMUST00000122148.8	ENSMUSG00000039741	381	2	0	1	96	73	14	145
ENSMUST00000071555.13	ENSMUSG00000062825	124	0	0	0	0	NA	NA	NA
ENSMUST00000026448.10	ENSMUSG00000025384	58	0	0	0	0	NA	NA	NA
ENSMUST00000044271.15	ENSMUSG00000039703	195	0	0	0	0	NA	NA	NA
ENSMUST00000106203.9	ENSMUSG00000025793	92	0	0	0	0	NA	NA	NA
ENSMUST00000026899.4	ENSMUSG00000025792	147	0	0	0	0	NA	NA	NA
ENSMUST00000026122.11	ENSMUSG00000025130	446	0	1	1	0	NA	289	NA
ENSMUST00000106197.10	ENSMUSG00000025132	125	0	0	0	0	NA	NA	NA
ENSMUST00000080202.12	ENSMUSG00000025138	42	0	1	1	0	NA	1	NA
ENSMUST00000058162.14	ENSMUSG00000051510	267	3	0	1	48	43	0	135
ENSMUST00000116305.8	ENSMUSG00000025156	5	0	0	0	0	NA	NA	NA
ENSMUST00000167023.8	ENSMUSG00000025155	263	0	0	0	0	NA	NA	NA
ENSMUST00000055655.9	ENSMUSG00000025153	527	4	0	1	100	80	156	114
ENSMUST00000070653.13	ENSMUSG00000025161	216	0	0	0	0	NA	NA	NA
ENSMUST00000018274.10	ENSMUSG00000025162	320	2	0	1	14	8	14	108
ENSMUST00000026169.7	ENSMUSG00000025169	149	0	0	0	0	NA	NA	NA
ENSMUST00000103015.4	ENSMUSG00000000056	72	0	0	0	0	NA	NA	NA
ENSMUST00000106113.2	ENSMUSG00000039275	141	0	0	0	0	NA	NA	NA
ENSMUST00000026173.13	ENSMUSG00000025173	152	2	0	1	7	4	4	26
ENSMUST00000106089.8	ENSMUSG00000039208	181	3	1	1	15	7	35	100
ENSMUST00000021001.10	ENSMUSG00000020671	551	1	0	1	1	1	94	451
ENSMUST00000220210.2	ENSMUSG00000020668	574	4	0	1	130	43	96	62
ENSMUST00000174663.8	ENSMUSG00000071454	179	0	0	0	0	NA	NA	NA
ENSMUST00000020991.15	ENSMUSG00000020661	262	1	0	1	4	4	153	94
ENSMUST00000111178.2	ENSMUSG00000020658	205	2	0	1	43	35	18	52
ENSMUST00000127756.8	ENSMUSG00000020654	497	3	0	1	47	25	56	137
ENSMUST00000140975.8	ENSMUSG00000020652	624	7	0	1	193	71	35	15
ENSMUST00000085814.5	ENSMUSG00000020647	712	7	0	1	64	19	43	11
ENSMUST00000220311.2	ENSMUSG00000020640	257	1	1	1	5	5	23	216
ENSMUST00000020964.7	ENSMUSG00000020635	156	0	0	0	0	NA	NA	NA
ENSMUST00000020962.12	ENSMUSG00000020634	369	0	0	0	0	NA	NA	NA
ENSMUST00000045664.7	ENSMUSG00000052812	305	1	0	1	8	8	33	245
ENSMUST00000037383.13	ENSMUSG00000037669	88	0	0	0	0	NA	NA	NA
ENSMUST00000020927.10	ENSMUSG00000020605	34	0	0	0	0	NA	NA	NA
ENSMUST00000067384.6	ENSMUSG00000054364	377	1	0	1	24	24	188	114
ENSMUST00000111123.9	ENSMUSG00000020594	55	0	1	1	0	NA	50	NA
ENSMUST00000020911.14	ENSMUSG00000020592	313	0	0	0	0	NA	NA	NA
ENSMUST00000020909.5	ENSMUSG00000020585	586	0	1	1	0	NA	361	NA
ENSMUST00000111113.3	ENSMUSG00000066643	109	1	0	1	3	3	38	59
ENSMUST00000085741.2	ENSMUSG00000066637	60	0	0	0	0	NA	NA	NA
ENSMUST00000057021.9	ENSMUSG00000048387	336	1	0	1	4	4	22	299
ENSMUST00000020947.7	ENSMUSG00000020621	68	0	0	0	0	NA	NA	NA
ENSMUST00000166117.4	ENSMUSG00000051235	206	0	1	1	0	NA	135	NA
ENSMUST00000020931.6	ENSMUSG00000020608	408	0	1	1	0	NA	17	NA
ENSMUST00000071103.10	ENSMUSG00000037149	94	0	0	0	0	NA	NA	NA
ENSMUST00000020922.8	ENSMUSG00000020601	1285	1	0	1	18	18	35	1193
ENSMUST00000067124.6	ENSMUSG00000020593	62	0	0	0	0	NA	NA	NA
ENSMUST00000020908.9	ENSMUSG00000057469	231	0	0	0	0	NA	NA	NA
ENSMUST00000020904.8	ENSMUSG00000020580	295	1	0	1	8	8	41	227
ENSMUST00000057288.8	ENSMUSG00000020571	73	0	0	0	0	NA	NA	NA
ENSMUST00000171737.3	ENSMUSG00000011179	489	2	0	1	18	10	127	115
ENSMUST00000064595.15	ENSMUSG00000052632	296	0	0	0	0	NA	NA	NA
ENSMUST00000232072.2	ENSMUSG00000062352	173	0	1	1	0	NA	163	NA
ENSMUST00000064536.13	ENSMUSG00000052593	200	1	0	1	1	1	137	57
ENSMUST00000135088.9	ENSMUSG00000076432	174	0	0	0	0	NA	NA	NA
ENSMUST00000020982.7	ENSMUSG00000020653	251	0	1	1	0	NA	4	NA
ENSMUST00000020980.12	ENSMUSG00000020649	106	0	0	0	0	NA	NA	NA
ENSMUST00000110942.11	ENSMUSG00000020646	77	0	0	0	0	NA	NA	NA
ENSMUST00000222941.2	ENSMUSG00000036333	103	0	0	0	0	NA	NA	NA
ENSMUST00000221761.2	ENSMUSG00000020644	779	12	1	1	141	39	58	106
ENSMUST00000020971.14	ENSMUSG00000020642	421	6	0	1	97	30	154	86
ENSMUST00000020957.13	ENSMUSG00000020629	22	0	0	0	0	NA	NA	NA
ENSMUST00000122328.8	ENSMUSG00000020674	98	0	0	0	0	NA	NA	NA
ENSMUST00000057151.10	ENSMUSG00000043061	80	0	0	0	0	NA	NA	NA
ENSMUST00000169088.8	ENSMUSG00000002900	196	1	0	1	15	15	7	141
ENSMUST00000110857.5	ENSMUSG00000020664	114	0	2	1	0	NA	7	NA
ENSMUST00000101499.10	ENSMUSG00000020659	81	0	0	0	0	NA	NA	NA
ENSMUST00000036862.5	ENSMUSG00000035933	21	0	0	0	0	NA	NA	NA
ENSMUST00000003079.12	ENSMUSG00000002997	153	0	0	0	0	NA	NA	NA
ENSMUST00000172332.4	ENSMUSG00000090946	280	1	0	1	49	49	44	86
ENSMUST00000020886.9	ENSMUSG00000020572	235	0	0	0	0	NA	NA	NA
ENSMUST00000020885.13	ENSMUSG00000020570	107	0	0	0	0	NA	NA	NA
ENSMUST00000146040.9	ENSMUSG00000020564	65	0	0	0	0	NA	NA	NA
ENSMUST00000020877.9	ENSMUSG00000020561	20	0	0	0	0	NA	NA	NA
ENSMUST00000049089.7	ENSMUSG00000035799	307	0	0	0	0	NA	NA	NA
ENSMUST00000048519.17	ENSMUSG00000020590	214	2	1	1	56	52	26	29
ENSMUST00000116436.9	ENSMUSG00000019256	415	0	0	0	0	NA	NA	NA
ENSMUST00000020856.6	ENSMUSG00000020547	165	1	0	1	38	38	44	4
ENSMUST00000095767.11	ENSMUSG00000004151	427	3	0	1	86	41	156	20
ENSMUST00000146905.2	ENSMUSG00000047446	254	1	0	1	15	15	130	76
ENSMUST00000001672.12	ENSMUSG00000001627	233	1	0	1	52	52	31	43
ENSMUST00000037488.8	ENSMUSG00000035954	406	2	0	1	20	14	40	219
ENSMUST00000132121.8	ENSMUSG00000056899	131	0	0	0	0	NA	NA	NA
ENSMUST00000015049.5	ENSMUSG00000014905	397	3	0	1	50	38	30	180
ENSMUST00000053768.14	ENSMUSG00000046314	550	1	1	1	9	9	43	477
ENSMUST00000002765.9	ENSMUSG00000002688	125	0	0	0	0	NA	NA	NA
ENSMUST00000054308.13	ENSMUSG00000035293	388	1	0	1	17	17	252	82
ENSMUST00000164782.10	ENSMUSG00000020953	283	0	0	0	0	NA	NA	NA
ENSMUST00000013130.15	ENSMUSG00000020954	184	1	0	1	9	9	9	145
ENSMUST00000021338.10	ENSMUSG00000020955	349	3	0	1	36	17	176	119
ENSMUST00000042052.9	ENSMUSG00000035247	356	1	0	1	22	22	22	265
ENSMUST00000040583.7	ENSMUSG00000035181	205	1	0	1	7	7	163	18
ENSMUST00000040090.16	ENSMUSG00000035142	47	0	0	0	0	NA	NA	NA
ENSMUST00000219443.2	ENSMUSG00000035133	174	6	2	1	62	25	25	10
ENSMUST00000039516.4	ENSMUSG00000035105	299	0	0	0	0	NA	NA	NA
ENSMUST00000056228.8	ENSMUSG00000044408	90	0	0	0	0	NA	NA	NA
ENSMUST00000005798.9	ENSMUSG00000005656	50	0	0	0	0	NA	NA	NA
ENSMUST00000078124.8	ENSMUSG00000062929	131	0	0	0	0	NA	NA	NA
ENSMUST00000173433.8	ENSMUSG00000035021	375	1	0	1	1	1	27	342
ENSMUST00000021410.10	ENSMUSG00000021022	228	3	0	1	46	38	11	23
ENSMUST00000021412.9	ENSMUSG00000021024	141	0	0	0	0	NA	NA	NA
ENSMUST00000021413.9	ENSMUSG00000021025	121	0	0	0	0	NA	NA	NA
ENSMUST00000220367.2	ENSMUSG00000021027	NA	NA	NA	NA	NA	NA	NA	NA
ENSMUST00000059250.8	ENSMUSG00000012076	180	0	0	0	0	NA	NA	NA
ENSMUST00000021416.9	ENSMUSG00000021028	94	0	0	0	0	NA	NA	NA
ENSMUST00000123498.8	ENSMUSG00000047022	239	1	0	1	3	3	225	2
ENSMUST00000021375.12	ENSMUSG00000020986	197	1	0	1	18	18	31	109
ENSMUST00000021379.8	ENSMUSG00000060121	84	0	0	0	0	NA	NA	NA
ENSMUST00000021380.10	ENSMUSG00000020993	225	0	0	0	0	NA	NA	NA
ENSMUST00000021381.6	ENSMUSG00000020994	119	0	0	0	0	NA	NA	NA
ENSMUST00000043204.8	ENSMUSG00000035329	246	0	0	0	0	NA	NA	NA
ENSMUST00000222508.2	ENSMUSG00000020948	126	0	0	0	0	NA	NA	NA
ENSMUST00000120580.8	ENSMUSG00000035597	165	1	0	1	12	12	109	17
ENSMUST00000021332.10	ENSMUSG00000020949	85	0	0	0	0	NA	NA	NA
ENSMUST00000060579.10	ENSMUSG00000043998	497	4	0	1	37	13	122	124
ENSMUST00000021356.6	ENSMUSG00000020973	144	0	1	1	0	NA	59	NA
ENSMUST00000021362.5	ENSMUSG00000020978	273	0	0	0	0	NA	NA	NA
ENSMUST00000021368.10	ENSMUSG00000020982	56	0	0	0	0	NA	NA	NA
ENSMUST00000050063.9	ENSMUSG00000044147	544	2	1	1	5	3	104	156
ENSMUST00000183277.8	ENSMUSG00000034801	240	0	1	1	0	NA	215	NA
ENSMUST00000021370.10	ENSMUSG00000020988	77	0	0	0	0	NA	NA	NA
ENSMUST00000110570.8	ENSMUSG00000034761	440	1	0	1	9	9	363	47
ENSMUST00000021466.10	ENSMUSG00000021066	394	0	0	0	0	NA	NA	NA
ENSMUST00000021467.8	ENSMUSG00000021067	235	1	0	1	33	33	95	38
ENSMUST00000220689.2	ENSMUSG00000021068	215	2	1	1	66	34	21	89
ENSMUST00000021471.13	ENSMUSG00000021072	74	0	0	0	0	NA	NA	NA
ENSMUST00000057859.9	ENSMUSG00000048285	227	4	0	1	54	17	85	44
ENSMUST00000021479.6	ENSMUSG00000021076	98	0	0	0	0	NA	NA	NA
ENSMUST00000160027.8	ENSMUSG00000060073	126	1	0	1	17	17	35	37
ENSMUST00000046305.12	ENSMUSG00000048118	224	0	0	0	0	NA	NA	NA
ENSMUST00000021486.10	ENSMUSG00000021079	145	0	0	0	0	NA	NA	NA
ENSMUST00000223272.2	ENSMUSG00000034574	156	2	0	1	13	7	8	30
ENSMUST00000019862.3	ENSMUSG00000019718	283	0	0	0	0	NA	NA	NA
ENSMUST00000021497.16	ENSMUSG00000021087	135	0	0	0	0	NA	NA	NA
ENSMUST00000021514.10	ENSMUSG00000021096	441	2	0	1	26	24	191	175
ENSMUST00000050029.8	ENSMUSG00000051367	753	2	0	1	148	82	48	456
ENSMUST00000043208.8	ENSMUSG00000034460	241	0	1	1	0	NA	59	NA
ENSMUST00000021523.7	ENSMUSG00000021103	121	0	0	0	0	NA	NA	NA
ENSMUST00000116420.4	ENSMUSG00000034442	21	0	0	0	0	NA	NA	NA
ENSMUST00000021530.8	ENSMUSG00000021109	386	0	0	0	0	NA	NA	NA
ENSMUST00000021532.6	ENSMUSG00000021113	36	0	0	0	0	NA	NA	NA
ENSMUST00000021447.9	ENSMUSG00000021051	573	2	0	1	10	9	239	253
ENSMUST00000021450.6	ENSMUSG00000021054	166	0	0	0	0	NA	NA	NA
ENSMUST00000176102.8	ENSMUSG00000056459	42	0	0	0	0	NA	NA	NA
ENSMUST00000042779.4	ENSMUSG00000033454	481	0	0	0	0	NA	NA	NA
ENSMUST00000080449.7	ENSMUSG00000059970	119	0	0	0	0	NA	NA	NA
ENSMUST00000075249.6	ENSMUSG00000052609	478	0	1	1	0	NA	470	NA
ENSMUST00000041262.14	ENSMUSG00000090258	62	0	0	0	0	NA	NA	NA
ENSMUST00000110395.11	ENSMUSG00000059436	160	0	0	0	0	NA	NA	NA
ENSMUST00000177595.9	ENSMUSG00000021065	583	11	0	1	231	74	100	38
ENSMUST00000110388.10	ENSMUSG00000047454	125	0	0	0	0	NA	NA	NA
ENSMUST00000082024.7	ENSMUSG00000021112	362	4	0	1	55	29	213	28
ENSMUST00000021536.9	ENSMUSG00000021114	179	0	0	0	0	NA	NA	NA
ENSMUST00000071230.8	ENSMUSG00000021116	363	1	1	1	47	47	171	48
ENSMUST00000039928.7	ENSMUSG00000060716	306	0	0	0	0	NA	NA	NA
ENSMUST00000072154.9	ENSMUSG00000021120	32	0	0	0	0	NA	NA	NA
ENSMUST00000021550.7	ENSMUSG00000021125	93	0	0	0	0	NA	NA	NA
ENSMUST00000055262.13	ENSMUSG00000021124	333	1	0	1	7	7	250	59
ENSMUST00000161204.8	ENSMUSG00000066441	503	3	0	1	36	30	119	69
ENSMUST00000021547.8	ENSMUSG00000066440	181	5	0	1	79	34	6	40
ENSMUST00000021552.3	ENSMUSG00000021127	138	0	0	0	0	NA	NA	NA
ENSMUST00000021554.16	ENSMUSG00000015143	280	0	0	0	0	NA	NA	NA
ENSMUST00000054145.8	ENSMUSG00000049106	203	1	0	1	3	3	69	122
ENSMUST00000038185.10	ENSMUSG00000032705	232	3	0	1	111	66	14	10
ENSMUST00000085245.7	ENSMUSG00000048833	642	2	0	1	52	35	12	522
ENSMUST00000220238.2	ENSMUSG00000021133	403	0	0	0	0	NA	NA	NA
ENSMUST00000110351.8	ENSMUSG00000021134	160	1	0	1	8	8	43	90
ENSMUST00000110347.9	ENSMUSG00000021136	255	1	0	1	32	32	97	59
ENSMUST00000163402.8	ENSMUSG00000090935	132	1	0	1	8	8	43	62
ENSMUST00000161211.8	ENSMUSG00000002679	45	0	0	0	0	NA	NA	NA
ENSMUST00000218362.2	ENSMUSG00000042734	156	1	0	1	28	28	28	41
ENSMUST00000166429.9	ENSMUSG00000042700	1124	9	0	1	135	31	340	18
ENSMUST00000221919.2	ENSMUSG00000042628	761	5	0	1	50	22	19	180
ENSMUST00000048155.16	ENSMUSG00000010608	181	0	0	0	0	NA	NA	NA
ENSMUST00000041806.13	ENSMUSG00000019969	262	0	1	1	0	NA	198	NA
ENSMUST00000123491.8	ENSMUSG00000042523	31	0	0	0	0	NA	NA	NA
ENSMUST00000046266.13	ENSMUSG00000042507	352	2	0	1	9	5	135	35
ENSMUST00000123614.8	ENSMUSG00000072946	293	1	0	1	9	9	231	32
ENSMUST00000065536.9	ENSMUSG00000021234	88	0	0	0	0	NA	NA	NA
ENSMUST00000021662.12	ENSMUSG00000021236	210	2	0	1	44	25	19	70
ENSMUST00000085192.7	ENSMUSG00000021238	64	0	0	0	0	NA	NA	NA
ENSMUST00000021668.10	ENSMUSG00000021242	285	1	0	1	32	32	97	89
ENSMUST00000043169.14	ENSMUSG00000042350	646	7	0	1	128	42	140	33
ENSMUST00000168977.8	ENSMUSG00000021244	169	0	0	0	0	NA	NA	NA
ENSMUST00000053811.10	ENSMUSG00000004789	64	0	0	0	0	NA	NA	NA
ENSMUST00000221972.2	ENSMUSG00000019235	122	0	0	0	0	NA	NA	NA
ENSMUST00000004910.12	ENSMUSG00000004788	81	0	0	0	0	NA	NA	NA
ENSMUST00000019378.8	ENSMUSG00000021245	125	0	2	1	0	NA	45	NA
ENSMUST00000008966.13	ENSMUSG00000008822	134	0	0	0	0	NA	NA	NA
ENSMUST00000040992.8	ENSMUSG00000034290	141	1	0	1	16	16	10	80
ENSMUST00000040766.9	ENSMUSG00000021248	182	2	0	1	31	21	6	32
ENSMUST00000021674.7	ENSMUSG00000021250	150	0	0	0	0	NA	NA	NA
ENSMUST00000177587.9	ENSMUSG00000034271	233	1	1	1	58	58	22	34
ENSMUST00000021676.12	ENSMUSG00000021252	80	1	0	1	7	7	14	42
ENSMUST00000003687.8	ENSMUSG00000021253	1109	7	1	1	134	34	29	132
ENSMUST00000021682.9	ENSMUSG00000021257	67	0	0	0	0	NA	NA	NA
ENSMUST00000038422.8	ENSMUSG00000034168	901	1	0	1	15	15	103	750
ENSMUST00000187814.7	ENSMUSG00000034157	104	1	1	1	7	7	26	54
ENSMUST00000037788.6	ENSMUSG00000034126	274	2	1	1	17	13	119	69
ENSMUST00000063117.10	ENSMUSG00000021033	112	0	0	0	0	NA	NA	NA
ENSMUST00000037418.7	ENSMUSG00000034111	251	0	0	0	0	NA	NA	NA
ENSMUST00000072744.15	ENSMUSG00000021038	105	0	1	1	0	NA	23	NA
ENSMUST00000021425.8	ENSMUSG00000021037	144	0	0	0	0	NA	NA	NA
ENSMUST00000021424.5	ENSMUSG00000021036	184	0	0	0	0	NA	NA	NA
ENSMUST00000101165.9	ENSMUSG00000021044	53	0	0	0	0	NA	NA	NA
ENSMUST00000141429.8	ENSMUSG00000061533	467	5	1	1	81	49	135	26
ENSMUST00000021345.14	ENSMUSG00000020962	445	0	0	0	0	NA	NA	NA
ENSMUST00000052969.15	ENSMUSG00000020961	495	2	1	1	13	12	188	268
ENSMUST00000021347.12	ENSMUSG00000020964	126	0	0	0	0	NA	NA	NA
ENSMUST00000048402.12	ENSMUSG00000021007	159	0	0	0	0	NA	NA	NA
ENSMUST00000170188.8	ENSMUSG00000021009	222	2	0	1	28	21	52	104
ENSMUST00000046859.12	ENSMUSG00000033713	142	0	2	1	0	NA	113	NA
ENSMUST00000046485.5	ENSMUSG00000021176	86	0	0	0	0	NA	NA	NA
ENSMUST00000153627.8	ENSMUSG00000021177	23	0	0	0	0	NA	NA	NA
ENSMUST00000021595.10	ENSMUSG00000021178	55	0	1	1	0	NA	15	NA
ENSMUST00000110082.11	ENSMUSG00000001175	279	0	0	0	0	NA	NA	NA
ENSMUST00000222731.2	ENSMUSG00000021180	240	0	0	0	0	NA	NA	NA
ENSMUST00000048305.10	ENSMUSG00000041846	793	5	0	1	36	14	209	84
ENSMUST00000021603.9	ENSMUSG00000021186	305	2	0	1	17	13	76	173
ENSMUST00000021605.14	ENSMUSG00000021188	439	3	0	1	79	44	121	133
ENSMUST00000021606.12	ENSMUSG00000021189	89	0	0	0	0	NA	NA	NA
ENSMUST00000110020.8	ENSMUSG00000021190	41	0	0	0	0	NA	NA	NA
ENSMUST00000179218.9	ENSMUSG00000021192	259	0	0	0	0	NA	NA	NA
ENSMUST00000046518.12	ENSMUSG00000057963	114	0	0	0	0	NA	NA	NA
ENSMUST00000057416.8	ENSMUSG00000046675	325	0	0	0	0	NA	NA	NA
ENSMUST00000046404.8	ENSMUSG00000041712	62	0	0	0	0	NA	NA	NA
ENSMUST00000223554.2	ENSMUSG00000041702	450	10	0	1	161	42	1	5
ENSMUST00000021620.13	ENSMUSG00000021203	173	0	0	0	0	NA	NA	NA
ENSMUST00000066701.13	ENSMUSG00000064215	173	0	0	0	0	NA	NA	NA
ENSMUST00000041987.8	ENSMUSG00000041415	249	4	2	1	32	16	48	16
ENSMUST00000051934.7	ENSMUSG00000044715	61	0	0	0	0	NA	NA	NA
ENSMUST00000109901.9	ENSMUSG00000021111	213	2	0	1	22	11	39	25
ENSMUST00000072040.7	ENSMUSG00000021115	136	0	0	0	0	NA	NA	NA
ENSMUST00000109891.3	ENSMUSG00000048251	271	1	1	1	3	3	248	11
ENSMUST00000071095.14	ENSMUSG00000056770	169	0	0	0	0	NA	NA	NA
ENSMUST00000221167.2	ENSMUSG00000021258	384	4	0	1	36	21	21	66
ENSMUST00000109860.8	ENSMUSG00000058070	379	2	0	1	59	33	170	33
ENSMUST00000109854.9	ENSMUSG00000021262	223	1	0	1	19	19	160	3
ENSMUST00000021692.9	ENSMUSG00000021264	440	0	0	0	0	NA	NA	NA
ENSMUST00000161410.8	ENSMUSG00000021266	101	0	0	0	0	NA	NA	NA
ENSMUST00000094361.11	ENSMUSG00000021270	144	0	0	0	0	NA	NA	NA
ENSMUST00000095410.8	ENSMUSG00000037957	37	0	1	1	0	NA	18	NA
ENSMUST00000070565.15	ENSMUSG00000056458	187	1	0	1	5	5	31	138
ENSMUST00000043716.9	ENSMUSG00000021276	73	0	0	0	0	NA	NA	NA
ENSMUST00000165978.3	ENSMUSG00000021275	132	0	1	1	0	NA	80	NA
ENSMUST00000128353.8	ENSMUSG00000037904	430	4	0	1	46	29	151	17
ENSMUST00000084968.14	ENSMUSG00000037896	255	1	0	1	13	13	40	173
ENSMUST00000021706.11	ENSMUSG00000021277	268	2	0	1	41	21	52	106
ENSMUST00000041965.5	ENSMUSG00000021279	447	2	0	1	51	48	243	57
ENSMUST00000102745.10	ENSMUSG00000021281	230	0	0	0	0	NA	NA	NA
ENSMUST00000166123.9	ENSMUSG00000021282	626	3	2	1	141	108	83	21
ENSMUST00000221753.2	ENSMUSG00000007411	NA	NA	NA	NA	NA	NA	NA	NA
ENSMUST00000001304.9	ENSMUSG00000001270	124	0	0	0	0	NA	NA	NA
ENSMUST00000084947.10	ENSMUSG00000060950	527	3	0	1	131	100	50	169
ENSMUST00000054636.7	ENSMUSG00000049792	239	1	0	1	8	8	196	16
ENSMUST00000021714.9	ENSMUSG00000021286	70	0	0	0	0	NA	NA	NA
ENSMUST00000054815.15	ENSMUSG00000021285	240	0	0	0	0	NA	NA	NA
ENSMUST00000101029.4	ENSMUSG00000037679	121	0	0	0	0	NA	NA	NA
ENSMUST00000021728.12	ENSMUSG00000064326	288	0	0	0	0	NA	NA	NA
ENSMUST00000001780.10	ENSMUSG00000001729	370	1	0	1	12	12	211	120
ENSMUST00000101018.11	ENSMUSG00000072825	236	1	0	1	2	2	103	124
ENSMUST00000062092.7	ENSMUSG00000047832	547	2	0	1	42	35	13	315
ENSMUST00000075827.5	ENSMUSG00000002799	292	0	0	0	0	NA	NA	NA
ENSMUST00000221397.2	ENSMUSG00000002804	53	0	0	0	0	NA	NA	NA
ENSMUST00000223502.2	ENSMUSG00000021143	56	0	0	0	0	NA	NA	NA
ENSMUST00000109726.8	ENSMUSG00000021144	140	0	0	0	0	NA	NA	NA
ENSMUST00000084882.9	ENSMUSG00000006356	336	2	0	1	36	21	77	193
ENSMUST00000058491.8	ENSMUSG00000049036	214	1	0	1	4	4	105	94
ENSMUST00000100986.4	ENSMUSG00000021171	147	0	0	0	0	NA	NA	NA
ENSMUST00000084828.5	ENSMUSG00000042029	271	3	0	1	23	14	44	60
ENSMUST00000109691.4	ENSMUSG00000041992	645	7	2	1	127	34	9	63
ENSMUST00000021592.16	ENSMUSG00000021175	419	1	0	1	14	14	169	205
ENSMUST00000222314.2	ENSMUSG00000025323	135	0	1	1	0	NA	128	NA
ENSMUST00000026360.9	ENSMUSG00000025321	1004	5	0	1	175	109	269	31
ENSMUST00000223396.2	ENSMUSG00000021218	236	0	0	0	0	NA	NA	NA
ENSMUST00000042288.8	ENSMUSG00000033781	101	0	0	0	0	NA	NA	NA
ENSMUST00000099946.6	ENSMUSG00000021215	193	3	0	1	49	31	66	3
ENSMUST00000021634.4	ENSMUSG00000021213	77	1	0	1	16	16	8	18
ENSMUST00000000080.8	ENSMUSG00000000078	157	0	0	0	0	NA	NA	NA
ENSMUST00000138703.8	ENSMUSG00000021196	98	0	0	0	0	NA	NA	NA
ENSMUST00000054251.13	ENSMUSG00000021147	288	1	0	1	6	6	196	71
ENSMUST00000240539.1	ENSMUSG00000058258	145	2	0	1	59	35	14	23
ENSMUST00000222098.2	ENSMUSG00000021149	87	0	0	0	0	NA	NA	NA
ENSMUST00000188211.8	ENSMUSG00000033499	338	1	0	1	14	14	41	252
ENSMUST00000174552.8	ENSMUSG00000048264	454	0	0	0	0	NA	NA	NA
ENSMUST00000110636.9	ENSMUSG00000021156	279	2	1	1	43	35	110	61
ENSMUST00000099856.6	ENSMUSG00000021311	239	0	0	0	0	NA	NA	NA
ENSMUST00000059270.10	ENSMUSG00000050244	132	2	0	1	23	18	0	75
ENSMUST00000124888.8	ENSMUSG00000057554	462	2	0	1	37	33	26	57
ENSMUST00000021738.10	ENSMUSG00000021306	121	1	1	1	12	12	58	24
ENSMUST00000099747.5	ENSMUSG00000039242	336	0	0	0	0	NA	NA	NA
ENSMUST00000170957.3	ENSMUSG00000021302	306	3	0	1	78	40	39	38
ENSMUST00000110534.8	ENSMUSG00000039219	290	0	0	0	0	NA	NA	NA
ENSMUST00000110510.4	ENSMUSG00000021318	173	1	1	1	15	15	17	108
ENSMUST00000049744.4	ENSMUSG00000012429	72	0	0	0	0	NA	NA	NA
ENSMUST00000009003.9	ENSMUSG00000008859	259	0	0	0	0	NA	NA	NA
ENSMUST00000200466.5	ENSMUSG00000021314	82	0	0	0	0	NA	NA	NA
ENSMUST00000002885.8	ENSMUSG00000002808	242	0	0	0	0	NA	NA	NA
ENSMUST00000072519.7	ENSMUSG00000041112	226	1	0	1	4	4	12	199
ENSMUST00000225545.2	ENSMUSG00000036721	123	0	0	0	0	NA	NA	NA
ENSMUST00000070785.16	ENSMUSG00000021327	103	0	0	0	0	NA	NA	NA
ENSMUST00000110485.3	ENSMUSG00000022228	214	0	0	0	0	NA	NA	NA
ENSMUST00000045228.12	ENSMUSG00000063894	259	0	1	1	0	NA	26	NA
ENSMUST00000050101.9	ENSMUSG00000046351	376	6	2	1	118	29	95	27
ENSMUST00000091706.14	ENSMUSG00000006611	140	2	0	1	10	6	4	59
ENSMUST00000072889.12	ENSMUSG00000021338	195	0	0	0	0	NA	NA	NA
ENSMUST00000019276.12	ENSMUSG00000019132	1724	19	0	1	393	74	7	68
ENSMUST00000006900.7	ENSMUSG00000006717	211	0	0	0	0	NA	NA	NA
ENSMUST00000037615.7	ENSMUSG00000035936	93	0	0	0	0	NA	NA	NA
ENSMUST00000021772.4	ENSMUSG00000021339	135	0	2	1	0	NA	0	NA
ENSMUST00000067230.6	ENSMUSG00000076431	692	3	0	1	91	46	178	346
ENSMUST00000102948.11	ENSMUSG00000016477	395	0	0	0	0	NA	NA	NA
ENSMUST00000047311.16	ENSMUSG00000038732	178	0	1	1	0	NA	171	NA
ENSMUST00000042834.4	ENSMUSG00000038462	115	0	0	0	0	NA	NA	NA
ENSMUST00000095914.7	ENSMUSG00000069255	25	0	0	0	0	NA	NA	NA
ENSMUST00000062292.5	ENSMUSG00000050295	575	1	0	1	3	3	25	538
ENSMUST00000041859.9	ENSMUSG00000038372	257	0	0	0	0	NA	NA	NA
ENSMUST00000021832.7	ENSMUSG00000021400	200	1	0	1	24	24	59	66
ENSMUST00000076352.8	ENSMUSG00000044734	52	0	0	0	0	NA	NA	NA
ENSMUST00000167163.8	ENSMUSG00000060147	394	2	0	1	24	18	277	33
ENSMUST00000058978.9	ENSMUSG00000046949	195	0	0	0	0	NA	NA	NA
ENSMUST00000021844.15	ENSMUSG00000021408	400	0	0	0	0	NA	NA	NA
ENSMUST00000040656.8	ENSMUSG00000038286	66	0	2	1	0	NA	31	NA
ENSMUST00000056427.10	ENSMUSG00000058672	78	0	0	0	0	NA	NA	NA
ENSMUST00000075774.5	ENSMUSG00000045136	121	0	0	0	0	NA	NA	NA
ENSMUST00000147632.3	ENSMUSG00000071451	112	0	0	0	0	NA	NA	NA
ENSMUST00000053459.15	ENSMUSG00000021411	1051	7	1	1	402	157	36	222
ENSMUST00000077853.5	ENSMUSG00000021413	352	2	1	1	135	71	0	136
ENSMUST00000171229.8	ENSMUSG00000021417	87	0	0	0	0	NA	NA	NA
ENSMUST00000163595.3	ENSMUSG00000059288	552	2	0	1	25	13	143	216
ENSMUST00000037623.15	ENSMUSG00000039114	187	2	0	1	17	15	103	11
ENSMUST00000128570.9	ENSMUSG00000039087	281	4	0	1	85	26	0	12
ENSMUST00000021864.8	ENSMUSG00000021427	134	1	1	1	15	15	14	72
ENSMUST00000124830.3	ENSMUSG00000054889	295	1	0	1	4	4	255	25
ENSMUST00000171970.3	ENSMUSG00000039004	826	3	0	1	21	9	399	136
ENSMUST00000001757.9	ENSMUSG00000001707	65	0	0	0	0	NA	NA	NA
ENSMUST00000225432.2	ENSMUSG00000021432	480	2	0	1	40	39	134	193
ENSMUST00000225180.2	ENSMUSG00000021359	36	0	0	0	0	NA	NA	NA
ENSMUST00000021793.15	ENSMUSG00000021364	48	0	0	0	0	NA	NA	NA
ENSMUST00000165561.4	ENSMUSG00000091264	395	3	0	1	35	21	120	27
ENSMUST00000021794.14	ENSMUSG00000021365	289	2	2	1	63	49	2	137
ENSMUST00000060148.6	ENSMUSG00000021366	173	3	0	1	49	25	71	10
ENSMUST00000021796.9	ENSMUSG00000021367	419	0	0	0	0	NA	NA	NA
ENSMUST00000055341.7	ENSMUSG00000051335	675	4	0	1	112	57	71	202
ENSMUST00000144326.4	ENSMUSG00000038546	354	0	0	0	0	NA	NA	NA
ENSMUST00000021800.6	ENSMUSG00000021371	35	0	0	0	0	NA	NA	NA
ENSMUST00000015540.4	ENSMUSG00000015396	439	2	0	1	16	10	154	252
ENSMUST00000173704.8	ENSMUSG00000038518	274	0	1	1	0	NA	230	NA
ENSMUST00000072329.15	ENSMUSG00000057531	175	0	0	0	0	NA	NA	NA
ENSMUST00000038275.11	ENSMUSG00000038175	215	0	0	0	0	NA	NA	NA
ENSMUST00000000260.13	ENSMUSG00000000253	213	0	0	0	0	NA	NA	NA
ENSMUST00000091628.11	ENSMUSG00000046876	893	10	0	1	169	45	304	31
ENSMUST00000021802.16	ENSMUSG00000021373	365	0	0	0	0	NA	NA	NA
ENSMUST00000099547.4	ENSMUSG00000069237	64	0	0	0	0	NA	NA	NA
ENSMUST00000021803.10	ENSMUSG00000021374	467	0	0	0	0	NA	NA	NA
ENSMUST00000056978.8	ENSMUSG00000021375	97	0	0	0	0	NA	NA	NA
ENSMUST00000021806.11	ENSMUSG00000021376	163	0	1	1	0	NA	155	NA
ENSMUST00000037025.16	ENSMUSG00000038080	185	0	0	0	0	NA	NA	NA
ENSMUST00000021807.13	ENSMUSG00000021377	127	0	0	0	0	NA	NA	NA
ENSMUST00000068891.12	ENSMUSG00000038068	244	2	0	1	18	9	108	77
ENSMUST00000021810.3	ENSMUSG00000021379	270	0	0	0	0	NA	NA	NA
ENSMUST00000177530.8	ENSMUSG00000050954	154	0	0	0	0	NA	NA	NA
ENSMUST00000222028.2	ENSMUSG00000038042	211	0	0	0	0	NA	NA	NA
ENSMUST00000035540.9	ENSMUSG00000038025	354	0	0	0	0	NA	NA	NA
ENSMUST00000060805.7	ENSMUSG00000038014	189	2	0	1	31	17	11	101
ENSMUST00000049022.15	ENSMUSG00000037966	78	0	0	0	0	NA	NA	NA
ENSMUST00000048946.7	ENSMUSG00000037960	83	0	0	0	0	NA	NA	NA
ENSMUST00000048544.14	ENSMUSG00000037933	86	0	0	0	0	NA	NA	NA
ENSMUST00000220447.2	ENSMUSG00000021385	137	0	0	0	0	NA	NA	NA
ENSMUST00000222197.2	ENSMUSG00000021392	568	3	0	1	26	11	230	130
ENSMUST00000165316.8	ENSMUSG00000037851	111	0	0	0	0	NA	NA	NA
ENSMUST00000095797.6	ENSMUSG00000021395	260	1	1	1	3	3	162	86
ENSMUST00000087978.5	ENSMUSG00000067586	450	3	0	1	82	37	273	20
ENSMUST00000075853.6	ENSMUSG00000062248	181	0	0	0	0	NA	NA	NA
ENSMUST00000040117.15	ENSMUSG00000035139	88	0	0	0	0	NA	NA	NA
ENSMUST00000110040.9	ENSMUSG00000021451	523	6	0	1	74	33	222	21
ENSMUST00000021903.3	ENSMUSG00000021453	102	0	0	0	0	NA	NA	NA
ENSMUST00000120135.8	ENSMUSG00000021457	476	1	0	1	11	11	428	12
ENSMUST00000021913.16	ENSMUSG00000021460	20	0	0	0	0	NA	NA	NA
ENSMUST00000071065.8	ENSMUSG00000056749	368	3	0	1	23	16	220	44
ENSMUST00000021918.10	ENSMUSG00000021464	247	0	0	0	0	NA	NA	NA
ENSMUST00000021920.8	ENSMUSG00000021468	48	0	0	0	0	NA	NA	NA
ENSMUST00000021930.10	ENSMUSG00000021474	75	0	0	0	0	NA	NA	NA
ENSMUST00000121401.8	ENSMUSG00000043183	97	0	0	0	0	NA	NA	NA
ENSMUST00000026988.11	ENSMUSG00000025870	80	0	0	0	0	NA	NA	NA
ENSMUST00000026987.12	ENSMUSG00000025869	123	0	0	0	0	NA	NA	NA
ENSMUST00000049575.8	ENSMUSG00000047547	28	0	0	0	0	NA	NA	NA
ENSMUST00000126071.9	ENSMUSG00000025873	57	0	0	0	0	NA	NA	NA
ENSMUST00000125871.8	ENSMUSG00000034928	645	3	0	1	24	18	154	255
ENSMUST00000099503.10	ENSMUSG00000025875	NA	NA	NA	NA	NA	NA	NA	NA
ENSMUST00000026997.12	ENSMUSG00000025878	107	0	0	0	0	NA	NA	NA
ENSMUST00000035242.9	ENSMUSG00000034789	291	0	0	0	0	NA	NA	NA
ENSMUST00000021942.8	ENSMUSG00000021486	1690	14	0	1	1221	288	27	19
ENSMUST00000021941.8	ENSMUSG00000021485	91	0	0	0	0	NA	NA	NA
ENSMUST00000021940.8	ENSMUSG00000021484	194	1	0	1	30	30	8	93
ENSMUST00000046533.9	ENSMUSG00000034686	385	3	0	1	66	52	136	33
ENSMUST00000021950.15	ENSMUSG00000034675	163	0	0	0	0	NA	NA	NA
ENSMUST00000021957.8	ENSMUSG00000021495	1606	9	1	1	409	151	133	168
ENSMUST00000064701.8	ENSMUSG00000021504	78	0	1	1	0	NA	55	NA
ENSMUST00000223736.2	ENSMUSG00000021500	88	0	0	0	0	NA	NA	NA
ENSMUST00000057844.10	ENSMUSG00000045767	227	1	0	1	7	7	177	26
ENSMUST00000021959.11	ENSMUSG00000021497	128	0	0	0	0	NA	NA	NA
ENSMUST00000045173.10	ENSMUSG00000035493	61	0	0	0	0	NA	NA	NA
ENSMUST00000069557.14	ENSMUSG00000021540	287	3	0	1	51	28	144	37
ENSMUST00000007980.7	ENSMUSG00000007836	243	0	0	0	0	NA	NA	NA
ENSMUST00000058735.12	ENSMUSG00000005312	217	0	0	0	0	NA	NA	NA
ENSMUST00000091579.6	ENSMUSG00000021552	157	0	0	0	0	NA	NA	NA
ENSMUST00000116403.9	ENSMUSG00000021546	274	0	0	0	0	NA	NA	NA
ENSMUST00000022040.14	ENSMUSG00000021557	122	3	1	1	31	26	35	6
ENSMUST00000022038.15	ENSMUSG00000021555	170	0	1	1	0	NA	72	NA
ENSMUST00000022039.7	ENSMUSG00000021556	106	0	0	0	0	NA	NA	NA
ENSMUST00000057115.7	ENSMUSG00000044792	106	1	0	1	4	4	47	44
ENSMUST00000071703.6	ENSMUSG00000035248	98	0	0	0	0	NA	NA	NA
ENSMUST00000077453.13	ENSMUSG00000021559	264	1	1	1	13	13	172	16
ENSMUST00000073029.13	ENSMUSG00000021461	328	0	0	0	0	NA	NA	NA
ENSMUST00000021921.11	ENSMUSG00000021466	215	1	1	1	22	22	31	107
ENSMUST00000067821.13	ENSMUSG00000021470	172	0	1	1	0	NA	92	NA
ENSMUST00000099441.6	ENSMUSG00000033114	48	0	0	0	0	NA	NA	NA
ENSMUST00000059817.12	ENSMUSG00000044934	213	1	0	1	5	5	118	77
ENSMUST00000021929.10	ENSMUSG00000021476	117	1	0	1	8	8	45	45
ENSMUST00000221634.2	ENSMUSG00000033102	238	1	1	1	5	5	17	18
ENSMUST00000222517.2	ENSMUSG00000021477	402	3	0	1	128	68	78	117
ENSMUST00000021939.8	ENSMUSG00000021483	282	3	1	1	44	29	7	126
ENSMUST00000155487.8	ENSMUSG00000038212	358	0	2	1	0	NA	275	NA
ENSMUST00000021990.4	ENSMUSG00000021518	678	4	0	1	94	45	18	220
ENSMUST00000181892.9	ENSMUSG00000095432	794	4	2	1	55	29	21	405
ENSMUST00000045827.5	ENSMUSG00000034617	93	1	0	1	2	2	80	4
ENSMUST00000223344.3	ENSMUSG00000034575	131	4	0	1	72	32	7	17
ENSMUST00000022087.7	ENSMUSG00000021595	159	0	1	1	0	NA	146	NA
ENSMUST00000043493.7	ENSMUSG00000034525	37	0	0	0	0	NA	NA	NA
ENSMUST00000022099.15	ENSMUSG00000021608	186	0	0	0	0	NA	NA	NA
ENSMUST00000022102.9	ENSMUSG00000021610	232	1	0	1	26	26	109	42
ENSMUST00000017900.9	ENSMUSG00000017756	70	0	0	0	0	NA	NA	NA
ENSMUST00000036456.8	ENSMUSG00000021572	37	0	0	0	0	NA	NA	NA
ENSMUST00000022060.7	ENSMUSG00000021576	114	0	0	0	0	NA	NA	NA
ENSMUST00000022063.14	ENSMUSG00000021578	110	1	0	1	7	7	82	4
ENSMUST00000169114.3	ENSMUSG00000021583	379	4	0	1	59	30	77	44
ENSMUST00000001583.8	ENSMUSG00000001542	894	8	1	1	268	94	35	1
ENSMUST00000022082.8	ENSMUSG00000021591	101	1	0	1	5	5	13	70
ENSMUST00000022078.12	ENSMUSG00000021589	335	1	0	1	2	2	251	75
ENSMUST00000050997.2	ENSMUSG00000043190	1043	11	1	1	197	44	178	132
ENSMUST00000091466.4	ENSMUSG00000033991	380	10	0	1	207	51	0	66
ENSMUST00000151524.9	ENSMUSG00000021597	121	0	0	0	0	NA	NA	NA
ENSMUST00000163257.9	ENSMUSG00000064138	182	0	0	0	0	NA	NA	NA
ENSMUST00000091458.13	ENSMUSG00000069171	1184	3	0	1	46	20	171	458
ENSMUST00000099356.10	ENSMUSG00000074794	240	3	0	1	22	15	83	47
ENSMUST00000224300.2	ENSMUSG00000035840	284	2	0	1	56	36	85	17
ENSMUST00000048993.12	ENSMUSG00000035834	189	0	0	0	0	NA	NA	NA
ENSMUST00000057598.7	ENSMUSG00000051098	188	0	0	0	0	NA	NA	NA
ENSMUST00000022009.10	ENSMUSG00000021537	264	4	0	1	63	40	59	51
ENSMUST00000163888.8	ENSMUSG00000005583	375	3	0	1	32	24	181	96
ENSMUST00000057495.10	ENSMUSG00000035762	132	0	0	0	0	NA	NA	NA
ENSMUST00000022030.11	ENSMUSG00000021548	128	0	0	0	0	NA	NA	NA
ENSMUST00000109552.3	ENSMUSG00000021549	122	0	0	0	0	NA	NA	NA
ENSMUST00000131011.2	ENSMUSG00000017778	229	1	0	1	6	6	19	189
ENSMUST00000081769.13	ENSMUSG00000034488	471	0	0	0	0	NA	NA	NA
ENSMUST00000109543.9	ENSMUSG00000021614	178	1	0	1	1	1	84	88
ENSMUST00000161568.8	ENSMUSG00000012422	658	3	3	1	74	31	329	157
ENSMUST00000004094.15	ENSMUSG00000003992	137	3	0	1	31	19	32	37
ENSMUST00000022121.13	ENSMUSG00000021621	122	0	1	1	0	NA	24	NA
ENSMUST00000022218.6	ENSMUSG00000021707	533	3	0	1	55	27	305	48
ENSMUST00000022217.9	ENSMUSG00000021706	209	0	0	0	0	NA	NA	NA
ENSMUST00000049488.9	ENSMUSG00000021703	170	0	0	0	0	NA	NA	NA
ENSMUST00000048702.7	ENSMUSG00000042167	227	0	1	1	0	NA	202	NA
ENSMUST00000060490.11	ENSMUSG00000007617	139	0	0	0	0	NA	NA	NA
ENSMUST00000065537.9	ENSMUSG00000021690	502	3	0	1	16	8	75	69
ENSMUST00000054274.8	ENSMUSG00000045312	371	1	0	1	39	39	209	42
ENSMUST00000022197.15	ENSMUSG00000021687	553	3	1	1	166	129	81	17
ENSMUST00000022196.5	ENSMUSG00000021686	144	0	0	0	0	NA	NA	NA
ENSMUST00000046644.7	ENSMUSG00000042043	40	0	0	0	0	NA	NA	NA
ENSMUST00000160801.8	ENSMUSG00000042015	191	0	0	0	0	NA	NA	NA
ENSMUST00000221807.2	ENSMUSG00000041995	173	0	0	0	0	NA	NA	NA
ENSMUST00000022189.9	ENSMUSG00000021681	294	1	0	1	32	32	153	42
ENSMUST00000022185.10	ENSMUSG00000021678	100	0	0	0	0	NA	NA	NA
ENSMUST00000059193.7	ENSMUSG00000048376	113	0	0	0	0	NA	NA	NA
ENSMUST00000068603.8	ENSMUSG00000021676	286	0	0	0	0	NA	NA	NA
ENSMUST00000099295.6	ENSMUSG00000021671	388	2	2	1	14	10	227	117
ENSMUST00000022172.12	ENSMUSG00000021668	186	0	0	0	0	NA	NA	NA
ENSMUST00000077672.12	ENSMUSG00000021669	429	1	0	1	7	7	26	379
ENSMUST00000022176.15	ENSMUSG00000021670	149	0	0	0	0	NA	NA	NA
ENSMUST00000073456.9	ENSMUSG00000060739	180	0	0	0	0	NA	NA	NA
ENSMUST00000161639.8	ENSMUSG00000021666	103	1	0	1	4	4	38	50
ENSMUST00000041623.9	ENSMUSG00000041773	438	0	0	0	0	NA	NA	NA
ENSMUST00000109426.3	ENSMUSG00000021662	106	0	1	1	0	NA	95	NA
ENSMUST00000040972.4	ENSMUSG00000041747	249	1	1	1	2	2	89	151
ENSMUST00000152704.8	ENSMUSG00000021660	141	0	0	0	0	NA	NA	NA
ENSMUST00000040340.16	ENSMUSG00000041685	341	1	0	1	22	22	188	84
ENSMUST00000109399.9	ENSMUSG00000009470	135	0	0	0	0	NA	NA	NA
ENSMUST00000064762.6	ENSMUSG00000052727	53	0	0	0	0	NA	NA	NA
ENSMUST00000038104.12	ENSMUSG00000049658	232	1	0	1	19	19	50	122
ENSMUST00000066984.14	ENSMUSG00000021639	138	0	0	0	0	NA	NA	NA
ENSMUST00000069756.11	ENSMUSG00000021638	179	0	0	0	0	NA	NA	NA
ENSMUST00000022137.14	ENSMUSG00000021636	61	0	0	0	0	NA	NA	NA
ENSMUST00000022136.14	ENSMUSG00000021635	292	1	2	1	1	1	224	62
ENSMUST00000057325.15	ENSMUSG00000048924	89	0	0	0	0	NA	NA	NA
ENSMUST00000109333.8	ENSMUSG00000061474	91	0	0	0	0	NA	NA	NA
ENSMUST00000072119.15	ENSMUSG00000041431	168	1	0	1	8	8	20	121
ENSMUST00000067246.6	ENSMUSG00000021629	250	3	0	1	52	38	5	6
ENSMUST00000055518.13	ENSMUSG00000041417	621	3	0	1	82	44	283	57
ENSMUST00000167058.8	ENSMUSG00000034751	268	3	0	1	40	30	46	129
ENSMUST00000074616.7	ENSMUSG00000032621	149	1	0	1	3	3	10	127
ENSMUST00000188997.7	ENSMUSG00000021709	107	2	0	1	27	17	4	2
ENSMUST00000109315.5	ENSMUSG00000021710	158	0	0	0	0	NA	NA	NA
ENSMUST00000044385.14	ENSMUSG00000042743	249	0	0	0	0	NA	NA	NA
ENSMUST00000022224.16	ENSMUSG00000021711	264	2	0	1	36	19	74	130
ENSMUST00000022225.12	ENSMUSG00000021712	84	0	1	1	0	NA	0	NA
ENSMUST00000022226.6	ENSMUSG00000021713	21	0	0	0	0	NA	NA	NA
ENSMUST00000022230.15	ENSMUSG00000021716	177	1	1	1	9	9	31	116
ENSMUST00000080856.14	ENSMUSG00000042590	205	1	0	1	4	4	55	135
ENSMUST00000022203.10	ENSMUSG00000021692	46	0	0	0	0	NA	NA	NA
ENSMUST00000159772.8	ENSMUSG00000021693	51	0	1	1	0	NA	43	NA
ENSMUST00000095458.6	ENSMUSG00000071180	207	3	0	1	37	16	48	97
ENSMUST00000054835.15	ENSMUSG00000021694	56	0	1	1	0	NA	16	NA
ENSMUST00000022207.10	ENSMUSG00000021696	165	0	0	0	0	NA	NA	NA
ENSMUST00000051594.12	ENSMUSG00000021697	90	0	0	0	0	NA	NA	NA
ENSMUST00000120671.8	ENSMUSG00000021699	NA	NA	NA	NA	NA	NA	NA	NA
ENSMUST00000022212.9	ENSMUSG00000021701	131	0	0	0	0	NA	NA	NA
ENSMUST00000047627.14	ENSMUSG00000032745	1399	13	1	1	78	20	411	36
ENSMUST00000109272.9	ENSMUSG00000032727	168	0	0	0	0	NA	NA	NA
ENSMUST00000109267.9	ENSMUSG00000021754	24	1	0	1	1	1	5	13
ENSMUST00000183663.8	ENSMUSG00000021756	283	1	2	1	17	17	201	28
ENSMUST00000052514.6	ENSMUSG00000047789	142	0	0	0	0	NA	NA	NA
ENSMUST00000016144.12	ENSMUSG00000021759	417	0	0	0	0	NA	NA	NA
ENSMUST00000022281.5	ENSMUSG00000016018	41	0	0	0	0	NA	NA	NA
ENSMUST00000022282.6	ENSMUSG00000021760	35	0	0	0	0	NA	NA	NA
ENSMUST00000109241.5	ENSMUSG00000042364	169	0	0	0	0	NA	NA	NA
ENSMUST00000091201.7	ENSMUSG00000042348	144	1	0	1	2	2	127	8
ENSMUST00000022286.8	ENSMUSG00000021764	202	1	0	1	18	18	104	41
ENSMUST00000166176.9	ENSMUSG00000015536	112	2	0	1	13	8	47	21
ENSMUST00000061673.9	ENSMUSG00000042284	433	2	1	1	17	14	45	196
ENSMUST00000223949.2	ENSMUSG00000021725	129	0	0	0	0	NA	NA	NA
ENSMUST00000022242.9	ENSMUSG00000021728	577	5	0	1	142	56	104	39
ENSMUST00000109203.9	ENSMUSG00000025451	111	0	0	0	0	NA	NA	NA
ENSMUST00000179869.3	ENSMUSG00000093930	78	0	0	0	0	NA	NA	NA
ENSMUST00000177916.8	ENSMUSG00000094870	42	0	0	0	0	NA	NA	NA
ENSMUST00000150727.8	ENSMUSG00000058317	200	0	0	0	0	NA	NA	NA
ENSMUST00000022296.7	ENSMUSG00000021774	206	0	0	0	0	NA	NA	NA
ENSMUST00000132374.9	ENSMUSG00000021772	205	1	0	1	47	47	8	53
ENSMUST00000080281.14	ENSMUSG00000012405	119	1	0	1	33	33	11	6
ENSMUST00000090543.6	ENSMUSG00000021775	301	3	0	1	70	39	112	22
ENSMUST00000022304.12	ENSMUSG00000021779	348	10	0	1	167	29	130	21
ENSMUST00000063750.8	ENSMUSG00000017491	529	5	0	1	125	53	169	31
ENSMUST00000017629.12	ENSMUSG00000017485	500	2	0	1	7	4	13	87
ENSMUST00000022310.7	ENSMUSG00000021785	87	0	0	0	0	NA	NA	NA
ENSMUST00000057015.8	ENSMUSG00000021733	954	8	0	1	142	31	104	306
ENSMUST00000022257.4	ENSMUSG00000021738	271	0	1	1	0	NA	243	NA
ENSMUST00000162278.8	ENSMUSG00000060579	235	0	0	0	0	NA	NA	NA
ENSMUST00000022272.14	ENSMUSG00000021752	246	0	0	0	0	NA	NA	NA
ENSMUST00000022268.10	ENSMUSG00000021748	93	0	0	0	0	NA	NA	NA
ENSMUST00000225653.2	ENSMUSG00000033885	60	0	0	0	0	NA	NA	NA
ENSMUST00000166497.9	ENSMUSG00000025277	96	0	0	0	0	NA	NA	NA
ENSMUST00000052678.9	ENSMUSG00000025278	195	0	0	0	0	NA	NA	NA
ENSMUST00000022340.5	ENSMUSG00000021806	73	0	0	0	0	NA	NA	NA
ENSMUST00000160013.8	ENSMUSG00000043004	362	2	0	1	53	48	1	194
ENSMUST00000059666.6	ENSMUSG00000045107	96	0	1	1	0	NA	0	NA
ENSMUST00000024011.10	ENSMUSG00000023243	357	2	0	1	23	16	133	57
ENSMUST00000223663.2	ENSMUSG00000021809	302	1	3	1	10	10	245	24
ENSMUST00000090499.13	ENSMUSG00000039599	126	0	0	0	0	NA	NA	NA
ENSMUST00000022345.7	ENSMUSG00000021811	127	0	0	0	0	NA	NA	NA
ENSMUST00000061444.5	ENSMUSG00000049960	141	0	0	0	0	NA	NA	NA
ENSMUST00000100844.6	ENSMUSG00000021814	228	1	0	1	16	16	158	19
ENSMUST00000159027.8	ENSMUSG00000021816	133	1	0	1	11	11	38	59
ENSMUST00000035340.14	ENSMUSG00000034235	739	8	0	1	145	66	11	6
ENSMUST00000048657.10	ENSMUSG00000039367	109	0	1	1	0	NA	98	NA
ENSMUST00000048016.3	ENSMUSG00000039357	35	0	0	0	0	NA	NA	NA
ENSMUST00000226630.2	ENSMUSG00000021820	1	0	0	0	0	NA	NA	NA
ENSMUST00000022368.4	ENSMUSG00000021822	105	0	0	0	0	NA	NA	NA
ENSMUST00000224380.3	ENSMUSG00000021823	123	0	0	0	0	NA	NA	NA
ENSMUST00000154460.8	ENSMUSG00000021824	314	1	0	1	16	16	82	181
ENSMUST00000182855.8	ENSMUSG00000021767	301	5	1	1	50	18	69	55
ENSMUST00000119430.3	ENSMUSG00000021770	68	1	0	1	4	4	40	13
ENSMUST00000173456.8	ENSMUSG00000021771	104	0	0	0	0	NA	NA	NA
ENSMUST00000124549.9	ENSMUSG00000021773	105	0	0	0	0	NA	NA	NA
ENSMUST00000043409.9	ENSMUSG00000039081	1328	10	1	1	303	67	125	549
ENSMUST00000090398.11	ENSMUSG00000021782	470	3	0	1	72	50	146	90
ENSMUST00000026322.9	ENSMUSG00000025280	136	0	0	0	0	NA	NA	NA
ENSMUST00000162645.8	ENSMUSG00000007817	567	2	0	1	8	4	442	20
ENSMUST00000022419.7	ENSMUSG00000021868	62	0	0	0	0	NA	NA	NA
ENSMUST00000069180.8	ENSMUSG00000055538	183	0	0	0	0	NA	NA	NA
ENSMUST00000022416.15	ENSMUSG00000021866	148	0	0	0	0	NA	NA	NA
ENSMUST00000139075.8	ENSMUSG00000021870	1370	11	0	1	185	61	27	83
ENSMUST00000037585.9	ENSMUSG00000040818	57	0	0	0	0	NA	NA	NA
ENSMUST00000022429.9	ENSMUSG00000021877	346	0	0	0	0	NA	NA	NA
ENSMUST00000052932.10	ENSMUSG00000043702	331	3	0	1	66	36	81	44
ENSMUST00000036570.5	ENSMUSG00000040760	778	6	1	1	164	70	77	348
ENSMUST00000035336.5	ENSMUSG00000040717	163	1	0	1	20	20	41	59
ENSMUST00000224981.2	ENSMUSG00000021895	111	0	0	0	0	NA	NA	NA
ENSMUST00000022450.6	ENSMUSG00000040651	235	0	0	0	0	NA	NA	NA
ENSMUST00000050480.8	ENSMUSG00000046753	13	0	0	0	0	NA	NA	NA
ENSMUST00000063465.12	ENSMUSG00000021994	1359	7	0	1	256	91	180	77
ENSMUST00000112268.4	ENSMUSG00000042682	210	1	0	1	6	6	72	117
ENSMUST00000016115.6	ENSMUSG00000015971	129	1	0	1	4	4	56	58
ENSMUST00000067620.12	ENSMUSG00000015970	262	0	0	0	0	NA	NA	NA
ENSMUST00000022529.8	ENSMUSG00000021957	143	1	0	1	4	4	0	128
ENSMUST00000112210.11	ENSMUSG00000021948	239	0	0	0	0	NA	NA	NA
ENSMUST00000112184.10	ENSMUSG00000006527	229	1	1	1	15	15	113	55
ENSMUST00000228328.2	ENSMUSG00000021918	249	4	1	1	68	29	40	66
ENSMUST00000168584.9	ENSMUSG00000021916	67	1	0	1	3	3	41	14
ENSMUST00000227096.2	ENSMUSG00000071547	104	0	0	0	0	NA	NA	NA
ENSMUST00000172142.8	ENSMUSG00000021910	164	1	0	1	18	18	49	58
ENSMUST00000022458.11	ENSMUSG00000021901	168	2	1	1	41	21	11	91
ENSMUST00000022451.14	ENSMUSG00000021893	244	1	0	1	31	31	1	147
ENSMUST00000091903.5	ENSMUSG00000021892	108	0	0	0	0	NA	NA	NA
ENSMUST00000022446.7	ENSMUSG00000021890	870	5	1	1	98	47	2	158
ENSMUST00000014640.9	ENSMUSG00000014496	298	0	0	0	0	NA	NA	NA
ENSMUST00000022462.14	ENSMUSG00000021906	649	8	1	1	213	62	4	172
ENSMUST00000163336.8	ENSMUSG00000056234	160	0	0	0	0	NA	NA	NA
ENSMUST00000013845.13	ENSMUSG00000013701	150	0	0	0	0	NA	NA	NA
ENSMUST00000022470.15	ENSMUSG00000021911	297	0	2	1	0	NA	190	NA
ENSMUST00000228529.2	ENSMUSG00000021913	168	0	0	0	0	NA	NA	NA
ENSMUST00000066807.8	ENSMUSG00000054051	89	1	0	1	2	2	2	78
ENSMUST00000022504.12	ENSMUSG00000021936	178	1	0	1	5	5	148	12
ENSMUST00000022322.17	ENSMUSG00000021794	171	0	0	0	0	NA	NA	NA
ENSMUST00000023826.5	ENSMUSG00000023064	209	0	1	1	0	NA	26	NA
ENSMUST00000049005.15	ENSMUSG00000021796	547	5	0	1	109	41	273	116
ENSMUST00000048263.14	ENSMUSG00000041408	455	2	1	1	44	30	34	317
ENSMUST00000090024.11	ENSMUSG00000058690	275	2	1	1	15	14	93	137
ENSMUST00000165649.4	ENSMUSG00000041028	97	0	0	0	0	NA	NA	NA
ENSMUST00000139526.9	ENSMUSG00000021830	339	2	0	1	47	29	152	44
ENSMUST00000022378.9	ENSMUSG00000021831	82	0	0	0	0	NA	NA	NA
ENSMUST00000022380.9	ENSMUSG00000021832	60	0	2	1	0	NA	18	NA
ENSMUST00000046191.9	ENSMUSG00000037722	228	1	0	1	10	10	146	49
ENSMUST00000045905.15	ENSMUSG00000037712	195	0	0	0	0	NA	NA	NA
ENSMUST00000051310.13	ENSMUSG00000037697	132	0	1	1	0	NA	104	NA
ENSMUST00000067426.6	ENSMUSG00000037628	99	1	0	1	2	2	12	78
ENSMUST00000015903.12	ENSMUSG00000015759	148	0	1	1	0	NA	75	NA
ENSMUST00000111817.8	ENSMUSG00000062014	139	0	0	0	0	NA	NA	NA
ENSMUST00000022386.15	ENSMUSG00000021838	737	8	0	1	185	80	60	391
ENSMUST00000089959.7	ENSMUSG00000037580	146	0	0	0	0	NA	NA	NA
ENSMUST00000187531.8	ENSMUSG00000037572	235	0	0	0	0	NA	NA	NA
ENSMUST00000065562.6	ENSMUSG00000048379	384	2	0	1	76	40	232	29
ENSMUST00000166743.9	ENSMUSG00000021840	141	0	0	0	0	NA	NA	NA
ENSMUST00000187839.8	ENSMUSG00000021843	161	5	2	1	71	24	21	39
ENSMUST00000073150.6	ENSMUSG00000021846	334	1	0	1	3	3	258	64
ENSMUST00000111735.10	ENSMUSG00000036339	74	0	0	0	0	NA	NA	NA
ENSMUST00000037473.6	ENSMUSG00000036291	296	1	0	1	9	9	248	18
ENSMUST00000037362.6	ENSMUSG00000036282	19	0	0	0	0	NA	NA	NA
ENSMUST00000006444.9	ENSMUSG00000006281	172	0	1	1	0	NA	152	NA
ENSMUST00000159292.8	ENSMUSG00000006289	115	0	0	0	0	NA	NA	NA
ENSMUST00000049411.12	ENSMUSG00000035960	119	0	0	0	0	NA	NA	NA
ENSMUST00000160835.9	ENSMUSG00000035953	74	0	0	0	0	NA	NA	NA
ENSMUST00000004673.15	ENSMUSG00000004558	114	1	0	1	15	15	4	62
ENSMUST00000093813.12	ENSMUSG00000004562	151	0	0	0	0	NA	NA	NA
ENSMUST00000226522.2	ENSMUSG00000049295	160	1	0	1	1	1	145	9
ENSMUST00000111610.12	ENSMUSG00000060373	202	0	0	0	0	NA	NA	NA
ENSMUST00000046709.9	ENSMUSG00000035726	266	0	0	0	0	NA	NA	NA
ENSMUST00000089752.11	ENSMUSG00000053754	NA	NA	NA	NA	NA	NA	NA	NA
ENSMUST00000022765.14	ENSMUSG00000022159	304	3	0	1	79	47	5	70
ENSMUST00000022766.8	ENSMUSG00000016831	350	5	0	1	49	25	61	24
ENSMUST00000022767.16	ENSMUSG00000022160	141	1	0	1	10	10	65	43
ENSMUST00000058326.6	ENSMUSG00000049532	587	2	0	1	87	52	75	294
ENSMUST00000180359.8	ENSMUSG00000040997	333	3	0	1	25	15	123	111
ENSMUST00000089688.6	ENSMUSG00000000957	254	0	0	0	0	NA	NA	NA
ENSMUST00000022782.10	ENSMUSG00000022175	438	1	0	1	12	12	353	46
ENSMUST00000022784.9	ENSMUSG00000022177	206	0	0	0	0	NA	NA	NA
ENSMUST00000054487.10	ENSMUSG00000022178	294	1	0	1	17	17	130	110
ENSMUST00000067784.8	ENSMUSG00000059674	261	2	0	1	16	14	154	26
ENSMUST00000022793.15	ENSMUSG00000022185	151	3	1	1	74	35	20	23
ENSMUST00000022787.8	ENSMUSG00000022180	603	1	0	1	6	6	20	562
ENSMUST00000228495.3	ENSMUSG00000022199	136	0	0	0	0	NA	NA	NA
ENSMUST00000050575.9	ENSMUSG00000045691	676	6	0	1	127	56	1	70
ENSMUST00000036041.15	ENSMUSG00000040701	87	0	0	0	0	NA	NA	NA
ENSMUST00000117236.8	ENSMUSG00000022214	194	2	0	1	38	36	65	7
ENSMUST00000174259.8	ENSMUSG00000022216	215	0	0	0	0	NA	NA	NA
ENSMUST00000047131.16	ENSMUSG00000002319	86	0	0	0	0	NA	NA	NA
ENSMUST00000002400.7	ENSMUSG00000002329	134	0	0	0	0	NA	NA	NA
ENSMUST00000010520.10	ENSMUSG00000010376	312	1	0	1	12	12	1	272
ENSMUST00000227061.2	ENSMUSG00000040472	204	1	0	1	25	25	77	49
ENSMUST00000002403.10	ENSMUSG00000002332	271	3	0	1	56	28	28	3
ENSMUST00000019441.9	ENSMUSG00000019297	81	0	0	0	0	NA	NA	NA
ENSMUST00000024179.6	ENSMUSG00000023411	242	0	0	0	0	NA	NA	NA
ENSMUST00000168479.3	ENSMUSG00000075592	212	0	0	0	0	NA	NA	NA
ENSMUST00000022831.5	ENSMUSG00000047153	213	0	0	0	0	NA	NA	NA
ENSMUST00000111325.5	ENSMUSG00000022223	53	0	0	0	0	NA	NA	NA
ENSMUST00000065302.8	ENSMUSG00000064128	170	2	0	1	43	36	16	19
ENSMUST00000161553.2	ENSMUSG00000054509	113	0	0	0	0	NA	NA	NA
ENSMUST00000116468.2	ENSMUSG00000079184	104	0	0	0	0	NA	NA	NA
ENSMUST00000022507.13	ENSMUSG00000021938	157	1	0	1	9	9	94	33
ENSMUST00000039812.16	ENSMUSG00000040123	225	0	0	0	0	NA	NA	NA
ENSMUST00000022511.10	ENSMUSG00000021945	49	0	0	0	0	NA	NA	NA
ENSMUST00000055698.8	ENSMUSG00000046352	256	0	0	0	0	NA	NA	NA
ENSMUST00000122063.8	ENSMUSG00000040040	132	0	0	0	0	NA	NA	NA
ENSMUST00000174545.9	ENSMUSG00000021952	474	4	1	1	31	15	63	9
ENSMUST00000022538.5	ENSMUSG00000021967	97	0	0	0	0	NA	NA	NA
ENSMUST00000089473.5	ENSMUSG00000021969	96	0	0	0	0	NA	NA	NA
ENSMUST00000043227.13	ENSMUSG00000035469	401	1	0	1	5	5	362	21
ENSMUST00000022563.9	ENSMUSG00000021987	110	1	0	1	4	4	66	29
ENSMUST00000111236.4	ENSMUSG00000060548	125	0	0	0	0	NA	NA	NA
ENSMUST00000022494.10	ENSMUSG00000021928	49	0	0	0	0	NA	NA	NA
ENSMUST00000022496.9	ENSMUSG00000021929	83	0	0	0	0	NA	NA	NA
ENSMUST00000022497.15	ENSMUSG00000021930	260	0	0	0	0	NA	NA	NA
ENSMUST00000014691.10	ENSMUSG00000014547	243	0	1	1	0	NA	122	NA
ENSMUST00000006235.9	ENSMUSG00000021939	129	0	0	0	0	NA	NA	NA
ENSMUST00000058679.7	ENSMUSG00000035078	343	1	0	1	93	93	49	12
ENSMUST00000176128.8	ENSMUSG00000021972	352	4	0	1	27	13	27	3
ENSMUST00000022550.8	ENSMUSG00000021978	664	12	0	1	257	47	166	29
ENSMUST00000066994.7	ENSMUSG00000034522	102	0	0	0	0	NA	NA	NA
ENSMUST00000022614.7	ENSMUSG00000022035	155	1	0	1	18	18	10	88
ENSMUST00000042046.5	ENSMUSG00000034463	433	2	0	1	71	58	157	99
ENSMUST00000022616.14	ENSMUSG00000022037	233	0	0	0	0	NA	NA	NA
ENSMUST00000070515.2	ENSMUSG00000022040	65	0	0	0	0	NA	NA	NA
ENSMUST00000022622.14	ENSMUSG00000059456	207	1	0	1	4	4	177	15
ENSMUST00000022623.13	ENSMUSG00000022043	39	0	0	0	0	NA	NA	NA
ENSMUST00000022629.9	ENSMUSG00000022048	320	0	0	0	0	NA	NA	NA
ENSMUST00000089236.11	ENSMUSG00000046204	623	5	0	1	96	40	80	110
ENSMUST00000022634.9	ENSMUSG00000022051	93	0	0	0	0	NA	NA	NA
ENSMUST00000089230.7	ENSMUSG00000022052	348	0	0	0	0	NA	NA	NA
ENSMUST00000150006.9	ENSMUSG00000048922	90	0	0	0	0	NA	NA	NA
ENSMUST00000150768.8	ENSMUSG00000034327	75	0	0	0	0	NA	NA	NA
ENSMUST00000039135.6	ENSMUSG00000044447	98	1	0	1	19	19	15	23
ENSMUST00000022639.8	ENSMUSG00000022055	100	0	0	0	0	NA	NA	NA
ENSMUST00000014957.10	ENSMUSG00000014813	152	0	0	0	0	NA	NA	NA
ENSMUST00000037064.5	ENSMUSG00000034248	171	1	0	1	14	14	55	71
ENSMUST00000022660.14	ENSMUSG00000034205	270	0	0	0	0	NA	NA	NA
ENSMUST00000036381.10	ENSMUSG00000034190	45	0	0	0	0	NA	NA	NA
ENSMUST00000022663.7	ENSMUSG00000022074	188	1	0	1	2	2	175	4
ENSMUST00000022665.4	ENSMUSG00000022075	610	5	1	1	65	31	108	14
ENSMUST00000022680.9	ENSMUSG00000022089	84	0	0	0	0	NA	NA	NA
ENSMUST00000035612.7	ENSMUSG00000033712	221	2	0	1	123	67	1	16
ENSMUST00000022681.11	ENSMUSG00000022090	75	0	0	0	0	NA	NA	NA
ENSMUST00000228911.2	ENSMUSG00000022092	48	0	0	0	0	NA	NA	NA
ENSMUST00000068044.14	ENSMUSG00000022094	259	1	0	1	21	21	1	192
ENSMUST00000000793.13	ENSMUSG00000000776	120	1	0	1	26	26	1	38
ENSMUST00000022693.9	ENSMUSG00000022098	151	0	0	0	0	NA	NA	NA
ENSMUST00000047218.5	ENSMUSG00000033589	353	0	0	0	0	NA	NA	NA
ENSMUST00000022690.10	ENSMUSG00000022095	49	0	0	0	0	NA	NA	NA
ENSMUST00000022694.17	ENSMUSG00000022099	722	7	0	1	203	123	10	60
ENSMUST00000167242.8	ENSMUSG00000022100	99	0	2	1	0	NA	85	NA
ENSMUST00000089017.12	ENSMUSG00000033487	325	2	0	1	29	26	15	2
ENSMUST00000164822.8	ENSMUSG00000022106	256	1	0	1	5	5	48	190
ENSMUST00000022701.7	ENSMUSG00000022105	181	0	0	0	0	NA	NA	NA
ENSMUST00000022704.9	ENSMUSG00000022108	163	0	0	0	0	NA	NA	NA
ENSMUST00000022705.7	ENSMUSG00000022109	36	0	1	1	0	NA	9	NA
ENSMUST00000043813.3	ENSMUSG00000033405	429	5	1	1	142	43	2	84
ENSMUST00000022573.17	ENSMUSG00000021996	99	0	1	1	0	NA	7	NA
ENSMUST00000088970.7	ENSMUSG00000068015	206	0	0	0	0	NA	NA	NA
ENSMUST00000124499.8	ENSMUSG00000021998	181	2	0	1	44	24	38	31
ENSMUST00000022577.6	ENSMUSG00000022000	299	1	0	1	4	4	5	279
ENSMUST00000049168.9	ENSMUSG00000034893	120	0	0	0	0	NA	NA	NA
ENSMUST00000022580.8	ENSMUSG00000022003	180	1	0	1	3	3	144	24
ENSMUST00000110894.9	ENSMUSG00000060126	336	3	0	1	103	37	6	23
ENSMUST00000088922.5	ENSMUSG00000067995	120	0	0	0	0	NA	NA	NA
ENSMUST00000022585.5	ENSMUSG00000022008	56	0	0	0	0	NA	NA	NA
ENSMUST00000022586.2	ENSMUSG00000022009	42	0	0	0	0	NA	NA	NA
ENSMUST00000022587.10	ENSMUSG00000022010	239	1	0	1	18	18	6	176
ENSMUST00000048208.10	ENSMUSG00000034795	248	0	0	0	0	NA	NA	NA
ENSMUST00000022589.9	ENSMUSG00000022012	747	4	1	1	35	18	296	166
ENSMUST00000226459.2	ENSMUSG00000022013	27	0	0	0	0	NA	NA	NA
ENSMUST00000123853.9	ENSMUSG00000022016	149	1	0	1	4	4	66	68
ENSMUST00000040990.7	ENSMUSG00000058997	232	0	1	1	0	NA	218	NA
ENSMUST00000022595.8	ENSMUSG00000022018	148	0	0	0	0	NA	NA	NA
ENSMUST00000061222.9	ENSMUSG00000043881	219	0	0	0	0	NA	NA	NA
ENSMUST00000022601.7	ENSMUSG00000022023	588	1	0	1	22	22	288	231
ENSMUST00000040131.13	ENSMUSG00000036461	672	4	1	1	59	20	463	15
ENSMUST00000168889.3	ENSMUSG00000022021	110	1	0	1	22	22	31	10
ENSMUST00000168275.9	ENSMUSG00000022019	169	1	0	1	34	34	4	60
ENSMUST00000069334.8	ENSMUSG00000055639	234	1	0	1	1	1	226	2
ENSMUST00000042662.10	ENSMUSG00000033186	57	0	0	0	0	NA	NA	NA
ENSMUST00000022656.8	ENSMUSG00000022070	319	1	1	1	10	10	75	211
ENSMUST00000042471.11	ENSMUSG00000033166	97	1	0	1	10	10	36	28
ENSMUST00000022650.9	ENSMUSG00000022064	244	1	0	1	4	4	198	31
ENSMUST00000005279.8	ENSMUSG00000005148	304	0	0	0	0	NA	NA	NA
ENSMUST00000228216.2	ENSMUSG00000072294	180	3	2	1	11	9	50	20
ENSMUST00000161991.8	ENSMUSG00000033083	573	2	0	1	8	5	352	123
ENSMUST00000002289.8	ENSMUSG00000022111	70	0	0	0	0	NA	NA	NA
ENSMUST00000100337.10	ENSMUSG00000033060	200	0	0	0	0	NA	NA	NA
ENSMUST00000184744.2	ENSMUSG00000098557	197	0	0	0	0	NA	NA	NA
ENSMUST00000022721.8	ENSMUSG00000022125	130	0	0	0	0	NA	NA	NA
ENSMUST00000022720.15	ENSMUSG00000022124	394	2	0	1	23	22	240	85
ENSMUST00000069443.14	ENSMUSG00000055717	127	0	1	1	0	NA	62	NA
ENSMUST00000249907.1	ENSMUSG00000053253	252	0	1	1	0	NA	6	NA
ENSMUST00000022709.6	ENSMUSG00000022114	283	0	1	1	0	NA	240	NA
ENSMUST00000088483.10	ENSMUSG00000058571	362	0	1	1	0	NA	352	NA
ENSMUST00000022728.4	ENSMUSG00000022131	35	0	0	0	0	NA	NA	NA
ENSMUST00000036554.14	ENSMUSG00000032849	96	0	0	0	0	NA	NA	NA
ENSMUST00000047208.12	ENSMUSG00000042156	254	0	1	1	0	NA	12	NA
ENSMUST00000022734.9	ENSMUSG00000022136	113	0	0	0	0	NA	NA	NA
ENSMUST00000167459.3	ENSMUSG00000022139	630	7	0	1	150	34	79	67
ENSMUST00000032898.9	ENSMUSG00000030662	30	0	0	0	0	NA	NA	NA
ENSMUST00000026635.8	ENSMUSG00000025555	385	0	1	1	0	NA	227	NA
ENSMUST00000079817.8	ENSMUSG00000063410	395	1	0	1	9	9	234	131
ENSMUST00000212181.2	ENSMUSG00000025558	104	0	0	0	0	NA	NA	NA
ENSMUST00000026624.11	ENSMUSG00000025544	230	2	0	1	43	24	24	126
ENSMUST00000039118.7	ENSMUSG00000041703	360	3	0	1	43	19	189	2
ENSMUST00000075888.6	ENSMUSG00000061524	241	0	0	0	0	NA	NA	NA
ENSMUST00000038374.13	ENSMUSG00000041650	28	0	0	0	0	NA	NA	NA
ENSMUST00000037726.14	ENSMUSG00000041594	166	1	1	1	11	11	84	46
ENSMUST00000046633.10	ENSMUSG00000041935	30	0	0	0	0	NA	NA	NA
ENSMUST00000110690.9	ENSMUSG00000022186	389	1	0	1	25	25	85	226
ENSMUST00000118193.8	ENSMUSG00000022151	49	0	0	0	0	NA	NA	NA
ENSMUST00000120563.2	ENSMUSG00000039942	612	2	0	1	39	31	39	111
ENSMUST00000110664.9	ENSMUSG00000022150	283	1	0	1	7	7	154	105
ENSMUST00000061656.8	ENSMUSG00000050310	20	0	0	0	0	NA	NA	NA
ENSMUST00000022746.13	ENSMUSG00000022146	781	4	0	1	107	87	16	119
ENSMUST00000067190.12	ENSMUSG00000054263	290	1	0	1	3	3	239	39
ENSMUST00000163765.3	ENSMUSG00000022142	173	0	1	1	0	NA	45	NA
ENSMUST00000052965.8	ENSMUSG00000022141	418	5	0	1	69	29	70	36
ENSMUST00000005493.14	ENSMUSG00000005360	523	3	0	1	51	27	39	134
ENSMUST00000190591.10	ENSMUSG00000022253	242	0	0	0	0	NA	NA	NA
ENSMUST00000096482.10	ENSMUSG00000054115	174	2	0	1	17	13	9	123
ENSMUST00000227556.3	ENSMUSG00000039704	247	3	0	1	18	8	24	10
ENSMUST00000124470.8	ENSMUSG00000005268	331	3	0	1	20	9	191	43
ENSMUST00000136591.8	ENSMUSG00000044224	155	0	0	0	0	NA	NA	NA
ENSMUST00000090339.11	ENSMUSG00000022246	241	5	0	1	73	25	13	2
ENSMUST00000022816.15	ENSMUSG00000022205	109	0	0	0	0	NA	NA	NA
ENSMUST00000122941.8	ENSMUSG00000022201	80	0	0	0	0	NA	NA	NA
ENSMUST00000038172.16	ENSMUSG00000039458	171	1	1	1	11	11	17	118
ENSMUST00000059680.7	ENSMUSG00000022200	282	1	0	1	17	17	141	87
ENSMUST00000169061.8	ENSMUSG00000022191	280	6	0	1	72	26	100	22
ENSMUST00000058845.9	ENSMUSG00000045763	222	1	0	1	9	9	2	190
ENSMUST00000110457.8	ENSMUSG00000022272	485	2	0	1	31	16	212	80
ENSMUST00000061875.8	ENSMUSG00000052253	184	0	0	0	0	NA	NA	NA
ENSMUST00000022875.7	ENSMUSG00000022265	327	2	1	1	60	51	12	159
ENSMUST00000059662.8	ENSMUSG00000046034	84	0	0	0	0	NA	NA	NA
ENSMUST00000090247.7	ENSMUSG00000022263	352	2	0	1	53	43	10	40
ENSMUST00000226119.2	ENSMUSG00000022240	76	0	0	0	0	NA	NA	NA
ENSMUST00000044524.16	ENSMUSG00000039168	215	0	1	1	0	NA	0	NA
ENSMUST00000110410.10	ENSMUSG00000022237	151	0	0	0	0	NA	NA	NA
ENSMUST00000090227.6	ENSMUSG00000039100	232	0	0	0	0	NA	NA	NA
ENSMUST00000067458.7	ENSMUSG00000022231	658	4	0	1	46	21	455	46
ENSMUST00000022871.7	ENSMUSG00000022261	523	0	0	0	0	NA	NA	NA
ENSMUST00000042021.5	ENSMUSG00000038984	87	1	0	1	6	6	21	45
ENSMUST00000022865.17	ENSMUSG00000022255	317	1	0	1	4	4	212	90
ENSMUST00000022867.5	ENSMUSG00000022257	296	0	0	0	0	NA	NA	NA
ENSMUST00000227759.2	ENSMUSG00000022324	247	1	0	1	66	66	44	2
ENSMUST00000022946.6	ENSMUSG00000022323	138	0	0	0	0	NA	NA	NA
ENSMUST00000018476.14	ENSMUSG00000022329	254	0	0	0	0	NA	NA	NA
ENSMUST00000014457.15	ENSMUSG00000014313	135	0	1	1	0	NA	62	NA
ENSMUST00000047348.11	ENSMUSG00000037617	217	0	0	0	0	NA	NA	NA
ENSMUST00000022890.10	ENSMUSG00000022280	318	4	0	1	67	44	8	5
ENSMUST00000057486.9	ENSMUSG00000048307	233	0	0	0	0	NA	NA	NA
ENSMUST00000001809.15	ENSMUSG00000022283	467	0	0	0	0	NA	NA	NA
ENSMUST00000022894.14	ENSMUSG00000022285	602	3	0	1	42	22	96	419
ENSMUST00000078976.9	ENSMUSG00000062397	277	0	0	0	0	NA	NA	NA
ENSMUST00000168992.8	ENSMUSG00000051359	303	1	0	1	3	3	117	174
ENSMUST00000022901.16	ENSMUSG00000022292	212	0	1	1	0	NA	70	NA
ENSMUST00000074043.7	ENSMUSG00000037465	112	0	0	0	0	NA	NA	NA
ENSMUST00000065308.13	ENSMUSG00000037458	590	3	0	1	33	17	248	1
ENSMUST00000022904.8	ENSMUSG00000022295	183	1	0	1	3	3	71	100
ENSMUST00000179165.9	ENSMUSG00000022297	561	5	0	1	25	10	442	17
ENSMUST00000022908.10	ENSMUSG00000022299	215	0	0	0	0	NA	NA	NA
ENSMUST00000022916.13	ENSMUSG00000022305	106	0	0	0	0	NA	NA	NA
ENSMUST00000166917.3	ENSMUSG00000022307	132	2	0	1	9	8	73	12
ENSMUST00000022921.7	ENSMUSG00000022309	516	4	0	1	49	20	60	110
ENSMUST00000022962.8	ENSMUSG00000022337	57	0	0	0	0	NA	NA	NA
ENSMUST00000227843.2	ENSMUSG00000038736	97	0	0	0	0	NA	NA	NA
ENSMUST00000226827.2	ENSMUSG00000022338	88	1	0	1	14	14	4	39
ENSMUST00000227691.2	ENSMUSG00000022339	210	1	1	1	24	24	3	132
ENSMUST00000183757.8	ENSMUSG00000038679	98	0	0	0	0	NA	NA	NA
ENSMUST00000022925.10	ENSMUSG00000022312	66	0	0	0	0	NA	NA	NA
ENSMUST00000137116.3	ENSMUSG00000022313	94	0	0	0	0	NA	NA	NA
ENSMUST00000022927.11	ENSMUSG00000022314	232	0	0	0	0	NA	NA	NA
ENSMUST00000077273.9	ENSMUSG00000061731	796	6	1	1	69	37	248	68
ENSMUST00000079772.4	ENSMUSG00000063727	237	0	1	1	0	NA	163	NA
ENSMUST00000025356.4	ENSMUSG00000024479	317	0	0	0	0	NA	NA	NA
ENSMUST00000023059.13	ENSMUSG00000022422	66	0	0	0	0	NA	NA	NA
ENSMUST00000096433.10	ENSMUSG00000022419	181	1	0	1	10	10	85	63
ENSMUST00000110221.10	ENSMUSG00000022371	103	1	0	1	1	1	82	15
ENSMUST00000039769.13	ENSMUSG00000060429	358	1	1	1	3	3	333	13
ENSMUST00000096430.11	ENSMUSG00000071757	619	3	0	1	21	15	0	225
ENSMUST00000022993.7	ENSMUSG00000022365	153	0	0	0	0	NA	NA	NA
ENSMUST00000175805.9	ENSMUSG00000022361	431	8	0	1	83	24	42	59
ENSMUST00000228783.2	ENSMUSG00000022360	226	2	0	1	33	21	20	123
ENSMUST00000022986.8	ENSMUSG00000022358	321	0	0	0	0	NA	NA	NA
ENSMUST00000037270.5	ENSMUSG00000037119	238	1	0	1	9	9	121	87
ENSMUST00000072113.6	ENSMUSG00000062373	402	1	0	1	22	22	265	68
ENSMUST00000036937.9	ENSMUSG00000037085	81	0	1	1	0	NA	49	NA
ENSMUST00000036904.7	ENSMUSG00000037075	85	0	0	0	0	NA	NA	NA
ENSMUST00000022980.5	ENSMUSG00000022354	82	0	0	0	0	NA	NA	NA
ENSMUST00000080371.8	ENSMUSG00000022353	462	2	0	1	59	31	108	214
ENSMUST00000022976.6	ENSMUSG00000022350	247	3	0	1	29	20	135	49
ENSMUST00000079703.11	ENSMUSG00000059586	83	0	0	0	0	NA	NA	NA
ENSMUST00000067543.8	ENSMUSG00000032501	813	0	0	0	0	NA	NA	NA
ENSMUST00000063838.11	ENSMUSG00000022378	303	0	0	0	0	NA	NA	NA
ENSMUST00000177083.8	ENSMUSG00000022377	165	0	1	1	0	NA	85	NA
ENSMUST00000015146.16	ENSMUSG00000015002	197	1	0	1	11	11	122	39
ENSMUST00000230948.2	ENSMUSG00000072501	305	1	0	1	8	8	63	215
ENSMUST00000005256.14	ENSMUSG00000005125	155	0	0	0	0	NA	NA	NA
ENSMUST00000092640.6	ENSMUSG00000013846	189	0	0	0	0	NA	NA	NA
ENSMUST00000022954.7	ENSMUSG00000022332	326	0	0	0	0	NA	NA	NA
ENSMUST00000239146.2	ENSMUSG00000022607	312	2	0	1	5	4	197	14
ENSMUST00000043414.12	ENSMUSG00000036661	186	0	0	0	0	NA	NA	NA
ENSMUST00000151288.8	ENSMUSG00000079020	810	15	0	1	357	90	84	41
ENSMUST00000165541.8	ENSMUSG00000059895	1165	8	0	1	177	38	12	310
ENSMUST00000023268.14	ENSMUSG00000022602	196	0	0	0	0	NA	NA	NA
ENSMUST00000050234.4	ENSMUSG00000046380	719	4	0	1	95	85	11	116
ENSMUST00000070923.3	ENSMUSG00000056665	91	0	0	0	0	NA	NA	NA
ENSMUST00000100538.4	ENSMUSG00000075600	20	0	0	0	0	NA	NA	NA
ENSMUST00000023238.6	ENSMUSG00000022575	159	0	0	0	0	NA	NA	NA
ENSMUST00000170153.2	ENSMUSG00000046761	140	0	0	0	0	NA	NA	NA
ENSMUST00000165738.8	ENSMUSG00000063268	185	1	1	1	18	18	86	42
ENSMUST00000023225.8	ENSMUSG00000022564	149	0	0	0	0	NA	NA	NA
ENSMUST00000161527.8	ENSMUSG00000022553	462	2	0	1	47	40	148	191
ENSMUST00000096385.11	ENSMUSG00000022558	218	2	2	1	14	11	64	118
ENSMUST00000227478.2	ENSMUSG00000022556	156	2	0	1	50	27	13	59
ENSMUST00000023214.11	ENSMUSG00000022555	170	0	0	0	0	NA	NA	NA
ENSMUST00000023220.10	ENSMUSG00000022560	454	3	0	1	90	85	115	81
ENSMUST00000230977.2	ENSMUSG00000063354	623	4	0	1	53	18	0	142
ENSMUST00000176274.2	ENSMUSG00000053929	204	1	0	1	21	21	13	125
ENSMUST00000037551.15	ENSMUSG00000033819	870	5	1	1	249	72	46	192
ENSMUST00000127208.8	ENSMUSG00000033728	315	2	0	1	46	38	66	70
ENSMUST00000239003.2	ENSMUSG00000033697	260	3	0	1	28	19	139	30
ENSMUST00000080406.7	ENSMUSG00000022526	753	9	0	1	298	100	178	73
ENSMUST00000004072.10	ENSMUSG00000003970	42	0	0	0	0	NA	NA	NA
ENSMUST00000229055.2	ENSMUSG00000054967	124	1	0	1	6	6	70	33
ENSMUST00000171751.10	ENSMUSG00000033565	385	0	0	0	0	NA	NA	NA
ENSMUST00000016771.13	ENSMUSG00000022443	238	0	0	0	0	NA	NA	NA
ENSMUST00000005487.12	ENSMUSG00000005354	100	1	0	1	9	9	4	66
ENSMUST00000016696.13	ENSMUSG00000016552	157	0	0	0	0	NA	NA	NA
ENSMUST00000016781.8	ENSMUSG00000016637	305	2	0	1	185	93	11	12
ENSMUST00000167140.8	ENSMUSG00000071711	60	0	0	0	0	NA	NA	NA
ENSMUST00000023075.9	ENSMUSG00000022440	102	1	0	1	13	13	45	15
ENSMUST00000164826.8	ENSMUSG00000033170	58	0	0	0	0	NA	NA	NA
ENSMUST00000059619.3	ENSMUSG00000049521	364	1	0	1	2	2	333	22
ENSMUST00000041587.8	ENSMUSG00000033128	385	3	0	1	108	71	5	82
ENSMUST00000089377.6	ENSMUSG00000068220	71	0	0	0	0	NA	NA	NA
ENSMUST00000040676.11	ENSMUSG00000033055	88	0	0	0	0	NA	NA	NA
ENSMUST00000040320.10	ENSMUSG00000033039	320	0	0	0	0	NA	NA	NA
ENSMUST00000230271.2	ENSMUSG00000033020	406	3	0	1	46	22	2	97
ENSMUST00000166977.9	ENSMUSG00000042632	583	3	0	1	96	70	36	46
ENSMUST00000229130.2	ENSMUSG00000042622	185	4	0	1	66	23	4	72
ENSMUST00000228002.2	ENSMUSG00000009035	130	1	0	1	3	3	59	59
ENSMUST00000054014.9	ENSMUSG00000055065	497	1	0	1	14	14	89	363
ENSMUST00000023062.5	ENSMUSG00000022427	31	0	0	0	0	NA	NA	NA
ENSMUST00000023061.7	ENSMUSG00000022426	1002	5	0	1	57	20	423	101
ENSMUST00000046259.14	ENSMUSG00000042524	234	0	0	0	0	NA	NA	NA
ENSMUST00000023055.8	ENSMUSG00000022420	246	1	0	1	10	10	20	193
ENSMUST00000023057.10	ENSMUSG00000022421	183	0	0	0	0	NA	NA	NA
ENSMUST00000109627.8	ENSMUSG00000089715	477	5	0	1	98	52	7	5
ENSMUST00000089293.11	ENSMUSG00000053411	123	0	0	0	0	NA	NA	NA
ENSMUST00000000500.8	ENSMUSG00000000489	810	3	0	1	29	14	363	114
ENSMUST00000009727.12	ENSMUSG00000022415	50	0	0	0	0	NA	NA	NA
ENSMUST00000023050.9	ENSMUSG00000022414	29	0	0	0	0	NA	NA	NA
ENSMUST00000023048.12	ENSMUSG00000022412	520	4	0	1	108	70	90	17
ENSMUST00000109579.9	ENSMUSG00000042292	265	2	0	1	23	18	119	75
ENSMUST00000172107.8	ENSMUSG00000022403	449	5	0	1	182	57	30	113
ENSMUST00000163754.9	ENSMUSG00000022401	86	0	0	0	0	NA	NA	NA
ENSMUST00000068387.11	ENSMUSG00000055024	1232	3	0	1	62	37	591	305
ENSMUST00000170134.9	ENSMUSG00000022391	273	0	0	0	0	NA	NA	NA
ENSMUST00000109554.3	ENSMUSG00000022390	296	3	0	1	51	27	95	113
ENSMUST00000023024.8	ENSMUSG00000022389	156	0	1	1	0	NA	20	NA
ENSMUST00000050467.9	ENSMUSG00000048546	656	3	0	1	30	13	86	202
ENSMUST00000023117.10	ENSMUSG00000061360	47	0	0	0	0	NA	NA	NA
ENSMUST00000023116.7	ENSMUSG00000022477	204	2	1	1	4	3	40	54
ENSMUST00000023112.12	ENSMUSG00000022474	129	0	1	1	0	NA	10	NA
ENSMUST00000152227.8	ENSMUSG00000022472	198	0	0	0	0	NA	NA	NA
ENSMUST00000100399.11	ENSMUSG00000022471	1302	16	0	1	361	69	62	114
ENSMUST00000089174.6	ENSMUSG00000068114	144	0	0	0	0	NA	NA	NA
ENSMUST00000023100.8	ENSMUSG00000022463	222	2	0	1	20	12	89	37
ENSMUST00000089157.11	ENSMUSG00000068101	69	1	0	1	2	2	35	25
ENSMUST00000023088.8	ENSMUSG00000022453	136	0	0	0	0	NA	NA	NA
ENSMUST00000048966.7	ENSMUSG00000041852	185	2	0	1	43	29	90	5
ENSMUST00000058793.14	ENSMUSG00000041815	131	0	0	0	0	NA	NA	NA
ENSMUST00000018186.16	ENSMUSG00000018042	460	0	0	0	0	NA	NA	NA
ENSMUST00000067215.9	ENSMUSG00000054277	98	0	0	0	0	NA	NA	NA
ENSMUST00000171436.8	ENSMUSG00000016664	221	0	0	0	0	NA	NA	NA
ENSMUST00000016897.12	ENSMUSG00000022442	373	5	0	1	61	17	205	40
ENSMUST00000016901.5	ENSMUSG00000016757	47	0	0	0	0	NA	NA	NA
ENSMUST00000023071.8	ENSMUSG00000022437	123	1	0	1	9	9	11	82
ENSMUST00000023072.7	ENSMUSG00000022438	29	0	0	0	0	NA	NA	NA
ENSMUST00000065499.5	ENSMUSG00000036106	181	1	0	1	36	36	37	33
ENSMUST00000165443.4	ENSMUSG00000016619	250	1	1	1	11	11	11	203
ENSMUST00000023069.9	ENSMUSG00000022434	165	0	0	0	0	NA	NA	NA
ENSMUST00000057410.14	ENSMUSG00000006369	185	0	0	0	0	NA	NA	NA
ENSMUST00000163242.3	ENSMUSG00000016541	220	0	0	0	0	NA	NA	NA
ENSMUST00000071876.13	ENSMUSG00000064284	205	1	0	1	7	7	154	27
ENSMUST00000016172.10	ENSMUSG00000016028	433	1	2	1	13	13	157	234
ENSMUST00000088931.10	ENSMUSG00000035900	33	0	1	1	0	NA	19	NA
ENSMUST00000044332.16	ENSMUSG00000035891	493	0	0	0	0	NA	NA	NA
ENSMUST00000063414.9	ENSMUSG00000051864	116	0	1	1	0	NA	103	NA
ENSMUST00000109381.9	ENSMUSG00000022387	319	0	0	0	0	NA	NA	NA
ENSMUST00000041297.15	ENSMUSG00000034333	639	16	1	1	336	45	70	12
ENSMUST00000162183.8	ENSMUSG00000035845	84	0	1	1	0	NA	65	NA
ENSMUST00000024042.5	ENSMUSG00000023272	66	0	0	0	0	NA	NA	NA
ENSMUST00000042818.11	ENSMUSG00000035828	482	0	0	0	0	NA	NA	NA
ENSMUST00000081702.12	ENSMUSG00000015363	164	1	1	1	4	4	4	56
ENSMUST00000082439.6	ENSMUSG00000035757	25	0	0	0	0	NA	NA	NA
ENSMUST00000109353.9	ENSMUSG00000051786	270	3	0	1	29	14	26	56
ENSMUST00000088827.8	ENSMUSG00000022610	149	0	0	0	0	NA	NA	NA
ENSMUST00000088823.5	ENSMUSG00000053137	115	0	0	0	0	NA	NA	NA
ENSMUST00000060808.10	ENSMUSG00000036606	133	1	0	1	3	3	80	41
ENSMUST00000238818.2	ENSMUSG00000036561	407	4	2	1	79	45	67	17
ENSMUST00000144585.9	ENSMUSG00000036529	139	0	1	1	0	NA	84	NA
ENSMUST00000023283.6	ENSMUSG00000022614	210	0	0	0	0	NA	NA	NA
ENSMUST00000088717.7	ENSMUSG00000008690	100	2	0	1	13	8	39	13
ENSMUST00000023291.6	ENSMUSG00000022619	308	0	0	0	0	NA	NA	NA
ENSMUST00000064391.12	ENSMUSG00000052560	128	0	0	0	0	NA	NA	NA
ENSMUST00000057896.5	ENSMUSG00000036197	70	0	0	0	0	NA	NA	NA
ENSMUST00000080299.7	ENSMUSG00000022634	26	0	0	0	0	NA	NA	NA
ENSMUST00000076070.9	ENSMUSG00000022635	174	0	0	0	0	NA	NA	NA
ENSMUST00000068457.15	ENSMUSG00000036167	82	0	1	1	0	NA	77	NA
ENSMUST00000109255.3	ENSMUSG00000036158	312	2	0	1	38	34	65	26
ENSMUST00000023087.13	ENSMUSG00000022451	103	0	1	1	0	NA	11	NA
ENSMUST00000227791.2	ENSMUSG00000064210	92	0	0	0	0	NA	NA	NA
ENSMUST00000096250.5	ENSMUSG00000033237	122	1	0	1	6	6	29	72
ENSMUST00000047835.8	ENSMUSG00000033228	263	1	0	1	8	8	166	70
ENSMUST00000088454.13	ENSMUSG00000023169	215	0	0	0	0	NA	NA	NA
ENSMUST00000023099.8	ENSMUSG00000022462	410	0	0	0	0	NA	NA	NA
ENSMUST00000229890.2	ENSMUSG00000048218	583	7	2	1	108	30	202	108
ENSMUST00000117892.2	ENSMUSG00000081534	126	0	0	0	0	NA	NA	NA
ENSMUST00000118294.8	ENSMUSG00000022475	240	3	0	1	13	7	50	99
ENSMUST00000044189.16	ENSMUSG00000033075	506	5	0	1	78	35	6	11
ENSMUST00000163507.8	ENSMUSG00000033065	85	0	1	1	0	NA	68	NA
ENSMUST00000143400.8	ENSMUSG00000048175	190	2	2	1	55	54	8	17
ENSMUST00000230542.2	ENSMUSG00000022992	371	2	0	1	28	17	29	132
ENSMUST00000169707.8	ENSMUSG00000011960	700	3	1	1	111	68	8	363
ENSMUST00000096224.6	ENSMUSG00000022994	154	2	0	1	38	28	47	20
ENSMUST00000230490.2	ENSMUSG00000003352	64	0	0	0	0	NA	NA	NA
ENSMUST00000003451.11	ENSMUSG00000054855	112	0	0	0	0	NA	NA	NA
ENSMUST00000053183.12	ENSMUSG00000051853	321	0	0	0	0	NA	NA	NA
ENSMUST00000168846.3	ENSMUSG00000067713	83	0	1	1	0	NA	22	NA
ENSMUST00000024518.11	ENSMUSG00000023755	279	0	1	1	0	NA	1	NA
ENSMUST00000023736.10	ENSMUSG00000022999	310	0	1	1	0	NA	296	NA
ENSMUST00000097014.7	ENSMUSG00000072235	250	2	0	1	77	54	14	71
ENSMUST00000058914.10	ENSMUSG00000043091	531	0	0	0	0	NA	NA	NA
ENSMUST00000061295.7	ENSMUSG00000038009	302	3	0	1	55	24	120	3
ENSMUST00000063517.6	ENSMUSG00000051934	604	1	0	1	8	8	351	226
ENSMUST00000041190.17	ENSMUSG00000037570	210	2	1	1	33	25	17	40
ENSMUST00000145482.8	ENSMUSG00000023007	221	1	0	1	37	37	0	107
ENSMUST00000023749.15	ENSMUSG00000023010	187	1	0	1	19	19	17	110
ENSMUST00000023747.14	ENSMUSG00000023009	217	2	0	1	32	17	64	91
ENSMUST00000023758.9	ENSMUSG00000023017	543	2	0	1	16	8	249	79
ENSMUST00000023759.6	ENSMUSG00000023018	193	0	0	0	0	NA	NA	NA
ENSMUST00000023761.4	ENSMUSG00000023020	210	0	0	0	0	NA	NA	NA
ENSMUST00000023762.13	ENSMUSG00000023021	222	0	1	1	0	NA	46	NA
ENSMUST00000073691.5	ENSMUSG00000023022	154	0	0	0	0	NA	NA	NA
ENSMUST00000100206.4	ENSMUSG00000023025	186	0	0	0	0	NA	NA	NA
ENSMUST00000100203.10	ENSMUSG00000023026	146	1	0	1	22	22	0	77
ENSMUST00000023769.11	ENSMUSG00000023027	270	1	0	1	12	12	56	175
ENSMUST00000067752.5	ENSMUSG00000054619	86	0	0	0	0	NA	NA	NA
ENSMUST00000023774.12	ENSMUSG00000023030	132	1	0	1	17	17	53	25
ENSMUST00000037001.10	ENSMUSG00000037353	101	0	0	0	0	NA	NA	NA
ENSMUST00000061457.7	ENSMUSG00000044636	536	3	0	1	155	111	68	50
ENSMUST00000229696.2	ENSMUSG00000009733	134	0	0	0	0	NA	NA	NA
ENSMUST00000000356.10	ENSMUSG00000000346	363	0	0	0	0	NA	NA	NA
ENSMUST00000066068.7	ENSMUSG00000053559	332	0	0	0	0	NA	NA	NA
ENSMUST00000159715.8	ENSMUSG00000037280	387	4	0	1	26	9	71	38
ENSMUST00000023776.13	ENSMUSG00000023032	183	3	0	1	27	10	30	98
ENSMUST00000000544.12	ENSMUSG00000000532	78	0	0	0	0	NA	NA	NA
ENSMUST00000228985.2	ENSMUSG00000023034	204	4	0	1	69	39	4	36
ENSMUST00000169681.3	ENSMUSG00000058655	178	0	0	0	0	NA	NA	NA
ENSMUST00000154032.2	ENSMUSG00000036966	76	0	2	1	0	NA	21	NA
ENSMUST00000023805.3	ENSMUSG00000023044	183	3	0	1	38	20	33	87
ENSMUST00000230867.2	ENSMUSG00000046897	297	1	0	1	16	16	162	84
ENSMUST00000043172.15	ENSMUSG00000001288	490	3	0	1	30	23	81	52
ENSMUST00000051341.6	ENSMUSG00000045665	194	0	1	1	0	NA	19	NA
ENSMUST00000064924.6	ENSMUSG00000058290	159	0	0	0	0	NA	NA	NA
ENSMUST00000001326.7	ENSMUSG00000001280	36	0	0	0	0	NA	NA	NA
ENSMUST00000023810.12	ENSMUSG00000023048	219	3	0	1	68	37	8	9
ENSMUST00000249860.1	ENSMUSG00000056851	335	0	0	0	0	NA	NA	NA
ENSMUST00000023812.10	ENSMUSG00000023050	83	0	0	0	0	NA	NA	NA
ENSMUST00000023813.9	ENSMUSG00000023051	91	0	0	0	0	NA	NA	NA
ENSMUST00000184616.8	ENSMUSG00000099083	110	0	1	1	0	NA	103	NA
ENSMUST00000185641.7	ENSMUSG00000062683	140	1	1	1	31	31	8	2
ENSMUST00000023818.11	ENSMUSG00000023055	156	0	0	0	0	NA	NA	NA
ENSMUST00000229377.2	ENSMUSG00000036061	398	7	0	1	74	31	64	37
ENSMUST00000118152.8	ENSMUSG00000009575	130	0	0	0	0	NA	NA	NA
ENSMUST00000087351.9	ENSMUSG00000046434	60	0	0	0	0	NA	NA	NA
ENSMUST00000168828.3	ENSMUSG00000000552	37	0	0	0	0	NA	NA	NA
ENSMUST00000023128.8	ENSMUSG00000000555	237	0	1	1	0	NA	90	NA
ENSMUST00000023176.5	ENSMUSG00000022529	282	1	0	1	16	16	31	200
ENSMUST00000090522.5	ENSMUSG00000039789	305	1	0	1	38	38	29	159
ENSMUST00000186375.8	ENSMUSG00000005982	130	1	0	1	2	2	75	46
ENSMUST00000040790.14	ENSMUSG00000039738	310	3	1	1	68	48	14	88
ENSMUST00000023165.9	ENSMUSG00000022521	774	2	0	1	21	15	409	193
ENSMUST00000117801.8	ENSMUSG00000005580	76	0	0	0	0	NA	NA	NA
ENSMUST00000005862.9	ENSMUSG00000005718	338	0	0	0	0	NA	NA	NA
ENSMUST00000014447.13	ENSMUSG00000014303	272	1	0	1	17	17	62	156
ENSMUST00000038770.4	ENSMUSG00000039646	217	0	0	0	0	NA	NA	NA
ENSMUST00000120056.8	ENSMUSG00000063445	175	0	0	0	0	NA	NA	NA
ENSMUST00000004172.15	ENSMUSG00000004070	145	0	0	0	0	NA	NA	NA
ENSMUST00000004173.12	ENSMUSG00000004071	249	1	0	1	19	19	5	184
ENSMUST00000037843.7	ENSMUSG00000039568	579	7	0	1	90	23	60	43
ENSMUST00000023159.10	ENSMUSG00000022517	137	1	0	1	3	3	71	54
ENSMUST00000230703.2	ENSMUSG00000039473	764	3	0	1	50	29	538	25
ENSMUST00000035672.5	ENSMUSG00000039457	78	0	0	0	0	NA	NA	NA
ENSMUST00000023911.11	ENSMUSG00000023143	30	0	0	0	0	NA	NA	NA
ENSMUST00000064635.12	ENSMUSG00000022544	47	0	0	0	0	NA	NA	NA
ENSMUST00000065987.14	ENSMUSG00000057880	191	0	0	0	0	NA	NA	NA
ENSMUST00000023396.10	ENSMUSG00000022711	101	1	0	1	16	16	3	47
ENSMUST00000008537.10	ENSMUSG00000008393	50	0	0	0	0	NA	NA	NA
ENSMUST00000161046.9	ENSMUSG00000022710	57	0	0	0	0	NA	NA	NA
ENSMUST00000078357.5	ENSMUSG00000022505	242	0	0	0	0	NA	NA	NA
ENSMUST00000023146.5	ENSMUSG00000022503	29	0	0	0	0	NA	NA	NA
ENSMUST00000184863.8	ENSMUSG00000038055	364	1	0	1	15	15	271	45
ENSMUST00000115824.10	ENSMUSG00000068663	224	3	0	1	42	26	65	27
ENSMUST00000023143.14	ENSMUSG00000022500	81	0	0	0	0	NA	NA	NA
ENSMUST00000228962.2	ENSMUSG00000037972	182	2	0	1	21	20	68	51
ENSMUST00000038424.14	ENSMUSG00000022498	141	0	1	1	0	NA	136	NA
ENSMUST00000037633.16	ENSMUSG00000037965	208	0	1	1	0	NA	194	NA
ENSMUST00000119953.2	ENSMUSG00000005846	76	0	1	1	0	NA	37	NA
ENSMUST00000080030.14	ENSMUSG00000062203	212	0	0	0	0	NA	NA	NA
ENSMUST00000180792.8	ENSMUSG00000071669	64	0	0	0	0	NA	NA	NA
ENSMUST00000096272.11	ENSMUSG00000065979	88	0	0	0	0	NA	NA	NA
ENSMUST00000149359.2	ENSMUSG00000009569	218	2	1	1	18	9	68	109
ENSMUST00000058884.10	ENSMUSG00000022685	141	0	0	0	0	NA	NA	NA
ENSMUST00000023365.13	ENSMUSG00000022684	295	7	0	1	139	45	10	3
ENSMUST00000115804.9	ENSMUSG00000022680	86	0	0	0	0	NA	NA	NA
ENSMUST00000090300.6	ENSMUSG00000060657	183	2	2	1	5	4	94	21
ENSMUST00000023359.13	ENSMUSG00000022678	135	2	0	1	43	38	0	18
ENSMUST00000100167.10	ENSMUSG00000023088	36	0	0	0	0	NA	NA	NA
ENSMUST00000023356.8	ENSMUSG00000022676	122	1	0	1	2	2	67	46
ENSMUST00000115777.10	ENSMUSG00000022674	49	0	0	0	0	NA	NA	NA
ENSMUST00000040248.9	ENSMUSG00000041974	74	2	0	1	25	15	23	3
ENSMUST00000096229.11	ENSMUSG00000022789	73	0	0	0	0	NA	NA	NA
ENSMUST00000161861.8	ENSMUSG00000022788	395	2	1	1	17	16	0	227
ENSMUST00000027373.12	ENSMUSG00000026181	221	0	1	1	0	NA	210	NA
ENSMUST00000232611.2	ENSMUSG00000063358	245	0	0	0	0	NA	NA	NA
ENSMUST00000023453.10	ENSMUSG00000022769	73	0	0	0	0	NA	NA	NA
ENSMUST00000232139.2	ENSMUSG00000038965	326	4	1	1	127	38	122	87
ENSMUST00000036161.12	ENSMUSG00000041720	78	0	0	0	0	NA	NA	NA
ENSMUST00000023449.11	ENSMUSG00000022765	137	0	0	0	0	NA	NA	NA
ENSMUST00000006293.5	ENSMUSG00000006134	491	1	0	1	11	11	331	124
ENSMUST00000023444.11	ENSMUSG00000022761	340	6	0	1	223	88	0	7
ENSMUST00000012259.9	ENSMUSG00000012114	124	0	0	0	0	NA	NA	NA
ENSMUST00000012161.5	ENSMUSG00000012017	97	0	0	0	0	NA	NA	NA
ENSMUST00000003622.16	ENSMUSG00000003528	140	0	0	0	0	NA	NA	NA
ENSMUST00000076957.7	ENSMUSG00000060166	126	0	1	1	0	NA	104	NA
ENSMUST00000115645.10	ENSMUSG00000005732	170	0	0	0	0	NA	NA	NA
ENSMUST00000115640.8	ENSMUSG00000022721	348	0	0	0	0	NA	NA	NA
ENSMUST00000009321.11	ENSMUSG00000022718	424	5	0	1	33	16	171	48
ENSMUST00000115628.10	ENSMUSG00000013539	186	1	0	1	42	42	28	29
ENSMUST00000165430.8	ENSMUSG00000000326	229	3	0	1	33	14	30	120
ENSMUST00000115578.10	ENSMUSG00000005262	208	1	0	1	49	49	18	40
ENSMUST00000023509.5	ENSMUSG00000062901	254	3	0	1	24	18	21	2
ENSMUST00000115560.4	ENSMUSG00000041215	188	0	0	0	0	NA	NA	NA
ENSMUST00000079158.13	ENSMUSG00000022822	199	2	0	1	25	22	57	38
ENSMUST00000003320.14	ENSMUSG00000003235	97	0	0	0	0	NA	NA	NA
ENSMUST00000171572.9	ENSMUSG00000003233	131	0	0	0	0	NA	NA	NA
ENSMUST00000090023.13	ENSMUSG00000022841	167	1	0	1	5	5	140	9
ENSMUST00000003319.6	ENSMUSG00000003234	96	1	0	1	16	16	1	44
ENSMUST00000007212.9	ENSMUSG00000006998	65	0	0	0	0	NA	NA	NA
ENSMUST00000006112.7	ENSMUSG00000005958	415	0	0	0	0	NA	NA	NA
ENSMUST00000023562.9	ENSMUSG00000022856	66	0	0	0	0	NA	NA	NA
ENSMUST00000023561.8	ENSMUSG00000022855	158	0	0	0	0	NA	NA	NA
ENSMUST00000100052.11	ENSMUSG00000033581	336	0	0	0	0	NA	NA	NA
ENSMUST00000161286.8	ENSMUSG00000022858	229	0	0	0	0	NA	NA	NA
ENSMUST00000079601.13	ENSMUSG00000013089	281	1	2	1	77	77	10	37
ENSMUST00000004576.8	ENSMUSG00000004462	368	2	1	1	42	27	38	165
ENSMUST00000023599.13	ENSMUSG00000022884	348	1	0	1	14	14	156	147
ENSMUST00000023601.14	ENSMUSG00000022885	816	6	0	1	57	18	111	91
ENSMUST00000023151.6	ENSMUSG00000022508	328	2	0	1	33	19	169	24
ENSMUST00000023156.13	ENSMUSG00000022514	131	0	0	0	0	NA	NA	NA
ENSMUST00000100026.10	ENSMUSG00000038127	220	0	0	0	0	NA	NA	NA
ENSMUST00000160597.8	ENSMUSG00000038084	206	0	2	1	0	NA	54	NA
ENSMUST00000023171.8	ENSMUSG00000022528	251	1	0	1	4	4	138	98
ENSMUST00000100013.9	ENSMUSG00000022533	279	1	0	1	4	4	66	198
ENSMUST00000140402.8	ENSMUSG00000022537	79	0	0	0	0	NA	NA	NA
ENSMUST00000117363.9	ENSMUSG00000022538	56	0	1	1	0	NA	46	NA
ENSMUST00000059078.4	ENSMUSG00000046546	877	5	0	1	37	30	4	645
ENSMUST00000230614.2	ENSMUSG00000049076	171	1	0	1	14	14	15	111
ENSMUST00000060188.14	ENSMUSG00000047714	307	0	0	0	0	NA	NA	NA
ENSMUST00000089759.9	ENSMUSG00000046598	276	0	0	0	0	NA	NA	NA
ENSMUST00000115201.8	ENSMUSG00000022770	444	1	0	1	32	32	333	12
ENSMUST00000023460.7	ENSMUSG00000022774	137	0	2	1	0	NA	20	NA
ENSMUST00000231360.2	ENSMUSG00000022772	327	0	1	1	0	NA	314	NA
ENSMUST00000023467.9	ENSMUSG00000022781	276	0	0	0	0	NA	NA	NA
ENSMUST00000096109.11	ENSMUSG00000023791	169	0	0	0	0	NA	NA	NA
ENSMUST00000115168.9	ENSMUSG00000035790	424	7	0	1	158	57	118	49
ENSMUST00000042732.6	ENSMUSG00000035764	347	1	0	1	21	21	54	227
ENSMUST00000171474.2	ENSMUSG00000014074	648	1	0	1	77	77	353	61
ENSMUST00000115151.5	ENSMUSG00000053774	31	0	0	0	0	NA	NA	NA
ENSMUST00000079791.11	ENSMUSG00000005615	118	1	0	1	32	32	8	11
ENSMUST00000023486.15	ENSMUSG00000022797	140	0	0	0	0	NA	NA	NA
ENSMUST00000238856.2	ENSMUSG00000022791	246	1	0	1	12	12	86	121
ENSMUST00000040986.15	ENSMUSG00000035629	191	2	0	1	19	13	75	74
ENSMUST00000023489.11	ENSMUSG00000022800	113	0	0	0	0	NA	NA	NA
ENSMUST00000135193.9	ENSMUSG00000022801	NA	NA	NA	NA	NA	NA	NA	NA
ENSMUST00000115100.9	ENSMUSG00000035578	103	0	0	0	0	NA	NA	NA
ENSMUST00000078804.12	ENSMUSG00000060636	90	0	0	0	0	NA	NA	NA
ENSMUST00000232181.2	ENSMUSG00000022807	733	1	0	1	21	21	584	83
ENSMUST00000165418.9	ENSMUSG00000022811	426	3	0	1	46	17	244	42
ENSMUST00000126532.2	ENSMUSG00000075254	67	1	0	1	1	1	40	21
ENSMUST00000115028.11	ENSMUSG00000022817	296	1	1	1	14	14	161	90
ENSMUST00000023510.7	ENSMUSG00000022814	57	0	0	0	0	NA	NA	NA
ENSMUST00000023532.7	ENSMUSG00000022833	42	0	0	0	0	NA	NA	NA
ENSMUST00000023538.9	ENSMUSG00000022836	83	1	0	1	1	1	73	4
ENSMUST00000061156.10	ENSMUSG00000035376	53	0	0	0	0	NA	NA	NA
ENSMUST00000043521.5	ENSMUSG00000034473	112	0	1	1	0	NA	47	NA
ENSMUST00000023550.9	ENSMUSG00000022844	109	0	0	0	0	NA	NA	NA
ENSMUST00000023554.9	ENSMUSG00000022848	115	0	0	0	0	NA	NA	NA
ENSMUST00000042665.9	ENSMUSG00000034422	191	2	0	1	16	12	106	46
ENSMUST00000114878.8	ENSMUSG00000022906	679	5	0	1	500	157	11	30
ENSMUST00000004054.13	ENSMUSG00000022905	199	0	0	0	0	NA	NA	NA
ENSMUST00000023535.4	ENSMUSG00000022837	168	1	0	1	7	7	80	64
ENSMUST00000023525.9	ENSMUSG00000022828	162	0	0	0	0	NA	NA	NA
ENSMUST00000114763.3	ENSMUSG00000022816	280	2	0	1	76	43	14	121
ENSMUST00000078717.7	ENSMUSG00000034158	107	0	0	0	0	NA	NA	NA
ENSMUST00000114750.2	ENSMUSG00000022812	238	2	0	1	9	7	7	67
ENSMUST00000036210.7	ENSMUSG00000034064	91	0	0	0	0	NA	NA	NA
ENSMUST00000163884.8	ENSMUSG00000002845	139	0	0	0	0	NA	NA	NA
ENSMUST00000023487.5	ENSMUSG00000022799	601	2	0	1	20	10	284	75
ENSMUST00000023482.13	ENSMUSG00000022793	250	1	0	1	31	31	149	5
ENSMUST00000214098.2	ENSMUSG00000036292	47	0	0	0	0	NA	NA	NA
ENSMUST00000114666.9	ENSMUSG00000052459	358	2	0	1	35	32	25	112
ENSMUST00000159514.8	ENSMUSG00000022698	394	2	2	1	23	14	274	33
ENSMUST00000048788.14	ENSMUSG00000036208	62	0	0	0	0	NA	NA	NA
ENSMUST00000023344.10	ENSMUSG00000022664	345	6	0	1	81	32	44	21
ENSMUST00000023343.4	ENSMUSG00000022663	315	1	0	1	10	10	222	60
ENSMUST00000066983.13	ENSMUSG00000033157	64	0	0	0	0	NA	NA	NA
ENSMUST00000036355.13	ENSMUSG00000033149	185	0	1	1	0	NA	163	NA
ENSMUST00000023335.13	ENSMUSG00000022656	193	0	0	0	0	NA	NA	NA
ENSMUST00000121869.8	ENSMUSG00000064061	445	1	0	1	12	12	381	25
ENSMUST00000046777.11	ENSMUSG00000032965	105	0	0	0	0	NA	NA	NA
ENSMUST00000229206.2	ENSMUSG00000055447	142	0	0	0	0	NA	NA	NA
ENSMUST00000138166.8	ENSMUSG00000022641	304	3	1	1	56	28	7	38
ENSMUST00000226593.2	ENSMUSG00000022637	94	0	0	0	0	NA	NA	NA
ENSMUST00000170035.8	ENSMUSG00000022636	NA	NA	NA	NA	NA	NA	NA	NA
ENSMUST00000114457.8	ENSMUSG00000035356	522	6	0	1	117	52	135	7
ENSMUST00000099705.5	ENSMUSG00000075033	533	5	2	1	113	35	17	51
ENSMUST00000023270.14	ENSMUSG00000022604	60	0	1	1	0	NA	5	NA
ENSMUST00000050248.9	ENSMUSG00000022601	179	0	0	0	0	NA	NA	NA
ENSMUST00000114444.9	ENSMUSG00000071533	73	0	0	0	0	NA	NA	NA
ENSMUST00000089362.9	ENSMUSG00000052917	71	0	0	0	0	NA	NA	NA
ENSMUST00000065515.14	ENSMUSG00000022757	312	0	0	0	0	NA	NA	NA
ENSMUST00000023435.6	ENSMUSG00000022754	357	3	0	1	31	27	22	100
ENSMUST00000166897.3	ENSMUSG00000022752	159	0	0	0	0	NA	NA	NA
ENSMUST00000226586.2	ENSMUSG00000022749	NA	NA	NA	NA	NA	NA	NA	NA
ENSMUST00000159816.8	ENSMUSG00000043336	376	1	2	1	81	81	99	31
ENSMUST00000046663.8	ENSMUSG00000035107	313	0	2	1	0	NA	0	NA
ENSMUST00000137035.8	ENSMUSG00000022747	611	3	1	1	109	88	264	80
ENSMUST00000060077.7	ENSMUSG00000022742	136	0	0	0	0	NA	NA	NA
ENSMUST00000023426.12	ENSMUSG00000022744	193	1	2	1	31	31	68	29
ENSMUST00000023407.12	ENSMUSG00000022724	199	1	0	1	2	2	60	130
ENSMUST00000023405.16	ENSMUSG00000022722	265	1	0	1	33	33	39	124
ENSMUST00000063089.12	ENSMUSG00000050312	95	1	0	1	11	11	24	35
ENSMUST00000089289.6	ENSMUSG00000022911	297	0	1	1	0	NA	268	NA
ENSMUST00000067744.8	ENSMUSG00000054604	490	2	0	1	38	25	248	73
ENSMUST00000004965.8	ENSMUSG00000004843	218	0	0	0	0	NA	NA	NA
ENSMUST00000163832.8	ENSMUSG00000022707	204	0	0	0	0	NA	NA	NA
ENSMUST00000023600.8	ENSMUSG00000022883	991	4	2	1	99	43	266	28
ENSMUST00000046283.16	ENSMUSG00000032932	62	0	0	0	0	NA	NA	NA
ENSMUST00000121927.8	ENSMUSG00000048490	600	5	0	1	85	36	176	79
ENSMUST00000239066.2	ENSMUSG00000022867	390	1	0	1	10	10	163	194
ENSMUST00000023572.15	ENSMUSG00000022865	336	0	1	1	0	NA	118	NA
ENSMUST00000023570.14	ENSMUSG00000022863	216	0	0	0	0	NA	NA	NA
ENSMUST00000231973.2	ENSMUSG00000022864	34	0	0	0	0	NA	NA	NA
ENSMUST00000114184.8	ENSMUSG00000008976	125	0	0	0	0	NA	NA	NA
ENSMUST00000226232.2	ENSMUSG00000022892	177	0	0	0	0	NA	NA	NA
ENSMUST00000023610.15	ENSMUSG00000022893	403	1	0	1	12	12	216	148
ENSMUST00000054442.11	ENSMUSG00000044442	68	1	0	1	14	14	6	17
ENSMUST00000039101.12	ENSMUSG00000041079	151	0	0	0	0	NA	NA	NA
ENSMUST00000026710.12	ENSMUSG00000025616	441	3	0	1	88	48	118	9
ENSMUST00000026703.6	ENSMUSG00000025612	172	0	2	1	0	NA	116	NA
ENSMUST00000163370.8	ENSMUSG00000002489	468	3	1	1	66	33	18	115
ENSMUST00000023707.11	ENSMUSG00000022982	104	0	0	0	0	NA	NA	NA
ENSMUST00000039280.9	ENSMUSG00000022983	393	1	0	1	18	18	117	219
ENSMUST00000065856.8	ENSMUSG00000053414	443	0	0	0	0	NA	NA	NA
ENSMUST00000118522.8	ENSMUSG00000022974	189	0	1	1	0	NA	33	NA
ENSMUST00000023689.11	ENSMUSG00000022967	106	1	0	1	1	1	76	24
ENSMUST00000023687.9	ENSMUSG00000022965	91	1	0	1	7	7	31	36
ENSMUST00000023686.15	ENSMUSG00000022964	260	2	1	1	69	65	4	2
ENSMUST00000114037.9	ENSMUSG00000022961	29	0	0	0	0	NA	NA	NA
ENSMUST00000023682.12	ENSMUSG00000022960	58	0	0	0	0	NA	NA	NA
ENSMUST00000023677.10	ENSMUSG00000022956	132	0	0	0	0	NA	NA	NA
ENSMUST00000113975.3	ENSMUSG00000089774	496	6	0	1	58	22	114	60
ENSMUST00000023672.10	ENSMUSG00000022951	95	0	0	0	0	NA	NA	NA
ENSMUST00000023673.14	ENSMUSG00000022952	274	1	1	1	10	10	24	217
ENSMUST00000202261.5	ENSMUSG00000039456	189	1	0	1	18	18	59	73
ENSMUST00000163193.9	ENSMUSG00000040820	292	3	0	1	15	11	53	94
ENSMUST00000117648.9	ENSMUSG00000040785	255	0	1	1	0	NA	115	NA
ENSMUST00000023615.7	ENSMUSG00000022898	436	2	0	1	132	94	15	123
ENSMUST00000122284.9	ENSMUSG00000022897	133	0	2	1	0	NA	72	NA
ENSMUST00000023612.17	ENSMUSG00000022895	570	0	0	0	0	NA	NA	NA
ENSMUST00000099502.9	ENSMUSG00000022914	126	1	0	1	7	7	9	93
ENSMUST00000050884.16	ENSMUSG00000040681	125	0	0	0	0	NA	NA	NA
ENSMUST00000023913.11	ENSMUSG00000023147	70	1	0	1	4	4	31	24
ENSMUST00000047275.8	ENSMUSG00000040605	60	0	0	0	0	NA	NA	NA
ENSMUST00000095849.10	ENSMUSG00000014039	108	0	0	0	0	NA	NA	NA
ENSMUST00000170757.3	ENSMUSG00000045975	318	1	1	1	2	2	225	84
ENSMUST00000063605.15	ENSMUSG00000046962	214	2	0	1	44	27	9	117
ENSMUST00000076734.8	ENSMUSG00000046201	410	1	0	1	7	7	266	120
ENSMUST00000041003.8	ENSMUSG00000036983	68	0	1	1	0	NA	55	NA
ENSMUST00000232180.2	ENSMUSG00000069729	NA	NA	NA	NA	NA	NA	NA	NA
ENSMUST00000005053.14	ENSMUSG00000004945	26	0	0	0	0	NA	NA	NA
ENSMUST00000089185.6	ENSMUSG00000034265	890	2	0	1	94	70	247	119
ENSMUST00000002436.11	ENSMUSG00000002365	206	0	0	0	0	NA	NA	NA
ENSMUST00000115791.10	ENSMUSG00000023805	171	0	0	0	0	NA	NA	NA
ENSMUST00000097432.10	ENSMUSG00000015659	124	0	0	0	0	NA	NA	NA
ENSMUST00000039655.3	ENSMUSG00000034377	757	7	0	1	116	40	2	135
ENSMUST00000064234.7	ENSMUSG00000052397	141	0	0	0	0	NA	NA	NA
ENSMUST00000024575.8	ENSMUSG00000023809	230	0	2	1	0	NA	172	NA
ENSMUST00000155364.8	ENSMUSG00000023861	129	0	0	0	0	NA	NA	NA
ENSMUST00000089085.10	ENSMUSG00000023868	386	1	0	1	15	15	24	314
ENSMUST00000233645.2	ENSMUSG00000062078	507	0	0	0	0	NA	NA	NA
ENSMUST00000024594.9	ENSMUSG00000023827	212	1	0	1	11	11	108	68
ENSMUST00000089058.7	ENSMUSG00000014426	168	1	1	1	11	11	27	105
ENSMUST00000151287.8	ENSMUSG00000068039	184	0	0	0	0	NA	NA	NA
ENSMUST00000007005.14	ENSMUSG00000023832	84	0	0	0	0	NA	NA	NA
ENSMUST00000159551.8	ENSMUSG00000060475	197	0	0	0	0	NA	NA	NA
ENSMUST00000139666.8	ENSMUSG00000068036	126	0	0	0	0	NA	NA	NA
ENSMUST00000024657.12	ENSMUSG00000023883	79	0	0	0	0	NA	NA	NA
ENSMUST00000097393.11	ENSMUSG00000036552	433	3	0	1	72	36	104	84
ENSMUST00000014917.8	ENSMUSG00000014773	736	1	0	1	21	21	118	552
ENSMUST00000055352.8	ENSMUSG00000014763	376	0	0	0	0	NA	NA	NA
ENSMUST00000054450.7	ENSMUSG00000014771	28	0	0	0	0	NA	NA	NA
ENSMUST00000024627.14	ENSMUSG00000023852	493	3	0	1	16	7	75	91
ENSMUST00000170578.3	ENSMUSG00000048027	430	1	2	1	28	28	222	121
ENSMUST00000041047.4	ENSMUSG00000023845	635	3	0	1	79	57	253	20
ENSMUST00000095606.5	ENSMUSG00000071256	386	1	0	1	13	13	284	60
ENSMUST00000047436.11	ENSMUSG00000041319	290	0	0	0	0	NA	NA	NA
ENSMUST00000024697.5	ENSMUSG00000023904	375	2	0	1	86	45	30	88
ENSMUST00000024698.10	ENSMUSG00000023905	48	0	0	0	0	NA	NA	NA
ENSMUST00000024702.5	ENSMUSG00000023909	373	2	0	1	11	9	147	51
ENSMUST00000045517.10	ENSMUSG00000040097	547	3	2	1	32	18	149	277
ENSMUST00000190686.7	ENSMUSG00000039218	241	0	0	0	0	NA	NA	NA
ENSMUST00000017090.6	ENSMUSG00000016946	57	0	0	0	0	NA	NA	NA
ENSMUST00000102927.10	ENSMUSG00000024122	135	1	0	1	15	15	31	56
ENSMUST00000024932.12	ENSMUSG00000024121	177	0	0	0	0	NA	NA	NA
ENSMUST00000097376.10	ENSMUSG00000036473	318	2	0	1	52	36	102	58
ENSMUST00000115390.5	ENSMUSG00000072082	99	0	0	0	0	NA	NA	NA
ENSMUST00000039013.15	ENSMUSG00000024130	560	3	0	1	103	38	266	128
ENSMUST00000163717.2	ENSMUSG00000034681	292	2	0	1	18	14	58	113
ENSMUST00000056032.9	ENSMUSG00000024137	23	0	0	0	0	NA	NA	NA
ENSMUST00000053024.8	ENSMUSG00000043445	118	0	1	1	0	NA	8	NA
ENSMUST00000179163.3	ENSMUSG00000024142	77	0	0	0	0	NA	NA	NA
ENSMUST00000176652.8	ENSMUSG00000052752	211	2	0	1	51	26	127	3
ENSMUST00000002572.6	ENSMUSG00000002504	177	0	0	0	0	NA	NA	NA
ENSMUST00000007236.5	ENSMUSG00000007021	136	0	0	0	0	NA	NA	NA
ENSMUST00000046839.10	ENSMUSG00000040888	89	0	0	0	0	NA	NA	NA
ENSMUST00000126319.8	ENSMUSG00000040688	96	0	0	0	0	NA	NA	NA
ENSMUST00000115262.9	ENSMUSG00000075705	66	0	0	0	0	NA	NA	NA
ENSMUST00000049642.7	ENSMUSG00000045316	281	1	1	1	11	11	28	217
ENSMUST00000121542.2	ENSMUSG00000073436	38	0	0	0	0	NA	NA	NA
ENSMUST00000088345.12	ENSMUSG00000024163	114	0	0	0	0	NA	NA	NA
ENSMUST00000024981.9	ENSMUSG00000024165	78	0	0	0	0	NA	NA	NA
ENSMUST00000073337.8	ENSMUSG00000038002	105	2	0	1	13	8	36	20
ENSMUST00000173084.9	ENSMUSG00000015120	833	5	0	1	133	82	57	14
ENSMUST00000237785.2	ENSMUSG00000041199	160	2	0	1	21	18	9	63
ENSMUST00000075884.8	ENSMUSG00000063011	95	0	0	0	0	NA	NA	NA
ENSMUST00000165838.9	ENSMUSG00000002274	121	0	0	0	0	NA	NA	NA
ENSMUST00000045692.9	ENSMUSG00000025738	316	1	1	1	11	11	247	33
ENSMUST00000043897.16	ENSMUSG00000025733	415	1	0	1	12	12	11	365
ENSMUST00000026828.7	ENSMUSG00000025732	88	0	0	0	0	NA	NA	NA
ENSMUST00000167626.8	ENSMUSG00000025730	146	0	0	0	0	NA	NA	NA
ENSMUST00000120691.9	ENSMUSG00000037098	378	3	0	1	70	49	154	18
ENSMUST00000025007.7	ENSMUSG00000024177	150	1	2	1	1	1	39	105
ENSMUST00000074370.11	ENSMUSG00000024182	435	2	1	1	49	31	232	46
ENSMUST00000114988.8	ENSMUSG00000024187	362	4	1	1	59	36	120	19
ENSMUST00000114976.9	ENSMUSG00000024188	80	0	0	0	0	NA	NA	NA
ENSMUST00000025025.7	ENSMUSG00000024190	196	0	0	0	0	NA	NA	NA
ENSMUST00000167662.8	ENSMUSG00000001576	124	0	0	0	0	NA	NA	NA
ENSMUST00000015719.16	ENSMUSG00000015575	105	0	0	0	0	NA	NA	NA
ENSMUST00000062519.14	ENSMUSG00000048249	311	1	0	1	15	15	60	203
ENSMUST00000237189.2	ENSMUSG00000024193	402	0	1	1	0	NA	397	NA
ENSMUST00000194598.6	ENSMUSG00000067629	199	0	0	0	0	NA	NA	NA
ENSMUST00000078691.12	ENSMUSG00000057789	636	4	0	1	152	64	91	33
ENSMUST00000049308.9	ENSMUSG00000042644	282	0	0	0	0	NA	NA	NA
ENSMUST00000154473.9	ENSMUSG00000062753	175	0	2	1	0	NA	137	NA
ENSMUST00000025050.13	ENSMUSG00000024213	310	2	0	1	42	33	48	134
ENSMUST00000114863.10	ENSMUSG00000056692	291	1	0	1	3	3	137	142
ENSMUST00000232873.2	ENSMUSG00000024217	298	0	0	0	0	NA	NA	NA
ENSMUST00000114849.3	ENSMUSG00000039512	310	1	0	1	16	16	182	77
ENSMUST00000025058.15	ENSMUSG00000024219	90	0	0	0	0	NA	NA	NA
ENSMUST00000073534.10	ENSMUSG00000024220	480	2	1	1	46	31	309	75
ENSMUST00000002327.6	ENSMUSG00000002257	65	0	0	0	0	NA	NA	NA
ENSMUST00000002320.16	ENSMUSG00000002250	329	5	1	1	85	48	83	37
ENSMUST00000079413.11	ENSMUSG00000024222	219	0	0	0	0	NA	NA	NA
ENSMUST00000130643.9	ENSMUSG00000004865	297	1	0	1	4	4	45	237
ENSMUST00000004990.14	ENSMUSG00000053436	411	0	0	0	0	NA	NA	NA
ENSMUST00000004985.11	ENSMUSG00000063952	298	0	0	0	0	NA	NA	NA
ENSMUST00000233197.2	ENSMUSG00000005936	331	3	0	1	176	99	25	6
ENSMUST00000009138.13	ENSMUSG00000024006	287	0	1	1	0	NA	38	NA
ENSMUST00000130216.3	ENSMUSG00000071172	161	0	0	0	0	NA	NA	NA
ENSMUST00000119901.9	ENSMUSG00000023067	134	2	1	1	16	8	22	44
ENSMUST00000024802.10	ENSMUSG00000024007	259	0	0	0	0	NA	NA	NA
ENSMUST00000095427.12	ENSMUSG00000024012	147	1	0	1	7	7	41	82
ENSMUST00000024811.9	ENSMUSG00000024014	391	0	0	0	0	NA	NA	NA
ENSMUST00000048677.9	ENSMUSG00000042203	154	1	0	1	9	9	15	109
ENSMUST00000024816.13	ENSMUSG00000024019	182	0	0	0	0	NA	NA	NA
ENSMUST00000128751.3	ENSMUSG00000024018	69	0	1	1	0	NA	33	NA
ENSMUST00000226208.3	ENSMUSG00000044477	505	0	0	0	0	NA	NA	NA
ENSMUST00000168787.8	ENSMUSG00000062202	370	0	0	0	0	NA	NA	NA
ENSMUST00000236335.2	ENSMUSG00000024026	108	0	0	0	0	NA	NA	NA
ENSMUST00000024829.8	ENSMUSG00000024030	128	0	0	0	0	NA	NA	NA
ENSMUST00000171233.9	ENSMUSG00000024036	434	5	0	1	105	34	49	118
ENSMUST00000064798.16	ENSMUSG00000024038	99	0	0	0	0	NA	NA	NA
ENSMUST00000097352.11	ENSMUSG00000006705	212	4	0	1	34	14	8	2
ENSMUST00000081339.13	ENSMUSG00000058392	375	1	1	1	11	11	31	308
ENSMUST00000087723.5	ENSMUSG00000038146	59	0	0	0	0	NA	NA	NA
ENSMUST00000003726.16	ENSMUSG00000024002	273	1	2	1	1	1	235	13
ENSMUST00000002699.7	ENSMUSG00000024045	82	1	0	1	6	6	28	33
ENSMUST00000148178.8	ENSMUSG00000059208	1481	22	1	1	625	120	69	175
ENSMUST00000057373.14	ENSMUSG00000077450	268	0	0	0	0	NA	NA	NA
ENSMUST00000002360.17	ENSMUSG00000002289	438	4	0	1	117	56	20	31
ENSMUST00000053429.11	ENSMUSG00000051390	169	1	0	1	14	14	30	94
ENSMUST00000047503.16	ENSMUSG00000041354	504	1	0	1	5	5	471	15
ENSMUST00000025163.14	ENSMUSG00000024309	256	0	0	0	0	NA	NA	NA
ENSMUST00000025183.9	ENSMUSG00000024325	223	1	0	1	12	12	40	144
ENSMUST00000116612.3	ENSMUSG00000039656	188	0	0	0	0	NA	NA	NA
ENSMUST00000114242.9	ENSMUSG00000024335	1534	10	0	1	469	102	85	25
ENSMUST00000170086.8	ENSMUSG00000037321	327	2	0	1	23	13	10	275
ENSMUST00000025196.9	ENSMUSG00000024338	609	5	1	1	104	50	58	122
ENSMUST00000038149.13	ENSMUSG00000034673	291	0	0	0	0	NA	NA	NA
ENSMUST00000015622.8	ENSMUSG00000015478	217	3	1	1	17	8	27	146
ENSMUST00000037489.15	ENSMUSG00000034254	320	1	0	1	15	15	137	135
ENSMUST00000171121.9	ENSMUSG00000015474	119	0	0	0	0	NA	NA	NA
ENSMUST00000173984.2	ENSMUSG00000015461	3	0	0	0	0	NA	NA	NA
ENSMUST00000069507.9	ENSMUSG00000073418	56	0	0	0	0	NA	NA	NA
ENSMUST00000077477.12	ENSMUSG00000061207	69	0	0	0	0	NA	NA	NA
ENSMUST00000097343.11	ENSMUSG00000024369	292	1	0	1	19	19	223	9
ENSMUST00000052778.10	ENSMUSG00000049823	231	0	0	0	0	NA	NA	NA
ENSMUST00000007253.6	ENSMUSG00000007038	154	2	0	1	6	4	7	132
ENSMUST00000172753.2	ENSMUSG00000090877	231	0	0	0	0	NA	NA	NA
ENSMUST00000087315.14	ENSMUSG00000007029	278	0	0	0	0	NA	NA	NA
ENSMUST00000007255.13	ENSMUSG00000007039	300	1	1	1	16	16	41	208
ENSMUST00000061859.7	ENSMUSG00000043311	401	2	0	1	20	17	159	188
ENSMUST00000166426.9	ENSMUSG00000024392	307	0	0	0	0	NA	NA	NA
ENSMUST00000025253.12	ENSMUSG00000024393	226	1	1	1	3	3	10	204
ENSMUST00000161012.8	ENSMUSG00000050410	429	3	0	1	17	10	132	33
ENSMUST00000119825.8	ENSMUSG00000003534	222	2	0	1	15	9	173	19
ENSMUST00000003635.7	ENSMUSG00000003541	35	0	0	0	0	NA	NA	NA
ENSMUST00000001569.15	ENSMUSG00000059714	286	1	0	1	11	11	13	237
ENSMUST00000001566.10	ENSMUSG00000001525	253	0	0	0	0	NA	NA	NA
ENSMUST00000074259.15	ENSMUSG00000059791	67	0	0	0	0	NA	NA	NA
ENSMUST00000144382.8	ENSMUSG00000034595	75	0	0	0	0	NA	NA	NA
ENSMUST00000025292.15	ENSMUSG00000024422	93	0	0	0	0	NA	NA	NA
ENSMUST00000025305.16	ENSMUSG00000024436	26	0	0	0	0	NA	NA	NA
ENSMUST00000087211.9	ENSMUSG00000039220	563	5	0	1	75	24	14	110
ENSMUST00000087200.4	ENSMUSG00000024429	324	0	0	0	0	NA	NA	NA
ENSMUST00000173369.2	ENSMUSG00000045409	159	2	3	1	34	22	26	64
ENSMUST00000130367.8	ENSMUSG00000024457	233	2	0	1	24	13	152	7
ENSMUST00000040402.14	ENSMUSG00000036398	207	0	0	0	0	NA	NA	NA
ENSMUST00000087114.5	ENSMUSG00000023919	701	4	1	1	124	76	91	6
ENSMUST00000169611.4	ENSMUSG00000023921	135	0	1	1	0	NA	125	NA
ENSMUST00000024709.9	ENSMUSG00000061665	73	0	0	0	0	NA	NA	NA
ENSMUST00000024708.6	ENSMUSG00000023915	442	2	2	1	53	48	96	116
ENSMUST00000177857.9	ENSMUSG00000039601	130	0	0	0	0	NA	NA	NA
ENSMUST00000154166.8	ENSMUSG00000023960	121	2	0	1	31	28	19	15
ENSMUST00000024757.14	ENSMUSG00000023961	184	1	0	1	17	17	116	14
ENSMUST00000024727.10	ENSMUSG00000023932	302	0	0	0	0	NA	NA	NA
ENSMUST00000024742.9	ENSMUSG00000023947	238	1	0	1	6	6	114	103
ENSMUST00000224905.2	ENSMUSG00000037089	184	0	0	0	0	NA	NA	NA
ENSMUST00000167692.8	ENSMUSG00000023942	240	0	0	0	0	NA	NA	NA
ENSMUST00000113523.9	ENSMUSG00000036026	167	1	0	1	3	3	150	5
ENSMUST00000024734.8	ENSMUSG00000023939	126	0	0	0	0	NA	NA	NA
ENSMUST00000024748.14	ENSMUSG00000023952	109	0	0	0	0	NA	NA	NA
ENSMUST00000024749.9	ENSMUSG00000023953	255	0	0	0	0	NA	NA	NA
ENSMUST00000087031.7	ENSMUSG00000067150	139	0	0	0	0	NA	NA	NA
ENSMUST00000095263.10	ENSMUSG00000071074	168	0	0	0	0	NA	NA	NA
ENSMUST00000225413.2	ENSMUSG00000012296	NA	NA	NA	NA	NA	NA	NA	NA
ENSMUST00000167360.8	ENSMUSG00000032842	91	0	0	0	0	NA	NA	NA
ENSMUST00000138127.8	ENSMUSG00000015597	88	0	0	0	0	NA	NA	NA
ENSMUST00000015749.7	ENSMUSG00000015605	347	1	0	1	9	9	286	31
ENSMUST00000044442.10	ENSMUSG00000023972	182	1	0	1	35	35	45	29
ENSMUST00000233974.2	ENSMUSG00000003546	54	0	0	0	0	NA	NA	NA
ENSMUST00000233136.2	ENSMUSG00000023971	65	0	0	0	0	NA	NA	NA
ENSMUST00000071841.7	ENSMUSG00000063576	415	3	0	1	31	20	329	15
ENSMUST00000232732.2	ENSMUSG00000002768	56	0	0	0	0	NA	NA	NA
ENSMUST00000002839.9	ENSMUSG00000059409	143	0	0	0	0	NA	NA	NA
ENSMUST00000059844.13	ENSMUSG00000023973	91	0	0	0	0	NA	NA	NA
ENSMUST00000113337.10	ENSMUSG00000023977	301	0	0	0	0	NA	NA	NA
ENSMUST00000171031.8	ENSMUSG00000034165	327	3	3	1	50	30	170	11
ENSMUST00000024783.9	ENSMUSG00000023988	321	2	1	1	28	22	69	142
ENSMUST00000024778.3	ENSMUSG00000092558	97	0	0	0	0	NA	NA	NA
ENSMUST00000086932.10	ENSMUSG00000023990	309	0	0	0	0	NA	NA	NA
ENSMUST00000097311.9	ENSMUSG00000023991	247	2	0	1	10	5	62	54
ENSMUST00000046719.14	ENSMUSG00000023994	208	0	0	0	0	NA	NA	NA
ENSMUST00000173033.8	ENSMUSG00000064120	32	0	0	0	0	NA	NA	NA
ENSMUST00000057610.8	ENSMUSG00000040260	199	2	0	1	11	8	127	37
ENSMUST00000044503.14	ENSMUSG00000039316	466	3	0	1	40	24	94	13
ENSMUST00000043938.8	ENSMUSG00000038910	205	0	0	0	0	NA	NA	NA
ENSMUST00000024717.10	ENSMUSG00000023923	166	1	1	1	3	3	79	75
ENSMUST00000140979.8	ENSMUSG00000023927	938	2	1	1	46	40	10	296
ENSMUST00000017975.7	ENSMUSG00000017831	467	1	0	1	11	11	404	27
ENSMUST00000000724.15	ENSMUSG00000000708	359	1	0	1	19	19	144	155
ENSMUST00000011733.9	ENSMUSG00000011589	128	0	0	0	0	NA	NA	NA
ENSMUST00000003268.11	ENSMUSG00000003200	176	0	0	0	0	NA	NA	NA
ENSMUST00000019722.12	ENSMUSG00000019578	110	0	0	0	0	NA	NA	NA
ENSMUST00000001256.11	ENSMUSG00000001227	159	1	0	1	22	22	4	86
ENSMUST00000038794.6	ENSMUSG00000001229	233	2	0	1	12	7	76	34
ENSMUST00000001258.15	ENSMUSG00000001228	253	0	0	0	0	NA	NA	NA
ENSMUST00000025036.11	ENSMUSG00000024201	180	0	0	0	0	NA	NA	NA
ENSMUST00000067538.6	ENSMUSG00000013236	239	1	0	1	18	18	129	53
ENSMUST00000075510.12	ENSMUSG00000042625	141	0	0	0	0	NA	NA	NA
ENSMUST00000182533.8	ENSMUSG00000071054	188	0	0	0	0	NA	NA	NA
ENSMUST00000002445.10	ENSMUSG00000002372	32	0	0	0	0	NA	NA	NA
ENSMUST00000002444.15	ENSMUSG00000024206	134	0	0	0	0	NA	NA	NA
ENSMUST00000025053.10	ENSMUSG00000024212	141	1	0	1	7	7	67	50
ENSMUST00000002735.9	ENSMUSG00000002660	23	0	0	0	0	NA	NA	NA
ENSMUST00000007814.10	ENSMUSG00000007670	89	0	0	0	0	NA	NA	NA
ENSMUST00000040280.14	ENSMUSG00000046329	190	0	0	0	0	NA	NA	NA
ENSMUST00000224152.2	ENSMUSG00000019487	NA	NA	NA	NA	NA	NA	NA	NA
ENSMUST00000005889.16	ENSMUSG00000034116	98	0	0	0	0	NA	NA	NA
ENSMUST00000025065.12	ENSMUSG00000024228	161	1	0	1	13	13	29	90
ENSMUST00000076840.12	ENSMUSG00000048915	187	0	0	0	0	NA	NA	NA
ENSMUST00000000129.14	ENSMUSG00000000127	55	0	0	0	0	NA	NA	NA
ENSMUST00000172818.8	ENSMUSG00000024083	208	0	0	0	0	NA	NA	NA
ENSMUST00000086723.10	ENSMUSG00000024085	1000	0	0	0	0	NA	NA	NA
ENSMUST00000024897.10	ENSMUSG00000024091	257	0	0	0	0	NA	NA	NA
ENSMUST00000070673.9	ENSMUSG00000056515	208	0	1	1	0	NA	171	NA
ENSMUST00000073104.11	ENSMUSG00000061950	88	0	0	0	0	NA	NA	NA
ENSMUST00000024905.11	ENSMUSG00000024096	332	2	0	1	23	20	156	38
ENSMUST00000233580.2	ENSMUSG00000024098	86	0	0	0	0	NA	NA	NA
ENSMUST00000038116.13	ENSMUSG00000034647	241	2	0	1	42	32	65	11
ENSMUST00000070538.12	ENSMUSG00000023460	15	0	0	0	0	NA	NA	NA
ENSMUST00000223982.2	ENSMUSG00000033278	358	0	0	0	0	NA	NA	NA
ENSMUST00000024840.12	ENSMUSG00000024043	110	1	0	1	3	3	96	2
ENSMUST00000080208.7	ENSMUSG00000024044	112	0	0	0	0	NA	NA	NA
ENSMUST00000112674.8	ENSMUSG00000049672	301	0	0	0	0	NA	NA	NA
ENSMUST00000059775.15	ENSMUSG00000047407	320	0	0	0	0	NA	NA	NA
ENSMUST00000148960.8	ENSMUSG00000024048	462	2	0	1	80	45	51	20
ENSMUST00000129635.8	ENSMUSG00000024052	112	0	0	0	0	NA	NA	NA
ENSMUST00000233057.2	ENSMUSG00000024053	130	0	0	0	0	NA	NA	NA
ENSMUST00000127430.2	ENSMUSG00000024054	179	0	0	0	0	NA	NA	NA
ENSMUST00000024854.9	ENSMUSG00000024059	138	2	5	1	10	6	26	25
ENSMUST00000045174.7	ENSMUSG00000039770	363	1	0	1	35	35	143	112
ENSMUST00000024857.14	ENSMUSG00000024063	248	0	0	0	0	NA	NA	NA
ENSMUST00000067545.8	ENSMUSG00000054469	188	1	0	1	2	2	60	119
ENSMUST00000024860.9	ENSMUSG00000024065	402	4	0	1	53	21	49	68
ENSMUST00000233514.3	ENSMUSG00000058704	111	0	0	0	0	NA	NA	NA
ENSMUST00000233581.2	ENSMUSG00000024067	156	0	0	0	0	NA	NA	NA
ENSMUST00000024869.8	ENSMUSG00000024068	24	0	0	0	0	NA	NA	NA
ENSMUST00000179074.9	ENSMUSG00000024069	45	0	0	0	0	NA	NA	NA
ENSMUST00000024873.7	ENSMUSG00000024072	223	0	1	1	0	NA	15	NA
ENSMUST00000112516.8	ENSMUSG00000001870	172	0	0	0	0	NA	NA	NA
ENSMUST00000112507.4	ENSMUSG00000002017	153	2	0	1	24	22	24	60
ENSMUST00000112498.3	ENSMUSG00000024074	521	0	0	0	0	NA	NA	NA
ENSMUST00000112487.3	ENSMUSG00000056121	69	0	0	0	0	NA	NA	NA
ENSMUST00000097281.4	ENSMUSG00000039414	41	0	0	0	0	NA	NA	NA
ENSMUST00000024885.10	ENSMUSG00000024081	36	0	0	0	0	NA	NA	NA
ENSMUST00000024887.6	ENSMUSG00000024082	29	0	0	0	0	NA	NA	NA
ENSMUST00000119284.8	ENSMUSG00000024070	762	13	0	1	156	37	191	62
ENSMUST00000068958.9	ENSMUSG00000036533	502	4	0	1	12	8	305	62
ENSMUST00000024894.2	ENSMUSG00000024087	356	0	0	0	0	NA	NA	NA
ENSMUST00000184635.8	ENSMUSG00000024095	235	0	0	0	0	NA	NA	NA
ENSMUST00000039205.11	ENSMUSG00000035473	245	0	0	0	0	NA	NA	NA
ENSMUST00000063417.11	ENSMUSG00000024097	103	0	0	0	0	NA	NA	NA
ENSMUST00000069486.13	ENSMUSG00000055760	249	2	0	1	41	29	10	91
ENSMUST00000038166.9	ENSMUSG00000035051	427	2	0	1	24	21	88	273
ENSMUST00000227729.2	ENSMUSG00000045257	77	0	0	0	0	NA	NA	NA
ENSMUST00000068714.7	ENSMUSG00000024241	46	0	0	0	0	NA	NA	NA
ENSMUST00000112389.9	ENSMUSG00000024242	204	0	0	0	0	NA	NA	NA
ENSMUST00000163123.3	ENSMUSG00000054640	100	1	0	1	6	6	43	36
ENSMUST00000170794.8	ENSMUSG00000024247	174	2	0	1	52	33	4	68
ENSMUST00000096766.12	ENSMUSG00000032624	284	1	0	1	6	6	235	28
ENSMUST00000060366.7	ENSMUSG00000045817	253	0	0	0	0	NA	NA	NA
ENSMUST00000047524.10	ENSMUSG00000024251	92	0	0	0	0	NA	NA	NA
ENSMUST00000112308.9	ENSMUSG00000024120	45	0	0	0	0	NA	NA	NA
ENSMUST00000080217.14	ENSMUSG00000061130	410	2	0	1	44	36	30	157
ENSMUST00000171795.9	ENSMUSG00000024127	442	9	1	1	72	15	183	67
ENSMUST00000095187.4	ENSMUSG00000024135	55	0	0	0	0	NA	NA	NA
ENSMUST00000097275.9	ENSMUSG00000045038	808	4	0	1	28	16	94	114
ENSMUST00000024954.11	ENSMUSG00000024140	583	1	0	1	41	41	97	360
ENSMUST00000024956.15	ENSMUSG00000024143	524	2	1	1	106	83	213	59
ENSMUST00000024957.7	ENSMUSG00000024145	130	1	0	1	6	6	38	71
ENSMUST00000024959.10	ENSMUSG00000024146	110	1	0	1	1	1	102	2
ENSMUST00000041369.8	ENSMUSG00000037104	442	2	0	1	100	78	105	100
ENSMUST00000024963.11	ENSMUSG00000024150	117	0	0	0	0	NA	NA	NA
ENSMUST00000041110.12	ENSMUSG00000036918	338	0	2	1	0	NA	225	NA
ENSMUST00000024967.14	ENSMUSG00000024151	266	1	2	1	4	4	37	214
ENSMUST00000005503.5	ENSMUSG00000005370	87	1	0	1	4	4	31	41
ENSMUST00000130379.9	ENSMUSG00000005371	37	0	2	1	0	NA	20	NA
ENSMUST00000112238.9	ENSMUSG00000034998	188	1	0	1	52	52	13	16
ENSMUST00000038551.8	ENSMUSG00000034709	144	0	0	0	0	NA	NA	NA
ENSMUST00000150235.8	ENSMUSG00000063889	354	1	0	1	1	1	343	5
ENSMUST00000162301.8	ENSMUSG00000024231	188	1	0	1	4	4	29	144
ENSMUST00000025075.3	ENSMUSG00000024232	287	1	0	1	8	8	174	86
ENSMUST00000025078.10	ENSMUSG00000024235	186	0	0	0	0	NA	NA	NA
ENSMUST00000025077.7	ENSMUSG00000024234	30	0	0	0	0	NA	NA	NA
ENSMUST00000126977.8	ENSMUSG00000024236	535	2	0	1	21	17	416	65
ENSMUST00000025081.13	ENSMUSG00000024238	46	0	0	0	0	NA	NA	NA
ENSMUST00000182213.8	ENSMUSG00000041225	271	6	0	1	102	43	117	2
ENSMUST00000025083.14	ENSMUSG00000006740	416	2	0	1	9	5	224	174
ENSMUST00000028100.13	ENSMUSG00000024240	241	4	0	1	36	18	13	1
ENSMUST00000234626.2	ENSMUSG00000073639	52	0	0	0	0	NA	NA	NA
ENSMUST00000115869.4	ENSMUSG00000057440	244	0	0	0	0	NA	NA	NA
ENSMUST00000167020.8	ENSMUSG00000024283	378	1	0	1	8	8	210	141
ENSMUST00000041080.7	ENSMUSG00000036904	757	2	0	1	22	12	280	258
ENSMUST00000053917.6	ENSMUSG00000024286	479	2	0	1	15	10	205	102
ENSMUST00000234965.2	ENSMUSG00000036103	158	1	0	1	4	4	97	46
ENSMUST00000025137.9	ENSMUSG00000024287	287	1	0	1	15	15	163	76
ENSMUST00000092096.14	ENSMUSG00000047879	213	0	1	1	0	NA	80	NA
ENSMUST00000067947.7	ENSMUSG00000024290	728	4	0	1	40	26	113	143
ENSMUST00000025142.13	ENSMUSG00000024293	1021	10	0	1	274	99	275	65
ENSMUST00000002551.5	ENSMUSG00000002477	138	0	0	0	0	NA	NA	NA
ENSMUST00000117726.9	ENSMUSG00000002475	22	0	0	0	0	NA	NA	NA
ENSMUST00000052838.11	ENSMUSG00000024294	757	1	0	1	100	100	157	297
ENSMUST00000047762.10	ENSMUSG00000005836	311	0	0	0	0	NA	NA	NA
ENSMUST00000115861.9	ENSMUSG00000041238	347	3	0	1	70	41	31	59
ENSMUST00000209859.2	ENSMUSG00000049411	78	0	0	0	0	NA	NA	NA
ENSMUST00000025270.8	ENSMUSG00000024404	170	0	0	0	0	NA	NA	NA
ENSMUST00000025276.15	ENSMUSG00000024410	84	0	0	0	0	NA	NA	NA
ENSMUST00000025279.6	ENSMUSG00000024413	163	0	0	0	0	NA	NA	NA
ENSMUST00000118525.9	ENSMUSG00000057766	166	0	0	0	0	NA	NA	NA
ENSMUST00000234966.2	ENSMUSG00000024424	542	0	0	0	0	NA	NA	NA
ENSMUST00000074352.11	ENSMUSG00000044252	212	0	0	0	0	NA	NA	NA
ENSMUST00000025290.7	ENSMUSG00000024423	414	6	2	1	60	20	7	243
ENSMUST00000025288.9	ENSMUSG00000024420	288	0	4	1	0	NA	101	NA
ENSMUST00000040924.9	ENSMUSG00000037013	179	0	0	0	0	NA	NA	NA
ENSMUST00000234789.2	ENSMUSG00000054321	350	1	0	1	30	30	245	12
ENSMUST00000025166.14	ENSMUSG00000024304	852	0	0	0	0	NA	NA	NA
ENSMUST00000059787.15	ENSMUSG00000044393	211	0	0	0	0	NA	NA	NA
ENSMUST00000070080.6	ENSMUSG00000056124	937	3	0	1	80	46	265	66
ENSMUST00000234316.2	ENSMUSG00000033107	165	0	0	0	0	NA	NA	NA
ENSMUST00000234107.2	ENSMUSG00000024317	303	2	0	1	48	27	19	130
ENSMUST00000049260.7	ENSMUSG00000042680	368	2	0	1	66	60	21	125
ENSMUST00000115832.4	ENSMUSG00000024302	312	7	0	1	68	15	58	1
ENSMUST00000025127.5	ENSMUSG00000024277	119	0	0	0	0	NA	NA	NA
ENSMUST00000060762.6	ENSMUSG00000024276	258	0	0	0	0	NA	NA	NA
ENSMUST00000066497.12	ENSMUSG00000051469	180	0	0	0	0	NA	NA	NA
ENSMUST00000153360.8	ENSMUSG00000047989	152	0	0	0	0	NA	NA	NA
ENSMUST00000000430.14	ENSMUSG00000000420	335	6	0	1	83	24	175	11
ENSMUST00000046206.5	ENSMUSG00000040446	138	0	0	0	0	NA	NA	NA
ENSMUST00000070726.10	ENSMUSG00000024270	540	1	0	1	9	9	399	111
ENSMUST00000068006.9	ENSMUSG00000039616	235	1	1	1	19	19	8	160
ENSMUST00000037097.9	ENSMUSG00000034295	164	0	1	1	0	NA	157	NA
ENSMUST00000115817.3	ENSMUSG00000024269	399	2	0	1	3	2	137	125
ENSMUST00000115812.10	ENSMUSG00000033628	204	2	4	1	25	23	3	72
ENSMUST00000060396.7	ENSMUSG00000024259	91	0	0	0	0	NA	NA	NA
ENSMUST00000235017.2	ENSMUSG00000024260	125	0	0	0	0	NA	NA	NA
ENSMUST00000115808.4	ENSMUSG00000041915	464	3	0	1	65	49	233	73
ENSMUST00000025264.8	ENSMUSG00000024400	180	1	0	1	10	10	24	123
ENSMUST00000025254.9	ENSMUSG00000024395	215	0	0	0	0	NA	NA	NA
ENSMUST00000096575.5	ENSMUSG00000024383	421	3	0	1	15	8	171	28
ENSMUST00000091967.13	ENSMUSG00000024381	162	0	0	0	0	NA	NA	NA
ENSMUST00000174459.2	ENSMUSG00000090523	209	1	0	1	4	4	9	185
ENSMUST00000042868.6	ENSMUSG00000038128	238	0	0	0	0	NA	NA	NA
ENSMUST00000025236.9	ENSMUSG00000024378	191	0	0	0	0	NA	NA	NA
ENSMUST00000025234.7	ENSMUSG00000024376	490	3	0	1	41	22	84	63
ENSMUST00000072576.10	ENSMUSG00000014504	74	0	0	0	0	NA	NA	NA
ENSMUST00000006027.7	ENSMUSG00000005873	48	0	0	0	0	NA	NA	NA
ENSMUST00000003876.10	ENSMUSG00000003778	45	0	0	0	0	NA	NA	NA
ENSMUST00000167161.9	ENSMUSG00000003779	262	3	0	1	39	14	31	39
ENSMUST00000049281.12	ENSMUSG00000034300	391	2	2	1	50	28	195	72
ENSMUST00000043775.9	ENSMUSG00000038773	84	0	0	0	0	NA	NA	NA
ENSMUST00000043484.8	ENSMUSG00000038555	167	0	0	0	0	NA	NA	NA
ENSMUST00000064795.6	ENSMUSG00000038418	1666	11	0	1	352	138	531	92
ENSMUST00000025218.8	ENSMUSG00000024360	192	2	0	1	36	35	46	18
ENSMUST00000025217.11	ENSMUSG00000024359	107	0	0	0	0	NA	NA	NA
ENSMUST00000042345.8	ENSMUSG00000037815	125	0	0	0	0	NA	NA	NA
ENSMUST00000025215.10	ENSMUSG00000024357	148	0	0	0	0	NA	NA	NA
ENSMUST00000041314.17	ENSMUSG00000037058	169	0	0	0	0	NA	NA	NA
ENSMUST00000025208.7	ENSMUSG00000024350	56	0	0	0	0	NA	NA	NA
ENSMUST00000237919.2	ENSMUSG00000024349	173	1	1	1	4	4	26	68
ENSMUST00000170693.9	ENSMUSG00000091896	431	1	0	1	2	2	234	188
ENSMUST00000060722.8	ENSMUSG00000046668	354	3	0	1	10	5	24	109
ENSMUST00000051301.6	ENSMUSG00000043991	583	0	0	0	0	NA	NA	NA
ENSMUST00000025204.7	ENSMUSG00000024346	39	0	0	0	0	NA	NA	NA
ENSMUST00000025363.7	ENSMUSG00000024486	292	0	0	0	0	NA	NA	NA
ENSMUST00000173875.9	ENSMUSG00000006050	507	11	0	1	76	17	101	54
ENSMUST00000050476.11	ENSMUSG00000033272	627	11	0	1	232	103	30	32
ENSMUST00000014438.5	ENSMUSG00000014294	37	0	0	0	0	NA	NA	NA
ENSMUST00000049323.9	ENSMUSG00000042660	67	0	1	1	0	NA	36	NA
ENSMUST00000001416.8	ENSMUSG00000001380	105	0	0	0	0	NA	NA	NA
ENSMUST00000066272.6	ENSMUSG00000051316	280	0	0	0	0	NA	NA	NA
ENSMUST00000043437.14	ENSMUSG00000038524	48	0	0	0	0	NA	NA	NA
ENSMUST00000057185.13	ENSMUSG00000051375	230	1	0	1	16	16	41	138
ENSMUST00000072376.13	ENSMUSG00000060450	345	2	0	1	31	26	164	11
ENSMUST00000063814.15	ENSMUSG00000052102	104	0	0	0	0	NA	NA	NA
ENSMUST00000236085.2	ENSMUSG00000024425	207	0	0	0	0	NA	NA	NA
ENSMUST00000025295.8	ENSMUSG00000024427	293	1	0	1	11	11	219	38
ENSMUST00000040647.11	ENSMUSG00000036585	259	3	0	1	73	33	9	119
ENSMUST00000097593.9	ENSMUSG00000036452	331	0	0	0	0	NA	NA	NA
ENSMUST00000115567.8	ENSMUSG00000024431	120	1	0	1	17	17	57	9
ENSMUST00000025364.6	ENSMUSG00000024487	212	0	0	0	0	NA	NA	NA
ENSMUST00000236240.2	ENSMUSG00000024491	162	1	0	1	10	10	50	79
ENSMUST00000237602.2	ENSMUSG00000024498	40	0	1	1	0	NA	21	NA
ENSMUST00000025379.14	ENSMUSG00000024501	349	0	0	0	0	NA	NA	NA
ENSMUST00000025350.10	ENSMUSG00000024472	107	0	1	1	0	NA	78	NA
ENSMUST00000037763.11	ENSMUSG00000034653	941	9	0	1	157	60	125	180
ENSMUST00000037011.6	ENSMUSG00000033949	243	1	0	1	13	13	199	2
ENSMUST00000236216.2	ENSMUSG00000024477	174	0	1	1	0	NA	49	NA
ENSMUST00000072835.7	ENSMUSG00000071855	118	0	0	0	0	NA	NA	NA
ENSMUST00000036226.6	ENSMUSG00000033319	538	5	0	1	68	36	40	53
ENSMUST00000151189.2	ENSMUSG00000033184	253	0	0	0	0	NA	NA	NA
ENSMUST00000035804.9	ENSMUSG00000033022	253	0	0	0	0	NA	NA	NA
ENSMUST00000025357.9	ENSMUSG00000024480	137	0	0	0	0	NA	NA	NA
ENSMUST00000049388.9	ENSMUSG00000042705	72	0	0	0	0	NA	NA	NA
ENSMUST00000076043.13	ENSMUSG00000019647	247	5	0	1	52	24	65	28
ENSMUST00000163590.9	ENSMUSG00000024505	63	0	1	1	0	NA	35	NA
ENSMUST00000180611.8	ENSMUSG00000037416	420	2	0	1	36	25	264	9
ENSMUST00000148989.3	ENSMUSG00000062210	199	0	0	0	0	NA	NA	NA
ENSMUST00000025385.7	ENSMUSG00000024507	151	0	0	0	0	NA	NA	NA
ENSMUST00000025409.9	ENSMUSG00000024529	345	0	0	0	0	NA	NA	NA
ENSMUST00000037850.7	ENSMUSG00000034484	64	0	0	0	0	NA	NA	NA
ENSMUST00000165032.9	ENSMUSG00000024535	131	0	0	0	0	NA	NA	NA
ENSMUST00000025419.9	ENSMUSG00000024538	159	0	0	0	0	NA	NA	NA
ENSMUST00000049811.8	ENSMUSG00000048799	77	0	0	0	0	NA	NA	NA
ENSMUST00000237880.2	ENSMUSG00000073563	659	7	0	1	103	35	57	35
ENSMUST00000064763.7	ENSMUSG00000052713	532	9	1	1	112	28	37	172
ENSMUST00000237355.2	ENSMUSG00000001700	395	3	2	1	84	67	70	74
ENSMUST00000066208.13	ENSMUSG00000053644	85	0	0	0	0	NA	NA	NA
ENSMUST00000025486.9	ENSMUSG00000024590	300	0	0	0	0	NA	NA	NA
ENSMUST00000025488.15	ENSMUSG00000024592	143	1	0	1	10	10	81	29
ENSMUST00000025490.10	ENSMUSG00000024594	171	0	0	0	0	NA	NA	NA
ENSMUST00000115366.3	ENSMUSG00000024597	129	0	0	0	0	NA	NA	NA
ENSMUST00000025503.10	ENSMUSG00000024601	26	0	0	0	0	NA	NA	NA
ENSMUST00000042710.8	ENSMUSG00000038059	602	1	0	1	58	58	240	185
ENSMUST00000025505.7	ENSMUSG00000024603	30	0	0	0	0	NA	NA	NA
ENSMUST00000130360.2	ENSMUSG00000043079	20	0	0	0	0	NA	NA	NA
ENSMUST00000237783.2	ENSMUSG00000054008	547	2	0	1	24	21	200	222
ENSMUST00000115274.2	ENSMUSG00000024620	438	1	0	1	4	4	172	251
ENSMUST00000091884.6	ENSMUSG00000024622	475	1	1	1	1	1	305	28
ENSMUST00000146409.8	ENSMUSG00000034320	375	3	0	1	87	46	73	17
ENSMUST00000063307.6	ENSMUSG00000033871	64	0	1	1	0	NA	33	NA
ENSMUST00000166990.8	ENSMUSG00000024576	433	1	0	1	6	6	31	381
ENSMUST00000025472.7	ENSMUSG00000024579	54	0	0	0	0	NA	NA	NA
ENSMUST00000062991.9	ENSMUSG00000024580	24	0	0	0	0	NA	NA	NA
ENSMUST00000120472.2	ENSMUSG00000033032	111	0	0	0	0	NA	NA	NA
ENSMUST00000166783.3	ENSMUSG00000032735	235	4	1	1	128	44	17	24
ENSMUST00000053640.5	ENSMUSG00000045730	207	1	0	1	19	19	97	50
ENSMUST00000048688.8	ENSMUSG00000042211	122	0	0	0	0	NA	NA	NA
ENSMUST00000025474.14	ENSMUSG00000024581	138	0	0	0	0	NA	NA	NA
ENSMUST00000237004.2	ENSMUSG00000024583	264	0	0	0	0	NA	NA	NA
ENSMUST00000025484.9	ENSMUSG00000024588	194	2	1	1	51	29	96	8
ENSMUST00000237400.2	ENSMUSG00000024587	194	4	0	1	55	15	30	24
ENSMUST00000235343.2	ENSMUSG00000024589	343	0	0	0	0	NA	NA	NA
ENSMUST00000224056.3	ENSMUSG00000032688	234	0	0	0	0	NA	NA	NA
ENSMUST00000235822.2	ENSMUSG00000042439	806	7	0	1	167	48	90	55
ENSMUST00000025394.14	ENSMUSG00000024516	110	1	0	1	13	13	19	49
ENSMUST00000048260.15	ENSMUSG00000041891	28	0	0	0	0	NA	NA	NA
ENSMUST00000025399.9	ENSMUSG00000024521	228	2	0	1	16	8	9	164
ENSMUST00000025403.8	ENSMUSG00000024525	219	0	0	0	0	NA	NA	NA
ENSMUST00000001513.8	ENSMUSG00000001473	41	0	0	0	0	NA	NA	NA
ENSMUST00000025408.10	ENSMUSG00000024527	171	0	0	0	0	NA	NA	NA
ENSMUST00000115050.10	ENSMUSG00000024533	91	2	0	1	17	13	3	46
ENSMUST00000097542.4	ENSMUSG00000073542	162	1	0	1	14	14	80	37
ENSMUST00000122412.2	ENSMUSG00000024539	85	0	0	0	0	NA	NA	NA
ENSMUST00000025421.9	ENSMUSG00000079614	134	0	0	0	0	NA	NA	NA
ENSMUST00000042852.7	ENSMUSG00000038121	297	1	0	1	9	9	59	208
ENSMUST00000009679.11	ENSMUSG00000009535	113	2	0	1	23	15	59	6
ENSMUST00000066717.12	ENSMUSG00000053477	900	15	0	1	205	48	301	107
ENSMUST00000121693.8	ENSMUSG00000024511	177	1	0	1	2	2	110	58
ENSMUST00000121674.9	ENSMUSG00000038425	333	0	1	1	0	NA	103	NA
ENSMUST00000074058.11	ENSMUSG00000024513	228	1	2	1	9	9	31	167
ENSMUST00000025393.14	ENSMUSG00000024515	479	1	0	1	2	2	368	102
ENSMUST00000041138.3	ENSMUSG00000036941	86	0	0	0	0	NA	NA	NA
ENSMUST00000025439.5	ENSMUSG00000024556	145	0	0	0	0	NA	NA	NA
ENSMUST00000074157.13	ENSMUSG00000025885	244	0	0	0	0	NA	NA	NA
ENSMUST00000041053.11	ENSMUSG00000036880	53	0	0	0	0	NA	NA	NA
ENSMUST00000066532.5	ENSMUSG00000053846	289	0	0	0	0	NA	NA	NA
ENSMUST00000039608.9	ENSMUSG00000035765	251	2	0	1	6	3	92	25
ENSMUST00000026999.10	ENSMUSG00000025880	1427	4	2	1	26	20	169	37
ENSMUST00000165559.3	ENSMUSG00000052928	189	0	0	0	0	NA	NA	NA
ENSMUST00000097522.11	ENSMUSG00000025421	104	0	1	1	0	NA	97	NA
ENSMUST00000114777.10	ENSMUSG00000025423	188	0	1	1	0	NA	105	NA
ENSMUST00000026495.15	ENSMUSG00000025428	322	1	1	1	16	16	79	192
ENSMUST00000114741.4	ENSMUSG00000025429	173	0	0	0	0	NA	NA	NA
ENSMUST00000025430.11	ENSMUSG00000024548	369	3	0	1	59	23	90	115
ENSMUST00000070219.9	ENSMUSG00000056214	181	0	0	0	0	NA	NA	NA
ENSMUST00000066743.11	ENSMUSG00000053950	130	0	0	0	0	NA	NA	NA
ENSMUST00000145963.9	ENSMUSG00000057130	144	0	0	0	0	NA	NA	NA
ENSMUST00000036229.13	ENSMUSG00000033323	149	0	0	0	0	NA	NA	NA
ENSMUST00000171238.8	ENSMUSG00000058881	269	3	0	1	71	50	62	54
ENSMUST00000060303.10	ENSMUSG00000046982	1001	7	1	1	169	56	74	194
ENSMUST00000060223.4	ENSMUSG00000049090	102	0	0	0	0	NA	NA	NA
ENSMUST00000160180.9	ENSMUSG00000024646	141	0	1	1	0	NA	55	NA
ENSMUST00000025547.4	ENSMUSG00000024645	227	3	0	1	28	13	10	34
ENSMUST00000070116.12	ENSMUSG00000056153	415	7	0	1	103	31	174	15
ENSMUST00000023828.9	ENSMUSG00000023066	258	4	1	1	27	9	26	31
ENSMUST00000025515.7	ENSMUSG00000024614	169	0	0	0	0	NA	NA	NA
ENSMUST00000025751.11	ENSMUSG00000024831	231	0	0	0	0	NA	NA	NA
ENSMUST00000025835.6	ENSMUSG00000024900	103	0	0	0	0	NA	NA	NA
ENSMUST00000113997.9	ENSMUSG00000024908	263	3	0	1	22	12	46	26
ENSMUST00000025856.17	ENSMUSG00000024913	114	1	0	1	4	4	70	29
ENSMUST00000113972.9	ENSMUSG00000045098	705	3	1	1	90	68	145	50
ENSMUST00000072055.13	ENSMUSG00000024843	279	0	0	0	0	NA	NA	NA
ENSMUST00000145791.8	ENSMUSG00000001750	160	0	0	0	0	NA	NA	NA
ENSMUST00000117831.8	ENSMUSG00000024847	240	2	0	1	23	13	6	73
ENSMUST00000008893.9	ENSMUSG00000024835	120	0	0	0	0	NA	NA	NA
ENSMUST00000046094.6	ENSMUSG00000040385	152	0	0	0	0	NA	NA	NA
ENSMUST00000025740.8	ENSMUSG00000024824	120	0	2	1	0	NA	61	NA
ENSMUST00000025773.5	ENSMUSG00000024854	193	0	0	0	0	NA	NA	NA
ENSMUST00000236794.2	ENSMUSG00000034616	100	0	0	0	0	NA	NA	NA
ENSMUST00000056888.13	ENSMUSG00000005986	165	1	0	1	3	3	145	8
ENSMUST00000088737.11	ENSMUSG00000024858	208	1	0	1	6	6	49	138
ENSMUST00000047898.14	ENSMUSG00000054611	411	1	1	1	68	68	201	3
ENSMUST00000048197.10	ENSMUSG00000041845	81	0	0	0	0	NA	NA	NA
ENSMUST00000068004.13	ENSMUSG00000024892	144	0	0	0	0	NA	NA	NA
ENSMUST00000113822.3	ENSMUSG00000045045	715	5	0	1	156	60	107	24
ENSMUST00000182821.8	ENSMUSG00000033760	131	0	0	0	0	NA	NA	NA
ENSMUST00000006625.8	ENSMUSG00000006456	126	0	0	0	0	NA	NA	NA
ENSMUST00000119694.3	ENSMUSG00000083282	138	0	0	0	0	NA	NA	NA
ENSMUST00000025851.4	ENSMUSG00000063904	73	1	1	1	9	9	8	31
ENSMUST00000236152.2	ENSMUSG00000024891	389	1	0	1	22	22	176	144
ENSMUST00000025818.8	ENSMUSG00000024883	26	0	0	0	0	NA	NA	NA
ENSMUST00000025811.6	ENSMUSG00000024875	173	1	0	1	25	25	22	73
ENSMUST00000025804.7	ENSMUSG00000024870	134	0	0	0	0	NA	NA	NA
ENSMUST00000116563.8	ENSMUSG00000024862	450	1	0	1	13	13	287	121
ENSMUST00000025786.9	ENSMUSG00000024855	231	0	0	0	0	NA	NA	NA
ENSMUST00000025762.16	ENSMUSG00000024844	617	2	0	1	8	5	369	158
ENSMUST00000025759.9	ENSMUSG00000024841	602	3	0	1	68	29	69	369
ENSMUST00000159759.3	ENSMUSG00000047423	25	0	0	0	0	NA	NA	NA
ENSMUST00000179549.3	ENSMUSG00000095098	497	2	1	1	41	31	123	244
ENSMUST00000166303.9	ENSMUSG00000024909	507	9	0	1	121	45	3	49
ENSMUST00000209469.2	ENSMUSG00000056201	145	0	0	0	0	NA	NA	NA
ENSMUST00000235575.2	ENSMUSG00000049562	77	0	1	1	0	NA	67	NA
ENSMUST00000025867.6	ENSMUSG00000024927	352	1	0	1	4	4	287	50
ENSMUST00000169854.2	ENSMUSG00000056917	235	0	1	1	0	NA	192	NA
ENSMUST00000113615.9	ENSMUSG00000054874	759	6	1	1	178	112	66	39
ENSMUST00000004156.10	ENSMUSG00000004054	824	6	0	1	143	100	54	79
ENSMUST00000049295.15	ENSMUSG00000024937	297	1	0	1	17	17	215	28
ENSMUST00000081496.6	ENSMUSG00000024940	988	2	1	1	22	18	182	749
ENSMUST00000236978.2	ENSMUSG00000024941	89	0	0	0	0	NA	NA	NA
ENSMUST00000025728.13	ENSMUSG00000024816	184	0	0	0	0	NA	NA	NA
ENSMUST00000025732.14	ENSMUSG00000024818	838	7	0	1	90	35	147	148
ENSMUST00000136983.8	ENSMUSG00000024826	99	0	0	0	0	NA	NA	NA
ENSMUST00000025891.11	ENSMUSG00000024942	102	0	0	0	0	NA	NA	NA
ENSMUST00000138532.8	ENSMUSG00000024807	570	3	0	1	55	29	104	347
ENSMUST00000007482.8	ENSMUSG00000007338	49	1	0	1	4	4	25	9
ENSMUST00000025713.12	ENSMUSG00000024799	122	3	0	1	41	18	0	28
ENSMUST00000025707.9	ENSMUSG00000024792	88	0	0	0	0	NA	NA	NA
ENSMUST00000025893.7	ENSMUSG00000024944	447	4	0	1	83	30	36	318
ENSMUST00000025695.10	ENSMUSG00000024777	629	4	0	1	46	31	30	83
ENSMUST00000045351.13	ENSMUSG00000024773	128	0	0	0	0	NA	NA	NA
ENSMUST00000025684.4	ENSMUSG00000024772	250	0	0	0	0	NA	NA	NA
ENSMUST00000025897.13	ENSMUSG00000024948	90	0	0	0	0	NA	NA	NA
ENSMUST00000113489.8	ENSMUSG00000024949	369	0	0	0	0	NA	NA	NA
ENSMUST00000025904.12	ENSMUSG00000024953	489	2	0	1	21	13	171	197
ENSMUST00000025906.12	ENSMUSG00000024955	199	2	0	1	25	14	29	8
ENSMUST00000166115.9	ENSMUSG00000024958	354	0	0	0	0	NA	NA	NA
ENSMUST00000238184.2	ENSMUSG00000024959	15	0	0	0	0	NA	NA	NA
ENSMUST00000070850.8	ENSMUSG00000056612	281	1	0	1	24	24	114	92
ENSMUST00000025679.11	ENSMUSG00000024767	57	0	0	0	0	NA	NA	NA
ENSMUST00000039758.6	ENSMUSG00000035885	104	0	0	0	0	NA	NA	NA
ENSMUST00000025675.11	ENSMUSG00000024764	240	0	1	1	0	NA	125	NA
ENSMUST00000066646.12	ENSMUSG00000024968	683	0	0	0	0	NA	NA	NA
ENSMUST00000165965.8	ENSMUSG00000024969	212	1	0	1	7	7	103	85
ENSMUST00000025924.4	ENSMUSG00000024970	193	0	0	0	0	NA	NA	NA
ENSMUST00000088169.7	ENSMUSG00000024758	119	0	0	0	0	NA	NA	NA
ENSMUST00000025668.9	ENSMUSG00000024759	178	0	0	0	0	NA	NA	NA
ENSMUST00000025925.11	ENSMUSG00000060675	155	0	0	0	0	NA	NA	NA
ENSMUST00000176381.8	ENSMUSG00000010110	182	0	1	1	0	NA	172	NA
ENSMUST00000010241.14	ENSMUSG00000010097	159	1	0	1	6	6	50	88
ENSMUST00000172175.3	ENSMUSG00000071661	182	0	0	0	0	NA	NA	NA
ENSMUST00000096751.11	ENSMUSG00000071660	324	2	0	1	27	23	129	90
ENSMUST00000096753.5	ENSMUSG00000071659	272	0	0	0	0	NA	NA	NA
ENSMUST00000096259.6	ENSMUSG00000071658	205	0	0	0	0	NA	NA	NA
ENSMUST00000166407.9	ENSMUSG00000071655	54	0	0	0	0	NA	NA	NA
ENSMUST00000096246.5	ENSMUSG00000071650	21	0	0	0	0	NA	NA	NA
ENSMUST00000096243.7	ENSMUSG00000071649	193	0	0	0	0	NA	NA	NA
ENSMUST00000224272.2	ENSMUSG00000071647	38	0	0	0	0	NA	NA	NA
ENSMUST00000096240.3	ENSMUSG00000071646	480	1	0	1	5	5	316	146
ENSMUST00000096239.7	ENSMUSG00000071645	93	0	0	0	0	NA	NA	NA
ENSMUST00000092955.11	ENSMUSG00000069833	246	1	0	1	6	6	106	119
ENSMUST00000049948.6	ENSMUSG00000024654	82	0	0	0	0	NA	NA	NA
ENSMUST00000113161.10	ENSMUSG00000024663	156	0	0	0	0	NA	NA	NA
ENSMUST00000025567.9	ENSMUSG00000024665	317	0	0	0	0	NA	NA	NA
ENSMUST00000010807.6	ENSMUSG00000010663	164	0	0	0	0	NA	NA	NA
ENSMUST00000156291.2	ENSMUSG00000024742	426	3	0	1	58	40	32	218
ENSMUST00000040372.14	ENSMUSG00000036372	248	2	2	1	17	15	21	130
ENSMUST00000039327.11	ENSMUSG00000035735	100	1	0	1	25	25	2	20
ENSMUST00000025570.8	ENSMUSG00000024668	21	0	0	0	0	NA	NA	NA
ENSMUST00000237321.2	ENSMUSG00000034820	117	0	0	0	0	NA	NA	NA
ENSMUST00000154383.2	ENSMUSG00000024667	26	0	1	1	0	NA	13	NA
ENSMUST00000237814.2	ENSMUSG00000034445	1120	5	0	1	147	96	4	151
ENSMUST00000235927.2	ENSMUSG00000048832	239	0	0	0	0	NA	NA	NA
ENSMUST00000025645.14	ENSMUSG00000024736	314	2	0	1	35	27	122	45
ENSMUST00000038128.15	ENSMUSG00000034659	358	4	0	1	124	53	172	24
ENSMUST00000025642.14	ENSMUSG00000024735	219	1	0	1	8	8	0	192
ENSMUST00000167199.3	ENSMUSG00000024683	79	0	0	0	0	NA	NA	NA
ENSMUST00000075304.14	ENSMUSG00000041488	90	0	0	0	0	NA	NA	NA
ENSMUST00000061618.9	ENSMUSG00000046139	164	0	0	0	0	NA	NA	NA
ENSMUST00000045521.9	ENSMUSG00000039982	237	1	0	1	4	4	95	127
ENSMUST00000144662.8	ENSMUSG00000024691	900	18	0	1	429	62	15	147
ENSMUST00000038627.9	ENSMUSG00000024695	793	0	0	0	0	NA	NA	NA
ENSMUST00000052011.15	ENSMUSG00000024642	639	4	0	1	54	34	200	10
ENSMUST00000025541.6	ENSMUSG00000024639	495	1	0	1	66	66	162	132
ENSMUST00000068156.8	ENSMUSG00000046230	158	0	0	0	0	NA	NA	NA
ENSMUST00000174236.8	ENSMUSG00000038843	387	3	1	1	101	83	134	1
ENSMUST00000025617.4	ENSMUSG00000024712	268	0	0	0	0	NA	NA	NA
ENSMUST00000025631.7	ENSMUSG00000024725	136	0	0	0	0	NA	NA	NA
ENSMUST00000042392.14	ENSMUSG00000037847	85	1	0	1	12	12	21	25
ENSMUST00000062753.3	ENSMUSG00000047044	131	0	0	0	0	NA	NA	NA
ENSMUST00000237651.2	ENSMUSG00000024750	474	0	0	0	0	NA	NA	NA
ENSMUST00000052556.5	ENSMUSG00000047368	72	0	0	0	0	NA	NA	NA
ENSMUST00000096194.9	ENSMUSG00000024754	539	2	0	1	27	23	335	18
ENSMUST00000036884.3	ENSMUSG00000033863	529	2	0	1	35	32	119	158
ENSMUST00000087556.7	ENSMUSG00000024943	NA	NA	NA	NA	NA	NA	NA	NA
ENSMUST00000081333.11	ENSMUSG00000059363	40	0	0	0	0	NA	NA	NA
ENSMUST00000025815.10	ENSMUSG00000024878	70	0	0	0	0	NA	NA	NA
ENSMUST00000049400.15	ENSMUSG00000032702	641	5	0	1	54	16	349	6
ENSMUST00000176030.8	ENSMUSG00000024921	151	1	0	1	5	5	16	117
ENSMUST00000167487.8	ENSMUSG00000024924	258	0	0	0	0	NA	NA	NA
ENSMUST00000076219.7	ENSMUSG00000041360	44	0	1	1	0	NA	41	NA
ENSMUST00000165566.8	ENSMUSG00000040929	162	4	0	1	71	33	25	7
ENSMUST00000025875.5	ENSMUSG00000024935	168	0	0	0	0	NA	NA	NA
ENSMUST00000045674.4	ENSMUSG00000040105	48	0	0	0	0	NA	NA	NA
ENSMUST00000050148.5	ENSMUSG00000024780	38	0	0	0	0	NA	NA	NA
ENSMUST00000025696.5	ENSMUSG00000024782	132	0	0	0	0	NA	NA	NA
ENSMUST00000064393.6	ENSMUSG00000024785	130	0	0	0	0	NA	NA	NA
ENSMUST00000025705.7	ENSMUSG00000024789	316	2	0	1	3	2	118	12
ENSMUST00000143467.8	ENSMUSG00000016495	291	0	0	0	0	NA	NA	NA
ENSMUST00000016640.8	ENSMUSG00000016496	66	1	0	1	16	16	5	10
ENSMUST00000043610.13	ENSMUSG00000038658	241	1	0	1	28	28	106	48
ENSMUST00000159692.8	ENSMUSG00000046324	60	0	0	0	0	NA	NA	NA
ENSMUST00000025739.14	ENSMUSG00000024817	266	1	0	1	6	6	7	238
ENSMUST00000025778.9	ENSMUSG00000024827	169	0	0	0	0	NA	NA	NA
ENSMUST00000065067.14	ENSMUSG00000052920	211	0	0	0	0	NA	NA	NA
ENSMUST00000066039.8	ENSMUSG00000053536	229	0	0	0	0	NA	NA	NA
ENSMUST00000099514.10	ENSMUSG00000040451	787	12	0	1	300	104	35	27
ENSMUST00000025827.10	ENSMUSG00000024896	172	0	0	0	0	NA	NA	NA
ENSMUST00000235594.2	ENSMUSG00000024899	59	0	0	0	0	NA	NA	NA
ENSMUST00000235412.2	ENSMUSG00000013662	79	0	0	0	0	NA	NA	NA
ENSMUST00000013807.8	ENSMUSG00000013663	948	4	0	1	87	45	56	603
ENSMUST00000039631.10	ENSMUSG00000035783	324	3	0	1	37	25	18	167
ENSMUST00000025691.13	ENSMUSG00000024778	49	0	0	0	0	NA	NA	NA
ENSMUST00000178114.2	ENSMUSG00000024781	109	0	0	0	0	NA	NA	NA
ENSMUST00000112460.3	ENSMUSG00000033610	204	2	0	1	23	18	40	103
ENSMUST00000087341.7	ENSMUSG00000024795	74	0	0	0	0	NA	NA	NA
ENSMUST00000225411.2	ENSMUSG00000024805	331	2	0	1	41	31	164	39
ENSMUST00000169036.9	ENSMUSG00000041180	116	0	0	0	0	NA	NA	NA
ENSMUST00000087321.4	ENSMUSG00000067279	87	0	0	0	0	NA	NA	NA
ENSMUST00000025729.12	ENSMUSG00000024811	306	1	0	1	7	7	151	131
ENSMUST00000099494.4	ENSMUSG00000040565	309	1	0	1	38	38	159	33
ENSMUST00000079754.11	ENSMUSG00000039652	179	1	1	1	18	18	104	18
ENSMUST00000024078.15	ENSMUSG00000023307	327	1	0	1	61	61	49	92
ENSMUST00000012587.4	ENSMUSG00000012443	191	0	0	0	0	NA	NA	NA
ENSMUST00000025944.9	ENSMUSG00000024986	60	1	0	1	1	1	6	48
ENSMUST00000226068.2	ENSMUSG00000048612	28	0	0	0	0	NA	NA	NA
ENSMUST00000169673.3	ENSMUSG00000024989	445	1	1	1	4	4	191	239
ENSMUST00000054098.4	ENSMUSG00000044026	135	0	0	0	0	NA	NA	NA
ENSMUST00000182481.8	ENSMUSG00000024998	580	3	1	1	34	23	303	23
ENSMUST00000025963.8	ENSMUSG00000024999	136	0	0	0	0	NA	NA	NA
ENSMUST00000037302.6	ENSMUSG00000048720	128	0	0	0	0	NA	NA	NA
ENSMUST00000025965.12	ENSMUSG00000025001	178	0	0	0	0	NA	NA	NA
ENSMUST00000025979.13	ENSMUSG00000025007	248	0	0	0	0	NA	NA	NA
ENSMUST00000135795.8	ENSMUSG00000025008	59	0	0	0	0	NA	NA	NA
ENSMUST00000025983.13	ENSMUSG00000025010	205	2	0	1	27	15	31	56
ENSMUST00000050092.7	ENSMUSG00000049164	521	8	0	1	68	18	32	127
ENSMUST00000237871.2	ENSMUSG00000025016	126	1	0	1	1	1	58	62
ENSMUST00000059672.9	ENSMUSG00000025017	127	0	1	1	0	NA	104	NA
ENSMUST00000067795.13	ENSMUSG00000025019	550	5	0	1	125	49	50	14
ENSMUST00000059231.4	ENSMUSG00000047604	221	0	0	0	0	NA	NA	NA
ENSMUST00000038677.5	ENSMUSG00000035049	96	0	0	0	0	NA	NA	NA
ENSMUST00000011896.8	ENSMUSG00000011752	125	0	0	0	0	NA	NA	NA
ENSMUST00000026154.9	ENSMUSG00000025157	327	3	0	1	62	45	7	107
ENSMUST00000171561.8	ENSMUSG00000025159	44	0	0	0	0	NA	NA	NA
ENSMUST00000026170.3	ENSMUSG00000025171	176	1	1	1	7	7	64	88
ENSMUST00000051772.10	ENSMUSG00000049670	194	1	0	1	38	38	17	60
ENSMUST00000235932.2	ENSMUSG00000025178	32	0	0	0	0	NA	NA	NA
ENSMUST00000061111.10	ENSMUSG00000044345	249	1	0	1	9	9	41	178
ENSMUST00000169536.8	ENSMUSG00000018820	220	0	0	0	0	NA	NA	NA
ENSMUST00000162004.8	ENSMUSG00000025188	203	2	0	1	27	26	82	26
ENSMUST00000026196.14	ENSMUSG00000025190	150	0	0	0	0	NA	NA	NA
ENSMUST00000081079.6	ENSMUSG00000025192	328	1	0	1	16	16	249	28
ENSMUST00000045562.6	ENSMUSG00000040018	89	0	0	0	0	NA	NA	NA
ENSMUST00000112047.10	ENSMUSG00000025193	65	0	0	0	0	NA	NA	NA
ENSMUST00000212396.2	ENSMUSG00000025195	85	0	0	0	0	NA	NA	NA
ENSMUST00000170801.8	ENSMUSG00000025198	142	0	1	1	0	NA	123	NA
ENSMUST00000026217.11	ENSMUSG00000025199	88	0	0	0	0	NA	NA	NA
ENSMUST00000079033.6	ENSMUSG00000057506	30	0	0	0	0	NA	NA	NA
ENSMUST00000041331.4	ENSMUSG00000037071	300	0	0	0	0	NA	NA	NA
ENSMUST00000040455.5	ENSMUSG00000036450	28	0	0	0	0	NA	NA	NA
ENSMUST00000096053.6	ENSMUSG00000036097	192	0	3	1	0	NA	8	NA
ENSMUST00000026225.15	ENSMUSG00000025207	634	9	1	1	113	28	233	84
ENSMUST00000039016.14	ENSMUSG00000035342	501	1	0	1	32	32	139	263
ENSMUST00000062213.13	ENSMUSG00000025212	220	1	0	1	17	17	142	24
ENSMUST00000046869.11	ENSMUSG00000040913	283	0	1	1	0	NA	152	NA
ENSMUST00000070215.8	ENSMUSG00000056209	35	0	0	0	0	NA	NA	NA
ENSMUST00000026243.5	ENSMUSG00000025220	421	0	0	0	0	NA	NA	NA
ENSMUST00000099393.4	ENSMUSG00000074811	118	0	0	0	0	NA	NA	NA
ENSMUST00000056931.14	ENSMUSG00000025223	650	2	0	1	25	22	398	175
ENSMUST00000165017.2	ENSMUSG00000015176	167	1	0	1	16	16	72	44
ENSMUST00000026254.14	ENSMUSG00000025224	294	1	0	1	10	10	224	37
ENSMUST00000073116.13	ENSMUSG00000025225	151	0	0	0	0	NA	NA	NA
ENSMUST00000026256.9	ENSMUSG00000025226	290	1	0	1	24	24	104	111
ENSMUST00000235485.2	ENSMUSG00000036748	59	0	0	0	0	NA	NA	NA
ENSMUST00000128041.8	ENSMUSG00000025227	125	3	0	1	54	27	25	16
ENSMUST00000040270.6	ENSMUSG00000025228	70	0	1	1	0	NA	0	NA
ENSMUST00000111867.9	ENSMUSG00000025231	185	0	0	0	0	NA	NA	NA
ENSMUST00000026008.9	ENSMUSG00000025034	742	3	0	1	119	58	64	125
ENSMUST00000026009.10	ENSMUSG00000025035	51	0	0	0	0	NA	NA	NA
ENSMUST00000026011.8	ENSMUSG00000025036	112	0	0	0	0	NA	NA	NA
ENSMUST00000138302.9	ENSMUSG00000047731	120	0	0	0	0	NA	NA	NA
ENSMUST00000168536.9	ENSMUSG00000025041	56	0	0	0	0	NA	NA	NA
ENSMUST00000037636.4	ENSMUSG00000034336	57	0	0	0	0	NA	NA	NA
ENSMUST00000026032.7	ENSMUSG00000025050	85	0	0	0	0	NA	NA	NA
ENSMUST00000081619.10	ENSMUSG00000053617	266	1	0	1	3	3	219	35
ENSMUST00000049369.16	ENSMUSG00000042694	328	0	0	0	0	NA	NA	NA
ENSMUST00000051691.8	ENSMUSG00000025060	175	0	0	0	0	NA	NA	NA
ENSMUST00000099353.6	ENSMUSG00000025066	127	0	0	0	0	NA	NA	NA
ENSMUST00000111741.10	ENSMUSG00000025026	292	1	0	1	22	22	7	216
ENSMUST00000111737.3	ENSMUSG00000025025	235	1	0	1	8	8	162	46
ENSMUST00000025997.7	ENSMUSG00000025024	163	0	0	0	0	NA	NA	NA
ENSMUST00000038287.7	ENSMUSG00000034765	209	0	0	0	0	NA	NA	NA
ENSMUST00000025930.10	ENSMUSG00000024974	142	0	0	0	0	NA	NA	NA
ENSMUST00000074371.13	ENSMUSG00000024975	290	2	0	1	125	66	17	72
ENSMUST00000135402.4	ENSMUSG00000084957	355	4	0	1	87	40	104	128
ENSMUST00000169861.9	ENSMUSG00000024976	324	7	0	1	39	15	105	24
ENSMUST00000235957.2	ENSMUSG00000024978	394	0	1	1	0	NA	368	NA
ENSMUST00000043150.6	ENSMUSG00000024981	827	6	0	1	117	26	77	122
ENSMUST00000224897.2	ENSMUSG00000024982	442	5	2	1	76	25	140	25
ENSMUST00000095950.3	ENSMUSG00000024983	100	0	0	0	0	NA	NA	NA
ENSMUST00000111657.11	ENSMUSG00000024985	NA	NA	NA	NA	NA	NA	NA	NA
ENSMUST00000026062.10	ENSMUSG00000025076	189	0	0	0	0	NA	NA	NA
ENSMUST00000071423.7	ENSMUSG00000025078	422	3	0	1	34	21	22	240
ENSMUST00000118592.8	ENSMUSG00000035173	209	3	0	1	66	51	19	0
ENSMUST00000111546.8	ENSMUSG00000025085	77	0	0	0	0	NA	NA	NA
ENSMUST00000036407.6	ENSMUSG00000033478	646	1	0	1	124	124	34	237
ENSMUST00000026073.14	ENSMUSG00000025086	35	0	0	0	0	NA	NA	NA
ENSMUST00000026076.14	ENSMUSG00000025089	447	4	0	1	61	20	85	69
ENSMUST00000066285.6	ENSMUSG00000025092	95	0	0	0	0	NA	NA	NA
ENSMUST00000047511.15	ENSMUSG00000041362	588	4	1	1	93	66	42	166
ENSMUST00000099274.4	ENSMUSG00000074746	193	1	1	1	8	8	96	59
ENSMUST00000081790.15	ENSMUSG00000033417	307	2	0	1	3	2	61	79
ENSMUST00000088237.6	ENSMUSG00000072437	279	0	0	0	0	NA	NA	NA
ENSMUST00000025955.8	ENSMUSG00000024991	126	0	0	0	0	NA	NA	NA
ENSMUST00000025961.7	ENSMUSG00000024997	89	0	0	0	0	NA	NA	NA
ENSMUST00000003313.10	ENSMUSG00000003228	831	2	0	1	4	2	551	126
ENSMUST00000004428.14	ENSMUSG00000004317	230	3	0	1	33	17	115	17
ENSMUST00000191497.2	ENSMUSG00000046269	965	4	1	1	127	89	432	128
ENSMUST00000069520.11	ENSMUSG00000031144	222	3	1	1	50	26	19	117
ENSMUST00000033486.6	ENSMUSG00000031146	152	0	0	0	0	NA	NA	NA
ENSMUST00000043045.10	ENSMUSG00000039382	179	1	0	1	1	1	24	149
ENSMUST00000033490.13	ENSMUSG00000031150	326	1	1	1	3	3	152	162
ENSMUST00000077680.10	ENSMUSG00000000134	287	2	0	1	23	21	118	103
ENSMUST00000115675.9	ENSMUSG00000031153	32	0	1	1	0	NA	18	NA
ENSMUST00000115667.10	ENSMUSG00000031154	61	0	0	0	0	NA	NA	NA
ENSMUST00000033498.11	ENSMUSG00000031158	87	0	0	0	0	NA	NA	NA
ENSMUST00000115638.10	ENSMUSG00000039231	198	0	1	1	0	NA	176	NA
ENSMUST00000033506.13	ENSMUSG00000031166	481	7	0	1	138	38	123	62
ENSMUST00000115619.8	ENSMUSG00000031167	57	0	0	0	0	NA	NA	NA
ENSMUST00000239441.2	ENSMUSG00000039201	348	2	1	1	73	43	36	38
ENSMUST00000033509.15	ENSMUSG00000031168	769	10	0	1	147	36	29	4
ENSMUST00000077595.12	ENSMUSG00000031169	160	0	0	0	0	NA	NA	NA
ENSMUST00000015486.7	ENSMUSG00000015342	234	1	0	1	33	33	123	9
ENSMUST00000033519.3	ENSMUSG00000031176	105	0	0	0	0	NA	NA	NA
ENSMUST00000044598.14	ENSMUSG00000031174	341	4	1	1	41	15	8	64
ENSMUST00000115524.8	ENSMUSG00000008035	561	1	0	1	33	33	186	273
ENSMUST00000115513.9	ENSMUSG00000040363	775	1	0	1	18	18	280	438
ENSMUST00000033313.3	ENSMUSG00000031007	95	0	0	0	0	NA	NA	NA
ENSMUST00000096495.11	ENSMUSG00000064127	374	2	0	1	30	19	74	106
ENSMUST00000000804.7	ENSMUSG00000000787	143	0	0	0	0	NA	NA	NA
ENSMUST00000026013.6	ENSMUSG00000025037	143	1	0	1	28	28	25	31
ENSMUST00000026016.13	ENSMUSG00000025040	145	0	0	0	0	NA	NA	NA
ENSMUST00000044484.13	ENSMUSG00000037369	431	1	0	1	1	1	196	229
ENSMUST00000044138.8	ENSMUSG00000037347	156	0	0	0	0	NA	NA	NA
ENSMUST00000072451.11	ENSMUSG00000037341	123	0	0	0	0	NA	NA	NA
ENSMUST00000033372.13	ENSMUSG00000060090	255	0	0	0	0	NA	NA	NA
ENSMUST00000115384.9	ENSMUSG00000037315	351	0	2	1	0	NA	341	NA
ENSMUST00000116621.2	ENSMUSG00000031059	359	3	0	1	48	30	76	190
ENSMUST00000115374.8	ENSMUSG00000031060	554	8	0	1	291	81	63	55
ENSMUST00000033380.7	ENSMUSG00000031065	395	3	0	1	45	37	51	28
ENSMUST00000001155.11	ENSMUSG00000001127	137	2	0	1	20	11	44	17
ENSMUST00000009550.14	ENSMUSG00000009406	203	2	0	1	25	23	117	14
ENSMUST00000115333.9	ENSMUSG00000054737	121	1	0	1	12	12	72	10
ENSMUST00000035766.13	ENSMUSG00000036769	412	0	0	0	0	NA	NA	NA
ENSMUST00000033419.13	ENSMUSG00000031093	99	0	0	0	0	NA	NA	NA
ENSMUST00000033418.8	ENSMUSG00000017057	84	0	0	0	0	NA	NA	NA
ENSMUST00000016383.10	ENSMUSG00000016239	227	1	0	1	30	30	80	54
ENSMUST00000073339.7	ENSMUSG00000006373	81	0	0	0	0	NA	NA	NA
ENSMUST00000016463.4	ENSMUSG00000016319	80	0	0	0	0	NA	NA	NA
ENSMUST00000240546.1	ENSMUSG00000016308	269	0	0	0	0	NA	NA	NA
ENSMUST00000115248.10	ENSMUSG00000006423	114	0	0	0	0	NA	NA	NA
ENSMUST00000115239.10	ENSMUSG00000050379	248	0	0	0	0	NA	NA	NA
ENSMUST00000115231.4	ENSMUSG00000079641	275	4	0	1	127	55	28	79
ENSMUST00000076265.13	ENSMUSG00000036572	91	0	0	0	0	NA	NA	NA
ENSMUST00000016553.5	ENSMUSG00000016409	201	0	0	0	0	NA	NA	NA
ENSMUST00000049740.3	ENSMUSG00000048047	292	0	1	1	0	NA	170	NA
ENSMUST00000016678.14	ENSMUSG00000016534	151	0	1	1	0	NA	6	NA
ENSMUST00000016681.15	ENSMUSG00000031095	304	0	1	1	0	NA	272	NA
ENSMUST00000047037.15	ENSMUSG00000037475	30	0	0	0	0	NA	NA	NA
ENSMUST00000115094.8	ENSMUSG00000025860	379	3	0	1	95	41	31	120
ENSMUST00000115073.9	ENSMUSG00000025862	465	1	1	1	8	8	419	19
ENSMUST00000101616.9	ENSMUSG00000031099	123	0	0	0	0	NA	NA	NA
ENSMUST00000001202.15	ENSMUSG00000001173	266	0	0	0	0	NA	NA	NA
ENSMUST00000037960.11	ENSMUSG00000036985	331	1	0	1	25	25	219	34
ENSMUST00000136348.8	ENSMUSG00000036959	250	0	0	0	0	NA	NA	NA
ENSMUST00000114958.8	ENSMUSG00000031103	503	1	0	1	3	3	326	165
ENSMUST00000114912.8	ENSMUSG00000031109	373	2	0	1	23	22	287	11
ENSMUST00000053593.8	ENSMUSG00000050029	120	0	0	0	0	NA	NA	NA
ENSMUST00000114876.9	ENSMUSG00000036109	287	0	0	0	0	NA	NA	NA
ENSMUST00000114871.2	ENSMUSG00000062184	254	3	0	1	37	21	13	135
ENSMUST00000033450.3	ENSMUSG00000031119	477	0	0	0	0	NA	NA	NA
ENSMUST00000078944.13	ENSMUSG00000025626	217	1	0	1	46	46	47	29
ENSMUST00000026723.9	ENSMUSG00000025630	87	0	0	0	0	NA	NA	NA
ENSMUST00000071023.12	ENSMUSG00000036022	832	6	0	1	155	68	224	108
ENSMUST00000023836.4	ENSMUSG00000023074	181	1	0	1	5	5	90	73
ENSMUST00000101560.4	ENSMUSG00000073176	132	0	0	0	0	NA	NA	NA
ENSMUST00000039374.9	ENSMUSG00000035967	329	1	0	1	4	4	37	277
ENSMUST00000059899.3	ENSMUSG00000061273	206	1	0	1	10	10	112	61
ENSMUST00000077741.12	ENSMUSG00000060681	85	0	0	0	0	NA	NA	NA
ENSMUST00000114772.9	ENSMUSG00000023092	50	0	0	0	0	NA	NA	NA
ENSMUST00000033468.11	ENSMUSG00000031133	227	1	2	1	5	5	43	166
ENSMUST00000114730.8	ENSMUSG00000031134	118	0	0	0	0	NA	NA	NA
ENSMUST00000033480.13	ENSMUSG00000062949	150	0	0	0	0	NA	NA	NA
ENSMUST00000101509.9	ENSMUSG00000035847	181	1	0	1	4	4	127	39
ENSMUST00000114630.3	ENSMUSG00000073139	165	1	0	1	4	4	86	64
ENSMUST00000171933.8	ENSMUSG00000031337	194	2	1	1	2	1	105	39
ENSMUST00000015358.8	ENSMUSG00000015214	155	1	0	1	5	5	30	107
ENSMUST00000080035.11	ENSMUSG00000035776	57	0	0	0	0	NA	NA	NA
ENSMUST00000072699.13	ENSMUSG00000015217	96	0	0	0	0	NA	NA	NA
ENSMUST00000114576.9	ENSMUSG00000073131	130	0	0	0	0	NA	NA	NA
ENSMUST00000114551.10	ENSMUSG00000031347	95	0	0	0	0	NA	NA	NA
ENSMUST00000164800.8	ENSMUSG00000031351	225	0	0	0	0	NA	NA	NA
ENSMUST00000033731.4	ENSMUSG00000031365	179	0	0	0	0	NA	NA	NA
ENSMUST00000033741.15	ENSMUSG00000031375	172	0	0	0	0	NA	NA	NA
ENSMUST00000019701.9	ENSMUSG00000031383	258	1	0	1	10	10	139	86
ENSMUST00000002091.6	ENSMUSG00000002015	102	0	0	0	0	NA	NA	NA
ENSMUST00000002084.14	ENSMUSG00000031378	434	0	0	0	0	NA	NA	NA
ENSMUST00000166518.8	ENSMUSG00000002014	212	1	1	1	12	12	90	83
ENSMUST00000033763.15	ENSMUSG00000031388	168	0	0	0	0	NA	NA	NA
ENSMUST00000033761.13	ENSMUSG00000031386	354	3	0	1	29	11	27	107
ENSMUST00000114354.10	ENSMUSG00000031392	173	1	0	1	23	23	17	84
ENSMUST00000100750.10	ENSMUSG00000031393	258	3	0	1	41	39	83	48
ENSMUST00000114299.8	ENSMUSG00000031328	207	1	0	1	9	9	121	56
ENSMUST00000114180.11	ENSMUSG00000009995	246	0	0	0	0	NA	NA	NA
ENSMUST00000015435.11	ENSMUSG00000015291	399	2	0	1	33	17	157	188
ENSMUST00000004326.4	ENSMUSG00000031398	177	0	0	0	0	NA	NA	NA
ENSMUST00000015433.4	ENSMUSG00000015289	91	1	0	1	7	7	31	36
ENSMUST00000114146.8	ENSMUSG00000032806	246	1	0	1	16	16	155	40
ENSMUST00000114143.10	ENSMUSG00000031399	585	2	0	1	45	24	52	450
ENSMUST00000004327.11	ENSMUSG00000031400	380	5	0	1	64	33	52	37
ENSMUST00000033776.15	ENSMUSG00000031403	258	2	0	1	25	15	28	41
ENSMUST00000033775.9	ENSMUSG00000031402	190	0	0	0	0	NA	NA	NA
ENSMUST00000033541.5	ENSMUSG00000031198	34	0	0	0	0	NA	NA	NA
ENSMUST00000033544.14	ENSMUSG00000031201	91	0	0	0	0	NA	NA	NA
ENSMUST00000033540.6	ENSMUSG00000031197	40	0	0	0	0	NA	NA	NA
ENSMUST00000033545.6	ENSMUSG00000031202	224	2	0	1	44	38	19	88
ENSMUST00000114059.10	ENSMUSG00000016382	143	0	0	0	0	NA	NA	NA
ENSMUST00000088217.12	ENSMUSG00000025246	408	1	0	1	4	4	335	58
ENSMUST00000036333.14	ENSMUSG00000035725	574	6	1	1	150	53	4	109
ENSMUST00000177904.8	ENSMUSG00000047996	120	0	0	0	0	NA	NA	NA
ENSMUST00000171953.8	ENSMUSG00000025666	230	0	0	0	0	NA	NA	NA
ENSMUST00000048250.10	ENSMUSG00000035476	298	1	0	1	14	14	211	42
ENSMUST00000113978.9	ENSMUSG00000025059	150	0	0	0	0	NA	NA	NA
ENSMUST00000045898.4	ENSMUSG00000035246	258	1	0	1	8	8	161	70
ENSMUST00000088102.12	ENSMUSG00000079509	437	2	0	1	12	9	373	5
ENSMUST00000113916.10	ENSMUSG00000043929	498	2	0	1	59	53	84	28
ENSMUST00000026142.8	ENSMUSG00000025151	281	2	0	1	76	61	2	35
ENSMUST00000096368.4	ENSMUSG00000071723	188	0	0	0	0	NA	NA	NA
ENSMUST00000101388.4	ENSMUSG00000073062	106	0	0	0	0	NA	NA	NA
ENSMUST00000096367.5	ENSMUSG00000071722	488	0	0	0	0	NA	NA	NA
ENSMUST00000113884.8	ENSMUSG00000025656	394	0	0	0	0	NA	NA	NA
ENSMUST00000084535.6	ENSMUSG00000050332	303	3	0	1	68	62	48	51
ENSMUST00000044382.7	ENSMUSG00000035062	205	1	0	1	9	9	140	35
ENSMUST00000079987.13	ENSMUSG00000057421	65	0	1	1	0	NA	3	NA
ENSMUST00000117399.2	ENSMUSG00000031207	190	0	0	0	0	NA	NA	NA
ENSMUST00000037353.10	ENSMUSG00000034457	224	4	0	1	57	18	12	27
ENSMUST00000033560.9	ENSMUSG00000031214	624	2	0	1	14	8	150	138
ENSMUST00000036606.14	ENSMUSG00000031216	375	4	0	1	42	16	36	56
ENSMUST00000052839.7	ENSMUSG00000031217	756	3	0	1	37	25	0	92
ENSMUST00000113792.2	ENSMUSG00000034403	470	6	0	1	72	25	0	162
ENSMUST00000033570.6	ENSMUSG00000031221	75	0	1	1	0	NA	18	NA
ENSMUST00000015812.12	ENSMUSG00000015668	696	2	0	1	75	57	98	424
ENSMUST00000048962.4	ENSMUSG00000034311	732	1	0	1	66	66	203	328
ENSMUST00000087984.11	ENSMUSG00000000881	323	1	0	1	34	34	127	91
ENSMUST00000120389.8	ENSMUSG00000046032	123	0	0	0	0	NA	NA	NA
ENSMUST00000062000.6	ENSMUSG00000042903	293	1	1	1	9	9	208	30
ENSMUST00000033673.7	ENSMUSG00000031311	277	2	0	1	17	14	4	217
ENSMUST00000044475.5	ENSMUSG00000034160	222	1	0	1	6	6	51	150
ENSMUST00000056904.3	ENSMUSG00000051220	116	0	0	0	0	NA	NA	NA
ENSMUST00000052012.14	ENSMUSG00000034055	322	1	0	1	11	11	88	198
ENSMUST00000116547.3	ENSMUSG00000031327	109	0	0	0	0	NA	NA	NA
ENSMUST00000121153.8	ENSMUSG00000056537	308	3	0	1	12	7	32	31
ENSMUST00000087867.6	ENSMUSG00000073016	143	0	0	0	0	NA	NA	NA
ENSMUST00000113573.8	ENSMUSG00000031229	284	2	0	1	65	61	5	93
ENSMUST00000238718.2	ENSMUSG00000031232	37	0	0	0	0	NA	NA	NA
ENSMUST00000113557.8	ENSMUSG00000033792	122	1	0	1	1	1	106	10
ENSMUST00000081593.13	ENSMUSG00000062070	151	0	0	0	0	NA	NA	NA
ENSMUST00000055497.15	ENSMUSG00000047242	272	3	0	1	43	34	12	155
ENSMUST00000033597.9	ENSMUSG00000031245	138	0	0	0	0	NA	NA	NA
ENSMUST00000033598.9	ENSMUSG00000031246	228	1	0	1	18	18	4	167
ENSMUST00000113422.9	ENSMUSG00000034551	113	0	0	0	0	NA	NA	NA
ENSMUST00000026599.10	ENSMUSG00000025525	88	0	1	1	0	NA	9	NA
ENSMUST00000026607.15	ENSMUSG00000025531	28	0	1	1	0	NA	8	NA
ENSMUST00000037854.15	ENSMUSG00000034480	171	0	0	0	0	NA	NA	NA
ENSMUST00000087557.12	ENSMUSG00000067377	135	0	0	0	0	NA	NA	NA
ENSMUST00000033609.9	ENSMUSG00000031256	168	0	0	0	0	NA	NA	NA
ENSMUST00000081064.12	ENSMUSG00000031262	349	6	0	1	94	35	63	57
ENSMUST00000054213.5	ENSMUSG00000048007	277	0	0	0	0	NA	NA	NA
ENSMUST00000074950.11	ENSMUSG00000045427	279	2	0	1	5	3	34	224
ENSMUST00000113201.8	ENSMUSG00000033460	470	3	0	1	16	14	94	158
ENSMUST00000113194.8	ENSMUSG00000050394	500	4	0	1	128	73	27	117
ENSMUST00000081834.10	ENSMUSG00000049047	494	0	0	0	0	NA	NA	NA
ENSMUST00000119010.8	ENSMUSG00000033436	269	0	0	0	0	NA	NA	NA
ENSMUST00000173804.8	ENSMUSG00000072966	977	2	0	1	19	11	240	681
ENSMUST00000163584.8	ENSMUSG00000051579	319	2	0	1	20	18	4	93
ENSMUST00000178632.8	ENSMUSG00000046432	245	0	0	0	0	NA	NA	NA
ENSMUST00000055104.6	ENSMUSG00000049536	134	1	0	1	31	31	16	22
ENSMUST00000033797.13	ENSMUSG00000031422	460	2	0	1	36	23	157	231
ENSMUST00000047852.8	ENSMUSG00000042595	279	0	0	0	0	NA	NA	NA
ENSMUST00000113026.2	ENSMUSG00000031438	186	0	0	0	0	NA	NA	NA
ENSMUST00000096313.4	ENSMUSG00000042473	185	0	0	0	0	NA	NA	NA
ENSMUST00000087401.12	ENSMUSG00000031434	304	0	0	0	0	NA	NA	NA
ENSMUST00000113011.9	ENSMUSG00000031433	50	0	0	0	0	NA	NA	NA
ENSMUST00000033809.4	ENSMUSG00000031432	129	2	0	1	4	3	8	102
ENSMUST00000055738.12	ENSMUSG00000031431	220	0	0	0	0	NA	NA	NA
ENSMUST00000112990.8	ENSMUSG00000000266	379	3	1	1	29	12	2	2
ENSMUST00000033805.15	ENSMUSG00000031429	22	0	0	0	0	NA	NA	NA
ENSMUST00000112931.8	ENSMUSG00000031274	350	1	0	1	14	14	281	24
ENSMUST00000042329.12	ENSMUSG00000042271	153	0	1	1	0	NA	40	NA
ENSMUST00000033634.5	ENSMUSG00000031278	460	0	0	0	0	NA	NA	NA
ENSMUST00000087333.9	ENSMUSG00000047045	411	1	0	1	21	21	323	22
ENSMUST00000112720.8	ENSMUSG00000025269	285	4	0	1	24	11	0	32
ENSMUST00000112709.8	ENSMUSG00000025272	117	0	0	0	0	NA	NA	NA
ENSMUST00000026296.8	ENSMUSG00000025265	505	1	0	1	34	34	273	127
ENSMUST00000184730.8	ENSMUSG00000041245	62	1	0	1	1	1	6	50
ENSMUST00000073364.6	ENSMUSG00000025262	75	0	0	0	0	NA	NA	NA
ENSMUST00000168501.8	ENSMUSG00000041229	857	4	0	1	93	35	18	238
ENSMUST00000045312.6	ENSMUSG00000041133	104	0	0	0	0	NA	NA	NA
ENSMUST00000112605.8	ENSMUSG00000041115	201	0	0	0	0	NA	NA	NA
ENSMUST00000112588.9	ENSMUSG00000025332	332	2	0	1	16	13	28	47
ENSMUST00000044509.7	ENSMUSG00000041096	100	0	0	0	0	NA	NA	NA
ENSMUST00000039720.11	ENSMUSG00000041658	503	0	0	0	0	NA	NA	NA
ENSMUST00000060714.10	ENSMUSG00000050148	227	0	0	0	0	NA	NA	NA
ENSMUST00000026318.15	ENSMUSG00000025283	281	1	1	1	4	4	164	102
ENSMUST00000026324.10	ENSMUSG00000025287	212	0	0	0	0	NA	NA	NA
ENSMUST00000026328.11	ENSMUSG00000025289	105	0	0	0	0	NA	NA	NA
ENSMUST00000112529.8	ENSMUSG00000071708	334	3	1	1	110	69	3	67
ENSMUST00000033671.13	ENSMUSG00000031309	262	0	0	0	0	NA	NA	NA
ENSMUST00000087143.7	ENSMUSG00000067194	222	0	0	0	0	NA	NA	NA
ENSMUST00000073094.10	ENSMUSG00000040990	147	0	0	0	0	NA	NA	NA
ENSMUST00000033662.9	ENSMUSG00000031299	101	0	0	0	0	NA	NA	NA
ENSMUST00000112377.8	ENSMUSG00000031295	207	0	1	1	0	NA	192	NA
ENSMUST00000033720.12	ENSMUSG00000031353	290	0	0	0	0	NA	NA	NA
ENSMUST00000033723.4	ENSMUSG00000031357	162	0	0	0	0	NA	NA	NA
ENSMUST00000112303.8	ENSMUSG00000031360	274	2	0	1	17	11	7	44
ENSMUST00000112294.9	ENSMUSG00000031367	129	0	0	0	0	NA	NA	NA
ENSMUST00000112289.9	ENSMUSG00000031370	263	1	0	1	3	3	28	223
ENSMUST00000033739.5	ENSMUSG00000031373	113	0	0	0	0	NA	NA	NA
ENSMUST00000033754.15	ENSMUSG00000031381	116	1	1	1	11	11	41	39
ENSMUST00000004715.2	ENSMUSG00000061778	112	0	1	1	0	NA	42	NA
ENSMUST00000112229.9	ENSMUSG00000031342	329	2	1	1	16	13	95	192
ENSMUST00000049501.10	ENSMUSG00000040586	416	1	2	1	10	10	114	269
ENSMUST00000112091.9	ENSMUSG00000079316	386	2	0	1	13	7	331	31
ENSMUST00000112172.4	ENSMUSG00000049775	225	3	0	1	57	24	5	129
ENSMUST00000026839.5	ENSMUSG00000025742	158	0	0	0	0	NA	NA	NA
ENSMUST00000033725.16	ENSMUSG00000031358	69	0	1	1	0	NA	61	NA
ENSMUST00000033717.9	ENSMUSG00000031352	207	0	0	0	0	NA	NA	NA
