transcript_id	gene_id	strand	n_exons	n_internal_exons	first_exon_length	last_exon_length	internal_exon_mean	internal_exon_median	internal_exon_sd	intron_mean	intron_median	intron_sd
ENST00000338591.8	ENSG00000187961	+	12	10	217	757	159.3	156.5	60.789344826576674	233.54545454545453	191	155.4370378232702
ENST00000304952.11	ENSG00000188290	-	4	2	232	469	92.0	92.0	5.656854249492381	83.0	78	8.660254037844387
ENST00000649529.1	ENSG00000187608	+	2	0	80	557	NA	NA	NA	407.0	407	NA
ENST00000379370.7	ENSG00000188157	+	36	34	254	1293	169.97058823529412	157.0	68.62258895433055	819.1714285714286	131	2296.348181297405
ENST00000379198.5	ENSG00000176022	+	1	0	2805	2805	NA	NA	NA	NA	NA	NA
ENST00000349431.11	ENSG00000160087	-	7	5	189	1576	99.0	103	39.774363602702685	2947.1666666666665	2670.5	2741.5749062658615
ENST00000354700.10	ENSG00000131584	-	24	22	162	1318	105.13636363636364	100.0	56.18616628125896	510.7391304347826	186	771.4849446119126
ENST00000343938.9	ENSG00000224051	+	3	1	301	1656	197.0	197	NA	970.5	970.5	1078.337841309485
ENST00000378888.10	ENSG00000107404	-	15	13	523	1238	118.76923076923077	122	43.143469660644755	774.0	205.0	1603.2320720728728
ENST00000309212.11	ENSG00000162576	-	10	8	100	939	156.75	91.5	154.2222422350291	396.8888888888889	121	574.2321926808972
ENST00000400809.8	ENSG00000221978	-	11	9	317	1872	102.55555555555556	105	23.22235512986953	1051.3	300.5	1127.1144130034004
ENST00000476993.2	ENSG00000179403	+	3	1	132	3802	558.0	558	NA	1350.5	1350.5	347.18942956259485
ENST00000378756.8	ENSG00000197785	+	16	14	312	760	100.64285714285714	89.5	41.52776113703874	1336.2	1150	1237.991414694441
ENST00000341832.11	ENSG00000248333	-	20	18	91	632	126.05555555555556	122.5	29.885019308760157	1094.1052631578948	548	1237.337234850927
ENST00000617444.5	ENSG00000189339	-	10	8	347	4542	193.125	132.0	158.2894613403829	2764.8888888888887	1191	4410.215030030975
ENST00000341426.9	ENSG00000008130	-	12	10	182	1829	122.4	104.5	43.739633692516854	2182.181818181818	572	3822.691847852291
ENST00000378609.9	ENSG00000078369	-	12	10	268	1768	112.7	105.0	62.77835791275702	9330.818181818182	2648	14743.240809389106
ENST00000378567.8	ENSG00000067606	+	18	16	291	474	101.25	90.0	34.061708706405206	7800.0	2450	17882.610124783238
ENST00000378536.5	ENSG00000157933	+	7	5	1417	3637	205.8	231	80.53384381736662	12635.333333333334	382.5	29694.79714473003
ENST00000378531.8	ENSG00000116151	-	14	12	97	327	101.75	98.0	31.121828060353103	5281.307692307692	1587	6644.528355278692
ENST00000605895.6	ENSG00000157916	+	7	5	118	2402	101.6	100	21.755459085020476	1761.3333333333333	1306.5	1120.115648791082
ENST00000447513.7	ENSG00000157911	-	6	4	174	1861	200.0	156.0	143.38991131410418	1151.2	1512	753.6402988163518
ENST00000378378.9	ENSG00000130762	+	15	13	147	666	154.53846153846155	130	143.60107670476998	1687.642857142857	1079.5	2103.523037746359
ENST00000270708.12	ENSG00000116213	-	12	10	173	348	117.1	111.5	36.47358252519517	1603.8181818181818	964	2169.9952911553432
ENST00000378230.8	ENSG00000116198	-	22	20	323	3432	133.8	139.0	54.273769956242745	1842.6190476190477	1048	1802.3487031146462
ENST00000378083.8	ENSG00000069424	+	16	14	296	2696	84.57142857142857	83.0	54.340400448277165	3407.8	1337	5331.730424007361
ENST00000343813.10	ENSG00000116237	-	5	3	248	4070	159.0	170	65.19969325081216	2494.25	1298.0	2775.9462500800214
ENST00000361521.9	ENSG00000097021	-	9	7	511	424	124.42857142857143	117	35.0421514886341	15961.25	11868.0	12542.778910022862
ENST00000377728.8	ENSG00000171680	-	21	19	31	451	163.05263157894737	133	150.69559961289534	1048.3	343.0	3060.4942514499016
ENST00000377674.9	ENSG00000204859	+	11	9	143	365	204.33333333333334	137	213.7691511888467	694.0	410.5	1051.9749680165082
ENST00000377658.8	ENSG00000162413	-	4	2	1073	2935	239.5	239.5	235.46655813512032	2553.0	2344	850.9717974175172
ENST00000377648.5	ENSG00000116273	+	4	2	375	2620	318.5	318.5	306.1772362537751	2222.6666666666665	2651	1006.3609359138168
ENST00000054650.9	ENSG00000041988	+	6	4	87	767	126.75	124.0	54.21177608847239	1466.8	1596	1259.5172487901864
ENST00000303635.12	ENSG00000171735	+	23	21	122	3248	235.42857142857142	136	384.77988141644977	44360.86363636364	5276.0	80124.6930396292
ENST00000054666.11	ENSG00000049245	+	5	3	90	1807	93.66666666666667	70	57.29165151514951	1989.75	1756.0	1218.8733527319398
ENST00000377482.10	ENSG00000116285	-	4	2	152	2670	137.5	137.5	85.55992052357225	3828.6666666666665	911	5761.170916865193
ENST00000400908.7	ENSG00000142599	-	23	21	481	2717	229.0952380952381	125	304.53224866373426	20783.090909090908	2095.5	36528.02445860554
ENST00000234590.10	ENSG00000074800	-	12	10	107	430	124.4	102.5	62.12389055570954	1446.0	1192	1075.9101263581451
ENST00000377403.7	ENSG00000049239	+	5	3	293	7829	341.6666666666667	270	266.81891487174096	6854.25	5631.0	6754.540022582342
ENST00000328089.11	ENSG00000171621	+	3	1	178	2085	843.0	843	NA	36766.5	36766.5	36634.49522649384
ENST00000302692.7	ENSG00000171612	+	7	5	283	2875	141.4	101	89.673295913555	6974.0	4764.0	5418.285226896051
ENST00000340381.11	ENSG00000188807	+	11	9	133	1892	198.88888888888889	195	87.04660309920837	2215.2	1245.0	2148.7980516248304
ENST00000377346.9	ENSG00000171608	+	24	22	72	2206	142.45454545454547	138.5	48.20465031185593	3129.217391304348	361	8881.929100229409
ENST00000377298.9	ENSG00000171603	-	19	17	323	1780	156.2941176470588	158	55.12685904561672	5015.555555555556	1313.0	11924.06114307499
ENST00000377263.6	ENSG00000178585	-	6	4	175	2501	82.5	88.0	35.76310948449533	11797.6	5816	10980.147644726823
ENST00000377223.6	ENSG00000162441	-	8	6	143	4165	113.5	104.0	28.654842522687154	1730.0	891	1941.8235415883357
ENST00000377205.6	ENSG00000173614	+	5	3	41	3198	165.0	171	22.60530911091463	9572.5	4329.0	12731.919376119218
ENST00000343090.11	ENSG00000130939	+	28	26	737	1345	147.03846153846155	135.5	65.71969614612092	5273.222222222223	2423	8091.443093375454
ENST00000676179.1	ENSG00000054523	+	49	47	309	5059	116.74468085106383	109	51.815503842796765	3337.0625	1670.5	5424.349100696175
ENST00000377038.8	ENSG00000160049	-	6	4	207	5181	161.75	157.0	20.36950334855189	1994.6	1844	1326.185620492094
ENST00000377022.8	ENSG00000130940	-	21	19	83	3456	231.31578947368422	155	237.69402662329918	7605.45	1364.0	14767.847583873769
ENST00000240185.8	ENSG00000120948	+	6	4	90	3369	181.5	167.5	47.43065113053653	1730.8	1555	700.9905134878788
ENST00000376957.7	ENSG00000116649	-	8	6	242	297	120.16666666666667	122.0	27.80947080882099	595.7142857142857	431	675.5182490221155
ENST00000361445.9	ENSG00000198793	-	58	56	107	966	136.57142857142858	127.5	50.57985842133287	2584.1403508771928	1319	4618.087929306567
ENST00000376810.6	ENSG00000120942	+	2	0	863	2791	NA	NA	NA	11583.0	11583	NA
ENST00000354287.5	ENSG00000116661	-	6	4	111	442	183.5	134.5	125.04532511586882	951.2	391	1426.9287648652962
ENST00000251547.10	ENSG00000132879	+	6	4	76	2198	163.5	131.5	89.32524839036273	1104.6	853	1054.4895921724406
ENST00000376753.9	ENSG00000116663	+	6	4	56	740	162.0	131.5	86.38286867197685	1742.2	1253	1693.2051559099386
ENST00000376692.9	ENSG00000116670	-	9	7	110	337	86.57142857142857	93	22.12733711089176	702.0	454.0	844.9625520019891
ENST00000314340.10	ENSG00000177674	+	5	3	100	693	112.33333333333333	106	80.68663664655587	3376.0	1534.0	4139.593619346389
ENST00000376590.9	ENSG00000177000	-	12	10	77	5176	176.5	182.0	57.57748402515229	1202.1818181818182	857	1156.0269735764662
ENST00000346436.11	ENSG00000011021	+	23	21	159	2988	116.28571428571429	124	39.67384888959333	1425.0454545454545	840.0	1927.708742999185
ENST00000196061.5	ENSG00000083444	+	19	17	139	885	114.82352941176471	114	26.561803624089723	2102.5	1680.0	2897.7354901005433
ENST00000235329.10	ENSG00000116688	+	19	17	41	2013	138.41176470588235	135	37.7625125348033	1592.111111111111	1163.0	1719.2296800632712
ENST00000616661.5	ENSG00000162496	-	6	4	1057	515	157.25	135.0	55.44591959738787	9620.0	4303	15189.029511459908
ENST00000621990.5	ENSG00000162493	+	6	4	269	2053	103.75	121.0	44.214439572007095	6277.8	3080	9451.94615938961
ENST00000311066.10	ENSG00000116731	+	10	8	113	1921	655.625	122.5	1518.8084556651638	13068.111111111111	9122	10159.265456277393
ENST00000376008.3	ENSG00000171729	+	4	2	208	1153	305.0	305.0	328.09754647055803	21587.0	4332	30266.64812958316
ENST00000375980.9	ENSG00000142634	+	4	2	392	1747	141.5	141.5	9.192388155425117	6010.0	1308	8297.86135097472
ENST00000375847.8	ENSG00000116138	+	15	13	111	3956	151.30769230769232	159	72.60668543068724	2775.1428571428573	1866.0	3110.277673904889
ENST00000375799.8	ENSG00000116786	+	20	18	299	973	159.0	108.5	172.10598649737693	2437.684210526316	602	7118.314969559015
ENST00000375766.8	ENSG00000162458	+	9	7	54	2042	174.0	179	54.59853477887479	3060.125	2257.5	2401.843544178989
ENST00000375743.9	ENSG00000116809	-	16	14	119	384	158.35714285714286	136.0	66.82883663953314	2100.866666666667	313	6249.066534481846
ENST00000358432.8	ENSG00000142627	-	17	15	222	984	182.66666666666666	154	151.79011198111058	1736.6875	594.0	2616.902946073214
ENST00000270747.8	ENSG00000142632	-	16	14	151	891	162.85714285714286	141.5	102.64940866318275	765.1333333333333	311	1047.0809674428012
ENST00000375592.8	ENSG00000037637	-	10	8	226	4946	131.875	117.0	61.4803975728385	11046.0	1979	15462.779415422054
ENST00000337132.10	ENSG00000157191	+	8	6	130	1237	108.5	103.0	36.489724581037876	2476.714285714286	2778	1466.2473318288555
ENST00000375535.4	ENSG00000117122	-	9	7	34	522	69.85714285714286	78	24.38188242273739	634.25	272.5	740.1777296221303
ENST00000326735.13	ENSG00000159363	-	29	27	200	401	125.74074074074075	125	46.843924647207736	784.8214285714286	182.0	1261.4686929240509
ENST00000375486.9	ENSG00000117115	-	16	14	172	2517	119.42857142857143	115.0	36.386206781636965	3222.0	1818	3567.049060498047
ENST00000375436.9	ENSG00000179051	-	13	11	133	2435	133.8181818181818	115	63.48987034451745	2406.5	1722.0	2414.4207097430976
ENST00000361221.8	ENSG00000074964	+	29	27	253	1022	124.07407407407408	117	48.21101527972621	5483.821428571428	2644.5	8398.585419045596
ENST00000375341.8	ENSG00000159423	-	15	13	94	1528	116.6923076923077	119	49.677937113948644	1999.0714285714287	1035.5	3087.9034576450513
ENST00000235835.8	ENSG00000053371	-	7	5	318	422	124.0	105	38.072299641602946	1136.6666666666667	800.5	1132.703256226743
ENST00000375153.8	ENSG00000040487	+	8	6	564	729	147.0	136.5	58.73329549752849	2114.285714285714	732	2572.669153122603
ENST00000264202.8	ENSG00000077549	-	9	7	104	843	104.0	114	27.098585448936873	18136.25	9116.5	22301.199754721718
ENST00000375136.8	ENSG00000158747	+	4	2	136	1587	150.5	150.5	54.44722215136416	4039.3333333333335	1430	5689.051444075131
ENST00000294543.11	ENSG00000162542	-	16	14	62	1205	119.92857142857143	119.0	42.261938296432035	7648.733333333334	6216	9166.576510552319
ENST00000375120.4	ENSG00000169914	+	8	6	340	5376	133.16666666666666	127.5	30.844232307948054	3433.714285714286	3059	2795.6813548927994
ENST00000375078.4	ENSG00000162545	-	2	0	997	1329	NA	NA	NA	1494.0	1494	NA
ENST00000264198.5	ENSG00000090432	-	4	2	247	1972	104.5	104.5	23.33452377915607	2092.0	1032	2176.1040875840476
ENST00000375071.4	ENSG00000158825	+	4	2	187	452	85.0	85.0	38.18376618407357	9666.0	8802	5596.247671431278
ENST00000321556.5	ENSG00000158828	+	8	6	478	1078	183.5	173.5	69.35344259660079	2199.5714285714284	1762	1571.319281913859
ENST00000438032.6	ENSG00000127483	-	13	11	113	4826	133.36363636363637	144	35.81975077320535	3386.3333333333335	2681.5	2570.3959133789394
ENST00000374893.11	ENSG00000117298	-	19	17	100	2882	122.6470588235294	111	43.61327374846818	3785.9444444444443	1917.5	3695.866315258364
ENST00000308271.14	ENSG00000090686	-	27	25	326	1142	118.04	125	38.44745331834954	3862.8076923076924	2021.0	5161.894536072823
ENST00000656825.1	ENSG00000070831	+	6	4	34	9933	134.0	132.5	54.264782932088345	7629.8	4561	10258.316830747624
ENST00000375647.5	ENSG00000184677	+	18	16	154	4953	224.625	181.0	165.54833131143303	4153.117647058823	1754	8995.117945880094
ENST00000400181.9	ENSG00000004487	+	21	19	480	511	110.21052631578948	112	40.68111621347513	3056.85	1568.0	3607.4230673490606
ENST00000302291.9	ENSG00000169641	-	4	2	91	5024	1648.5	1648.5	2181.424419960499	25471.666666666668	14641	30242.313177621407
ENST00000314011.9	ENSG00000125945	-	4	2	471	3774	110.0	110.0	24.041630560342615	1974.6666666666667	1300	1617.233852395297
ENST00000336689.8	ENSG00000088280	-	25	23	175	1368	109.04347826086956	91	47.87813911936842	2148.5833333333335	493.0	5759.453249387832
ENST00000361729.3	ENSG00000007968	-	7	5	692	3711	158.6	159	49.043857923291476	3266.6666666666665	2407.0	2290.847325045182
ENST00000374561.6	ENSG00000117318	-	3	1	375	490	85.0	85	NA	313.0	313.0	291.3279938488576
ENST00000643754.2	ENSG00000142676	+	6	4	24	492	125.25	121.5	20.36950334855189	802.6	779	244.94550414326858
ENST00000613537.5	ENSG00000011007	+	11	9	108	2548	242.44444444444446	112	356.0193502855958	1375.1	830.0	1589.275547747044
ENST00000246151.9	ENSG00000057757	+	6	4	296	958	84.0	91.5	30.01110905425967	1645.0	724	2292.25271294419
ENST00000374514.8	ENSG00000011009	+	10	8	106	858	83.875	72.5	43.78009169213135	306.6666666666667	111	432.3068933061327
ENST00000617979.5	ENSG00000117308	-	12	10	43	409	106.4	114.0	32.792953172560985	330.90909090909093	243	344.2787982276732
ENST00000334351.8	ENSG00000189266	+	3	1	171	2023	206.0	206	NA	617.5	617.5	441.9417382415922
ENST00000492112.3	ENSG00000188529	-	6	4	137	7093	106.5	104.5	44.56081986079999	1665.0	1373	1586.8339547665346
ENST00000374399.9	ENSG00000001461	+	12	10	103	3991	127.8	96.0	86.52526926986256	4709.363636363636	3386	5339.673178626708
ENST00000374395.9	ENSG00000117602	+	5	3	315	5948	200.0	174	46.776062254106	7835.5	6500.5	7359.632078666252
ENST00000323848.14	ENSG00000133226	+	17	15	46	1100	172.6	145	98.17899106078798	1640.3125	1166.5	1437.796217306194
ENST00000374379.9	ENSG00000169504	+	6	4	179	3549	131.25	118.0	34.84609016805185	18924.4	12790	19466.111278321616
ENST00000236273.9	ENSG00000117614	-	7	5	59	1156	108.4	108	14.08190328045183	1411.6666666666667	1166.0	1081.245331396472
ENST00000243189.12	ENSG00000117616	-	5	3	146	457	274.0	152	272.3306813416366	945.25	993.0	522.3685640107631
ENST00000374358.5	ENSG00000183726	+	7	5	123	1702	88.2	93	22.928148638736623	3627.0	3093.5	2623.641896296063
ENST00000374343.5	ENSG00000204178	+	11	9	282	1946	190.22222222222223	159	119.42024302623255	6537.3	2823.5	7842.201704028446
ENST00000374338.5	ENSG00000157978	+	9	7	181	2039	99.14285714285714	113	37.43629509548442	2795.875	1510.5	3368.9148077894247
ENST00000374332.9	ENSG00000117643	+	12	10	1547	788	122.6	116.0	42.3535384852579	14918.09090909091	5013	24474.129142645896
ENST00000374315.1	ENSG00000162430	+	12	10	221	2674	131.7	121.5	39.5166631519751	1256.090909090909	807	1286.4869571469005
ENST00000374303.7	ENSG00000117640	+	7	5	76	1018	171.8	110	95.23234744560274	1838.6666666666667	2321.5	1186.2054909106882
ENST00000675840.1	ENSG00000182749	-	3	1	221	2378	86.0	86	NA	5770.0	5770.0	1381.6866504385139
ENST00000455785.7	ENSG00000117632	-	5	3	31	972	146.66666666666666	173	62.78800310038004	1215.25	1250.0	715.0391014949229
ENST00000374282.8	ENSG00000158006	-	11	9	39	2317	125.66666666666667	137	34.307433596816885	3481.0	1899.0	3279.9826219051834
ENST00000374269.2	ENSG00000175087	+	3	1	92	3719	302.0	302	NA	4809.5	4809.5	3441.4887040349267
ENST00000374266.7	ENSG00000142684	+	3	1	276	299	63.0	63	NA	164.0	164.0	98.99494936611666
ENST00000451429.8	ENSG00000130695	+	14	12	111	1673	179.16666666666666	143.5	169.28772351630622	3128.846153846154	1463	3334.1423396468304
ENST00000270792.10	ENSG00000142669	+	3	1	118	465	168.0	168	NA	343.0	343.0	308.2985565973347
ENST00000236342.12	ENSG00000117682	+	9	7	56	2412	117.14285714285714	117	12.8248271129162	4462.25	3944.0	3467.9922866119527
ENST00000374168.7	ENSG00000117676	+	22	20	223	947	101.1	96.5	35.29708501457756	2003.4761904761904	716	3059.9726733918333
ENST00000674202.1	ENSG00000060642	+	4	2	319	3097	628.5	628.5	697.9143930311224	2679.0	2490	474.61668744366756
ENST00000374142.9	ENSG00000204160	+	8	6	452	3879	119.0	125.5	40.689064870060605	3696.0	1521	5690.077210958272
ENST00000339276.6	ENSG00000175793	+	1	0	1308	1308	NA	NA	NA	NA	NA	NA
ENST00000374135.9	ENSG00000142751	-	5	3	598	3618	149.66666666666666	157	16.289055630494154	2371.75	2258.5	1645.9300055996712
ENST00000321265.10	ENSG00000090273	+	9	7	187	742	123.28571428571429	117	55.664813199825154	2917.125	642.0	5878.035105069429
ENST00000263980.8	ENSG00000090020	-	12	10	1143	1836	175.8	144.5	119.05815572418567	4689.090909090909	558	11674.582454670877
ENST00000319394.8	ENSG00000142784	+	16	14	320	2451	138.21428571428572	131.5	54.624844405944316	4619.933333333333	1696	7477.366796508234
ENST00000374076.9	ENSG00000186501	+	6	4	229	1022	86.25	91.0	41.08020610139795	2528.4	1265	3303.3746835622505
ENST00000357582.3	ENSG00000142733	-	29	27	704	286	127.70370370370371	134	42.707245660529686	262.14285714285717	234.5	245.9942357478403
ENST00000618852.5	ENSG00000158195	-	9	7	182	4117	197.42857142857142	154	141.2265994101408	10032.125	2135.5	20817.558745563805
ENST00000673934.1	ENSG00000126705	-	9	7	39	672	816.7142857142857	136	1814.3287752670144	7934.0	472.0	15385.781172423916
ENST00000361157.11	ENSG00000126709	-	5	3	70	412	110.0	102	36.66060555964672	1329.25	1229.5	1184.6882501316538
ENST00000373954.11	ENSG00000009780	+	9	7	201	2622	108.0	102	41.721297518973046	4197.125	4225.5	3182.641959015452
ENST00000373943.9	ENSG00000117758	+	9	7	207	2213	87.71428571428571	83	30.214313857917773	6023.875	4741.5	4854.520645380816
ENST00000311772.10	ENSG00000117751	+	7	5	110	1584	129.2	145	67.20267851804718	3092.5	2580.5	1538.5196456334252
ENST00000373912.8	ENSG00000117748	-	9	7	142	724	102.57142857142857	107	14.175767384955954	2683.5	1137.5	3457.067171544607
ENST00000373884.6	ENSG00000158156	+	3	1	390	1591	197.0	197	NA	2971.5	2971.5	229.80970388562795
ENST00000373871.8	ENSG00000158161	-	18	16	87	4203	106.8125	101.0	38.31138864619762	6604.0	3859	6764.573425205761
ENST00000253063.4	ENSG00000130766	+	10	8	420	1776	158.25	167.0	48.61143310550953	2168.0	666	2939.0096971599123
ENST00000373842.9	ENSG00000130772	+	3	1	141	1549	139.0	139	NA	2548.5	2548.5	1601.5968593875302
ENST00000373839.8	ENSG00000204138	+	14	12	86	3831	177.58333333333334	146.0	161.1929720627554	9582.846153846154	3442	15997.386275295901
ENST00000683442.1	ENSG00000180198	+	13	11	42	1158	122.81818181818181	123	47.473820536835206	2533.0	800.5	3926.627838466256
ENST00000373824.9	ENSG00000120656	-	6	4	76	725	133.5	102.0	80.50879869099195	7776.6	4591	7605.108697448051
ENST00000373816.6	ENSG00000162419	+	10	8	56	5281	127.625	128.5	25.494747358174447	4912.444444444444	3881	4191.594359879994
ENST00000373812.8	ENSG00000198492	+	5	3	208	847	563.0	80	884.6394745883772	7523.0	2320.0	11730.717795599721
ENST00000343067.9	ENSG00000159023	+	21	19	200	3223	137.26315789473685	105	99.70280398668343	9972.1	3728.0	16522.49002484349
ENST00000373795.7	ENSG00000116350	-	6	4	255	1484	140.25	128.0	54.35301279598032	6371.6	4463	8443.29984662395
ENST00000263702.11	ENSG00000116353	-	10	8	204	1523	98.5	100.5	29.00738822142682	3973.6666666666665	1761	4675.182215700261
ENST00000339394.7	ENSG00000162512	-	5	3	310	3912	341.3333333333333	292	251.65320052272995	8511.75	1710.0	14137.261530555814
ENST00000426105.7	ENSG00000134644	-	22	20	102	1837	172.3	141.5	78.44683080378643	6134.619047619048	3300	7514.841092639222
ENST00000263694.9	ENSG00000060688	-	10	8	178	554	110.375	112.5	31.95951680307001	3956.222222222222	2493	3203.323968075106
ENST00000344147.10	ENSG00000121766	+	8	6	44	905	103.16666666666667	101.0	29.417115199602197	9476.714285714286	8944	6262.553571674675
ENST00000373713.7	ENSG00000121769	-	4	2	135	687	137.5	137.5	50.204581464244875	2242.3333333333335	1890	1012.5681870043782
ENST00000373709.8	ENSG00000168528	+	10	8	92	615	149.125	152.0	47.160629766787466	2174.0	828	3244.582099439002
ENST00000373672.8	ENSG00000084636	-	71	69	181	591	67.33333333333333	54	42.43183691891886	661.9571428571429	360.0	741.9489696057033
ENST00000647444.2	ENSG00000184007	-	6	4	382	2540	247.0	112.0	295.5898058684253	5607.6	2982	7207.573468234646
ENST00000327300.12	ENSG00000121774	+	9	7	510	1351	121.71428571428571	125	48.45518302415916	3412.125	1324.0	5170.020708372453
ENST00000336294.10	ENSG00000121775	+	9	7	113	433	176.0	155	83.99603165229495	3518.375	1883.5	4675.517662325134
ENST00000373625.8	ENSG00000025800	+	14	12	79	5857	118.25	113.0	31.06627812216385	4704.076923076923	1038	12568.993392879815
ENST00000373610.8	ENSG00000084652	+	11	9	102	3384	153.22222222222223	120	83.38431773687691	1374.6	752.5	1111.8090563481562
ENST00000373602.10	ENSG00000160050	+	6	4	115	194	142.75	177.0	80.64893055707559	782.6	573	697.3501989674916
ENST00000677711.2	ENSG00000084623	+	11	9	38	490	99.22222222222223	93	26.39497005954817	777.7	303.0	805.5339223148831
ENST00000373548.8	ENSG00000116478	+	14	12	136	610	114.33333333333333	115.5	30.45214825481666	3032.769230769231	565	4586.814220382998
ENST00000329421.8	ENSG00000175130	-	2	0	287	1259	NA	NA	NA	849.0	849	NA
ENST00000455895.7	ENSG00000160058	-	11	9	38	2022	138.77777777777777	104	132.75897123902567	2650.0	2083.0	2703.547217186257
ENST00000373493.10	ENSG00000162521	+	12	10	115	6572	119.6	121.5	38.95638586932828	2465.5454545454545	340	3600.4996143212225
ENST00000401073.7	ENSG00000162522	+	7	5	360	2106	605.4	124	1094.537253820079	4608.0	478.5	10286.812761978319
ENST00000373477.9	ENSG00000134684	-	13	11	171	853	129.0	136	36.65514970641915	3306.4166666666665	3556.0	2764.5216735148474
ENST00000373475.10	ENSG00000116497	+	7	5	37	2952	246.2	104	328.2479245935913	6167.166666666667	2319.5	8627.046108991575
ENST00000672715.1	ENSG00000004455	-	6	4	148	5417	101.25	103.0	22.691775308835286	4585.6	2738	4938.307837711213
ENST00000294517.11	ENSG00000142920	+	12	10	142	3449	164.9	169.5	34.226208281568866	3372.7272727272725	1197	5837.920470354304
ENST00000291416.10	ENSG00000116525	-	5	3	1019	2329	156.33333333333334	116	87.751543196307	8207.0	8025.5	6125.967406595196
ENST00000539719.6	ENSG00000160094	+	9	7	163	1790	176.28571428571428	159	97.59391081707624	5130.125	3576.5	5478.065780586116
ENST00000683057.1	ENSG00000134686	-	15	13	120	1394	190.69230769230768	165	96.7060706603474	7391.214285714285	1439.5	14890.639383795504
ENST00000684572.1	ENSG00000121903	+	8	6	47	7426	330.5	308.0	250.67728257662282	2791.8571428571427	1422	3394.7845993804194
ENST00000521580.3	ENSG00000163866	-	2	0	73	5621	NA	NA	NA	3694.0	3694	NA
ENST00000357182.9	ENSG00000163867	-	16	14	131	2771	158.57142857142858	152.5	60.03039523148546	2710.6	1522	3487.479376283106
ENST00000359858.9	ENSG00000197056	+	10	8	58	2883	152.5	162.0	67.82961847789757	3590.4444444444443	1425	4699.94901863603
ENST00000357214.6	ENSG00000116560	-	10	8	924	1658	144.75	120.0	80.85569155688952	718.8888888888889	692	738.3377351260812
ENST00000314607.11	ENSG00000146463	+	30	28	377	2589	157.14285714285714	151.0	93.43990514237412	5033.931034482759	910	11728.282543648294
ENST00000325722.8	ENSG00000142687	-	21	19	197	1590	157.3684210526316	133	98.91029073880577	5956.75	2435.0	11298.676382074234
ENST00000373243.7	ENSG00000020129	+	7	5	425	1553	344.0	225	352.4202037341219	880.5	980.5	365.0242457700584
ENST00000373237.4	ENSG00000126067	-	6	4	185	3834	101.75	97.0	51.0775554100494	7512.0	4909	8121.492227417323
ENST00000318121.8	ENSG00000092853	-	25	23	132	4495	168.91304347826087	128	121.26863982065836	1223.125	624.0	1558.4175450004461
ENST00000373166.8	ENSG00000054116	-	5	3	150	751	127.0	100	48.507731342539614	2908.25	1107.0	4225.874219219813
ENST00000474796.2	ENSG00000116871	+	17	15	304	602	164.4	139	106.82950368293797	1332.375	208.0	3541.4590754847545
ENST00000354618.10	ENSG00000054118	+	12	10	63	1562	278.0	170.5	283.5892961465381	6955.454545454545	2099	11249.850153345478
ENST00000490466.2	ENSG00000142694	-	3	1	187	696	97.0	97	NA	318.0	318.0	103.23759005323593
ENST00000373132.4	ENSG00000196182	-	11	9	202	2346	121.88888888888889	120	49.64736761512247	4265.2	1894.0	7299.155427551571
ENST00000315732.3	ENSG00000181817	-	2	0	142	718	NA	NA	NA	3613.0	3613	NA
ENST00000235532.9	ENSG00000116885	-	10	8	194	350	113.875	116.5	39.862038869796194	3454.5555555555557	1421	4101.23771290787
ENST00000373087.7	ENSG00000163874	+	6	4	50	1641	240.75	187.5	169.1082000771498	1428.8	829	1671.0516748443179
ENST00000296215.8	ENSG00000163877	-	4	2	288	3564	351.0	351.0	350.72496346852756	5097.0	2144	5898.702993031604
ENST00000373062.8	ENSG00000134697	-	16	14	179	192	141.35714285714286	114.0	95.55313233432538	1784.8	930	1745.4612243513993
ENST00000373055.6	ENSG00000134690	+	10	8	269	1398	88.0	86.5	29.8424434081968	1648.111111111111	1433	881.1451986540646
ENST00000373044.3	ENSG00000196449	-	5	3	417	1053	126.0	120	14.933184523068078	854.0	440.0	1055.153701284004
ENST00000373036.5	ENSG00000188786	-	11	9	62	5993	209.11111111111111	132	191.0264670434731	4208.2	2304.0	5086.345376484857
ENST00000373024.8	ENSG00000204084	-	24	22	64	1734	120.54545454545455	112.0	41.46338289638366	3561.1739130434785	1633	8235.594026442746
ENST00000373016.4	ENSG00000183386	-	6	4	158	790	177.0	175.5	7.164728420068226	1417.8	124	2538.9848758903627
ENST00000373014.5	ENSG00000183520	+	8	6	132	1276	102.5	107.0	23.364502990648013	1437.7142857142858	735	1386.7204373732188
ENST00000373001.4	ENSG00000116954	-	7	5	363	1507	162.2	149	38.55774889694677	3149.0	2773.0	2324.326397044959
ENST00000432648.8	ENSG00000174574	+	5	3	325	2015	116.0	135	38.22302970723278	3024.0	2450.0	2521.353604713151
ENST00000372858.8	ENSG00000090621	-	16	14	1032	307	128.78571428571428	118.0	50.38952664596479	855.5333333333333	562	883.0404348181398
ENST00000372811.10	ENSG00000168389	+	14	12	241	452	119.66666666666667	123.0	31.18954758870155	975.6153846153846	417	1706.4956069120883
ENST00000372805.8	ENSG00000131236	+	13	11	73	1199	123.0909090909091	122	36.601788331868555	2441.1666666666665	913.5	5127.72958500833
ENST00000372759.4	ENSG00000084073	+	10	8	159	1736	135.0	143.0	30.766400968774825	3663.3333333333335	2444	2920.600794357216
ENST00000372718.8	ENSG00000084070	+	10	8	497	1347	132.625	98.5	80.45928429069842	5187.888888888889	1056	10343.689228757365
ENST00000415550.6	ENSG00000164002	+	4	2	142	1524	116.5	116.5	82.73149339882606	1791.0	542	2549.3475635934774
ENST00000372699.8	ENSG00000117010	+	5	3	151	1606	87.33333333333333	96	44.635561308594895	3628.0	3103.0	3074.1670958705763
ENST00000447388.8	ENSG00000066136	+	10	8	164	895	112.0	110.5	38.97618320388564	8660.555555555555	3549	14520.108945107051
ENST00000372638.4	ENSG00000179862	-	1	0	1310	1310	NA	NA	NA	NA	NA	NA
ENST00000650070.2	ENSG00000171793	+	19	17	134	908	105.76470588235294	97	38.79679337871351	1668.3333333333333	1339.5	1168.5699153490234
ENST00000695335.1	ENSG00000010803	-	16	14	248	1118	143.14285714285714	136.5	72.3185869744288	14115.666666666666	8501	16073.312973758115
ENST00000361346.6	ENSG00000198815	-	13	11	177	3278	160.9090909090909	108	113.00836654465415	12788.583333333334	6621.5	12860.480101729083
ENST00000372561.4	ENSG00000127125	+	3	1	531	1634	104.0	104	NA	1212.5	1212.5	1470.0749980868322
ENST00000304979.8	ENSG00000171960	+	10	8	90	175	61.125	55.0	26.615986066379623	1953.5555555555557	763	2931.1736604605635
ENST00000321358.12	ENSG00000065978	+	8	6	314	1825	140.0	86.5	114.19807353891746	2629.8571428571427	934	3490.030297316984
ENST00000372521.9	ENSG00000177868	-	3	1	208	449	150.0	150	NA	4769.5	4769.5	5883.835526253262
ENST00000651192.1	ENSG00000164011	+	4	2	45	1528	150.5	150.5	38.890872965260115	1330.3333333333333	1207	1245.5879468481273
ENST00000426263.10	ENSG00000117394	-	10	8	235	1889	157.5	162.0	53.08483775994799	3348.0	363	5915.250755462527
ENST00000310955.11	ENSG00000117399	+	11	9	26	253	152.22222222222223	129	53.24654396713879	257.4	143.0	293.1708640972966
ENST00000372458.8	ENSG00000066322	-	8	6	97	737	105.33333333333333	93.5	51.62428369155999	449.2857142857143	177	813.3184522448171
ENST00000359947.9	ENSG00000142949	+	34	32	208	1732	180.625	143.5	121.03471909252507	2577.6969696969695	666	3753.1716960862623
ENST00000372396.4	ENSG00000066135	+	22	20	104	1289	154.65	154.5	73.970317660105	2423.0476190476193	1749	2678.358480043149
ENST00000372343.8	ENSG00000117408	+	20	18	735	437	150.61111111111111	136.5	153.23420708909035	904.7368421052631	192	1531.0734376067758
ENST00000255108.8	ENSG00000132768	+	6	4	313	955	299.5	200.5	260.33888171637625	178.8	197	91.52704518337735
ENST00000472174.7	ENSG00000117410	+	8	6	148	315	87.33333333333333	74.0	52.65611708687479	335.57142857142856	210	272.65292781780107
ENST00000372324.6	ENSG00000117411	+	7	5	302	871	204.0	191	104.25449630591478	1627.6666666666667	909.5	1858.6100900045353
ENST00000372310.8	ENSG00000196517	-	14	12	157	1257	149.33333333333334	134.0	54.082988979619984	2444.153846153846	629	3960.6525313840616
ENST00000372289.7	ENSG00000178028	+	10	8	388	115	154.875	163.5	75.07413003158945	606.7777777777778	261	1058.1104358451648
ENST00000372257.7	ENSG00000117419	-	9	7	366	571	113.71428571428571	92	74.86145934483308	16556.875	16413.5	12089.839422749052
ENST00000361799.7	ENSG00000187147	+	15	13	276	1020	134.30769230769232	87	185.20411470203382	17387.64285714286	3334.0	53065.90774703174
ENST00000372237.8	ENSG00000126106	-	3	1	151	1963	122.0	122	NA	9499.5	9499.5	6414.165612143172
ENST00000372224.9	ENSG00000142945	+	21	19	166	671	106.57894736842105	102	37.37544617269722	1253.45	913.0	1610.12818956818
ENST00000372201.5	ENSG00000173846	+	15	13	297	504	118.38461538461539	114	32.68164230251815	233.85714285714286	143.0	215.26901136194047
ENST00000360403.7	ENSG00000070785	-	12	10	103	482	131.5	137.0	35.35926721211538	12197.636363636364	6700	11851.286464116267
ENST00000372172.5	ENSG00000126107	-	21	19	436	1029	112.21052631578948	104	42.54093316033449	259.0	168.5	233.62790929167687
ENST00000359600.6	ENSG00000162415	-	14	12	850	2918	175.0	154.5	70.4104847564364	14179.923076923076	2636	31984.434535832006
ENST00000372090.6	ENSG00000132773	+	8	6	135	892	143.33333333333334	151.0	73.14825128919124	273.85714285714283	199	243.14222763054315
ENST00000319248.13	ENSG00000117450	-	6	4	56	364	131.25	127.0	16.214705259938174	1977.8	2774	1412.6362589145162
ENST00000351829.9	ENSG00000117448	+	9	7	330	159	131.14285714285714	120	52.48627938623125	2227.125	484.0	3721.4092352801745
ENST00000350030.8	ENSG00000132780	+	15	13	165	833	171.30769230769232	86	257.3792223598558	2259.1428571428573	803.0	3208.2975081963486
ENST00000355105.8	ENSG00000159592	-	13	11	122	1105	219.45454545454547	130	280.1572285829383	4632.416666666667	1595.0	7047.344754113661
ENST00000372025.5	ENSG00000159596	+	3	1	95	1233	137.0	137	NA	2395.5	2395.5	427.79960261786124
ENST00000396478.4	ENSG00000197429	-	9	7	57	1480	225.71428571428572	168	117.2841482408063	6103.25	4461.0	4569.248601872554
ENST00000361297.7	ENSG00000086015	+	29	27	461	1585	136.7037037037037	133	56.896542287001274	8099.071428571428	993.5	18169.64519095184
ENST00000371984.8	ENSG00000085998	-	22	20	99	675	97.25	104.5	34.34020966738555	334.9047619047619	215	309.8789932799422
ENST00000371975.9	ENSG00000085999	+	18	16	646	402	126.875	124.5	55.15176032246538	1625.4705882352941	442	2390.0447463815153
ENST00000617190.5	ENSG00000132128	-	10	8	493	1623	252.5	111.0	363.2504055646148	2446.5555555555557	577	3675.383691232492
ENST00000474844.6	ENSG00000117481	+	6	4	113	3449	196.25	158.0	99.75093984519644	3973.0	3881	2841.4196275805516
ENST00000243167.9	ENSG00000117480	+	15	13	227	399	108.92307692307692	114	47.48238539792334	1249.0714285714287	503.5	1977.9992402691905
ENST00000371945.10	ENSG00000079277	-	13	11	84	1394	107.54545454545455	98	48.419755547428444	3683.4166666666665	2689.5	3253.3766083963606
ENST00000319928.9	ENSG00000142961	-	4	2	101	1966	335.5	335.5	187.3832970144351	2118.3333333333335	2699	1592.4827576251284
ENST00000574428.6	ENSG00000123472	-	9	7	308	3234	75.14285714285714	63	28.02040073130392	3945.0	3475.5	2784.985457771728
ENST00000371933.8	ENSG00000159658	-	11	9	1212	3478	125.22222222222223	112	32.38741182071276	3813.9	2158.0	3465.2171793410007
ENST00000371877.8	ENSG00000123473	-	17	15	112	1784	208.2	151	218.84932846922004	3686.875	3107.5	2397.1747224597543
ENST00000371873.10	ENSG00000162368	+	6	4	327	2136	118.5	122.0	37.3586223871634	8422.6	1801	14572.766494389458
ENST00000371847.8	ENSG00000132122	-	13	11	247	3521	112.27272727272727	92	74.35602317107997	14319.083333333334	7237.0	15826.542552757453
ENST00000396153.7	ENSG00000185104	-	19	17	501	4496	107.29411764705883	92	47.18019275326558	28689.944444444445	21367.0	26911.326151492907
ENST00000371761.4	ENSG00000123080	+	2	0	253	742	NA	NA	NA	3395.0	3395	NA
ENST00000242719.4	ENSG00000123091	+	3	1	607	2297	170.0	170	NA	17050.5	17050.5	22663.479443810036
ENST00000680483.1	ENSG00000085831	-	18	16	126	1023	98.0625	102.5	29.02290761909748	2387.470588235294	1049	2754.9114803757093
ENST00000371733.8	ENSG00000085832	-	25	23	68	2584	109.17391304347827	91	50.75578979415509	6660.041666666667	2516.0	9372.122275915426
ENST00000352171.12	ENSG00000078618	-	31	29	453	224	100.58620689655173	90	50.268931928591634	2864.133333333333	1606.5	6718.283862012286
ENST00000371626.9	ENSG00000117862	-	7	5	192	882	68.4	70	11.92895636675732	5607.5	2586.5	5887.313096820993
ENST00000371614.2	ENSG00000198841	-	1	0	1708	1708	NA	NA	NA	NA	NA	NA
ENST00000287727.8	ENSG00000157077	+	19	17	315	575	250.47058823529412	123	480.2995312363758	11077.666666666666	4059.0	17630.801079527904
ENST00000284376.8	ENSG00000154222	-	25	23	137	2627	111.91304347826087	117	37.10906902567847	427.9583333333333	281.0	443.0724230884261
ENST00000371568.8	ENSG00000085840	-	17	15	178	547	159.73333333333332	128	81.0762134102992	1779.625	1377.0	1610.6391226259634
ENST00000257181.10	ENSG00000134748	+	10	8	278	4189	95.75	104.5	42.01955327157652	1222.4444444444443	1254	868.7354475200018
ENST00000257177.9	ENSG00000134744	-	30	28	162	728	177.25	116.5	181.6797395907914	4274.6551724137935	2729	5446.899998268098
ENST00000361314.5	ENSG00000116157	+	3	1	177	790	262.0	262	NA	2726.0	2726.0	1994.041122946064
ENST00000371538.5	ENSG00000162377	-	3	1	127	3720	141.0	141	NA	4955.5	4955.5	562.1498910433053
ENST00000294353.7	ENSG00000162378	+	14	12	231	5898	167.83333333333334	120.5	192.5346879411761	7133.923076923077	4949	8009.359404903933
ENST00000371528.2	ENSG00000203995	+	14	12	214	2217	167.83333333333334	120.5	191.363924278197	3676.4615384615386	2981	3518.844403479278
ENST00000371522.9	ENSG00000121310	-	10	8	188	688	85.0	77.5	45.172684540233256	2697.222222222222	1428	3151.7110344136
ENST00000371514.8	ENSG00000116171	+	16	14	190	1090	105.64285714285714	105.5	34.795240927586505	8110.933333333333	6698	6796.699203780219
ENST00000371486.4	ENSG00000157184	+	5	3	272	934	497.6666666666667	107	699.2920229298581	3668.75	2783.5	2763.941192693265
ENST00000294360.5	ENSG00000162384	-	8	6	65	638	66.5	72.0	19.79646433078392	776.2857142857143	725	519.7889681674395
ENST00000371470.8	ENSG00000162385	-	5	3	158	245	84.33333333333333	83	26.025628394590846	2740.75	2324.5	1304.3078304858354
ENST00000371429.4	ENSG00000058804	-	18	16	92	2556	119.0	112.5	50.32958043404164	4015.705882352941	3079	3463.2013326672527
ENST00000072644.7	ENSG00000058799	-	11	9	85	538	133.11111111111111	117	51.484085998598744	3624.4	4418.5	3045.2598575491056
ENST00000194214.10	ENSG00000081870	-	6	4	145	207	83.25	88.0	32.62284475639732	4690.8	4424	3288.412337283754
ENST00000371370.8	ENSG00000116212	+	9	7	200	504	151.42857142857142	114	151.40327731245577	2506.875	1817.0	1864.2817412382406
ENST00000234827.6	ENSG00000116205	+	5	3	151	9798	160.0	144	29.46183972531247	10511.5	10862.5	8269.469007540125
ENST00000610401.6	ENSG00000157216	-	18	16	442	1729	67.5625	69.0	19.17626571224613	10453.588235294117	1022	28920.56098189233
ENST00000343744.7	ENSG00000162390	+	16	14	115	1373	114.0	123.5	43.41392899484255	3934.5333333333333	1255	9084.615911895597
ENST00000371281.4	ENSG00000243725	+	10	8	159	1247	118.75	102.5	48.508467596610686	2715.6666666666665	3053	1648.6574083174467
ENST00000371269.9	ENSG00000116133	-	9	7	307	2760	166.57142857142858	156	53.52213605246943	4167.0	3297.0	3767.4427097739085
ENST00000294383.7	ENSG00000162402	-	68	66	575	2749	113.27272727272727	111.0	39.25519875596899	2062.776119402985	1010	4584.153191094411
ENST00000371250.4	ENSG00000162407	-	6	4	686	1916	167.75	167.5	90.1494130134338	16306.0	12400	15321.979000768797
ENST00000371244.9	ENSG00000162409	+	9	7	168	7861	189.42857142857142	142	146.26785605281057	7583.375	1849.0	10223.273251857394
ENST00000371226.8	ENSG00000162600	-	9	7	24	456	197.28571428571428	150	148.85755415353105	8018.375	3244.0	9507.318398213032
ENST00000371222.4	ENSG00000177606	-	1	0	3257	3257	NA	NA	NA	NA	NA	NA
ENST00000371208.5	ENSG00000134709	+	22	20	232	3528	97.65	87.0	41.36522185299347	2650.5238095238096	1807	2319.4644342832166
ENST00000403491.8	ENSG00000162599	+	11	9	258	7486	165.0	128	142.73664561001846	37099.9	20300.5	55382.06300168153
ENST00000606498.5	ENSG00000162604	-	7	5	185	305	95.8	92	24.0249869927124	7187.833333333333	7233.0	5112.104670941966
ENST00000642238.2	ENSG00000132849	+	44	42	76	3008	131.83333333333334	123.5	61.06969895194589	9600.348837209302	4967	11254.810190448985
ENST00000339950.5	ENSG00000162607	+	9	7	352	1559	241.57142857142858	171	203.76445318296413	1394.25	1434.0	591.2228852133517
ENST00000317868.9	ENSG00000125703	+	11	9	142	1525	141.88888888888889	120	87.53348565612539	7844.1	5718.0	7695.970857100054
ENST00000263440.6	ENSG00000088035	+	15	13	61	1731	117.92307692307692	86	67.21912121123168	4828.714285714285	2596.0	6514.2684509121555
ENST00000271002.15	ENSG00000142856	-	9	7	97	334	75.71428571428571	70	31.737014592398182	10186.875	9155.0	8387.278622797061
ENST00000371084.8	ENSG00000079739	+	11	9	324	660	150.33333333333334	147	25.475478405713993	6449.8	2747.5	10605.192028226342
ENST00000371079.6	ENSG00000185483	+	9	7	492	4071	185.0	212	109.91056970707291	50203.0	17282.5	79920.17324984797
ENST00000651257.2	ENSG00000158966	+	27	25	814	1731	135.52	127	39.82474105377209	8345.846153846154	1718.5	16654.892618548598
ENST00000294428.8	ENSG00000162437	+	12	10	347	2394	168.0	121.0	120.85896279916061	7612.454545454545	5263	7273.0913147524325
ENST00000342505.5	ENSG00000162434	-	25	23	217	1429	149.82608695652175	144	53.78801165342012	5342.875	1925.0	15972.51624649558
ENST00000327299.8	ENSG00000162433	+	5	3	350	6083	137.33333333333334	120	30.89228598426043	19274.5	16874.5	19203.198631130876
ENST00000371069.5	ENSG00000116675	+	19	17	396	2948	154.0	135	89.458789394894	5575.944444444444	2249.0	12602.300730525929
ENST00000371065.9	ENSG00000213625	+	4	2	73	4205	131.5	131.5	78.48885271170677	3599.6666666666665	4483	1598.8822137147356
ENST00000401041.6	ENSG00000198160	+	14	12	106	4048	108.5	114.5	41.777549429850914	4474.923076923077	3344	4323.274153955126
ENST00000235345.6	ENSG00000116704	-	12	10	338	5099	75.6	75.5	18.715412543320188	4418.727272727273	1507	6269.313265277292
ENST00000370986.9	ENSG00000116717	+	4	2	338	674	170.0	170.0	96.16652224137046	594.0	486	435.1700816922046
ENST00000370982.4	ENSG00000172380	-	4	2	124	4102	84.5	84.5	48.79036790187178	42532.666666666664	55836	35770.162207254994
ENST00000262348.9	ENSG00000116729	-	12	10	330	976	141.0	140.5	57.856143436400366	9495.272727272728	3160	13655.244678078157
ENST00000456315.7	ENSG00000024526	-	12	10	131	2918	225.0	165.0	227.16122517327253	1602.909090909091	1171	1345.7568468743123
ENST00000370952.4	ENSG00000066557	-	15	13	190	1101	119.38461538461539	111	43.18089558577663	4138.0	2518.0	4736.917920400921
ENST00000370949.2	ENSG00000116754	+	12	10	460	2445	105.4	103.0	28.445659696262197	2519.4545454545455	2002	2006.6952615500124
ENST00000370944.9	ENSG00000118454	-	13	11	744	3849	96.81818181818181	99	38.436488345888684	7505.5	6384.5	5191.951087106762
ENST00000370938.8	ENSG00000116761	+	12	10	316	751	102.3	103.0	34.451415065277075	2408.5454545454545	1899	1627.4370871794931
ENST00000370898.9	ENSG00000254685	+	4	2	119	4312	130.5	130.5	53.033008588991066	1923.0	1486	919.9505421488701
ENST00000340866.10	ENSG00000116791	-	9	7	95	972	120.14285714285714	124	39.717454481325845	3207.125	3319.0	2620.1226491194207
ENST00000370867.8	ENSG00000162623	+	6	4	267	2784	96.5	90.0	27.40437921208944	6017.8	3469	4351.6221917809
ENST00000370841.9	ENSG00000117054	+	12	10	109	988	116.4	99.5	51.273124864136506	3337.2727272727275	3504	3073.946554216878
ENST00000328299.4	ENSG00000184005	+	5	3	139	5984	237.66666666666666	195	155.45524543524846	138255.5	156521.0	110258.402701714
ENST00000370812.8	ENSG00000142892	-	11	9	121	3502	108.66666666666667	111	33.45145736735546	12584.1	5188.5	14432.012437248275
ENST00000354567.7	ENSG00000154027	+	14	12	355	1365	130.0	140.5	56.1540090044578	21128.30769230769	6665	24388.997185837085
ENST00000370801.8	ENSG00000036549	-	15	13	74	3369	228.3846153846154	134	400.0024038389308	8130.785714285715	1965.5	15427.606834595479
ENST00000370794.7	ENSG00000077254	-	24	22	210	1488	119.5	106.0	78.57768373369363	2588.6521739130435	1344	3938.003735266427
ENST00000334785.12	ENSG00000162614	+	13	11	136	1435	155.54545454545453	186	60.42410716984345	4332.5	1887.5	7582.944600759115
ENST00000370768.7	ENSG00000162613	-	20	18	188	4720	100.33333333333333	100.0	40.80945680483731	1489.6842105263158	498	2324.2659785793207
ENST00000370763.6	ENSG00000162616	+	3	1	383	1951	569.0	569	NA	5061.5	5061.5	3772.414677630231
ENST00000370751.10	ENSG00000137959	+	9	7	124	4371	190.57142857142858	172	140.56891209516792	2483.625	1131.0	2718.4225434983427
ENST00000370747.9	ENSG00000137965	+	9	7	75	309	185.42857142857142	172	135.46076571324647	1570.125	978.0	1432.9947101387759
ENST00000686636.1	ENSG00000117114	+	24	22	135	3542	170.6818181818182	149.0	157.65283933033922	8068.130434782609	1545	16261.25751120896
ENST00000260505.13	ENSG00000137941	-	21	19	202	5059	143.10526315789474	148	46.30562089331909	6306.45	3794.0	10202.341880150541
ENST00000370685.7	ENSG00000142875	+	10	8	278	3319	110.5	111.0	32.05352666132966	9971.888888888889	4858	11379.964053594858
ENST00000370645.9	ENSG00000174021	-	4	2	146	224	218.0	218.0	103.23759005323593	2483.6666666666665	3277	2070.3242097153125
ENST00000370630.6	ENSG00000117151	-	7	5	202	5589	156.0	162	41.09136162260871	3043.1666666666665	2763.0	2877.651849454111
ENST00000342203.8	ENSG00000117155	-	14	12	91	3902	146.58333333333334	144.0	36.627010235451635	3154.153846153846	1833	4950.916057427384
ENST00000341460.6	ENSG00000097096	-	7	5	765	2361	468.0	232	421.0053443841301	6443.666666666667	6066.0	2388.0407590044747
ENST00000284031.13	ENSG00000153904	-	6	4	417	3084	109.5	110.0	29.726531359488725	28547.2	7168	44309.27711213533
ENST00000370574.4	ENSG00000117174	-	10	8	805	4682	89.5	83.5	20.584321356660894	5868.222222222223	2054	8282.933142579654
ENST00000370558.8	ENSG00000097033	+	9	7	396	5057	131.14285714285714	129	47.893731571151605	4654.75	3272.5	4151.192453466147
ENST00000370550.10	ENSG00000153936	+	7	5	526	5513	144.0	139	60.67536567668958	31431.5	6873.5	61986.95743057567
ENST00000370544.10	ENSG00000143013	+	5	3	365	4136	164.0	156	71.33722730804723	3762.75	3676.5	2902.8118982577334
ENST00000370521.8	ENSG00000065243	+	22	20	356	3011	135.15	129.0	57.54108372102036	6948.238095238095	1295	12763.726477423284
ENST00000370500.10	ENSG00000137947	-	7	5	85	714	160.0	134	69.71011404380286	6222.666666666667	3776.5	8421.712359530375
ENST00000330947.7	ENSG00000197147	+	6	4	194	5091	594.75	79.5	1047.0060092154836	13073.8	7981	17386.56069209779
ENST00000370454.9	ENSG00000171488	+	3	1	203	6825	142.0	142	NA	39622.0	39622.0	19127.23843109611
ENST00000337338.9	ENSG00000171492	+	3	1	260	3545	145.0	145	NA	55815.0	55815.0	47332.31371906512
ENST00000340281.9	ENSG00000162664	+	12	10	164	8180	138.5	112.0	105.04205507002104	2790.4545454545455	2337	1903.1817235165097
ENST00000337393.10	ENSG00000122482	-	6	4	46	1687	952.0	354.5	1412.5383770597762	20238.2	19330	19859.184567851724
ENST00000234626.11	ENSG00000097046	+	12	10	98	1724	139.3	139.5	53.356349200446616	1972.6363636363637	796	1986.627205729715
ENST00000212355.9	ENSG00000069702	-	17	15	274	3515	170.0	159	71.38927490476823	12466.875	4247.5	17492.235938171732
ENST00000370383.5	ENSG00000172031	+	7	5	326	484	125.2	129	30.177806414648497	5353.0	3603.5	3954.907837105689
ENST00000636805.2	ENSG00000189195	+	18	16	376	860	297.6875	124.0	563.6995321090837	5787.058823529412	2403	6684.195197166487
ENST00000370321.8	ENSG00000122406	+	8	6	78	159	131.83333333333334	125.5	51.21490668415463	1265.2857142857142	1126	836.7631513329034
ENST00000370310.5	ENSG00000154511	-	5	3	87	2029	140.0	135	34.77067730142742	29190.0	14414.0	38603.24916376859
ENST00000370298.9	ENSG00000143033	+	15	13	249	2407	109.15384615384616	101	42.17196176340815	3979.9285714285716	1562.5	7932.505108866795
ENST00000370282.8	ENSG00000117500	-	4	2	360	5147	141.0	141.0	60.81118318204309	8294.333333333334	3645	10049.850214472519
ENST00000370272.9	ENSG00000117505	+	3	1	959	9001	164.0	164	NA	6731.5	6731.5	439.11331111684603
ENST00000260502.11	ENSG00000137936	-	12	10	240	679	231.0	150.5	190.50867580127567	10624.363636363636	4855	15689.320210083848
ENST00000370238.8	ENSG00000023909	-	7	5	393	3961	105.8	85	58.409759458501455	3224.8333333333335	3269.5	1641.5399375789389
ENST00000260526.11	ENSG00000137962	-	23	21	170	5845	139.85714285714286	137	64.28007911809514	2714.909090909091	868.0	3743.4972178316657
ENST00000370214.9	ENSG00000117528	+	23	21	200	1612	85.33333333333333	89	25.221683792588735	4394.136363636364	1998.5	8386.605984121374
ENST00000334047.12	ENSG00000117525	-	6	4	223	1424	162.75	169.5	37.57104381479617	2057.8	1724	1373.6317556026434
ENST00000271227.11	ENSG00000143036	+	15	13	122	429	140.76923076923077	138	42.53656044344646	5179.214285714285	2651.0	6291.796443704373
ENST00000370206.9	ENSG00000117519	-	7	5	273	1127	118.2	122	31.05962008782464	4693.833333333333	1075.0	9148.655648053798
ENST00000370205.6	ENSG00000172339	-	4	2	189	8902	142.0	142.0	14.142135623730951	29724.0	37605	19286.52646279262
ENST00000674951.1	ENSG00000117569	+	14	12	89	1774	121.5	125.5	60.89857439740575	6918.846153846154	1691	9130.898211075712
ENST00000263174.9	ENSG00000099260	+	8	6	250	517	261.1666666666667	114.5	411.3195432588472	6584.142857142857	4146	7701.727369635365
ENST00000646001.2	ENSG00000156869	-	17	15	29	5151	119.4	114	39.79734377353056	3480.9375	1641.5	4615.306222686277
ENST00000361915.8	ENSG00000162688	+	34	32	55	2487	142.15625	134.5	37.284528811689135	2017.2424242424242	1009	2422.4134276365667
ENST00000287482.6	ENSG00000156876	-	17	15	181	1865	120.13333333333334	105	45.63655594033404	2844.5625	1132.0	3971.3652726948535
ENST00000370128.9	ENSG00000137996	+	11	9	205	1367	106.0	105	31.603006186120965	2402.8	1655.0	2238.1424242239614
ENST00000336454.5	ENSG00000079335	+	16	14	498	2027	121.85714285714286	92.0	77.19092926270262	10902.733333333334	10366	9584.66653020532
ENST00000370114.8	ENSG00000162694	-	5	3	210	2040	191.66666666666666	76	204.68593828920768	4906.75	4083.5	4510.710393053405
ENST00000357650.9	ENSG00000162695	+	11	9	253	6948	111.44444444444444	114	31.835951026752408	7746.4	3973.5	11771.628162662972
ENST00000305352.7	ENSG00000170989	+	2	0	81	2697	NA	NA	NA	1722.0	1722	NA
ENST00000423855.7	ENSG00000185946	+	15	13	564	206	105.6923076923077	112	37.25673231194736	1956.9285714285713	1289.5	1654.7912470848314
ENST00000370078.2	ENSG00000198890	+	1	0	2621	2621	NA	NA	NA	NA	NA	NA
ENST00000370056.9	ENSG00000134215	-	27	25	515	2212	91.92	96	31.83017436333015	14961.346153846154	4210.0	25714.50265347134
ENST00000565488.6	ENSG00000085491	-	10	8	388	2795	133.25	139.0	28.664313303179917	6894.666666666667	4334	6276.025294722767
ENST00000370035.8	ENSG00000162636	+	11	9	466	4215	100.33333333333333	104	47.7676668888067	7363.9	4768.5	11783.76055283994
ENST00000370025.9	ENSG00000134186	+	6	4	558	3767	126.5	110.5	76.92637172430965	1157.6	334	1290.192543770115
ENST00000370008.4	ENSG00000116266	+	19	17	113	741	96.17647058823529	91	30.404019664588855	3353.3888888888887	1862.5	3537.6335416720876
ENST00000264126.9	ENSG00000121957	+	15	13	244	4845	158.69230769230768	143	60.14341833676208	3600.6428571428573	2109.0	3780.278634564528
ENST00000369962.8	ENSG00000085433	-	15	13	241	1359	202.0	167	188.14311928245831	4833.071428571428	3921.0	4389.969554201166
ENST00000338366.6	ENSG00000197780	-	4	2	83	554	88.5	88.5	13.435028842544403	3683.3333333333335	1441	4401.090130107918
ENST00000338272.9	ENSG00000215717	+	3	1	119	2518	132.0	132	NA	1701.0	1701.0	432.7493500861671
ENST00000234677.7	ENSG00000031698	+	11	9	211	452	139.0	144	44.88039661143827	2235.1	838.0	3005.6103262620945
ENST00000271332.4	ENSG00000143126	+	34	32	3851	1730	169.8125	161.0	99.27038264743287	460.54545454545456	208	903.7456462865081
ENST00000256637.8	ENSG00000134243	-	20	18	332	4483	120.83333333333333	113.0	42.14156813297154	4281.789473684211	2048	6467.850678367646
ENST00000420578.7	ENSG00000174151	+	3	1	194	4680	38.0	38	NA	715.0	715.0	197.9898987322333
ENST00000369864.5	ENSG00000181754	-	2	0	308	4822	NA	NA	NA	420.0	420	NA
ENST00000528667.7	ENSG00000116337	+	19	17	442	1109	148.8235294117647	131	62.144222674072495	451.8888888888889	258.5	904.1875058590635
ENST00000329608.11	ENSG00000184371	+	9	7	214	2141	234.14285714285714	123	351.9121237711808	2018.75	1424.0	1515.010773181875
ENST00000369799.10	ENSG00000168710	+	17	15	408	2069	97.73333333333333	99	21.552151588536077	2189.6875	665.5	5804.149489445747
ENST00000369784.9	ENSG00000162775	+	3	1	2892	370	111.0	111	NA	1964.0	1964.0	1846.962912459262
ENST00000602318.6	ENSG00000134248	-	4	2	109	331	90.0	90.0	39.59797974644666	1940.6666666666667	2281	636.8126359717851
ENST00000369763.5	ENSG00000121931	-	4	2	302	1210	900.5	900.5	887.4190103891171	4473.333333333333	1451	5485.261555599089
ENST00000484310.6	ENSG00000156171	-	10	8	56	1105	117.125	116.5	45.319303676405774	2314.777777777778	1345	2153.0589737497776
ENST00000357172.9	ENSG00000134255	+	9	7	85	914	172.0	142	108.42047777057617	5334.875	4425.0	5271.436628187804
ENST00000235090.10	ENSG00000116455	-	10	8	202	1500	94.25	71.5	47.939694259708055	767.8888888888889	559	867.2527665629618
ENST00000369722.8	ENSG00000116459	+	7	5	118	1857	130.6	146	56.06959960620372	1780.3333333333333	1504.5	1544.3260881907897
ENST00000369709.4	ENSG00000116473	+	8	6	146	4261	101.83333333333333	100.0	37.199014323859	13126.42857142857	3923	25748.139744177915
ENST00000369702.5	ENSG00000064703	+	11	9	325	2264	112.33333333333333	106	33.581989220413966	850.0	379.5	1022.0801229736237
ENST00000271277.11	ENSG00000143079	+	6	4	59	5234	142.75	116.0	59.31483794127739	11817.4	5276	12917.738087606514
ENST00000358039.9	ENSG00000007341	-	15	13	233	2598	109.53846153846153	103	34.20432571234079	6526.642857142857	5491.5	5884.947821573048
ENST00000369645.6	ENSG00000155363	+	21	19	71	324	157.10526315789474	155	51.728881613489925	1135.05	256.0	3032.4261864579307
ENST00000339083.12	ENSG00000155366	-	6	4	50	583	121.0	126.0	39.02136167109839	976.0	849	640.6348413878221
ENST00000309276.11	ENSG00000155367	-	10	8	357	313	130.5	114.0	68.60445633172402	402.3333333333333	286	392.1386872013523
ENST00000369626.8	ENSG00000155380	-	5	3	162	2319	424.0	261	388.0837538470272	10149.25	5451.5	11149.72278803379
ENST00000361127.6	ENSG00000198799	+	18	16	448	8386	170.75	144.0	109.63849688863853	2793.9411764705883	1666	4214.55830234006
ENST00000307546.14	ENSG00000081026	+	21	19	835	3027	158.52631578947367	139	119.15832997461479	14426.75	4273.5	34742.17590203433
ENST00000369604.6	ENSG00000116793	-	19	17	464	895	135.1764705882353	132	55.98240269731825	3277.722222222222	1128.5	5192.234017720238
ENST00000261441.9	ENSG00000081019	-	7	5	767	4622	246.4	143	239.95270367303635	7337.333333333333	4917.0	8070.053622291903
ENST00000369569.6	ENSG00000134262	-	10	8	195	1299	209.875	178.0	133.61932869162305	825.8888888888889	774	514.1880600627665
ENST00000650450.2	ENSG00000118655	+	4	2	450	2956	174.5	174.5	12.020815280171307	1668.6666666666667	1220	1115.8370550099746
ENST00000426820.7	ENSG00000163349	+	16	14	209	4846	224.71428571428572	153.0	249.61028965829254	2689.6666666666665	1307	3528.1208204665445
ENST00000358465.7	ENSG00000197323	-	20	18	653	5071	146.94444444444446	133.0	71.4558458664981	5791.8421052631575	1466	11848.43674294048
ENST00000369535.5	ENSG00000213281	-	7	5	114	3582	126.0	128	53.7168502427311	1329.5	697.0	1513.0967913520933
ENST00000358528.9	ENSG00000009307	-	20	18	60	1301	152.0	131.0	69.45248058077932	1945.8947368421052	877	2617.1509932820895
ENST00000060969.6	ENSG00000052723	-	5	3	237	4894	121.0	114	19.467922333931785	1428.25	1399.0	1104.713348943215
ENST00000369516.7	ENSG00000134198	-	8	6	140	2545	88.5	91.0	13.307892395116516	5468.142857142857	2823	5817.210626768681
ENST00000355485.7	ENSG00000173218	+	8	6	117	7103	241.83333333333334	171.0	184.7088700270419	6797.285714285715	5591	5844.105740381663
ENST00000295598.10	ENSG00000163399	+	23	21	280	359	144.33333333333334	135	46.15011737074277	1266.409090909091	562.0	2170.06823809959
ENST00000369486.8	ENSG00000143061	-	11	9	116	3155	440.44444444444446	408	92.27826275877639	8609.1	3778.5	14749.27313048944
ENST00000393203.3	ENSG00000134247	+	9	7	337	3553	346.2857142857143	381	112.91400014423114	9265.5	6063.5	9622.956168900046
ENST00000369466.9	ENSG00000116830	+	23	21	49	6074	157.9047619047619	115	194.37075519787044	1713.1363636363637	1117.0	2250.3488257739814
ENST00000256649.9	ENSG00000134253	-	6	4	1036	1394	276.5	128.5	305.0688446891947	1430.8	1288	559.0927472253597
ENST00000356554.7	ENSG00000198162	+	13	11	1037	6048	135.54545454545453	116	56.609828892805595	12737.333333333334	7402.0	10782.716096802438
ENST00000369443.10	ENSG00000196505	-	14	12	174	7132	126.08333333333333	140.0	53.01707843761863	4409.076923076923	3670	3097.901936836673
ENST00000349139.6	ENSG00000065183	+	27	25	44	7252	108.32	101	47.56549870091416	1030.8076923076924	777.0	843.1578271821128
ENST00000235521.5	ENSG00000116874	-	6	4	99	2144	136.0	102.5	83.06222567047752	21330.2	8050	26607.38697617637
ENST00000421812.3	ENSG00000143067	-	3	1	576	4740	263.0	263	NA	11655.5	11655.5	13997.178733587709
ENST00000641023.2	ENSG00000092621	+	12	10	227	330	130.9	133.0	51.34945634246449	2765.090909090909	1670	2924.2391986479306
ENST00000256646.7	ENSG00000134250	-	34	32	329	5142	186.0625	155.0	90.23086429247888	4445.0	1320	8108.973983340926
ENST00000578049.4	ENSG00000265808	-	5	3	214	6295	139.33333333333334	147	26.350205565295564	4674.0	4330.0	2161.005013105399
ENST00000582693.5	ENSG00000265491	-	9	7	324	8130	97.28571428571429	73	53.3532700832051	9511.625	3303.5	12088.793097475505
ENST00000393045.7	ENSG00000131788	-	14	12	115	1191	133.0	120.0	98.78258955909183	589.0769230769231	228	732.7381821563167
ENST00000369306.8	ENSG00000131779	-	4	2	85	1217	159.0	159.0	60.81118318204309	1916.0	816	2022.413409765669
ENST00000604000.4	ENSG00000271601	-	6	4	382	3130	119.75	118.5	39.65160778581368	4120.8	4765	3889.7297078331803
ENST00000369314.2	ENSG00000121851	+	8	6	79	488	101.83333333333333	94.0	42.546053479337736	1854.4285714285713	315	3654.10804698597
ENST00000582401.6	ENSG00000265972	-	8	6	563	1452	148.33333333333334	150.0	62.65354472547157	177.14285714285714	113	160.23984998685415
ENST00000254101.4	ENSG00000131791	-	8	6	42	4537	127.33333333333333	127.5	42.05076297365681	1717.4285714285713	827	1668.9565459834334
ENST00000369258.8	ENSG00000131778	+	23	21	147	332	118.47619047619048	113	39.95825202335438	2277.818181818182	1342.5	2100.48612596417
ENST00000234739.8	ENSG00000116128	+	10	8	174	2375	455.0	225.5	727.7688015925308	8725.222222222223	1310	20426.594171433582
ENST00000695795.1	ENSG00000178104	+	47	45	367	1073	159.48888888888888	138	87.97148872380659	3912.4347826086955	1259.0	7391.83393167284
ENST00000369152.6	ENSG00000178096	+	2	0	105	786	NA	NA	NA	337.0	337	NA
ENST00000369146.8	ENSG00000159164	-	13	11	106	1880	217.45454545454547	152	251.91322459782202	845.75	680.5	922.2768392309428
ENST00000271628.9	ENSG00000143368	-	6	4	78	413	263.25	190.5	189.22010992492315	588.6	333	698.8868291790882
ENST00000581312.6	ENSG00000264522	-	12	10	279	7254	138.9	128.0	42.771875494690825	5817.545454545455	2185	9380.102338073251
ENST00000369124.5	ENSG00000023902	+	6	4	372	1247	123.75	123.0	23.542514733987108	1607.2	704	1933.2593462854381
ENST00000583931.6	ENSG00000143401	-	7	5	380	2345	136.4	150	51.30594507462074	2381.5	2350.0	1076.921677746344
ENST00000369109.8	ENSG00000117362	-	7	5	319	791	124.0	124	34.37295448459442	313.8333333333333	287.5	161.48488061322232
ENST00000324862.7	ENSG00000117360	+	16	14	60	401	139.5	125.0	66.1021936095921	1952.4666666666667	2071	1328.0144613383582
ENST00000369047.9	ENSG00000143369	+	10	8	171	553	165.25	95.0	124.90310530281349	403.8888888888889	258	380.5063877402206
ENST00000271643.9	ENSG00000143382	+	19	17	92	874	190.94117647058823	173	147.09115820989857	406.3333333333333	274.0	515.8035421724506
ENST00000369026.3	ENSG00000143384	-	3	1	768	2934	248.0	248	NA	551.5	551.5	283.5498192558056
ENST00000369014.10	ENSG00000143420	-	4	2	199	735	146.5	146.5	28.991378028648448	2087.0	1821	607.3804409099786
ENST00000271732.8	ENSG00000143457	-	5	3	163	2519	147.33333333333334	132	42.14656965084268	11950.25	7603.0	13677.963770849325
ENST00000368985.8	ENSG00000163131	-	8	6	81	2958	149.5	138.5	44.28430873345547	4522.142857142857	2707	4821.696396794094
ENST00000358595.10	ENSG00000143437	-	22	20	57	2398	112.75	107.0	51.53728849350883	2960.809523809524	2019	3914.3664700567783
ENST00000692827.1	ENSG00000143379	+	22	20	155	491	188.6	154.5	162.04885553112484	1617.0	932	2472.849793254738
ENST00000368954.10	ENSG00000143418	-	11	9	217	1103	111.44444444444444	118	40.314734003559764	732.7	191.0	1686.4389866092267
ENST00000683666.2	ENSG00000143409	-	10	8	591	533	177.25	149.5	154.71240600361875	836.2222222222222	410	1068.8150889861372
ENST00000271620.8	ENSG00000143363	+	8	6	223	1908	149.0	159.0	45.74713105758655	3462.8571428571427	1559	3263.7860136438394
ENST00000357235.6	ENSG00000197622	-	5	3	144	2343	173.0	111	125.1079533842673	1408.0	798.5	1392.2301055021999
ENST00000368921.5	ENSG00000213190	+	2	0	157	2326	NA	NA	NA	6665.0	6665	NA
ENST00000368918.8	ENSG00000143458	+	9	7	174	7586	149.57142857142858	151	34.95166730814208	5746.875	3913.0	5484.487511869924
ENST00000368908.10	ENSG00000163155	-	3	1	824	1273	365.0	365	NA	1846.5	1846.5	1600.1826458251571
ENST00000368888.9	ENSG00000143398	+	16	14	530	1669	114.35714285714286	101.5	73.5020744268823	3145.3333333333335	1418	6243.210170905289
ENST00000368884.8	ENSG00000159352	+	10	8	75	307	117.125	112.0	48.21806863466374	1269.6666666666667	394	2329.5641223198813
ENST00000336715.11	ENSG00000143373	+	9	7	97	1462	462.2857142857143	177	739.5087816214477	635.375	139.0	1313.8768084783073
ENST00000368873.6	ENSG00000143393	-	12	10	146	1230	229.7	128.5	257.7527023244481	2903.6363636363635	2409	3054.1205370033213
ENST00000452671.7	ENSG00000143390	-	11	9	42	2539	109.88888888888889	118	45.35814272113786	304.3	240.5	203.28526754292847
ENST00000368868.10	ENSG00000143416	-	12	10	68	402	125.2	120.0	44.68357888779973	607.2727272727273	268	825.2027739785042
ENST00000271715.7	ENSG00000143442	-	19	17	343	3741	151.23529411764707	141	76.56086582889844	2784.222222222222	738.0	4794.813184799194
ENST00000271636.12	ENSG00000143375	+	21	19	129	1488	183.3684210526316	133	177.74113840273938	1110.25	566.0	1560.4833217206844
ENST00000368849.8	ENSG00000143367	+	13	11	118	1940	95.36363636363636	95	17.81164072887575	3347.3333333333335	1213.0	5937.289254952103
ENST00000368824.8	ENSG00000182134	-	13	11	121	1011	150.9090909090909	151	67.90943166520324	1184.5833333333333	267.0	2035.3888374698752
ENST00000368814.8	ENSG00000159445	-	6	4	152	4063	145.75	142.5	34.3644680835695	6769.6	5634	5755.2031501937445
ENST00000368811.8	ENSG00000197747	-	3	1	108	410	153.0	153	NA	5137.0	5137.0	3341.7866478876235
ENST00000271638.3	ENSG00000163191	-	3	1	92	318	153.0	153	NA	1968.0	1968.0	1617.8603153548208
ENST00000368716.9	ENSG00000196154	-	3	1	54	303	156.0	156	NA	836.5	836.5	150.61374439273462
ENST00000368708.9	ENSG00000196754	-	3	1	339	484	154.0	154	NA	1880.0	1880.0	370.5239533417509
ENST00000368706.9	ENSG00000188643	-	3	1	186	807	179.0	179	NA	2540.0	2540.0	3159.3530983414944
ENST00000368694.8	ENSG00000160679	+	6	4	278	1243	139.5	146.0	42.81354925721529	2032.4	1699	1111.6019071592132
ENST00000368685.6	ENSG00000143553	+	4	2	184	653	83.0	83.0	50.91168824543142	715.6666666666666	263	794.456627723209
ENST00000361891.9	ENSG00000143621	-	14	12	76	769	83.91666666666667	83.5	23.43834594432936	565.6923076923077	342	501.56062854112076
ENST00000318967.7	ENSG00000143624	+	30	28	735	1616	103.60714285714286	99.5	36.68013821787671	1431.2758620689656	651	2318.394655429727
ENST00000368655.5	ENSG00000143614	-	11	9	240	5586	183.22222222222223	132	85.92260729542862	11077.3	950.0	29368.801659243778
ENST00000361217.9	ENSG00000198837	-	28	26	418	942	168.0	156.0	79.73506129677207	425.55555555555554	252	443.58698161286276
ENST00000368633.2	ENSG00000160741	-	14	12	268	655	142.33333333333334	103.0	113.4486935165234	639.0	351	898.0610595425384
ENST00000356205.9	ENSG00000143570	-	4	2	43	1645	175.0	175.0	62.22539674441618	796.6666666666666	747	644.9359141289415
ENST00000271843.9	ENSG00000143543	-	5	3	505	567	67.0	80	25.15949125081825	533.25	493.5	418.8805517885339
ENST00000651641.1	ENSG00000143549	-	10	8	199	6128	92.125	77.5	28.752329098204	2580.4444444444443	1016	4709.832484046304
ENST00000428931.6	ENSG00000143569	+	27	25	21	648	128.32	111	63.43088101758217	1769.8461538461538	1290.5	1547.4200384461278
ENST00000328703.12	ENSG00000143575	+	7	5	148	260	140.2	107	84.65636420258078	356.3333333333333	163.5	350.81657125436175
ENST00000368489.6	ENSG00000143515	+	28	26	178	2465	128.1153846153846	115.0	56.299432979792556	733.5555555555555	275	936.3268796958814
ENST00000368485.8	ENSG00000160712	+	10	8	372	4317	134.375	133.0	65.51540167886371	6482.666666666667	3912	7658.939058381389
ENST00000292211.5	ENSG00000160714	-	13	11	436	1893	82.72727272727273	85	28.397503091261065	570.5833333333334	302.5	661.1354500655167
ENST00000368474.9	ENSG00000160710	-	15	13	195	2987	263.6923076923077	149	398.9825360871878	1394.2857142857142	416.5	2021.3601828993735
ENST00000368463.8	ENSG00000163346	-	11	9	31	1038	237.55555555555554	127	378.022192176303	881.3	361.5	1032.391188778104
ENST00000448116.7	ENSG00000160691	-	12	10	716	1634	113.1	95.5	64.30560715140719	451.72727272727275	182	499.90740960883767
ENST00000308987.6	ENSG00000173207	+	3	1	124	527	128.0	128	NA	1896.0	1896.0	1818.6786412118001
ENST00000292180.8	ENSG00000160688	+	7	5	723	210	251.2	148	279.64209268277193	1263.1666666666667	580.5	1563.9083626180488
ENST00000535420.6	ENSG00000160685	+	3	1	142	2304	1160.0	1160	NA	6058.0	6058.0	7994.5492680951065
ENST00000356955.7	ENSG00000143537	+	23	21	150	316	117.61904761904762	85	61.691552250268586	387.45454545454544	268.5	372.2963140490991
ENST00000368409.8	ENSG00000243364	+	4	2	197	701	178.0	178.0	154.14927829866735	1520.0	1412	1222.582921523117
ENST00000368407.8	ENSG00000169242	+	5	3	194	945	137.66666666666666	66	137.3256470340968	1368.0	1021.0	1499.5872765531187
ENST00000368404.9	ENSG00000169241	+	6	4	140	674	121.0	122.0	34.351128074635334	340.8	307	199.94049114674095
ENST00000295682.6	ENSG00000163463	-	5	3	84	153	95.33333333333333	67	51.69461609619839	843.5	279.0	1245.5581078376072
ENST00000368378.7	ENSG00000169231	-	23	21	100	312	130.14285714285714	140	60.28871014898703	416.59090909090907	223.0	424.3730006997897
ENST00000368373.8	ENSG00000177628	-	11	9	164	649	164.22222222222223	164	49.03513479582211	450.7	384.5	292.677315675662
ENST00000361361.7	ENSG00000160767	-	12	10	831	751	160.8	109.5	147.3052763632194	462.6363636363636	196	646.4863916166021
ENST00000302631.8	ENSG00000116521	-	9	7	275	439	118.71428571428571	121	25.071326821120348	604.375	422.0	503.86901288217473
ENST00000368361.9	ENSG00000176444	-	13	11	304	533	119.72727272727273	95	49.96617037374569	706.9166666666666	620.5	614.2684426999076
ENST00000392403.8	ENSG00000116539	-	28	26	651	2484	342.38461538461536	143.0	874.1388025673303	7981.444444444444	2109	11628.009639636835
ENST00000368331.6	ENSG00000116580	-	32	30	68	1075	220.06666666666666	144.5	307.61742174480224	3219.7096774193546	1355	5044.902940549986
ENST00000368324.5	ENSG00000132718	+	4	2	229	4002	475.5	475.5	497.0960671741429	6817.0	8169	5688.797500351019
ENST00000368323.8	ENSG00000143622	-	6	4	107	2811	118.0	111.5	63.49278174196917	2030.4	438	2507.5035991998097
ENST00000368321.8	ENSG00000132680	-	14	12	78	1276	133.91666666666666	121.0	69.20648725941723	1416.0	832	1220.5982822643439
ENST00000295702.9	ENSG00000163479	-	6	4	64	603	110.25	104.0	32.510254792398456	2159.2	2159	1031.3853305142554
ENST00000368309.4	ENSG00000160803	-	11	9	205	1832	171.66666666666666	159	57.019733426244635	1491.8	820.0	1586.467060273655
ENST00000368300.9	ENSG00000160789	+	12	10	564	1002	161.2	141.5	59.08712963826292	2017.5454545454545	421	4531.24592940256
ENST00000359511.5	ENSG00000160785	+	4	2	144	2557	383.0	383.0	360.62445840513925	5075.333333333333	5587	2631.0823501618747
ENST00000361813.5	ENSG00000198952	-	22	20	219	1447	144.65	125.0	115.30110466444849	1383.0	887	1423.0650020290711
ENST00000362007.6	ENSG00000198715	-	6	4	154	522	233.75	238.0	28.394541729001368	276.2	193	185.64940075314007
ENST00000295688.8	ENSG00000163468	-	14	12	139	336	125.16666666666667	125.0	59.02978190299496	2103.6923076923076	1254	2390.0751168326415
ENST00000348159.9	ENSG00000116604	-	12	10	290	3930	169.2	191.5	85.08792837738827	2830.6363636363635	1037	4999.467957147585
ENST00000361170.7	ENSG00000183856	-	38	36	73	1195	131.80555555555554	130.0	47.32913294575367	1112.1081081081081	717	1095.1803195969294
ENST00000368222.8	ENSG00000143320	-	4	2	207	471	148.0	148.0	43.840620433565945	1668.0	465	2303.5574661813844
ENST00000368219.2	ENSG00000143319	-	4	2	352	1568	532.5	532.5	468.811795926681	1295.6666666666667	685	1092.529786016534
ENST00000368216.9	ENSG00000143303	+	8	6	747	329	199.16666666666666	164.5	147.66504890009236	888.7142857142857	511	898.4532475845574
ENST00000361531.6	ENSG00000143314	-	6	4	77	232	143.5	117.5	68.00245093622239	580.6	208	934.1462947525939
ENST00000357325.10	ENSG00000143321	-	6	4	333	1347	157.25	162.5	64.45864307186947	1451.6	284	2533.2341581464593
ENST00000271526.9	ENSG00000143294	+	7	5	705	442	184.2	96	217.05575320640548	5202.166666666667	3655.0	4406.354521218948
ENST00000368194.8	ENSG00000132694	-	41	39	1444	1219	117.8974358974359	99	66.77842185040996	2591.05	884.0	9081.852191497344
ENST00000368192.9	ENSG00000117036	-	5	3	80	4789	137.66666666666666	116	91.44579450873252	2980.75	1596.5	3478.2703915404086
ENST00000295809.12	ENSG00000163565	+	12	10	255	331	229.7	178.5	109.4786128276508	3851.090909090909	1689	4353.183397343729
ENST00000368107.2	ENSG00000158716	+	2	0	406	391	NA	NA	NA	785.0	785	NA
ENST00000368097.9	ENSG00000158710	-	5	3	58	831	162.0	175	53.693575034635195	1505.5	413.0	2272.776495830595
ENST00000368090.5	ENSG00000143315	-	1	0	7038	7038	NA	NA	NA	NA	NA	NA
ENST00000314485.12	ENSG00000162729	-	7	5	211	266	358.6	408	130.74708409750482	834.5	360.5	1153.9349635053095
ENST00000360472.9	ENSG00000162734	+	4	2	139	1951	165.0	165.0	12.727922061357855	2523.0	1393	3091.002911677697
ENST00000368074.6	ENSG00000132716	-	14	12	101	1989	148.08333333333334	109.5	167.62157505596474	3304.846153846154	1377	4603.556249360448
ENST00000368072.10	ENSG00000162735	-	8	6	79	2828	124.33333333333333	136.0	52.72064744164915	667.7142857142857	420	656.7421397285528
ENST00000241704.8	ENSG00000122218	-	33	31	120	1623	115.3225806451613	110	37.72919921119821	1541.84375	850.0	2174.8943631651214
ENST00000368061.3	ENSG00000162738	+	8	6	306	3553	249.16666666666666	184.5	184.93827799205513	3250.4285714285716	834	5199.2967747937755
ENST00000368021.7	ENSG00000158773	-	11	9	120	759	103.11111111111111	95	42.76226269868225	492.0	257.0	711.2296081825865
ENST00000368009.7	ENSG00000158793	+	7	5	74	696	143.0	126	64.50581369148055	267.5	229.0	175.45569241264303
ENST00000368006.8	ENSG00000158796	-	6	4	117	1550	169.25	127.5	153.94885514351836	1870.0	617	2533.5461314134386
ENST00000368003.6	ENSG00000143222	+	6	4	143	445	75.0	72.5	11.972189997378647	798.2	299	1138.5353310284227
ENST00000368002.8	ENSG00000143258	+	14	12	179	367	147.41666666666666	110.0	151.8381065676881	300.6923076923077	222	218.59223248451465
ENST00000319769.10	ENSG00000158850	-	8	6	85	780	178.0	168.5	64.5476568126218	609.2857142857143	579	432.4109597307151
ENST00000367988.8	ENSG00000158882	+	10	8	77	1791	115.25	102.5	57.095784182622204	210.77777777777777	210	68.22165671137314
ENST00000367975.7	ENSG00000143252	+	6	4	45	878	96.25	82.0	49.452839487064175	9503.6	9188	4697.2519945176455
ENST00000367942.4	ENSG00000118217	+	16	14	123	5625	123.0	110.5	47.752567389698456	12685.4	6883	15672.137869480348
ENST00000294794.8	ENSG00000162745	-	8	6	613	1085	246.16666666666666	201.5	146.37679688620963	5357.571428571428	3074	4788.2994496008305
ENST00000361897.10	ENSG00000198929	+	10	8	592	3424	125.0	125.5	43.306218623063494	32863.22222222222	11210	45472.195275733546
ENST00000489294.2	ENSG00000152332	+	8	6	451	7228	140.83333333333334	97.0	85.30513857128811	3327.1428571428573	2649	2979.9670819530556
ENST00000367925.6	ENSG00000117143	+	11	9	56	1970	170.33333333333334	176	83.44609038175486	3596.0	2333.0	2936.954809927377
ENST00000367921.8	ENSG00000162733	+	18	16	168	7294	164.0	157.0	55.501351334899944	8520.941176470587	1511	16856.775909373166
ENST00000254521.8	ENSG00000132196	+	9	7	134	526	124.0	105	54.70831746635972	2574.25	1824.5	2033.5927215504232
ENST00000313961.10	ENSG00000143248	-	5	3	125	5205	113.33333333333333	111	52.53887449625594	13737.0	7739.5	13900.10232576245
ENST00000420696.7	ENSG00000185630	+	9	7	830	5248	144.14285714285714	136	59.87049515810096	35695.125	7306.0	78517.21703356804
ENST00000367889.8	ENSG00000143198	+	6	4	60	769	82.25	73.5	28.77933286231632	4749.0	1049	7732.755168761002
ENST00000354775.5	ENSG00000143149	-	11	9	185	929	142.33333333333334	141	33.91164991562634	3395.2	1674.0	4146.052199917946
ENST00000367879.9	ENSG00000143179	+	7	5	319	3935	109.4	98	43.649742267280345	13200.666666666666	3754.0	24138.699423677877
ENST00000367876.9	ENSG00000143157	+	6	4	130	3775	461.5	130.5	683.1673782219601	2226.8	1350	1909.3067328221518
ENST00000367874.5	ENSG00000152382	-	8	6	105	1210	130.16666666666666	125.0	53.920002472799155	2522.714285714286	1865	2416.0922108703903
ENST00000370509.5	ENSG00000143162	-	4	2	375	1289	152.5	152.5	45.96194077712559	3593.6666666666665	3799	1783.8851794141162
ENST00000359523.7	ENSG00000197965	+	6	4	261	4100	154.25	150.0	47.64714052280577	12992.0	6525	17468.431154514135
ENST00000367840.4	ENSG00000143164	+	22	20	326	466	134.7	117.0	70.16754385416606	6460.380952380952	5664	5281.2180742343
ENST00000682931.1	ENSG00000143147	-	6	4	192	6255	342.0	269.0	293.2109593222373	9914.8	5839	12454.56063857734
ENST00000367833.7	ENSG00000143155	+	7	5	220	2207	114.2	100	44.16106882764501	3358.3333333333335	3498.0	2396.0144128670568
ENST00000271375.7	ENSG00000213064	+	8	6	139	10521	63.333333333333336	70.5	25.68787002977605	2282.5714285714284	2360	1882.346483970017
ENST00000367815.9	ENSG00000143153	+	6	4	237	1428	137.75	142.5	44.206899913927465	4762.8	2601	4961.214891536145
ENST00000367808.8	ENSG00000117475	+	7	5	148	1309	213.4	200	138.76887259036155	2931.1666666666665	1701.5	2389.184916800428
ENST00000236137.10	ENSG00000117479	-	6	4	382	2069	290.25	208.0	211.1640357636688	3684.8	2133	3448.0064095068037
ENST00000359326.9	ENSG00000000460	+	25	23	76	1291	114.95652173913044	105	36.856574917163776	2292.9166666666665	1648.5	2771.88452480268
ENST00000367771.11	ENSG00000000457	-	13	11	109	4142	187.0	140	175.52150865349807	3163.1666666666665	2464.5	2439.9969013889913
ENST00000361580.7	ENSG00000075945	-	20	18	260	453	124.5	119.0	35.4471437495322	7916.473684210527	6935	8586.642697743599
ENST00000367763.8	ENSG00000120370	+	5	3	119	1820	200.33333333333334	141	137.92872555538725	4782.25	4924.0	2637.8652195793984
ENST00000239461.11	ENSG00000116132	+	4	2	329	3374	179.0	179.0	4.242640687119285	23743.333333333332	9646	27350.096550713188
ENST00000647382.2	ENSG00000117523	+	35	33	206	1925	257.3636363636364	169	393.39935324853246	2863.470588235294	1856.0	4455.327585380017
ENST00000236192.12	ENSG00000117533	-	8	6	156	4375	74.33333333333333	66.0	28.93901633896126	5275.571428571428	3446	3738.1872548577544
ENST00000627582.3	ENSG00000197959	+	21	19	320	4946	124.26315789473684	114	59.08547678788301	28179.65	13707.5	32965.122880936804
ENST00000344529.5	ENSG00000135845	-	2	0	82	1374	NA	NA	NA	1157.0	1157	NA
ENST00000263688.4	ENSG00000094975	+	24	22	348	2018	148.13636363636363	105.5	230.205559374876	3176.478260869565	1519	4321.098648908265
ENST00000340385.6	ENSG00000117592	+	5	3	158	1081	150.33333333333334	147	5.773502691896257	2447.75	2583.0	1643.1423908677746
ENST00000209884.5	ENSG00000076321	+	12	10	98	1530	178.6	139.0	145.30901937289065	6208.909090909091	2932	6304.513247738408
ENST00000682279.1	ENSG00000120334	-	6	4	672	970	266.0	213.5	195.6101565188611	4525.6	3613	4744.414800583945
ENST00000649689.2	ENSG00000117593	+	17	15	684	1029	108.2	102	46.240365791929335	1908.625	1438.0	1307.8502398975197
ENST00000367696.7	ENSG00000135870	-	20	18	262	7788	188.94444444444446	171.0	84.47726615327953	4201.210526315789	2061	6527.823438337258
ENST00000681986.1	ENSG00000152061	+	26	24	138	5460	126.5	120.0	45.07578160117162	33086.2	10127	54545.42275021801
ENST00000367679.7	ENSG00000116161	+	6	4	249	2105	128.75	99.0	60.846117378186094	1842.4	1411	1559.9334280667235
ENST00000367649.8	ENSG00000075391	+	18	16	591	5776	217.25	145.0	203.91648617346596	22053.176470588234	2288	48192.33491339065
ENST00000367635.8	ENSG00000116191	+	20	18	176	5511	100.27777777777777	93.0	29.105903091490596	9952.894736842105	4349	14297.107034077197
ENST00000263733.5	ENSG00000116199	+	8	6	205	4655	188.5	141.0	165.3018451197687	6383.285714285715	5053	5718.778765735616
ENST00000367627.8	ENSG00000186283	+	6	4	318	1029	171.0	152.0	69.4118145563131	2379.2	2017	2196.247640863844
ENST00000367619.8	ENSG00000057252	+	16	14	140	5096	114.57142857142857	103.5	58.99115225146941	3869.6	1482	5663.9562750531795
ENST00000609928.6	ENSG00000169905	-	7	5	111	6853	271.0	180	186.24312067832196	4918.166666666667	2238.0	5591.599714452624
ENST00000606911.7	ENSG00000143337	+	10	8	693	2625	61.125	57.0	16.030662583222906	3776.1111111111113	3397	3035.953616429459
ENST00000367602.8	ENSG00000116260	+	12	10	304	7769	120.3	126.5	37.05866220527185	3626.0	2760	3370.217737773036
ENST00000367595.4	ENSG00000230124	-	8	6	533	288	78.66666666666667	86.5	27.16370126964782	30436.428571428572	16708	30219.97441459949
ENST00000367590.9	ENSG00000143324	+	15	13	249	6274	150.84615384615384	167	55.54104511357067	17841.0	7831.0	28511.373538939213
ENST00000258301.6	ENSG00000135823	-	8	6	232	3922	109.33333333333333	101.0	36.11463230695651	6476.571428571428	3467	5509.399146221024
ENST00000367580.6	ENSG00000153029	+	6	4	92	6714	229.5	268.5	83.30066026148893	4046.4	1547	6128.758544762552
ENST00000367577.7	ENSG00000162783	+	1	0	4201	4201	NA	NA	NA	NA	NA	NA
ENST00000331872.11	ENSG00000135821	-	7	5	112	6626	163.2	162	27.869337989984622	1023.1666666666666	680.5	1003.5049410275301
ENST00000367559.7	ENSG00000135828	-	7	5	90	1945	440.6	134	674.0866413154914	1897.5	1491.0	1562.2574371722478
ENST00000367558.6	ENSG00000143333	-	5	3	174	1891	114.33333333333333	111	51.08163401197473	839.75	810.0	479.8835796315602
ENST00000367553.6	ENSG00000135838	+	13	11	33	1661	77.18181818181819	76	29.660809772554025	3172.4166666666665	2497.5	2349.6188262754195
ENST00000367549.4	ENSG00000135829	+	28	26	110	900	133.96153846153845	135.0	44.8218525000748	1634.9259259259259	977	2073.5316013975535
ENST00000258341.5	ENSG00000135862	+	28	26	715	3059	159.80769230769232	152.0	50.02960661909644	4231.259259259259	1021	15028.010909356497
ENST00000264144.5	ENSG00000058085	+	23	21	168	1981	154.71428571428572	153	43.182337659213005	2430.2727272727275	1030.0	4513.365592293291
ENST00000287713.7	ENSG00000157064	-	11	9	198	4507	81.77777777777777	79	23.101827729520547	16470.3	2961.0	38263.59812624352
ENST00000688051.1	ENSG00000116698	+	23	21	151	2374	162.9047619047619	146	104.74488281625254	3443.0454545454545	1068.0	8418.179604580693
ENST00000367535.8	ENSG00000116701	-	15	13	304	669	99.53846153846153	108	44.815576504558074	2330.785714285714	1734.5	2283.8115299638025
ENST00000359856.11	ENSG00000162704	-	4	2	267	6749	125.0	125.0	73.53910524340094	2557.3333333333335	2444	270.43914903973007
ENST00000360851.4	ENSG00000143344	+	18	16	205	2428	130.75	113.0	61.13645938935838	6981.64705882353	3535	9925.78984225674
ENST00000645668.2	ENSG00000198860	+	5	3	161	1386	120.0	136	33.04542328371661	5144.0	1495.5	8157.518454366704
ENST00000318130.13	ENSG00000116406	-	20	18	370	4236	123.94444444444444	125.5	43.97388559564739	3041.315789473684	2049	3019.216639620129
ENST00000367511.4	ENSG00000135842	-	14	12	207	5066	134.25	123.5	28.48324866558333	13584.076923076924	4972	22916.112353762284
ENST00000367510.8	ENSG00000121481	+	7	5	92	2404	182.2	172	68.24001758499188	8939.833333333334	2692.0	16239.740631138991
ENST00000367500.9	ENSG00000116668	+	19	17	148	1108	151.88235294117646	112	157.99837117552082	7265.388888888889	5447.0	8896.366093152794
ENST00000367498.8	ENSG00000116679	-	15	13	291	1901	147.76923076923077	130	44.24393338103701	1195.9285714285713	381.0	1654.4366675135034
ENST00000367478.9	ENSG00000047410	-	51	49	376	2375	140.51020408163265	138	47.27848455736305	1079.32	897.5	961.7343907583564
ENST00000287859.11	ENSG00000157181	+	14	12	137	2367	109.66666666666667	109.0	37.608831973676644	3209.076923076923	2358	3010.4332872400737
ENST00000367468.10	ENSG00000073756	-	10	8	185	2972	169.125	146.0	67.3974088098772	458.1111111111111	486	248.4006061005309
ENST00000367466.4	ENSG00000116711	+	18	16	87	605	136.6875	137.5	55.52863375472754	9244.35294117647	6542	7974.745755674413
ENST00000235382.7	ENSG00000116741	+	5	3	143	874	110.33333333333333	102	52.993710318615484	472.25	401.5	388.371278546702
ENST00000367454.6	ENSG00000116750	-	11	9	176	4142	96.22222222222223	103	26.719738854345948	4192.3	1816.0	6051.67145047089
ENST00000400968.7	ENSG00000116747	+	9	7	165	6641	212.14285714285714	147	175.0984756943252	2914.625	1287.5	3357.982512398096
ENST00000367439.8	ENSG00000023572	-	4	2	151	290	120.5	120.5	79.90306627407988	2754.3333333333335	3380	1705.8429978557035
ENST00000367435.5	ENSG00000134371	+	17	15	301	4140	95.2	88	47.25190850265053	7932.25	3388.5	12725.825665420169
ENST00000367405.5	ENSG00000177888	-	11	9	71	6333	243.44444444444446	107	374.761961487259	3901.7	2398.5	3767.1306808586646
ENST00000620048.6	ENSG00000213047	-	23	21	342	6225	85.61904761904762	81	40.019340562378325	11925.818181818182	5401.0	15125.010339662309
ENST00000367385.9	ENSG00000151414	+	10	8	279	3009	103.25	108.5	22.92067064588519	17923.222222222223	13725	22836.78696630602
ENST00000367353.2	ENSG00000162702	-	2	0	91	4773	NA	NA	NA	222.0	222	NA
ENST00000367350.5	ENSG00000118193	-	30	28	341	2268	167.21428571428572	125.0	213.53069987324957	2136.5862068965516	1426	1699.8293720514039
ENST00000331314.11	ENSG00000118197	-	8	6	141	481	267.8333333333333	160.5	273.3842838691842	3377.4285714285716	3015	2661.7896145978466
ENST00000358823.7	ENSG00000118200	+	17	15	1074	2951	266.1333333333333	119	538.5425923819989	7112.1875	1813.5	12147.03296128318
ENST00000367330.6	ENSG00000116857	-	5	3	617	1044	111.0	109	20.074859899884732	4427.25	3850.0	2682.1980258735557
ENST00000367311.5	ENSG00000174307	-	2	0	848	1901	NA	NA	NA	2162.0	2162	NA
ENST00000340006.7	ENSG00000159176	-	6	4	54	1260	126.5	121.5	31.921779399024736	4354.8	3478	4153.589796790242
ENST00000361565.9	ENSG00000198700	+	24	22	216	8348	129.63636363636363	121.5	53.49458847090045	1900.8260869565217	818	3664.1032842252625
ENST00000362011.7	ENSG00000198892	+	5	3	170	788	158.0	168	20.8806130178211	564.5	595.0	306.80449801135575
ENST00000367287.5	ENSG00000134375	+	6	4	50	1196	101.0	105.5	27.410460290431704	2702.4	1728	2304.164989752253
ENST00000272217.7	ENSG00000143862	-	7	5	288	1113	77.6	74	10.358571330062848	1590.8333333333333	481.0	2285.0981087617806
ENST00000646651.1	ENSG00000077152	-	7	5	42	304	106.4	99	39.7404076476324	1567.0	818.0	2267.8953238630747
ENST00000367265.9	ENSG00000117139	-	27	25	320	4679	171.72	155	89.99838887446819	2870.576923076923	1530.5	5885.944948251398
ENST00000367262.4	ENSG00000183155	-	2	0	177	2942	NA	NA	NA	7749.0	7749	NA
ENST00000367261.8	ENSG00000117153	-	12	10	146	1540	162.5	156.5	47.63110561620654	2982.181818181818	1366	3653.762247825707
ENST00000340990.10	ENSG00000159346	-	8	6	128	870	182.16666666666666	187.5	38.311443025115445	2198.5714285714284	1539	2227.2664753865783
ENST00000367249.9	ENSG00000159348	-	9	7	67	827	104.28571428571429	100	27.39047453473735	470.125	431.0	230.15301587049802
ENST00000367242.4	ENSG00000163444	+	8	6	201	1994	139.33333333333334	158.0	42.65989529601153	2063.4285714285716	1906	1945.0827623473897
ENST00000290551.5	ENSG00000159388	+	2	0	230	2499	NA	NA	NA	1355.0	1355	NA
ENST00000357681.10	ENSG00000058668	+	21	19	388	4536	198.57894736842104	192	126.34226696182331	5427.65	1155.5	12418.610220891107
ENST00000414487.7	ENSG00000182004	+	5	3	115	1276	56.333333333333336	63	26.63331247391757	1998.5	1377.5	1887.5194480234281
ENST00000367204.6	ENSG00000143842	+	14	12	597	1886	132.75	113.5	50.68283733178323	3888.6923076923076	454	10667.091109143543
ENST00000367202.9	ENSG00000143845	-	8	6	450	1195	138.33333333333334	133.0	66.64733052918673	2644.0	2515	1280.911264165737
ENST00000272203.8	ENSG00000143850	-	23	21	236	3927	154.71428571428572	124	118.61287571640057	6075.681818181818	1374.0	17789.354383173377
ENST00000367188.5	ENSG00000158615	-	2	0	2326	2933	NA	NA	NA	3178.0	3178	NA
ENST00000684373.1	ENSG00000133056	-	33	31	450	2408	154.83870967741936	123	164.68537615185986	2016.09375	973.5	4259.001157771052
ENST00000367182.8	ENSG00000198625	+	11	9	104	9008	104.22222222222223	100	37.63568047005985	3166.5	2173.5	2585.5422061919626
ENST00000367177.4	ENSG00000170382	-	2	0	419	3049	NA	NA	NA	65101.0	65101	NA
ENST00000264515.11	ENSG00000117222	-	14	12	124	2674	130.75	130.5	57.125261089516734	2420.769230769231	1328	2924.5771533062734
ENST00000367162.8	ENSG00000133059	-	13	11	432	5241	212.45454545454547	135	173.22607403988792	5099.0	1573.5	7566.807348845711
ENST00000367157.6	ENSG00000163545	-	7	5	348	2451	118.4	121	32.00468715672753	2715.3333333333335	1356.5	3492.582635624627
ENST00000429964.7	ENSG00000117266	+	16	14	128	1447	100.78571428571429	102.0	32.17303833343061	1675.7333333333333	606	4622.520083656697
ENST00000357992.9	ENSG00000158711	-	5	3	380	8702	402.0	216	410.8904963612568	3445.25	2574.5	2978.7126274057837
ENST00000367145.4	ENSG00000158715	-	5	3	116	1821	484.6666666666667	402	269.67634922872514	4817.0	1527.5	7157.588187837204
ENST00000367142.5	ENSG00000069275	-	7	5	226	5658	103.0	106	49.33558553417604	5160.333333333333	2519.0	7525.44262264132
ENST00000367139.8	ENSG00000117280	-	6	4	210	2468	157.5	152.0	78.49203781276162	837.8	617	840.0551767592412
ENST00000367137.4	ENSG00000133065	-	11	9	391	2624	222.44444444444446	145	299.8337502313203	1908.7	1011.0	2639.7112236842204
ENST00000573034.8	ENSG00000266028	+	23	21	110	3400	160.66666666666666	135	127.48110971172683	11546.0	3600.5	22057.171022681254
ENST00000581977.7	ENSG00000263528	+	22	20	223	778	111.95	106.5	41.505199420643294	1103.5238095238096	736	1114.7010190650954
ENST00000579436.7	ENSG00000266094	+	6	4	529	2623	161.75	119.0	90.94458019402073	15623.8	1530	20691.589540197245
ENST00000271764.7	ENSG00000143486	-	15	13	179	204	125.23076923076923	108	54.818114168818695	1343.7857142857142	1492.5	797.731319581824
ENST00000367109.8	ENSG00000143479	+	3	1	245	7771	112.0	112	NA	5747.5	5747.5	5485.027301664049
ENST00000367103.4	ENSG00000162889	+	10	8	604	1707	97.5	83.5	28.440413900946357	5142.888888888889	377	14272.881729388468
ENST00000315927.9	ENSG00000180667	-	2	0	521	5875	NA	NA	NA	964.0	964	NA
ENST00000367080.8	ENSG00000123836	+	15	13	92	5614	105.15384615384616	102	42.74312060407334	1247.857142857143	690.5	1791.44290177769
ENST00000367064.9	ENSG00000196352	+	10	8	188	1421	122.625	113.0	62.289502669849135	4077.6666666666665	1987	6255.97672230324
ENST00000367033.4	ENSG00000076356	-	32	30	742	5097	188.96666666666667	149.0	209.41601614034192	6794.677419354839	1957	14072.65575122454
ENST00000367029.5	ENSG00000123689	+	2	0	138	738	NA	NA	NA	103.0	103	NA
ENST00000294811.2	ENSG00000162757	-	2	0	182	4502	NA	NA	NA	668.0	668	NA
ENST00000491415.7	ENSG00000117597	+	12	10	199	6362	192.0	193.0	102.49227613174891	1919.3636363636363	1697	1952.5045594173282
ENST00000367012.4	ENSG00000082497	+	4	2	216	4698	154.0	154.0	53.74011537017761	2746.0	1949	1916.1323023215282
ENST00000419091.7	ENSG00000117625	+	12	10	361	2962	115.1	78.5	69.71760498213091	4776.909090909091	2900	4095.4551506406574
ENST00000261464.10	ENSG00000082512	+	11	9	57	2819	122.22222222222223	102	53.97864804202162	4413.8	1804.0	7840.5762798406595
ENST00000367001.5	ENSG00000170385	-	2	0	1171	4722	NA	NA	NA	1701.0	1701	NA
ENST00000366999.9	ENSG00000117650	-	8	6	238	881	169.16666666666666	172.5	65.10734725564133	1530.857142857143	948	1040.9236969428368
ENST00000366997.9	ENSG00000123684	-	8	6	191	6594	164.66666666666666	123.0	81.93330621100718	11362.0	4184	14282.690864586173
ENST00000366994.8	ENSG00000143493	-	20	18	214	1709	139.27777777777777	134.0	50.09145231245788	4775.0	2672	5188.288328319637
ENST00000366991.5	ENSG00000143476	+	15	13	195	2172	157.07692307692307	105	204.3499700425969	4632.642857142857	2159.5	5827.0541522630965
ENST00000261461.7	ENSG00000066027	+	13	11	882	1216	104.27272727272727	102	41.96210411571591	6099.916666666667	1631.5	11893.282828847958
ENST00000261455.9	ENSG00000065600	-	8	6	165	1449	142.5	144.0	39.7831622674719	6927.142857142857	4200	7762.80727633527
ENST00000366988.5	ENSG00000117691	+	4	2	201	550	82.5	82.5	30.405591591021544	4181.333333333333	1713	4560.516893218721
ENST00000341491.9	ENSG00000162772	+	4	2	170	1418	176.0	176.0	96.16652224137046	3358.3333333333335	2865	2518.502994505532
ENST00000366974.9	ENSG00000203705	+	10	8	94	1818	76.875	77.5	26.851110644759984	2490.0	2684	1762.8858442905484
ENST00000366971.9	ENSG00000162769	+	10	8	916	4148	106.875	108.5	28.517851552016626	3907.777777777778	2494	3792.7649801226075
ENST00000366962.8	ENSG00000174606	-	9	7	255	3011	203.42857142857142	164	136.63559460947837	2374.5	2078.0	1461.8678853732695
ENST00000366960.8	ENSG00000136643	+	15	13	269	2251	229.6153846153846	96	418.1422282871261	15573.5	10911.5	15199.113692530284
ENST00000366958.9	ENSG00000117707	+	5	3	511	5862	698.3333333333334	195	948.1415154571249	11267.5	7444.5	8473.98389188934
ENST00000366957.10	ENSG00000143499	+	12	10	269	428	104.8	110.0	34.37311610999374	4929.818181818182	2443	6752.60697535673
ENST00000366955.8	ENSG00000117724	+	20	18	127	981	510.1111111111111	170.0	959.6204451202624	2688.7894736842104	1529	2499.636897607939
ENST00000259154.9	ENSG00000136636	+	18	16	465	1751	112.6875	106.5	46.620051122523094	2969.705882352941	1782	2873.418799198654
ENST00000366935.8	ENSG00000092978	-	10	8	175	4374	163.75	75.5	227.56333498297002	22026.666666666668	10416	30240.45691619093
ENST00000366932.4	ENSG00000067533	+	5	3	163	7036	188.66666666666666	202	84.78993650978478	11231.5	9653.0	10550.278811481714
ENST00000366930.9	ENSG00000092969	+	7	5	1712	3416	148.0	154	26.391286440793294	15569.333333333334	2614.0	23527.130055887963
ENST00000366923.8	ENSG00000136628	-	32	30	163	357	144.73333333333332	132.0	70.54513514023503	2356.2580645161293	1255	2226.8373382855775
ENST00000322067.12	ENSG00000162813	-	9	7	103	1511	112.28571428571429	106	44.94705880519987	3738.375	3191.0	2967.5857882653177
ENST00000366922.3	ENSG00000067704	+	23	21	352	549	125.19047619047619	123	33.05543684119006	2290.0	1496.0	2532.1273194499445
ENST00000358951.7	ENSG00000118873	-	35	33	231	3114	118.51515151515152	100	54.42949637611555	3438.3823529411766	1453.5	7253.004175970729
ENST00000366917.6	ENSG00000116141	+	18	16	738	2650	123.875	107.0	69.13935203630419	7703.294117647059	3062	12284.653997796935
ENST00000294889.6	ENSG00000162817	+	2	0	349	2542	NA	NA	NA	5900.0	5900	NA
ENST00000366903.8	ENSG00000136630	+	4	2	1007	865	182.5	182.5	3.5355339059327378	1126.6666666666667	790	623.3853810712386
ENST00000366899.4	ENSG00000143507	-	4	2	109	1254	613.0	613.0	340.82546853191593	12692.333333333334	3417	17136.295554562934
ENST00000340020.11	ENSG00000186063	-	10	8	284	1977	89.25	88.5	31.26728093619362	4611.555555555556	3062	4146.79376479923
ENST00000675850.1	ENSG00000154309	+	9	7	40	3611	163.57142857142858	124	163.87785811680718	23270.125	7458.5	38579.481476325505
ENST00000295006.6	ENSG00000162909	+	21	19	339	1185	96.94736842105263	79	51.89355952782422	3005.7	1820.0	5578.200069065855
ENST00000343537.12	ENSG00000143514	-	18	16	294	1002	208.5	157.0	174.35748717314473	3613.1176470588234	2374	5608.615748140901
ENST00000323699.9	ENSG00000143753	+	3	1	179	1110	743.0	743	NA	4085.0	4085.0	2931.664714799426
ENST00000281701.11	ENSG00000143748	-	23	21	102	326	117.57142857142857	102	60.5331078242076	4542.318181818182	3545.5	4222.136937915541
ENST00000465271.6	ENSG00000143771	+	5	3	115	3658	107.66666666666667	113	36.29508690350986	4619.5	4831.0	865.5300880577944
ENST00000414423.9	ENSG00000162923	-	14	12	1114	4715	128.16666666666666	133.5	29.513735887898132	3252.6923076923076	3360	2536.6996729548478
ENST00000272163.9	ENSG00000143815	-	14	12	85	1962	141.75	147.5	52.32959357415614	1753.0	1633	1175.639116962911
ENST00000366843.7	ENSG00000154380	-	14	12	438	10984	139.16666666666666	98.0	102.69180133100237	11784.846153846154	2587	23101.181390591817
ENST00000272167.10	ENSG00000143819	+	9	7	46	418	167.28571428571428	181	45.70818411661193	4225.625	2175.5	6148.095057762665
ENST00000366835.8	ENSG00000196187	-	25	23	77	1397	114.56521739130434	109	46.95435509567343	1364.0	1059.5	1028.359436400903
ENST00000366812.6	ENSG00000182827	-	8	6	352	2143	181.5	167.0	53.83586165373412	5497.0	3099	6742.910869943336
ENST00000681046.1	ENSG00000183814	-	15	13	56	1450	114.76923076923077	120	36.40090165127288	5357.857142857143	4403.0	4721.492998180568
ENST00000366794.10	ENSG00000143799	-	23	21	284	851	135.38095238095238	129	45.385544163837224	1973.8636363636363	1500.5	2147.7599691961354
ENST00000429204.6	ENSG00000143772	-	8	6	242	3197	471.6666666666667	153.5	817.9683775468748	14474.857142857143	2262	31898.086763046733
ENST00000366783.8	ENSG00000143801	+	13	11	34	675	140.0	142	51.61588902653911	1936.1666666666667	1458.0	1695.82556099775
ENST00000366777.4	ENSG00000163050	+	15	13	106	1092	128.30769230769232	94	91.89340257002912	3170.3571428571427	414.5	6017.533236073794
ENST00000366766.8	ENSG00000143776	-	37	35	1488	4535	141.57142857142858	118	93.13945449267608	8823.611111111111	5072.5	12669.475116600479
ENST00000617596.5	ENSG00000143740	+	5	3	65	700	386.0	491	227.46648104720836	10967.25	11476.5	2574.3395755028123
ENST00000272102.10	ENSG00000143761	+	5	3	58	1361	140.33333333333334	125	39.31072796748151	3666.25	137.0	7097.219379212303
ENST00000453943.6	ENSG00000143774	+	8	6	85	287	93.83333333333333	91.5	32.504871429782135	1105.4285714285713	467	1798.803941247522
ENST00000284551.11	ENSG00000154370	-	6	4	682	1577	112.75	98.5	86.51926567726596	2090.0	1694	1743.392526082408
ENST00000366690.5	ENSG00000168118	+	8	6	260	2089	106.33333333333333	105.5	33.284631088036214	4542.428571428572	2162	5116.0515653233615
ENST00000284617.7	ENSG00000154429	-	4	2	136	4397	342.0	342.0	103.23759005323593	5605.333333333333	1326	8228.786625823599
ENST00000344517.5	ENSG00000135776	-	13	11	572	1829	133.45454545454547	136	62.98152687314533	3188.0833333333335	2124.0	2737.1253486536607
ENST00000258281.7	ENSG00000135801	-	5	3	238	1961	325.0	145	346.98703145794946	7453.75	7143.0	2989.3779035110297
ENST00000258243.7	ENSG00000135763	+	10	8	110	1101	548.75	150.5	1125.1560844103872	3150.3333333333335	2926	1439.7303566987812
ENST00000366672.5	ENSG00000143641	+	16	14	169	2820	102.42857142857143	96.5	24.809161724945596	14030.8	4657	28357.40451602922
ENST00000391860.7	ENSG00000177614	-	7	5	735	9131	209.6	181	127.42566460489817	16821.5	6614.5	25529.937036741787
ENST00000366669.9	ENSG00000135775	+	18	16	198	691	127.6875	133.5	42.45581036010658	2857.0588235294117	1698	3797.75516704586
ENST00000366647.9	ENSG00000116906	+	16	14	245	475	137.21428571428572	130.5	54.589627884127154	2274.733333333333	1302	3022.5987982592223
ENST00000366645.1	ENSG00000116903	-	1	0	5100	5100	NA	NA	NA	NA	NA	NA
ENST00000366641.4	ENSG00000135766	-	5	3	1290	2720	108.33333333333333	120	35.94903800289144	13549.25	3103.0	22253.15660567432
ENST00000366639.9	ENSG00000116918	+	6	4	158	1997	119.75	121.5	12.0381338531629	7044.4	5153	6961.260395934059
ENST00000674635.1	ENSG00000116991	-	23	21	265	1309	254.28571428571428	154	364.26599386398163	10238.863636363636	3871.5	15965.86139025704
ENST00000366621.8	ENSG00000135750	+	3	1	421	1244	396.0	396	NA	28174.0	28174.0	33791.218859342735
ENST00000366615.10	ENSG00000168275	+	3	1	223	1358	160.0	160	NA	4942.0	4942.0	6209.81175238026
ENST00000366609.4	ENSG00000168264	-	2	0	1732	3584	NA	NA	NA	594.0	594	NA
ENST00000366607.5	ENSG00000173726	-	5	3	243	2768	90.66666666666667	82	48.58326186386967	4053.5	4166.5	2346.645904264212
ENST00000264183.9	ENSG00000054267	-	24	22	411	1751	175.45454545454547	104.5	238.25451122950878	6750.260869565217	3223	13506.552323081063
ENST00000282841.9	ENSG00000152904	+	4	2	209	2522	82.0	82.0	15.556349186104045	4356.0	6373	3571.77224917827
ENST00000366600.8	ENSG00000162885	-	12	10	312	3151	125.6	118.5	45.149627782395825	4776.727272727273	4652	2804.5667790555135
ENST00000366592.8	ENSG00000077585	+	7	5	498	858	135.4	129	61.90557325475631	10722.666666666666	6703.5	10353.733329899253
ENST00000366584.9	ENSG00000116977	+	10	8	80	4970	113.375	104.5	60.201892471440274	2560.3333333333335	1293	3380.894149481761
ENST00000366582.8	ENSG00000119285	-	45	43	95	1986	148.32558139534885	141	46.69746650119385	1069.3863636363637	874.5	951.4384267043902
ENST00000366577.10	ENSG00000116984	+	33	31	446	6424	118.61290322580645	107	45.679081586910826	3066.96875	2217.0	2856.14291551222
ENST00000366553.3	ENSG00000203668	-	2	0	488	7223	NA	NA	NA	3808.0	3808	NA
ENST00000366548.8	ENSG00000174371	+	16	14	150	475	201.71428571428572	183.0	128.41305263839843	2552.4666666666667	1798	1990.5895704778618
ENST00000366542.6	ENSG00000143702	-	20	18	242	2311	250.33333333333334	147.0	407.36888904861877	6515.526315789473	3705	7035.028597970942
ENST00000366541.8	ENSG00000054282	+	18	16	200	336	127.8125	128.5	28.04572159884641	14204.117647058823	10346	16008.540872306074
ENST00000673466.1	ENSG00000117020	-	14	12	204	5611	122.16666666666667	124.5	40.67796663670604	26403.0	10776	38320.12177912104
ENST00000358704.4	ENSG00000179456	+	2	0	162	3689	NA	NA	NA	2343.0	2343	NA
ENST00000366535.4	ENSG00000035687	-	13	11	275	1145	103.18181818181819	103	34.08758771699218	3405.0833333333335	1598.5	3978.1514084795563
ENST00000302550.16	ENSG00000121644	+	5	3	230	3478	103.0	94	35.369478367654786	12972.75	8057.0	14469.207220277596
ENST00000411948.7	ENSG00000203667	+	4	2	99	2017	89.5	89.5	36.062445840513924	2368.3333333333335	782	3322.7985694792474
ENST00000640218.2	ENSG00000153187	-	14	12	927	4207	144.41666666666666	124.5	63.13543643100389	567.6923076923077	433	503.87240193911936
ENST00000490107.6	ENSG00000185420	-	12	10	226	318	102.1	105.5	35.67274091578112	68760.72727272728	14376	118857.97892702947
ENST00000366513.9	ENSG00000162852	+	11	9	208	2896	224.77777777777777	115	280.83704250765146	9701.3	6263.0	10051.051631545826
ENST00000648844.2	ENSG00000153207	-	36	34	371	1901	194.55882352941177	133.5	295.4360097024007	2398.9714285714285	1648	2732.410296527853
ENST00000682384.1	ENSG00000162714	-	10	8	78	3862	171.875	124.5	112.27954590472581	3237.5555555555557	1110	4358.635971009483
ENST00000366472.6	ENSG00000175137	-	7	5	81	1925	228.4	162	219.82561270243284	2053.6666666666665	952.0	2918.1534343942003
ENST00000306601.9	ENSG00000171163	-	12	10	168	509	126.5	107.5	76.47693915306903	648.7272727272727	330	908.0527617830465
ENST00000356150.10	ENSG00000035115	-	10	8	49	858	104.625	112.0	36.70709351454722	4905.0	3160	4434.765241813821
ENST00000281017.8	ENSG00000151353	-	5	3	118	5799	90.0	94	33.18132004607411	1835.75	2152.5	1294.3557921478416
ENST00000252804.9	ENSG00000130508	-	23	21	260	2437	196.1904761904762	121	303.8378875399872	4809.636363636364	3131.0	10511.616605974348
ENST00000327435.11	ENSG00000182551	-	4	2	164	1717	150.0	150.0	42.42640687119285	6661.666666666667	5391	5673.737862585241
ENST00000320892.11	ENSG00000151692	+	9	7	211	4551	136.85714285714286	146	55.1072547293868	15131.0	7556.5	18091.868844475805
ENST00000396290.2	ENSG00000115738	+	3	1	458	777	64.0	64	NA	553.5	553.5	317.49094475275984
ENST00000256707.8	ENSG00000134313	-	30	28	134	3125	146.03571428571428	142.5	55.798899592798385	3496.8275862068967	2111	4104.2957641003195
ENST00000305997.8	ENSG00000143797	-	13	11	145	6215	114.72727272727273	104	49.93013300421081	11947.75	4927.5	14345.310663165412
ENST00000281419.8	ENSG00000151693	+	28	26	419	2426	108.46153846153847	92.0	47.82989087943293	7155.62962962963	2783	13919.966244289719
ENST00000355346.9	ENSG00000119185	-	7	5	156	3431	113.2	107	29.73550066839299	2650.1666666666665	2917.5	1933.1041789481153
ENST00000310823.8	ENSG00000151694	-	19	17	322	2033	119.76470588235294	131	36.965405130616226	3497.4444444444443	2559.0	3242.978301105006
ENST00000238081.8	ENSG00000134308	-	6	4	57	1379	190.0	144.0	127.10100969963483	8967.0	2068	16624.51847422956
ENST00000305883.6	ENSG00000172059	+	4	2	209	2610	608.0	608.0	478.0041840821061	2417.3333333333335	2391	1200.7165915957576
ENST00000304567.10	ENSG00000171848	+	10	8	159	2181	114.75	115.5	22.889486045531285	602.0	205	742.7760429631531
ENST00000307845.8	ENSG00000115756	+	5	3	274	881	198.0	106	176.95197088475732	30738.0	13224.0	42949.9191927839
ENST00000234111.9	ENSG00000115758	-	12	10	207	901	136.8	127.0	43.32256276404299	534.9090909090909	206	824.3372434320137
ENST00000272227.8	ENSG00000143870	-	13	11	108	936	112.27272727272727	115	31.559755731281918	2259.6666666666665	1065.5	2825.5547269786716
ENST00000315872.11	ENSG00000134318	-	33	31	641	3682	129.74193548387098	107	62.62532381389895	4891.65625	949.0	11589.631908790287
ENST00000381525.8	ENSG00000169016	-	7	5	390	2149	138.2	148	59.3354868523045	3092.8333333333335	2006.0	2779.2846141888144
ENST00000674199.1	ENSG00000134324	+	21	19	40	2778	138.42105263157896	115	69.04210936448187	3766.5	2447.5	4220.298661170046
ENST00000155926.9	ENSG00000071575	+	3	1	1642	2409	293.0	293	NA	10727.5	10727.5	8549.628091326545
ENST00000233084.8	ENSG00000079785	+	26	24	82	326	86.5	80.5	36.216738863584105	1470.0	838	1449.7356655611395
ENST00000448223.7	ENSG00000163029	-	28	26	185	1802	125.11538461538461	122.5	34.57319993645589	3139.222222222222	2716	2833.761285930949
ENST00000381254.7	ENSG00000178295	+	14	12	208	8326	118.58333333333333	121.0	49.784003150580105	1911.6923076923076	1505	1532.5263665276902
ENST00000381249.4	ENSG00000240857	-	2	0	474	1086	NA	NA	NA	4371.0	4371	NA
ENST00000333610.4	ENSG00000183891	-	3	1	278	496	167.0	167	NA	2206.0	2206.0	2070.408655314211
ENST00000281405.9	ENSG00000118965	-	27	25	114	3446	133.52	134	47.2547352124631	2805.576923076923	1745.0	3306.0722094119715
ENST00000175091.5	ENSG00000068697	-	7	5	219	630	103.2	99	19.136352839556444	2935.6666666666665	1645.0	3836.8353452639412
ENST00000254351.9	ENSG00000115884	-	5	3	329	2139	232.33333333333334	136	215.31914297928398	5292.25	820.5	9397.020640429959
ENST00000361078.7	ENSG00000055917	-	21	19	248	2980	162.1578947368421	139	62.24884038000203	4789.95	2817.5	5839.676428265705
ENST00000272233.6	ENSG00000143878	+	1	0	2367	2367	NA	NA	NA	NA	NA	NA
ENST00000304031.8	ENSG00000118960	-	7	5	67	1428	177.6	166	33.9749908020591	5149.666666666667	4404.5	4463.794469581531
ENST00000237822.8	ENSG00000118961	-	7	5	65	3064	157.6	156	54.53714330619087	22525.666666666668	18423.0	11388.425697464363
ENST00000238789.10	ENSG00000119778	-	28	26	569	3424	158.42307692307693	132.5	118.37606956709556	6309.185185185185	4009	7128.070998292256
ENST00000309033.5	ENSG00000173960	+	7	5	186	5238	119.6	138	40.61773011875479	9737.5	9370.0	6280.721351883078
ENST00000380986.9	ENSG00000119782	+	4	2	146	618	80.5	80.5	45.96194077712559	4338.666666666667	4015	2380.0635145586625
ENST00000233468.5	ENSG00000115128	-	4	2	127	266	129.0	129.0	14.142135623730951	2696.6666666666665	2005	2642.2914928775995
ENST00000355123.9	ENSG00000198399	-	40	38	233	920	130.76315789473685	129.5	50.907140799231435	3885.923076923077	1696	6476.933835927287
ENST00000348332.8	ENSG00000084676	+	23	21	349	2482	216.66666666666666	157	263.9371768685369	12366.727272727272	7134.5	18167.87031621593
ENST00000380834.7	ENSG00000138092	+	8	6	77	3023	167.66666666666666	171.0	52.75477861451668	3549.4285714285716	1003	5171.789144230549
ENST00000679454.1	ENSG00000138031	-	22	20	555	946	172.45	130.0	169.5984343894967	4577.0952380952385	1022	11361.095092044437
ENST00000403714.8	ENSG00000084710	+	23	21	244	4901	111.47619047619048	122	39.484957955681104	4980.636363636364	1621.5	10651.23995261296
ENST00000321117.10	ENSG00000119772	-	23	21	100	6547	132.0952380952381	119	61.17998427746183	4755.954545454545	759.0	8545.832738142708
ENST00000406818.8	ENSG00000138101	-	21	19	192	311	100.73684210526316	90	47.30731926605386	14695.9	10812.0	14108.939509925502
ENST00000264712.8	ENSG00000084731	-	8	6	2125	2474	123.83333333333333	118.0	25.23819856223234	7222.571428571428	1155	10700.601600800192
ENST00000264710.5	ENSG00000084733	+	6	4	652	2517	98.0	96.0	32.30067078766838	19962.0	11045	25310.156568065715
ENST00000380649.8	ENSG00000084754	-	20	18	103	761	115.5	119.5	39.54334925860776	2687.1052631578946	1937	3366.62777031552
ENST00000317799.10	ENSG00000138029	+	16	14	52	548	99.78571428571429	88.0	47.92972190361886	2902.0	1453	3114.0159417887194
ENST00000260585.12	ENSG00000138018	+	10	8	147	6881	129.75	109.0	72.98483208369883	4630.777777777777	2205	5621.986098741658
ENST00000344420.10	ENSG00000213699	+	6	4	143	3190	142.25	141.5	62.35048783556816	2609.2	720	4060.934707675069
ENST00000288699.11	ENSG00000157851	+	13	11	123	3442	146.63636363636363	157	64.05508992620763	8086.833333333333	1995.0	15020.930323647694
ENST00000233121.7	ENSG00000084764	+	7	5	166	940	156.8	153	27.417147918775214	9115.5	805.0	20724.042199821924
ENST00000238788.14	ENSG00000119777	+	17	15	202	984	119.46666666666667	114	38.93009608198239	359.5	268.0	238.5914220307735
ENST00000360131.5	ENSG00000084693	+	15	13	126	527	195.0	172	87.47094755784155	1125.9285714285713	540.0	2023.6598780916229
ENST00000456793.2	ENSG00000228474	-	3	1	54	250	138.0	138	NA	370.5	370.5	330.2188668141177
ENST00000260598.10	ENSG00000138030	+	8	6	580	1098	119.83333333333333	126.0	33.39710566301617	1656.2857142857142	1546	1695.6007504014335
ENST00000402394.6	ENSG00000138028	-	6	4	283	1295	88.25	81.0	26.775299562594377	3320.8	208	6267.551730939283
ENST00000260643.7	ENSG00000138073	-	9	7	350	753	146.28571428571428	160	55.580914847077636	219.25	185.5	142.54498036960624
ENST00000310574.8	ENSG00000138074	-	17	15	249	993	131.4	104	117.21701485462155	591.8125	403.5	836.7247431702575
ENST00000264705.9	ENSG00000084774	+	44	42	265	528	154.5952380952381	144.5	50.697601580740375	448.5813953488372	224	793.1801342443666
ENST00000380044.6	ENSG00000115204	-	8	6	46	490	77.66666666666667	84.0	30.500273222819935	1800.5714285714287	262	3382.4341756168665
ENST00000233575.7	ENSG00000115234	+	15	13	191	930	95.07692307692308	88	39.915455524691055	325.92857142857144	212.5	317.43090448297426
ENST00000323703.11	ENSG00000163795	-	4	2	263	1137	372.0	372.0	305.47012947258855	452.0	223	511.5105082009557
ENST00000344034.5	ENSG00000115241	-	10	8	289	607	164.25	131.5	113.28314715160163	2909.222222222222	580	7216.051738620257
ENST00000379852.8	ENSG00000115216	+	18	16	101	552	95.1875	92.5	46.74500864620022	673.7058823529412	193	1164.0604991100056
ENST00000355467.6	ENSG00000243943	+	14	12	101	2065	113.75	99.0	45.970593367341415	2818.846153846154	1020	4013.8251466266324
ENST00000337768.10	ENSG00000119760	-	6	4	286	2939	267.75	281.5	129.28360298197137	1702.0	1617	983.3791232276593
ENST00000326019.11	ENSG00000163798	+	14	12	689	336	126.33333333333333	117.5	59.43114171930913	2195.3846153846152	1602	1882.0526267199837
ENST00000379624.6	ENSG00000158019	+	12	10	114	452	111.2	97.5	41.898819925042176	40590.454545454544	37138	33715.50671534876
ENST00000264716.9	ENSG00000075426	+	4	2	965	5388	180.0	180.0	101.82337649086284	5915.666666666667	4400	3841.698105438965
ENST00000395366.3	ENSG00000213639	+	8	6	347	3742	137.83333333333334	133.5	53.544062851698754	6599.285714285715	4679	8096.31705806794
ENST00000320081.10	ENSG00000115295	+	16	14	251	2237	129.35714285714286	135.5	42.85145566660779	4273.0	3521	2951.8274243012825
ENST00000261353.9	ENSG00000119801	+	3	1	56	1915	165.0	165	NA	5695.5	5695.5	5472.299379602691
ENST00000395323.9	ENSG00000213626	+	3	1	231	2596	103.0	103	NA	12782.5	12782.5	14343.661056369117
ENST00000379509.8	ENSG00000172954	+	6	4	138	4109	158.0	158.0	34.66025581748256	38420.2	28831	34746.10920232652
ENST00000322054.10	ENSG00000013016	+	6	4	697	3275	213.25	171.0	137.6284248741274	6095.0	4920	4168.5077066019685
ENST00000404530.6	ENSG00000162959	-	10	8	67	670	97.375	93.5	25.15629713837642	15741.111111111111	11156	20645.85447156671
ENST00000342166.10	ENSG00000162961	-	5	3	73	352	87.66666666666667	72	49.399730093729595	3803.25	2788.5	4536.552536526681
ENST00000315285.9	ENSG00000021574	+	17	15	691	3264	87.53333333333333	80	35.320707537539235	5550.875	2076.5	6577.237706666834
ENST00000282587.9	ENSG00000152683	+	14	12	40	4167	73.5	75.0	26.162082207931107	4109.7692307692305	2689	3469.1144680318193
ENST00000238831.9	ENSG00000119820	+	6	4	331	11106	129.5	134.0	42.027768598074935	5347.2	3993	4166.069454533854
ENST00000404816.7	ENSG00000049323	+	34	32	866	1146	140.3125	126.0	56.056099492584934	13516.818181818182	4439	20802.0241194435
ENST00000238823.13	ENSG00000119812	-	8	6	131	1785	139.16666666666666	142.0	37.20439042192019	1841.2857142857142	1014	1539.7480004084775
ENST00000280527.7	ENSG00000150938	+	17	15	846	2611	173.53333333333333	183	41.87373310094914	11831.125	5689.0	13622.132642015591
ENST00000405912.8	ENSG00000171055	-	8	6	292	922	129.83333333333334	113.0	73.60276262931077	6274.0	2689	6496.471067690007
ENST00000233099.6	ENSG00000008869	-	36	34	104	900	174.5	167.0	51.70208951876182	2758.3142857142857	1788	2390.4027813619314
ENST00000233057.9	ENSG00000055332	-	17	15	73	8186	114.4	123	42.98305313891577	2987.25	1730.5	2766.5678496408987
ENST00000234170.10	ENSG00000115816	-	16	14	185	292	204.92857142857142	86.5	375.0408109660999	1775.9333333333334	924	2082.8144237568367
ENST00000002125.9	ENSG00000003509	+	10	8	103	1026	131.875	127.5	51.10895224909233	1702.111111111111	1260	1284.720051649818
ENST00000234179.8	ENSG00000115825	-	19	17	153	2849	185.52941176470588	132	205.55234055072773	3787.5555555555557	2252.5	5129.813495316572
ENST00000338415.8	ENSG00000115828	+	7	5	222	641	164.0	147	70.68946173228369	4501.666666666667	4607.5	3216.9462331016143
ENST00000295324.4	ENSG00000163171	-	2	0	217	4879	NA	NA	NA	24603.0	24603	NA
ENST00000610745.5	ENSG00000138061	-	3	1	372	3802	1044.0	1044	NA	1712.5	1712.5	1870.2974362384182
ENST00000449105.8	ENSG00000143889	-	13	11	491	2269	125.81818181818181	99	63.53553050351934	3068.0	2500.5	3070.8023529542065
ENST00000272252.10	ENSG00000143891	+	7	5	238	1278	152.2	155	46.26769931604553	11062.5	6769.5	14375.341258558003
ENST00000313117.11	ENSG00000115875	-	8	6	133	1589	105.66666666666667	93.0	62.056963079630854	772.4285714285714	875	364.210954046716
ENST00000281950.8	ENSG00000152147	+	3	1	72	3486	147.0	147	NA	1544.0	1544.0	1207.7383822666231
ENST00000457308.6	ENSG00000163214	-	24	22	148	714	182.86363636363637	147.0	156.5601346370645	3187.8695652173915	2577	2490.069957110512
ENST00000644631.4	ENSG00000188010	+	5	3	135	297	98.33333333333333	107	43.65012409298894	1501.75	784.5	1722.429751833148
ENST00000402219.8	ENSG00000115904	-	23	21	716	4767	163.0	126	123.2018668689724	5936.227272727273	1742.0	11232.686596891355
ENST00000263881.8	ENSG00000011566	-	34	32	394	1440	78.15625	67.0	33.01330071643168	5566.212121212121	2438	10517.965317605325
ENST00000332839.9	ENSG00000183023	-	11	9	187	18360	285.44444444444446	100	585.6037719975665	33370.5	4826.0	76668.57951418053
ENST00000294964.6	ENSG00000162878	+	7	5	818	915	151.4	123	75.56983525190458	1334.5	653.5	1611.275364424095
ENST00000318522.10	ENSG00000143924	+	23	21	284	2815	116.52380952380952	126	36.83832114472516	7165.909090909091	1848.0	15926.436019306275
ENST00000234301.3	ENSG00000115944	-	3	1	128	2022	132.0	132	NA	4799.0	4799.0	4167.687368313511
ENST00000282388.4	ENSG00000152518	-	2	0	342	3351	NA	NA	NA	512.0	512	NA
ENST00000405975.7	ENSG00000115970	-	38	36	108	493	152.5	132.0	108.97142482582959	9705.324324324325	3566	14795.934441697253
ENST00000260665.12	ENSG00000138095	-	38	36	191	2433	110.52777777777777	108.5	40.82610237238714	2788.189189189189	1083	3294.775745511857
ENST00000282412.9	ENSG00000138032	+	6	4	400	1060	287.0	115.0	382.95169408164264	11998.0	8639	11892.051378967382
ENST00000409411.6	ENSG00000138078	-	14	12	115	3839	156.25	163.0	52.48398023986159	2927.6153846153848	1681	3948.093327554064
ENST00000263736.5	ENSG00000068784	-	21	19	49	920	142.0	118	69.52137960528562	10946.05	4434.0	16740.6534220552
ENST00000306156.8	ENSG00000171132	+	15	13	774	3256	132.23076923076923	143	48.92367158161416	37897.642857142855	7092.5	58324.93865024587
ENST00000263734.5	ENSG00000116016	+	16	14	531	2189	173.92857142857142	150.0	100.05265097453923	5609.066666666667	1140	12358.992142604202
ENST00000238738.9	ENSG00000119729	+	5	3	699	3761	106.66666666666667	96	53.79900866496829	9354.75	2418.0	15386.377446191376
ENST00000281382.11	ENSG00000151665	-	6	4	72	655	141.75	113.0	72.25591094621025	6962.2	1784	8189.818966253161
ENST00000238892.4	ENSG00000119878	+	5	3	84	6014	75.0	66	25.709920264364882	1659.75	1131.0	1685.6540520917492
ENST00000394861.3	ENSG00000171150	+	2	0	155	4611	NA	NA	NA	59069.0	59069	NA
ENST00000319466.9	ENSG00000180398	-	4	2	84	3721	157.5	157.5	3.5355339059327378	3271.0	2215	2894.281948946923
ENST00000319190.11	ENSG00000068724	+	20	18	502	2422	120.61111111111111	117.5	40.524703996290064	6831.8421052631575	4864	5730.197391046043
ENST00000272298.12	ENSG00000143933	-	6	4	71	721	104.5	121.5	51.51375220915932	3043.6	918	3608.3736364184906
ENST00000233146.7	ENSG00000095002	+	16	14	247	445	173.07142857142858	153.0	55.10893308252761	5130.2	2176	5499.6660963579025
ENST00000234420.11	ENSG00000116062	+	10	8	349	175	467.625	183.5	841.1007986986034	2171.5555555555557	1224	2482.2238573057384
ENST00000403359.8	ENSG00000138081	-	23	21	1010	1328	115.33333333333333	109	31.407536250609237	4309.954545454545	669.0	13872.565078419288
ENST00000340553.8	ENSG00000170802	+	7	5	133	4376	185.6	101	206.58847983370225	9862.833333333334	11439.5	6153.262855320473
ENST00000294952.13	ENSG00000162869	+	22	20	245	672	112.8	102.0	46.89922005860293	3402.285714285714	3315	2476.342790141485
ENST00000263634.8	ENSG00000115239	-	10	8	133	711	172.75	168.5	47.9575705330094	12749.777777777777	13855	8387.394437156538
ENST00000295304.5	ENSG00000143942	+	3	1	218	1055	36.0	36	NA	3042.0	3042.0	1192.1820330805192
ENST00000185150.9	ENSG00000068912	+	14	12	329	899	101.5	79.5	52.021848556858565	2254.3846153846152	1483	2248.794697108562
ENST00000404125.6	ENSG00000068878	-	47	45	451	1505	117.64444444444445	117	49.96596821635682	2166.8478260869565	1169.5	3617.043998549038
ENST00000394666.9	ENSG00000170634	+	4	2	142	613	63.5	63.5	65.76093065034893	62934.666666666664	19696	89586.29887618605
ENST00000356805.9	ENSG00000115306	+	36	34	192	3096	203.61764705882354	156.5	171.81420809521782	5854.542857142857	1193	16489.2176772703
ENST00000337526.11	ENSG00000115310	-	9	7	707	1010	425.7142857142857	70	872.5246346638231	9195.75	2832.0	13466.09806408035
ENST00000272317.11	ENSG00000143947	+	6	4	21	426	84.5	75.5	34.200389861325654	476.2	490	232.14801312955493
ENST00000263629.9	ENSG00000085760	-	16	14	63	226	160.5	161.5	47.059291570070656	2006.7333333333333	1387	1899.6775465726757
ENST00000436346.7	ENSG00000115355	-	33	31	840	3323	180.25806451612902	144	183.0983283633752	3820.75	2474.0	5578.094373413709
ENST00000349456.9	ENSG00000163001	+	10	8	199	173	101.5	102.5	33.29950664585202	2686.4444444444443	1751	2187.52063482331
ENST00000616407.2	ENSG00000275052	-	17	15	479	2715	154.13333333333333	117	137.34048756215162	4051.5625	3252.0	3292.616648781533
ENST00000355426.8	ENSG00000115380	-	12	10	72	1268	136.8	120.0	98.07797351540707	5009.818181818182	1557	10376.303646464687
ENST00000340157.9	ENSG00000028116	+	13	11	63	523	107.9090909090909	106	39.7528729665028	9274.416666666666	3839.0	12203.769838257009
ENST00000642384.2	ENSG00000119866	-	4	2	439	5231	216.0	216.0	161.22034611053283	30119.666666666668	6915	40719.339893143326
ENST00000238714.8	ENSG00000115421	+	22	20	228	5025	104.75	100.0	42.77834548115744	1831.952380952381	1105	1803.8930809831961
ENST00000394479.4	ENSG00000162924	+	10	8	277	9850	122.625	123.0	48.72059552767627	4325.666666666667	1434	5370.720226375603
ENST00000316752.11	ENSG00000162927	-	18	16	248	2211	97.875	86.5	53.61327571911022	4353.411764705882	2167	8088.404571196531
ENST00000295030.6	ENSG00000162928	+	4	2	132	3519	410.5	410.5	402.34375849514555	9933.0	13567	6333.283745419906
ENST00000398571.7	ENSG00000115464	-	80	78	438	1247	128.07692307692307	106.5	97.57950727360863	3442.4050632911394	1426	6468.159524060301
ENST00000401558.7	ENSG00000082898	-	25	23	795	1118	133.69565217391303	135	45.876746716916	2313.3333333333335	1261.5	4146.480064770146
ENST00000394440.8	ENSG00000115484	-	14	12	276	622	123.16666666666667	118.0	43.15265362815496	1399.6923076923076	1274	1156.0852321963828
ENST00000311832.6	ENSG00000173163	+	3	1	185	228	282.0	282	NA	114845.0	114845.0	28288.51388814902
ENST00000301998.5	ENSG00000170340	+	2	0	241	2520	NA	NA	NA	25856.0	25856	NA
ENST00000431489.6	ENSG00000115504	+	23	21	340	1078	175.57142857142858	125	183.19813629744476	15257.727272727272	6301.5	19326.802029409384
ENST00000272321.12	ENSG00000143951	-	18	16	281	2498	132.1875	94.0	136.76218714737394	27295.58823529412	21095	31088.337644643416
ENST00000337130.10	ENSG00000169764	+	10	8	309	441	175.0	160.0	69.36652136091506	5279.444444444444	1395	8391.263985704285
ENST00000272322.9	ENSG00000143952	-	23	21	491	1386	135.61904761904762	108	88.08091518057483	5570.636363636364	2823.0	7753.043608467915
ENST00000358912.5	ENSG00000197329	-	7	5	340	2617	151.8	140	40.659562220958556	8008.833333333333	3598.0	13667.9663508024
ENST00000238875.10	ENSG00000119862	+	5	3	420	3097	113.0	89	56.929781309961136	841.0	686.0	698.1666467732948
ENST00000409933.6	ENSG00000119844	+	10	8	285	1118	336.875	123.5	659.5425768775551	7175.555555555556	4148	8446.624238580629
ENST00000313349.3	ENSG00000179833	-	2	0	294	5255	NA	NA	NA	16744.0	16744	NA
ENST00000234256.4	ENSG00000115902	+	8	6	772	2954	139.5	151.0	74.76830879456884	4272.0	2462	3830.1456891350754
ENST00000377990.7	ENSG00000011523	+	7	5	113	3366	464.8	174	605.9613849083124	4131.0	2557.5	4503.711580463385
ENST00000409784.8	ENSG00000138069	-	6	4	214	1837	99.25	96.0	24.37724348649781	8161.0	6667	9899.035205513717
ENST00000260641.10	ENSG00000138071	+	9	7	127	2690	138.0	137	43.34358853010058	4955.0	3968.5	3203.3611365920906
ENST00000356388.9	ENSG00000198369	-	6	4	638	3319	140.5	159.5	51.66881715954669	23446.0	9945	35957.736246877386
ENST00000272369.14	ENSG00000143995	+	13	11	744	2624	108.9090909090909	96	53.494774596131435	11181.583333333334	1873.5	16249.738305352004
ENST00000272342.6	ENSG00000143971	+	6	4	339	2179	607.5	121.0	1002.5691996066905	1961.8	1497	1905.2274667346153
ENST00000263657.7	ENSG00000115946	+	7	5	254	1504	96.8	84	36.71103376370652	2684.8333333333335	907.5	4071.9885764410815
ENST00000234310.8	ENSG00000221823	-	6	4	408	2154	115.5	118.5	76.142410433783	14130.4	5457	16312.301211049285
ENST00000303795.9	ENSG00000169621	+	10	8	243	2343	154.625	140.5	93.64055516403441	12083.888888888889	11629	6855.5650285816055
ENST00000303714.9	ENSG00000169604	+	18	16	473	4103	80.125	79.5	29.31865162884087	13546.529411764706	11496	13727.785241607835
ENST00000357308.9	ENSG00000198380	-	20	18	163	6454	113.77777777777777	111.5	35.71711660115712	3093.842105263158	1927	3209.7429329942347
ENST00000410022.7	ENSG00000169599	-	8	6	75	165	109.66666666666667	109.5	42.92163401673644	5773.142857142857	5355	2066.632803101979
ENST00000394295.6	ENSG00000196975	+	13	11	42	1657	86.54545454545455	91	22.339935704310506	6860.666666666667	2500.5	11080.035767363777
ENST00000282570.4	ENSG00000087338	+	14	12	493	2476	99.33333333333333	94.0	25.927638231092786	3658.769230769231	3346	2248.7964986427055
ENST00000264444.7	ENSG00000059728	+	6	4	295	4849	101.25	107.5	53.90964663211956	4457.6	1769	5471.579187035494
ENST00000303577.7	ENSG00000169564	+	1	0	1727	1727	NA	NA	NA	NA	NA	NA
ENST00000264434.7	ENSG00000115998	-	10	8	47	680	224.625	109.5	253.19102754357516	4290.111111111111	3921	3300.472861744376
ENST00000433529.7	ENSG00000116001	-	13	11	224	3402	91.63636363636364	96	30.80348268385485	2879.25	1336.5	3710.6171533979236
ENST00000433351.7	ENSG00000116005	+	6	4	140	4452	186.75	191.0	27.83732506306356	3542.0	1083	5625.953608056149
ENST00000272348.7	ENSG00000143977	-	4	2	123	323	74.0	74.0	72.12489168102785	3928.3333333333335	4245	2627.3517719051883
ENST00000430566.6	ENSG00000035141	-	3	1	464	1502	141.0	141	NA	1992.5	1992.5	1936.7654736699537
ENST00000295400.11	ENSG00000163235	-	6	4	99	3583	108.75	115.5	40.21090233589227	20485.2	9127	21904.64257183851
ENST00000272438.9	ENSG00000144043	-	6	4	186	2774	101.25	91.5	38.04711990852045	1113.4	912	740.0204726897763
ENST00000244204.11	ENSG00000124357	+	10	8	65	1491	101.875	98.5	20.145453226827282	976.6666666666666	846	560.1941627685886
ENST00000244221.9	ENSG00000124374	-	4	2	176	5798	163.0	163.0	19.79898987322333	12688.666666666666	12430	11511.17988450069
ENST00000264447.9	ENSG00000075292	+	28	26	94	320	233.57692307692307	103.5	382.08335981321386	3584.925925925926	1736	4557.928239941459
ENST00000410020.8	ENSG00000135636	+	56	54	235	310	115.37037037037037	114.5	43.33863860444456	3878.0	1765	5129.20237824918
ENST00000001146.7	ENSG00000003137	-	6	4	232	3382	235.5	250.5	59.21992907797171	2813.8	1453	3458.3755146021954
ENST00000272427.11	ENSG00000144036	-	22	20	236	3478	109.8	108.0	46.37331355991629	30673.333333333332	11567	46191.09018883765
ENST00000234454.6	ENSG00000116096	+	3	1	329	812	291.0	291	NA	1659.5	1659.5	1530.8861812688754
ENST00000486777.7	ENSG00000135631	-	6	4	602	2343	835.0	568.5	812.4731790444941	6656.4	3468	9510.32519422969
ENST00000258083.3	ENSG00000135617	-	5	3	146	565	126.33333333333333	110	36.363901514184825	1035.0	520.0	1238.2336882295954
ENST00000258091.10	ENSG00000135624	+	12	10	77	366	140.4	143.5	46.42843956025229	1531.909090909091	867	1494.5019541335805
ENST00000272444.8	ENSG00000144048	-	9	7	230	647	99.0	76	46.554627410530664	2040.125	1777.0	1583.4597236521588
ENST00000394070.7	ENSG00000124356	+	10	8	550	4966	153.75	119.0	95.79106728410834	3495.777777777778	1609	4609.364321079908
ENST00000264093.9	ENSG00000114956	+	7	5	173	237	133.0	116	35.45419580247167	5165.333333333333	5035.0	4362.396665442823
ENST00000327428.10	ENSG00000163170	-	4	2	92	259	102.0	102.0	18.384776310850235	3986.0	2828	2280.3567703322215
ENST00000396049.5	ENSG00000114978	-	6	4	219	4118	139.75	149.0	33.944808144987356	4291.2	5478	2069.9395401798574
ENST00000394053.7	ENSG00000065911	+	8	6	128	3487	131.33333333333334	124.5	33.04945788763663	2078.285714285714	1220	2235.279603262622
ENST00000628224.3	ENSG00000204843	-	32	30	307	482	122.2	133.0	63.3149761659637	474.258064516129	244	565.6257283010816
ENST00000348227.4	ENSG00000005448	+	10	8	87	186	109.25	88.0	59.036913392022306	319.8888888888889	323	260.1323915069231
ENST00000272430.10	ENSG00000114993	-	12	10	232	740	124.9	112.5	53.21330243045958	1262.0	234	2629.2628244433836
ENST00000448666.7	ENSG00000115275	-	4	2	487	1956	212.0	212.0	21.213203435596427	486.3333333333333	177	539.2488602985948
ENST00000233630.11	ENSG00000115289	-	9	7	120	148	91.28571428571429	87	36.55914972440454	218.25	152.5	147.85683229781048
ENST00000258080.8	ENSG00000115317	+	8	6	580	500	117.5	101.0	68.7800843267875	228.85714285714286	153	212.80071159923986
ENST00000264094.8	ENSG00000115318	-	14	12	67	1422	183.33333333333334	166.0	60.07318768625383	1384.3076923076924	237	3367.645057123632
ENST00000357877.7	ENSG00000135622	+	14	12	275	4243	129.75	134.0	48.61747721662541	1809.2307692307693	264	3029.5273050936003
ENST00000290573.7	ENSG00000159399	+	18	16	517	2563	159.125	152.5	58.87373494748458	3153.3529411764707	1229	5246.1979678284215
ENST00000483063.2	ENSG00000115350	+	4	2	250	720	63.5	63.5	30.405591591021544	3463.0	679	5023.409300465173
ENST00000321027.8	ENSG00000005436	-	17	15	325	2079	130.86666666666667	124	45.20566757556381	2740.25	1718.5	2187.2857304583385
ENST00000233143.6	ENSG00000034510	+	3	1	63	283	115.0	115	NA	277.5	277.5	9.192388155425117
ENST00000409785.9	ENSG00000176407	+	7	5	307	6325	173.6	168	67.55960331440676	13468.666666666666	5229.0	21174.219746348783
ENST00000282111.4	ENSG00000152284	+	12	10	542	1359	108.4	105.5	31.90332619370937	15819.181818181818	921	44525.22285810186
ENST00000377386.8	ENSG00000152291	-	4	2	73	4715	631.0	631.0	773.574818618083	1304.3333333333333	1509	987.0447473814615
ENST00000295802.9	ENSG00000042445	-	11	9	193	1427	169.0	167	42.31134599608006	943.3	498.0	1089.405551461693
ENST00000409013.8	ENSG00000115459	+	14	12	61	989	109.5	93.5	62.23343153000644	2662.769230769231	984	3564.339306562675
ENST00000263867.9	ENSG00000042493	-	10	8	50	206	124.25	141.5	47.40328499768163	1596.0	537	2591.099091119442
ENST00000306434.8	ENSG00000168906	+	9	7	211	1612	142.0	134	46.50448007092076	412.125	186.5	550.5619045250822
ENST00000233838.9	ENSG00000115486	-	15	13	108	5407	157.0	159	44.62062303464621	658.4285714285714	417.5	612.7837759307569
ENST00000263864.10	ENSG00000118640	+	3	1	64	456	159.0	159	NA	1883.5	1883.5	741.7550134646883
ENST00000306384.5	ENSG00000168899	+	3	1	63	459	138.0	138	NA	4158.0	4158.0	4345.878277172521
ENST00000334462.10	ENSG00000168890	-	8	6	92	771	115.0	107.5	56.526100166206405	371.2857142857143	327	158.45894766543825
ENST00000306279.4	ENSG00000168874	+	3	1	967	4499	192.0	192	NA	15867.5	15867.5	9665.442592038919
ENST00000638572.2	ENSG00000115525	-	7	5	167	3273	185.2	159	93.55586566324958	7917.5	3036.0	9587.248254843515
ENST00000410111.8	ENSG00000132305	-	15	13	125	946	124.46153846153847	130	50.5859258829558	3488.4285714285716	2304.0	3424.7128507204966
ENST00000337109.9	ENSG00000132313	+	4	2	77	3311	167.5	167.5	31.81980515339464	3537.0	3152	2861.987945467276
ENST00000538924.7	ENSG00000068615	-	9	7	148	3118	107.28571428571429	114	49.00242948301742	14952.125	8195.5	17470.41224010715
ENST00000312912.10	ENSG00000115548	+	26	24	74	678	163.125	146.5	86.73262888350311	1867.16	1221	2059.8095923329097
ENST00000263856.9	ENSG00000115561	-	6	4	140	2520	119.5	118.5	48.67922212470806	11375.2	12854	8943.736674343672
ENST00000237455.5	ENSG00000239305	-	4	2	1205	2021	128.0	128.0	16.97056274847714	5662.0	6740	3077.041923666299
ENST00000283632.5	ENSG00000153561	+	9	7	519	4694	138.57142857142858	143	27.5067091383002	6446.0	2816.5	7012.133035980259
ENST00000347055.4	ENSG00000172086	-	4	2	158	1381	134.0	134.0	35.35533905932738	8924.0	5548	8481.832113405688
ENST00000303236.9	ENSG00000172071	-	17	15	498	1196	189.46666666666667	141	169.66726541198497	4136.75	2258.5	4938.376028615075
ENST00000283646.5	ENSG00000153574	+	9	7	311	949	79.0	65	31.411250638372657	7180.5	3339.0	9692.69937338702
ENST00000295208.7	ENSG00000144026	-	5	3	609	5268	104.0	96	20.223748416156685	2165.0	2103.0	1543.5873800987101
ENST00000614034.5	ENSG00000275111	+	5	3	52	3215	104.33333333333333	114	28.74601421646718	3732.25	1886.0	4457.585248764178
ENST00000233379.9	ENSG00000115042	+	8	6	165	3722	148.0	136.0	75.44534445544006	1304.857142857143	1137	1290.8652690568226
ENST00000288943.5	ENSG00000158050	-	4	2	474	869	171.0	171.0	69.29646455628166	195.66666666666666	116	166.47021755657477
ENST00000337288.10	ENSG00000084090	-	8	6	683	2056	106.33333333333333	92.5	54.36052489322253	2941.714285714286	609	4598.700784434872
ENST00000258439.8	ENSG00000135956	-	4	2	129	5602	270.0	270.0	148.49242404917499	3737.6666666666665	717	5547.520557270007
ENST00000488633.2	ENSG00000144021	+	7	5	265	3063	128.0	112	48.202697019980114	663.5	570.5	602.8139845756732
ENST00000323853.10	ENSG00000144028	-	45	43	154	818	144.69767441860466	153	39.925844883997094	545.7954545454545	301.0	547.5107551049591
ENST00000240423.9	ENSG00000121152	+	18	16	83	3800	134.1875	120.0	49.86811773735466	2076.235294117647	1198	2215.1041885600935
ENST00000357485.8	ENSG00000196843	+	7	5	79	1536	113.2	116	40.98414327517412	2283.6666666666665	373.5	4102.535589932971
ENST00000264963.9	ENSG00000114988	-	8	6	211	1470	119.5	118.5	25.145576151681233	4534.0	1786	7619.226163681804
ENST00000377075.3	ENSG00000158158	+	7	5	1500	2555	145.6	144	33.155693327089395	7698.333333333333	993.0	13595.889903447536
ENST00000393537.5	ENSG00000213337	-	4	2	129	455	154.0	154.0	70.71067811865476	3045.0	3446	2139.867519263751
ENST00000305476.10	ENSG00000168758	-	15	13	205	1738	131.46153846153845	145	44.088198316207375	479.35714285714283	125.5	675.4096884504598
ENST00000289228.7	ENSG00000115073	-	11	9	202	1022	108.88888888888889	93	57.7482563469332	590.2	301.5	607.3612873186217
ENST00000186436.10	ENSG00000075568	-	41	39	473	1048	132.82051282051282	123	85.511117096542	5822.8	1287.0	12114.564113135975
ENST00000409851.8	ENSG00000040933	+	25	23	228	6917	128.30434782608697	119	53.98858025933792	5809.958333333333	1807.5	14827.42538112976
ENST00000328709.8	ENSG00000183513	-	3	1	206	1480	84.0	84	NA	3714.5	3714.5	566.3925317304246
ENST00000357765.7	ENSG00000115446	+	6	4	138	348	161.75	130.5	82.9633453198861	1758.8	1029	2062.527624057433
ENST00000393487.6	ENSG00000071073	-	16	14	85	6487	129.71428571428572	114.5	69.5628421715862	6909.266666666666	3212	11880.857162840126
ENST00000289359.6	ENSG00000158411	-	7	5	228	208	100.6	102	28.79756934187328	1809.5	808.0	2579.724617086095
ENST00000289371.11	ENSG00000158417	+	24	22	201	2020	160.0	132.0	125.4094247236778	2530.304347826087	1168	4700.612121017109
ENST00000258428.8	ENSG00000135945	-	23	21	201	876	174.0	153	130.52241186861357	3855.0	2398.5	5528.465876930141
ENST00000672756.2	ENSG00000144218	-	25	23	107	6177	164.6086956521739	94	221.3910031699233	24462.583333333332	6530.5	40519.70511922903
ENST00000264249.8	ENSG00000115526	-	7	5	295	1923	127.2	106	64.20825492099905	3825.8333333333335	3106.5	2444.6715457636974
ENST00000264258.8	ENSG00000071082	+	5	3	27	918	115.33333333333333	113	9.71253485622231	922.0	867.5	695.5501419739629
ENST00000289382.8	ENSG00000158435	+	7	5	593	1101	164.2	165	43.74014174645528	2486.0	2156.5	1701.5844381046743
ENST00000410023.6	ENSG00000115594	+	12	10	275	3522	138.6	148.0	56.32090592705735	2904.181818181818	1748	3310.1489941747886
ENST00000258436.10	ENSG00000135953	-	6	4	243	4578	118.0	109.0	70.67295569499458	3393.2	4050	1335.9886601315147
ENST00000393359.7	ENSG00000135966	-	12	10	111	3146	242.3	157.5	198.74609709654956	5422.0	2710	6303.997430202522
ENST00000258457.7	ENSG00000135974	+	4	2	147	3897	271.5	271.5	147.78531726798843	2361.6666666666665	2091	645.0940499906454
ENST00000530340.6	ENSG00000115641	-	7	5	210	609	152.6	175	57.14280357140346	6107.333333333333	4958.5	4392.011915587965
ENST00000233154.9	ENSG00000071051	+	5	3	227	1291	382.6666666666667	242	295.298718814243	36673.75	32236.0	25672.35444825166
ENST00000283148.12	ENSG00000115652	-	15	13	154	847	80.92307692307692	61	42.73262129892014	7067.0	3834.5	7527.1458581078905
ENST00000309863.11	ENSG00000135968	+	23	21	75	1856	237.04761904761904	120	512.8011774743186	2422.7727272727275	1305.0	3650.1922967194896
ENST00000544547.6	ENSG00000169756	+	10	8	125	3362	108.375	107.0	42.92164788475458	16491.444444444445	2667	40820.34557090101
ENST00000283195.11	ENSG00000153201	+	29	27	197	2214	344.3333333333333	161	962.6708839313833	1950.7142857142858	1022.0	2181.801495827649
ENST00000295124.9	ENSG00000163006	+	15	13	145	491	133.76923076923077	128	40.532196762067734	6245.214285714285	3359.5	6529.761665795155
ENST00000445609.7	ENSG00000144061	-	20	18	114	716	94.0	91.5	34.75629439396553	4165.473684210527	2155	5335.7297675244745
ENST00000302759.11	ENSG00000169679	-	25	23	94	632	132.0	129	57.604450585633806	1532.25	1176.5	1602.9045172137821
ENST00000393256.8	ENSG00000153094	+	4	2	275	4312	255.5	255.5	214.2533546995239	14144.333333333334	13985	11680.815054324477
ENST00000341068.8	ENSG00000153107	-	48	46	252	1767	124.84782608695652	96.0	62.04656580748378	2314.723404255319	1785	1745.56975502491
ENST00000295408.9	ENSG00000153208	+	19	17	190	1211	142.64705882352942	119	78.92555129398099	7062.722222222223	4061.0	7625.865735273491
ENST00000283206.9	ENSG00000153214	+	19	17	488	3231	84.88235294117646	74	35.9041821257308	3271.3333333333335	3337.0	1975.4114984567884
ENST00000409573.7	ENSG00000144161	-	9	7	135	4940	116.71428571428571	112	51.246834977763214	4702.75	1972.0	5345.136207004324
ENST00000409871.6	ENSG00000188177	+	12	10	430	9055	205.4	157.5	124.9143706704717	4811.272727272727	3199	6670.487149990008
ENST00000263331.10	ENSG00000125630	+	15	13	207	4972	180.6153846153846	171	46.7663313035109	2130.5	1338.5	1737.3934831766278
ENST00000272542.8	ENSG00000144136	+	11	9	191	962	238.22222222222223	141	202.34239408597608	1459.0	596.5	1769.8812891767
ENST00000259199.9	ENSG00000136682	+	15	13	332	568	71.3076923076923	66	26.07164684539067	4049.0714285714284	2481.5	3842.9709953925712
ENST00000245680.7	ENSG00000115084	-	16	14	273	8487	111.0	94.5	39.1761308805404	2641.3333333333335	2482	1770.6768950507787
ENST00000263238.7	ENSG00000115091	+	12	10	235	5237	111.7	109.5	32.97490628408888	5992.636363636364	3777	6370.66687675203
ENST00000263239.7	ENSG00000088205	+	14	12	172	1796	148.75	142.0	56.846084057983035	1071.8461538461538	669	969.4629824593482
ENST00000376300.7	ENSG00000125633	-	24	22	117	4916	81.81818181818181	84.0	24.96976526700196	3989.4347826086955	2713	3794.0987650211714
ENST00000245787.9	ENSG00000125629	+	6	4	71	2717	193.5	146.0	128.6714161472288	3793.0	3415	3313.185853525274
ENST00000393110.7	ENSG00000115107	+	6	4	55	2596	402.0	457.5	165.1443812748913	7512.0	6731	4589.462114453066
ENST00000355857.8	ENSG00000155368	+	4	2	84	299	90.5	90.5	38.890872965260115	1667.6666666666667	1442	682.0970116730708
ENST00000306406.5	ENSG00000171227	+	2	0	71	1616	NA	NA	NA	4964.0	4964	NA
ENST00000263708.7	ENSG00000088179	+	27	25	463	7916	108.44	108	43.009766332776096	8226.461538461539	3450.0	13377.032140892146
ENST00000263713.10	ENSG00000115109	+	25	23	134	4279	93.17391304347827	89	43.70214491710597	6645.291666666667	3099.5	8728.86157465524
ENST00000426077.3	ENSG00000226479	-	1	0	5922	5922	NA	NA	NA	NA	NA	NA
ENST00000272519.10	ENSG00000144118	+	5	3	129	1570	182.66666666666666	178	24.33789911502908	9903.0	5296.0	10630.002445907527
ENST00000361492.9	ENSG00000074047	+	14	12	418	4446	189.33333333333334	182.0	64.9031913115545	19203.846153846152	3324	37197.050144794535
ENST00000696935.1	ENSG00000074054	-	41	39	91	3172	125.07692307692308	107	79.49458260766963	7588.65	2839.0	13955.842082559308
ENST00000285814.9	ENSG00000155438	-	7	5	130	968	117.6	109	61.40276866721891	1374.1666666666667	993.0	1261.9292241115056
ENST00000389682.8	ENSG00000211460	+	6	4	195	2720	96.75	95.5	14.818344486930156	1780.2	1480	536.2501282051129
ENST00000259254.9	ENSG00000136732	+	4	2	155	722	70.5	70.5	19.091883092036785	13164.0	3552	18011.043612184163
ENST00000316724.10	ENSG00000136717	-	19	17	295	602	93.52941176470588	95	27.253709947131107	3146.4444444444443	1035.0	6919.204699472521
ENST00000682094.1	ENSG00000169967	-	17	15	524	9137	113.26666666666667	114	43.748414937272976	4871.75	1708.5	10653.261050025949
ENST00000355119.9	ENSG00000072163	-	10	8	517	1003	108.375	107.0	42.92164788475458	3857.5555555555557	723	6207.080273991773
ENST00000322313.9	ENSG00000136709	-	22	20	160	5526	190.2	119.0	226.73439132722305	4793.0952380952385	1435	11153.505094385182
ENST00000272647.10	ENSG00000144233	-	8	6	147	3576	161.5	110.5	139.18872080739877	2805.0	1694	3226.969786037669
ENST00000643581.2	ENSG00000136715	-	21	19	120	943	159.0	125	74.42445834535849	4137.7	2777.0	5191.004487522014
ENST00000259253.11	ENSG00000136731	+	41	39	216	5961	117.53846153846153	113	38.40767888809281	2342.925	1740.0	1731.617272622953
ENST00000259241.7	ENSG00000136720	-	2	0	832	3391	NA	NA	NA	49166.0	49166	NA
ENST00000259239.8	ENSG00000136718	+	9	7	39	1612	108.57142857142857	109	28.100160989201605	332.5	86.0	488.1653701067176
ENST00000175756.10	ENSG00000072135	+	15	13	145	2249	94.0	78	47.08679928245991	1123.857142857143	245.5	2499.2136565525766
ENST00000389915.4	ENSG00000152102	-	7	5	247	4577	122.2	125	40.959736327276325	6691.666666666667	6406.0	6668.298633584632
ENST00000693505.1	ENSG00000115762	+	8	6	63	3209	90.0	96.5	42.48293775152561	5814.0	4774	4832.487213295723
ENST00000281923.4	ENSG00000152127	+	16	14	573	5973	127.57142857142857	134.5	35.36994440245796	12814.533333333333	9731	13591.392569599055
ENST00000264157.10	ENSG00000082258	+	9	7	191	6113	88.0	71	42.62237284181474	4200.125	2729.0	5352.004122289145
ENST00000264159.11	ENSG00000121988	-	21	19	92	3472	165.68421052631578	143	98.16825274982344	16376.9	4048.0	26500.393178612514
ENST00000683871.1	ENSG00000048991	+	27	25	150	1333	131.92	115	67.83553640976092	7269.423076923077	3011.0	14368.132040521
ENST00000272638.14	ENSG00000144224	+	13	11	157	2308	118.72727272727273	119	50.88239559826347	3285.9166666666665	2479.5	2487.28024002609
ENST00000264156.3	ENSG00000076003	-	17	15	185	1326	149.46666666666667	146	32.34162878367372	2066.5625	1771.0	1081.4374981939548
ENST00000264161.9	ENSG00000115866	-	16	14	224	1527	96.28571428571429	98.0	32.83859964087425	5109.8	2183	5783.088067805988
ENST00000241393.4	ENSG00000121966	-	2	0	104	1564	NA	NA	NA	2133.0	2133	NA
ENST00000280098.9	ENSG00000144228	+	11	9	350	4612	121.55555555555556	128	41.45512969196668	6572.2	1483.0	14720.267538329594
ENST00000682281.1	ENSG00000121964	-	12	10	74	9068	144.3	127.5	88.87825630852826	34896.36363636364	13313	44836.565836987844
ENST00000627532.3	ENSG00000169554	-	10	8	181	5948	392.0	185.0	640.3222403044981	14086.0	2608	28062.59936730737
ENST00000241416.12	ENSG00000121989	+	11	9	179	3743	143.55555555555554	144	28.306850368378637	8058.0	2288.0	15732.268297285607
ENST00000392857.10	ENSG00000115947	-	14	12	105	5303	94.91666666666667	86.5	35.4438309373458	6445.7692307692305	2822	12010.172175797801
ENST00000258484.11	ENSG00000135999	+	14	12	420	1265	183.16666666666666	154.5	78.39043695541316	10687.384615384615	2152	17501.650562820552
ENST00000435030.6	ENSG00000168280	+	26	24	517	3682	114.79166666666667	105.0	47.159285283025625	5783.16	2815	9146.55438166016
ENST00000303319.10	ENSG00000168288	-	8	6	112	532	124.66666666666667	118.5	54.7454716544361	2392.4285714285716	2478	1810.999434671627
ENST00000263895.9	ENSG00000115963	-	6	4	119	2044	130.25	122.5	43.02228104908742	3357.8	1388	4811.1520138112455
ENST00000243346.10	ENSG00000123609	-	8	6	76	406	124.5	107.0	40.54503668761443	2567.1428571428573	2957	2264.7203969122716
ENST00000295087.13	ENSG00000162980	-	6	4	291	4528	111.25	116.0	45.74840616531539	4872.2	3496	4831.931208119586
ENST00000263904.5	ENSG00000115145	-	14	12	161	4002	109.08333333333333	91.5	43.47299754044475	4114.692307692308	2024	6787.721799747632
ENST00000288670.14	ENSG00000157827	+	26	24	547	2031	127.16666666666667	105.5	60.51278461159489	12360.92	2283	36787.27300521201
ENST00000325926.4	ENSG00000177519	-	1	0	1425	1425	NA	NA	NA	NA	NA	NA
ENST00000339562.9	ENSG00000153234	-	8	6	242	1564	277.6666666666667	171.5	289.7534584205453	687.5714285714286	479	513.4471271523022
ENST00000438166.7	ENSG00000115159	+	17	15	135	3611	137.73333333333332	135	33.65256659001269	9013.3125	2151.5	12699.903630703922
ENST00000434821.7	ENSG00000115170	-	11	9	535	1220	175.22222222222223	175	69.43122096322695	13655.3	4507.0	17300.42808751018
ENST00000389759.8	ENSG00000144283	+	22	20	267	1001	166.75	144.0	102.61469834185293	10470.238095238095	3018	18405.167879986213
ENST00000263635.8	ENSG00000115183	+	27	25	143	3082	171.04	134	106.84587029923057	9866.115384615385	2147.5	15524.123221172713
ENST00000359774.9	ENSG00000196151	-	11	9	121	393	144.11111111111111	107	116.96628194104107	4909.5	3619.5	4254.2317820677745
ENST00000392783.7	ENSG00000123636	-	37	35	307	1440	182.8	147	138.0216947993833	8039.583333333333	1653.0	16136.06258641981
ENST00000409175.6	ENSG00000136536	+	12	10	101	3744	219.8	140.5	313.3332624113395	4770.818181818182	2609	4594.639829587991
ENST00000348849.8	ENSG00000153250	-	14	12	519	2614	96.08333333333333	88.5	39.31332953068054	16720.846153846152	2655	35297.248438195464
ENST00000392749.7	ENSG00000136560	+	8	6	59	889	191.66666666666666	117.5	192.0808857400097	10529.285714285714	6224	9771.934552828416
ENST00000409682.8	ENSG00000115233	+	12	10	180	416	97.1	91.5	34.430122470495704	9247.818181818182	3899	13897.17378331423
ENST00000360534.8	ENSG00000197635	-	26	24	240	1140	91.375	84.5	36.918020225782755	3135.92	1573	5400.250155625509
ENST00000649979.2	ENSG00000115267	-	16	14	830	306	174.64285714285714	165.5	57.57350772020749	3202.0	1667	3466.310883757708
ENST00000437150.7	ENSG00000115271	+	8	6	144	2907	100.0	92.0	49.88386512691253	2191.5714285714284	2138	1818.3437387856434
ENST00000333129.4	ENSG00000182263	-	3	1	171	9196	170.0	170	NA	61930.5	61930.5	86501.07964933154
ENST00000263915.8	ENSG00000115290	-	14	12	364	766	107.08333333333333	103.5	26.94255955085773	9742.384615384615	2483	19593.038578954776
ENST00000652658.2	ENSG00000082438	-	14	12	114	5845	279.1666666666667	183.0	410.2499976917253	11717.461538461539	3568	26224.68763593885
ENST00000243344.8	ENSG00000123607	-	29	27	92	1471	142.66666666666666	130	48.863231418065105	2678.5714285714284	1922.5	2138.519952514259
ENST00000355999.5	ENSG00000198648	-	18	16	368	1549	84.6875	70.0	33.91109700378329	17076.58823529412	8329	21828.17605486892
ENST00000305747.11	ENSG00000172292	+	10	8	347	5625	104.0	106.5	36.296398876866164	34673.22222222222	19949	33151.26285595233
ENST00000282074.7	ENSG00000152253	-	7	5	113	665	112.8	105	34.57166469813104	3033.0	1545.0	4395.077564730797
ENST00000260970.8	ENSG00000138398	+	14	12	140	4994	101.91666666666667	88.0	54.091603000387366	3899.923076923077	1226	6297.49645310921
ENST00000359744.8	ENSG00000144362	+	4	2	154	763	102.0	102.0	97.58073580374356	2039.6666666666667	2113	1412.4285232652778
ENST00000392647.7	ENSG00000213160	+	4	2	256	2457	684.0	684.0	750.9474016201135	4655.333333333333	5157	3506.518548836343
ENST00000260956.9	ENSG00000138385	+	12	10	106	397	114.7	106.0	46.10868802201068	1049.4545454545455	434	1295.379509150609
ENST00000272793.11	ENSG00000144357	+	39	37	599	2406	135.24324324324326	131	69.15096424386182	6543.921052631579	3996.0	8480.219379434036
ENST00000234160.5	ENSG00000115806	+	10	8	151	1341	119.375	116.0	40.00334807416571	3936.777777777778	1653	5811.696885974392
ENST00000431350.7	ENSG00000198586	-	21	19	604	3134	104.47368421052632	96	34.729699779635666	8217.4	3139.5	12087.392746598678
ENST00000375258.9	ENSG00000123600	-	10	8	108	8617	130.625	99.5	103.94220578214195	12052.777777777777	4410	15478.265025332925
ENST00000375255.8	ENSG00000115827	+	14	12	478	4079	108.0	104.5	24.720253014297995	3459.5384615384614	2884	3151.682767860809
ENST00000397119.8	ENSG00000077380	+	18	16	159	2383	113.25	117.5	35.65482669522692	3431.529411764706	1612	4662.03295405619
ENST00000422440.7	ENSG00000115840	-	18	16	42	2071	113.9375	127.5	36.37117677502338	6288.470588235294	3062	6791.034035013069
ENST00000264108.5	ENSG00000128708	+	11	9	47	502	120.55555555555556	117	29.979622709063197	5959.2	3425.0	6630.00076755484
ENST00000684293.1	ENSG00000091409	+	26	24	385	2369	127.58333333333333	117.5	48.25017834314115	2922.32	1256	7401.428199566171
ENST00000375213.8	ENSG00000091436	+	20	18	157	1966	96.44444444444444	90.5	43.83689316790572	9911.105263157895	5683	17459.268289665702
ENST00000306721.8	ENSG00000144354	+	10	8	113	1364	162.625	145.5	55.93092040314424	1260.888888888889	690	1412.3063977448771
ENST00000310015.12	ENSG00000172845	-	7	5	209	9483	404.4	193	535.0913940627339	8814.166666666666	4069.0	13636.154376020633
ENST00000284719.8	ENSG00000138430	-	11	9	81	3081	121.0	123	29.816103031751148	17183.5	4793.5	25794.91430603241
ENST00000342016.8	ENSG00000138433	-	10	8	162	1151	75.625	80.0	34.35918467351301	5085.888888888889	1161	8713.787859542548
ENST00000272732.11	ENSG00000144306	+	8	6	88	1863	183.5	178.5	19.3778223750761	4399.142857142857	2457	6301.503905909325
ENST00000392552.7	ENSG00000163328	-	16	14	157	4846	167.35714285714286	127.5	125.31229121546828	3207.5333333333333	2409	2385.5707573021677
ENST00000679041.1	ENSG00000115935	-	8	6	204	3029	249.0	153.5	259.5958397201311	4786.285714285715	4083	3563.430122521731
ENST00000409900.9	ENSG00000128656	-	13	11	488	1479	108.0909090909091	85	73.23039607356299	16951.416666666668	9585.5	16797.249290276577
ENST00000264110.7	ENSG00000115966	-	14	12	154	2577	119.41666666666667	110.5	41.37732873607639	7060.076923076923	5824	5663.545642403683
ENST00000284727.9	ENSG00000154518	-	5	3	55	2145	129.0	112	58.38664230798	716.5	750.5	412.4451478681741
ENST00000272748.9	ENSG00000144320	-	13	11	108	6318	101.45454545454545	84	61.33084645814639	5903.666666666667	6343.5	5175.590354264093
ENST00000249442.11	ENSG00000128654	+	10	8	228	533	72.5	75.0	28.52567765565414	7471.444444444444	1391	10894.111369348937
ENST00000392524.7	ENSG00000170144	+	11	9	78	4552	120.0	123	43.54595273960601	545.6	90.5	835.4655654849643
ENST00000397062.8	ENSG00000116044	-	5	3	196	1701	183.0	192	88.84255736976509	7993.5	665.5	14844.930683570065
ENST00000264167.11	ENSG00000018510	+	20	18	277	5761	88.61111111111111	85.5	23.273663198835084	7548.894736842105	5775	6886.614011534235
ENST00000408939.4	ENSG00000196659	-	1	0	3799	3799	NA	NA	NA	NA	NA	NA
ENST00000286070.10	ENSG00000155636	+	10	8	410	260	141.625	128.5	37.31693411078369	1713.0	1693	1172.6006353400974
ENST00000190611.9	ENSG00000079156	+	25	23	163	7443	132.43478260869566	127	51.315269822890414	8238.75	1894.0	18363.205955885285
ENST00000325748.9	ENSG00000180228	-	8	6	210	841	119.83333333333333	106.5	43.07861031494246	2570.285714285714	2655	1671.665308834847
ENST00000428443.8	ENSG00000187231	-	18	16	334	8351	124.125	114.5	44.20086726147652	8969.64705882353	2839	17157.844408393703
ENST00000410053.8	ENSG00000163510	-	20	18	431	840	125.16666666666667	119.5	56.923323039702744	3099.8947368421054	2116	3127.2997918818232
ENST00000410062.9	ENSG00000170035	+	6	4	369	635	137.75	140.5	68.93172951067841	16253.2	1978	32063.62513347485
ENST00000431877.7	ENSG00000138434	+	18	16	548	1178	223.875	94.0	317.7415878771091	1982.4117647058824	1282	2041.5078085456694
ENST00000354221.5	ENSG00000162999	+	4	2	413	4578	100.0	100.0	74.95331880577403	5357.0	4348	2532.0570688671296
ENST00000337859.11	ENSG00000065548	+	10	8	198	819	126.875	118.0	31.44354351168819	2341.1111111111113	1236	2751.641257706228
ENST00000261023.8	ENSG00000138448	+	30	28	468	3705	102.35714285714286	107.0	44.385695298034335	2889.896551724138	1538	4100.731592784282
ENST00000304698.10	ENSG00000144369	+	8	6	352	4481	149.66666666666666	141.5	50.182334209028845	9452.714285714286	3516	16160.891618495618
ENST00000409830.6	ENSG00000144366	+	12	10	293	1987	101.4	97.0	27.98888668342808	27341.727272727272	11985	34269.54332958322
ENST00000304636.9	ENSG00000168542	+	51	49	196	1119	85.20408163265306	54	53.51829110680943	657.68	424.5	1411.1782519495935
ENST00000374866.9	ENSG00000204262	-	54	52	254	2319	81.84615384615384	54.0	54.22262917204226	2661.0377358490564	1001	9383.996257873263
ENST00000261024.7	ENSG00000138449	-	8	6	369	1602	226.5	143.5	211.97900839469932	2409.5714285714284	1392	2092.4898133677066
ENST00000392349.9	ENSG00000128699	-	5	3	71	1636	147.66666666666666	152	35.697805721547276	2980.75	2403.5	2846.502693364848
ENST00000392329.7	ENSG00000151689	+	7	5	373	822	169.8	175	76.07036216556354	4338.833333333333	3163.5	3499.3808261843506
ENST00000392328.6	ENSG00000151690	+	8	6	149	2300	391.1666666666667	142.0	588.837979979779	12737.714285714286	7572	11450.845554139742
ENST00000409150.8	ENSG00000189362	-	9	7	164	4975	147.57142857142858	116	64.0751047413818	3026.625	1363.0	3150.223073167087
ENST00000337386.10	ENSG00000138386	+	10	8	278	2522	213.5	135.5	255.42737295979626	4352.888888888889	2927	3776.6980434118786
ENST00000320717.8	ENSG00000115419	+	18	16	650	2723	91.6875	78.5	41.948728625946856	4699.529411764706	2713	5899.046311880073
ENST00000361099.8	ENSG00000115415	-	25	23	154	1569	104.04347826086956	95	40.6319156473081	1704.4583333333333	1263.0	1475.0200287267044
ENST00000392318.8	ENSG00000128641	+	31	29	223	1550	113.65517241379311	105	43.69396481868354	5830.466666666666	2691.0	8393.070104241513
ENST00000425611.9	ENSG00000173559	+	6	4	570	1345	88.5	74.0	33.8673884437522	1307.8	1302	1032.931604705752
ENST00000359634.10	ENSG00000196950	+	10	8	56	2818	293.5	190.0	304.9477707036778	8361.444444444445	4588	8557.772200040019
ENST00000263955.9	ENSG00000081320	-	8	6	246	4147	146.66666666666666	155.5	56.23759122390171	4674.714285714285	2262	3576.582620057202
ENST00000644978.2	ENSG00000138411	-	29	27	47	7317	171.92592592592592	114	240.8855339281304	13838.464285714286	3612.0	33103.89910063985
ENST00000263956.8	ENSG00000119041	-	18	16	174	1651	152.25	150.5	44.8471478097177	1905.1764705882354	1601	1297.7200793745023
ENST00000354764.9	ENSG00000197121	-	27	25	238	8369	99.32	84	49.153433247332785	3177.4615384615386	1447.5	3713.8004171551192
ENST00000282272.15	ENSG00000065413	-	28	26	203	2988	111.38461538461539	88.0	47.76281141061688	11778.962962962964	2875	25362.972959507908
ENST00000335508.11	ENSG00000115524	-	25	23	57	2678	162.08695652173913	147	56.90335750078074	1615.9166666666667	529.5	2474.721642962078
ENST00000263960.7	ENSG00000115520	+	5	3	113	1554	148.33333333333334	150	45.52288801617636	4911.75	4926.0	2273.723433049851
ENST00000388968.8	ENSG00000144381	-	12	10	59	615	157.1	172.0	62.240483431427315	1001.0909090909091	664	795.5479186756074
ENST00000233893.10	ENSG00000115541	+	4	2	61	241	127.5	127.5	53.033008588991066	838.0	634	877.9589967646552
ENST00000323303.9	ENSG00000115540	+	8	6	81	3185	81.0	83.5	25.163465580082566	4840.285714285715	4480	4437.0315795693
ENST00000282276.8	ENSG00000247626	+	1	0	3027	3027	NA	NA	NA	NA	NA	NA
ENST00000417098.6	ENSG00000119042	-	11	9	601	3168	199.88888888888889	177	110.9419267504901	18286.7	17138.0	15856.437697527006
ENST00000354611.9	ENSG00000162971	-	8	6	99	4411	102.16666666666667	102.5	41.94957290207692	3065.1428571428573	2607	2210.42857296735
ENST00000392290.6	ENSG00000162972	+	5	3	667	385	115.66666666666667	127	39.24708057083142	1784.25	1852.0	1067.0802453424017
ENST00000409140.8	ENSG00000196141	+	13	11	230	4629	123.0	109	71.81086268803627	14113.333333333334	6022.5	16726.576514002736
ENST00000359878.8	ENSG00000155729	-	7	5	441	1659	167.8	194	64.52673864375915	3028.6666666666665	2545.5	1716.4440761838607
ENST00000409600.6	ENSG00000082153	+	12	10	81	5192	123.8	129.5	37.7382800055564	810.7272727272727	732	550.2626810731564
ENST00000321356.9	ENSG00000013441	-	13	11	95	441	119.18181818181819	95	48.94653855344254	816.9166666666666	537.5	788.4767199345761
ENST00000392283.9	ENSG00000240344	-	7	5	122	615	85.8	75	21.016660058153864	2834.1666666666665	2551.0	1817.143188267415
ENST00000234296.7	ENSG00000115942	-	18	16	171	2411	106.625	101.5	44.255131529198586	2964.470588235294	2013	2319.243953254138
ENST00000681958.1	ENSG00000155744	-	13	11	62	8154	117.0	102	35.888716889852724	7370.916666666667	4967.0	8259.129664232549
ENST00000673742.1	ENSG00000064012	+	9	7	78	1251	190.0	139	166.25081453434547	3064.375	1909.5	2741.210990863084
ENST00000332624.8	ENSG00000115993	-	16	14	109	4012	162.0	134.5	81.54281555864237	4524.2	1751	7892.379518063159
ENST00000194530.8	ENSG00000082146	+	12	10	199	815	120.8	108.0	54.4748667837849	2444.090909090909	1570	3112.3725501470885
ENST00000264276.11	ENSG00000003393	-	34	32	57	1623	156.09375	130.5	154.8950444603929	2242.181818181818	1482	2339.30549862755
ENST00000286201.3	ENSG00000155760	+	1	0	4587	4587	NA	NA	NA	NA	NA	NA
ENST00000392246.7	ENSG00000116030	-	5	3	158	1140	75.0	75	3.0	7723.25	4573.5	7143.341999139245
ENST00000264279.10	ENSG00000055044	+	15	13	224	276	114.92307692307692	134	36.83400045804949	2564.6428571428573	2440.0	2201.1734495366454
ENST00000392238.3	ENSG00000138439	+	8	6	820	4312	141.66666666666666	132.5	46.44423179111338	18401.0	6092	22250.434639949544
ENST00000261015.5	ENSG00000138442	-	13	11	238	6677	104.81818181818181	106	31.259616702122827	2445.4166666666665	1605.5	2492.1313061252804
ENST00000356079.9	ENSG00000119004	+	13	11	117	9269	106.0	112	42.06899095533431	4704.75	4596.0	3743.4438477034873
ENST00000406610.7	ENSG00000116117	+	23	21	645	4707	149.52380952380952	129	75.69585130482321	48463.454545454544	36115.0	63466.027395035206
ENST00000357785.10	ENSG00000118257	+	17	15	863	3378	160.2	156	80.40984303642718	6811.6875	2766.0	7334.831738299568
ENST00000392222.7	ENSG00000114942	+	6	4	165	200	110.75	124.5	29.216148502725908	445.2	528	206.5616130843289
ENST00000621141.5	ENSG00000183671	-	2	0	65	1960	NA	NA	NA	36031.0	36031	NA
ENST00000264377.8	ENSG00000114948	+	26	24	549	3549	93.16666666666667	82.0	40.06805804331324	6850.48	2154	11648.069940695468
ENST00000402774.8	ENSG00000118246	+	12	10	142	4507	206.3	132.0	221.66894735668825	2170.181818181818	996	3439.3546144060756
ENST00000309446.11	ENSG00000118263	-	4	2	482	7128	377.5	377.5	358.5031380615796	27815.666666666668	35192	18099.309664551667
ENST00000353267.8	ENSG00000118260	+	8	6	173	9075	141.16666666666666	145.0	27.802278084118694	9418.857142857143	4950	9179.736968428007
ENST00000411432.6	ENSG00000144401	-	4	2	333	705	144.0	144.0	45.254833995939045	3776.6666666666665	2311	4056.2162582058336
ENST00000295414.8	ENSG00000163249	+	10	8	477	2587	93.625	88.0	53.16265472249159	4524.666666666667	3363	3474.675884165313
ENST00000295417.4	ENSG00000163251	-	2	0	642	6397	NA	NA	NA	270.0	270	NA
ENST00000427836.8	ENSG00000178385	-	8	6	139	7209	404.3333333333333	176.0	410.9450896003828	27780.85714285714	23443	10265.60330145565
ENST00000345146.7	ENSG00000138413	-	10	8	133	941	155.5	146.5	64.16051300115538	1836.111111111111	1901	780.434565553776
ENST00000264380.9	ENSG00000115020	+	42	40	161	3557	154.75	128.0	168.9287135344677	2014.2439024390244	1579	2103.99895176409
ENST00000682079.1	ENSG00000078018	+	16	14	230	3931	392.07142857142856	113.5	963.5673673535086	20027.733333333334	5241	26802.435341019365
ENST00000359429.11	ENSG00000197713	+	6	4	146	2592	110.5	111.0	31.374086972106987	3288.6	2109	3055.5299540341607
ENST00000281772.14	ENSG00000144445	-	15	13	261	1759	212.46153846153845	126	274.72398735962105	10371.92857142857	4653.5	11073.704685246214
ENST00000450366.7	ENSG00000115365	-	10	8	140	3313	142.375	141.5	45.80061602829626	4546.333333333333	1297	6188.331984468836
ENST00000434687.6	ENSG00000030419	-	9	7	200	8387	139.28571428571428	138	67.98459209192008	17794.125	6329.0	30677.042907581093
ENST00000260947.9	ENSG00000138376	-	11	9	272	3363	204.77777777777777	109	281.7040902160358	7856.0	8689.5	5588.394323158586
ENST00000236959.14	ENSG00000138363	+	16	14	103	229	117.14285714285714	117.0	35.36373010010973	2382.266666666667	1461	2100.4387795569446
ENST00000354785.11	ENSG00000115414	-	46	44	414	762	163.95454545454547	154.5	70.39488437592757	1484.7555555555555	1234	1132.169260465693
ENST00000265322.8	ENSG00000115425	-	8	6	192	973	117.0	111.5	29.58377933936095	5936.428571428572	5247	4631.948289044358
ENST00000392132.7	ENSG00000079246	+	21	19	110	1106	113.84210526315789	113	42.622715850034105	4678.35	2951.0	6230.265030055852
ENST00000357276.9	ENSG00000138375	+	18	16	165	316	170.0	122.0	196.3136945469334	3962.8823529411766	3276	3271.1808243039877
ENST00000491306.6	ENSG00000197756	+	4	2	34	2746	106.0	106.0	32.526911934581186	750.3333333333334	550	490.226818251851
ENST00000233809.9	ENSG00000115457	+	4	2	546	497	185.5	185.5	62.932503525602726	9867.666666666666	1941	14489.36276491597
ENST00000233813.5	ENSG00000115461	-	4	2	1111	4778	175.0	175.0	77.78174593052023	5735.333333333333	1229	8339.937070106305
ENST00000315717.10	ENSG00000163466	+	11	9	66	458	98.44444444444444	101	44.64893926822649	3575.0	3893.0	2678.0485432493565
ENST00000248450.9	ENSG00000127837	-	11	9	172	480	123.11111111111111	120	26.600960717822037	424.9	277.0	491.4783707233604
ENST00000258412.8	ENSG00000135926	-	12	10	38	1425	82.9	59.5	60.27981051360029	1455.909090909091	472	2965.2234807698883
ENST00000273062.7	ENSG00000144579	+	7	5	290	1645	118.0	105	50.24937810560445	591.5	513.5	496.5467752387483
ENST00000258399.8	ENSG00000135913	-	26	24	174	4767	128.375	128.0	49.298392689205706	4403.16	2668	4436.792917186918
ENST00000273064.11	ENSG00000144580	+	8	6	140	2973	117.83333333333333	110.0	31.663333157876266	3488.8571428571427	2230	3822.693397268974
ENST00000411696.7	ENSG00000115568	-	11	9	255	5480	617.2222222222222	178	939.3376360204271	1500.5	1216.0	1107.0641103587652
ENST00000359273.8	ENSG00000074582	+	8	6	61	310	176.0	155.0	104.7377677822093	333.42857142857144	213	383.9973338201092
ENST00000295704.7	ENSG00000163481	-	10	8	73	644	95.0	84.0	30.1235550927936	737.1111111111111	263	1070.1345060837498
ENST00000295709.8	ENSG00000163482	+	27	25	130	850	155.72	131	130.51325603171503	990.6538461538462	523.5	1138.5553282052724
ENST00000392102.6	ENSG00000135912	+	20	18	203	1283	195.61111111111111	110.5	348.94380786274405	2082.8947368421054	464	4168.64966005829
ENST00000360507.10	ENSG00000115649	-	8	6	166	1232	103.5	113.5	26.005768590833842	430.0	482	209.64016790682075
ENST00000430297.7	ENSG00000144567	+	9	7	359	3463	104.85714285714286	107	39.62923403847456	330.625	297.5	173.8274493365681
ENST00000289528.10	ENSG00000158552	+	9	7	261	387	96.28571428571429	93	34.10627647864972	193.125	214.5	95.2881906938855
ENST00000265316.9	ENSG00000115657	-	19	17	834	275	110.05882352941177	105	40.58243244963776	344.8333333333333	184.5	336.94688881536354
ENST00000361242.9	ENSG00000198925	-	16	14	102	1073	185.35714285714286	150.0	172.7210321444813	432.46666666666664	216	390.8304101829968
ENST00000323348.10	ENSG00000163516	+	14	12	95	358	173.91666666666666	152.0	107.24522310475129	333.38461538461536	219	378.63384653724466
ENST00000295759.12	ENSG00000163521	-	17	15	216	750	117.26666666666667	119	48.52166918967629	382.625	175.5	610.2493342888627
ENST00000396738.7	ENSG00000115661	+	8	6	318	1917	147.16666666666666	128.0	47.43170528946505	248.71428571428572	168	183.9780007552663
ENST00000248437.9	ENSG00000127824	-	4	2	63	1614	186.0	186.0	52.32590180780452	720.0	294	784.2008671252538
ENST00000336576.10	ENSG00000135924	+	9	7	153	2264	93.57142857142857	101	23.64922227655096	557.25	479.0	400.52421007617363
ENST00000273075.9	ENSG00000123992	-	15	13	154	2300	105.46153846153847	102	35.27420063969176	860.3571428571429	327.5	1610.6922356620391
ENST00000313597.10	ENSG00000144591	+	13	11	48	292	107.45454545454545	98	44.70651772697944	548.0833333333334	273.0	532.8899695968856
ENST00000243776.11	ENSG00000123989	-	4	2	585	1689	377.0	377.0	278.6000717874997	609.3333333333334	490	380.3108377805362
ENST00000404537.6	ENSG00000124006	-	21	19	1319	115	245.8421052631579	273	61.377939538471836	735.35	584.0	738.2644851271122
ENST00000456909.6	ENSG00000144589	+	25	23	67	408	136.65217391304347	104	77.84343768432785	624.0416666666666	231.5	834.9487606859564
ENST00000281821.7	ENSG00000116106	-	18	16	147	2526	230.5625	156.0	237.18430772994517	8700.941176470587	3372	15346.552745936904
ENST00000357430.8	ENSG00000123983	+	17	15	223	3143	147.4	139	84.69508334523995	4876.6875	1880.5	6730.338998086699
ENST00000409304.6	ENSG00000135919	-	9	7	188	860	168.28571428571428	198	77.81969392065714	7752.0	2991.0	12044.554454192152
ENST00000264414.9	ENSG00000036257	-	16	14	420	4227	150.64285714285714	146.0	38.405943335849514	7230.533333333334	2513	8968.344773755767
ENST00000305123.6	ENSG00000169047	-	2	0	4832	4939	NA	NA	NA	58738.0	58738	NA
ENST00000392062.7	ENSG00000144468	+	9	7	34	3780	178.14285714285714	133	161.07185619202028	19762.0	3694.0	28469.087004277866
ENST00000304593.14	ENSG00000168958	+	9	7	177	848	128.0	112	57.189742670051125	3832.75	3176.5	2464.2721179749146
ENST00000310078.13	ENSG00000173744	+	13	11	433	6782	132.9090909090909	120	42.8005947282384	6698.75	1968.5	9099.661303637025
ENST00000675903.1	ENSG00000153827	-	42	40	130	3914	151.4	142.5	113.12094729955508	3611.5365853658536	1260	7406.758714503804
ENST00000258381.11	ENSG00000135899	-	19	17	111	4052	119.3529411764706	109	50.9398434141569	2700.3888888888887	1637.5	3396.6635037219007
ENST00000258418.10	ENSG00000135932	+	9	7	389	2560	125.71428571428571	144	45.9336996322391	13050.625	4561.5	16722.18435780531
ENST00000326427.11	ENSG00000135916	+	6	4	204	1241	148.0	146.0	32.18695387886216	2454.0	1048	3318.300845312251
ENST00000308696.11	ENSG00000173692	+	25	23	175	293	124.1304347826087	115	49.90928529736006	4693.25	2011.0	10219.679907562833
ENST00000322723.9	ENSG00000115053	-	14	12	149	1737	169.83333333333334	130.5	103.83188626843204	540.7692307692307	494	354.45619236753686
ENST00000409115.8	ENSG00000187514	+	5	3	227	748	80.0	74	12.165525060596439	953.0	464.5	1098.5338714243937
ENST00000350033.8	ENSG00000144524	+	7	5	94	1767	130.4	106	56.58003181335267	3382.6666666666665	2502.0	2554.8099472693984
ENST00000325385.12	ENSG00000144535	+	21	19	53	724	136.26315789473685	113	56.58704416429137	18605.7	9599.0	19723.16149553482
ENST00000408957.7	ENSG00000221944	-	1	0	6675	6675	NA	NA	NA	NA	NA	NA
ENST00000258416.8	ENSG00000135930	+	7	5	56	266	129.0	135	19.026297590440446	2925.8333333333335	2103.5	2471.9819915741027
ENST00000264059.8	ENSG00000115468	+	4	2	403	1192	141.5	141.5	9.192388155425117	15765.0	9359	11284.837437907558
ENST00000373563.9	ENSG00000204120	+	29	27	62	3813	145.96296296296296	155	51.72522185064628	5552.107142857143	3103.5	7454.532870772559
ENST00000264051.8	ENSG00000066248	-	15	13	189	979	155.07692307692307	143	80.52894048980315	9383.714285714286	2184.0	14681.88296155174
ENST00000392017.9	ENSG00000085978	+	18	16	270	1413	100.9375	98.0	47.86574105418892	2394.0588235294117	1506	2227.539154273956
ENST00000411486.7	ENSG00000123485	-	9	7	152	951	293.42857142857144	79	575.0153207068652	1834.625	1787.5	820.0297795115214
ENST00000339728.6	ENSG00000188042	-	2	0	1070	2796	NA	NA	NA	175.0	175	NA
ENST00000392011.7	ENSG00000130147	+	6	4	154	2123	718.25	219.5	1096.9297683382772	19709.6	9314	19990.747642346945
ENST00000304032.13	ENSG00000157985	+	18	16	807	7875	137.9375	138.5	52.046733807223674	36874.23529411765	21858	52332.19762909997
ENST00000354371.7	ENSG00000198612	+	8	6	154	2812	78.66666666666667	67.0	34.459638225998056	1592.5714285714287	1208	1138.2151022753208
ENST00000272930.9	ENSG00000184182	+	10	8	119	1495	65.375	64.5	31.865509791712327	8181.333333333333	5959	6282.538957300623
ENST00000254663.12	ENSG00000132330	+	12	10	143	1212	109.5	105.0	41.76189118748761	3269.3636363636365	2278	3653.177227365989
ENST00000254654.8	ENSG00000132323	-	12	10	197	275	98.3	100.5	24.81509397300137	2894.4545454545455	1595	3035.122678365287
ENST00000272937.10	ENSG00000144485	-	4	2	214	985	84.5	84.5	3.5355339059327378	134.66666666666666	92	87.21429546429492
ENST00000254657.8	ENSG00000132326	-	23	21	262	2481	173.1904761904762	148	151.22983139831211	1735.7727272727273	1211.0	2076.041286217093
ENST00000373327.5	ENSG00000204104	+	17	15	268	2144	119.13333333333334	85	96.19761406802641	4761.3125	2754.5	9921.63952660211
ENST00000264607.9	ENSG00000065802	+	5	3	193	5867	277.0	303	124.06046912695437	4608.25	4224.5	3297.000088464259
ENST00000543185.6	ENSG00000068024	-	27	25	43	4969	137.96	121	58.732784711777455	13245.846153846154	5096.5	24148.757411829385
ENST00000264039.7	ENSG00000063660	+	9	7	422	2019	182.57142857142858	159	94.57599614922937	3586.875	586.5	7879.61169161998
ENST00000405954.2	ENSG00000188542	+	2	0	721	3927	NA	NA	NA	252.0	252	NA
ENST00000270357.10	ENSG00000142327	+	11	9	631	3774	150.66666666666666	141	49.39888662712956	712.8	457.0	943.9605453148512
ENST00000391984.7	ENSG00000142330	+	12	10	319	454	184.8	198.5	67.6835775256204	886.3636363636364	921	689.1841949330052
ENST00000498729.9	ENSG00000130294	-	49	47	98	3640	114.74468085106383	109	50.115721773887174	2027.5416666666667	972.0	3649.1468367996404
ENST00000391980.7	ENSG00000122085	-	4	2	35	868	342.0	342.0	222.03152929257593	1710.0	1968	808.4874767119154
ENST00000234040.9	ENSG00000115687	-	18	16	59	625	241.0	168.5	273.7353953486225	2284.3529411764707	1090	2214.3224398553743
ENST00000234038.11	ENSG00000115685	+	10	8	81	1006	106.75	111.0	35.81998644013463	3471.6666666666665	2928	3714.989973068568
ENST00000310931.10	ENSG00000115677	-	28	26	103	2397	147.0	137.0	49.04773185377689	3039.259259259259	1020	8898.482383973784
ENST00000264042.8	ENSG00000006607	+	27	25	104	834	122.84	108	54.32823084425506	5174.923076923077	2539.0	6934.641798524719
ENST00000316586.9	ENSG00000115694	-	12	10	142	3032	134.1	133.5	51.22596997617517	1036.3636363636363	547	1768.1642611888337
ENST00000318407.5	ENSG00000176720	+	5	3	249	1835	180.66666666666666	164	61.71169527191206	3190.25	2326.0	3110.0077572250525
ENST00000407315.6	ENSG00000176946	-	6	4	218	321	384.25	135.0	519.7732678774468	10135.6	3234	11180.051310257928
ENST00000404914.8	ENSG00000168397	+	13	11	32	1667	99.81818181818181	94	38.98671102265022	2780.6666666666665	1119.5	3888.9134339773746
ENST00000313552.11	ENSG00000168395	+	8	6	64	4490	107.16666666666667	103.0	39.71103960697411	3177.5714285714284	1994	3680.263118181582
ENST00000251607.11	ENSG00000072756	+	8	6	51	1118	180.5	184.5	45.56643501526096	2833.1428571428573	2023	2631.47876225336
ENST00000319331.4	ENSG00000175928	+	2	0	489	5471	NA	NA	NA	44444.0	44444	NA
ENST00000272902.10	ENSG00000144455	-	9	7	294	1109	106.28571428571429	114	37.998746846504844	12997.125	10037.5	12715.020908218303
ENST00000256495.4	ENSG00000134107	+	5	3	362	2488	100.66666666666667	108	27.736858750286295	683.75	626.0	559.0357024973151
ENST00000256496.8	ENSG00000134108	+	7	5	297	2248	77.6	74	10.358571330062848	9281.166666666666	1421.0	18980.472127074885
ENST00000256497.9	ENSG00000134109	+	12	10	608	4130	137.5	146.0	48.910916754624196	2376.2727272727275	1917	1773.3878927583266
ENST00000157600.8	ENSG00000071282	+	6	4	158	7229	224.25	236.0	103.04812791442001	12912.4	11127	11526.90575566574
ENST00000264926.7	ENSG00000070950	-	13	11	138	4385	121.27272727272727	82	83.3763646474118	6711.75	4874.0	5891.69373895456
ENST00000452837.7	ENSG00000134077	+	10	8	74	2268	176.5	120.0	141.74121287956947	2220.4444444444443	2580	1203.20385960891
ENST00000402198.7	ENSG00000168137	+	23	21	363	2672	185.52380952380952	152	102.45712227445149	3345.8636363636365	986.5	5786.813979050867
ENST00000296003.9	ENSG00000163719	+	19	17	238	604	94.70588235294117	76	40.41621689662819	2802.0555555555557	1534.5	2670.3849352882403
ENST00000383829.7	ENSG00000156983	+	14	12	404	850	290.75	159.0	253.1288299373553	887.5384615384615	499	1114.111276263478
ENST00000344629.12	ENSG00000114026	+	7	5	472	347	162.2	180	72.08467243457515	971.0	549.0	1012.3858948049404
ENST00000256460.8	ENSG00000134072	-	12	10	116	275	106.2	114.0	24.48037762962183	1013.4545454545455	905	888.8032812311578
ENST00000301964.7	ENSG00000171148	-	9	7	258	583	161.85714285714286	142	62.29614373145037	1316.625	1199.0	1124.9079883007576
ENST00000397261.8	ENSG00000241553	+	6	4	43	892	124.5	115.5	32.46023207967969	2517.4	2196	1193.5869469795655
ENST00000647897.1	ENSG00000171135	+	2	0	202	1435	NA	NA	NA	2103.0	2103	NA
ENST00000245046.7	ENSG00000125037	-	8	6	335	1516	83.66666666666667	82.5	15.7310732840028	3115.285714285714	2468	3180.5425488054557
ENST00000256474.3	ENSG00000134086	+	3	1	410	3881	123.0	123	NA	3738.0	3738.0	831.5575746753799
ENST00000256458.5	ENSG00000134070	+	13	11	130	1630	151.9090909090909	147	69.06439682709832	6283.0	3526.5	6131.376636167889
ENST00000350697.8	ENSG00000157020	-	9	7	63	444	121.71428571428571	134	36.01256394516727	2352.875	2601.5	1907.7704592010014
ENST00000693202.1	ENSG00000197548	+	21	19	34	2855	128.6315789473684	118	49.49658857640347	13996.8	4919.5	28779.780037563287
ENST00000430365.7	ENSG00000144560	-	5	3	479	2759	179.0	190	50.40833264451424	21018.0	21077.0	21071.871978224113
ENST00000651735.1	ENSG00000132170	+	8	6	65	447	210.33333333333334	185.0	129.33780061013357	20500.14285714286	13129	21649.703935070116
ENST00000284995.11	ENSG00000154743	+	12	10	401	997	135.5	86.0	145.47794792797063	4220.545454545455	2397	3629.793805814219
ENST00000170447.12	ENSG00000075975	+	8	6	90	1598	181.16666666666666	163.5	71.32017012505415	3407.4285714285716	1816	3961.9142619506065
ENST00000251849.9	ENSG00000132155	-	17	15	305	1057	121.93333333333334	119	49.85474138028637	4832.875	1851.0	10971.93853351965
ENST00000456430.6	ENSG00000144712	+	15	13	109	1049	262.6923076923077	144	377.21686614275893	2396.5	1991.0	1916.824768284178
ENST00000613206.2	ENSG00000144711	-	14	12	438	4480	231.83333333333334	151.0	327.5634104700766	12975.923076923076	2194	35609.351773706716
ENST00000254508.7	ENSG00000132182	-	40	38	263	1547	142.0	137.0	44.53786727742609	2484.153846153846	1449	3512.998985261075
ENST00000295757.8	ENSG00000163517	+	10	8	44	1949	103.25	99.0	44.72694937059759	2588.0	1113	4016.1428323703826
ENST00000396914.4	ENSG00000163528	-	3	1	216	1118	99.0	99	NA	5680.5	5680.5	3464.1161210328964
ENST00000306077.5	ENSG00000170876	+	12	10	154	2088	98.8	98.5	32.341236147611234	1399.909090909091	871	1298.9847154255092
ENST00000306024.4	ENSG00000170860	+	4	2	65	3087	103.5	103.5	10.606601717798213	6315.666666666667	2678	6660.612309189999
ENST00000622186.5	ENSG00000131389	+	15	13	242	4483	136.53846153846155	133	53.75657383771059	5731.714285714285	2755.0	7341.18537303879
ENST00000383794.7	ENSG00000154781	+	11	9	117	1760	118.11111111111111	105	36.44668861654116	1795.4	1716.5	1084.860687420791
ENST00000425241.6	ENSG00000177463	+	14	12	324	6440	137.91666666666666	136.0	33.8753284676013	7174.7692307692305	2362	14835.763934683007
ENST00000253686.7	ENSG00000131368	-	4	2	255	4122	97.5	97.5	13.435028842544403	4077.3333333333335	5585	2889.342543440174
ENST00000253699.7	ENSG00000131381	-	14	12	114	4858	142.16666666666666	123.0	76.20645800996293	1722.923076923077	1351	1596.6015711263335
ENST00000253693.7	ENSG00000131375	+	21	19	352	1801	115.52631578947368	109	35.20632585370077	2116.15	1291.5	1790.7050735747403
ENST00000383791.8	ENSG00000131370	-	9	7	316	1951	144.57142857142858	131	78.59146930563804	9369.375	2036.0	13237.345795000921
ENST00000383790.8	ENSG00000206562	-	6	4	143	1678	199.25	156.5	101.04248281457326	3033.4	1609	3409.138498213295
ENST00000396842.7	ENSG00000144597	+	6	4	285	3505	164.25	164.0	60.878978309429606	2113.8	2079	264.88808957746664
ENST00000683139.1	ENSG00000206560	-	28	26	1575	3321	109.53846153846153	88.0	50.42081377306857	4555.555555555556	1474	6530.012476919011
ENST00000285083.10	ENSG00000154814	+	9	7	294	2680	134.57142857142858	127	55.53034348551292	4620.0	2644.5	4997.588647109153
ENST00000334133.9	ENSG00000131378	-	10	8	258	1388	167.5	134.5	97.57487967124091	21652.11111111111	19564	17715.76566539282
ENST00000615277.5	ENSG00000154822	+	6	4	412	872	719.25	157.0	1179.7427332544441	40297.8	25006	47999.44375406865
ENST00000696125.1	ENSG00000131374	-	23	21	151	4089	107.61904761904762	90	49.375577151539396	26316.545454545456	16635.0	35742.936034340804
ENST00000338745.11	ENSG00000182568	-	11	9	1713	4306	200.33333333333334	177	104.7306067966762	7214.1	3156.5	8371.043734870289
ENST00000273047.9	ENSG00000144566	+	6	4	425	1468	156.25	137.5	70.58977735243728	7112.2	3284	9909.953138133398
ENST00000263754.5	ENSG00000114166	+	18	16	335	2073	125.125	126.5	45.061254605999004	6444.058823529412	3168	8423.86165507385
ENST00000396703.6	ENSG00000182247	+	6	4	138	2061	129.0	140.5	56.231663678038196	77150.6	32813	116572.27387033333
ENST00000306627.8	ENSG00000170142	+	6	4	134	1132	129.25	140.5	56.55896628003969	16780.6	1412	33157.76510562797
ENST00000425478.7	ENSG00000197885	-	5	3	207	3387	158.33333333333334	122	72.66590213665096	5742.75	6401.5	3990.315307090406
ENST00000307839.10	ENSG00000174748	+	4	2	42	1794	159.5	159.5	31.81980515339464	567.6666666666666	619	141.18191574466374
ENST00000312521.9	ENSG00000174738	+	8	6	309	3395	254.5	198.5	193.0655329156398	4300.142857142857	2650	3330.258770154427
ENST00000646209.2	ENSG00000151090	-	11	9	199	5973	156.0	147	73.24957337759723	37012.2	23810.5	47586.15370462294
ENST00000330688.9	ENSG00000077092	+	8	6	626	1513	165.5	160.0	22.713432149281182	23791.14285714286	12780	24602.875769772465
ENST00000264331.9	ENSG00000077097	-	36	34	679	494	136.5	130.5	42.843796623209165	1746.0	1048	3132.0833416152145
ENST00000280700.10	ENSG00000151092	-	12	10	184	692	165.8	165.5	44.91423926650533	5633.272727272727	3000	5174.545025234762
ENST00000454389.6	ENSG00000033867	-	26	24	318	4123	151.58333333333334	143.0	65.43893048628168	4143.32	2403	6183.553817183125
ENST00000479665.6	ENSG00000163512	-	8	6	224	3408	128.5	121.0	54.294566947347505	3339.285714285714	2377	2697.7567047632815
ENST00000383767.7	ENSG00000144642	+	15	13	686	6531	94.76923076923077	92	40.538364228949526	51490.5	29681.0	53896.78766758382
ENST00000295754.10	ENSG00000163513	+	7	5	377	2723	286.0	169	288.3617519713736	13835.333333333334	9745.5	13901.218920176269
ENST00000295770.4	ENSG00000163527	+	16	14	388	1633	149.0	151.0	64.8762134909481	6705.666666666667	2836	11161.550037431864
ENST00000396556.7	ENSG00000144645	-	12	10	364	1292	196.9	179.5	106.00047169706369	28801.18181818182	14498	34089.52036570237
ENST00000282541.10	ENSG00000152642	+	8	6	139	2896	152.0	140.0	47.40464112299554	8306.142857142857	6255	7128.783262908461
ENST00000307526.4	ENSG00000170293	+	4	2	440	438	145.5	145.5	40.30508652763321	43491.0	10325	64882.84602265841
ENST00000334983.10	ENSG00000153551	+	5	3	213	1288	118.33333333333333	99	48.95235779136009	15455.0	5139.5	23011.29277840194
ENST00000205636.4	ENSG00000091317	-	4	2	245	2786	138.0	138.0	55.154328932550705	6078.0	3840	4021.8228454271825
ENST00000273130.9	ENSG00000144635	-	13	11	234	935	119.63636363636364	117	53.350300331437175	3533.3333333333335	1475.0	6683.731243350029
ENST00000328834.10	ENSG00000182973	+	19	17	295	419	121.05882352941177	122	41.851628684310626	4773.111111111111	3018.5	5849.93126041956
ENST00000307363.10	ENSG00000170266	-	16	14	136	728	118.5	113.5	57.24542306192227	6533.8	3004	7808.334944147824
ENST00000342462.5	ENSG00000188167	-	2	0	428	3882	NA	NA	NA	2415.0	2415	NA
ENST00000320954.11	ENSG00000170275	+	7	5	535	5379	136.2	146	32.95754845251691	4527.5	4636.5	2412.0503933375853
ENST00000484457.6	ENSG00000153558	+	15	13	74	2592	89.3076923076923	75	45.724509502352994	7630.285714285715	1332.5	16348.805646466473
ENST00000682230.1	ENSG00000163539	-	39	37	447	2473	114.56756756756756	107	56.258105855729575	5653.973684210527	3683.0	5515.0629090864095
ENST00000307296.8	ENSG00000170248	+	18	16	308	3353	138.9375	126.0	52.44739427909328	3834.705882352941	2037	3630.4335444390435
ENST00000231790.8	ENSG00000076242	+	19	17	146	361	116.88235294117646	94	72.83790424028994	3046.3888888888887	2743.0	2487.50744932704
ENST00000336686.9	ENSG00000093167	-	28	26	44	1336	81.15384615384616	73.5	34.70756955788441	4387.666666666667	2141	5859.436373524728
ENST00000361924.7	ENSG00000144674	+	24	22	352	800	302.45454545454544	109.0	881.1506939533926	5034.913043478261	3173	6345.861929514264
ENST00000273179.10	ENSG00000144677	+	8	6	399	3728	104.33333333333333	97.5	57.79157954811987	16833.85714285714	4847	30056.55132373291
ENST00000334661.5	ENSG00000187091	-	15	13	137	363	165.46153846153845	159	36.068488981878595	1392.5714285714287	134.0	2668.565927589219
ENST00000333167.13	ENSG00000060971	-	12	10	263	408	102.8	87.5	52.13827768540116	1155.8181818181818	1085	1001.458618034896
ENST00000311806.8	ENSG00000172939	+	18	16	410	2668	89.9375	85.5	36.33266436693021	5025.35294117647	3296	5205.128852165627
ENST00000352511.5	ENSG00000114739	+	11	9	485	10005	143.55555555555554	144	28.227252395119468	2747.1	491.5	7097.726043521889
ENST00000287675.10	ENSG00000157036	+	6	4	191	2403	120.5	127.5	32.52178756874638	5377.6	3162	6530.423784104673
ENST00000319283.8	ENSG00000114745	-	9	7	149	1891	143.71428571428572	151	48.547963519644796	997.875	525.0	1268.4563664436505
ENST00000273153.10	ENSG00000144655	-	5	3	154	2190	273.3333333333333	260	36.85557397915997	2143.25	883.0	3082.935438290375
ENST00000650617.1	ENSG00000144659	+	7	5	424	954	144.6	167	40.04122875237472	1980.1666666666667	1377.0	1978.2605911928456
ENST00000232905.4	ENSG00000114784	+	4	2	266	455	133.0	133.0	43.840620433565945	577.0	413	297.14138049083635
ENST00000339296.10	ENSG00000172888	+	5	3	315	7753	107.0	108	20.518284528683193	1608.5	1238.0	1335.612343958131
ENST00000349496.11	ENSG00000168036	+	15	13	166	1310	168.07692307692307	151	81.00767611617796	2662.714285714286	474.5	6425.848671020594
ENST00000327628.10	ENSG00000182606	+	16	14	204	2949	141.07142857142858	113.0	73.55632513273734	8627.066666666668	3243	14406.495873472528
ENST00000264454.8	ENSG00000093183	-	7	5	122	5480	147.6	164	56.047301451541806	4609.833333333333	2950.5	4189.077436222285
ENST00000011691.6	ENSG00000008324	+	3	1	107	2513	77.0	77	NA	1689.0	1689.0	1599.4755390439705
ENST00000232978.13	ENSG00000114857	+	17	15	93	2848	288.26666666666665	96	719.4766417996057	2549.0625	1080.5	4265.661347219991
ENST00000232974.11	ENSG00000114853	+	6	4	187	3344	490.75	146.5	708.9801948338661	1678.0	1379	1610.9798260685948
ENST00000321331.12	ENSG00000181061	-	4	2	55	2413	127.0	127.0	11.313708498984761	6287.0	7994	4952.291287878774
ENST00000344697.3	ENSG00000144647	-	2	0	244	2303	NA	NA	NA	24299.0	24299	NA
ENST00000296088.12	ENSG00000163788	+	7	5	136	3805	249.4	142	254.76714858866714	9902.666666666666	5918.0	9851.199453196888
ENST00000644371.2	ENSG00000011198	+	7	5	102	4283	182.6	155	113.30180934124574	4415.0	2968.0	3431.6250960732878
ENST00000396056.7	ENSG00000169981	+	4	2	103	2091	232.0	232.0	123.03657992645927	3134.0	2106	2513.919051998294
ENST00000326047.9	ENSG00000163808	+	35	33	91	584	123.78787878787878	123	47.926217756931834	2550.0882352941176	1561.0	2992.079922847296
ENST00000265564.8	ENSG00000075914	+	8	6	91	237	119.0	113.0	36.8021738488367	4883.714285714285	3682	4119.430612527485
ENST00000503771.2	ENSG00000249992	-	1	0	1822	1822	NA	NA	NA	NA	NA	NA
ENST00000645846.2	ENSG00000011376	+	22	20	105	2057	130.95	114.0	57.55224171407912	7431.0	4068	6946.7087026879135
ENST00000273317.5	ENSG00000144791	+	8	6	1537	9420	80.83333333333333	68.5	29.72821331103951	11449.857142857143	2576	16167.554292765613
ENST00000389061.10	ENSG00000211456	+	20	18	102	1877	88.61111111111111	86.5	28.966794151212053	2760.0	1599	3345.1260065952674
ENST00000296135.11	ENSG00000163818	-	10	8	131	3017	109.75	91.0	51.795614817141754	1642.0	1291	1099.694162028698
ENST00000296137.7	ENSG00000163820	-	18	16	103	3938	279.5625	135.0	573.9260078616406	4082.823529411765	2682	4574.087453187987
ENST00000409792.4	ENSG00000181555	-	21	19	260	819	392.7368421052632	127	978.8396101793901	6956.85	3606.5	8593.646540965752
ENST00000684063.1	ENSG00000088727	-	21	19	305	705	122.47368421052632	105	51.302337418107996	2573.25	1605.5	2609.721136040159
ENST00000232766.6	ENSG00000114648	+	10	8	151	3262	151.125	139.0	41.26720420451503	6583.444444444444	2784	11400.087457023204
ENST00000265562.5	ENSG00000076201	+	25	23	160	730	189.0	115	347.26960969566835	1132.4166666666667	114.0	3396.440552628035
ENST00000296149.9	ENSG00000163832	-	7	5	176	558	123.6	119	53.5518440392112	2786.8333333333335	2394.0	1629.38337007184
ENST00000254480.10	ENSG00000173473	-	28	26	291	3038	116.34615384615384	114.5	55.681912544518305	7047.074074074074	5006	6619.094307821913
ENST00000445061.6	ENSG00000132153	+	22	20	75	327	172.65	135.5	165.89098354356886	2057.190476190476	271	3393.129670658751
ENST00000683076.1	ENSG00000047849	-	21	19	83	2244	363.42105263157896	123	775.4270017788389	7824.5	2232.5	12194.333612918661
ENST00000302506.8	ENSG00000164045	-	15	13	640	1940	97.23076923076923	99	38.743072168139186	1959.142857142857	1575.0	1798.7253545494102
ENST00000442597.6	ENSG00000172113	-	6	4	15	2487	100.25	100.0	49.45957945636012	1229.6	883	1021.0072477705532
ENST00000296440.11	ENSG00000164050	-	38	36	79	737	176.72222222222223	142.0	189.65632242274611	515.0	235	832.806800324461
ENST00000438607.2	ENSG00000232112	+	4	2	56	361	72.0	72.0	22.627416997969522	1130.3333333333333	90	1808.8428160935746
ENST00000296444.7	ENSG00000164054	-	6	4	156	1311	141.75	136.5	56.75312032537653	6853.0	2725	9198.601823103336
ENST00000232375.8	ENSG00000114268	-	14	12	123	2123	104.41666666666667	101.0	44.21324016695232	2740.076923076923	1734	3013.9386319105897
ENST00000203407.6	ENSG00000010256	-	13	11	95	191	119.0	116	39.73159951474393	754.1666666666666	341.0	974.166014723581
ENST00000294129.7	ENSG00000213672	-	13	11	279	904	163.0909090909091	129	116.63228930742511	757.9166666666666	192.0	1206.5909496167164
ENST00000328631.10	ENSG00000068745	-	6	4	65	771	227.5	201.0	73.54590403278758	5494.6	1593	9088.321698751646
ENST00000265563.13	ENSG00000114302	-	11	9	540	5133	91.0	84	39.284220750830734	9479.7	7528.0	11404.933182618826
ENST00000319017.5	ENSG00000178537	-	9	7	193	847	105.42857142857143	110	20.354009783964297	5022.375	3731.0	5510.581741068723
ENST00000356401.9	ENSG00000177479	+	16	14	157	3184	112.21428571428571	97.0	79.84714105129835	4175.266666666666	1939	8325.651492883448
ENST00000608424.6	ENSG00000178252	+	6	4	141	1127	700.5	118.0	1187.7750909438482	898.2	100	1791.5495248527182
ENST00000326739.9	ENSG00000178035	-	14	12	146	80	118.75	99.0	49.40946725624002	263.3076923076923	99	298.6158023881145
ENST00000395443.7	ENSG00000198218	-	10	8	160	938	269.875	153.5	315.6129806763793	6789.777777777777	1920	7478.748588129196
ENST00000306125.12	ENSG00000172053	-	24	22	141	148	98.18181818181819	93.0	28.11309873255384	277.2608695652174	122	406.68283570093655
ENST00000417901.6	ENSG00000172046	-	27	25	68	479	166.96	157	61.03515380499995	309.7307692307692	104.0	471.71826826548136
ENST00000305544.9	ENSG00000172037	-	32	30	259	249	172.8	168.5	69.09383923831166	201.4516129032258	92	338.8000234857998
ENST00000321895.7	ENSG00000177352	-	2	0	65	1726	NA	NA	NA	2006.0	2006	NA
ENST00000332780.4	ENSG00000185909	+	6	4	88	882	250.5	195.0	180.14161096204285	583.4	441	422.2325188802966
ENST00000265560.9	ENSG00000114316	-	22	20	130	1308	131.6	127.5	46.869808484443595	2801.904761904762	1831	3108.4984301871846
ENST00000418115.6	ENSG00000067560	-	5	3	157	1238	136.66666666666666	131	19.139836293274122	12756.75	6343.0	15780.250280545828
ENST00000273590.4	ENSG00000145022	+	3	1	218	1657	55.0	55	NA	1062.0	1062.0	914.9961748553925
ENST00000273598.8	ENSG00000145029	-	6	4	217	2542	117.0	109.5	43.88621651498338	753.0	313	1084.8504505230203
ENST00000308775.7	ENSG00000173402	+	3	1	167	4819	401.0	401	NA	29981.0	29981.0	14147.792477980443
ENST00000327697.11	ENSG00000164068	+	39	37	50	345	104.32432432432432	95	33.71453202507295	729.421052631579	221.0	1356.8590643931627
ENST00000308388.7	ENSG00000173540	-	9	7	354	1968	117.42857142857143	128	48.78475562050487	111.5	87.0	48.55335798303317
ENST00000321599.9	ENSG00000176095	-	6	4	189	3362	230.0	196.5	82.10156311950867	11555.6	5239	15220.922008866612
ENST00000333486.4	ENSG00000182179	-	24	22	222	229	129.6818181818182	121.5	44.23894681821003	236.56521739130434	98	319.383329969569
ENST00000331456.7	ENSG00000183763	-	15	13	209	625	91.46153846153847	89	36.9157043921585	1852.9285714285713	611.5	2683.1897339457096
ENST00000296473.8	ENSG00000164077	-	6	4	203	282	385.0	317.0	300.86320257995436	3782.8	718	6979.92469157082
ENST00000266022.9	ENSG00000004534	+	21	19	76	242	174.31578947368422	96	274.58798481271674	6673.5	2554.5	11916.073786012077
ENST00000347869.8	ENSG00000003756	+	25	23	111	691	103.26086956521739	86	38.894048845204104	1121.9166666666667	859.5	1260.399692184178
ENST00000002829.8	ENSG00000001617	+	19	17	241	1371	117.3529411764706	120	45.66445715278814	1674.7222222222222	252.0	3415.890234590573
ENST00000614032.5	ENSG00000188338	+	16	14	78	1414	104.35714285714286	97.0	32.02068356272514	884.2	169	2223.5431892107954
ENST00000313601.11	ENSG00000114353	+	9	7	250	995	139.14285714285714	142	51.46334803018737	2617.5	447.0	5346.44081876639
ENST00000616701.5	ENSG00000012171	+	17	15	203	1245	115.73333333333333	120	47.63622071291471	326.0	163.5	439.90726295436406
ENST00000417626.8	ENSG00000214706	-	12	10	213	540	119.0	122.5	37.21708090529282	250.45454545454547	88	432.4812975462323
ENST00000336307.6	ENSG00000186792	-	4	2	193	684	500.5	500.5	580.5346673541555	1565.3333333333333	987	1809.2082061867102
ENST00000232496.5	ENSG00000114383	-	3	1	270	1278	121.0	121	NA	823.0	823.0	923.481456229631
ENST00000359365.9	ENSG00000068028	-	6	4	281	940	156.5	111.5	94.4545746201139	1840.4	606	2398.720554795827
ENST00000425346.6	ENSG00000114395	+	4	2	123	829	95.0	95.0	80.61017305526642	688.6666666666666	448	437.795995108833
ENST00000266025.4	ENSG00000126062	-	2	0	1309	798	NA	NA	NA	2665.0	2665	NA
ENST00000348721.4	ENSG00000114737	-	3	1	144	1654	221.0	221	NA	1633.5	1633.5	1984.848734790639
ENST00000621469.5	ENSG00000114738	+	11	9	91	1398	116.44444444444444	86	63.606428745668296	2960.4	585.5	6917.12834121855
ENST00000528157.7	ENSG00000145050	+	4	2	146	493	135.0	135.0	9.899494936611665	1066.0	1026	316.8990375498165
ENST00000563281.2	ENSG00000259956	+	1	0	6624	6624	NA	NA	NA	NA	NA	NA
ENST00000684192.1	ENSG00000164080	+	23	21	197	6235	167.85714285714286	178	64.94404184702836	5453.863636363636	1483.0	12386.992975719308
ENST00000341333.10	ENSG00000164081	+	5	3	37	600	227.66666666666666	222	61.69548875998417	7938.0	6999.5	5454.786583054068
ENST00000232888.7	ENSG00000114767	-	15	13	124	171	95.92307692307692	93	31.292868033205103	495.2857142857143	257.5	809.5723874672669
ENST00000398755.8	ENSG00000041880	+	11	9	346	557	159.33333333333334	156	40.94203219186854	416.8	248.0	386.772629159131
ENST00000461554.6	ENSG00000090097	-	14	12	129	892	94.58333333333333	96.0	50.857123096936675	603.1538461538462	165	1401.1326279212974
ENST00000361143.10	ENSG00000114779	-	4	2	85	1091	240.5	240.5	2.1213203435596424	1292.6666666666667	1275	964.6213419437356
ENST00000273596.8	ENSG00000248487	+	5	3	141	361	188.0	212	63.49803146555018	1266.75	1112.5	1269.5252065240768
ENST00000636358.2	ENSG00000243989	+	15	13	55	287	83.07692307692308	77	26.231220388630856	302.92857142857144	137.0	312.44112412413966
ENST00000495880.2	ENSG00000164086	-	3	1	722	2204	435.0	435	NA	2146.0	2146.0	948.9373003523468
ENST00000296484.7	ENSG00000164087	-	11	9	69	760	123.0	116	37.78557925981816	7726.2	2944.5	9038.881885130115
ENST00000484952.6	ENSG00000023330	+	12	10	96	308	197.1	182.5	38.29548856516188	1253.909090909091	923	966.1058383578328
ENST00000305533.10	ENSG00000247596	-	9	7	167	590	122.42857142857143	122	34.170441138783204	1116.625	431.5	1446.988097245941
ENST00000323588.9	ENSG00000164088	+	10	8	290	930	126.375	115.5	57.69361811698562	290.0	255	180.32678669570973
ENST00000296490.8	ENSG00000164091	-	9	7	449	3086	107.28571428571429	100	33.900414381510075	2491.25	947.0	2701.6769792112455
ENST00000436784.7	ENSG00000168237	+	5	3	49	2998	248.0	176	145.98630072715727	909.75	486.0	1025.3686735348738
ENST00000460680.6	ENSG00000163930	-	17	15	167	1414	134.6	124	104.74172316430817	337.5625	303.0	235.0781341738671
ENST00000345716.9	ENSG00000010322	+	21	19	131	1197	200.57894736842104	129	300.0206133269056	1616.3	820.5	2631.285679343045
ENST00000422318.7	ENSG00000168268	-	14	12	352	345	98.33333333333333	90.5	37.61366611735526	584.1538461538462	110	1196.1047784477917
ENST00000266014.11	ENSG00000016864	-	10	8	345	550	120.125	113.0	49.9097399598229	1050.0	223	1634.316523810489
ENST00000233027.10	ENSG00000114904	-	16	14	287	3426	167.14285714285714	146.0	85.45971353428841	3762.9333333333334	1962	6356.758467137462
ENST00000394752.8	ENSG00000163935	-	21	19	258	1705	136.31578947368422	127	59.690919308997216	6897.45	2043.5	16821.815768049848
ENST00000330452.8	ENSG00000163932	+	19	17	220	610	117.82352941176471	112	46.309064034643434	1593.111111111111	636.5	3030.39626391333
ENST00000462138.6	ENSG00000163931	-	14	12	187	1220	132.41666666666666	121.0	36.7187302546691	2178.076923076923	879	3649.6777817029833
ENST00000315251.11	ENSG00000016391	-	9	7	337	5861	213.71428571428572	135	243.32948464014405	3298.875	770.5	5688.66611122502
ENST00000335754.8	ENSG00000113812	-	13	11	174	1797	146.1818181818182	141	49.25610252916522	959.0	985.0	499.873620391831
ENST00000495461.6	ENSG00000113811	-	5	3	90	1145	87.33333333333333	87	3.511884584284246	1486.5	1198.0	1295.4241261712964
ENST00000264634.9	ENSG00000114251	-	5	3	327	4836	226.0	251	82.39538822045807	3937.75	4235.0	2039.1397491752905
ENST00000394672.8	ENSG00000180376	+	18	16	79	306	171.8125	132.0	131.89451277441378	3619.3529411764707	1058	6519.161007571991
ENST00000683822.1	ENSG00000163946	-	24	22	590	3435	188.72727272727272	116.0	217.2212350003216	2389.4347826086955	1367	2879.685586153255
ENST00000296315.8	ENSG00000163947	-	10	8	247	2203	141.5	139.5	66.34110985763546	7883.111111111111	4760	9297.521759109311
ENST00000296318.12	ENSG00000144730	-	13	11	193	6524	180.0909090909091	119	256.8242412800842	5556.166666666667	1322.5	12484.44155254002
ENST00000288266.8	ENSG00000157500	+	22	20	209	3931	96.45	85.5	51.16894103179965	1889.2380952380952	1172	2014.7117139869392
ENST00000311180.9	ENSG00000174840	+	3	1	1414	7287	79.0	79	NA	897.5	897.5	1024.5977259393073
ENST00000303436.11	ENSG00000168374	-	6	4	271	936	97.25	95.5	25.104780421266383	4877.2	3249	4894.515369267932
ENST00000311128.10	ENSG00000174839	-	20	18	296	2892	81.0	80.5	25.022342957021902	3314.6315789473683	1535	5027.148476141279
ENST00000671191.1	ENSG00000163681	+	25	23	34	2708	158.2173913043478	90	256.76907851958043	6971.416666666667	2680.0	14831.421735235155
ENST00000295956.9	ENSG00000136068	+	46	44	435	1677	166.5681818181818	155.0	81.02006576819382	3430.866666666667	1422	10105.057933800012
ENST00000478253.6	ENSG00000163686	+	10	8	125	1146	115.875	123.5	39.765158834623776	6082.777777777777	6619	4394.53552089916
ENST00000356151.7	ENSG00000168297	+	18	16	199	1376	89.125	78.0	38.92535591787612	5307.941176470588	2741	8090.661518616604
ENST00000302746.11	ENSG00000168291	-	10	8	65	550	111.5	100.0	78.49658773293451	521.7777777777778	328	532.5100416371924
ENST00000404589.8	ENSG00000168301	+	3	1	74	1411	70.0	70	NA	4353.0	4353.0	3097.127701597078
ENST00000492590.6	ENSG00000189283	-	10	8	152	2303	82.625	81.0	39.31897942288359	166784.44444444444	158517	164697.23121542687
ENST00000474889.6	ENSG00000144724	+	30	28	802	4449	146.64285714285714	134.0	129.13478869303054	25058.0	6334	55212.838903516946
ENST00000674280.1	ENSG00000163635	+	13	11	292	4013	251.9090909090909	199	257.4146283898623	11043.333333333334	3805.5	14322.685498145516
ENST00000354883.11	ENSG00000144741	+	10	8	127	1234	84.25	72.0	37.644009198960575	17320.88888888889	7087	25454.27193736075
ENST00000273261.8	ENSG00000144749	-	19	17	833	1693	166.88235294117646	144	100.825271108575	6492.388888888889	2067.0	11108.221317558868
ENST00000417314.2	ENSG00000163376	+	4	2	65	3289	663.0	663.0	639.224530192639	2741.3333333333335	3612	1856.9745106848757
ENST00000307227.10	ENSG00000172340	-	11	9	110	1141	122.11111111111111	121	28.497563248655332	27754.4	9927.0	34405.874130896766
ENST00000383701.8	ENSG00000163378	-	18	16	111	2540	112.0	102.0	59.579638580083156	2001.0	1108	2208.956484406155
ENST00000398559.7	ENSG00000144747	-	17	15	389	3494	199.73333333333332	127	280.1245811284346	1601.75	1348.5	1248.4874849192522
ENST00000273258.4	ENSG00000144746	+	3	1	287	1629	218.0	218	NA	9511.0	9511.0	10046.573147098467
ENST00000398540.8	ENSG00000114541	-	23	21	261	3200	134.38095238095238	93	161.49101405046542	9592.0	3080.5	16810.179574690254
ENST00000352241.9	ENSG00000187098	+	10	8	238	3486	134.375	107.0	69.21176097414988	24896.666666666668	4568	46646.80945949037
ENST00000325599.13	ENSG00000144736	-	11	9	248	1560	115.33333333333333	123	34.95354059319313	9632.3	5406.5	12655.257388400549
ENST00000356692.10	ENSG00000163605	+	9	7	261	3802	127.71428571428571	94	84.19167473829046	8428.875	1448.5	16834.23793037358
ENST00000464233.6	ENSG00000169855	-	31	29	247	1689	172.10344827586206	155	86.62453662114208	38794.433333333334	3613.0	97496.58797307705
ENST00000429644.7	ENSG00000114480	-	16	14	271	761	136.35714285714286	127.0	34.706698849861034	17933.466666666667	4846	19655.59060371762
ENST00000263780.9	ENSG00000083937	+	6	4	248	1845	124.25	105.0	47.591140632124656	5131.6	3966	4816.340239227291
ENST00000482016.6	ENSG00000163320	-	4	2	191	4050	153.5	153.5	72.8319984622144	836.0	726	314.76181471074284
ENST00000394222.8	ENSG00000169379	+	10	8	328	2492	143.875	113.0	71.50711752785772	7950.333333333333	3125	9874.1350760459
ENST00000314622.9	ENSG00000178694	+	6	4	78	5622	182.75	138.5	109.17073783757257	12468.2	9689	12902.46922879493
ENST00000463745.6	ENSG00000113966	+	8	6	220	3206	93.66666666666667	82.0	38.795188705130265	4640.571428571428	3651	3649.9853359131394
ENST00000394198.7	ENSG00000170854	-	10	8	51	3525	159.75	112.0	128.5921015126068	2862.222222222222	2409	1805.2379883119136
ENST00000341181.11	ENSG00000080822	-	5	3	54	1397	186.33333333333334	138	107.94597414138859	1352.5	1550.5	842.454548724539
ENST00000647941.2	ENSG00000080819	-	7	5	663	1325	144.2	142	45.38391785643897	1909.5	1785.0	1395.0013261642441
ENST00000483910.6	ENSG00000064225	+	10	8	100	2178	115.0	102.0	41.11655905558524	3257.222222222222	2349	3215.921748806156
ENST00000326840.11	ENSG00000057019	-	16	14	574	3901	118.07142857142857	125.5	57.13205254996033	6641.8	1939	10024.46826662499
ENST00000477258.2	ENSG00000168386	-	6	4	449	1795	847.75	220.5	1286.1333199426358	56011.2	17689	76658.55429891696
ENST00000394144.9	ENSG00000036054	+	19	17	80	1652	115.58823529411765	112	46.826887072932536	3363.8888888888887	2294.5	4108.3040137362095
ENST00000394140.9	ENSG00000114021	+	10	8	42	6459	91.5	91.5	21.987009151509703	2182.8888888888887	2269	1625.6670511242796
ENST00000284320.6	ENSG00000154174	-	12	10	464	2287	134.9	125.0	33.83111651193978	3050.818181818182	2326	3675.168045632249
ENST00000323523.8	ENSG00000181458	+	6	4	310	520	184.25	189.0	28.087660398592593	16651.8	7957	25808.373858110474
ENST00000240851.9	ENSG00000114354	+	8	6	228	816	143.83333333333334	144.0	50.93688905564087	5366.285714285715	3921	2262.287685381453
ENST00000394095.7	ENSG00000138468	-	24	22	122	1876	135.22727272727272	124.0	73.99416438906762	8001.521739130435	2972	11452.888940308963
ENST00000265260.8	ENSG00000081154	+	5	3	100	1839	115.33333333333333	75	86.8350927524888	4500.25	5067.5	1474.9766947311405
ENST00000312938.5	ENSG00000066422	-	11	9	528	2795	259.3333333333333	177	223.9732126840172	2258.7	1523.5	1979.5654994636238
ENST00000394077.8	ENSG00000114391	-	6	4	47	125	97.0	93.5	33.29664647778612	1013.6	553	1140.0255698886758
ENST00000341893.8	ENSG00000182504	+	11	9	106	5716	205.55555555555554	143	221.3024576858056	3827.7	1671.0	6754.106981846099
ENST00000273347.10	ENSG00000144815	+	8	6	114	6828	271.0	194.0	248.21361767638777	5779.0	4402	5181.907017048196
ENST00000326172.9	ENSG00000144802	+	12	10	404	1705	181.4	125.5	212.45454415788177	689.6363636363636	378	731.1939924161402
ENST00000306107.9	ENSG00000170017	+	16	14	573	2424	121.71428571428571	123.0	44.596358201485074	13686.066666666668	2512	38712.10520988173
ENST00000394030.8	ENSG00000114423	-	19	17	277	3769	159.0	141	67.65445292070582	11489.055555555555	6725.0	17492.312592114897
ENST00000325805.13	ENSG00000114439	+	18	16	146	5970	180.8125	114.5	228.49105562362828	16433.470588235294	5984	30362.884386446323
ENST00000361309.6	ENSG00000196776	-	11	9	169	4202	102.33333333333333	93	99.69704107946234	4264.9	1831.0	4117.9083808814075
ENST00000264538.4	ENSG00000114446	-	11	9	314	1844	99.88888888888889	91	35.64913899536862	5855.6	2119.5	7654.811721322014
ENST00000361582.8	ENSG00000198919	+	33	31	118	1481	119.51612903225806	104	99.05987111094042	3119.21875	1982.5	3100.811139814611
ENST00000485303.6	ENSG00000177707	+	6	4	362	3926	227.25	224.5	108.98126750348735	12109.6	6284	15599.143800221857
ENST00000431670.7	ENSG00000144824	+	18	16	312	2095	227.1875	142.5	307.78092181506855	6541.823529411765	3822	7996.412830414133
ENST00000273359.8	ENSG00000144827	+	5	3	178	1992	144.66666666666666	138	36.46002377033418	2934.75	3438.0	1794.0693734264198
ENST00000283290.10	ENSG00000144848	-	12	10	506	271	79.1	70.0	39.90391236736345	2535.0	2172	1451.5632263184405
ENST00000492406.6	ENSG00000138459	+	7	5	229	2909	245.6	131	300.89499829674804	3194.8333333333335	2281.0	2406.5747789475954
ENST00000314400.10	ENSG00000163608	-	9	7	130	3561	161.28571428571428	132	111.30246221552376	1551.0	1633.0	1079.0980360600104
ENST00000240922.8	ENSG00000121579	-	5	3	308	5480	108.0	120	36.51027252705737	5920.0	708.5	10620.336309803628
ENST00000273398.8	ENSG00000114573	+	15	13	79	2722	136.46153846153845	129	43.856993711788974	4317.642857142857	2258.5	8021.125046805062
ENST00000358160.9	ENSG00000178075	+	18	16	149	1777	117.5625	113.5	31.332557614511245	6151.764705882353	4685	6852.9330538957165
ENST00000393765.7	ENSG00000121578	-	8	6	29	940	210.83333333333334	203.0	104.89121348648163	3843.285714285714	3558	1575.3939945598493
ENST00000264245.9	ENSG00000031081	+	12	10	622	6859	182.6	134.0	151.70893183988872	10638.636363636364	4079	20078.046983074462
ENST00000319172.10	ENSG00000176142	-	9	7	280	3266	186.71428571428572	187	85.17572871367031	3726.75	3134.0	2732.266863665721
ENST00000295588.9	ENSG00000163389	+	11	9	144	2427	104.11111111111111	100	40.92506702634842	2223.8	1504.0	1836.2763529611889
ENST00000264235.13	ENSG00000082701	-	11	9	1101	5535	123.0	107	40.391830857241416	26538.4	18232.0	27110.493828036404
ENST00000295628.4	ENSG00000163428	-	4	2	611	6900	203.5	203.5	105.35891039679558	5642.666666666667	3453	6342.612737140218
ENST00000295633.8	ENSG00000163430	-	11	9	96	4704	98.0	111	33.331666624997915	5301.8	2173.0	10421.582517918177
ENST00000283875.6	ENSG00000153767	+	5	3	51	2027	307.3333333333333	242	149.14869537925344	9331.5	6610.5	7068.919695870555
ENST00000310864.11	ENSG00000173226	-	15	13	95	814	128.30769230769232	130	28.455768645931343	4480.214285714285	2135.5	4581.737345635998
ENST00000273668.7	ENSG00000145088	+	6	4	183	185	157.5	141.5	66.80568838055633	10064.0	10139	5086.54450486772
ENST00000330689.6	ENSG00000196981	-	1	0	4217	4217	NA	NA	NA	NA	NA	NA
ENST00000344337.11	ENSG00000114030	-	14	12	183	5271	119.5	117.0	30.24896692450835	6626.923076923077	3381	8178.287182753474
ENST00000682323.1	ENSG00000138496	-	11	9	56	820	241.0	175	246.00152438552084	3333.2	3022.0	2098.715734284501
ENST00000296161.9	ENSG00000163840	+	5	3	276	3526	655.3333333333334	218	762.6856058254498	1274.5	1125.0	835.5184019517463
ENST00000474629.7	ENSG00000173193	+	17	15	232	2533	328.6	175	546.2203636942564	2644.25	2494.0	2171.7491721344495
ENST00000306103.3	ENSG00000169087	-	8	6	215	877	145.33333333333334	154.5	41.7596296279872	7409.857142857143	8838	5486.456215948853
ENST00000261038.6	ENSG00000138463	+	9	7	467	1877	139.71428571428572	128	66.11786013303386	10343.625	10878.0	4973.019604037657
ENST00000316218.12	ENSG00000065485	+	17	15	182	225	95.8	88	33.996218277079834	5827.25	4354.0	5799.657202513496
ENST00000492595.6	ENSG00000121542	+	7	5	44	2615	148.4	164	57.05523639421714	11465.5	12720.5	6556.148099303432
ENST00000383657.10	ENSG00000206527	-	7	5	181	3417	105.4	118	58.27778307382668	14895.833333333334	9987.5	14978.56724011568
ENST00000360304.8	ENSG00000065534	-	34	32	127	4301	177.65625	136.5	175.1700757650929	8005.181818181818	4289	11418.071710709699
ENST00000409697.8	ENSG00000175455	-	13	11	86	2297	158.9090909090909	123	132.6299020171956	3639.75	1591.5	4996.305692027042
ENST00000232607.7	ENSG00000114491	+	6	4	176	5359	279.25	165.0	263.04546501824865	2434.0	1952	1163.0079535411612
ENST00000296181.9	ENSG00000082781	-	15	13	435	1771	171.84615384615384	162	93.75575196029855	8641.285714285714	7610.5	7068.336867038389
ENST00000311127.9	ENSG00000173706	-	17	15	423	5092	245.33333333333334	135	327.63801163275707	5068.3125	3451.0	6433.539043882975
ENST00000469902.6	ENSG00000221955	-	14	12	49	1409	168.91666666666666	116.0	157.76187944513276	9740.0	4257	11616.961263600735
ENST00000360647.9	ENSG00000163848	-	9	7	224	8271	145.57142857142858	124	92.1861470845035	17517.875	9253.5	17784.37036467294
ENST00000296220.6	ENSG00000144909	-	13	11	861	1723	183.0909090909091	176	113.09151563707557	5170.166666666667	4069.0	3406.6347519705328
ENST00000360370.9	ENSG00000114544	-	11	9	32	869	142.33333333333334	145	66.14756231336118	7558.6	4822.0	6546.132856716076
ENST00000296233.4	ENSG00000163884	-	3	1	172	1261	1107.0	1107	NA	6117.0	6117.0	2585.1823920180177
ENST00000389709.8	ENSG00000070476	-	10	8	933	861	197.875	142.0	201.060358741207	3879.3333333333335	2037	5374.7605295492
ENST00000524230.9	ENSG00000197763	-	16	14	377	924	115.71428571428571	109.0	41.53854293846318	3010.266666666667	1829	2768.996220052795
ENST00000290913.8	ENSG00000159685	+	8	6	160	225	102.5	96.5	32.745992121174154	36454.42857142857	22678	43120.46917206546
ENST00000265056.12	ENSG00000073111	+	16	14	62	774	185.57142857142858	187.5	54.56078372676772	1372.8	845	1939.5997451609885
ENST00000232744.13	ENSG00000114626	+	12	10	130	658	117.4	118.0	51.95553654595223	546.6363636363636	157	716.5711789804657
ENST00000265052.10	ENSG00000074416	-	8	6	207	3258	134.33333333333334	124.0	44.8270751518172	18454.14285714286	10387	22585.680636401547
ENST00000243253.8	ENSG00000058262	+	12	10	123	2208	123.7	121.0	50.94888506031206	1425.3636363636363	957	1408.991928488398
ENST00000322623.10	ENSG00000175792	-	11	9	229	600	118.88888888888889	103	42.60412082312122	4110.4	3646.5	3059.1525769220616
ENST00000254730.11	ENSG00000132394	+	7	5	343	578	256.8	165	227.19198929539746	42160.166666666664	33011.0	36879.594083539836
ENST00000341105.7	ENSG00000179348	-	6	4	303	1892	297.0	210.0	239.16242737241706	2078.4	1721	2200.2484632422766
ENST00000265062.8	ENSG00000075785	+	6	4	177	1472	134.0	128.0	64.87937525387659	17286.2	5655	29047.828941247917
ENST00000308982.12	ENSG00000177646	+	18	16	222	608	100.9375	97.5	29.050458975146444	1826.4705882352941	1433	2073.811832039224
ENST00000422453.7	ENSG00000169714	-	5	3	121	2744	143.33333333333334	138	53.20087718575074	3193.75	338.0	5876.256539385144
ENST00000314797.10	ENSG00000181789	+	24	22	141	480	111.68181818181819	97.0	47.08188041278155	1090.8695652173913	935	906.2389963895148
ENST00000429544.7	ENSG00000129071	-	8	6	219	632	257.1666666666667	142.5	294.21856954765224	944.0	602	812.4013786300463
ENST00000348417.7	ENSG00000163913	+	30	28	148	332	128.39285714285714	138.5	44.809340367014826	2627.896551724138	1976	2127.3997264404998
ENST00000324093.9	ENSG00000004399	-	36	34	1348	1215	127.94117647058823	122.5	42.65644373964347	1272.857142857143	546	2723.3189541532624
ENST00000393238.8	ENSG00000172765	-	7	5	218	4004	416.2	251	384.33540039918256	39936.166666666664	14080.0	59357.68284027491
ENST00000510168.6	ENSG00000017260	+	28	26	254	1931	108.03846153846153	101.5	39.444625255393944	3854.5555555555557	1560	7058.333799533784
ENST00000264992.8	ENSG00000034533	-	6	4	319	513	463.75	203.5	576.8450831895857	2052.8	1756	1969.771864963047
ENST00000383366.9	ENSG00000114670	+	18	16	130	909	117.9375	111.5	50.93848414182215	18862.529411764706	7286	23073.129293394642
ENST00000264995.8	ENSG00000114686	-	10	8	242	664	100.25	95.5	37.52998800959041	4339.111111111111	2152	5102.219870910221
ENST00000260818.11	ENSG00000138246	+	56	54	259	857	122.92592592592592	115.0	45.29936142323532	2068.672727272727	1362	2846.8162727701783
ENST00000356232.10	ENSG00000081307	+	12	10	370	3352	97.0	97.5	26.14064523559687	1343.090909090909	680	1623.2363632290558
ENST00000264993.8	ENSG00000091527	+	5	3	599	2366	128.66666666666666	149	45.081407845511364	3306.25	1792.5	3785.852116763147
ENST00000260810.10	ENSG00000163781	-	28	26	173	1156	170.46153846153845	165.5	58.73004734834173	2071.962962962963	1247	2212.093256510352
ENST00000678299.1	ENSG00000144867	+	7	5	188	1940	89.6	83	30.21258016125071	2183.6666666666665	1885.5	1493.1677289128193
ENST00000285208.9	ENSG00000154917	-	8	6	486	4618	82.0	80.5	25.13165334791963	9436.0	3524	12229.796059896775
ENST00000310926.11	ENSG00000174640	-	14	12	219	2130	143.16666666666666	150.5	46.53997955489127	7166.0	2318	13726.354620461569
ENST00000623711.4	ENSG00000163785	-	15	13	437	1132	113.84615384615384	122	30.634528868163763	6477.0	3852.0	7526.851727188262
ENST00000249883.10	ENSG00000114019	-	10	8	106	2417	293.125	258.5	217.87639844645864	1581.4444444444443	1069	1314.5650526990962
ENST00000675561.1	ENSG00000182923	+	15	13	146	3655	152.15384615384616	138	62.623007159038806	5228.285714285715	1806.0	6669.463563119617
ENST00000264977.8	ENSG00000073711	+	14	12	122	2852	314.0833333333333	105.5	670.3519371919274	13494.153846153846	8296	12485.382031574323
ENST00000309993.3	ENSG00000174579	-	2	0	1364	3822	NA	NA	NA	42233.0	42233	NA
ENST00000251654.9	ENSG00000114054	+	15	13	219	265	101.15384615384616	108	20.407703422344195	5573.642857142857	3406.0	6526.269208798722
ENST00000383202.7	ENSG00000118007	-	34	32	184	2042	119.875	109.5	39.62953444086872	12426.69696969697	7424	21502.421583807787
ENST00000481752.6	ENSG00000158092	+	4	2	146	3348	478.5	478.5	331.6330803764908	28316.0	17355	33218.65986158984
ENST00000327532.7	ENSG00000158163	-	16	14	281	988	158.78571428571428	137.0	132.79780962711035	3341.8	2763	2635.130335621805
ENST00000260803.9	ENSG00000138231	-	8	6	323	1595	124.0	105.5	56.26366500682301	1610.2857142857142	1440	1076.8718144523539
ENST00000469044.6	ENSG00000114098	+	22	20	299	2515	97.15	92.0	32.39277859744603	5062.666666666667	2834	5943.322322853888
ENST00000423968.7	ENSG00000158186	+	6	4	189	3364	136.25	127.0	58.823889704778956	10571.4	1965	12420.975859408149
ENST00000264982.8	ENSG00000114107	-	18	16	63	733	115.0	104.5	40.50843533553639	5722.411764705882	2954	8901.86903168952
ENST00000360570.8	ENSG00000158234	+	6	4	167	447	118.0	96.5	82.73250066731131	4704.0	3773	4108.1467232804625
ENST00000674063.1	ENSG00000051382	-	24	22	234	2829	145.27272727272728	138.5	52.40972448677078	7650.95652173913	3642	10618.715696518024
ENST00000333188.10	ENSG00000184432	-	22	20	100	553	131.1	129.0	43.53449932615451	1379.3809523809523	879	1574.8441026397018
ENST00000672186.1	ENSG00000114115	-	4	2	283	243	140.5	140.5	54.44722215136416	7166.0	740	11338.639600939789
ENST00000324194.12	ENSG00000114120	+	7	5	260	4736	140.2	101	91.94944263017585	5577.166666666667	3178.5	4773.41116673042
ENST00000286353.9	ENSG00000155893	+	6	4	87	2657	139.5	136.0	14.059397805975427	11959.6	7809	11099.145633786413
ENST00000321464.7	ENSG00000177311	+	6	4	301	7404	77.25	70.5	19.189841062395487	14655.0	11478	14559.454608603992
ENST00000286364.9	ENSG00000155903	+	24	22	190	3062	108.45454545454545	103.0	37.61677345309729	5333.913043478261	2216	6983.635507469285
ENST00000286371.8	ENSG00000069849	+	7	5	268	1019	112.0	108	49.949974974968704	8010.0	4711.5	9303.791141249894
ENST00000489671.6	ENSG00000114126	-	13	11	362	8269	113.54545454545455	107	40.52002871757037	16269.75	6383.0	25687.066385192233
ENST00000392993.7	ENSG00000175066	-	16	14	277	8244	92.42857142857143	94.0	25.77629885025355	3882.9333333333334	2879	3542.4850532332457
ENST00000392981.7	ENSG00000114127	-	41	39	168	5204	120.6923076923077	114	39.73011177150799	3283.725	1856.5	3758.4556156410295
ENST00000476941.6	ENSG00000144935	+	13	11	698	1881	180.1818181818182	176	61.698975975000074	6607.833333333333	4172.5	7882.597885484355
ENST00000295992.8	ENSG00000163710	-	9	7	270	592	147.71428571428572	137	55.34652739999227	8664.25	4592.5	12582.448350778159
ENST00000473835.7	ENSG00000163714	+	28	26	104	4414	111.76923076923077	108.0	45.57043576031082	1916.0	1086	2189.4243711357276
ENST00000316549.11	ENSG00000181804	-	16	14	321	1708	109.64285714285714	106.0	37.217876479862866	38645.53333333333	26462	35275.166268448214
ENST00000315691.8	ENSG00000181744	+	3	1	1167	2859	304.0	304	NA	8108.0	8108.0	6286.179284748408
ENST00000282903.10	ENSG00000152952	-	20	18	304	1433	111.77777777777777	113.5	28.451311466837634	4631.368421052632	2189	8310.64042999847
ENST00000354952.7	ENSG00000114698	-	9	7	146	2121	138.0	159	82.05282851106759	6942.25	2184.0	9918.094960366992
ENST00000342435.9	ENSG00000188313	-	9	7	141	922	130.42857142857142	162	80.47537334045562	3431.5	3270.0	2392.2167245345595
ENST00000345003.9	ENSG00000163754	+	8	6	108	5016	145.33333333333334	149.5	56.72624319190076	4891.428571428572	2179	5991.418219897046
ENST00000310053.10	ENSG00000071794	-	25	23	217	2246	124.21739130434783	125	44.13610820440368	2128.625	1479.5	1975.8785126467494
ENST00000296051.7	ENSG00000163755	+	17	15	303	1638	178.0	181	100.13419567189393	2467.75	1663.0	2504.803079418952
ENST00000305366.8	ENSG00000169908	-	5	3	279	859	139.0	146	45.902069670114	1768.25	1703.5	1426.7574834801696
ENST00000360632.8	ENSG00000018408	-	7	5	261	3755	204.2	137	132.82582580206306	22625.666666666668	9694.0	31993.34939431423
ENST00000473414.6	ENSG00000114744	-	5	3	112	3247	111.66666666666667	83	54.040108561450296	2581.0	637.5	4260.411325995023
ENST00000392894.8	ENSG00000082996	+	10	8	139	1400	99.625	92.5	19.249768087656832	16287.666666666666	9815	13083.703088193342
ENST00000239940.12	ENSG00000070087	-	3	1	171	1683	193.0	193	NA	1972.5	1972.5	284.9640328181787
ENST00000688009.1	ENSG00000196428	+	3	1	3011	8047	52.0	52	NA	23507.5	23507.5	31479.686791643908
ENST00000239944.7	ENSG00000120742	-	3	1	445	2501	76.0	76	NA	738.5	738.5	658.3164132846757
ENST00000471696.6	ENSG00000198843	+	6	4	179	2778	120.0	119.0	27.748873851023216	4735.8	1642	7940.351295755119
ENST00000312960.4	ENSG00000181788	-	2	0	737	1574	NA	NA	NA	19734.0	19734	NA
ENST00000324210.10	ENSG00000152601	+	10	8	164	3396	244.5	162.5	299.0962577976719	21259.555555555555	7768	36269.20602284778
ENST00000305097.6	ENSG00000169860	+	1	0	6309	6309	NA	NA	NA	NA	NA	NA
ENST00000496811.6	ENSG00000174953	-	25	23	314	3811	112.95652173913044	100	45.76469288244493	1884.125	1353.0	1822.2577327494641
ENST00000360490.7	ENSG00000196549	+	23	21	148	3345	103.0	99	34.158454297582026	4442.272727272727	1584.0	7306.7424647299185
ENST00000496455.7	ENSG00000163655	+	16	14	248	6430	139.5	128.5	32.82998160687411	4316.0	3035	5341.255751225549
ENST00000265044.7	ENSG00000114850	-	5	3	161	3717	119.33333333333333	127	17.7857620959388	2832.25	2820.0	1994.954865821948
ENST00000295924.12	ENSG00000163659	+	6	4	207	2087	391.75	224.0	381.31996625755994	5664.0	2860	5991.470729295103
ENST00000295926.8	ENSG00000163660	-	11	9	356	1037	103.22222222222223	105	22.998792238820812	1027.3	370.5	1723.8818630572623
ENST00000483851.7	ENSG00000168779	-	5	3	742	2380	118.66666666666667	89	79.75169799655261	1759.5	1970.5	1092.9332093042099
ENST00000611884.5	ENSG00000174891	+	10	8	135	1548	114.25	116.5	58.352989885449986	48116.11111111111	56781	43069.12459188265
ENST00000466246.7	ENSG00000178053	+	8	6	154	1360	116.5	131.0	43.54652684198821	4721.428571428572	2157	7270.313217854805
ENST00000486715.6	ENSG00000168827	+	18	16	189	4246	127.6875	138.0	41.63126829679826	2622.176470588235	1652	3638.4809714236194
ENST00000264265.4	ENSG00000079257	-	6	4	299	331	110.25	100.0	57.0694021930024	1032.8	1330	724.3560588550357
ENST00000326448.12	ENSG00000068885	-	20	18	80	1650	126.05555555555556	121.5	44.175415337735515	7275.8421052631575	3673	8428.137768894265
ENST00000309784.9	ENSG00000213186	-	3	1	70	3684	70.0	70	NA	5230.0	5230.0	6093.846240265667
ENST00000334256.9	ENSG00000186432	-	17	15	358	7196	93.2	90	41.8452933007832	3850.8125	2300.0	6772.19212386211
ENST00000498165.6	ENSG00000163590	+	4	2	477	10092	168.5	168.5	9.192388155425117	103922.0	103492	100891.68724924764
ENST00000351193.7	ENSG00000169251	+	16	14	99	1528	100.07142857142857	97.0	25.556767237824733	1864.6	1344	1565.8194021022987
ENST00000392750.7	ENSG00000114209	-	9	7	231	1092	115.71428571428571	118	51.77423518094138	6182.75	5279.5	5981.046987896732
ENST00000446050.7	ENSG00000163536	+	9	7	103	323	167.71428571428572	195	74.84587337926361	11031.125	1911.0	18030.585977622264
ENST00000470487.6	ENSG00000173905	-	16	14	826	1730	125.28571428571429	83.5	82.41585785741495	5528.4	1904	11863.76869054927
ENST00000349841.10	ENSG00000085274	+	8	6	67	3301	266.8333333333333	169.5	269.70755767435713	1621.7142857142858	1061	1201.069483736018
ENST00000295797.5	ENSG00000163558	+	18	16	347	2938	100.125	90.0	34.19722210940532	4627.470588235294	2492	5900.071949960092
ENST00000259119.9	ENSG00000136603	+	7	5	49	4577	505.8	233	687.4363243239333	5327.666666666667	2563.0	7311.880788597874
ENST00000295822.7	ENSG00000163577	-	5	3	95	5002	145.66666666666666	132	48.95235779136009	3671.5	786.5	5930.476793648214
ENST00000351298.9	ENSG00000075651	-	27	25	85	2899	121.24	114	41.346382348802095	7848.653846153846	3106.5	14185.444305885685
ENST00000415807.7	ENSG00000075420	+	26	24	194	4506	138.79166666666666	133.5	65.25600366627391	14162.44	3711	22548.931216504843
ENST00000241261.7	ENSG00000121858	-	5	3	178	1412	95.33333333333333	105	48.232077845903895	4011.75	2749.0	2860.163092669134
ENST00000475381.7	ENSG00000144959	-	5	3	221	3844	157.0	172	80.55432949258531	19070.75	5864.0	29323.36158963816
ENST00000392692.8	ENSG00000114346	+	25	23	132	1327	116.3913043478261	111	38.88297025040745	2775.5416666666665	1487.0	3574.902065902939
ENST00000457928.7	ENSG00000177565	-	16	14	362	6181	117.07142857142857	112.5	44.442641141682294	11330.466666666667	2046	25580.9605087921
ENST00000311417.7	ENSG00000172667	-	6	4	215	8006	178.75	143.5	102.65273173829002	9130.2	3067	15352.261745423702
ENST00000263967.4	ENSG00000121879	+	21	19	247	6000	158.52631578947367	135	82.46303442624232	4123.9	897.0	11005.665660061304
ENST00000496856.6	ENSG00000121864	+	6	4	261	5315	96.5	91.0	32.14031735997639	1918.2	1266	1767.9145058514566
ENST00000471841.6	ENSG00000171109	+	18	16	102	2956	134.625	126.0	38.939054944875075	2471.529411764706	1814	2339.3318254804904
ENST00000232564.8	ENSG00000114450	-	10	8	125	5232	119.75	103.0	66.65208173793224	5452.0	2842	7763.777608226552
ENST00000429709.7	ENSG00000136518	+	14	12	192	478	98.66666666666667	95.5	27.841542973612565	1817.5384615384614	1297	1948.5195070182822
ENST00000263966.8	ENSG00000058056	+	21	19	354	5354	122.63157894736842	126	44.331090828391396	6416.2	3389.5	6684.574982355785
ENST00000296015.9	ENSG00000163728	+	12	10	260	1501	123.9	121.5	35.45090501900715	542.5454545454545	468	358.56836548595965
ENST00000382564.8	ENSG00000205981	-	6	4	137	1002	69.25	72.5	12.093386622447824	922.4	1000	500.1232848008579
ENST00000323116.10	ENSG00000058063	+	30	28	283	3607	122.32142857142857	112.5	49.15060270262966	4165.896551724138	1696	5451.877739070585
ENST00000292782.9	ENSG00000043093	-	7	5	52	7100	139.4	131	54.65162394659467	5769.333333333333	2294.0	6557.556882457572
ENST00000265594.9	ENSG00000078070	-	19	17	145	349	115.29411764705883	112	43.69462882592429	4545.833333333333	3170.0	3964.595302394017
ENST00000242810.11	ENSG00000114796	+	8	6	171	5434	287.6666666666667	187.0	343.4080177670094	5938.0	6601	3841.0351903273854
ENST00000305135.10	ENSG00000163872	+	31	29	197	2150	144.10344827586206	129	58.770342877768236	3610.0666666666666	2167.0	3833.0641648626265
ENST00000334444.11	ENSG00000114770	-	30	28	55	1468	152.39285714285714	148.5	56.59167540255125	3177.9655172413795	1675	4691.7943832272485
ENST00000648915.2	ENSG00000145191	+	16	14	223	428	136.5	124.5	60.17250841730606	492.8	260	514.9858805276676
ENST00000313143.9	ENSG00000161202	+	15	13	420	3296	119.46153846153847	122	44.29938935737035	926.3571428571429	190.0	2053.5386946268313
ENST00000292807.9	ENSG00000161203	+	12	10	105	610	121.6	118.5	64.29826332543257	664.1818181818181	469	669.5877564863052
ENST00000429586.7	ENSG00000161204	+	21	19	82	466	99.89473684210526	88	58.62867589692693	268.05	122.5	341.0558643852631
ENST00000310118.9	ENSG00000175166	+	21	19	161	343	126.78947368421052	127	41.48705145700874	344.85	213.0	328.553812783746
ENST00000346169.7	ENSG00000114867	+	33	31	69	627	151.90322580645162	119	132.74294829700239	479.46875	218.0	639.2235201158941
ENST00000330394.3	ENSG00000182580	+	16	14	569	895	197.85714285714286	156.0	155.4313388570693	1092.6666666666667	190	2283.340712535869
ENST00000317897.5	ENSG00000177383	-	1	0	1701	1701	NA	NA	NA	NA	NA	NA
ENST00000231887.8	ENSG00000113790	-	7	5	101	2864	167.2	112	101.85627128459004	9937.5	11059.5	3502.7928714098985
ENST00000421852.6	ENSG00000163900	-	5	3	193	2157	151.66666666666666	154	11.67618659209133	1657.5	1686.5	1020.1517860919848
ENST00000296257.10	ENSG00000163904	+	17	15	220	3770	107.06666666666666	95	46.54102133244034	2603.8125	2257.5	1957.2267870212008
ENST00000382199.7	ENSG00000073792	-	16	14	260	2494	109.21428571428571	115.5	57.81160193837668	11842.0	2559	31485.177737196547
ENST00000453386.7	ENSG00000136527	-	9	7	190	3168	117.14285714285714	116	47.918084865141026	2409.875	1238.5	3527.7249017097206
ENST00000306376.10	ENSG00000244405	-	13	11	150	2547	125.9090909090909	102	82.17962587582709	4891.166666666667	2166.5	7249.933539925269
ENST00000338733.10	ENSG00000113838	-	8	6	73	889	289.6666666666667	277.0	144.91330741745793	2653.285714285714	2894	1789.2633227379467
ENST00000265028.8	ENSG00000090520	+	10	8	246	450	118.0	122.5	36.63721761113573	1492.6666666666667	1091	1246.8015078592102
ENST00000323963.10	ENSG00000156976	+	11	9	63	773	116.66666666666667	133	38.48051454957431	443.5	247.5	378.1240977950669
ENST00000169298.8	ENSG00000073849	+	8	6	309	2992	217.16666666666666	137.0	217.39311549970176	20489.14285714286	7938	26730.016376279877
ENST00000406870.7	ENSG00000113916	-	10	8	59	1221	253.25	169.5	295.29634026081084	2309.1111111111113	1461	3128.951958901113
ENST00000447382.6	ENSG00000196083	+	12	10	135	3177	143.3	146.5	64.56357762357625	12062.272727272728	4581	14832.014691813847
ENST00000392455.9	ENSG00000152492	+	12	10	330	6919	138.0	106.0	139.44413457247555	5512.454545454545	2944	7741.360828221823
ENST00000361510.8	ENSG00000198836	+	31	29	202	3206	104.17241379310344	97	50.06001324518776	3272.5	1353.0	5698.186558171305
ENST00000232424.4	ENSG00000114315	+	4	2	341	1050	92.0	92.0	5.656854249492381	336.6666666666667	248	264.39616739531857
ENST00000645319.2	ENSG00000133657	-	34	32	437	3440	114.40625	113.5	48.22785928579375	2326.909090909091	1308	4144.577891381374
ENST00000347147.9	ENSG00000145014	-	10	8	341	962	129.875	128.0	33.103463349237124	4822.222222222223	4548	4568.802298682275
ENST00000265245.10	ENSG00000041802	-	14	12	128	1457	141.5	122.5	93.06840104314284	2162.923076923077	1928	1804.9626709685006
ENST00000329759.6	ENSG00000185112	+	1	0	3155	3155	NA	NA	NA	NA	NA	NA
ENST00000326793.11	ENSG00000114331	-	23	21	226	4684	103.95238095238095	96	49.189913793862445	7326.5	3535.5	12210.357550047418
ENST00000618156.5	ENSG00000184203	-	6	4	422	2515	112.25	101.5	39.14396505209967	5102.4	4506	4704.648477835512
ENST00000672887.2	ENSG00000061938	-	16	14	67	824	227.07142857142858	137.5	328.9373249363224	2741.2	1378	4967.8380350870075
ENST00000360110.9	ENSG00000072274	-	19	17	48	2901	121.3529411764706	114	51.66350401452483	1544.1666666666667	1445.0	1114.7857747250866
ENST00000431016.6	ENSG00000161217	-	9	7	112	4527	129.57142857142858	127	36.08257724930941	5976.625	3469.0	6330.970269521997
ENST00000296328.9	ENSG00000163960	-	11	9	101	9185	137.22222222222223	113	101.30002193703832	7424.5	4611.5	8365.121108906114
ENST00000318037.3	ENSG00000163961	-	6	4	896	3990	115.25	102.0	47.63314672228433	5927.8	3507	5397.964959130431
ENST00000311630.7	ENSG00000174013	+	3	1	643	4927	357.0	357	NA	7236.5	7236.5	1291.8840892278224
ENST00000409690.5	ENSG00000174007	-	3	1	322	1636	200.0	200	NA	1908.0	1908.0	1828.5781361484119
ENST00000392391.9	ENSG00000163964	+	6	4	268	2249	130.25	121.5	64.28257928863776	4118.6	4213	1337.9672268034071
ENST00000327134.7	ENSG00000180370	+	15	13	301	4329	116.07692307692308	113	51.33949346987745	6189.428571428572	1893.0	11484.060825029055
ENST00000323460.10	ENSG00000119231	+	10	8	154	3902	273.5	95.0	514.526689575686	6727.888888888889	3120	7720.565660047916
ENST00000321256.10	ENSG00000114503	-	4	2	103	1677	160.5	160.5	30.405591591021544	1674.0	1602	1284.514305097456
ENST00000667157.1	ENSG00000075711	-	25	23	77	2170	113.30434782608695	115	44.623103252390656	10466.666666666666	5216.0	18781.702959475508
ENST00000392379.6	ENSG00000161267	-	8	6	188	2582	126.16666666666667	134.0	30.64256299115116	6094.142857142857	8075	4744.864958688548
ENST00000296343.10	ENSG00000145016	-	20	18	250	6330	148.61111111111111	124.5	107.96412197571436	3093.842105263158	887	5008.480899247661
ENST00000241502.9	ENSG00000122068	+	9	7	192	5786	107.85714285714286	113	31.540601196069865	3872.625	2937.0	3677.167696455676
ENST00000425562.7	ENSG00000186001	+	21	19	287	4896	102.42105263157895	108	34.81110261823196	4502.7	3427.0	4993.55276015194
ENST00000265239.11	ENSG00000114473	-	12	10	147	638	144.7	130.5	69.93338099775941	6243.909090909091	4997	6415.675887302061
ENST00000647248.2	ENSG00000182899	+	5	3	32	861	113.66666666666667	145	61.329710037903595	1296.75	1158.0	1099.0660808158898
ENST00000453061.7	ENSG00000174227	+	13	11	280	1048	234.63636363636363	210	87.2505274795204	3090.1666666666665	3098.5	2078.477363724501
ENST00000362003.10	ENSG00000185619	+	11	9	139	4058	96.66666666666667	97	34.67347689517162	5919.1	2499.5	8144.1668757461
ENST00000314167.9	ENSG00000178950	-	28	26	274	498	141.8846153846154	125.0	80.4305051199242	2910.3333333333335	1119	3853.784164248873
ENST00000273814.8	ENSG00000145214	-	23	21	358	1835	116.95238095238095	112	46.09390001993343	456.09090909090907	219.0	650.9522628310377
ENST00000510644.6	ENSG00000127418	+	7	5	329	1994	217.6	273	122.3797368848291	1977.0	377.5	3772.8669735361727
ENST00000382952.8	ENSG00000159692	-	10	8	215	979	161.75	150.0	38.384334602245524	3910.8888888888887	2632	3820.666939306685
ENST00000303400.9	ENSG00000090316	+	9	7	92	1064	146.57142857142858	134	48.3627168483366	6008.125	4524.0	6776.633602471278
ENST00000489418.6	ENSG00000163950	-	8	6	190	983	106.16666666666667	111.0	36.65742307727954	2539.8571428571427	1361	2812.9196237226206
ENST00000382936.8	ENSG00000168936	-	4	2	691	1477	317.5	317.5	222.73863607376248	856.3333333333334	476	1014.4606120167176
ENST00000440486.8	ENSG00000068078	+	18	16	173	1752	148.5	141.5	53.326666249947905	663.1764705882352	218	1266.7382935759717
ENST00000302787.3	ENSG00000168924	-	14	12	288	3095	165.66666666666666	138.5	96.31702703556468	3023.6153846153848	1897	2533.3642828743737
ENST00000508803.6	ENSG00000109685	+	22	20	150	3555	192.75	151.0	133.34477472840254	4916.190476190476	1636	7110.241554399173
ENST00000423729.3	ENSG00000185818	+	3	1	561	5330	165.0	165	NA	1853.5	1853.5	1051.4677836243961
ENST00000337190.7	ENSG00000123933	-	6	4	193	3270	102.0	107.5	55.00909015790027	2161.4	1161	2330.8318901199204
ENST00000314289.13	ENSG00000063978	+	8	6	153	2188	96.66666666666667	97.5	61.992472661337416	6261.571428571428	3537	7650.83953687748
ENST00000637812.2	ENSG00000125386	+	21	19	524	799	221.0	184	168.12858835493213	9520.25	3721.5	13846.258608755157
ENST00000315423.12	ENSG00000168884	-	6	4	323	873	187.5	184.5	97.56536270623914	2548.6	1866	3196.6400798338245
ENST00000503393.8	ENSG00000087266	+	13	11	54	7400	141.0909090909091	89	172.40908012367245	3250.5	1035.0	7663.135098995354
ENST00000683351.1	ENSG00000087274	+	16	14	181	1892	147.64285714285714	147.0	69.21272353332947	5471.933333333333	2634	8003.850059874459
ENST00000355443.9	ENSG00000109736	-	13	11	57	387	115.72727272727273	109	40.35366379671345	211.83333333333334	107.5	216.45567815620038
ENST00000382753.5	ENSG00000132406	-	5	3	118	715	136.66666666666666	142	25.423086620891127	2859.75	2073.5	1939.6196147698652
ENST00000337872.9	ENSG00000168826	+	8	6	102	1144	273.3333333333333	122.5	409.487810156379	4092.4285714285716	3046	3226.130543811624
ENST00000621129.5	ENSG00000168824	+	5	3	72	1824	127.66666666666667	117	23.860706890897706	7419.5	5633.5	7618.652483652649
ENST00000382723.5	ENSG00000163132	+	2	0	704	1236	NA	NA	NA	2332.0	2332	NA
ENST00000324989.12	ENSG00000072832	-	14	12	498	1088	132.33333333333334	149.5	45.76885271435017	5319.153846153846	3642	6470.472713876911
ENST00000226760.5	ENSG00000109501	+	8	6	165	2609	144.33333333333334	147.0	58.46936519808187	4253.714285714285	3043	3268.0985661536033
ENST00000285599.8	ENSG00000013288	+	19	17	160	2175	164.35294117647058	157	49.49992572781118	2391.3888888888887	2072.0	1953.4842217369362
ENST00000382581.5	ENSG00000179010	+	2	0	574	1000	NA	NA	NA	471.0	471	NA
ENST00000307659.6	ENSG00000170871	+	10	8	115	3378	545.125	103.5	1115.4497411358343	10398.222222222223	7390	7976.015323734305
ENST00000409757.9	ENSG00000132405	+	14	12	126	2788	169.41666666666666	114.0	185.70575862874793	9103.23076923077	3592	12496.28219480929
ENST00000310074.8	ENSG00000173011	+	2	0	478	3891	NA	NA	NA	10212.0	10212	NA
ENST00000264954.5	ENSG00000109519	-	4	2	94	2314	122.5	122.5	57.27564927611035	2172.3333333333335	1594	1379.6239825884927
ENST00000420658.6	ENSG00000196526	-	18	16	206	5078	151.25	148.0	48.80505438305887	10202.588235294117	5052	15471.215825925025
ENST00000499869.7	ENSG00000071127	-	15	13	149	1146	130.6153846153846	122	47.61396584605974	2819.1428571428573	1420.5	3556.9606917475717
ENST00000326756.4	ENSG00000178163	-	3	1	110	6660	184.0	184	NA	5296.5	5296.5	4198.092959904533
ENST00000330852.10	ENSG00000157869	-	7	5	265	927	99.6	97	19.552493447128423	19154.5	6458.5	29563.366876930646
ENST00000040738.10	ENSG00000038219	-	26	24	381	1391	366.4583333333333	82.5	1234.8449992211367	1936.84	1340	1901.4941642473339
ENST00000341285.8	ENSG00000118564	-	11	9	154	1419	212.77777777777777	149	197.2002648183933	4748.9	3120.5	4124.2456939959875
ENST00000226299.9	ENSG00000002549	+	13	11	370	571	115.27272727272727	110	35.08871872579821	2380.3333333333335	1665.5	1994.8383089333026
ENST00000251496.7	ENSG00000109805	+	21	19	210	1564	148.05263157894737	146	47.586732142724316	1465.0	1114.5	1246.0721445701627
ENST00000504154.6	ENSG00000145147	+	37	35	2090	1794	119.11428571428571	125	56.260827155925355	10016.777777777777	2727.5	32785.93417141051
ENST00000334304.10	ENSG00000152990	-	19	17	539	1572	145.05882352941177	156	53.60325385206958	6895.222222222223	3795.0	9495.714095475207
ENST00000264867.7	ENSG00000109819	-	13	11	144	3905	203.54545454545453	123	241.27634100191574	7644.916666666667	2931.0	14734.216525787446
ENST00000336812.5	ENSG00000109606	-	14	12	232	567	183.25	169.0	88.35581474922859	4160.153846153846	3093	3787.6638984593533
ENST00000382103.7	ENSG00000109618	-	11	9	194	4212	121.88888888888889	119	28.637582144991065	3493.3	1473.5	5241.976197538058
ENST00000264864.8	ENSG00000038210	+	10	8	399	2191	125.5	133.0	47.42512896284898	4619.777777777777	2589	5431.5166569241455
ENST00000302874.9	ENSG00000168228	+	13	11	163	1355	116.27272727272727	101	61.476972776952685	4567.75	2049.0	5594.245113182264
ENST00000506197.3	ENSG00000250317	+	3	1	203	659	57.0	57	NA	7337.0	7337.0	9267.341474230892
ENST00000355476.8	ENSG00000168214	+	11	9	35	4232	125.33333333333333	138	42.40872551728005	10851.5	3796.0	20048.260347083597
ENST00000264866.9	ENSG00000109680	+	21	19	209	1351	74.05263157894737	73	25.704460668250054	8458.65	5518.0	8859.399238721135
ENST00000467087.7	ENSG00000109689	+	12	10	529	2863	161.2	149.5	58.23477388029328	14503.363636363636	4428	20161.227860786294
ENST00000695919.1	ENSG00000169851	+	3	1	4228	4328	217.0	217	NA	208829.5	208829.5	18771.563720159276
ENST00000303965.9	ENSG00000047365	-	33	31	336	2275	158.1290322580645	121	179.5089119302036	5343.6875	3449.0	5044.386170256736
ENST00000454158.7	ENSG00000181826	-	7	5	177	2709	146.2	139	83.35286437789645	12021.0	6113.0	13487.620116239928
ENST00000381967.9	ENSG00000169299	+	14	12	128	1428	137.91666666666666	132.0	44.30772215341523	2541.6153846153848	2234	1890.9906371380027
ENST00000698857.1	ENSG00000065882	+	22	20	265	2039	184.05	159.5	114.8850569734353	11528.809523809523	5811	24196.534098128697
ENST00000261438.10	ENSG00000109787	+	6	4	263	4436	223.75	156.0	177.81146382240564	6345.0	4866	6123.771999348114
ENST00000358869.5	ENSG00000197712	+	15	13	29	2284	134.3846153846154	124	74.11650565330513	5276.714285714285	4260.0	4472.987427600544
ENST00000504108.7	ENSG00000109790	+	11	9	804	5224	187.77777777777777	187	27.855779372411114	5628.4	5121.5	3576.736942459643
ENST00000349703.7	ENSG00000035928	-	25	23	124	1389	145.95652173913044	118	77.05162275494241	3084.875	1898.5	3864.0964893941023
ENST00000316423.11	ENSG00000109814	-	12	10	157	1499	138.1	132.5	40.39375639322933	2331.6363636363635	1099	2416.165692692754
ENST00000295958.10	ENSG00000163683	-	5	3	127	5823	100.66666666666667	110	47.68997099321128	21569.5	24225.5	14114.285777183342
ENST00000261427.10	ENSG00000078140	+	7	5	255	4433	93.0	94	25.5049014897137	13250.666666666666	9042.0	14191.71546595642
ENST00000303538.13	ENSG00000121892	-	33	31	455	2626	130.6451612903226	124	55.33024994647851	4622.4375	2577.0	8582.9383115856
ENST00000261435.11	ENSG00000078177	+	18	16	181	4061	342.375	132.0	601.6876127471243	5393.117647058823	4360	6018.788996575151
ENST00000295971.12	ENSG00000163694	-	7	5	469	2864	356.2	207	449.29689515953703	33578.5	17079.5	38217.2604918249
ENST00000508593.6	ENSG00000163697	-	18	16	138	6233	158.0	113.5	180.42874863317468	23271.58823529412	9725	25470.084444939577
ENST00000284440.9	ENSG00000154277	+	9	7	82	469	78.85714285714286	67	47.83105187856027	1303.125	864.0	1360.042692344619
ENST00000503057.6	ENSG00000064042	+	32	30	194	2885	153.93333333333334	120.0	92.22159719125312	4973.903225806452	2481	10596.45299571147
ENST00000504986.6	ENSG00000109133	+	7	5	101	6734	113.8	95	48.0957378569037	2995.1666666666665	3717.5	1840.2597008755765
ENST00000264451.12	ENSG00000014824	+	18	16	231	4380	97.0625	96.5	38.184584585929436	5515.764705882353	3333	4806.286333145006
ENST00000381668.9	ENSG00000124406	-	37	35	281	4641	95.65714285714286	89	35.95499053730671	6679.527777777777	3297.0	7367.369685642267
ENST00000281543.6	ENSG00000151806	+	17	15	368	2385	113.8	120	41.0229900700292	1128.0625	1100.0	731.4622313102252
ENST00000295448.8	ENSG00000163281	-	7	5	83	1348	160.8	175	34.42673379802388	3754.5	3952.0	1669.7915738199183
ENST00000381571.6	ENSG00000169019	-	5	3	117	879	155.0	156	1.7320508075688772	2863.75	3324.0	981.9077943812579
ENST00000507489.2	ENSG00000170448	-	23	21	219	1097	122.0952380952381	121	47.81935252793032	2884.7272727272725	2489.0	2914.283317629097
ENST00000295461.10	ENSG00000163293	+	6	4	114	4612	144.0	126.0	92.72899582475088	3620.0	2816	2989.5155962128715
ENST00000381501.8	ENSG00000135605	-	18	16	87	1717	116.0625	112.0	53.16197732715868	7670.294117647059	2332	14953.51878223277
ENST00000264313.11	ENSG00000109171	+	8	6	600	4191	215.0	162.0	97.73638012531465	11227.42857142857	2719	14617.372026201596
ENST00000358350.9	ENSG00000075539	-	64	62	202	2324	147.83870967741936	140.5	79.83840103781505	4305.253968253968	1556	10880.939920216591
ENST00000264312.12	ENSG00000109180	+	9	7	162	1091	100.71428571428571	81	50.91075291040943	3596.25	2541.0	2909.2092077204957
ENST00000508632.6	ENSG00000145247	-	7	5	117	547	89.0	97	36.51027252705737	3441.1666666666665	2898.0	2237.4514445383315
ENST00000334635.10	ENSG00000109184	+	11	9	115	3309	88.66666666666667	92	23.96351393264352	6946.3	6269.5	6196.609772914362
ENST00000381431.10	ENSG00000163069	-	6	4	73	3455	180.0	189.0	33.58571124749333	2669.2	3567	1843.463235326379
ENST00000441222.8	ENSG00000109189	-	9	7	187	6782	137.57142857142858	84	72.11762878071062	7551.25	3025.0	9462.565640459252
ENST00000248706.5	ENSG00000128045	+	4	2	333	1501	67.0	67.0	14.142135623730951	850.3333333333334	780	274.3471037451158
ENST00000401642.8	ENSG00000184178	-	9	7	958	1080	160.57142857142858	146	44.49665584010085	61239.75	30212.0	76376.2105328429
ENST00000337488.11	ENSG00000145216	+	18	16	283	1561	97.0	99.0	47.13243752095436	4695.64705882353	2061	5047.670291099356
ENST00000263921.8	ENSG00000109220	-	6	4	424	357	82.0	58.5	49.37610758251404	10741.6	3691	14760.872138867677
ENST00000288135.6	ENSG00000157404	+	21	19	125	2287	143.94736842105263	123	54.750417232515254	3880.6	1190.0	8459.339101969212
ENST00000264228.9	ENSG00000128039	+	5	3	316	3269	158.66666666666666	143	34.297716153314546	5699.5	3950.5	4832.587471186286
ENST00000381334.10	ENSG00000134851	+	6	4	440	800	172.75	179.5	49.68819443959165	5657.6	5232	5972.044817313414
ENST00000513440.6	ENSG00000134852	-	23	21	128	7692	126.19047619047619	114	49.38382229801481	4933.5	2723.5	8294.080188102034
ENST00000381295.7	ENSG00000090989	+	19	17	306	744	149.52941176470588	150	51.418768031550044	2658.1666666666665	2306.5	1773.9971234806574
ENST00000257287.5	ENSG00000174799	+	26	24	115	2002	144.95833333333334	152.5	47.240806942512215	3152.84	2839	2381.074751731523
ENST00000264220.6	ENSG00000128059	-	11	9	266	2187	136.55555555555554	128	52.84200770010331	3857.2	1009.0	8403.630561978687
ENST00000309042.12	ENSG00000084093	+	4	2	314	6004	495.5	495.5	581.9488809165287	6878.666666666667	8250	3959.311219559954
ENST00000314595.6	ENSG00000047315	+	25	23	109	260	148.52173913043478	151	45.841495260811854	2019.9166666666667	1089.5	2127.5823984792787
ENST00000322244.10	ENSG00000033178	-	33	31	107	6481	95.2258064516129	88	35.623690317371064	2467.625	1282.0	3192.7440796381593
ENST00000254803.4	ENSG00000132467	+	1	0	2020	2020	NA	NA	NA	NA	NA	NA
ENST00000381006.8	ENSG00000018189	+	18	16	788	2104	96.3125	95.5	38.613846825545195	4836.64705882353	2750	9138.961845726628
ENST00000254799.11	ENSG00000132463	-	10	8	420	5079	138.875	140.0	31.975157767956585	1944.2222222222222	1606	1277.7989648001928
ENST00000309395.7	ENSG00000173542	+	6	4	182	6189	139.75	149.0	33.944808144987356	15774.0	5128	22885.869319298316
ENST00000286648.10	ENSG00000156136	+	7	5	278	1563	133.0	116	39.64845520319802	5793.333333333333	2352.5	9092.299811745468
ENST00000264485.11	ENSG00000080493	+	26	24	143	4296	136.54166666666666	145.5	51.53047149748994	15084.36	6935	20148.233865693208
ENST00000507544.3	ENSG00000163626	-	6	4	400	5926	124.5	116.5	28.19574435974337	2106.2	2615	1301.4688624780847
ENST00000358602.9	ENSG00000132466	-	34	32	523	2915	229.96875	155.0	284.0951095144019	5291.69696969697	1912	13990.775698841828
ENST00000325278.7	ENSG00000163738	+	8	6	164	1403	131.33333333333334	124.5	33.04945788763663	20375.285714285714	20146	18583.233184013716
ENST00000324439.10	ENSG00000163743	-	9	7	207	3634	81.0	79	38.828683555673976	3870.375	1538.0	5164.87391458605
ENST00000311638.7	ENSG00000174796	+	5	3	48	3067	144.66666666666666	126	56.36783953047458	3001.25	2997.5	2232.039332837424
ENST00000359707.9	ENSG00000138757	-	12	10	204	2917	120.0	111.0	33.373309362090204	2391.3636363636365	1053	3238.870861047945
ENST00000514213.7	ENSG00000138768	+	24	22	309	1081	124.22727272727273	115.0	44.724481224260394	3721.1739130434785	1620	5996.101086631772
ENST00000286733.9	ENSG00000138744	-	11	9	270	679	101.11111111111111	91	48.354018562174446	2549.5	2442.0	2092.76315217731
ENST00000356260.10	ENSG00000198301	-	22	20	194	883	96.3	96.5	33.70007027948318	1810.857142857143	1454	2014.8653872086413
ENST00000264896.8	ENSG00000138760	-	12	10	398	3015	128.1	134.0	44.57066798292846	4581.272727272727	2101	5812.26302038903
ENST00000296043.7	ENSG00000138771	+	11	9	992	4445	606.0	155	993.5514581540303	33713.4	7867.5	55251.45667099345
ENST00000264893.11	ENSG00000138758	+	10	8	179	4119	155.875	165.5	36.80231941448411	9257.666666666666	4147	14207.852221571
ENST00000237654.9	ENSG00000118816	-	7	5	518	1508	146.6	141	56.345363606955274	4346.0	4335.0	3847.8400174643434
ENST00000316355.10	ENSG00000138764	+	8	6	300	4260	151.83333333333334	138.0	65.18716642612	1054.7142857142858	1026	776.8175921209377
ENST00000504123.7	ENSG00000138767	-	12	10	65	7257	145.0	153.5	52.85830114561004	8837.272727272728	3440	12209.211244719367
ENST00000264908.11	ENSG00000138772	+	13	11	90	392	86.36363636363636	91	22.628622261519713	4770.5	3863.0	4675.8441240836155
ENST00000502613.3	ENSG00000138756	+	16	14	372	5756	134.57142857142858	120.5	51.37900541857732	8800.266666666666	5062	12511.822143572093
ENST00000512733.5	ENSG00000163291	-	6	4	399	8804	152.0	159.5	44.62435807194691	3550.0	3451	821.1905990694244
ENST00000403729.7	ENSG00000163297	-	17	15	821	6322	85.06666666666666	81	27.86566414236772	10229.0625	2238.0	17575.3606562094
ENST00000313899.12	ENSG00000138668	-	9	7	546	1657	123.57142857142857	132	40.41805348627081	2303.25	1142.0	3910.4134874533593
ENST00000295470.10	ENSG00000152795	-	8	6	1215	2315	140.33333333333334	147.0	32.19730837611534	503.14285714285717	453	376.42238180508014
ENST00000273920.8	ENSG00000145293	+	6	4	324	1197	140.5	128.5	43.653942166391644	5701.0	3021	6340.445804515642
ENST00000319540.9	ENSG00000145284	-	5	3	491	1979	190.0	206	52.848841046895245	41554.5	34126.5	37714.575878122596
ENST00000302236.10	ENSG00000168152	+	5	3	148	3026	217.0	196	78.63205453248695	3852.5	2622.5	3646.869022417266
ENST00000295491.9	ENSG00000163319	+	6	4	120	1178	63.0	59.0	14.65150731722394	938.2	1175	538.8651965009431
ENST00000264409.5	ENSG00000138678	+	12	10	656	1208	106.4	88.0	61.74355566912766	6076.363636363636	1899	10556.630288806437
ENST00000295887.6	ENSG00000163624	+	13	11	392	2778	103.54545454545455	98	29.255302549669988	5324.916666666667	2654.5	5831.453451418489
ENST00000395184.6	ENSG00000138639	+	10	8	410	2188	252.875	128.0	335.5687868593945	58099.555555555555	18295	73912.14434399652
ENST00000411767.7	ENSG00000163629	+	48	46	475	706	160.15217391304347	135.0	108.85831104724146	4517.0	1792	8079.462170003752
ENST00000395146.9	ENSG00000172493	+	21	19	230	5460	187.94736842105263	92	263.10147465362536	9838.4	2187.5	22259.274266790697
ENST00000273963.10	ENSG00000145332	-	10	8	201	3540	236.25	178.0	147.74084453141975	6098.333333333333	4582	7650.703889185622
ENST00000358290.9	ENSG00000198189	-	7	5	328	852	120.4	117	14.046351839534704	8815.333333333334	7961.0	6101.980585569465
ENST00000237596.7	ENSG00000118762	+	15	13	694	2320	159.6153846153846	148	49.341562030297986	4646.714285714285	3585.5	4430.470741243078
ENST00000608933.6	ENSG00000163644	-	7	5	156	5107	209.2	145	163.69544892879583	3438.8333333333335	2664.0	3018.7164435678064
ENST00000264346.12	ENSG00000138642	+	23	21	269	864	125.85714285714286	122	46.712188681633954	2748.6363636363635	2421.5	1900.753723819769
ENST00000264350.8	ENSG00000138646	+	23	21	416	491	124.0	114	45.34203347888138	2069.7272727272725	1544.0	1685.8951891338288
ENST00000273968.5	ENSG00000145337	-	2	0	279	1032	NA	NA	NA	1468.0	1468	NA
ENST00000323061.7	ENSG00000177432	-	1	0	1917	1917	NA	NA	NA	NA	NA	NA
ENST00000264344.10	ENSG00000138640	-	24	22	248	2700	132.63636363636363	143.5	60.28546808591323	14146.08695652174	7806	17433.936826340232
ENST00000603357.3	ENSG00000180346	+	2	0	351	2835	NA	NA	NA	183.0	183	NA
ENST00000394991.8	ENSG00000145335	-	6	4	200	2562	103.75	113.5	50.09574166866215	21977.2	5754	39759.893217914956
ENST00000354268.9	ENSG00000163104	+	24	22	206	1820	139.45454545454547	118.5	73.57971205416631	3405.8260869565215	1541	4328.454360415231
ENST00000317968.9	ENSG00000163110	+	13	11	54	4246	158.45454545454547	152	100.7455841576827	17519.916666666668	7202.0	21856.802063590403
ENST00000515059.6	ENSG00000138696	+	13	11	114	3901	142.27272727272728	131	64.03606938138991	32909.5	6381.0	50031.845386895155
ENST00000408927.8	ENSG00000138698	+	15	13	186	1869	130.15384615384616	129	10.023689888177854	12766.285714285714	10678.0	14239.049052239687
ENST00000305798.8	ENSG00000168785	-	8	6	466	2221	110.0	121.5	50.438080851673966	26414.0	3601	55109.98891913032
ENST00000450253.7	ENSG00000151247	-	7	5	39	1867	104.2	107	27.698375403622503	7905.166666666667	3531.5	10008.83244772669
ENST00000296411.11	ENSG00000164024	+	11	9	147	1656	98.11111111111111	92	35.21166157839063	6440.3	3378.5	9606.757333021145
ENST00000296412.14	ENSG00000197894	-	9	7	100	1464	155.42857142857142	139	62.64145896251444	1894.875	1722.0	1636.401665458174
ENST00000394876.7	ENSG00000145331	-	8	6	127	2646	129.0	128.0	53.911037830856124	1968.857142857143	1528	1363.617545180396
ENST00000499666.7	ENSG00000109270	-	7	5	93	3732	67.6	59	38.81108089193085	1988.1666666666667	1770.0	1432.664149990034
ENST00000442697.7	ENSG00000164031	-	8	6	180	4905	147.0	159.0	37.13758204299251	6343.428571428572	2573	6269.761634414896
ENST00000296417.6	ENSG00000164032	-	5	3	108	436	107.33333333333333	114	26.63331247391757	330.5	309.5	68.74348453974869
ENST00000273990.6	ENSG00000145358	-	3	1	166	2298	140.0	140	NA	997.5	997.5	1028.8403666264267
ENST00000394854.8	ENSG00000138814	-	14	12	788	2644	109.25	105.0	43.27318086087712	24566.615384615383	8117	44168.65581408468
ENST00000356736.5	ENSG00000138821	-	9	7	138	1528	212.28571428571428	170	117.35943973638463	10083.125	3310.0	14181.481863306306
ENST00000226574.9	ENSG00000109320	+	24	22	430	869	125.27272727272727	132.0	45.26659844813762	4864.739130434783	2226	7252.652995580879
ENST00000647097.2	ENSG00000109323	-	17	15	251	1512	149.2	145	46.52986751999807	7887.375	3907.5	9303.970456208468
ENST00000453744.7	ENSG00000109332	-	8	6	125	3078	87.66666666666667	86.0	40.66284135014014	4205.714285714285	1946	5935.844104935307
ENST00000273986.10	ENSG00000145354	+	3	1	196	5467	215.0	215	NA	8969.0	8969.0	9982.933536791677
ENST00000296424.9	ENSG00000164039	-	10	8	52	2164	88.0	92.5	20.318886358684694	2147.0	2325	1318.51222974988
ENST00000265148.9	ENSG00000138778	-	49	47	80	506	169.25531914893617	159	74.90268123287838	1749.8333333333333	1126.5	2362.770608915434
ENST00000380013.9	ENSG00000168769	+	11	9	104	4756	525.4444444444445	146	1101.719237273171	12333.9	3401.5	16961.358950076297
ENST00000340139.10	ENSG00000138785	-	8	6	52	691	162.5	161.0	14.096098751072937	3477.8571428571427	3633	1446.9886464161157
ENST00000515279.6	ENSG00000138780	+	12	10	233	2285	178.6	122.5	159.210691991601	12239.818181818182	3306	27085.821330792915
ENST00000379987.7	ENSG00000168743	+	12	10	253	2777	153.1	120.0	98.23039810115355	6512.727272727273	1670	9018.59780776268
ENST00000394708.7	ENSG00000145348	-	26	24	279	5082	108.33333333333333	99.5	49.45763814634189	10666.0	2056	15175.360588796564
ENST00000672341.1	ENSG00000164022	+	7	5	45	1931	159.4	168	37.5473034983872	5022.333333333333	4206.5	3777.5125501666657
ENST00000265174.5	ENSG00000138801	-	12	10	115	722	167.6	137.5	60.77133827352789	9459.636363636364	7164	7212.520700458714
ENST00000690982.1	ENSG00000164023	+	7	5	322	4698	244.0	154	256.5024366356	13979.333333333334	4372.0	16349.838294817067
ENST00000332884.11	ENSG00000155016	+	5	3	585	3217	322.0	168	271.9485245409506	4286.25	1791.0	5721.88525895676
ENST00000309522.8	ENSG00000138796	+	8	6	176	933	115.66666666666667	122.0	30.263289092011572	6211.428571428572	4543	6118.956034519365
ENST00000265165.6	ENSG00000138795	-	12	10	1378	1204	99.3	99.5	39.874943399472194	10710.0	2391	21504.859957693283
ENST00000361564.9	ENSG00000198856	+	4	2	196	574	146.0	146.0	73.53910524340094	5386.666666666667	4769	3939.9804991057167
ENST00000265175.5	ENSG00000138802	+	24	22	188	1336	161.77272727272728	121.5	137.52365400633963	4434.739130434783	2671	6259.485937485683
ENST00000394650.7	ENSG00000005059	+	8	6	191	1205	139.0	139.0	47.62772301926684	18034.85714285714	2147	36044.643163853405
ENST00000265164.7	ENSG00000138794	-	7	5	90	941	120.6	147	57.5352066129948	2197.3333333333335	1495.0	1711.5828541635567
ENST00000302274.8	ENSG00000170522	-	4	2	369	5917	142.0	142.0	14.142135623730951	48733.333333333336	45742	42468.08657490155
ENST00000309733.6	ENSG00000174749	+	2	0	280	8564	NA	NA	NA	40959.0	40959	NA
ENST00000274000.10	ENSG00000138660	+	10	8	388	4967	70.0	66.5	36.67229394048241	3934.3333333333335	1922	6465.208832667357
ENST00000505019.6	ENSG00000138658	-	28	26	59	351	239.92307692307693	142.0	425.76528022626957	3367.5185185185187	2175	4196.765946905475
ENST00000344442.10	ENSG00000174720	+	13	11	97	340	151.8181818181818	145	75.94447732629172	1528.0833333333333	802.5	2117.7772420558535
ENST00000511664.6	ENSG00000145349	-	21	19	735	3484	82.42105263157895	76	42.59279515164988	15246.1	3983.0	25679.3946208772
ENST00000310836.11	ENSG00000174607	+	6	4	168	2301	316.0	181.5	343.6713546398652	15137.2	7620	16696.063224604775
ENST00000388822.10	ENSG00000145388	+	11	9	209	5433	111.11111111111111	91	42.07565936632617	2339.7	2344.5	1090.1731819608601
ENST00000280551.11	ENSG00000150961	-	23	21	186	833	142.8095238095238	130	42.53659488912935	4967.545454545455	3102.5	6201.660635724325
ENST00000692078.1	ENSG00000145390	+	19	17	161	3181	193.47058823529412	135	197.340162424891	4231.944444444444	2446.5	5227.44986160131
ENST00000354960.8	ENSG00000138735	-	21	19	285	4336	123.05263157894737	90	116.855311144552	6372.15	2905.5	7470.2737515893095
ENST00000264808.8	ENSG00000138738	-	16	14	211	3361	116.78571428571429	99.5	35.76241811525822	15040.333333333334	11624	16526.057760253596
ENST00000296511.10	ENSG00000164111	-	13	11	118	582	85.27272727272727	91	24.058640481502312	2283.0833333333335	1357.5	2866.8523904777308
ENST00000243498.10	ENSG00000123737	+	12	10	168	250	116.9	111.5	33.15770398162896	1282.909090909091	1483	935.4440073617934
ENST00000274026.10	ENSG00000145386	-	8	6	468	1243	172.83333333333334	171.0	59.108093072494455	670.2857142857143	622	378.596405285679
ENST00000644866.2	ENSG00000138685	+	3	1	522	6026	104.0	104	NA	32377.0	32377.0	23463.21721333202
ENST00000304430.10	ENSG00000170917	-	5	3	263	649	105.0	56	85.73797291748855	7198.5	4753.5	5130.729155457991
ENST00000274008.5	ENSG00000145375	+	16	14	228	5546	167.28571428571428	128.5	148.4035188113961	25882.666666666668	4328	43106.498296439626
ENST00000651917.1	ENSG00000164056	+	3	1	138	2219	246.0	246	NA	2179.0	2179.0	2122.7345571220158
ENST00000504087.6	ENSG00000151458	-	5	3	275	3467	1685.3333333333333	1275	1698.0990351959256	9971.75	3805.0	14263.741617004518
ENST00000296464.9	ENSG00000164070	+	19	17	336	8051	130.64705882352942	126	44.06662736197114	2655.777777777778	2104.5	2665.576431546899
ENST00000270861.10	ENSG00000142731	+	16	14	272	786	198.57142857142858	111.0	247.09067606407612	966.2666666666667	770	721.640241460548
ENST00000641686.2	ENSG00000164073	-	12	10	102	3032	128.8	111.5	68.45079335633088	3904.2727272727275	2167	3192.3675881987365
ENST00000296425.10	ENSG00000164040	-	3	1	441	2172	156.0	156	NA	7901.5	7901.5	9833.734005961316
ENST00000226319.11	ENSG00000077684	+	11	9	178	3870	183.0	158	134.93146408454925	5983.0	3371.0	6183.628097197021
ENST00000344876.9	ENSG00000189184	-	4	2	2893	2779	126.5	126.5	53.033008588991066	2550.6666666666665	781	3679.831563174235
ENST00000280612.9	ENSG00000151012	-	12	10	557	7921	116.7	120.0	35.090517870850015	6237.090909090909	3942	8079.133016042569
ENST00000280614.4	ENSG00000151014	+	3	1	391	1301	270.0	270	NA	14098.5	14098.5	18106.883345843922
ENST00000686138.1	ENSG00000109381	-	10	8	252	2343	176.0	170.0	88.56635930193812	12883.444444444445	4095	18635.486940989165
ENST00000296543.10	ENSG00000164134	+	20	18	327	3501	130.33333333333334	124.5	38.39730382691564	4405.578947368421	2282	7090.692281793627
ENST00000305626.6	ENSG00000172007	+	2	0	324	3924	NA	NA	NA	18241.0	18241	NA
ENST00000274031.8	ENSG00000145391	-	8	6	122	5806	146.66666666666666	144.0	45.49578735077201	6196.285714285715	5595	3955.8331492571706
ENST00000325617.10	ENSG00000153132	-	15	13	112	852	135.46153846153845	142	48.46410249627275	2605.0714285714284	1462.5	3593.1257115665853
ENST00000323570.8	ENSG00000179387	+	9	7	113	3541	106.42857142857143	130	43.83627547612876	3150.5	2083.5	2743.583631467636
ENST00000442267.3	ENSG00000109436	-	21	19	470	2136	155.1578947368421	130	69.98830311630233	6502.5	2013.5	12236.30562796846
ENST00000515673.7	ENSG00000170153	-	7	5	1145	8573	142.8	97	82.22651640438139	43871.833333333336	19915.0	60563.14459608803
ENST00000262992.9	ENSG00000109452	-	26	24	93	5755	120.625	117.5	45.74105994855597	32575.96	15229	55556.84632764295
ENST00000307017.9	ENSG00000170185	+	10	8	1216	3580	285.625	133.0	436.5641623600623	3541.8888888888887	2660	2188.596950356806
ENST00000262994.9	ENSG00000109458	+	10	8	385	5535	231.75	175.0	173.20240018132378	14435.111111111111	4282	24943.49516128626
ENST00000283131.4	ENSG00000153147	+	24	22	400	4368	132.54545454545453	122.5	38.959963910132	1569.608695652174	1407	1256.1153225549444
ENST00000507656.6	ENSG00000164162	-	5	3	77	1028	113.0	121	19.28730152198591	25544.25	15600.5	29670.794286357304
ENST00000296577.9	ENSG00000164163	+	18	16	109	1999	111.1875	111.5	39.2992260313949	1607.4705882352941	1089	1661.9876698417117
ENST00000447906.8	ENSG00000164164	-	21	19	775	5001	103.42105263157895	84	55.69292373709577	1959.95	1409.5	1768.7188189552107
ENST00000302085.9	ENSG00000170365	+	7	5	186	1386	286.0	257	172.03342698440906	12387.0	5431.5	12861.597754556002
ENST00000649156.2	ENSG00000151611	+	7	5	23	4887	206.8	150	169.1528894225576	5784.166666666667	3173.0	6916.889341797125
ENST00000508784.6	ENSG00000151612	-	15	13	459	3972	247.69230769230768	173	264.4035377396278	12396.142857142857	7425.5	13623.400354125662
ENST00000296581.11	ENSG00000164167	+	4	2	94	1914	109.0	109.0	7.0710678118654755	4530.666666666667	4258	2444.43231310121
ENST00000335472.12	ENSG00000120519	-	12	10	323	2540	89.3	79.5	45.47783342831245	24018.545454545456	9663	35146.08949332382
ENST00000651419.1	ENSG00000151617	+	8	6	280	2477	202.16666666666666	143.5	144.2933354894351	8555.42857142857	3787	11761.80925505855
ENST00000296582.8	ENSG00000164168	+	10	8	683	2553	116.0	106.5	53.62835071116769	1684.5555555555557	1163	1807.3893542282963
ENST00000322396.7	ENSG00000164169	-	12	10	365	963	213.3	161.0	181.00279310306544	3901.6363636363635	3225	3194.4417438021082
ENST00000336498.8	ENSG00000071205	+	23	21	368	784	100.85714285714286	96	33.84418076166967	15337.227272727272	7844.5	21178.435701330993
ENST00000358102.8	ENSG00000151623	-	9	7	255	2736	400.14285714285717	145	604.5550508628718	44732.375	32392.0	56826.642370678564
ENST00000651943.2	ENSG00000198589	-	57	55	83	1378	157.94545454545454	127	141.88459292832928	13226.82142857143	4442.5	22178.933159117987
ENST00000604030.7	ENSG00000109686	-	20	18	365	1927	161.94444444444446	110.5	219.500629028235	10532.526315789473	3871	23080.866198766893
ENST00000435205.6	ENSG00000164142	+	14	12	290	8003	268.6666666666667	163.5	308.5212040254824	19216.23076923077	8564	24249.331207801195
ENST00000263985.11	ENSG00000059691	-	13	11	201	799	124.45454545454545	123	45.73480870488831	7344.583333333333	2534.0	10714.215081404987
ENST00000281708.10	ENSG00000109670	-	14	12	966	2606	172.25	136.0	135.22649350424845	16146.923076923076	1727	35901.24043228762
ENST00000338700.10	ENSG00000109654	+	12	10	118	4504	213.3	168.5	185.13181490194734	11647.272727272728	5373	19052.166234268003
ENST00000409959.8	ENSG00000121210	+	35	33	162	411	134.33333333333334	121	97.10035616137907	4863.117647058823	1247.0	13249.528654314361
ENST00000499023.7	ENSG00000171566	-	15	13	101	1740	113.53846153846153	103	35.28364915135476	862.7857142857143	767.0	538.1175420026641
ENST00000311277.9	ENSG00000164114	-	14	12	195	5248	157.08333333333334	142.5	75.26010452645767	2075.3846153846152	1564	1940.3139582063147
ENST00000502773.6	ENSG00000145431	-	6	4	1014	2753	200.75	202.0	15.945218719101975	41355.2	37943	47320.373954566334
ENST00000264428.9	ENSG00000109738	+	10	8	148	1659	153.25	146.0	75.51489919214617	10323.111111111111	4857	13465.54942663355
ENST00000511912.6	ENSG00000171503	+	13	11	195	1260	150.54545454545453	144	48.996660368567234	2851.4166666666665	2041.0	2302.2192636408
ENST00000307720.4	ENSG00000171497	-	10	8	193	698	117.375	115.0	43.087742705189044	1382.2222222222222	1720	839.9636566211924
ENST00000264433.11	ENSG00000052795	+	17	15	294	3585	210.6	130	311.5389909098745	8249.1875	2835.5	14186.744743920879
ENST00000691494.1	ENSG00000109756	+	30	28	1153	2060	174.57142857142858	158.5	111.17567965176443	8586.0	1955	18643.623567168634
ENST00000274054.3	ENSG00000145414	-	8	6	528	680	111.33333333333333	98.5	47.35680169380811	5192.285714285715	3805	4802.0256390501745
ENST00000226725.11	ENSG00000109466	+	15	13	342	1116	132.84615384615384	126	26.507376815539963	8028.714285714285	4444.5	9084.070516175947
ENST00000261507.11	ENSG00000052802	+	6	4	96	1414	179.25	152.0	72.17744338318816	2653.8	1442	2102.2432542405745
ENST00000306193.8	ENSG00000145439	-	5	3	308	2739	131.0	135	8.717797887081348	4806.5	3370.0	4882.356432434377
ENST00000284637.14	ENSG00000154447	-	12	10	98	2429	259.3	268.0	124.70235674508231	15598.0	6161	32485.255261425915
ENST00000507142.6	ENSG00000137601	-	36	34	362	1715	118.20588235294117	100.5	52.35993113624005	6105.114285714286	2009	8266.215499999802
ENST00000513761.6	ENSG00000109572	+	13	11	486	3767	216.54545454545453	187	137.6178503220884	8038.416666666667	4551.5	11968.220339020056
ENST00000361618.4	ENSG00000198948	-	3	1	162	5708	431.0	431	NA	16746.5	16746.5	4916.513449590065
ENST00000265000.9	ENSG00000109586	+	12	10	151	2388	171.0	130.0	109.80082978840471	13718.90909090909	3121	24962.139866023288
ENST00000296503.10	ENSG00000164104	-	5	3	87	863	163.66666666666666	170	15.50268793897798	385.5	433.5	253.7984764861024
ENST00000296504.4	ENSG00000164105	+	4	2	544	328	112.5	112.5	19.091883092036785	1827.3333333333333	1892	1373.1425029228878
ENST00000393674.7	ENSG00000164117	-	6	4	258	942	195.0	162.0	100.94222770145967	9006.0	2938	9521.62094918717
ENST00000503780.6	ENSG00000164118	+	12	10	33	2994	127.1	132.0	48.03112416848984	2920.0	1009	4040.646111700454
ENST00000296522.11	ENSG00000164120	-	7	5	130	1920	113.8	107	32.813107137240145	4949.166666666667	3049.5	5084.354095326826
ENST00000393658.7	ENSG00000150625	-	7	5	74	2121	129.4	154	55.175175577427936	29414.333333333332	16348.0	40961.139694430705
ENST00000503362.2	ENSG00000129128	+	5	3	254	4048	89.0	77	23.430749027719962	1927.75	1943.5	810.1861411634571
ENST00000618562.2	ENSG00000150630	-	7	5	758	503	199.6	191	85.41838209659558	17854.333333333332	9636.5	23712.650603984926
ENST00000264596.4	ENSG00000109674	+	10	8	236	648	184.875	168.5	104.02944294765786	5633.333333333333	3461	4996.762076585196
ENST00000264595.7	ENSG00000038002	-	9	7	189	1035	116.14285714285714	113	23.982136208913023	1203.375	1139.0	452.57736118496126
ENST00000438320.7	ENSG00000129187	-	6	4	76	1387	116.25	116.0	15.945218719101975	5073.6	1553	8536.82264077215
ENST00000403733.8	ENSG00000151718	+	23	21	366	5115	161.0	130	118.59215825677514	9666.318181818182	3181.0	20348.6564816507
ENST00000504169.2	ENSG00000168564	+	3	1	434	2977	131.0	131	NA	443.5	443.5	30.405591591021544
ENST00000302327.4	ENSG00000168556	+	2	0	310	2148	NA	NA	NA	4914.0	4914	NA
ENST00000326397.10	ENSG00000182552	-	8	6	257	1834	85.0	95.5	52.24557397521823	2421.4285714285716	2913	1950.92942441484
ENST00000308497.9	ENSG00000173320	+	4	2	1650	6438	1209.5	1209.5	1494.1166286471748	35904.333333333336	7680	50641.043594433686
ENST00000393593.8	ENSG00000168310	-	9	7	172	1338	106.71428571428571	100	51.36378194056679	10570.625	8621.5	14627.29177098657
ENST00000308394.9	ENSG00000164305	-	8	6	53	1806	131.0	127.0	38.54867053479276	2729.5714285714284	1535	3377.9875595361436
ENST00000314970.11	ENSG00000164306	+	14	12	171	431	130.16666666666666	103.5	70.58564537732394	3311.6153846153848	3072	2019.6820929072617
ENST00000281453.10	ENSG00000151725	-	13	11	81	1317	99.63636363636364	79	56.62909627969129	3126.5	2889.5	2408.3987702130303
ENST00000281455.7	ENSG00000151726	-	21	19	53	1671	104.63157894736842	100	45.764142351257924	3333.1	1751.5	5476.920330373919
ENST00000281456.11	ENSG00000151729	+	4	2	218	3569	314.0	314.0	244.65894629054543	900.6666666666666	914	386.17267294998146
ENST00000458385.7	ENSG00000164323	-	5	3	103	3261	495.6666666666667	266	500.6998435523356	9871.25	12145.5	5933.381406640455
ENST00000652585.2	ENSG00000109762	+	19	17	658	582	147.35294117647058	141	54.02538891168506	8368.0	4607.0	9500.398096922045
ENST00000335174.6	ENSG00000186352	+	5	3	110	225	149.66666666666666	153	56.07435539828642	654.25	392.0	670.6004150510695
ENST00000284767.12	ENSG00000154553	-	8	6	166	1824	135.33333333333334	121.5	69.9475994346244	4578.0	1991	3733.1105885931997
ENST00000695409.1	ENSG00000154556	-	27	25	531	2166	163.08	107	299.8463384246449	8457.615384615385	3477.0	12482.432356161753
ENST00000296795.8	ENSG00000164342	+	5	3	93	3429	831.0	448	894.2857485166584	3225.75	2533.5	2989.1588978618493
ENST00000296824.4	ENSG00000164366	-	3	1	61	9091	131.0	131	NA	6001.5	6001.5	6743.677372176104
ENST00000264933.9	ENSG00000249915	+	6	4	176	558	94.0	86.0	51.33549778986596	8443.8	3014	12901.553828899836
ENST00000264935.6	ENSG00000112877	+	12	10	104	566	169.6	157.5	60.059600028268214	3531.6363636363635	3379	2612.7000697641233
ENST00000467963.6	ENSG00000028310	-	16	14	196	828	117.21428571428571	114.0	44.164340943673224	1759.7333333333333	1306	1397.6035850527792
ENST00000166345.8	ENSG00000071539	+	13	11	207	1113	101.0	91	36.72873534441391	1900.5	1704.0	1114.7861189076095
ENST00000264930.10	ENSG00000113504	-	24	22	196	2068	138.0	131.5	47.233966793480505	2451.304347826087	1030	3769.0600761605683
ENST00000320895.10	ENSG00000049656	-	17	15	420	702	91.33333333333333	85	40.89126114581498	1553.5	997.0	1159.5870529345061
ENST00000283415.4	ENSG00000153395	-	14	12	251	2409	107.08333333333333	106.0	51.995556336939785	4506.846153846154	2913	5549.38984403021
ENST00000296564.9	ENSG00000164151	+	19	17	323	1072	384.4117647058824	87	1139.2473973430622	3311.8888888888887	2327.0	3569.138302478936
ENST00000264670.11	ENSG00000037474	-	19	17	161	994	111.82352941176471	105	41.82588207993594	1708.3333333333333	1262.0	1592.872026911656
ENST00000274192.7	ENSG00000145545	+	5	3	430	6185	140.0	151	33.8673884437522	8478.0	5935.5	6415.744435891026
ENST00000230859.8	ENSG00000112941	+	13	11	1268	2294	133.45454545454547	127	43.79580718827691	3215.25	1394.5	6206.521557274178
ENST00000440940.7	ENSG00000124275	+	15	13	68	1200	152.07692307692307	154	80.09625619472021	2051.5	2243.5	1136.9427798334377
ENST00000382496.10	ENSG00000112902	-	23	21	492	7984	156.14285714285714	156	65.05020039499165	22694.909090909092	10785.0	28167.004744506583
ENST00000280326.9	ENSG00000150753	+	11	9	166	1734	154.77777777777777	165	44.005050215224664	1281.7	925.5	1088.7952618478014
ENST00000274140.10	ENSG00000145495	+	26	24	223	6795	109.29166666666667	99.0	47.28864112776074	3082.12	2350	4583.506239041607
ENST00000296657.7	ENSG00000164236	+	4	2	764	8551	135.5	135.5	7.7781745930520225	28053.666666666668	19565	22439.37381776357
ENST00000230895.11	ENSG00000112977	-	4	2	221	1940	70.0	70.0	38.18376618407357	26568.0	12742	33345.878171072356
ENST00000344204.9	ENSG00000038382	+	57	55	541	2325	156.25454545454545	123	115.20130821367184	6346.482142857143	2296.0	17605.01852416063
ENST00000284274.5	ENSG00000154124	+	7	5	260	6997	142.4	126	75.955908262623	4527.333333333333	3825.0	2493.730512037471
ENST00000284268.8	ENSG00000154122	-	12	10	427	6511	126.9	121.5	40.65696605612486	14433.818181818182	3209	29909.779654214042
ENST00000308683.3	ENSG00000173545	-	6	4	760	266	170.25	153.5	63.91335280414154	2515.0	1298	2257.9453049177255
ENST00000513610.6	ENSG00000145555	-	41	39	501	4887	155.23076923076923	124	141.0355426532545	6573.5	1451.5	14339.392208984205
ENST00000322611.4	ENSG00000176788	+	2	0	180	1627	NA	NA	NA	57397.0	57397	NA
ENST00000344624.8	ENSG00000113360	-	36	34	104	1069	124.79411764705883	100.0	131.15195429677945	3605.2571428571428	2110	3447.616758615394
ENST00000265070.7	ENSG00000113384	-	4	2	510	1921	123.5	123.5	12.020815280171307	15642.0	8935	12380.602125906478
ENST00000382142.8	ENSG00000150712	-	16	14	182	3341	113.78571428571429	116.0	38.89270956288411	5387.8	2883	8723.312429510774
ENST00000265069.13	ENSG00000056097	-	20	18	119	1590	167.11111111111111	148.5	63.012500056724406	4509.1578947368425	2460	5955.00429389861
ENST00000265073.9	ENSG00000113387	+	5	3	69	3075	101.66666666666667	109	25.794056162870806	3768.5	2932.0	2384.740447092723
ENST00000265109.8	ENSG00000039560	+	18	16	148	1925	182.0625	87.0	363.0635332371824	10076.411764705883	2357	18982.767814055802
ENST00000648817.1	ENSG00000168724	+	12	10	358	4412	133.7	123.5	72.48915627718243	2118.090909090909	1801	1499.0420577519135
ENST00000296603.5	ENSG00000164187	-	18	16	332	5700	130.25	110.0	51.01829737130265	2668.529411764706	1299	3118.0811831486817
ENST00000274255.11	ENSG00000145604	+	10	8	160	2502	131.625	121.5	63.491141114331846	3166.0	1896	3271.0695880705443
ENST00000381937.9	ENSG00000152620	-	12	10	427	2694	89.0	86.5	25.96150997149434	4120.545454545455	2562	3866.9986646916846
ENST00000265113.9	ENSG00000079215	+	10	8	130	2270	189.875	200.0	82.40048110123075	8645.555555555555	2800	13778.142355839476
ENST00000282516.13	ENSG00000164190	+	47	45	410	1887	180.62222222222223	139	236.7285834499548	3896.086956521739	1533.5	11200.485491116668
ENST00000231498.8	ENSG00000113569	-	35	33	286	3902	117.57575757575758	111	31.54464128722015	2203.0	1466.0	1868.6509475116973
ENST00000453190.7	ENSG00000113594	-	20	18	313	7551	149.38888888888889	161.5	46.30860533534318	3759.2631578947367	2107	5826.857356167457
ENST00000274276.8	ENSG00000145623	+	18	16	376	2770	148.75	151.5	56.91806977284689	4947.294117647059	1355	6697.235957511743
ENST00000357387.8	ENSG00000164327	-	38	36	71	4459	138.97222222222223	101.5	156.6275812440108	3431.0	743	8966.305711446108
ENST00000320816.11	ENSG00000153071	-	15	13	177	1749	186.07692307692307	110	208.13836004705362	3497.0714285714284	874.0	7868.102062850264
ENST00000302472.4	ENSG00000171522	+	3	1	564	1957	910.0	910	NA	5195.0	5195.0	6679.330655088128
ENST00000337702.5	ENSG00000113638	-	5	3	138	4923	145.33333333333334	132	70.94598884597588	9722.25	10325.0	6155.48245469029
ENST00000196371.10	ENSG00000083720	-	17	15	145	1706	96.2	95	26.721313055846853	8566.6875	6760.0	9934.257675463225
ENST00000381647.7	ENSG00000205765	+	6	4	124	4621	125.25	123.5	17.85823806165285	2409.4	1903	1639.1889152870697
ENST00000281623.8	ENSG00000151876	+	7	5	218	552	177.0	176	62.489999199871974	2468.0	2011.5	1832.6980111300388
ENST00000682664.1	ENSG00000172262	+	7	5	210	1876	240.0	139	248.19347291981714	8687.166666666666	6208.5	9081.905470035827
ENST00000325110.11	ENSG00000112972	-	11	9	57	3751	171.33333333333334	164	113.56055653262712	2059.3	986.0	2815.3413469773077
ENST00000306846.8	ENSG00000172239	-	11	9	496	1203	120.11111111111111	113	38.856931313616506	2803.1	2147.5	2319.6537792428326
ENST00000303221.10	ENSG00000170571	-	9	7	249	3099	122.0	89	84.70733931208873	5111.875	2321.0	6246.448418044106
ENST00000281631.10	ENSG00000151883	+	26	24	550	4554	98.79166666666667	73.5	101.8092757227376	6896.32	1507	16356.568715452924
ENST00000282588.7	ENSG00000213949	+	29	27	499	6803	127.18518518518519	117	40.84778219856386	5734.214285714285	2689.5	11362.591284259137
ENST00000396954.8	ENSG00000164172	-	7	5	507	2989	134.0	128	13.133925536563698	1652.1666666666667	1062.0	1629.9704803052928
ENST00000296684.10	ENSG00000164258	+	5	3	122	221	108.66666666666667	79	55.77036249956901	30507.75	33592.0	14949.906563253164
ENST00000504924.6	ENSG00000185305	-	5	3	142	2772	138.0	145	74.74623736349542	105826.0	89836.0	96041.88208970778
ENST00000381410.5	ENSG00000178996	+	2	0	1815	3408	NA	NA	NA	23605.0	23605	NA
ENST00000503787.6	ENSG00000164294	+	3	1	226	3243	262.0	262	NA	1698.0	1698.0	1557.0491321727777
ENST00000282572.5	ENSG00000152669	-	3	1	466	709	186.0	186	NA	548.0	548.0	67.88225099390856
ENST00000251636.10	ENSG00000067248	-	27	25	308	486	154.8	130	106.22421255689935	1806.7692307692307	1234.5	1844.74842312316
ENST00000230640.10	ENSG00000039123	+	27	25	159	860	117.68	111	36.83942634370592	4370.384615384615	2567.0	3876.1607404948836
ENST00000307259.9	ENSG00000067113	-	6	4	393	481	167.0	164.5	91.65515079179492	21713.8	15811	22984.46972849276
ENST00000396865.7	ENSG00000177058	-	16	14	108	812	114.42857142857143	111.0	42.407753800662235	5597.0	3311	6604.599955442311
ENST00000381298.7	ENSG00000134352	-	17	15	180	6725	141.46666666666667	141	61.24291990177508	3177.625	2624.0	3107.5100402090416
ENST00000399503.4	ENSG00000095015	+	20	18	507	2622	217.05555555555554	150.0	273.3882118509958	3872.0	1105	9063.852308299527
ENST00000381199.8	ENSG00000155545	-	13	11	30	3983	107.81818181818181	121	39.17350681728196	2276.8333333333335	1814.0	2251.5975271443217
ENST00000506184.7	ENSG00000062194	+	12	10	153	2080	227.3	154.5	259.11818410395927	7828.090909090909	2193	11227.33584119176
ENST00000274289.8	ENSG00000145632	-	14	12	397	793	133.0	123.5	44.98080398650882	255.30769230769232	227	155.8104535514143
ENST00000340635.11	ENSG00000113448	-	15	13	559	6043	119.84615384615384	113	50.57312552770518	65466.357142857145	2955.5	180048.6279351336
ENST00000265036.10	ENSG00000035499	-	11	9	121	1003	153.33333333333334	141	58.30523132618548	10075.1	3021.5	14263.842971731785
ENST00000508821.6	ENSG00000164181	-	9	7	110	3043	103.0	98	48.7134478352744	11075.625	5290.0	14542.708157477802
ENST00000676185.1	ENSG00000049167	-	12	10	139	8230	104.5	98.5	38.526325775731294	6291.181818181818	3665	5427.218418641023
ENST00000339020.8	ENSG00000188725	-	3	1	252	2496	140.0	140	NA	938.5	938.5	71.4177848998413
ENST00000407818.8	ENSG00000068796	+	21	19	331	5542	109.73684210526316	102	38.547001764459445	3843.1	1563.0	8783.56949920523
ENST00000199320.9	ENSG00000086189	-	12	10	212	1799	82.0	80.5	23.04584802325814	1256.4545454545455	964	1249.149579805106
ENST00000325324.11	ENSG00000086200	+	30	28	167	1429	98.89285714285714	96.0	42.43019477413966	7291.551724137931	4451	7904.7537622541995
ENST00000513458.9	ENSG00000153006	-	5	3	187	6426	88.33333333333333	73	49.80294502670834	10916.5	12995.5	4952.860755832599
ENST00000381070.8	ENSG00000153015	+	14	12	259	592	101.16666666666667	104.0	32.573925247974124	19058.153846153848	5322	30553.573134867424
ENST00000231524.14	ENSG00000113595	-	11	9	140	2259	162.66666666666666	135	55.18831398040712	3078.1	2394.0	2359.486688526412
ENST00000399438.8	ENSG00000113597	+	13	11	80	1730	100.0	100	50.70502933634887	3191.4166666666665	2141.5	3218.8087423295237
ENST00000381007.9	ENSG00000197860	-	11	9	193	4430	91.66666666666667	100	31.20496755325985	5073.4	4256.0	5607.354599095727
ENST00000380985.10	ENSG00000123213	+	13	11	210	6503	176.27272727272728	149	77.82684743594707	8202.25	4051.0	10295.126827114062
ENST00000284037.10	ENSG00000112851	+	26	24	232	4124	174.5	115.5	295.82250847719337	5897.12	1904	12538.03082731362
ENST00000334121.11	ENSG00000153914	+	12	10	238	4897	156.4	132.5	76.64086522360132	2965.181818181818	2472	2727.310830036863
ENST00000403625.7	ENSG00000069020	+	29	27	626	6447	133.4814814814815	128	52.720139466935265	20090.14285714286	3467.0	44639.53321118142
ENST00000521381.6	ENSG00000145675	+	16	14	194	4410	169.35714285714286	129.0	164.21918146318828	5272.733333333334	701	11960.179295518625
ENST00000396591.8	ENSG00000145740	+	16	14	325	1623	146.0	129.5	66.38350119396559	2204.266666666667	1314	1865.641500804431
ENST00000256442.10	ENSG00000134057	+	9	7	134	722	167.57142857142858	171	38.862394603082734	1133.375	545.5	1179.2271000835372
ENST00000256441.5	ENSG00000134056	+	4	2	112	951	126.0	126.0	87.68124086713189	3694.6666666666665	1798	4160.929864024787
ENST00000256443.8	ENSG00000134058	+	12	10	156	324	94.6	93.5	38.15815043269844	3738.090909090909	2268	4761.1702438485745
ENST00000396496.7	ENSG00000183323	-	12	10	153	2860	127.0	97.5	82.8210923215417	4394.909090909091	3089	3074.1571025094163
ENST00000217893.10	ENSG00000273841	-	3	1	58	1012	93.0	93	NA	1807.5	1807.5	1498.3592693342941
ENST00000354868.10	ENSG00000152942	+	19	17	116	771	127.47058823529412	126	52.068605760883905	2329.4444444444443	1376.5	2674.5837108125424
ENST00000325631.10	ENSG00000152939	+	7	5	55	2799	313.8	149	477.29728681399394	4132.0	4134.5	3138.232942278186
ENST00000396442.7	ENSG00000197822	+	9	7	111	4535	219.28571428571428	162	209.73214209694095	7391.75	4487.0	6315.891561314658
ENST00000274400.10	ENSG00000145736	-	16	14	183	450	78.64285714285714	87.5	24.852200468607766	2039.7333333333333	942	1952.6285385407562
ENST00000358731.9	ENSG00000145734	+	39	37	439	3067	203.54054054054055	159	261.2863047177043	2661.3947368421054	2063.5	2463.8052588394776
ENST00000340941.11	ENSG00000131844	+	17	15	215	1964	96.33333333333333	96	26.081374489050518	4233.9375	2788.0	5025.660387368675
ENST00000296755.12	ENSG00000131711	+	7	5	241	4482	1413.4	141	2845.250481064892	15050.166666666666	5153.0	26042.692974549824
ENST00000337273.10	ENSG00000083312	+	25	23	92	5680	118.1304347826087	108	40.00375476448326	3718.2916666666665	2690.0	6215.2001715231545
ENST00000430046.7	ENSG00000157107	+	26	24	89	2455	99.04166666666667	98.0	50.90953542413689	5182.44	2484	5800.829258821535
ENST00000380591.8	ENSG00000145741	+	6	4	358	476	110.5	91.5	65.74952471311104	1190.0	788	1230.06727458298
ENST00000296785.8	ENSG00000164331	-	9	7	508	663	141.42857142857142	98	115.90349023053209	1411.125	1069.5	1067.8150505320934
ENST00000296792.9	ENSG00000164338	+	13	11	170	3504	129.27272727272728	134	41.17788462048751	1045.1666666666667	809.5	1143.9741600175587
ENST00000513042.7	ENSG00000214944	+	36	34	127	1147	145.85294117647058	126.0	96.32399001128123	8844.628571428571	2937	15472.149860286374
ENST00000302351.9	ENSG00000171617	-	3	1	422	2584	1815.0	1815	NA	4249.5	4249.5	624.3752877877215
ENST00000261416.12	ENSG00000049860	+	14	12	327	171	109.5	103.5	41.79277884558962	2634.153846153846	1617	2776.727925879483
ENST00000296805.8	ENSG00000164347	-	21	19	180	578	117.63157894736842	100	43.60709744260011	2145.95	1500.5	1805.432546947946
ENST00000610426.5	ENSG00000164346	+	6	4	115	3510	178.0	184.0	18.7794213613377	1705.6	1567	1154.7739172669255
ENST00000287936.9	ENSG00000113161	+	20	18	81	1814	146.38888888888889	156.5	42.631304279545134	1071.157894736842	414	1361.90606884281
ENST00000643780.2	ENSG00000113163	-	17	15	518	1699	110.06666666666666	108	26.23647043625306	8124.1875	3115.5	12866.023116300028
ENST00000241436.9	ENSG00000122008	+	15	13	24	12058	195.46153846153845	148	235.06722988137363	5962.714285714285	3097.5	9301.255708679433
ENST00000428202.7	ENSG00000152359	-	12	10	132	455	159.8	165.5	57.869201173374115	3739.0	3195	2175.3627743436264
ENST00000274364.11	ENSG00000145703	+	36	34	307	933	134.35294117647058	139.5	46.8827566369046	8544.0	3505	18790.791266249664
ENST00000319211.5	ENSG00000181104	+	2	0	270	3457	NA	NA	NA	15918.0	15918	NA
ENST00000296677.5	ENSG00000164251	+	2	0	235	2626	NA	NA	NA	13425.0	13425	NA
ENST00000312916.12	ENSG00000164252	+	14	12	573	2183	144.5	120.0	74.00429962938885	2333.923076923077	1483	1727.3210694376066
ENST00000255198.3	ENSG00000132846	-	3	1	175	5824	135.0	135	NA	4540.0	4540.0	5433.408506637431
ENST00000296679.9	ENSG00000164253	-	13	11	147	2355	106.9090909090909	112	39.172578535129766	4808.833333333333	2530.0	6622.5062247588485
ENST00000380377.9	ENSG00000171530	-	4	2	135	333	96.5	96.5	13.435028842544403	28171.0	14889	34989.72231956121
ENST00000255194.11	ENSG00000132842	-	27	25	247	730	120.12	109	47.11804325308936	11092.038461538461	9242.5	11762.763139605488
ENST00000621999.5	ENSG00000085365	+	9	7	112	5236	113.57142857142857	109	25.96701204000403	14247.5	12675.5	12044.576266044873
ENST00000380345.7	ENSG00000145685	-	5	3	274	3924	259.6666666666667	105	308.58602258257474	39641.5	37522.0	25182.962302583335
ENST00000396137.5	ENSG00000152409	+	11	9	1552	5606	215.33333333333334	170	156.16177509237016	8198.5	5403.0	11871.058141079458
ENST00000334082.11	ENSG00000152413	-	9	7	1365	3562	124.42857142857143	132	30.209585359932493	16962.625	6821.5	19734.10087667321
ENST00000453514.6	ENSG00000164329	+	15	13	635	3048	109.0	92	51.264022471905186	5050.428571428572	3152.5	5149.56735620032
ENST00000507668.7	ENSG00000164300	-	12	10	153	5084	121.1	111.5	54.508816819952266	10079.454545454546	3597	15716.211053327303
ENST00000505560.5	ENSG00000039319	+	19	17	90	6161	267.88235294117646	143	516.5151113898969	3583.9444444444443	2149.5	4976.78543158394
ENST00000439211.7	ENSG00000228716	-	6	4	580	2940	99.75	111.0	34.257602562545635	4967.8	4513	3996.8413403586587
ENST00000407610.8	ENSG00000131732	+	6	4	112	754	178.5	122.0	152.2749705850133	2026.2	2172	1302.4907677215988
ENST00000615665.5	ENSG00000145687	-	17	15	117	7730	67.86666666666666	71	20.088613216257137	20589.3125	8398.5	32185.350495152812
ENST00000502346.2	ENSG00000174695	-	4	2	74	4309	72.5	72.5	53.033008588991066	6673.666666666667	4722	4857.068491727632
ENST00000265077.8	ENSG00000038427	+	15	13	280	1996	774.5384615384615	159	1555.898969266354	7015.285714285715	5894.0	6154.038591771341
ENST00000296591.10	ENSG00000164176	-	11	9	573	3015	136.22222222222223	145	46.38905522258935	43951.3	35226.0	40565.94738351642
ENST00000247655.4	ENSG00000127184	+	3	1	190	295	144.0	144	NA	1196.5	1196.5	36.062445840513924
ENST00000274376.11	ENSG00000145715	+	25	23	1108	1117	109.6086956521739	116	40.05080765322828	4970.333333333333	1743.5	12409.255702960161
ENST00000256897.9	ENSG00000134480	-	9	7	253	211	116.57142857142857	112	55.084350901918725	2172.125	2028.0	1223.1830183699296
ENST00000296595.11	ENSG00000164180	-	12	10	125	1442	118.3	109.0	36.38085577149975	6459.0	2738	8376.520470935411
ENST00000504921.7	ENSG00000081189	-	11	9	230	5809	138.0	144	63.78283468144074	15878.7	7354.0	20036.859728732168
ENST00000283122.8	ENSG00000153140	-	5	3	112	1851	147.66666666666666	136	39.80368492154129	3773.5	3574.5	2245.4262401602064
ENST00000316610.7	ENSG00000176055	-	2	0	933	3344	NA	NA	NA	12286.0	12286	NA
ENST00000651687.1	ENSG00000113356	+	8	6	157	2505	104.66666666666667	106.5	47.15364955829683	5200.571428571428	4539	3004.994112980526
ENST00000315948.11	ENSG00000176018	-	3	1	137	3859	266.0	266	NA	4848.5	4848.5	992.0708140047262
ENST00000265138.4	ENSG00000113369	-	8	6	505	2826	151.33333333333334	151.5	60.7771887032188	1492.5714285714287	1007	1353.0249883308213
ENST00000327111.8	ENSG00000175745	+	3	1	2265	1050	528.0	528	NA	3773.5	3773.5	1899.9959210482532
ENST00000395965.8	ENSG00000113391	-	11	9	153	3405	125.11111111111111	117	49.49859706204926	48925.5	38194.5	47405.404429945185
ENST00000265140.10	ENSG00000133302	+	21	19	97	2791	141.8421052631579	146	40.66019505595496	3668.5	1954.5	3612.9086911415734
ENST00000358746.7	ENSG00000198677	-	43	41	42	788	118.21951219512195	122	42.88910828819011	2033.5	1342.5	1925.163296843204
ENST00000380005.9	ENSG00000175449	+	6	4	41	2037	126.0	137.0	73.76991256603196	1744.8	846	2075.269066892291
ENST00000379982.8	ENSG00000164292	+	12	10	349	3303	171.8	161.0	79.16340344151737	5423.272727272727	4425	3567.811937053552
ENST00000237858.11	ENSG00000173221	-	3	1	271	541	120.0	120	NA	3973.0	3973.0	2624.7803717644642
ENST00000237853.9	ENSG00000118985	-	12	10	277	3890	165.9	123.5	156.90439410318913	6448.0	4353	7599.370342337581
ENST00000443439.7	ENSG00000164307	-	19	17	86	2068	158.05882352941177	139	104.04954984779805	1590.0555555555557	1312.0	1191.171912926002
ENST00000437043.8	ENSG00000164308	+	19	17	28	2242	168.2941176470588	139	140.55504469152038	2115.1666666666665	2312.5	1363.4847763338312
ENST00000231368.10	ENSG00000113441	+	18	16	95	9112	182.9375	140.0	177.85742182995907	5252.941176470588	2036	10002.127476633335
ENST00000513185.3	ENSG00000174136	+	3	1	544	3410	509.0	509	NA	9184.5	9184.5	5390.2749929850515
ENST00000614616.5	ENSG00000153922	-	36	34	469	2741	145.14705882352942	149.5	52.819379107190976	1910.8	1037	3514.463039900054
ENST00000312637.5	ENSG00000174132	+	3	1	591	561	135.0	135	NA	25040.5	25040.5	1482.8029201481902
ENST00000231461.10	ENSG00000113532	-	5	3	440	5197	228.0	258	85.06468127254695	22507.25	19499.5	17662.01661523017
ENST00000438793.8	ENSG00000145730	+	26	24	44	830	129.83333333333334	94.0	96.37096201055887	10816.88	2356	22259.511885034677
ENST00000399004.7	ENSG00000145723	-	8	6	75	2173	216.83333333333334	193.0	63.995051892053866	4370.0	1869	4421.941843428819
ENST00000230792.7	ENSG00000112874	-	7	5	87	2117	256.8	200	190.08734834280793	1741.1666666666667	1784.0	890.7182307928061
ENST00000333274.11	ENSG00000184349	-	5	3	449	4483	146.66666666666666	81	126.95012143882862	72168.0	22651.5	115175.64822768165
ENST00000281092.9	ENSG00000151422	+	20	18	104	9409	140.61111111111111	123.5	48.89621528585874	22994.78947368421	11183	25460.76696405002
ENST00000361189.7	ENSG00000198961	-	10	8	133	2635	261.0	152.5	321.31337618326086	7821.888888888889	6813	7798.735946364071
ENST00000261483.5	ENSG00000112893	+	22	20	626	2780	157.35	155.5	43.89374131144199	8245.047619047618	4007	8586.77886332349
ENST00000355943.8	ENSG00000164209	+	8	6	396	3954	65.83333333333333	58.0	20.52721770398187	3058.0	2481	2108.314571721529
ENST00000513710.4	ENSG00000134987	+	23	21	271	3769	113.14285714285714	115	39.65890280162289	1442.6818181818182	1380.5	1267.0436676942732
ENST00000282356.9	ENSG00000152495	+	11	9	261	10861	91.11111111111111	79	29.44675043381037	25856.1	11380.5	36751.14351493781
ENST00000296632.8	ENSG00000164211	-	6	4	151	4074	101.5	114.5	34.83771902215567	2374.4	949	2039.3760810600872
ENST00000261486.6	ENSG00000129595	-	23	21	337	2500	87.28571428571429	88	23.06976995364899	11454.045454545454	4003.5	23650.97240017894
ENST00000505459.6	ENSG00000153037	+	5	3	131	2385	86.66666666666667	76	22.03028218914441	1431.5	1481.5	1101.8416401643206
ENST00000379638.9	ENSG00000129625	-	5	3	155	2451	134.0	139	37.749172176353746	10708.75	11687.5	7902.9476093838975
ENST00000389063.3	ENSG00000172795	+	11	9	189	8875	116.22222222222223	113	31.200071224989927	3528.8	2613.0	3238.859531789958
ENST00000161863.9	ENSG00000047188	+	30	28	389	1803	146.89285714285714	131.5	58.1137704632931	2596.0689655172414	1408	2929.0892530301544
ENST00000513154.6	ENSG00000152503	-	10	8	301	2086	221.125	244.5	87.05078566971287	4553.444444444444	3223	4579.582407575802
ENST00000419445.6	ENSG00000164219	-	9	7	166	8572	116.0	119	47.62352359916263	6164.5	5109.0	3457.0093185543237
ENST00000379611.10	ENSG00000164221	-	10	8	228	729	178.75	120.5	139.22515166859347	3008.6666666666665	1414	3541.64015676353
ENST00000274457.5	ENSG00000145780	-	3	1	253	4710	734.0	734	NA	9085.5	9085.5	11662.312142109728
ENST00000456936.4	ENSG00000134970	-	3	1	436	3236	246.0	246	NA	4454.5	4454.5	658.3164132846757
ENST00000250535.5	ENSG00000129596	-	5	3	432	730	134.33333333333334	155	49.35922743857863	2590.5	2417.0	1610.7539642457295
ENST00000316788.12	ENSG00000177879	+	6	4	172	720	96.0	100.0	18.184242262647807	14174.2	10369	9993.813921621715
ENST00000274458.9	ENSG00000145781	+	7	5	69	837	105.8	111	34.96712741990683	34471.333333333336	2947.0	62221.217270852765
ENST00000343348.11	ENSG00000092421	-	19	17	639	4257	113.6470588235294	118	50.18707649444051	6913.388888888889	2346.5	16154.310639938616
ENST00000510708.6	ENSG00000169570	-	6	4	254	5014	127.0	112.0	47.187568984497034	29339.6	10466	32550.10062657257
ENST00000539542.6	ENSG00000172869	+	44	42	570	2133	210.35714285714286	128.0	292.30495447588606	3872.1627906976746	2418	4672.817906483617
ENST00000504771.3	ENSG00000145779	+	2	0	103	6873	NA	NA	NA	36694.0	36694	NA
ENST00000510025.7	ENSG00000133835	+	24	22	137	428	93.77272727272727	87.0	50.21660872866458	3791.6521739130435	2596	4037.5062128710506
ENST00000231004.5	ENSG00000113083	-	7	5	905	3555	123.2	116	24.263140769488192	1664.8333333333333	1292.5	1383.828662323001
ENST00000379516.7	ENSG00000205302	+	15	13	132	4946	107.76923076923077	94	45.81694345645842	3784.6428571428573	1697.5	5279.140104908445
ENST00000261369.9	ENSG00000064652	+	7	5	81	1524	76.4	84	28.439409276565502	26934.333333333332	7457.0	37268.12615985229
ENST00000306442.5	ENSG00000168938	-	5	3	217	754	131.0	114	47.82258880487337	3028.0	2293.0	2876.6355347871236
ENST00000306467.10	ENSG00000168944	-	20	18	454	1862	148.72222222222223	149.5	41.3433337048437	3869.4210526315787	2234	4008.7918284661037
ENST00000696905.1	ENSG00000151292	+	14	12	394	2708	130.25	96.0	108.0110474147731	7708.307692307692	4347	8991.36139473713
ENST00000513986.2	ENSG00000168916	-	10	8	445	992	589.375	214.5	823.0965812970293	11508.111111111111	2017	20279.846149838293
ENST00000285689.8	ENSG00000155324	+	14	12	281	1450	97.83333333333333	100.0	18.170071963300398	5234.692307692308	2449	11052.11354888448
ENST00000409134.8	ENSG00000164904	-	18	16	213	3179	85.8125	83.0	26.830874628556806	2859.6470588235293	1748	2361.9985695692235
ENST00000261366.10	ENSG00000113368	+	11	9	732	798	151.11111111111111	126	46.2829462233241	5699.5	3261.5	7757.260129853982
ENST00000296662.10	ENSG00000164241	-	5	3	52	644	93.33333333333333	102	32.86842456421259	5305.75	3988.5	5410.607567547289
ENST00000296666.13	ENSG00000164244	+	9	7	137	3379	164.0	123	103.12452020090404	4097.75	3650.0	2440.16163106346
ENST00000262461.7	ENSG00000064651	+	27	25	945	3182	109.88	111	26.349130282927113	3809.153846153846	2026.5	5883.718135276758
ENST00000304043.10	ENSG00000169567	-	3	1	162	585	105.0	105	NA	2689.0	2689.0	383.2518754031088
ENST00000505065.2	ENSG00000158985	+	5	3	114	3680	203.33333333333334	169	122.17337407689669	31554.0	34529.5	20497.17087795289
ENST00000510461.6	ENSG00000217128	-	18	16	188	3050	208.125	131.0	325.8479962600149	8749.176470588236	4596	12731.272590727596
ENST00000360568.8	ENSG00000072682	-	15	13	64	2934	119.15384615384616	100	57.21282803976476	2368.5714285714284	1549.0	2439.1424001791383
ENST00000253754.8	ENSG00000131435	+	7	5	132	1430	139.0	152	39.0	2250.3333333333335	2013.5	2255.501865808731
ENST00000200652.4	ENSG00000197208	+	10	8	616	431	148.375	145.5	40.826943134580695	5284.777777777777	4352	4972.116973125677
ENST00000245407.8	ENSG00000197375	+	10	8	656	1428	149.125	145.5	39.74719217396728	2514.0	1528	2556.6091801446696
ENST00000245414.9	ENSG00000125347	-	10	8	229	2467	107.25	111.5	43.58489253334069	623.4444444444445	534	489.40042682631343
ENST00000403231.6	ENSG00000131437	-	19	17	133	4052	125.05882352941177	125	62.29513483033335	2144.722222222222	1683.0	2132.7737202596213
ENST00000378719.7	ENSG00000164402	-	10	8	132	1363	157.0	165.5	36.2885263252332	2630.0	587	4311.96921371199
ENST00000378679.8	ENSG00000164403	-	10	8	54	988	340.75	240.0	315.19234490341654	526.5555555555555	121	955.7747003231347
ENST00000378670.8	ENSG00000164405	+	3	1	46	1360	167.0	167	NA	316.5	316.5	191.6259377015544
ENST00000265343.10	ENSG00000072364	-	21	19	376	5792	177.26315789473685	89	247.280956292694	3935.2	1697.5	7114.735491625073
ENST00000304858.7	ENSG00000170606	+	19	17	345	2217	130.11764705882354	126	43.14927918421868	2759.0555555555557	2046.0	3253.357875690939
ENST00000265333.8	ENSG00000213585	-	9	7	81	992	109.42857142857143	73	68.76737875586346	3908.25	1586.5	4560.728160846999
ENST00000342854.10	ENSG00000081059	+	10	8	475	1987	103.25	107.0	35.543735634526975	3360.222222222222	521	7083.36492738052
ENST00000353411.11	ENSG00000113558	-	6	4	96	8834	114.0	119.0	34.2442209236342	3726.0	2832	2545.1407623155146
ENST00000481195.6	ENSG00000113575	-	7	5	314	3513	151.0	162	47.10626285325551	4526.666666666667	1185.5	7499.023554214687
ENST00000265334.9	ENSG00000006837	-	13	11	195	287	158.1818181818182	154	68.32396092414166	5543.833333333333	2928.5	7714.351452541771
ENST00000265339.7	ENSG00000119048	+	6	4	71	1884	71.5	85.0	30.599564267050166	3659.8	2743	2311.814590316447
ENST00000458198.3	ENSG00000237190	-	3	1	266	862	100.0	100	NA	4294.5	4294.5	3792.2136675034544
ENST00000681547.2	ENSG00000043143	+	12	10	342	4734	168.1	143.5	112.71640913766234	4618.272727272727	2126	4360.912934029046
ENST00000402673.7	ENSG00000152700	-	7	5	101	5918	99.6	104	28.156704352604905	4193.833333333333	2962.5	3383.303085250665
ENST00000398844.7	ENSG00000113615	+	23	21	389	2930	146.1904761904762	121	82.82850900965141	3306.181818181818	2865.5	2559.175288221609
ENST00000452510.7	ENSG00000145833	+	23	21	177	2463	144.47619047619048	150	39.45455493047545	3030.409090909091	2760.0	2648.4461330964277
ENST00000394976.4	ENSG00000181904	+	2	0	245	4838	NA	NA	NA	8685.0	8685	NA
ENST00000358387.9	ENSG00000113621	+	5	3	160	2147	261.0	164	197.27899026505585	6043.75	4186.5	4889.303316083659
ENST00000442011.7	ENSG00000120708	+	17	15	202	633	125.13333333333334	137	45.503322746282834	2007.4375	965.5	2486.0173495975446
ENST00000545279.6	ENSG00000113658	+	8	6	118	5397	249.66666666666666	237.0	174.38195625312463	6125.142857142857	5685	4695.35765157357
ENST00000314940.7	ENSG00000177733	-	1	0	8713	8713	NA	NA	NA	NA	NA	NA
ENST00000689681.1	ENSG00000031003	-	24	22	298	2389	131.45454545454547	137.5	55.684252089221154	3893.086956521739	2071	5903.553020412549
ENST00000254900.10	ENSG00000112983	-	27	25	35	397	143.84	105	97.03937345222299	1339.7307692307693	722.0	1721.3450451944213
ENST00000394894.8	ENSG00000112984	+	19	17	91	628	139.76470588235293	139	39.32640558798361	306.5	163.0	360.6408103884626
ENST00000323760.11	ENSG00000158402	-	14	12	210	573	109.16666666666667	100.5	53.793939052535265	3418.6923076923076	1075	7308.986208595273
ENST00000239906.10	ENSG00000120709	+	5	3	42	3028	357.6666666666667	230	379.9425395152974	1830.25	1984.0	1287.1633864173318
ENST00000314358.10	ENSG00000120733	+	24	22	303	1408	227.86363636363637	146.5	253.0039140398435	3374.7391304347825	1758	4669.456657289828
ENST00000378339.7	ENSG00000132563	+	8	6	184	1283	110.66666666666667	117.5	29.92434906003248	825.4285714285714	296	1109.186467212623
ENST00000239938.5	ENSG00000120738	+	2	0	590	2547	NA	NA	NA	688.0	688	NA
ENST00000360541.10	ENSG00000120705	-	11	9	140	2293	138.77777777777777	140	37.4592371044105	3346.0	802.0	7328.224568975307
ENST00000297185.9	ENSG00000113013	-	17	15	164	2359	125.4	107	49.87670512659907	1077.625	550.5	1232.398467758433
ENST00000302763.12	ENSG00000044115	+	18	16	86	1233	152.1875	152.5	50.1812963164564	10462.117647058823	2715	15334.494346416974
ENST00000394817.7	ENSG00000120725	-	10	8	100	750	129.875	118.5	33.527973395360476	27750.666666666668	8218	31869.449940342554
ENST00000265192.9	ENSG00000120727	+	4	2	127	985	172.0	172.0	11.313708498984761	8802.666666666666	3989	11360.974092626624
ENST00000302060.10	ENSG00000170464	-	8	6	120	4070	152.0	159.5	35.73793502708292	3460.1428571428573	2187	2747.9075329282477
ENST00000330794.9	ENSG00000184584	-	8	6	209	922	173.16666666666666	185.5	60.14122269015377	722.2857142857143	505	739.9702053203931
ENST00000398733.8	ENSG00000131508	+	7	5	477	1679	74.8	78	28.72629457483161	10761.0	5847.5	14652.192900723086
ENST00000302517.8	ENSG00000171604	+	3	1	497	1020	1084.0	1084	NA	16466.5	16466.5	21286.035434058642
ENST00000331327.5	ENSG00000185129	+	1	0	11511	11511	NA	NA	NA	NA	NA	NA
ENST00000261813.9	ENSG00000113068	-	4	2	61	1023	126.0	126.0	57.982756057296896	18910.333333333332	18882	16466.518282057485
ENST00000230990.7	ENSG00000113070	-	6	4	321	1438	149.75	165.0	40.318523451799834	2280.6	1123	2678.0045369640434
ENST00000336283.9	ENSG00000213523	-	5	3	46	844	146.0	126	50.08991914547278	1519.5	483.5	2315.9946027570963
ENST00000323146.8	ENSG00000176087	+	3	1	31	2536	99.0	99	NA	803.5	803.5	297.6919548795365
ENST00000252102.9	ENSG00000131495	-	3	1	148	394	107.0	107	NA	848.5	848.5	1030.2545801887998
ENST00000358337.10	ENSG00000120314	+	7	5	200	3013	127.8	101	43.53389484068707	598.3333333333334	93.5	1240.3036187428731
ENST00000504156.7	ENSG00000170445	-	13	11	156	424	124.36363636363636	117	43.00528508746972	1293.1666666666667	310.0	2187.768345445498
ENST00000230771.9	ENSG00000112855	+	13	11	302	813	123.0	117	44.41846462902562	448.5833333333333	263.0	530.5774655690693
ENST00000313368.8	ENSG00000178913	-	1	0	2295	2295	NA	NA	NA	NA	NA	NA
ENST00000305264.8	ENSG00000171720	-	15	13	114	657	89.38461538461539	81	33.84409958800909	1002.5714285714286	345.0	1448.7035962853513
ENST00000435817.7	ENSG00000197948	-	20	18	71	2262	110.33333333333333	111.5	42.181679881757425	410.42105263157896	350	345.9271464387767
ENST00000287008.8	ENSG00000156453	-	5	3	188	1347	1093.0	863	1007.8784648954456	5126.75	4450.5	2775.7956667113185
ENST00000394520.7	ENSG00000013561	+	9	7	63	2560	221.0	173	138.68910074936193	2127.25	2120.5	928.7364303950056
ENST00000311337.11	ENSG00000113552	-	7	5	33	1459	155.0	175	37.141620858546275	1681.6666666666667	1249.5	1179.2498745671617
ENST00000253814.6	ENSG00000131507	+	8	6	259	2710	100.83333333333333	97.0	24.473795510028	6012.571428571428	3387	7673.118528498107
ENST00000434127.3	ENSG00000187678	-	2	0	178	4726	NA	NA	NA	9688.0	9688	NA
ENST00000645722.2	ENSG00000145819	+	23	21	539	6650	97.0	96	30.894983411550815	20427.5	7927.5	28761.01736188197
ENST00000394464.7	ENSG00000113580	-	9	7	476	4108	313.42857142857144	158	393.2165888086179	14871.875	3432.5	28835.381993246225
ENST00000274496.10	ENSG00000145817	-	6	4	125	2398	155.25	159.5	28.040149785619906	1870.8	1658	1402.4522095244458
ENST00000265271.7	ENSG00000091009	+	21	19	220	3277	160.0	145	63.37016472897777	3954.1	2341.5	4626.953594798748
ENST00000679501.2	ENSG00000113649	+	23	21	76	1521	147.0	136	89.75243729281117	2724.7727272727275	1296.0	2638.5033624209186
ENST00000343218.10	ENSG00000113657	-	14	12	591	3316	132.08333333333334	149.5	45.576027058358676	8751.461538461539	2051	22815.105210566766
ENST00000340253.10	ENSG00000145868	+	22	20	82	868	172.55	140.5	136.22097952649546	2594.190476190476	1511	2575.8119616743693
ENST00000305988.6	ENSG00000169252	+	1	0	2013	2013	NA	NA	NA	NA	NA	NA
ENST00000309868.12	ENSG00000173210	+	24	22	162	2252	92.04545454545455	91.0	45.75970079065439	4983.086956521739	1885	8814.500119447002
ENST00000296721.9	ENSG00000157510	+	19	17	126	3631	133.35294117647058	129	43.98144662307987	3653.0555555555557	2059.0	6181.347116381882
ENST00000329271.8	ENSG00000164284	+	4	2	118	3666	118.0	118.0	50.91168824543142	1688.3333333333333	1228	837.473780684108
ENST00000274569.9	ENSG00000145882	+	6	4	111	1661	183.75	191.0	32.877297131404625	1820.2	1206	1550.6841070959617
ENST00000377843.8	ENSG00000113712	-	10	8	598	3879	110.375	107.0	26.816506110975755	5899.777777777777	2745	7642.430368962771
ENST00000309241.10	ENSG00000155846	+	12	10	111	7565	289.3	138.5	368.4076998833403	10376.727272727272	2139	26461.043827071182
ENST00000286298.5	ENSG00000155850	+	3	1	222	7108	724.0	724	NA	9294.5	9294.5	10399.419430910555
ENST00000502717.6	ENSG00000113716	+	20	18	441	1404	189.61111111111111	144.5	111.10574660252536	2480.6315789473683	1938	1686.530304452386
ENST00000261799.9	ENSG00000113721	-	23	21	449	2108	149.66666666666666	124	65.17387001961241	1650.3181818181818	698.0	3779.9292811016808
ENST00000261797.7	ENSG00000070614	+	15	13	96	4999	224.30769230769232	155	228.1809897922351	3005.0	1899.5	3166.0083337273086
ENST00000307662.5	ENSG00000171992	+	3	1	195	2804	2360.0	2360	NA	6594.5	6594.5	699.3286065934955
ENST00000447998.7	ENSG00000132912	-	13	11	159	2923	94.0	98	36.87817782917155	3871.8333333333335	2686.0	3495.7409627699644
ENST00000526627.2	ENSG00000256235	+	2	0	216	1305	NA	NA	NA	16457.0	16457	NA
ENST00000274599.10	ENSG00000145908	-	6	4	277	2575	101.5	118.5	40.0374824383352	1464.8	726	1770.3693682392948
ENST00000521591.6	ENSG00000145901	-	18	16	155	803	119.5	125.0	40.431011200150145	2836.470588235294	1731	3536.179702688465
ENST00000354546.10	ENSG00000197043	-	26	24	100	802	82.79166666666667	91.0	25.77997059846987	2167.4	1356	2326.6246653324497
ENST00000357164.4	ENSG00000196743	+	4	2	113	3145	172.5	172.5	14.849242404917497	4551.0	6457	3614.8697071955444
ENST00000243389.8	ENSG00000123643	+	11	9	211	4397	129.33333333333334	99	48.158592172114	3900.5	2690.5	3567.6015052132716
ENST00000231061.9	ENSG00000113140	-	10	8	51	2504	112.0	121.5	34.10906875639632	2485.4444444444443	1457	3109.4502774248986
ENST00000313115.11	ENSG00000177556	-	4	2	86	138	123.5	123.5	67.17514421272202	5113.0	5254	1727.8203031565522
ENST00000356245.8	ENSG00000145907	+	12	10	83	8901	124.3	111.0	38.60641857975893	2782.2727272727275	1651	4074.2916952743844
ENST00000351797.9	ENSG00000055147	-	14	12	54	2963	116.41666666666667	111.5	45.63781990915655	3411.4615384615386	1808	4190.918606848714
ENST00000522782.6	ENSG00000037749	+	3	1	45	4531	461.0	461	NA	6723.5	6723.5	5404.417128608783
ENST00000297107.11	ENSG00000164574	+	12	10	293	4171	149.4	144.5	39.62098209562986	20390.363636363636	5329	31261.379996003783
ENST00000297109.11	ENSG00000164576	+	4	2	809	5154	111.0	111.0	16.97056274847714	2957.3333333333335	2399	1154.623026504033
ENST00000518297.6	ENSG00000155506	+	19	17	817	3719	155.58823529411765	145	73.19243371374651	3058.222222222222	901.0	7841.516086570741
ENST00000285896.11	ENSG00000155508	+	7	5	142	1503	160.2	162	34.01029255975314	2620.0	2217.0	1886.05058256665
ENST00000285873.8	ENSG00000082516	-	28	26	244	967	161.26923076923077	144.0	83.06121005249452	1681.3703703703704	1307	1106.3422807455395
ENST00000286317.6	ENSG00000155868	-	2	0	46	2025	NA	NA	NA	3371.0	3371	NA
ENST00000620254.5	ENSG00000055163	+	31	29	73	2762	124.72413793103448	120	39.18900770781461	4100.666666666667	1887.0	5445.188444434435
ENST00000257527.9	ENSG00000135074	-	23	21	173	3699	124.23809523809524	109	52.11900302375781	4181.409090909091	2321.5	5629.580713974311
ENST00000231198.12	ENSG00000113272	+	6	4	212	2129	136.0	139.0	44.083254568297626	1429.0	1326	331.6745392700501
ENST00000286307.6	ENSG00000155858	+	4	2	487	5856	112.0	112.0	39.59797974644666	3477.0	2474	3327.8616257290505
ENST00000411809.7	ENSG00000113282	-	12	10	216	2246	149.0	130.0	74.08553615022751	6313.363636363636	2440	11828.858341131043
ENST00000313708.11	ENSG00000164330	-	16	14	572	3223	115.0	108.0	49.24975595410054	26572.8	10880	58520.68439107663
ENST00000424310.7	ENSG00000145860	-	11	9	323	1627	185.0	176	80.19039842774195	4853.0	4627.5	3652.2943169708788
ENST00000296786.8	ENSG00000164332	+	11	9	71	1133	108.33333333333333	99	43.02615483633182	2056.8	1471.5	1888.8458439539797
ENST00000231238.10	ENSG00000113312	+	8	6	55	612	129.0	87.0	120.09995836801943	7852.0	6329	8498.770558145454
ENST00000307063.9	ENSG00000170234	-	2	0	646	2727	NA	NA	NA	24739.0	24739	NA
ENST00000257536.13	ENSG00000135083	-	6	4	201	4716	198.0	187.0	80.85790004693419	11554.6	3760	13682.911287441719
ENST00000408953.4	ENSG00000221886	-	2	0	416	2392	NA	NA	NA	4099.0	4099	NA
ENST00000352433.10	ENSG00000164611	+	6	4	37	138	135.0	130.5	44.14370472294625	1234.0	728	1268.11217958034
ENST00000340828.7	ENSG00000113328	+	7	5	210	1343	178.2	195	85.88189564745296	829.6666666666666	829.5	630.8269704654888
ENST00000321757.11	ENSG00000038274	+	7	5	131	1162	154.2	153	40.00874904317804	1945.3333333333333	1103.5	2263.1825084748834
ENST00000265293.9	ENSG00000113645	+	23	21	627	3353	150.28571428571428	125	102.28643255932961	7887.409090909091	3420.5	16382.264575882027
ENST00000231572.8	ENSG00000113643	+	15	13	73	221	140.6153846153846	122	44.01048826044852	2193.5	1535.5	1709.3843583627952
ENST00000239231.7	ENSG00000120137	-	7	5	113	9127	206.8	177	97.30724536230588	3433.3333333333335	2303.5	3362.7233407859567
ENST00000519560.6	ENSG00000184347	-	36	34	627	4950	121.73529411764706	128.0	54.11284999664459	17990.97142857143	5490	52412.891474659686
ENST00000296930.10	ENSG00000181163	+	11	9	158	374	87.55555555555556	87	20.242968600918637	2173.2	1609.0	2188.34934241415
ENST00000176763.10	ENSG00000072786	-	19	17	338	2944	153.52941176470588	130	109.4937884351544	7791.888888888889	3558.0	9285.789730987051
ENST00000393792.3	ENSG00000168246	-	3	1	169	2582	237.0	237	NA	35565.5	35565.5	19334.42071798377
ENST00000311601.6	ENSG00000174705	-	13	11	248	6418	101.18181818181819	92	52.79170044963163	9437.333333333334	7219.5	8385.774982707684
ENST00000239223.4	ENSG00000120129	-	4	2	610	1037	183.0	183.0	52.32590180780452	362.3333333333333	366	81.561837481345
ENST00000393784.8	ENSG00000113719	+	10	8	183	1975	93.125	98.0	25.413368248114725	12836.666666666666	8241	16128.282193091736
ENST00000519374.6	ENSG00000113732	+	4	2	194	1047	89.0	89.0	57.982756057296896	16752.0	14031	7673.290493653944
ENST00000296953.6	ENSG00000164463	+	9	7	128	5655	285.0	190	356.7445397853577	9394.375	8071.5	7986.966435342377
ENST00000265087.9	ENSG00000113739	-	4	2	372	3527	177.5	177.5	48.79036790187178	3146.0	2437	1591.6981497758927
ENST00000311086.9	ENSG00000145919	-	4	2	451	1148	161.0	161.0	50.91168824543142	2528.3333333333335	2944	1421.8242976308054
ENST00000265085.10	ENSG00000113742	+	10	8	2510	6071	104.625	102.5	55.05305882250582	7134.888888888889	2637	8296.8014235072
ENST00000321442.10	ENSG00000164466	+	11	9	80	3105	97.88888888888889	86	49.4859688306808	4711.7	2144.5	5764.468406636566
ENST00000265097.9	ENSG00000051596	-	6	4	374	602	156.25	159.5	42.67220016201024	1436.8	918	1339.2115964252998
ENST00000429602.7	ENSG00000170085	+	10	8	214	807	285.5	154.0	413.73904819342346	11584.555555555555	8036	15802.191035669002
ENST00000310389.6	ENSG00000175414	+	4	2	260	10188	189.0	189.0	18.384776310850235	1865.6666666666667	2225	1098.0206434003567
ENST00000614830.5	ENSG00000048162	-	5	3	166	429	95.33333333333333	107	21.96208854670551	943.0	1085.5	634.6678921556796
ENST00000274787.3	ENSG00000146066	+	2	0	223	431	NA	NA	NA	357.0	357	NA
ENST00000310418.9	ENSG00000175416	-	6	4	363	445	82.75	83.0	37.42882133686107	4580.0	3533	4804.942663549691
ENST00000261942.7	ENSG00000113194	+	11	9	86	3307	121.33333333333333	135	41.237119201030524	5720.5	2355.5	9068.658203456072
ENST00000274811.9	ENSG00000146083	-	11	9	463	2379	142.22222222222223	151	35.095504618746325	656.9	230.0	1328.99238773842
ENST00000508164.6	ENSG00000048140	+	9	7	219	1534	103.14285714285714	117	49.48881547524508	1136.625	708.0	1275.296149079555
ENST00000511320.6	ENSG00000087206	-	15	13	130	487	150.53846153846155	104	180.80174012096575	7085.714285714285	3498.5	9489.838009710675
ENST00000303251.11	ENSG00000169228	-	8	6	548	610	71.66666666666667	68.5	16.609234379304382	133.42857142857142	117	49.260725203949725
ENST00000303204.9	ENSG00000169230	+	5	3	279	528	139.66666666666666	114	76.78758580222022	481.25	396.0	402.4908901660591
ENST00000439742.7	ENSG00000213347	-	6	4	138	494	108.75	110.5	63.00991985394046	724.4	276	999.3421836388175
ENST00000303127.12	ENSG00000169223	-	8	6	217	680	119.0	118.5	26.03075104563831	2641.5714285714284	702	4495.5736325539465
ENST00000323249.8	ENSG00000131188	+	4	2	147	563	375.5	375.5	410.82903986938413	2670.6666666666665	788	3755.398025953219
ENST00000393565.6	ENSG00000113758	-	15	13	199	894	148.53846153846155	113	155.44699814010315	1000.0714285714286	295.0	1856.4948140260167
ENST00000355841.7	ENSG00000196923	-	13	11	77	337	118.0	119	60.47809520809993	1041.5833333333333	569.5	1352.2669490581923
ENST00000514747.6	ENSG00000146067	-	9	7	315	393	322.85714285714283	235	324.70059468759246	3975.875	1838.5	5020.746968828443
ENST00000029410.10	ENSG00000027847	+	6	4	129	791	194.5	165.5	128.58849093134268	1700.2	1011	1572.8190296407276
ENST00000274605.6	ENSG00000145911	+	5	3	240	4608	379.0	360	134.510222659841	1641.25	331.0	2762.816120675907
ENST00000313386.9	ENSG00000145916	+	11	9	41	2600	141.11111111111111	146	24.15286962476946	1564.4	424.0	2251.709878687256
ENST00000274606.8	ENSG00000145912	-	4	2	228	376	88.0	88.0	25.45584412271571	1214.3333333333333	1049	1208.512032763155
ENST00000358344.8	ENSG00000197451	+	8	6	208	611	158.5	150.0	40.401732636113515	694.4285714285714	684	682.642624204607
ENST00000316308.9	ENSG00000113240	-	13	11	105	1094	118.63636363636364	95	47.61569641887584	1823.5833333333333	1244.5	1655.2263486156553
ENST00000335815.7	ENSG00000169131	-	5	3	104	2110	102.33333333333333	96	22.18858565419016	4156.75	1695.5	5067.701081358292
ENST00000251582.12	ENSG00000087116	-	22	20	272	3472	151.95	139.0	66.94968652888369	10848.857142857143	1945	20268.406701775337
ENST00000319449.9	ENSG00000176783	+	18	16	326	637	104.5625	102.0	35.47575463139109	3342.529411764706	2348	2235.0050648054207
ENST00000393432.9	ENSG00000169045	-	14	12	77	782	115.08333333333333	131.0	40.868877541659394	558.0	430	517.3061633758742
ENST00000247461.9	ENSG00000127022	+	15	13	136	3051	132.92307692307693	127	50.83381672741998	1982.857142857143	962.5	2009.784866295696
ENST00000292599.4	ENSG00000161021	+	5	3	606	3389	584.3333333333334	240	723.7847285853255	9678.5	2379.5	14815.438670522044
ENST00000292591.12	ENSG00000161013	-	15	13	380	459	117.38461538461539	114	41.5582692564277	492.2857142857143	155.0	1163.7831828580859
ENST00000389805.9	ENSG00000161011	+	8	6	237	1643	160.0	169.0	63.05870280936645	2047.7142857142858	822	2687.9015801851647
ENST00000292586.11	ENSG00000161010	-	7	5	87	610	94.2	88	37.5393127267935	3395.6666666666665	3368.0	1747.5887006577568
ENST00000355235.8	ENSG00000197226	-	21	19	194	2058	152.78947368421052	130	72.24309190147788	2033.6	1491.5	2029.393827048648
ENST00000521389.6	ENSG00000113269	-	9	7	304	603	142.42857142857142	97	72.3045806360315	14348.625	7748.5	13437.79306856492
ENST00000452135.7	ENSG00000050748	-	12	10	236	3384	117.9	127.5	47.6012371454543	4922.0	2958	4472.824409699088
ENST00000253778.13	ENSG00000131459	-	19	17	126	911	117.47058823529412	118	33.56359196931033	2755.8333333333335	2051.0	3352.7054439836566
ENST00000261951.9	ENSG00000113300	+	12	10	385	4371	146.3	155.0	52.38118831115698	7069.181818181818	1889	10997.334248063771
ENST00000307826.5	ENSG00000131446	-	2	0	127	8318	NA	NA	NA	9582.0	9582	NA
ENST00000502412.2	ENSG00000196670	-	2	0	58	3883	NA	NA	NA	9725.0	9725	NA
ENST00000274773.12	ENSG00000146054	-	7	5	608	1754	100.4	96	82.85107120611055	1401.5	840.5	1282.4613444466854
ENST00000315073.10	ENSG00000146063	+	6	4	1532	1635	119.5	112.0	86.35006272918007	1776.6	523	2407.5720757642957
ENST00000512805.6	ENSG00000204628	-	8	6	215	146	129.83333333333334	126.0	28.589625157855195	838.5714285714286	566	586.2516118365496
ENST00000688015.1	ENSG00000183718	-	2	0	1143	1713	NA	NA	NA	3141.0	3141	NA
ENST00000419235.7	ENSG00000112679	+	7	5	74	2587	82.8	75	53.56024645200954	9299.0	8954.0	8174.335691663268
ENST00000645831.2	ENSG00000054598	+	1	0	3983	3983	NA	NA	NA	NA	NA	NA
ENST00000380815.5	ENSG00000112699	-	11	9	285	426	106.0	105	41.433681950799404	62013.5	22795.5	72093.24468623179
ENST00000380773.9	ENSG00000124535	+	7	5	1052	1946	180.0	192	65.31462317123173	2943.6666666666665	1741.5	3164.4041250552477
ENST00000380739.6	ENSG00000021355	-	7	5	52	1681	148.6	143	23.49042358068496	1176.0	1424.0	713.9081173372383
ENST00000380539.7	ENSG00000124570	-	7	5	35	541	147.8	147	20.72920644887305	3682.3333333333335	2451.0	4425.894922687012
ENST00000380455.11	ENSG00000124588	+	7	5	192	277	120.8	114	28.66531004541901	3131.5	2674.0	1751.7639966616507
ENST00000259808.9	ENSG00000137275	+	11	9	168	2135	198.77777777777777	153	148.20406352203858	4260.2	2570.0	4211.3996301045145
ENST00000380379.10	ENSG00000137274	+	7	5	137	1091	136.2	132	24.843510218968657	5493.166666666667	4145.0	3881.797903892817
ENST00000333628.4	ENSG00000137267	-	4	2	138	1258	110.0	110.0	1.4142135623730951	754.3333333333334	701	475.249758898764
ENST00000259818.8	ENSG00000137285	-	4	2	167	1535	110.0	110.0	1.4142135623730951	485.0	347	288.88059817163213
ENST00000438998.7	ENSG00000180822	+	3	1	250	459	76.0	76	NA	4159.0	4159.0	463.86204845837517
ENST00000380283.5	ENSG00000168994	-	5	3	438	1118	107.33333333333333	112	13.613718571108091	6804.25	6615.0	5509.812723677639
ENST00000337659.11	ENSG00000112739	+	15	13	167	4571	213.76923076923077	148	298.17784230392715	2583.3571428571427	1682.5	2472.817875876173
ENST00000380118.8	ENSG00000198721	-	10	8	65	324	122.375	112.0	40.128142956569235	2055.777777777778	1734	1663.1263314746852
ENST00000397588.8	ENSG00000153046	+	7	5	404	1647	290.4	211	214.74589635194428	29273.0	7158.5	44797.10038384181
ENST00000244766.7	ENSG00000124785	-	3	1	231	1206	145.0	145	NA	3672.5	3672.5	741.7550134646883
ENST00000379938.7	ENSG00000124782	+	13	11	100	3470	459.54545454545456	164	836.6897111398423	11282.916666666666	4850.5	19120.37760400398
ENST00000244763.9	ENSG00000124783	-	8	6	158	8789	119.0	91.0	71.72447281088931	3199.4285714285716	2486	1967.9897405849501
ENST00000379834.7	ENSG00000124784	+	17	15	266	707	101.66666666666667	93	41.36193326972911	1608.25	1494.5	1269.6365096619845
ENST00000379802.8	ENSG00000096696	+	24	22	415	4073	236.77272727272728	144.0	461.59897373598284	1536.8260869565217	819	2728.137054211402
ENST00000283147.7	ENSG00000153162	+	7	5	1521	1535	145.6	149	52.218770571510014	25307.666666666668	8479.0	45834.066940068355
ENST00000379715.10	ENSG00000124802	-	4	2	114	636	148.5	148.5	74.24621202458749	7369.0	6985	2615.230009004944
ENST00000710437.1	ENSG00000124786	-	10	8	203	2265	131.5	110.0	70.06935339871694	2287.8888888888887	1805	1754.7993079298587
ENST00000379613.10	ENSG00000137203	-	7	5	134	2029	196.0	142	148.3222842326803	2542.5	1977.5	1115.7875693876501
ENST00000229563.6	ENSG00000111843	+	6	4	172	513	82.75	82.5	16.152915113584502	1408.4	1328	893.1197008240273
ENST00000354666.4	ENSG00000197977	-	8	6	78	3148	127.0	130.0	49.36395446071962	8508.42857142857	5186	11126.239614190454
ENST00000416247.4	ENSG00000224531	+	2	0	556	4331	NA	NA	NA	40013.0	40013	NA
ENST00000379446.10	ENSG00000111859	-	7	5	165	2374	396.6	102	496.19129375675266	7474.833333333333	2101.0	9086.469378513673
ENST00000379388.7	ENSG00000095951	+	9	7	255	1717	1011.5714285714286	143	2195.951035970737	17954.375	4368.0	25263.44509329919
ENST00000379375.6	ENSG00000078401	+	5	3	333	1233	156.33333333333334	156	12.503332889007368	1199.75	1494.0	696.1596440472545
ENST00000379287.4	ENSG00000145990	-	2	0	963	7833	NA	NA	NA	120975.0	120975	NA
ENST00000606117.2	ENSG00000124523	+	10	8	144	3369	131.375	129.0	51.03202775848572	3999.3333333333335	3582	2837.755847496398
ENST00000011619.6	ENSG00000010017	-	14	12	901	995	124.0	117.5	49.8962560082053	6688.7692307692305	3160	10075.704037881142
ENST00000379170.9	ENSG00000050393	-	9	7	543	4308	87.0	102	30.89228598426043	2817.625	1668.5	2334.1815290834356
ENST00000379153.4	ENSG00000112149	+	5	3	77	1799	150.66666666666666	116	67.98774399355617	4201.75	1626.0	6213.946913999185
ENST00000341776.7	ENSG00000008083	+	18	16	516	1974	219.5625	139.0	240.03804385971821	15880.64705882353	3090	31378.444193309635
ENST00000344537.10	ENSG00000047579	-	10	8	215	413	94.375	97.0	52.04925551821083	15426.555555555555	10673	17783.980074150382
ENST00000356840.8	ENSG00000007944	+	7	5	324	1587	232.2	191	106.25770560293498	2681.8333333333335	1178.0	4025.862015353565
ENST00000259727.5	ENSG00000137198	+	9	7	194	544	110.0	107	45.92385001282014	6931.875	4505.0	5386.441428982324
ENST00000436367.6	ENSG00000124788	-	8	6	163	7748	441.0	127.0	801.9246847429002	64541.71428571428	63091	51086.34689005888
ENST00000229922.7	ENSG00000112186	+	13	11	152	1422	122.81818181818181	122	37.190907979822654	13438.416666666666	5517.5	15574.196295961841
ENST00000259963.4	ENSG00000137414	+	5	3	820	3521	128.33333333333334	124	10.214368964029708	1672.0	1824.5	648.0252052711119
ENST00000262077.3	ENSG00000124789	-	22	20	649	1145	211.6	139.0	204.91780123541707	4088.714285714286	2490	4831.718826078946
ENST00000259711.11	ENSG00000137177	-	39	37	227	1254	122.32432432432432	127	46.240947494890555	5735.1578947368425	2055.5	14707.759071092862
ENST00000309983.5	ENSG00000137364	-	9	7	45	2470	95.57142857142857	86	48.49693166533715	2947.875	2752.0	2013.5514777555177
ENST00000650836.2	ENSG00000165097	+	22	20	150	1946	122.1	124.5	44.644679060567256	3042.6190476190477	2603	3021.7431471948516
ENST00000652689.1	ENSG00000124795	-	11	9	146	1871	125.0	121	36.124783736376884	3752.9	1138.5	4452.1314109087125
ENST00000259939.4	ENSG00000137393	+	8	6	281	3944	134.5	125.0	59.59110671903988	10927.0	11868	9569.291440157242
ENST00000378700.8	ENSG00000172201	+	3	1	826	2988	59.0	59	NA	477.5	477.5	126.572113832392
ENST00000324607.8	ENSG00000172197	-	13	11	334	2729	114.72727272727273	104	49.93013300421081	9038.416666666666	3105.0	16198.933676793406
ENST00000346618.8	ENSG00000112242	+	7	5	747	3547	148.4	136	44.25268353444794	14466.666666666666	1627.5	30757.626694312203
ENST00000244745.4	ENSG00000124766	+	1	0	4869	4869	NA	NA	NA	NA	NA	NA
ENST00000378386.8	ENSG00000124532	+	11	9	301	2607	114.55555555555556	117	40.25267416927449	1931.6	1750.5	1280.2377556966171
ENST00000357578.8	ENSG00000112294	+	10	8	382	3701	131.0	144.0	41.11308446572349	4123.111111111111	3952	3132.9791909795877
ENST00000230048.5	ENSG00000112304	+	3	1	268	3588	185.0	185	NA	16964.5	16964.5	19195.827788871207
ENST00000378119.9	ENSG00000112308	-	5	3	615	1402	145.0	135	28.35489375751565	2960.5	2364.5	1664.017728270946
ENST00000329474.7	ENSG00000079691	+	37	35	462	1084	112.54285714285714	95	68.16560408176497	9324.222222222223	4931.0	22197.472085302365
ENST00000357618.10	ENSG00000010704	+	6	4	88	4158	232.5	270.0	79.20227269466452	1147.8	953	1288.179995187008
ENST00000415922.7	ENSG00000181315	-	4	2	306	4346	79.5	79.5	13.435028842544403	6851.0	4930	7212.0029811419245
ENST00000683778.1	ENSG00000197279	+	4	2	403	1001	275.0	275.0	192.33304448274092	2347.3333333333335	2252	2116.610812911371
ENST00000340487.5	ENSG00000196812	+	4	2	69	653	278.5	278.5	197.28279195104676	1398.3333333333333	952	967.1051304451514
ENST00000330236.7	ENSG00000198315	+	6	4	147	6405	216.75	133.0	195.9274950927851	2031.8	671	2489.4437531304056
ENST00000252207.10	ENSG00000137185	+	4	2	92	926	320.5	320.5	243.9518395093589	2184.6666666666665	1645	2317.123288332611
ENST00000377294.3	ENSG00000187626	-	5	3	712	4279	118.33333333333333	124	32.86842456421259	1306.75	1265.0	380.98151748695983
ENST00000421553.7	ENSG00000197062	+	4	2	71	2010	302.0	302.0	260.2152954766495	2792.3333333333335	3407	2219.7716849562103
ENST00000344279.11	ENSG00000235109	-	4	2	67	2118	313.5	313.5	229.80970388562795	2866.6666666666665	1769	3039.95235708281
ENST00000684592.1	ENSG00000158691	-	4	2	91	7005	307.5	307.5	229.80970388562795	2433.0	1183	2185.881058063316
ENST00000377199.4	ENSG00000204713	-	8	6	773	1664	87.66666666666667	64.5	80.33347164580071	2574.4285714285716	1649	2658.498815568845
ENST00000376772.8	ENSG00000204619	+	3	1	282	1230	109.0	109	NA	757.5	757.5	498.510280736516
ENST00000454678.7	ENSG00000234127	-	10	8	102	2104	164.0	107.0	186.77717817151614	2826.0	1770	2925.2833196119655
ENST00000376621.8	ENSG00000204590	-	12	10	359	4933	150.9	157.5	42.03292360360705	755.2727272727273	363	1410.3517356254852
ENST00000376560.8	ENSG00000204576	+	4	2	156	1335	177.0	177.0	161.22034611053283	1528.0	699	1825.5938759757057
ENST00000326195.13	ENSG00000204574	+	25	23	119	988	99.91304347826087	101	38.20389442723234	694.8333333333334	185.0	1292.8271234061006
ENST00000376511.7	ENSG00000204569	-	20	18	20	1246	180.27777777777777	116.0	178.27962357770036	648.421052631579	224	1451.363776888998
ENST00000259873.5	ENSG00000204568	+	7	5	104	891	80.6	69	21.524404753674375	1192.5	1054.0	1115.0972603320304
ENST00000376442.8	ENSG00000204560	-	20	18	372	244	155.0	162.5	54.13816746502035	867.0526315789474	204	1212.7991715075323
ENST00000274853.8	ENSG00000146112	-	3	1	2238	900	211.0	211	NA	3454.0	3454.0	2211.830011551521
ENST00000376421.7	ENSG00000137404	-	4	2	143	894	187.0	187.0	14.142135623730951	508.3333333333333	594	151.85629171467784
ENST00000376406.8	ENSG00000137337	-	15	13	37	826	469.61538461538464	126	727.8315439785888	750.5	194.0	961.4191233635988
ENST00000327892.13	ENSG00000196230	+	4	2	212	2083	110.0	110.0	1.4142135623730951	852.0	311	971.0102986065596
ENST00000376389.8	ENSG00000137312	-	13	11	161	437	115.27272727272727	120	45.177629218654026	1092.75	260.0	2554.678884820058
ENST00000259874.6	ENSG00000137331	-	2	0	239	998	NA	NA	NA	112.0	112	NA
ENST00000376568.8	ENSG00000204580	+	18	16	192	1001	165.1875	151.0	54.62748850166919	694.2352941176471	475	944.3306842290314
ENST00000676266.1	ENSG00000137411	+	30	28	107	351	111.32142857142857	103.5	39.79210192565072	298.17241379310343	160	263.1582995848584
ENST00000376257.8	ENSG00000137310	+	4	2	134	1739	685.0	685.0	178.19090885900997	794.6666666666666	471	831.1897095930226
ENST00000376033.3	ENSG00000204469	+	31	29	144	326	221.82758620689654	144	325.431808631187	338.46666666666664	187.5	369.14726837283575
ENST00000676615.2	ENSG00000204463	-	26	24	238	199	141.91666666666666	123.0	69.63189965292749	391.64	183	445.6180988245428
ENST00000375911.2	ENSG00000204439	-	1	0	2481	2481	NA	NA	NA	NA	NA	NA
ENST00000375789.7	ENSG00000213722	-	6	4	435	314	111.0	110.0	32.10399767422535	213.4	158	151.81337227003425
ENST00000375784.8	ENSG00000213719	-	6	4	269	405	131.25	118.0	34.84609016805185	946.6	1167	775.9570220057294
ENST00000375654.5	ENSG00000204390	-	2	0	395	2367	NA	NA	NA	2903.0	2903	NA
ENST00000375650.5	ENSG00000204388	+	1	0	2517	2517	NA	NA	NA	NA	NA	NA
ENST00000375631.5	ENSG00000204386	-	6	4	204	2287	215.5	208.0	35.93976442141304	362.0	426	215.87496381007224
ENST00000375527.3	ENSG00000204366	-	2	0	250	1713	NA	NA	NA	511.0	511	NA
ENST00000375429.8	ENSG00000204356	-	11	9	80	312	117.0	83	90.74414581668616	544.0	207.0	573.8265320537984
ENST00000685781.1	ENSG00000204344	+	7	5	149	443	123.8	137	24.803225596683994	1312.1666666666667	308.5	2386.2472978856713
ENST00000375203.8	ENSG00000213676	-	18	16	130	705	111.9375	100.0	35.63793624776833	609.2352941176471	221	1104.0158813062749
ENST00000375156.4	ENSG00000204315	-	2	0	194	1148	NA	NA	NA	240.0	240	NA
ENST00000324816.11	ENSG00000221988	+	9	7	264	869	110.42857142857143	96	46.586325400118376	953.625	218.0	1578.3100308784167
ENST00000375107.8	ENSG00000204310	-	7	5	271	1237	137.6	134	55.87754468478371	946.1666666666666	281.0	1652.9675637067614
ENST00000375094.4	ENSG00000204308	+	6	4	247	565	76.25	84.0	47.68909728648677	254.4	102	355.00253520221514
ENST00000375050.6	ENSG00000204304	-	9	7	508	1742	139.85714285714286	136	63.564740151094696	280.125	200.5	261.80223588481005
ENST00000374882.8	ENSG00000204264	-	6	4	198	331	148.75	139.0	40.277164746292655	441.4	408	215.95786626099084
ENST00000354258.5	ENSG00000168394	-	11	9	666	577	160.22222222222223	163	33.46930600482246	581.1	481.0	422.7035867155875
ENST00000374825.9	ENSG00000204256	+	13	11	463	920	324.8181818181818	249	344.950668409794	662.6666666666666	357.0	775.4178150383108
ENST00000374680.4	ENSG00000204231	-	10	8	424	1242	152.375	145.0	49.31802770937679	465.8888888888889	366	355.9790880250006
ENST00000374677.8	ENSG00000112473	+	7	5	790	897	145.2	165	54.719283621041676	193.0	147.5	124.45400756906143
ENST00000374656.5	ENSG00000204227	+	7	5	145	419	235.4	216	101.46822162628061	412.6666666666667	238.0	376.60624884176667
ENST00000374606.10	ENSG00000204220	+	4	2	320	218	98.0	98.0	38.18376618407357	199.66666666666666	253	102.94335011710729
ENST00000497454.6	ENSG00000237441	-	18	16	73	660	135.1875	108.0	83.45475320994804	258.4117647058824	117	316.1965486101029
ENST00000431845.3	ENSG00000236104	-	2	0	92	2568	NA	NA	NA	667.0	667	NA
ENST00000428849.7	ENSG00000237649	+	11	9	175	251	218.33333333333334	100	242.5566944035971	1568.3	378.5	2227.345906878608
ENST00000374516.8	ENSG00000112511	+	15	13	202	630	110.07692307692308	96	38.8747165873089	225.92857142857142	136.0	246.77129376929446
ENST00000646630.1	ENSG00000197283	+	19	17	267	1930	224.58823529411765	145	252.53664556444315	1533.888888888889	874.5	1633.197869532578
ENST00000374467.4	ENSG00000030110	-	6	4	252	1356	140.5	140.0	32.82783371876169	1111.0	1083	925.596834480326
ENST00000605930.3	ENSG00000096433	+	58	56	370	851	140.32142857142858	142.0	44.139904495039055	1160.7368421052631	492	3114.6593801748654
ENST00000476320.6	ENSG00000186577	-	5	3	28	474	105.33333333333333	106	79.00210967647214	448.5	252.5	448.2726105098697
ENST00000607016.2	ENSG00000272325	-	5	3	406	9253	80.33333333333333	85	33.24655370611116	25772.75	25347.5	26008.46959966439
ENST00000374023.8	ENSG00000196821	-	5	3	322	3313	234.33333333333334	198	102.45161459602934	26285.5	27825.0	16969.52487058295
ENST00000244520.10	ENSG00000124562	+	6	4	47	412	86.75	97.5	30.291638010073562	3109.4	3050	1933.8642144680168
ENST00000192788.6	ENSG00000065060	+	21	19	212	5202	218.57894736842104	155	301.8751242538458	3793.25	449.5	7630.614066998388
ENST00000360359.5	ENSG00000064999	+	24	22	345	2801	145.63636363636363	107.5	111.39955777228863	8513.130434782608	1532	17524.258999518737
ENST00000373953.8	ENSG00000065029	+	14	12	107	842	142.0	145.0	51.21434458146556	2584.4615384615386	574	5750.805517713506
ENST00000316637.7	ENSG00000023892	+	11	9	135	585	175.11111111111111	167	64.54929210387292	2165.8	757.0	3677.19935095538
ENST00000360694.8	ENSG00000112033	+	8	6	124	2347	210.5	179.0	128.46127821254154	11698.142857142857	1987	23177.43261183582
ENST00000357266.9	ENSG00000096060	-	11	9	112	2353	142.77777777777777	143	48.46075158769666	11157.6	5794.0	13974.77015672649
ENST00000373825.7	ENSG00000096063	-	16	14	55	2523	126.42857142857143	104.0	95.58058564189881	5585.666666666667	1603	8192.325168513922
ENST00000229794.9	ENSG00000112062	+	12	10	466	2857	89.9	79.5	42.99211814068042	7200.636363636364	4805	8344.815567437392
ENST00000211287.9	ENSG00000156711	+	12	10	189	5228	89.9	79.5	43.49316676853452	699.3636363636364	257	908.1790872649813
ENST00000357641.10	ENSG00000096070	+	13	11	227	2365	314.54545454545456	155	405.2108990726591	2499.5833333333335	2692.5	1178.531170439276
ENST00000373731.7	ENSG00000112078	+	8	6	112	4259	168.83333333333334	159.5	68.20386108327494	6108.285714285715	2954	9292.483642067671
ENST00000229812.8	ENSG00000112079	-	14	12	290	2023	106.0	110.5	30.072639331519213	3846.3846153846152	2224	4083.5753235463803
ENST00000373715.11	ENSG00000112081	+	6	4	120	3639	117.25	111.0	72.0850192481073	1402.2	1880	986.5113785456304
ENST00000244741.10	ENSG00000124762	+	3	1	85	1582	450.0	450	NA	3251.0	3251.0	2894.8951621777255
ENST00000373699.6	ENSG00000137168	-	4	2	87	1205	112.0	112.0	60.81118318204309	6153.0	2844	7800.922445454768
ENST00000373627.10	ENSG00000137409	-	12	10	344	834	77.7	72.0	29.405403887343187	1463.7272727272727	1064	1365.0723856930879
ENST00000373509.6	ENSG00000137193	+	6	4	506	1495	175.5	142.0	137.67957970108228	514.8	115	622.1167093078276
ENST00000373491.3	ENSG00000065491	+	13	11	202	1927	121.18181818181819	107	71.46022415556529	5978.083333333333	2692.0	6721.119948048882
ENST00000373451.9	ENSG00000137200	+	24	22	157	1496	108.22727272727273	103.0	41.15583835014214	1924.0869565217392	922	2279.910782007279
ENST00000373408.4	ENSG00000198937	-	4	2	72	352	74.0	74.0	29.698484809834994	5461.333333333333	1520	7963.57999478459
ENST00000287218.9	ENSG00000156639	+	6	4	290	2390	114.5	117.0	71.43528539874394	66352.0	35495	50595.703794887566
ENST00000481247.6	ENSG00000183826	-	11	9	130	6732	185.33333333333334	190	91.81094705970526	46294.9	24545.5	69207.48039763396
ENST00000373365.5	ENSG00000124767	-	6	4	175	1459	95.5	86.5	31.69121855235821	5041.0	2377	6297.312204424996
ENST00000229903.5	ENSG00000112167	-	2	0	304	1714	NA	NA	NA	9106.0	9106	NA
ENST00000359534.4	ENSG00000164626	-	5	3	550	2785	149.33333333333334	167	32.34707611722168	9180.5	1764.0	15863.131815628338
ENST00000274867.9	ENSG00000146122	+	25	23	90	3057	132.08695652173913	108	71.38176049401763	4429.541666666667	1500.0	12724.647356450178
ENST00000340692.10	ENSG00000124615	-	11	9	168	2948	114.11111111111111	113	40.013886478460336	2615.0	1710.0	3070.959386829392
ENST00000341376.11	ENSG00000001167	+	10	8	111	5047	131.375	134.0	31.231565991568758	2580.1111111111113	1646	1941.1412522305302
ENST00000307972.10	ENSG00000137166	+	17	15	487	3596	127.4	105	52.268264066940546	3125.625	855.5	5244.830990286214
ENST00000373033.6	ENSG00000112561	-	9	7	259	1101	139.0	121	78.67019766086774	6162.25	853.5	15343.638232645011
ENST00000265350.9	ENSG00000124641	-	4	2	135	1934	204.5	204.5	70.0035713374682	4436.0	4065	2659.9757517691774
ENST00000230340.9	ENSG00000112578	+	7	5	332	686	140.0	139	24.372115213907882	1638.3333333333333	578.5	2106.6477319824185
ENST00000372991.9	ENSG00000112576	-	5	3	357	1156	171.0	160	40.63249930782009	1207.75	702.5	1191.618332353107
ENST00000695948.1	ENSG00000124496	-	18	16	253	3739	240.75	113.0	397.7856206551464	12891.29411764706	3094	24921.194553443627
ENST00000372901.2	ENSG00000024048	+	47	45	369	2474	112.17777777777778	104	44.020805457548285	2643.1739130434785	1673.5	3589.6495174279917
ENST00000372836.5	ENSG00000137161	+	6	4	242	727	115.5	120.5	12.609520212918492	1676.8	975	1861.5557203586468
ENST00000304611.13	ENSG00000124587	-	17	15	913	607	128.26666666666668	117	47.4529340755759	742.0625	315.0	1157.467549941106
ENST00000485511.6	ENSG00000112640	+	16	14	135	1194	117.42857142857143	110.0	49.37722035625224	1653.3333333333333	151	4358.560110643793
ENST00000244711.4	ENSG00000124733	-	4	2	161	1479	189.0	189.0	121.62236636408618	262.0	304	159.21055241409096
ENST00000326974.9	ENSG00000124702	+	11	9	100	628	126.77777777777777	109	58.787281315301904	517.7	150.0	877.0332630205336
ENST00000244496.6	ENSG00000124541	+	7	5	162	508	102.6	105	32.913523056640415	1132.3333333333333	871.5	1162.189083870033
ENST00000265348.9	ENSG00000044090	-	26	24	230	395	199.20833333333334	174.0	118.50003821928082	433.16	267	437.0763358194233
ENST00000347162.10	ENSG00000137171	+	16	14	55	472	131.0	105.5	70.11419257183242	873.4666666666667	563	919.4923961983952
ENST00000230419.9	ENSG00000112655	+	20	18	254	995	165.16666666666666	151.0	54.10692029241187	4272.631578947368	754	12010.452457989
ENST00000265354.6	ENSG00000112658	+	7	5	901	2412	183.6	192	84.529876375161	1001.1666666666666	1086.0	701.4848299618935
ENST00000252050.9	ENSG00000112659	+	41	39	54	338	188.89743589743588	165	109.73096163171442	865.825	365.0	1365.5213503762338
ENST00000361428.3	ENSG00000171467	-	10	8	681	4433	387.0	176.5	477.63614364313526	2818.6666666666665	2187	2468.926791138206
ENST00000372530.9	ENSG00000124574	+	22	20	217	499	216.35	165.5	244.34537140350292	849.7142857142857	434	995.8623470569185
ENST00000372449.6	ENSG00000137221	+	11	9	59	1794	94.0	97	46.80277769534624	2628.6	768.0	5996.039585519021
ENST00000372422.7	ENSG00000137207	-	9	7	200	484	117.57142857142857	114	48.472869191116054	448.5	190.5	632.9877001738885
ENST00000642195.1	ENSG00000171453	+	9	7	90	332	121.85714285714286	120	27.661215756774993	393.75	177.0	633.4332189403575
ENST00000265351.12	ENSG00000124571	-	32	30	279	1672	112.4	100.5	43.90946799165693	1560.7096774193549	1028	2188.448144135449
ENST00000372236.9	ENSG00000170734	+	11	9	256	6864	138.66666666666666	135	43.76356932426787	3597.1	3029.0	2997.7166662496825
ENST00000307126.10	ENSG00000172432	-	12	10	288	1297	144.6	168.5	62.14534933882377	521.8181818181819	361	548.1807764199358
ENST00000372014.5	ENSG00000180992	-	3	1	109	759	89.0	89	NA	6522.5	6522.5	5927.676146686827
ENST00000323267.11	ENSG00000137216	+	24	22	125	828	105.95454545454545	106.5	41.577783986308376	1073.1304347826087	492	1724.8099053188923
ENST00000371755.9	ENSG00000112759	+	13	11	47	726	119.0909090909091	98	45.68906771965159	705.4166666666666	339.0	1059.7806341051164
ENST00000371646.10	ENSG00000096384	+	12	10	95	395	206.5	178.5	72.21149492982401	384.3636363636364	186	417.15327464309155
ENST00000393812.4	ENSG00000157593	-	4	2	129	1544	174.5	174.5	27.577164466275352	468.6666666666667	521	258.50402962687707
ENST00000619360.6	ENSG00000146232	-	6	4	570	1119	163.75	163.0	78.7458993641362	1008.4	758	803.2921635370284
ENST00000371477.4	ENSG00000096401	+	16	14	163	3819	161.35714285714286	162.5	47.89669515314608	3765.266666666667	2295	4296.799780345944
ENST00000321037.5	ENSG00000001561	+	4	2	201	3413	515.0	515.0	486.4894654563447	4018.6666666666665	2053	4680.077385400089
ENST00000371383.7	ENSG00000112796	-	5	3	173	2569	367.6666666666667	177	433.6661542400252	1987.75	1812.5	1218.0945160372407
ENST00000371374.6	ENSG00000172348	-	5	3	277	2566	191.0	174	31.192947920964443	66824.5	28820.0	94980.42111403802
ENST00000296861.2	ENSG00000146072	-	6	4	490	1463	410.5	380.5	199.40327646923626	14955.8	18357	12938.062865050548
ENST00000359314.5	ENSG00000198087	+	18	16	460	3078	117.125	109.0	44.98722040757797	8474.29411764706	3274	9061.462159640034
ENST00000274813.4	ENSG00000146085	-	13	11	151	1497	196.63636363636363	158	106.50471607142354	2423.5833333333335	2430.5	1118.9475947053863
ENST00000335783.4	ENSG00000031691	+	9	7	84	964	99.0	120	30.56141357987225	3499.625	2246.5	3364.271347027254
ENST00000596288.7	ENSG00000112118	-	17	15	146	772	143.33333333333334	132	47.67099547443718	1103.75	915.5	831.2302929994792
ENST00000442253.3	ENSG00000170915	+	2	0	99	4616	NA	NA	NA	40912.0	40912	NA
ENST00000182527.4	ENSG00000065308	-	11	9	265	5863	102.11111111111111	105	36.14015925685872	7260.6	1264.5	13166.477561511194
ENST00000211314.5	ENSG00000096092	+	5	3	133	579	92.0	88	8.717797887081348	3622.0	3401.5	1936.5131895583188
ENST00000323557.12	ENSG00000112146	+	13	11	389	3152	109.27272727272727	100	29.75261638609589	2560.5833333333335	2063.0	2650.9356652916254
ENST00000304434.11	ENSG00000012660	-	8	6	134	1867	127.33333333333333	130.0	48.857616260585885	11254.57142857143	2492	19149.0597755011
ENST00000650454.1	ENSG00000001084	-	16	14	606	1627	110.85714285714286	113.0	30.254960541415972	2931.733333333333	1017	5549.368296953996
ENST00000370888.6	ENSG00000137269	+	14	12	411	1491	104.75	103.0	35.624621210107435	9689.384615384615	2737	14855.1843113129
ENST00000370706.9	ENSG00000112200	+	15	13	87	1883	239.84615384615384	131	411.2166594699697	5359.285714285715	4035.0	6396.85739464876
ENST00000370693.5	ENSG00000112208	+	3	1	485	6056	110.0	110	NA	5428.5	5428.5	5363.404935299963
ENST00000468148.6	ENSG00000112210	-	7	5	582	3609	127.8	93	59.83059418056953	5081.0	2876.5	4772.071541793983
ENST00000649934.3	ENSG00000168216	-	16	14	198	2262	102.85714285714286	95.0	36.06587379708487	7940.066666666667	5158	8556.26796537124
ENST00000418814.7	ENSG00000082269	+	22	20	195	1459	228.05	115.0	502.1111719005746	6735.809523809524	2405	7981.826542960249
ENST00000370455.8	ENSG00000112305	+	11	9	259	1804	127.88888888888889	88	74.88899192211838	19090.7	16887.0	19505.337719882387
ENST00000370435.5	ENSG00000119900	+	7	5	360	7674	91.6	79	31.23779761762983	1959.5	1429.0	2106.2764063626596
ENST00000309268.11	ENSG00000156508	-	8	6	33	2185	215.66666666666666	207.5	56.36902222556878	253.0	95	320.99065406955384
ENST00000355773.6	ENSG00000119899	-	11	9	200	1836	139.55555555555554	133	51.1275637770643	5732.2	4951.5	4015.113387080259
ENST00000322507.13	ENSG00000111799	-	66	64	277	2232	144.0	138.0	84.71464707222376	1692.3538461538462	1124	1883.1776206618265
ENST00000684430.2	ENSG00000112695	-	4	2	85	202	87.5	87.5	3.5355339059327378	1851.0	2312	921.4776177422868
ENST00000230461.11	ENSG00000112697	-	7	5	391	3372	131.0	108	47.042533945356304	4575.166666666667	2393.0	6062.329895895362
ENST00000447266.7	ENSG00000112701	+	24	22	697	2897	139.86363636363637	113.5	92.65773961173836	4770.913043478261	3193	5122.159167533689
ENST00000369977.8	ENSG00000196586	+	35	33	185	4725	112.27272727272727	104	50.361364610726596	4755.411764705882	2530.5	11371.865780972947
ENST00000275034.5	ENSG00000146247	-	40	38	226	6912	126.0	123.0	55.1337440206062	3382.3076923076924	1505	4708.773508618309
ENST00000620514.2	ENSG00000118418	-	7	5	137	482	67.8	51	34.50652112282547	5413.333333333333	3053.0	7374.672051465521
ENST00000369846.9	ENSG00000135338	-	8	6	266	2876	237.0	140.5	176.43015615251267	6839.428571428572	2371	8281.243905298745
ENST00000369838.6	ENSG00000198478	+	4	2	178	4158	133.5	133.5	74.24621202458749	22574.666666666668	22685	19587.73305753714
ENST00000369816.5	ENSG00000118402	-	6	4	374	2070	142.25	150.0	48.071994619182036	5945.4	2536	8334.642601815629
ENST00000369798.7	ENSG00000112742	+	22	20	65	409	124.6	124.5	37.09929776608773	1662.5238095238096	1298	1786.2148420346198
ENST00000320393.9	ENSG00000083123	+	10	8	219	2607	105.25	103.5	29.01108162655879	26214.666666666668	20657	28409.666224720066
ENST00000306270.12	ENSG00000005700	-	29	27	183	1570	158.77777777777777	122	143.90791215039977	2561.3571428571427	1599.5	2477.4634162457332
ENST00000369750.4	ENSG00000146242	+	2	0	92	2798	NA	NA	NA	714.0	714	NA
ENST00000369747.8	ENSG00000118420	-	10	8	200	653	134.0	124.0	59.95712754007769	19058.555555555555	7619	25155.324630737283
ENST00000513973.6	ENSG00000013375	-	13	11	87	4451	140.0909090909091	134	46.90299467081936	1859.5	1653.0	870.4513458284417
ENST00000369724.5	ENSG00000013392	+	3	1	87	3341	341.0	341	NA	905.0	905.0	52.32590180780452
ENST00000369705.4	ENSG00000065833	-	14	12	175	1693	122.5	112.0	29.663261636392768	16716.30769230769	8785	18813.972858776247
ENST00000369681.10	ENSG00000065615	+	16	14	169	7600	102.57142857142857	97.5	45.96104418328181	6568.666666666667	3679	7847.970134888081
ENST00000403245.8	ENSG00000135315	-	27	25	64	1027	162.56	134	114.81654932978957	3778.423076923077	2235.0	4283.895387827083
ENST00000257770.8	ENSG00000135318	+	9	7	396	1944	174.57142857142858	189	39.769574395749416	5267.5	1953.0	6236.335027195746
ENST00000314673.8	ENSG00000135317	-	29	27	280	510	98.5925925925926	92	41.86724372186563	3032.535714285714	1898.0	3963.9014215995244
ENST00000369622.8	ENSG00000135316	-	11	9	90	1372	143.55555555555554	136	32.772363017911566	2615.7	1317.0	3808.879860128026
ENST00000369552.9	ENSG00000164414	+	8	6	46	938	145.0	156.5	41.439111959596815	5358.428571428572	2223	7962.113807633893
ENST00000369536.10	ENSG00000146282	-	20	18	66	562	89.66666666666667	84.0	25.46739553417502	3884.6315789473683	1785	4930.113433566844
ENST00000392844.8	ENSG00000135336	+	20	18	58	434	111.44444444444444	115.5	31.305369248594555	3937.842105263158	2388	4253.428306974633
ENST00000257787.6	ENSG00000135334	-	5	3	784	748	122.0	144	43.40506882842141	6369.0	2769.0	8985.906669149566
ENST00000369485.9	ENSG00000111880	-	16	14	273	2986	111.85714285714286	103.0	46.2116487859553	23259.8	12799	26523.939009883128
ENST00000336032.4	ENSG00000146278	+	2	0	684	1408	NA	NA	NA	2318.0	2318	NA
ENST00000435041.3	ENSG00000198833	-	8	6	184	3333	107.83333333333333	113.0	24.053412786269366	3133.4285714285716	2773	2771.2170525566835
ENST00000369415.9	ENSG00000025039	-	7	5	428	3592	180.6	149	71.43038569124487	7122.5	4657.0	8698.566818735142
ENST00000257749.9	ENSG00000112182	-	9	7	364	6363	355.42857142857144	149	549.381427044046	45137.625	35184.5	38501.31951704476
ENST00000369329.8	ENSG00000135341	-	17	15	309	3103	101.33333333333333	111	31.192184613335133	4285.125	2769.0	4260.009841537928
ENST00000369303.9	ENSG00000135333	-	17	15	315	3521	185.66666666666666	156	151.34193388608773	10807.4375	2197.0	23239.934165049464
ENST00000358812.9	ENSG00000172469	+	5	3	104	3705	256.3333333333333	110	282.5178460439859	6835.0	8371.5	4059.3519187180605
ENST00000369278.5	ENSG00000014123	+	19	17	145	1992	122.88235294117646	123	42.84694031220487	1624.7222222222222	1110.0	1490.4623761676246
ENST00000369244.7	ENSG00000112234	-	10	8	141	5907	251.25	229.5	165.86634033806516	7928.222222222223	6939	5817.00912793202
ENST00000389677.6	ENSG00000146267	-	6	4	568	10286	168.5	166.5	50.33554079044613	13395.8	9683	10318.716717693145
ENST00000369239.10	ENSG00000132424	-	12	10	94	3581	143.8	154.5	54.71095766744436	2013.2727272727273	1396	2280.4164571809724
ENST00000500704.7	ENSG00000123552	-	18	16	32	3522	145.25	102.5	142.39779960846772	4542.411764705882	2369	5018.306288714643
ENST00000520429.6	ENSG00000112237	-	12	10	165	1223	76.5	75.0	25.465663156493687	2192.818181818182	1164	2123.867454347461
ENST00000369162.7	ENSG00000112249	-	42	40	269	1340	162.55	147.0	75.50647790175493	8903.048780487805	2809	13054.3971307587
ENST00000262903.9	ENSG00000085382	-	24	22	353	1671	115.95454545454545	100.5	58.42983360018626	5532.652173913043	3924	6516.633086388146
ENST00000652536.2	ENSG00000085377	-	15	13	236	5221	137.92307692307693	132	41.24815458187501	8758.214285714286	4315.5	10009.289140812929
ENST00000369076.8	ENSG00000057663	-	8	6	235	2201	124.83333333333333	123.0	35.210320456744874	19728.571428571428	15257	13956.226768688148
ENST00000369063.8	ENSG00000130347	-	9	7	751	1333	115.57142857142857	125	47.727899398070946	6979.375	5039.5	5199.560034615566
ENST00000369046.8	ENSG00000130348	+	11	9	128	2636	149.11111111111111	160	41.94175856006888	3473.4	2371.5	3425.8491307508957
ENST00000606017.2	ENSG00000272398	-	2	0	152	2004	NA	NA	NA	2743.0	2743	NA
ENST00000311381.8	ENSG00000130349	+	4	2	73	530	277.5	277.5	289.20667350529794	7410.0	6724	3771.0904258582823
ENST00000369042.6	ENSG00000178409	-	4	2	426	5769	125.5	125.5	109.60155108391487	14629.333333333334	15793	13589.917083386981
ENST00000369037.9	ENSG00000164494	-	8	6	575	2216	124.16666666666667	133.5	62.12058166716299	43352.42857142857	33265	40197.83793877951
ENST00000369002.9	ENSG00000025796	-	21	19	323	4092	106.05263157894737	102	35.490959230971804	4201.15	2229.5	6247.089943788986
ENST00000193322.8	ENSG00000081087	-	6	4	492	3432	136.75	140.5	35.621856586464816	5772.4	4412	3788.0360742738444
ENST00000230085.13	ENSG00000112335	-	4	2	281	1033	110.5	110.5	20.506096654409877	16094.666666666666	8327	18968.40647849295
ENST00000406360.2	ENSG00000118689	+	3	1	913	4948	1435.0	1435	NA	58281.0	58281.0	61297.67264749943
ENST00000436639.7	ENSG00000080546	-	10	8	1052	3322	161.25	165.5	55.37082780154701	11652.666666666666	1735	29940.30441144512
ENST00000517392.6	ENSG00000183137	+	11	9	69	11670	129.33333333333334	122	43.8691235380877	6600.9	1704.0	15168.629268255512
ENST00000310786.10	ENSG00000135535	-	6	4	264	2504	63.0	64.5	19.44222209522358	2586.8	1787	1742.3054267263246
ENST00000358807.8	ENSG00000135596	-	25	23	54	278	134.69565217391303	105	68.83539970803123	345.0416666666667	240.5	322.4197209372829
ENST00000230122.4	ENSG00000112365	-	7	5	122	3981	279.6	84	393.2490305137446	2520.8333333333335	1060.5	2855.3402891190863
ENST00000392589.6	ENSG00000112290	-	11	9	232	861	199.22222222222223	154	163.24044978020748	7696.6	1673.0	10770.309158876442
ENST00000307731.2	ENSG00000168438	+	15	13	207	2279	105.61538461538461	102	31.138236038506477	3424.785714285714	1842.5	3536.5718554853356
ENST00000368911.8	ENSG00000155111	-	13	11	461	4689	113.54545454545455	98	59.20027641213111	16591.083333333332	4148.5	27132.154082826568
ENST00000368851.10	ENSG00000112394	+	6	4	593	9192	243.0	187.0	146.1984952042941	26587.0	12078	34033.49636754943
ENST00000368802.8	ENSG00000009413	-	32	30	469	1124	303.76666666666665	132.0	743.7594013701183	5596.129032258064	2282	11611.740615262168
ENST00000354650.7	ENSG00000010810	-	14	12	485	1616	127.25	118.0	58.817321196457705	16114.846153846154	5361	22327.86905359217
ENST00000368662.10	ENSG00000074935	-	12	10	73	908	124.4	131.5	49.376557640690635	1326.8181818181818	1086	1089.483071753005
ENST00000230538.12	ENSG00000112769	-	39	37	109	1652	147.75675675675674	142	44.32669461911023	3668.657894736842	1923.5	6176.420358700371
ENST00000612661.2	ENSG00000277443	+	2	0	503	3793	NA	NA	NA	1835.0	1835	NA
ENST00000519065.6	ENSG00000196591	-	14	12	292	8061	115.33333333333333	115.5	29.130843801820443	2183.3846153846152	1139	2834.0866705890026
ENST00000319550.9	ENSG00000178425	+	12	10	171	5589	115.9	102.5	38.857145774976544	12884.181818181818	2414	30146.838961384266
ENST00000420283.3	ENSG00000187189	-	1	0	4112	4112	NA	NA	NA	NA	NA	NA
ENST00000368608.4	ENSG00000189241	-	1	0	5073	5073	NA	NA	NA	NA	NA	NA
ENST00000644252.3	ENSG00000111817	+	6	4	175	9275	292.75	247.0	119.06685796923789	12658.8	4126	13572.11949917919
ENST00000466444.7	ENSG00000111832	+	7	5	152	4696	107.4	131	39.48797285250282	3464.5	3006.5	2951.4029714696703
ENST00000368564.7	ENSG00000196911	+	14	12	128	9732	119.0	114.0	30.5048431326151	3797.6153846153848	2921	3141.1382368620652
ENST00000338728.10	ENSG00000164465	+	15	13	220	1891	115.61538461538461	120	56.26357386080041	4536.428571428572	1836.0	6206.408223196975
ENST00000368498.7	ENSG00000047932	-	9	7	508	3116	139.0	165	58.1492332996174	4705.75	2303.0	7405.536360434286
ENST00000368494.4	ENSG00000153989	+	5	3	617	3803	125.33333333333333	126	25.006665778014735	7615.75	6322.0	7197.969360636836
ENST00000368491.8	ENSG00000111860	-	13	11	395	4797	198.27272727272728	153	200.92888837053317	15287.25	8526.5	19868.54764845913
ENST00000229595.6	ENSG00000111875	+	4	2	371	1770	146.5	146.5	43.1335136523794	4195.333333333333	4770	2387.4476608573714
ENST00000368468.4	ENSG00000111885	-	13	11	220	2741	187.0	116	215.37641467904513	13961.583333333334	6076.5	17448.108600065996
ENST00000282561.4	ENSG00000152661	+	2	0	187	2896	NA	NA	NA	10999.0	10999	NA
ENST00000368455.9	ENSG00000025156	+	13	11	179	1195	111.0909090909091	106	51.6516302655677	2572.6666666666665	1416.0	3416.9794564879385
ENST00000339697.5	ENSG00000111897	-	10	8	109	1829	148.375	153.5	47.85972807516327	2814.6666666666665	1712	4055.878326577364
ENST00000534000.6	ENSG00000111907	+	7	5	198	1574	93.4	102	43.83263624287273	18066.0	7299.5	24186.26383714525
ENST00000398153.7	ENSG00000111906	-	6	4	119	894	108.25	112.5	30.01527388958273	5034.4	1721	6233.623047634497
ENST00000392477.7	ENSG00000111912	+	16	14	108	3399	196.92857142857142	126.0	246.88161731289952	8987.4	3294	12035.16953883789
ENST00000229633.7	ENSG00000111911	+	5	3	409	2601	105.0	118	30.643106892089126	5037.5	3962.0	3357.2498169384617
ENST00000368328.5	ENSG00000203760	+	3	1	285	410	114.0	114	NA	3976.0	3976.0	2586.596605580391
ENST00000368314.6	ENSG00000118518	+	3	1	62	1947	110.0	110	NA	9790.0	9790.0	4970.960671741429
ENST00000368226.9	ENSG00000152894	-	30	28	341	1496	148.89285714285714	136.0	69.33671962121288	18821.0	2829	33081.99764762012
ENST00000368149.3	ENSG00000146376	-	15	13	154	2473	137.46153846153845	141	58.48734248338892	9259.42857142857	4072.0	17316.761643049715
ENST00000361794.7	ENSG00000198945	+	23	21	84	1829	109.19047619047619	105	30.855500397204786	5393.272727272727	3058.0	5275.066708509076
ENST00000337057.8	ENSG00000079819	-	20	18	91	1252	168.72222222222223	118.0	142.2829846201516	11553.631578947368	4280	24140.030845995498
ENST00000431975.7	ENSG00000118507	+	8	6	316	2003	138.5	138.5	16.084153692376855	20702.285714285714	14642	20280.58619891024
ENST00000368068.8	ENSG00000112282	-	29	27	232	1115	144.44444444444446	143	54.11123396325056	1295.142857142857	1072.0	1052.500680541197
ENST00000230050.4	ENSG00000112306	+	6	4	45	85	93.25	102.5	28.98706608127149	498.6	396	505.1136505777685
ENST00000355286.12	ENSG00000112319	+	20	18	393	3404	105.77777777777777	99.5	35.15102802539109	15003.736842105263	3707	27313.312362375207
ENST00000237264.9	ENSG00000028839	+	7	5	202	3472	105.0	95	43.99431781491787	5501.666666666667	1892.0	10409.28507951755
ENST00000367858.10	ENSG00000118515	-	14	12	721	1180	112.0	100.5	41.294947963070825	11200.923076923076	430	21342.70711297553
ENST00000367837.10	ENSG00000112339	-	18	16	174	4913	125.0	113.5	50.033322229623465	5138.705882352941	2778	8580.794651172362
ENST00000265602.11	ENSG00000135541	-	29	27	158	2116	140.33333333333334	124	99.57061661106499	7433.785714285715	4188.0	9694.02270724993
ENST00000420702.6	ENSG00000146410	-	8	6	336	355	183.0	146.0	97.45563093018279	2498.4285714285716	1791	1867.6845609062627
ENST00000531224.6	ENSG00000029363	-	13	11	134	4489	261.0	170	269.5885754255918	2143.8333333333335	1226.5	2122.192298429893
ENST00000359015.5	ENSG00000197442	-	30	28	768	773	129.14285714285714	131.0	51.20236849680432	7940.517241379311	3229	13374.176726653628
ENST00000318471.5	ENSG00000112357	+	10	8	204	477	96.625	103.5	31.667637829719567	9987.666666666666	3156	10064.319313793656
ENST00000612899.5	ENSG00000118503	+	9	7	284	2278	300.42857142857144	182	278.1515517020995	1423.625	845.5	1313.5020732486764
ENST00000421351.4	ENSG00000112378	-	3	1	293	3764	141.0	141	NA	7358.5	7358.5	4629.428096428327
ENST00000607197.6	ENSG00000051620	+	4	2	375	9318	158.5	158.5	31.81980515339464	2655.0	690	3528.0460597900365
ENST00000617445.5	ENSG00000024862	+	6	4	134	571	135.5	159.5	77.47902942086975	3660.8	3543	1189.7981761626634
ENST00000450536.7	ENSG00000135597	-	20	18	724	1640	120.5	120.5	40.15301614925525	4222.526315789473	1746	8928.00230466182
ENST00000367660.4	ENSG00000146386	+	3	1	131	584	67.0	67	NA	6888.0	6888.0	2275.46962185831
ENST00000367658.3	ENSG00000112406	+	4	2	588	3862	598.0	598.0	626.496608131281	13359.0	7060	15125.462207813684
ENST00000367651.4	ENSG00000164442	-	2	0	236	2146	NA	NA	NA	460.0	460	NA
ENST00000367630.9	ENSG00000009844	+	8	6	137	6188	111.0	102.0	37.49666651850535	10061.714285714286	8904	7463.563641994033
ENST00000367609.8	ENSG00000112414	+	25	23	325	2925	155.30434782608697	112	127.8452312839839	5726.375	2290.0	11766.651685876452
ENST00000367603.8	ENSG00000010818	-	10	8	78	2463	894.5	134.0	1910.8888731986185	20445.666666666668	3407	36858.331578491176
ENST00000237283.9	ENSG00000189007	-	6	4	133	5675	109.0	106.0	32.041639575194445	4324.0	3820	4601.293133457159
ENST00000367591.5	ENSG00000034693	+	12	10	311	1474	96.5	89.5	39.77785536926014	3369.2727272727275	3699	2474.291700301688
ENST00000002165.11	ENSG00000001036	-	7	5	310	1036	207.8	191	83.55058348090694	2420.6666666666665	2262.5	1645.476182345605
ENST00000440869.7	ENSG00000112419	+	13	11	245	7512	170.54545454545453	157	135.5613245998752	11965.666666666666	6147.0	12005.580560974991
ENST00000674357.1	ENSG00000118495	-	8	6	170	2364	122.5	56.5	174.07096254114296	9241.57142857143	5321	8040.624869107766
ENST00000367569.4	ENSG00000169976	-	1	0	690	690	NA	NA	NA	NA	NA	NA
ENST00000237281.5	ENSG00000118496	-	3	1	193	6808	2050.0	2050	NA	6121.5	6121.5	2912.5728317073895
ENST00000275233.12	ENSG00000146414	-	30	28	628	1981	178.10714285714286	136.5	149.05637493932593	2481.2413793103447	1268	3167.677232105258
ENST00000367495.4	ENSG00000118508	+	3	1	289	498	278.0	278	NA	5028.0	5028.0	444.06305858515185
ENST00000321680.11	ENSG00000164506	+	28	26	266	5760	125.53846153846153	106.5	75.2309674372094	6546.925925925926	4011	7360.08819410958
ENST00000367467.8	ENSG00000111961	+	20	18	386	3750	184.66666666666666	130.5	248.1496227966459	10618.263157894737	3123	15577.982742184222
ENST00000367463.5	ENSG00000111962	+	8	6	648	3158	115.0	126.0	48.17883352676775	46495.0	52351	46912.400311644684
ENST00000637181.2	ENSG00000055208	+	7	5	304	2031	405.6	161	614.0527664622967	14922.166666666666	9155.0	19265.19146457327
ENST00000253329.3	ENSG00000131013	-	13	11	108	1210	105.18181818181819	112	29.318315714986703	3256.1666666666665	3790.0	2400.1888120173658
ENST00000367419.10	ENSG00000055211	+	8	6	160	1022	126.83333333333333	141.5	40.740234003582586	3347.285714285714	1716	3249.405212972866
ENST00000367411.7	ENSG00000186625	-	11	9	246	362	143.33333333333334	135	25.821502667350714	5194.4	2535.5	5791.833104562934
ENST00000543571.6	ENSG00000131023	-	8	6	253	4086	503.8333333333333	335.5	531.7862039077985	7512.428571428572	6557	5971.075387709846
ENST00000239367.7	ENSG00000120256	-	7	5	952	1947	147.0	142	43.42810150121693	6994.833333333333	7642.5	3634.278988556969
ENST00000361131.5	ENSG00000198729	+	4	2	455	1647	58.5	58.5	36.062445840513924	35043.333333333336	31889	34732.094154158534
ENST00000696526.1	ENSG00000120278	+	17	15	133	3833	216.73333333333332	96	406.69125999015637	14785.25	5860.5	22753.56863878719
ENST00000367321.8	ENSG00000120254	+	28	26	348	362	105.42307692307692	105.5	36.99424071600668	8619.814814814816	4203	12205.658539688236
ENST00000402676.7	ENSG00000131016	+	5	3	93	2833	1846.6666666666667	341	2768.768739590458	27531.75	22390.5	31792.621537866296
ENST00000325144.5	ENSG00000181472	-	3	1	140	2778	185.0	185	NA	12171.0	12171.0	7918.181735726959
ENST00000367294.4	ENSG00000146476	+	5	3	121	1759	172.33333333333334	166	69.71609092120221	3809.75	3699.0	1605.1575987007216
ENST00000367178.8	ENSG00000213079	+	20	18	515	2283	129.38888888888889	131.5	44.646505546530065	5035.736842105263	2583	8790.18024617436
ENST00000367166.5	ENSG00000029639	-	7	5	189	1949	132.2	128	19.29248558377069	9258.666666666666	7315.5	9045.485584901822
ENST00000636930.2	ENSG00000049618	+	20	18	2094	4613	200.16666666666666	155.0	156.68711798095103	22268.0	5963	36138.10829765904
ENST00000400788.9	ENSG00000215712	-	4	2	108	3975	119.5	119.5	26.16295090390226	10057.666666666666	3785	13710.124154555762
ENST00000359775.10	ENSG00000175048	+	9	7	1077	5434	117.57142857142857	110	39.16570414217496	36204.25	15975.0	52871.82288394669
ENST00000392185.8	ENSG00000130340	+	18	16	201	2287	108.0	104.0	27.75367843487898	6918.588235294118	3492	10858.797361234481
ENST00000355585.9	ENSG00000078269	+	27	25	226	3559	144.68	150	53.35550580774209	4227.384615384615	1969.5	7031.343911810448
ENST00000647468.2	ENSG00000122335	-	17	15	123	1984	121.93333333333334	129	35.875711375060796	3425.5	1948.5	3487.7098503172538
ENST00000367097.8	ENSG00000130338	+	14	12	1804	5251	355.25	153.5	676.878010360132	14465.076923076924	3840	26161.69087763486
ENST00000367075.4	ENSG00000092820	-	14	12	52	1331	139.08333333333334	114.0	65.50289144670477	3889.923076923077	1150	7720.594250245448
ENST00000621533.5	ENSG00000146457	+	8	6	198	1292	102.5	93.5	59.11598768522776	3815.5714285714284	3042	2494.113593854061
ENST00000367048.5	ENSG00000120437	+	9	7	98	454	138.28571428571428	135	24.574473786935133	1943.5	932.5	2169.3213553683427
ENST00000321394.12	ENSG00000120438	-	12	10	198	764	139.0	128.0	37.27078092971907	795.7272727272727	403	832.3814138853763
ENST00000392142.9	ENSG00000085511	+	27	25	315	531	186.16	134	250.52190190347298	4619.692307692308	1654.0	8912.389900668533
ENST00000320285.9	ENSG00000026652	-	9	7	124	6668	161.57142857142858	162	62.446929849425324	17021.5	5479.5	23733.096553125975
ENST00000361752.8	ENSG00000112531	+	8	6	618	7899	144.5	130.0	81.19297999211508	22070.14285714286	23358	20913.29656325987
ENST00000539869.4	ENSG00000112541	-	22	20	1295	5839	110.0	116.5	46.617141640568676	15553.285714285714	3066	28013.339224631643
ENST00000360961.11	ENSG00000060762	-	5	3	135	535	78.0	97	66.56575696257048	4279.5	2007.0	5683.502294653653
ENST00000265678.9	ENSG00000071242	-	21	19	331	3524	104.05263157894737	103	33.63112593385698	10602.8	3941.5	19184.39334898086
ENST00000683244.1	ENSG00000130396	+	34	32	327	2242	163.65625	127.0	166.22363664362615	4160.818181818182	2647	6918.252554179349
ENST00000339209.9	ENSG00000130024	-	12	10	656	187	132.4	132.5	30.873217447418007	1675.6363636363637	1734	1256.4507370149672
ENST00000366773.8	ENSG00000130023	+	18	16	42	271	115.4375	108.5	45.763112874890844	1636.4117647058824	1435	1075.1091257881412
ENST00000366756.4	ENSG00000198719	-	11	9	993	674	234.66666666666666	170	226.95649362818418	509.4	254.5	573.7359439091588
ENST00000476287.4	ENSG00000112584	+	11	9	85	2305	307.22222222222223	109	545.2501209944336	9515.5	8079.5	8720.742823228356
ENST00000541970.6	ENSG00000071994	-	6	4	339	2423	148.25	123.0	64.22032388582294	1197.6	1031	1036.9319167621372
ENST00000313766.6	ENSG00000177706	+	10	8	1234	1042	112.5	101.5	45.232731511594565	7225.111111111111	1749	12095.353089559276
ENST00000402802.8	ENSG00000197461	-	6	4	908	1317	129.25	116.0	41.16936563352254	3969.4	2541	3445.947591011796
ENST00000537384.6	ENSG00000188191	-	11	9	72	1405	110.55555555555556	92	54.73369874015256	17561.2	10732.5	21107.320135177957
ENST00000401592.6	ENSG00000164828	+	19	17	126	1720	127.29411764705883	116	62.87961186454075	2136.0555555555557	1326.0	2170.3076353425436
ENST00000265857.8	ENSG00000239857	+	9	7	247	1103	105.71428571428571	82	35.45755342995474	2224.125	1266.0	3011.275118498095
ENST00000265846.10	ENSG00000105963	-	11	9	285	1050	112.66666666666667	92	51.59699603659112	5443.2	2148.0	6761.0115909775905
ENST00000316495.8	ENSG00000178381	-	5	3	233	318	109.0	100	20.074859899884732	1603.0	1888.5	826.7756648571607
ENST00000297508.8	ENSG00000164877	-	17	15	287	314	166.33333333333334	116	180.27029969570958	1376.0	800.0	2090.421424816856
ENST00000404767.8	ENSG00000164880	-	48	46	67	416	141.2608695652174	132.0	47.057144826551614	577.2765957446809	393	615.624875268234
ENST00000343242.9	ENSG00000198517	+	3	1	197	3103	80.0	80	NA	4481.0	4481.0	5330.170916584195
ENST00000288607.3	ENSG00000157778	-	2	0	909	519	NA	NA	NA	1273.0	1273	NA
ENST00000222990.8	ENSG00000106266	-	11	9	114	3400	132.22222222222223	133	41.58057773100855	5796.8	2540.0	10769.969460392067
ENST00000360876.9	ENSG00000106263	+	19	17	594	542	115.29411764705883	120	45.46257348891827	1267.9444444444443	802.5	1236.0787368897054
ENST00000222725.10	ENSG00000106003	+	8	6	520	1284	106.83333333333333	93.0	44.68743298363273	887.2857142857143	426	1557.8612169986682
ENST00000340611.9	ENSG00000106009	-	14	12	38	955	148.83333333333334	131.5	78.33475176020751	1148.923076923077	414	1807.708469376744
ENST00000402050.7	ENSG00000106012	+	22	20	239	4685	96.65	97.5	47.08813125685875	2328.2380952380954	1922	1776.124401745607
ENST00000258796.12	ENSG00000136295	+	14	12	293	3135	114.75	94.5	50.31740165281698	2154.769230769231	675	3869.759621170419
ENST00000275364.8	ENSG00000146535	-	4	2	456	3646	133.5	133.5	116.67261889578035	37278.333333333336	48709	31460.98972272381
ENST00000396912.2	ENSG00000146587	+	5	3	537	5793	94.0	96	34.044089061098404	4254.0	3775.5	4084.177191716017
ENST00000288828.9	ENSG00000157954	+	13	11	261	3006	107.0909090909091	98	36.01237161158522	3263.5833333333335	1627.0	4065.433633548564
ENST00000396872.8	ENSG00000164638	+	11	9	140	4116	162.0	139	60.96515398159838	1825.6	1895.0	1445.713603111703
ENST00000430969.6	ENSG00000182095	-	30	28	394	1502	319.39285714285717	168.5	384.89232157364376	3661.551724137931	1951	5381.1486598137
ENST00000382368.8	ENSG00000155034	-	5	3	153	6135	660.6666666666666	219	764.9891066762541	7435.75	8532.0	2759.010012667587
ENST00000646664.1	ENSG00000075624	-	6	4	78	744	247.5	211.0	135.47570507905345	328.4	134	329.5349753819767
ENST00000382361.8	ENSG00000075618	+	5	3	953	1384	149.0	157	24.020824298928627	2764.0	743.0	4511.843304016663
ENST00000389902.8	ENSG00000011275	-	17	15	123	3133	168.06666666666666	134	191.66804140293732	9740.0	4208.5	14473.272041939928
ENST00000199389.11	ENSG00000086232	-	15	13	210	2555	126.61538461538461	101	77.32672938203889	2322.714285714286	1683.0	2111.1148505204333
ENST00000306177.10	ENSG00000106346	+	18	16	84	1010	249.75	111.5	356.360398099078	3030.9411764705883	1558	4693.066354615448
ENST00000350796.8	ENSG00000008256	-	13	11	151	3238	99.36363636363636	83	32.20643639793986	8863.666666666666	1439.0	23173.414604331458
ENST00000348035.9	ENSG00000136238	+	6	4	244	1652	103.25	95.0	44.85067818142033	5426.4	4640	4932.850017991627
ENST00000297056.11	ENSG00000164535	-	15	13	207	907	132.69230769230768	127	63.042822239311555	2570.5	2015.5	2479.2963564440865
ENST00000258739.9	ENSG00000136240	-	5	3	186	2087	171.0	159	76.70723564306043	5069.5	3850.5	3143.5040427310837
ENST00000335965.11	ENSG00000136247	+	8	6	45	758	150.5	140.5	58.16786054171152	1459.2857142857142	1067	956.8174180211037
ENST00000344417.10	ENSG00000146576	+	6	4	455	767	239.0	194.0	207.15533624151064	3305.6	2567	2095.0962507722647
ENST00000382252.6	ENSG00000205903	+	9	7	130	5977	162.28571428571428	127	99.58030977677312	1714.875	639.5	2546.1695284990633
ENST00000405858.6	ENSG00000164631	-	5	3	516	4271	96.0	96	31.0	3360.0	2921.5	3257.0435469404865
ENST00000436587.7	ENSG00000106392	+	4	2	277	5093	452.5	452.5	304.763022691402	19932.666666666668	4601	27326.11524409083
ENST00000340080.9	ENSG00000164654	+	13	11	189	1937	250.0909090909091	153	363.81051511616715	3097.6666666666665	1693.5	3274.326449358661
ENST00000682710.1	ENSG00000219545	+	4	2	70	1943	109.5	109.5	50.204581464244875	78746.66666666667	75537	47945.14397030562
ENST00000339600.6	ENSG00000189043	-	4	2	138	1750	73.5	73.5	21.920310216782973	2058.6666666666665	1119	2038.0192180971535
ENST00000634607.2	ENSG00000106443	+	18	16	453	203	173.1875	127.0	170.39179117551407	11312.941176470587	6821	16942.92964805153
ENST00000651779.1	ENSG00000122644	+	2	0	96	2793	NA	NA	NA	437.0	437	NA
ENST00000430479.6	ENSG00000006468	-	14	12	104	4859	124.66666666666667	116.0	64.4181416193992	7075.307692307692	3220	10769.26852502539
ENST00000306999.7	ENSG00000106524	-	10	8	248	1167	134.25	133.0	43.6634858892416	4831.888888888889	4780	3501.9245938642243
ENST00000258761.8	ENSG00000136261	+	12	10	108	458	123.8	129.5	38.525027939999966	5321.181818181818	3756	5255.979258295866
ENST00000262067.5	ENSG00000106537	+	6	4	276	1120	119.25	114.0	36.03123644839294	5781.8	1091	9292.225497694295
ENST00000242057.9	ENSG00000106546	+	11	9	678	3227	259.77777777777777	131	370.5724550535893	4125.3	2858.5	4144.087516504019
ENST00000428135.7	ENSG00000071189	-	26	24	211	3532	108.91666666666667	106.5	33.43639863417094	5735.08	3899	8849.777840526092
ENST00000242261.6	ENSG00000122691	-	2	0	966	664	NA	NA	NA	539.0	539	NA
ENST00000222567.6	ENSG00000105849	-	4	2	275	3267	175.5	175.5	47.37615433949868	3228.0	3842	1664.2343584964228
ENST00000222573.5	ENSG00000105855	+	14	12	1034	5880	171.66666666666666	161.5	89.78897819922335	5837.0	3289	8468.258665943862
ENST00000222584.8	ENSG00000105866	+	6	4	176	3801	525.0	214.5	688.3366424456375	16132.6	4616	20574.218765241123
ENST00000406877.8	ENSG00000164649	-	10	8	119	1454	163.75	139.5	90.90772401569784	4679.777777777777	1246	9202.929109497934
ENST00000665637.1	ENSG00000136237	-	26	24	325	4286	96.04166666666667	90.0	39.37829811354016	9280.12	3950	11545.787638499736
ENST00000339077.10	ENSG00000122550	+	11	9	362	3900	150.77777777777777	143	51.23909097988024	6651.1	3908.0	6633.909145024858
ENST00000258742.10	ENSG00000136243	+	7	5	159	839	114.6	87	64.27129997129356	2898.0	2222.0	2988.177370906888
ENST00000258729.8	ENSG00000136231	-	15	13	556	2252	112.76923076923077	117	60.95511168905887	11143.5	1811.5	18895.624588166516
ENST00000297071.9	ENSG00000164548	-	8	6	193	790	133.66666666666666	131.5	41.84096875870188	3631.0	3280	3521.7700568511473
ENST00000307471.8	ENSG00000169193	+	4	2	224	1778	234.0	234.0	210.71782079359116	14952.333333333334	13119	15589.063388585388
ENST00000222644.10	ENSG00000105926	+	12	10	142	6756	144.8	142.5	46.632844886648535	10217.818181818182	6917	14403.315276825553
ENST00000313367.7	ENSG00000070882	-	23	21	293	3740	129.33333333333334	124	48.80915214724932	8040.454545454545	3406.5	18256.526568736408
ENST00000618183.5	ENSG00000122566	-	11	9	175	2412	115.66666666666667	111	43.86627406105971	719.2	249.0	967.1621488779543
ENST00000396386.7	ENSG00000122565	+	6	4	82	1526	113.25	119.0	49.815492904650995	1960.4	1882	1282.254381938311
ENST00000338523.9	ENSG00000086300	+	7	5	225	1893	109.4	99	61.86113481015362	13309.5	5074.0	20768.704030343346
ENST00000345317.7	ENSG00000005020	-	13	11	228	2589	92.9090909090909	102	31.2808393284277	16140.333333333334	7454.0	29395.699408195236
ENST00000222726.4	ENSG00000106004	-	2	0	636	1034	NA	NA	NA	960.0	960	NA
ENST00000242159.5	ENSG00000122592	-	2	0	509	1507	NA	NA	NA	944.0	944	NA
ENST00000265395.7	ENSG00000106049	-	8	6	186	931	126.83333333333333	128.0	31.36505486471635	19366.285714285714	6992	29940.53952817309
ENST00000396319.7	ENSG00000106052	+	17	15	108	1140	145.0	149	40.06601695059935	5386.4375	3699.5	5292.325512396858
ENST00000283928.10	ENSG00000153814	-	5	3	333	2400	146.66666666666666	170	65.2099174461472	86761.5	75422.0	76896.7178341616
ENST00000357727.7	ENSG00000146592	+	11	9	400	6779	151.11111111111111	122	79.53999692677333	40483.8	10636.0	49297.55320004342
ENST00000242059.10	ENSG00000136193	-	8	6	160	4007	181.16666666666666	181.5	16.41239369094791	9205.57142857143	9923	6630.626437402499
ENST00000222803.10	ENSG00000106080	-	4	2	391	4307	140.0	140.0	16.97056274847714	3712.6666666666665	3541	337.9561115490195
ENST00000449726.6	ENSG00000106086	+	14	12	391	6061	110.16666666666667	121.0	44.218123255543354	3728.076923076923	1466	4822.257017578982
ENST00000323037.5	ENSG00000180233	+	5	3	1230	1655	94.0	96	13.114877048604	19981.5	19266.5	17434.69614494806
ENST00000222823.9	ENSG00000106100	-	14	12	179	1184	261.6666666666667	84.0	497.3104633623718	3827.3076923076924	2109	4868.166858695638
ENST00000275428.9	ENSG00000006625	-	4	2	261	615	141.0	141.0	7.0710678118654755	2350.3333333333335	1597	1330.8769038995806
ENST00000389266.8	ENSG00000106105	+	17	15	266	299	124.8	110	34.64555217793888	2294.9375	2036.5	1582.9318565560552
ENST00000311813.11	ENSG00000240583	+	4	2	441	2067	123.0	123.0	59.39696961966999	3636.6666666666665	805	5318.593078374518
ENST00000318709.9	ENSG00000105778	+	16	14	314	4935	124.14285714285714	87.5	127.34982537081872	5750.066666666667	2536	11776.05963364818
ENST00000304056.9	ENSG00000170852	-	4	2	225	2709	337.0	337.0	241.83051916579925	6660.333333333333	4277	4272.620897450806
ENST00000242209.9	ENSG00000122642	+	10	8	355	1754	164.375	155.0	21.300150904898036	5118.333333333333	3765	5103.72442437873
ENST00000610140.7	ENSG00000122643	-	9	7	209	702	108.0	90	54.35684562837202	5872.5	1753.5	12050.122880227049
ENST00000242067.11	ENSG00000122507	+	23	21	478	875	125.85714285714286	123	51.43859029394732	21477.727272727272	6607.5	31631.98488447416
ENST00000311350.8	ENSG00000122557	-	9	7	335	1193	193.71428571428572	123	136.37780157307407	7449.125	2749.0	11058.826693609306
ENST00000350320.11	ENSG00000122545	+	14	12	214	2857	101.08333333333333	105.0	38.79188840544639	7828.461538461538	4692	10365.798165243432
ENST00000265748.7	ENSG00000011426	+	24	22	183	1315	146.95454545454547	131.5	86.63358925889419	2573.8695652173915	1167	2925.9536332675575
ENST00000310758.9	ENSG00000155849	-	22	20	190	2846	102.8	106.5	40.86383035863069	28136.52380952381	9442	36343.37970885351
ENST00000199448.9	ENSG00000086289	+	3	1	569	1737	209.0	209	NA	14391.0	14391.0	18724.18756581978
ENST00000009041.12	ENSG00000010270	+	9	7	176	747	111.42857142857143	78	78.23864591291003	6340.25	2089.0	9699.723571171648
ENST00000356264.7	ENSG00000078053	-	21	19	91	1222	100.57894736842105	95	60.44585804160584	12222.3	4264.5	21666.119493468672
ENST00000005257.7	ENSG00000006451	+	5	3	254	1998	178.33333333333334	175	29.143323992525858	20440.5	7678.5	28337.912584851176
ENST00000306984.8	ENSG00000168303	-	2	0	394	7233	NA	NA	NA	969.0	969	NA
ENST00000395925.8	ENSG00000106571	-	15	13	239	5693	190.23076923076923	166	66.40300425702873	19132.571428571428	5037.0	25997.77045385678
ENST00000319357.6	ENSG00000164543	+	7	5	342	2862	142.8	145	61.9774152413603	6725.666666666667	7522.0	5858.47962074348
ENST00000317534.6	ENSG00000062582	-	4	2	61	425	90.5	90.5	30.405591591021544	764.3333333333334	233	1055.5739355124933
ENST00000453200.6	ENSG00000106608	-	6	4	35	3348	47.0	45.0	18.76166303929372	5422.6	2398	7746.247820719396
ENST00000222402.8	ENSG00000078967	+	7	5	121	3487	74.8	78	28.72629457483161	4286.5	3144.0	4199.222058905673
ENST00000448521.6	ENSG00000136279	+	13	11	119	8680	97.27272727272727	96	33.5830043596189	1240.5	522.0	1658.9378036453436
ENST00000223369.3	ENSG00000106636	+	7	5	262	2048	91.4	101	16.622274212634082	1758.3333333333333	1428.0	1094.439338961583
ENST00000355451.8	ENSG00000015676	-	6	4	250	7003	195.75	166.5	84.38552403503024	20700.8	11954	21634.673436407586
ENST00000258772.10	ENSG00000136271	-	14	12	73	276	125.5	110.0	50.33614280740304	480.7692307692308	532	408.4507628111688
ENST00000457408.7	ENSG00000158604	-	5	3	185	1735	124.66666666666667	126	23.028967265887832	511.0	216.0	636.1671688060196
ENST00000222673.6	ENSG00000105953	+	23	21	27	1188	141.8095238095238	147	42.38940793124981	4465.772727272727	987.0	6661.810478439727
ENST00000309315.9	ENSG00000122515	+	19	17	145	2366	159.8235294117647	169	61.676814215430305	878.1666666666666	430.5	1613.6348537313113
ENST00000468812.6	ENSG00000196262	+	5	3	113	1831	97.66666666666667	89	71.39561144309455	1050.0	816.5	1104.9570127385048
ENST00000308153.9	ENSG00000105968	-	5	3	119	2585	107.33333333333333	114	26.63331247391757	3271.0	3439.0	2000.640230859445
ENST00000395699.5	ENSG00000146676	-	1	0	9232	9232	NA	NA	NA	NA	NA	NA
ENST00000258781.11	ENSG00000136280	+	10	8	163	677	128.0	136.5	42.44323940780877	8265.444444444445	1368	13680.000037564978
ENST00000258770.8	ENSG00000136270	-	11	9	55	327	204.88888888888889	158	119.30050758949481	937.2	693.0	984.084210488784
ENST00000613132.5	ENSG00000146674	-	5	3	535	1590	162.66666666666666	141	56.69509091035425	1603.75	1286.0	1210.1069856284057
ENST00000395564.9	ENSG00000183696	+	9	7	154	519	141.57142857142858	147	47.25059838371412	2226.0	1675.0	1779.6435437629477
ENST00000433017.6	ENSG00000132436	-	4	2	50	3165	357.5	357.5	351.4320702497141	762.6666666666666	828	163.12674009289015
ENST00000401949.6	ENSG00000106070	-	19	17	473	3031	115.52941176470588	110	40.32697243635273	10408.944444444445	3455.0	13055.042169811462
ENST00000265136.12	ENSG00000106078	-	13	11	217	1357	338.8181818181818	204	515.6746684067035	24608.083333333332	10006.5	29560.302054239546
ENST00000275493.7	ENSG00000146648	+	28	26	349	6373	122.42307692307692	125.0	41.97730155874537	6766.925925925926	1452	23332.289315166003
ENST00000254770.3	ENSG00000132434	+	9	7	893	2512	150.57142857142858	148	44.99206279207161	7992.75	4728.0	8361.82175554039
ENST00000285279.10	ENSG00000154978	-	5	3	232	2433	91.33333333333333	78	40.67349669420289	24737.75	21308.5	19245.319714586887
ENST00000322090.8	ENSG00000146729	+	10	8	117	1172	88.0	89.5	39.30830519295963	3733.5555555555557	1558	4691.26851478124
ENST00000275605.8	ENSG00000146733	-	8	6	307	806	143.5	146.0	11.502173707608488	5486.714285714285	2220	6031.822104866978
ENST00000434526.8	ENSG00000129103	+	9	7	93	1143	107.71428571428571	115	46.31311652118395	1799.375	1137.0	1609.0523331185614
ENST00000395422.4	ENSG00000106153	-	4	2	113	289	197.5	197.5	74.24621202458749	1369.0	1214	461.45530661159376
ENST00000360768.5	ENSG00000196715	+	3	1	492	5485	110.0	110	NA	40199.0	40199.0	49364.53860819525
ENST00000304895.9	ENSG00000169919	-	12	10	240	380	157.9	165.0	32.315974721834124	1757.3636363636363	1564	1488.4458520703581
ENST00000304842.6	ENSG00000169902	+	6	4	189	549	310.75	125.0	429.3657143585951	30625.8	34802	27039.247358238357
ENST00000639828.2	ENSG00000243335	+	4	2	328	4192	174.5	174.5	6.363961030678928	3099.3333333333335	4066	2346.4222410583593
ENST00000341567.8	ENSG00000106609	+	7	5	237	3050	188.4	177	57.10779281324047	5516.333333333333	2604.0	7300.642346168361
ENST00000246868.7	ENSG00000126524	-	5	3	297	820	165.33333333333334	165	35.50117368951812	1573.5	1431.5	865.3563813057985
ENST00000359626.10	ENSG00000198874	+	16	14	150	1207	140.92857142857142	127.0	55.54688149622843	15956.8	11397	17468.371042707855
ENST00000342771.10	ENSG00000158321	+	19	17	1488	3759	130.7058823529412	84	115.0889681430644	65975.72222222222	2784.0	114601.67755358022
ENST00000438747.7	ENSG00000130305	-	10	8	129	1014	149.125	140.0	35.75486979819272	441.6666666666667	144	721.8803571229793
ENST00000339594.9	ENSG00000009954	-	20	18	467	1288	242.22222222222223	145.5	369.6049648819121	3988.0526315789475	3115	3568.842676923652
ENST00000223368.7	ENSG00000106635	-	6	4	204	1035	106.0	88.5	44.27941583474952	3934.4	3495	3111.502900528939
ENST00000305632.11	ENSG00000106638	-	7	5	160	3436	149.6	152	23.06078923194087	1116.5	407.5	1448.2140380482438
ENST00000324941.5	ENSG00000176428	+	4	2	266	1097	127.5	127.5	62.932503525602726	887.3333333333334	911	446.97017051849593
ENST00000395176.3	ENSG00000176410	-	1	0	2536	2536	NA	NA	NA	NA	NA	NA
ENST00000222812.8	ENSG00000106089	-	10	8	68	1275	94.875	89.0	23.594415198758977	2039.7777777777778	726	3337.587893141459
ENST00000222800.8	ENSG00000106077	-	6	4	157	598	165.75	172.5	20.36950334855189	258.2	182	191.97708196553046
ENST00000336180.7	ENSG00000106683	+	16	14	242	1387	123.28571428571429	121.0	47.69039343907352	2357.8	947	3022.7543305497293
ENST00000265753.13	ENSG00000106682	+	7	5	87	1928	109.6	97	53.76151039544927	3363.0	1101.0	5077.569930586875
ENST00000223398.11	ENSG00000106665	+	17	15	328	2099	213.06666666666666	157	233.93358845946815	6931.625	3556.0	7732.196521687741
ENST00000424337.7	ENSG00000006704	+	27	25	271	241	110.88	90	68.79820734098624	5592.923076923077	2002.0	11420.383800636744
ENST00000573035.6	ENSG00000263001	+	35	33	351	1145	91.48484848484848	72	50.861405562150715	2895.8823529411766	1307.0	5410.636324896102
ENST00000610322.5	ENSG00000274523	-	11	9	389	927	110.33333333333333	88	46.013584950533904	2931.1	2226.0	2500.6551341598465
ENST00000336926.11	ENSG00000127946	-	31	29	141	4927	101.41379310344827	101	32.724518157949255	6587.833333333333	983.0	25201.632532072384
ENST00000461988.6	ENSG00000127948	+	16	14	25	519	135.85714285714286	127.0	54.52713811680191	4617.0	559	10594.766174187815
ENST00000493111.7	ENSG00000189077	-	12	10	106	455	83.7	79.5	22.469979973288805	578.8181818181819	112	953.3633953725954
ENST00000359697.8	ENSG00000127952	-	9	7	339	258	116.28571428571429	113	31.105810205995738	6281.0	5469.5	5154.762430440972
ENST00000315758.10	ENSG00000146701	+	9	7	121	1230	117.0	110	34.05387887842832	2154.125	1809.5	2046.5553245462413
ENST00000248553.7	ENSG00000106211	+	3	1	404	309	64.0	64	NA	421.5	421.5	429.21381618023435
ENST00000307630.5	ENSG00000170027	-	2	0	270	3435	NA	NA	NA	28488.0	28488	NA
ENST00000430490.7	ENSG00000091073	+	11	9	128	618	210.55555555555554	159	180.75474482784063	4164.2	1753.5	5088.287745182831
ENST00000248594.11	ENSG00000127947	+	18	16	351	851	136.375	78.0	224.22514726646222	5846.529411764706	3463	7679.755400708143
ENST00000257663.4	ENSG00000135211	-	2	0	181	696	NA	NA	NA	3830.0	3830	NA
ENST00000422959.8	ENSG00000006576	+	19	17	199	2368	133.52941176470588	132	63.49224130460629	8534.222222222223	2174.0	14561.009788656811
ENST00000649796.2	ENSG00000127955	+	8	6	448	8879	126.0	136.0	42.374520646256286	11609.714285714286	4433	18836.641170108556
ENST00000265361.8	ENSG00000075223	-	18	16	224	2770	117.5	120.0	45.98115556036697	10096.470588235294	3497	20798.74816881309
ENST00000356860.8	ENSG00000153956	-	39	37	413	4065	82.8108108108108	77	31.14824574856846	12889.263157894737	2169.5	30235.586225759915
ENST00000643230.2	ENSG00000170381	-	17	15	712	4801	117.33333333333333	120	48.04709990752625	17414.3125	2657.0	39468.62288066095
ENST00000265362.9	ENSG00000075213	-	17	15	315	6050	116.53333333333333	120	46.853672926107585	14431.25	4866.0	17938.13363573071
ENST00000331242.12	ENSG00000135164	+	18	16	103	1295	144.0	123.0	78.85936849861277	2363.0	1606	2551.151039236995
ENST00000257637.8	ENSG00000135185	-	4	2	307	599	78.0	78.0	38.18376618407357	7503.666666666667	1182	11141.387451001483
ENST00000331536.8	ENSG00000005469	+	18	16	104	1271	114.375	114.5	25.26624889716187	2995.6470588235293	1395	3427.225845001619
ENST00000622132.5	ENSG00000085563	-	28	26	130	1433	140.07692307692307	147.0	47.61673913818381	3431.962962962963	2664	3671.1884732696312
ENST00000341119.10	ENSG00000075303	-	12	10	265	2794	99.7	94.5	34.89683207525991	3521.5454545454545	2039	4173.663962602556
ENST00000265728.6	ENSG00000006634	+	12	10	286	2366	100.3	96.0	51.783845614889074	2673.2727272727275	1685	2668.1738358251355
ENST00000413139.2	ENSG00000008277	+	32	30	300	6419	92.96666666666667	84.0	38.80409090887671	8359.064516129032	2560	18819.36119697918
ENST00000297205.7	ENSG00000164647	+	5	3	75	351	264.3333333333333	165	216.79790896900582	2285.0	1665.0	2103.5794890297507
ENST00000394621.7	ENSG00000157214	+	6	4	306	5347	332.75	345.0	224.73150646938672	3792.0	2373	2831.3674258209585
ENST00000222511.11	ENSG00000105793	+	10	8	59	6562	108.5	100.0	45.28639026084043	4138.777777777777	2073	5140.826752035556
ENST00000496677.6	ENSG00000157224	+	4	2	89	3311	66.5	66.5	33.23401871576773	2987.0	1969	3032.9601052437206
ENST00000380050.8	ENSG00000058091	+	15	13	398	3426	103.61538461538461	95	54.829338955128854	43507.07142857143	34746.0	32670.637549909894
ENST00000287934.4	ENSG00000157240	+	1	0	6894	6894	NA	NA	NA	NA	NA	NA
ENST00000003100.13	ENSG00000001630	-	10	8	305	1691	144.875	148.0	38.852973778445474	2130.0	2300	1261.0319187078494
ENST00000394505.7	ENSG00000001631	-	19	17	125	1392	150.7058823529412	148	50.3894392530349	2356.8333333333335	767.0	3225.734558387666
ENST00000265742.8	ENSG00000001629	+	20	18	546	3172	145.66666666666666	136.0	66.34047650966498	7845.789473684211	4072	11091.935191234652
ENST00000287957.5	ENSG00000157259	+	5	3	497	3704	123.33333333333333	126	62.0429958442799	2005.75	1754.5	1247.183861077962
ENST00000248633.9	ENSG00000127980	-	24	22	214	517	165.36363636363637	134.0	140.46133019940143	1614.2173913043478	1450	1335.2312689200985
ENST00000445716.6	ENSG00000234545	-	11	9	123	1611	70.33333333333333	75	22.940139493908923	2726.6	1695.5	2784.767742160516
ENST00000424848.3	ENSG00000105810	-	8	6	96	10366	200.16666666666666	136.0	199.75827058389012	31427.14285714286	48339	26372.585914345294
ENST00000305866.10	ENSG00000004766	+	28	26	135	2807	105.46153846153847	99.0	38.47828558470948	4558.2962962962965	2577	4410.5093793976885
ENST00000248564.6	ENSG00000127920	+	2	0	499	2520	NA	NA	NA	3857.0	3857	NA
ENST00000222547.8	ENSG00000105829	-	4	2	158	1141	91.0	91.0	48.08326112068523	3210.0	2848	1544.1589944043974
ENST00000297268.11	ENSG00000164692	+	52	50	207	981	77.68	54.0	48.99122786952033	612.9607843137255	420	579.982688044542
ENST00000297273.9	ENSG00000127995	+	18	16	409	1528	124.625	99.5	90.42999133768251	2545.8823529411766	1506	2511.7362740331873
ENST00000648936.2	ENSG00000127990	-	11	9	144	536	132.0	158	69.01630242196404	6928.6	3770.5	8165.798323903589
ENST00000433360.6	ENSG00000158528	+	20	18	109	6310	229.33333333333334	134.5	352.3207095146994	19908.42105263158	4391	45246.40801742755
ENST00000222572.8	ENSG00000105854	-	9	7	151	627	118.85714285714286	127	52.818647500759845	3569.625	2191.5	3728.7711088430806
ENST00000005178.6	ENSG00000004799	-	11	9	353	2283	107.22222222222223	99	36.748393766863394	941.7	876.5	712.7382330764142
ENST00000265631.10	ENSG00000004864	-	18	16	157	1158	114.125	127.5	36.20290043629101	11690.470588235294	9745	12315.831027166047
ENST00000248566.4	ENSG00000127922	-	3	1	159	205	94.0	94	NA	10313.5	10313.5	6339.2122933373985
ENST00000432641.3	ENSG00000196636	+	2	0	200	752	NA	NA	NA	63114.0	63114	NA
ENST00000394308.8	ENSG00000070669	-	13	11	58	792	139.54545454545453	127	69.24213115779096	1528.9166666666667	932.5	1594.4696729253862
ENST00000297293.6	ENSG00000164715	+	14	12	419	4175	365.0	130.5	818.0394522604307	7215.615384615385	3954	8135.989721995122
ENST00000297290.4	ENSG00000164713	+	3	1	252	435	103.0	103	NA	4535.0	4535.0	5829.388304101898
ENST00000005260.9	ENSG00000006453	-	14	12	289	1947	117.41666666666667	112.5	54.827760608411985	8138.153846153846	2548	12932.209509890114
ENST00000265634.4	ENSG00000106236	+	5	3	603	1468	214.0	217	32.60368077380221	2468.0	1876.5	1774.7324681014131
ENST00000361368.7	ENSG00000198742	-	18	16	383	3244	127.5625	118.0	55.335303679778725	6529.470588235294	1852	19436.404242804427
ENST00000262942.10	ENSG00000241685	+	10	8	107	372	137.875	106.5	61.00687900322623	4309.222222222223	4336	1842.2872860779462
ENST00000646101.2	ENSG00000130429	+	10	8	52	366	136.625	106.5	63.64844852783138	2064.0	1152	3358.0288116691318
ENST00000350498.8	ENSG00000106244	-	6	4	62	2068	118.5	115.0	25.475478405713993	2264.2	2289	1045.3878227720083
ENST00000292476.10	ENSG00000160917	+	8	6	243	942	106.33333333333333	95.0	46.457148714343916	2372.5714285714284	2002	1680.0615918414874
ENST00000331410.10	ENSG00000198556	+	5	3	167	1130	106.33333333333333	114	25.383721817994566	3275.0	3263.0	782.8162832576577
ENST00000337673.7	ENSG00000160908	-	3	1	644	1392	127.0	127	NA	2439.5	2439.5	2325.6742033225546
ENST00000326775.10	ENSG00000196652	+	7	5	72	3593	283.6	139	232.33230511489356	4159.333333333333	5098.5	2774.1753849868014
ENST00000449309.2	ENSG00000221909	-	2	0	261	2207	NA	NA	NA	3347.0	3347	NA
ENST00000252713.9	ENSG00000197343	+	3	1	146	4209	163.0	163	NA	6647.0	6647.0	6932.474882752912
ENST00000394152.7	ENSG00000197037	+	8	6	71	3218	177.16666666666666	125.5	132.02941591428277	1587.2857142857142	1379	1577.6145192754063
ENST00000349062.7	ENSG00000146833	-	6	4	522	2344	112.0	97.0	86.66794870846623	5162.8	4983	4722.759225283457
ENST00000324306.11	ENSG00000106261	+	6	4	131	8385	221.75	140.5	196.47964271140154	3338.2	2929	3278.729738786044
ENST00000292450.9	ENSG00000166529	+	4	2	68	1253	344.0	344.0	213.54624791833734	4419.333333333333	5897	3622.092811253369
ENST00000299667.9	ENSG00000166526	-	6	4	89	2240	117.0	124.0	19.11369491577527	1790.8	1978	962.8256332275331
ENST00000303904.8	ENSG00000168090	+	10	8	98	539	95.875	97.0	29.357099409074557	201.66666666666666	128	180.10691269354433
ENST00000303887.10	ENSG00000166508	-	15	13	134	406	148.23076923076923	132	80.91781205453042	443.07142857142856	273.5	400.823472421409
ENST00000359593.9	ENSG00000221838	+	15	13	130	2382	83.0	89	24.361855430159665	271.85714285714283	142.0	227.36817216639122
ENST00000262932.5	ENSG00000166997	+	6	4	229	784	116.25	120.5	13.35102992281869	879.4	206	1062.6209578208027
ENST00000310512.4	ENSG00000146834	+	4	2	1859	617	173.0	173.0	65.05382386916237	488.6666666666667	125	641.1804218262854
ENST00000300181.7	ENSG00000166925	-	5	3	421	650	415.6666666666667	167	536.150476390102	2594.5	1661.0	2945.561010515088
ENST00000300176.9	ENSG00000106351	+	12	10	365	3289	116.5	118.5	28.62108779670449	2199.909090909091	887	2977.886984240519
ENST00000223061.6	ENSG00000106333	+	9	7	189	239	155.42857142857142	137	64.42012403707696	537.125	531.5	311.68823136497883
ENST00000393950.7	ENSG00000106330	+	5	3	457	226	157.0	165	77.31106001084191	421.0	202.0	494.19766625646196
ENST00000303210.9	ENSG00000172354	+	10	8	184	475	125.625	126.5	66.63319100011002	418.44444444444446	119	704.699068949135
ENST00000678049.1	ENSG00000146830	-	27	25	141	2265	166.12	130	172.84562476383368	314.8076923076923	106.5	869.0846687972706
ENST00000358173.8	ENSG00000196411	-	17	15	545	1026	185.46666666666667	156	95.80252506862128	1287.875	853.5	1380.8350070398226
ENST00000354161.8	ENSG00000146828	+	14	12	123	1292	158.33333333333334	141.0	61.19615753435584	844.8461538461538	769	795.2693302852234
ENST00000200457.9	ENSG00000087077	+	9	7	220	283	170.0	128	93.77455234052928	546.875	344.0	486.92370698967966
ENST00000241069.11	ENSG00000087085	-	5	3	87	342	581.0	485	466.46864846418134	930.75	914.0	495.9330431956852
ENST00000306085.11	ENSG00000169871	+	3	1	91	10656	163.0	163	NA	788.5	788.5	912.8748545118328
ENST00000223095.5	ENSG00000106366	+	9	7	141	1843	167.42857142857142	195	76.33884363558992	1123.5	1209.5	603.1877224972576
ENST00000337619.11	ENSG00000106367	+	5	3	42	758	142.0	138	35.17101079013795	1393.75	1447.5	612.7666086420397
ENST00000249330.3	ENSG00000128564	-	2	0	196	2355	NA	NA	NA	510.0	510	NA
ENST00000223127.8	ENSG00000106397	-	19	17	416	453	114.82352941176471	114	26.17067847352655	487.6111111111111	244.0	498.99146979493
ENST00000305105.3	ENSG00000106400	+	5	3	53	254	140.33333333333334	170	52.2525916422653	1324.5	409.0	2060.330960468892
ENST00000397912.3	ENSG00000128563	+	6	4	175	1653	82.75	82.5	14.974979131871937	5629.0	2750	6800.5817030604085
ENST00000495936.7	ENSG00000160991	+	4	2	87	10313	173.5	173.5	91.21677477306463	4168.0	2610	2739.3391538836518
ENST00000292616.10	ENSG00000161036	+	15	13	177	260	132.53846153846155	117	45.461733697355086	430.35714285714283	188.0	616.4086565486665
ENST00000292614.10	ENSG00000005075	-	4	2	115	557	132.5	132.5	60.10407640085654	1619.3333333333333	1645	930.7654555973451
ENST00000323716.8	ENSG00000170632	+	7	5	272	1461	127.6	135	40.48209480745778	3708.1666666666665	3711.0	2870.7559573510716
ENST00000465647.6	ENSG00000161048	-	5	3	289	3779	357.3333333333333	310	269.13998835797946	11046.0	9882.0	6648.748503791271
ENST00000249269.9	ENSG00000105819	+	13	11	124	2480	118.72727272727273	113	39.764534221064146	1111.8333333333333	871.5	1121.678436608066
ENST00000379263.8	ENSG00000105821	-	17	15	209	355	115.13333333333334	101	40.60940543179387	1886.75	894.5	2453.0159803800707
ENST00000292644.5	ENSG00000161057	+	12	10	139	1499	107.4	96.5	47.58197604602445	1731.0	744	2235.7410851885334
ENST00000297431.9	ENSG00000164815	-	14	12	181	553	99.16666666666667	102.0	42.66749525710586	6134.538461538462	3598	6783.7529143214015
ENST00000311117.8	ENSG00000005483	+	27	25	331	3195	170.24	131	113.32485752619914	3578.1923076923076	1033.5	6106.482228053927
ENST00000393651.8	ENSG00000135250	-	16	14	131	1649	135.64285714285714	104.0	113.39692516714304	17924.6	1952	47025.82448096243
ENST00000469408.6	ENSG00000091127	-	16	14	220	1424	134.35714285714286	119.0	89.28571868131857	4149.6	2922	3778.631645752959
ENST00000257700.7	ENSG00000135249	+	15	13	157	559	164.92307692307693	174	53.48124521496849	2329.785714285714	1336.5	2477.848389804579
ENST00000419735.8	ENSG00000146776	-	12	10	222	3119	236.6	157.5	264.385324857489	24192.81818181818	3753	41361.28926379878
ENST00000455385.7	ENSG00000008282	-	5	3	173	1435	174.0	189	43.485629810317796	4919.5	2906.0	5532.416982356506
ENST00000222553.8	ENSG00000105835	-	11	9	156	2896	145.33333333333334	137	34.7167106736799	3232.6	2130.0	2473.2705832111815
ENST00000523505.3	ENSG00000253276	-	1	0	6799	6799	NA	NA	NA	NA	NA	NA
ENST00000265717.5	ENSG00000005249	+	11	9	510	2363	90.66666666666667	84	38.80721582386451	11341.8	4907.0	15901.843986713546
ENST00000222574.9	ENSG00000105856	+	11	9	183	1109	171.33333333333334	145	65.70768600399803	3068.6	2460.0	3179.6919906738694
ENST00000297135.9	ENSG00000164597	-	22	20	118	2259	114.05	107.5	49.28592731783534	17042.428571428572	8232	25217.651989373295
ENST00000265720.8	ENSG00000105865	+	8	6	239	1211	136.0	122.5	47.286361670147556	1755.2857142857142	1366	1245.5876410066742
ENST00000440859.8	ENSG00000105879	+	6	4	35	3525	106.75	92.5	42.32709927851581	2707.8	2651	1853.259614840835
ENST00000205402.10	ENSG00000091140	+	14	12	107	2005	118.75	101.5	46.112757059585626	2036.8461538461538	948	3044.999831586034
ENST00000222399.11	ENSG00000091136	-	34	32	51	289	165.9375	162.0	59.53309597298827	2233.7272727272725	1488	2587.107413124831
ENST00000415914.4	ENSG00000177683	-	3	1	217	2974	193.0	193	NA	2095.5	2095.5	1939.5939007947
ENST00000249356.4	ENSG00000128590	+	3	1	230	1952	227.0	227	NA	1284.0	1284.0	465.2762620207483
ENST00000405709.7	ENSG00000184903	-	6	4	642	1078	102.5	103.5	29.011491975882016	179543.8	76804	207007.9042517459
ENST00000428084.6	ENSG00000128512	-	53	51	298	2611	106.74509803921569	99	36.797197250472706	9075.711538461539	3509.0	27967.42907932932
ENST00000403825.8	ENSG00000006652	+	12	10	323	1774	117.2	117.0	36.6448419896231	2134.090909090909	1822	2045.2655306607724
ENST00000312814.11	ENSG00000146802	-	5	3	234	5368	558.0	275	608.0781199813064	5185.25	5121.0	2557.24479013384
ENST00000297145.9	ENSG00000164603	-	5	3	285	3227	142.66666666666666	142	28.005951748393294	29197.25	21854.5	23202.726799164502
ENST00000393486.6	ENSG00000135272	+	5	3	543	4230	200.0	201	76.50490180374065	23112.75	27526.5	17283.31911362321
ENST00000358204.9	ENSG00000135269	+	7	5	196	1490	210.0	216	94.52248409770027	7584.833333333333	3040.0	9531.824451104136
ENST00000222693.5	ENSG00000105971	+	3	1	194	2571	188.0	188	NA	2925.5	2925.5	3673.4197282641144
ENST00000341049.7	ENSG00000105974	+	3	1	57	2234	165.0	165	NA	16844.0	16844.0	21795.85942329414
ENST00000397752.8	ENSG00000105976	+	21	19	382	2491	207.8421052631579	157	246.70118298097097	5968.0	2099.0	8829.326880226756
ENST00000361183.8	ENSG00000198898	+	10	8	64	4323	85.125	68.0	50.09829623564344	6043.888888888889	3919	7452.621794449999
ENST00000323984.8	ENSG00000004866	+	16	14	191	415	106.21428571428571	100.5	34.427579667444554	18305.533333333333	7699	36552.18875382483
ENST00000222747.8	ENSG00000106025	-	8	6	325	1578	113.66666666666667	122.0	29.615311355220744	9748.57142857143	5158	9057.840210873355
ENST00000315870.10	ENSG00000071243	+	12	10	148	2489	111.2	99.0	54.21110997244425	2062.818181818182	1484	2447.406374845903
ENST00000359943.8	ENSG00000196937	-	10	8	147	1673	79.375	72.0	36.35121338120248	4997.333333333333	3942	4286.292045579722
ENST00000417368.7	ENSG00000008311	-	24	22	89	3059	121.68181818181819	119.0	41.1933725178449	2820.695652173913	1353	3286.0686435975103
ENST00000449022.7	ENSG00000081803	-	30	28	462	1928	120.64285714285714	113.0	66.39902625664541	19389.03448275862	9220	29503.003978387835
ENST00000223023.5	ENSG00000106299	-	11	9	386	2638	148.77777777777777	109	147.48455663032806	6269.8	2054.5	11849.9362567437
ENST00000265827.8	ENSG00000048405	-	6	4	649	1772	513.0	131.5	786.9108378124339	3638.6	2151	3380.0072928915406
ENST00000321407.3	ENSG00000179562	-	2	0	1446	2682	NA	NA	NA	841.0	841	NA
ENST00000354725.8	ENSG00000197157	+	24	22	258	601	117.68181818181819	112.5	39.10229120510942	18997.91304347826	3926	26543.31240532425
ENST00000338791.11	ENSG00000106348	-	17	15	227	752	108.8	96	49.52950058875446	943.4375	283.0	1033.559478614237
ENST00000249364.9	ENSG00000128595	+	7	5	74	4338	170.8	194	65.58734634058615	4796.0	4936.0	3321.28746121139
ENST00000297788.9	ENSG00000128596	+	18	16	460	332	215.875	190.5	107.5954614904055	1524.5294117647059	694	1665.2671376406497
ENST00000325888.13	ENSG00000128591	+	48	46	584	937	166.04347826086956	155.0	82.40629871334382	419.3191489361702	200	674.7576088583984
ENST00000249289.5	ENSG00000128524	+	2	0	207	471	NA	NA	NA	2314.0	2314	NA
ENST00000357234.10	ENSG00000128604	+	9	7	123	1466	187.14285714285714	190	129.5021603055699	1151.625	352.0	1641.0953604659471
ENST00000265388.10	ENSG00000064419	-	23	21	461	1201	127.76190476190476	139	39.868414518143005	4390.090909090909	2250.5	7572.487154536989
ENST00000486685.3	ENSG00000158457	+	8	6	376	1927	108.0	112.0	38.704004960727254	3148.8571428571427	657	5974.433095242076
ENST00000249373.8	ENSG00000128602	+	12	10	850	1522	160.5	161.0	44.95738723131791	1903.2727272727273	437	4031.3765661597304
ENST00000325006.8	ENSG00000158467	+	17	15	410	3173	97.73333333333333	99	21.552151588536077	12508.3125	2450.0	37905.45972234738
ENST00000393232.6	ENSG00000106459	+	11	9	105	2059	150.44444444444446	141	41.00643580924557	14183.9	11255.5	13696.879104785554
ENST00000355621.8	ENSG00000186591	-	7	5	458	4330	74.8	75	34.01764248151244	19511.166666666668	11160.0	26865.857465688056
ENST00000335420.10	ENSG00000128607	+	10	8	276	5169	119.125	113.5	57.5336857849382	6530.444444444444	1985	9404.749639292786
ENST00000223208.10	ENSG00000106477	-	11	9	83	5269	104.44444444444444	70	56.568788017578896	4095.4	1411.5	4591.282348102761
ENST00000223215.10	ENSG00000106484	+	12	10	255	1527	86.4	77.5	35.37167730763634	1066.8181818181818	942	871.0346512259795
ENST00000425248.5	ENSG00000158623	-	24	22	117	569	111.27272727272727	97.0	47.26639984293868	6929.434782608696	1097	13561.829036025028
ENST00000352689.11	ENSG00000128585	+	18	16	122	9026	124.25	114.0	50.816663933530045	9271.823529411764	7678	10971.233888191964
ENST00000378555.8	ENSG00000128567	-	9	7	369	4238	197.0	148	188.7176020760473	6296.5	573.0	15583.387088269903
ENST00000262570.10	ENSG00000106554	-	8	6	234	791	96.5	86.0	24.945941553687646	42231.0	45514	26576.12548259559
ENST00000253861.5	ENSG00000131558	+	18	16	110	1471	162.5625	167.5	42.529940434161595	47558.94117647059	21794	53512.71506085095
ENST00000378509.9	ENSG00000205060	-	10	8	256	5748	84.0	79.0	23.157843472260414	2324.777777777778	1817	2063.1475212510722
ENST00000285930.9	ENSG00000085662	-	10	8	104	415	105.25	95.5	30.760596315973554	1709.3333333333333	683	2198.8108718123076
ENST00000344924.8	ENSG00000172331	+	3	1	85	964	662.0	662	NA	15626.5	15626.5	1580.3836559519336
ENST00000361675.7	ENSG00000122786	+	15	13	116	2390	192.69230769230768	112	274.88009040773414	13291.785714285714	4382.0	21664.69391989781
ENST00000541284.6	ENSG00000080802	-	12	10	214	1392	193.2	166.0	128.12303115018435	13160.90909090909	2839	21348.475643261023
ENST00000393085.4	ENSG00000105887	-	4	2	331	3253	99.0	99.0	21.213203435596427	15606.0	20586	13017.212604855158
ENST00000330387.11	ENSG00000182158	-	12	10	483	5573	138.5	137.0	58.95431376168423	10878.818181818182	2536	21243.60412368006
ENST00000343526.9	ENSG00000122779	+	19	17	654	5255	151.7058823529412	136	63.396337340853485	6736.111111111111	3346.0	9963.82516252072
ENST00000242351.10	ENSG00000105939	-	13	11	697	4339	194.63636363636363	131	197.26189329278614	4919.083333333333	3638.0	5160.176731616384
ENST00000464848.5	ENSG00000105948	+	18	16	83	2666	96.875	91.0	36.35542142056212	3171.176470588235	1781	3314.604713146315
ENST00000354926.9	ENSG00000146963	+	10	8	429	1292	117.5	105.0	52.08509520829489	6766.666666666667	3439	7263.376590815046
ENST00000263549.8	ENSG00000059378	-	12	10	430	1137	145.4	133.5	62.98006739349275	3289.2727272727275	3383	2250.6555529849115
ENST00000397560.7	ENSG00000006459	-	20	18	240	6443	140.94444444444446	133.5	53.316449533419544	4369.368421052632	1927	8333.506766265436
ENST00000326232.14	ENSG00000157800	-	15	13	115	1753	112.46153846153847	102	39.55084361640382	4389.214285714285	2765.0	4224.657112687398
ENST00000255977.7	ENSG00000133606	-	8	6	346	1697	175.16666666666666	177.0	54.47354097786068	3339.8571428571427	751	4500.518319355799
ENST00000072869.9	ENSG00000133597	+	8	6	1319	448	134.5	129.0	66.31063263157726	2798.8571428571427	2355	1974.2196288298683
ENST00000247866.9	ENSG00000090266	+	4	2	135	81	124.5	124.5	28.991378028648448	3157.0	1849	2485.174440557443
ENST00000646891.2	ENSG00000157764	-	18	16	364	4106	124.3125	119.5	52.34719826950308	11047.411764705883	5041	17924.827924762707
ENST00000324787.10	ENSG00000090263	-	3	1	42	3926	242.0	242	NA	4066.5	4066.5	259.50818869546293
ENST00000649286.2	ENSG00000006530	+	16	14	25	2458	81.78571428571429	80.0	29.683402695856746	6680.466666666666	4018	9144.762832718336
ENST00000358406.10	ENSG00000197448	+	8	6	145	328	93.16666666666667	97.5	32.57862284791465	663.2857142857143	380	743.3787088435508
ENST00000310447.10	ENSG00000106144	+	11	9	179	2757	128.11111111111111	129	35.20101008651756	1525.7	674.5	1759.8574468783922
ENST00000322764.10	ENSG00000159840	+	10	8	65	534	203.625	174.5	135.95160641093685	837.6666666666666	149	1547.3491848965443
ENST00000479870.6	ENSG00000198420	-	9	7	216	2768	395.7142857142857	251	312.5426447093337	5631.0	1290.0	8869.921210795183
ENST00000056217.10	ENSG00000050327	+	15	13	100	734	357.53846153846155	130	845.628525159897	1410.642857142857	589.5	1902.8473242907428
ENST00000360057.7	ENSG00000196511	-	9	7	87	1723	89.85714285714286	73	30.93772546815388	47709.25	38424.5	31944.437690420265
ENST00000325222.9	ENSG00000055130	+	22	20	127	609	120.55	111.0	57.40023381577172	4717.190476190476	1113	8370.743967050048
ENST00000320356.7	ENSG00000106462	-	20	18	128	324	122.33333333333333	119.0	46.83764197611097	3908.157894736842	1137	8587.908840425705
ENST00000652332.1	ENSG00000155660	-	10	8	185	1148	179.25	170.0	33.16517105984185	2519.6666666666665	2105	2167.753849033603
ENST00000475153.6	ENSG00000197024	+	6	4	314	4395	187.75	120.5	138.9685216155083	6026.0	6178	4789.351260870307
ENST00000610704.5	ENSG00000170265	+	8	6	209	2427	169.16666666666666	120.0	122.97709813890823	3863.1428571428573	2578	3638.4260071525173
ENST00000335870.7	ENSG00000170260	+	5	3	152	2048	202.33333333333334	127	163.57363275703494	3287.25	1330.5	4768.811268719561
ENST00000458143.7	ENSG00000181220	-	7	5	297	2690	171.8	127	77.92432226205115	3528.3333333333335	1227.0	5759.061960655283
ENST00000496259.6	ENSG00000133619	+	17	15	116	1370	156.06666666666666	156	27.442060175334262	987.375	734.5	1089.8586376223295
ENST00000425642.3	ENSG00000171130	+	4	2	201	1361	80.5	80.5	45.96194077712559	1668.0	1428	1261.2438305101832
ENST00000489432.7	ENSG00000214022	+	3	1	120	2812	198.0	198	NA	1044.0	1044.0	445.47727214752496
ENST00000329630.10	ENSG00000196456	+	3	1	63	2118	80.0	80	NA	8520.0	8520.0	719.8347032479054
ENST00000358849.9	ENSG00000197150	+	16	14	161	2574	137.21428571428572	120.0	70.85649481270477	978.4666666666667	355	1454.73354784926
ENST00000485972.6	ENSG00000164885	-	12	10	86	281	75.5	72.5	14.698828373566226	269.1818181818182	146	247.35675377147808
ENST00000413384.7	ENSG00000164889	+	23	21	174	237	176.57142857142858	170	48.96485620174068	582.5454545454545	156.5	777.3468140180863
ENST00000297532.11	ENSG00000164896	-	10	8	125	209	182.5	150.0	104.23873697294248	265.77777777777777	140	246.87333684390552
ENST00000297533.9	ENSG00000164897	-	3	1	60	816	419.0	419	NA	557.0	557.0	400.2224381515859
ENST00000035307.7	ENSG00000033100	+	4	2	1792	1449	374.0	374.0	270.1147904132612	783.6666666666666	783	11.015141094572204
ENST00000262188.13	ENSG00000082014	-	13	11	210	377	120.0	123	42.600469480981076	667.3333333333334	243.5	833.9473858848904
ENST00000568733.6	ENSG00000013374	+	15	13	35	1403	128.53846153846155	119	43.429282334647944	2394.9285714285716	1893.5	1987.1117216969694
ENST00000262187.10	ENSG00000106615	-	8	6	436	1200	68.33333333333333	70.0	13.837148068394248	7405.428571428572	5727	9670.827642229711
ENST00000287878.9	ENSG00000106617	-	16	14	609	1106	111.71428571428571	88.0	70.3326476018166	21180.666666666668	3291	33954.14873381595
ENST00000430044.7	ENSG00000178234	+	12	10	211	795	173.3	145.5	72.69731769467151	8538.90909090909	2240	19876.626330715913
ENST00000359321.2	ENSG00000196584	-	3	1	101	4588	82.0	82	NA	13297.5	13297.5	2772.565689032453
ENST00000256001.13	ENSG00000133627	+	12	10	175	921	111.7	109.5	32.97490628408888	8492.181818181818	2899	9854.709105987673
ENST00000404141.6	ENSG00000157212	-	21	19	276	475	163.8421052631579	103	186.53991624013665	2778.55	1896.0	2489.1329810535276
ENST00000340368.9	ENSG00000186480	+	6	4	82	1995	207.75	146.0	156.625615189002	1890.0	560	2234.468728803337
ENST00000401878.8	ENSG00000184863	+	18	16	259	6488	213.8125	198.0	150.68785341448947	7450.117647058823	5692	7215.392512559113
ENST00000353442.10	ENSG00000105983	-	17	15	256	6373	88.06666666666666	77	32.20130136382394	12965.1875	4661.0	17015.610982149108
ENST00000348165.10	ENSG00000009335	+	23	21	413	1786	143.57142857142858	147	56.49563826400356	5692.318181818182	3686.0	6110.935065121365
ENST00000262177.9	ENSG00000105993	+	10	8	141	1424	115.5	110.5	46.38041458571556	8660.777777777777	4523	9082.256352055058
ENST00000356309.8	ENSG00000146918	-	28	26	81	549	131.5	121.5	39.64870741903196	2577.296296296296	1816	2830.3279888056304
ENST00000275418.13	ENSG00000117868	-	23	21	421	3256	105.95238095238095	90	70.64522361099594	4209.590909090909	1737.5	6571.225975773114
ENST00000350302.8	ENSG00000147364	+	10	8	109	9253	124.25	122.5	47.2493386197098	6739.333333333333	5564	5800.304496317413
ENST00000331222.6	ENSG00000182372	+	3	1	97	6321	666.0	666	NA	7849.0	7849.0	1135.6134905855954
ENST00000320248.4	ENSG00000176595	+	2	0	259	6652	NA	NA	NA	26349.0	26349	NA
ENST00000285518.11	ENSG00000155189	+	8	6	246	4341	108.33333333333333	103.5	31.551016887996916	6803.571428571428	5918	4830.936481233663
ENST00000276282.7	ENSG00000147324	-	3	1	3570	2702	127.0	127	NA	51939.0	51939.0	57459.497039218855
ENST00000250263.8	ENSG00000104626	+	7	5	275	3547	139.8	115	52.968858775699516	4320.166666666667	3981.0	2748.4553055610468
ENST00000310455.4	ENSG00000173281	-	2	0	96	5414	NA	NA	NA	8894.0	8894	NA
ENST00000310430.11	ENSG00000173273	+	27	25	701	5697	128.96	110	55.76175511345866	8338.961538461539	1876.5	14374.14358765285
ENST00000221086.8	ENSG00000104643	+	10	8	255	5522	163.0	157.0	40.281154757174335	4027.777777777778	3119	2678.929346669009
ENST00000353047.11	ENSG00000164733	-	10	8	87	2699	118.375	118.0	23.73627422924066	2425.6666666666665	893	4565.5505692084935
ENST00000398246.8	ENSG00000154359	-	12	10	827	1349	144.2	136.5	40.430461563309194	2727.5454545454545	2403	3096.1477795362534
ENST00000276297.9	ENSG00000164741	-	18	16	250	2571	286.9375	167.0	397.4252917216014	24945.823529411766	2023	51861.448706186486
ENST00000503731.6	ENSG00000104723	+	11	9	306	2436	106.11111111111111	91	38.04091364716562	22267.9	10387.5	26581.634087592633
ENST00000262096.13	ENSG00000104219	+	13	11	372	4544	91.63636363636364	95	36.76485475905685	5199.5	2070.5	7631.862759629406
ENST00000361272.9	ENSG00000198791	-	7	5	183	5883	164.8	162	39.92117232747555	2500.3333333333335	2014.0	1566.634694709225
ENST00000324849.9	ENSG00000155975	+	12	10	412	3038	106.9	91.0	50.348673159169635	4231.636363636364	2276	5409.790056420439
ENST00000494857.6	ENSG00000003989	+	13	11	150	5617	168.0	156	90.58035107019623	5488.666666666667	1711.0	11265.125035285053
ENST00000251630.11	ENSG00000104213	+	6	4	92	532	221.0	223.0	86.75636383958624	12884.2	8399	10585.597323722455
ENST00000693296.1	ENSG00000129422	-	15	13	34	2338	288.6923076923077	117	590.3468450291722	10797.714285714286	5496.5	13152.43831403119
ENST00000325083.13	ENSG00000078674	+	39	37	201	2312	165.9189189189189	161	59.93300814630837	2587.0789473684213	1543.0	3135.7625339420297
ENST00000637790.2	ENSG00000104763	-	14	12	127	1632	85.0	80.5	33.25384461709927	1949.0	1226	2248.04433526862
ENST00000327040.13	ENSG00000156011	-	16	14	141	8656	207.64285714285714	128.5	273.5826712750243	31646.466666666667	22835	32728.33503658056
ENST00000265807.8	ENSG00000104611	+	10	8	131	1669	184.5	166.0	94.15033570989385	8805.555555555555	5520	7946.73357599069
ENST00000397977.8	ENSG00000104613	+	17	15	251	419	123.13333333333334	134	36.21141624773418	2008.4375	1341.5	1770.496464036759
ENST00000650287.1	ENSG00000175445	+	10	8	276	1950	167.375	170.5	53.06313624891982	2715.777777777778	1520	2443.641635846886
ENST00000276390.7	ENSG00000147416	+	14	12	162	1434	105.0	100.5	27.22966296990371	1650.7692307692307	814	2022.717897361788
ENST00000381569.5	ENSG00000061337	-	4	2	224	4199	641.5	641.5	229.80970388562795	17364.333333333332	2418	26904.788464757225
ENST00000252512.14	ENSG00000130227	+	28	26	127	1591	121.23076923076923	108.5	40.754197518594516	3039.037037037037	1248	8835.178664692472
ENST00000358242.6	ENSG00000158856	+	16	14	323	1176	91.07142857142857	78.0	50.16659060756285	1529.2	358	2735.355479640626
ENST00000289921.8	ENSG00000158863	+	17	15	149	2119	136.53333333333333	129	47.45504138003625	715.375	275.5	1260.5757348661498
ENST00000306306.8	ENSG00000168476	-	8	6	457	533	112.66666666666667	117.5	32.41398874971525	317.42857142857144	354	240.9798450374755
ENST00000306385.10	ENSG00000168487	+	20	18	182	733	148.77777777777777	127.0	41.82393848103451	2282.2105263157896	1092	3033.975528703541
ENST00000306433.9	ENSG00000168495	+	9	7	51	4206	154.14285714285714	153	65.79115586821827	516.625	327.5	491.80772593129757
ENST00000381237.6	ENSG00000104635	+	9	7	131	3185	192.42857142857142	187	48.70269377511249	6349.5	2144.5	12556.216866556582
ENST00000240139.10	ENSG00000120910	+	14	12	381	511	108.5	105.0	43.084483602252064	7527.2307692307695	3647	10082.174634421603
ENST00000409417.6	ENSG00000120913	+	9	7	223	566	112.57142857142857	118	36.56891732449451	1530.875	1245.0	1481.1142945672452
ENST00000308511.9	ENSG00000158941	+	21	19	86	834	145.52631578947367	130	50.91209027011673	601.5	267.5	1072.8739809257042
ENST00000276416.11	ENSG00000147439	-	9	7	78	1151	86.71428571428571	62	48.52736096167565	5858.5	3973.0	7984.521597619806
ENST00000251822.7	ENSG00000008853	+	10	8	558	2948	247.0	135.0	314.55728526658817	1685.5555555555557	859	1548.2985105520763
ENST00000221132.8	ENSG00000104689	-	10	8	347	1562	97.625	96.5	43.487067042972676	3551.222222222222	1047	4526.785884537112
ENST00000397677.6	ENSG00000147457	+	11	9	208	1462	193.33333333333334	134	210.52909537638735	1495.3	1022.0	1737.1732498516087
ENST00000389131.8	ENSG00000134013	-	14	12	167	1226	194.0	172.0	86.81537358618628	7961.7692307692305	6100	9490.84645991289
ENST00000519973.6	ENSG00000147454	+	4	2	257	4129	143.0	143.0	121.62236636408618	13945.333333333334	2956	19880.92327668243
ENST00000290271.7	ENSG00000159167	-	4	2	401	3112	177.5	177.5	48.79036790187178	3003.3333333333335	2021	2911.5587463304487
ENST00000610854.2	ENSG00000277586	-	4	2	1141	1998	222.5	222.5	137.88582233137677	691.3333333333334	523	416.82410358967167
ENST00000276440.12	ENSG00000147459	+	52	50	263	4518	109.3	101.0	34.8321045905079	4328.9607843137255	2279	8703.918372688899
ENST00000221200.9	ENSG00000104756	-	12	10	235	2127	100.5	101.5	34.76987840709893	2474.5454545454545	1793	3339.1030641067778
ENST00000330560.8	ENSG00000184661	+	15	13	241	1402	141.76923076923077	151	57.76699439148311	3228.0714285714284	1523.5	4097.752544698425
ENST00000380737.8	ENSG00000221914	+	10	8	319	2547	132.125	139.0	41.697678935060985	8583.333333333334	2424	14458.43535794935
ENST00000380629.7	ENSG00000104765	+	6	4	177	2764	127.75	127.0	49.06033700115264	5324.4	3803	5051.877947852659
ENST00000522362.7	ENSG00000240694	-	3	1	57	4543	130.0	130	NA	2221.0	2221.0	2711.047399069223
ENST00000521913.7	ENSG00000092964	+	14	12	649	2561	132.33333333333334	149.5	45.76885271435017	10719.0	2309	20028.294814253826
ENST00000305364.9	ENSG00000104228	-	6	4	472	3242	117.25	107.5	86.17182447490208	4440.8	3901	4624.352624962763
ENST00000346049.10	ENSG00000120899	+	31	29	130	1093	98.3103448275862	90	50.52941395738573	4325.366666666667	812.5	13405.755131808986
ENST00000521400.6	ENSG00000120915	+	19	17	167	1121	87.52941176470588	81	42.61619065428482	2869.222222222222	1832.0	3018.846362350546
ENST00000316403.15	ENSG00000120885	-	9	7	46	1334	195.57142857142858	171	103.46151803586547	1879.375	1266.0	1554.8133500749948
ENST00000301904.4	ENSG00000168077	+	6	4	306	2119	340.5	109.5	469.1044659774622	7066.0	5154	6155.437555527633
ENST00000356537.9	ENSG00000147419	-	9	7	128	2930	81.28571428571429	52	58.1283473178514	4462.25	4178.5	2398.933140853599
ENST00000305188.13	ENSG00000171320	+	11	9	54	2011	187.66666666666666	118	235.5886245131543	2700.9	2994.0	1950.1754023676947
ENST00000301905.9	ENSG00000168078	-	8	6	166	878	132.0	136.5	39.88483421051164	3765.4285714285716	4518	3184.6898256681584
ENST00000344423.10	ENSG00000186918	-	10	8	68	3241	186.0	171.5	93.92702334411388	4008.222222222222	1060	8015.802264554961
ENST00000380254.7	ENSG00000214050	-	9	7	44	325	126.42857142857143	115	79.87460410513708	7570.5	6702.0	5079.118708707531
ENST00000220562.9	ENSG00000012232	+	7	5	159	4943	623.8	129	1117.741338593147	7646.333333333333	6805.0	4116.4008875067875
ENST00000287701.15	ENSG00000147421	+	10	8	284	2245	147.75	95.5	135.14621711316968	17684.11111111111	9551	23183.610527937857
ENST00000240100.7	ENSG00000120875	-	4	2	839	4348	183.0	183.0	52.32590180780452	4022.6666666666665	1596	4845.460693611427
ENST00000256255.11	ENSG00000133872	-	6	4	218	911	222.75	165.5	131.1014238417468	3608.4	2723	3117.306176813564
ENST00000321250.13	ENSG00000104660	+	4	2	121	2779	131.5	131.5	78.48885271170677	3318.0	2326	2695.565432335116
ENST00000397323.9	ENSG00000157110	+	9	7	618	1620	90.85714285714286	78	39.72165056753714	23105.25	10781.0	29932.569947180564
ENST00000355904.9	ENSG00000197265	-	8	6	264	720	127.16666666666667	112.0	39.44827837392484	11167.42857142857	5148	10306.942965094659
ENST00000265616.10	ENSG00000104691	+	8	6	114	780	92.83333333333333	99.0	34.953779004088624	3056.0	2343	1987.7763120297682
ENST00000221138.9	ENSG00000104695	-	7	5	499	692	151.0	162	47.10626285325551	4209.5	2950.0	4388.761271702985
ENST00000298139.7	ENSG00000165392	+	35	33	164	3144	129.3030303030303	113	67.39319552469895	3963.3529411764707	2738.0	4606.399158235323
ENST00000327671.10	ENSG00000172728	-	5	3	83	1981	495.0	354	296.78443355405284	24693.5	13748.0	26038.85973565919
ENST00000360128.11	ENSG00000198042	+	10	8	40	2831	86.25	70.5	36.078287890958144	1391.111111111111	1008	1714.3721477879624
ENST00000431156.7	ENSG00000129696	-	8	6	54	556	253.5	175.0	243.80709587704786	1754.7142857142858	2034	1238.598362974013
ENST00000256257.2	ENSG00000133874	-	6	4	430	1114	82.0	64.5	53.29790489941107	3500.6	1551	3759.417547972026
ENST00000519638.3	ENSG00000147475	+	12	10	45	4508	83.4	81.0	25.609026186526933	1491.090909090909	1229	1383.0206400878806
ENST00000220659.11	ENSG00000104221	-	4	2	232	1946	191.0	191.0	185.26197667087544	1344.6666666666667	1420	339.3307138078328
ENST00000330843.9	ENSG00000156675	-	6	4	427	4496	815.5	625.5	778.5535734081931	6539.0	1786	8777.605225800486
ENST00000338825.5	ENSG00000187840	+	3	1	185	462	180.0	180	NA	14502.5	14502.5	16771.86574296372
ENST00000343823.11	ENSG00000129691	+	16	14	210	1117	113.64285714285714	95.5	48.37610208302497	2108.9333333333334	1649	1943.4353040305666
ENST00000311351.9	ENSG00000175324	-	4	2	219	502	92.5	92.5	33.23401871576773	4083.0	4241	1961.7777651915621
ENST00000397166.7	ENSG00000085788	+	18	16	275	2237	135.625	122.0	46.37078821844632	1562.9411764705883	1179	1575.7135871799574
ENST00000424479.7	ENSG00000147535	-	7	5	99	1475	112.0	109	40.01249804748511	660.1666666666666	462.5	504.8070588518614
ENST00000317025.13	ENSG00000147548	-	24	22	473	6179	187.0909090909091	144.5	150.58834113187012	4426.086956521739	2131	6902.053238072405
ENST00000379957.9	ENSG00000165046	+	11	9	93	1316	160.77777777777777	120	115.46728733474448	2019.6	1426.0	1858.0722507181708
ENST00000447712.7	ENSG00000077782	-	18	16	655	2662	148.75	141.5	49.582927169204794	3046.823529411765	1159	6726.557359036773
ENST00000317827.9	ENSG00000147526	+	13	11	508	5074	198.9090909090909	116	307.3735364488799	4835.25	2100.5	8265.44320018319
ENST00000617275.5	ENSG00000169499	+	12	10	100	4492	93.8	74.5	41.68346328115157	6094.272727272727	3955	6432.503262197526
ENST00000456397.7	ENSG00000169490	-	4	2	297	2738	102.0	102.0	19.79898987322333	1487.6666666666667	1657	613.7762893215519
ENST00000487273.7	ENSG00000168615	+	22	20	188	1655	113.45	95.5	46.70340345988547	4960.809523809524	2477	4944.092026035191
ENST00000220772.8	ENSG00000104332	-	3	1	858	3528	78.0	78	NA	21524.0	21524.0	23259.570460350293
ENST00000357743.9	ENSG00000147533	+	5	3	384	1397	106.0	102	45.13313638558703	4575.0	4502.5	3380.823864089935
ENST00000396987.7	ENSG00000158669	+	13	11	79	4109	191.8181818181818	90	280.4502872816565	3375.3333333333335	936.0	5934.62999280622
ENST00000265713.8	ENSG00000083168	-	17	15	87	5389	245.13333333333333	142	231.26264186809232	7084.75	2286.5	15010.391682653277
ENST00000396926.8	ENSG00000070718	+	9	7	43	2223	175.42857142857142	145	83.53413901485058	1828.375	1556.5	1356.1306234493575
ENST00000220809.9	ENSG00000104368	-	14	12	72	1434	129.66666666666666	137.5	44.80327368991392	2291.230769230769	1251	3707.812251491126
ENST00000520810.6	ENSG00000104365	+	22	20	168	1547	111.15	112.5	33.1222218298738	2724.809523809524	1088	4057.657521514693
ENST00000265421.9	ENSG00000070501	+	14	12	192	246	71.0	66.0	24.23371055519	2463.4615384615386	1601	2093.940966032894
ENST00000022615.9	ENSG00000078668	+	10	8	49	567	100.25	63.5	68.48096711600134	1404.4444444444443	1295	1017.6830438686584
ENST00000520262.6	ENSG00000168575	-	11	9	201	1493	228.66666666666666	141	198.72908695004867	8100.5	5588.0	8328.706505547878
ENST00000254250.7	ENSG00000131931	-	3	1	302	1663	196.0	196	NA	2245.5	2245.5	1974.9492398540272
ENST00000527424.6	ENSG00000120925	-	7	5	122	3128	102.8	109	28.943047524405582	6590.166666666667	4915.0	3943.028806218218
ENST00000302279.8	ENSG00000168522	+	9	7	224	626	116.71428571428571	115	36.90850979432921	3474.5	3726.5	2021.1987956231746
ENST00000331373.10	ENSG00000185900	+	5	3	49	1328	163.66666666666666	96	120.68277977132169	7013.0	4424.5	7696.898726110407
ENST00000379644.9	ENSG00000165102	+	18	16	151	3468	100.5	111.5	32.81056740340425	3362.6470588235293	1615	3394.5878420873214
ENST00000297423.9	ENSG00000164808	+	20	18	54	1000	142.83333333333334	142.5	62.96988075542895	24828.63157894737	6938	41554.27689475073
ENST00000408965.4	ENSG00000221869	-	1	0	1252	1252	NA	NA	NA	NA	NA	NA
ENST00000649973.1	ENSG00000104738	+	17	15	74	1475	167.53333333333333	139	77.18518239242802	822.375	608.0	670.6558854335558
ENST00000523111.7	ENSG00000169139	+	4	2	40	4027	137.5	137.5	16.263455967290593	17312.0	10703	15074.353418969584
ENST00000020945.4	ENSG00000019549	-	3	1	243	1391	546.0	546	NA	826.0	826.0	114.5512985522207
ENST00000522514.6	ENSG00000168300	-	6	4	107	3136	200.25	148.0	137.56543897360268	15482.0	11971	13333.382879074612
ENST00000025008.10	ENSG00000023287	-	24	22	361	1402	221.5	127.0	384.21878068175096	3710.521739130435	1619	5789.750331165688
ENST00000359530.7	ENSG00000047249	-	14	12	212	482	118.83333333333333	109.5	38.45146488126495	9660.23076923077	8491	8183.4489790251455
ENST00000276500.5	ENSG00000147509	+	5	3	213	1034	156.0	149	75.7429864739964	19179.25	7133.5	26250.998512755028
ENST00000521604.7	ENSG00000187735	-	10	8	386	1557	104.25	97.0	40.33343171967536	5901.777777777777	5408	3679.029857781049
ENST00000316963.8	ENSG00000120992	-	9	7	193	1752	81.42857142857143	71	47.46878673703083	6633.25	2337.5	11670.489177530526
ENST00000260102.9	ENSG00000137547	+	5	3	151	1133	148.33333333333334	155	21.77919496522618	2886.25	2857.0	2362.856657381766
ENST00000434581.7	ENSG00000167904	-	8	6	110	1461	167.0	154.0	125.78394174138447	4578.285714285715	5086	2938.282532040654
ENST00000260129.6	ENSG00000137574	+	13	11	274	1865	212.54545454545453	150	213.88892614455926	4043.5833333333335	3013.5	3193.325324608797
ENST00000519728.6	ENSG00000254087	+	13	11	269	4262	121.9090909090909	132	39.65464549193334	10705.25	2777.0	18000.653539272098
ENST00000262644.9	ENSG00000104331	-	5	3	669	6134	140.33333333333334	162	38.397048497681865	7178.25	6911.5	5995.134548114829
ENST00000519262.6	ENSG00000169122	+	4	2	284	2878	93.5	93.5	6.363961030678928	50304.333333333336	43831	17655.66756974466
ENST00000399598.7	ENSG00000215114	+	8	6	109	4113	124.83333333333333	124.0	30.202097057434052	5024.285714285715	5128	4271.293274652917
ENST00000260130.9	ENSG00000137575	+	9	7	43	1173	122.42857142857143	110	46.6256622575206	3440.625	1692.5	3744.5965236591246
ENST00000038176.8	ENSG00000035681	-	31	29	281	693	89.65517241379311	80	37.02535411431794	2425.733333333333	1167.5	3921.927340526315
ENST00000361421.2	ENSG00000198846	-	9	7	262	2372	206.0	231	114.50764166639709	38707.5	12195.0	55805.889750609145
ENST00000317995.5	ENSG00000178538	-	9	7	353	4574	115.42857142857143	113	52.40501611759808	11281.75	9493.5	11161.050932979897
ENST00000262646.12	ENSG00000104388	+	8	6	267	2971	82.83333333333333	77.5	17.221111075266503	14703.285714285714	12094	14705.487419262758
ENST00000423902.7	ENSG00000171316	+	38	36	343	3013	229.16666666666666	160.5	300.783120727021	4802.243243243243	1093	11666.918350631426
ENST00000379454.9	ENSG00000198363	-	25	23	324	2954	87.95652173913044	87	39.98235776947533	8697.333333333334	4405.5	10048.01490092821
ENST00000539294.6	ENSG00000185728	+	5	3	281	3104	570.0	86	891.6619314516013	9767.75	8324.5	9128.689112718575
ENST00000310193.4	ENSG00000172817	-	6	4	272	6079	277.75	191.5	210.78800566762175	40085.0	8121	74909.71145986347
ENST00000276569.8	ENSG00000104442	-	7	5	180	2128	138.4	117	62.508399435595855	4786.666666666667	5712.5	3661.3112769425475
ENST00000262146.9	ENSG00000066855	+	8	6	51	1587	168.83333333333334	157.5	61.33650354125728	9025.42857142857	10934	8772.486208921293
ENST00000401827.8	ENSG00000205268	-	13	11	694	5162	100.45454545454545	96	30.45443690618376	10064.166666666666	3512.0	17513.943353450668
ENST00000522677.8	ENSG00000185697	-	16	14	400	2651	150.71428571428572	116.0	80.8050156206318	3058.866666666667	1572	3604.6589865788706
ENST00000310421.5	ENSG00000175073	-	3	1	2983	6886	87.0	87	NA	14394.5	14394.5	2390.728027191717
ENST00000678616.1	ENSG00000104218	+	31	29	147	1233	119.96551724137932	109	71.87463428906746	4245.466666666666	2688.5	3680.534816209912
ENST00000262215.8	ENSG00000066777	-	39	37	618	1441	142.1891891891892	140	47.371954805581986	3652.7368421052633	1452.5	6743.648365701432
ENST00000402687.9	ENSG00000137573	+	23	21	279	2408	141.66666666666666	143	61.84927916583453	7382.0	2551.0	13255.247000626547
ENST00000452400.7	ENSG00000140396	-	23	21	109	3862	212.33333333333334	173	248.8564512592216	12981.681818181818	3028.5	27521.76240616793
ENST00000262213.7	ENSG00000067167	-	11	9	340	1788	103.11111111111111	105	36.07438303160722	3214.3	1717.5	3316.290164559723
ENST00000276590.5	ENSG00000147592	-	7	5	187	638	140.2	149	37.78491762595229	5065.666666666667	3432.5	4658.832242812212
ENST00000340726.8	ENSG00000104313	-	18	16	423	1988	109.5	108.0	38.91015291668744	9439.64705882353	4130	10300.341571649315
ENST00000240285.10	ENSG00000121039	+	6	4	977	2369	153.25	139.0	58.57971776420003	5344.2	1615	9148.936916385423
ENST00000524300.6	ENSG00000040341	-	15	13	58	1097	139.6153846153846	132	64.92757306098653	23107.285714285714	11107.5	34128.3431711004
ENST00000520242.6	ENSG00000154582	-	4	2	115	1702	99.0	99.0	63.63961030678928	8352.666666666666	9090	4321.43741518182
ENST00000396418.7	ENSG00000171033	+	4	2	129	3526	153.5	153.5	34.64823227814083	28322.0	25418	26686.767057850975
ENST00000263849.9	ENSG00000104427	+	9	7	76	2438	113.71428571428571	108	25.927554748531442	6295.875	5243.0	5327.822858421091
ENST00000354724.8	ENSG00000164683	-	5	3	193	1762	80.66666666666667	82	4.163331998932265	390.25	278.0	333.62291587959004
ENST00000518937.6	ENSG00000076554	-	8	6	140	3491	80.83333333333333	75.5	48.47851757909545	18957.714285714286	4384	38908.719766972055
ENST00000455036.8	ENSG00000205189	+	6	4	1557	7043	334.5	175.0	371.40229760553	6020.4	4394	6291.284312443684
ENST00000220597.4	ENSG00000076641	-	9	7	478	9097	167.0	94	198.8449982607894	16689.375	4146.5	18854.37979384934
ENST00000297258.11	ENSG00000164687	+	4	2	139	262	137.5	137.5	50.204581464244875	1188.0	539	1305.6657305757856
ENST00000256108.10	ENSG00000133731	-	9	7	74	2553	106.0	109	33.862466931200785	3255.375	2538.5	3099.2067619911113
ENST00000297265.5	ENSG00000164695	+	5	3	369	1036	149.0	154	31.796226191169293	6304.0	2392.5	9355.947021369171
ENST00000345957.9	ENSG00000104497	-	8	6	64	2011	172.33333333333334	128.5	149.32336276238445	5642.0	5489	4675.49647987605
ENST00000360375.8	ENSG00000133739	+	19	17	162	692	168.94117647058823	175	37.41735992195884	1950.9444444444443	1725.0	1833.0002879311164
ENST00000416274.7	ENSG00000133740	+	8	6	501	766	116.16666666666667	87.5	86.79266482063255	5057.285714285715	1652	8604.058494189156
ENST00000321764.4	ENSG00000185015	+	7	5	408	2844	126.4	119	52.443302718268995	5788.666666666667	5971.0	4585.291164873466
ENST00000285379.10	ENSG00000104267	+	7	5	109	824	125.8	119	52.893288799241816	2654.1666666666665	1320.0	2896.8977487420343
ENST00000517970.6	ENSG00000123124	+	25	23	384	1710	121.0	105	58.74211745959081	5045.0	3544.0	6078.900622860082
ENST00000406452.8	ENSG00000176623	-	10	8	195	2010	95.625	89.0	41.424414816109866	3707.5555555555557	1598	5606.891989130679
ENST00000517490.6	ENSG00000085719	+	17	15	107	3211	102.6	87	54.01825088404315	2637.9375	1852.5	3115.716278669588
ENST00000286614.11	ENSG00000156103	-	10	8	409	9785	169.625	150.0	62.036711481416965	31546.88888888889	18326	40177.372915126136
ENST00000220751.5	ENSG00000104312	+	11	9	418	986	123.55555555555556	154	43.21779468896785	3073.3	2543.5	1985.6261285101539
ENST00000451899.7	ENSG00000164823	+	6	4	268	3386	144.0	146.0	41.54515615568198	4217.8	4355	2579.4870032624704
ENST00000458549.7	ENSG00000180694	-	3	1	973	3863	156.0	156	NA	9546.0	9546.0	5454.621710073027
ENST00000285419.8	ENSG00000155099	-	7	5	216	2019	104.8	107	36.05828614895611	7383.166666666667	5618.5	7529.229214645193
ENST00000404789.8	ENSG00000155100	+	7	5	123	2310	143.0	107	100.84889687051614	2267.0	2270.5	1483.685546199059
ENST00000523629.7	ENSG00000079102	-	12	10	529	5546	162.4	177.5	64.52079768054122	12792.272727272728	5704	16813.134461431688
ENST00000520560.6	ENSG00000183808	-	4	2	129	8284	58.5	58.5	13.435028842544403	1441.6666666666667	868	1622.436542159148
ENST00000297598.5	ENSG00000164951	+	2	0	157	4053	NA	NA	NA	4936.0	4936	NA
ENST00000297596.3	ENSG00000164949	-	5	3	230	1335	207.33333333333334	205	131.515525065801	2720.0	1504.0	2912.2748267748816
ENST00000336148.10	ENSG00000197275	-	15	13	115	428	194.69230769230768	195	61.80936365873245	7148.714285714285	4031.0	11744.111548598901
ENST00000297591.10	ENSG00000164944	-	24	22	85	1172	237.3181818181818	158.0	237.63044264724854	2578.391304347826	1706	2425.6888007538737
ENST00000414645.6	ENSG00000156162	+	19	17	115	4091	117.11764705882354	122	28.479998141110315	3763.3333333333335	2537.5	3928.52256317967
ENST00000523731.6	ENSG00000164941	+	27	25	275	1629	109.64	108	50.57822324545087	2069.8076923076924	1466.0	1802.581748919716
ENST00000308108.9	ENSG00000175305	-	12	10	25	1522	112.7	123.5	40.92011187124927	1118.5454545454545	921	968.1939230997439
ENST00000342697.5	ENSG00000164938	-	4	2	225	4757	311.5	311.5	70.0035713374682	5934.0	8062	4642.457215742543
ENST00000396124.9	ENSG00000156170	+	9	7	217	902	96.57142857142857	102	29.759352271496898	3990.875	3766.5	2034.8315084687338
ENST00000315367.4	ENSG00000175895	+	2	0	246	2655	NA	NA	NA	20000.0	20000	NA
ENST00000517309.6	ENSG00000156471	+	13	11	318	3539	103.0	100	38.40572873934304	5842.0	4315.5	3899.218406529465
ENST00000302190.9	ENSG00000169439	+	5	3	519	2406	127.33333333333333	134	13.316656236958785	28667.75	7304.5	47099.20093005825
ENST00000322128.5	ENSG00000180543	-	1	0	4441	4441	NA	NA	NA	NA	NA	NA
ENST00000336273.8	ENSG00000147649	+	12	10	704	5661	129.7	116.5	50.42276822582786	7128.636363636364	5279	7547.9395105250715
ENST00000521545.7	ENSG00000104341	+	7	5	321	1617	100.8	99	18.45806056984319	12464.0	7841.0	12264.781742860327
ENST00000254898.7	ENSG00000132561	+	19	17	224	1068	167.11764705882354	123	126.89753856603227	9084.888888888889	4704.5	10719.31113287597
ENST00000254878.8	ENSG00000132541	-	6	4	140	561	71.5	62.5	23.867690853257393	2768.2	1584	3167.8555364788967
ENST00000419617.7	ENSG00000104375	-	11	9	174	1368	143.44444444444446	138	35.061057853090766	36822.3	26276.5	33357.34425896509
ENST00000297565.9	ENSG00000164920	+	4	2	382	582	435.0	435.0	473.76154339498686	1941.6666666666667	1047	1801.1655485638553
ENST00000520468.7	ENSG00000164919	-	4	2	69	401	137.0	137.0	11.313708498984761	5033.0	4289	3872.972114539427
ENST00000388798.7	ENSG00000104450	+	19	17	30	1014	155.94117647058823	133	79.6284109067198	4423.5	3527.5	4613.742034273647
ENST00000341084.7	ENSG00000034677	-	10	8	87	2180	239.875	162.5	215.55406183003967	5411.222222222223	2278	7111.935790939373
ENST00000335659.7	ENSG00000186106	-	5	3	49	2000	200.0	159	122.74770873625299	9084.75	4210.5	11633.69051146998
ENST00000318607.10	ENSG00000070756	-	15	13	698	444	132.23076923076923	116	52.48039927146427	1165.142857142857	736.0	1062.7119775615345
ENST00000395958.6	ENSG00000164924	-	6	4	92	4230	172.25	144.0	92.79502501032405	6097.4	3028	9859.044517599055
ENST00000311212.9	ENSG00000120963	-	4	2	239	2188	122.5	122.5	20.506096654409877	1983.3333333333333	1509	1526.7987206352163
ENST00000220931.11	ENSG00000104490	-	4	2	108	2865	251.5	251.5	205.76807332528534	33650.666666666664	26355	34498.01986104903
ENST00000251810.8	ENSG00000048392	-	9	7	135	3784	122.14285714285714	117	20.61899263162139	3710.75	4572.5	2399.2712435237495
ENST00000285407.11	ENSG00000155090	-	4	2	160	1608	573.5	573.5	480.1255044256658	1342.3333333333333	757	1614.6362851532024
ENST00000337198.10	ENSG00000155096	-	12	10	357	2371	146.8	150.5	46.4035439259642	3060.0	1508	4074.4732420277346
ENST00000518738.2	ENSG00000155097	+	13	11	143	4400	99.27272727272727	94	28.502950405496303	3861.1666666666665	1735.5	5376.514295498243
ENST00000358755.5	ENSG00000164930	+	7	5	98	1526	420.8	329	349.6901485601217	5040.166666666667	2022.0	6735.313071169496
ENST00000297578.9	ENSG00000164933	-	7	5	324	1909	131.6	146	30.972568508278417	2263.1666666666665	1280.0	2461.3219551019056
ENST00000612750.5	ENSG00000164934	+	11	9	131	659	131.11111111111111	136	43.27078819609265	2609.8	2426.5	1681.8801516292547
ENST00000276654.10	ENSG00000147650	-	7	5	440	2304	326.8	136	438.08583633804005	15940.833333333334	6478.0	21610.18472310375
ENST00000517566.7	ENSG00000164830	+	17	15	178	1889	174.93333333333334	150	167.61838744458737	29863.375	3691.0	55068.48247757817
ENST00000517746.6	ENSG00000154188	-	9	7	657	2534	148.42857142857142	131	43.069158117525134	30525.875	13113.0	48517.802274562804
ENST00000220853.8	ENSG00000104412	+	11	9	75	2685	85.22222222222223	86	21.452143120081136	4204.6	2647.0	4231.667000131272
ENST00000239690.9	ENSG00000120526	-	10	8	195	2383	167.625	170.5	25.66786484525516	9916.666666666666	5471	9385.443103551372
ENST00000521688.6	ENSG00000120533	+	5	3	128	2550	74.33333333333333	75	3.0550504633038935	2176.75	2247.0	959.0892815582916
ENST00000337573.10	ENSG00000147654	+	7	5	289	1558	107.2	98	30.800974010573107	3906.8333333333335	3233.0	3339.6530608233343
ENST00000395715.8	ENSG00000104447	-	7	5	431	6589	588.8	604	450.3950488182569	41752.666666666664	15198.5	63940.34899393861
ENST00000521861.6	ENSG00000147677	-	8	6	158	2974	138.16666666666666	141.5	25.150878049616214	15676.142857142857	2202	24838.720809981147
ENST00000309822.7	ENSG00000147679	+	3	1	268	3229	175.0	175	NA	2244.5	2244.5	1634.1237713221112
ENST00000297338.7	ENSG00000164754	-	14	12	166	1758	144.66666666666666	139.5	42.17998951104084	1937.1538461538462	1254	2016.8210070204482
ENST00000378204.7	ENSG00000182197	-	11	9	1742	5408	121.44444444444444	119	29.223753656533887	30909.4	4959.0	85045.79419766218
ENST00000297350.9	ENSG00000164761	-	5	3	94	1206	262.3333333333333	225	94.69072464256112	6560.5	3010.0	8017.4219256150745
ENST00000614891.5	ENSG00000147676	+	4	2	242	2257	163.5	163.5	10.606601717798213	11495.0	12982	7763.057194172925
ENST00000313655.5	ENSG00000136982	-	9	7	281	1026	127.28571428571429	139	40.8481508586549	2465.125	2886.0	1089.5026961875772
ENST00000286234.6	ENSG00000155792	+	9	7	247	1343	139.85714285714286	135	43.63648538944053	21828.5	19493.0	21901.215824045674
ENST00000297848.8	ENSG00000187955	+	48	46	239	2422	116.26086956521739	128.5	40.091802865484	5116.234042553191	3072	6136.684706188166
ENST00000517992.2	ENSG00000172164	-	7	5	774	3214	190.6	197	30.004999583402764	45225.0	41672.5	42985.306140587156
ENST00000314393.6	ENSG00000178764	+	4	2	292	1269	1400.0	1400.0	1890.8035328928281	62831.666666666664	81530	37902.76219925578
ENST00000259512.9	ENSG00000136986	-	8	6	333	2416	77.33333333333333	80.5	34.529214683607655	3702.8571428571427	2141	3717.806047862611
ENST00000395571.8	ENSG00000165156	-	4	2	70	1865	1482.0	1482.0	1934.644153326394	6977.333333333333	6830	4052.0094192058996
ENST00000287394.10	ENSG00000156802	-	28	26	261	1326	152.30769230769232	135.0	70.53666804195913	2631.5185185185187	1092	3458.532296202342
ENST00000517956.5	ENSG00000156804	-	9	7	308	5574	123.14285714285714	113	50.09134513209699	4571.75	1552.5	5738.089322364071
ENST00000334705.12	ENSG00000176853	+	24	22	336	2934	102.68181818181819	110.0	31.90668889961471	1803.695652173913	982	2051.368399935264
ENST00000297632.8	ENSG00000164983	-	7	5	848	7873	63.4	55	25.793410011086166	9579.166666666666	3652.0	15515.501608606364
ENST00000328599.4	ENSG00000183665	+	1	0	2207	2207	NA	NA	NA	NA	NA	NA
ENST00000303545.4	ENSG00000170881	+	2	0	411	2788	NA	NA	NA	10540.0	10540	NA
ENST00000276689.8	ENSG00000147684	+	4	2	165	219	153.5	153.5	55.86143571373726	3388.6666666666665	3720	643.5156045764029
ENST00000518547.6	ENSG00000170873	-	14	12	590	2909	124.58333333333333	103.0	52.22757602042906	13284.307692307691	2669	29369.11376595208
ENST00000318410.12	ENSG00000164961	-	29	27	178	414	131.37037037037038	125	48.50943456859956	2264.0714285714284	1614.0	1865.8758032697442
ENST00000287437.8	ENSG00000156831	+	8	6	99	353	122.66666666666667	107.0	31.58902763091429	39153.28571428572	10092	62427.52292516041
ENST00000311922.4	ENSG00000173334	+	3	1	905	2398	293.0	293	NA	2225.0	2225.0	241.83051916579925
ENST00000694912.1	ENSG00000153310	-	14	12	191	2613	91.66666666666667	85.0	30.431243912475974	13312.615384615385	4598	20309.67073645156
ENST00000518721.6	ENSG00000153317	-	30	28	215	2702	119.35714285714286	90.0	84.76294363550981	13286.620689655172	5337	23717.604580344043
ENST00000254624.10	ENSG00000132294	+	23	21	230	2853	111.9047619047619	122	40.01112940408551	4732.590909090909	2690.0	7482.228071899
ENST00000395386.7	ENSG00000129292	+	21	19	258	3027	155.1578947368421	163	74.35520093734364	3359.35	2072.0	3756.164452918485
ENST00000323851.13	ENSG00000104419	-	16	14	119	1945	68.64285714285714	59.0	26.817351279914458	3803.5333333333333	2280	4359.312869620406
ENST00000522652.6	ENSG00000008513	-	10	8	195	5090	178.75	166.5	113.14434522830939	12258.333333333334	1937	16164.987960094495
ENST00000355849.10	ENSG00000131773	+	9	7	499	618	123.0	119	44.613152021946775	23522.125	22794.0	19996.146903394736
ENST00000220913.10	ENSG00000104472	+	3	1	325	2029	127.0	127	NA	1676.0	1676.0	1479.2673862422573
ENST00000696786.1	ENSG00000169398	-	36	34	158	1779	94.08823529411765	88.5	49.011666914737155	9664.2	5238	13630.652840953298
ENST00000519811.6	ENSG00000105339	+	23	21	221	1772	168.28571428571428	134	95.55843388060671	2804.0454545454545	2229.0	2099.595618146566
ENST00000517878.6	ENSG00000022567	-	9	7	193	4524	385.85714285714283	212	331.5888159409826	11712.125	1433.0	20054.954232504675
ENST00000521578.6	ENSG00000184489	+	6	4	64	1528	314.25	112.0	429.80101985298575	7517.0	2702	12214.313079334424
ENST00000524325.6	ENSG00000171045	-	14	12	79	234	132.66666666666666	90.5	122.11569278451654	14553.692307692309	12134	15398.40037354863
ENST00000356613.4	ENSG00000198576	-	3	1	1996	809	145.0	145	NA	240.5	240.5	13.435028842544403
ENST00000612905.2	ENSG00000234616	-	2	0	36	9061	NA	NA	NA	3411.0	3411	NA
ENST00000336138.4	ENSG00000130193	+	2	0	637	1602	NA	NA	NA	7466.0	7466	NA
ENST00000262577.6	ENSG00000014164	-	12	10	72	429	276.9	172.0	373.6107451464544	9138.09090909091	2055	12595.820548535497
ENST00000262580.9	ENSG00000104518	+	11	9	106	401	135.11111111111111	142	58.1150678491483	299.4	227.0	259.26142962054513
ENST00000504548.4	ENSG00000179886	+	1	0	5394	5394	NA	NA	NA	NA	NA	NA
ENST00000388913.4	ENSG00000180921	-	5	3	89	4791	250.66666666666666	165	184.1095688261024	1053.75	527.5	1396.182264844625
ENST00000442628.7	ENSG00000185189	-	18	16	268	2148	81.75	87.0	33.60257926608214	215.7058823529412	103	271.3523458314582
ENST00000313028.12	ENSG00000178685	-	11	9	103	673	303.22222222222223	222	241.16010126976735	579.8	103.0	1500.832050712019
ENST00000395068.9	ENSG00000178719	+	7	5	144	724	198.0	144	119.30632841555388	250.33333333333334	90.0	368.7750895419411
ENST00000398712.7	ENSG00000179526	-	9	7	221	152	139.28571428571428	141	21.32849647548467	473.625	84.0	1016.8188400946495
ENST00000322428.10	ENSG00000179632	+	8	6	398	524	132.16666666666666	128.0	16.987250120801384	205.14285714285714	102	255.32360419111833
ENST00000326134.10	ENSG00000179832	+	44	42	61	272	119.42857142857143	121.5	36.98196188990629	2524.6976744186045	530	4583.846396573015
ENST00000569669.6	ENSG00000261236	-	16	14	167	273	142.0	125.5	63.64081902485107	1797.7333333333333	82	4170.008075817234
ENST00000528838.6	ENSG00000185122	+	13	11	271	596	115.18181818181819	106	61.76862987280547	1748.5833333333333	153.0	4832.955024118424
ENST00000528718.6	ENSG00000185000	-	17	15	416	2126	74.06666666666666	75	26.146473858593154	538.5	94.5	1312.6515658518574
ENST00000643944.2	ENSG00000185803	+	5	3	453	470	411.6666666666667	240	402.0004145934844	125.5	107.0	50.53381706012981
ENST00000308860.11	ENSG00000173137	+	15	13	61	274	125.0	114	52.322716545174394	1231.142857142857	84.5	2401.4358159280414
ENST00000301305.8	ENSG00000147804	-	12	10	247	253	162.3	162.5	57.62725049835364	209.8181818181818	166	141.95408988952602
ENST00000409379.8	ENSG00000160949	-	26	24	51	562	163.25	138.5	137.2256947672258	445.4	241	434.4005448124269
ENST00000530374.6	ENSG00000187954	-	4	2	589	1189	225.5	225.5	19.091883092036785	3687.0	1588	4471.650813737584
ENST00000435887.2	ENSG00000160972	+	12	10	146	602	211.6	128.0	276.73701916761655	1934.1818181818182	157	3775.524356117487
ENST00000301327.5	ENSG00000167700	+	5	3	946	223	127.66666666666667	125	19.139836293274122	148.0	88.5	130.9325526113859
ENST00000617875.6	ENSG00000160957	-	21	19	133	268	179.89473684210526	141	156.22309358977702	136.35	86.5	97.84212578918842
ENST00000292524.6	ENSG00000160959	+	4	2	50	4262	512.5	512.5	102.5304832720494	614.6666666666666	183	831.2991840085814
ENST00000377307.7	ENSG00000147799	-	12	10	161	1438	323.1	165.5	400.1064997111533	13803.454545454546	3518	23766.916692594503
ENST00000429371.7	ENSG00000196378	-	6	4	39	2382	96.75	103.5	33.98406489322116	2457.2	1702	2743.183770730645
ENST00000528957.6	ENSG00000161016	-	5	3	399	194	159.0	142	53.563046963368315	388.0	334.5	307.5613759885984
ENST00000417550.7	ENSG00000196150	-	6	4	55	5882	100.0	105.0	27.748873851023216	3632.4	2678	4422.448903040034
ENST00000382297.7	ENSG00000107104	+	12	10	60	931	407.9	170.5	793.513767996498	21485.363636363636	2130	50989.98155181609
ENST00000349721.8	ENSG00000080503	+	34	32	58	917	149.15625	132.0	79.82889337665866	5228.060606060606	3704	6686.981545040491
ENST00000382100.8	ENSG00000147852	+	19	17	485	6224	147.2941176470588	123	66.30777170313668	1614.2777777777778	799.5	3041.715514515095
ENST00000397885.3	ENSG00000080608	-	18	16	51	312	114.0	93.0	52.007691738818785	2221.0	1523	1969.6733866303825
ENST00000617270.5	ENSG00000080298	-	17	15	255	6984	134.6	122	53.5761140808103	18652.9375	7011.0	32217.4175511089
ENST00000262352.8	ENSG00000106688	+	12	10	303	2158	123.7	119.0	44.29208607515443	8482.181818181818	2139	15702.797303781144
ENST00000381883.5	ENSG00000205808	+	1	0	2965	2965	NA	NA	NA	NA	NA	NA
ENST00000381854.4	ENSG00000106993	+	7	5	331	2389	156.0	123	74.98333148106984	4221.833333333333	3983.0	2575.4731927680136
ENST00000381809.8	ENSG00000147853	-	5	3	266	3541	137.33333333333334	120	30.89228598426043	6857.0	4260.0	7876.679122574436
ENST00000381750.9	ENSG00000120158	+	9	7	284	942	119.28571428571429	125	39.0457606991006	8257.75	5442.5	9377.933472481329
ENST00000381652.4	ENSG00000096968	+	25	23	359	3265	147.7826086956522	135	52.249364086377454	5735.583333333333	2008.0	9418.089347063733
ENST00000223864.7	ENSG00000107020	-	6	4	137	390	113.5	118.0	19.80740602232744	15794.8	2717	30346.612573728886
ENST00000381577.4	ENSG00000120217	+	7	5	55	2715	172.8	108	132.5035848571653	2729.8333333333335	1770.0	2178.440030541733
ENST00000414202.7	ENSG00000107036	+	26	24	347	2600	159.95833333333334	138.0	132.4378374827279	5626.6	1545	8983.739343020441
ENST00000339450.10	ENSG00000099219	-	15	13	428	2737	170.15384615384616	164	56.999775078278674	3083.5	1375.5	3536.93921893797
ENST00000276893.10	ENSG00000147854	+	16	14	445	1022	150.64285714285714	132.5	54.36572328344274	6018.666666666667	3834	7085.714619335629
ENST00000321612.8	ENSG00000178445	-	25	23	485	694	115.82608695652173	112	37.76801457452041	4559.166666666667	2139.5	6370.428684412722
ENST00000381309.8	ENSG00000107077	+	22	20	231	1096	150.55	149.5	66.70080485587151	19682.761904761905	8856	21931.79529565412
ENST00000319264.4	ENSG00000153714	+	2	0	1008	1675	NA	NA	NA	45358.0	45358	NA
ENST00000319217.12	ENSG00000107186	-	47	45	293	1405	136.06666666666666	124	50.81356297110233	3612.282608695652	1832.0	5468.981845779761
ENST00000380953.6	ENSG00000147862	-	11	9	660	6479	159.66666666666666	121	145.2248257013931	22371.8	5760.0	37889.48346265315
ENST00000380916.9	ENSG00000175893	-	10	8	204	8028	111.125	114.5	49.861056948283796	8137.888888888889	5647	7334.111917002025
ENST00000512701.7	ENSG00000155158	-	20	18	133	8488	95.44444444444444	101.0	31.63992679069061	7013.473684210527	2741	12142.17789986816
ENST00000380733.9	ENSG00000164985	-	16	14	154	1515	119.5	103.5	58.439646710878634	2904.2	1258	4125.577244459253
ENST00000380647.8	ENSG00000044459	+	26	24	386	1373	156.625	134.5	91.05842009152815	14534.64	8096	18208.191505656643
ENST00000380607.5	ENSG00000107295	+	9	7	222	1581	116.28571428571429	131	35.079501543941994	26930.25	2039.0	57552.53458176898
ENST00000380527.3	ENSG00000155876	+	1	0	1599	1599	NA	NA	NA	NA	NA	NA
ENST00000380502.8	ENSG00000147874	-	17	15	381	3264	178.53333333333333	127	242.79558323432335	2715.0625	2227.5	2002.8695903211806
ENST00000276914.7	ENSG00000147872	-	8	6	74	889	155.66666666666666	158.5	84.57107464533406	1405.0	1194	844.870009725362
ENST00000380338.9	ENSG00000171843	-	11	9	255	4906	173.66666666666666	100	202.79731260546822	27410.7	6406.0	50491.594887004045
ENST00000359039.5	ENSG00000198642	-	1	0	5740	5740	NA	NA	NA	NA	NA	NA
ENST00000644715.2	ENSG00000099810	+	8	6	146	5106	130.0	113.0	65.13370863078502	8344.857142857143	4432	7813.08885628408
ENST00000304494.10	ENSG00000147889	-	3	1	180	491	307.0	307	NA	3064.0	3064.0	572.7564927611035
ENST00000276925.7	ENSG00000147883	-	2	0	508	3345	NA	NA	NA	2550.0	2550	NA
ENST00000397312.7	ENSG00000107105	-	7	5	435	2781	153.4	154	85.15750113759798	22025.666666666668	16921.0	23787.133855651184
ENST00000358022.6	ENSG00000198680	-	1	0	1476	1476	NA	NA	NA	NA	NA	NA
ENST00000333916.8	ENSG00000120159	-	6	4	390	1963	109.0	80.5	61.51964455900787	9865.8	4899	10482.946589580622
ENST00000397292.8	ENSG00000137055	-	14	12	346	2705	139.41666666666666	147.0	48.02358953176191	3011.3076923076924	2339	3085.8248866015115
ENST00000380062.10	ENSG00000096872	+	20	18	105	3517	94.61111111111111	89.0	40.08100457953337	5494.631578947368	3637	5639.900936979954
ENST00000262244.6	ENSG00000120162	-	4	2	260	5408	409.5	409.5	292.03510063004416	66039.66666666667	73806	34403.3546377869
ENST00000380003.8	ENSG00000147894	-	11	9	51	1877	144.77777777777777	96	139.96318960514026	2370.5	1656.5	2093.92248874902
ENST00000309951.8	ENSG00000122729	+	21	19	93	4772	135.68421052631578	138	32.05906464217249	3134.2	1425.5	4809.112869279914
ENST00000379883.3	ENSG00000107201	-	18	16	136	2117	148.4375	148.5	38.46378166535371	3898.0588235294117	1952	5848.69723176226
ENST00000360538.7	ENSG00000197579	-	3	1	153	3783	195.0	195	NA	3956.0	3956.0	3522.80598387138
ENST00000379817.7	ENSG00000137074	-	8	6	62	1037	146.33333333333334	120.5	100.25101828244273	3862.285714285714	1513	4831.520558246845
ENST00000330899.5	ENSG00000086061	+	9	7	111	1223	140.71428571428572	116	46.78929466489205	1539.5	1330.0	1255.4276448400249
ENST00000397149.4	ENSG00000122692	-	12	10	92	5627	141.7	128.5	30.437732431236654	2524.909090909091	2750	1873.8135155103057
ENST00000379731.5	ENSG00000086062	-	6	4	579	2945	163.0	155.5	60.32688731679543	10503.8	4305	12901.270080887385
ENST00000634734.3	ENSG00000107262	-	7	5	485	2838	99.4	108	26.254523419784256	1403.0	1462.5	601.201131070127
ENST00000223500.9	ENSG00000086065	+	8	6	99	1262	90.0	99.5	25.706030420895406	2160.1428571428573	1738	1588.8223551393264
ENST00000379540.8	ENSG00000086102	+	24	22	82	1252	148.4090909090909	101.0	198.04993576438508	3306.217391304348	2849	2548.8124143059563
ENST00000297991.6	ENSG00000165272	-	6	4	171	1052	150.5	132.5	45.66909969187773	921.8	333	1461.8381237332676
ENST00000297990.9	ENSG00000165271	-	26	24	136	1461	134.875	130.0	37.70285711696938	309.52	173	415.2146151891413
ENST00000263228.4	ENSG00000107341	+	5	3	775	3382	106.66666666666667	98	25.146238950056393	24690.75	12449.0	29722.697470395695
ENST00000379238.7	ENSG00000137073	-	29	27	63	907	122.4074074074074	104	64.30651316412386	4390.0	2271.0	6780.3387875587805
ENST00000361264.9	ENSG00000198876	-	9	7	345	2122	160.71428571428572	179	72.33421109847052	4590.0	2404.5	5710.7525648676865
ENST00000297661.9	ENSG00000165006	+	7	5	198	1132	275.0	125	366.3502422545944	11796.0	7257.0	15387.212600078026
ENST00000402558.7	ENSG00000186638	-	13	11	163	2141	362.8181818181818	110	646.0069377617888	5882.833333333333	3875.5	5480.613383610092
ENST00000379158.7	ENSG00000164978	+	5	3	31	576	130.33333333333334	135	15.534906930308058	3283.25	3164.0	2716.3201057067386
ENST00000651358.1	ENSG00000164970	-	6	4	367	2939	84.75	90.5	22.096379793984354	11348.4	666	22886.251501720417
ENST00000378980.8	ENSG00000122756	-	10	8	170	639	153.625	165.5	47.09849102830002	4028.222222222222	3400	4236.6625360588305
ENST00000378959.9	ENSG00000164967	-	2	0	34	838	NA	NA	NA	731.0	731	NA
ENST00000277010.9	ENSG00000147955	-	4	2	241	1137	147.0	147.0	76.36753236814714	464.6666666666667	130	583.1272016750147
ENST00000378842.8	ENSG00000213930	+	11	9	112	667	108.55555555555556	123	43.396748470107504	260.5	197.5	210.28406713036748
ENST00000682809.1	ENSG00000137094	+	5	3	87	1403	387.0	314	189.36472744415735	1508.25	1527.0	1293.7112957173508
ENST00000358901.11	ENSG00000165280	-	17	15	289	1159	153.2	136	51.30329981032966	801.0	454.0	963.1755118703271
ENST00000378617.4	ENSG00000165282	-	11	9	437	534	349.0	180	459.47606031217776	379.2	291.0	211.29011124780808
ENST00000356493.10	ENSG00000165283	-	10	8	82	395	111.0	115.5	30.826704564155317	221.0	149	141.32055759867353
ENST00000322813.10	ENSG00000005238	-	9	7	58	1258	240.28571428571428	144	324.3638462620407	1093.5	243.0	2416.8089941668363
ENST00000635942.2	ENSG00000198722	+	40	38	297	1588	334.60526315789474	117.0	1319.514069842414	5864.794871794872	1116	14112.68160794898
ENST00000361226.8	ENSG00000198853	+	12	10	62	715	444.1	158.0	639.0966628331308	6051.545454545455	250	16756.761658289684
ENST00000336395.6	ENSG00000107140	+	10	8	577	1172	97.625	90.5	29.760652354601177	249.11111111111111	172	142.46529791886553
ENST00000426546.7	ENSG00000159884	+	5	3	194	766	101.33333333333333	91	46.371686763943934	489.0	96.5	789.3402308257195
ENST00000378387.4	ENSG00000137135	-	9	7	164	2660	122.0	119	51.86842327788009	271.875	244.5	142.42234726334206
ENST00000645482.3	ENSG00000198467	-	9	7	222	310	94.0	76	30.523215208537035	725.5	306.5	1108.395880798656
ENST00000314888.10	ENSG00000137076	-	57	55	121	969	136.96363636363637	129	40.740808386843135	475.44642857142856	183.5	954.354554272017
ENST00000378103.7	ENSG00000070610	-	17	15	883	582	143.06666666666666	126	45.198714688847176	547.0	196.5	1000.0529985955744
ENST00000378078.5	ENSG00000107185	+	9	7	122	5935	138.71428571428572	137	31.494519553483617	283.875	277.0	122.37581168561982
ENST00000342694.7	ENSG00000159899	+	22	20	1485	352	120.55	117.5	39.00941181979441	661.5714285714286	225	1254.9170718190335
ENST00000377966.4	ENSG00000122707	+	21	19	186	1632	136.52631578947367	141	69.38008713765117	4156.55	2709.0	4218.848751358847
ENST00000377960.9	ENSG00000122694	+	5	3	59	1545	97.0	104	16.64331697709324	6319.75	6607.5	5677.521899267907
ENST00000345519.10	ENSG00000122705	+	5	3	353	457	89.33333333333333	112	44.55707949735186	5015.25	5624.0	2616.2102839794816
ENST00000642385.2	ENSG00000159921	-	12	10	128	3160	197.5	194.5	100.59959134001379	3522.2727272727275	2709	2994.2117523952475
ENST00000259605.11	ENSG00000137075	-	12	10	173	3415	147.3	156.0	42.460569944361325	5346.272727272727	2971	4677.675300636184
ENST00000298048.7	ENSG00000165304	+	18	16	113	523	113.5	99.0	41.17118733612946	6019.764705882353	4975	5088.652050511655
ENST00000336755.10	ENSG00000147905	+	9	7	50	1315	174.14285714285714	115	206.8295824839285	29374.0	5472.5	59556.003518896876
ENST00000318158.11	ENSG00000137106	+	9	7	138	330	111.71428571428571	117	23.87965860807259	1630.625	1260.0	1276.4899347709047
ENST00000307750.5	ENSG00000168795	-	2	0	236	4454	NA	NA	NA	22659.0	22659	NA
ENST00000377798.9	ENSG00000137054	+	12	10	176	655	102.4	100.5	27.821654236303857	1445.0	1198	867.9188902195873
ENST00000432825.7	ENSG00000147912	-	11	9	170	1830	300.22222222222223	182	251.98600049297272	6078.7	3156.0	10025.12278727797
ENST00000321301.7	ENSG00000175768	-	2	0	186	520	NA	NA	NA	3479.0	3479	NA
ENST00000297994.4	ENSG00000165275	+	9	7	48	1372	124.71428571428571	124	49.16880544177811	2859.375	1453.5	2794.6823963428424
ENST00000377724.8	ENSG00000122741	+	7	5	609	6525	154.4	146	44.29785547856691	9827.0	7594.5	9212.852587553976
ENST00000242275.7	ENSG00000122696	-	3	1	60	989	122.0	122	NA	7676.5	7676.5	5033.893175267031
ENST00000377707.4	ENSG00000107338	-	6	4	1299	4107	157.25	146.5	46.082353817197024	29459.0	28630	17707.346681533065
ENST00000377698.4	ENSG00000137124	+	2	0	106	2922	NA	NA	NA	2932.0	2932	NA
ENST00000484259.3	ENSG00000165060	+	5	3	196	6465	105.66666666666667	98	13.279056191361393	9086.75	9006.5	2360.6934539099593
ENST00000361138.7	ENSG00000198887	+	25	23	286	2683	129.56521739130434	126	45.76702473790146	3747.7916666666665	2104.0	4684.653028580496
ENST00000377126.4	ENSG00000119138	-	2	0	1799	3402	NA	NA	NA	24853.0	24853	NA
ENST00000377044.9	ENSG00000135048	-	24	22	157	2028	180.3181818181818	170.0	106.72143818355039	3434.608695652174	3065	3521.5705011353107
ENST00000333421.7	ENSG00000107362	-	4	2	560	1855	325.0	325.0	205.0609665440988	14325.666666666666	4351	18391.86369929196
ENST00000376962.10	ENSG00000107372	-	7	5	513	4689	127.8	126	22.027255843613386	1325.8333333333333	959.0	959.6022960928484
ENST00000257497.11	ENSG00000135046	+	13	11	60	343	90.72727272727273	94	20.852294401772237	1427.3333333333333	891.5	1709.8304186690739
ENST00000376854.6	ENSG00000135045	-	2	0	727	1624	NA	NA	NA	3979.0	3979	NA
ENST00000361092.9	ENSG00000106733	-	9	7	148	991	87.85714285714286	84	32.50347966720164	3228.125	3506.0	2757.891660438148
ENST00000346234.7	ENSG00000134996	+	10	8	213	583	69.0	59.0	23.724610489050033	6378.222222222223	3142	8864.948685381345
ENST00000376736.6	ENSG00000135002	-	4	2	337	2004	127.5	127.5	34.64823227814083	2101.6666666666665	1520	1458.267579470014
ENST00000376730.5	ENSG00000187210	+	4	2	124	5178	132.0	132.0	19.79898987322333	14223.0	1177	22963.63758205568
ENST00000360280.8	ENSG00000197969	+	72	70	271	5582	133.9142857142857	124.0	67.63965539065423	3222.211267605634	1320	4380.0099573125335
ENST00000286548.9	ENSG00000156052	-	7	5	712	5417	150.6	154	22.941229260874405	51472.166666666664	41881.0	48906.69363355763
ENST00000376552.8	ENSG00000106829	+	20	18	871	1846	120.5	109.0	69.30940857955044	7896.421052631579	1196	14263.516838095831
ENST00000376499.8	ENSG00000196781	-	20	18	1331	623	121.16666666666667	109.0	69.47386304977451	5354.210526315789	1685	8420.45282220583
ENST00000376395.9	ENSG00000135018	-	11	9	459	1972	159.66666666666666	152	57.35416288291548	4412.3	2343.0	6358.557366957452
ENST00000376371.7	ENSG00000165113	-	13	11	253	320	111.63636363636364	102	62.58957217823545	6378.666666666667	5296.5	4702.469531742837
ENST00000297814.7	ENSG00000165115	-	18	16	62	3387	238.0	198.5	201.97953691731578	4710.411764705882	4433	2658.718043033699
ENST00000376263.8	ENSG00000165119	-	17	15	63	1358	97.86666666666666	83	68.6011939365767	577.75	455.0	456.27835071733716
ENST00000445877.6	ENSG00000178966	+	3	1	87	3124	89.0	89	NA	9985.0	9985.0	12490.334182879176
ENST00000357081.8	ENSG00000135049	-	26	24	180	748	147.33333333333334	131.0	128.12787996056286	7638.08	3444	8467.395816306216
ENST00000361671.10	ENSG00000135040	+	23	21	128	3562	101.0952380952381	99	43.553306145348785	3568.3636363636365	1797.0	4940.973689904552
ENST00000388712.7	ENSG00000135052	-	10	8	148	1748	143.75	140.0	60.09694548929136	7818.555555555556	5388	8583.933627875846
ENST00000375991.9	ENSG00000135070	-	4	2	161	1646	80.0	80.0	36.76955262170047	5342.0	5815	3057.068366916252
ENST00000375963.8	ENSG00000083223	-	27	25	140	1012	178.04	116	215.9981635724403	2349.0384615384614	1328.5	2977.7456638305325
ENST00000408954.8	ENSG00000196730	+	26	24	241	2503	132.0	125.5	56.74734240090206	8194.24	1377	21476.871019152983
ENST00000325303.9	ENSG00000156345	-	8	6	162	1219	128.0	123.0	42.374520646256286	849.1428571428571	446	895.1711993750001
ENST00000375859.4	ENSG00000106723	+	6	4	95	3617	186.75	222.0	93.57839850449818	17158.4	13506	13373.693405338707
ENST00000358157.3	ENSG00000213694	+	2	0	228	4102	NA	NA	NA	9358.0	9358	NA
ENST00000314355.7	ENSG00000123975	+	3	1	157	331	128.0	128	NA	2446.5	2446.5	1939.5939007947
ENST00000375807.8	ENSG00000187742	+	17	15	113	943	161.66666666666666	154	49.65835660744706	2355.1875	1464.0	2058.820510834622
ENST00000422704.7	ENSG00000187764	-	16	14	195	2395	140.85714285714286	131.0	77.99591423505873	7754.466666666666	2216	15692.075729336706
ENST00000252506.11	ENSG00000130222	+	4	2	163	587	158.0	158.0	79.19595949289332	159.33333333333334	133	87.52333022305157
ENST00000375754.9	ENSG00000165025	+	14	12	75	3022	156.33333333333334	140.0	107.6630546349737	7058.307692307692	2244	11484.527870027392
ENST00000375731.9	ENSG00000148090	-	10	8	291	603	85.0	77.5	45.172684540233256	16280.222222222223	3477	24911.05441253831
ENST00000297689.4	ENSG00000165030	-	2	0	193	1862	NA	NA	NA	12733.0	12733	NA
ENST00000375708.4	ENSG00000169071	-	9	7	362	2507	184.14285714285714	203	107.9836848346832	27933.75	4060.0	59480.31351812367
ENST00000262554.7	ENSG00000090054	-	15	13	100	1412	97.76923076923077	96	22.346341408807266	5820.285714285715	3492.0	7117.82046835829
ENST00000443024.7	ENSG00000196305	-	34	32	87	683	116.03125	115.5	32.679760309264324	2394.181818181818	1584	2737.2315559537687
ENST00000442668.7	ENSG00000198000	-	17	15	45	529	233.4	114	456.62203813907814	1494.875	1075.5	1149.5933121470973
ENST00000287996.8	ENSG00000127080	-	13	11	224	2875	106.27272727272727	90	64.6375910892275	4390.083333333333	2845.0	4271.795565808435
ENST00000356884.11	ENSG00000185963	-	7	5	329	4101	403.6	213	379.23910663326905	7837.166666666667	2116.5	13592.983769822822
ENST00000375464.7	ENSG00000165233	+	6	4	136	292	107.25	107.5	48.09279225275516	3242.0	1157	4612.198933263829
ENST00000375446.5	ENSG00000131669	-	4	2	109	735	196.5	196.5	45.96194077712559	3839.6666666666665	2668	3241.4139404484167
ENST00000277165.11	ENSG00000048828	+	18	16	705	1884	160.6875	140.0	66.35331566696573	6427.529411764706	2574	6827.333530720898
ENST00000359246.9	ENSG00000197724	+	22	20	288	2000	155.2	119.5	87.50494722856351	4648.190476190476	1274	11350.769976609727
ENST00000620992.5	ENSG00000158079	+	9	7	311	2026	295.14285714285717	138	426.5330892093557	2623.375	2465.5	2117.2223000566432
ENST00000375344.8	ENSG00000148110	+	12	10	359	1882	116.1	113.5	43.41645873270745	7552.0	2456	11524.257494519983
ENST00000289081.8	ENSG00000158169	-	15	13	184	2797	123.92307692307692	100	58.89887030391095	15290.285714285714	5951.5	23137.604641091795
ENST00000331920.11	ENSG00000185920	-	24	22	1106	3412	188.36363636363637	145.5	111.93005701033866	2505.4347826086955	1325	4225.764404503822
ENST00000653738.2	ENSG00000182150	+	19	17	394	6223	213.41176470588235	146	255.57387846362778	7361.777777777777	4878.0	6805.6059034018635
ENST00000253270.13	ENSG00000130958	-	12	10	235	632	75.6	75.5	18.715412543320188	5579.909090909091	4242	4813.945459901794
ENST00000375256.5	ENSG00000165244	-	5	3	758	2519	136.66666666666666	139	15.631165450257807	7185.75	3579.5	8103.112010209411
ENST00000375249.5	ENSG00000130956	+	8	6	460	1355	139.33333333333334	162.5	49.65346580719886	5502.428571428572	5232	4382.605612233543
ENST00000375241.6	ENSG00000081377	-	14	12	625	3677	108.33333333333333	92.0	48.22171018673367	8779.153846153846	4535	14240.731710169448
ENST00000481138.6	ENSG00000196597	-	6	4	427	3510	126.25	114.5	66.70019989975043	6760.8	6930	6857.74042232571
ENST00000259470.6	ENSG00000136943	-	8	6	72	3372	152.5	141.5	39.5006329063219	729.5714285714286	684	521.1924971137047
ENST00000355295.5	ENSG00000196116	+	17	15	143	463	205.46666666666667	161	146.29757671397346	5021.375	2654.0	5232.259675959009
ENST00000259365.9	ENSG00000136842	+	10	8	138	2110	132.875	137.5	25.947405595605453	10751.888888888889	8198	8997.381208502344
ENST00000341170.5	ENSG00000136925	-	10	8	126	2688	162.75	132.5	71.04274367288632	3241.4444444444443	1959	2717.4346869387273
ENST00000375147.8	ENSG00000136937	+	23	21	95	2663	105.95238095238095	104	34.669116213823784	1588.409090909091	1335.5	1388.4974290180053
ENST00000339399.5	ENSG00000136938	+	7	5	269	580	126.8	123	50.50445524901739	5186.666666666667	4946.0	3482.6356494279826
ENST00000210444.6	ENSG00000095380	+	6	4	209	232	184.5	185.5	72.59246976558013	5033.4	2468	6166.520923502976
ENST00000341469.7	ENSG00000106785	-	6	4	241	3653	146.5	129.5	66.68583057891684	6078.0	4901	3092.458568841303
ENST00000375077.5	ENSG00000106789	-	12	10	79	3931	144.6	117.0	58.401293745182656	6018.818181818182	1346	11083.158050106313
ENST00000465784.7	ENSG00000095383	-	13	11	477	578	200.9090909090909	142	121.4688886468091	4447.833333333333	3756.5	3247.3593981273557
ENST00000374994.9	ENSG00000106799	+	9	7	190	5013	184.14285714285714	168	50.88689605857475	5323.5	2718.0	7514.376582829173
ENST00000476832.2	ENSG00000119523	-	2	0	396	2412	NA	NA	NA	2710.0	2710	NA
ENST00000223641.5	ENSG00000106803	+	4	2	85	279	100.0	100.0	2.8284271247461903	2590.0	2336	2547.5146712040737
ENST00000395097.7	ENSG00000119508	+	8	6	523	3272	301.5	176.5	319.98171822777624	5629.0	3251	5710.276817574901
ENST00000259400.11	ENSG00000136874	+	8	6	53	6101	121.83333333333333	101.5	69.6029213946273	8713.714285714286	8471	7582.3808423275095
ENST00000262455.7	ENSG00000023318	-	12	10	217	3529	106.2	114.0	41.70211825155488	10455.272727272728	2302	13353.07682214784
ENST00000262457.7	ENSG00000119509	+	17	15	174	1608	207.66666666666666	172	151.09394743794655	12377.25	5288.0	23841.197281176966
ENST00000395067.7	ENSG00000066697	+	3	1	251	1178	451.0	451	NA	11356.0	11356.0	4463.258002849488
ENST00000339664.7	ENSG00000136870	+	3	1	339	2726	127.0	127	NA	4306.0	4306.0	5108.13938729162
ENST00000389120.8	ENSG00000155827	+	20	18	62	1099	154.27777777777777	144.0	62.70454112043388	1344.9473684210527	679	1438.5076940930528
ENST00000374793.8	ENSG00000136824	+	25	23	169	2281	151.2173913043478	148	52.10038956558171	1715.9583333333333	1513.5	1772.5712956573582
ENST00000374720.8	ENSG00000070214	+	16	14	254	8314	136.71428571428572	139.0	45.64651570059204	9480.933333333332	3530	14045.563018093582
ENST00000481272.6	ENSG00000106701	+	14	12	202	6076	121.0	101.5	59.090069924111305	7436.153846153846	4091	7076.680858591758
ENST00000357998.10	ENSG00000106692	+	11	9	35	6068	150.22222222222223	133	65.23185145651198	7553.3	3906.5	7141.42217473367
ENST00000374692.8	ENSG00000095209	+	6	4	232	2765	137.0	137.5	42.68489194082609	15708.8	15783	10488.053904323719
ENST00000277225.10	ENSG00000148143	+	13	11	190	2812	667.5454545454545	165	1645.805053075021	11677.0	3123.5	18005.941564838082
ENST00000358015.8	ENSG00000119318	+	10	8	417	2647	131.25	128.0	66.88316038329187	4977.444444444444	4264	4710.2307297814805
ENST00000374672.5	ENSG00000136826	-	5	3	602	1075	419.6666666666667	165	479.7054651901866	495.5	389.5	480.43626008035653
ENST00000374647.10	ENSG00000070061	-	37	35	261	1666	113.88571428571429	104	44.003189342011424	1685.9722222222222	1148.5	1570.1960111693265
ENST00000325551.9	ENSG00000119326	-	19	17	198	258	117.52941176470588	114	54.10304710348903	3803.8333333333335	3479.0	3591.471175699779
ENST00000374541.4	ENSG00000070159	-	26	24	89	3934	111.70833333333333	114.5	45.71507140564464	4636.16	2117	7011.93566760753
ENST00000374517.6	ENSG00000136810	-	5	3	96	410	77.0	66	24.43358344574123	2990.25	2753.5	2885.518136603315
ENST00000683809.1	ENSG00000198121	-	6	4	304	2460	263.5	114.0	324.6346664585695	32278.0	29904	31307.777763680384
ENST00000684092.1	ENSG00000136813	-	50	48	268	1485	113.79166666666667	110.5	43.43640905053817	2377.2244897959185	1418	3599.387177384657
ENST00000407693.7	ENSG00000106853	-	10	8	45	665	111.125	117.0	42.35373992594144	3942.4444444444443	3953	1959.583444964204
ENST00000313525.4	ENSG00000059769	+	4	2	410	1246	312.0	312.0	224.8599564173221	6910.666666666667	3176	7336.4178134382
ENST00000374293.5	ENSG00000242616	+	3	1	111	958	132.0	132	NA	3710.5	3710.5	1963.6355313550425
ENST00000374279.4	ENSG00000148154	+	9	7	500	2543	130.85714285714286	113	40.39566219050659	4324.625	1708.5	5769.718857659233
ENST00000374257.6	ENSG00000119314	-	14	12	150	5549	124.41666666666667	125.5	52.92612060622092	8307.153846153846	3200	10448.42438557248
ENST00000398805.8	ENSG00000119471	+	11	9	73	1974	125.22222222222223	115	38.34637459323169	8912.4	6552.5	7703.575752712359
ENST00000337530.11	ENSG00000165185	+	4	2	292	10135	684.0	684.0	722.6631303726516	56925.333333333336	70398	38556.757661055126
ENST00000374242.9	ENSG00000148153	-	5	3	131	3708	91.66666666666667	91	11.015141094572204	7519.5	3203.0	9897.923199675104
ENST00000374232.8	ENSG00000148158	+	9	7	398	6204	156.85714285714286	159	44.02812953642467	14566.0	12449.0	16402.139006849076
ENST00000238256.8	ENSG00000119321	-	28	26	87	5150	135.73076923076923	108.0	122.48250738527774	1907.6296296296296	1444	1903.5019376876471
ENST00000374212.5	ENSG00000136868	+	5	3	135	4221	135.33333333333334	164	54.040108561450296	9546.75	1458.5	16594.818998209452
ENST00000374206.4	ENSG00000176386	-	4	2	191	448	116.0	116.0	8.48528137423857	2570.0	1943	2172.4546025176223
ENST00000374198.5	ENSG00000136875	+	14	12	113	1439	112.08333333333333	101.5	37.91967187557818	1103.923076923077	777	1053.8010929913403
ENST00000374180.4	ENSG00000119431	-	3	1	258	1108	115.0	115	NA	1042.0	1042.0	168.2914139223983
ENST00000409155.8	ENSG00000148218	-	12	10	73	2050	100.6	88.5	40.78725291068277	1076.7272727272727	495	2185.004580814836
ENST00000374171.5	ENSG00000148229	-	5	3	59	1749	128.66666666666666	119	48.232077845903895	311.75	267.0	231.10801947718446
ENST00000695401.1	ENSG00000138835	+	23	21	155	971	142.66666666666666	84	203.63701366238243	5904.090909090909	2959.0	9861.693440538065
ENST00000374126.10	ENSG00000157657	+	15	13	105	7943	101.15384615384616	84	69.56034089652685	12208.714285714286	4179.5	23814.19598419452
ENST00000362057.4	ENSG00000095397	-	12	10	1290	857	192.3	192.5	137.02072024981396	9029.454545454546	1186	13145.08574611544
ENST00000374050.4	ENSG00000136888	+	3	1	152	1310	101.0	101	NA	4774.0	4774.0	202.2325394193526
ENST00000350763.9	ENSG00000041982	-	28	26	176	1693	255.03846153846155	175.0	257.28497519586807	3336.4074074074074	2165	5128.876344620189
ENST00000313400.9	ENSG00000148219	-	23	21	561	2977	159.04761904761904	149	66.98692125368667	44775.818181818184	37179.0	40730.57956707871
ENST00000450136.2	ENSG00000119401	+	2	0	77	3638	NA	NA	NA	10280.0	10280	NA
ENST00000349780.9	ENSG00000136861	-	38	36	248	418	154.61111111111111	125.5	102.17415881796498	5001.648648648648	3647	5167.005393284802
ENST00000373930.4	ENSG00000106780	-	6	4	713	4831	189.0	173.0	60.980871317706395	21472.0	10076	22893.73784465962
ENST00000608872.6	ENSG00000119402	-	8	6	63	7874	200.83333333333334	152.0	156.4780069743562	3900.1428571428573	3252	3193.1338017988655
ENST00000373855.7	ENSG00000119397	+	44	42	113	448	170.42857142857142	169.0	49.54876526587542	2207.8372093023254	1591	2277.9842794958267
ENST00000373840.9	ENSG00000119396	-	8	6	231	3441	79.5	63.0	51.678815775905704	2798.285714285714	1439	2682.7121049593147
ENST00000432226.7	ENSG00000148180	+	18	16	58	409	133.0	133.5	46.41695092671785	3652.1176470588234	1493	5393.851984926368
ENST00000408936.8	ENSG00000136848	+	16	14	266	3200	234.14285714285714	153.5	220.65770817223716	8476.866666666667	1882	15661.354593241227
ENST00000417201.4	ENSG00000119446	-	6	4	126	4422	107.25	107.0	23.977419933484644	4448.4	3212	2866.0270061532915
ENST00000344641.8	ENSG00000148187	+	7	5	57	8798	147.8	156	45.49945054613297	9477.0	7807.0	6127.527494838355
ENST00000362012.7	ENSG00000095303	+	11	9	68	3515	159.66666666666666	144	68.82586723027906	1966.0	1802.0	2034.1572647604653
ENST00000259467.9	ENSG00000136940	-	4	2	118	2540	179.5	179.5	3.5355339059327378	2491.6666666666665	2379	875.4543582239644
ENST00000357244.7	ENSG00000056586	-	21	19	250	5267	181.42105263157896	149	88.88214155677899	2592.0	1651.0	3122.141184979848
ENST00000373659.4	ENSG00000186130	-	2	0	73	4026	NA	NA	NA	1169.0	1169	NA
ENST00000373656.4	ENSG00000171448	-	2	0	76	4379	NA	NA	NA	11492.0	11492	NA
ENST00000373647.9	ENSG00000011454	+	26	24	74	1776	130.66666666666666	120.0	50.35842545684638	6354.44	2016	10203.177315914882
ENST00000394215.7	ENSG00000119522	-	24	22	238	2968	91.0	84.5	47.73737679069874	23707.0	14902	28620.660958951885
ENST00000320246.10	ENSG00000119408	+	10	8	137	2471	107.5	110.0	22.193950269643945	10210.111111111111	7473	13208.013783726572
ENST00000353214.6	ENSG00000136950	+	6	4	269	856	345.5	148.5	446.3634542985495	2619.4	1726	1533.27420900503
ENST00000373555.9	ENSG00000136935	-	23	21	113	2336	115.61904761904762	98	54.93676017975231	2633.2727272727275	1087.5	2918.420221411678
ENST00000336505.11	ENSG00000173611	-	18	16	144	10346	101.3125	99.0	30.55643685597739	11106.470588235294	1974	21068.826708901135
ENST00000373547.9	ENSG00000119414	-	7	5	160	3349	118.8	96	58.45682167206835	6521.333333333333	3933.0	6730.82463496611
ENST00000373538.8	ENSG00000136933	+	8	6	365	474	138.66666666666666	151.5	39.3124238208059	4564.142857142857	4536	2358.4567997295344
ENST00000324460.7	ENSG00000044574	-	8	6	339	2302	213.33333333333334	200.0	100.31882508615553	367.14285714285717	281	336.32792954269524
ENST00000297933.11	ENSG00000165219	+	28	26	134	4602	170.76923076923077	132.5	151.53938305069286	3563.185185185185	2448	5013.959160622218
ENST00000265960.8	ENSG00000119487	-	12	10	238	1619	151.2	139.5	68.97793528046165	24222.363636363636	21726	19076.614439007397
ENST00000373489.10	ENSG00000167081	+	9	7	281	1547	144.57142857142858	136	59.351655811940475	27145.625	4177.5	57163.89137743086
ENST00000361171.8	ENSG00000196814	+	10	8	182	3864	99.0	102.5	28.24383624287405	19486.0	13497	19548.72726036148
ENST00000373464.5	ENSG00000169155	+	3	1	93	5724	123.0	123	NA	13615.5	13615.5	14079.203120205348
ENST00000319119.5	ENSG00000177125	+	2	0	101	6489	NA	NA	NA	18650.0	18650	NA
ENST00000259351.10	ENSG00000136828	+	19	17	194	4427	100.52941176470588	94	28.683875363736206	16780.833333333332	4919.5	25488.34671962856
ENST00000373371.8	ENSG00000136856	+	10	8	118	787	155.0	154.5	38.23984459024009	953.8888888888889	750	840.9761358749196
ENST00000361436.10	ENSG00000197958	-	7	5	126	53	91.0	87	15.280706789936126	516.5	411.5	348.9393930183292
ENST00000300417.11	ENSG00000148356	+	26	24	160	726	93.08333333333333	89.5	32.71738889691358	1954.8	1680	1557.0683457489376
ENST00000373312.4	ENSG00000136830	-	14	12	254	2089	133.25	123.0	28.320005778119594	4599.153846153846	1014	9994.424227589383
ENST00000373299.5	ENSG00000136854	+	19	17	164	1925	97.94117647058823	86	30.895935388484546	4259.388888888889	1838.0	8879.001031110285
ENST00000373284.10	ENSG00000160404	-	5	3	175	755	190.0	176	70.05711955254797	567.75	624.0	203.94668420937862
ENST00000373264.5	ENSG00000136807	+	7	5	207	1615	132.2	149	42.70480066690395	379.3333333333333	399.0	233.62163141855393
ENST00000373247.7	ENSG00000136877	+	15	13	181	887	93.53846153846153	78	32.85730609929189	636.8571428571429	221.0	761.4425436319849
ENST00000373203.9	ENSG00000106991	-	15	13	370	791	137.30769230769232	141	54.30068233976533	2621.214285714286	719.0	4229.950303009961
ENST00000335791.10	ENSG00000136840	-	6	4	216	696	198.5	147.0	149.20790863757858	1490.0	1566	727.3039254672011
ENST00000314392.13	ENSG00000136908	-	4	2	37	682	96.5	96.5	9.192388155425117	614.6666666666666	772	277.72168322501096
ENST00000373095.6	ENSG00000167106	-	11	9	998	2656	107.0	117	52.01922721455981	3579.1	922.5	7973.147593293657
ENST00000373078.5	ENSG00000171169	-	2	0	730	2668	NA	NA	NA	2690.0	2690	NA
ENST00000373069.10	ENSG00000148339	+	11	9	349	1986	122.44444444444444	127	42.06872683808933	3757.7	388.0	10120.999995059778
ENST00000372938.10	ENSG00000148337	-	17	15	141	342	166.13333333333333	122	156.17383476967794	1408.3125	587.0	1765.584953823142
ENST00000372923.8	ENSG00000106976	+	22	20	253	591	118.65	113.0	62.555470121367186	2316.6190476190477	735	3649.8809771852902
ENST00000611957.5	ENSG00000167110	-	27	25	115	1453	111.64	103	66.03211339946648	608.4615384615385	262.5	944.2529419925248
ENST00000372890.6	ENSG00000167112	-	8	6	148	4717	93.5	78.5	32.439173848912986	1694.7142857142858	1523	1329.7361535640212
ENST00000300452.8	ENSG00000167113	+	7	5	90	599	111.2	103	18.376615575235828	1664.8333333333333	553.0	2348.443094193825
ENST00000300456.5	ENSG00000167114	+	13	11	312	1137	161.8181818181818	147	86.44630493181091	1476.25	1559.5	1394.517520017717
ENST00000372838.9	ENSG00000167123	+	13	11	218	499	144.63636363636363	128	52.77740563398835	1181.9166666666667	908.5	1181.7398158749845
ENST00000309971.9	ENSG00000119392	+	16	14	186	1187	137.78571428571428	121.5	64.50781535409676	2284.5333333333333	1501	2398.637823749932
ENST00000372739.7	ENSG00000197694	+	57	55	110	454	132.92727272727274	135	58.698808917644726	1307.1607142857142	657.0	2060.6335987377165
ENST00000322030.13	ENSG00000119335	+	8	6	434	1756	122.83333333333333	128.5	39.86686176094962	606.8571428571429	630	475.0440079864281
ENST00000291906.5	ENSG00000160447	+	22	20	437	523	121.65	111.0	47.39672984500091	715.2857142857143	190	1277.9679629340144
ENST00000372663.9	ENSG00000160446	-	5	3	134	630	127.33333333333333	137	45.2806065919322	527.25	271.0	600.8817826050866
ENST00000291900.7	ENSG00000160445	-	16	14	347	1609	166.92857142857142	149.0	94.38502512068833	2523.266666666667	688	4247.3070370137675
ENST00000372648.10	ENSG00000107021	+	12	10	124	2617	111.4	91.5	57.82387050345212	1756.6363636363637	957	1883.707741276617
ENST00000372642.5	ENSG00000167136	+	3	1	686	349	110.0	110	NA	1516.0	1516.0	52.32590180780452
ENST00000372586.4	ENSG00000175283	-	1	0	2074	2074	NA	NA	NA	NA	NA	NA
ENST00000372577.2	ENSG00000095319	+	44	42	53	595	120.02380952380952	117.5	48.26880429491075	1249.046511627907	678	1746.6156247561464
ENST00000372564.8	ENSG00000148341	-	11	9	240	1756	113.0	101	60.63827174318213	1828.3	761.0	2249.8130317379214
ENST00000684074.1	ENSG00000148343	+	16	14	56	1836	122.71428571428571	116.5	49.13940698341117	2123.133333333333	841	2583.5241121567333
ENST00000372546.9	ENSG00000167130	+	8	6	97	1468	100.66666666666667	99.5	15.266521105565166	1022.7142857142857	441	1287.9813293529937
ENST00000318080.7	ENSG00000095321	-	14	12	311	819	136.5	129.5	56.12243110136332	1017.8461538461538	700	970.32038060923
ENST00000393370.7	ENSG00000119383	+	10	8	217	1560	107.875	104.5	13.973827576682673	3876.8888888888887	3155	2472.997899536332
ENST00000372491.4	ENSG00000188483	-	1	0	2710	2710	NA	NA	NA	NA	NA	NA
ENST00000340607.5	ENSG00000148344	-	3	1	156	1512	83.0	83	NA	6471.5	6471.5	3284.510998611513
ENST00000259339.7	ENSG00000136816	+	5	3	228	1940	190.0	176	70.05711955254797	1340.0	1101.0	1131.5894426277875
ENST00000351698.5	ENSG00000136827	-	5	3	229	1281	190.0	176	70.05711955254797	2278.75	2360.5	2018.5913198730116
ENST00000372447.7	ENSG00000136819	-	9	7	137	963	99.28571428571429	78	51.96060778998608	773.875	889.5	520.622824125105
ENST00000372429.8	ENSG00000136878	+	26	24	42	1362	120.375	106.0	80.52804669398002	1683.12	608	2833.98865441154
ENST00000446176.7	ENSG00000187239	-	17	15	238	3360	121.46666666666667	129	47.944710220161284	9411.4375	4629.5	12891.603913497343
ENST00000347136.11	ENSG00000148358	+	18	16	168	5140	88.8125	82.0	35.0432470907972	4678.235294117647	2817	5922.755276573266
ENST00000372398.6	ENSG00000107130	+	8	6	324	4314	87.66666666666667	84.0	38.82095653982095	8533.714285714286	3229	10286.133800968591
ENST00000319725.10	ENSG00000107164	+	19	17	188	1339	95.6470588235294	99	36.86282201702446	3090.1666666666665	1644.0	4469.746054768397
ENST00000247291.8	ENSG00000126878	+	6	4	130	2910	83.5	64.5	54.08943211632626	4648.0	2913	5760.899322154484
ENST00000359428.10	ENSG00000126883	+	36	34	164	1210	182.1764705882353	117.0	296.5790272922042	2900.285714285714	1759	3039.6164093461507
ENST00000402686.8	ENSG00000130714	+	20	18	156	868	112.94444444444444	109.5	31.953039480245753	938.1578947368421	720	713.9469528347245
ENST00000372215.5	ENSG00000130717	-	7	5	197	1421	108.8	97	43.86570414344217	883.5	564.0	1063.7314980764647
ENST00000683357.1	ENSG00000107263	-	27	25	307	2873	143.2	114	87.75011870837174	6020.846153846154	1818.0	17158.663460053776
ENST00000292035.10	ENSG00000160563	-	8	6	226	561	99.66666666666667	101.0	37.23797345005051	31195.85714285714	20917	29891.598548915445
ENST00000224140.6	ENSG00000107290	-	26	24	70	3630	308.375	135.0	825.099615198068	3301.2	2317	3366.0144706561596
ENST00000372159.8	ENSG00000125485	-	20	18	124	2116	106.61111111111111	79.0	65.51078841452613	3833.0526315789475	1637	4311.4615010288335
ENST00000372146.5	ENSG00000125484	+	5	3	492	6073	682.3333333333334	131	991.5328200989281	3969.5	3652.0	2263.893033397706
ENST00000298552.9	ENSG00000165699	-	23	21	74	5406	148.47619047619048	123	103.19526105767602	2030.4545454545455	884.0	2677.9328688778683
ENST00000343730.10	ENSG00000148297	-	5	3	210	3383	150.33333333333334	161	64.66323014923809	1444.0	1254.0	686.4910778735584
ENST00000371964.5	ENSG00000148291	+	6	4	121	103	152.25	162.5	33.76758800980609	755.2	621	803.378615597901
ENST00000371989.8	ENSG00000148248	-	6	4	139	2296	123.75	132.0	74.26697336860667	2333.4	958	3441.2116761396705
ENST00000371942.8	ENSG00000148300	-	8	6	391	1011	154.0	116.5	105.50450227359968	1374.7142857142858	1225	827.1037247096469
ENST00000316948.9	ENSG00000160325	+	5	3	210	2286	102.33333333333333	108	26.950572040929547	2017.0	2119.5	1169.5454957660547
ENST00000371899.9	ENSG00000160326	-	10	8	132	1083	159.5	158.0	41.47632715520643	612.7777777777778	625	295.80516297800557
ENST00000439388.6	ENSG00000123453	-	21	19	99	455	140.05263157894737	130	61.6139176956081	3578.9	2987.5	3409.169059123383
ENST00000303407.12	ENSG00000169925	-	12	10	82	3401	217.8	203.5	87.65817449362926	2914.6363636363635	1490	3935.7911345173607
ENST00000358625.4	ENSG00000196363	+	14	12	119	2076	80.16666666666667	80.0	27.73194198141569	1594.6153846153845	744	1695.489238069725
ENST00000481739.2	ENSG00000186350	+	10	8	205	4119	151.625	142.0	49.95694574902902	12066.0	4348	23726.679840424367
ENST00000371817.8	ENSG00000130635	+	66	64	494	2687	82.203125	54.0	51.61646706835957	2993.8307692307694	1058	6835.103649015753
ENST00000371793.8	ENSG00000130558	+	6	4	472	1677	158.25	153.0	46.59309677051598	6146.2	5519	4440.0794700095175
ENST00000389532.9	ENSG00000130559	-	17	15	547	3125	289.73333333333335	137	591.9760452038901	5690.125	1831.5	8073.242106902695
ENST00000371756.4	ENSG00000130560	-	10	8	349	547	120.5	108.5	45.86937976471886	2949.4444444444443	1541	2318.814358196399
ENST00000277554.4	ENSG00000148411	-	6	4	101	5488	328.5	135.5	412.08453825236717	16370.0	2295	20973.759736871212
ENST00000440944.6	ENSG00000160360	+	14	12	225	1588	146.08333333333334	144.0	42.5600289074862	2192.076923076923	996	2657.1703138720854
ENST00000371738.4	ENSG00000213221	-	3	1	258	2698	140.0	140	NA	583.0	583.0	318.1980515339464
ENST00000357365.8	ENSG00000165689	-	10	8	287	966	142.25	112.5	115.65187911511487	700.2222222222222	702	417.53406381329467
ENST00000371712.4	ENSG00000148384	-	10	8	1238	1189	123.75	122.0	19.366760921006605	867.7777777777778	588	1097.0903310322467
ENST00000684901.1	ENSG00000148396	-	32	30	103	1719	239.86666666666667	116.0	643.1557291620926	1094.1290322580646	1024	1028.278293781584
ENST00000651671.1	ENSG00000148400	-	34	32	323	3126	191.21875	155.0	104.30251732804794	1274.1818181818182	528	3432.978931031924
ENST00000308874.12	ENSG00000172889	+	11	9	193	415	127.88888888888889	117	45.51770107453925	800.4	459.0	998.4855420975197
ENST00000371696.7	ENSG00000169692	-	6	4	282	785	119.75	115.0	45.154364868378636	2553.8	807	3996.400342808513
ENST00000311502.12	ENSG00000196642	+	15	13	379	866	143.0	135	82.03759300873391	2152.5714285714284	869.5	3904.51954523484
ENST00000224073.6	ENSG00000107223	-	5	3	128	227	102.33333333333333	94	54.97575223071835	882.0	465.5	958.1179468103079
ENST00000247668.7	ENSG00000127191	+	11	9	26	925	146.11111111111111	149	71.9938268958604	3782.6	2162.0	3828.006855909337
ENST00000325285.8	ENSG00000159069	-	9	7	145	737	211.42857142857142	175	96.6486025814775	242.75	220.5	181.59983480168697
ENST00000341511.11	ENSG00000107331	-	49	47	163	731	153.38297872340425	142	61.720109185668505	268.7708333333333	112.0	556.617682289728
ENST00000371579.7	ENSG00000176978	-	13	11	87	238	116.0	119	40.47468344533407	215.58333333333334	107.0	215.17876641330463
ENST00000322310.10	ENSG00000176101	+	3	1	103	560	200.0	200	NA	414.0	414.0	179.60512242138307
ENST00000409012.6	ENSG00000176058	-	4	2	1755	556	174.0	174.0	94.75230867899737	2154.6666666666665	85	3585.6338816635102
ENST00000684003.1	ENSG00000188566	+	14	12	213	3090	126.16666666666667	111.5	45.11164601364714	680.3846153846154	135	1682.4099549189123
ENST00000357503.3	ENSG00000198113	+	2	0	182	3989	NA	NA	NA	745.0	745	NA
ENST00000356628.4	ENSG00000198435	-	1	0	2641	2641	NA	NA	NA	NA	NA	NA
ENST00000371475.9	ENSG00000165802	-	16	14	303	1922	101.71428571428571	76.0	116.74194327096546	541.0666666666667	482	509.22805256958253
ENST00000298585.3	ENSG00000165724	-	6	4	300	606	122.25	124.0	51.35091690190806	1407.4	835	1409.493987216689
ENST00000460843.6	ENSG00000181090	+	27	25	45	1355	147.8	132	94.90609393851729	8154.923076923077	2269.0	17755.082431626335
ENST00000381604.9	ENSG00000015171	+	15	13	105	2290	131.15384615384616	119	64.20000798785796	8220.214285714286	1405.0	13348.888067657814
ENST00000280886.12	ENSG00000151240	-	37	35	175	3377	123.8	120	40.54104673769827	11321.75	3140.5	33597.89989812289
ENST00000316157.8	ENSG00000107929	-	18	16	278	3717	123.0	115.5	54.57960547066398	6838.0	2654	11651.305956844495
ENST00000360803.9	ENSG00000107937	+	17	15	94	2858	113.6	101	45.534602227317194	1677.6875	1510.5	1316.7108373392643
ENST00000381344.8	ENSG00000067064	-	5	3	256	2086	132.33333333333334	131	40.01666319589045	1740.5	866.0	1985.2036839243137
ENST00000263150.9	ENSG00000047056	+	14	12	584	3160	116.08333333333333	106.0	53.34528748605351	5450.076923076923	3926	5683.015198254334
ENST00000381125.9	ENSG00000067057	+	22	20	160	353	105.65	98.0	40.245660112547995	3172.809523809524	1391	4641.819779128091
ENST00000497571.6	ENSG00000067082	-	4	2	297	3595	349.0	349.0	318.1980515339464	1541.3333333333333	1411	1097.32052442909
ENST00000380872.9	ENSG00000187134	+	9	7	114	5584	120.71428571428571	117	35.74779380471978	1665.75	1515.5	1159.1214345356573
ENST00000380554.5	ENSG00000196139	+	9	7	115	226	120.71428571428571	117	35.74779380471978	1510.875	1517.0	980.0045827152326
ENST00000355029.9	ENSG00000173848	+	12	10	264	2469	125.6	102.5	66.91985256010855	3864.6363636363635	425	7388.966088333702
ENST00000357700.11	ENSG00000196372	-	6	4	87	1964	166.5	169.5	27.958302285129307	5002.4	2108	5307.593268139524
ENST00000380191.9	ENSG00000057608	-	11	9	221	930	127.33333333333333	132	42.7551166528639	4591.5	2739.0	4699.131462302369
ENST00000362091.9	ENSG00000134452	+	21	19	104	484	155.78947368421052	131	114.17607209304623	2190.15	1048.0	3140.891564257043
ENST00000379977.8	ENSG00000134470	-	7	5	139	823	120.8	99	74.37876040913831	3932.3333333333335	3173.5	3641.99317224328
ENST00000379775.9	ENSG00000170525	+	15	13	405	2638	110.6923076923077	105	46.77496591016861	2008.5	968.5	2883.948515223796
ENST00000397167.6	ENSG00000198879	-	21	19	174	5287	136.57894736842104	127	60.613819280089075	12217.75	6965.5	18289.781682317647
ENST00000356708.12	ENSG00000165629	+	10	8	87	143	108.875	114.5	60.849785772600946	2058.222222222222	891	2506.6103994128093
ENST00000344293.6	ENSG00000165632	+	7	5	371	1995	501.8	243	742.5814433447688	32208.666666666668	8470.0	53640.7977482314
ENST00000379328.9	ENSG00000107485	+	6	4	204	1460	354.75	341.5	254.47380349785843	3485.6	4140	2081.5504557901063
ENST00000633077.2	ENSG00000048740	+	13	11	292	7750	124.0	135	50.52722038663912	25783.166666666668	8630.5	41005.43864556446
ENST00000609104.6	ENSG00000148429	-	15	13	208	3340	89.3076923076923	87	30.48602033551503	10459.42857142857	5000.5	17921.695381315334
ENST00000379215.9	ENSG00000134463	+	5	3	365	847	140.33333333333334	122	53.89186704256342	5014.0	5208.5	2346.390561408451
ENST00000357604.10	ENSG00000151461	-	22	20	55	1286	191.35	146.0	155.0712145401182	5600.952380952381	4652	4679.166138065526
ENST00000263035.9	ENSG00000181192	+	17	15	234	2435	166.93333333333334	165	65.92362102861014	3068.4375	2322.5	2848.671783334589
ENST00000298428.14	ENSG00000065665	+	12	10	118	1140	123.7	121.0	50.94888506031206	3021.4545454545455	2796	2388.326458574554
ENST00000491614.6	ENSG00000165609	-	10	8	122	2482	73.875	82.0	34.97116158861674	3040.777777777778	1856	2967.3997783319396
ENST00000619168.5	ENSG00000183049	+	11	9	364	6777	105.22222222222223	113	25.757415329268667	47791.1	14972.0	67783.01494794499
ENST00000378825.5	ENSG00000151468	-	3	1	517	2055	175.0	175	NA	51171.0	51171.0	68570.97299878426
ENST00000263038.9	ENSG00000107537	-	9	7	97	556	126.85714285714286	135	45.25272946253655	2590.625	2579.5	1057.8421347927379
ENST00000327347.10	ENSG00000086475	-	9	7	294	1929	148.85714285714286	108	68.90435054341289	3450.125	3224.5	1589.5814756901084
ENST00000378572.8	ENSG00000165630	+	10	8	188	600	110.25	109.5	35.1232523713687	4691.666666666667	2708	4489.4983015922835
ENST00000357447.7	ENSG00000151474	-	25	23	328	3330	139.2608695652174	93	171.30786146353438	28348.25	4624.5	94983.83552650466
ENST00000181796.7	ENSG00000065809	-	5	3	645	2750	131.0	151	65.33758489567853	63138.25	57436.5	68993.34117809245
ENST00000378372.8	ENSG00000187522	+	14	12	154	214	116.16666666666667	104.0	48.92635157854997	2436.4615384615386	1407	3382.7554994753564
ENST00000354919.11	ENSG00000152455	+	6	4	54	1910	273.75	146.5	265.61422527166474	4478.2	2021	6018.922719224762
ENST00000378278.7	ENSG00000152457	-	14	12	195	4718	87.25	87.0	30.259859400021853	3348.0	3216	2727.572883230315
ENST00000356189.6	ENSG00000176244	-	4	2	60	3129	90.5	90.5	38.890872965260115	3310.6666666666665	169	5512.692838652752
ENST00000378197.5	ENSG00000152464	+	3	1	412	953	119.0	119	NA	2709.5	2709.5	2462.8529188727452
ENST00000378165.9	ENSG00000152465	-	12	10	191	3446	136.6	137.0	27.629292024548473	5265.545454545455	2504	7730.451543909145
ENST00000378116.9	ENSG00000148468	-	8	6	334	2959	148.16666666666666	138.0	49.8735066610186	22209.285714285714	7930	30038.05268718489
ENST00000277632.8	ENSG00000148481	-	15	13	302	968	84.15384615384616	74	30.721453290944623	5712.142857142857	3740.0	5595.255144483416
ENST00000535784.7	ENSG00000165983	+	5	3	38	2700	295.6666666666667	266	171.4360911049168	18277.75	12143.5	20620.119582178308
ENST00000345264.10	ENSG00000148484	-	9	7	110	2886	104.85714285714286	115	28.239620933649064	27885.5	13461.5	35848.36328600951
ENST00000544301.7	ENSG00000026025	+	10	8	284	364	188.25	111.0	218.37893017151893	799.8888888888889	664	815.5301104871058
ENST00000377524.8	ENSG00000136738	+	14	12	229	2282	112.08333333333333	93.0	43.704500149679475	5293.692307692308	3099	6989.031375240961
ENST00000377304.7	ENSG00000241058	-	11	9	459	585	124.66666666666667	126	29.37260628544903	10386.1	5233.5	11191.927750243327
ENST00000377275.4	ENSG00000165997	+	6	4	253	6472	111.25	116.0	45.74840616531539	3007.8	1894	2454.193187179852
ENST00000377252.5	ENSG00000120594	+	14	12	760	10154	113.41666666666667	109.5	48.884759352682686	35473.07692307692	21154	49431.83050164732
ENST00000377122.9	ENSG00000078114	-	28	26	187	5951	107.1923076923077	105.0	18.66123089352732	4015.3333333333335	2561	4365.6990893168
ENST00000307729.12	ENSG00000078403	+	23	21	289	1692	150.57142857142858	104	123.19398176395283	9284.363636363636	2808.0	12959.713487226316
ENST00000376980.8	ENSG00000136770	-	12	10	518	208	137.4	100.0	116.17438998716064	22280.272727272728	7542	28636.390942613245
ENST00000376573.9	ENSG00000150867	-	10	8	396	2428	124.5	109.0	59.6393925426571	19545.0	8611	32545.50907959499
ENST00000376510.8	ENSG00000148450	+	5	3	148	1256	108.66666666666667	101	36.11555528208494	6176.25	7207.0	3495.7833051644757
ENST00000376454.8	ENSG00000120549	+	21	19	126	2017	277.05263157894734	167	364.5687671275644	16564.95	4451.0	36401.38422393331
ENST00000396432.7	ENSG00000107863	-	26	24	326	2493	190.08333333333334	98.0	374.82713890268275	5315.72	1530	11575.878856196334
ENST00000320152.11	ENSG00000099256	-	9	7	79	1278	83.14285714285714	77	52.63531315073741	12756.75	4407.5	21617.615996153298
ENST00000376356.5	ENSG00000185875	+	3	1	81	3489	167.0	167	NA	3158.0	3158.0	2674.2778464475227
ENST00000376140.4	ENSG00000136754	-	11	9	212	2150	128.11111111111111	141	56.83626580899832	11084.8	3702.0	16328.960066227257
ENST00000376087.5	ENSG00000107890	-	34	32	410	1608	148.65625	114.0	161.19605561791576	2715.2727272727275	2162	2344.869216405353
ENST00000376016.8	ENSG00000136758	-	19	17	207	2010	116.11764705882354	113	32.553575750102276	2226.8333333333335	1509.0	1712.2526356339167
ENST00000375940.9	ENSG00000120539	+	12	10	261	1575	229.6	139.0	320.8922283605856	2588.181818181818	2034	2208.1594515877614
ENST00000396271.8	ENSG00000107897	-	13	11	124	2229	140.9090909090909	121	63.369479318445634	3473.4166666666665	3134.0	2422.98956806869
ENST00000356940.11	ENSG00000099246	+	7	5	134	4364	75.4	67	25.16545250934304	5510.166666666667	4659.0	6014.155116611698
ENST00000683449.1	ENSG00000150054	-	17	15	204	3252	112.13333333333334	94	41.3000634151479	15433.375	4915.0	20054.856192869265
ENST00000354911.9	ENSG00000095787	+	14	12	503	3576	152.75	125.5	72.26230628128963	6467.923076923077	1752	12778.043867389213
ENST00000375533.6	ENSG00000095739	+	3	1	453	950	288.0	288	NA	1860.5	1860.5	2013.1330060381008
ENST00000355867.9	ENSG00000197321	-	38	36	552	996	187.72222222222223	147.0	177.5748713096392	4576.4324324324325	1991	10801.416335988692
ENST00000263063.9	ENSG00000107951	-	9	7	160	4171	175.57142857142858	212	65.82769716681356	4239.75	3502.0	3451.5980460402066
ENST00000263056.6	ENSG00000107968	+	9	7	195	1128	218.14285714285714	231	83.53926935166194	3100.0	1908.5	2798.8514991484835
ENST00000436087.7	ENSG00000183621	-	7	5	33	942	424.6	77	789.6121199677725	30689.333333333332	32213.0	15585.600799028141
ENST00000424869.6	ENSG00000148516	+	9	7	77	3133	389.57142857142856	181	628.9117206579572	25581.5	5963.0	48124.38243017477
ENST00000344936.7	ENSG00000165322	-	20	18	149	2435	137.55555555555554	100.5	162.44681381997444	6230.210526315789	2500	10671.183640372314
ENST00000302418.5	ENSG00000170759	-	26	24	578	2502	116.08333333333333	105.0	49.37867579419689	1661.8	852	2176.0627480229823
ENST00000319778.11	ENSG00000120616	-	14	12	396	1385	184.66666666666666	154.5	86.02571849408898	5800.846153846154	1173	11295.9962290934
ENST00000302278.8	ENSG00000150093	-	16	14	86	1318	166.5	169.0	62.28069215563211	3611.866666666667	1871	5691.784917965625
ENST00000374867.7	ENSG00000099250	-	17	15	358	2873	160.6	156	74.32822959203128	9470.9375	5206.0	14758.888239379687
ENST00000374788.8	ENSG00000148498	-	25	23	421	2002	154.2608695652174	140	73.3467588620869	29156.875	11376.5	47546.755517081154
ENST00000374749.8	ENSG00000108094	-	21	19	163	1892	112.0	106	34.94916943854953	3880.4	2191.0	4353.530647042334
ENST00000685392.1	ENSG00000095794	+	8	6	348	1700	134.83333333333334	133.5	35.560746148902254	11893.0	10488	9964.50142589516
ENST00000374704.8	ENSG00000108100	+	10	8	699	3614	94.375	88.0	52.530093415924114	25676.777777777777	12837	45803.58120763533
ENST00000374694.3	ENSG00000177283	-	1	0	4050	4050	NA	NA	NA	NA	NA	NA
ENST00000395867.8	ENSG00000198105	-	6	4	426	4354	90.75	97.0	35.453020557727754	4741.0	652	7730.312865596062
ENST00000302609.8	ENSG00000175395	-	6	4	142	3623	96.75	98.0	25.811818998280614	4584.6	3261	5667.624661178614
ENST00000374466.4	ENSG00000169826	+	8	6	123	2053	264.8333333333333	140.5	322.446533035582	6156.142857142857	3270	5197.983757463767
ENST00000682386.1	ENSG00000169813	-	4	2	56	2319	97.0	97.0	53.74011537017761	7000.0	6693	5393.057481614673
ENST00000374433.7	ENSG00000169740	-	3	1	80	940	139.0	139	NA	1930.5	1930.5	945.4017664464141
ENST00000343575.11	ENSG00000107562	-	3	1	153	1657	118.0	118	NA	3051.5	3051.5	1431.8912319027588
ENST00000340258.10	ENSG00000107551	+	11	9	65	2623	104.77777777777777	100	32.48760447377499	3245.9	1312.0	3966.4404823468612
ENST00000298299.4	ENSG00000165512	+	2	0	56	2047	NA	NA	NA	2301.0	2301	NA
ENST00000453424.7	ENSG00000165406	-	8	6	161	3959	249.16666666666666	164.0	296.9171040318605	10738.857142857143	1921	17027.620145208897
ENST00000344646.10	ENSG00000172671	-	10	8	523	1072	270.625	134.5	367.76814804205884	5945.888888888889	6322	4331.933155198855
ENST00000580018.4	ENSG00000265354	+	7	5	242	540	81.6	85	22.645087767549057	5010.666666666667	3009.0	5077.439144555715
ENST00000581486.6	ENSG00000266412	-	10	8	98	1510	231.625	141.0	305.0713909422327	2452.777777777778	804	4344.367640341278
ENST00000374189.6	ENSG00000107643	+	12	10	145	4477	118.7	127.5	47.2347565064352	11534.09090909091	3613	27752.36007064821
ENST00000355832.10	ENSG00000225830	-	21	19	160	4765	214.52631578947367	136	196.40869193853374	3782.55	2007.5	4425.909094542939
ENST00000374103.9	ENSG00000197444	-	23	21	85	711	138.57142857142858	147	36.49598803782606	1089.8636363636363	806.5	1089.299219701956
ENST00000616448.2	ENSG00000227345	-	18	16	519	1216	159.9375	99.5	223.3766531369531	7026.764705882353	5372	7398.868608860173
ENST00000282633.10	ENSG00000099290	+	31	29	55	704	133.89655172413794	119	104.13224587293732	2030.4666666666667	1575.5	1874.696310731758
ENST00000361781.7	ENSG00000198964	-	11	9	250	1722	193.88888888888889	118	250.59651057249602	31464.0	21642.5	30161.526114498178
ENST00000373980.11	ENSG00000185532	+	18	16	415	4549	103.1875	96.0	35.308580165921896	71602.88235294117	19683	105422.5507664764
ENST00000331173.6	ENSG00000177613	-	1	0	4110	4110	NA	NA	NA	NA	NA	NA
ENST00000373944.8	ENSG00000122952	-	9	7	64	959	119.14285714285714	124	43.452765816951825	272.0	159.0	259.6057450387854
ENST00000373935.4	ENSG00000151151	-	6	4	473	5182	109.5	91.5	42.8057628519027	14057.0	10725	10064.799550910093
ENST00000333926.6	ENSG00000122873	+	3	1	143	2026	206.0	206	NA	9025.0	9025.0	1715.4410511585643
ENST00000373910.9	ENSG00000072401	+	7	5	220	2029	74.8	78	28.72629457483161	5520.0	1583.0	10142.040208952043
ENST00000487519.6	ENSG00000108064	+	7	5	239	4293	98.6	96	37.27331485124445	1464.3333333333333	1211.0	1210.7099845407515
ENST00000373886.8	ENSG00000122870	+	21	19	462	2675	137.05263157894737	157	57.679645634034856	15641.15	2338.0	32687.7398121826
ENST00000618804.5	ENSG00000148541	-	14	12	151	1605	131.0	110.5	60.26758513647132	8699.153846153846	4386	8960.34037528852
ENST00000395348.8	ENSG00000165449	-	6	4	372	2187	346.75	188.0	382.99640990484494	11028.2	9637	8863.572964668369
ENST00000263102.7	ENSG00000108091	-	9	7	435	4365	132.42857142857142	129	24.466692617087574	14010.375	7689.0	17457.601454769538
ENST00000280772.7	ENSG00000151150	-	44	42	451	3529	310.45238095238096	99.0	1187.3494400550626	8059.511627906977	2774	17408.334356432202
ENST00000395284.8	ENSG00000170312	+	8	6	93	976	136.66666666666666	149.5	40.25750447639131	2069.4285714285716	1587	1553.2780237445
ENST00000337910.10	ENSG00000072422	-	11	9	215	2214	220.22222222222223	119	286.60328756740466	7033.7	2764.0	9675.748665262721
ENST00000373789.8	ENSG00000182010	-	12	10	294	5358	123.4	113.0	50.745990536746405	6261.181818181818	4936	5223.176769326917
ENST00000373783.3	ENSG00000181915	+	1	0	3760	3760	NA	NA	NA	NA	NA	NA
ENST00000277746.11	ENSG00000148572	+	4	2	173	1514	63.0	63.0	31.11269837220809	6628.0	5856	5733.116430005586
ENST00000373758.5	ENSG00000165476	+	8	6	177	4316	113.16666666666667	117.5	32.48025040954374	14079.42857142857	9320	16524.664725364757
ENST00000225171.7	ENSG00000108176	-	5	3	255	542	141.33333333333334	140	63.01058112200945	10074.75	10011.0	3836.3572457041414
ENST00000212015.11	ENSG00000096717	+	9	7	496	2126	212.14285714285714	153	160.86581216594632	3703.5	2271.5	4730.725616345008
ENST00000373700.9	ENSG00000148634	-	25	23	140	1235	132.56521739130434	125	61.08996799576278	6206.458333333333	2648.5	7839.168611525557
ENST00000265866.12	ENSG00000096746	+	10	8	153	1216	123.375	125.5	32.482687696679285	974.8888888888889	452	1571.720509858897
ENST00000602465.6	ENSG00000204130	-	18	16	92	2504	104.5625	102.0	35.47575463139109	3505.9411764705883	2341	3679.058583227988
ENST00000358410.8	ENSG00000138346	-	21	19	183	1044	160.0	163	46.15673780115363	2682.15	1741.5	2600.5005646686764
ENST00000609923.6	ENSG00000122912	-	9	7	278	5591	101.71428571428571	93	38.69416099669426	5368.125	4028.5	4181.926877734029
ENST00000265872.11	ENSG00000060339	+	25	23	44	1171	149.69565217391303	162	56.13978882511105	2770.0416666666665	1336.0	3698.458885620224
ENST00000298596.11	ENSG00000165730	+	4	2	403	472	1256.0	1256.0	1559.877559297524	20714.333333333332	5970	28910.21325298956
ENST00000373585.8	ENSG00000107625	+	15	13	157	496	142.15384615384616	146	63.00244195511546	3073.714285714286	1966.5	3676.268664924164
ENST00000354185.9	ENSG00000165732	+	15	13	143	2526	153.46153846153845	146	97.08382579384288	1731.0714285714287	1531.5	750.3482744479612
ENST00000361983.7	ENSG00000198954	+	7	5	456	1442	112.8	99	42.186490728668105	4286.333333333333	3724.0	3692.5328795647392
ENST00000263559.11	ENSG00000122958	+	9	7	103	3257	123.85714285714286	143	39.63343946479442	5751.0	3026.5	7289.534219883815
ENST00000359426.7	ENSG00000156515	+	18	16	164	892	159.125	152.5	58.87373494748458	4672.588235294118	2772	6346.904836796668
ENST00000373290.7	ENSG00000099282	+	8	6	226	838	106.5	106.5	47.0435968012651	7785.571428571428	2590	11219.21931118119
ENST00000287078.7	ENSG00000156521	-	4	2	1280	2161	158.5	158.5	38.890872965260115	1654.0	1448	789.4225737841552
ENST00000373241.9	ENSG00000079332	-	7	5	102	5304	99.2	104	28.58671019897183	2887.3333333333335	2190.5	3098.4421031651805
ENST00000446961.4	ENSG00000172731	-	5	3	77	2534	154.33333333333334	150	12.096831541082704	20144.25	19438.0	12422.182749017984
ENST00000373218.5	ENSG00000148730	+	3	1	402	6903	186.0	186	NA	8491.5	8491.5	9723.425348096214
ENST00000263563.7	ENSG00000107719	+	20	18	293	1870	135.94444444444446	141.0	38.99694139171041	4477.578947368421	851	10963.945677212447
ENST00000373202.8	ENSG00000166224	+	15	13	179	3990	123.76923076923077	121	47.64303699764504	4247.071428571428	1522.0	7138.78071321907
ENST00000335350.10	ENSG00000107731	+	17	15	495	3753	172.86666666666667	168	78.95194439536954	5215.875	826.0	16446.30088854836
ENST00000373189.6	ENSG00000198246	+	6	4	52	1432	193.0	195.0	92.0	8374.2	5710	7290.436831905205
ENST00000394936.8	ENSG00000197746	-	14	12	70	1179	124.91666666666667	129.0	44.097945392940794	2477.3846153846152	1140	4402.102878898931
ENST00000373115.5	ENSG00000122863	+	3	1	300	6387	247.0	247	NA	21115.0	21115.0	28179.61944384629
ENST00000299381.5	ENSG00000166295	+	4	2	127	2860	122.0	122.0	66.46803743153546	5539.333333333333	6309	2678.7535036530207
ENST00000307365.4	ENSG00000168209	+	3	1	137	1342	265.0	265	NA	184.5	184.5	125.15790027001891
ENST00000444643.8	ENSG00000148719	-	9	7	155	1755	146.42857142857142	152	38.815190938845674	2390.25	1471.5	3027.6345198379354
ENST00000361114.10	ENSG00000107745	-	12	10	70	1016	127.1	126.5	47.26861773124133	23307.545454545456	17389	18910.39108724955
ENST00000373053.8	ENSG00000156026	+	8	6	159	1950	138.0	139.0	49.250380709188434	27516.428571428572	8175	51201.6333588983
ENST00000394890.7	ENSG00000122884	-	15	13	101	1076	120.46153846153847	100	56.86184336415089	6207.642857142857	2800.5	6901.301199574813
ENST00000357321.9	ENSG00000166321	+	9	7	113	1121	123.85714285714286	126	21.59805987759527	2408.5	1960.5	1839.4070473155978
ENST00000242505.11	ENSG00000138286	+	14	12	268	3559	135.66666666666666	125.5	40.91306378015203	5456.2307692307695	2413	6093.573652543666
ENST00000372950.6	ENSG00000213551	-	5	3	246	1566	161.0	141	85.76712656956627	751.75	417.0	837.8072073375035
ENST00000372945.8	ENSG00000182180	-	3	1	175	2143	261.0	261	NA	608.5	608.5	229.80970388562795
ENST00000372921.10	ENSG00000138279	-	13	11	47	1117	116.27272727272727	111	47.47650136455067	3042.9166666666665	1661.5	3904.9325790555845
ENST00000360663.10	ENSG00000107758	-	14	12	220	1988	109.25	105.0	43.229041164476456	4313.307692307692	3008	5133.239285685265
ENST00000687698.1	ENSG00000166348	-	24	22	65	1651	230.72727272727272	148.5	276.21233754352	3783.1739130434785	2049	5933.2170076012335
ENST00000345254.9	ENSG00000176986	+	23	21	66	1207	151.04761904761904	137	59.90114872894859	1061.1363636363637	230.0	1935.7495237283977
ENST00000372841.8	ENSG00000196968	+	3	1	766	679	626.0	626	NA	936.5	936.5	1115.1073939311855
ENST00000604729.6	ENSG00000214655	+	26	24	481	478	212.20833333333334	174.5	186.08249203130237	405.44	176	531.3750307770712
ENST00000423381.6	ENSG00000148660	-	23	21	159	2005	81.61904761904762	73	44.814591586308346	2644.409090909091	1876.0	3145.1614790718186
ENST00000372764.4	ENSG00000122861	+	11	9	87	1106	127.77777777777777	141	55.92355893936333	402.0	320.0	271.11989967540194
ENST00000211998.10	ENSG00000035403	+	22	20	260	2147	154.5	150.5	52.332439371066165	5550.333333333333	1890	10665.617892711763
ENST00000355264.9	ENSG00000185009	-	9	7	74	3656	165.57142857142858	145	61.30214010091639	3210.625	2045.0	3882.7154318852677
ENST00000287239.10	ENSG00000156650	+	18	16	186	4136	249.5	137.5	267.25568282077745	11630.058823529413	2759	28034.984426762636
ENST00000542569.6	ENSG00000156671	+	6	4	67	5736	239.5	134.5	236.74810805298247	12741.4	7407	15375.594664922719
ENST00000332211.11	ENSG00000165637	+	10	8	143	551	102.25	63.5	66.67993915499838	2126.777777777778	1281	2390.82929010928
ENST00000372538.8	ENSG00000165644	-	7	5	123	585	108.4	119	31.659121908227334	177.83333333333334	142.5	122.39839323564124
ENST00000372524.5	ENSG00000165655	-	2	0	660	2545	NA	NA	NA	730.0	730	NA
ENST00000372391.7	ENSG00000151208	-	32	30	539	1753	178.4	144.0	166.25833658123318	4139.387096774193	1253	10259.01628382702
ENST00000372371.8	ENSG00000148606	-	31	29	152	2478	137.24137931034483	138	35.4659345332288	1591.9	1102.0	1566.553131493823
ENST00000334512.10	ENSG00000108175	+	25	23	305	3878	149.2173913043478	142	62.245815136250606	9997.458333333334	1498.5	16873.800193042174
ENST00000225174.8	ENSG00000108179	+	6	4	275	1628	73.25	82.5	29.46608219631514	1134.0	1314	480.35976101251447
ENST00000372336.4	ENSG00000165424	-	4	2	430	4134	183.0	183.0	25.45584412271571	19456.666666666668	12436	16324.515929525547
ENST00000422982.8	ENSG00000122359	-	16	14	195	5024	108.21428571428571	92.5	84.27900420300746	3194.3333333333335	1441	7248.787501237379
ENST00000372134.6	ENSG00000165678	+	9	7	85	1305	141.71428571428572	142	35.443449257064344	1459.75	1228.0	1001.031717779212
ENST00000372088.8	ENSG00000107771	+	10	8	220	5069	295.5	127.0	471.49821996331167	20252.88888888889	12618	16777.82212806868
ENST00000298767.10	ENSG00000062650	-	19	17	428	2353	207.58823529411765	119	234.75467482659676	4457.055555555556	2638.0	6081.249257031304
ENST00000372037.8	ENSG00000107779	+	13	11	301	4376	158.1818181818182	145	61.44236027663355	13744.5	3399.5	23826.248831144956
ENST00000372017.4	ENSG00000173267	+	5	3	220	294	80.66666666666667	72	43.65012409298894	976.0	570.0	1027.572219684177
ENST00000277865.5	ENSG00000148672	-	13	11	519	1669	101.0909090909091	92	39.06777328042781	3445.1666666666665	1419.0	4917.695096344024
ENST00000371996.9	ENSG00000107789	+	5	3	660	1380	143.33333333333334	134	50.64911976859354	11524.75	6202.0	13091.270357888623
ENST00000456849.2	ENSG00000198682	+	13	11	131	1874	154.0	136	73.60978195865003	7010.75	1681.0	13834.918629224847
ENST00000680024.1	ENSG00000138138	-	10	8	60	3296	122.25	114.0	47.82930960345191	6931.222222222223	5279	6220.5839110524375
ENST00000371953.8	ENSG00000171862	+	9	7	924	6644	135.28571428571428	142	80.48750272705755	12473.875	5540.5	12287.382046374705
ENST00000371926.8	ENSG00000138134	+	11	9	394	320	145.22222222222223	113	90.27842734809045	4122.2	2113.5	6057.936535377922
ENST00000224784.10	ENSG00000107796	-	9	7	43	293	144.71428571428572	152	38.57336855791521	2043.875	1728.5	1142.419167193648
ENST00000652046.1	ENSG00000026103	+	9	7	109	2941	92.28571428571429	83	48.63371356618879	2820.75	1222.0	3975.6555883455067
ENST00000336233.10	ENSG00000107798	-	10	8	39	1490	120.875	115.0	41.45371773780627	3967.5555555555557	1666	5322.154641475366
ENST00000307534.10	ENSG00000152782	-	7	5	643	1478	206.8	177	97.30724536230588	9850.0	4840.5	11755.930979722532
ENST00000371728.8	ENSG00000138182	+	33	31	91	964	173.74193548387098	139	203.26041879682913	2090.75	1293.5	1654.0828079282703
ENST00000336126.6	ENSG00000180628	+	10	8	174	6069	113.25	93.5	79.52313230393136	6280.666666666667	6571	5298.915124815645
ENST00000298068.10	ENSG00000165338	+	21	19	233	2557	109.05263157894737	108	29.78156343222827	4980.75	1582.5	8488.641258051535
ENST00000238994.6	ENSG00000119938	-	2	0	116	2425	NA	NA	NA	2089.0	2089	NA
ENST00000371627.5	ENSG00000107854	+	27	25	464	2539	129.56	110	57.04974437570543	2338.769230769231	1985.5	2701.7932460896013
ENST00000265990.12	ENSG00000095564	+	38	36	321	2648	149.77777777777777	142.5	58.17908859037196	2683.972972972973	1724	3290.856326301767
ENST00000265997.5	ENSG00000107864	-	10	8	153	5748	235.0	130.0	317.98382708199847	26289.555555555555	28880	16807.956264155906
ENST00000358935.3	ENSG00000198060	+	6	4	363	2874	171.25	175.5	30.598202561588483	11775.2	8545	12512.270505387902
ENST00000260731.5	ENSG00000138160	+	22	20	323	1731	148.1	129.5	57.91818185573235	2726.190476190476	2121	3002.3019771343393
ENST00000282728.10	ENSG00000152804	+	4	2	393	1101	115.0	115.0	90.50966799187809	1323.0	1794	1017.809903665709
ENST00000359263.9	ENSG00000138119	-	54	52	228	573	116.51923076923077	115.5	43.42741990259935	3189.5471698113206	2239	4627.008460225835
ENST00000371485.8	ENSG00000138180	+	9	7	312	1143	171.85714285714286	151	95.45929074991177	3727.875	2997.0	2948.106096050722
ENST00000427197.2	ENSG00000176273	+	3	1	234	3073	181.0	181	NA	3179.5	3179.5	1668.0648968190656
ENST00000371380.8	ENSG00000138193	+	33	31	328	4856	235.38709677419354	159	270.7616020806686	10200.375	3253.5	20546.059430287434
ENST00000371361.3	ENSG00000173145	-	21	19	110	1080	119.21052631578948	129	43.71699256120544	1312.95	979.5	1000.9762326953885
ENST00000225235.5	ENSG00000108239	+	13	11	1044	3305	117.0909090909091	110	50.76308608714515	10679.583333333334	5273.0	12704.04269555979
ENST00000348459.10	ENSG00000119969	+	22	20	165	572	119.55	121.0	51.529730815275336	2532.5714285714284	1925	2477.633640622208
ENST00000329399.7	ENSG00000107438	-	7	5	184	540	141.4	152	42.97441099072796	8666.833333333334	6621.5	7571.587770518589
ENST00000371224.7	ENSG00000059573	-	18	16	115	1003	139.625	131.5	45.59075198619416	2789.3529411764707	2315	2544.671318195546
ENST00000371217.10	ENSG00000119977	-	14	12	284	900	111.16666666666667	117.5	30.36694774177206	2154.5384615384614	513	4428.744660649422
ENST00000465148.3	ENSG00000107443	+	6	4	137	3041	195.25	185.5	81.09819151292257	2665.8	633	3067.4149865970207
ENST00000316045.10	ENSG00000177853	+	6	4	456	7563	81.5	75.5	31.56474826976026	5023.6	912	9330.36155783901
ENST00000371142.9	ENSG00000077147	-	15	13	279	4221	123.07692307692308	131	39.875768620515935	4485.928571428572	3210.0	3733.3926304324104
ENST00000339364.10	ENSG00000155629	-	17	15	133	2320	156.46666666666667	143	86.015668561578	7650.0	3405.0	12702.21908171954
ENST00000421806.4	ENSG00000196233	+	8	6	102	15164	122.5	87.0	84.45531362797725	21094.0	4762	27390.24860541917
ENST00000371019.4	ENSG00000181274	-	1	0	2233	2233	NA	NA	NA	NA	NA	NA
ENST00000370992.9	ENSG00000052749	-	34	32	248	496	114.125	107.0	39.653133139033734	1219.5151515151515	569	1353.7342363166256
ENST00000334828.6	ENSG00000171314	+	4	2	256	1090	228.0	228.0	66.46803743153546	1817.3333333333333	1219	1887.9995586157677
ENST00000393760.6	ENSG00000171307	+	12	10	179	594	120.4	106.5	69.76340970260365	838.0909090909091	606	1105.95211962774
ENST00000438925.7	ENSG00000155229	-	31	29	150	396	101.82758620689656	100	36.17721161717814	1220.0	421.5	2707.770975391459
ENST00000370664.4	ENSG00000165886	+	3	1	350	1069	228.0	228	NA	35318.0	35318.0	47124.42432539627
ENST00000307450.11	ENSG00000171160	-	5	3	154	1857	107.33333333333333	110	9.29157324317757	4153.25	1342.0	6404.490059065332
ENST00000370631.4	ENSG00000155252	+	9	7	507	2854	120.42857142857143	132	50.69469775974979	3945.0	3529.5	3388.367579992297
ENST00000285605.8	ENSG00000155254	+	2	0	2256	957	NA	NA	NA	1208.0	1208	NA
ENST00000684270.1	ENSG00000155256	+	13	11	194	1660	106.54545454545455	96	56.13441660223011	1728.5	1274.5	1425.5514084668494
ENST00000361490.9	ENSG00000107521	-	20	18	129	1529	113.61111111111111	111.5	38.22093496084372	1422.8947368421052	1166	1650.1164569924836
ENST00000370508.7	ENSG00000120053	-	9	7	177	817	140.57142857142858	143	28.2185349422275	3972.125	1313.5	5138.312992677099
ENST00000370495.6	ENSG00000155287	-	4	2	395	845	143.0	143.0	121.62236636408618	2797.3333333333335	1176	2877.791745997846
ENST00000370489.5	ENSG00000198018	+	13	11	80	6790	152.54545454545453	151	72.48360316149251	3598.75	2262.5	4698.327112823341
ENST00000016171.6	ENSG00000014919	-	9	7	168	3851	144.42857142857142	155	39.10182068590133	2028.75	2107.0	833.9516515619218
ENST00000370476.10	ENSG00000119929	+	9	7	176	510	92.28571428571429	72	63.95236322376806	2821.125	3283.5	1282.2646748735501
ENST00000324109.9	ENSG00000107554	-	17	15	110	1760	303.8666666666667	155	482.8025131113825	7996.4375	2333.0	13667.285328934198
ENST00000421367.7	ENSG00000107566	-	11	9	516	2259	79.11111111111111	80	23.040423414319257	3244.9	2284.5	2375.576395553532
ENST00000370397.8	ENSG00000213341	-	21	19	169	1328	110.6842105263158	108	34.167971733740075	1884.85	1274.0	1988.4409993496756
ENST00000370372.7	ENSG00000196072	-	5	3	76	2201	114.0	117	7.937253933193772	2692.25	2667.5	2485.009372886415
ENST00000370355.3	ENSG00000099194	+	6	4	299	4093	213.25	219.5	63.43697659882602	2469.8	1930	1501.6563188692678
ENST00000238961.9	ENSG00000119906	+	20	18	288	3258	185.88888888888889	100.5	253.64957042179944	2383.157894736842	1532	1967.4094716758293
ENST00000210633.4	ENSG00000095539	+	15	13	88	2312	160.69230769230768	145	114.38632247445832	830.2857142857143	220.5	1251.8584602085032
ENST00000454422.2	ENSG00000107816	+	5	3	145	1349	456.0	450	201.06715296139248	1291.0	1030.0	890.1037392723764
ENST00000393459.6	ENSG00000107819	+	12	10	301	1753	104.1	92.5	50.54250136711127	628.4545454545455	384	609.185745669802
ENST00000370162.8	ENSG00000166169	-	9	7	436	936	201.28571428571428	169	73.60415360950378	824.375	523.0	669.687547080193
ENST00000331272.9	ENSG00000107829	-	9	7	790	745	122.71428571428571	133	39.82341976657406	10263.875	3800.5	14722.016713922043
ENST00000370110.6	ENSG00000107833	-	6	4	174	308	107.0	107.0	20.165977949672232	242.4	241	134.64508903038387
ENST00000361464.8	ENSG00000198408	-	16	14	621	2138	172.5	145.0	140.07127306646976	1921.4	1586	1330.3100497896828
ENST00000299238.7	ENSG00000166189	+	1	0	2688	2688	NA	NA	NA	NA	NA	NA
ENST00000673968.1	ENSG00000198728	-	11	9	283	1835	108.88888888888889	103	38.72804037272105	1078.2	186.5	2632.42337864646
ENST00000278070.7	ENSG00000148840	+	14	12	182	408	394.8333333333333	134.5	810.8456677874631	920.4615384615385	596	1210.278040739993
ENST00000605788.6	ENSG00000166197	+	13	11	142	1760	165.54545454545453	125	160.51003933484262	646.5833333333334	196.5	1235.9037516462733
ENST00000369983.5	ENSG00000107862	+	40	38	250	841	139.78947368421052	130.0	53.06200243505901	3358.0	537	13458.645783130985
ENST00000661543.1	ENSG00000077150	+	23	21	92	273	126.19047619047619	115	44.25677241690705	172.95454545454547	128.0	97.78279002960606
ENST00000369956.8	ENSG00000107872	+	4	2	347	333	330.0	330.0	248.90158697766472	320.3333333333333	279	173.7277563699403
ENST00000369937.5	ENSG00000107874	-	9	7	49	324	103.85714285714286	84	48.899313462899016	1028.25	96.0	2546.3689974998856
ENST00000238936.8	ENSG00000138111	+	10	8	56	1324	184.0	148.0	121.62001714943379	1422.111111111111	795	1457.036413790373
ENST00000369905.9	ENSG00000138107	-	11	9	113	1737	108.88888888888889	93	57.7482563469332	2065.4	945.5	3547.440241451104
ENST00000369902.8	ENSG00000107882	+	12	10	363	3470	118.3	135.0	31.244732889454077	11322.545454545454	3074	15619.43085623568
ENST00000643721.2	ENSG00000171206	+	6	4	709	1572	119.5	106.0	84.32279249012886	2216.2	361	4059.3436292090373
ENST00000260746.6	ENSG00000138175	-	6	4	125	3211	124.5	130.5	56.630380539071076	7366.6	8783	2392.3652104141624
ENST00000369893.10	ENSG00000156398	+	12	10	46	5830	89.4	71.5	49.88921059040054	2007.909090909091	789	3363.905244044352
ENST00000448841.7	ENSG00000166272	+	4	2	196	3668	132.5	132.5	41.71930009000631	22728.666666666668	11797	27345.554891669934
ENST00000404739.8	ENSG00000076685	-	19	17	37	1871	95.11764705882354	92	40.8654535533089	5650.555555555556	1167.5	10732.373917661307
ENST00000369849.9	ENSG00000148798	+	3	1	1139	1987	125.0	125	NA	4979.0	4979.0	5344.313052207926
ENST00000369847.4	ENSG00000156374	-	10	8	434	1166	79.5	92.0	28.329691642716984	5123.222222222223	2105	5041.552657113129
ENST00000369774.9	ENSG00000107957	-	15	13	382	9763	104.3076923076923	84	76.75652482078708	17860.64285714286	9431.5	16571.322896948965
ENST00000224950.8	ENSG00000107960	-	10	8	85	5273	126.375	123.5	47.0468990931997	3805.222222222222	4867	2434.128015212931
ENST00000369755.4	ENSG00000065613	+	19	17	756	3660	200.64705882352942	129	300.40367448994164	3014.8333333333335	1250.5	5308.30678941866
ENST00000369727.4	ENSG00000156384	+	4	2	26	871	266.5	266.5	204.35385976291224	927.6666666666666	768	404.84606127926367
ENST00000369713.10	ENSG00000148834	+	6	4	71	204	134.5	108.0	59.15798058306814	2350.2	3006	1674.915878484648
ENST00000337478.3	ENSG00000148841	-	2	0	220	6365	NA	NA	NA	22181.0	22181	NA
ENST00000356080.9	ENSG00000148700	+	15	13	316	2240	142.84615384615384	139	52.87382174234264	8797.785714285714	1637.5	24222.25917869306
ENST00000332674.9	ENSG00000119950	+	6	4	478	2542	112.5	124.0	59.924953066314536	15258.2	16506	13355.405504888273
ENST00000369603.10	ENSG00000119953	-	6	4	173	3558	144.75	148.5	18.246004128758347	1976.2	1160	1596.5183055637037
ENST00000369583.4	ENSG00000138166	+	4	2	594	1514	184.5	184.5	50.204581464244875	3716.6666666666665	4065	741.6254670204721
ENST00000361804.5	ENSG00000108055	+	29	27	137	1818	132.11111111111111	122	51.806840455182346	1172.5714285714287	669.5	1307.2603081358789
ENST00000280154.12	ENSG00000150593	+	12	10	91	1979	141.1	112.5	67.8731660280163	2236.181818181818	1940	1428.191361000466
ENST00000448814.7	ENSG00000214413	-	4	2	60	1797	84.0	84.0	12.727922061357855	6142.0	1011	8977.369937793585
ENST00000369452.9	ENSG00000108061	+	9	7	54	2056	253.42857142857142	138	302.3270068115302	11272.25	3398.0	15250.95119984324
ENST00000348367.9	ENSG00000119927	-	22	20	73	3802	124.85	115.0	50.72140106814666	1310.904761904762	1087	732.7007509728583
ENST00000354655.9	ENSG00000197142	+	21	19	154	1159	102.10526315789474	100	40.12050561446396	2550.4	821.5	4554.476426087797
ENST00000369405.7	ENSG00000023041	-	11	9	210	608	150.22222222222223	146	134.62798536873544	1444.5	1247.5	1010.3870820411133
ENST00000393077.3	ENSG00000151532	+	8	6	253	3455	77.66666666666667	74.5	18.991226044325487	52479.42857142857	13056	62182.28234488541
ENST00000355995.9	ENSG00000148737	+	15	13	699	2124	96.38461538461539	102	33.96944328250136	15239.714285714286	2295.5	31516.945499276982
ENST00000369318.8	ENSG00000165806	+	7	5	67	1595	136.4	130	24.296090220444935	8108.333333333333	3229.0	9829.534122564846
ENST00000361384.7	ENSG00000198924	-	9	7	1360	588	357.42857142857144	142	576.6919620105859	1863.5	1629.5	1014.4189047359647
ENST00000369301.3	ENSG00000196865	+	11	9	390	8915	194.0	153	109.46346422437031	5148.3	3349.5	5831.992970770036
ENST00000369287.8	ENSG00000165813	-	16	14	189	4365	191.0	136.0	154.92330608798267	3074.266666666667	1355	3119.643557172762
ENST00000533213.7	ENSG00000099204	-	23	21	319	5262	94.23809523809524	92	42.18756305109927	9982.0	2513.5	16112.229067506752
ENST00000369248.9	ENSG00000151553	+	17	15	344	3283	143.13333333333333	141	56.68568308370877	2322.75	972.0	2834.2383221364194
ENST00000298746.5	ENSG00000165832	+	8	6	345	2554	84.5	77.5	31.614869919074472	5153.714285714285	4105	3944.219936154918
ENST00000355422.11	ENSG00000151892	-	11	9	44	7620	166.33333333333334	135	115.35055266447579	20712.1	3298.5	29596.67110579236
ENST00000369209.8	ENSG00000165868	-	12	10	137	4227	135.0	111.0	55.06359959174482	5969.181818181818	2203	9960.410823035181
ENST00000355371.9	ENSG00000187164	-	17	15	166	5090	107.66666666666667	98	42.009636082802764	7302.5	5483.5	6056.585363607671
ENST00000334464.7	ENSG00000165650	-	5	3	1085	8198	129.66666666666666	123	30.550504633038933	22123.75	25264.0	12488.983181855385
ENST00000369151.8	ENSG00000151893	-	9	7	575	9758	100.28571428571429	103	30.329931782065746	8440.625	5349.0	9155.29292560164
ENST00000425699.3	ENSG00000188613	+	1	0	4017	4017	NA	NA	NA	NA	NA	NA
ENST00000369144.8	ENSG00000107581	-	22	20	190	2599	193.5	168.0	149.7223746595151	1928.047619047619	928	2048.322007795417
ENST00000298510.4	ENSG00000165672	-	7	5	58	814	136.2	136	22.185580902919806	1590.0	1426.0	983.650344380563
ENST00000392870.3	ENSG00000198873	+	16	14	399	4777	115.85714285714286	107.0	46.569810529432615	16358.466666666667	4370	31664.953614517166
ENST00000369103.3	ENSG00000148908	-	5	3	130	443	116.66666666666667	119	28.571547618799602	10495.0	12772.0	6609.632768417117
ENST00000436547.7	ENSG00000151923	-	12	10	531	2327	96.9	96.5	23.937186319383674	1788.4545454545455	819	2643.376226103139
ENST00000369085.8	ENSG00000151929	+	4	2	476	1356	364.5	364.5	53.033008588991066	7959.666666666667	3807	8733.794211757759
ENST00000650623.2	ENSG00000198825	+	20	18	310	2517	119.55555555555556	123.0	44.9486271755581	5164.1578947368425	1513	8434.39723370357
ENST00000369077.4	ENSG00000197771	-	16	14	317	2161	124.14285714285714	129.0	37.10869096390959	2612.5333333333333	1511	3077.324321704227
ENST00000369075.8	ENSG00000107651	+	19	17	216	4072	168.23529411764707	153	103.06037636487937	2487.777777777778	1823.5	1980.5502371386758
ENST00000263461.11	ENSG00000120008	+	29	27	145	969	127.07407407407408	115	39.689105195570626	1914.9285714285713	1087.5	1969.3865171591517
ENST00000224652.12	ENSG00000107669	-	12	10	188	3435	127.2	112.5	71.48706176644833	16610.272727272728	8285	17798.343558269175
ENST00000369023.8	ENSG00000107672	-	11	9	344	169	97.55555555555556	95	29.57241582586343	1673.6	1838.5	991.8210187999312
ENST00000368886.10	ENSG00000095574	-	5	3	102	3917	171.0	179	17.435595774162696	3364.25	1916.5	3356.3198471937485
ENST00000358776.7	ENSG00000196177	+	11	9	66	4596	131.77777777777777	126	40.73014171893396	4343.7	2246.0	7436.580741323409
ENST00000368865.9	ENSG00000154473	+	8	6	84	6648	161.83333333333334	168.5	50.87795855443363	1194.7142857142858	991	883.8472179974913
ENST00000368845.6	ENSG00000065154	-	10	8	51	800	148.5	128.5	50.11700595321199	2175.777777777778	1515	1996.8178921585325
ENST00000368842.10	ENSG00000107902	+	7	5	165	878	118.2	93	51.02156406853871	25114.166666666668	13718.0	35698.29865086944
ENST00000337318.8	ENSG00000189319	-	5	3	366	4313	360.0	252	370.98382714075285	29832.0	25451.5	22219.93808872263
ENST00000368836.7	ENSG00000203791	-	7	5	164	2670	153.0	115	81.19421161634615	5075.833333333333	2314.5	5392.001610410244
ENST00000359653.4	ENSG00000019995	+	9	7	1185	3416	156.28571428571428	154	53.71130944135287	5046.5	1435.5	7786.1783950793215
ENST00000337195.11	ENSG00000175029	-	11	9	245	5382	151.33333333333334	145	38.0361669993179	16925.8	3138.0	25867.857793880892
ENST00000356792.9	ENSG00000107938	+	25	23	207	839	149.43478260869566	150	49.219199955594306	1664.5	1390.0	1922.7037575067134
ENST00000284690.4	ENSG00000089876	-	11	9	750	519	197.88888888888889	188	76.22900439538162	4190.6	1504.0	4663.502646437904
ENST00000448723.2	ENSG00000148848	-	23	21	420	4949	122.47619047619048	109	46.18508314122542	16733.909090909092	4476.0	28424.064966669303
ENST00000623213.2	ENSG00000150760	+	52	50	136	1185	110.38	101.5	36.02940409143167	10593.117647058823	4607	21638.873546141036
ENST00000254667.8	ENSG00000132334	+	21	19	207	3024	108.3157894736842	116	39.47017528263721	8673.2	1734.0	20127.853122633715
ENST00000651593.1	ENSG00000170430	+	5	3	56	4196	142.0	140	6.244997998398398	74766.25	60051.0	69483.74329954214
ENST00000440978.2	ENSG00000108001	-	17	15	640	2728	115.86666666666666	113	48.86989530034484	7746.0	1102.5	19641.33396012942
ENST00000331244.10	ENSG00000108010	+	11	9	122	331	96.11111111111111	75	56.312619465898685	4196.4	2841.0	4530.879659501992
ENST00000338492.9	ENSG00000151640	+	14	12	155	921	132.33333333333334	149.5	45.76885271435017	1242.1538461538462	962	947.6983386213363
ENST00000368614.8	ENSG00000148814	+	11	9	64	6443	162.66666666666666	131	95.46465314450161	4134.5	3839.0	2233.648646895428
ENST00000305233.6	ENSG00000171813	+	3	1	152	799	1664.0	1664	NA	9022.5	9022.5	2472.7524138093568
ENST00000368594.8	ENSG00000068383	+	16	14	385	1444	83.64285714285714	86.5	22.318006331063863	16179.6	10393	19519.642212763167
ENST00000368547.4	ENSG00000127884	-	8	6	109	449	119.83333333333333	112.5	43.53580901587412	1370.4285714285713	1250	705.1162686968387
ENST00000382762.8	ENSG00000177951	-	4	2	97	2546	74.5	74.5	24.748737341529164	561.3333333333334	284	608.4129628248672
ENST00000526104.6	ENSG00000177963	+	10	8	1231	884	173.875	132.5	173.2920223207058	433.3333333333333	332	344.83111808536074
ENST00000408968.4	ENSG00000185885	+	2	0	317	351	NA	NA	NA	565.0	565	NA
ENST00000399808.5	ENSG00000142089	-	2	0	296	315	NA	NA	NA	574.0	574	NA
ENST00000329962.11	ENSG00000182272	+	20	18	456	449	158.05555555555554	101.0	193.38637710467924	466.7894736842105	117	690.3829516167392
ENST00000331563.7	ENSG00000184363	+	13	11	316	375	193.27272727272728	171	151.46688807068753	656.9166666666666	201.0	821.4662565230909
ENST00000431843.7	ENSG00000185187	-	10	8	177	344	152.75	147.5	30.760596315973554	837.8888888888889	289	1507.6146261930173
ENST00000308020.6	ENSG00000174915	+	12	10	359	980	111.9	114.5	39.18744129891049	3514.818181818182	728	4780.4712909541
ENST00000354420.7	ENSG00000023191	-	11	9	130	264	173.11111111111111	171	5.622375931144333	1077.6	563.5	1093.5052913553836
ENST00000397583.8	ENSG00000099849	+	6	4	508	468	260.25	130.0	292.6743070377036	207.8	186	142.6681464097715
ENST00000264555.10	ENSG00000070047	+	18	16	123	589	301.6875	129.5	629.1068503574465	1777.2941176470588	717	1856.2177864109144
ENST00000525445.6	ENSG00000185507	-	11	9	38	246	182.11111111111111	163	111.4489170477269	147.3	112.5	75.4306893040816
ENST00000382409.4	ENSG00000177030	-	12	10	464	422	130.4	129.0	48.35332919711366	4436.363636363636	3040	5876.1637021568295
ENST00000397510.9	ENSG00000177042	+	5	3	31	1185	69.0	93	42.43819034784589	1722.75	1745.0	1151.6412563525732
ENST00000318562.13	ENSG00000177106	+	21	19	58	827	112.89473684210526	120	36.55421352342011	923.35	211.5	2150.7193967796475
ENST00000319863.13	ENSG00000177225	-	8	6	89	3682	98.66666666666667	100.5	12.832251036613439	843.2857142857143	952	732.6565166765197
ENST00000628067.3	ENSG00000177542	-	10	8	65	1594	122.625	122.5	46.404856580811824	574.1111111111111	142	963.6658451512698
ENST00000336615.9	ENSG00000177666	+	10	8	45	1051	165.0	147.5	90.98822529787655	471.55555555555554	183	548.7998522027659
ENST00000397420.9	ENSG00000177697	+	9	7	75	699	110.14285714285714	91	47.554980711553135	541.875	324.5	595.2805911020929
ENST00000397397.7	ENSG00000214063	+	9	7	64	550	109.28571428571429	100	41.16922105049793	2860.125	1348.0	4043.4308076716943
ENST00000323578.13	ENSG00000177830	-	13	11	36	2098	102.36363636363636	102	42.143262159621024	3307.6666666666665	1021.0	4149.199316699183
ENST00000448903.7	ENSG00000183020	+	22	20	219	1693	133.75	132.5	43.54051349937749	3894.4761904761904	1598	7208.234739650531
ENST00000317204.11	ENSG00000078902	-	6	4	167	2883	144.25	151.5	38.5	6327.0	5235	4979.527738651528
ENST00000329957.7	ENSG00000182208	-	5	3	333	1032	126.66666666666667	125	33.53108010985231	3894.5	3183.5	4142.350741628075
ENST00000397374.8	ENSG00000184545	-	7	5	371	3524	185.8	160	87.31952817096528	2232.8333333333335	1111.5	2518.627992909367
ENST00000311604.8	ENSG00000130592	+	11	9	114	491	108.88888888888889	103	38.64726524750634	3759.5	789.0	8226.52343540899
ENST00000263645.10	ENSG00000110651	+	8	6	306	594	97.0	100.0	14.127986409959489	2658.0	657	4624.521020242709
ENST00000440480.8	ENSG00000129757	-	4	2	142	698	466.5	466.5	467.39758236430794	261.6666666666667	167	240.410759603919
ENST00000314222.5	ENSG00000181649	-	2	0	525	395	NA	NA	NA	228.0	228	NA
ENST00000380542.9	ENSG00000205531	-	16	14	76	1210	84.07142857142857	79.5	45.79967128822968	3028.6666666666665	2160	3121.6051655396473
ENST00000380525.9	ENSG00000110619	-	23	21	81	320	111.23809523809524	98	44.20735771554862	2443.5454545454545	1087.0	2779.3416953912415
ENST00000263650.12	ENSG00000021762	-	22	20	95	1237	126.1	102.5	42.47711458135892	3540.4761904761904	957	7898.720767434735
ENST00000278243.9	ENSG00000148985	+	7	5	92	1044	165.4	175	60.55410803570638	2641.5	1620.5	2855.9085944756707
ENST00000351018.5	ENSG00000177105	-	2	0	66	1229	NA	NA	NA	12687.0	12687	NA
ENST00000526596.2	ENSG00000167323	+	13	11	746	1927	135.9090909090909	116	48.81486360823831	19448.083333333332	4518.0	33294.708854706885
ENST00000300738.10	ENSG00000167325	+	19	17	233	738	127.70588235294117	136	53.700284805904836	2277.3333333333335	1746.0	1898.246528339494
ENST00000254436.8	ENSG00000132109	-	7	5	70	957	181.6	101	171.2185737588069	1145.1666666666667	916.5	1080.7274247777127
ENST00000300747.10	ENSG00000167333	-	7	5	205	2155	192.8	101	184.04944987692846	1039.3333333333333	684.0	877.6481451394212
ENST00000380034.8	ENSG00000132256	-	8	6	207	2201	159.33333333333334	98.5	173.31897376417467	2645.1428571428573	639	3786.5704548474746
ENST00000449352.7	ENSG00000051009	-	12	10	93	523	274.8	166.0	241.01443018117308	1811.6363636363637	371	2918.1297871317265
ENST00000609360.6	ENSG00000166313	-	15	13	110	577	152.23076923076923	115	181.6334008592371	1521.7142857142858	208.0	2707.8187767043287
ENST00000345851.8	ENSG00000110171	-	12	10	151	568	211.9	168.0	188.18102986220475	2044.6363636363637	266	3078.406219871811
ENST00000396777.8	ENSG00000132254	-	8	6	101	750	152.0	149.5	44.04543109109048	435.7142857142857	449	251.2208286784851
ENST00000254605.11	ENSG00000132275	-	7	5	213	5194	230.4	130	166.5451890629087	331.0	185.0	424.9527032506088
ENST00000299421.9	ENSG00000166333	+	13	11	49	409	118.27272727272727	110	31.702021730769502	444.8333333333333	127.0	1023.2796501564186
ENST00000299424.9	ENSG00000166337	-	5	3	259	4718	111.66666666666667	115	45.09249752822894	152.75	158.0	54.457169714678834
ENST00000299427.12	ENSG00000166340	-	13	11	39	1919	139.45454545454547	140	42.5520002734622	263.5833333333333	179.0	249.3673662156565
ENST00000288937.7	ENSG00000158042	-	3	1	218	2018	69.0	69	NA	325.5	325.5	26.16295090390226
ENST00000299492.9	ENSG00000166387	+	24	22	123	733	112.36363636363636	113.0	41.23746037922484	5931.739130434783	1608	9118.438124917264
ENST00000299498.11	ENSG00000166394	-	9	7	82	443	103.42857142857143	100	25.767273448162516	893.5	653.5	799.563988326495
ENST00000299506.3	ENSG00000166402	+	12	10	338	4758	134.9	133.0	42.71208520105547	1689.8181818181818	931	2347.1950416691757
ENST00000534025.6	ENSG00000175348	-	5	3	234	1274	112.0	109	21.656407827707714	3849.25	3789.5	1719.5934354763435
ENST00000328194.8	ENSG00000184014	-	23	21	390	1030	170.04761904761904	132	126.3386228318467	5524.318181818182	1643.0	12070.613092040889
ENST00000528080.6	ENSG00000166471	-	7	5	273	2940	117.0	118	18.041618552668716	5023.666666666667	3528.5	5194.480827442399
ENST00000379719.8	ENSG00000205339	+	25	23	196	3031	127.6086956521739	117	44.338305961031836	2388.0833333333335	1337.5	3680.0274918239006
ENST00000396602.7	ENSG00000166478	+	16	14	65	995	131.42857142857142	123.0	48.05239814029022	4307.533333333334	3290	4230.262755545143
ENST00000450114.7	ENSG00000166483	+	11	9	840	1537	134.55555555555554	146	46.33603109652118	1272.8	701.5	1505.9345418856838
ENST00000318950.11	ENSG00000133789	+	12	10	202	3130	155.2	157.0	42.749398956138684	7639.363636363636	3167	9229.131489720225
ENST00000256190.13	ENSG00000133812	-	40	38	205	1849	142.0	130.5	46.27123325595534	13028.25641025641	2745	29776.68681130994
ENST00000278175.10	ENSG00000148926	+	4	2	157	1066	134.5	134.5	21.920310216782973	277.6666666666667	233	154.9074992804846
ENST00000396553.7	ENSG00000133805	+	15	13	185	1872	164.0	164	38.65445209373257	3437.6428571428573	1924.5	4218.439770034247
ENST00000265981.7	ENSG00000110315	-	6	4	66	3394	147.25	145.5	44.86553985707368	5093.2	5269	1490.2408194650957
ENST00000413761.7	ENSG00000236287	-	3	1	192	2381	114.0	114	NA	1330.5	1330.5	386.7874093090415
ENST00000227756.5	ENSG00000110328	-	11	9	647	414	160.22222222222223	167	36.16551457458395	34862.6	18847.0	50999.64138697448
ENST00000527733.7	ENSG00000170242	+	28	26	253	5887	148.23076923076923	119.5	134.4012820451673	4071.185185185185	2056	7448.465748249702
ENST00000683431.1	ENSG00000050165	-	7	5	257	1651	123.4	138	32.730719515464365	7177.666666666667	2408.0	11444.680330470863
ENST00000334956.15	ENSG00000197702	+	13	11	213	7508	82.36363636363636	73	32.68722296945009	12429.916666666666	3703.5	26800.03152460267
ENST00000527636.7	ENSG00000187079	+	13	11	414	7629	124.9090909090909	135	62.43629480591324	21741.666666666668	5951.5	34276.1172202595
ENST00000403290.6	ENSG00000133794	+	20	18	134	671	110.11111111111111	105.0	49.77701913520865	5615.263157894737	2290	8667.135120942696
ENST00000278174.10	ENSG00000148925	-	9	7	131	1134	167.71428571428572	158	65.12478863872109	9097.0	5590.0	8265.820536574523
ENST00000354817.8	ENSG00000197601	+	12	10	139	3735	139.2	151.0	50.97668312299479	5310.272727272727	2613	7352.452666844025
ENST00000256196.9	ENSG00000133818	-	6	4	421	1503	104.75	106.0	12.971121771072847	15783.8	2177	26831.8942249704
ENST00000439561.7	ENSG00000129083	-	22	20	105	372	142.95	145.5	38.695130932647544	1855.4285714285713	1520	1339.5224362222743
ENST00000396394.7	ENSG00000129084	-	10	8	90	373	91.5	95.5	26.32217967526897	1590.6666666666667	1255	1242.0363319967737
ENST00000282096.9	ENSG00000152270	+	16	14	1250	2584	154.35714285714286	143.5	61.958555804365204	14816.4	6139	31534.176452586442
ENST00000683767.1	ENSG00000110693	-	16	14	453	6664	156.21428571428572	161.5	58.23715252367628	25386.266666666666	14841	25644.680669450638
ENST00000525634.6	ENSG00000110700	-	6	4	49	79	99.75	90.0	51.45467260932998	550.6	256	588.1273671578292
ENST00000529010.6	ENSG00000070081	+	14	12	90	800	117.5	106.0	39.041935495985946	4090.230769230769	1149	4908.984826381216
ENST00000265965.10	ENSG00000129158	-	11	9	97	366	109.77777777777777	114	48.246185802034596	22354.9	4381.0	34306.67856085426
ENST00000524803.6	ENSG00000166788	-	12	10	176	200	119.7	103.5	50.6141174860225	2201.6363636363635	2031	1908.7575683007663
ENST00000349215.8	ENSG00000110756	-	23	21	195	1267	160.85714285714286	134	107.95753133259657	1755.6818181818182	1287.5	1468.2989311043752
ENST00000265963.9	ENSG00000110768	+	15	13	174	1263	121.15384615384616	116	37.24210465285708	2961.9285714285716	2068.0	2918.5885014265614
ENST00000422447.8	ENSG00000134333	+	8	6	74	1309	143.0	137.0	26.765649627834556	1660.2857142857142	1637	585.522192658176
ENST00000251968.4	ENSG00000074319	-	10	8	168	325	130.125	108.0	65.6341320176803	5010.888888888889	3354	5391.91585719873
ENST00000396197.8	ENSG00000151116	-	12	10	122	2879	120.6	121.5	41.21542321887659	4992.636363636364	3731	3453.583277488101
ENST00000336349.6	ENSG00000179119	-	6	4	145	3552	476.0	145.0	707.796110001555	4467.8	1522	7143.271253424442
ENST00000280734.3	ENSG00000151117	+	3	1	129	3213	265.0	265	NA	1200.0	1200.0	1166.7261889578035
ENST00000446113.7	ENSG00000177054	+	17	15	109	594	113.53333333333333	123	32.828268886665924	3552.625	1833.5	6028.248024923992
ENST00000250024.9	ENSG00000129173	-	13	11	398	778	230.0	162	137.75993612077497	1098.0833333333333	381.5	1124.5827071191852
ENST00000451739.7	ENSG00000109854	+	5	3	719	803	102.66666666666667	108	38.279672586548244	4559.75	4100.5	3704.043050055799
ENST00000328697.11	ENSG00000109881	-	6	4	380	524	137.0	140.5	21.24460715883759	4650.4	5294	3483.790363957051
ENST00000379214.9	ENSG00000205213	-	18	16	673	3183	87.125	72.0	38.40637967838156	5975.294117647059	1281	14519.827318036128
ENST00000356660.9	ENSG00000176697	-	2	0	292	3693	NA	NA	NA	41578.0	41578	NA
ENST00000263181.7	ENSG00000121621	-	17	15	93	664	177.33333333333334	158	104.20218442093831	5257.5625	3181.0	5642.955301007325
ENST00000465995.6	ENSG00000170946	+	5	3	53	2565	117.33333333333333	139	41.93248541803042	15001.5	7626.0	19799.07401033358
ENST00000532287.6	ENSG00000148950	-	6	4	104	168	115.25	119.0	19.972898304118676	15297.8	4239	19397.92847703074
ENST00000054950.4	ENSG00000049449	+	6	4	377	1358	158.5	186.5	65.5972560401729	2456.0	2019	1953.9776099024266
ENST00000257836.4	ENSG00000135378	+	6	4	247	4825	117.75	129.0	48.821955443563844	4530.2	2060	5241.286406980637
ENST00000650167.2	ENSG00000060749	+	13	11	524	3937	476.8181818181818	138	1068.6964787236664	6479.5	2177.5	9972.07165036433
ENST00000334274.9	ENSG00000176148	+	10	8	221	1077	168.875	177.5	35.09349756619553	3481.1111111111113	2675	2957.3030553379394
ENST00000323959.9	ENSG00000176102	-	21	19	182	706	101.26315789473684	98	42.50208113239627	3704.25	882.5	8124.102573110525
ENST00000303296.9	ENSG00000110422	+	17	15	509	3932	211.53333333333333	128	252.13994602393407	5751.8125	666.0	11773.142713927322
ENST00000642928.2	ENSG00000085063	-	4	2	42	7334	93.5	93.5	12.020815280171307	8617.0	7026	4711.474397680624
ENST00000265651.8	ENSG00000110429	-	11	9	127	1141	126.11111111111111	116	51.86146074987776	3117.4	2118.5	2800.4016854729966
ENST00000257818.3	ENSG00000135363	-	6	4	282	1000	199.75	228.5	94.0155129043429	6284.0	5026	4652.28046231093
ENST00000341394.9	ENSG00000135387	+	19	17	141	3308	121.47058823529412	109	56.343941163911786	2520.3333333333335	974.5	4400.29973578004
ENST00000257829.8	ENSG00000135372	+	29	27	164	825	110.51851851851852	111	29.485811934099853	1332.392857142857	1000.0	1118.4642029499305
ENST00000435224.3	ENSG00000166016	-	17	15	1310	1598	133.13333333333333	114	47.611323183021234	12632.4375	1780.0	37617.729444095465
ENST00000241052.5	ENSG00000121691	+	13	11	146	693	132.0	131	31.269793731331198	2569.6666666666665	1854.0	2737.3072479531725
ENST00000395787.4	ENSG00000149089	-	7	5	152	522	114.4	118	44.18483902878905	5473.166666666667	3045.5	7899.732233858732
ENST00000227868.9	ENSG00000110435	+	11	9	198	1215	120.77777777777777	101	50.98229540187892	7701.1	6986.5	4651.665232294058
ENST00000428726.8	ENSG00000026508	+	18	16	200	3274	122.3125	121.5	46.93927815096152	5164.764705882353	2835	8499.251647420288
ENST00000317811.6	ENSG00000179431	+	1	0	2406	2406	NA	NA	NA	NA	NA	NA
ENST00000315571.6	ENSG00000179241	+	6	4	83	2977	188.5	141.0	105.35179163165665	56852.2	45403	52861.95423648278
ENST00000530639.6	ENSG00000135362	+	9	7	151	2863	119.57142857142857	92	81.89395000620648	20633.25	9914.5	34208.97147470445
ENST00000526995.6	ENSG00000175104	-	7	5	225	6882	155.6	151	99.26882692970639	3103.1666666666665	2203.5	2688.911260467081
ENST00000531273.6	ENSG00000166181	+	14	12	201	2102	118.58333333333333	99.5	48.31423342572199	2216.0	1177	2225.601753833481
ENST00000039989.9	ENSG00000052841	+	24	22	194	1159	142.5	142.0	43.47604704508756	5718.434782608696	1643	10016.652606471644
ENST00000278353.10	ENSG00000149084	+	11	9	250	1472	74.88888888888889	66	35.757672059449156	17348.2	10945.0	22646.990439251647
ENST00000302708.9	ENSG00000166199	+	10	8	349	357	104.75	101.5	55.29595696922929	4211.111111111111	2212	5618.678368719027
ENST00000533608.7	ENSG00000151348	+	14	12	175	7814	170.66666666666666	136.0	129.7377307797496	11249.846153846154	7773	12355.482709079357
ENST00000227155.9	ENSG00000085117	+	10	8	74	1310	103.5	83.5	44.02921108277354	5831.555555555556	4827	6840.535653571128
ENST00000520358.7	ENSG00000157570	+	10	8	326	3293	117.25	93.0	49.392740935717036	22322.777777777777	6674	32234.575163082955
ENST00000525680.6	ENSG00000175274	-	7	5	207	2670	93.4	97	43.80981625161192	2532.0	568.0	4800.4181901163565
ENST00000314134.4	ENSG00000181830	+	2	0	1188	2241	NA	NA	NA	4439.0	4439	NA
ENST00000616080.2	ENSG00000121671	+	12	10	231	2331	156.9	142.5	65.53277381924593	2876.2727272727275	1753	3149.21492092582
ENST00000241014.6	ENSG00000121653	+	12	10	271	817	196.2	108.0	228.41132487977328	1615.0	310	3551.0318500402104
ENST00000378750.10	ENSG00000121680	-	11	9	178	650	93.33333333333333	81	36.92221553482402	654.7	298.0	845.7455685173093
ENST00000401752.6	ENSG00000165905	+	14	12	73	467	167.66666666666666	153.0	76.03627523435871	299.15384615384613	228	300.8108060320324
ENST00000676320.1	ENSG00000135365	-	19	17	520	4907	119.05882352941177	99	74.49955586128961	10260.277777777777	3075.5	22590.4696037577
ENST00000621158.5	ENSG00000157613	+	12	10	552	700	142.1	138.5	69.15594294378788	3734.090909090909	1135	6349.94104625461
ENST00000395566.9	ENSG00000110492	+	5	3	90	333	135.66666666666666	162	50.89531740085067	325.75	229.0	273.23783900965594
ENST00000683756.1	ENSG00000110497	-	18	16	196	1530	220.1875	147.5	333.6523577517973	11315.35294117647	4356	15670.262712942851
ENST00000326737.3	ENSG00000180423	-	3	1	104	1049	814.0	814	NA	6200.0	6200.0	7718.777623432353
ENST00000683050.1	ENSG00000175224	+	19	17	338	2264	96.70588235294117	99	29.77365594338885	2928.8888888888887	985.5	4054.900316304138
ENST00000311956.9	ENSG00000175220	-	13	11	69	2146	107.27272727272727	99	30.708601104872585	1678.75	241.0	2645.6983310821565
ENST00000529230.6	ENSG00000175216	-	44	42	61	1218	140.3095238095238	136.0	39.991760184999876	2233.9767441860463	1132	3947.6955634079804
ENST00000378623.6	ENSG00000134569	-	38	36	223	2599	148.13888888888889	135.0	49.863902075135776	1450.7837837837837	533	2549.0523635170684
ENST00000524782.6	ENSG00000149182	-	16	14	98	1202	105.21428571428571	119.0	30.326882138125907	653.7333333333333	480	797.1091040814449
ENST00000298838.11	ENSG00000165912	-	11	9	86	525	140.22222222222223	137	49.532256605614535	704.0	279.0	1025.6951030615503
ENST00000256996.9	ENSG00000134574	+	10	8	290	418	138.375	144.5	46.662733677804546	2492.1111111111113	616	5036.123545060338
ENST00000672073.1	ENSG00000134575	-	11	9	139	948	113.77777777777777	99	32.767277037380516	740.2	373.5	851.2138783329762
ENST00000441012.7	ENSG00000025434	+	10	8	134	484	154.25	147.0	66.72705598181295	1020.6666666666666	429	1850.330511016883
ENST00000706887.1	ENSG00000110514	+	37	35	114	986	141.02857142857144	111	100.5249415097876	1496.1944444444443	606.5	2439.988217997836
ENST00000362021.9	ENSG00000165915	+	10	8	73	1209	131.0	117.5	76.31513611335565	619.6666666666666	306	564.717407204701
ENST00000298852.8	ENSG00000165916	-	12	10	235	171	113.4	115.5	31.199002833067883	556.8181818181819	254	553.2975362644981
ENST00000687097.1	ENSG00000149187	-	15	13	141	6421	120.76923076923077	129	45.578053648208524	5647.428571428572	1387.5	13603.17493321821
ENST00000302503.8	ENSG00000109919	-	13	11	181	1603	67.0909090909091	63	22.50979584738407	1893.4166666666667	1666.5	1273.915186154538
ENST00000263773.10	ENSG00000109920	-	17	15	273	1019	182.86666666666667	148	82.68344683763722	2925.8125	1799.0	2902.401539386536
ENST00000378460.7	ENSG00000030066	-	36	34	132	1077	118.20588235294117	108.5	39.57944018757084	1857.2857142857142	1249	2533.09720409189
ENST00000418331.7	ENSG00000149177	+	25	23	450	3636	163.43478260869566	136	89.80981222306114	7601.5	2380.5	25929.590657242814
ENST00000358252.8	ENSG00000149115	-	12	10	113	440	526.7	158.5	697.4190594215536	1771.909090909091	1079	1762.4449752854955
ENST00000278412.7	ENSG00000149136	-	17	15	163	491	145.13333333333333	139	54.893229697902335	442.125	349.5	400.1384552043622
ENST00000395124.6	ENSG00000134802	-	14	12	60	943	134.66666666666666	120.5	83.2851982192769	1349.923076923077	1077	1318.485018341029
ENST00000278426.8	ENSG00000149150	-	15	13	259	709	118.92307692307692	134	47.144214099684845	2046.7857142857142	1642.5	3180.371317909313
ENST00000287156.9	ENSG00000156587	-	4	2	88	848	141.5	141.5	64.34671708797582	4930.666666666667	5713	2698.923921368169
ENST00000533682.2	ENSG00000172409	+	3	1	99	1101	628.0	628	NA	1138.0	1138.0	644.8813844421313
ENST00000287169.8	ENSG00000156599	+	12	10	74	1317	305.2	128.5	383.1288730092439	2602.3636363636365	1685	2761.182836131185
ENST00000431606.5	ENSG00000156603	-	5	3	253	397	149.66666666666666	97	92.9587722236763	1851.75	258.5	3254.9313740845596
ENST00000278422.9	ENSG00000213593	+	8	6	215	875	92.5	92.0	28.331960751066983	3819.4285714285716	244	9254.694715965205
ENST00000395074.7	ENSG00000110031	-	9	7	97	853	125.42857142857143	149	49.11163182945951	5894.75	4327.0	7101.535221344748
ENST00000316059.7	ENSG00000186660	+	11	9	560	4355	95.66666666666667	100	56.189411813970786	3671.2	582.0	7628.759529278371
ENST00000343597.4	ENSG00000189057	+	4	2	60	3234	106.0	106.0	86.2670273047588	5556.666666666667	1371	7725.694812334573
ENST00000227451.4	ENSG00000110042	+	9	7	675	3913	202.14285714285714	153	234.45996713826477	3806.75	3635.5	2897.2721530038266
ENST00000300146.10	ENSG00000166889	-	19	17	157	1696	133.88235294117646	124	49.05848850217103	1566.2777777777778	946.5	1869.7524468277347
ENST00000337979.9	ENSG00000166900	+	11	9	260	5024	96.66666666666667	100	22.64950330581225	4434.9	1768.0	6039.689992964135
ENST00000300151.5	ENSG00000166902	-	4	2	175	693	107.5	107.5	58.68986283848344	1185.3333333333333	868	715.853569756646
ENST00000227524.9	ENSG00000110107	-	16	14	222	717	99.85714285714286	81.5	40.011262150813224	913.4666666666667	235	1694.4794761926435
ENST00000227525.8	ENSG00000110108	+	4	2	111	1670	174.0	174.0	100.40916292848975	2385.6666666666665	955	2626.587393050788
ENST00000453848.7	ENSG00000006118	+	11	9	274	1296	214.22222222222223	203	58.99529171420754	920.2	756.0	723.1813665249464
ENST00000301765.10	ENSG00000167987	-	5	3	36	2283	118.0	99	47.44470465710583	7124.25	2622.0	10443.794692703095
ENST00000294072.9	ENSG00000162144	-	7	5	150	1618	163.2	157	44.72359556207439	1749.0	1420.5	1299.5017506721567
ENST00000515837.7	ENSG00000187049	+	5	3	79	577	132.33333333333334	102	60.500688701314246	1301.75	558.0	1668.1585406269594
ENST00000439958.8	ENSG00000149532	-	10	8	62	1976	181.125	157.0	101.90673256884033	2640.0	816	2758.3242648390706
ENST00000301761.7	ENSG00000167985	+	4	2	59	793	167.0	167.0	80.61017305526642	5141.333333333333	7442	4322.579823824348
ENST00000257215.10	ENSG00000134780	+	20	18	114	3470	123.05555555555556	127.5	44.792951417963366	3200.6315789473683	801	8865.205751892723
ENST00000537328.6	ENSG00000134825	-	4	2	44	287	123.5	123.5	19.091883092036785	1024.3333333333333	571	804.3241469291677
ENST00000305885.3	ENSG00000168496	+	2	0	118	1898	NA	NA	NA	2312.0	2312	NA
ENST00000350997.12	ENSG00000149485	-	12	10	449	2836	107.9	100.0	38.129749248818534	1183.0	574	1342.9779596106557
ENST00000278840.9	ENSG00000134824	+	12	10	298	1717	107.6	100.0	37.95670047713725	3269.4545454545455	1365	3687.337097788494
ENST00000278829.7	ENSG00000221968	-	12	10	377	340	107.3	100.0	37.8066719567386	1475.4545454545455	464	3206.2448242028045
ENST00000394836.7	ENSG00000167994	-	10	8	210	1060	131.875	106.5	67.65550869768741	1993.4444444444443	953	2819.8298313511364
ENST00000273550.12	ENSG00000167996	-	4	2	323	607	136.5	136.5	14.849242404917497	715.6666666666666	256	939.0528916591085
ENST00000415229.6	ENSG00000162174	+	7	5	127	1334	161.8	143	67.60695230521785	8949.166666666666	1394.5	13252.197484442597
ENST00000378024.9	ENSG00000124942	-	5	3	147	18173	147.0	154	44.91102314577124	3036.0	841.0	4709.772818300263
ENST00000476907.6	ENSG00000149016	-	9	7	120	1193	198.85714285714286	111	143.58438700108098	1720.875	840.5	2418.777580130686
ENST00000278823.7	ENSG00000149480	-	18	16	443	827	113.3125	101.5	45.834075751562835	327.5882352941176	194	349.1174692749436
ENST00000394773.7	ENSG00000149499	-	22	20	340	461	123.25	119.0	45.172039558721906	347.23809523809524	221	327.4826567563395
ENST00000265471.10	ENSG00000149541	-	5	3	121	504	275.6666666666667	291	93.94324527784492	1309.75	950.0	1292.876992086512
ENST00000301935.10	ENSG00000162191	-	9	7	209	140	112.14285714285714	107	60.192548186157204	180.0	133.5	142.02917205379222
ENST00000301785.7	ENSG00000214753	-	14	12	839	2750	135.41666666666666	126.0	54.43170588967983	739.5384615384615	300	864.0373849342993
ENST00000316461.9	ENSG00000162222	+	3	1	601	349	183.0	183	NA	4509.0	4509.0	2525.7854223983477
ENST00000394807.5	ENSG00000185670	-	2	0	197	2753	NA	NA	NA	248.0	248	NA
ENST00000294172.7	ENSG00000162231	-	21	19	112	385	94.36842105263158	84	42.794353893313996	551.05	181.5	564.7273655211168
ENST00000294179.8	ENSG00000162236	-	11	9	98	769	103.0	82	58.382360349680965	2339.8	320.5	5094.740115496024
ENST00000415826.3	ENSG00000176485	-	5	3	49	585	147.0	103	107.01401777337396	9724.25	11372.5	7266.229484173114
ENST00000398868.8	ENSG00000184743	-	13	11	87	5319	135.72727272727272	105	109.82084584366568	3365.9166666666665	1939.5	3599.2555406597203
ENST00000377819.10	ENSG00000133318	+	9	7	279	1727	415.85714285714283	70	846.5050558170398	9183.25	2355.5	11351.492636276014
ENST00000294244.9	ENSG00000168005	+	6	4	358	789	201.75	175.5	91.03982644974671	2461.4	161	3481.9512920200364
ENST00000402010.8	ENSG00000072518	+	19	17	451	2144	114.82352941176471	100	68.71338597220127	3742.4444444444443	510.0	12959.973176362138
ENST00000301459.5	ENSG00000167771	-	12	10	835	950	113.0	79.5	67.24912225779936	274.54545454545456	136	304.21221659767826
ENST00000377793.9	ENSG00000110583	+	8	6	101	2982	94.33333333333333	90.0	35.40997976089039	2095.5714285714284	1015	2722.682798095955
ENST00000314133.4	ENSG00000176340	+	2	0	175	319	NA	NA	NA	1430.0	1430	NA
ENST00000538426.6	ENSG00000167770	+	7	5	77	1064	112.0	99	50.83306010855534	1712.3333333333333	231.5	3044.328147008247
ENST00000255681.7	ENSG00000133315	-	11	9	417	130	78.88888888888889	82	38.63432555527676	16629.9	378.5	42320.49240012324
ENST00000305218.9	ENSG00000168439	+	14	12	100	490	129.16666666666666	126.0	44.01205069138004	1248.6923076923076	431	1847.7658755289401
ENST00000309318.8	ENSG00000173457	-	4	2	528	344	58.5	58.5	36.062445840513924	492.0	241	554.8522325808917
ENST00000309032.8	ENSG00000002330	-	4	2	35	508	193.0	193.0	2.8284271247461903	4635.666666666667	1275	6724.463126029716
ENST00000438980.7	ENSG00000173264	+	7	5	1034	458	134.8	129	63.29059961795274	246.83333333333334	129.5	239.37202565602078
ENST00000000442.11	ENSG00000173153	+	7	5	213	1037	204.8	171	95.29533042075042	1491.0	404.5	2474.937494160206
ENST00000265462.9	ENSG00000126432	+	6	4	266	226	92.0	97.0	48.84669896727925	566.2	517	529.5854038774105
ENST00000334205.9	ENSG00000162302	+	17	15	129	933	137.73333333333332	134	42.544878265975406	620.375	217.0	953.7704038883433
ENST00000377390.8	ENSG00000168066	-	13	11	181	1550	141.0	129	61.68306088384395	887.9166666666666	336.5	1090.7254848646992
ENST00000294066.7	ENSG00000168067	-	32	30	161	4707	75.96666666666667	70.0	31.158641169669608	359.6774193548387	105	717.9306088611802
ENST00000320631.8	ENSG00000110047	-	5	3	561	3216	225.33333333333334	165	165.94075247911024	5631.75	3989.5	5886.160399615355
ENST00000377264.8	ENSG00000110046	-	41	39	245	664	138.69230769230768	140	46.243152463879134	408.65	148.5	537.7625321883638
ENST00000164133.7	ENSG00000068971	+	14	12	340	779	134.16666666666666	105.5	111.01583288664348	542.9230769230769	442	518.3403742616849
ENST00000246747.9	ENSG00000213465	+	5	3	113	464	118.33333333333333	111	41.488954353337625	1773.25	1453.0	1683.0429535021776
ENST00000652489.1	ENSG00000168061	+	2	0	657	604	NA	NA	NA	2358.0	2358	NA
ENST00000294258.8	ENSG00000162300	+	8	6	157	471	125.66666666666667	115.0	40.961770795055564	399.2857142857143	312	370.572401511371
ENST00000279263.14	ENSG00000149809	+	10	8	196	338	130.5	121.5	52.213846001666205	309.0	232	332.5127817092149
ENST00000529639.6	ENSG00000149806	-	5	3	45	177	94.66666666666667	83	45.63259069276402	249.75	221.0	158.95990060389445
ENST00000279242.7	ENSG00000149792	+	4	2	104	1646	138.0	138.0	18.384776310850235	1008.3333333333334	835	993.4069323964542
ENST00000377190.8	ENSG00000162298	-	16	14	64	1210	126.0	128.0	40.451300254845854	280.2	96	307.47943020631476
ENST00000279247.11	ENSG00000014216	+	22	20	86	747	105.95	81.5	63.52494329830316	1291.7619047619048	387	3396.683704803288
ENST00000528416.6	ENSG00000133884	+	11	9	67	2580	118.55555555555556	113	31.721881687216754	1669.7	1008.0	1982.2341519944946
ENST00000398802.6	ENSG00000162241	-	7	5	161	1484	123.2	72	94.77710694044211	865.6666666666666	410.5	919.7764221084745
ENST00000317568.10	ENSG00000126391	+	11	9	125	2284	141.77777777777777	144	54.46966536012907	2320.4	2306.0	1988.3592454304853
ENST00000270176.10	ENSG00000142186	+	18	16	182	263	136.9375	142.0	49.95927508147678	646.2352941176471	251	935.8279442164946
ENST00000301873.11	ENSG00000168056	-	28	26	731	673	131.8846153846154	127.5	55.00205590563096	554.3703703703703	171	943.8026255586472
ENST00000309295.9	ENSG00000173442	+	19	17	354	448	256.94117647058823	100	525.398238314071	634.8888888888889	185.0	1080.4180502928914
ENST00000309100.8	ENSG00000173327	-	10	8	1204	872	183.375	162.5	90.2725041194715	1435.7777777777778	465	2221.3072602511443
ENST00000355703.4	ENSG00000197136	+	35	33	689	674	173.9090909090909	134	182.69550549280825	428.29411764705884	235.5	626.9627377363059
ENST00000534313.6	ENSG00000213445	+	16	14	82	344	219.5	143.0	209.8122787343303	620.8666666666667	208	860.5033300065613
ENST00000406246.8	ENSG00000173039	-	11	9	91	1400	114.0	105	54.2425110038243	679.9	473.0	731.5117451779796
ENST00000532090.3	ENSG00000254470	-	2	0	535	6445	NA	NA	NA	99.0	99	NA
ENST00000308162.10	ENSG00000172757	-	4	2	84	776	192.5	192.5	163.3416664540925	754.3333333333334	205	952.3394002840234
ENST00000307998.11	ENSG00000172638	-	11	9	118	639	130.77777777777777	120	46.652378765122414	442.6	309.5	349.50383879627606
ENST00000312579.4	ENSG00000175602	+	1	0	963	963	NA	NA	NA	NA	NA	NA
ENST00000438576.3	ENSG00000175573	-	2	0	153	1409	NA	NA	NA	691.0	691	NA
ENST00000312515.7	ENSG00000175550	+	7	5	118	234	94.0	94	16.896745248715803	219.33333333333334	228.5	104.12044307755642
ENST00000533544.6	ENSG00000175376	-	6	4	248	2199	117.25	109.0	63.99153589863793	539.4	377	518.232862717138
ENST00000312175.7	ENSG00000175334	+	3	1	68	524	139.0	139	NA	458.0	458.0	291.3279938488576
ENST00000320580.9	ENSG00000175115	+	24	22	571	1580	110.0	106.0	41.39933286787073	7387.04347826087	825	25377.321302651777
ENST00000394067.7	ENSG00000174996	+	16	14	169	988	128.28571428571428	105.5	65.8721705816869	480.3333333333333	215	713.3009449701003
ENST00000311481.11	ENSG00000174903	+	6	4	55	1449	99.25	96.0	24.37724348649781	1390.6	287	1676.4540852644907
ENST00000376901.9	ENSG00000174851	-	8	6	189	204	117.33333333333333	99.5	56.8213574870107	495.2857142857143	164	626.4108647114699
ENST00000311320.9	ENSG00000174791	-	10	8	118	2512	223.625	142.0	219.90968113555815	197.22222222222223	155	135.79283649900108
ENST00000357440.7	ENSG00000174669	-	12	10	198	1027	123.0	120.0	38.8329756778952	616.8181818181819	388	554.2896026774845
ENST00000531863.6	ENSG00000254986	+	18	16	32	579	128.0625	123.0	55.939811404758956	1562.5882352941176	959	1887.6735370166477
ENST00000310442.5	ENSG00000174165	-	3	1	326	4199	278.0	278	NA	2810.0	2810.0	1511.7942981768385
ENST00000310325.10	ENSG00000174080	-	13	11	333	544	106.0909090909091	97	45.165151489737184	258.25	122.5	256.34533703225776
ENST00000533244.6	ENSG00000173992	+	8	6	116	318	105.33333333333333	91.0	44.96072360034552	1681.2857142857142	341	2352.9961548548918
ENST00000310137.5	ENSG00000239306	+	3	1	428	3474	1465.0	1465	NA	3969.0	3969.0	4507.098623283054
ENST00000310046.9	ENSG00000173914	-	4	2	124	581	550.5	550.5	178.89801564019652	3694.6666666666665	3036	3400.1890143539567
ENST00000393960.7	ENSG00000173599	-	23	21	62	728	167.38095238095238	163	54.45500545448159	4802.681818181818	280.5	17009.8658301765
ENST00000309602.5	ENSG00000173621	+	2	0	2030	839	NA	NA	NA	543.0	543	NA
ENST00000308831.7	ENSG00000173156	+	5	3	188	583	111.0	110	23.515952032609693	3516.75	2226.0	3793.6907601085954
ENST00000529006.7	ENSG00000173120	+	21	19	787	3209	178.42105263157896	132	151.45271201470177	6571.7	1748.0	13634.595622899858
ENST00000308595.10	ENSG00000173020	+	21	19	340	1271	94.3157894736842	95	28.138650033912327	834.05	235.0	2301.288299947159
ENST00000511455.7	ENSG00000172932	+	15	13	248	366	116.46153846153847	125	43.76188483260935	789.5714285714286	229.5	1777.4195086951504
ENST00000308127.9	ENSG00000172830	+	14	12	162	1002	134.75	127.0	76.53653316613517	483.2307692307692	234	543.3671493330812
ENST00000312419.8	ENSG00000175482	-	4	2	244	1248	101.0	101.0	15.556349186104045	360.3333333333333	225	269.7875707539792
ENST00000307980.7	ENSG00000172613	+	11	9	93	947	116.22222222222223	110	41.939771630809396	433.9	88.0	592.2282686787437
ENST00000376745.9	ENSG00000172531	-	7	5	131	463	165.4	135	57.933582661527154	375.8333333333333	272.5	366.0565074775569
ENST00000312629.10	ENSG00000175634	+	15	13	130	413	91.53846153846153	91	29.34454913783076	369.64285714285717	131.5	487.34896786955085
ENST00000279146.8	ENSG00000110711	+	6	4	232	316	172.0	178.5	20.639767440550294	1368.4	582	1538.9360935399495
ENST00000356404.8	ENSG00000110697	-	24	22	176	529	159.63636363636363	149.5	59.73955015577078	407.7826086956522	212	416.4270051196072
ENST00000376693.3	ENSG00000167799	-	4	2	220	314	105.5	105.5	38.890872965260115	418.3333333333333	518	309.76819290129407
ENST00000342456.11	ENSG00000006534	+	10	8	66	1528	152.125	116.0	100.12340599765585	1793.2222222222222	1640	1636.4846300666695
ENST00000265686.8	ENSG00000110719	+	20	18	95	155	134.33333333333334	123.5	45.92833291886265	484.36842105263156	224	667.6193368584889
ENST00000265689.9	ENSG00000110721	-	12	10	561	1189	96.4	106.0	25.356130093792572	5983.272727272727	2490	7386.667747921374
ENST00000304363.9	ENSG00000110066	-	11	9	159	4309	138.88888888888889	148	65.45312147721536	5271.6	3912.0	6694.4548894339905
ENST00000294304.12	ENSG00000162337	+	23	21	215	467	214.04761904761904	200	81.8580944015167	5977.636363636364	3075.0	8017.0246145933515
ENST00000393800.7	ENSG00000110075	+	24	22	76	2269	123.95454545454545	121.0	41.22814257591215	6500.478260869565	3042	11902.09738915245
ENST00000265641.10	ENSG00000110090	-	19	17	142	2848	132.23529411764707	135	35.47979955510724	4544.222222222223	2520.5	6033.85470935411
ENST00000255078.8	ENSG00000132740	+	15	13	148	1068	207.53846153846155	170	197.62026523302015	2342.6428571428573	1542.5	2827.746469082155
ENST00000294309.8	ENSG00000162341	+	25	23	175	2723	90.04347826086956	82	27.899948290713837	1529.0416666666667	740.5	1679.4803668207117
ENST00000227507.3	ENSG00000110092	+	5	3	356	3357	175.0	160	35.93048844644336	2270.25	2247.0	1516.5833035697929
ENST00000301838.5	ENSG00000168040	+	2	0	450	1258	NA	NA	NA	2387.0	2387	NA
ENST00000253925.12	ENSG00000131626	+	28	26	225	1394	139.26923076923077	135.5	57.76888968454055	4017.296296296296	1429	9842.823769375624
ENST00000301843.13	ENSG00000085733	+	18	16	86	1550	100.8125	104.0	33.24498709078809	2046.9411764705883	1820	1644.7488208913633
ENST00000355527.8	ENSG00000172893	-	9	7	104	1429	156.28571428571428	132	55.8561076508627	1419.5	1287.0	787.5611540880946
ENST00000393695.8	ENSG00000137497	-	27	25	85	675	257.52	120	649.9058342047202	2710.8076923076924	655.0	6780.213684061769
ENST00000278671.10	ENSG00000149357	-	5	3	115	623	117.0	127	35.08560958569767	1229.25	369.5	1798.6901484135615
ENST00000227618.9	ENSG00000110200	-	6	4	46	342	103.25	107.5	37.0888572664801	461.6	318	421.86348502803605
ENST00000298229.7	ENSG00000165458	+	28	26	400	885	134.76923076923077	105.0	113.91411069478889	355.25925925925924	223	579.9502361007161
ENST00000538039.6	ENSG00000162129	-	16	14	460	8121	98.71428571428571	101.0	36.34752890008971	9271.6	4850	10580.591407991196
ENST00000393609.8	ENSG00000186635	-	35	33	81	613	135.21212121212122	121	89.46149925238704	1828.9411764705883	645.0	3883.3910590677137
ENST00000321297.10	ENSG00000168010	+	18	16	153	333	103.375	101.0	47.43117821292938	769.7058823529412	364	939.1060752589323
ENST00000409418.9	ENSG00000137478	-	20	18	462	2130	117.66666666666667	120.0	43.369818727665766	15834.947368421053	6222	21751.085792753947
ENST00000263674.4	ENSG00000110237	+	21	19	3555	1805	147.52631578947367	119	74.11580159981828	2647.5	362.0	7748.897697499677
ENST00000064780.7	ENSG00000054967	+	11	9	101	2031	141.11111111111111	82	80.32503414945499	1767.4	335.0	3842.546441561319
ENST00000356467.5	ENSG00000054965	-	8	6	190	6258	124.0	128.5	35.09985754956849	27204.85714285714	8337	46865.90988635759
ENST00000336083.8	ENSG00000175582	-	8	6	509	2325	82.0	80.5	25.13165334791963	11730.142857142857	8737	12074.400667370222
ENST00000310614.12	ENSG00000175581	+	8	6	119	838	90.5	89.5	46.13350192647422	10822.857142857143	14930	7929.771296167614
ENST00000355693.5	ENSG00000181924	-	2	0	90	728	NA	NA	NA	3362.0	3362	NA
ENST00000663595.2	ENSG00000175567	-	8	6	123	450	178.5	188.0	44.29785547856691	932.5714285714286	868	995.2557221040994
ENST00000328257.13	ENSG00000214517	+	14	12	234	1212	86.75	79.5	34.454515471323006	6225.2307692307695	3166	9062.35595889066
ENST00000298198.5	ENSG00000165434	-	14	12	383	6439	137.91666666666666	132.0	44.30772215341523	4587.7692307692305	2052	7163.2418889057735
ENST00000263681.7	ENSG00000077514	+	12	10	137	2513	113.8	105.0	65.57235189722367	4246.090909090909	4288	2896.56998722784
ENST00000263672.11	ENSG00000118363	+	5	3	134	2177	126.66666666666667	135	39.17056718166503	6769.25	5399.0	6481.422908333221
ENST00000294064.9	ENSG00000162139	+	3	1	222	5495	212.0	212	NA	8023.0	8023.0	3774.5359979737905
ENST00000420843.7	ENSG00000137486	-	16	14	74	6153	80.35714285714286	69.5	47.075401289775606	5612.533333333334	1265	15496.286517682074
ENST00000336898.8	ENSG00000158555	-	17	15	732	1016	120.86666666666666	104	43.61825742682049	5483.8125	1240.5	8991.992098296869
ENST00000358171.8	ENSG00000149257	+	5	3	67	1003	329.3333333333333	233	290.7272490382237	2118.25	2184.0	1626.1331177571737
ENST00000228027.12	ENSG00000062282	+	8	6	335	1181	148.5	152.0	54.57380323928322	4335.714285714285	1924	5396.922818121629
ENST00000356136.8	ENSG00000198382	+	15	13	315	3522	98.46153846153847	88	37.304189632031466	23136.14285714286	21164.0	17031.171592822844
ENST00000260045.8	ENSG00000137492	-	5	3	385	2839	88.66666666666667	108	45.21430452117265	6921.75	5044.5	5343.313789213581
ENST00000695367.1	ENSG00000158636	+	22	20	111	3080	192.9	160.5	132.72722324178142	4807.857142857143	2606	5608.14854729896
ENST00000333090.5	ENSG00000182704	+	2	0	49	2536	NA	NA	NA	12204.0	12204	NA
ENST00000532485.6	ENSG00000078124	+	11	9	162	6524	71.88888888888889	59	28.444878468910904	15854.7	8744.5	19904.435614260008
ENST00000648180.1	ENSG00000149260	+	13	11	124	2468	161.36363636363637	193	44.98060187963858	4568.166666666667	1234.0	6768.138818065574
ENST00000356341.8	ENSG00000149269	-	15	13	543	1344	120.92307692307692	118	53.2657825413613	10615.642857142857	3735.0	20707.2610773172
ENST00000313578.4	ENSG00000178301	+	3	1	659	1059	117.0	117	NA	9284.5	9284.5	5175.314531504341
ENST00000525428.6	ENSG00000074201	-	7	5	205	2166	122.2	108	33.72239611889997	3380.5	2857.0	2371.156152597294
ENST00000393427.7	ENSG00000087884	+	4	2	98	178	123.0	123.0	38.18376618407357	16895.666666666668	21237	12926.8250291142
ENST00000340067.4	ENSG00000188997	-	2	0	54	3335	NA	NA	NA	13989.0	13989	NA
ENST00000529308.6	ENSG00000118369	+	11	9	239	1587	322.1111111111111	133	409.7396870100712	2158.9	1363.5	2234.1967709024893
ENST00000361507.5	ENSG00000033327	-	10	8	175	4123	226.5	185.0	168.31263427664263	21824.222222222223	1262	44533.26060310927
ENST00000313010.8	ENSG00000137509	-	9	7	196	2187	158.0	165	29.13760456866693	9250.75	4684.5	13343.340123179696
ENST00000527633.6	ENSG00000137502	-	5	3	207	9283	123.0	101	53.50700888668698	22226.5	5719.5	34784.46019417291
ENST00000690938.1	ENSG00000165494	+	16	14	501	1116	332.35714285714283	170.0	448.61386636939915	1492.9333333333334	662	1490.9098117145338
ENST00000529689.6	ENSG00000137500	-	9	7	495	2886	87.0	102	30.89228598426043	2912.125	2604.5	2819.8323880026223
ENST00000304511.7	ENSG00000171202	+	5	3	123	234	134.0	115	53.113086899558006	1954.25	1748.0	1338.9447026172018
ENST00000527447.2	ENSG00000137504	-	1	0	7140	7140	NA	NA	NA	NA	NA	NA
ENST00000393346.8	ENSG00000073921	-	20	18	434	1886	100.77777777777777	104.5	32.67226842726116	5672.421052631579	3713	8376.668260483928
ENST00000263360.11	ENSG00000074266	+	12	10	591	412	108.5	99.5	32.83714021923617	2906.3636363636365	1819	2622.562612130634
ENST00000278483.8	ENSG00000149196	+	5	3	239	360	169.66666666666666	152	61.435603141283906	10649.0	5419.0	13734.348619428589
ENST00000280258.6	ENSG00000150687	+	2	0	110	3603	NA	NA	NA	6979.0	6979	NA
ENST00000531380.2	ENSG00000174804	-	2	0	595	6792	NA	NA	NA	2330.0	2330	NA
ENST00000305494.6	ENSG00000166575	+	15	13	253	7624	84.84615384615384	70	40.942736746676964	20136.5	3726.5	27477.32533380933
ENST00000243662.11	ENSG00000123892	-	3	1	261	890	281.0	281	NA	30380.5	30380.5	7288.149593689745
ENST00000227266.10	ENSG00000109861	-	7	5	236	917	143.4	146	20.019990009987517	7045.833333333333	3667.0	7895.868474504035
ENST00000320585.11	ENSG00000110172	-	11	9	159	2123	87.55555555555556	71	36.507229116680136	1955.1	1515.0	1632.3783228433563
ENST00000326402.9	ENSG00000180773	-	11	9	214	4671	128.0	99	50.184659010498414	4778.1	2484.5	4610.579752651021
ENST00000298966.7	ENSG00000166002	-	3	1	116	798	73.0	73	NA	31966.5	31966.5	16914.7013127634
ENST00000448108.7	ENSG00000166012	-	6	4	174	738	180.0	135.5	149.0480906732231	859.4	737	673.4710832693561
ENST00000251871.9	ENSG00000042429	+	12	10	482	3111	149.4	145.5	37.18183546960651	2326.818181818182	2081	1575.165186142826
ENST00000227638.8	ENSG00000110218	+	5	3	653	1179	340.0	224	276.8681996907554	12569.0	12503.0	13628.483823717637
ENST00000544612.6	ENSG00000168876	+	3	1	52	1508	348.0	348	NA	1843.5	1843.5	1024.5977259393073
ENST00000433060.3	ENSG00000166025	+	13	11	205	6060	246.8181818181818	150	232.5380907214206	8284.416666666666	4624.0	8730.44437542696
ENST00000335080.6	ENSG00000186280	+	3	1	360	2496	95.0	95	NA	11430.0	11430.0	13922.932521563122
ENST00000278505.5	ENSG00000149218	+	2	0	382	4269	NA	NA	NA	38149.0	38149	NA
ENST00000536441.7	ENSG00000149212	-	10	8	420	7829	164.25	179.0	53.03031478045634	6236.333333333333	2076	11744.495614967891
ENST00000358780.10	ENSG00000077458	-	10	8	391	2698	105.375	91.5	54.142503768164566	1877.5555555555557	1349	1412.9374642133946
ENST00000325542.10	ENSG00000166037	+	11	9	246	1668	136.33333333333334	122	52.15601595214113	3905.5	2330.0	4241.8198204177515
ENST00000346299.10	ENSG00000087053	-	15	13	233	2572	130.0	111	45.422094476880595	6195.214285714285	2894.0	10156.715793984797
ENST00000524717.6	ENSG00000184384	-	5	3	1813	3366	647.3333333333334	204	848.7975808950762	89869.25	53022.5	114353.67460172264
ENST00000332349.5	ENSG00000183340	+	2	0	61	3079	NA	NA	NA	409.0	409	NA
ENST00000298815.13	ENSG00000165895	+	24	22	545	5229	108.27272727272727	98.5	68.82357141767625	12978.173913043478	3203	22454.380505315003
ENST00000282441.10	ENSG00000137693	+	9	7	723	3723	136.42857142857142	116	63.92927639941173	14697.125	8886.5	15850.29173627413
ENST00000227758.7	ENSG00000110330	+	9	7	163	681	417.14285714285717	100	770.0137290056216	3461.625	957.0	4630.561457395235
ENST00000398136.7	ENSG00000152558	-	5	3	242	2560	167.33333333333334	154	117.56841979602062	13282.5	3151.0	22261.64236978036
ENST00000393158.7	ENSG00000170962	-	7	5	344	2631	172.6	199	62.504399845130905	42186.833333333336	16708.5	61636.90241865393
ENST00000444739.7	ENSG00000196954	-	9	7	56	108	161.71428571428572	144	62.20587937302574	3051.625	1557.0	4281.919794321234
ENST00000533400.6	ENSG00000137752	-	9	7	38	849	158.42857142857142	144	72.28844338909953	955.125	646.5	674.1346702042764
ENST00000301919.9	ENSG00000170903	-	3	1	1279	2212	612.0	612	NA	5119.5	5119.5	6752.162653550342
ENST00000531837.2	ENSG00000182359	-	4	2	36	3358	223.0	223.0	31.11269837220809	7470.0	4409	8805.027143626532
ENST00000278618.9	ENSG00000149313	+	6	4	232	1953	145.5	142.0	65.08199955953003	3653.4	2088	4128.277643279337
ENST00000525815.6	ENSG00000110660	-	8	6	130	1810	138.16666666666666	156.0	44.50355791020159	9289.714285714286	3995	15086.90070573681
ENST00000393094.7	ENSG00000166266	+	19	17	475	3572	124.94117647058823	124	30.849373146458127	5149.611111111111	2367.5	6494.693292028219
ENST00000265838.9	ENSG00000075239	+	12	10	112	334	109.1	107.5	35.83124024894725	2227.2727272727275	1389	2804.955475258354
ENST00000278612.9	ENSG00000149308	-	18	16	139	1805	260.5625	94.5	454.2869825341686	3488.8823529411766	1617	6029.628521749421
ENST00000322536.8	ENSG00000178105	+	18	16	271	682	141.5	124.0	94.62275977092756	16037.764705882353	3830	29818.822045667337
ENST00000278590.8	ENSG00000149289	+	6	4	41	7501	308.5	187.5	300.6043911854915	13934.8	6197	17262.267484313874
ENST00000645495.2	ENSG00000137710	-	14	12	148	2593	137.58333333333334	114.0	64.85852902956394	4829.384615384615	2619	4775.062242848456
ENST00000260270.3	ENSG00000137714	+	4	2	358	2531	127.5	127.5	3.5355339059327378	10597.666666666666	5528	8973.864403551757
ENST00000375614.7	ENSG00000204381	+	7	5	209	1651	135.2	103	101.39871794061304	3081.6666666666665	2722.5	1758.0400071291515
ENST00000304987.4	ENSG00000170145	+	15	13	250	7360	154.76923076923077	153	60.86618361366439	8484.642857142857	1595.0	17617.122325070104
ENST00000527614.6	ENSG00000137713	-	15	13	142	3736	128.84615384615384	135	47.09891391855753	1640.0	865.0	1684.5659107592994
ENST00000440460.7	ENSG00000150764	+	20	18	217	3698	106.16666666666667	105.5	44.51734625566824	4183.421052631579	1489	7177.864595142404
ENST00000280346.11	ENSG00000150768	+	14	12	344	1999	127.91666666666667	126.0	33.456778993293135	2701.4615384615386	1783	2417.730017164331
ENST00000504148.3	ENSG00000150779	-	2	0	117	663	NA	NA	NA	1177.0	1177	NA
ENST00000375549.8	ENSG00000204370	+	4	2	87	990	131.0	131.0	19.79898987322333	2527.6666666666665	897	2827.8623257388845
ENST00000280357.12	ENSG00000150782	-	6	4	189	558	92.0	110.5	57.844619455918284	3944.0	3385	3100.684279316422
ENST00000316851.12	ENSG00000149294	+	20	18	245	3170	133.55555555555554	140.5	56.277905206031654	16378.842105263158	1832	54463.097532246706
ENST00000529221.6	ENSG00000149292	+	22	20	36	163	102.85	91.0	50.87577750602054	2359.4761904761904	1189	2186.8682086272966
ENST00000299964.4	ENSG00000166741	+	3	1	312	1492	208.0	208	NA	7563.0	7563.0	8942.07235488508
ENST00000375490.10	ENSG00000076053	+	5	3	102	3163	115.0	94	41.677331968349414	1583.0	1306.0	869.2061512284259
ENST00000331581.11	ENSG00000182985	-	12	10	145	7357	117.3	135.0	47.33345070407983	29682.272727272728	7009	77762.4333815383
ENST00000260210.5	ENSG00000137656	-	10	8	166	403	202.875	122.5	212.3409909286745	2513.6666666666665	1600	2632.852967789884
ENST00000527958.6	ENSG00000168092	+	6	4	132	3625	104.5	103.5	18.083141320025124	4516.8	3528	3048.4662865119567
ENST00000324225.9	ENSG00000149577	+	26	24	704	1439	93.875	97.0	30.069936597148352	572.16	333	592.4950548316838
ENST00000392951.9	ENSG00000149591	+	5	3	63	3250	157.66666666666666	178	47.857427149120056	1077.25	313.5	1663.9079251368848
ENST00000320934.8	ENSG00000160613	-	17	15	47	2020	142.0	118	98.51758363720806	1471.25	820.5	2248.0401093693445
ENST00000300650.9	ENSG00000167257	+	15	13	56	1369	157.84615384615384	105	131.82744160065596	3593.3571428571427	871.5	8579.957966609814
ENST00000313005.11	ENSG00000186318	-	9	7	722	4110	143.28571428571428	138	42.91741793147349	3090.5	902.0	6268.883290848994
ENST00000278935.8	ENSG00000110274	+	33	31	51	1195	141.38709677419354	127	75.78288171671966	2493.25	913.5	3072.483370909618
ENST00000278937.7	ENSG00000149573	-	6	4	202	1818	150.5	157.5	56.24055476255546	1652.0	2004	994.1478763242418
ENST00000252108.8	ENSG00000110344	+	20	18	75	2898	173.05555555555554	161.0	60.880280031649214	1764.421052631579	1492	1346.3092065094718
ENST00000313236.10	ENSG00000149582	+	9	7	43	1323	150.57142857142858	101	107.56216364325816	277.25	245.0	151.2403479801037
ENST00000264028.5	ENSG00000095139	+	10	8	142	2409	180.375	173.0	46.04636638370999	2959.0	2202	2767.244206787684
ENST00000600882.6	ENSG00000019144	+	23	21	85	1346	191.14285714285714	126	271.09062796679007	2044.0454545454545	1381.5	2220.195797398932
ENST00000534980.7	ENSG00000110367	-	14	12	67	4335	143.83333333333334	120.0	106.99858396117665	2867.230769230769	1902	2892.179056059236
ENST00000683865.1	ENSG00000186174	-	10	8	689	3373	442.0	168.5	755.148235211377	2465.8888888888887	667	3200.751686887177
ENST00000533632.6	ENSG00000196655	+	5	3	205	814	135.33333333333334	127	36.22614157391501	986.0	1133.0	621.1322993801991
ENST00000617285.5	ENSG00000149428	-	26	24	186	1467	122.70833333333333	119.5	51.30427490169222	336.8	178	349.29452710666203
ENST00000621676.5	ENSG00000160695	+	16	14	193	514	176.71428571428572	168.0	33.37301667153034	731.6	400	822.0853101368842
ENST00000652429.1	ENSG00000256269	+	14	12	186	440	73.25	74.5	24.936738140560987	551.0769230769231	240	842.2525810327982
ENST00000354202.9	ENSG00000172269	-	9	7	359	554	142.85714285714286	147	48.67384161069329	428.875	262.0	552.3700719884916
ENST00000648610.2	ENSG00000172375	+	14	12	752	2500	129.58333333333334	114.5	55.545981498269164	491.84615384615387	146	643.9766877449636
ENST00000350777.7	ENSG00000172273	+	10	8	60	1976	143.625	132.0	47.7790674429115	1255.0	513	1878.061234358454
ENST00000264033.6	ENSG00000110395	+	16	14	274	8655	159.92857142857142	135.0	76.71572327627628	6042.866666666667	1043	11272.094094118744
ENST00000264036.6	ENSG00000076706	-	16	14	96	1387	131.71428571428572	123.5	36.22882102039028	351.6666666666667	108	539.2410892921203
ENST00000260187.7	ENSG00000036672	-	13	11	218	1708	161.0	108	218.1934921119326	1898.25	190.0	4003.5302177634994
ENST00000284240.10	ENSG00000154096	-	4	2	60	4045	198.5	198.5	194.45436482630058	1065.0	530	968.5138099170296
ENST00000264025.8	ENSG00000110400	-	6	4	726	4306	231.0	227.5	113.4225139320526	12450.6	1791	21194.143974220802
ENST00000328965.9	ENSG00000184232	+	4	2	479	1467	158.0	158.0	32.526911934581186	5680.333333333333	1871	7347.277749842681
ENST00000397843.7	ENSG00000196914	+	41	39	863	4871	117.74358974358974	99	81.62130718614245	3579.975	1391.5	10778.699363732061
ENST00000683345.1	ENSG00000154114	+	9	7	190	3999	154.42857142857142	140	51.34477299867742	7675.625	4459.5	8644.664513650685
ENST00000264027.9	ENSG00000109929	+	5	3	46	6354	151.33333333333334	133	61.58192375472963	3446.5	1333.5	4770.504550534111
ENST00000284273.6	ENSG00000154127	+	14	12	489	4725	137.58333333333334	128.0	46.317988520725514	11683.615384615385	2153	32594.843765383255
ENST00000534624.6	ENSG00000109971	-	9	7	73	431	251.42857142857142	206	136.4219644373749	298.0	274.5	197.21199615786924
ENST00000448775.4	ENSG00000166250	-	7	5	336	3903	158.6	158	29.644561052577586	20057.5	4584.0	38020.97161699054
ENST00000635736.2	ENSG00000023171	+	20	18	898	5262	120.55555555555556	112.0	47.96472015017879	9956.263157894737	1860	23688.457946251907
ENST00000530393.6	ENSG00000166261	-	9	7	112	3078	177.85714285714286	120	148.03538830454085	1664.0	599.0	3027.555072048354
ENST00000456829.7	ENSG00000110002	+	19	17	33	1856	141.8235294117647	131	51.97984620758997	1554.0	467.0	2592.0963353557495
ENST00000263593.8	ENSG00000110013	-	10	8	98	4090	156.625	160.0	27.799987153131667	3909.5555555555557	4120	2991.6568616366712
ENST00000227135.7	ENSG00000064199	+	5	3	49	3216	113.0	87	59.430631832414505	5002.75	4245.0	4012.820734844755
ENST00000284292.11	ENSG00000154146	+	4	2	158	807	122.5	122.5	147.78531726798843	2019.6666666666667	421	2931.5281566673266
ENST00000344762.6	ENSG00000149548	+	16	14	169	900	195.92857142857142	135.0	236.2435068007045	5565.066666666667	1520	8873.661689570568
ENST00000682305.1	ENSG00000150433	-	5	3	88	3352	121.66666666666667	103	57.326549986313786	3358.25	2144.0	3825.9773805743635
ENST00000278919.8	ENSG00000149557	-	10	8	145	3231	150.875	93.5	107.86027668105754	5422.444444444444	3766	5145.033165857902
ENST00000278903.11	ENSG00000149547	+	11	9	97	1164	103.33333333333333	112	28.956864471140516	1301.7	1023.5	807.1212286749604
ENST00000392708.9	ENSG00000134910	+	18	16	67	2320	132.125	122.5	38.110147380105126	1514.0588235294117	1144	1349.2833500875677
ENST00000438015.7	ENSG00000149554	+	13	11	850	1923	123.18181818181819	105	51.93229858540479	2321.4166666666665	1389.0	2763.2623492180505
ENST00000531738.6	ENSG00000064309	-	20	18	288	4285	205.11111111111111	193.0	79.83725275900076	5146.368421052632	2154	8919.042233150662
ENST00000533050.6	ENSG00000197798	+	9	7	49	849	159.71428571428572	129	93.87884796501338	6146.375	5136.5	5257.423430255547
ENST00000332118.11	ENSG00000182934	-	14	12	208	1107	139.25	157.0	41.689599749490604	228.6153846153846	197	147.89835386819922
ENST00000392679.6	ENSG00000150455	+	5	3	61	1266	287.3333333333333	159	253.19623483245823	2413.0	1063.5	3308.2445496063315
ENST00000263579.5	ENSG00000110063	+	6	4	222	4659	136.5	130.0	30.160680805755472	8103.8	4907	9462.459865172481
ENST00000444328.7	ENSG00000110080	+	11	9	157	678	108.33333333333333	96	41.907636535600524	5714.3	348.5	15694.461245576062
ENST00000392668.8	ENSG00000134954	-	10	8	71	3812	157.0	132.5	71.60407011576127	13739.444444444445	4371	20638.66870168175
ENST00000527786.7	ENSG00000151702	+	9	7	205	2809	115.85714285714286	66	72.15822561433674	14421.375	6740.5	21251.30317978843
ENST00000682444.1	ENSG00000170322	-	27	25	83	1215	155.0	124	139.90413384409578	1029.6153846153845	624.5	1088.8592591119598
ENST00000360871.8	ENSG00000170325	-	21	19	114	2806	178.1578947368421	180	75.43670132258401	4841.0	2428.5	8860.21648779116
ENST00000338167.10	ENSG00000084234	+	17	15	189	1459	136.6	131	42.016663361099965	4450.9375	1152.5	9614.420013491886
ENST00000357899.9	ENSG00000196323	-	8	6	543	5039	302.8333333333333	141.0	386.6519968481563	11548.857142857143	1592	19445.96987748851
ENST00000265909.9	ENSG00000120451	-	11	9	2214	12305	130.22222222222223	130	34.462943061271545	3453.9	1246.5	6720.704649728992
ENST00000281187.10	ENSG00000151502	+	6	4	675	2345	160.25	161.0	13.889444433333777	3891.4	2963	3587.86800203129
ENST00000281182.9	ENSG00000151498	+	11	9	142	948	120.66666666666667	110	30.099833886584822	1011.2	576.0	910.7931586138412
ENST00000399788.7	ENSG00000073614	-	28	26	394	5606	180.80769230769232	159.0	104.64416628967683	3650.4814814814813	1797	4480.184966737684
ENST00000239830.9	ENSG00000120647	+	13	11	41	869	126.36363636363636	126	60.83136152885734	3224.9166666666665	2193.5	2872.876811532723
ENST00000315939.11	ENSG00000060237	+	28	26	1746	2978	233.53846153846155	168.0	278.7005892737553	5484.37037037037	1229	12154.494579082031
ENST00000358495.8	ENSG00000002016	-	12	10	93	1717	121.3	102.0	49.64328308598813	3176.0	1619	5032.259472642483
ENST00000360905.9	ENSG00000082805	+	19	17	100	5839	198.1764705882353	145	177.68519750323802	27522.277777777777	26407.5	22124.076049316674
ENST00000339235.4	ENSG00000171823	-	2	0	1709	818	NA	NA	NA	26062.0	26062	NA
ENST00000397196.7	ENSG00000111186	+	5	3	141	1419	226.0	248	80.2932126645833	3936.0	3871.5	2769.8131104221934
ENST00000357103.5	ENSG00000006831	+	8	6	122	2731	186.33333333333334	187.5	43.95755528537349	13376.285714285714	2803	22737.4622866778
ENST00000280665.11	ENSG00000151065	-	9	7	176	234	231.85714285714286	129	290.2633451261277	7046.5	3812.0	7859.804759479898
ENST00000001008.6	ENSG00000004478	+	10	8	275	2273	145.875	144.0	50.79493084944599	748.7777777777778	539	657.3598287425574
ENST00000359843.8	ENSG00000111206	-	9	7	255	1984	187.57142857142858	152	168.14166362808191	1992.875	1885.0	1480.250503655185
ENST00000489288.7	ENSG00000171792	+	3	1	60	1614	252.0	252	NA	5188.0	5188.0	3976.768537393143
ENST00000448120.7	ENSG00000078246	+	11	9	98	1828	128.22222222222223	115	45.846967669023044	4716.8	1758.0	6021.225010097382
ENST00000359864.8	ENSG00000197905	+	13	11	85	312	119.36363636363636	129	63.26337443935903	6630.833333333333	1282.0	10547.420631116262
ENST00000011898.10	ENSG00000011105	+	9	7	75	3515	104.57142857142857	84	44.188449255648784	25607.375	1271.0	45586.663961349484
ENST00000440314.7	ENSG00000130038	-	20	18	95	112	138.72222222222223	109.5	78.72499084157798	7109.368421052632	4387	6556.606313995461
ENST00000228820.9	ENSG00000111224	-	8	6	188	3579	113.66666666666667	125.0	32.03539708926154	8584.285714285714	2676	15466.658782838713
ENST00000261254.8	ENSG00000118971	+	5	3	474	5494	175.0	160	35.93048844644336	6274.75	6230.5	4784.25113436436
ENST00000261250.8	ENSG00000047621	-	14	12	61	2165	132.58333333333334	125.5	53.69011815854746	3609.076923076923	2189	3609.435954585759
ENST00000009180.10	ENSG00000010278	+	8	6	166	504	92.5	94.0	12.078907235342111	5234.571428571428	1487	8969.452600486886
ENST00000162749.7	ENSG00000067182	-	10	8	301	852	127.25	121.5	77.81984689928765	1237.2222222222222	220	2445.653071153888
ENST00000228916.7	ENSG00000111319	-	13	11	59	1407	153.0	104	123.15031465652046	2130.6666666666665	448.0	3370.8125627707827
ENST00000228918.9	ENSG00000111321	+	10	8	293	907	116.75	103.0	57.87116232262342	585.6666666666666	319	633.5518921130297
ENST00000315579.10	ENSG00000010292	+	32	30	53	629	138.1	134.5	41.822572687567856	1065.4516129032259	299	2620.369246737435
ENST00000229239.10	ENSG00000111640	+	9	7	53	271	137.28571428571428	100	123.32303689323997	321.25	116.5	532.4849427783985
ENST00000683879.1	ENSG00000126746	-	12	10	278	1639	149.0	126.0	95.1139667276403	1772.0	871	2484.7870733726863
ENST00000543155.6	ENSG00000111652	+	8	6	134	866	138.5	129.0	56.88145567757562	855.5714285714286	434	1049.2155573161722
ENST00000203630.10	ENSG00000089693	-	9	7	203	552	114.28571428571429	129	62.419853374051556	448.875	327.5	290.28677323344533
ENST00000309083.8	ENSG00000159335	+	5	3	388	561	71.0	72	8.54400374531753	857.0	209.5	1330.5640407987385
ENST00000290510.10	ENSG00000110811	+	15	13	532	551	119.07692307692308	125	40.844137764722	629.2857142857143	338.5	803.9681804430044
ENST00000229268.13	ENSG00000111667	+	20	18	141	649	131.77777777777777	139.0	41.209016083084876	595.8421052631579	461	658.54597942554
ENST00000396705.10	ENSG00000111669	+	7	5	151	684	103.2	88	23.338808881346107	344.5	201.5	420.251710288013
ENST00000524270.6	ENSG00000111671	-	3	1	58	385	760.0	760	NA	583.0	583.0	473.76154339498686
ENST00000229277.6	ENSG00000111674	+	12	10	80	967	124.7	103.0	61.96782319164609	620.3636363636364	328	569.3675917590099
ENST00000318974.14	ENSG00000111679	+	16	14	165	191	128.92857142857142	127.5	38.00093983800175	520.0	180	755.2494384544184
ENST00000535923.6	ENSG00000215021	-	10	8	248	386	93.125	82.5	51.04182458673335	439.8888888888889	427	265.48325956849163
ENST00000261407.9	ENSG00000111684	-	13	11	203	707	120.45454545454545	109	41.227087300374826	3338.0833333333335	503.5	9895.038117969056
ENST00000266546.11	ENSG00000139182	+	18	16	342	1005	166.625	160.5	52.175185672884766	1444.8235294117646	681	1917.856200139042
ENST00000675855.1	ENSG00000139197	+	16	14	65	1438	123.85714285714286	126.0	44.83792546984707	1235.8	376	2005.997657027545
ENST00000075120.12	ENSG00000059804	-	10	8	168	2402	157.125	162.0	53.589544555951264	1459.0	1332	987.6277132604167
ENST00000162391.8	ENSG00000065970	+	11	9	1118	2756	183.33333333333334	141	121.73023453522137	1727.8	959.0	1767.1790954952912
ENST00000339754.11	ENSG00000089818	+	8	6	110	1840	114.0	104.0	35.552777669262355	1853.4285714285713	825	2659.8467911481202
ENST00000535829.6	ENSG00000166532	+	6	4	307	3871	188.25	217.5	68.68951885113187	14854.0	15513	14116.291386196304
ENST00000544916.6	ENSG00000111752	+	15	13	319	2163	223.69230769230768	151	198.75377758061381	1540.642857142857	1000.0	1904.0538780007435
ENST00000000412.8	ENSG00000003056	-	7	5	158	1580	142.4	131	28.36899716239543	1139.1666666666667	753.0	1042.8038006579507
ENST00000266458.10	ENSG00000139112	+	4	2	343	1342	99.0	99.0	28.284271247461902	2789.6666666666665	2298	1856.97558770527
ENST00000320756.7	ENSG00000111196	-	5	3	171	2182	84.33333333333333	83	26.025628394590846	1702.75	1686.5	865.2958549921909
ENST00000228251.9	ENSG00000060138	-	10	8	474	566	111.375	99.0	56.4723383613606	2478.222222222222	2304	1565.340919558562
ENST00000622602.2	ENSG00000256537	+	1	0	4823	4823	NA	NA	NA	NA	NA	NA
ENST00000396373.9	ENSG00000139083	+	8	6	487	4437	203.33333333333334	139.0	169.14451414889774	34222.857142857145	14475	41720.78350346332
ENST00000261349.9	ENSG00000070018	-	23	21	364	5396	213.9047619047619	203	81.76546016620023	6398.545454545455	2675.5	9605.989613268195
ENST00000535902.6	ENSG00000111261	-	4	2	165	4903	232.0	232.0	128.69343417595164	6218.333333333333	6663	1514.7677489745197
ENST00000298573.9	ENSG00000111266	-	7	5	747	4734	236.0	160	200.22612217190843	13820.166666666666	10006.0	14849.225439957017
ENST00000228865.3	ENSG00000111269	+	4	2	312	3115	171.5	171.5	37.476659402887016	9821.0	4279	11998.72209862367
ENST00000228872.9	ENSG00000111276	+	3	1	947	1334	130.0	130	NA	1295.5	1295.5	1110.8647532440662
ENST00000358007.7	ENSG00000213782	+	12	10	109	559	114.9	118.0	38.51247993976902	1347.1818181818182	577	1944.9154643933405
ENST00000014914.6	ENSG00000013588	+	4	2	103	5491	494.0	494.0	615.1828996322963	6598.0	2912	8740.750311043097
ENST00000197268.13	ENSG00000084444	+	13	11	60	2825	166.0	144	85.44705963343618	2863.1666666666665	2516.5	2980.8954064580034
ENST00000256951.10	ENSG00000134531	+	5	3	147	5408	119.33333333333333	120	22.00757445365875	4325.75	1301.0	6886.8191193999955
ENST00000261168.9	ENSG00000171681	+	15	13	146	5277	261.53846153846155	113	419.82707062642976	9173.285714285714	4295.5	14709.317755598484
ENST00000261167.7	ENSG00000084463	-	12	10	127	2917	153.7	158.5	74.13358812905854	1301.4545454545455	1322	820.6093301488064
ENST00000228945.9	ENSG00000111348	-	6	4	65	691	104.5	80.5	59.57907910220388	3679.4	2054	4076.59929352886
ENST00000256953.6	ENSG00000134533	-	5	3	223	1735	102.0	74	63.788713735268246	27842.75	6618.0	45766.81531688653
ENST00000281172.10	ENSG00000151491	-	21	19	228	1297	125.05263157894737	130	44.34770905295576	8267.7	2446.0	23223.152370221538
ENST00000419869.7	ENSG00000023734	+	10	8	433	562	109.875	116.5	33.90506704651344	2135.3333333333335	1885	1783.5023128664566
ENST00000428559.7	ENSG00000023697	+	9	7	83	692	124.14285714285714	129	22.281745678384144	15550.75	3232.5	20865.78389715702
ENST00000396210.8	ENSG00000008394	+	4	2	66	616	121.5	121.5	37.476659402887016	5280.333333333333	6095	1791.750633691344
ENST00000266508.14	ENSG00000139154	+	8	6	879	4141	135.0	119.5	52.52047219894353	10986.57142857143	10530	7909.829325110685
ENST00000240651.14	ENSG00000121350	+	12	10	160	2745	117.0	121.5	26.144895401503437	2683.7272727272725	2553	1750.4363507942294
ENST00000444129.7	ENSG00000004700	-	15	13	466	1437	141.69230769230768	139	49.3294783663626	2070.0714285714284	1169.0	2210.1395523041842
ENST00000229314.10	ENSG00000111711	+	5	3	160	2740	117.66666666666667	92	53.35103872778236	3341.75	3512.5	1465.6412419142687
ENST00000350669.5	ENSG00000111716	-	8	6	92	368	140.5	129.5	26.68145423323099	3028.285714285714	2790	2170.162491173239
ENST00000446597.6	ENSG00000111731	-	27	25	223	1309	122.12	109	44.555508451069585	3514.423076923077	2471.5	3402.1737542115857
ENST00000266517.9	ENSG00000139163	+	8	6	416	5784	143.83333333333334	142.0	66.71556540018729	8347.42857142857	10066	7001.463843538789
ENST00000451604.7	ENSG00000134532	-	15	13	107	5019	150.0	147	53.225933528685054	29506.5	20689.5	27081.519443084315
ENST00000261192.12	ENSG00000060982	-	11	9	175	8026	123.66666666666667	120	43.174066289845804	12976.4	7449.5	14217.64175788501
ENST00000381356.9	ENSG00000205707	+	3	1	101	1053	88.0	88	NA	4332.5	4332.5	6009.700533304467
ENST00000311936.8	ENSG00000133703	-	5	3	179	4666	153.66666666666666	160	29.022979401386987	10094.5	10528.5	7932.6336316089455
ENST00000689635.1	ENSG00000123094	+	6	4	467	4173	335.0	178.0	373.0871211928924	21641.6	9051	25721.629843382787
ENST00000242728.5	ENSG00000123095	-	5	3	320	3139	94.66666666666667	108	26.63331247391757	316.25	334.5	134.79706970108808
ENST00000242729.7	ENSG00000123096	+	3	1	379	4067	87.0	87	NA	17336.0	17336.0	15563.42025391591
ENST00000261191.12	ENSG00000064102	-	17	15	186	356	139.46666666666667	136	55.05694022252478	1885.4375	1350.0	1730.8417208110047
ENST00000229395.8	ENSG00000111790	+	7	5	241	2053	127.6	118	17.00882124075622	4207.833333333333	2481.0	5554.335222748683
ENST00000343028.9	ENSG00000064115	-	12	10	307	2649	135.9	152.0	36.146153937098816	3499.181818181818	2663	3138.9950563255693
ENST00000389032.8	ENSG00000211455	+	14	12	47	3632	106.5	110.5	31.102469939920148	5901.307692307692	1831	14378.637037775958
ENST00000228425.11	ENSG00000110841	+	30	28	160	2769	109.07142857142857	113.0	47.57522586811456	5702.620689655172	1801	13669.589852802546
ENST00000381271.7	ENSG00000087448	+	3	1	970	5326	194.0	194	NA	8159.0	8159.0	3317.745017327281
ENST00000360150.9	ENSG00000087502	-	14	12	58	3867	92.33333333333333	97.0	36.40013319988949	2983.6923076923076	1826	2637.675851471499
ENST00000256079.9	ENSG00000133704	-	25	23	306	1970	127.47826086956522	117	44.1843962227076	2569.75	2199.0	2093.732162805266
ENST00000695402.1	ENSG00000110888	-	19	17	201	918	153.41176470588235	105	147.03743520934108	2315.1111111111113	1549.5	2216.325519967118
ENST00000389082.10	ENSG00000170456	-	21	19	431	5561	184.94736842105263	132	153.8478590773692	9970.25	4391.0	20549.938055675626
ENST00000652176.1	ENSG00000151746	+	10	8	698	6094	328.375	203.5	328.2590168492819	29707.555555555555	11550	37810.419609252924
ENST00000534526.7	ENSG00000139132	+	17	15	402	5775	152.53333333333333	141	106.89973049990529	14876.75	4758.0	40058.20441058236
ENST00000549701.6	ENSG00000087470	+	20	18	165	2297	114.0	115.5	48.26276118962796	3254.5263157894738	1771	5020.592366205639
ENST00000331366.10	ENSG00000139117	-	20	18	155	1868	78.22222222222223	69.0	37.18088622738294	13155.684210526315	8499	13486.807529552028
ENST00000398675.8	ENSG00000151233	-	8	6	449	6103	156.66666666666666	149.0	55.94878610538987	7934.0	9308	4717.381865682136
ENST00000534854.7	ENSG00000015153	-	4	2	94	3723	139.5	139.5	19.091883092036785	25683.0	786	43431.53875929334
ENST00000266529.8	ENSG00000139168	-	8	6	171	1113	87.33333333333333	97.0	32.3336769741189	1743.0	1572	1660.584134172872
ENST00000358314.12	ENSG00000134283	+	10	8	63	867	116.125	106.0	54.151737869487754	12684.0	9653	12505.924016241263
ENST00000345127.9	ENSG00000139174	-	8	6	282	3909	281.1666666666667	183.5	287.46924473179155	18158.85714285714	2025	43554.829488927215
ENST00000613694.5	ENSG00000198001	+	12	10	66	2862	135.6	152.5	45.22585298010174	2391.5454545454545	1171	2604.1236669419663
ENST00000395510.7	ENSG00000151239	-	9	7	97	2033	122.42857142857143	122	34.170441138783204	1201.0	1392.0	685.2926382210742
ENST00000320560.13	ENSG00000177119	+	20	18	297	3245	136.44444444444446	122.5	60.88680164353425	11066.157894736842	6042	19343.635172735925
ENST00000334344.11	ENSG00000189079	+	21	19	223	3104	277.42105263157896	134	627.9488050425655	8486.7	1472.0	18434.10258789542
ENST00000369367.8	ENSG00000139218	-	15	13	222	3064	328.15384615384613	107	722.2662074048421	4563.714285714285	1911.0	7051.179011381675
ENST00000398637.10	ENSG00000111371	-	17	15	518	6009	104.66666666666667	98	37.600658555529634	4867.75	1460.5	7571.998041028097
ENST00000256689.10	ENSG00000134294	-	16	14	265	3022	107.71428571428571	95.5	40.04695046764787	652.7333333333333	382	839.592457825876
ENST00000550413.2	ENSG00000139211	-	3	1	498	2619	107.0	107	NA	144.5	144.5	96.87362902255701
ENST00000005386.8	ENSG00000005175	-	17	15	79	2342	127.86666666666666	123	42.95822998925263	2527.6875	1257.5	2391.7539371418065
ENST00000442218.3	ENSG00000211584	+	3	1	203	2607	168.0	168	NA	3268.0	3268.0	3279.5612511432073
ENST00000080059.12	ENSG00000061273	-	26	24	137	1165	121.29166666666667	117.5	44.89647915571677	1318.76	280	3438.4600026756166
ENST00000429772.7	ENSG00000134291	+	8	6	109	746	114.0	102.5	68.17917570636946	534.8571428571429	492	266.925350720277
ENST00000549518.6	ENSG00000079387	-	18	16	52	2488	119.75	100.0	64.23550420133714	3454.529411764706	1566	3838.497706096212
ENST00000359794.11	ENSG00000152556	+	23	21	43	841	105.04761904761905	96	39.77496221302566	1088.6818181818182	607.0	1635.3773231818673
ENST00000317697.8	ENSG00000177981	-	4	2	57	2210	133.5	133.5	40.30508652763321	2397.6666666666665	2062	1394.1435841882762
ENST00000420613.7	ENSG00000139620	-	10	8	52	965	169.5	165.5	61.10178861071557	2961.6666666666665	1548	2759.065965141102
ENST00000261900.8	ENSG00000129315	-	9	7	193	5979	88.0	71	42.62237284181474	2682.75	1784.5	2700.31642325752
ENST00000357869.8	ENSG00000174233	-	22	20	184	2523	169.25	129.5	172.5035087362451	800.1904761904761	264	1421.109693832521
ENST00000301050.7	ENSG00000167535	+	13	11	479	1357	99.54545454545455	110	40.37168224477062	626.25	227.5	1187.4101018603471
ENST00000308025.8	ENSG00000174243	-	17	15	80	937	149.26666666666668	144	49.64368276120576	1197.0	576.0	1668.7270198168023
ENST00000309739.6	ENSG00000172602	-	5	3	223	1097	111.0	110	23.515952032609693	1768.25	1770.5	1088.2626444628766
ENST00000550765.6	ENSG00000134285	-	6	4	193	239	64.75	68.5	22.559181427229728	567.8	370	571.5515724761852
ENST00000256682.9	ENSG00000134287	-	5	3	178	3386	159.0	125	71.35825109964509	4431.0	693.0	7797.486817344847
ENST00000548065.7	ENSG00000181929	-	12	10	45	733	87.9	70.5	46.33321342910145	1349.6363636363637	199	2533.2462680413555
ENST00000301068.11	ENSG00000167550	-	8	6	246	517	68.33333333333333	70.0	13.837148068394248	590.1428571428571	266	674.6926284295263
ENST00000267102.13	ENSG00000139636	-	17	15	364	601	88.66666666666667	78	32.59418586774262	713.375	436.5	916.676742368868
ENST00000336023.9	ENSG00000123416	-	4	2	98	1157	186.0	186.0	52.32590180780452	662.3333333333334	303	796.322380279076
ENST00000301071.12	ENSG00000167552	-	4	2	104	1196	186.0	186.0	52.32590180780452	871.3333333333334	319	1104.4565782923896
ENST00000301072.11	ENSG00000167553	+	4	2	103	2348	186.0	186.0	52.32590180780452	2232.0	2276	2070.350694930692
ENST00000549441.7	ENSG00000178401	+	4	2	664	2374	704.5	704.5	342.94678887547553	785.3333333333334	660	763.7521412954162
ENST00000552918.6	ENSG00000123352	+	14	12	126	1482	136.0	109.5	77.16923550930713	12055.692307692309	3640	24119.443389046854
ENST00000343810.9	ENSG00000187778	-	15	13	95	431	108.61538461538461	110	34.81268557470217	564.7142857142857	312.5	677.4200411029424
ENST00000548825.7	ENSG00000110844	+	26	24	33	566	107.625	113.0	47.287108731385906	716.92	239	1516.4553493811372
ENST00000267115.10	ENSG00000139644	+	10	8	55	2062	90.0	92.0	22.360679774997898	2282.3333333333335	1093	3369.3037856506794
ENST00000335999.7	ENSG00000167566	-	13	11	92	900	353.6363636363636	120	758.503826322224	2698.3333333333335	812.0	6235.510408988671
ENST00000312377.10	ENSG00000161800	-	17	15	97	1182	121.8	118	43.24052332179685	2076.6875	1123.0	2932.910788931933
ENST00000447966.7	ENSG00000110881	+	12	10	321	2067	149.8	139.5	90.423448286382	2011.8181818181818	512	5063.237873499167
ENST00000394963.9	ENSG00000066117	+	13	11	205	1761	119.72727272727273	123	37.06775123767534	1006.9166666666666	549.0	1138.1276057497669
ENST00000550487.6	ENSG00000178449	+	2	0	66	418	NA	NA	NA	7734.0	7734	NA
ENST00000317551.12	ENSG00000139624	-	10	8	269	1406	104.0	106.5	36.296398876866164	3952.6666666666665	1029	7270.292411588409
ENST00000341247.9	ENSG00000050405	-	11	9	101	2282	144.11111111111111	110	125.55023341719087	10405.3	7034.0	10085.599459405254
ENST00000398473.7	ENSG00000161813	+	16	14	144	4479	129.85714285714286	129.5	51.44206172273536	4845.266666666666	2110	6808.974083271772
ENST00000301180.10	ENSG00000066084	+	38	36	256	4071	121.61111111111111	120.0	38.51402548072791	6350.486486486487	2237	19716.434510638894
ENST00000262053.8	ENSG00000123268	+	7	5	207	1528	135.4	134	36.678331477863054	9108.333333333334	9320.5	6719.488333695257
ENST00000332160.5	ENSG00000185432	+	2	0	522	2595	NA	NA	NA	4377.0	4377	NA
ENST00000262052.9	ENSG00000110911	-	16	14	75	2444	115.21428571428571	120.0	35.314365286727096	2417.4	1029	3812.430716934876
ENST00000262055.9	ENSG00000050426	+	9	7	152	1064	127.14285714285714	116	37.600658555529634	1249.0	1380.5	964.7941305199334
ENST00000228515.6	ENSG00000110925	-	5	3	258	3465	264.6666666666667	260	30.2709982216202	4468.75	4428.0	2128.0489303585105
ENST00000257915.10	ENSG00000135457	-	15	13	835	1623	103.76923076923077	106	33.76426574095224	5405.214285714285	1623.5	13907.602974237185
ENST00000412716.8	ENSG00000183283	+	4	2	95	1604	182.5	182.5	89.80256121069154	1014.6666666666666	1213	534.8311259952372
ENST00000603798.6	ENSG00000170545	-	4	2	160	1562	76.5	76.5	6.363961030678928	7994.333333333333	939	12487.881218738963
ENST00000356317.8	ENSG00000139629	-	12	10	120	3241	194.6	151.5	147.23541240702477	3168.0	1388	4090.0644249204684
ENST00000453097.7	ENSG00000050438	+	25	23	205	8338	140.04347826086956	138	48.36177891764375	3298.7083333333335	1397.5	3872.417720002377
ENST00000257963.9	ENSG00000135503	+	9	7	136	3094	185.85714285714286	168	52.94786294531811	5106.125	2395.0	7555.2479478552805
ENST00000394825.6	ENSG00000123358	+	7	5	127	816	308.4	179	319.60334791738336	929.5	618.0	972.723753179699
ENST00000262056.14	ENSG00000063046	+	15	13	41	2073	134.0	135	58.52207560684543	2278.8571428571427	864.5	2817.725237932811
ENST00000301463.9	ENSG00000167778	-	11	9	80	1651	130.11111111111111	136	41.735609629081864	1217.3	735.5	1448.2746094730944
ENST00000301464.4	ENSG00000167779	+	4	2	385	296	133.0	133.0	18.384776310850235	1242.3333333333333	884	1276.7867219443244
ENST00000444623.6	ENSG00000139631	-	17	15	194	1022	93.2	90	42.1243058442171	1290.5625	398.5	2345.756906096623
ENST00000416904.5	ENSG00000139651	+	7	5	116	7642	159.8	124	89.87880729070675	977.3333333333334	658.0	979.646602947546
ENST00000425354.7	ENSG00000172819	-	10	8	236	1295	173.25	160.0	73.25249873846333	2080.4444444444443	686	3703.7983581423246
ENST00000329548.5	ENSG00000182544	+	2	0	174	1589	NA	NA	NA	549.0	549	NA
ENST00000257934.9	ENSG00000135476	+	31	29	79	366	212.86206896551724	140	231.84858423085575	624.0666666666667	336.5	625.9099270514961
ENST00000327443.9	ENSG00000185591	+	6	4	123	5520	509.25	184.5	669.430790547711	5718.2	1365	9674.27636570302
ENST00000429243.7	ENSG00000205352	+	4	2	59	624	211.0	211.0	243.24473272817235	1266.6666666666667	902	852.6431453623101
ENST00000546463.6	ENSG00000197111	+	15	13	275	1757	86.6923076923077	75	47.76397634093539	1850.142857142857	1298.0	1908.3880776574388
ENST00000547488.6	ENSG00000139625	-	14	12	32	1612	218.08333333333334	159.0	167.52283878669056	1194.5384615384614	195	3252.920703393199
ENST00000266987.7	ENSG00000139546	+	9	7	179	441	127.14285714285714	118	44.7378608169433	454.875	469.5	229.11534057263447
ENST00000420353.7	ENSG00000170653	-	12	10	104	5301	125.5	116.5	37.008257336858094	9788.09090909091	5777	14592.50412680802
ENST00000394349.9	ENSG00000135390	-	5	3	31	259	114.0	78	69.39740629158989	2570.5	3017.0	1436.3958368082247
ENST00000550804.6	ENSG00000012822	-	15	13	49	3605	147.84615384615384	149	49.05413022679836	954.2857142857143	500.0	896.5130252236185
ENST00000682136.1	ENSG00000123415	-	4	2	35	2258	194.0	194.0	155.56349186104046	1979.6666666666667	1048	1627.5700701761916
ENST00000209875.9	ENSG00000094916	-	5	3	115	10964	155.66666666666666	179	47.51140214025822	9408.75	5555.5	8630.353811789333
ENST00000340913.11	ENSG00000135486	+	11	9	97	2539	123.11111111111111	117	48.22718228459041	261.8	217.5	177.87373799036965
ENST00000394313.7	ENSG00000161642	-	7	5	306	1351	156.6	163	57.959468596597745	2193.0	1042.0	3198.445559955648
ENST00000293379.9	ENSG00000161638	-	30	28	286	1116	101.71428571428571	102.0	44.87419215644023	681.2413793103449	233	1324.7259192315005
ENST00000257879.11	ENSG00000135424	-	25	23	428	721	129.43478260869566	120	49.719052582720444	800.4583333333334	264.5	1181.74763653213
ENST00000257857.9	ENSG00000135404	-	8	6	57	304	110.33333333333333	90.0	45.579235038191094	380.57142857142856	224	300.63868521469266
ENST00000257868.10	ENSG00000135414	+	3	1	640	7763	398.0	398	NA	2671.0	2671.0	3044.8017997892734
ENST00000243045.10	ENSG00000123353	+	4	2	72	1620	163.5	163.5	16.263455967290593	606.6666666666666	766	384.60542551208675
ENST00000678005.2	ENSG00000135392	-	7	5	99	1203	390.8	120	599.8176389537073	891.1666666666666	274.5	1417.4632858267146
ENST00000331886.10	ENSG00000065357	+	24	22	183	339	100.22727272727273	89.5	36.2109320748804	875.4347826086956	271	2106.6770004416253
ENST00000266970.9	ENSG00000123374	+	7	5	295	1269	135.2	121	51.455806280729874	620.0	567.0	472.3087972926187
ENST00000360299.10	ENSG00000111540	+	6	4	62	4587	156.0	137.5	70.11894655987543	3466.6	643	5267.151867945332
ENST00000266971.8	ENSG00000139531	+	5	3	64	1908	115.66666666666667	109	59.28181283777794	1482.75	586.0	2024.979732408862
ENST00000267101.8	ENSG00000065361	+	28	26	218	1977	131.53846153846155	123.5	53.83101765282226	656.5185185185185	268	921.959675839808
ENST00000303305.11	ENSG00000170515	+	13	11	267	1088	93.72727272727273	93	27.662577280835237	580.5	272.0	614.2783644984651
ENST00000257940.7	ENSG00000135482	+	3	1	53	7004	64.0	64	NA	1064.0	1064.0	417.19300090006305
ENST00000394048.10	ENSG00000139641	+	31	29	443	852	99.48275862068965	90	38.90429712737874	407.6	154.0	737.5763478891641
ENST00000695999.1	ENSG00000196465	+	8	6	45	101	113.66666666666667	111.0	77.7217258343294	652.5714285714286	220	674.7562170005938
ENST00000550697.6	ENSG00000092841	+	7	5	46	193	93.8	78	63.072973609938515	418.8333333333333	292.0	304.9560077563101
ENST00000550164.6	ENSG00000139613	-	29	27	133	1407	131.4814814814815	116	91.09055949158524	786.9642857142857	513.5	809.859314812369
ENST00000345093.9	ENSG00000181852	-	7	5	163	4620	162.0	136	69.04708538381617	2358.5	2178.0	1733.8771294414146
ENST00000267023.9	ENSG00000139579	+	7	5	100	841	91.8	82	29.969984984981224	685.5	414.5	949.6173439865133
ENST00000267116.8	ENSG00000139645	-	28	26	142	5586	113.57692307692308	88.0	47.05245844962669	440.6296296296296	216	658.8804693830839
ENST00000308197.10	ENSG00000135469	+	5	3	311	817	147.33333333333334	147	45.50091574170055	613.75	564.5	376.3228888423699
ENST00000351328.8	ENSG00000062485	-	11	9	171	1556	132.0	130	57.39555731936053	2571.7	832.0	4246.915457128856
ENST00000440411.8	ENSG00000135473	-	26	24	139	708	153.16666666666666	133.0	81.79490080134244	501.68	207	868.520423862713
ENST00000314128.9	ENSG00000170581	-	24	22	50	1935	110.0	94.5	60.90195086405377	613.304347826087	209	957.012654745941
ENST00000553532.6	ENSG00000111602	-	29	27	117	1424	133.96296296296296	134	43.07014089873676	996.6428571428571	223.0	2841.5731064987085
ENST00000262031.10	ENSG00000076067	+	14	12	270	7054	97.0	89.5	35.63705936241092	5068.153846153846	629	10981.751536421332
ENST00000549884.6	ENSG00000076108	-	29	27	202	3188	205.4814814814815	156	147.54591733015766	921.1785714285714	283.0	2370.0097367134176
ENST00000262030.8	ENSG00000110955	-	10	8	148	249	170.25	179.0	33.64839202271463	672.3333333333334	571	645.2081059627196
ENST00000262033.11	ENSG00000110958	-	8	6	287	1150	76.83333333333333	80.0	31.530408602913262	3291.1428571428573	1384	5291.246873487427
ENST00000454682.6	ENSG00000196531	-	9	7	37	126	889.1428571428571	123	2072.63676095382	810.75	512.0	950.375226649228
ENST00000338193.11	ENSG00000198056	-	13	11	128	155	103.63636363636364	99	31.442877499595127	1610.0833333333333	1074.5	1365.3979412166946
ENST00000300101.3	ENSG00000166860	-	2	0	142	6126	NA	NA	NA	1443.0	1443	NA
ENST00000300128.9	ENSG00000166881	-	9	7	173	4417	146.71428571428572	125	60.6787010565055	2191.5	1630.5	1918.2048155204163
ENST00000300131.8	ENSG00000166886	+	7	5	241	865	277.0	134	337.43295630391526	645.3333333333334	392.0	636.7921691310805
ENST00000300134.8	ENSG00000166888	-	22	20	234	1354	118.75	126.0	40.0182524145644	571.047619047619	290	759.9533851619109
ENST00000349394.6	ENSG00000182379	+	2	0	233	1572	NA	NA	NA	7851.0	7851	NA
ENST00000328923.8	ENSG00000182199	+	12	10	101	702	135.4	131.5	44.32506188502291	278.90909090909093	160	264.9903600304942
ENST00000402412.6	ENSG00000179912	-	24	22	324	1350	124.4090909090909	118.0	57.26850633796745	7516.04347826087	1471	18441.933815672914
ENST00000355673.8	ENSG00000166987	+	13	11	188	989	275.0	154	313.2107916403903	260.25	187.0	245.84996348475332
ENST00000548249.6	ENSG00000175203	-	14	12	165	725	90.25	85.0	34.69116995327878	1166.8461538461538	256	2731.114847034505
ENST00000455537.7	ENSG00000155980	+	29	27	357	2416	111.33333333333333	105	48.87661073481954	1100.392857142857	374.5	2437.5637707029096
ENST00000354947.10	ENSG00000166908	+	10	8	272	1893	126.375	109.0	66.27849791383542	1005.6666666666666	665	1067.7276103950858
ENST00000337737.8	ENSG00000178498	+	7	5	35	726	253.4	161	284.22403135554885	491.8333333333333	402.0	267.1631835913524
ENST00000341156.9	ENSG00000135454	-	11	9	430	3553	153.88888888888889	165	63.427999425420246	442.5	455.5	284.9098297902533
ENST00000257910.8	ENSG00000135452	+	6	4	179	3004	123.75	123.0	36.28015986734347	300.6	297	158.5758493592262
ENST00000257904.11	ENSG00000135446	-	8	6	136	891	139.66666666666666	136.0	61.71763659333259	388.42857142857144	157	378.56168900319585
ENST00000324871.12	ENSG00000037897	-	6	4	132	681	141.25	139.0	39.64320034171476	451.4	160	459.25624655523194
ENST00000398073.7	ENSG00000175215	-	8	6	358	3801	104.33333333333333	97.5	55.33052201693624	3145.4285714285716	593	6059.499617876679
ENST00000320743.8	ENSG00000139263	-	19	17	505	662	169.35294117647058	144	105.29775708465411	2461.3333333333335	939.0	5323.493943333258
ENST00000228705.7	ENSG00000111110	-	10	8	659	4643	144.0	116.0	87.59647742428264	31633.666666666668	22369	29424.855288514165
ENST00000261234.11	ENSG00000118600	+	6	4	221	888	186.25	163.5	90.6545641432355	5560.0	3270	6498.5989643922485
ENST00000398055.8	ENSG00000174206	-	3	1	294	3579	286.0	286	NA	13529.0	13529.0	10592.459582174482
ENST00000332707.10	ENSG00000184575	+	25	23	413	3021	127.65217391304348	117	70.22276806100851	1681.8333333333333	1270.5	1634.2814580291765
ENST00000331710.10	ENSG00000183735	+	21	19	68	785	114.15789473684211	107	42.895562005481196	2348.65	2000.0	2095.756697283949
ENST00000258145.8	ENSG00000135677	-	14	12	322	3371	115.66666666666667	106.0	43.128419934662645	3144.3846153846152	2273	2322.093650798116
ENST00000308259.10	ENSG00000174099	+	7	5	183	3753	88.2	98	37.55928646819585	30641.333333333332	23916.5	29907.158933383602
ENST00000403681.7	ENSG00000149948	+	5	3	899	3047	57.0	51	27.49545416973504	34423.0	11130.0	52416.89109437911
ENST00000358230.8	ENSG00000155957	-	7	5	142	2321	82.6	106	39.3674992855782	5212.5	3139.0	5998.5231432411765
ENST00000359742.9	ENSG00000155974	-	25	23	227	1816	134.95652173913044	146	44.91757932932633	13604.125	7872.0	20169.485894404083
ENST00000545606.6	ENSG00000111530	+	15	13	428	7348	261.53846153846155	146	374.6733277991677	2815.714285714286	1682.5	3747.006773177993
ENST00000344096.4	ENSG00000127334	+	3	1	438	8301	149.0	149	NA	3887.0	3887.0	4628.72098964714
ENST00000682720.1	ENSG00000111554	-	15	13	135	801	157.23076923076923	115	98.8029637259209	2486.9285714285716	1319.0	2905.74154349323
ENST00000229179.9	ENSG00000111581	+	28	26	96	3455	102.38461538461539	103.5	35.33505559421343	1948.851851851852	1095	1866.4788878383915
ENST00000258149.11	ENSG00000135679	+	11	9	315	6271	100.44444444444444	85	40.1220360622162	2987.8	3281.0	2061.424900941633
ENST00000551568.6	ENSG00000135678	-	9	7	30	5505	156.0	163	28.36077102854105	9421.25	2259.5	15786.041643987714
ENST00000435070.7	ENSG00000111605	+	10	8	138	4847	199.875	164.0	128.288110461236	3134.0	1712	3744.6541896415483
ENST00000247843.7	ENSG00000127337	+	7	5	281	724	92.6	93	18.92881401461803	4943.333333333333	2744.5	7200.435505347345
ENST00000549921.6	ENSG00000166225	+	9	7	143	5789	119.42857142857143	96	51.40965260485993	12829.75	1478.5	21655.421793893292
ENST00000299300.11	ENSG00000166226	+	16	14	66	276	112.42857142857143	108.0	33.84515483041118	946.4	686	938.8943193230764
ENST00000247833.12	ENSG00000127328	+	11	9	172	7836	147.22222222222223	113	78.59194897980609	7500.7	3597.0	9057.703572711524
ENST00000229195.8	ENSG00000111596	+	16	14	48	1165	116.5	124.0	39.42812350438356	7247.8	2297	11140.167036449679
ENST00000266674.10	ENSG00000139292	+	18	16	495	2664	89.0	72.0	40.5807836296935	8348.823529411764	2895	15561.482811075934
ENST00000378743.9	ENSG00000133858	-	35	33	836	967	158.6060606060606	132	96.94036162569857	1388.6176470588234	702.0	1879.4955805361453
ENST00000308086.3	ENSG00000173451	+	3	1	280	3956	196.0	196	NA	5956.0	5956.0	5184.506919659766
ENST00000266673.10	ENSG00000139291	+	6	4	729	4216	179.25	174.0	64.9172550251472	2660.8	1722	2395.9561139553452
ENST00000485960.7	ENSG00000121749	+	17	15	53	1331	118.2	103	38.495268725983905	5087.375	1855.0	7837.264921514393
ENST00000519948.4	ENSG00000253719	+	1	0	7596	7596	NA	NA	NA	NA	NA	NA
ENST00000266671.10	ENSG00000139289	-	2	0	1267	4646	NA	NA	NA	417.0	417	NA
ENST00000650064.2	ENSG00000179941	-	2	0	254	3314	NA	NA	NA	374.0	374	NA
ENST00000261183.8	ENSG00000091039	-	24	22	375	4225	118.36363636363636	100.5	49.42097632011028	8729.173913043478	1977	16682.253961653583
ENST00000426126.7	ENSG00000186908	+	17	15	215	2850	111.13333333333334	104	32.2819424682563	5303.125	2140.0	8188.855596683417
ENST00000311083.10	ENSG00000175183	-	6	4	82	320	126.5	121.5	31.921779399024736	3880.6	2762	5038.812538684089
ENST00000322886.12	ENSG00000165891	-	13	11	225	2935	233.1818181818182	186	134.74109854221777	3216.1666666666665	1796.0	2900.9231707207005
ENST00000261205.9	ENSG00000067715	+	11	9	336	3091	142.0	134	38.30796261875591	58253.0	61025.5	56112.92744298966
ENST00000328827.9	ENSG00000177425	-	7	5	93	7815	216.6	132	253.26330172371993	16182.5	4771.5	26355.25514769303
ENST00000450142.7	ENSG00000058272	-	25	23	403	2448	120.3913043478261	122	50.53148355272706	6496.25	2351.5	13101.287046798445
ENST00000248306.8	ENSG00000127720	+	12	10	296	308	146.0	94.5	164.1354454237245	10786.09090909091	3993	10585.686415670412
ENST00000321196.8	ENSG00000179104	+	12	10	764	2657	224.8	115.0	259.90331535656355	40208.36363636364	33784	47451.4340210551
ENST00000266682.10	ENSG00000072041	-	12	10	277	2516	200.6	172.5	103.75955109985993	4410.0	3168	5665.642558439422
ENST00000266712.11	ENSG00000139324	+	14	12	181	5050	163.41666666666666	159.5	54.45174399633518	3876.076923076923	2007	3337.9696039543373
ENST00000644744.1	ENSG00000049130	-	10	8	208	4389	105.5	97.0	40.570925550201586	9137.555555555555	7977	10796.904685037178
ENST00000279488.8	ENSG00000139318	-	3	1	862	2327	438.0	438	NA	820.0	820.0	291.3279938488576
ENST00000313546.8	ENSG00000139323	-	12	10	167	1540	131.7	125.0	48.9081906341986	9391.454545454546	3903	12089.398524026217
ENST00000428670.8	ENSG00000070961	-	21	19	243	3247	188.0	192	83.36266150581646	5686.4	2223.5	11492.173187366307
ENST00000256015.5	ENSG00000133639	-	2	0	459	4170	NA	NA	NA	940.0	940	NA
ENST00000322349.13	ENSG00000102189	-	29	27	253	5497	151.44444444444446	132	71.00668079799757	5315.0	2317.5	8250.044875298827
ENST00000318066.7	ENSG00000177889	-	4	2	93	4396	194.0	194.0	74.95331880577403	10462.333333333334	654	17402.387317070417
ENST00000551556.2	ENSG00000120833	+	2	0	362	2024	NA	NA	NA	1685.0	1685	NA
ENST00000397809.10	ENSG00000173588	-	17	15	311	1220	143.66666666666666	132	59.39656876413301	9280.25	2789.5	10698.419643417745
ENST00000261226.9	ENSG00000057704	-	4	2	205	4616	526.5	526.5	552.2503961066936	25854.0	6656	36382.093452686306
ENST00000333003.10	ENSG00000120798	-	14	12	239	2175	137.0	139.0	48.733039007526415	3794.769230769231	2824	2798.5167843533995
ENST00000343958.9	ENSG00000180263	-	21	19	243	4808	223.1578947368421	103	534.5859522573309	6571.4	2818.0	9227.025901636653
ENST00000323666.10	ENSG00000111142	+	11	9	179	2188	114.77777777777777	104	35.597674705582165	3828.8	2169.0	3392.9518711588
ENST00000266735.10	ENSG00000139343	+	4	2	125	136	95.5	95.5	43.1335136523794	2245.6666666666665	2091	1712.2471589502882
ENST00000228740.7	ENSG00000111144	-	19	17	227	354	91.70588235294117	96	33.387431590874044	1816.388888888889	1419.5	1476.6530573001862
ENST00000228741.8	ENSG00000111145	+	5	3	331	2743	375.6666666666667	209	365.69021498166086	17812.25	17581.0	9942.3075247483
ENST00000261211.8	ENSG00000059758	-	17	15	454	2019	104.2	106	34.16389071185289	7383.9375	2145.0	15844.699309101241
ENST00000266742.9	ENSG00000139350	+	16	14	44	1832	152.78571428571428	150.5	59.866747636124956	2833.9333333333334	1895	3674.476045577629
ENST00000556029.6	ENSG00000120802	+	9	7	557	2779	114.28571428571429	111	23.956309438324634	3828.25	2482.0	4021.6208086505903
ENST00000552981.6	ENSG00000075415	+	8	6	55	5000	154.83333333333334	167.0	30.785819246313174	956.8571428571429	1043	718.9690370179206
ENST00000299157.5	ENSG00000166130	-	3	1	266	2518	118.0	118	NA	8819.0	8819.0	1824.3354954612926
ENST00000551964.6	ENSG00000120868	+	27	25	546	3014	145.64	129	32.93159577062733	3190.1153846153848	2743.0	2950.4029192898124
ENST00000279907.12	ENSG00000111647	-	21	19	283	684	222.68421052631578	163	314.3025882156625	5030.25	1905.5	7679.521263005095
ENST00000188312.7	ENSG00000075089	+	11	9	105	639	110.33333333333333	118	37.403208418530085	2187.3	1911.0	1860.472643054865
ENST00000360820.7	ENSG00000136021	+	18	16	616	3188	135.8125	124.5	39.87684165026112	4033.0588235294117	2068	4415.682272743764
ENST00000547754.6	ENSG00000139354	+	10	8	102	4727	113.375	118.5	40.31283914586022	5429.888888888889	3687	5575.590158100855
ENST00000261636.13	ENSG00000120805	-	6	4	131	2555	127.75	125.0	41.120757126622394	2292.0	1691	1447.2050649441494
ENST00000229266.8	ENSG00000111666	+	9	7	495	174	129.0	132	24.859605789312106	3732.875	2471.0	5061.102150929465
ENST00000299314.12	ENSG00000111670	-	21	19	401	1743	188.21052631578948	135	227.5459853273542	3987.05	1859.5	7397.37475107857
ENST00000258534.13	ENSG00000136048	+	7	5	341	2397	108.2	93	50.86944072820145	7125.666666666667	5843.0	6621.531353596891
ENST00000552283.6	ENSG00000075188	-	10	8	65	1365	116.5	94.5	57.42572842998411	4961.111111111111	1831	4871.257908498698
ENST00000327680.7	ENSG00000185480	+	11	9	104	1570	155.77777777777777	156	45.0770944543284	7426.2	4591.5	7168.877190870114
ENST00000392876.8	ENSG00000111696	-	14	12	286	5772	98.83333333333333	89.0	38.40888470448503	4744.692307692308	2218	6839.59985896611
ENST00000299767.10	ENSG00000166598	+	18	16	155	294	145.8125	120.0	73.83966300934297	866.7647058823529	533	945.8261950149565
ENST00000392872.8	ENSG00000139372	+	10	8	189	1927	133.375	131.0	55.38420997256993	2202.222222222222	1219	3350.125810241228
ENST00000360814.9	ENSG00000120820	-	11	9	293	591	115.88888888888889	113	39.323798279300426	5927.4	2926.5	8517.056275498007
ENST00000229330.9	ENSG00000111727	+	15	13	193	3566	146.23076923076923	161	51.36658097465356	2595.285714285714	1650.0	2887.2279872828626
ENST00000240055.8	ENSG00000120837	-	8	6	70	2684	111.66666666666667	89.5	46.33213427705081	2528.714285714286	2179	2107.51233403158
ENST00000525566.6	ENSG00000198431	+	17	15	115	1955	119.33333333333333	116	40.96107327462897	8166.8125	3439.0	11123.13315104307
ENST00000303694.6	ENSG00000171310	+	3	1	582	5066	86.0	86	NA	149666.5	149666.5	7481.896851734859
ENST00000258538.8	ENSG00000136052	-	11	9	203	3537	189.22222222222223	145	202.00543172015065	15104.7	14812.5	12222.131383955364
ENST00000258494.14	ENSG00000136010	-	23	21	70	4690	127.04761904761905	120	40.528355740735634	2601.8636363636365	2057.0	2265.5908153115915
ENST00000332180.10	ENSG00000136051	+	33	31	131	2267	109.45161290322581	108	37.52495943562313	1737.78125	1235.5	1516.824627504722
ENST00000258530.8	ENSG00000136044	-	21	19	216	1149	95.05263157894737	83	50.90347476047248	2985.2	1502.5	3457.7663706046146
ENST00000261402.7	ENSG00000074590	-	7	5	541	4611	118.4	121	32.00468715672753	11644.333333333334	6919.0	12040.252001792433
ENST00000378026.5	ENSG00000136026	-	2	0	652	2469	NA	NA	NA	7019.0	7019	NA
ENST00000299045.8	ENSG00000166046	+	10	8	209	718	168.75	177.5	34.21674610897001	4666.0	3850	3530.0172450003697
ENST00000228347.9	ENSG00000013503	+	28	26	204	779	123.07692307692308	119.0	43.445527343488955	5491.407407407408	2914	6788.486674335844
ENST00000392837.9	ENSG00000111785	+	10	8	148	3413	185.875	132.5	178.85384096678334	12176.333333333334	10410	8243.8054319592
ENST00000280756.9	ENSG00000151135	+	4	2	159	2931	69.0	69.0	1.4142135623730951	4967.0	3924	4562.799907951257
ENST00000240050.9	ENSG00000120832	-	3	1	178	1495	111.0	111	NA	4043.0	4043.0	3252.6911934581185
ENST00000008527.10	ENSG00000008405	-	13	11	746	638	145.72727272727272	141	68.60188176586836	8266.583333333334	991.0	20185.19226137784
ENST00000280758.10	ENSG00000151136	+	17	15	1642	2134	131.33333333333334	114	46.14212000000908	20966.4375	3672.0	49152.29868611606
ENST00000228437.10	ENSG00000110851	-	12	10	181	1652	234.9	159.5	208.78295481725087	2189.5454545454545	1613	1626.7646642115365
ENST00000552695.6	ENSG00000198855	+	3	1	85	2811	359.0	359	NA	1339.5	1339.5	301.9345955666558
ENST00000261401.8	ENSG00000110880	-	11	9	90	2414	145.55555555555554	130	56.009175835551964	8259.6	3001.0	10725.960471885232
ENST00000257548.10	ENSG00000135093	+	13	11	186	2357	109.63636363636364	99	50.88864849310252	2641.5833333333335	1110.5	3081.5995391512133
ENST00000429722.3	ENSG00000189046	-	4	2	226	324	315.0	315.0	164.04877323527901	1368.0	1496	1001.1558320261637
ENST00000242576.7	ENSG00000076248	+	7	5	215	1164	133.8	98	55.042710689063995	1891.3333333333333	729.5	2266.396846685652
ENST00000228495.11	ENSG00000110906	-	7	5	41	3159	144.0	170	70.37400088100719	4121.0	3430.5	3392.8394598035434
ENST00000342494.8	ENSG00000151148	+	28	26	476	2112	120.84615384615384	113.5	38.41113620573316	1975.5185185185185	1560	1693.0794967561867
ENST00000545712.7	ENSG00000139428	-	9	7	158	3422	72.85714285714286	65	16.55725995274753	1962.5	1921.5	1239.4055026503634
ENST00000228510.8	ENSG00000110921	+	11	9	80	1700	117.0	117	37.32626421167808	2149.9	1346.0	1585.8091835610824
ENST00000318348.9	ENSG00000139433	-	5	3	270	1793	114.66666666666667	134	48.95235779136009	6797.5	2318.5	9851.346794558938
ENST00000405876.9	ENSG00000139437	+	13	11	153	1479	133.0909090909091	144	57.05165123895109	1225.0	965.0	709.6840526216258
ENST00000355312.8	ENSG00000139436	-	20	18	196	3387	111.94444444444444	102.0	49.82377441274423	3208.7894736842104	1906	3172.680685318671
ENST00000261739.9	ENSG00000076513	+	15	13	355	2405	113.92307692307692	125	44.97121586537612	2578.0714285714284	1755.0	3006.1485316772846
ENST00000242591.10	ENSG00000122970	+	19	17	505	750	109.94117647058823	96	39.171849886486235	5072.944444444444	2952.5	5403.643949957149
ENST00000539276.7	ENSG00000174437	+	20	18	661	4893	152.27777777777777	120.5	106.16679748814546	3239.5789473684213	937	6061.476097414899
ENST00000228827.8	ENSG00000111231	-	8	6	102	611	124.0	120.5	24.413111231467404	2045.0	1714	1681.9498605289436
ENST00000549578.6	ENSG00000111237	-	4	2	63	1040	214.0	214.0	31.11269837220809	3166.0	2780	2508.374573304394
ENST00000354300.5	ENSG00000196850	-	6	4	510	3851	158.25	155.0	36.98986347636336	9016.0	5710	12409.425691787674
ENST00000397659.9	ENSG00000204852	+	15	13	274	388	120.0	131	37.46553972207883	2362.8571428571427	2088.0	1876.4802918534172
ENST00000335007.10	ENSG00000186298	-	7	5	239	1486	165.4	135	57.933582661527154	3443.3333333333335	1487.0	4087.189531532232
ENST00000341259.7	ENSG00000111252	+	8	6	355	3641	239.16666666666666	137.0	259.45282165871055	5752.857142857143	111	10689.727505547424
ENST00000673436.1	ENSG00000204842	-	25	23	532	627	138.6086956521739	146	67.96104441010492	5948.125	1658.0	10411.498870135178
ENST00000419234.9	ENSG00000089234	-	12	10	246	2417	133.3	126.5	41.588059183696785	3619.5454545454545	3080	2275.2349049553704
ENST00000261733.7	ENSG00000111275	+	13	11	164	7990	127.9090909090909	115	31.252054477920474	3419.9166666666665	1815.5	4069.024597399532
ENST00000261735.4	ENSG00000089248	+	3	1	184	1300	139.0	139	NA	4200.5	4200.5	2751.3524855968562
ENST00000412615.7	ENSG00000135148	+	12	10	59	870	170.4	128.5	123.4127672127609	2310.181818181818	1929	1975.7243642867707
ENST00000202917.10	ENSG00000089127	+	6	4	258	515	214.5	207.5	58.65435476870693	2262.2	1688	1761.1022684671098
ENST00000306014.10	ENSG00000123064	-	20	18	201	1937	124.38888888888889	118.0	57.17376906660121	1259.421052631579	923	1243.930433736794
ENST00000548278.2	ENSG00000139405	+	4	2	301	1059	249.0	249.0	165.46298679765212	1596.6666666666667	366	2309.611727830748
ENST00000335509.11	ENSG00000186815	+	28	26	163	2626	94.57692307692308	87.0	45.35740122795668	2662.0	975	6328.4173255367605
ENST00000680972.1	ENSG00000089060	-	16	14	667	1204	117.07142857142857	115.0	52.46312153197826	2188.6	1259	2945.5796373549297
ENST00000261741.10	ENSG00000122965	-	24	22	134	1265	124.95454545454545	118.5	57.73377098101519	6092.217391304348	2357	11949.456096243353
ENST00000349155.7	ENSG00000135111	-	7	5	1364	2048	264.2	158	237.4651553386307	1531.3333333333333	1571.0	316.6769121149609
ENST00000257575.9	ENSG00000135119	+	11	9	56	4318	150.33333333333334	102	125.79944355997765	10959.0	6211.0	16140.186292467493
ENST00000335209.12	ENSG00000088992	-	8	6	192	288	84.83333333333333	75.5	33.742653521421026	8500.714285714286	4564	9075.046459280264
ENST00000622495.5	ENSG00000135108	-	12	10	253	4287	143.6	137.0	27.64135388226207	3864.0	2655	3341.407308305888
ENST00000315436.8	ENSG00000176871	-	9	7	144	1672	148.42857142857142	132	51.49063715167753	3204.75	1395.0	3689.3054611558373
ENST00000359236.10	ENSG00000176834	-	9	7	419	3102	212.57142857142858	261	108.78243905897241	4426.25	2487.0	4214.969098344613
ENST00000392533.8	ENSG00000135090	-	21	19	260	1358	143.57894736842104	129	60.97387035031544	10938.05	4341.0	22892.63986404226
ENST00000543473.2	ENSG00000111707	+	12	10	279	3699	74.6	71.0	40.30770535655821	3341.3636363636365	3177	2832.2789506942026
ENST00000281938.7	ENSG00000152137	+	3	1	749	1048	64.0	64	NA	6977.5	6977.5	519.7234841721124
ENST00000229328.10	ENSG00000111725	+	7	5	271	1372	115.2	115	36.46505176192679	1878.0	1790.5	1509.1530074846619
ENST00000392521.7	ENSG00000122966	-	48	46	72	2465	134.7608695652174	136.0	47.72429373558488	3889.2340425531916	1932	4629.1023555270785
ENST00000229340.10	ENSG00000111737	-	6	4	155	2275	106.25	124.5	36.83634980106833	3760.0	4467	3133.3407092111765
ENST00000637617.2	ENSG00000089159	-	15	13	114	2134	228.15384615384616	171	208.1821502730426	3576.4285714285716	609.0	10855.911786914756
ENST00000202967.4	ENSG00000089163	+	4	2	58	366	396.5	396.5	143.54267658086914	3237.3333333333335	1182	4499.079942980935
ENST00000551765.6	ENSG00000257218	+	4	2	118	3843	138.5	138.5	48.79036790187178	4356.0	2727	5267.915242294622
ENST00000229390.8	ENSG00000111786	-	4	2	327	491	167.0	167.0	8.48528137423857	2308.3333333333335	1787	1156.7481719602297
ENST00000242577.11	ENSG00000088986	+	3	1	104	421	138.0	138	NA	859.0	859.0	933.3809511662428
ENST00000325954.9	ENSG00000022840	+	17	15	613	999	146.8	137	53.99894178857318	2463.6875	1657.0	2968.960844442603
ENST00000228506.8	ENSG00000110917	+	5	3	383	5544	138.0	177	69.28924880528002	2092.5	858.5	3009.683095166887
ENST00000242592.9	ENSG00000122971	+	10	8	106	713	130.0	144.0	38.902809299953795	1369.3333333333333	224	3174.919920249958
ENST00000353487.7	ENSG00000157837	-	11	9	514	2561	117.77777777777777	110	40.335399396119094	13771.4	1106.5	28581.11162288829
ENST00000257570.10	ENSG00000135114	-	6	4	473	1948	212.25	209.0	61.46204791034329	3373.2	3438	1156.4102645687644
ENST00000337233.9	ENSG00000135124	+	12	10	170	584	100.6	95.0	30.775892441252708	2019.8181818181818	430	2556.1398560400335
ENST00000404169.8	ENSG00000110931	-	17	15	72	3178	110.33333333333333	74	125.00838067143833	3382.0625	2351.5	5213.439497666904
ENST00000261819.8	ENSG00000089053	-	17	15	278	447	123.26666666666667	110	43.3366665384714	2599.5625	1327.5	2441.466197970665
ENST00000361234.10	ENSG00000170633	+	6	4	101	963	230.5	210.5	130.83959645306157	4449.0	2330	6493.6003880744
ENST00000377071.9	ENSG00000089094	-	23	21	238	1374	176.33333333333334	144	148.07205453201942	6664.227272727273	1688.0	10096.243983033248
ENST00000449592.7	ENSG00000188735	+	12	10	213	6460	83.7	79.5	22.469979973288805	5618.818181818182	1871	8937.890431395786
ENST00000267205.7	ENSG00000139725	-	5	3	193	1909	111.0	110	23.515952032609693	3375.0	732.5	5744.2195292311035
ENST00000541212.6	ENSG00000110801	+	6	4	205	2014	126.5	102.5	57.35561582501461	5356.6	4792	4612.564557813798
ENST00000261822.5	ENSG00000110987	+	6	4	300	2953	117.25	109.5	37.64195354477058	7287.8	8458	2833.924081551939
ENST00000319080.12	ENSG00000175727	+	17	15	511	5654	148.33333333333334	122	140.13547866601226	3762.4375	669.0	11807.601557012613
ENST00000267199.9	ENSG00000139719	-	13	11	188	2864	137.0	138	43.1300359378473	2697.6666666666665	2115.5	2674.7713014670085
ENST00000620786.5	ENSG00000130779	-	26	24	149	1632	174.875	119.5	194.9756534410966	5808.92	2801	8928.39355147386
ENST00000633063.3	ENSG00000033030	-	14	12	291	2676	95.5	95.5	32.3601887847061	1940.0	1210	2015.0168733784838
ENST00000331738.12	ENSG00000111011	-	10	8	89	2253	139.875	140.0	66.21488287602504	2224.6666666666665	1999	1300.8101321868614
ENST00000333479.12	ENSG00000184445	+	64	62	103	192	107.7258064516129	101.0	48.1776661932765	1463.079365079365	1162	1341.3934654244672
ENST00000280557.11	ENSG00000139726	+	8	6	127	2031	93.5	100.0	41.81267750336015	2217.4285714285716	1177	2834.0216334826414
ENST00000253083.9	ENSG00000130787	+	32	30	187	1256	102.2	95.0	44.29400208481567	741.8064516129032	191	2221.189162278543
ENST00000267202.7	ENSG00000139722	-	4	2	173	2278	127.5	127.5	62.932503525602726	9363.0	2327	13466.44173492018
ENST00000228922.12	ENSG00000111325	+	7	5	140	960	131.4	114	75.60290999690422	507.0	305.0	542.3935840328497
ENST00000606320.6	ENSG00000051825	-	24	22	67	2694	164.0	125.0	120.17843876027489	3154.695652173913	2644	3174.3224392957627
ENST00000602398.3	ENSG00000139697	-	32	30	147	6942	134.63333333333333	133.0	49.16017685592422	2084.2258064516127	1653	2643.011347051912
ENST00000402868.8	ENSG00000183955	+	8	6	77	1861	139.66666666666666	139.5	61.183875871561675	3206.5714285714284	2418	2386.493512606788
ENST00000280571.10	ENSG00000150977	-	4	2	603	883	133.0	133.0	26.870057685088806	6631.333333333333	7122	1053.4995649421662
ENST00000526639.3	ENSG00000184209	+	2	0	78	1399	NA	NA	NA	7321.0	7321	NA
ENST00000376874.9	ENSG00000188026	-	7	5	546	2629	151.6	151	49.77750495956984	9955.5	10512.5	8565.150594122675
ENST00000262225.8	ENSG00000086598	+	4	2	265	1978	150.5	150.5	60.10407640085654	3829.0	3402	2144.6218780941317
ENST00000238146.9	ENSG00000111364	+	14	12	158	980	126.5	104.0	67.26676877789048	1245.3076923076924	1109	1080.7185406490278
ENST00000424014.7	ENSG00000111361	-	9	7	142	1515	105.71428571428571	113	25.217152137082447	1360.5	1330.0	934.7499283612856
ENST00000330342.8	ENSG00000185344	+	20	18	330	3829	130.44444444444446	120.0	41.962479350040965	2257.684210526316	1522	1947.4538663094202
ENST00000238156.8	ENSG00000119242	-	5	3	303	2205	94.0	93	52.507142371300304	8604.0	2845.5	13192.841569073233
ENST00000337815.9	ENSG00000179195	+	5	3	138	3882	97.33333333333333	96	37.018013633004855	9475.25	7277.5	11224.68266440823
ENST00000261693.11	ENSG00000073060	-	13	11	270	1731	127.63636363636364	129	43.23718937968269	6967.0	2990.0	12475.610351255911
ENST00000339647.6	ENSG00000150991	-	2	0	64	2129	NA	NA	NA	812.0	812	NA
ENST00000308736.7	ENSG00000150990	-	27	25	215	1062	131.28	114	58.693781612705784	1451.8076923076924	1312.0	1215.5608094778563
ENST00000341446.9	ENSG00000184992	+	3	1	359	6241	103.0	103	NA	15442.0	15442.0	4367.091480608117
ENST00000392373.7	ENSG00000111450	-	11	9	181	2378	98.0	100	24.71841418861655	4621.0	4134.5	3476.7159152791814
ENST00000543796.6	ENSG00000132341	+	7	5	61	1797	123.2	126	58.97202726717134	523.1666666666666	331.5	529.9741188649373
ENST00000261674.9	ENSG00000061936	+	18	16	358	316	160.75	153.0	58.781516369235206	5023.705882352941	1676	6280.308748030485
ENST00000321867.6	ENSG00000177169	+	28	26	491	1845	114.84615384615384	106.0	56.90953685117622	859.5185185185185	469	2067.0809847997725
ENST00000680143.1	ENSG00000112787	+	19	17	711	2218	112.3529411764706	84	79.9897971435034	5011.055555555556	1261.5	7545.028518811126
ENST00000320574.10	ENSG00000177084	-	49	47	89	1049	142.2340425531915	141	44.94354563418493	1161.625	354.0	1680.8874128509772
ENST00000317479.8	ENSG00000176894	+	5	3	206	367	132.33333333333334	120	26.727015047201462	4107.25	4226.0	1480.6697527357903
ENST00000498926.7	ENSG00000247077	+	6	4	226	2057	132.0	130.0	36.959437225152655	1816.4	2402	1599.3574647338849
ENST00000357997.10	ENSG00000176915	-	13	11	215	1941	221.27272727272728	189	159.27152344916584	2645.0	1989.5	1970.5355524923582
ENST00000450791.8	ENSG00000090615	-	24	22	67	4381	204.0909090909091	163.0	128.467119784795	2218.1739130434785	1925	1721.2157873321012
ENST00000450056.7	ENSG00000072609	-	18	16	59	9241	120.5	115.0	39.07428822128434	2589.529411764706	1508	2628.485545843059
ENST00000360187.9	ENSG00000196458	-	5	3	64	8857	140.33333333333334	123	31.77000681985028	7164.75	6922.0	4226.792430437056
ENST00000248211.11	ENSG00000256223	+	5	3	128	3963	105.0	96	19.157244060668017	6108.25	5050.0	5583.353017378237
ENST00000361479.10	ENSG00000196199	+	14	12	303	1608	194.0	134.5	211.66139339649413	2734.153846153846	1704	2764.4927155554187
ENST00000338910.9	ENSG00000121390	-	9	7	560	861	144.85714285714286	106	84.72392139852154	9751.375	9731.5	5679.0324361385965
ENST00000337963.9	ENSG00000132950	-	8	6	200	1754	221.5	189.5	158.62629038088232	5269.285714285715	1966	5375.497363478276
ENST00000610343.5	ENSG00000121741	+	25	23	115	3294	174.7826086956522	151	158.94852126102714	5123.333333333333	1991.5	7449.287609164918
ENST00000382848.5	ENSG00000165474	-	2	0	156	2134	NA	NA	NA	3179.0	3179	NA
ENST00000351808.10	ENSG00000032742	+	26	24	100	391	98.29166666666667	93.5	42.10078917639623	4857.52	3101	4532.232011934076
ENST00000255305.11	ENSG00000132953	-	23	21	77	6591	151.85714285714286	146	41.95626975111791	5252.772727272727	1976.0	7765.737201272058
ENST00000309594.5	ENSG00000173141	+	2	0	60	2173	NA	NA	NA	194.0	194	NA
ENST00000400590.8	ENSG00000180776	-	13	11	250	4085	92.72727272727273	104	37.00294828548371	6781.5	4287.0	8928.094090616938
ENST00000382374.9	ENSG00000165487	-	12	10	232	663	99.0	90.5	47.4646066968735	9963.181818181818	6765	12051.431166614046
ENST00000248484.9	ENSG00000127863	+	10	8	437	2722	159.875	118.5	104.49393352179419	11249.333333333334	7489	11043.273008940781
ENST00000381989.4	ENSG00000102699	-	34	32	73	384	155.625	132.5	173.74114041000118	2618.5151515151515	1592	2399.7999672005494
ENST00000381884.9	ENSG00000151849	-	17	15	101	1091	259.3333333333333	124	391.6067026032746	2218.8125	1055.5	2710.259771528675
ENST00000381801.6	ENSG00000139505	-	14	12	265	3271	131.75	130.5	35.560767452604026	2780.769230769231	1779	3541.593971501301
ENST00000381588.9	ENSG00000127870	-	5	3	312	2818	130.0	96	70.44856279584417	1505.0	1215.0	1020.6383623334303
ENST00000381527.8	ENSG00000132964	+	13	11	641	1283	103.72727272727273	98	35.36125254877409	12337.083333333334	3000.5	23571.883098526643
ENST00000335327.6	ENSG00000132970	+	10	8	137	3261	182.375	148.5	90.64993499327903	14045.444444444445	4329	18375.901604486724
ENST00000282344.11	ENSG00000152484	-	9	7	220	3229	137.57142857142858	84	72.11762878071062	12655.5	7671.0	17775.54309397365
ENST00000241463.5	ENSG00000122035	+	4	2	239	2166	68.5	68.5	16.263455967290593	607.0	415	627.4336618320697
ENST00000381140.10	ENSG00000122034	+	9	7	320	391	104.57142857142857	89	57.04050357087539	1220.25	959.5	989.0023472455173
ENST00000381120.8	ENSG00000122033	-	5	3	56	251	229.33333333333334	158	205.5050688750361	3481.75	3676.5	1873.4215355866922
ENST00000316334.5	ENSG00000139517	-	10	8	155	2558	254.625	216.0	123.96305613251992	7763.0	2796	11995.528510657628
ENST00000302979.5	ENSG00000186184	+	2	0	118	575	NA	NA	NA	865.0	865	NA
ENST00000380958.8	ENSG00000152520	+	19	17	543	2954	123.11764705882354	122	48.08180834907987	8400.055555555555	3603.0	11661.650158039245
ENST00000282397.9	ENSG00000102755	-	30	28	349	3023	133.96428571428572	120.5	46.75030769782451	6471.0344827586205	3309	8481.168591493739
ENST00000266943.11	ENSG00000139508	-	6	4	475	1502	331.25	185.0	363.6888551129019	3117.8	2361	2401.0540810235825
ENST00000380752.10	ENSG00000139514	-	13	11	273	5170	172.72727272727272	159	82.03425005336601	6577.666666666667	1883.5	11994.906497292419
ENST00000380680.5	ENSG00000122042	-	5	3	1106	2937	91.33333333333333	87	15.947831618540915	20482.5	4686.0	34572.63547470263
ENST00000380615.8	ENSG00000102781	-	11	9	221	6109	143.11111111111111	135	23.75628571791287	9730.4	6189.5	9446.060098145565
ENST00000341423.10	ENSG00000189403	-	5	3	141	4830	161.66666666666666	164	14.6401275039985	944.25	749.0	842.9125597197691
ENST00000320027.10	ENSG00000120694	-	18	16	429	2552	141.4375	133.0	48.4533710557549	1275.764705882353	1076	910.4351658281169
ENST00000343307.5	ENSG00000187676	+	15	13	180	2776	96.84615384615384	110	33.3287817405271	9149.07142857143	7022.0	7895.799082319132
ENST00000380152.8	ENSG00000139618	+	27	25	160	2107	387.48	147	970.0270666326791	2800.269230769231	1695.0	3235.6436955597237
ENST00000267068.6	ENSG00000244754	-	6	4	178	7712	387.5	107.0	581.3578932120902	3812.8	3369	2997.804646737342
ENST00000315596.15	ENSG00000083642	+	35	33	142	3003	131.12121212121212	124	65.32264039737561	5414.588235294118	2890.5	10742.691957418243
ENST00000336934.10	ENSG00000133121	-	14	12	286	2574	254.58333333333334	175.5	353.15885128710033	13592.615384615385	2132	31969.438767199896
ENST00000379939.7	ENSG00000172915	+	59	57	845	1836	149.4561403508772	127	131.07918410741524	12401.155172413793	3868.0	20201.530444717115
ENST00000360631.8	ENSG00000133083	-	17	15	269	6048	138.46666666666667	109	97.48176874726494	22146.0625	9742.5	41967.0933192007
ENST00000438666.7	ENSG00000133104	-	9	7	170	2995	247.85714285714286	159	251.59983344683715	4982.125	3043.5	4455.591300746256
ENST00000255476.3	ENSG00000133111	+	3	1	736	1462	108.0	108	NA	3788.5	3788.5	2378.0001051303593
ENST00000379826.5	ENSG00000120693	-	7	5	123	3989	289.2	257	182.78320491773854	11641.666666666666	5818.0	14411.825847777465
ENST00000239891.4	ENSG00000120697	-	10	8	106	320	99.125	89.5	44.22810192626403	5376.0	3743	4787.559085797271
ENST00000389704.4	ENSG00000120699	+	11	9	37	431	77.55555555555556	74	31.173350441968502	766.3	682.5	536.6176064531945
ENST00000350612.11	ENSG00000102710	-	26	24	130	498	95.625	103.5	41.89200660497542	1898.16	1459	2005.7061242033108
ENST00000239878.9	ENSG00000120686	+	6	4	71	2909	47.0	48.5	12.463279397226612	2120.2	1377	1781.6528000707658
ENST00000352251.8	ENSG00000120685	-	13	11	892	1623	242.45454545454547	87	512.65590089969	1920.25	1779.5	1272.6572147925915
ENST00000379600.8	ENSG00000188811	+	7	5	268	2436	141.4	148	41.7648177297591	1373.8333333333333	1152.5	1119.783089114435
ENST00000455146.8	ENSG00000133103	+	19	17	218	1683	98.41176470588235	92	32.02939826067884	5188.5	3195.5	6591.095599813611
ENST00000379561.6	ENSG00000150907	-	3	1	1059	3368	1352.0	1352	NA	52598.0	52598.0	73714.46772513521
ENST00000338625.9	ENSG00000102743	+	7	5	53	2918	170.0	159	52.87248812000434	3171.5	2766.0	2230.1761141219317
ENST00000239882.7	ENSG00000120690	-	9	7	89	2105	212.0	181	125.72854356376942	10464.375	6386.0	12861.824397778322
ENST00000379487.5	ENSG00000120688	+	10	8	167	1303	114.75	100.0	57.544392801185616	2234.4444444444443	2299	1342.2733617925142
ENST00000379485.2	ENSG00000165572	-	1	0	5234	5234	NA	NA	NA	NA	NA	NA
ENST00000379483.4	ENSG00000120696	-	1	0	4736	4736	NA	NA	NA	NA	NA	NA
ENST00000379359.4	ENSG00000102760	+	5	3	207	394	119.0	108	62.23343153000644	3091.0	1742.0	3554.7109587138025
ENST00000379310.8	ENSG00000102763	-	45	43	257	1471	126.65116279069767	116	42.49251122869167	8797.75	4089.0	11442.375438702951
ENST00000025301.4	ENSG00000023516	+	13	11	77	4174	514.9090909090909	117	1323.5943830755293	3432.9166666666665	2296.0	3740.770155470743
ENST00000379221.4	ENSG00000120675	+	6	4	149	7036	68.5	72.5	11.269427669584644	16633.8	9608	15687.874129403257
ENST00000690772.1	ENSG00000120658	-	17	15	321	992	138.93333333333334	138	54.18284740008551	35652.875	15254.5	50343.0413951786
ENST00000444614.8	ENSG00000151773	-	7	5	110	1078	174.2	117	128.3927568050472	6888.333333333333	5027.5	7709.285717021174
ENST00000379161.5	ENSG00000083635	-	10	8	447	2074	119.875	96.0	60.81690906788529	5193.666666666667	6047	4387.8003316012455
ENST00000379151.9	ENSG00000133114	+	8	6	205	2521	119.33333333333333	117.0	29.41201568520367	5332.285714285715	4733	4758.116529128086
ENST00000340473.8	ENSG00000188342	+	8	6	212	1452	94.0	91.0	47.552076715954264	23165.14285714286	16011	19500.29720652629
ENST00000530705.6	ENSG00000133112	-	6	4	142	3918	122.0	111.5	49.48400414948922	633.0	527	395.77203034070004
ENST00000519676.6	ENSG00000174032	-	10	8	74	2700	111.125	107.5	25.125044420714108	2377.222222222222	1956	1761.1135523992893
ENST00000349995.10	ENSG00000136152	+	23	21	272	2000	108.71428571428571	106	32.6222973702694	3054.909090909091	2577.5	2703.8161551528983
ENST00000679008.1	ENSG00000123200	-	19	17	343	2833	285.1764705882353	164	283.71447691607966	5014.333333333333	3499.5	5424.321687059672
ENST00000323076.7	ENSG00000136167	-	16	14	67	1801	126.78571428571429	127.5	33.932463628685845	3507.4666666666667	1859	5547.842487550152
ENST00000389797.8	ENSG00000136141	+	20	18	534	3257	98.77777777777777	105.5	31.65355765815749	9797.894736842105	4058	21461.25775773311
ENST00000378720.8	ENSG00000139684	-	10	8	57	241	102.875	99.0	35.92626377138915	2753.8888888888887	2311	1594.5878342415356
ENST00000258662.3	ENSG00000136159	+	3	1	179	1562	197.0	197	NA	3779.0	3779.0	1080.4591616530447
ENST00000258648.7	ENSG00000136146	-	7	5	151	1588	103.0	87	47.544715794712666	2854.5	2692.5	1174.8973997758271
ENST00000647800.2	ENSG00000136156	+	6	4	272	9219	149.5	140.0	41.677331968349414	5412.6	2191	8366.509893617529
ENST00000267163.6	ENSG00000139687	+	27	25	299	1893	103.04	111	42.720486888611184	6668.153846153846	2609.0	14867.875616085326
ENST00000344532.8	ENSG00000136161	-	15	13	53	1289	133.30769230769232	140	34.16963714416796	2931.6428571428573	2118.0	2884.874576853528
ENST00000492622.6	ENSG00000102531	+	26	24	266	2699	138.375	133.0	64.30214852046412	9103.28	3026	15914.951742308238
ENST00000409308.6	ENSG00000102547	-	11	9	79	2344	119.88888888888889	138	42.223940023535356	13191.3	8193.5	14357.109868942596
ENST00000611815.2	ENSG00000136169	+	14	12	584	3272	195.58333333333334	121.5	151.61401850112873	3425.153846153846	2191	2990.80713314856
ENST00000378302.7	ENSG00000136144	-	13	11	115	2317	143.27272727272728	151	30.74114802375119	4133.75	3736.5	3576.448419235841
ENST00000242827.11	ENSG00000123179	-	4	2	233	535	104.5	104.5	48.79036790187178	9945.333333333334	6581	10204.296856390123
ENST00000261667.8	ENSG00000102753	-	17	15	245	2579	93.2	90	41.8452933007832	5571.3125	1662.5	11314.595604608825
ENST00000361840.8	ENSG00000123178	-	5	3	211	2459	129.0	117	33.645207682521445	5145.5	5656.0	1603.8184643739037
ENST00000378182.4	ENSG00000204977	+	2	0	722	6533	NA	NA	NA	14171.0	14171	NA
ENST00000311234.9	ENSG00000102786	-	18	16	622	4269	153.6875	138.0	72.68444927676529	4947.64705882353	1778	9070.625818687873
ENST00000298125.7	ENSG00000139668	+	12	10	363	7970	103.6	107.5	30.141149428794	15807.181818181818	11258	21478.79254901533
ENST00000242839.10	ENSG00000123191	-	21	19	164	2361	214.3684210526316	162	251.12573444974527	3609.2	1591.5	7814.384641564286
ENST00000610828.5	ENSG00000136098	-	16	14	55	580	106.64285714285714	96.0	44.46365351066513	1654.8666666666666	1216	1353.9233923604957
ENST00000258613.5	ENSG00000136114	-	5	3	142	1623	420.3333333333333	159	470.0694984077709	6495.0	5793.0	3452.6064550326805
ENST00000378060.9	ENSG00000136100	-	14	12	136	3318	80.91666666666667	77.5	25.68854832705646	2584.923076923077	1407	2554.621154611725
ENST00000400324.9	ENSG00000139734	-	28	26	342	1264	120.73076923076923	113.0	55.769208488059206	18281.51851851852	8525	22926.60214915008
ENST00000377881.8	ENSG00000083544	+	14	12	186	256	183.58333333333334	133.5	212.61893284950096	13385.153846153846	8486	12147.839484493761
ENST00000613252.5	ENSG00000276644	-	11	9	1283	2727	137.22222222222223	144	30.384115001830224	42399.4	23666.0	55652.42989443997
ENST00000377818.4	ENSG00000204899	-	3	1	106	1979	146.0	146	NA	8516.0	8516.0	127.27922061357856
ENST00000390667.11	ENSG00000136122	+	12	10	85	1046	162.9	119.5	166.9054622633224	2319.4545454545455	1329	2118.118521879093
ENST00000377767.9	ENSG00000083520	-	21	19	296	7710	135.0	138	40.98780306383839	958.05	671.5	827.4947272848393
ENST00000326291.11	ENSG00000083535	+	18	16	217	593	141.875	128.5	54.21792446537707	13602.882352941177	8725	11540.540319252566
ENST00000377687.6	ENSG00000102554	+	4	2	584	1831	467.0	467.0	575.5849198858497	5061.666666666667	2272	5886.14783481806
ENST00000703967.1	ENSG00000118922	-	8	6	433	9583	176.33333333333334	113.0	185.61968286436291	62463.142857142855	49412	41459.52987926327
ENST00000377636.8	ENSG00000136111	-	21	19	900	3523	166.57894736842104	159	114.23480486819616	9553.95	3493.5	25780.668770622036
ENST00000377595.8	ENSG00000118939	+	9	7	72	292	81.0	76	49.09854037205859	6912.375	3980.0	8570.118401207435
ENST00000377534.8	ENSG00000136153	+	31	29	397	1946	165.6551724137931	109	149.755819315041	7213.0	1795.0	15584.055080710563
ENST00000377474.4	ENSG00000178695	-	1	0	6231	6231	NA	NA	NA	NA	NA	NA
ENST00000377453.9	ENSG00000102805	+	4	2	191	4660	196.0	196.0	42.42640687119285	2598.0	2791	1836.1233618686954
ENST00000355619.10	ENSG00000005812	-	5	3	333	2529	214.66666666666666	172	118.88790238427681	4598.5	3992.0	2238.2490924827825
ENST00000418532.6	ENSG00000139737	+	7	5	853	1085	214.2	156	92.30492944583187	10589.0	6908.0	9778.976899451189
ENST00000218652.12	ENSG00000102471	+	8	6	370	3562	115.33333333333333	115.5	34.31423416989904	10042.714285714286	4645	13374.181404411083
ENST00000377104.4	ENSG00000136158	-	2	0	505	1781	NA	NA	NA	2865.0	2865	NA
ENST00000377047.9	ENSG00000183098	+	9	7	810	5006	186.42857142857142	159	92.06312534136046	146761.625	136736.5	131915.51767155208
ENST00000376958.5	ENSG00000152749	+	9	7	216	7649	145.57142857142858	159	58.477508904014094	2990.125	2269.0	2485.8947476569824
ENST00000645237.2	ENSG00000125257	-	31	29	211	1848	130.89655172413794	120	48.667490489461976	9192.066666666668	5228.5	13168.51895930629
ENST00000376829.7	ENSG00000134874	-	23	21	330	4112	145.1904761904762	131	110.78701144431103	2682.4545454545455	2109.0	2417.035565813405
ENST00000602402.6	ENSG00000102580	+	12	10	199	4116	127.5	123.0	29.266021253323792	10205.454545454546	2844	12760.829286246535
ENST00000376747.8	ENSG00000102595	-	39	37	247	233	118.10810810810811	113	35.58853106751589	6499.263157894737	3395.0	7306.227176217412
ENST00000679496.1	ENSG00000139793	+	9	7	199	2799	236.0	165	251.88026255875363	20892.25	9151.5	22670.617161868355
ENST00000651721.2	ENSG00000065150	+	29	27	42	2561	125.88888888888889	112	46.22797465848619	2307.8571428571427	1666.0	3096.828398052454
ENST00000319562.11	ENSG00000152767	+	27	25	399	6941	123.16	108	53.24681524122671	11602.461538461539	2623.5	27880.78930192726
ENST00000539966.6	ENSG00000102572	-	11	9	363	8025	135.22222222222223	137	54.437527905337916	12231.8	3512.5	19146.93546584762
ENST00000682017.1	ENSG00000088387	-	53	51	281	1320	118.23529411764706	116	41.30306924929145	3403.9423076923076	1538.5	5106.928087099172
ENST00000376387.5	ENSG00000125304	+	17	15	306	1358	116.86666666666666	120	32.30627242650006	3697.5	2274.5	3956.9643920561125
ENST00000267294.5	ENSG00000139800	-	2	0	1641	2856	NA	NA	NA	4307.0	4307	NA
ENST00000376335.8	ENSG00000043355	+	3	1	1356	1443	164.0	164	NA	1009.5	1009.5	1126.42110243017
ENST00000376285.6	ENSG00000175198	+	24	22	133	338	91.5	87.0	31.96687273383107	19080.82608695652	12107	19246.69715148827
ENST00000342624.10	ENSG00000125247	-	19	17	52	1518	137.7058823529412	116	50.05592460673655	3736.6666666666665	1685.0	4104.362299109685
ENST00000376052.5	ENSG00000134900	+	30	28	218	1732	126.21428571428571	122.5	42.05495271212474	2672.0344827586205	1805	2591.960062009866
ENST00000376032.9	ENSG00000151287	-	6	4	105	693	141.0	140.5	90.55753235742826	1307.4	781	1292.7951500527838
ENST00000376004.5	ENSG00000134901	-	10	8	488	232	163.625	189.5	62.34452089569929	1407.4444444444443	1494	882.2215015390283
ENST00000646441.1	ENSG00000125266	-	5	3	820	3684	163.66666666666666	114	104.73935904583975	10230.75	9070.0	10767.428890717907
ENST00000400198.8	ENSG00000134884	-	4	2	565	2488	155.0	155.0	100.40916292848975	7700.666666666667	7915	5296.753376676446
ENST00000375898.4	ENSG00000139826	+	2	0	268	5045	NA	NA	NA	10539.0	10539	NA
ENST00000375856.5	ENSG00000185950	-	2	0	4542	3614	NA	NA	NA	25733.0	25733	NA
ENST00000375820.10	ENSG00000187498	-	52	50	214	1482	96.88	90.0	48.52209259077513	2973.627450980392	860	9627.207530661804
ENST00000360467.7	ENSG00000134871	+	48	46	245	1276	107.06521739130434	103.0	55.618303211927575	4244.255319148936	1447	11778.681127669093
ENST00000267328.5	ENSG00000139832	-	2	0	375	1132	NA	NA	NA	37150.0	37150	NA
ENST00000257347.9	ENSG00000134905	-	15	13	247	192	107.61538461538461	106	41.59635092476755	4490.142857142857	3807.5	4376.408834388566
ENST00000333219.9	ENSG00000153487	+	2	0	586	4111	NA	NA	NA	4943.0	4943	NA
ENST00000267339.6	ENSG00000088448	-	6	4	345	1573	144.25	124.5	67.21296997851927	6807.0	4493	4040.769171828552
ENST00000646102.2	ENSG00000102606	+	22	20	382	2742	115.05	95.5	45.40748257373679	8809.42857142857	2783	13385.763263898807
ENST00000261965.8	ENSG00000126216	-	22	20	249	1141	124.45	122.5	40.66224810623032	4726.857142857143	2399	5451.809142713218
ENST00000375645.8	ENSG00000068650	+	30	28	418	5293	120.53571428571429	106.0	48.785609704970526	6484.310344827586	2025	17396.130043989357
ENST00000535094.7	ENSG00000126217	+	30	28	245	2969	114.75	115.0	39.1110716540205	4279.379310344828	981	9180.39658501353
ENST00000332556.5	ENSG00000185896	+	9	7	257	1391	150.42857142857142	159	50.18916597187466	2966.625	889.5	3702.5776325419565
ENST00000375431.9	ENSG00000139835	-	8	6	111	415	148.16666666666666	154.0	32.621567507810944	5507.571428571428	4349	6625.198307903516
ENST00000434316.7	ENSG00000150403	+	13	11	253	805	181.8181818181818	151	120.20966532007165	4679.25	3272.0	4063.8744863626252
ENST00000375370.10	ENSG00000198176	+	12	10	136	1354	114.9	114.5	40.640565394142286	4916.545454545455	1374	7708.860322559183
ENST00000334062.8	ENSG00000185989	-	24	22	189	1640	107.9090909090909	104.0	37.30301799473002	6549.478260869565	2252	12403.82582794359
ENST00000356221.8	ENSG00000130177	+	18	16	236	540	97.1875	91.5	39.41441149292138	2088.0	1512	1956.4197530182525
ENST00000375299.8	ENSG00000169062	+	10	8	246	1029	136.875	109.0	72.21483326060611	2427.4444444444443	2730	2427.8526062711835
ENST00000361283.4	ENSG00000198824	+	3	1	141	3535	123.0	123	NA	4510.5	4510.5	2765.4946212205873
ENST00000429687.8	ENSG00000129484	+	16	14	53	267	107.64285714285714	101.5	34.61348590641235	829.5333333333333	424	927.6675718216757
ENST00000262715.10	ENSG00000129566	-	55	53	97	2893	146.88679245283018	133	73.66312624617518	686.2962962962963	270.5	987.0807852398898
ENST00000206542.9	ENSG00000092094	-	11	9	244	879	94.77777777777777	91	36.57450538892419	643.6	168.0	952.2630588935672
ENST00000216714.8	ENSG00000100823	+	5	3	169	777	169.0	188	37.322915213043046	272.25	196.5	198.6326173282391
ENST00000250489.9	ENSG00000165782	-	7	5	251	1022	109.6	106	50.48564152311031	322.1666666666667	347.0	157.64189375501255
ENST00000556147.6	ENSG00000165795	-	16	14	1032	991	68.21428571428571	59.0	26.910617211080808	354.1333333333333	258	229.76816473090767
ENST00000298694.9	ENSG00000165801	+	24	22	96	1235	207.36363636363637	129.0	257.75857021538684	610.9565217391304	492	614.101892512433
ENST00000360947.8	ENSG00000165804	-	5	3	344	1064	549.0	132	759.8085285122825	1381.0	308.5	2170.7705237234695
ENST00000553300.6	ENSG00000092199	-	9	7	145	2160	122.85714285714286	114	85.35109562161182	7141.375	1958.0	10548.879655306664
ENST00000216297.7	ENSG00000092201	-	26	24	158	1343	122.16666666666667	126.5	31.89202798937945	1124.44	578	2036.472830655985
ENST00000646647.2	ENSG00000100888	-	38	36	92	978	205.47222222222223	162.5	189.42914033049195	1688.054054054054	464	4205.662749634553
ENST00000397762.6	ENSG00000129472	-	8	6	133	2284	82.83333333333333	77.5	17.221111075266503	2146.5714285714284	1237	2289.3739214861675
ENST00000448790.7	ENSG00000092203	+	9	7	90	2625	257.0	231	230.54500645210254	2182.75	1024.5	3254.9722733074086
ENST00000298717.9	ENSG00000165819	-	11	9	217	232	170.11111111111111	176	108.99821609141642	1122.3	414.0	2182.1583123137516
ENST00000537235.2	ENSG00000165821	-	2	0	286	4575	NA	NA	NA	406.0	406	NA
ENST00000428304.7	ENSG00000100439	+	7	5	30	2105	183.2	155	112.66854041834394	1935.5	1988.0	1258.1395391608992
ENST00000311852.11	ENSG00000157227	+	10	8	341	2051	163.625	150.0	60.653435893725636	830.3333333333334	374	1406.4730711961747
ENST00000359591.9	ENSG00000197324	+	7	5	598	4774	304.0	136	402.53757588577986	513.6666666666666	358.0	559.9473784800377
ENST00000359890.8	ENSG00000100461	-	14	12	151	8530	110.5	115.5	48.58638043357792	1226.076923076923	535	2049.13178612872
ENST00000541587.6	ENSG00000092036	-	10	8	175	481	116.25	131.5	30.6162888485385	1030.7777777777778	638	913.3217912896005
ENST00000262713.7	ENSG00000129474	-	8	6	1291	2392	80.83333333333333	68.5	29.72821331103951	1029.5714285714287	723	980.0887471963712
ENST00000487137.7	ENSG00000139880	-	13	11	118	308	271.72727272727275	188	258.747015793068	586.5833333333334	271.5	746.7530269997794
ENST00000605057.6	ENSG00000100813	-	19	17	162	911	199.23529411764707	120	281.1815537628146	1784.0555555555557	549.0	2558.9767824665028
ENST00000316902.12	ENSG00000092068	-	11	9	897	2049	143.33333333333334	150	34.65183977799736	5413.0	1557.0	7551.007364731028
ENST00000354772.10	ENSG00000092096	-	10	8	242	619	188.875	150.5	132.9032274143215	466.44444444444446	194	712.6417597768025
ENST00000288014.7	ENSG00000259431	+	2	0	1034	1577	NA	NA	NA	1390.0	1390	NA
ENST00000397120.8	ENSG00000213983	-	22	20	53	284	113.05	109.5	36.29190862408517	267.95238095238096	173	225.5667254252001
ENST00000446197.8	ENSG00000100897	+	15	13	517	2068	132.23076923076923	128	82.28117833193876	440.14285714285717	298.0	427.3182667507921
ENST00000206451.11	ENSG00000092010	+	11	9	108	227	70.0	68	24.944939366532843	180.4	120.0	184.79550259077675
ENST00000216799.9	ENSG00000100908	-	6	4	154	232	113.0	86.0	65.51844523999839	357.8	141	512.8749360224186
ENST00000216802.10	ENSG00000100911	-	11	9	77	125	65.66666666666667	68	23.350588857671234	245.3	203.0	165.01922446928552
ENST00000354464.11	ENSG00000196497	-	30	28	98	354	108.78571428571429	109.5	41.826234141192565	175.86206896551724	115	143.27887994545338
ENST00000347519.12	ENSG00000254505	-	6	4	80	321	144.75	143.0	26.424420523447623	578.8	412	600.3588093798575
ENST00000288087.12	ENSG00000213920	-	6	4	148	209	91.5	97.0	23.187640385918243	280.2	121	376.8424073800612
ENST00000250495.10	ENSG00000129559	-	4	2	118	367	65.5	65.5	24.748737341529164	4965.0	909	7675.86978784815
ENST00000399440.7	ENSG00000100938	+	10	8	49	654	111.5	113.5	42.72837799067835	524.3333333333334	183	670.5149140772336
ENST00000216840.11	ENSG00000100949	-	17	15	111	226	107.26666666666667	102	41.50983819128505	257.125	181.5	203.4737902859563
ENST00000288111.12	ENSG00000157379	-	9	7	200	398	118.42857142857143	133	40.81199636894828	969.5	393.0	1277.654659354956
ENST00000267425.8	ENSG00000196943	+	10	8	352	4187	188.25	141.5	114.57467932687895	358.8888888888889	242	226.1235527562556
ENST00000250373.9	ENSG00000100968	+	10	8	257	1964	317.625	168.0	352.94675336980464	739.5555555555555	567	541.3065469563229
ENST00000382554.4	ENSG00000205978	+	9	7	84	4688	409.0	131	544.8495205100212	1580.75	542.0	2818.5007032615254
ENST00000553935.6	ENSG00000100441	+	8	6	166	4808	300.6666666666667	119.5	417.5316355279761	730.2857142857143	531	1040.647829364913
ENST00000399395.8	ENSG00000100445	-	6	4	23	727	114.0	114.5	25.65151067676132	361.0	301	241.99896693994378
ENST00000323944.10	ENSG00000168952	-	6	4	270	3279	160.25	162.0	22.779742462694056	47300.8	36741	49093.315473697636
ENST00000331968.11	ENSG00000184304	-	18	16	599	978	141.0	128.0	69.23968033817988	20443.29411764706	1994	49151.40211220417
ENST00000206595.11	ENSG00000092140	+	15	13	115	3787	143.69230769230768	125	64.09808189457858	3938.3571428571427	2903.5	5354.425927817427
ENST00000396618.9	ENSG00000100473	+	12	10	33	1003	150.0	119.0	141.692154569922	1229.4545454545455	737	1340.7809935732505
ENST00000357479.10	ENSG00000196792	-	18	16	476	1777	121.375	126.0	36.79288880567367	7551.823529411765	3599	16330.68333014304
ENST00000542754.7	ENSG00000100478	+	6	4	139	3544	94.25	78.0	82.91109696536405	13348.4	7599	15548.219393229567
ENST00000399332.6	ENSG00000092148	-	43	41	778	951	188.1951219512195	151	139.5421476673258	2338.8571428571427	1081.0	4482.468709895435
ENST00000543095.7	ENSG00000129493	-	36	34	79	1825	173.73529411764707	172.5	49.64437703429256	3455.7714285714287	2385	3452.0193926736506
ENST00000281081.12	ENSG00000151413	+	11	9	144	2107	87.66666666666667	91	35.14967994164385	29678.1	14336.0	37818.0667067122
ENST00000345122.8	ENSG00000100852	+	7	5	132	5108	869.8	132	1685.7574558636838	12139.333333333334	8313.5	11546.02973608966
ENST00000250457.9	ENSG00000129521	-	5	3	679	1696	110.33333333333333	120	32.593455375785695	6035.5	1962.5	8774.094084291552
ENST00000298130.5	ENSG00000165389	-	2	0	145	2517	NA	NA	NA	26791.0	26791	NA
ENST00000362031.10	ENSG00000129515	-	14	12	38	2083	96.75	100.5	32.99621190379283	5059.538461538462	4510	5144.653837000513
ENST00000298159.11	ENSG00000165410	-	4	2	56	3865	192.5	192.5	163.3416664540925	391.6666666666667	117	506.3500106974753
ENST00000360310.6	ENSG00000198604	-	27	25	223	974	181.28	147	118.23864286546369	4496.192307692308	2197.5	7312.063692387975
ENST00000261475.10	ENSG00000092020	-	13	11	89	307	101.36363636363636	105	31.331366798378674	2917.3333333333335	2329.5	2399.668701881132
ENST00000261479.9	ENSG00000100902	+	7	5	171	245	121.4	95	43.18911900004444	4014.8333333333335	1864.5	5636.7898104033175
ENST00000216797.10	ENSG00000100906	-	6	4	332	548	169.75	160.0	85.56235542963194	335.6	329	183.50967276958454
ENST00000680220.1	ENSG00000174373	-	42	40	566	1335	188.65	136.5	253.2815955940476	6377.878048780488	3240	7537.991652937545
ENST00000216807.12	ENSG00000100916	+	10	8	321	1604	89.0	87.5	29.558658388267315	4776.555555555556	1738	8665.572559143324
ENST00000416007.9	ENSG00000151332	-	9	7	178	627	114.0	98	61.03550879064853	2558.875	2132.0	2303.138817074274
ENST00000684589.1	ENSG00000151338	+	13	11	168	4355	132.72727272727272	130	60.337535430428225	28945.0	20819.0	27149.491550571354
ENST00000307712.11	ENSG00000100934	-	20	18	204	1410	123.83333333333333	111.5	54.01225351169644	3551.2631578947367	2290	2689.463243476604
ENST00000308317.12	ENSG00000092208	+	10	8	153	534	79.125	77.0	25.136413541201254	2370.1111111111113	2720	1295.414648331225
ENST00000330149.10	ENSG00000182400	-	6	4	319	2568	91.0	89.0	20.944370763206678	3853.8	2371	3866.686591902685
ENST00000216832.9	ENSG00000100941	+	9	7	139	2718	97.14285714285714	76	35.76510669832899	553.75	531.0	435.06575857646425
ENST00000298097.8	ENSG00000165355	-	4	2	870	2104	398.5	398.5	406.5863991822648	10326.333333333334	1388	16222.4580237809
ENST00000396128.9	ENSG00000179454	-	5	3	102	4868	517.3333333333334	444	350.7967122612943	7775.5	6522.0	6642.372542999979
ENST00000355765.11	ENSG00000185246	+	14	12	134	1426	164.33333333333334	146.0	74.63283865739402	2202.6923076923076	798	3140.3283104535262
ENST00000396062.4	ENSG00000100442	-	7	5	133	654	102.4	102	24.306377763870948	2930.6666666666665	2268.0	2812.232043531733
ENST00000267430.10	ENSG00000187790	+	23	21	610	1021	261.9047619047619	157	393.2090925655083	2628.6363636363635	2346.0	2039.0724208968984
ENST00000298288.11	ENSG00000165501	+	4	2	264	417	410.5	410.5	440.5275246792191	4743.666666666667	4931	1492.8416973454798
ENST00000305386.4	ENSG00000168282	+	1	0	2683	2683	NA	NA	NA	NA	NA	NA
ENST00000298292.13	ENSG00000165506	-	3	1	1958	875	144.0	144	NA	3547.0	3547.0	2240.1142827989825
ENST00000298307.10	ENSG00000165516	+	13	11	469	3556	85.81818181818181	82	21.3813852770029	1105.3333333333333	393.0	1231.8529526569707
ENST00000298310.10	ENSG00000165525	-	33	31	94	2631	99.80645161290323	78	56.1233280997238	2027.71875	842.5	2603.552030671039
ENST00000298316.7	ENSG00000165527	+	2	0	76	3799	NA	NA	NA	98.0	98	NA
ENST00000216373.10	ENSG00000100485	-	23	21	382	1724	162.0	126	123.29071335668392	4951.863636363636	3279.5	5968.127993133546
ENST00000267436.9	ENSG00000087299	-	10	8	219	4820	132.0	142.0	43.091265273337505	7077.888888888889	7770	5473.610153373284
ENST00000682126.1	ENSG00000012983	-	33	31	122	1586	82.64516129032258	71	42.845885362227236	3430.59375	1605.0	5592.254735183787
ENST00000358385.12	ENSG00000198513	+	14	12	155	817	127.66666666666667	99.0	113.07868003645903	5415.153846153846	2206	8034.39044406558
ENST00000324679.5	ENSG00000151748	-	5	3	433	1805	285.3333333333333	271	149.01789601699969	7908.25	4607.5	8268.6448859532
ENST00000530997.7	ENSG00000100503	-	31	29	157	3910	216.10344827586206	139	378.6231017806104	3368.866666666667	1871.5	4111.47725556016
ENST00000216392.8	ENSG00000100504	-	20	18	323	340	118.66666666666667	113.5	37.488821863401924	1919.3684210526317	939	2111.5679590328214
ENST00000457354.7	ENSG00000139921	+	8	6	198	3315	85.33333333333333	87.5	35.6968719451252	1912.0	1733	1644.803838354795
ENST00000344768.10	ENSG00000139926	+	14	12	87	2983	144.16666666666666	118.0	81.72774463072037	5693.692307692308	2823	9792.780311574912
ENST00000556766.6	ENSG00000186469	+	4	2	179	3237	78.5	78.5	53.033008588991066	35203.666666666664	16826	32729.732267975145
ENST00000216286.10	ENSG00000087303	-	22	20	293	688	194.45	171.0	70.46348438431744	2827.6666666666665	1253	3214.0813825000346
ENST00000281741.9	ENSG00000087301	-	21	19	190	1992	125.0	124	47.51257143582574	5867.65	3845.0	6217.229949058799
ENST00000395686.8	ENSG00000197930	-	16	14	191	3716	88.0	80.5	58.02651913631321	3367.0	2527	3064.094179828215
ENST00000216410.8	ENSG00000100522	-	6	4	180	3266	105.25	95.5	51.99599343539205	2509.6	1511	2427.405981701454
ENST00000341590.8	ENSG00000073712	-	15	13	130	1278	144.46153846153845	135	54.35932208403539	6463.714285714285	1799.5	9915.653990833589
ENST00000673822.2	ENSG00000100523	-	13	11	1063	10195	153.0	148	62.923763396669145	8635.666666666666	2537.0	13527.562155790964
ENST00000335183.11	ENSG00000100526	+	8	6	71	227	90.5	69.5	69.96784975972894	3195.8571428571427	2694	1950.758777892287
ENST00000216416.9	ENSG00000100528	-	5	3	128	4281	108.66666666666667	113	37.687309977409285	3269.75	3283.5	1451.3321179752988
ENST00000358056.8	ENSG00000197045	-	7	5	56	3675	70.8	74	20.68090907092819	1735.1666666666667	1241.0	1734.5238443638261
ENST00000554335.6	ENSG00000020577	+	13	11	211	4397	231.72727272727272	127	185.96886347401863	18252.333333333332	5137.0	37534.6559651776
ENST00000491895.7	ENSG00000131979	-	6	4	506	2127	70.75	70.5	33.974254958718376	11578.8	5590	14857.884277379468
ENST00000360586.8	ENSG00000198554	-	26	24	72	2742	133.54166666666666	133.0	51.744337364347054	3285.28	2000	3925.163208071736
ENST00000555846.2	ENSG00000180008	+	3	1	236	6538	129.0	129	NA	7675.5	7675.5	4644.984445614431
ENST00000395468.9	ENSG00000168175	+	4	2	157	5579	365.0	365.0	485.0752518939716	4027.3333333333335	1290	5068.544695801087
ENST00000395314.8	ENSG00000126777	+	44	42	148	481	97.5952380952381	87.5	79.29569838048748	2317.3255813953488	1051	4870.008177957982
ENST00000267460.9	ENSG00000139946	+	6	4	327	4925	154.75	159.5	46.32763753959401	35448.6	8659	43668.7363545134
ENST00000261556.11	ENSG00000070269	+	16	14	277	2273	122.07142857142857	132.0	53.895146471522025	4363.933333333333	2959	4586.965748831397
ENST00000261558.8	ENSG00000053770	+	8	6	418	9941	219.33333333333334	129.5	215.04573157044217	2585.285714285714	2482	1971.5293314485343
ENST00000556492.6	ENSG00000139977	+	5	3	120	6528	317.3333333333333	124	395.2180832569954	4430.25	3987.5	3901.0425422784956
ENST00000254286.9	ENSG00000131966	+	13	11	146	1267	90.45454545454545	80	41.814742941607655	2756.6666666666665	2207.5	1852.2880854540829
ENST00000216455.9	ENSG00000100567	+	11	9	99	154	78.0	73	22.726636354727024	2620.7	2852.5	1725.1069564265026
ENST00000355431.8	ENSG00000032219	+	24	22	146	1991	169.4090909090909	101.5	221.7775932455776	3019.913043478261	1684	3692.0103283742496
ENST00000395159.7	ENSG00000100575	-	6	4	140	674	109.5	92.0	54.60463960751565	3557.0	1674	4850.652430343778
ENST00000360909.8	ENSG00000100592	+	25	23	102	2754	131.91304347826087	108	71.36838684120725	7368.625	1802.0	15937.126640298527
ENST00000247194.9	ENSG00000126790	-	5	3	600	485	143.66666666666666	138	24.00694344004112	2571.75	2872.5	1819.968383425016
ENST00000267484.10	ENSG00000139970	-	9	7	387	805	292.42857142857144	139	325.6147299815418	33944.375	4027.5	54469.40822920042
ENST00000557185.6	ENSG00000100612	-	7	5	222	895	167.8	153	58.006034168869014	3220.6666666666665	2342.5	3168.1574245398015
ENST00000395076.9	ENSG00000100614	+	6	4	457	6635	284.75	113.5	380.41851952816387	8327.2	2086	13845.076352263284
ENST00000645694.3	ENSG00000126778	-	2	0	848	3157	NA	NA	NA	2052.0	2052	NA
ENST00000216513.5	ENSG00000100625	-	3	1	1140	4665	686.0	686	NA	4161.0	4161.0	1972.8279195104676
ENST00000261245.9	ENSG00000020426	+	8	6	191	1737	120.0	124.0	28.078461496314215	33222.42857142857	10164	35841.501767537324
ENST00000261249.7	ENSG00000126814	-	5	3	117	3754	477.6666666666667	652	305.42484072736016	1083.75	1231.5	576.296437029879
ENST00000267488.9	ENSG00000139974	+	16	14	138	282	84.64285714285714	79.5	31.50484002585865	4652.066666666667	1842	7910.154310095588
ENST00000332981.11	ENSG00000027075	+	14	12	886	1292	128.5	141.5	44.71627728853839	17359.846153846152	3437	23262.182435038758
ENST00000337138.9	ENSG00000100644	+	15	13	327	1325	176.46153846153845	146	95.85372135413365	3485.714285714286	1364.5	6258.954329335156
ENST00000216294.5	ENSG00000023608	+	10	8	169	1480	118.0	123.0	39.89629413509839	3490.6666666666665	2046	3390.081709929718
ENST00000337537.8	ENSG00000154001	-	14	12	599	4745	109.25	105.5	43.56630265781946	12719.923076923076	3086	23631.055380796188
ENST00000247225.7	ENSG00000126821	-	3	1	805	2441	90.0	90	NA	20257.0	20257.0	11801.612178003477
ENST00000652337.1	ENSG00000100714	+	28	26	116	267	106.57692307692308	105.5	36.93905583733626	2537.740740740741	1451	2858.230983191588
ENST00000608382.6	ENSG00000089775	-	3	1	178	10007	180.0	180	NA	7711.5	7711.5	7648.774052094885
ENST00000683701.1	ENSG00000126804	+	2	0	177	3465	NA	NA	NA	16540.0	16540	NA
ENST00000247207.7	ENSG00000126803	+	1	0	2497	2497	NA	NA	NA	NA	NA	NA
ENST00000247226.13	ENSG00000126822	+	17	15	281	7268	198.46666666666667	98	349.5081986912195	2206.25	403.0	5606.54627496584
ENST00000549115.7	ENSG00000258289	+	4	2	80	3231	103.5	103.5	45.96194077712559	5798.666666666667	6057	3793.1035226227787
ENST00000358664.9	ENSG00000125952	-	5	3	214	1537	86.33333333333333	108	52.00320502943384	6345.25	4489.5	6985.19178333709
ENST00000673929.1	ENSG00000033170	+	11	9	485	2029	192.77777777777777	163	103.11859407713258	32714.3	26377.0	33044.60180506879
ENST00000478722.6	ENSG00000171723	+	23	21	445	1000	100.57142857142857	93	49.36858457417169	30459.090909090908	13872.5	39942.803030034134
ENST00000261681.9	ENSG00000072415	+	15	13	99	3282	160.53846153846155	147	119.69587530112541	6368.5	3435.5	7579.452332051846
ENST00000216442.12	ENSG00000100554	-	9	7	147	891	80.14285714285714	79	24.35452436700124	2541.75	1954.5	1715.2693041369002
ENST00000256383.11	ENSG00000134001	+	8	6	129	3202	137.16666666666666	125.5	58.256044035504736	3147.8571428571427	1891	3177.7847330371214
ENST00000329153.10	ENSG00000054690	+	29	27	109	2539	146.92592592592592	130	127.1268070519553	1775.2857142857142	887.0	2983.3891597153192
ENST00000216452.9	ENSG00000100564	-	4	2	245	855	147.0	147.0	89.09545442950498	3185.6666666666665	2462	2600.1581362165903
ENST00000261783.4	ENSG00000081181	+	8	6	169	994	124.66666666666667	121.0	40.450793152504026	4268.285714285715	1021	7553.219991374224
ENST00000554659.6	ENSG00000100568	-	6	4	258	4397	121.75	118.0	71.11668814936009	4481.2	2917	4137.507244706649
ENST00000381346.9	ENSG00000072042	-	7	5	135	1624	156.0	156	44.83859944289072	2737.6666666666665	1885.0	2539.201423019975
ENST00000347230.9	ENSG00000072121	-	42	40	57	2118	187.475	164.0	142.00072002345442	1473.0487804878048	987	1249.4596622384315
ENST00000471583.6	ENSG00000182185	+	11	9	75	446	115.33333333333333	114	31.336879231984796	65675.6	15115.5	124553.48678218527
ENST00000439696.3	ENSG00000185650	-	2	0	186	2831	NA	NA	NA	2389.0	2389	NA
ENST00000394419.9	ENSG00000072110	-	22	20	351	890	124.05	117.5	43.48559955227768	4831.0952380952385	1468	11376.143401455354
ENST00000341516.10	ENSG00000139990	-	9	7	355	4731	122.85714285714286	130	57.179333595943476	12036.625	9802.5	11032.318470715289
ENST00000685843.1	ENSG00000081177	+	10	8	94	3135	222.5	196.5	122.59223932556719	5279.111111111111	2952	6340.317548128888
ENST00000336643.10	ENSG00000029364	+	7	5	774	4028	119.4	109	50.46087593373702	9716.666666666666	6735.0	9887.98185003728
ENST00000342745.5	ENSG00000100647	+	6	4	233	4191	241.5	199.5	127.56828236935178	19631.8	3934	23815.263166717265
ENST00000557154.6	ENSG00000100650	+	8	6	114	812	95.0	86.5	29.711950457686214	481.14285714285717	321	417.7149859938108
ENST00000361956.8	ENSG00000198732	+	12	10	362	2125	119.2	103.0	63.02697835054446	13570.181818181818	6794	20807.302899790648
ENST00000256366.6	ENSG00000213463	-	4	2	191	6633	116.5	116.5	28.991378028648448	14511.666666666666	12698	12969.957221723336
ENST00000256379.10	ENSG00000133997	-	8	6	40	1723	98.0	100.5	43.474130238568314	2154.8571428571427	1498	1820.409700092393
ENST00000256367.3	ENSG00000133985	+	3	1	620	4291	183.0	183	NA	14178.5	14178.5	15343.510044966895
ENST00000381232.8	ENSG00000197555	+	24	22	28	2192	260.54545454545456	152.5	364.9787635404255	17947.043478260868	5160	40056.40645784648
ENST00000556143.6	ENSG00000165861	-	12	10	181	1664	253.5	144.5	262.75728132420784	4843.272727272727	2205	7588.9542506317575
ENST00000261973.12	ENSG00000119707	+	19	17	172	4187	144.35294117647058	121	89.02453396148066	3252.9444444444443	2157.0	3366.035815967959
ENST00000324501.10	ENSG00000080815	+	12	10	77	4558	138.3	129.5	61.00282324978447	7378.818181818182	5296	6378.2974345538605
ENST00000553645.7	ENSG00000119661	+	8	6	57	7831	88.16666666666667	83.0	43.0414528874975	7190.0	6386	4819.252639154748
ENST00000555661.6	ENSG00000140043	+	10	8	113	1626	128.25	120.5	58.6338517533052	3459.0	1662	4152.009814535606
ENST00000286544.5	ENSG00000156050	-	9	7	122	2119	250.14285714285714	165	164.12335662688656	1728.375	1533.5	958.1532739747704
ENST00000334696.11	ENSG00000187097	-	16	14	39	3785	102.64285714285714	84.5	61.571230972886056	3386.5333333333333	992	5657.9234689904015
ENST00000553458.6	ENSG00000119711	-	12	10	107	3900	145.5	142.0	73.4048893315546	2013.1818181818182	1290	2710.38797289915
ENST00000356924.9	ENSG00000119688	-	19	17	60	1261	100.82352941176471	95	41.96759954732586	812.8333333333334	490.5	731.6275370304049
ENST00000555619.6	ENSG00000119655	-	5	3	113	349	119.66666666666667	108	48.562674281111555	3136.25	2688.0	2751.614965191654
ENST00000356357.9	ENSG00000119682	-	20	18	148	2567	150.11111111111111	136.0	68.23134426251092	2442.5263157894738	815	4788.612282957478
ENST00000325680.12	ENSG00000119596	+	21	19	1047	1544	294.94736842105266	131	488.99062405056065	3290.4	1460.0	4368.83223467517
ENST00000334220.9	ENSG00000119689	+	15	13	101	1548	89.53846153846153	77	41.13720008422098	1358.2142857142858	924.5	1229.643862048084
ENST00000557413.6	ENSG00000198208	-	12	10	81	3174	206.7	110.5	196.56723475131295	1271.6363636363637	694	1843.3397013424992
ENST00000266126.10	ENSG00000119718	+	8	6	233	3336	122.5	129.5	35.915177850039946	734.5714285714286	965	447.7595549484333
ENST00000355774.7	ENSG00000119684	-	13	11	88	3427	391.3636363636364	99	979.6748718556859	2489.4166666666665	1613.0	2125.999549231686
ENST00000238618.8	ENSG00000119640	-	3	1	71	417	92.0	92	NA	5101.0	5101.0	6659.531665214905
ENST00000238616.10	ENSG00000119638	-	22	20	346	5334	129.9	138.5	56.97081431935589	1877.047619047619	1952	1070.2904034041637
ENST00000303575.9	ENSG00000170348	-	5	3	258	3538	104.33333333333333	112	27.31910198621714	10258.75	8035.5	10374.775318852291
ENST00000303562.9	ENSG00000170345	+	4	2	296	1448	180.0	180.0	101.82337649086284	433.0	431	319.0047021597017
ENST00000651602.1	ENSG00000140044	+	4	2	231	4818	164.5	164.5	84.14570696119915	13569.333333333334	9645	8483.044873943161
ENST00000256319.7	ENSG00000133935	-	5	3	102	1844	124.66666666666667	119	36.8284310463171	2191.5	2694.5	1415.9040692551644
ENST00000298832.14	ENSG00000119685	+	32	30	142	656	130.6	107.0	71.23375797936025	9326.387096774193	6192	12138.431133325865
ENST00000238682.8	ENSG00000119699	-	7	5	1454	1249	145.6	154	26.283074401599215	3411.3333333333335	2169.5	3146.633417903437
ENST00000251089.8	ENSG00000013523	-	10	8	119	3380	223.5	145.5	188.08736571832023	2398.5555555555557	910	3733.6232439518826
ENST00000238647.5	ENSG00000119669	-	1	0	4166	4166	NA	NA	NA	NA	NA	NA
ENST00000361786.7	ENSG00000198894	+	4	2	104	3863	179.0	179.0	12.727922061357855	4901.666666666667	3967	2089.1810197618906
ENST00000261534.9	ENSG00000009830	-	21	19	450	2526	99.94736842105263	105	28.38519505385887	2052.65	1532.0	2071.923979376606
ENST00000216465.10	ENSG00000100577	+	9	7	148	529	72.71428571428571	68	26.781301223766093	1172.0	637.5	1131.1142420513627
ENST00000216468.8	ENSG00000100580	-	6	4	159	6960	160.5	128.5	99.77474630386187	6861.0	2525	10412.487719080393
ENST00000557658.6	ENSG00000151445	-	20	18	107	962	81.16666666666667	88.5	32.9977717607791	1494.578947368421	955	1280.4261146539145
ENST00000216479.8	ENSG00000100591	+	9	7	177	396	109.14285714285714	102	43.929597355422274	1255.375	1099.0	864.6036147936728
ENST00000216484.7	ENSG00000100596	-	12	10	190	6407	143.7	133.0	38.551696893046525	9327.90909090909	5634	9228.995746608029
ENST00000238561.10	ENSG00000063761	+	11	9	62	1795	156.77777777777777	159	39.315320734345335	13163.8	10197.0	11845.029757478685
ENST00000555265.6	ENSG00000100629	-	25	23	158	1104	145.7391304347826	117	128.2455802503733	18360.25	7271.5	32577.707017889985
ENST00000553612.6	ENSG00000165417	-	9	7	471	4879	141.85714285714286	102	91.89020363351865	4895.625	4041.5	3466.4198466965063
ENST00000614646.5	ENSG00000140022	-	8	6	46	7846	497.0	244.0	659.1725115627927	18399.85714285714	6028	20531.535990832668
ENST00000336735.9	ENSG00000071537	-	21	19	179	5635	110.78947368421052	88	54.31858587932702	2719.4	1313.0	4429.888098859953
ENST00000393545.9	ENSG00000042317	+	12	10	181	623	119.6	76.5	127.26106151442309	4618.545454545455	1937	5869.850191676724
ENST00000556564.6	ENSG00000070778	-	19	17	357	2488	211.64705882352942	98	325.2831345874834	4599.277777777777	2372.0	7677.457267531435
ENST00000557258.6	ENSG00000053254	-	6	4	363	6793	216.25	121.5	229.072586749266	50607.2	61125	39195.38564933377
ENST00000316738.12	ENSG00000140025	-	6	4	145	2656	83.75	93.5	25.565275929145248	31385.2	3763	57899.15194283937
ENST00000335725.9	ENSG00000042088	+	17	15	44	1695	132.2	97	131.58169651263375	5319.75	3723.0	6527.898646067763
ENST00000261303.13	ENSG00000100764	+	11	9	48	3157	131.66666666666666	129	44.44097208657794	1448.7	942.0	1122.2274526830804
ENST00000554943.6	ENSG00000100796	-	15	13	805	1362	173.0	143	141.58801738376968	3456.214285714286	2406.0	4745.652296553153
ENST00000342058.9	ENSG00000140092	-	11	9	482	975	129.77777777777777	123	63.31030283014325	7565.9	3760.0	12141.270704593577
ENST00000267622.8	ENSG00000100815	-	21	19	513	3903	293.6842105263158	117	667.211448462228	3203.65	2621.0	2885.790091118895
ENST00000644486.2	ENSG00000066427	-	11	9	54	5863	107.44444444444444	97	42.02413327812696	4114.7	3347.5	3688.8379395745274
ENST00000216487.12	ENSG00000100599	+	10	8	196	1069	323.375	148.0	478.8390536346365	19040.222222222223	17005	13927.208602029497
ENST00000334869.9	ENSG00000100600	-	14	12	139	553	107.33333333333333	88.0	46.83497786393361	3295.3076923076924	1285	5149.860667769168
ENST00000163416.7	ENSG00000066455	+	13	11	152	582	195.0	171	138.08258398509204	3563.6666666666665	2643.5	2643.7455637902463
ENST00000267615.11	ENSG00000100605	-	11	9	154	4991	115.88888888888889	118	67.0381317692484	17282.4	5819.5	20132.08497895834
ENST00000415050.3	ENSG00000153485	+	2	0	169	2204	NA	NA	NA	774.0	774	NA
ENST00000013070.11	ENSG00000012963	+	11	9	186	2273	115.0	106	53.16718913013928	1846.6	1612.0	1402.6832381784088
ENST00000334746.10	ENSG00000011114	-	11	9	217	5539	298.77777777777777	188	311.454161064585	8704.2	2772.0	13070.697871362663
ENST00000203664.10	ENSG00000089723	+	6	4	201	3215	123.75	107.5	49.56729432465188	3736.0	1487	4329.089280668626
ENST00000621632.5	ENSG00000089737	-	9	7	84	3176	330.42857142857144	189	252.46838557388867	3417.875	1701.5	5295.183969217419
ENST00000238609.4	ENSG00000119632	-	4	2	47	212	96.0	96.0	93.33809511662427	457.6666666666667	521	169.13998147491128
ENST00000343455.8	ENSG00000100697	-	27	25	300	4436	225.92	163	199.0242698768168	2343.0	935.0	4585.309926275431
ENST00000555181.6	ENSG00000100744	+	4	2	43	1766	180.0	180.0	111.72287142747452	7198.0	3017	7730.866768998157
ENST00000216277.13	ENSG00000090060	+	22	20	219	2162	106.7	105.5	44.50440545904594	2867.6190476190477	2038	3691.461045117373
ENST00000216639.8	ENSG00000100749	+	13	11	66	433	105.81818181818181	93	40.614820402946954	6880.416666666667	4050.0	10118.816778281156
ENST00000331768.10	ENSG00000183576	-	13	11	132	1378	122.36363636363636	111	57.779360895172125	6688.0	2065.0	12524.21870544499
ENST00000389879.9	ENSG00000090061	+	11	9	71	2284	129.88888888888889	106	82.84389604014957	2750.8	1347.5	3352.7189231693396
ENST00000262233.11	ENSG00000066629	+	22	20	131	2074	112.75	118.5	35.280641777191725	6866.0952380952385	2602	12567.251409535666
ENST00000392920.8	ENSG00000196405	+	14	12	90	536	100.66666666666667	66.0	59.44643629250443	5921.615384615385	3034	8119.89215382468
ENST00000262238.10	ENSG00000100811	+	5	3	780	5371	127.66666666666667	159	57.76965754903982	9277.75	6981.0	10161.084304836762
ENST00000359232.8	ENSG00000197119	-	4	2	246	1917	64.0	64.0	28.284271247461902	4346.0	5464	3656.5173321071516
ENST00000392882.7	ENSG00000140105	-	11	9	65	1247	147.44444444444446	141	39.71495660047708	3891.9	4276.5	2647.2352642794035
ENST00000402312.8	ENSG00000176473	+	7	5	11	484	285.6	148	308.5932598097373	25316.0	10119.5	33525.80807676379
ENST00000216281.13	ENSG00000080824	-	11	9	59	1080	232.11111111111111	191	90.13246424630313	307.5	294.0	186.19001644079154
ENST00000342702.8	ENSG00000140153	+	3	1	276	1925	183.0	183	NA	34123.5	34123.5	29191.489247724243
ENST00000361847.7	ENSG00000080823	-	12	10	203	531	117.5	108.5	50.87293539354256	6765.454545454545	2049	8342.46221883727
ENST00000216756.11	ENSG00000100865	-	5	3	46	478	143.0	130	22.516660498395403	3414.0	3389.0	1864.9529037842574
ENST00000359520.12	ENSG00000196663	+	20	18	176	4375	230.72222222222223	166.0	198.4432962588189	6885.9473684210525	2958	9357.710626202474
ENST00000286918.9	ENSG00000156381	-	4	2	248	6176	140.5	140.5	92.63098833543772	435.0	532	307.2083983227021
ENST00000262241.7	ENSG00000089902	+	12	10	539	4094	111.8	81.5	62.797381403296676	12014.727272727272	3409	25963.955157452066
ENST00000392745.8	ENSG00000131323	+	12	10	227	6288	129.1	122.0	61.99542993909578	11476.90909090909	3655	17594.148814049207
ENST00000361246.7	ENSG00000198752	-	37	35	551	1464	137.97142857142856	106	94.56976438658634	3286.8333333333335	1612.5	7484.348241497051
ENST00000560869.6	ENSG00000185215	+	12	10	491	2221	197.1	123.0	172.21140109373323	845.0909090909091	489	787.1723387601288
ENST00000216554.8	ENSG00000100664	+	12	10	24	4063	162.3	160.5	53.909492052266025	461.72727272727275	305	342.6114682578769
ENST00000429436.7	ENSG00000075413	+	18	16	666	950	116.5625	102.0	74.00447621596953	6760.941176470588	5158	7343.212584340966
ENST00000348956.7	ENSG00000166165	-	8	6	65	376	163.16666666666666	163.5	31.808279844510086	249.14285714285714	157	215.98103973221706
ENST00000389749.9	ENSG00000166166	+	4	2	66	2524	313.5	313.5	65.76093065034893	1553.6666666666667	1701	802.212149829042
ENST00000299204.6	ENSG00000166170	-	2	0	42	4642	NA	NA	NA	1423.0	1423	NA
ENST00000311141.7	ENSG00000100711	+	7	5	170	682	106.2	92	48.628181129875706	2745.3333333333335	948.0	4131.645902865669
ENST00000202556.14	ENSG00000088808	-	17	15	277	2001	214.8	167	181.5253622578871	6805.0625	2278.0	12699.697442426204
ENST00000392634.9	ENSG00000203485	+	23	21	122	3741	179.04761904761904	116	189.26237771688176	1149.7727272727273	437.5	2463.364538725308
ENST00000329967.11	ENSG00000184990	+	4	2	173	227	176.0	176.0	26.870057685088806	1918.6666666666667	2310	1002.9916915574792
ENST00000649815.2	ENSG00000142208	-	15	13	265	1072	124.61538461538461	126	40.98483146551185	1674.5	434.5	3216.9107672758637
ENST00000414716.8	ENSG00000099814	+	19	17	246	2037	261.4117647058824	132	408.71797410065193	1375.1666666666667	488.0	1867.9122113771205
ENST00000336219.4	ENSG00000170779	-	2	0	85	2363	NA	NA	NA	9063.0	9063	NA
ENST00000331782.8	ENSG00000184916	-	26	24	422	2176	132.29166666666666	115.0	69.60727046400595	880.36	229	2030.769063680063
ENST00000392568.7	ENSG00000183828	-	5	3	184	323	115.66666666666667	65	106.46282606305984	1880.0	1968.0	1689.0046378464053
ENST00000392554.8	ENSG00000184887	+	4	2	553	1454	105.0	105.0	19.79898987322333	114.66666666666667	112	45.05922029211484
ENST00000447393.6	ENSG00000179364	+	25	23	290	3594	107.69565217391305	107	45.73484327433585	3209.9583333333335	826.5	6979.241178879765
ENST00000331320.12	ENSG00000182979	+	21	19	237	665	103.63157894736842	100	47.835610313187054	2401.6	564.0	4229.530599810911
ENST00000329146.9	ENSG00000182809	+	8	6	85	577	86.0	82.0	31.761612049768505	594.8571428571429	107	1220.8441653996942
ENST00000392519.7	ENSG00000184986	+	2	0	71	1477	NA	NA	NA	2068.0	2068	NA
ENST00000337451.8	ENSG00000140157	+	8	6	256	2172	133.16666666666666	129.0	60.42322952860652	3784.5714285714284	5271	2328.259139152603
ENST00000617928.5	ENSG00000273749	-	31	29	82	3141	124.24137931034483	120	39.07196215447831	3549.7	1696.0	6175.641952670686
ENST00000390687.9	ENSG00000128739	+	10	8	76	317	134.375	142.5	21.158838072338202	2474.3333333333335	795	2924.9741451848768
ENST00000648336.2	ENSG00000114062	-	13	11	536	5530	242.0	145	340.83720454199243	8047.416666666667	3535.5	10253.01646486476
ENST00000311550.10	ENSG00000166206	-	9	7	184	4583	142.85714285714286	138	68.8462745819229	27968.5	9494.5	51145.12802939159
ENST00000332303.6	ENSG00000185115	-	1	0	4834	4834	NA	NA	NA	NA	NA	NA
ENST00000435680.6	ENSG00000166912	-	16	14	182	3132	119.35714285714286	111.0	47.0263545469774	3180.2	1759	3611.523999643364
ENST00000307145.4	ENSG00000169926	+	2	0	955	5890	NA	NA	NA	44220.0	44220	NA
ENST00000361627.8	ENSG00000198826	+	12	10	837	3685	135.4	134.5	53.841743409118294	1687.4545454545455	824	1379.0750062006318
ENST00000306730.8	ENSG00000169857	-	6	4	425	502	176.5	137.0	131.2161067349076	34269.0	4894	53771.66220231619
ENST00000256545.9	ENSG00000134153	-	5	3	259	470	113.33333333333333	120	29.569128044860122	4194.25	4502.5	1626.2999672057222
ENST00000256544.8	ENSG00000134152	-	10	8	146	1698	112.0	92.0	74.34283518172509	7409.222222222223	1574	14814.749388512937
ENST00000267750.9	ENSG00000128463	+	5	3	185	404	143.33333333333334	154	24.78574859336174	1030.5	872.5	758.4108385301465
ENST00000328848.6	ENSG00000182117	-	2	0	117	390	NA	NA	NA	911.0	911	NA
ENST00000314891.11	ENSG00000176454	-	14	12	210	670	107.08333333333333	106.0	52.92612060622092	492.2307692307692	330	380.284795437611
ENST00000156471.10	ENSG00000021776	-	35	33	204	5325	123.27272727272727	117	49.36298760665267	3187.176470588235	3098.5	1651.3784778194693
ENST00000356321.4	ENSG00000198146	-	3	1	172	5150	117.0	117	NA	2254.0	2254.0	2562.554975020048
ENST00000256538.9	ENSG00000134146	-	9	7	47	1324	103.85714285714286	95	43.60209693515734	21648.5	6079.0	28655.131457683856
ENST00000561208.6	ENSG00000134138	-	12	10	1095	3256	113.5	113.0	57.35319423440066	18714.545454545456	1536	29651.176372493675
ENST00000299084.9	ENSG00000166068	+	7	5	382	6236	130.4	159	54.90719442841712	16190.666666666666	12226.5	16695.789081881296
ENST00000397609.6	ENSG00000171262	+	8	6	106	3456	137.66666666666666	140.5	35.61834733205159	4170.857142857143	3099	3300.8270897141033
ENST00000260356.6	ENSG00000137801	+	22	20	150	4105	176.7	156.5	105.02034890539322	504.7142857142857	430	414.8462537925518
ENST00000263791.10	ENSG00000128829	+	39	37	225	565	128.32432432432432	108	95.90013731135288	2524.7105263157896	1754.5	1823.2370812598115
ENST00000267884.11	ENSG00000140319	-	5	3	89	811	73.0	73	40.0	593.25	483.0	474.239303165255
ENST00000638170.2	ENSG00000259330	+	1	0	3024	3024	NA	NA	NA	NA	NA	NA
ENST00000249776.13	ENSG00000128944	+	9	7	324	820	87.57142857142857	94	28.512319810081763	1226.375	1054.5	1048.7916771899256
ENST00000487418.8	ENSG00000128928	+	12	10	177	3179	99.4	94.0	33.04609575191061	1014.9090909090909	595	853.5175984764994
ENST00000416165.6	ENSG00000140320	+	7	5	316	2296	433.4	160	578.8257941729964	3750.8333333333335	1176.5	6609.0558301974315
ENST00000416810.7	ENSG00000128891	-	4	2	67	1029	206.5	206.5	70.0035713374682	3478.3333333333335	3088	1758.300410434273
ENST00000315616.12	ENSG00000166133	+	3	1	645	1423	297.0	297	NA	1643.0	1643.0	24.041630560342615
ENST00000267868.8	ENSG00000051180	+	10	8	252	1286	112.25	116.0	18.35172237926768	3859.0	2730	3639.729900693182
ENST00000338376.8	ENSG00000137824	-	13	11	172	708	124.18181818181819	99	71.79528979232298	1426.8333333333333	493.5	1865.4750227773247
ENST00000260447.6	ENSG00000137880	+	3	1	149	483	95.0	95	NA	1457.0	1457.0	216.37467504308356
ENST00000220496.9	ENSG00000104129	-	11	9	105	2902	79.33333333333333	81	19.96246477767713	3859.2	556.0	8435.712086125273
ENST00000355341.8	ENSG00000166140	+	11	9	780	937	117.55555555555556	119	42.82263160733793	522.1	344.0	603.913064015748
ENST00000562057.6	ENSG00000166145	+	11	9	139	1438	155.66666666666666	128	153.78881623837282	1118.2	270.0	2471.9385015723096
ENST00000220509.10	ENSG00000104142	+	5	3	410	1360	701.6666666666666	142	1012.9809145948078	1412.75	1339.5	1118.7476256958046
ENST00000617768.5	ENSG00000128965	+	3	1	344	1140	36.0	36	NA	761.0	761.0	492.1463197058371
ENST00000648947.1	ENSG00000128908	-	36	34	308	1561	132.23529411764707	131.0	52.15307238314712	3743.885714285714	1664	4649.716207478047
ENST00000334660.10	ENSG00000187446	+	7	5	182	2552	93.4	81	30.121420949218184	7903.166666666667	7910.5	4618.283292162431
ENST00000260386.7	ENSG00000137825	+	7	5	543	589	138.6	102	67.19598202273704	1308.8333333333333	172.5	2811.610315578364
ENST00000304330.9	ENSG00000103932	-	25	23	39	516	178.6086956521739	158	134.02704582231792	934.125	355.5	1523.6555388561276
ENST00000263798.8	ENSG00000092445	+	19	17	170	5704	126.94117647058823	122	32.87185458001133	908.1111111111111	597.0	978.3916507320687
ENST00000457542.7	ENSG00000137802	+	31	29	127	2647	152.0	135	106.22886344384669	1539.6666666666667	280.5	4741.573173633361
ENST00000220325.9	ENSG00000103966	-	6	4	299	5249	213.25	171.0	137.6284248741274	14044.8	10599	6540.528090299743
ENST00000318006.10	ENSG00000166887	-	25	23	224	2129	107.78260869565217	103	35.306394632931365	1865.5	616.5	2477.4771705173757
ENST00000389834.9	ENSG00000103978	-	20	18	179	1303	82.33333333333333	71.5	35.852639577942966	3159.1052631578946	2054	3792.042412074364
ENST00000318010.13	ENSG00000214013	+	24	22	1310	1637	118.45454545454545	106.5	53.537461092768865	3257.086956521739	1964	3057.476096881863
ENST00000564754.7	ENSG00000103994	-	22	20	162	4538	284.8	127.5	486.9010058252953	3234.4285714285716	1607	4264.272723119719
ENST00000249647.8	ENSG00000092531	+	8	6	80	1646	97.33333333333333	94.5	50.18631951704236	5016.428571428572	1593	6568.076985367505
ENST00000267890.11	ENSG00000128881	-	15	13	341	7528	256.84615384615387	141	333.54755936593864	12202.92857142857	8228.5	12106.211269517718
ENST00000260403.7	ENSG00000137842	+	14	12	397	885	118.75	121.0	31.25590853233702	3757.846153846154	2726	3074.682337146225
ENST00000300213.9	ENSG00000166946	+	11	9	205	2451	95.44444444444444	77	71.1004766353769	826.0	459.5	879.8306655260432
ENST00000562188.7	ENSG00000168803	+	13	11	188	2819	114.63636363636364	101	44.3379582914521	1635.8333333333333	1410.0	944.6354595901805
ENST00000684362.1	ENSG00000140265	-	6	4	486	3767	450.5	449.0	202.27786169853914	1362.8	1727	800.028561990133
ENST00000564079.6	ENSG00000137822	+	18	16	332	4570	119.375	124.0	43.461668935588136	1874.0588235294117	1494	2131.384188461463
ENST00000382044.9	ENSG00000067369	-	28	26	120	4510	220.73076923076923	156.0	245.67923114375097	2952.8518518518517	1637	3324.04481021013
ENST00000300231.6	ENSG00000166963	+	6	4	93	1543	2157.5	181.0	4018.731599232109	747.6	211	1226.191379842478
ENST00000420765.6	ENSG00000168781	-	32	30	37	2002	126.4	119.5	39.180924281928405	1642.032258064516	324	3536.974295296956
ENST00000300289.10	ENSG00000167004	+	13	11	269	2174	112.45454545454545	117	33.11000947255569	1930.0833333333333	1232.5	2071.907573330491
ENST00000249786.9	ENSG00000140264	+	3	1	64	2370	109.0	109	NA	608.5	608.5	24.748737341529164
ENST00000442995.4	ENSG00000242028	+	4	2	186	2717	54.0	54.0	2.8284271247461903	272.6666666666667	330	114.34305109333637
ENST00000263795.11	ENSG00000092470	+	13	11	91	2285	141.45454545454547	124	101.63598145968153	3123.25	2597.5	2388.075875336384
ENST00000417257.6	ENSG00000171877	-	14	12	319	3699	86.08333333333333	88.5	21.8068310120448	24573.615384615383	3565	74015.60182324001
ENST00000260327.9	ENSG00000137770	+	13	11	144	4930	123.54545454545455	112	51.717238202293125	7914.75	3392.5	10247.187287029283
ENST00000648006.3	ENSG00000166710	+	4	2	97	539	153.5	153.5	177.48380207782344	1895.3333333333333	1250	1686.3043418473824
ENST00000267814.14	ENSG00000140263	+	9	7	155	3821	120.28571428571429	122	53.35014615948203	6146.625	3039.5	7010.699087568128
ENST00000396659.8	ENSG00000171766	-	9	7	160	1098	155.71428571428572	165	53.51546282995936	1884.125	1373.0	2157.6079636949803
ENST00000305560.11	ENSG00000171763	+	8	6	1183	373	167.5	172.5	34.425281407709655	2359.8571428571427	1801	1529.4706522815259
ENST00000261867.5	ENSG00000104154	-	8	6	149	5712	208.16666666666666	150.5	148.7379126741621	5148.571428571428	1293	7587.175646162034
ENST00000220531.9	ENSG00000104164	+	5	3	147	3314	105.66666666666667	88	31.46956201368766	4638.0	3424.5	4401.81909366268
ENST00000324324.12	ENSG00000104177	-	17	15	219	8440	98.53333333333333	72	63.28491883838481	2095.4375	955.0	2760.0436945514707
ENST00000331200.8	ENSG00000128951	+	7	5	367	1352	84.4	75	34.85398112124352	1634.0	1004.5	1888.7889241521934
ENST00000316623.10	ENSG00000166147	-	66	64	135	3067	131.359375	126.0	42.860929478881474	3473.6615384615384	1702	8063.035343228618
ENST00000380950.7	ENSG00000103995	-	27	25	109	1351	164.0	133	114.13478873682642	2598.923076923077	2187.0	2195.60887087071
ENST00000530028.3	ENSG00000255302	+	1	0	2040	2040	NA	NA	NA	NA	NA	NA
ENST00000559471.6	ENSG00000138593	-	18	16	171	4289	162.4375	159.0	67.60963318936142	2985.294117647059	2233	2763.226279295316
ENST00000388901.10	ENSG00000166200	-	13	11	75	5368	103.0	90	42.2965719651132	2191.4166666666665	937.5	2940.4996624981127
ENST00000560031.6	ENSG00000156958	+	10	8	129	3931	139.5	135.5	47.868868499564215	17384.444444444445	15939	13819.48102418386
ENST00000267842.10	ENSG00000140284	+	10	8	710	466	151.0	145.0	46.70576593343237	5756.222222222223	2828	6052.020050730536
ENST00000380877.8	ENSG00000104064	-	9	7	214	3396	142.71428571428572	116	38.58632869171103	9400.125	4428.0	14912.141816438423
ENST00000646667.1	ENSG00000092439	-	39	37	267	4651	147.67567567567568	129	118.59737069739926	3138.3684210526317	2230.5	4004.3194881652666
ENST00000261854.10	ENSG00000138600	-	15	13	239	5609	109.38461538461539	102	37.133853515667845	4012.214285714286	2481.0	4685.098589859481
ENST00000261842.10	ENSG00000081014	+	21	19	246	3394	163.31578947368422	124	111.95984033551144	4523.5	3475.0	4032.233552394086
ENST00000560891.6	ENSG00000104093	-	44	42	313	1403	211.42857142857142	128.0	291.96434320024156	3822.906976744186	1600	7575.932162710922
ENST00000267838.7	ENSG00000140280	-	3	1	306	639	332.0	332	NA	6684.0	6684.0	7840.399989796439
ENST00000249700.9	ENSG00000128872	+	10	8	116	7944	136.25	137.5	32.613537942744834	6179.666666666667	4025	5415.762157813063
ENST00000308580.12	ENSG00000138594	+	10	8	184	6950	137.25	137.5	33.30272404130672	8649.0	4669	10459.29196934477
ENST00000299601.10	ENSG00000166477	-	12	10	91	236	183.8	120.0	203.4757970865331	2871.7272727272725	1849	2489.295044421576
ENST00000261845.7	ENSG00000069956	+	6	4	158	3474	424.5	183.5	508.2155054698745	8565.4	2977	10319.619411586844
ENST00000261837.12	ENSG00000069966	-	13	11	71	7669	108.54545454545455	112	40.898321814870684	5613.25	4342.5	6583.104740373441
ENST00000399233.7	ENSG00000197535	-	42	40	101	6566	136.575	133.5	60.17320619336935	5108.975609756098	2423	14603.903728948306
ENST00000249822.9	ENSG00000128989	-	3	1	183	5060	123.0	123	NA	8310.0	8310.0	4688.11795926681
ENST00000619572.5	ENSG00000047346	-	13	11	561	987	288.90909090909093	126	508.5293412469834	7778.5	2321.5	17871.26129495977
ENST00000260443.9	ENSG00000137876	-	6	4	132	1420	84.25	79.5	21.792582836062977	2849.4	1961	1859.5430352643093
ENST00000336787.6	ENSG00000069974	-	7	5	98	2740	121.8	120	33.30465432938766	13900.166666666666	11389.5	12891.23965205312
ENST00000164305.10	ENSG00000069943	+	12	10	192	363	135.5	133.5	55.09032986327496	3137.909090909091	2088	2753.5297512300626
ENST00000563719.4	ENSG00000171016	-	3	1	511	8264	86.0	86	NA	20300.5	20300.5	26217.398126053624
ENST00000435532.8	ENSG00000069869	-	29	27	102	3078	94.62962962962963	74	47.75188127437667	5748.428571428572	1668.0	11288.947719975436
ENST00000696102.1	ENSG00000151575	+	12	10	52	1788	107.1	87.5	44.89110280569092	5619.818181818182	2746	6238.006810162711
ENST00000333725.10	ENSG00000140262	+	21	19	263	3697	113.36842105263158	103	50.4383127375695	18254.8	6639.0	34213.74832709029
ENST00000281282.6	ENSG00000128849	+	19	17	63	3363	222.8235294117647	136	361.3940431326514	9277.722222222223	1653.5	18118.850748535693
ENST00000299638.8	ENSG00000255529	+	4	2	242	3022	425.0	425.0	311.1269837220809	2243.3333333333335	2347	442.69891950775457
ENST00000249750.9	ENSG00000128918	-	13	11	178	1841	124.27272727272727	129	37.48890745031365	9074.75	1856.0	15525.6565437226
ENST00000260408.8	ENSG00000137845	-	16	14	228	8833	149.78571428571428	151.0	36.803383145969214	9982.733333333334	6078	10873.634643134785
ENST00000559228.6	ENSG00000128923	+	9	7	934	7419	128.14285714285714	143	53.67317322284499	10168.625	10641.0	4995.133143871142
ENST00000380516.7	ENSG00000137776	-	21	19	276	1058	149.1578947368421	145	102.05241744531459	2523.1	924.0	3904.200193044463
ENST00000348370.9	ENSG00000157450	+	14	12	406	2637	238.5	145.5	225.66971037739685	7988.615384615385	3250	11689.266497792334
ENST00000288207.7	ENSG00000157456	+	9	7	147	279	151.71428571428572	141	43.60701123181258	2301.5	1476.0	2675.5451246962207
ENST00000288235.9	ENSG00000157483	-	28	26	374	5023	124.88461538461539	123.5	37.43616104578772	8584.962962962964	4111	18823.672603076328
ENST00000396060.7	ENSG00000140307	-	5	3	110	1096	117.66666666666667	121	11.372481406154654	4473.75	4028.5	3017.638632551397
ENST00000607373.6	ENSG00000140299	-	10	8	186	4975	118.75	105.0	40.21637903711798	2673.777777777778	1820	2264.2935861863066
ENST00000451270.7	ENSG00000182718	-	13	11	44	539	88.27272727272727	94	21.753578597972837	4106.833333333333	1850.0	5283.6691251669445
ENST00000261520.9	ENSG00000128915	-	16	14	140	4154	208.0	135.5	233.7549670389586	3488.5333333333333	3246	2855.1239369313016
ENST00000335670.11	ENSG00000069667	-	11	9	250	9336	137.88888888888889	113	102.15361526207045	73019.2	2633.0	173678.73160253867
ENST00000636159.2	ENSG00000171914	+	59	57	136	4150	135.73684210526315	128	40.88814284806672	7621.706896551724	2480.0	26192.495415108464
ENST00000403994.9	ENSG00000140416	+	10	8	197	283	92.125	77.5	28.752329098204	2468.3333333333335	1188	3942.3202241827084
ENST00000330964.10	ENSG00000185088	-	4	2	78	5812	110.0	110.0	1.4142135623730951	1039.6666666666667	878	461.26167555231956
ENST00000178638.8	ENSG00000074410	-	11	9	211	4980	100.77777777777777	96	55.45668980785316	5437.1	1280.0	8876.077805602603
ENST00000380324.8	ENSG00000140455	+	15	13	238	3973	100.46153846153847	107	25.82510207987371	6037.428571428572	2896.0	8042.356483158266
ENST00000300030.8	ENSG00000166797	-	5	3	194	464	87.0	50	67.57958271549181	5088.75	5178.5	2096.9845612211834
ENST00000559844.6	ENSG00000028528	+	15	13	191	6664	104.53846153846153	94	43.02637831341642	2859.714285714286	1443.5	4209.6275447994285
ENST00000300026.4	ENSG00000166794	-	5	3	171	329	131.0	114	47.82258880487337	1578.25	1270.0	1218.72101674939
ENST00000303052.13	ENSG00000169118	-	12	10	186	6461	143.8	107.5	106.50279078242244	16596.727272727272	7619	19015.97735111666
ENST00000261884.8	ENSG00000103671	+	13	11	129	307	143.36363636363637	130	47.01972506783239	5454.583333333333	4292.5	4986.542935438308
ENST00000326648.5	ENSG00000180357	+	10	8	261	4377	546.0	221.5	768.769331928821	24053.88888888889	1859	41189.132357469134
ENST00000300069.5	ENSG00000166831	-	8	6	357	1110	91.66666666666667	74.0	47.03048656633978	4811.714285714285	849	8645.895957317663
ENST00000323544.5	ENSG00000241839	+	6	4	114	3104	117.75	111.0	22.76510487566442	4479.8	4856	2104.6548885743714
ENST00000204566.7	ENSG00000090487	-	9	7	250	715	119.14285714285714	109	30.95926663337151	3136.75	3137.5	1792.0521955089844
ENST00000220058.9	ENSG00000103707	-	9	7	235	1745	109.42857142857143	92	47.23295863009622	3172.75	2209.5	2985.025472492416
ENST00000204549.9	ENSG00000090470	-	5	3	897	1462	154.66666666666666	139	75.72538103788804	3401.75	2138.0	4100.818566660401
ENST00000300107.7	ENSG00000166855	-	14	12	268	2695	144.33333333333334	157.5	63.993370868797925	2494.5384615384614	1142	3177.5788900614416
ENST00000649807.2	ENSG00000138617	-	6	4	631	1444	164.75	157.0	31.99348892092473	5210.2	3241	5675.935270948745
ENST00000300141.11	ENSG00000074603	-	20	18	204	4540	140.94444444444446	144.5	45.278838353190764	3575.8947368421054	2771	2295.5265407777806
ENST00000261875.10	ENSG00000074696	+	11	9	256	2047	102.77777777777777	111	39.578333017503965	4465.9	2473.0	6008.197223608574
ENST00000313182.7	ENSG00000138614	-	12	10	34	903	136.7	126.5	58.25623476409103	2733.7272727272725	2294	1850.9189118332056
ENST00000443035.8	ENSG00000174485	-	33	31	284	2865	183.48387096774192	145	180.87285976024557	3885.4375	2070.0	5844.939492705386
ENST00000261890.7	ENSG00000103769	+	5	3	135	4289	157.0	194	65.82552696332935	4401.0	4710.5	4003.7405010814573
ENST00000319212.9	ENSG00000166938	+	17	15	168	895	181.13333333333333	162	105.26963112928267	2284.4375	1953.0	2685.7269151013847
ENST00000261881.9	ENSG00000075131	-	8	6	47	991	115.0	101.0	54.077721845506765	2681.0	2087	2688.57700900185
ENST00000307102.10	ENSG00000169032	+	11	9	516	1043	109.77777777777777	78	64.29575759289601	10208.6	1979.0	17188.47518413299
ENST00000288840.10	ENSG00000137834	+	4	2	1840	1853	67.5	67.5	14.849242404917497	25595.333333333332	7592	33721.80020896473
ENST00000327367.9	ENSG00000166949	+	9	7	759	4757	135.42857142857142	138	58.22043496590392	15388.0	3088.0	33740.18242392889
ENST00000261880.10	ENSG00000103591	-	10	8	103	2232	99.625	93.5	40.47552170315853	5651.444444444444	803	8371.231900250868
ENST00000178640.10	ENSG00000137764	+	22	20	768	469	55.35	56.5	15.981156667183155	12479.42857142857	9768	10436.15675702233
ENST00000249806.11	ENSG00000128973	-	7	5	227	1419	116.4	115	48.133148660772235	3418.1666666666665	1964.5	3862.9762316983865
ENST00000306917.5	ENSG00000169018	+	2	0	921	6256	NA	NA	NA	10941.0	10941	NA
ENST00000261861.10	ENSG00000103647	+	12	10	285	1964	129.6	117.0	34.36147713808461	13206.272727272728	2218	22795.828653904682
ENST00000465139.6	ENSG00000140350	-	7	5	198	1608	126.8	123	51.329328848135155	6653.5	1912.5	12843.741024327765
ENST00000261858.7	ENSG00000138604	+	5	3	123	3988	311.0	243	260.7374158037162	26632.25	26138.5	24141.070873444423
ENST00000679126.1	ENSG00000137807	+	24	22	128	634	131.72727272727272	121.0	61.63114690153241	1322.4782608695652	746	1550.7963898229023
ENST00000451782.7	ENSG00000140332	-	20	18	1143	2415	121.0	110.5	70.02436550734238	2336.4210526315787	1001	4292.17330751618
ENST00000322954.11	ENSG00000137831	-	19	17	229	2574	241.23529411764707	71	645.0095473529602	5672.277777777777	2271.0	14542.773539198713
ENST00000340912.6	ENSG00000166192	+	2	0	62	4116	NA	NA	NA	21112.0	21112	NA
ENST00000335181.10	ENSG00000067225	-	11	9	75	728	166.88888888888889	167	48.40311055202043	2985.7	1393.0	3777.253059801233
ENST00000569795.6	ENSG00000137817	-	24	22	162	377	102.22727272727273	82.5	55.990587489736946	1242.8695652173913	753	1425.4062038064105
ENST00000268097.10	ENSG00000213614	-	14	12	295	3217	106.08333333333333	97.5	42.000992051775796	2331.230769230769	944	5065.698786180214
ENST00000268057.9	ENSG00000140463	+	16	14	45	996	101.85714285714286	76.5	49.4366060928339	3320.0	1680	3850.3321934607147
ENST00000456471.3	ENSG00000159322	-	7	5	300	1602	141.2	121	68.2070377600435	4976.166666666667	3492.5	4006.7221224670257
ENST00000261908.11	ENSG00000067141	+	29	27	343	2593	154.5185185185185	148	66.6127559800618	8772.67857142857	3647.0	16449.346939763567
ENST00000318443.10	ENSG00000103855	+	10	8	78	1581	204.5	216.0	131.84839779079607	2981.8888888888887	1445	4704.823945814669
ENST00000261921.8	ENSG00000129038	+	7	5	1424	306	123.2	116	24.263140769488192	3888.1666666666665	1906.0	5538.534189356121
ENST00000541638.6	ENSG00000067221	-	7	5	205	5205	174.0	196	44.637428241331286	1181.6666666666667	810.5	1055.5824300672434
ENST00000268058.8	ENSG00000140464	+	9	7	226	3607	247.42857142857142	151	204.6182275546806	5943.375	2255.0	8056.184207311974
ENST00000261918.9	ENSG00000138623	-	14	12	218	1697	121.75	119.5	47.430571269056955	1638.0	309	4002.6272413670167
ENST00000395081.7	ENSG00000138629	-	11	9	124	251	114.88888888888889	120	52.75046076681332	1377.5	753.5	1250.8283699657245
ENST00000346246.10	ENSG00000179361	+	9	7	111	2521	228.0	184	196.4705236585546	6585.5	1848.5	10346.064510582893
ENST00000395066.9	ENSG00000179335	+	13	11	63	495	117.81818181818181	97	45.24559245234431	1042.6666666666667	667.0	993.6200420074002
ENST00000315127.9	ENSG00000179151	-	7	5	145	2389	242.0	218	81.91458966508958	10287.166666666666	9976.0	7743.747243206397
ENST00000220003.14	ENSG00000103653	+	13	11	641	867	112.27272727272727	94	49.84193196313905	1531.25	211.0	4409.135724936248
ENST00000440863.7	ENSG00000140474	-	16	14	153	1127	92.85714285714286	93.0	38.490472633061856	297.26666666666665	217	215.3463876331959
ENST00000268099.13	ENSG00000140497	-	9	7	167	1488	114.0	118	28.284271247461902	3397.875	1245.5	6192.934417255568
ENST00000352410.9	ENSG00000178802	+	8	6	48	4708	172.83333333333334	178.5	32.14602100830936	912.1428571428571	685	888.9083995874619
ENST00000357635.10	ENSG00000178761	-	5	3	265	2795	71.66666666666667	78	20.256686138984662	896.25	743.5	741.0602202250502
ENST00000322347.11	ENSG00000178741	-	5	3	159	652	120.66666666666667	122	3.2145502536643185	4277.5	3100.0	2966.2059380067776
ENST00000322177.6	ENSG00000178718	-	1	0	2355	2355	NA	NA	NA	NA	NA	NA
ENST00000425597.8	ENSG00000198794	+	7	5	111	2707	112.2	118	37.745198370123845	3759.0	975.0	6189.620860763605
ENST00000267978.10	ENSG00000140400	-	26	24	125	241	120.625	114.0	30.45997016756083	382.2	194	455.9869332923185
ENST00000394947.8	ENSG00000169375	-	21	19	268	2831	190.73684210526315	174	108.83414604355215	3779.45	2489.0	4648.672617278138
ENST00000618819.5	ENSG00000169410	-	13	11	602	5733	136.72727272727272	111	75.00145453135013	9018.833333333334	4334.5	14071.251962347871
ENST00000308588.10	ENSG00000169371	-	9	7	60	596	109.14285714285714	98	32.45216259577869	3277.5	2898.5	2136.442369922484
ENST00000403490.3	ENSG00000177971	-	1	0	1132	1132	NA	NA	NA	NA	NA	NA
ENST00000308527.6	ENSG00000173548	+	2	0	2662	5340	NA	NA	NA	6388.0	6388	NA
ENST00000308508.5	ENSG00000173546	-	10	8	181	3063	630.75	180.5	1179.5089474619754	3359.6666666666665	1574	6186.423461904301
ENST00000267938.9	ENSG00000140367	+	13	11	400	1652	83.27272727272727	85	27.287692863600284	4555.333333333333	4297.0	3162.8452763965934
ENST00000308275.8	ENSG00000167196	+	7	5	226	9827	130.8	139	37.14431315827498	4654.5	2829.5	4824.801747222366
ENST00000563290.6	ENSG00000140386	-	32	30	42	833	138.6	132.0	53.760387929634845	17819.483870967742	15877	17251.23699887628
ENST00000394885.8	ENSG00000117906	+	7	5	237	5324	131.4	114	40.52530073916787	2737.8333333333335	1975.5	2923.8090509926715
ENST00000267970.9	ENSG00000140391	-	7	5	218	5524	121.2	102	49.77650047964401	3893.0	1378.5	5604.071734016259
ENST00000336216.9	ENSG00000140382	+	10	8	117	2634	131.75	138.0	63.977116444643144	6767.888888888889	3602	11658.799503427063
ENST00000258930.8	ENSG00000136425	-	6	4	281	727	122.75	130.0	67.86935980249113	5068.2	3300	4883.208801597572
ENST00000394852.8	ENSG00000140403	+	7	5	334	1947	169.2	181	63.61760762556228	2417.1666666666665	1745.0	2141.9578349413573
ENST00000267973.7	ENSG00000140395	-	11	9	48	287	96.33333333333333	94	44.429719783046124	1517.3	1454.5	1115.5596552602844
ENST00000258886.13	ENSG00000136381	+	22	20	141	3421	138.1	139.0	37.85415224391194	2710.190476190476	1438	4831.389216561295
ENST00000388988.9	ENSG00000188266	+	5	3	95	3436	222.0	184	106.22617379911601	6218.0	5529.0	4453.190317064835
ENST00000299565.9	ENSG00000169684	+	6	4	306	2178	284.75	131.0	367.4791377298399	5225.4	2455	5720.2029072402665
ENST00000426013.7	ENSG00000185787	+	12	10	168	1157	84.7	86.0	38.43912936925948	2098.0	1225	1883.014073234717
ENST00000220166.10	ENSG00000103811	-	12	10	156	1148	84.1	84.5	28.112670136830157	1985.8181818181818	1716	1391.1583531849865
ENST00000299705.10	ENSG00000166557	+	3	1	306	863	249.0	249	NA	5155.5	5155.5	3983.132498423822
ENST00000261749.11	ENSG00000086666	+	7	5	134	914	131.6	114	32.76888768328885	12835.333333333334	7282.5	14735.57459574165
ENST00000303329.9	ENSG00000172379	+	19	17	165	4334	119.05882352941177	115	48.567569668755425	10390.5	5115.0	13730.073682378015
ENST00000258884.5	ENSG00000136379	+	3	1	710	1471	180.0	180	NA	28975.5	28975.5	34672.98101548236
ENST00000267984.4	ENSG00000140406	+	1	0	4866	4866	NA	NA	NA	NA	NA	NA
ENST00000302824.7	ENSG00000172345	-	6	4	141	4351	98.75	106.0	36.25258611464843	2040.4	1052	1928.472789540988
ENST00000329713.5	ENSG00000183496	-	2	0	569	2836	NA	NA	NA	836.0	836	NA
ENST00000268206.12	ENSG00000140598	-	20	18	121	329	177.38888888888889	135.5	198.45317684202692	6782.0526315789475	4796	11246.878813814594
ENST00000286760.5	ENSG00000156232	+	10	8	708	2880	189.125	168.0	123.56425453989516	2375.5555555555557	2767	1262.7242485110428
ENST00000450735.7	ENSG00000103942	-	9	7	190	921	119.71428571428571	111	29.948368267816562	12723.625	4629.5	19780.304633920943
ENST00000261721.9	ENSG00000064726	-	8	6	502	1803	148.16666666666666	152.0	44.656093275908795	6805.142857142857	8147	4208.081131528218
ENST00000268220.12	ENSG00000140612	-	6	4	115	526	109.5	115.0	38.31013790978397	9103.4	6792	9210.42522362567
ENST00000560079.7	ENSG00000166716	+	11	9	73	4583	392.3333333333333	160	694.5998848257894	4966.7	3114.5	5723.559557749977
ENST00000394553.6	ENSG00000073417	+	22	20	493	1346	109.85	89.0	55.973936603988896	7297.666666666667	2587	17391.884203079702
ENST00000337975.6	ENSG00000183655	-	3	1	160	1686	1804.0	1804	NA	15975.0	15975.0	12685.495654486662
ENST00000332810.4	ENSG00000181026	+	4	2	43	2224	402.5	402.5	284.9640328181787	2623.3333333333335	2476	2069.936311419589
ENST00000306072.10	ENSG00000172183	+	4	2	61	1069	226.5	226.5	36.062445840513924	5295.0	3104	6411.697201209677
ENST00000268150.13	ENSG00000140545	-	8	6	133	850	158.83333333333334	154.5	20.855854493802614	1823.0	1739	1500.8982865826274
ENST00000352732.10	ENSG00000140526	+	11	9	108	7129	131.88888888888889	111	49.49607167352891	10547.6	3145.0	12008.836711170468
ENST00000268124.11	ENSG00000140521	-	23	21	152	508	181.04761904761904	152	153.9079192863305	638.3181818181819	488.0	642.4832320482795
ENST00000394412.8	ENSG00000166813	-	19	17	69	810	216.94117647058823	199	108.5958508577994	1273.5555555555557	540.0	1948.2598637584326
ENST00000300056.8	ENSG00000166821	-	3	1	178	2414	116.0	116	NA	3256.0	3256.0	1094.6012972767755
ENST00000300060.7	ENSG00000166825	-	21	19	81	607	156.52631578947367	134	168.68358558787997	1314.8	435.5	2088.4861956627065
ENST00000336418.9	ENSG00000157823	-	6	4	114	5045	96.0	100.0	18.184242262647807	11570.6	4740	14003.979391587236
ENST00000268154.9	ENSG00000140548	+	5	3	291	2532	617.6666666666666	192	752.0467627304391	19048.0	4922.0	31026.167471990477
ENST00000330062.8	ENSG00000182054	-	11	9	193	1309	128.44444444444446	137	29.770417830083908	1676.6	622.5	3207.7153586660743
ENST00000411539.7	ENSG00000185033	+	14	12	406	1757	134.75	133.5	43.281583318375205	1888.5384615384614	273	4210.100189136133
ENST00000329600.8	ENSG00000183208	+	4	2	84	4912	66.0	66.0	12.727922061357855	2158.3333333333335	2351	1840.578532237441
ENST00000268182.10	ENSG00000140575	+	38	36	155	2245	133.47222222222223	134.5	46.82702889273069	2886.2972972972975	1135	5828.831500323127
ENST00000268184.11	ENSG00000140577	+	15	13	281	3414	116.84615384615384	99	76.6016167734578	7872.071428571428	3317.0	13507.785370292575
ENST00000355112.8	ENSG00000197299	+	22	20	95	1065	204.0	154.5	167.13971464175208	4456.238095238095	2138	6477.443692574733
ENST00000268171.8	ENSG00000140564	+	16	14	124	2172	139.35714285714286	114.5	68.55834925628864	708.2	315	1711.36224770127
ENST00000328850.8	ENSG00000182511	+	19	17	41	361	137.35294117647058	123	45.76016441249773	474.22222222222223	256.5	532.6152518807058
ENST00000559717.6	ENSG00000196547	+	23	21	131	2945	158.0	150	44.603811496328426	585.6363636363636	271.5	644.2523570520325
ENST00000418476.2	ENSG00000140553	+	20	18	91	635	140.33333333333334	141.5	56.16257912629767	818.7894736842105	370	909.9079061426045
ENST00000394258.7	ENSG00000166965	+	8	6	65	1508	183.66666666666666	146.5	133.28715867129387	795.2857142857143	526	798.0517348070684
ENST00000394249.8	ENSG00000198901	-	15	13	129	1163	136.92307692307693	137	45.48344302868451	1816.0	863.5	2455.3050883593014
ENST00000318445.11	ENSG00000176463	+	10	8	381	3148	196.625	170.5	124.61934899066495	34121.555555555555	11741	57070.223258524034
ENST00000394196.9	ENSG00000173575	+	39	37	501	3625	141.1891891891892	140	50.97921027124567	3113.7631578947367	2027.5	3982.3688009417315
ENST00000329082.12	ENSG00000182175	-	4	2	293	10435	315.5	315.5	282.13560569343247	14194.0	15887	7211.126611008851
ENST00000394166.8	ENSG00000185551	+	3	1	1848	2911	528.0	528	NA	2136.0	2136.0	859.8418459228418
ENST00000268042.7	ENSG00000140450	+	8	6	466	2703	148.83333333333334	151.5	64.40005175981356	1295.5714285714287	543	1501.7052370713832
ENST00000650285.1	ENSG00000140443	+	21	19	1137	7470	190.94736842105263	160	106.17044665390675	15187.85	3668.0	41446.55915662583
ENST00000394132.7	ENSG00000103852	-	14	12	411	1805	138.0	127.0	37.87059305294569	8414.384615384615	6255	7518.877016532694
ENST00000301981.8	ENSG00000168904	+	10	8	61	4700	136.375	149.0	71.11547450650747	14821.888888888889	10640	14224.82721726739
ENST00000557942.6	ENSG00000068305	+	12	10	121	4099	136.0	129.5	66.16309814054625	13175.0	12387	12462.725488431493
ENST00000684762.1	ENSG00000183060	-	3	1	93	2327	290.0	290	NA	1661.5	1661.5	458.91230099006935
ENST00000332783.12	ENSG00000183475	+	6	4	458	3379	272.25	192.0	233.8694436361165	8837.4	6393	8356.532313106914
ENST00000254190.4	ENSG00000131873	-	3	1	912	3254	496.0	496	NA	35830.0	35830.0	28667.52312286501
ENST00000526049.6	ENSG00000131871	-	6	4	144	666	102.0	98.5	25.390286856722724	815.4	666	567.8303443811365
ENST00000254193.11	ENSG00000131876	-	9	7	152	273	89.57142857142857	80	31.127999951046984	1585.875	824.5	1425.8813252060736
ENST00000611716.5	ENSG00000140479	-	22	20	334	1423	125.75	112.0	44.702378366021506	8643.0	4097	12279.904877481747
ENST00000333202.8	ENSG00000184277	-	6	4	111	797	121.75	118.0	52.14323222304757	1827.8	1562	991.7062064946452
ENST00000293860.6	ENSG00000161980	-	3	1	133	1151	88.0	88	NA	2915.0	2915.0	1534.4217151748082
ENST00000262316.10	ENSG00000007384	-	18	16	119	701	135.75	127.0	54.549671554159396	681.2352941176471	159	1765.0888621189786
ENST00000356432.8	ENSG00000103152	+	4	2	109	446	240.5	240.5	50.204581464244875	2195.3333333333335	2144	1130.874145664907
ENST00000293872.13	ENSG00000007392	-	10	8	171	350	114.125	105.0	47.900007456008964	4336.222222222223	2356	3938.955723849209
ENST00000399932.8	ENSG00000167930	+	13	11	37	1286	144.1818181818182	131	60.058002267505	2363.9166666666665	510.0	4232.014187515601
ENST00000262320.8	ENSG00000103126	-	11	9	355	809	282.55555555555554	168	285.671625783482	6157.7	3905.0	9103.256682821448
ENST00000431232.7	ENSG00000129925	-	13	11	278	1496	172.54545454545453	147	69.54619132111209	626.5833333333334	232.0	1072.8736652165303
ENST00000219479.7	ENSG00000103202	+	5	3	115	536	116.33333333333333	113	16.258331197676267	639.0	367.0	705.0943199317379
ENST00000219481.10	ENSG00000242612	+	9	7	159	593	114.14285714285714	105	54.4225093487017	1130.875	675.0	1105.7180520884542
ENST00000262305.9	ENSG00000090565	+	14	12	1072	2286	120.25	121.0	45.3253390901421	7120.153846153846	6114	9120.877816363161
ENST00000248139.8	ENSG00000197562	+	6	4	368	1927	105.75	69.5	78.57639594687453	7297.0	1220	11231.047969802285
ENST00000307650.9	ENSG00000172366	+	5	3	216	355	120.0	128	15.620499351813308	1429.0	236.5	2493.1486116956607
ENST00000293879.9	ENSG00000161996	+	41	39	62	399	130.23076923076923	129	40.5783592431532	323.15	172.5	470.01334132728726
ENST00000315082.9	ENSG00000140983	+	19	17	105	692	99.58823529411765	99	39.31612077686679	197.22222222222223	103.0	215.84568440699522
ENST00000219548.9	ENSG00000103266	+	7	5	275	438	125.4	117	57.474342101497776	175.33333333333334	113.5	148.80680988001413
ENST00000293883.9	ENSG00000127580	-	9	7	1239	281	246.14285714285714	178	204.56655687202684	316.75	87.0	474.95345636629037
ENST00000397621.6	ENSG00000127585	-	6	4	290	1924	326.25	297.0	296.2289373665803	1956.6	338	3438.917969361875
ENST00000568223.7	ENSG00000103260	+	4	2	276	2585	230.5	230.5	241.1234123846127	405.3333333333333	190	473.2877912362977
ENST00000389703.8	ENSG00000103253	+	8	6	509	428	95.83333333333333	101.5	19.651123801621797	156.85714285714286	113	98.92998967523882
ENST00000545450.7	ENSG00000102854	+	18	16	88	215	118.375	111.5	45.11891694917628	348.94117647058823	251	364.15629724546767
ENST00000007264.7	ENSG00000007376	-	6	4	126	1404	129.5	113.5	40.94304987825569	272.0	174	194.336049151978
ENST00000397514.8	ENSG00000103275	+	7	5	138	2288	84.8	80	14.652644812456215	2422.0	2744.5	2099.601200228272
ENST00000382745.9	ENSG00000103249	-	25	23	195	1783	95.21739130434783	84	36.30671929013482	1080.25	498.0	1932.6327222549128
ENST00000397412.8	ENSG00000007545	+	21	19	298	4028	191.89473684210526	146	234.93093423312547	2878.85	2021.5	3257.5367554577024
ENST00000248098.8	ENSG00000206053	+	5	3	78	3276	113.66666666666667	143	56.08327142146162	5028.25	6040.5	2768.352864671217
ENST00000610761.2	ENSG00000138834	+	32	30	463	1649	119.13333333333334	120.5	54.879638415751955	1886.1612903225807	278	4189.9824112341585
ENST00000219302.8	ENSG00000103024	-	5	3	55	447	115.33333333333333	113	14.6401275039985	94.0	93.0	19.79898987322333
ENST00000568449.7	ENSG00000197774	+	8	6	665	5635	120.33333333333333	105.0	38.453435043785966	267.2857142857143	182	215.52471960753078
ENST00000566339.6	ENSG00000162032	-	7	5	70	732	146.6	138	35.70434147271169	720.8333333333334	208.0	1053.2415519085196
ENST00000262302.14	ENSG00000095906	+	7	5	77	618	130.8	119	48.64360184032428	813.0	235.0	1338.9418209914872
ENST00000397356.8	ENSG00000063854	-	9	7	114	1754	107.28571428571429	104	34.174621605875345	2072.25	1258.0	2344.061478350283
ENST00000427358.5	ENSG00000180185	+	1	0	1705	1705	NA	NA	NA	NA	NA	NA
ENST00000361871.8	ENSG00000198736	-	4	2	98	915	132.0	132.0	24.041630560342615	1231.3333333333333	1634	751.7721285957157
ENST00000568546.6	ENSG00000183751	+	22	20	153	4378	112.6	100.0	50.88314786687342	194.95238095238096	89	389.8773494562715
ENST00000248114.7	ENSG00000127554	+	3	1	284	1884	197.0	197	NA	596.0	596.0	461.033621333629
ENST00000248121.7	ENSG00000127561	+	4	2	232	1413	190.5	190.5	67.17514421272202	760.0	424	892.7530453602496
ENST00000424542.7	ENSG00000065054	+	7	5	317	1201	128.4	154	70.69158365746236	1660.8333333333333	382.0	2538.3024576804605
ENST00000219476.9	ENSG00000103197	+	42	40	81	1046	132.2	122.5	68.78103495318146	855.9024390243902	637	863.4552624449644
ENST00000326181.11	ENSG00000131653	+	21	19	77	1570	107.15789473684211	117	46.37200203893956	933.25	213.0	1819.463075079829
ENST00000569417.6	ENSG00000167965	+	9	7	59	695	131.0	153	49.51094155167455	291.125	144.0	279.38884193897223
ENST00000333503.8	ENSG00000184207	-	2	0	703	2461	NA	NA	NA	84.0	84	NA
ENST00000301727.9	ENSG00000167967	+	14	12	180	527	153.41666666666666	152.5	47.71022061901571	738.7692307692307	180	1343.211025481238
ENST00000301729.9	ENSG00000167969	-	7	5	73	744	138.0	128	25.95187854472196	1779.8333333333333	1636.0	1697.6493650535338
ENST00000320225.10	ENSG00000205937	-	8	6	72	944	155.83333333333334	155.0	32.64608194970212	1865.142857142857	888	2335.725114289738
ENST00000301732.10	ENSG00000167972	-	33	31	156	925	178.09677419354838	173	59.13845609455248	1820.1875	983.5	2372.378396047363
ENST00000397066.9	ENSG00000162063	+	17	15	51	2310	124.6	124	43.40473970168959	1573.625	1443.5	1165.331018781073
ENST00000646147.1	ENSG00000162065	+	8	6	44	4927	273.3333333333333	127.5	401.69125789176275	3427.5714285714284	510	7691.411852560899
ENST00000330398.9	ENSG00000185883	+	3	1	231	678	184.0	184	NA	2587.0	2587.0	3461.994800689337
ENST00000342085.9	ENSG00000140992	+	14	12	116	5538	127.5	118.0	66.8016058598485	4460.307692307692	3090	5616.71489669622
ENST00000301738.9	ENSG00000167977	+	6	4	278	1733	105.75	102.5	15.326991442115007	4814.8	2436	4809.825641330463
ENST00000301740.13	ENSG00000167978	+	15	13	209	555	636.9230769230769	114	1823.778699181933	695.0714285714286	480.5	875.7002002165699
ENST00000253928.14	ENSG00000059122	+	10	8	224	2521	287.25	268.5	149.279938370834	3803.8888888888887	2021	5009.322021103366
ENST00000318782.9	ENSG00000162073	+	3	1	493	1970	222.0	222	NA	726.0	726.0	834.3860018001261
ENST00000262300.13	ENSG00000127564	-	9	7	161	257	234.71428571428572	173	150.81745509689773	697.25	517.5	836.7238407708279
ENST00000326577.9	ENSG00000006327	+	4	2	124	613	120.0	120.0	21.213203435596427	346.3333333333333	235	335.1676197566426
ENST00000248089.8	ENSG00000103145	-	4	2	96	374	93.0	93.0	50.91168824543142	220.66666666666666	234	102.65151403332214
ENST00000326266.13	ENSG00000131652	+	13	11	331	174	82.36363636363636	72	32.44772018885988	192.08333333333334	88.0	362.25090710303226
ENST00000219091.9	ENSG00000122386	+	7	5	97	1262	121.8	111	54.969991813715964	994.0	620.0	898.099549047877
ENST00000396878.8	ENSG00000085644	+	6	4	359	2116	209.0	124.0	204.69489490458722	893.0	738	760.317039135649
ENST00000414144.7	ENSG00000010539	-	5	3	172	2289	182.33333333333334	127	130.14351053100316	2456.5	867.0	3584.9900511252004
ENST00000219069.6	ENSG00000006194	+	6	4	715	2068	124.75	122.0	43.987687671286686	937.6	822	803.5149656353639
ENST00000669516.2	ENSG00000162086	+	7	5	147	1662	210.0	127	179.8652273231266	1749.3333333333333	1698.5	1540.1028104210013
ENST00000407558.9	ENSG00000122390	+	8	6	158	1487	168.5	123.0	110.72985144034105	5802.571428571428	2901	9765.628634094563
ENST00000294008.4	ENSG00000188827	-	15	13	47	1513	442.6923076923077	213	622.3512385322007	1650.7857142857142	1323.0	1281.6063345283906
ENST00000262367.10	ENSG00000005339	-	31	29	882	4821	175.41379310344828	151	128.84279381184413	4829.0	1347.0	8832.064444105217
ENST00000294016.8	ENSG00000162104	-	11	9	753	4314	323.6666666666667	160	532.6513869314525	14581.0	3502.5	32435.58285449964
ENST00000204517.11	ENSG00000090447	-	7	5	366	1064	146.6	156	28.970674828177543	2279.1666666666665	778.5	3819.3126824949363
ENST00000433375.2	ENSG00000126603	+	7	5	188	2871	168.2	173	46.26769931604553	3271.5	1087.5	6240.678961459242
ENST00000304735.4	ENSG00000168140	+	2	0	146	2670	NA	NA	NA	8875.0	8875	NA
ENST00000283429.11	ENSG00000153406	-	6	4	72	266	188.5	215.0	80.51707893360265	2368.0	2302	1556.113588398996
ENST00000570646.6	ENSG00000103415	+	6	4	90	719	216.0	127.0	184.04890654388578	6455.4	1207	12609.626037278029
ENST00000567695.6	ENSG00000089486	-	6	4	72	2015	154.75	127.5	84.70094450476925	5079.8	430	10599.382939586625
ENST00000283474.12	ENSG00000153443	-	3	1	211	1100	63.0	63	NA	2315.5	2315.5	2554.776800426996
ENST00000262370.12	ENSG00000102858	+	17	15	223	2177	102.0	90	49.846908487029424	3888.5625	2248.5	6034.590689999889
ENST00000304283.9	ENSG00000168096	-	18	16	334	386	128.25	130.5	39.28103868280471	2058.176470588235	560	3040.3827932370236
ENST00000219478.11	ENSG00000103199	-	6	4	146	4820	214.5	140.5	204.60775482208228	2620.0	1682	2853.999211632687
ENST00000262376.11	ENSG00000118900	+	18	16	730	2319	212.125	124.0	288.06223285949864	1675.1764705882354	705	2136.1643849226034
ENST00000345988.7	ENSG00000118898	-	22	20	165	3541	127.25	124.5	36.40542903411378	2304.3333333333335	889	5615.052317951573
ENST00000312251.8	ENSG00000103174	-	10	8	107	842	156.75	119.0	130.23796900838315	765.4444444444445	694	605.5786718319741
ENST00000427587.9	ENSG00000118894	-	8	6	152	1449	132.66666666666666	118.0	72.8605974904589	1587.857142857143	1588	1044.7196479712359
ENST00000268251.13	ENSG00000183044	+	16	14	95	3262	101.57142857142857	104.5	40.8669779909145	7011.666666666667	2009	15176.428017849008
ENST00000268261.9	ENSG00000140650	+	8	6	110	1602	95.5	96.0	17.014699527173555	7028.857142857143	2856	12256.348904799932
ENST00000311052.10	ENSG00000153048	-	4	2	41	2380	144.0	144.0	29.698484809834994	4450.333333333333	3023	4633.909400639306
ENST00000344836.9	ENSG00000187555	-	31	29	700	2008	107.6896551724138	102	31.62063459229913	2199.3	778.5	5947.389947090961
ENST00000359543.8	ENSG00000213853	-	5	3	50	4671	125.33333333333333	138	30.072135496724094	11770.0	5165.0	14082.9676323328
ENST00000283027.10	ENSG00000103274	+	11	9	41	305	98.33333333333333	103	35.52815784698103	2427.9	2067.0	2097.6912944155215
ENST00000331808.5	ENSG00000182108	-	2	0	900	669	NA	NA	NA	12009.0	12009	NA
ENST00000409790.6	ENSG00000038532	+	24	22	234	3852	123.9090909090909	126.5	52.388574809425485	10035.260869565218	4170	14025.199396467486
ENST00000622633.5	ENSG00000189067	-	4	2	34	2024	191.0	191.0	48.08326112068523	12252.666666666666	3787	15507.069172907346
ENST00000329565.6	ENSG00000184602	+	2	0	86	3178	NA	NA	NA	7434.0	7434	NA
ENST00000283033.10	ENSG00000153066	-	12	10	381	755	198.0	121.5	213.8322291475778	5514.454545454545	3611	5670.418950371063
ENST00000355758.9	ENSG00000122299	-	23	21	135	910	131.42857142857142	134	65.22696637784976	1948.0454545454545	1234.0	3018.709003109532
ENST00000571133.6	ENSG00000171490	-	9	7	135	4264	148.71428571428572	139	65.96391509937911	1531.625	1285.0	1448.4958639420213
ENST00000434724.7	ENSG00000103342	-	15	13	588	5044	116.07692307692308	94	62.31166495724207	2906.285714285714	1400.5	4431.204879185647
ENST00000566228.6	ENSG00000048471	+	21	19	80	5782	121.63157894736842	104	78.4093323005168	29469.05	18967.5	28131.28735145265
ENST00000381774.9	ENSG00000103381	-	4	2	181	5317	322.5	322.5	146.37110370561533	45982.0	39508	27493.736795859524
ENST00000571589.6	ENSG00000186260	+	17	15	47	5865	192.8	138	240.25230785274763	11665.6875	3142.5	21318.258076802773
ENST00000437198.7	ENSG00000140694	-	24	22	154	1072	83.86363636363636	75.5	44.10409273152545	8325.608695652174	1969	15760.75271258304
ENST00000261658.7	ENSG00000103429	+	8	6	68	1602	205.5	188.5	67.74880072739295	4769.0	3778	3371.4810296564524
ENST00000287667.12	ENSG00000103512	+	31	29	296	644	116.27586206896552	111	36.20072666173206	1937.5	1748.0	1495.7391149528717
ENST00000396410.9	ENSG00000179889	+	23	21	195	2317	99.33333333333333	93	36.990989893936785	2668.590909090909	1200.5	4688.547502352747
ENST00000396368.8	ENSG00000166783	-	27	25	137	2551	201.68	176	122.55091458927048	1578.3846153846155	1225.0	1228.8023462517665
ENST00000396354.6	ENSG00000072864	+	9	7	50	2163	141.42857142857142	149	27.43390325161638	9113.25	6528.5	8622.168334341095
ENST00000399410.8	ENSG00000103222	+	31	29	184	1881	153.06896551724137	147	52.180956456822145	6231.133333333333	3320.0	10387.389810970679
ENST00000304414.12	ENSG00000170540	-	6	4	119	1702	114.25	119.0	20.758532382292028	1520.6	1228	896.4462058595597
ENST00000304381.10	ENSG00000170537	+	16	14	197	2165	145.64285714285714	148.5	43.48228134779489	5040.533333333334	4436	5893.522774643201
ENST00000381440.5	ENSG00000205730	+	1	0	7666	7666	NA	NA	NA	NA	NA	NA
ENST00000353258.8	ENSG00000006007	-	6	4	395	1925	146.75	141.0	56.75312032537653	3499.8	3059	1847.1222753245113
ENST00000694978.1	ENSG00000103540	+	14	12	147	2213	242.91666666666666	123.0	443.9544322098698	1860.923076923077	1480	1507.2259541698043
ENST00000219837.12	ENSG00000103550	-	5	3	70	5285	355.6666666666667	78	488.7477195172713	2467.25	2898.5	1150.656732769016
ENST00000300571.7	ENSG00000167191	-	4	2	122	3854	584.0	584.0	632.1534623807735	7671.333333333333	9842	5617.853801349172
ENST00000396083.7	ENSG00000066654	-	4	2	310	3623	212.0	212.0	52.32590180780452	1266.0	940	1046.7908100475472
ENST00000357967.9	ENSG00000196678	-	9	7	65	2728	101.28571428571429	89	30.950036541250835	828.875	557.0	881.2888998506676
ENST00000261377.11	ENSG00000005189	+	20	18	179	267	124.72222222222223	117.5	33.33220586328511	2128.842105263158	1109	2063.166828584906
ENST00000324344.9	ENSG00000188215	-	3	1	155	5445	536.0	536	NA	19649.0	19649.0	25329.979115664504
ENST00000567954.6	ENSG00000102897	+	4	2	119	1007	126.0	126.0	46.66904755831214	7619.333333333333	4407	6110.511789803972
ENST00000233047.9	ENSG00000011638	+	5	3	73	1142	167.33333333333334	169	27.53785273643051	5056.5	4365.0	3000.8849250401677
ENST00000358154.8	ENSG00000197006	+	5	3	322	2245	195.33333333333334	191	13.051181300301261	13685.5	9801.0	11434.695346473673
ENST00000268379.9	ENSG00000140740	+	14	12	96	573	103.75	90.0	44.59540335056966	2183.5384615384614	2387	1432.0389086534751
ENST00000263026.10	ENSG00000103319	+	18	16	402	4852	134.0	130.5	70.71256371159701	4415.470588235294	1838	5812.924544900431
ENST00000299853.10	ENSG00000058600	+	21	19	129	1453	110.94736842105263	83	103.04663112947702	1699.9	1407.0	1534.775687364872
ENST00000268383.7	ENSG00000140743	-	5	3	389	1888	142.33333333333334	149	26.63331247391757	6495.0	5335.5	6950.787341493528
ENST00000309859.8	ENSG00000103365	-	17	15	174	4159	109.33333333333333	111	35.86017820580903	2561.25	1437.0	3412.7884298131735
ENST00000261584.9	ENSG00000083093	-	13	11	201	505	300.1818181818182	117	446.1322266283435	2844.8333333333335	2473.5	2241.7053505730582
ENST00000300087.7	ENSG00000166847	+	6	4	125	10426	100.75	107.5	22.156639336024465	5010.6	2544	5981.902272688848
ENST00000300093.9	ENSG00000166851	+	10	8	452	508	150.0	155.5	45.91296113299599	1035.4444444444443	743	1004.4822187464434
ENST00000319715.10	ENSG00000122257	+	18	16	1227	1988	227.6875	98.5	418.0495534821998	1555.2941176470588	1037	1609.5225132281423
ENST00000395799.8	ENSG00000090905	+	25	23	196	2787	239.47826086956522	138	518.2812389887821	3669.875	1474.0	5644.111562639575
ENST00000289968.11	ENSG00000140750	-	20	18	161	872	136.77777777777777	108.5	128.6754035436617	4867.684210526316	2804	7976.529188483976
ENST00000286096.9	ENSG00000155666	+	8	6	111	1203	186.16666666666666	141.5	173.57697619980212	2258.8571428571427	1282	2135.3568342372687
ENST00000304658.10	ENSG00000169180	-	24	22	600	664	148.77272727272728	136.0	79.9743600687012	4758.826086956522	3288	6252.584735728926
ENST00000324873.8	ENSG00000176046	-	3	1	179	4962	150.0	150	NA	488.0	488.0	214.96046148071045
ENST00000317058.8	ENSG00000176476	+	10	8	178	201	97.5	83.0	44.326709136333854	4079.1111111111113	659	8691.39822532089
ENST00000314752.12	ENSG00000196502	-	8	6	114	676	129.83333333333334	126.5	32.73784761811116	459.7142857142857	122	492.657999794893
ENST00000336783.9	ENSG00000168488	+	22	20	560	1300	129.8	123.5	65.83919805100909	465.6190476190476	221	606.8294221764858
ENST00000313511.8	ENSG00000178952	-	10	8	131	738	142.75	142.5	32.42904342010194	214.11111111111111	128	179.56854154085875
ENST00000684370.1	ENSG00000178188	+	8	6	3191	759	159.66666666666666	174.0	51.04377206542113	779.2857142857143	297	882.5523052083494
ENST00000358201.9	ENSG00000177548	-	13	11	136	624	140.63636363636363	117	89.60833970928456	1542.5833333333333	419.5	1820.7589555573863
ENST00000320805.9	ENSG00000176953	+	8	6	462	3388	119.0	114.0	42.28947859692763	1656.0	1295	1605.673482789491
ENST00000311008.16	ENSG00000169682	+	12	10	615	339	125.1	141.5	46.79850424960183	687.3636363636364	299	788.3269972197163
ENST00000322945.11	ENSG00000103495	+	5	3	365	1088	362.3333333333333	172	426.6290347987738	524.0	338.5	556.163644982302
ENST00000357402.10	ENSG00000013364	+	15	13	49	260	191.46153846153845	189	81.40599423528894	1768.7142857142858	953.0	2575.413497153162
ENST00000568000.6	ENSG00000174943	-	6	4	437	770	127.25	130.0	66.96952043031716	3634.4	2430	4453.894060257832
ENST00000279396.11	ENSG00000149932	+	6	4	54	99	198.25	196.0	24.716728478232444	2004.8	1371	1757.2077850954338
ENST00000308893.9	ENSG00000149930	+	16	14	781	2129	144.78571428571428	108.0	86.24756725347595	639.2666666666667	170	909.8413885842699
ENST00000563197.6	ENSG00000169592	+	7	5	151	571	86.4	79	27.382476148076893	1399.5	281.5	1857.8926502895692
ENST00000642816.3	ENSG00000149925	+	10	8	168	298	146.75	157.5	54.36845198668591	335.0	156	368.0010190203283
ENST00000279387.12	ENSG00000149923	+	9	7	101	444	122.42857142857143	127	56.58874193941507	997.625	383.0	1580.0978213389194
ENST00000398841.6	ENSG00000090238	-	4	2	962	486	76.5	76.5	45.96194077712559	766.3333333333334	205	1060.0402508081158
ENST00000219150.10	ENSG00000102879	+	11	9	124	217	142.44444444444446	130	50.00277770062157	385.2	135.0	509.87314326430476
ENST00000305596.8	ENSG00000169217	-	7	5	97	2323	188.2	139	138.69282605816352	195.83333333333334	112.5	168.5958678813531
ENST00000409939.8	ENSG00000169221	-	9	7	1267	1472	120.14285714285714	108	40.37089946743228	1226.625	229.0	1964.4574632707117
ENST00000613509.2	ENSG00000180035	+	3	1	159	2779	94.0	94	NA	828.5	828.5	887.4190103891171
ENST00000319296.10	ENSG00000179965	+	3	1	59	1860	150.0	150	NA	4870.0	4870.0	6349.818895055197
ENST00000380412.7	ENSG00000169957	-	2	0	241	2048	NA	NA	NA	274.0	274	NA
ENST00000395091.3	ENSG00000169951	-	3	1	388	2344	114.0	114	NA	882.5	882.5	1050.053570062023
ENST00000223459.11	ENSG00000229809	-	3	1	281	711	114.0	114	NA	441.5	441.5	185.969083452062
ENST00000287461.8	ENSG00000156853	-	3	1	553	2890	114.0	114	NA	2137.5	2137.5	2742.867204222618
ENST00000300835.9	ENSG00000156858	+	12	10	168	382	152.8	101.0	158.94639208096407	306.90909090909093	261	266.43665458996236
ENST00000324685.11	ENSG00000103549	+	20	18	39	2370	161.11111111111111	141.5	76.18081346290076	456.6842105263158	132	605.8527555466829
ENST00000262525.6	ENSG00000102870	-	3	1	178	5799	106.0	106	NA	1333.5	1333.5	1666.6506832566924
ENST00000215115.5	ENSG00000099385	-	6	4	225	196	109.0	97.5	37.58545818087983	1085.2	562	1458.590312596378
ENST00000338343.10	ENSG00000099364	+	11	9	888	1732	207.77777777777777	164	121.24951317198945	2072.2	887.0	3551.1116193853063
ENST00000318663.5	ENSG00000175938	+	2	0	450	1754	NA	NA	NA	3667.0	3667	NA
ENST00000262519.14	ENSG00000099381	+	19	17	211	815	292.05882352941177	165	299.46086359243907	1162.2222222222222	468.5	1751.5285611869408
ENST00000313843.8	ENSG00000103496	+	11	9	278	253	97.66666666666667	100	21.24852936087578	519.7	156.5	868.659254253358
ENST00000300849.5	ENSG00000167394	-	3	1	582	1434	669.0	669	NA	5354.5	5354.5	5405.8313421711555
ENST00000300850.5	ENSG00000167395	+	3	1	210	1226	5456.0	5456	NA	1441.5	1441.5	243.9518395093589
ENST00000394975.3	ENSG00000167397	-	3	1	241	489	110.0	110	NA	1552.0	1552.0	589.7270555095806
ENST00000219794.11	ENSG00000103507	+	12	10	94	671	127.1	105.0	91.8482444034724	215.45454545454547	93	177.22153573218105
ENST00000219797.9	ENSG00000103510	+	11	9	229	165	122.33333333333333	141	44.294469180700204	1220.1	216.5	2028.466878649434
ENST00000254108.12	ENSG00000089280	+	15	13	89	207	117.53846153846153	124	62.246305626137875	688.7857142857143	390.5	665.021246458907
ENST00000394863.8	ENSG00000140682	+	11	9	50	649	122.88888888888889	116	46.10435024063468	400.2	234.5	453.54328471614605
ENST00000303383.8	ENSG00000171241	-	13	11	123	3464	144.54545454545453	132	46.32356557166911	3134.3333333333335	2181.5	3417.260793871801
ENST00000299138.12	ENSG00000069329	-	17	15	48	4520	147.2	144	48.61246165924359	1641.9375	1199.0	1710.8239912880188
ENST00000340124.9	ENSG00000166123	+	12	10	106	2383	150.3	135.5	62.08963055311428	3903.2727272727275	2708	3461.5032887723532
ENST00000317089.10	ENSG00000069345	-	9	7	180	1859	138.42857142857142	134	58.271940482697566	1913.125	1660.5	1731.269677557073
ENST00000562435.6	ENSG00000171208	-	9	7	367	6099	137.57142857142858	128	77.99114723876708	7351.75	4008.0	7987.78695885162
ENST00000323584.10	ENSG00000102893	+	31	29	96	2295	105.79310344827586	95	39.04336353918809	7824.466666666666	2984.5	10851.898933567702
ENST00000394725.3	ENSG00000196470	-	2	0	210	1900	NA	NA	NA	22773.0	22773	NA
ENST00000262384.4	ENSG00000102921	-	7	5	406	4536	427.0	108	706.7060916675333	10729.666666666666	3078.0	18032.619229237516
ENST00000427478.7	ENSG00000205423	+	6	4	116	1665	77.75	73.0	23.128265535198842	1953.0	1260	1372.703354698312
ENST00000299192.8	ENSG00000155393	+	15	13	300	2334	137.07692307692307	137	53.482803370899106	2634.785714285714	2277.0	2288.7440014985523
ENST00000673801.1	ENSG00000121281	+	26	24	130	2777	140.16666666666666	127.0	75.44976253552205	1812.56	778	4152.99814471425
ENST00000427738.8	ENSG00000083799	+	19	17	39	5612	169.94117647058823	119	147.09838144428855	2850.5555555555557	1474.0	4697.904028546976
ENST00000251020.9	ENSG00000103449	-	3	1	105	1571	3458.0	3458	NA	5077.5	5077.5	5575.536969655927
ENST00000447540.6	ENSG00000177200	+	39	37	87	3478	215.72972972972974	160	274.3012991268957	6867.368421052632	2378.0	17781.497151299678
ENST00000262133.11	ENSG00000103479	+	22	20	326	1519	150.45	149.5	60.04425999123261	2491.6190476190477	1570	2444.0298581684815
ENST00000394657.12	ENSG00000166971	-	10	8	63	1480	105.125	100.0	44.88536987228053	1087.3333333333333	467	1198.7853227329738
ENST00000647211.2	ENSG00000103494	-	27	25	57	4036	153.68	138	94.2389339215309	3760.4615384615386	3182.0	3318.480908256297
ENST00000471389.6	ENSG00000140718	+	9	7	74	10180	188.42857142857142	125	195.71565866741233	50776.625	23575.0	60614.96985761261
ENST00000394636.9	ENSG00000176842	+	3	1	583	1409	406.0	406	NA	611.5	611.5	620.1326471006022
ENST00000219070.9	ENSG00000087245	+	13	11	435	1353	156.9090909090909	156	31.104515895459762	1998.3333333333333	1601.0	1286.783610637803
ENST00000262134.10	ENSG00000087253	+	14	12	281	3753	106.58333333333333	106.0	52.051475104996406	5560.153846153846	3100	6775.5735900629825
ENST00000262493.12	ENSG00000087258	+	9	7	865	1342	139.28571428571428	142	51.70981301363177	20346.75	4632.5	30830.143244882922
ENST00000290649.10	ENSG00000159461	-	14	12	473	1605	127.41666666666667	133.5	43.60245683931402	4652.846153846154	2719	5177.243649635616
ENST00000300291.10	ENSG00000167005	-	7	5	246	3601	109.2	90	54.71471465702805	2967.8333333333335	2347.0	2498.67344138178
ENST00000566157.6	ENSG00000087263	+	13	11	213	3061	119.36363636363636	114	68.42992434201973	1913.6666666666667	1053.5	1765.6796957202594
ENST00000245185.6	ENSG00000125148	+	3	1	100	235	66.0	66	NA	256.5	256.5	72.8319984622144
ENST00000439977.7	ENSG00000051108	+	8	6	250	1739	144.0	114.5	103.94229168149026	1410.0	1211	1010.242545134583
ENST00000290776.13	ENSG00000140848	+	16	14	208	819	112.42857142857143	88.5	59.74782169922346	3545.733333333333	1945	4585.198008914378
ENST00000309137.13	ENSG00000172775	-	7	5	219	2042	112.4	122	31.069277429641005	5125.166666666667	4025.5	4703.887176226346
ENST00000394420.9	ENSG00000159579	+	15	13	123	1591	137.6153846153846	113	114.64113460529664	3617.0	3153.0	4476.998256043371
ENST00000219204.8	ENSG00000102931	+	6	4	147	1470	88.0	91.5	19.339079605813716	1281.6	1123	758.1664065361905
ENST00000219207.10	ENSG00000102934	-	4	2	267	933	148.5	148.5	36.062445840513924	9026.333333333334	3312	11563.911809302825
ENST00000006053.7	ENSG00000006210	+	3	1	149	3015	121.0	121	NA	4635.0	4635.0	3337.5440072005044
ENST00000394391.9	ENSG00000005194	-	9	7	44	1094	126.14285714285714	116	53.40857787356063	2147.25	1460.0	1807.5026773345119
ENST00000262507.11	ENSG00000088682	+	9	7	100	682	121.14285714285714	136	41.390129948368816	1520.25	1222.0	1317.8825820231482
ENST00000219252.10	ENSG00000102978	+	9	7	132	1035	85.28571428571429	69	45.98084487303485	945.875	317.0	1220.0057889206919
ENST00000340099.10	ENSG00000125170	-	9	7	189	1574	149.0	124	51.133811384119085	1470.75	257.5	2371.268120647684
ENST00000379661.8	ENSG00000140854	+	20	18	86	431	116.72222222222223	116.5	60.8564420250454	992.4736842105264	338	1673.5296155936428
ENST00000445690.7	ENSG00000140859	-	20	18	122	693	141.33333333333334	133.0	52.819336922581456	2153.4736842105262	571	5100.084436865521
ENST00000299237.3	ENSG00000166188	-	2	0	1180	3847	NA	NA	NA	970.0	970	NA
ENST00000219281.8	ENSG00000103005	+	7	5	175	1478	119.0	106	55.10898293381942	2994.0	2269.5	2446.8093509711784
ENST00000219271.4	ENSG00000102996	+	10	8	759	1895	176.0	150.0	67.86120288605896	1898.4444444444443	840	3427.7719845079805
ENST00000262498.8	ENSG00000070761	-	6	4	350	439	123.0	111.5	46.4399253516483	2901.8	719	5133.443746648053
ENST00000262506.8	ENSG00000070770	-	12	10	474	447	96.6	101.5	27.593074815572436	3483.0	1412	3676.916534271617
ENST00000318129.6	ENSG00000181938	+	3	1	317	1649	234.0	234	NA	5738.5	5738.5	6465.077300388604
ENST00000570248.6	ENSG00000103034	+	15	13	127	2198	67.92307692307692	57	27.39057483412113	733.5	273.5	957.9992572664537
ENST00000317147.10	ENSG00000125107	-	49	47	99	1086	153.74468085106383	141	56.25503574950903	2113.8541666666665	1038.0	4792.53528600905
ENST00000219320.9	ENSG00000103042	-	12	10	54	2379	162.5	145.0	97.42375936540782	1418.5454545454545	908	1296.0380676227348
ENST00000245206.10	ENSG00000125166	-	10	8	177	1163	135.125	151.0	36.34531803213645	2751.6666666666665	1382	3399.298677668675
ENST00000544898.6	ENSG00000166548	-	10	8	185	4064	71.875	77.5	19.620961822936785	4144.0	3324	3400.6156427917576
ENST00000567572.6	ENSG00000140931	+	5	3	249	1279	124.33333333333333	121	30.13856886670854	1820.75	1787.5	1396.7871169222603
ENST00000394106.7	ENSG00000183723	-	4	2	404	7473	138.0	138.0	55.154328932550705	24613.666666666668	12902	30994.976759683712
ENST00000290810.8	ENSG00000159593	-	20	18	130	241	80.11111111111111	78.0	27.82907681436575	1383.4736842105262	1254	1223.7601148564413
ENST00000311765.4	ENSG00000172840	+	2	0	126	6871	NA	NA	NA	3590.0	3590	NA
ENST00000412916.7	ENSG00000067955	+	6	4	337	2349	104.25	106.5	15.173990905493518	13761.4	15414	11201.64864205265
ENST00000219139.8	ENSG00000125149	+	16	14	299	1500	79.85714285714286	83.0	26.28499760131431	2379.133333333333	694	2949.8921013358795
ENST00000564992.2	ENSG00000140939	+	4	2	37	691	313.5	313.5	14.849242404917497	1281.6666666666667	156	1996.6597940894521
ENST00000379378.8	ENSG00000205250	+	10	8	208	911	123.875	86.0	95.12613806340055	517.1111111111111	301	490.4200863658738
ENST00000258201.9	ENSG00000135723	-	22	20	272	330	160.55	146.5	113.69787990431854	680.0	94	1698.2542506939294
ENST00000379344.8	ENSG00000196155	+	22	20	95	678	186.95	131.5	147.33687679314332	258.9047619047619	152	327.52112981636844
ENST00000290949.8	ENSG00000159720	-	8	6	201	671	127.33333333333333	126.0	53.365407022402316	5929.0	1349	9916.229609416407
ENST00000042381.9	ENSG00000039523	+	22	20	86	421	179.25	128.5	290.391908506962	660.2857142857143	125	2040.0392433200186
ENST00000264010.10	ENSG00000102974	+	12	10	199	1490	212.5	155.5	204.04642717882723	6621.636363636364	3818	11269.406375428363
ENST00000243878.9	ENSG00000124074	-	7	5	393	377	159.0	164	27.793884219374593	373.5	108.0	421.5693300039745
ENST00000268797.12	ENSG00000141098	-	3	1	154	1518	346.0	346	NA	21381.5	21381.5	16940.157156886118
ENST00000317506.8	ENSG00000141084	-	14	12	259	3489	124.75	117.5	51.52250170380105	6018.923076923077	768	11045.413297394372
ENST00000303596.3	ENSG00000168286	+	1	0	1876	1876	NA	NA	NA	NA	NA	NA
ENST00000291041.6	ENSG00000159792	+	3	1	118	2352	1027.0	1027	NA	16463.0	16463.0	1633.4166645409248
ENST00000358514.9	ENSG00000205220	-	8	6	157	166	109.0	107.0	34.59479729670345	195.42857142857142	125	137.6975636952922
ENST00000332395.7	ENSG00000182810	-	1	0	2317	2317	NA	NA	NA	NA	NA	NA
ENST00000565263.6	ENSG00000167264	+	17	15	68	572	89.46666666666667	80	39.409691822238464	3378.4375	1904.5	3676.706079608939
ENST00000346183.8	ENSG00000072736	+	10	8	415	2910	375.375	168.0	433.04270244729577	15284.666666666666	7401	14268.593685083335
ENST00000219345.10	ENSG00000103066	+	6	4	181	1913	150.0	138.0	55.485733902208295	2598.4	3155	2252.9898579443275
ENST00000219343.11	ENSG00000103064	+	11	9	51	4586	179.77777777777777	129	144.5248921274271	3103.9	1789.0	4029.5587971885952
ENST00000263997.11	ENSG00000103061	-	5	3	212	3372	202.33333333333334	207	79.10330797971304	2180.5	1249.5	2677.3074160432157
ENST00000441236.3	ENSG00000132600	+	19	17	81	1531	125.05882352941177	128	52.09183067938208	2434.8888888888887	1416.0	2324.7186012856264
ENST00000563169.7	ENSG00000184939	+	5	3	189	4088	97.0	96	29.512709126747414	5818.25	2411.5	8466.35428721635
ENST00000264012.9	ENSG00000062038	+	16	14	115	2102	159.64285714285714	146.5	43.192960863222474	3368.733333333333	1205	7633.368770140244
ENST00000261769.10	ENSG00000039068	+	16	14	172	2248	170.78571428571428	151.0	43.05841929898812	6229.0	1349	15871.976305965898
ENST00000261778.2	ENSG00000103047	+	18	16	181	1698	188.375	139.0	157.4115095326048	13927.0	7933	15983.53220505405
ENST00000448552.7	ENSG00000168802	-	4	2	105	2640	88.0	88.0	42.42640687119285	3886.0	403	6152.631388276077
ENST00000314423.12	ENSG00000141076	+	17	15	41	201	129.73333333333332	111	46.00848782975759	2136.5625	1787.0	1643.7822227513393
ENST00000336278.9	ENSG00000168807	+	7	5	583	8221	190.0	197	28.722813232690143	18689.166666666668	13998.0	19888.342911531534
ENST00000254950.13	ENSG00000132612	+	11	9	183	2732	132.33333333333334	141	46.013584950533904	1148.4	520.5	1364.9971265741021
ENST00000306875.10	ENSG00000213380	-	6	4	389	2752	372.0	245.5	307.65890203275444	1701.6	1633	472.53285600051134
ENST00000307892.13	ENSG00000103018	+	5	3	239	3835	62.666666666666664	30	57.44852768638491	9346.0	7128.0	9644.391530832829
ENST00000320623.10	ENSG00000181019	-	6	4	128	1881	128.0	122.5	27.386127875258307	2927.8	1834	2967.149001988272
ENST00000359154.7	ENSG00000198373	+	24	22	60	1899	114.9090909090909	113.0	38.24595726025493	7605.260869565217	1723	11288.752589181979
ENST00000288050.9	ENSG00000090857	+	19	17	109	6063	139.8235294117647	134	43.628023239251924	2203.1666666666665	1495.0	1929.4300972048716
ENST00000261772.13	ENSG00000090861	-	21	19	86	609	144.31578947368422	145	34.18747761580246	1688.6	1090.5	1825.178589675686
ENST00000288071.11	ENSG00000157349	+	12	10	169	1785	132.1	125.5	61.0581689866311	2985.909090909091	1391	3904.7340358735178
ENST00000302243.12	ENSG00000168872	+	12	10	146	1459	131.8	125.5	61.490378651189545	2141.6363636363635	986	1883.7925720592102
ENST00000342907.3	ENSG00000157350	-	7	5	152	5886	376.4	180	542.9390389353118	9200.666666666666	4073.5	14989.45531587678
ENST00000302516.10	ENSG00000189091	+	26	24	113	5996	149.29166666666666	144.0	50.48588194101712	1766.44	1545	1356.587971100044
ENST00000261776.10	ENSG00000103043	-	19	17	362	652	122.47058823529412	133	36.869902439284445	6145.777777777777	1447.0	8664.829508899795
ENST00000434935.7	ENSG00000180917	-	3	1	267	4548	60.0	60	NA	1568.0	1568.0	1937.4725804511402
ENST00000299980.9	ENSG00000166747	-	23	21	72	4160	112.85714285714286	108	34.78833958999152	3328.7727272727275	1763.0	4708.040103116595
ENST00000427980.7	ENSG00000224470	+	3	1	129	7705	62.0	62	NA	1728.5	1728.5	249.60869375885127
ENST00000425432.6	ENSG00000102984	-	8	6	275	988	120.66666666666667	121.5	35.78081422587623	3215.8571428571427	2195	3951.938951475652
ENST00000378799.11	ENSG00000182149	+	10	8	59	3586	114.5	98.0	52.79069182021716	3456.4444444444443	1020	6314.971815279762
ENST00000219240.9	ENSG00000102967	+	9	7	42	3515	158.85714285714286	160	47.019246312648654	1780.875	1630.0	1398.5465350549782
ENST00000268483.8	ENSG00000140830	-	4	2	254	1946	160.5	160.5	12.020815280171307	2081.0	2184	557.6800157796583
ENST00000268482.8	ENSG00000140829	+	27	25	205	500	144.72	135	52.408269067644916	567.0384615384615	395.0	521.4316814900476
ENST00000219313.9	ENSG00000103035	+	7	5	175	1000	91.2	92	6.220932405998316	1307.3333333333333	869.5	1053.669334595378
ENST00000422840.7	ENSG00000090863	-	26	24	458	5895	122.25	116.0	46.44608842986439	6015.52	2134	14942.949776064965
ENST00000361070.9	ENSG00000168411	-	13	11	92	2673	198.45454545454547	195	119.27310144065478	3377.5833333333335	2494.0	2477.2363801892893
ENST00000308807.12	ENSG00000168404	-	11	9	410	684	153.66666666666666	136	123.40279575439124	2653.1	2790.0	1815.3856309029463
ENST00000262144.11	ENSG00000103091	-	26	24	160	3083	109.79166666666667	115.0	36.722199383155576	4315.36	2280	4868.4630949270495
ENST00000335325.9	ENSG00000186187	+	5	3	1072	3262	97.33333333333333	96	8.082903768654761	26836.25	6354.0	44663.45695215124
ENST00000450168.3	ENSG00000166816	-	11	9	132	658	135.22222222222223	129	31.586301531588727	291.0	174.5	294.8984759389426
ENST00000162330.10	ENSG00000050820	-	7	5	154	1843	417.6	162	437.98664363197196	3226.5	2387.5	3174.2396097333294
ENST00000283882.4	ENSG00000153774	-	7	5	215	333	149.0	128	42.96510211788167	23083.5	13798.0	33562.42870681441
ENST00000561878.2	ENSG00000166822	-	3	1	222	4635	171.0	171	NA	8304.0	8304.0	6115.059443701263
ENST00000258173.11	ENSG00000205084	-	7	5	182	3434	126.2	129	33.92933833719721	2544.1666666666665	1160.5	3690.43549823956
ENST00000037243.7	ENSG00000034713	+	4	2	142	603	114.5	114.5	82.73149339882606	3509.6666666666665	1129	4831.029013919636
ENST00000564657.2	ENSG00000065457	-	10	8	879	3481	174.625	115.5	184.832694618674	2295.222222222222	1625	1647.9989971005577
ENST00000248248.8	ENSG00000103111	+	6	4	69	4291	363.25	242.5	315.38059018694645	1079.2	557	982.4063314128223
ENST00000268533.9	ENSG00000140876	+	4	2	104	679	156.5	156.5	3.5355339059327378	6217.0	5595	3753.849757249216
ENST00000566780.6	ENSG00000186153	+	9	7	232	1060	135.57142857142858	107	76.55468011571237	138846.625	23229.0	268839.67060894304
ENST00000326043.5	ENSG00000178573	-	2	0	1953	716	NA	NA	NA	4231.0	4231	NA
ENST00000570137.7	ENSG00000166446	-	7	5	449	6640	267.6	211	183.7968987768836	33044.166666666664	10004.5	45796.74832743769
ENST00000219400.8	ENSG00000103121	-	4	2	152	9732	94.0	94.0	31.11269837220809	10122.0	9304	4955.892250644681
ENST00000299575.5	ENSG00000166454	+	4	2	365	4190	163.0	163.0	52.32590180780452	2209.3333333333335	799	2546.52122185018
ENST00000537098.8	ENSG00000153815	+	21	19	734	2017	103.57894736842105	104	71.971688715829	13111.8	3042.0	35762.63485906985
ENST00000564138.6	ENSG00000197943	+	33	31	134	4730	122.64516129032258	110	49.43584960134145	5460.28125	2206.5	11791.34016634016
ENST00000433866.7	ENSG00000230989	+	4	2	144	8317	94.0	94.0	38.18376618407357	1037.0	558	829.6523368254922
ENST00000393306.6	ENSG00000140961	+	6	4	131	1271	130.0	118.0	45.81848244249621	2234.2	1521	1796.7789791735654
ENST00000343411.8	ENSG00000140943	-	23	21	208	883	156.47619047619048	132	86.87440304693843	2672.8636363636365	2001.5	3062.7293662672305
ENST00000219439.9	ENSG00000103160	-	6	4	98	2588	240.5	227.0	157.54258683501	3877.8	4216	3743.6756269741104
ENST00000262428.5	ENSG00000103187	-	4	2	241	1360	120.5	120.5	53.033008588991066	16880.333333333332	23149	14543.252742537803
ENST00000564996.6	ENSG00000135686	+	5	3	139	6109	437.0	158	553.0705199158602	2904.25	2008.5	2036.6276660204733
ENST00000219473.12	ENSG00000103194	+	14	12	112	1028	182.33333333333334	102.0	273.4218629727973	5891.923076923077	3669	8921.423620154825
ENST00000262424.10	ENSG00000103196	+	15	13	149	2921	116.38461538461539	116	67.77233759868213	6067.214285714285	3505.0	5903.388781403069
ENST00000313732.9	ENSG00000153786	-	8	6	250	2345	142.16666666666666	111.0	95.15338494592122	4844.714285714285	2584	5400.526817335685
ENST00000253458.12	ENSG00000131149	+	16	14	77	3796	250.85714285714286	209.5	135.55915946289176	3699.6	1306	5876.653722266488
ENST00000253462.8	ENSG00000131153	-	5	3	146	2140	114.0	115	13.527749258468683	2532.25	2074.5	2435.63193374259
ENST00000253457.8	ENSG00000131148	-	5	3	480	1244	80.66666666666667	77	12.897028081435403	4738.75	4215.0	4845.7448257895985
ENST00000360900.11	ENSG00000103248	-	8	6	67	2296	110.83333333333333	113.5	11.513759884011247	3146.0	2498	3061.3949979271433
ENST00000311635.12	ENSG00000103264	-	9	7	372	4524	151.0	110	116.88455843266894	6354.625	2891.5	7935.06103923773
ENST00000268607.10	ENSG00000140941	+	4	2	132	1852	81.5	81.5	36.062445840513924	3430.6666666666665	3304	2855.1081123721624
ENST00000671377.2	ENSG00000140948	-	13	11	1356	4088	239.54545454545453	110	409.67337322222045	6558.166666666667	1199.0	10881.210726697092
ENST00000270583.10	ENSG00000104731	-	12	10	195	264	146.5	108.0	99.13879160046284	5113.727272727273	3627	5455.336288276078
ENST00000261622.5	ENSG00000103257	-	10	8	623	3003	116.25	115.0	39.296492028096935	3881.0	1197	5867.062872511254
ENST00000682872.1	ENSG00000172530	+	14	12	82	727	132.41666666666666	137.5	58.89352230676112	9498.846153846154	5850	8667.761801124074
ENST00000312838.9	ENSG00000158717	-	6	4	238	1133	123.25	114.0	22.691775308835286	1608.8	868	1812.9436560467068
ENST00000453996.7	ENSG00000174177	+	15	13	96	215	108.46153846153847	92	61.2258324900737	512.3571428571429	222.0	718.5396094368565
ENST00000301015.14	ENSG00000103335	-	51	49	320	517	148.0	149	53.79358697837503	1235.88	125.5	5072.937069974195
ENST00000268695.10	ENSG00000141012	-	14	12	190	792	113.5	120.0	24.261829354695486	3143.846153846154	2056	3595.202216059477
ENST00000301030.10	ENSG00000167522	-	13	11	317	1034	722.7272727272727	144	1942.2837120724198	17802.583333333332	3110.5	33002.422463312745
ENST00000397901.8	ENSG00000131165	-	7	5	127	1653	112.4	129	65.01768990051862	1822.0	2045.0	1212.6974890713677
ENST00000353379.12	ENSG00000185324	+	13	11	109	760	81.63636363636364	72	28.730724763822884	658.25	496.5	658.8706763711815
ENST00000289805.10	ENSG00000158792	-	3	1	78	1949	304.0	304	NA	1509.0	1509.0	1576.848122046001
ENST00000389386.8	ENSG00000075399	-	15	13	136	821	131.0	100	97.72154317242438	793.2142857142857	350.5	1048.1236846106276
ENST00000443381.7	ENSG00000158805	+	11	9	309	2950	152.11111111111111	100	134.25856066229485	1476.1	524.0	1674.461468983718
ENST00000378247.8	ENSG00000204991	+	15	13	320	1270	129.07692307692307	116	83.85648607239786	2826.9285714285716	1339.0	4246.12825387454
ENST00000315491.12	ENSG00000258947	+	4	2	117	1369	110.0	110.0	1.4142135623730951	3683.3333333333335	1150	4704.846154055766
ENST00000563594.6	ENSG00000140995	+	13	11	60	2200	123.63636363636364	128	25.75761140817497	1307.1666666666667	1014.5	1244.2832060948572
ENST00000319004.6	ENSG00000179409	-	2	0	132	3612	NA	NA	NA	4100.0	4100	NA
ENST00000304478.9	ENSG00000171861	+	4	2	340	976	206.5	206.5	54.44722215136416	2809.3333333333335	3401	2184.44600146887
ENST00000336868.8	ENSG00000167693	-	8	6	458	1822	127.5	121.5	28.34607556611673	25346.0	2550	56581.9975964087
ENST00000302538.10	ENSG00000159842	-	23	21	315	2651	115.66666666666667	110	38.36057003399889	7775.818181818182	2444.5	13609.195454461991
ENST00000264335.13	ENSG00000108953	-	6	4	176	1225	162.75	168.5	48.70574914730293	10779.2	6744	13901.920252252923
ENST00000300574.3	ENSG00000167193	-	3	1	356	2958	536.0	536	NA	15845.0	15845.0	4067.2782053850215
ENST00000648651.1	ENSG00000197879	-	32	30	274	1567	103.0	96.5	34.86426883471544	760.3225806451613	262	1508.861433600333
ENST00000421807.7	ENSG00000132376	-	12	10	157	1303	124.6	111.0	32.82343336364704	1757.2727272727273	951	2598.450079986494
ENST00000313486.12	ENSG00000174238	-	12	10	252	2821	81.5	81.0	40.942371423474945	3744.2727272727275	3350	3415.847540242658
ENST00000301335.10	ENSG00000167703	-	14	12	41	6498	132.83333333333334	133.5	52.49559866110567	3956.4615384615386	1529	5607.099645618708
ENST00000301336.7	ENSG00000167705	-	8	6	290	470	133.33333333333334	115.0	59.38911235796227	308.14285714285717	286	263.5402743234441
ENST00000330676.8	ENSG00000185561	-	4	2	311	5407	83.0	83.0	0.0	559.3333333333334	222	621.0067095719122
ENST00000254722.9	ENSG00000132386	+	8	6	54	379	167.5	177.5	46.15083964566625	2009.7142857142858	1331	1587.1244137627978
ENST00000305513.12	ENSG00000186532	-	11	9	177	1955	252.55555555555554	145	344.33853658540426	4601.3	2033.5	5414.724103980019
ENST00000254719.10	ENSG00000132383	+	17	15	122	3012	114.2	108	39.66682673036933	4076.9375	2478.0	5209.281658331917
ENST00000263083.12	ENSG00000108963	+	13	11	78	1294	115.81818181818181	122	34.75864836790459	925.0	415.5	1131.9061156056428
ENST00000572195.3	ENSG00000262664	+	2	0	210	821	NA	NA	NA	373.0	373	NA
ENST00000263073.11	ENSG00000070366	-	19	17	153	1780	237.7058823529412	147	394.88902946047426	13220.5	3609.0	22603.970586264393
ENST00000344595.10	ENSG00000167720	+	8	6	68	1606	134.66666666666666	123.5	48.66894971813822	2689.8571428571427	1519	3996.5401048311537
ENST00000301364.10	ENSG00000167721	-	15	13	127	1979	164.53846153846155	141	87.01974429654398	701.2142857142857	397.5	978.5599449875648
ENST00000268989.8	ENSG00000141258	+	24	22	245	1623	136.8181818181818	132.0	65.66338137561645	1681.5652173913043	459	3812.0681791347256
ENST00000174618.5	ENSG00000070444	-	6	4	421	3577	231.75	152.5	240.22541497518534	2412.6	528	2917.242413650261
ENST00000397195.10	ENSG00000007168	+	11	9	353	3887	149.88888888888889	157	60.67010063541275	8637.3	2269.5	14781.287089124246
ENST00000651024.2	ENSG00000132361	-	26	24	203	1391	156.79166666666666	130.5	123.3288214019975	680.84	203	1392.1169335464124
ENST00000254695.13	ENSG00000132359	+	25	23	134	4350	94.73913043478261	87	44.87985718590989	9776.708333333334	3244.0	22800.274549222595
ENST00000046640.9	ENSG00000040531	+	12	10	72	2868	119.9	111.0	42.17806170142114	2018.6363636363637	1209	2433.211798127211
ENST00000225525.4	ENSG00000213977	-	4	2	91	991	99.0	99.0	29.698484809834994	1468.0	406	1924.0537934267845
ENST00000263087.9	ENSG00000083457	-	31	29	78	315	117.58620689655173	118	38.10747699540951	2758.6	1478.5	4633.005136313087
ENST00000348335.7	ENSG00000004660	-	16	14	115	1969	106.28571428571429	81.0	97.46907089030745	1944.4666666666667	900	1979.4797608991923
ENST00000397041.8	ENSG00000074370	-	21	19	264	1569	150.6315789473684	118	103.43286095408074	1793.5	948.5	2407.8297609870046
ENST00000381638.7	ENSG00000074755	-	55	53	489	2526	159.45283018867926	149	69.26303432949139	2354.074074074074	1553.5	2880.6736230804404
ENST00000301391.8	ENSG00000167740	+	4	2	809	832	164.0	164.0	32.526911934581186	4177.333333333333	4642	1981.2966293145844
ENST00000396981.7	ENSG00000132388	-	6	4	405	3258	126.0	113.5	37.0854868288571	18650.0	10206	22706.35502453003
ENST00000254718.9	ENSG00000132382	-	26	24	258	1064	134.83333333333334	122.0	53.84007450949902	476.92	213	532.0908381094341
ENST00000269260.7	ENSG00000141480	+	15	13	113	552	85.61538461538461	73	45.66643271510352	649.1428571428571	285.5	1075.1019169679366
ENST00000263088.11	ENSG00000129219	+	25	23	74	791	112.08695652173913	114	31.718811515448827	534.8333333333334	190.0	777.4121880604442
ENST00000355280.11	ENSG00000141503	+	32	30	301	858	128.6	121.5	48.90708995918549	1925.967741935484	297	7965.751789102608
ENST00000225665.12	ENSG00000108528	-	8	6	231	767	115.66666666666667	95.5	55.22921931972845	175.0	85	191.4471206364828
ENST00000262482.11	ENSG00000108523	+	10	8	93	508	146.75	92.5	146.31643790087293	353.3333333333333	141	433.6790287758909
ENST00000225655.6	ENSG00000108518	-	3	1	268	346	193.0	193	NA	1036.0	1036.0	574.1707063234766
ENST00000519602.6	ENSG00000108515	+	12	10	64	152	123.7	102.5	62.54251887049855	414.3636363636364	337	366.1115329315024
ENST00000348066.8	ENSG00000108509	-	23	21	83	823	171.85714285714286	135	187.0810748617523	689.2727272727273	287.5	793.5720438275209
ENST00000320785.10	ENSG00000129250	+	23	21	207	4934	132.1904761904762	84	118.7836769289531	1024.3181818181818	415.5	1581.5038468966547
ENST00000537505.6	ENSG00000029725	+	18	16	237	3219	153.3125	130.5	91.87289680132366	5773.411764705882	3131	7404.486571150827
ENST00000225296.8	ENSG00000005100	-	12	10	412	3597	152.6	160.5	47.735847233615864	2048.2727272727275	1209	1788.0195239934653
ENST00000572447.6	ENSG00000129195	+	6	4	34	1108	191.5	196.0	141.90254872035715	1021.4	620	748.8947189024636
ENST00000250101.10	ENSG00000129235	+	4	2	168	1591	79.0	79.0	4.242640687119285	521.6666666666666	525	106.0393008904403
ENST00000308027.7	ENSG00000174327	+	4	2	567	355	441.0	441.0	420.0214280248092	766.3333333333334	873	575.4627123744277
ENST00000399506.9	ENSG00000132535	-	20	18	510	3628	113.22222222222223	106.5	65.33943548933797	1277.1052631578948	191	2382.654399677824
ENST00000356839.10	ENSG00000072778	+	20	18	109	310	98.05555555555556	81.5	36.44411067119596	165.52631578947367	92	131.97742585636573
ENST00000005340.10	ENSG00000004975	-	15	13	449	972	120.61538461538461	129	46.049861493708576	441.92857142857144	131.5	844.545618778407
ENST00000320316.8	ENSG00000040633	-	5	3	212	803	321.0	93	448.7727710100068	610.5	384.0	691.0848958943708
ENST00000302386.10	ENSG00000170296	-	4	2	209	912	99.0	99.0	28.284271247461902	374.3333333333333	422	214.5095180483452
ENST00000574322.6	ENSG00000175826	-	8	6	540	655	95.33333333333333	98.5	23.500354607253623	911.0	305	1371.4330704291283
ENST00000317370.13	ENSG00000181856	+	11	9	250	1832	143.66666666666666	125	38.561638969317684	316.5	137.5	375.6370145055818
ENST00000336458.13	ENSG00000132507	+	6	4	125	642	124.25	118.5	47.5	714.4	227	788.3433896469228
ENST00000380728.7	ENSG00000132522	-	11	9	30	179	107.44444444444444	96	30.84684388681892	152.4	114.5	87.92446252955494
ENST00000333751.8	ENSG00000213859	+	1	0	2783	2783	NA	NA	NA	NA	NA	NA
ENST00000302926.7	ENSG00000169992	+	7	5	868	2935	235.4	186	209.9340372593258	1172.6666666666667	590.0	1342.6039872824251
ENST00000380599.9	ENSG00000174282	-	4	2	176	4513	585.5	585.5	727.6128778409574	4798.0	1820	6385.032811192124
ENST00000321337.12	ENSG00000161956	+	11	9	345	597	180.55555555555554	112	212.9583944759581	748.4	404.0	984.2517970519535
ENST00000250113.12	ENSG00000129245	-	17	15	446	696	123.0	101	52.45542325223798	1292.5625	329.5	2282.5430545409945
ENST00000269298.10	ENSG00000141504	-	6	4	252	381	69.75	68.0	28.194266556636418	135.2	138	22.219360926903367
ENST00000250111.9	ENSG00000129244	+	7	5	705	2040	119.2	105	55.019996364958075	584.0	354.0	628.3441732044629
ENST00000269305.9	ENSG00000141510	-	11	9	114	1270	125.33333333333333	110	72.25994741210376	1655.8	455.5	3301.097150948454
ENST00000448097.7	ENSG00000132510	+	24	22	134	1299	240.6818181818182	142.0	438.0241770195792	602.2608695652174	103	1468.4409548717524
ENST00000332439.5	ENSG00000182224	+	4	2	292	2901	148.0	148.0	100.40916292848975	263.6666666666667	126	254.1934958517494
ENST00000303731.9	ENSG00000170043	-	4	2	216	386	105.0	105.0	48.08326112068523	262.0	276	101.72511980823616
ENST00000563694.6	ENSG00000170037	+	19	17	1144	536	136.23529411764707	133	53.01830982283939	762.1666666666666	394.0	827.1919366144716
ENST00000317276.9	ENSG00000179094	-	23	21	68	869	178.04761904761904	151	123.62745495660589	329.8636363636364	179.5	357.30249895232436
ENST00000316509.11	ENSG00000220205	-	5	3	71	1723	110.66666666666667	121	54.24327915358117	418.5	495.0	229.4260955805449
ENST00000437139.7	ENSG00000179029	-	5	3	181	1816	88.66666666666667	97	18.0092568789868	415.25	210.0	486.8294533680832
ENST00000389017.6	ENSG00000196544	-	1	0	1836	1836	NA	NA	NA	NA	NA	NA
ENST00000585124.6	ENSG00000178999	-	9	7	46	311	126.57142857142857	139	51.367490182206176	574.875	241.5	781.8393034560053
ENST00000651323.1	ENSG00000178971	-	23	21	53	3505	165.76190476190476	164	67.45806457489331	736.5	252.5	1298.2720292391582
ENST00000577745.2	ENSG00000125434	-	5	3	968	618	118.0	135	45.92385001282014	850.0	696.5	761.3606241460087
ENST00000648839.1	ENSG00000161970	-	4	2	37	177	157.0	157.0	22.627416997969522	1716.6666666666667	2103	760.0962658330412
ENST00000334527.12	ENSG00000166579	+	9	7	162	1234	136.57142857142858	149	30.47325134637011	3741.0	2967.5	2726.2821885176472
ENST00000360416.8	ENSG00000133026	-	43	41	72	1725	144.14634146341464	138	63.6032864621042	3542.7380952380954	1777.0	4446.286332350298
ENST00000173229.7	ENSG00000065320	+	7	5	76	4361	309.8	150	434.58106263388885	36084.166666666664	17601.0	52373.73173802557
ENST00000432992.7	ENSG00000007237	-	14	12	399	6736	94.5	88.0	23.337445525086153	21517.846153846152	5881	48099.04593101987
ENST00000379774.5	ENSG00000170222	+	4	2	74	725	367.5	367.5	354.26049737446033	4143.666666666667	4279	3168.1686087286034
ENST00000379672.10	ENSG00000006740	+	21	19	394	1612	119.15789473684211	105	79.0796104904522	9893.8	4020.0	22781.72392765283
ENST00000261643.8	ENSG00000006695	+	7	5	145	1868	177.0	134	99.93748045653342	22712.666666666668	19824.5	20596.171000131715
ENST00000312280.9	ENSG00000109099	-	5	3	173	1302	117.66666666666667	112	21.07921567168317	8430.0	6391.0	7897.054809653196
ENST00000649191.2	ENSG00000221926	-	12	10	116	1233	200.9	113.5	234.50062781247397	4817.090909090909	2420	7237.205585784412
ENST00000304222.3	ENSG00000170425	+	2	0	454	1068	NA	NA	NA	29095.0	29095	NA
ENST00000399277.6	ENSG00000214941	-	5	3	186	1604	76.66666666666667	103	47.353282181210346	5281.25	5930.5	1625.397874367996
ENST00000261647.10	ENSG00000011295	+	10	8	209	2031	101.25	103.0	46.17590590031002	2947.8888888888887	999	5850.272374950683
ENST00000268712.8	ENSG00000141027	-	46	44	173	3327	163.75	143.5	96.35040821289081	3903.8444444444444	2428	4121.6954088620305
ENST00000299736.5	ENSG00000166582	-	5	3	443	405	94.66666666666667	99	22.81081614790083	2450.25	2326.0	1224.3875679974321
ENST00000302182.8	ENSG00000170315	+	2	0	94	839	NA	NA	NA	717.0	717	NA
ENST00000338560.12	ENSG00000187688	+	15	13	263	215	177.0	156	97.3498844375277	1332.4285714285713	1232.0	876.1376528909067
ENST00000395825.4	ENSG00000141040	-	6	4	253	6473	228.25	112.5	249.07211137874643	2922.4	1022	3898.766766555804
ENST00000285071.9	ENSG00000154803	-	14	12	257	1645	147.08333333333334	128.0	56.1126437434451	1637.6923076923076	1260	1142.7190807175216
ENST00000268717.10	ENSG00000141030	-	12	10	115	536	116.3	113.5	41.155666546526604	2983.3636363636365	2780	2053.8737679189185
ENST00000268711.4	ENSG00000141026	+	2	0	266	1943	NA	NA	NA	14013.0	14013	NA
ENST00000225688.4	ENSG00000108551	-	2	0	500	1248	NA	NA	NA	211.0	211	NA
ENST00000353383.6	ENSG00000108557	+	6	4	336	1484	1464.25	113.0	2744.704522652059	24463.8	5540	29914.46053667022
ENST00000261646.11	ENSG00000072310	-	19	17	260	1518	183.7058823529412	169	78.23822971051489	1152.888888888889	238.5	3760.640901086955
ENST00000379504.8	ENSG00000175662	-	15	13	139	4273	101.76923076923077	117	39.709683634586845	8796.785714285714	3204.0	16491.859549853314
ENST00000268719.9	ENSG00000141034	+	6	4	495	3226	100.25	105.0	29.60152023123137	4975.2	4633	2413.441049621888
ENST00000225729.8	ENSG00000108591	+	13	11	140	816	85.81818181818181	89	29.10607559193847	1510.1666666666667	700.0	1735.4973525206142
ENST00000399138.5	ENSG00000091542	+	4	2	1186	1736	118.5	118.5	53.033008588991066	7656.0	9941	5625.069688457202
ENST00000316843.9	ENSG00000131899	+	23	21	129	968	148.33333333333334	136	68.81593807638848	683.1363636363636	234.5	1009.156238573995
ENST00000327031.9	ENSG00000177731	-	30	28	111	458	129.0	120.0	48.38043681765044	335.9655172413793	182	411.40069820402425
ENST00000323019.9	ENSG00000177427	+	4	2	76	2843	158.5	158.5	6.363961030678928	885.0	461	952.6137727326852
ENST00000321105.10	ENSG00000177302	-	19	17	396	3553	155.7058823529412	123	142.5082298965056	2053.9444444444443	1944.5	1671.7199481274727
ENST00000406438.5	ENSG00000176994	+	2	0	2857	5440	NA	NA	NA	4467.0	4467	NA
ENST00000316694.8	ENSG00000176974	-	12	10	179	1047	130.1	117.0	35.86843242245811	3013.7272727272725	2270	2516.2834137238633
ENST00000307767.13	ENSG00000171928	+	7	5	123	1174	115.8	129	27.526351011349107	3942.6666666666665	3327.0	3042.0615159241383
ENST00000268835.7	ENSG00000141127	+	12	10	131	748	107.9	106.0	45.0467658229879	6472.636363636364	5048	5963.00723247469
ENST00000314728.10	ENSG00000072134	+	11	9	166	2760	213.33333333333334	171	211.42138018658378	9450.4	1979.5	14595.831111047504
ENST00000395604.8	ENSG00000166484	+	7	5	133	467	460.4	237	411.30195720419323	357.5	305.5	247.3465180672653
ENST00000270570.8	ENSG00000142494	+	17	15	221	1708	90.06666666666666	95	29.74046465836131	2618.8125	1623.5	2486.735214928736
ENST00000176643.11	ENSG00000072210	+	10	8	374	2039	161.25	154.5	59.2350041300388	2793.6666666666665	2422	1803.6616229215501
ENST00000395544.9	ENSG00000083290	-	27	25	609	5578	118.48	104	62.34388502491644	3383.0	1921.5	3842.263530784946
ENST00000225737.11	ENSG00000108599	-	15	13	237	1931	145.76923076923077	110	130.51510375313774	4961.714285714285	4298.0	3274.746905747572
ENST00000395527.9	ENSG00000128487	+	15	13	66	5051	241.3846153846154	136	404.92994012576594	21529.5	8419.0	30765.023278817032
ENST00000261497.9	ENSG00000124422	-	13	11	347	3478	124.0	127	32.149650075856194	3185.5833333333335	1916.0	3843.3057375681474
ENST00000395511.8	ENSG00000109016	+	7	5	28	473	150.4	153	50.465830023888444	10534.0	4749.0	17019.105158615126
ENST00000342679.9	ENSG00000034152	+	12	10	259	1086	91.1	96.0	36.31788662475955	2569.6363636363635	1149	4071.3416774505004
ENST00000262394.7	ENSG00000109046	+	9	7	322	3717	152.28571428571428	132	58.87759700065406	2088.5	1372.0	2191.4841676687643
ENST00000644974.2	ENSG00000141068	+	21	19	427	3122	130.3684210526316	107	111.68169576788598	8198.1	2353.5	20901.734178619827
ENST00000407008.8	ENSG00000087095	+	11	9	655	1800	119.0	102	52.371270750288275	15017.9	5287.0	23986.55903463901
ENST00000226230.8	ENSG00000109084	+	3	1	166	2152	145.0	145	NA	3511.5	3511.5	3713.017708010561
ENST00000395418.8	ENSG00000109083	-	5	3	133	408	106.33333333333333	104	21.594752448994022	1571.75	1248.0	1248.3974727625814
ENST00000226225.7	ENSG00000109079	+	7	5	96	2646	165.6	170	103.524393260719	1279.8333333333333	774.0	1266.1215449816289
ENST00000540200.6	ENSG00000004142	-	11	9	240	1599	92.33333333333333	97	32.05854020382088	822.5	861.0	440.6147851455837
ENST00000292114.8	ENSG00000244045	+	6	4	235	2527	80.0	82.0	29.40521495698793	591.0	325	451.0548747103838
ENST00000585482.6	ENSG00000004139	+	9	7	809	7893	225.0	190	182.53218894211508	2759.875	1402.0	3462.638236023427
ENST00000612814.5	ENSG00000076351	-	5	3	326	5072	364.6666666666667	157	424.4812520398673	1269.75	1183.5	807.208512921744
ENST00000335765.9	ENSG00000109103	-	5	3	287	702	130.0	114	37.64306044943742	1134.5	378.5	1670.9930181382167
ENST00000308360.8	ENSG00000087111	-	12	10	62	1109	135.8	127.5	43.802080112960645	1419.0	1104	1924.552051777244
ENST00000226253.9	ENSG00000109107	-	9	7	95	502	144.42857142857142	161	59.06171106804911	271.0	117.0	401.33811893998524
ENST00000321765.10	ENSG00000076382	-	24	22	130	197	157.22727272727272	113.0	209.01445195378506	768.0869565217391	171	1586.55223427874
ENST00000247020.9	ENSG00000132581	-	3	1	181	931	197.0	197	NA	6126.0	6126.0	164.04877323527901
ENST00000314616.11	ENSG00000109111	+	37	35	138	1241	143.57142857142858	140	45.0628878962081	946.4166666666666	452.5	1838.630956134793
ENST00000395245.9	ENSG00000109113	-	10	8	656	427	82.25	86.5	19.645064811004605	204.88888888888889	131	244.4281307687622
ENST00000292090.8	ENSG00000160606	-	4	2	330	546	83.0	83.0	0.0	281.3333333333333	340	165.96786837618097
ENST00000268766.11	ENSG00000160602	+	15	13	73	1497	154.07692307692307	159	49.23999312628834	792.5	285.5	1351.2057720649134
ENST00000262395.10	ENSG00000076604	+	7	5	245	2012	127.4	156	48.47473568777864	675.3333333333334	182.5	1134.7233436686965
ENST00000581407.6	ENSG00000173065	-	3	1	109	3897	122.0	122	NA	41341.5	41341.5	48977.75119888622
ENST00000394908.9	ENSG00000132589	-	11	9	208	1261	133.22222222222223	120	42.990632054488856	1572.7	372.5	2797.446337485513
ENST00000378895.9	ENSG00000167536	-	5	3	262	1112	185.0	124	110.01363551851198	842.5	578.5	920.3761912029958
ENST00000332830.9	ENSG00000109118	-	15	13	624	1268	201.07692307692307	139	195.60779702356	2983.0714285714284	1294.0	5829.053524759015
ENST00000527372.7	ENSG00000196535	-	42	40	86	3793	152.525	126.0	157.45801027575573	2421.878048780488	552	7018.433522500309
ENST00000225388.9	ENSG00000108256	-	4	2	366	8753	879.0	879.0	1196.4246737676385	9144.333333333334	6066	8221.71565631732
ENST00000307201.5	ENSG00000168792	-	2	0	952	2540	NA	NA	NA	2999.0	2999	NA
ENST00000225394.8	ENSG00000108262	-	20	18	322	1440	112.27777777777777	102.0	55.09116034095142	652.1578947368421	179	1343.7810363612855
ENST00000394859.8	ENSG00000198720	+	15	13	604	1408	118.3076923076923	131	45.5638464417141	1291.4285714285713	118.5	3676.615306214414
ENST00000540801.6	ENSG00000141298	-	16	14	291	6994	157.07142857142858	99.0	201.35787669096658	19653.8	6821	29986.911140410197
ENST00000247026.10	ENSG00000126653	+	7	5	48	1861	119.4	109	56.10080213330287	11192.333333333334	2604.0	21222.72704123263
ENST00000225719.9	ENSG00000108582	+	21	19	800	5402	166.8421052631579	143	74.64974745651614	4084.55	2040.0	7662.86603985329
ENST00000451249.7	ENSG00000108587	+	9	7	57	5339	84.42857142857143	88	27.729990641043877	5524.75	3317.0	5707.165014260583
ENST00000324238.7	ENSG00000176390	-	8	6	170	1760	157.16666666666666	155.5	54.167948702776876	5590.857142857143	2487	6968.294038681477
ENST00000321990.5	ENSG00000176208	+	23	21	448	1035	256.6666666666667	158	409.725802620891	2592.318181818182	1476.5	2749.8224251994657
ENST00000581216.6	ENSG00000172171	-	4	2	71	621	307.0	307.0	222.03152929257593	1982.3333333333333	1638	1381.0779606283395
ENST00000328381.10	ENSG00000181481	+	5	3	407	1250	132.33333333333334	144	37.872593432894625	6704.75	6159.0	5446.99197569937
ENST00000621161.5	ENSG00000131242	+	15	13	337	6596	126.0	135	50.6902357461474	9854.714285714286	1131.0	23583.689824924382
ENST00000302362.11	ENSG00000172301	-	4	2	144	438	143.0	143.0	107.48023074035522	2168.6666666666665	2235	1633.5104325756029
ENST00000322652.10	ENSG00000178691	+	16	14	514	2381	114.28571428571429	93.0	58.163468010332835	3969.133333333333	2250	4728.231455336984
ENST00000545287.7	ENSG00000126858	+	20	18	228	1112	101.38888888888889	101.5	38.45262767566605	4213.736842105263	1406	6765.829010895735
ENST00000313401.4	ENSG00000176749	+	2	0	170	3778	NA	NA	NA	313.0	313	NA
ENST00000318217.10	ENSG00000176658	-	22	20	347	2394	138.45	139.0	49.565984728493625	18052.04761904762	4493	30981.762068152595
ENST00000579849.6	ENSG00000006042	+	8	6	85	3530	100.5	96.0	54.83703128361345	1706.4285714285713	1514	1094.6177197455522
ENST00000225831.4	ENSG00000108691	+	3	1	141	482	118.0	118	NA	589.0	589.0	292.74220741123065
ENST00000361952.5	ENSG00000198783	+	1	0	2238	2238	NA	NA	NA	NA	NA	NA
ENST00000378526.9	ENSG00000005156	+	20	18	111	5471	155.55555555555554	143.5	106.2656063125192	1097.3684210526317	579	881.4782540032975
ENST00000394597.7	ENSG00000092871	-	7	5	132	6160	183.6	188	148.2170705418239	8418.0	3177.0	14073.298916743011
ENST00000345365.11	ENSG00000185379	-	10	8	329	8816	102.625	93.5	34.7683661640044	1963.7777777777778	491	3532.4462054565593
ENST00000442241.9	ENSG00000073536	-	13	11	46	3720	129.72727272727272	136	59.05605965367298	698.4166666666666	518.5	635.604573805463
ENST00000685675.1	ENSG00000172716	-	7	5	148	2835	431.2	129	452.2683937663564	3029.6666666666665	2743.5	2535.7351333817705
ENST00000225873.9	ENSG00000108733	-	3	1	676	1387	554.0	554	NA	580.0	580.0	390.32294321497426
ENST00000610402.5	ENSG00000006125	+	22	20	107	2789	140.2	133.0	59.12484561012445	6352.0	6275	6216.04394289487
ENST00000605844.6	ENSG00000270647	+	16	14	93	337	123.71428571428571	91.0	133.36498708514083	2373.133333333333	1617	2875.1794445034625
ENST00000614623.5	ENSG00000278259	-	26	24	108	771	127.16666666666667	118.0	48.531179280116824	1412.08	749	1871.5485103695994
ENST00000614443.2	ENSG00000277161	+	2	0	606	2210	NA	NA	NA	1501.0	1501	NA
ENST00000613102.5	ENSG00000278311	+	14	12	179	641	166.33333333333334	163.0	56.09947874224426	3239.5384615384614	1962	3358.270204916628
ENST00000618403.5	ENSG00000278535	+	7	5	278	643	118.8	95	55.81845572926574	1235.1666666666667	641.5	1306.88246092243
ENST00000616317.5	ENSG00000278540	-	56	54	575	2448	129.44444444444446	123.0	48.74294014353748	5669.672727272728	1669	10869.39712126657
ENST00000615182.5	ENSG00000276234	+	16	14	64	2929	88.78571428571429	81.5	33.841664287653494	4573.6	3309	4086.736434578854
ENST00000617516.5	ENSG00000276023	+	3	1	68	1318	88.0	88	NA	11067.0	11067.0	13648.57509046274
ENST00000612223.5	ENSG00000275066	-	22	20	140	4265	186.8	120.5	214.99782128639058	4117.666666666667	1712	4277.749517366969
ENST00000617633.5	ENSG00000278053	-	15	13	113	4615	127.3076923076923	123	47.17765116271442	1951.7857142857142	1370.0	2180.8644785099264
ENST00000612932.6	ENSG00000274211	+	10	8	1189	6081	123.5	130.0	32.28445003845837	5054.666666666667	2976	5790.925228320601
ENST00000622683.5	ENSG00000275832	+	24	22	85	2442	153.8181818181818	96.5	234.26005825102771	3391.782608695652	1913	6146.409313623108
ENST00000621332.5	ENSG00000275023	+	20	18	469	4239	173.94444444444446	109.5	140.59975408823874	878.1052631578947	538	777.0539016579683
ENST00000620225.5	ENSG00000277258	-	11	9	141	1703	87.77777777777777	93	32.08885233916047	1180.5	278.0	2284.498303785757
ENST00000619039.5	ENSG00000276293	-	10	8	291	4081	126.375	109.0	64.00878845908584	3164.777777777778	1010	3962.5786041975803
ENST00000614790.5	ENSG00000273559	-	10	8	156	1766	143.125	145.0	63.907159223360885	2423.777777777778	2199	1818.7724416332144
ENST00000318008.11	ENSG00000002834	+	7	5	201	3166	108.6	104	25.304149857286255	7967.166666666667	7867.0	5564.1442977933875
ENST00000394303.8	ENSG00000067191	-	14	12	258	2205	104.0	103.0	44.17115471765379	1577.3846153846155	549	1748.1982886418396
ENST00000225430.9	ENSG00000108298	+	6	4	67	208	115.5	116.0	7.724420150837645	742.6	863	287.90762407411165
ENST00000264658.11	ENSG00000108306	-	15	13	266	8905	89.3076923076923	75	45.724509502352994	9902.285714285714	2614.5	17103.613488781437
ENST00000300651.11	ENSG00000125686	-	17	15	226	6437	98.26666666666667	96	39.97403919450485	2427.625	2917.0	1662.1005134066552
ENST00000447079.6	ENSG00000167258	+	14	12	1632	3941	226.16666666666666	155.5	230.94306001631003	4982.461538461538	4100	4808.092997148741
ENST00000336308.10	ENSG00000131748	+	15	13	88	1398	98.76923076923077	93	54.86370057720898	1734.857142857143	366.0	4255.893973830119
ENST00000269571.10	ENSG00000141736	+	27	25	248	970	133.56	133	49.130845708169936	924.5384615384615	297.5	1473.3268539131222
ENST00000309156.9	ENSG00000141738	+	15	13	196	535	115.53846153846153	111	39.39250221513265	508.2142857142857	185.0	1051.6240318648127
ENST00000304046.7	ENSG00000172057	-	4	2	118	1643	174.0	174.0	31.11269837220809	1483.3333333333333	766	1546.2798366833001
ENST00000264639.9	ENSG00000108344	+	12	10	384	456	130.7	128.5	42.35314497046104	1364.1818181818182	919	1495.0504217705716
ENST00000450525.7	ENSG00000126351	+	9	7	128	3797	182.71428571428572	148	97.17975489732808	3104.25	1639.5	3722.5282019463216
ENST00000246672.4	ENSG00000126368	-	8	6	526	490	269.0	198.5	201.76917504911398	738.1428571428571	355	879.278952432319
ENST00000398532.9	ENSG00000188895	+	9	7	1410	2639	140.85714285714286	73	122.53357168742039	1239.0	696.0	1115.5557231391767
ENST00000323571.9	ENSG00000171475	+	8	6	189	5952	225.16666666666666	132.5	214.82776046560338	8191.571428571428	3083	12909.39929995638
ENST00000209728.9	ENSG00000094804	+	12	10	212	2746	160.6	158.5	62.912991062613166	1110.4545454545455	852	1129.1212834444636
ENST00000254066.10	ENSG00000131759	+	9	7	107	1635	219.0	161	143.0582631890471	5648.625	1556.5	8503.275871896161
ENST00000423485.6	ENSG00000131747	-	35	33	126	1123	134.72727272727272	135	44.31159041892477	696.3823529411765	308.0	775.3431308706071
ENST00000269593.5	ENSG00000141753	+	4	2	635	1277	146.5	146.5	16.263455967290593	4023.6666666666665	2386	4298.228743719131
ENST00000348513.12	ENSG00000073584	-	11	9	46	4032	119.11111111111111	105	57.44659355532851	1770.7	1342.5	1587.4068336616028
ENST00000361566.7	ENSG00000171345	-	6	4	481	381	132.0	141.5	36.34097778908359	660.4	191	1061.0237037879974
ENST00000469257.2	ENSG00000173812	+	4	2	185	1887	133.0	133.0	43.840620433565945	482.0	592	296.70861126701396
ENST00000393931.8	ENSG00000173801	-	14	12	124	1287	174.5	153.5	80.6569616000098	2199.846153846154	1200	3935.946240447436
ENST00000393928.6	ENSG00000141696	-	8	6	496	1027	138.16666666666666	145.5	29.969428867875788	1092.142857142857	979	1155.2711699815227
ENST00000321562.9	ENSG00000141756	+	10	8	276	991	164.75	155.0	22.68259244442751	847.2222222222222	564	1126.8355889145694
ENST00000435506.7	ENSG00000141698	-	9	7	51	601	108.0	90	54.35684562837202	1221.0	1332.0	873.3516719266889
ENST00000352035.7	ENSG00000131473	-	29	27	72	987	119.77777777777777	119	41.6055962705216	1705.0357142857142	1135.5	1423.1133965422396
ENST00000393892.8	ENSG00000173786	+	4	2	93	4266	406.5	406.5	376.8879143724298	1924.6666666666667	1443	1070.145940203173
ENST00000457167.9	ENSG00000168259	-	14	12	100	336	114.16666666666667	116.5	35.40373204090555	3015.3076923076924	1161	4444.9010559781755
ENST00000393885.9	ENSG00000168256	+	4	2	115	1988	175.0	175.0	94.75230867899737	1033.0	1013	316.4743275528048
ENST00000225916.10	ENSG00000108773	-	18	16	402	732	123.8125	119.5	45.33463539796771	302.47058823529414	157	316.06765843072645
ENST00000346213.9	ENSG00000108774	-	6	4	97	920	155.75	137.5	69.64852235809936	5674.2	1412	10425.455347369725
ENST00000293328.8	ENSG00000173757	-	19	17	144	2688	132.1764705882353	131	40.76186222150193	4007.5555555555557	1137.5	10128.49552861641
ENST00000590949.6	ENSG00000126561	+	19	17	101	1437	131.2941176470588	131	40.024624773197985	1093.111111111111	625.5	1189.898309490397
ENST00000264657.10	ENSG00000168610	-	24	22	164	2477	103.63636363636364	95.5	44.58757616255842	3052.086956521739	911	8162.917531646299
ENST00000357037.6	ENSG00000177469	-	2	0	630	2940	NA	NA	NA	17238.0	17238	NA
ENST00000343619.9	ENSG00000033627	+	22	20	86	1553	123.35	118.5	47.18750392122674	2837.904761904762	2077	2225.992607911399
ENST00000225927.7	ENSG00000108784	+	6	4	415	1422	159.5	147.5	71.1734969399893	1146.8	793	831.7443717873899
ENST00000585807.6	ENSG00000108786	+	6	4	108	546	155.0	173.0	41.00406483915142	203.6	147	179.09718032397942
ENST00000393818.3	ENSG00000068120	+	9	7	1175	372	133.14285714285714	132	55.26128413102182	206.375	145.0	184.7229102505387
ENST00000435881.7	ENSG00000108788	+	8	6	67	1657	106.0	100.0	53.49018601575433	534.8571428571429	375	417.99658235103175
ENST00000309428.10	ENSG00000141699	-	9	7	289	2756	100.57142857142857	107	37.823525055434054	3263.875	866.0	5652.531529892476
ENST00000251413.8	ENSG00000131462	+	11	9	104	395	123.22222222222223	127	37.66887899107756	394.8	272.0	409.91592633937347
ENST00000251412.8	ENSG00000037042	+	11	9	269	404	123.22222222222223	127	37.66887899107756	594.1	270.0	810.9668372449709
ENST00000591022.6	ENSG00000068137	-	13	11	593	390	185.72727272727272	158	113.1725151342771	504.5833333333333	292.0	561.8219482319568
ENST00000428826.7	ENSG00000108799	-	21	19	30	2318	120.26315789473684	120	42.296364573570045	2006.65	995.0	3041.7604195596996
ENST00000253794.7	ENSG00000131475	+	6	4	80	643	91.25	82.5	39.25451141800986	1012.6	767	937.5490920479845
ENST00000328434.8	ENSG00000183978	-	2	0	237	543	NA	NA	NA	300.0	300	NA
ENST00000590099.6	ENSG00000126581	-	12	10	128	795	118.6	134.5	45.44398261107355	1094.5454545454545	726	938.2250650708884
ENST00000590720.6	ENSG00000131467	+	11	9	277	2263	71.33333333333333	68	26.06722079547415	718.2	294.5	942.3225208671038
ENST00000415816.7	ENSG00000068079	+	7	5	185	349	129.6	107	37.387163572541844	1081.8333333333333	169.0	2039.2284243474703
ENST00000355653.8	ENSG00000108828	-	6	4	450	1538	177.75	189.5	65.29101520627985	1016.0	385	1277.4950097749893
ENST00000587250.4	ENSG00000108830	+	5	3	219	3610	111.0	110	23.515952032609693	662.25	639.0	382.77266969660553
ENST00000357654.9	ENSG00000012048	-	23	21	94	1508	261.23809523809524	88	727.7207503405344	3362.818181818182	2225.5	2743.488041168511
ENST00000590996.6	ENSG00000188554	+	21	19	89	1788	144.0	111	100.81501210963904	1793.1	1229.5	1718.7054154982925
ENST00000320033.5	ENSG00000175906	+	2	0	101	1477	NA	NA	NA	567.0	567	NA
ENST00000262415.8	ENSG00000067596	+	23	21	211	2043	156.9047619047619	148	63.72354726622237	1643.0454545454545	894.0	1642.6950700216985
ENST00000319349.10	ENSG00000175832	-	13	11	156	898	116.45454545454545	102	64.06771985386031	1346.6666666666667	329.0	2403.477720203612
ENST00000226004.8	ENSG00000108861	-	3	1	178	3690	227.0	227	NA	4379.0	4379.0	732.5626253092632
ENST00000398389.9	ENSG00000161647	-	20	18	46	1067	93.16666666666667	81.5	43.08029438973093	1555.0526315789473	1348	1634.1426727350954
ENST00000269095.9	ENSG00000108852	-	13	11	63	2624	137.72727272727272	132	50.00818114886985	2331.25	542.5	4322.068047190541
ENST00000206380.8	ENSG00000091947	-	4	2	148	1049	164.0	164.0	24.041630560342615	750.3333333333334	772	461.88129788218674
ENST00000293406.8	ENSG00000161654	-	5	3	208	1973	123.66666666666667	127	12.342339054382412	7448.0	2568.5	10752.68874902149
ENST00000269097.9	ENSG00000141349	+	6	4	449	665	114.75	113.0	21.484490529992406	807.4	228	1215.3336167489156
ENST00000682912.1	ENSG00000108840	-	27	25	138	1663	140.72	131	59.86827206459194	1598.8461538461538	312.5	3536.5005719474466
ENST00000538716.7	ENSG00000168591	+	4	2	138	1429	317.5	317.5	352.8462838120872	918.6666666666666	912	356.04681340145896
ENST00000587097.6	ENSG00000087152	-	13	11	389	2607	86.81818181818181	72	51.5922827210004	344.0833333333333	267.5	339.5134107227667
ENST00000436088.6	ENSG00000108312	-	21	19	231	2328	117.6842105263158	121	42.266420387793204	492.05	276.0	622.4220496533978
ENST00000377095.10	ENSG00000013306	-	12	10	113	489	97.9	91.0	38.93998230896134	328.6363636363636	202	316.50000718081276
ENST00000293443.12	ENSG00000161682	-	8	6	257	1977	150.66666666666666	143.0	48.84533413404669	1071.5714285714287	233	1486.5141390899335
ENST00000591680.6	ENSG00000186566	-	8	6	81	6173	96.33333333333333	81.0	32.751590292177674	14470.57142857143	10572	10769.632551100074
ENST00000315323.5	ENSG00000180340	+	1	0	3779	3779	NA	NA	NA	NA	NA	NA
ENST00000315286.13	ENSG00000180329	-	5	3	227	1604	94.33333333333333	88	38.88873015840622	2555.75	1637.0	2028.5888978959406
ENST00000315005.8	ENSG00000161692	+	14	12	175	1670	97.5	98.5	46.056289670161426	3121.923076923077	1824	3693.724102256386
ENST00000592524.6	ENSG00000182963	-	3	1	226	7390	76.0	76	NA	12074.0	12074.0	14874.698249040213
ENST00000426333.7	ENSG00000108883	-	28	26	77	1422	108.73076923076923	105.0	36.34672771219736	1673.037037037037	1042	1743.321222033072
ENST00000593135.6	ENSG00000186185	-	16	14	146	1476	176.14285714285714	139.5	127.14489441508918	1265.0	326	2836.5337750752865
ENST00000651974.1	ENSG00000172992	-	5	3	272	1381	172.66666666666666	204	74.14400402819727	6529.5	4687.0	6883.610171995506
ENST00000258960.7	ENSG00000136448	+	12	10	144	3398	133.9	128.5	28.980644882020446	3892.6363636363635	1137	5785.172638266334
ENST00000321854.13	ENSG00000181513	+	10	8	267	734	103.25	104.0	26.277366686941825	740.3333333333334	242	1359.138054062206
ENST00000332499.4	ENSG00000186834	+	1	0	3625	3625	NA	NA	NA	NA	NA	NA
ENST00000589230.6	ENSG00000168517	+	4	2	157	1021	129.0	129.0	26.870057685088806	2241.6666666666665	456	3393.357383673776
ENST00000331495.8	ENSG00000184922	+	27	25	369	452	127.28	109	60.264362050330654	824.2692307692307	328.0	1613.2736545965736
ENST00000344686.8	ENSG00000006062	-	16	14	61	1682	192.78571428571428	141.5	142.9293416457821	3297.3333333333335	1184	6810.241286544287
ENST00000430334.8	ENSG00000225190	-	12	10	70	2070	310.0	221.0	269.5584867478258	4507.454545454545	4289	2826.5740168492443
ENST00000262410.10	ENSG00000186868	+	13	11	133	4379	209.36363636363637	113	290.49140184427927	10580.5	4618.5	18263.67409765775
ENST00000432791.7	ENSG00000120071	-	15	13	607	1788	244.53846153846155	149	344.1660489222742	11281.42857142857	2534.0	19977.8298879775
ENST00000398238.8	ENSG00000073969	+	21	19	119	1663	115.84210526315789	108	46.71695285665073	8140.65	3215.0	10102.32406442357
ENST00000640051.2	ENSG00000108433	+	6	4	62	3422	112.0	121.0	34.15650255319866	2985.8	2829	2114.305725291402
ENST00000066544.8	ENSG00000004897	-	19	17	150	3315	139.11764705882354	129	43.468210155441724	3653.5	2430.5	3386.3453013536587
ENST00000559488.7	ENSG00000259207	+	15	13	114	3605	170.92307692307693	162	93.76518680411327	3855.4285714285716	1853.0	5403.228574932495
ENST00000322157.9	ENSG00000141279	+	23	21	448	1509	112.0	108	48.48608047677189	3993.6363636363635	2075.0	5529.896895150548
ENST00000290158.9	ENSG00000108424	+	22	20	366	3102	129.5	123.0	47.32697016779289	1406.142857142857	1267	994.3738877159982
ENST00000578982.6	ENSG00000198933	+	10	8	34	1555	219.125	149.5	214.08772400917474	1616.6666666666667	544	2721.8291643672273
ENST00000007414.8	ENSG00000006025	-	23	21	129	1028	119.38095238095238	118	40.28458289529158	489.04545454545456	195.5	565.3713888757613
ENST00000290216.14	ENSG00000141295	-	8	6	66	311	186.5	181.5	18.327574853209576	298.0	297	171.16269063866304
ENST00000376741.5	ENSG00000167182	+	7	5	58	1234	346.8	194	361.05151986939484	4949.333333333333	1913.0	7166.953988038898
ENST00000642017.2	ENSG00000108439	+	7	5	243	2695	95.8	100	32.919599025504546	720.1666666666666	588.0	538.4962085908003
ENST00000338399.9	ENSG00000108465	+	14	12	40	345	120.75	121.5	50.76169815914357	679.6153846153846	368	618.281157519449
ENST00000362042.8	ENSG00000082641	+	6	4	104	3251	371.0	186.0	436.90960163402224	1669.6	792	1880.9572828748665
ENST00000225603.9	ENSG00000108468	-	5	3	211	1521	150.0	177	47.634021455258214	7309.5	2163.0	11346.100460804437
ENST00000359238.7	ENSG00000002919	+	7	5	73	2367	110.4	96	60.08161116348329	2140.6666666666665	1344.0	2147.634481625462
ENST00000360943.10	ENSG00000159202	+	7	5	414	2093	115.4	112	43.821227732686815	2927.6666666666665	2520.5	1346.7618448213725
ENST00000502492.6	ENSG00000159210	-	8	6	162	1297	97.5	90.0	37.489998666310996	1926.142857142857	1487	1224.4327160732337
ENST00000290341.8	ENSG00000159217	+	15	13	536	6794	112.76923076923077	120	60.930498447211484	3568.9285714285716	1119.0	6832.248390641881
ENST00000430262.3	ENSG00000198740	-	6	4	342	9719	391.75	146.5	511.03709910990483	12283.4	3980	18336.603701340115
ENST00000300408.8	ENSG00000167085	-	7	5	48	1153	126.6	117	25.909457732650445	1499.5	1548.5	743.303639167736
ENST00000504102.6	ENSG00000121067	-	10	8	165	1639	130.75	135.5	35.33816229355616	8484.888888888889	2560	17633.71447288152
ENST00000240364.7	ENSG00000121104	-	8	6	240	1224	144.16666666666666	143.0	38.89173005494442	7353.0	2062	10981.668315879879
ENST00000259021.9	ENSG00000136504	+	15	13	169	7626	132.23076923076923	111	47.76531839133537	2630.8571428571427	2485.5	1839.6602469412182
ENST00000320031.13	ENSG00000005884	+	26	24	536	1372	124.20833333333333	118.5	47.37911773240875	1179.32	467	1899.0513579153146
ENST00000503176.6	ENSG00000005882	+	11	9	203	2196	107.22222222222223	99	36.533470194390844	1343.8	561.5	2328.682927703507
ENST00000612501.2	ENSG00000108819	-	10	8	1535	1648	128.625	127.0	50.89186715829105	1414.3333333333333	1040	1367.1050618002992
ENST00000225964.10	ENSG00000108821	-	51	49	221	1548	84.59183673469387	54	52.58046150399204	232.34	141.5	241.90516019839725
ENST00000338165.9	ENSG00000154920	+	9	7	49	721	222.85714285714286	122	255.94949278547682	740.625	244.0	906.0228533068499
ENST00000225972.8	ENSG00000108829	-	7	5	311	1998	114.2	105	50.75135466172307	2234.3333333333335	2127.5	1308.9945250713108
ENST00000300441.9	ENSG00000167107	+	16	14	172	336	119.21428571428571	115.0	40.48585426546408	3096.2	308	8787.398576533167
ENST00000285238.13	ENSG00000108846	+	31	29	101	1162	152.75862068965517	147	50.32938304837003	1722.6666666666667	647.0	3781.5740595440006
ENST00000285243.7	ENSG00000154945	-	5	3	394	2946	275.3333333333333	182	190.951128127941	2637.75	1536.5	2871.4767832365746
ENST00000505658.6	ENSG00000108848	+	10	8	229	5719	129.875	125.0	77.13149717944582	3292.222222222222	906	5332.100401759559
ENST00000499247.3	ENSG00000141232	-	2	0	297	1941	NA	NA	NA	1894.0	1894	NA
ENST00000262013.12	ENSG00000008294	-	30	28	515	4214	126.67857142857143	128.0	49.855386106312764	5186.862068965517	2439	8240.298433067206
ENST00000393196.8	ENSG00000239672	+	5	3	104	441	115.0	113	14.106735979665885	1930.0	1533.0	1638.419360237177
ENST00000586178.6	ENSG00000011258	-	17	15	215	3270	125.33333333333333	115	57.880007239937676	4828.75	1399.0	8540.965265511075
ENST00000262065.8	ENSG00000108960	-	7	5	166	1913	98.0	82	37.26258176777342	4440.833333333333	3656.5	2206.074288564795
ENST00000268896.10	ENSG00000141179	+	6	4	194	1340	109.5	99.0	46.800997140374406	4870.4	2538	6368.936590985971
ENST00000284061.8	ENSG00000153933	+	12	10	110	6956	154.2	124.0	120.21258946826937	2437.181818181818	1511	2927.4116149999068
ENST00000316881.9	ENSG00000121060	-	9	7	658	4321	109.42857142857143	96	67.93589415239718	2549.5	2894.5	1652.285776043081
ENST00000262288.8	ENSG00000121064	+	13	11	105	596	110.9090909090909	114	40.17326112093601	2226.4166666666665	2291.5	1334.5871992583484
ENST00000337714.8	ENSG00000121057	+	11	9	153	1095	295.6666666666667	128	542.3211686814374	3219.0	1463.5	5952.827432778851
ENST00000577830.6	ENSG00000180891	-	11	9	188	2043	164.33333333333334	94	187.12028217165556	9046.0	1692.5	21276.007039751505
ENST00000581208.2	ENSG00000136451	-	6	4	176	3349	276.25	173.0	283.99809271660024	2414.6	1289	1890.127059221152
ENST00000258962.5	ENSG00000136450	-	4	2	303	4682	179.0	179.0	8.48528137423857	328.3333333333333	369	113.5972417505519
ENST00000579991.3	ENSG00000264364	+	3	1	265	6401	141.0	141	NA	2658.5	2658.5	1045.8109293749037
ENST00000225504.8	ENSG00000213246	-	5	3	135	1136	72.33333333333333	56	30.03886371574886	1384.0	716.0	1639.6416275109225
ENST00000682306.1	ENSG00000108389	-	18	16	276	2304	212.9375	123.0	318.66815942816334	1124.4117647058824	497	1767.9430865706456
ENST00000308249.4	ENSG00000175175	+	7	5	608	5206	149.2	144	45.1408905539091	37127.666666666664	5346.5	79463.51783470617
ENST00000262294.12	ENSG00000108395	-	24	22	440	1258	126.86363636363636	118.0	60.942045423770445	4530.0	3172	3436.4338809559276
ENST00000330137.12	ENSG00000182628	-	4	2	56	2489	132.0	132.0	63.63961030678928	14173.666666666666	11785	8646.115968071059
ENST00000262293.9	ENSG00000068489	+	10	8	60	5147	127.375	118.0	54.052718974825204	4970.888888888889	2100	5969.291110434397
ENST00000300917.10	ENSG00000167447	+	4	2	1776	426	509.5	509.5	514.06662992262	658.3333333333334	530	493.1859013935144
ENST00000284116.9	ENSG00000153982	+	10	8	241	2320	85.0	75.0	39.96784421792813	5802.111111111111	3761	4831.318853181925
ENST00000312655.9	ENSG00000175155	+	5	3	170	4629	155.0	109	139.79628035108803	16202.75	14511.0	15029.761749608675
ENST00000251241.9	ENSG00000108406	+	18	16	174	1313	130.5	117.5	51.25621913485231	2303.5882352941176	1662	2662.4676537665096
ENST00000269122.8	ENSG00000141367	+	32	30	279	3229	162.03333333333333	163.0	41.22644224560113	2215.9032258064517	928	4336.712221294212
ENST00000393038.3	ENSG00000141378	-	2	0	60	671	NA	NA	NA	9392.0	9392	NA
ENST00000262291.9	ENSG00000062716	+	12	10	95	2488	110.3	107.0	30.17007347245501	11901.454545454546	5925	12076.559711802334
ENST00000325752.8	ENSG00000108423	-	9	7	247	946	185.42857142857142	184	35.62235788030294	3871.75	3319.0	1911.6436271289838
ENST00000225577.9	ENSG00000108443	+	15	13	205	4024	92.23076923076923	91	28.134065490533732	3716.1428571428573	1951.0	4885.865923679837
ENST00000305783.13	ENSG00000189050	-	9	7	133	872	159.57142857142858	102	136.2654971527485	1297.375	1128.0	775.4149004611292
ENST00000300896.9	ENSG00000170832	-	34	32	252	2102	143.21875	124.5	70.84273103376648	6299.090909090909	2160	10846.920042008573
ENST00000083182.8	ENSG00000062725	-	13	11	449	4677	124.18181818181819	124	40.432210381868025	6382.75	3150.5	7564.586068408743
ENST00000305921.8	ENSG00000170836	+	6	4	694	3286	197.0	210.0	52.78888771954441	12264.0	10103	6448.277793333658
ENST00000259008.7	ENSG00000136492	-	20	18	245	5002	163.05555555555554	148.0	63.50865825383665	9274.105263157895	3698	11550.425542399998
ENST00000251334.7	ENSG00000108506	-	25	23	329	2360	149.52173913043478	131	58.76290540284236	2353.6666666666665	2148.0	1926.320883167583
ENST00000397786.7	ENSG00000108510	-	30	28	139	3996	225.92857142857142	188.0	179.17442951067596	3869.4137931034484	1916	5127.570146606908
ENST00000346027.10	ENSG00000146872	+	22	20	466	3090	104.2	96.0	33.93275083083257	6238.9047619047615	3949	8640.12054258945
ENST00000303375.10	ENSG00000011028	+	30	28	251	1367	146.46428571428572	143.5	68.6809489692939	2076.1724137931033	346	6765.9238154412205
ENST00000360793.8	ENSG00000008283	-	6	4	62	2291	144.0	131.0	54.35071296680477	2214.8	491	3633.7057806046982
ENST00000614556.5	ENSG00000136485	+	7	5	339	5267	143.6	119	41.54876652802102	6244.333333333333	2528.5	10581.292636850503
ENST00000258975.7	ENSG00000136463	+	5	3	469	564	137.66666666666666	128	36.473734842120756	1506.25	1259.0	1238.0916430808613
ENST00000361733.8	ENSG00000198909	+	16	14	347	2757	117.71428571428571	121.5	41.12537784989584	4609.133333333333	2936	4968.207450043392
ENST00000259006.8	ENSG00000136490	-	5	3	94	2824	91.33333333333333	92	49.0034012424988	261.5	138.0	284.85025305705216
ENST00000336174.12	ENSG00000266173	-	13	11	59	920	107.9090909090909	105	60.24027646924364	3066.8333333333335	1845.0	4086.8149819840996
ENST00000225726.10	ENSG00000108588	-	13	11	186	1707	126.36363636363636	110	63.16529541967286	2088.3333333333335	1348.5	2291.696486858325
ENST00000389924.7	ENSG00000198231	+	18	16	207	1624	133.0	115.5	67.99117589805313	2422.8823529411766	1069	3090.0592608061934
ENST00000310144.11	ENSG00000087191	+	12	10	84	104	114.3	98.5	55.73159885658325	296.1818181818182	107	365.77884525538605
ENST00000433197.4	ENSG00000178607	-	22	20	169	5059	133.35	122.0	63.88911034795078	3957.5238095238096	1383	7311.05197368373
ENST00000584379.6	ENSG00000136478	-	12	10	93	1865	328.6	174.0	476.23084971704867	10071.818181818182	5833	13819.799534133495
ENST00000225792.10	ENSG00000108654	-	13	11	214	2073	127.0	134	53.16201651555366	362.6666666666667	218.5	419.4191510201033
ENST00000556440.7	ENSG00000258890	+	20	18	140	344	126.11111111111111	127.5	31.25584912580625	1485.0526315789473	1452	994.2377579322995
ENST00000262435.14	ENSG00000108854	-	19	17	479	3666	123.23529411764706	115	50.1840729362473	6321.444444444444	2846.0	12432.569036593894
ENST00000439174.7	ENSG00000120063	-	4	2	430	5541	139.0	139.0	124.45079348883236	13734.333333333334	3423	18592.836263823046
ENST00000413366.8	ENSG00000154229	+	17	15	412	6871	112.06666666666666	112	37.9632654524018	31197.9375	3508.5	55767.919901999514
ENST00000356126.8	ENSG00000197170	-	11	9	166	3137	117.0	113	35.234925854895735	2430.6	1195.5	2988.38046811684
ENST00000581322.6	ENSG00000154217	+	9	7	922	4685	90.57142857142857	89	50.98319050712415	39216.875	21937.0	49557.215318508366
ENST00000330459.8	ENSG00000182481	+	11	9	106	351	168.88888888888889	150	72.18456283105904	914.3	566.5	923.9101748065724
ENST00000580666.6	ENSG00000108932	-	6	4	42	2321	332.0	191.5	326.32192693718883	4082.2	1492	5003.166617253517
ENST00000621439.5	ENSG00000141337	+	12	10	74	626	185.4	116.5	210.03661056534352	11524.181818181818	9900	9789.368578393418
ENST00000262139.10	ENSG00000070540	-	13	11	155	540	110.27272727272727	101	31.058302944916065	2859.0	1793.5	2387.6033628267946
ENST00000589228.6	ENSG00000108946	+	11	9	119	3155	108.77777777777777	92	51.676343179877236	1674.9	881.0	2086.257971158462
ENST00000392676.8	ENSG00000154265	-	39	37	82	3334	130.7027027027027	127	41.91251792912422	1962.3947368421052	1375.0	2218.5489967053604
ENST00000245479.3	ENSG00000125398	+	3	1	803	2874	254.0	254	NA	733.0	733.0	230.5168106668145
ENST00000255559.8	ENSG00000133195	-	10	8	78	1714	117.5	121.5	46.4635033424853	49334.22222222222	53093	47336.04765867599
ENST00000405159.8	ENSG00000133193	-	4	2	309	2404	81.5	81.5	26.16295090390226	7384.666666666667	4821	6170.745200811109
ENST00000335793.4	ENSG00000179604	-	2	0	109	2989	NA	NA	NA	25280.0	25280	NA
ENST00000392627.7	ENSG00000170412	+	4	2	54	581	589.0	589.0	698.6214998123089	4509.666666666667	2990	2679.0413086276467
ENST00000262613.10	ENSG00000109062	+	6	4	660	886	111.75	122.0	57.12194557844355	3746.6	1193	5153.223583350523
ENST00000335464.10	ENSG00000109066	+	10	8	79	3827	99.625	98.5	14.332156651589958	6505.777777777777	3185	8320.601131795975
ENST00000425042.7	ENSG00000167861	-	19	17	169	892	131.58823529411765	117	48.511672337089934	1040.0	529.0	1819.0796315396292
ENST00000337231.5	ENSG00000109089	+	5	3	491	2618	142.33333333333334	149	26.63331247391757	3658.25	1339.0	5170.678767499164
ENST00000322444.7	ENSG00000180901	+	6	4	365	2869	105.75	102.5	15.326991442115007	3001.0	2514	2187.09373370233
ENST00000329783.9	ENSG00000170190	+	7	5	91	283	313.2	211	280.89624418991434	2711.5	2489.0	1362.1995081484945
ENST00000245552.7	ENSG00000125458	-	5	3	209	415	92.33333333333333	101	28.023799409311604	153.5	143.5	78.12169993030106
ENST00000409753.8	ENSG00000189159	-	5	3	171	1003	86.66666666666667	98	62.77207447052657	4457.75	3272.5	4570.165961610876
ENST00000420826.7	ENSG00000188612	-	4	2	146	2816	102.0	102.0	42.42640687119285	4736.0	6233	2694.84006946609
ENST00000245539.11	ENSG00000125445	+	5	3	105	675	141.33333333333334	168	68.03920438492305	823.5	492.5	930.9860364151548
ENST00000325102.13	ENSG00000125457	-	6	4	88	740	122.75	121.0	27.31757675929547	737.0	570	733.431319211281
ENST00000416858.7	ENSG00000125454	-	8	6	80	648	150.33333333333334	163.0	34.62176579359676	2116.0	1699	1807.8183905838919
ENST00000316804.10	ENSG00000177885	-	6	4	190	2478	151.25	146.0	51.6809120146565	16866.0	6679	24841.70346413466
ENST00000314256.12	ENSG00000177728	+	32	30	117	1191	136.8	124.0	54.02515378394874	1238.9032258064517	291	3495.788517200268
ENST00000321617.8	ENSG00000177303	-	20	18	137	910	217.88888888888889	110.0	330.0887383165301	542.5263157894736	169	1212.2971476783264
ENST00000333213.11	ENSG00000182173	+	11	9	89	474	152.66666666666666	99	181.89213836777003	627.1	319.5	732.4540865398246
ENST00000392550.8	ENSG00000073350	+	26	24	129	339	128.54166666666666	125.0	66.68092691686847	1838.4	288	4170.460486165367
ENST00000317905.10	ENSG00000108469	-	20	18	111	669	160.5	107.5	143.55497000022223	1928.0	341	4555.770443441299
ENST00000584667.6	ENSG00000161526	+	11	9	141	1720	71.0	61	23.45207879911715	3822.2	1115.0	6499.556152367466
ENST00000200181.8	ENSG00000132470	+	40	38	154	403	140.5	143.5	54.452930330897914	781.1282051282051	411	1004.2256293830842
ENST00000589666.6	ENSG00000132478	+	16	14	179	1538	155.21428571428572	159.0	53.05900716898349	2473.6	606	6205.7347878509
ENST00000254806.8	ENSG00000132471	-	8	6	97	1089	112.16666666666667	116.0	23.75219288121976	1111.142857142857	639	1223.5032255197134
ENST00000254816.6	ENSG00000132481	-	6	4	708	960	150.25	147.5	76.38226233884409	429.8	276	365.540968976119
ENST00000293217.10	ENSG00000161533	-	14	12	202	5289	152.16666666666666	160.5	33.514809028881906	2334.076923076923	876	4824.12022137264
ENST00000269391.11	ENSG00000141576	-	19	17	341	2880	107.82352941176471	111	51.5536556585923	5164.777777777777	919.0	10508.224076495042
ENST00000327490.8	ENSG00000185262	+	3	1	278	1105	63.0	63	NA	2252.5	2252.5	2788.122038218557
ENST00000446526.8	ENSG00000161542	-	10	8	383	2223	103.625	93.5	47.6293351982638	4556.0	1596	5335.172302747119
ENST00000592299.6	ENSG00000176170	+	6	4	198	1050	142.0	134.5	47.78423728943817	286.2	297	231.90019404907792
ENST00000675367.1	ENSG00000129667	-	19	17	71	1157	134.2941176470588	122	46.718257547079965	1500.9444444444443	275.0	3302.998877530436
ENST00000397625.9	ENSG00000070495	-	6	4	260	410	237.75	213.0	123.02675860695238	1307.0	1408	498.73489952077745
ENST00000341249.11	ENSG00000181038	+	5	3	340	360	142.66666666666666	105	83.16449562964554	1478.5	1327.0	1604.0717980605898
ENST00000359995.10	ENSG00000161547	-	3	1	533	1044	311.0	311	NA	664.5	664.5	467.39758236430794
ENST00000436233.9	ENSG00000129657	+	17	15	139	3184	145.13333333333333	135	52.269721728011994	4414.5625	1414.0	11442.843801367735
ENST00000427177.6	ENSG00000184640	+	12	10	56	2071	160.6	107.5	175.0797913333613	19578.363636363636	1877	34351.193435666035
ENST00000696270.1	ENSG00000078687	+	23	21	566	4338	261.2857142857143	144	541.0775492345938	6351.318181818182	2439.5	10700.263144901151
ENST00000590602.6	ENSG00000141524	-	20	18	144	5815	134.88888888888889	132.0	48.14058931784364	682.7368421052631	344	859.1963197020071
ENST00000225777.8	ENSG00000108639	+	4	2	135	982	189.0	189.0	69.29646455628166	881.6666666666666	455	1071.7132701116159
ENST00000350051.8	ENSG00000089685	+	4	2	175	2171	114.0	114.0	5.656854249492381	2936.3333333333335	1874	3344.5260252139365
ENST00000330871.3	ENSG00000184557	-	2	0	328	2406	NA	NA	NA	566.0	566	NA
ENST00000446868.8	ENSG00000108669	-	14	12	72	2122	91.33333333333333	82.0	41.43413904967592	8072.0	1388	19589.64943960628
ENST00000449938.7	ENSG00000055483	-	21	19	79	2228	187.6315789473684	131	166.6300661566466	1964.55	1064.5	1815.207642899871
ENST00000262768.11	ENSG00000035862	-	5	3	429	2888	111.66666666666667	109	12.220201853215574	17189.75	8031.5	23160.825364898665
ENST00000392446.10	ENSG00000171302	-	5	3	101	2205	327.0	204	285.1438233593707	3690.5	1433.5	5378.511968937133
ENST00000579760.6	ENSG00000173918	+	4	2	326	2251	154.5	154.5	20.506096654409877	7578.0	2431	10320.70147809731
ENST00000579016.6	ENSG00000167280	+	14	12	267	2667	139.08333333333334	149.0	38.96958798702891	705.6153846153846	560	633.0341668585168
ENST00000310942.9	ENSG00000173894	+	5	3	160	4252	72.0	66	31.432467291003423	1302.0	1432.0	994.323890892701
ENST00000269385.9	ENSG00000141570	-	5	3	148	3427	59.0	66	13.0	298.5	285.0	174.6930641630247
ENST00000269397.9	ENSG00000141582	-	5	3	258	2240	59.0	66	13.0	902.5	679.0	923.7422079057916
ENST00000310924.7	ENSG00000167291	-	12	10	78	8765	211.7	165.0	139.14824229336617	8415.454545454546	1059	17396.71107056524
ENST00000302262.8	ENSG00000171298	+	20	18	310	610	157.27777777777777	138.0	107.4084045104345	765.7894736842105	466	939.5832751779653
ENST00000649764.2	ENSG00000141543	-	12	10	336	1138	105.0	112.0	31.226769143014316	930.5454545454545	640	809.3377988993673
ENST00000326317.11	ENSG00000181523	-	8	6	108	1736	143.5	154.0	43.34397305277863	1193.2857142857142	1059	1041.5713632593327
ENST00000306773.5	ENSG00000171246	-	5	3	605	4201	211.0	208	32.60368077380221	1083.75	992.5	773.672788285418
ENST00000306801.8	ENSG00000141564	+	34	32	954	2107	118.03125	113.0	33.122922941575496	12566.454545454546	5065	18251.36830673749
ENST00000325167.9	ENSG00000176108	+	8	6	141	1036	81.16666666666667	84.0	19.11456687101925	947.0	677	816.8741233099096
ENST00000428708.7	ENSG00000175866	+	14	12	158	1665	123.41666666666667	112.5	64.30956147393401	6075.384615384615	1567	8389.074537143151
ENST00000675386.2	ENSG00000266074	+	28	26	179	2721	301.0	170.5	378.28528916678744	2227.740740740741	572	5445.462250581407
ENST00000573283.7	ENSG00000184009	-	6	4	66	863	247.5	211.0	135.47570507905345	182.0	93	134.62540622037136
ENST00000327787.13	ENSG00000185504	-	9	7	188	1060	335.57142857142856	137	364.89261303514905	1108.25	955.5	797.252738202528
ENST00000331134.11	ENSG00000182446	-	17	15	197	2530	110.26666666666667	103	38.712247354527165	4740.3125	3041.5	4097.040748617633
ENST00000611590.2	ENSG00000182612	+	4	2	211	849	390.0	390.0	350.72496346852756	3238.0	2543	1445.7451365991171
ENST00000329138.9	ENSG00000185359	+	22	20	93	614	109.3	97.5	45.05096529136985	724.6666666666666	439	844.5452819910448
ENST00000350690.10	ENSG00000183048	+	11	9	236	1037	74.33333333333333	71	29.62262648719725	678.7	309.0	832.3426177562538
ENST00000455127.7	ENSG00000225663	-	5	3	54	951	92.33333333333333	102	32.593455375785695	2412.25	436.5	4192.647005969698
ENST00000331483.9	ENSG00000185624	-	11	9	209	927	144.55555555555554	134	42.45324225283362	1493.3	383.5	2445.5337090750195
ENST00000269321.12	ENSG00000141522	-	6	4	40	1355	110.5	80.5	71.48193244916276	356.0	115	550.3244497566867
ENST00000538936.7	ENSG00000185813	-	13	11	133	3987	88.0909090909091	83	33.868730550330774	446.0833333333333	263.5	426.8473132021318
ENST00000328666.11	ENSG00000187531	-	10	8	138	676	113.875	102.0	54.351862893556834	501.44444444444446	126	656.7254203834185
ENST00000357736.9	ENSG00000197063	-	3	1	208	4788	65.0	65	NA	2202.5	2202.5	2984.697723388417
ENST00000306897.9	ENSG00000169750	+	6	4	119	506	103.25	95.0	44.85067818142033	297.8	252	210.24081430588114
ENST00000310496.9	ENSG00000169733	-	8	6	312	906	107.83333333333333	96.0	44.34147794860549	292.14285714285717	223	201.35907277914296
ENST00000578552.6	ENSG00000169727	+	13	11	67	418	123.27272727272727	95	68.19690742121803	311.0	180.5	358.68319777156603
ENST00000306796.10	ENSG00000169718	-	14	12	192	749	107.66666666666667	100.5	54.53828235674683	466.61538461538464	494	308.76191973253935
ENST00000306749.4	ENSG00000169710	-	43	41	116	943	180.609756097561	174	74.40526797505015	272.26190476190476	131.5	356.56560026710986
ENST00000582743.6	ENSG00000141526	+	5	3	65	1385	383.0	249	327.2659468994597	2111.5	652.5	3184.1139531534777
ENST00000314028.11	ENSG00000141551	-	9	7	395	2165	160.14285714285714	149	36.67164468372702	3419.125	1980.0	3594.9590276822746
ENST00000313056.10	ENSG00000181396	-	9	7	175	3325	107.0	76	67.01741067314772	3141.0	2834.5	1791.7160967710736
ENST00000309794.16	ENSG00000141562	+	11	9	90	2622	122.44444444444444	133	30.50045537000682	2798.3	2382.5	1753.4340306951956
ENST00000335255.10	ENSG00000141568	+	9	7	576	3300	195.28571428571428	194	50.832123326738596	9953.5	4013.5	14207.26413795824
ENST00000392325.9	ENSG00000141580	-	10	8	171	1464	107.625	98.5	36.44540927391071	3487.4444444444443	2480	3778.5487991790947
ENST00000320095.12	ENSG00000176845	+	4	2	377	867	223.0	223.0	230.5168106668145	4608.0	4952	3420.000146198827
ENST00000261601.8	ENSG00000101557	+	16	14	158	3497	94.07142857142857	98.5	31.87587533812097	3406.733333333333	1373	3977.7346292773705
ENST00000261600.11	ENSG00000079134	-	21	19	82	402	85.47368421052632	76	26.837718939856586	2571.0	1301.5	4259.628189852898
ENST00000400256.5	ENSG00000158270	-	10	8	194	3328	275.25	130.0	339.9465294088805	19804.555555555555	9236	39284.93531912427
ENST00000314574.5	ENSG00000176105	-	12	10	129	3045	143.1	141.0	57.722420061686414	7822.727272727273	3106	15895.94559685525
ENST00000320876.11	ENSG00000101596	+	48	46	536	2490	126.23913043478261	120.0	39.156202734182315	2988.4893617021276	1807	3332.6273475934636
ENST00000254528.4	ENSG00000132205	+	8	6	317	2937	448.3333333333333	152.5	729.2603558857884	9007.714285714286	3247	13240.709594709362
ENST00000677752.1	ENSG00000101577	-	20	18	58	3439	141.94444444444446	111.5	75.62404863551107	4741.789473684211	1354	11758.564602398199
ENST00000237500.10	ENSG00000118680	+	4	2	105	697	180.5	180.5	26.16295090390226	5055.333333333333	4170	5204.782928550751
ENST00000343820.10	ENSG00000177426	+	3	1	334	2614	227.0	227	NA	3316.0	3316.0	3580.7887399286765
ENST00000651870.1	ENSG00000198081	-	4	2	75	3183	57.0	57.0	38.18376618407357	1111.0	1039	506.8500764525936
ENST00000341928.7	ENSG00000082397	-	23	21	85	1093	156.23809523809524	123	119.37709359919296	6688.772727272727	3080.5	12793.84847320818
ENST00000383472.9	ENSG00000088756	+	18	16	228	3657	123.3125	103.5	52.10338280764503	10596.64705882353	4291	22116.935335114744
ENST00000580170.6	ENSG00000173482	+	33	31	576	748	137.7741935483871	132	74.79648373081868	26060.8125	6850.0	45267.303629652975
ENST00000649141.2	ENSG00000206418	+	6	4	517	1235	98.75	97.5	32.4589484323404	5560.0	2205	6031.064624094158
ENST00000262126.9	ENSG00000101745	+	13	11	185	5045	550.3636363636364	144	1383.6822086539432	11493.416666666666	4962.0	13522.425773898929
ENST00000262120.10	ENSG00000128791	+	5	3	148	3075	175.66666666666666	160	84.59511412211306	15974.5	12709.0	16481.264201106256
ENST00000383432.8	ENSG00000017797	+	10	8	179	2444	219.5	147.0	132.41277452399694	6469.222222222223	2393	11672.92065827762
ENST00000400556.8	ENSG00000154845	-	20	18	82	1159	149.0	135.5	100.89015576066758	3360.157894736842	2036	4365.817783431719
ENST00000578921.6	ENSG00000168461	+	7	5	144	3324	90.2	82	17.15225932639779	25055.333333333332	19290.0	22638.995310451977
ENST00000400000.7	ENSG00000101558	+	6	4	320	5969	128.0	128.5	42.91852746774987	7841.0	4147	7167.665310266656
ENST00000322897.11	ENSG00000134265	+	12	10	132	2688	73.9	75.0	32.817508876953	2107.181818181818	980	2124.28904898471
ENST00000269159.8	ENSG00000141401	+	8	6	259	535	109.16666666666667	109.0	35.94115561117459	6846.0	2182	6871.207366006841
ENST00000317702.10	ENSG00000176014	+	4	2	109	1550	110.0	110.0	1.4142135623730951	5499.0	2147	7428.672290524061
ENST00000269143.8	ENSG00000141385	-	17	15	259	840	137.4	125	52.50142855199275	2820.25	2904.5	1960.257483087362
ENST00000409402.9	ENSG00000134278	-	17	15	578	3385	111.66666666666667	126	56.85780090550041	12872.375	6579.0	21313.884560304814
ENST00000262127.7	ENSG00000101624	-	12	10	238	879	177.8	176.5	73.13579454989495	2473.090909090909	1871	1646.276371363293
ENST00000309660.10	ENSG00000175354	-	9	7	165	2334	138.71428571428572	135	45.55112250982145	11077.0	7964.0	8183.473537737942
ENST00000399892.7	ENSG00000085415	+	9	7	222	670	137.0	147	50.36202272877186	4708.75	3623.5	2516.356308520034
ENST00000651643.1	ENSG00000177150	-	4	2	230	3367	306.5	306.5	275.064537881567	19667.333333333332	9631	21383.63618127968
ENST00000383314.7	ENSG00000101654	+	12	10	57	4615	156.4	127.5	113.37567836376743	2877.090909090909	2529	1821.5630351182172
ENST00000399799.3	ENSG00000067900	-	33	31	996	4482	128.0	107	54.08450178501539	4858.1875	2302.0	7853.641359832454
ENST00000269214.10	ENSG00000141446	-	12	10	82	1207	319.9	123.0	632.3238358098905	6084.818181818182	3381	6598.925318840665
ENST00000300413.10	ENSG00000167088	+	4	2	130	4459	134.5	134.5	81.31727983645297	5449.666666666667	5122	4676.118083767061
ENST00000289119.7	ENSG00000158201	-	9	7	271	863	127.85714285714286	164	59.26052247330868	6480.625	3395.5	7955.094341498589
ENST00000261537.7	ENSG00000101752	+	21	19	1021	6428	139.52631578947367	134	42.33512912339747	6003.1	3921.5	6070.510139839545
ENST00000269216.10	ENSG00000141448	+	7	5	94	1873	331.4	126	470.844772722391	4886.0	2878.0	6495.923152254805
ENST00000327155.10	ENSG00000101773	+	19	17	237	344	158.47058823529412	113	193.1279102198394	4993.555555555556	3861.5	4453.376382320989
ENST00000383233.8	ENSG00000134490	-	15	13	181	2055	58.30769230769231	52	20.98167698804767	9925.357142857143	7210.5	10954.06668149493
ENST00000339486.8	ENSG00000101782	+	13	11	216	1969	126.27272727272727	116	33.75230631850484	2190.0	1412.5	2759.3064016491207
ENST00000269221.8	ENSG00000141452	+	20	18	210	198	99.55555555555556	97.0	40.96084532420202	1374.3157894736842	1012	1612.2365780572438
ENST00000269228.10	ENSG00000141458	-	25	23	220	843	160.7391304347826	141	66.91325279202533	2096.0416666666665	1021.0	2754.420375847532
ENST00000317571.8	ENSG00000168234	+	14	12	285	3116	124.58333333333333	109.0	80.18553296555244	8919.307692307691	3016	14641.546192169593
ENST00000319481.8	ENSG00000141447	-	28	26	170	1230	105.84615384615384	103.0	33.419386359048914	8578.555555555555	2801	10752.279426791087
ENST00000284202.9	ENSG00000154059	+	11	9	123	2753	95.33333333333333	91	29.46608219631514	2312.8	1937.5	1969.6482934777976
ENST00000361524.8	ENSG00000198795	-	8	6	162	818	651.1666666666666	124.0	1324.4385099606047	40765.142857142855	28719	41391.04407730643
ENST00000415083.7	ENSG00000141380	-	11	9	113	2128	129.0	123	46.593991028886975	7095.9	3833.0	6765.80870505022
ENST00000269142.10	ENSG00000141384	+	15	13	832	1841	159.84615384615384	126	140.8781069777736	11463.57142857143	6365.5	12025.207739861013
ENST00000269141.8	ENSG00000170558	-	16	14	168	1394	175.28571428571428	160.5	44.516943311038794	14809.933333333332	2679	33897.517059232414
ENST00000261590.13	ENSG00000046604	+	15	13	120	3288	176.07692307692307	162	74.28824664604483	3223.9285714285716	1863.0	5074.308038681586
ENST00000306851.10	ENSG00000118276	-	9	7	270	3516	126.57142857142857	117	28.08829615609286	7208.0	7045.5	5904.6716613687695
ENST00000217740.4	ENSG00000101695	+	6	4	203	4922	112.0	101.5	28.925190866555518	9764.4	4909	8630.22909892895
ENST00000261593.8	ENSG00000134758	+	8	6	362	2443	124.33333333333333	114.0	46.22841838811562	5162.428571428572	1847	6786.5110294157
ENST00000269209.7	ENSG00000141441	-	6	4	575	5247	403.0	154.0	513.5575268003901	39985.4	21989	37274.34235905444
ENST00000444659.6	ENSG00000134769	+	23	21	148	4079	111.66666666666667	97	40.796241656963126	7953.409090909091	4681.0	10264.268032999078
ENST00000300249.10	ENSG00000166974	+	7	5	249	3176	157.4	146	33.552943239006616	16307.666666666666	16446.0	11641.90257074275
ENST00000330501.12	ENSG00000186812	+	4	2	76	4547	318.0	318.0	248.90158697766472	1172.0	1281	855.7225017492528
ENST00000333206.10	ENSG00000186814	-	4	2	146	3320	328.0	328.0	258.8010819142764	11682.0	9131	12861.658952094787
ENST00000261332.11	ENSG00000172466	-	4	2	61	5544	325.5	325.5	251.02290732122438	1979.3333333333333	2058	1687.375871977946
ENST00000334598.12	ENSG00000153391	-	5	3	242	410	97.0	111	25.11971337416094	7171.25	5290.0	7779.576268452329
ENST00000269195.6	ENSG00000141429	+	12	10	123	2211	163.6	169.0	42.484506979996056	11465.90909090909	5633	20750.632156416563
ENST00000399022.9	ENSG00000141425	-	7	5	306	3477	127.6	127	30.204304329019067	12219.166666666666	3053.5	16545.29329346164
ENST00000269187.10	ENSG00000141424	-	10	8	227	1215	265.5	186.0	232.89053222490605	1916.0	1515	1327.8370570216814
ENST00000261326.6	ENSG00000075643	+	15	13	185	3625	182.46153846153845	117	172.00611199635483	5605.642857142857	3153.0	7031.228863020732
ENST00000590592.6	ENSG00000134775	+	29	27	288	773	171.14814814814815	135	160.85533483984528	17029.5	8832.5	26553.11940313298
ENST00000334295.9	ENSG00000134779	-	7	5	320	2943	114.4	114	32.65424934062947	5176.666666666667	3703.0	4223.065789999804
ENST00000262039.9	ENSG00000078142	+	25	23	126	6708	112.21739130434783	105	37.28021230155499	5132.583333333333	4059.0	4039.8060211358907
ENST00000649279.2	ENSG00000152217	+	6	4	134	5432	1085.75	414.5	1604.2972241244242	75542.8	80597	59657.74453664838
ENST00000409746.5	ENSG00000152229	-	15	13	105	1915	75.38461538461539	80	25.643512699896316	6123.214285714285	3648.0	8493.640907975
ENST00000398752.11	ENSG00000152234	-	12	10	125	4116	152.0	151.5	38.99572626156188	1117.090909090909	616	1146.1095457717342
ENST00000585916.6	ENSG00000078043	-	14	12	186	9395	138.5	120.0	114.0123597765531	7926.692307692308	6489	8674.836111656667
ENST00000300605.11	ENSG00000167220	-	7	5	123	1376	137.2	111	71.22639960014826	6817.666666666667	4179.0	5982.262838313498
ENST00000256413.8	ENSG00000134030	+	12	10	282	3874	160.9	91.0	138.31803128217874	28947.454545454544	27066	26063.600117265596
ENST00000262158.8	ENSG00000101665	-	4	2	1154	2058	64.5	64.5	14.849242404917497	9257.333333333334	5828	10046.982100776995
ENST00000675505.1	ENSG00000141627	-	18	16	248	7818	129.875	126.0	41.92831183500396	24359.70588235294	21228	18542.061771027198
ENST00000261292.9	ENSG00000101670	+	10	8	349	8685	173.0	181.0	54.242840212194956	2967.8888888888887	2911	1866.0043170129888
ENST00000285093.15	ENSG00000167315	-	10	8	65	1768	136.625	139.0	33.23912281806314	3160.4444444444443	1939	3149.568427225828
ENST00000285039.12	ENSG00000167306	-	40	38	381	3835	141.23684210526315	141.0	56.62318988719571	9301.948717948719	3753	22388.133079530653
ENST00000269468.10	ENSG00000141644	-	17	15	161	973	125.0	129	62.07944219189749	604.3125	338.0	738.2930510079766
ENST00000285106.11	ENSG00000154832	-	15	13	106	393	140.07692307692307	119	67.95520772104413	216.14285714285714	157.5	174.690432630832
ENST00000321341.11	ENSG00000082212	+	16	14	191	7241	114.21428571428571	112.0	26.148035876902497	4407.266666666666	2910	4735.983175444697
ENST00000269466.8	ENSG00000141642	+	4	2	75	1503	316.5	316.5	214.2533546995239	5957.0	6282	3750.077199205371
ENST00000342988.8	ENSG00000141646	+	12	10	411	6787	157.4	154.0	96.00370363226156	4187.090909090909	1479	4900.981155943072
ENST00000256429.8	ENSG00000134046	-	7	5	652	3706	141.2	139	32.568389582538465	11333.333333333334	10302.5	8935.860040682523
ENST00000579534.6	ENSG00000101751	+	10	8	145	4586	161.125	159.0	46.43101641913825	2522.0	2440	1112.9166635467366
ENST00000262094.10	ENSG00000041353	+	6	4	224	6293	121.5	114.0	37.072002014098636	12007.4	3558	20659.924099570162
ENST00000354452.8	ENSG00000196628	-	20	18	155	5846	113.33333333333333	101.5	50.063489103102576	18840.36842105263	2960	32946.62283858296
ENST00000217515.11	ENSG00000091164	-	8	6	250	5848	123.66666666666667	114.0	42.20742430742092	4934.857142857143	3326	3914.8997189613697
ENST00000262093.11	ENSG00000066926	-	11	9	149	6470	118.88888888888889	120	30.583673930891806	3463.7	3548.0	2183.516076321756
ENST00000256854.10	ENSG00000134440	-	14	12	129	1128	125.41666666666667	123.0	48.610620488144605	1416.8461538461538	1056	1313.7142539478061
ENST00000400345.8	ENSG00000049759	+	31	29	483	5373	95.75862068965517	75	47.477554977072955	11622.7	2617.5	27185.858261045487
ENST00000649217.2	ENSG00000172175	+	17	15	388	7073	121.86666666666666	128	57.20123208796252	4607.75	2726.0	4367.610918263363
ENST00000591808.6	ENSG00000074657	+	10	8	509	2509	442.25	170.0	777.9467021773223	12783.111111111111	5288	16835.06379884291
ENST00000587834.6	ENSG00000166562	+	6	4	152	201	109.5	115.0	38.31013790978397	3631.6	2913	3374.2282525045634
ENST00000251047.6	ENSG00000074695	-	13	11	235	3307	116.54545454545455	122	42.361217254379355	2218.25	1501.0	2211.7774475007036
ENST00000316660.7	ENSG00000141682	+	2	0	240	1659	NA	NA	NA	2411.0	2411	NA
ENST00000312828.4	ENSG00000176641	-	2	0	213	8532	NA	NA	NA	76196.0	76196	NA
ENST00000640252.2	ENSG00000197563	-	31	29	213	4816	100.24137931034483	99	43.14647409234021	4598.566666666667	2265.0	6993.017225003482
ENST00000644646.2	ENSG00000134444	+	29	27	777	4836	111.25925925925925	96	51.58159525122278	4084.9285714285716	2532.0	4854.9175827659255
ENST00000269499.10	ENSG00000141664	+	14	12	1339	2068	210.83333333333334	95.0	404.84404030403726	3816.769230769231	2389	3849.427601471985
ENST00000262719.10	ENSG00000081913	+	17	15	1719	2172	160.53333333333333	163	50.059773794744146	16162.125	7752.0	27327.38137442615
ENST00000333681.5	ENSG00000171791	-	3	1	596	5414	871.0	871	NA	94771.5	94771.5	133714.59942915733
ENST00000645214.2	ENSG00000119537	-	10	8	196	4176	96.375	87.0	41.396816647798275	3815.3333333333335	4124	1733.1339388518131
ENST00000238497.10	ENSG00000119541	-	11	9	244	1887	134.0	141	45.37069538810266	2995.0	2561.0	2921.592031752551
ENST00000397985.7	ENSG00000166401	+	7	5	90	2501	146.0	143	21.965882636488796	2662.1666666666665	1684.0	2684.314468661723
ENST00000310045.9	ENSG00000171451	-	2	0	360	8906	NA	NA	NA	868.0	868	NA
ENST00000299608.7	ENSG00000166479	-	16	14	173	3506	75.57142857142857	68.0	28.130777794804384	2445.6	1814	2123.6832828165047
ENST00000640769.2	ENSG00000176225	-	49	47	60	1206	139.6595744680851	127	48.91442242891269	4058.8958333333335	2575.0	4266.125424533907
ENST00000397942.4	ENSG00000170677	+	2	0	46	5657	NA	NA	NA	35452.0	35452	NA
ENST00000169551.11	ENSG00000075336	+	6	4	587	2156	85.25	86.0	20.12254125767088	1785.0	99	2613.8331048481273
ENST00000340533.9	ENSG00000166347	-	5	3	217	2820	64.66666666666667	35	55.77036249956901	9471.75	3771.5	12606.537070768747
ENST00000322342.4	ENSG00000180011	-	2	0	290	7228	NA	NA	NA	6509.0	6509	NA
ENST00000580243.3	ENSG00000179981	+	2	0	1120	4497	NA	NA	NA	73531.0	73531	NA
ENST00000443185.7	ENSG00000101493	-	7	5	99	4876	740.6	114	902.066128396361	21480.5	13893.0	22268.62227215685
ENST00000613122.5	ENSG00000060069	+	13	11	459	852	221.1818181818182	151	273.5477355716249	5913.083333333333	3981.5	5726.842751596655
ENST00000451882.3	ENSG00000226742	+	4	2	144	383	81.0	81.0	19.79898987322333	1830.3333333333333	1825	423.0252159544787
ENST00000269601.10	ENSG00000141759	-	3	1	324	3044	104.0	104	NA	7139.5	7139.5	4806.204791724964
ENST00000262198.9	ENSG00000101544	+	4	2	211	4735	105.5	105.5	21.920310216782973	8642.666666666666	8057	6536.20886549178
ENST00000353265.8	ENSG00000178184	-	3	1	238	3375	223.0	223	NA	43223.5	43223.5	1584.626296639053
ENST00000434325.7	ENSG00000141934	-	6	4	119	495	166.25	164.5	90.41524576456487	1816.4	596	1972.8558741073814
ENST00000292363.10	ENSG00000070423	-	9	7	168	752	101.57142857142857	70	66.51530436137021	1757.25	507.0	3414.3582434017835
ENST00000338448.10	ENSG00000099864	+	9	7	217	2045	89.85714285714286	81	48.67384161069329	4563.0	3163.5	5321.326741115818
ENST00000356948.11	ENSG00000011304	+	15	13	54	1619	117.92307692307692	111	58.415839088472026	832.5	351.5	1143.0971928526867
ENST00000361574.10	ENSG00000198858	-	8	6	133	1038	105.33333333333333	105.0	35.73047252229764	2130.5714285714284	469	3934.5652388856915
ENST00000263620.8	ENSG00000116017	+	9	7	25	4062	265.85714285714283	248	188.32102783228837	5494.625	2861.5	8911.042570677608
ENST00000356663.8	ENSG00000182087	-	11	9	352	1243	121.33333333333333	101	64.01952827067691	878.4	185.5	1923.2106373342353
ENST00000263097.9	ENSG00000064666	+	7	5	117	1441	118.2	122	31.05962008782464	1718.1666666666667	1130.5	1764.3486522415762
ENST00000263094.11	ENSG00000064687	+	47	45	90	303	142.7111111111111	138	52.42727526697522	405.45652173913044	228.5	499.1697420727404
ENST00000313093.7	ENSG00000180448	+	23	21	329	969	141.61904761904762	138	65.53356101302309	690.4545454545455	168.5	1093.3444421883112
ENST00000354171.13	ENSG00000167468	+	7	5	134	240	95.4	95	54.48210715455121	322.5	140.0	383.3727950702814
ENST00000361757.8	ENSG00000064932	-	32	30	97	1067	124.73333333333333	115.5	39.58050141109916	1991.1290322580646	381	4835.82760750033
ENST00000326873.12	ENSG00000118046	+	10	8	1426	839	128.5	130.5	51.69691894660095	2151.222222222222	929	3515.7389969172123
ENST00000650044.2	ENSG00000099625	-	10	8	250	1856	146.875	143.0	42.693048949113816	715.3333333333334	355	725.6745138145614
ENST00000682408.1	ENSG00000167470	+	9	7	78	2149	237.85714285714286	160	199.7476980021118	833.625	727.5	683.2725742441926
ENST00000587896.6	ENSG00000099622	+	6	4	79	2830	109.25	108.0	23.32916629457641	426.6	103	619.8139236900055
ENST00000233078.9	ENSG00000071626	+	12	10	217	948	101.9	97.0	55.30410874830589	2355.909090909091	2046	2659.9229483030313
ENST00000233596.8	ENSG00000115255	+	5	3	204	754	134.0	139	37.749172176353746	1346.75	698.5	1732.8809105071243
ENST00000434436.8	ENSG00000071655	-	7	5	344	4563	154.2	160	42.827561219383014	2265.3333333333335	1589.5	2625.2080044572976
ENST00000262965.12	ENSG00000071564	-	19	17	316	2558	109.47058823529412	103	48.541371075427534	2143.8333333333335	1324.5	3283.1148454227573
ENST00000170168.9	ENSG00000079313	-	16	14	282	907	244.28571428571428	122.5	435.69810094242456	1908.4666666666667	405	4926.763061754306
ENST00000250916.6	ENSG00000129911	-	2	0	539	2362	NA	NA	NA	8280.0	8280	NA
ENST00000292577.12	ENSG00000129968	-	5	3	145	616	315.0	195	220.96379793984352	1745.25	1676.0	1488.0404060374167
ENST00000316097.13	ENSG00000227500	+	7	5	41	1906	110.8	118	40.43142342287741	3019.0	1793.5	3503.2078442478974
ENST00000255641.13	ENSG00000133275	+	12	10	247	1190	145.8	96.5	120.67476952536516	3388.3636363636365	96	8558.161184188193
ENST00000250896.9	ENSG00000099875	-	14	12	149	2386	104.16666666666667	97.0	44.30438790773198	768.3846153846154	277	1210.4570444300189
ENST00000357066.8	ENSG00000172081	-	5	3	101	2389	299.0	203	210.14518790588568	5476.0	4940.5	4231.477362182937
ENST00000643116.3	ENSG00000065000	-	32	30	328	1281	115.2	102.0	52.78544731529574	1468.1935483870968	593	2468.9634723820823
ENST00000398665.8	ENSG00000104885	+	28	26	333	2794	174.03846153846155	109.0	202.05988830428086	2259.037037037037	1423	3181.51438881986
ENST00000326631.7	ENSG00000104886	-	6	4	175	753	72.5	67.5	12.449899597988733	391.8	94	632.0294296945357
ENST00000613503.5	ENSG00000005206	+	15	13	92	2150	111.46153846153847	100	36.45914467961681	1622.9285714285713	698.5	1990.9906874675276
ENST00000215570.8	ENSG00000099800	-	3	1	173	1422	69.0	69	NA	149.0	149.0	84.8528137423857
ENST00000325327.4	ENSG00000176619	-	12	10	290	2787	155.7	131.5	55.38962999615642	2196.3636363636365	513	3740.687163416029
ENST00000215631.9	ENSG00000099860	+	4	2	276	770	162.5	162.5	85.55992052357225	253.33333333333334	236	136.8259234696895
ENST00000382159.8	ENSG00000176533	-	5	3	49	3929	71.66666666666667	57	41.01625693957621	46820.75	45394.0	36103.5938042646
ENST00000269740.9	ENSG00000141873	-	3	1	73	962	332.0	332	NA	3063.5	3063.5	704.9854608429879
ENST00000221566.7	ENSG00000104969	-	12	10	41	1219	97.1	102.5	29.849436994504416	2393.4545454545455	1403	3937.6768116145936
ENST00000307741.11	ENSG00000172009	+	13	11	176	2693	172.0	149	73.9648565198365	2128.6666666666665	1560.0	1796.7192998418652
ENST00000317243.10	ENSG00000172006	+	5	3	257	3055	130.66666666666666	127	59.58467364459869	3291.0	3709.5	1597.0383005217293
ENST00000078429.9	ENSG00000088256	+	7	5	426	3011	150.6	154	22.941229260874405	4241.333333333333	2312.5	5597.115566670628
ENST00000246117.9	ENSG00000125912	+	15	13	285	1947	111.38461538461539	95	47.87403343069264	1426.142857142857	697.5	1726.9825555727966
ENST00000443272.3	ENSG00000141905	+	11	9	84	6466	164.33333333333334	125	142.7401485217106	9460.6	4729.0	12850.750459711595
ENST00000441788.7	ENSG00000105325	+	14	12	164	3540	122.83333333333333	104.0	52.46095228978898	2065.076923076923	593	4434.8487095867295
ENST00000355415.7	ENSG00000161091	-	10	8	481	534	140.25	138.0	45.354949328286416	1250.111111111111	300	1948.4925227239419
ENST00000333651.11	ENSG00000064961	+	10	8	51	575	119.875	115.0	63.46751137393052	506.1111111111111	395	263.8837075514726
ENST00000316757.4	ENSG00000011132	-	11	9	157	326	188.11111111111111	146	166.92696340349306	874.5	101.5	1587.656291519043
ENST00000545797.7	ENSG00000167657	-	9	7	179	1185	131.71428571428572	130	114.57997830586035	1295.125	662.5	1560.8541102779045
ENST00000309311.7	ENSG00000167658	-	15	13	86	692	183.07692307692307	182	69.413569204757	446.42857142857144	376.5	339.6782899440891
ENST00000262971.3	ENSG00000105229	+	11	9	52	1771	138.44444444444446	106	113.76083586972177	2858.2	2057.5	3434.443147488881
ENST00000322357.9	ENSG00000178951	-	3	1	218	4942	1277.0	1277	NA	8580.0	8580.0	4036.165507012813
ENST00000262948.10	ENSG00000126934	-	11	9	339	388	111.11111111111111	78	66.53278222884649	3207.5	1843.0	2808.5773484492506
ENST00000337491.7	ENSG00000077463	-	8	6	90	838	112.0	110.0	43.27123756030095	979.2857142857143	1141	755.3287836621688
ENST00000262962.12	ENSG00000105248	+	8	6	91	505	139.16666666666666	140.0	27.614609659864225	2939.714285714286	3183	1558.7637959064136
ENST00000221856.11	ENSG00000105255	+	13	11	164	304	124.0909090909091	102	63.56013616325023	1450.5	1124.5	1631.7484487506033
ENST00000599840.6	ENSG00000008382	+	13	11	39	163	128.36363636363637	93	72.95241288301948	1241.9166666666667	594.0	1900.4487249227761
ENST00000269886.7	ENSG00000141985	-	10	8	224	1427	108.125	114.5	38.21905844695063	4184.666666666667	532	10934.666432955328
ENST00000301281.11	ENSG00000167671	-	11	9	180	618	124.11111111111111	129	49.36710555735581	1087.4	527.0	1427.5012512156416
ENST00000616600.5	ENSG00000167674	+	16	14	126	297	131.71428571428572	110.5	69.49314141191707	1842.9333333333334	593	3254.0662357528413
ENST00000586582.6	ENSG00000167680	-	17	15	155	1937	118.0	120	46.85235167142474	826.875	664.0	622.3931099661478
ENST00000327473.9	ENSG00000185361	+	2	0	114	3702	NA	NA	NA	12237.0	12237	NA
ENST00000262960.14	ENSG00000142002	-	22	20	169	1430	133.7	139.5	46.338684532586015	2111.5714285714284	1553	1903.2136656568166
ENST00000269856.5	ENSG00000141965	+	1	0	9540	9540	NA	NA	NA	NA	NA	NA
ENST00000221957.9	ENSG00000105355	-	8	6	59	1196	162.83333333333334	162.5	79.95352816897243	3870.714285714286	4125	2585.213383474416
ENST00000650932.1	ENSG00000276043	+	17	15	155	1498	149.66666666666666	139	45.309517553736775	3047.25	1637.0	4555.662213114576
ENST00000159111.9	ENSG00000127663	+	23	21	118	2264	153.42857142857142	138	88.383013881951	8131.0	5175.5	11532.951284616325
ENST00000262963.11	ENSG00000105426	-	38	36	149	1335	163.11111111111111	139.0	129.4444785067058	3458.0810810810813	1124	9054.961523258267
ENST00000252542.9	ENSG00000130254	-	21	19	247	401	132.57894736842104	113	109.8525859653511	1630.55	1068.0	1579.8179600327708
ENST00000588852.2	ENSG00000160633	+	21	19	312	317	128.1578947368421	95	111.31350280371537	2116.6	973.5	3322.597658459417
ENST00000309061.12	ENSG00000141994	-	13	11	120	136	162.0	117	134.57042765778817	332.1666666666667	221.0	252.53004621712688
ENST00000340578.10	ENSG00000031823	-	17	15	80	1515	109.2	104	45.06693434690862	3673.0625	1396.0	5258.288523448798
ENST00000303657.10	ENSG00000087903	-	18	16	108	1787	129.0	117.5	55.01636120282765	6669.294117647059	2069	14908.72061816802
ENST00000252674.9	ENSG00000130382	-	12	10	203	2790	153.9	104.5	148.1361610891217	5914.818181818182	3467	9015.48362339128
ENST00000245816.11	ENSG00000125656	+	6	4	242	1705	115.75	101.5	50.26844603393531	1260.4	1618	909.6264617962694
ENST00000600480.2	ENSG00000088247	-	19	17	359	2200	101.0	99	46.53627617246571	413.0	301.5	475.4597774786002
ENST00000301454.9	ENSG00000125648	-	10	8	320	2096	133.25	139.0	28.664313303179917	1805.2222222222222	1148	2414.419691032287
ENST00000245907.11	ENSG00000125730	-	41	39	135	320	122.46153846153847	106	47.16200865875779	942.9	470.0	1209.9460424502515
ENST00000264080.12	ENSG00000125734	-	18	16	124	471	89.9375	83.5	32.44578811905586	331.3529411764706	190	331.1402537401015
ENST00000313244.14	ENSG00000125733	+	15	13	106	468	125.61538461538461	129	37.90896653286322	688.8571428571429	246.0	921.8574774829398
ENST00000245908.11	ENSG00000125731	-	10	8	49	594	204.75	156.0	140.54155460727114	1443.888888888889	702	1627.0823154072787
ENST00000602142.6	ENSG00000141968	+	27	25	304	308	91.2	96	31.599050618649922	3144.6923076923076	876.0	9213.04456417847
ENST00000302850.10	ENSG00000171105	-	22	20	623	5146	184.7	154.5	111.00976723267476	8223.190476190477	2200	18010.34129498674
ENST00000668164.2	ENSG00000104880	+	29	27	305	2353	149.0	126	92.50571707904162	4173.607142857143	1693.0	10777.133454987637
ENST00000264079.11	ENSG00000090674	+	14	12	158	251	139.58333333333334	127.0	41.563660555681075	715.5384615384615	339	910.1537979360609
ENST00000600737.6	ENSG00000032444	+	32	30	304	277	126.36666666666666	117.0	49.214157854557804	699.2258064516129	239	1357.3987552098172
ENST00000160298.9	ENSG00000076826	+	17	15	288	553	219.73333333333332	119	354.06223558389655	1144.0625	255.5	2232.552215701423
ENST00000221283.10	ENSG00000076944	+	19	17	77	149	97.58823529411765	86	31.464382290793132	493.27777777777777	236.0	461.1854042835517
ENST00000221573.11	ENSG00000104976	+	5	3	212	806	167.33333333333334	120	128.7024993282311	348.25	211.5	356.27271857384756
ENST00000318978.6	ENSG00000178531	-	2	0	169	1068	NA	NA	NA	408.0	408	NA
ENST00000407627.7	ENSG00000066044	-	6	4	147	5235	168.0	171.0	51.8202019808234	8203.0	7204	3898.8906755640123
ENST00000251363.10	ENSG00000090661	+	12	10	125	492	116.3	118.5	40.968958438744274	4661.090909090909	801	11856.476394397667
ENST00000301455.7	ENSG00000167772	+	7	5	485	666	144.2	114	77.4803200819408	1390.6666666666667	1518.5	1121.03678203111
ENST00000328024.11	ENSG00000185236	+	5	3	97	1022	157.0	194	65.82552696332935	3121.25	1437.0	4257.236691799036
ENST00000325495.9	ENSG00000099783	+	16	14	137	424	136.85714285714286	69.5	198.86866835363296	2777.5333333333333	1615	3217.313317187554
ENST00000247956.11	ENSG00000130803	+	7	5	196	3300	112.0	117	22.20360331117452	3160.1666666666665	667.5	5968.271354979318
ENST00000247977.9	ENSG00000127452	-	3	1	352	1448	73.0	73	NA	3468.5	3468.5	4749.6362492300395
ENST00000586895.6	ENSG00000198258	+	5	3	67	151	63.0	67	23.259406699226016	447.75	270.0	435.2274309676111
ENST00000247970.9	ENSG00000127445	+	4	2	85	600	162.0	162.0	72.12489168102785	4454.333333333333	3033	4392.01517908731
ENST00000359526.9	ENSG00000130816	-	41	39	134	356	122.66666666666667	116	62.03451218277118	1408.35	746.0	2133.710534161029
ENST00000646641.1	ENSG00000267534	-	2	0	128	3515	NA	NA	NA	6256.0	6256	NA
ENST00000525621.6	ENSG00000105397	-	25	23	193	436	157.1304347826087	151	60.36728821278962	1074.875	448.5	1973.797956985466
ENST00000222005.7	ENSG00000105401	-	8	6	165	574	146.5	119.5	72.8580812264501	1541.7142857142858	384	2562.419801300177
ENST00000171111.10	ENSG00000079999	-	6	4	116	694	438.75	446.0	285.74507869777915	2933.4	2373	2574.1282602077154
ENST00000309469.9	ENSG00000130734	+	10	8	422	534	125.875	102.0	70.9737124373726	839.1111111111111	457	1002.5822216213048
ENST00000393599.3	ENSG00000129355	-	2	0	467	958	NA	NA	NA	1095.0	1095	NA
ENST00000335757.10	ENSG00000129353	+	22	20	118	1279	98.85	87.0	43.5977727581775	744.3333333333334	133	1128.7979594831545
ENST00000389253.9	ENSG00000079805	+	21	19	325	926	125.36842105263158	114	61.32446541535876	5509.6	3500.0	8911.846027678701
ENST00000214869.7	ENSG00000099203	-	4	2	204	1147	141.0	141.0	60.81118318204309	837.6666666666666	655	806.6637052287238
ENST00000327064.9	ENSG00000142453	+	16	14	370	1461	104.57142857142857	98.0	28.44891314867159	3215.2	469	8326.87128003584
ENST00000586748.6	ENSG00000130733	-	10	8	129	982	125.0	126.5	43.9447705323723	481.77777777777777	97	690.9775281761662
ENST00000344626.10	ENSG00000127616	+	35	33	145	490	149.75757575757575	133	75.20099330420705	2813.735294117647	1301.5	4707.107445508873
ENST00000558518.6	ENSG00000130164	+	18	16	153	2540	155.0	133.0	68.67508039068223	2305.0	1638	2459.953912169901
ENST00000586659.6	ENSG00000197256	-	13	11	61	2342	252.72727272727272	168	322.6369758440873	2341.0833333333335	1279.0	3831.0112232182564
ENST00000294618.12	ENSG00000130158	-	48	46	128	245	131.67391304347825	133.5	45.020022384034164	1208.5106382978724	576	1708.7148981457485
ENST00000354882.10	ENSG00000105518	-	3	1	749	343	164.0	164	NA	1117.5	1117.5	1433.305445465132
ENST00000688289.1	ENSG00000105520	+	10	8	141	1352	150.5	155.5	68.85388255470524	841.1111111111111	1023	574.1590468773536
ENST00000252445.8	ENSG00000130165	-	4	2	40	765	102.5	102.5	44.54772721475249	1725.0	200	2684.7951504723783
ENST00000648477.1	ENSG00000102575	-	5	3	53	593	245.0	261	109.87720418721983	401.25	244.0	397.1635893012685
ENST00000418543.8	ENSG00000123154	+	11	9	186	310	106.0	115	29.012928152808016	757.6	185.0	875.9719934640224
ENST00000393261.8	ENSG00000132004	-	10	8	459	375	111.625	113.5	27.892331255331506	665.4444444444445	103	1034.300864244915
ENST00000425528.6	ENSG00000105576	-	26	24	164	2043	118.5	110.0	37.752051484712034	787.24	202	1141.929846064693
ENST00000397668.8	ENSG00000095066	-	23	21	148	429	93.57142857142857	86	44.23298704425401	454.90909090909093	106.5	524.4401921587581
ENST00000302754.6	ENSG00000171223	+	1	0	1830	1830	NA	NA	NA	NA	NA	NA
ENST00000301522.3	ENSG00000167815	-	6	4	61	344	130.0	127.0	17.795130420052185	810.6	469	1072.8244497586732
ENST00000222219.8	ENSG00000105612	-	6	4	160	1155	155.75	173.0	52.911088944883126	860.6	137	1033.6103230908639
ENST00000222214.10	ENSG00000105607	+	12	10	43	532	127.7	128.0	52.064169807822516	635.2727272727273	289	763.6406341871929
ENST00000316448.10	ENSG00000179218	+	9	7	162	777	137.42857142857142	114	50.530047637873	497.5	143.5	879.4969341293107
ENST00000586534.6	ENSG00000179262	+	9	7	159	707	129.42857142857142	134	46.632810848361345	751.125	152.5	1179.5083040342338
ENST00000292431.5	ENSG00000160877	+	6	4	191	3001	333.0	140.0	415.40181350912115	3672.0	571	7315.525545030924
ENST00000587230.6	ENSG00000104915	-	8	6	237	429	106.33333333333333	101.0	35.18901343696164	716.2857142857143	241	1293.5333669560177
ENST00000292433.4	ENSG00000160888	+	2	0	142	1968	NA	NA	NA	2391.0	2391	NA
ENST00000221554.13	ENSG00000104957	+	10	8	60	700	114.125	111.0	58.28608630833655	1524.6666666666667	1138	1304.7177855766358
ENST00000040663.8	ENSG00000037757	+	6	4	199	2162	204.25	201.0	32.55124165578532	1316.6	844	1362.1673171824377
ENST00000590508.6	ENSG00000132003	+	14	12	359	2064	192.33333333333334	159.5	85.80351055896503	2467.769230769231	2350	1497.8145275615266
ENST00000318003.11	ENSG00000132024	+	29	27	301	505	102.77777777777777	100	42.77610164326422	753.5	103.0	1167.2097307491724
ENST00000254325.9	ENSG00000132005	-	21	19	218	1335	148.52631578947367	117	88.64308484720097	2020.8	994.0	3318.2746245919016
ENST00000308677.9	ENSG00000072062	-	10	8	261	1550	110.5	111.0	32.05352666132966	2597.777777777778	1907	3187.0376048055105
ENST00000263382.8	ENSG00000105011	-	4	2	242	1154	146.5	146.5	43.1335136523794	5129.666666666667	4413	4663.484998725024
ENST00000361434.8	ENSG00000072071	-	23	21	185	3873	179.14285714285714	165	158.36864769085	2300.318181818182	438.5	4981.816205307378
ENST00000242786.6	ENSG00000123146	+	20	18	102	632	136.44444444444446	139.5	60.033541822808104	1267.8947368421052	434	1907.2145743855194
ENST00000242776.9	ENSG00000123136	-	11	9	72	155	141.22222222222223	132	37.00262753433119	904.6	333.5	1827.8822719201585
ENST00000242783.11	ENSG00000123143	+	22	20	237	279	130.2	123.0	58.92868124847365	1687.3333333333333	432	2270.353680229874
ENST00000393033.9	ENSG00000123159	-	9	7	91	806	146.28571428571428	113	90.42255302322587	2055.625	946.5	2845.9824784873754
ENST00000254322.3	ENSG00000132002	-	3	1	259	1402	581.0	581	NA	693.5	693.5	563.5641046056784
ENST00000215565.3	ENSG00000099795	-	3	1	178	188	169.0	169	NA	2727.0	2727.0	3150.8678169672557
ENST00000292530.11	ENSG00000160961	+	12	10	103	3672	94.1	92.5	24.713693909787477	2466.909090909091	1515	2649.4429019907357
ENST00000342784.7	ENSG00000105137	+	8	6	121	1415	286.0	220.5	190.55917716027218	617.4285714285714	553	493.2199837607479
ENST00000263388.7	ENSG00000074181	-	33	31	208	2677	186.93548387096774	156	97.918311356583	1039.9375	439.5	1291.9917840920236
ENST00000679869.1	ENSG00000141867	-	20	18	250	2927	225.22222222222223	203.0	129.212344864411	4725.789473684211	743	13402.533809275466
ENST00000269701.7	ENSG00000105127	-	14	12	75	1986	133.66666666666666	95.0	131.45848520857575	1749.076923076923	1772	1653.1174822910834
ENST00000397410.10	ENSG00000011243	-	14	12	78	381	134.91666666666666	101.5	113.09083905775869	2835.4615384615386	435	4888.76860118143
ENST00000643579.2	ENSG00000167460	+	8	6	203	1739	88.66666666666667	73.5	29.649058444859033	3433.4285714285716	4376	2671.801318532927
ENST00000248071.6	ENSG00000127528	+	3	1	173	1830	817.0	817	NA	520.0	520.0	428.5067093990478
ENST00000455140.7	ENSG00000127527	-	24	22	58	605	116.04545454545455	110.0	55.98169536956001	4935.130434782609	3214	6454.5971517442
ENST00000546361.7	ENSG00000085872	-	17	15	84	1459	168.8	144	89.06995645478413	1279.3125	646.0	1544.060349371099
ENST00000595753.6	ENSG00000127526	-	6	4	472	4073	145.25	132.0	73.2273855876338	3490.6	1374	4409.485208048667
ENST00000263390.8	ENSG00000105085	-	3	1	333	2764	75.0	75	NA	25057.0	25057.0	34513.88198971539
ENST00000487416.7	ENSG00000214046	-	5	3	60	1114	62.0	53	25.709920264364882	3159.25	2890.0	3365.542291617603
ENST00000187762.7	ENSG00000072954	+	6	4	203	1880	137.0	137.5	42.68489194082609	5250.8	1839	7589.772769984619
ENST00000248054.10	ENSG00000127511	+	19	17	143	1853	178.94117647058823	154	121.66884902689517	2550.777777777778	1343.5	2841.7145933512325
ENST00000682292.1	ENSG00000099331	+	40	38	98	1392	160.94736842105263	122.5	185.37062179676707	3330.871794871795	1260	7721.521629355485
ENST00000215061.9	ENSG00000099330	+	6	4	91	417	150.75	171.5	66.6702082392628	376.6	376	201.71960737617948
ENST00000291442.4	ENSG00000160113	-	4	2	977	744	331.0	331.0	333.75440072005046	3884.6666666666665	4177	902.72716439317
ENST00000247706.4	ENSG00000127220	-	5	3	184	701	385.6666666666667	217	332.77219435123084	2313.25	1536.5	2548.144602778003
ENST00000359866.9	ENSG00000130311	+	5	3	95	3753	65.0	62	14.730919862656235	2423.25	2547.0	1880.2353354478441
ENST00000159087.7	ENSG00000074855	-	18	16	291	662	201.5625	130.0	216.71947112953802	438.52941176470586	135	538.5428392485433
ENST00000324894.13	ENSG00000130299	+	9	7	112	1254	171.42857142857142	166	77.49162781199257	326.625	161.0	459.0110292792538
ENST00000317040.12	ENSG00000141971	+	9	7	179	402	95.57142857142857	99	26.906363205613296	504.5	229.5	581.1923704149698
ENST00000252603.7	ENSG00000130313	+	5	3	312	345	117.0	108	21.0	2158.0	2050.0	1807.0404902307346
ENST00000252599.9	ENSG00000130309	+	12	10	325	1981	134.1	124.0	41.32110034030233	2169.2727272727275	1089	2192.4045288636444
ENST00000324096.9	ENSG00000130479	+	7	5	141	241	581.2	141	987.197903158227	1957.6666666666667	1079.5	1749.1068196844544
ENST00000596536.6	ENSG00000130475	+	29	27	101	278	104.77777777777777	92	57.21439661035655	1209.892857142857	533.0	1542.9287288041894
ENST00000445755.7	ENSG00000007080	+	5	3	34	478	158.33333333333334	170	38.83726732577014	2496.0	1888.0	2797.8373791198087
ENST00000222250.5	ENSG00000105643	+	8	6	415	1190	149.33333333333334	153.0	64.46911405213093	490.2857142857143	193	756.8720090578314
ENST00000599612.3	ENSG00000254858	+	5	3	251	950	125.66666666666667	129	47.08856903042747	538.25	568.5	360.69227419875057
ENST00000222256.9	ENSG00000105649	-	5	3	147	877	157.33333333333334	125	61.27261487266015	1440.75	1316.0	453.540424512156
ENST00000252818.5	ENSG00000130522	-	1	0	1929	1929	NA	NA	NA	NA	NA	NA
ENST00000593829.6	ENSG00000130520	-	5	3	59	1320	108.33333333333333	99	71.4586127302604	3784.25	3031.5	2167.84076521624
ENST00000270061.12	ENSG00000130511	+	18	16	310	346	66.8125	69.0	19.698455946257987	790.5882352941177	137	1884.0286973273367
ENST00000338128.13	ENSG00000105655	-	11	9	41	730	164.55555555555554	162	37.756162116637036	149.4	101.5	126.69841707333556
ENST00000608443.6	ENSG00000105701	-	9	7	88	493	168.57142857142858	170	82.33439366967113	1256.25	704.0	1361.9157462926992
ENST00000222307.9	ENSG00000105700	+	5	3	45	977	107.33333333333333	122	54.50076452063158	2541.25	2410.5	1217.6732936218975
ENST00000442744.7	ENSG00000221983	+	5	3	53	2494	100.33333333333333	103	12.220201853215574	711.5	689.5	637.1867858014634
ENST00000392386.8	ENSG00000006016	-	9	7	258	343	162.85714285714286	169	71.16279124052721	1477.75	574.0	2229.0027719011155
ENST00000321949.13	ENSG00000105662	+	14	12	149	5163	130.58333333333334	111.0	74.68535007048916	7059.615384615385	2796	15715.423005964882
ENST00000262803.10	ENSG00000005007	+	24	22	482	1710	142.22727272727272	143.5	38.308188628768605	1345.695652173913	576	2749.651109021629
ENST00000247003.9	ENSG00000105671	+	13	11	142	503	104.36363636363636	89	36.208487201960615	593.5833333333334	337.5	556.3428403966443
ENST00000392351.8	ENSG00000051128	-	10	8	167	432	120.125	119.5	28.407431120344953	1161.6666666666667	791	1257.8743975453192
ENST00000452918.7	ENSG00000064607	-	11	9	81	2848	362.22222222222223	132	494.2503863877543	3643.6	3081.5	2658.681427575206
ENST00000318596.8	ENSG00000181035	+	8	6	122	2462	113.83333333333333	116.0	49.134170051672456	6538.571428571428	2523	11348.17657683593
ENST00000162044.14	ENSG00000064545	-	12	10	53	1015	118.3	109.0	36.92650358031026	1550.8181818181818	375	2505.1702065201803
ENST00000462790.8	ENSG00000254901	-	6	4	72	555	91.25	93.5	24.390913608691797	2851.0	3225	1631.5561590089383
ENST00000303088.9	ENSG00000064490	+	10	8	297	218	107.625	92.5	44.36838481879379	914.7777777777778	430	991.029991697751
ENST00000331552.12	ENSG00000184162	-	5	3	392	633	88.33333333333333	91	19.139836293274122	179.0	178.0	93.99290753384889
ENST00000262815.13	ENSG00000129933	+	19	17	307	3047	87.70588235294117	91	36.894723040501255	1837.8333333333333	939.0	3372.7411307857765
ENST00000683918.1	ENSG00000167491	+	12	10	345	3589	178.0	150.5	81.30053983693945	8867.636363636364	1581	18411.16958953302
ENST00000407877.8	ENSG00000064547	-	3	1	129	915	742.0	742	NA	1390.0	1390.0	824.4865068635144
ENST00000203556.9	ENSG00000089639	-	21	19	147	861	132.6315789473684	113	77.15007778948753	532.7	167.5	780.0611379548199
ENST00000304863.6	ENSG00000169021	-	2	0	247	2839	NA	NA	NA	4746.0	4746	NA
ENST00000585603.6	ENSG00000105171	+	7	5	43	1994	103.8	78	69.72230633018388	1399.8333333333333	1481.5	718.7540376698183
ENST00000436066.4	ENSG00000166289	+	2	0	45	1654	NA	NA	NA	8318.0	8318	NA
ENST00000262643.8	ENSG00000105173	+	12	10	162	658	113.4	123.5	37.250503352303845	942.5454545454545	192	1383.544532253036
ENST00000392271.6	ENSG00000105176	+	11	9	426	1726	145.33333333333334	136	99.69578727308391	7091.4	1750.5	9895.583349263561
ENST00000240587.5	ENSG00000121297	-	2	0	257	4808	NA	NA	NA	69427.0	69427	NA
ENST00000355898.6	ENSG00000168813	+	7	5	174	4951	518.2	118	900.5824226576932	5723.666666666667	2714.0	8124.3172431082885
ENST00000392250.7	ENSG00000178904	+	19	17	140	3812	119.17647058823529	124	29.10376971742159	4119.055555555556	2525.5	5388.629526438296
ENST00000590247.7	ENSG00000105185	+	6	4	138	201	66.0	67.0	22.44994432064365	1132.2	867	918.9176785762694
ENST00000306065.9	ENSG00000105186	-	29	27	110	1373	109.22222222222223	112	41.270527138097115	2633.6785714285716	1632.0	3525.800807944429
ENST00000305768.10	ENSG00000121289	-	19	17	123	3454	123.29411764705883	116	54.23417361991694	5020.055555555556	4771.5	3540.793039655552
ENST00000588258.6	ENSG00000131944	+	5	3	105	1799	136.33333333333334	137	17.009801096230763	918.75	667.0	913.9337594523286
ENST00000254260.8	ENSG00000131941	-	15	13	105	1665	133.15384615384616	129	40.07668930489426	5914.0	3431.5	6262.967704015283
ENST00000253193.9	ENSG00000130881	+	7	5	529	1877	330.4	139	443.67983952395224	1746.1666666666667	1022.0	2238.408489678921
ENST00000498907.3	ENSG00000245848	-	1	0	2601	2601	NA	NA	NA	NA	NA	NA
ENST00000284000.9	ENSG00000153879	+	2	0	187	3543	NA	NA	NA	5248.0	5248	NA
ENST00000244137.12	ENSG00000124299	-	15	13	48	532	102.07692307692308	76	57.135017777281355	9495.357142857143	8283.5	12333.127805955064
ENST00000683859.1	ENSG00000153885	+	7	5	118	2972	163.8	145	86.50838109686252	2497.1666666666665	1670.5	1926.306249449102
ENST00000544216.8	ENSG00000257103	+	10	8	260	1924	155.875	168.0	49.469868173898114	5928.222222222223	3729	7003.064575201663
ENST00000356487.11	ENSG00000105220	+	18	16	193	2513	88.6875	76.5	35.76351725804757	1946.6470588235295	512	3272.8431436057335
ENST00000246548.9	ENSG00000126261	+	17	15	190	2212	106.86666666666666	101	30.298200480902366	2429.125	2015.0	1481.2410055985713
ENST00000404801.2	ENSG00000180884	-	4	2	600	3218	125.0	125.0	2.8284271247461903	1269.3333333333333	663	1185.1735456604376
ENST00000317991.10	ENSG00000089351	+	20	18	164	421	115.22222222222223	110.5	51.79774643696106	1236.2105263157894	444	2021.029016751048
ENST00000222305.8	ENSG00000105698	+	10	8	202	655	111.125	107.0	50.2463573661955	1012.6666666666666	153	2456.644561185032
ENST00000222284.10	ENSG00000105677	+	7	5	191	203	94.8	85	33.327166096144445	172.16666666666666	87.5	195.20186132992345
ENST00000203166.10	ENSG00000249115	+	19	17	158	2480	99.17647058823529	106	43.09181374419863	460.94444444444446	172.5	625.5145150168236
ENST00000262633.9	ENSG00000126254	+	10	8	246	244	150.25	136.0	87.94113290800192	773.1111111111111	238	947.8187385313244
ENST00000649813.2	ENSG00000126267	+	4	2	81	189	109.0	109.0	11.313708498984761	3324.0	3221	553.7318845795319
ENST00000587708.7	ENSG00000205155	+	4	2	50	812	131.0	131.0	36.76955262170047	248.33333333333334	184	156.7365092546511
ENST00000221891.9	ENSG00000105290	+	17	15	210	450	114.0	129	40.61843353524534	553.0625	354.0	473.8848620709465
ENST00000360535.9	ENSG00000105270	-	14	12	150	1553	137.25	132.5	52.16952262489174	1143.3846153846155	320	1760.2543631750848
ENST00000292894.2	ENSG00000161277	-	4	2	151	609	294.5	294.5	143.54267658086914	5984.333333333333	3730	7157.890494645286
ENST00000401500.7	ENSG00000075702	+	32	30	252	341	137.8	124.5	104.22766857486415	1467.258064516129	1096	1778.4469623380571
ENST00000221855.8	ENSG00000105254	+	6	4	207	274	126.5	120.5	52.69092268439919	1897.4	720	2066.1502365510596
ENST00000246533.8	ENSG00000126247	+	11	9	92	541	88.33333333333333	69	55.86591089385369	886.0	247.0	1156.8268861175575
ENST00000443387.3	ENSG00000167635	+	4	2	91	3110	73.0	73.0	1.4142135623730951	6772.0	6839	3813.941399654693
ENST00000270001.12	ENSG00000142065	-	5	3	39	7138	104.66666666666667	99	20.108041509140897	9314.5	8418.0	7475.544238827476
ENST00000523638.6	ENSG00000254004	-	3	1	53	5013	219.0	219	NA	6150.0	6150.0	4673.975823643079
ENST00000591340.6	ENSG00000186020	-	5	3	153	4710	93.66666666666667	94	33.50124375800596	6134.0	3827.0	7127.062695575693
ENST00000292928.7	ENSG00000161298	+	5	3	35	7985	105.33333333333333	93	41.88476254359494	5116.5	2241.5	6890.867216831275
ENST00000682579.1	ENSG00000189042	+	6	4	23	2389	97.5	94.0	22.35322497239865	6184.6	5304	6774.842787843862
ENST00000591344.2	ENSG00000267041	-	5	3	83	7325	101.33333333333333	96	23.459184413217212	5404.0	5307.5	5830.343214597233
ENST00000391711.8	ENSG00000185869	-	6	4	281	4348	100.75	109.0	31.573987183545043	4627.2	759	6611.757875179641
ENST00000333987.12	ENSG00000198453	+	7	5	260	3223	122.6	96	81.69026869829723	5384.5	3645.0	5281.710168117898
ENST00000316950.11	ENSG00000196437	-	6	4	361	3263	110.5	111.5	43.92797134704341	10444.4	11448	9295.59276216423
ENST00000222345.11	ENSG00000105738	+	22	20	151	2273	279.0	162.0	387.6100862301811	13959.904761904761	5621	26993.20412234302
ENST00000355526.10	ENSG00000011332	-	12	10	109	1128	106.4	110.5	31.655085601597168	992.3636363636364	696	1053.141326957334
ENST00000301242.9	ENSG00000167641	-	4	2	236	210	57.0	57.0	33.94112549695428	1526.0	859	1426.669898750233
ENST00000301244.12	ENSG00000167642	+	7	5	426	776	97.2	60	63.802037585017615	4392.5	1233.0	7096.978166797471
ENST00000339413.11	ENSG00000167645	-	8	6	88	1950	121.83333333333333	99.5	66.12538594720387	1374.4285714285713	166	2244.875561298284
ENST00000263372.5	ENSG00000099337	+	3	1	428	4897	396.0	396	NA	3255.5	3255.5	4333.857461892349
ENST00000215071.9	ENSG00000099341	+	7	5	391	572	111.0	103	34.03674485023502	1289.3333333333333	1157.5	866.7896323022483
ENST00000252699.7	ENSG00000130402	+	21	19	259	2316	127.10526315789474	120	42.41448224478954	3947.55	1038.0	11539.55904235969
ENST00000221418.9	ENSG00000104823	-	10	8	74	296	103.75	80.5	53.91726466143687	1685.888888888889	186	4433.189750181139
ENST00000221419.10	ENSG00000104824	-	13	11	287	411	131.27272727272728	97	74.6955030896652	956.25	674.0	1001.6415730734677
ENST00000249396.12	ENSG00000068903	-	16	14	113	751	71.28571428571429	63.5	27.011190192296148	1279.8	291	1734.5618713998892
ENST00000313582.6	ENSG00000104825	+	6	4	243	159	197.5	183.5	119.45571006304665	1545.8	1071	1944.3552144605676
ENST00000221431.11	ENSG00000104835	-	16	14	294	484	81.85714285714286	90.5	31.047995458290412	904.9333333333333	235	1351.8596433203024
ENST00000360442.8	ENSG00000130669	+	10	8	134	981	214.375	134.5	149.68723344742148	5643.222222222223	959	13777.64047086599
ENST00000610417.5	ENSG00000179134	+	14	12	156	2202	193.5	121.5	139.3214073480976	2969.230769230769	693	4273.548119027212
ENST00000221265.8	ENSG00000006712	-	14	12	289	775	94.66666666666667	103.0	27.707345049588742	252.15384615384616	93	408.070223971693
ENST00000315588.11	ENSG00000063322	+	4	2	261	3185	72.0	72.0	18.384776310850235	1891.3333333333333	1030	1672.5520420403466
ENST00000597629.3	ENSG00000128016	+	2	0	82	1665	NA	NA	NA	814.0	814	NA
ENST00000425673.6	ENSG00000090924	+	19	17	744	4683	154.1764705882353	101	208.68973240618405	427.72222222222223	232.0	418.84432114984816
ENST00000432763.7	ENSG00000196235	+	30	28	56	415	114.53571428571429	106.0	52.4111114476177	945.2068965517242	302	1692.4307409190728
ENST00000356433.10	ENSG00000090932	+	9	7	97	218	241.28571428571428	223	170.92075579608453	939.875	976.5	700.1486449319173
ENST00000323039.10	ENSG00000105204	-	11	9	140	737	179.88888888888889	148	73.18204090561503	631.7	366.0	644.8662307452264
ENST00000157812.7	ENSG00000013275	+	11	9	74	573	123.0	110	46.10314522893205	884.6	173.0	1535.6794515060028
ENST00000392038.7	ENSG00000105221	-	14	12	165	3635	120.83333333333333	126.0	39.86530351373766	3829.153846153846	1093	6033.997705310494
ENST00000409735.9	ENSG00000105223	+	13	11	74	500	142.0909090909091	140	45.007676112979986	2304.5	895.5	4693.935458749842
ENST00000357949.5	ENSG00000197019	-	2	0	126	1958	NA	NA	NA	2320.0	2320	NA
ENST00000322354.4	ENSG00000167565	-	2	0	121	1243	NA	NA	NA	2128.0	2128	NA
ENST00000291842.10	ENSG00000160410	+	18	16	113	422	112.875	106.5	46.90113715750042	716.7058823529412	302	838.4196267909258
ENST00000252891.8	ENSG00000105245	-	10	8	192	2234	141.875	131.5	77.26843284476342	2354.0	2354	1211.652384143241
ENST00000324464.8	ENSG00000123815	-	15	13	300	844	99.92307692307692	94	25.68547429469796	1636.7142857142858	1043.5	1643.1887586955118
ENST00000263370.3	ENSG00000086544	+	7	5	1179	1504	138.6	102	65.87715840866241	3395.5	3682.5	2221.9077163554743
ENST00000243563.8	ENSG00000077312	+	6	4	279	382	154.0	173.5	43.44344983232033	2582.0	1926	2089.187880493279
ENST00000310054.9	ENSG00000167600	+	9	7	223	1260	161.28571428571428	161	18.06206231962716	1463.625	1589.5	1133.94115966016
ENST00000301178.9	ENSG00000167601	+	20	18	255	2214	124.88888888888889	119.0	48.28334128611683	1990.8947368421052	633	2462.1462158661684
ENST00000392006.8	ENSG00000105323	+	15	13	427	1339	166.07692307692307	140	71.84411543805744	2820.785714285714	1906.0	2886.212801434578
ENST00000269967.4	ENSG00000142039	+	5	3	185	2279	288.3333333333333	279	163.2002859474619	2843.25	2429.0	2324.7023286147123
ENST00000221930.6	ENSG00000105329	-	7	5	1233	888	131.8	148	34.25200724045235	3470.0	2964.5	3368.402232513213
ENST00000598742.6	ENSG00000105372	+	6	4	35	1575	102.75	86.0	57.42458822954966	2130.0	485	3222.082789128796
ENST00000354532.8	ENSG00000076928	+	29	27	106	348	102.77777777777777	99	46.22381448605281	751.4285714285714	300.0	1148.412283322837
ENST00000222008.11	ENSG00000105404	-	5	3	85	252	137.66666666666666	102	65.27122898592712	472.25	320.0	476.5195868657097
ENST00000359044.5	ENSG00000105732	+	2	0	121	2966	NA	NA	NA	2300.0	2300	NA
ENST00000596251.6	ENSG00000160570	-	5	3	46	1232	209.0	141	136.37081799270692	4293.75	3359.5	4244.86877496427
ENST00000301215.8	ENSG00000167625	+	3	1	76	3815	91.0	91	NA	1954.0	1954.0	2648.822002324807
ENST00000222330.8	ENSG00000105723	-	11	9	420	678	121.66666666666667	107	39.59797974644666	1022.0	698.0	1010.8857502210623
ENST00000222329.9	ENSG00000105722	-	4	2	151	2170	175.5	175.5	84.14570696119915	1629.3333333333333	388	2414.523831593578
ENST00000681038.1	ENSG00000079432	+	21	19	130	973	378.7368421052632	183	637.1934855377101	912.3	97.0	2707.190116396665
ENST00000262890.8	ENSG00000079462	-	5	3	393	331	110.0	117	17.578395831246947	1134.0	927.0	1216.8516754313157
ENST00000251268.11	ENSG00000105429	+	42	40	796	3259	177.05	166.0	58.23249159123347	1024.2439024390244	450	1685.7759753372898
ENST00000244289.9	ENSG00000079435	-	10	8	1122	562	260.5	207.0	150.98249662035096	2456.3333333333335	599	4929.40402077168
ENST00000292140.10	ENSG00000176531	-	16	14	158	442	128.71428571428572	120.0	51.65779198269582	1816.1333333333334	468	2402.848989567731
ENST00000292147.7	ENSG00000105755	-	7	5	105	184	126.2	130	23.889328161335975	3260.5	877.5	5635.523924179543
ENST00000336564.5	ENSG00000124444	+	3	1	149	2327	100.0	100	NA	993.5	993.5	910.0464273870866
ENST00000313040.12	ENSG00000131115	+	6	4	54	2567	107.0	105.5	41.86486195685669	4337.6	4546	4008.32687040366
ENST00000291182.9	ENSG00000159917	-	5	3	55	2849	95.33333333333333	96	32.00520790954705	3872.0	2587.5	4023.7860281083535
ENST00000354340.9	ENSG00000062370	-	4	2	55	3382	111.5	111.5	21.920310216782973	8822.0	6686	6463.367620675773
ENST00000592529.6	ENSG00000167384	-	5	3	248	3704	98.66666666666667	94	26.312227829154516	5458.0	3924.0	5167.447919427926
ENST00000425690.8	ENSG00000073008	+	8	6	266	4423	183.83333333333334	154.0	117.45197600154144	2351.5714285714284	2391	1327.6612089363332
ENST00000164227.10	ENSG00000069399	+	9	7	339	617	131.57142857142858	118	45.821600229793894	1182.5	554.0	1618.245610883236
ENST00000270233.12	ENSG00000187244	+	15	13	104	506	138.3846153846154	137	38.82769299855122	707.8571428571429	244.0	1030.0881857053164
ENST00000252483.10	ENSG00000130202	+	9	7	317	1114	179.85714285714286	149	119.28597091503617	5029.625	2731.0	6134.054774954561
ENST00000426677.7	ENSG00000130204	+	9	7	436	660	96.0	102	18.565200420859092	1333.5	539.5	2221.0136681897557
ENST00000252486.9	ENSG00000130203	+	4	2	46	861	129.5	129.5	89.80256121069154	810.6666666666666	760	259.7331964407579
ENST00000221452.13	ENSG00000104856	+	12	10	222	788	124.8	98.5	95.62287034665574	3133.7272727272725	2876	2877.82341678252
ENST00000221455.8	ENSG00000104859	+	21	19	64	154	105.84210526315789	83	73.38957173717586	1484.15	697.5	2568.832814518564
ENST00000221462.9	ENSG00000104866	+	13	11	349	715	171.0909090909091	120	177.86987071758642	4263.416666666667	479.5	12834.498137713437
ENST00000262891.9	ENSG00000007047	+	17	15	369	2911	124.73333333333333	104	76.28093439635458	3053.9375	2187.0	2613.2342277657904
ENST00000391945.10	ENSG00000104884	-	23	21	38	1885	104.04761904761905	102	30.18356537998152	755.8636363636364	226.0	1092.841961103275
ENST00000360957.10	ENSG00000104881	-	13	11	71	591	224.45454545454547	143	165.4384257881848	1858.4166666666667	613.5	2321.7503764629955
ENST00000245923.9	ENSG00000125744	-	11	9	256	496	169.11111111111111	139	141.9502064496953	948.0	312.0	1209.7847375095748
ENST00000245932.11	ENSG00000125753	+	13	11	298	844	100.0	85	65.92723261293469	1438.5833333333333	323.0	2804.7890686639826
ENST00000245925.8	ENSG00000125746	-	19	17	41	389	106.11764705882354	100	32.65517254766306	1542.4444444444443	1141.5	1302.4833394992822
ENST00000012049.10	ENSG00000011478	+	7	5	245	1084	159.2	144	71.8240906660154	1532.8333333333333	1434.5	1188.902925669992
ENST00000317683.4	ENSG00000177051	-	2	0	48	2945	NA	NA	NA	17275.0	17275	NA
ENST00000317578.7	ENSG00000177045	-	3	1	1211	1327	806.0	806	NA	562.0	562.0	458.2051942088828
ENST00000291270.9	ENSG00000104936	-	15	13	298	924	121.3076923076923	96	59.04290052634696	712.5	280.5	864.085621647798
ENST00000270223.7	ENSG00000185800	-	5	3	530	1344	512.0	183	665.5696807998394	1622.25	1053.0	1647.1871731328329
ENST00000245934.12	ENSG00000125755	-	27	25	90	288	147.96	148	66.78353090395865	1679.2692307692307	1093.5	1857.6831281505963
ENST00000302165.5	ENSG00000170604	-	1	0	2534	2534	NA	NA	NA	NA	NA	NA
ENST00000263257.6	ENSG00000104967	-	4	2	599	7212	155.5	155.5	16.263455967290593	10670.0	12113	3144.4867625735046
ENST00000307522.5	ENSG00000169515	-	1	0	3236	3236	NA	NA	NA	NA	NA	NA
ENST00000291281.9	ENSG00000105287	-	18	16	984	420	136.5	125.0	65.38297433838058	2306.529411764706	2129	2157.8151020664127
ENST00000263280.11	ENSG00000090372	-	18	16	302	828	127.875	118.0	50.49207858664565	1397.8823529411766	610	1781.2121884531662
ENST00000318584.10	ENSG00000181027	+	4	2	34	3164	106.5	106.5	62.932503525602726	3036.0	1936	3300.4696635479017
ENST00000542575.6	ENSG00000105281	-	8	6	1195	865	137.0	151.0	78.01794665331818	1547.142857142857	1269	1227.2192725251437
ENST00000263270.11	ENSG00000042753	-	5	3	83	382	108.0	114	45.2990066116245	2972.75	2643.0	3034.4012451662793
ENST00000672722.1	ENSG00000160007	+	7	5	213	4747	866.0	132	1678.9245069388915	22465.166666666668	12267.5	25015.7958371639
ENST00000253048.10	ENSG00000130749	-	15	13	57	3683	184.84615384615384	155	89.76993386229616	3103.3571428571427	1176.0	4809.237291315102
ENST00000270225.12	ENSG00000142230	+	9	7	194	1478	121.42857142857143	112	34.67879824358174	9660.0	6444.5	8375.400408338697
ENST00000439096.3	ENSG00000105327	-	4	2	271	1095	240.0	240.0	69.29646455628166	2843.3333333333335	2482	1650.9277189911536
ENST00000328771.9	ENSG00000134815	+	17	15	38	725	238.33333333333334	177	215.9651647394838	1815.75	1534.0	1569.049584939877
ENST00000558555.6	ENSG00000105419	-	13	11	458	430	103.0	84	47.15082183801254	1198.5833333333333	287.5	1548.7031793984243
ENST00000263354.8	ENSG00000105402	-	11	9	221	753	76.44444444444444	78	23.8123450709454	2576.5	1239.5	3396.9726800327508
ENST00000263277.8	ENSG00000024422	+	6	4	117	2254	283.75	289.0	178.90663300541243	5241.4	4347	3452.8330831362236
ENST00000263274.12	ENSG00000105486	-	28	26	104	288	105.11538461538461	96.0	32.48916979311958	1917.5925925925926	1613	1546.507510968337
ENST00000270221.11	ENSG00000142227	+	5	3	59	253	112.33333333333333	103	25.32455988429677	1088.25	1013.5	498.4177464737788
ENST00000330720.7	ENSG00000105438	-	5	3	284	753	171.0	159	76.70723564306043	1856.75	822.5	2143.782852032049
ENST00000253237.10	ENSG00000105447	+	7	5	210	4315	167.2	163	39.251751553274666	946.5	208.5	1339.8401024002826
ENST00000452733.7	ENSG00000105443	+	12	10	158	3192	109.3	112.5	33.83308702701806	773.0	526	904.5886357897716
ENST00000245222.9	ENSG00000063176	+	7	5	38	1725	197.0	150	155.58277539625007	1358.6666666666667	630.5	2004.928194890447
ENST00000222122.10	ENSG00000105516	-	4	2	524	1023	311.5	311.5	140.71424945612296	1726.6666666666667	1924	781.9042993444488
ENST00000316273.11	ENSG00000105552	-	11	9	46	401	124.0	120	42.7346463656832	1440.3	250.0	2103.111665551256
ENST00000263278.9	ENSG00000087076	-	9	7	168	331	78.71428571428571	83	22.544136604405484	2803.0	1106.0	5574.257029288426
ENST00000405315.9	ENSG00000104805	+	13	11	61	1055	117.27272727272727	106	37.86315071171682	1721.25	900.0	1893.0145811761342
ENST00000345358.12	ENSG00000087088	+	6	4	88	267	110.0	120.5	42.55976190409591	1225.8	585	1829.2503109197494
ENST00000331825.11	ENSG00000087086	+	4	2	301	297	136.5	136.5	14.849242404917497	233.33333333333334	176	113.4430841141642
ENST00000323798.8	ENSG00000104812	-	16	14	315	1482	126.57142857142857	119.5	42.04158067312058	1440.7333333333333	690	1404.5131574762158
ENST00000595090.6	ENSG00000183207	+	15	13	37	154	104.15384615384616	115	28.95642172255334	1467.0714285714287	421.0	1720.0866017681835
ENST00000598441.6	ENSG00000104852	+	10	8	186	810	84.375	73.5	33.28636572017352	2387.0	2685	2532.679855410075
ENST00000221459.7	ENSG00000104863	+	6	4	72	109	141.25	141.5	59.258614001116605	669.0	407	474.52133777102165
ENST00000334186.9	ENSG00000177380	+	30	28	179	791	129.03571428571428	130.0	58.62213091319892	927.5862068965517	407	1557.8828242485602
ENST00000252826.10	ENSG00000130529	+	25	23	99	343	157.2173913043478	135	85.3724229062604	2082.7916666666665	339.5	2907.5621340576363
ENST00000593945.6	ENSG00000074219	-	13	11	84	843	113.45454545454545	108	67.17047511572869	1637.25	1310.0	1256.2550497410946
ENST00000262265.10	ENSG00000104872	-	9	7	330	126	105.85714285714286	82	45.51347262598395	540.0	344.0	486.0817097684592
ENST00000293350.9	ENSG00000161618	+	17	15	197	745	143.8	137	38.68406833383923	920.4375	558.0	1232.8885847877739
ENST00000270645.8	ENSG00000142552	+	7	5	56	528	177.0	200	70.21039809031139	2360.3333333333335	2275.0	1942.3173444796982
ENST00000246792.4	ENSG00000126458	-	6	4	198	369	104.75	106.0	12.971121771072847	773.2	116	1177.8996986161428
ENST00000360565.8	ENSG00000126461	+	11	9	34	435	417.0	114	908.9675461753296	1221.2	483.0	1439.9414185614944
ENST00000377139.8	ENSG00000126456	-	8	6	227	262	184.33333333333334	172.5	106.34597625987861	670.1428571428571	784	443.5220507751667
ENST00000246784.8	ENSG00000126453	+	7	5	135	219	142.0	115	76.51143705355429	1153.3333333333333	858.5	1167.5085724167795
ENST00000598293.6	ENSG00000169169	+	20	18	225	312	128.27777777777777	126.0	37.20500528558831	1040.5263157894738	480	1310.19843146928
ENST00000354293.10	ENSG00000196961	+	23	21	200	434	129.66666666666666	130	45.19107581517985	1670.7727272727273	352.5	3507.5813934393213
ENST00000313777.9	ENSG00000010361	-	11	9	297	509	102.44444444444444	96	40.55894201995138	469.9	269.0	545.9256054323397
ENST00000312865.10	ENSG00000104973	+	18	16	187	133	125.75	123.0	51.71653507341728	962.2941176470588	356	2187.7252102556745
ENST00000391842.6	ENSG00000104960	+	12	10	341	475	106.8	97.5	45.219956263185885	700.0	121	948.0109704006594
ENST00000344175.10	ENSG00000204673	-	5	3	119	1022	211.33333333333334	170	158.10545004310677	1635.5	1256.5	1637.9728324975356
ENST00000221543.10	ENSG00000104946	+	17	15	43	327	115.0	104	32.45876505000504	559.625	379.5	707.6796709434761
ENST00000423777.7	ENSG00000169136	+	3	1	196	1514	297.0	297	NA	1362.0	1362.0	43.840620433565945
ENST00000316763.8	ENSG00000105053	-	15	13	106	317	115.38461538461539	106	55.370778185998766	3355.8571428571427	2693.0	2260.1109862857775
ENST00000253727.10	ENSG00000131408	+	10	8	120	933	170.375	159.0	83.42479504662525	501.77777777777777	278	637.6505268910585
ENST00000334976.11	ENSG00000161671	+	7	5	152	8723	112.8	105	41.215288425534524	821.0	999.5	466.84515634201455
ENST00000598418.6	ENSG00000161677	-	5	3	75	275	161.33333333333334	163	34.53018003621373	1090.0	834.5	1063.6800897512999
ENST00000262259.7	ENSG00000105497	+	5	3	193	5884	158.33333333333334	127	82.58530942808977	3669.0	3209.0	3433.0768512613677
ENST00000293471.11	ENSG00000176024	+	6	4	69	2503	148.25	146.0	49.513466181770525	3197.0	3409	2166.250678014897
ENST00000243644.9	ENSG00000256683	-	5	3	71	1875	136.33333333333334	127	45.72016331262754	5036.5	3788.5	5202.000929129739
ENST00000270649.11	ENSG00000142556	-	5	3	138	4036	151.33333333333334	127	70.7130351019763	2607.0	1464.0	3207.3821100704545
ENST00000221315.10	ENSG00000256087	-	5	3	144	4063	143.33333333333334	127	57.27419430540541	3206.0	3340.5	2262.9071272738233
ENST00000322088.11	ENSG00000105568	+	15	13	123	3554	128.84615384615384	135	47.09891391855753	2436.785714285714	1079.0	3155.1018313097384
ENST00000449416.6	ENSG00000130844	+	6	4	152	3573	85.0	74.5	29.086079144497972	7612.0	4966	6972.058340260787
ENST00000391770.9	ENSG00000179820	+	3	1	61	2908	85.0	85	NA	2749.5	2749.5	1328.6536418495227
ENST00000485876.6	ENSG00000170906	+	4	2	34	758	76.5	76.5	2.1213203435596424	1256.3333333333333	799	1320.7820915402106
ENST00000321030.9	ENSG00000105618	+	14	12	44	407	115.16666666666667	103.0	39.32806847147428	1086.6923076923076	679	1018.3827362224368
ENST00000221232.11	ENSG00000088038	+	18	16	232	373	138.3125	125.0	82.47724433644309	888.3529411764706	256	1243.6149394595816
ENST00000222224.4	ENSG00000105617	-	4	2	158	780	221.5	221.5	58.68986283848344	1060.0	1102	220.02727103702395
ENST00000245615.6	ENSG00000125505	-	8	6	243	1017	172.33333333333334	145.0	98.313105264083	1981.7142857142858	1831	1527.4156511665617
ENST00000396388.3	ENSG00000170892	+	4	2	300	1358	251.0	251.0	9.899494936611665	355.0	151	386.71436487412774
ENST00000302907.9	ENSG00000170889	+	5	3	31	250	144.0	123	37.242448899072144	1519.25	603.0	2123.579113195456
ENST00000326764.10	ENSG00000167615	+	16	14	112	1251	163.92857142857142	141.5	71.47830686053183	610.6666666666666	383	669.7257078905691
ENST00000611161.2	ENSG00000275183	-	1	0	2047	2047	NA	NA	NA	NA	NA	NA
ENST00000415061.8	ENSG00000160439	-	7	5	181	994	139.0	119	46.61008474568567	2827.1666666666665	2212.5	2773.3113360505827
ENST00000263433.8	ENSG00000125503	-	22	20	415	641	97.05	88.5	36.9629615468754	1129.6666666666667	147	2218.0748484515425
ENST00000412770.7	ENSG00000105063	-	24	22	583	753	120.36363636363636	113.5	47.25265974327639	1098.0434782608695	121	2482.426845544146
ENST00000255613.8	ENSG00000133247	+	9	7	82	1166	148.28571428571428	164	72.05718628449279	745.0	314.5	827.5031290402644
ENST00000344063.7	ENSG00000108107	+	5	3	34	3843	110.66666666666667	119	18.929694486000912	486.25	289.0	511.2705578588829
ENST00000264552.14	ENSG00000108106	-	4	2	202	2018	169.5	169.5	30.405591591021544	1828.3333333333333	2336	1047.255619862378
ENST00000425675.7	ENSG00000063241	-	6	4	131	404	135.0	129.5	57.867665121954474	1516.6	503	2040.1929565607268
ENST00000598519.2	ENSG00000197483	+	3	1	191	3287	84.0	84	NA	2154.5	2154.5	1232.4871196081524
ENST00000325421.7	ENSG00000218891	-	2	0	54	2868	NA	NA	NA	1153.0	1153	NA
ENST00000221665.5	ENSG00000179943	-	3	1	44	2271	330.0	330	NA	2748.5	2748.5	1663.8222561319462
ENST00000568956.2	ENSG00000261221	+	2	0	86	3677	NA	NA	NA	7860.0	7860	NA
ENST00000325333.10	ENSG00000213015	+	2	0	182	974	NA	NA	NA	1313.0	1313	NA
ENST00000308924.9	ENSG00000063244	+	12	10	119	783	124.4	120.0	53.7777318640759	1594.1818181818182	831	1815.6308996148869
ENST00000610935.2	ENSG00000142409	-	3	1	124	1727	89.0	89	NA	15995.0	15995.0	2756.3022330651625
ENST00000337080.8	ENSG00000167685	+	5	3	71	1270	200.66666666666666	174	107.50968948580092	4416.0	2955.0	4983.697556366491
ENST00000263095.10	ENSG00000083844	+	4	2	447	11493	111.5	111.5	21.920310216782973	6394.666666666667	5861	4756.009076245895
ENST00000414468.3	ENSG00000204524	+	4	2	290	9656	111.5	111.5	21.920310216782973	3976.0	4372	849.3179616610024
ENST00000336128.12	ENSG00000188785	+	4	2	261	4563	81.5	81.5	64.34671708797582	2717.3333333333335	2824	1412.024905351649
ENST00000356584.8	ENSG00000197128	-	4	2	290	4836	83.0	83.0	62.22539674441618	896.3333333333334	847	319.8661178264014
ENST00000221735.12	ENSG00000105136	+	5	3	234	3243	88.33333333333333	99	44.959240800232976	1151.75	964.5	753.578739526711
ENST00000282292.9	ENSG00000152439	+	4	2	176	1872	114.5	114.5	21.920310216782973	2005.0	957	2209.0550015787294
ENST00000699333.1	ENSG00000251369	-	4	2	208	6156	111.5	111.5	21.920310216782973	3813.0	3508	717.8614072368008
ENST00000196489.4	ENSG00000083817	-	4	2	240	2136	84.5	84.5	60.10407640085654	1600.3333333333333	2102	889.7776875901831
ENST00000396161.10	ENSG00000213762	+	3	1	262	4565	97.0	97	NA	2779.5	2779.5	3010.1535675111327
ENST00000240731.5	ENSG00000121417	+	4	2	269	3338	83.0	83.0	62.22539674441618	2367.0	586	3101.251521563512
ENST00000551380.7	ENSG00000166704	-	7	5	425	3204	90.2	89	25.292291315734918	3610.8333333333335	905.5	4681.091898976847
ENST00000598312.6	ENSG00000181894	-	4	2	38	3264	99.5	99.5	7.7781745930520225	7013.666666666667	7553	6318.287848249186
ENST00000617501.5	ENSG00000171606	+	8	6	382	1402	170.66666666666666	120.0	154.17738701465487	3956.285714285714	1486	6976.734018968229
ENST00000306910.9	ENSG00000171574	+	4	2	517	1517	137.0	137.0	19.79898987322333	2457.0	1164	2583.7567609974435
ENST00000196482.4	ENSG00000083812	+	4	2	104	4706	122.0	122.0	7.0710678118654755	1101.0	886	809.2125802284589
ENST00000263093.7	ENSG00000083807	-	10	8	725	359	151.0	145.0	46.70576593343237	1263.111111111111	337	2699.968770395523
ENST00000312547.7	ENSG00000130724	-	6	4	118	211	141.25	155.5	59.055764607134954	529.2	129	665.6787513508299
ENST00000253023.8	ENSG00000130725	-	6	4	339	518	75.5	79.5	29.760152329359247	348.2	132	437.6867601378867
ENST00000342665.5	ENSG00000177732	+	1	0	4673	4673	NA	NA	NA	NA	NA	NA
ENST00000217233.9	ENSG00000101255	+	4	2	410	1362	292.0	292.0	1.4142135623730951	4814.666666666667	4618	1935.5082881076312
ENST00000356286.10	ENSG00000125826	+	12	10	481	1790	143.0	144.5	35.798820588890294	1830.909090909091	1101	2314.225246364124
ENST00000354200.5	ENSG00000125875	-	8	6	198	3362	147.66666666666666	164.0	47.339905646997934	3229.714285714286	1198	4990.682876263385
ENST00000381941.8	ENSG00000125898	+	2	0	237	1570	NA	NA	NA	10756.0	10756	NA
ENST00000335877.11	ENSG00000125818	+	7	5	301	7218	127.0	153	55.780821076782296	7581.833333333333	4185.0	10347.869373289685
ENST00000400137.9	ENSG00000088832	-	5	3	93	1095	108.66666666666667	113	58.62024678669763	5640.75	2626.5	7835.423127268452
ENST00000216879.9	ENSG00000088833	-	9	7	130	1746	120.71428571428571	110	36.054192015697176	2745.375	2023.5	2397.124702489571
ENST00000358771.5	ENSG00000198053	+	8	6	120	3273	197.83333333333334	216.0	154.82560081157982	5800.857142857143	2997	6450.2801341898175
ENST00000381482.8	ENSG00000125834	+	4	2	349	4772	674.0	674.0	107.48023074035522	13420.0	13300	12888.418987602785
ENST00000381342.7	ENSG00000125835	-	7	5	102	298	136.4	139	17.529974329701684	1344.3333333333333	1241.5	1005.8416707746138
ENST00000329276.10	ENSG00000101361	+	12	10	32	465	141.6	143.5	35.65638481082705	349.90909090909093	224	279.6249111025177
ENST00000380843.9	ENSG00000101365	-	12	10	64	443	103.5	101.0	30.203936461623307	389.09090909090907	113	713.9095817462397
ENST00000360652.7	ENSG00000132635	-	8	6	445	396	189.66666666666666	195.0	75.75134762277611	480.42857142857144	277	651.4657466418469
ENST00000399903.7	ENSG00000132670	+	24	22	280	611	111.9090909090909	96.0	64.33092205516358	7036.347826086957	1930	11383.362886282353
ENST00000217173.7	ENSG00000185019	-	5	3	100	2742	486.0	162	620.1136992520001	11998.25	5453.5	16396.995525095444
ENST00000354488.8	ENSG00000198171	-	9	7	146	470	98.14285714285714	102	57.24924620006966	1628.75	823.0	1642.41831716875
ENST00000262919.10	ENSG00000088812	+	29	27	500	4396	139.07407407407408	129	56.008876992797326	6123.214285714285	2910.0	12001.620981125974
ENST00000379751.5	ENSG00000125817	-	1	0	2890	2890	NA	NA	NA	NA	NA	NA
ENST00000245960.10	ENSG00000101224	+	16	14	422	1295	100.14285714285714	105.5	40.83711950750603	445.8	197	483.3997458477965
ENST00000428216.4	ENSG00000088888	+	7	5	70	10436	245.0	175	161.22499806171498	2925.6666666666665	2367.5	2559.441241104524
ENST00000358395.11	ENSG00000101236	-	6	4	122	6891	78.75	61.5	50.68448151719288	16184.0	10103	20546.256873211725
ENST00000305958.9	ENSG00000088826	+	7	5	150	458	311.2	227	252.9104584630695	6122.666666666667	2851.0	9894.315634073266
ENST00000379440.9	ENSG00000171867	+	2	0	57	2378	NA	NA	NA	12698.0	12698	NA
ENST00000379400.8	ENSG00000101265	-	12	10	52	4320	101.8	94.5	34.30516643953859	3472.3636363636365	1888	5959.205052231838
ENST00000338244.6	ENSG00000089057	-	17	15	105	4847	133.4	127	46.2675449347133	8887.5	3305.5	11346.57268664566
ENST00000202834.12	ENSG00000089063	-	4	2	116	1082	118.5	118.5	6.363961030678928	3930.6666666666665	3515	1174.0486929141114
ENST00000379143.10	ENSG00000132646	-	6	4	381	410	121.25	111.0	54.23021912796099	746.0	711	746.7014128820167
ENST00000460006.6	ENSG00000101290	+	13	11	142	7786	104.36363636363636	98	30.120666417835867	5150.333333333333	1445.5	13011.997221678526
ENST00000379019.7	ENSG00000125772	-	20	18	165	3412	103.16666666666667	89.0	50.13188488729445	3217.5789473684213	2401	2630.851326425419
ENST00000203001.7	ENSG00000089195	-	11	9	256	1499	130.44444444444446	103	87.27988186161676	1037.7	578.0	1173.7109288255112
ENST00000378863.9	ENSG00000088766	+	7	5	430	2980	103.0	92	29.664793948382652	5001.0	2870.0	5511.484591287542
ENST00000246024.7	ENSG00000125827	-	8	6	324	5276	83.83333333333333	83.0	36.49885842963676	5187.571428571428	3660	3501.9844782229243
ENST00000338037.11	ENSG00000182621	+	32	30	485	3279	110.8	98.5	43.600379625047715	24049.90322580645	4063	59876.08155702623
ENST00000378392.6	ENSG00000132623	+	11	9	347	2802	253.33333333333334	164	232.1825790191848	1788.8	1204.0	1357.0312204711186
ENST00000347364.7	ENSG00000125863	-	6	4	115	4679	480.0	203.5	616.6203586216293	5300.0	3726	4991.619927438386
ENST00000334534.10	ENSG00000149346	+	8	6	149	5372	89.16666666666667	89.5	21.812076165891835	26667.14285714286	19494	34119.082492688125
ENST00000254958.10	ENSG00000101384	-	26	24	550	2272	129.91666666666666	114.0	63.92925211014375	1215.04	493	1957.5211254713618
ENST00000378226.7	ENSG00000132640	+	4	2	709	3962	105.0	105.0	19.79898987322333	1274.0	541	1319.2645678558945
ENST00000337743.9	ENSG00000089123	-	14	12	39	1059	103.66666666666667	96.0	41.40560641295141	19015.153846153848	11310	15827.520188194116
ENST00000617257.2	ENSG00000089048	-	14	12	40	843	192.08333333333334	134.5	174.8237857404022	5185.153846153846	2541	6766.4709148141355
ENST00000341420.5	ENSG00000125848	-	3	1	209	4574	194.0	194	NA	4825.5	4825.5	4596.901184493746
ENST00000354981.7	ENSG00000089177	-	26	24	220	1308	156.16666666666666	104.0	258.7428918018252	11842.76	3262	16458.532364906256
ENST00000246071.8	ENSG00000125870	+	7	5	139	1719	110.6	99	47.358209425610674	1688.0	1436.0	1665.9854741263503
ENST00000246069.12	ENSG00000125868	+	4	2	137	2883	192.5	192.5	163.3416664540925	12146.666666666666	3509	15926.538366303374
ENST00000377813.6	ENSG00000125844	-	25	23	215	542	186.6086956521739	96	382.14665665641496	2646.4583333333335	932.5	4750.487983896489
ENST00000377759.9	ENSG00000089006	-	13	11	420	808	101.18181818181819	105	30.63272166105448	2071.1666666666665	1173.5	3105.6290193873133
ENST00000377710.10	ENSG00000125871	+	5	3	124	1184	307.6666666666667	220	231.3143604131255	4968.5	3476.5	5258.787090828708
ENST00000425686.3	ENSG00000125846	+	7	5	78	1928	129.6	127	43.775563959816665	4302.666666666667	3522.5	4370.730175458863
ENST00000377603.5	ENSG00000132664	+	9	7	179	1166	115.85714285714286	113	43.29137162464198	1887.625	1495.5	1608.3042478248412
ENST00000650089.1	ENSG00000101310	+	20	18	33	765	123.77777777777777	111.5	52.85891939377047	2655.2631578947367	2575	2217.7241047250136
ENST00000255006.12	ENSG00000132669	+	13	11	70	1844	229.63636363636363	126	306.94666400769785	19979.916666666668	5096.0	26670.429241043632
ENST00000334982.9	ENSG00000173418	+	6	4	88	554	99.5	113.5	55.12712580935088	3050.8	3196	2301.969417694336
ENST00000536226.2	ENSG00000101343	-	14	12	175	1995	153.75	163.0	60.065305369163895	1083.3846153846155	960	501.29657530274073
ENST00000202677.12	ENSG00000188559	-	40	38	270	3724	146.07894736842104	129.0	115.02746595133853	8040.25641025641	4312	11339.57478483848
ENST00000377191.5	ENSG00000088930	+	30	28	143	553	96.85714285714286	94.0	31.84070802966994	2865.0689655172414	1207	4785.675239198111
ENST00000254998.3	ENSG00000132661	+	2	0	271	791	NA	NA	NA	2919.0	2919	NA
ENST00000338121.10	ENSG00000125812	+	6	4	56	2972	451.5	163.0	623.1717259311433	1209.4	1255	723.8475668260548
ENST00000377026.4	ENSG00000125814	-	11	9	184	2965	76.44444444444444	78	23.8123450709454	4313.0	1922.0	5631.387415390831
ENST00000217456.3	ENSG00000101474	-	9	7	158	1098	135.14285714285714	117	35.9092772201863	3453.125	3468.5	2884.972019547404
ENST00000323482.9	ENSG00000154930	-	14	12	371	1705	129.66666666666666	127.5	37.134481240077896	3713.153846153846	1328	4973.171336383419
ENST00000376652.9	ENSG00000197586	+	15	13	156	2577	105.46153846153847	80	72.13600047204284	2018.5714285714287	1084.5	2637.114907046531
ENST00000216962.9	ENSG00000100994	+	20	18	337	1643	118.66666666666667	113.5	37.488821863401924	2411.157894736842	1311	2937.096889847333
ENST00000262460.5	ENSG00000101003	+	7	5	223	2641	89.4	91	20.36663938896155	6263.333333333333	5020.0	5389.62320266145
ENST00000278886.11	ENSG00000101004	-	24	22	77	946	180.36363636363637	139.0	199.60951056990424	5558.434782608696	2532	11821.97027812695
ENST00000304788.4	ENSG00000170191	-	2	0	156	3647	NA	NA	NA	7277.0	7277	NA
ENST00000398174.9	ENSG00000101294	+	13	11	293	424	90.72727272727273	86	29.56379850117677	4448.916666666667	4233.0	3938.6408929138656
ENST00000376112.4	ENSG00000125968	+	2	0	525	458	NA	NA	NA	239.0	239	NA
ENST00000307677.5	ENSG00000171552	-	3	1	251	1629	694.0	694	NA	27918.5	27918.5	39102.29789283489
ENST00000202017.6	ENSG00000088356	-	5	3	172	1553	77.33333333333333	76	3.2145502536643185	1438.25	1458.0	664.2175221015076
ENST00000398022.7	ENSG00000101337	+	18	16	42	1962	110.25	113.0	32.57299494980466	3163.235294117647	1477	5403.256454785065
ENST00000246229.5	ENSG00000126003	-	3	1	103	5179	374.0	374	NA	4792.0	4792.0	786.3027406794408
ENST00000375749.8	ENSG00000101346	+	7	5	186	4186	170.8	183	53.79776947049013	4258.833333333333	2887.0	3813.4460225190896
ENST00000375712.4	ENSG00000101350	+	9	7	115	3789	316.0	119	509.07366853924003	6405.625	1691.0	10843.772695324129
ENST00000375687.10	ENSG00000171456	+	13	11	502	4888	151.0909090909091	106	165.4245777056448	6161.416666666667	1057.5	16762.08555291773
ENST00000278980.11	ENSG00000149600	-	9	7	160	760	63.142857142857146	54	24.12072809451497	4925.875	466.0	8330.789800278757
ENST00000328111.6	ENSG00000088305	+	23	21	315	1595	115.52380952380952	113	44.174222174950685	1938.0	937.5	3599.6474562828803
ENST00000375571.6	ENSG00000101367	+	7	5	75	1734	150.6	146	34.81091782760116	4648.333333333333	4394.5	2420.4063846112012
ENST00000217381.3	ENSG00000101400	-	8	6	453	643	185.83333333333334	192.5	28.265998419774007	4799.428571428572	1964	7353.434069810351
ENST00000342704.11	ENSG00000078699	+	11	9	206	5684	161.55555555555554	182	68.18377943307175	15259.1	3723.5	35688.175640461704
ENST00000343380.6	ENSG00000101412	-	7	5	382	1503	161.0	153	60.79884867330959	1369.8333333333333	505.5	2121.422203774314
ENST00000409299.8	ENSG00000101417	-	4	2	216	5212	131.0	131.0	96.16652224137046	3954.3333333333335	3920	1386.818781720717
ENST00000375200.6	ENSG00000131061	+	15	13	57	1282	154.15384615384616	150	55.81792745741305	4066.5	3673.5	2834.7118629860506
ENST00000217402.3	ENSG00000101421	+	5	3	311	871	140.0	127	33.45145736735546	10354.25	1799.5	17644.62623340791
ENST00000246194.8	ENSG00000125970	+	10	8	221	4975	127.125	98.5	81.30267523273757	9417.888888888889	1259	16756.78961230674
ENST00000374980.3	ENSG00000125977	-	9	7	148	1597	115.85714285714286	104	40.99361158127191	2672.375	2363.5	2138.9975581031945
ENST00000217426.7	ENSG00000101444	-	10	8	113	898	142.375	134.0	51.155051419329894	2326.4444444444443	1238	2626.446130758782
ENST00000374864.10	ENSG00000078747	+	25	23	77	4079	112.47826086956522	105	38.212170318817385	5906.583333333333	3835.5	5790.663646855556
ENST00000374810.8	ENSG00000078804	+	5	3	169	3379	193.0	173	87.72684879784524	1241.5	689.0	1330.897566807203
ENST00000359003.7	ENSG00000198646	-	15	13	180	592	485.46153846153845	147	819.3589583107654	7413.928571428572	4676.5	8020.222042430628
ENST00000336431.10	ENSG00000131067	-	15	13	210	772	127.38461538461539	118	48.477724199778024	1821.357142857143	1146.5	2408.9671775757683
ENST00000360596.7	ENSG00000131069	+	18	16	212	873	112.5	106.5	42.31784493567696	2850.764705882353	296	7236.485857526184
ENST00000651619.1	ENSG00000100983	-	13	11	80	520	119.0	117	46.2190436941311	2122.1666666666665	1432.5	1915.5851151367128
ENST00000252015.3	ENSG00000100991	-	19	17	194	880	122.82352941176471	117	47.952105394494474	4846.777777777777	2830.0	4710.512817787035
ENST00000374492.8	ENSG00000088298	-	11	9	185	570	125.44444444444444	125	44.7887014522388	3008.9	2797.0	1558.9317175553265
ENST00000374450.8	ENSG00000242372	-	7	5	47	289	146.6	176	44.47246339028231	797.6666666666666	296.0	1256.9228562909764
ENST00000348547.7	ENSG00000125991	+	13	11	108	210	89.45454545454545	88	39.34555536871639	1187.9166666666667	198.0	1994.792331790379
ENST00000374273.8	ENSG00000061656	+	12	10	479	219	86.3	83.0	40.729596118793026	336.8181818181818	246	277.95100941778145
ENST00000374114.8	ENSG00000244462	-	3	1	141	6420	85.0	85	NA	4665.0	4665.0	1527.3506473629427
ENST00000374092.9	ENSG00000244005	-	13	11	161	1634	110.27272727272727	106	27.630023196120952	2357.75	886.0	2742.587601153334
ENST00000253363.11	ENSG00000131051	-	17	15	320	3235	100.33333333333333	79	51.08489665905831	2240.875	1914.0	1892.8913994204738
ENST00000374012.8	ENSG00000025293	+	18	16	65	2886	183.0	175.5	99.28880433697782	10145.70588235294	6037	11614.411692831809
ENST00000305978.7	ENSG00000171222	-	2	0	55	716	NA	NA	NA	108.0	108	NA
ENST00000338074.7	ENSG00000088367	+	22	20	157	3468	132.55	105.0	82.56510987348744	3418.285714285714	2236	4359.502530597467
ENST00000320849.9	ENSG00000131043	+	4	2	26	1356	517.5	517.5	406.5863991822648	6013.0	4071	4034.279613512182
ENST00000339266.10	ENSG00000080845	+	13	11	174	1821	278.45454545454544	231	286.75786428147484	18103.083333333332	3397.5	25166.06153120556
ENST00000279022.7	ENSG00000101335	+	4	2	43	2371	186.0	186.0	33.94112549695428	2381.0	2963	1308.0107033201218
ENST00000373872.9	ENSG00000118707	+	3	1	149	3041	226.0	226	NA	8469.0	8469.0	4912.977915684132
ENST00000344795.8	ENSG00000101084	+	4	2	287	548	117.0	117.0	18.384776310850235	1903.3333333333333	1782	332.06374889971556
ENST00000349004.6	ENSG00000101079	-	16	14	46	1931	71.0	62.0	28.164352810436977	6089.933333333333	3016	7328.703700096595
ENST00000373750.9	ENSG00000149636	-	11	9	102	1103	108.44444444444444	75	84.4261676127596	1978.8	2026.5	1372.7482410600035
ENST00000646673.2	ENSG00000101347	-	16	14	273	2838	109.85714285714286	107.0	30.295613144879173	3788.733333333333	4169	2275.4749415284296
ENST00000373664.8	ENSG00000080839	-	22	20	225	2581	144.0	143.5	53.20170159526459	4474.428571428572	3153	4838.355501318899
ENST00000237530.11	ENSG00000118705	+	17	15	40	317	124.66666666666667	115	41.92112775654959	3753.9375	2540.5	3553.5764044832354
ENST00000373606.8	ENSG00000101363	+	3	1	32	953	206.0	206	NA	13207.5	13207.5	2385.0711729422246
ENST00000373578.7	ENSG00000197122	+	14	12	116	2880	137.33333333333334	141.0	51.17942294842072	4251.307692307692	1387	6468.069539213579
ENST00000373537.7	ENSG00000166619	-	2	0	84	1934	NA	NA	NA	8442.0	8442	NA
ENST00000373447.8	ENSG00000101407	-	8	6	53	619	521.1666666666666	175.0	893.5561351513774	6662.428571428572	3420	6920.340811866201
ENST00000373433.9	ENSG00000101413	+	7	5	353	2639	136.0	130	23.717082451262844	9157.833333333334	7171.5	7433.8896794791535
ENST00000361475.7	ENSG00000198959	-	13	11	82	2985	173.0	161	56.82956976785941	2743.0	2238.0	1930.639601978389
ENST00000262879.11	ENSG00000170471	+	30	28	227	4085	154.32142857142858	152.5	39.498760947681845	3358.0344827586205	2655	3108.662763527093
ENST00000619850.2	ENSG00000101447	+	4	2	509	1568	146.5	146.5	30.405591591021544	8106.666666666667	5749	6099.401637319298
ENST00000252011.8	ENSG00000101452	+	22	20	64	1223	101.35	95.5	37.646940184604084	3526.8571428571427	3058	2408.5911501480336
ENST00000373313.3	ENSG00000204103	-	1	0	3389	3389	NA	NA	NA	NA	NA	NA
ENST00000361337.3	ENSG00000198900	+	21	19	279	1293	113.78947368421052	116	40.851463930478154	4596.6	1502.5	7505.500477018592
ENST00000685551.1	ENSG00000124181	+	32	30	316	3160	120.53333333333333	109.5	47.080073633473994	1064.258064516129	143	3874.124098577999
ENST00000683867.1	ENSG00000174306	-	4	2	223	6747	1552.0	1552.0	2061.9233739399724	43067.666666666664	48425	23986.973992843145
ENST00000373257.8	ENSG00000132793	+	20	18	182	1861	134.38888888888889	109.5	73.61436791414224	805.2631578947369	385	1110.1714503277442
ENST00000373233.8	ENSG00000124177	-	37	35	38	3407	207.82857142857142	152	256.4322506231692	5710.444444444444	1679.5	11666.964955914613
ENST00000244020.5	ENSG00000124193	+	6	4	245	3541	141.75	137.0	52.25179422756696	399.0	220	486.47456254155776
ENST00000373030.8	ENSG00000101052	+	14	12	118	364	106.0	98.5	29.881584477886893	4200.692307692308	3638	3434.5641495589944
ENST00000217026.5	ENSG00000101057	+	14	12	190	524	162.83333333333334	127.0	100.16516663022433	3592.3846153846152	2445	2508.512923973801
ENST00000255174.3	ENSG00000132823	-	4	2	76	1801	116.0	116.0	2.8284271247461903	4241.333333333333	3806	850.1648859682064
ENST00000396825.4	ENSG00000197296	-	2	0	227	4401	NA	NA	NA	3735.0	3735	NA
ENST00000262605.9	ENSG00000124120	+	5	3	118	5341	255.0	194	182.3211452355431	3126.5	3224.0	964.2034709195634
ENST00000342374.5	ENSG00000132824	-	10	8	158	2994	155.5	166.0	50.438080851673966	2248.222222222222	1432	2247.0052724558623
ENST00000372886.6	ENSG00000168734	+	4	2	153	753	122.0	122.0	73.53910524340094	11769.666666666666	7065	11304.753041678236
ENST00000372874.9	ENSG00000196839	-	12	10	125	326	104.5	109.5	29.189990674125877	2789.2727272727275	1123	4582.076910984998
ENST00000353703.9	ENSG00000166913	+	6	4	182	2151	171.75	144.0	91.8418023923021	3961.6	869	6566.681642960925
ENST00000372813.4	ENSG00000025772	-	7	5	191	1084	139.6	148	26.931394319641157	2715.8333333333335	3010.0	1769.4311421094258
ENST00000372806.8	ENSG00000101109	+	11	9	92	5004	141.11111111111111	138	32.17702769230109	10714.4	5331.0	15201.901534566874
ENST00000372733.3	ENSG00000124145	-	5	3	100	2128	128.33333333333334	139	76.55934517309649	5131.0	2831.0	4852.826667692415
ENST00000243918.10	ENSG00000204070	+	4	2	160	2335	116.5	116.5	68.58935777509511	1108.6666666666667	1188	858.7527777732852
ENST00000372622.8	ENSG00000101457	+	13	11	156	362	67.81818181818181	61	16.696216228943502	1516.75	1224.0	1640.558171366186
ENST00000356455.9	ENSG00000175063	+	6	4	153	244	95.0	73.5	77.19671841039185	706.4	795	370.04905080272806
ENST00000491381.6	ENSG00000124104	+	4	2	142	2638	213.0	213.0	77.78174593052023	2090.6666666666665	490	2973.846218844097
ENST00000255152.3	ENSG00000132801	+	2	0	367	2409	NA	NA	NA	18733.0	18733	NA
ENST00000372523.1	ENSG00000168612	+	2	0	35	2734	NA	NA	NA	1271.0	1271	NA
ENST00000646241.3	ENSG00000064601	+	15	13	45	454	104.53846153846153	92	38.202564016514614	402.0	242.5	460.30224184350203
ENST00000372409.8	ENSG00000100982	+	17	15	122	497	138.0	143	33.734255586866	665.5625	219.0	768.7431273405527
ENST00000322927.3	ENSG00000198026	-	28	26	82	421	151.96153846153845	129.0	85.2016341482865	707.0370370370371	231	836.6673579184668
ENST00000290231.11	ENSG00000124160	-	8	6	146	1899	196.5	168.5	107.40903127763512	3678.285714285714	1571	4094.4777735500334
ENST00000372230.10	ENSG00000080189	-	10	8	55	4541	153.0	140.5	100.41058566847279	1402.4444444444443	699	1744.5185661889006
ENST00000290246.11	ENSG00000062598	-	22	20	68	1511	104.35	106.5	38.554506870144245	1757.142857142857	1062	1954.2356891049321
ENST00000371998.8	ENSG00000124151	+	23	21	133	3467	207.66666666666666	172	170.5503835625512	6682.954545454545	1176.5	18514.02252213755
ENST00000688720.1	ENSG00000196562	-	21	19	139	987	141.1578947368421	143	66.20612858329888	6213.4	1401.0	9821.590006339686
ENST00000371917.5	ENSG00000124198	+	39	37	300	3671	136.75675675675674	139	45.49688964057837	2788.2105263157896	1480.0	3704.99176172914
ENST00000262982.3	ENSG00000124207	+	25	23	112	601	123.34782608695652	104	46.037147743230314	1962.0	1383.5	2521.6894785216828
ENST00000371856.7	ENSG00000124214	-	14	12	219	1555	156.41666666666666	141.5	80.1390363775055	5488.076923076923	2185	5746.927664145694
ENST00000618172.5	ENSG00000124228	+	21	19	126	258	115.05263157894737	106	39.063301453766506	1104.4	1143.0	929.1794569177123
ENST00000396105.6	ENSG00000124201	-	14	12	37	3812	280.0	143.0	483.06728309832783	1919.1538461538462	1469	1084.5300707490662
ENST00000371711.4	ENSG00000158470	-	9	7	303	3515	129.14285714285714	123	27.889236701808887	9526.5	2018.5	19346.061348871135
ENST00000361573.3	ENSG00000197818	+	16	14	121	4414	115.14285714285714	109.0	48.91571580532429	4884.533333333334	3159	4115.838377825465
ENST00000289431.10	ENSG00000158480	-	3	1	150	3455	438.0	438	NA	4048.0	4048.0	3873.5309473399075
ENST00000244050.3	ENSG00000124216	+	3	1	162	1015	528.0	528	NA	2101.0	2101.0	2006.769045007422
ENST00000371652.9	ENSG00000240849	-	6	4	207	6926	142.5	132.5	51.746175382018976	5553.4	2795	5299.2003453351335
ENST00000303004.5	ENSG00000172216	+	1	0	1839	1839	NA	NA	NA	NA	NA	NA
ENST00000371621.5	ENSG00000196396	+	10	8	208	2550	152.625	150.0	53.328999079835945	7875.555555555556	3310	16191.258359923042
ENST00000371610.7	ENSG00000124171	+	3	1	273	4083	223.0	223	NA	8791.5	8791.5	3942.1203051150023
ENST00000371564.8	ENSG00000101096	-	11	9	350	4489	297.77777777777777	172	332.8977987978359	14823.8	12725.0	13985.623140290254
ENST00000338821.6	ENSG00000054793	-	28	26	89	4834	113.03846153846153	104.0	45.355908783073254	6074.62962962963	3019	8165.645676802804
ENST00000216923.5	ENSG00000020256	-	6	4	189	2151	179.25	201.0	87.16794135460582	7489.0	4519	7706.825935493807
ENST00000371471.7	ENSG00000171940	-	6	4	84	2194	878.0	843.5	871.7839946531097	4195.8	3010	3716.91588551584
ENST00000371384.4	ENSG00000124098	+	3	1	218	2593	176.0	176	NA	3351.5	3351.5	3597.052195895967
ENST00000395915.8	ENSG00000087586	-	9	7	48	951	147.71428571428572	149	79.83047514517725	2599.125	1777.0	2415.307163991481
ENST00000395863.8	ENSG00000101144	-	7	5	937	2356	145.6	149	52.218770571510014	15644.666666666666	13634.5	14172.67120435194
ENST00000395841.7	ENSG00000101146	+	12	10	168	1190	102.7	95.0	34.71487033278711	2323.909090909091	1625	2558.372117364691
ENST00000356208.10	ENSG00000132819	+	4	2	423	1791	89.5	89.5	48.79036790187178	5181.666666666667	835	7819.683454803867
ENST00000341744.8	ENSG00000124225	-	4	2	542	4203	104.5	104.5	71.4177848998413	18888.666666666668	6456	26918.1470635208
ENST00000244040.4	ENSG00000124209	+	7	5	298	7902	90.2	82	17.15225932639779	8190.333333333333	3185.0	12487.170626954157
ENST00000475243.6	ENSG00000124164	+	6	4	289	7025	128.75	128.5	44.0028408173836	10808.8	4239	11546.378618424047
ENST00000371141.8	ENSG00000124222	+	9	7	856	3340	105.85714285714286	108	50.95562962496088	2913.375	1748.0	3030.877239230536
ENST00000371085.8	ENSG00000087460	+	13	11	445	510	81.72727272727273	73	30.525697073419664	1493.1666666666667	266.5	1779.3423112504408
ENST00000217131.6	ENSG00000101160	-	6	4	269	575	164.5	163.5	11.902380714238083	2113.6	879	1934.7846908635597
ENST00000355937.9	ENSG00000101166	-	6	4	88	1982	108.25	96.5	42.57835913544188	1427.8	1185	1559.8035773776132
ENST00000614565.5	ENSG00000179242	+	16	14	310	3881	177.64285714285714	169.0	43.77144686253312	45445.26666666667	7930	123957.35570605761
ENST00000279068.11	ENSG00000149657	+	9	7	319	1212	149.28571428571428	162	34.97005521735363	1290.5	1105.0	1050.5617544913769
ENST00000331758.8	ENSG00000184402	+	11	9	121	3333	121.66666666666667	120	36.08323710533743	3419.7	1324.5	4511.733001605678
ENST00000313733.9	ENSG00000130703	+	14	12	77	2399	122.33333333333333	124.0	31.90421269799316	4132.2307692307695	2413	4510.141002116714
ENST00000370487.5	ENSG00000101189	+	5	3	199	2274	93.0	82	25.357444666211933	626.25	422.0	489.075573573928
ENST00000290291.10	ENSG00000060491	+	7	5	196	1771	88.6	79	34.21695486158872	1126.0	865.5	714.4150054415151
ENST00000395343.6	ENSG00000101191	-	16	14	67	4672	267.14285714285717	196.5	210.8341882737592	2685.6	831	3831.348490693956
ENST00000266069.5	ENSG00000101193	+	5	3	107	3737	175.0	197	38.97435053981015	1490.0	1206.0	1245.6005245128417
ENST00000370339.8	ENSG00000149658	-	5	3	266	1306	542.0	80	848.2847399311154	4376.25	3592.5	4399.923058039387
ENST00000370283.9	ENSG00000101199	+	13	11	108	2227	83.18181818181819	77	37.3679493197531	1144.0	771.0	785.0632863892972
ENST00000217182.6	ENSG00000101210	-	8	6	26	412	222.5	225.0	52.671624239242895	1328.142857142857	1326	618.0597135583337
ENST00000370077.2	ENSG00000101216	-	10	8	146	3125	126.125	125.5	36.27056067154975	3913.0	1989	4577.4027843308695
ENST00000370053.3	ENSG00000197457	-	5	3	98	1686	154.66666666666666	176	51.432804058629095	2866.25	1083.0	4129.095653610687
ENST00000622789.5	ENSG00000101246	-	8	6	110	1884	87.33333333333333	85.5	11.290113669342158	973.1428571428571	260	1445.4612214989177
ENST00000355969.11	ENSG00000197114	+	7	5	80	362	285.0	153	217.38215198125167	4372.833333333333	384.0	9645.697868307232
ENST00000245663.9	ENSG00000130584	-	5	3	168	3632	477.0	285	430.41491609840847	20591.0	18337.0	14946.772092997204
ENST00000346249.9	ENSG00000101150	+	7	5	115	1689	101.2	102	46.676546573198834	3993.1666666666665	4068.5	2418.3816420628623
ENST00000360864.9	ENSG00000101152	+	5	3	198	4547	168.0	172	48.12483766206386	8909.25	1092.0	16071.880710835721
ENST00000354216.11	ENSG00000198276	-	15	13	157	227	111.84615384615384	107	53.238216464375405	1053.5714285714287	101.0	2547.925905041671
ENST00000369888.6	ENSG00000196700	-	17	15	117	3436	161.93333333333334	125	139.79600784544533	452.8125	240.0	542.1327289818734
ENST00000369886.8	ENSG00000130590	-	5	3	266	1417	165.0	172	21.37755832643195	837.25	648.5	895.1720039560367
ENST00000266079.5	ENSG00000101161	+	21	19	185	260	136.94736842105263	127	34.55506665568665	2446.1	1373.5	2612.539818885668
ENST00000343484.10	ENSG00000171703	+	10	8	187	176	102.375	97.0	38.41851302246279	885.3333333333334	438	938.3881126698058
ENST00000395042.2	ENSG00000171700	-	6	4	225	864	132.5	110.0	70.97652193977011	943.8	210	1119.2701639908034
ENST00000308824.11	ENSG00000203880	+	6	4	123	3006	182.5	148.0	103.12613635737547	3324.0	4071	1754.175162291383
ENST00000285667.4	ENSG00000155304	-	5	3	52	3170	241.0	214	89.60468737739114	2021.75	1965.0	675.311964946572
ENST00000318948.7	ENSG00000180530	-	4	2	256	7292	101.5	101.5	30.405591591021544	32005.0	29028	12590.295826548318
ENST00000400183.7	ENSG00000155313	+	26	24	457	1762	131.66666666666666	126.0	49.16579463731712	5788.16	3550	6823.431679880733
ENST00000284878.12	ENSG00000154639	+	7	5	130	4673	158.0	156	31.144823004794873	8577.5	4253.0	12594.024436215772
ENST00000348354.7	ENSG00000154640	-	5	3	203	680	175.66666666666666	181	35.303446479534166	4459.75	4129.0	1092.8849817493758
ENST00000284881.9	ENSG00000154642	-	5	3	54	4608	244.66666666666666	134	255.64493606041432	6246.75	1468.5	9887.718185540416
ENST00000400075.4	ENSG00000154727	+	10	8	607	3457	145.25	143.0	63.99274512451727	3584.777777777778	3681	1802.4044203353599
ENST00000346798.8	ENSG00000142192	-	18	16	207	1222	134.625	132.0	50.160907753614936	16861.058823529413	9950	16582.70352834011
ENST00000284984.8	ENSG00000154734	-	9	7	1185	2524	210.57142857142858	176	76.626490508303	559.0	391.5	490.8578496585631
ENST00000303775.10	ENSG00000156239	-	6	4	156	4301	101.0	89.0	27.48332827976505	1663.2	1700	592.2239441292458
ENST00000493196.2	ENSG00000156253	-	5	3	139	2268	219.33333333333334	227	147.6493594071215	2975.25	612.5	5098.01846308936
ENST00000399976.7	ENSG00000156256	+	18	16	110	423	149.4375	103.0	140.4250541510785	1582.1764705882354	1236	1227.4865190346347
ENST00000286788.9	ENSG00000156261	-	15	13	118	227	116.07692307692308	116	43.02026952197754	1104.9285714285713	668.0	1200.2460301817428
ENST00000286800.8	ENSG00000156273	+	5	3	32	3750	612.0	294	627.6456006378122	10402.25	8624.5	9118.436977720834
ENST00000541036.6	ENSG00000156299	-	28	26	124	2420	179.76923076923077	136.5	179.5967277413055	8097.259259259259	5076	11852.033936426247
ENST00000270142.11	ENSG00000142168	+	5	3	149	461	95.0	97	24.06241883103193	2086.0	1828.5	1470.8398961137816
ENST00000286835.12	ENSG00000156304	-	20	18	456	1355	136.55555555555554	150.0	43.28458796795409	2992.1052631578946	844	6103.649062421019
ENST00000270112.7	ENSG00000142149	+	11	9	916	5539	136.11111111111111	136	74.42688433026812	12336.5	7663.5	13925.90400217443
ENST00000331923.9	ENSG00000159086	-	18	16	430	1169	143.3125	137.0	47.51942585231153	1997.9411764705883	1383	1626.410982446789
ENST00000270139.8	ENSG00000142166	+	11	9	162	4549	151.55555555555554	151	25.461299608970823	2882.0	1831.0	3118.998129741878
ENST00000290219.11	ENSG00000159128	+	7	5	204	689	161.2	158	27.21580423210014	5400.833333333333	5171.0	3549.989375570956
ENST00000542230.7	ENSG00000142188	-	7	5	137	1723	94.4	93	33.35116189880047	4750.333333333333	4732.0	3389.3617491596656
ENST00000381947.4	ENSG00000177692	-	2	0	115	1370	NA	NA	NA	2177.0	2177	NA
ENST00000381815.9	ENSG00000159131	-	22	20	53	383	144.1	134.5	51.380827880486805	1660.3333333333333	1172	1512.357640683358
ENST00000356577.10	ENSG00000159140	+	12	10	132	1117	714.4	147.5	1827.9641499037484	2368.2727272727275	1913	2096.80395320636
ENST00000303071.10	ENSG00000159147	-	10	8	364	894	155.25	179.0	56.26150675957002	959.3333333333334	923	492.37409558180457
ENST00000290299.7	ENSG00000241837	-	7	5	77	187	98.4	111	30.607188698082023	1932.6666666666667	1839.0	1141.746498425402
ENST00000381151.5	ENSG00000198743	+	2	0	168	11398	NA	NA	NA	21117.0	21117	NA
ENST00000313806.9	ENSG00000159200	-	4	2	354	1815	167.0	167.0	9.899494936611665	32056.333333333332	3242	51093.69984972054
ENST00000675419.1	ENSG00000159216	-	9	7	135	4810	146.57142857142858	157	68.46618908351076	31941.375	13834.0	51453.52281688648
ENST00000290349.11	ENSG00000159228	+	3	1	381	719	108.0	108	NA	966.5	966.5	596.0910165402596
ENST00000290354.6	ENSG00000159231	+	3	1	403	487	108.0	108	NA	5243.0	5243.0	4101.219330881976
ENST00000400485.6	ENSG00000159256	+	17	15	107	1490	175.13333333333333	129	201.89985730790497	3263.25	2554.0	3240.339354656134
ENST00000314103.6	ENSG00000159259	+	14	12	60	2741	138.75	100.5	98.7495684685623	2242.923076923077	1997	1493.6964473824917
ENST00000674895.3	ENSG00000159267	-	11	9	226	5792	250.55555555555554	163	266.4503289128722	20977.1	4721.5	39605.76373725308
ENST00000418766.6	ENSG00000182670	+	46	44	220	1668	135.3181818181818	99.0	157.83414502620218	2711.3777777777777	1430	3220.638737388544
ENST00000309117.11	ENSG00000157538	-	8	6	97	2205	125.66666666666667	147.0	37.09267672555685	5836.714285714285	2027	9299.141066325888
ENST00000647188.2	ENSG00000157540	+	12	10	856	14448	172.0	147.5	74.81235786211319	12960.181818181818	5327	19670.521918943494
ENST00000360938.8	ENSG00000157557	+	10	8	192	2282	149.25	119.5	70.22565668715998	1706.5555555555557	1333	1109.5469921448923
ENST00000342449.8	ENSG00000185658	-	41	39	190	11934	143.69230769230768	126	134.11781031814684	2760.575	1705.0	3247.2412819112656
ENST00000380749.10	ENSG00000205581	-	6	4	186	845	60.0	40.5	46.66904755831214	1100.6	325	1333.3117789924456
ENST00000649170.1	ENSG00000182093	+	5	3	161	1024	116.33333333333333	115	49.01360355384343	4007.5	2457.0	4299.681654882525
ENST00000330333.11	ENSG00000182240	+	9	7	416	7160	141.57142857142858	135	42.90243638325273	13225.5	5472.0	18764.68409387318
ENST00000398598.8	ENSG00000157601	+	17	15	25	685	137.73333333333332	138	48.86200198615728	1887.375	1511.0	1371.9526656071873
ENST00000398548.6	ENSG00000141956	-	24	22	75	3498	134.1818181818182	131.0	53.381498813581615	3243.2608695652175	1612	4122.467720998181
ENST00000380486.4	ENSG00000157617	-	14	12	649	4233	132.58333333333334	118.5	61.217137133223396	4802.615384615385	2808	5622.139102667559
ENST00000310826.10	ENSG00000173276	-	3	1	109	7278	65.0	65	NA	8039.0	8039.0	1059.245958217448
ENST00000398449.8	ENSG00000160179	+	15	13	165	1081	133.07692307692307	124	44.95638912409362	5366.357142857143	2004.5	11586.590934266298
ENST00000352133.3	ENSG00000160190	+	20	18	866	1082	98.0	81.5	47.200448651905596	3361.2105263157896	2988	2554.012694194229
ENST00000291539.11	ENSG00000160191	+	20	18	263	230	94.38888888888889	84.0	33.84069754685202	6299.8421052631575	2693	9754.766665374751
ENST00000354250.7	ENSG00000160194	+	4	2	73	4436	608.0	608.0	688.7220048756973	4755.333333333333	4587	1302.6827446977768
ENST00000291547.10	ENSG00000160199	+	11	9	103	4042	128.33333333333334	128	36.29049462324811	5407.0	3065.0	8575.745072910899
ENST00000340648.6	ENSG00000160208	+	16	14	235	2890	139.5	90.5	173.84376274734117	2096.133333333333	1119	2647.4090532515174
ENST00000291565.9	ENSG00000160209	+	11	9	253	6349	82.11111111111111	84	31.521597534248023	3583.0	1975.0	4373.943910629551
ENST00000497547.2	ENSG00000160214	+	13	11	186	1782	90.0	83	45.33651949587661	1063.25	1181.5	671.0210842101353
ENST00000291572.13	ENSG00000160216	+	10	8	123	5289	144.125	158.0	58.205148274996134	12867.222222222223	2867	20045.825337073165
ENST00000291574.9	ENSG00000160218	+	23	21	252	3260	165.42857142857142	142	92.87656939646911	3966.2727272727275	2275.5	4837.531013133694
ENST00000349048.9	ENSG00000141959	+	22	20	138	659	105.5	98.0	40.54302458013293	1162.5714285714287	683	1551.3015364985806
ENST00000291592.6	ENSG00000160233	+	2	0	146	5699	NA	NA	NA	842.0	842	NA
ENST00000345496.7	ENSG00000184787	-	6	4	115	2910	85.5	82.5	52.322716545174394	5974.8	3611	5794.659929624861
ENST00000332859.11	ENSG00000184900	-	4	2	115	1424	100.5	100.5	40.30508652763321	3568.6666666666665	3843	1445.1623899525387
ENST00000330938.8	ENSG00000183255	-	6	4	189	2030	95.25	81.0	58.28879251908838	4298.6	4123	2559.4852607506846
ENST00000348831.9	ENSG00000197381	+	11	9	214	4543	238.33333333333334	169	263.61003395166887	14507.9	3855.0	19139.408945071074
ENST00000311124.9	ENSG00000173638	-	6	4	73	3576	335.5	220.0	285.75688968072143	4977.0	4811	3305.287657678224
ENST00000361866.8	ENSG00000142156	+	35	33	178	1658	71.72727272727273	54	51.74231387804903	561.0588235294117	354.0	657.5454790666561
ENST00000300527.9	ENSG00000142173	+	28	26	62	895	95.6923076923077	63.0	131.80584789174392	1158.962962962963	387	2633.895717833501
ENST00000397728.8	ENSG00000160285	-	22	20	43	2790	102.65	102.0	38.261255653866435	1687.7619047619048	743	2120.6301635306877
ENST00000291688.6	ENSG00000160294	-	28	26	1544	294	175.57692307692307	157.5	70.557308949207	1632.4444444444443	1600	1184.0646530338208
ENST00000397701.9	ENSG00000182362	+	5	3	74	213	150.66666666666666	129	94.38396756511845	2667.75	2759.0	2101.9134734807712
ENST00000359568.10	ENSG00000160299	+	47	45	127	486	220.2888888888889	171	179.0663440056661	2414.9565217391305	1373.5	3004.023102119495
ENST00000417564.3	ENSG00000160305	+	38	36	332	2646	121.44444444444444	120.0	41.07097998374761	2804.7297297297296	1274	4898.795218376819
ENST00000355680.8	ENSG00000160310	+	12	10	90	830	143.4	149.5	32.459205165869356	2463.3636363636365	955	2860.8442206008795
ENST00000319363.11	ENSG00000177663	+	13	11	230	7387	86.27272727272727	85	50.05215461714093	1844.0	989.5	3186.28989150819
ENST00000336737.8	ENSG00000069998	-	8	6	152	838	134.83333333333334	144.0	65.79184346609135	2851.285714285714	1892	3044.127500302055
ENST00000262608.13	ENSG00000099954	+	19	17	450	5317	250.76470588235293	129	354.91275854281514	9925.666666666666	1769.0	24994.981701039393
ENST00000253413.10	ENSG00000131100	-	9	7	147	601	83.57142857142857	88	16.761634196950517	4410.125	2684.5	4138.07637979291
ENST00000317582.10	ENSG00000099968	+	7	5	130	4179	130.0	144	40.89621009335706	14523.333333333334	11886.5	9726.238155971027
ENST00000622694.5	ENSG00000015475	-	6	4	89	1454	158.5	175.5	68.07104132203845	7631.0	4314	9455.333071870076
ENST00000441493.7	ENSG00000243156	-	32	30	281	3268	196.6	116.5	312.75589247184786	7337.612903225807	1709	21117.211289494673
ENST00000215794.8	ENSG00000184979	+	11	9	53	626	131.0	132	62.06649659840645	2537.0	2018.0	2201.357762836382
ENST00000215882.10	ENSG00000100075	-	9	7	157	664	103.85714285714286	105	21.066787220872666	201.0	160.5	154.81971081597737
ENST00000263202.15	ENSG00000070010	-	12	10	111	834	84.6	77.5	34.39379789051121	2499.2727272727275	2598	2077.0205146270987
ENST00000361682.11	ENSG00000093010	+	6	4	126	1440	176.5	163.0	86.12587687023377	5186.4	1237	8034.888070160032
ENST00000327374.9	ENSG00000183597	+	9	7	137	2623	107.0	105	26.488991424111767	5318.25	3953.5	5054.3319962752175
ENST00000351989.8	ENSG00000128191	+	14	12	143	1848	209.58333333333334	121.0	254.12468605117067	2086.6153846153848	1021	3107.805671167937
ENST00000252136.12	ENSG00000099899	-	12	10	344	920	162.2	115.5	147.48619521086636	224.1818181818182	186	191.1888167136447
ENST00000430524.6	ENSG00000099901	+	6	4	327	404	122.5	133.0	39.60218849171512	2006.2	2582	1189.3663018599443
ENST00000334554.12	ENSG00000099904	+	11	9	248	2779	224.66666666666666	122	292.2926615568718	1115.5	213.0	2174.312266748577
ENST00000622235.5	ENSG00000244486	-	11	9	244	1699	168.88888888888889	118	138.64563141733356	977.9	201.0	1707.5367215833326
ENST00000263205.11	ENSG00000099917	+	18	16	137	1052	135.125	124.0	80.49585910674743	4509.35294117647	1657	7567.241356177762
ENST00000255882.11	ENSG00000241973	-	55	53	242	408	115.11320754716981	109	40.665455183521786	2673.5185185185187	1088.0	4721.143864196795
ENST00000215730.12	ENSG00000099940	+	5	3	341	3536	127.33333333333333	99	60.682232435312834	6987.25	7312.0	4411.253516103256
ENST00000354336.8	ENSG00000099942	+	3	1	839	4037	466.0	466	NA	15499.5	15499.5	47.37615433949868
ENST00000646124.2	ENSG00000099949	+	21	19	275	1801	116.10526315789474	109	42.326632982663796	622.7	440.5	627.6474957708095
ENST00000215742.9	ENSG00000184436	-	4	2	287	1329	148.5	148.5	10.606601717798213	367.3333333333333	420	134.94196283340972
ENST00000342192.9	ENSG00000185651	+	4	2	58	2520	141.5	141.5	64.34671708797582	17820.0	17900	7309.328354917434
ENST00000248958.5	ENSG00000128228	+	3	1	222	406	197.0	197	NA	586.5	586.5	351.4320702497141
ENST00000398831.8	ENSG00000100023	+	20	18	120	2514	79.66666666666667	74.5	33.36077301967969	1464.6315789473683	655	1726.3204997439661
ENST00000215832.11	ENSG00000100030	-	9	7	324	4584	139.0	126	33.30665599145812	12763.5	5837.5	19480.677290953867
ENST00000263212.10	ENSG00000100034	-	8	6	57	4047	174.16666666666666	169.0	59.08440290522251	4039.285714285714	5305	2437.5713811281994
ENST00000357179.10	ENSG00000100038	-	18	16	58	571	137.8125	139.5	37.30275905792135	1348.764705882353	969	1557.9539278093146
ENST00000626650.3	ENSG00000275004	-	4	2	84	5046	89.5	89.5	40.30508652763321	6337.666666666667	4596	6595.291679170326
ENST00000405655.8	ENSG00000185686	-	6	4	295	943	266.5	210.5	259.50016056513977	1852.2	1082	2195.491562270281
ENST00000615612.2	ENSG00000128266	+	3	1	52	1946	1172.0	1172	NA	25672.0	25672.0	1408.5567081236027
ENST00000263116.8	ENSG00000100228	+	11	9	75	4164	83.44444444444444	82	20.77324668360191	1519.7	1339.0	1080.6237961885204
ENST00000305877.13	ENSG00000186716	+	23	21	1731	2605	116.52380952380952	110	38.932787015084145	5943.0	1303.5	15089.641641110728
ENST00000484558.3	ENSG00000250479	-	4	2	139	193	184.0	184.0	50.91168824543142	479.6666666666667	240	539.9836417275372
ENST00000215743.8	ENSG00000099953	+	8	6	130	906	204.16666666666666	223.5	52.35424210765224	1315.2857142857142	816	2193.8220616301674
ENST00000644036.2	ENSG00000099956	+	9	7	297	3869	146.42857142857142	138	23.642173778068315	5731.625	5874.0	4329.645248994755
ENST00000358321.4	ENSG00000099994	+	15	13	109	695	182.15384615384616	175	57.86456335537055	317.7142857142857	136.5	389.28483314750565
ENST00000435822.6	ENSG00000138867	-	6	4	190	2660	146.25	129.0	73.60423447963666	2253.2	902	2239.918904782046
ENST00000215829.8	ENSG00000100028	+	4	2	73	3056	168.5	168.5	34.64823227814083	5169.0	3739	4473.821185519153
ENST00000407690.6	ENSG00000100109	-	15	13	80	1129	179.23076923076923	154	114.64957758764592	1263.9285714285713	1264.5	979.2527342736489
ENST00000338754.9	ENSG00000128294	-	7	5	80	4272	260.2	72	379.52825981736856	10414.0	3922.0	17153.24742432173
ENST00000302326.5	ENSG00000169184	-	2	0	4994	2820	NA	NA	NA	45666.0	45666	NA
ENST00000335272.10	ENSG00000180957	-	12	10	85	1995	83.4	85.0	40.63441343929497	5879.454545454545	3207	6757.8462303257
ENST00000397906.7	ENSG00000100154	-	23	21	219	5838	272.04761904761904	148	297.7425861697443	31366.227272727272	2561.0	72473.26854248815
ENST00000404276.6	ENSG00000183765	-	15	13	52	244	119.07692307692308	100	69.29581701957382	3731.0	3208.5	2953.943335741096
ENST00000249064.9	ENSG00000159873	+	5	3	340	3207	139.0	138	85.5043858524228	3159.25	2389.0	2790.919367639751
ENST00000344347.6	ENSG00000100219	-	6	4	272	1173	86.5	89.0	37.429934544425805	843.8	884	716.8808827134394
ENST00000544604.7	ENSG00000183579	+	9	7	495	3910	352.42857142857144	126	617.8108818354414	20880.625	1665.0	38164.169328750904
ENST00000400335.9	ENSG00000183762	+	9	7	193	4877	158.71428571428572	154	83.10377906712844	8450.625	4111.0	8901.921172060076
ENST00000397938.7	ENSG00000182944	+	17	15	82	400	127.86666666666666	124	67.61431237611781	1865.875	1383.5	1657.8858374447861
ENST00000616432.5	ENSG00000185340	+	6	4	504	1326	257.25	140.0	265.2362154759414	655.8	463	678.460536803726
ENST00000357586.7	ENSG00000100280	-	23	21	147	1216	133.42857142857142	130	66.18502204318695	2578.4545454545455	866.5	4478.571314788347
ENST00000216121.12	ENSG00000184117	-	10	8	129	1192	86.5	89.5	37.213668763737104	2699.222222222222	874	3705.3809108436403
ENST00000338641.10	ENSG00000186575	+	16	14	480	3847	115.92857142857143	118.5	40.21378310540245	5934.4	3115	8245.168280358417
ENST00000344318.4	ENSG00000100319	-	6	4	136	399	102.5	96.5	39.853899850997436	7021.4	5937	6708.381645374688
ENST00000330029.6	ENSG00000184076	+	2	0	180	736	NA	NA	NA	2129.0	2129	NA
ENST00000307790.8	ENSG00000100325	-	20	18	97	574	117.72222222222223	109.5	42.706667829791904	2467.0526315789475	1284	2428.9770245856407
ENST00000401950.7	ENSG00000100330	+	20	18	186	5239	197.88888888888889	115.5	304.3517486858004	7300.421052631579	2941	16463.55138654203
ENST00000215790.12	ENSG00000099992	-	9	7	269	862	120.14285714285714	108	40.37089946743228	4122.5	742.0	7456.837782484323
ENST00000215793.13	ENSG00000099995	-	16	14	165	2708	158.35714285714286	153.0	59.803019145366726	1321.1333333333334	879	1677.0637549286068
ENST00000382363.8	ENSG00000099999	-	9	7	383	802	118.0	120	32.254198693090075	822.5	258.5	1333.569002981955
ENST00000615189.5	ENSG00000100003	+	12	10	153	3027	102.7	90.0	48.8786479172882	2189.0	1109	2488.1497543355385
ENST00000266263.10	ENSG00000242114	+	4	2	179	593	180.5	180.5	74.24621202458749	718.0	770	368.76008460786534
ENST00000343605.5	ENSG00000100036	+	2	0	1289	1296	NA	NA	NA	9528.0	9528	NA
ENST00000397641.8	ENSG00000133422	-	26	24	953	1742	123.41666666666667	110.5	70.4833724867181	1519.52	545	2244.3765117882217
ENST00000333137.12	ENSG00000183963	+	21	19	139	309	149.89473684210526	131	108.76013093901342	1000.55	482.0	1313.8251696157254
ENST00000326132.11	ENSG00000138942	+	7	5	122	2531	105.8	113	77.9211139550764	7276.0	3690.0	9642.601433223297
ENST00000331728.9	ENSG00000182541	+	16	14	127	1784	125.42857142857143	121.0	49.924118243766536	4274.4	1328	8435.13589356195
ENST00000215912.10	ENSG00000100100	-	6	4	214	1689	129.25	118.5	51.34442520858521	1693.8	978	2477.127509838765
ENST00000266269.10	ENSG00000100105	-	5	3	2015	1506	124.66666666666667	138	55.22076903967685	4162.0	4122.0	3163.7304984253424
ENST00000331457.9	ENSG00000185721	+	9	7	122	581	137.42857142857142	131	37.54933262992008	4148.0	3029.0	3310.484125148034
ENST00000330125.10	ENSG00000184708	-	19	17	149	755	161.35294117647058	140	74.97327955384387	2601.6111111111113	1031.5	3774.0663378141912
ENST00000439502.7	ENSG00000241878	-	8	6	72	1346	156.66666666666666	154.0	51.24321093244125	5909.571428571428	716	9818.807885161736
ENST00000327423.11	ENSG00000183530	-	9	7	140	4457	890.0	107	1911.4277386289025	7244.875	7801.0	5044.420182948964
ENST00000651528.2	ENSG00000100150	+	43	41	146	1829	111.6829268292683	98	51.89674316582412	3510.9761904761904	2750.5	3187.9793851897616
ENST00000248975.6	ENSG00000128245	+	2	0	286	1465	NA	NA	NA	11318.0	11318	NA
ENST00000216038.6	ENSG00000100220	-	12	10	184	518	131.7	138.5	41.80922279965404	2058.818181818182	1532	1379.811930531246
ENST00000266087.12	ENSG00000100225	+	9	7	314	686	151.42857142857142	142	89.16624387972753	2744.875	2574.0	1151.7321659756044
ENST00000266085.7	ENSG00000100234	+	5	3	418	3862	105.66666666666667	112	20.256686138984662	14185.0	4377.5	22332.317046528482
ENST00000397394.8	ENSG00000133424	-	15	13	482	2116	165.76923076923077	156	64.50601244090073	45943.92857142857	22862.5	50607.842027563405
ENST00000216106.6	ENSG00000100281	+	11	9	65	2201	203.22222222222223	106	284.3192649899835	3422.0	1035.0	5490.486256547168
ENST00000449058.7	ENSG00000100284	+	15	13	87	919	97.84615384615384	94	39.36336315629495	3271.5714285714284	1822.5	4659.275145247475
ENST00000216117.9	ENSG00000100292	+	5	3	101	740	237.66666666666666	121	220.50925906485952	2889.5	3072.5	753.4783783670681
ENST00000216122.9	ENSG00000100297	+	17	15	69	1278	140.73333333333332	143	30.76748438267411	1364.625	1452.0	880.74565946513
ENST00000695854.1	ENSG00000100320	-	14	12	585	5514	92.75	81.0	53.08162667919184	21759.76923076923	3743	40261.23653125474
ENST00000216181.11	ENSG00000100345	-	41	39	161	1506	148.30769230769232	144	58.89203048851966	2480.925	869.0	6318.61194748884
ENST00000216185.7	ENSG00000100348	-	4	2	77	872	193.5	193.5	98.2878425849301	4419.666666666667	3718	4089.893926904869
ENST00000397224.9	ENSG00000100350	-	9	7	32	3078	256.57142857142856	242	127.56417619229565	1868.125	1972.5	1173.749844059019
ENST00000433985.7	ENSG00000100360	-	7	5	446	199	85.6	80	27.327641683833605	2806.0	1604.5	2849.5866366896093
ENST00000249042.8	ENSG00000128311	-	3	1	48	461	616.0	616	NA	3729.0	3729.0	4360.0204127962525
ENST00000429360.6	ENSG00000128309	+	3	1	131	600	619.0	619	NA	4362.0	4362.0	60.81118318204309
ENST00000337843.7	ENSG00000133466	-	3	1	85	2570	238.0	238	NA	2594.5	2594.5	159.0990257669732
ENST00000249071.11	ENSG00000128340	-	7	5	156	770	109.2	118	41.05727706509529	2921.3333333333335	1630.5	3190.4521727596334
ENST00000251973.10	ENSG00000100065	-	20	18	450	1032	146.05555555555554	130.5	66.46934032028886	1312.7894736842106	857	1552.0057480902778
ENST00000249014.5	ENSG00000128283	+	3	1	109	1298	741.0	741	NA	3389.0	3389.0	2961.363199609261
ENST00000343632.9	ENSG00000100083	+	17	15	70	964	117.73333333333333	108	40.430657863038725	1370.6875	814.0	1401.656054755707
ENST00000215904.7	ENSG00000241360	+	2	0	634	1378	NA	NA	NA	6198.0	6198	NA
ENST00000215909.10	ENSG00000100097	+	4	2	76	200	126.0	126.0	65.05382386916237	1213.0	1274	240.3767875648562
ENST00000248924.11	ENSG00000100116	+	9	7	230	331	130.28571428571428	131	30.91770951905658	936.375	419.5	975.7795326960754
ENST00000215941.9	ENSG00000100124	-	8	6	424	1163	83.33333333333333	85.5	32.29654264262147	1627.5714285714287	619	1855.5848006439783
ENST00000215957.10	ENSG00000100139	+	16	14	272	2114	166.0	121.0	141.10279940525632	2121.0666666666666	1367	1824.9054561290357
ENST00000442738.7	ENSG00000100142	+	5	3	109	1688	91.0	72	34.655446902326915	3386.0	2734.0	3027.498967795035
ENST00000332509.8	ENSG00000184381	-	17	15	167	811	154.73333333333332	162	49.77874857329993	4189.8125	2167.0	5881.2562174958275
ENST00000338483.7	ENSG00000185022	+	3	1	219	2088	67.0	67	NA	6070.0	6070.0	7834.743135546946
ENST00000361906.8	ENSG00000198792	-	9	7	127	2420	148.57142857142858	166	64.5338596987585	6266.625	2371.5	8829.528282780942
ENST00000216014.9	ENSG00000100196	+	5	3	229	952	171.0	159	76.70723564306043	3414.5	3214.5	2560.3049948525013
ENST00000403230.3	ENSG00000100201	-	13	11	361	3003	127.0	134	54.44446712017668	1509.4166666666667	1132.0	1461.9823688983724
ENST00000216034.6	ENSG00000100216	+	4	2	139	1655	118.5	118.5	0.7071067811865476	478.0	437	273.8119792850561
ENST00000683374.1	ENSG00000100221	-	5	3	144	2459	380.0	195	379.02638430589496	2914.5	557.0	4988.535155734597
ENST00000689035.1	ENSG00000100242	-	18	16	236	1647	129.8125	122.0	56.8720420476236	1017.9411764705883	574	1049.4618543918257
ENST00000216068.9	ENSG00000100246	-	4	2	76	1106	146.0	146.0	87.68124086713189	4720.666666666667	1653	5611.260137734957
ENST00000333039.4	ENSG00000221890	-	5	3	794	4382	218.0	226	34.698703145794944	4936.75	2388.0	6637.267830214478
ENST00000407418.8	ENSG00000183741	-	5	3	95	5780	59.0	66	13.0	1185.75	160.5	2061.553520204282
ENST00000216133.10	ENSG00000100307	-	6	4	305	3277	132.25	66.5	146.88402454544425	3559.6	2668	2966.0078051144774
ENST00000331163.11	ENSG00000100311	-	7	5	1082	1955	138.2	145	47.12430370838385	2982.6666666666665	1930.0	2783.04284312453
ENST00000328933.10	ENSG00000100321	+	4	2	119	3880	192.0	192.0	65.05382386916237	10400.666666666666	5498	12121.898421176995
ENST00000216160.11	ENSG00000100324	+	11	9	56	1868	141.55555555555554	139	38.56199914135389	2890.5	1116.0	4492.9614151222995
ENST00000325301.7	ENSG00000100335	+	6	4	148	4616	231.0	220.5	82.53080233060462	2031.0	1022	2708.691473756286
ENST00000674920.3	ENSG00000128272	+	3	1	190	911	318.0	318	NA	351.5	351.5	354.26049737446033
ENST00000355630.10	ENSG00000196588	-	15	13	242	1619	204.69230769230768	153	252.34578941582805	15850.642857142857	3226.5	25942.374491307706
ENST00000435456.7	ENSG00000100372	-	9	7	152	1352	103.14285714285714	96	36.411667413200455	5936.375	2987.5	7027.50904735912
ENST00000216218.8	ENSG00000100380	-	12	10	209	2132	87.1	80.5	27.902409294619066	2626.6363636363635	2453	1739.434234038601
ENST00000357137.9	ENSG00000196236	+	10	8	98	6547	161.625	119.0	109.63828515362948	7525.555555555556	5003	6591.337783620088
ENST00000263253.9	ENSG00000100393	+	31	29	507	3305	171.27586206896552	145	119.38290633555188	2623.5666666666666	1690.0	4366.204970020291
ENST00000216237.10	ENSG00000100395	+	17	15	75	1133	132.06666666666666	118	58.348052564719225	1423.1875	791.0	1306.6672730653354
ENST00000356244.8	ENSG00000100401	-	16	14	202	1894	123.71428571428571	121.0	36.29034321949864	2505.4	1762	2040.5547845062697
ENST00000352645.5	ENSG00000100403	+	23	21	248	2971	127.95238095238095	109	69.26216585588136	2396.2272727272725	1119.5	4013.258157797171
ENST00000266304.9	ENSG00000167074	+	4	2	260	3582	269.5	269.5	68.58935777509511	4334.666666666667	5149	2597.085738541054
ENST00000327492.4	ENSG00000183864	-	2	0	423	3914	NA	NA	NA	8971.0	8971	NA
ENST00000216252.4	ENSG00000100410	-	4	2	91	771	95.5	95.5	101.1162697096763	2641.0	509	3740.4648106886393
ENST00000216254.9	ENSG00000100412	+	18	16	66	496	135.75	128.0	44.97629005005489	3360.235294117647	904	7270.0184450368815
ENST00000216259.8	ENSG00000100417	-	8	6	122	541	96.5	96.0	18.305736805712026	1671.2857142857142	882	1906.1995098699851
ENST00000263256.7	ENSG00000100418	-	6	4	292	3163	81.25	90.0	45.48534562545026	3847.2	2068	5166.7193846772825
ENST00000360079.8	ENSG00000196419	+	13	11	51	420	150.0909090909091	139	47.38239028469236	3385.4166666666665	2807.5	2870.6704461860577
ENST00000401959.6	ENSG00000100138	-	3	1	74	1263	121.0	121	NA	6738.5	6738.5	2390.728027191717
ENST00000255784.6	ENSG00000100147	+	7	5	88	6467	116.0	119	42.714166268347086	4058.5	1928.5	4851.354975674322
ENST00000361204.9	ENSG00000198911	+	19	17	254	1866	183.35294117647058	170	81.13718412083836	3831.3333333333335	1627.5	7600.72166852286
ENST00000215980.10	ENSG00000100162	-	6	4	133	460	86.25	86.0	7.22841614740048	1495.6	608	1689.8309974669064
ENST00000396398.8	ENSG00000198951	-	9	7	531	2080	155.0	162	33.66006535941367	1097.875	660.0	863.0019760778569
ENST00000677622.1	ENSG00000100207	-	6	4	315	1346	1490.75	111.0	2800.3487134045763	20603.4	9712	22063.373490923823
ENST00000252115.10	ENSG00000100227	-	9	7	85	2248	147.0	96	114.21908772179893	3475.125	2754.0	3565.37517310591
ENST00000352397.10	ENSG00000100243	-	9	7	98	2106	101.71428571428571	100	22.85252929629662	3579.625	3007.5	4031.2257596170425
ENST00000263245.10	ENSG00000242247	-	16	14	160	1104	104.57142857142857	120.5	30.083765838620785	3869.6	3237	2761.7281028887896
ENST00000263246.8	ENSG00000100266	-	11	9	129	1697	158.33333333333334	156	39.153543900903784	14212.6	2644.0	31562.50571379486
ENST00000266254.12	ENSG00000100271	-	11	9	115	390	136.77777777777777	135	42.263393669278905	4814.0	4769.0	2725.4838917969128
ENST00000216129.7	ENSG00000100304	-	14	12	242	1538	133.83333333333334	136.5	43.91900258292289	1317.4615384615386	741	1189.5989951369197
ENST00000216180.8	ENSG00000100344	+	9	7	294	1429	147.14285714285714	133	74.05724941203387	2628.125	2552.0	1165.1251848743857
ENST00000350028.5	ENSG00000100347	+	15	13	157	192	103.3076923076923	102	27.253087333929145	2814.0	2601.0	2284.8666010547277
ENST00000338758.12	ENSG00000188677	+	13	11	150	4338	82.36363636363636	73	32.68722296945009	11937.0	5904.5	18729.71501991615
ENST00000336985.11	ENSG00000186654	+	8	6	405	910	92.83333333333333	86.5	38.62339532804783	4800.857142857143	2635	4678.349617424626
ENST00000347635.9	ENSG00000093000	+	8	6	372	3565	202.33333333333334	101.5	229.38497480581998	2706.0	2385	1157.6522218121756
ENST00000441876.7	ENSG00000100376	+	9	7	250	1570	151.85714285714286	129	101.31375124076786	3642.375	2589.0	3691.5636616286524
ENST00000327858.11	ENSG00000077942	+	17	15	182	829	126.2	132	23.637742217539667	5959.3125	2245.5	7790.7698611348205
ENST00000252934.10	ENSG00000130638	+	12	10	346	1639	130.9	134.0	48.79993169394127	15470.90909090909	9140	19734.483623619573
ENST00000314567.8	ENSG00000205643	-	4	2	38	1226	112.5	112.5	0.7071067811865476	1597.3333333333333	1871	562.8324202934061
ENST00000674500.2	ENSG00000075275	-	35	33	3994	2074	166.3939393939394	150	95.76368681353706	4849.64705882353	1059.5	12584.288055812207
ENST00000406902.6	ENSG00000075240	+	19	17	180	2639	98.88235294117646	92	46.24105636896336	3050.0	1082.5	5055.160973756249
ENST00000216264.13	ENSG00000100422	-	13	11	246	2797	127.18181818181819	123	48.78692075099264	4116.75	2477.5	4579.575171345045
ENST00000337137.9	ENSG00000054611	+	13	11	199	2196	123.9090909090909	110	80.20156425588536	34107.166666666664	26452.5	29021.44698739924
ENST00000404760.6	ENSG00000100425	-	13	11	377	1134	309.09090909090907	155	374.1744124189826	4140.0	2169.5	5396.5931845934065
ENST00000216268.6	ENSG00000100426	+	2	0	146	6747	NA	NA	NA	29344.0	29344	NA
ENST00000330817.11	ENSG00000182858	-	10	8	176	3838	164.5	172.0	57.04133839343433	1431.111111111111	546	1630.4746582241353
ENST00000328268.9	ENSG00000184164	+	10	8	265	283	110.0	96.0	32.88942513505345	830.6666666666666	850	480.6831076707398
ENST00000360612.5	ENSG00000198355	+	6	4	261	1133	177.0	143.5	138.5809029652595	239.8	83	356.28878736216217
ENST00000380909.9	ENSG00000170638	+	10	8	64	1251	123.75	126.0	38.510666425958256	1264.2222222222222	393	2266.8686429620143
ENST00000380903.7	ENSG00000073169	+	9	7	580	412	184.42857142857142	181	49.070891381269824	1790.375	1143.5	1955.8327373342975
ENST00000248846.10	ENSG00000128159	-	25	23	1305	134	201.17391304347825	140	313.39006368391813	886.0	167.5	1586.2310539520208
ENST00000216271.10	ENSG00000100429	-	20	18	292	348	107.05555555555556	94.5	50.058168778311384	185.05263157894737	156	147.99492246703394
ENST00000215659.13	ENSG00000188130	-	12	10	299	580	89.9	79.5	42.99211814068042	636.8181818181819	203	901.3321050735759
ENST00000330651.11	ENSG00000185386	-	12	10	204	1315	89.9	79.5	42.99211814068042	386.3636363636364	192	628.7042663649218
ENST00000359337.9	ENSG00000196576	-	37	35	94	830	156.71428571428572	130	166.4848644292736	729.4166666666666	157.0	2177.113546156273
ENST00000413817.8	ENSG00000205593	-	20	18	201	3232	81.0	80.5	25.022342957021902	689.0526315789474	135	1743.8673647857834
ENST00000612753.5	ENSG00000100239	+	24	22	224	892	135.36363636363637	126.0	56.10156220093413	4246.521739130435	1081	7323.967478389423
ENST00000380817.8	ENSG00000100241	-	41	39	250	2241	141.74358974358975	132	47.75800729154054	550.425	97.0	1339.7523285753516
ENST00000474879.7	ENSG00000100258	-	14	12	121	751	143.41666666666666	138.5	61.1547342006448	166.23076923076923	108	151.40627125175158
ENST00000420993.7	ENSG00000025770	+	20	18	222	1546	87.16666666666667	76.5	30.178391178418494	695.7894736842105	131	1811.17048031706
ENST00000329492.6	ENSG00000008735	+	12	10	91	3272	233.7	107.0	353.17262068286095	680.5454545454545	303	932.9854622271843
ENST00000216124.10	ENSG00000100299	-	8	6	597	2711	164.33333333333334	149.0	55.72671412048863	157.85714285714286	114	90.20611319163939
ENST00000390665.9	ENSG00000167393	-	13	11	540	585	113.9090909090909	104	42.688299440138266	4216.416666666667	493.5	7523.756961160167
ENST00000381401.11	ENSG00000169100	-	4	2	215	608	314.0	314.0	244.65894629054543	1503.6666666666667	1821	870.5178535408296
ENST00000381192.10	ENSG00000002586	+	10	8	133	531	58.125	49.5	24.787309541088042	5431.777777777777	2522	7394.390792651173
ENST00000398806.8	ENSG00000056998	+	11	9	46	1767	153.22222222222223	142	40.67793559713232	5069.7	2337.0	5328.983185269859
ENST00000381154.6	ENSG00000006756	-	10	8	108	3661	172.0	136.0	102.86190465168059	2247.0	2111	1423.681495279053
ENST00000262848.6	ENSG00000183943	-	9	7	562	4606	133.42857142857142	120	69.40186631221849	12901.0	9271.5	11900.603814212838
ENST00000674429.1	ENSG00000101846	+	11	9	372	4754	166.22222222222223	137	97.4291765563296	20030.8	15979.0	19811.060798340797
ENST00000381042.9	ENSG00000006757	-	7	5	128	2571	128.6	136	49.611490604496055	4304.166666666667	2506.0	4395.020109927447
ENST00000262648.8	ENSG00000011201	-	14	12	308	4180	148.08333333333334	146.0	57.73522374258249	15153.76923076923	9055	20887.122325146684
ENST00000645353.2	ENSG00000101849	+	18	16	390	3521	119.1875	115.0	49.37370251459779	14639.117647058823	3303	33565.53521821593
ENST00000380833.9	ENSG00000073464	+	13	11	126	4167	224.1818181818182	188	137.70244600719204	6160.583333333333	3358.0	7400.257875830266
ENST00000317552.9	ENSG00000101871	-	10	8	296	4161	213.875	146.5	205.78243538816844	18762.444444444445	9889	18247.088967223724
ENST00000380762.5	ENSG00000004961	+	7	5	187	1475	130.0	142	27.101660465735304	1573.8333333333333	1682.5	950.9903083978652
ENST00000312196.10	ENSG00000005302	+	13	11	129	793	124.0	101	53.743836855959586	1270.8333333333333	683.0	1061.6963127966776
ENST00000380668.10	ENSG00000101911	+	7	5	208	1519	148.4	160	35.514785653302205	5057.0	4743.5	4327.341308471057
ENST00000451311.7	ENSG00000205542	+	3	1	59	447	116.0	116	NA	746.0	746.0	468.10468914549443
ENST00000464506.2	ENSG00000123595	+	3	1	161	1784	89.0	89	NA	9671.5	9671.5	6863.885524977817
ENST00000340096.11	ENSG00000046651	+	23	21	336	292	142.0952380952381	112	114.51895247595691	1409.0	1216.0	1214.6330427628868
ENST00000316715.9	ENSG00000046653	-	8	6	250	2092	129.33333333333334	138.5	51.12989992818944	6148.142857142857	3207	7390.022269442572
ENST00000380492.8	ENSG00000130150	+	15	13	117	2656	108.46153846153847	103	39.99086434136215	3194.5714285714284	2196.5	4758.6395553332695
ENST00000333590.6	ENSG00000165195	-	6	4	23	2317	312.5	170.0	311.6253091989374	2495.6	2892	2052.3898996048483
ENST00000318636.8	ENSG00000169239	+	8	6	83	5927	137.83333333333334	137.5	54.63118767395293	6186.428571428572	5615	5345.498132607876
ENST00000307771.8	ENSG00000169249	+	11	9	53	530	99.55555555555556	87	50.10766186700172	3129.8	2555.0	2744.9979882607486
ENST00000672987.1	ENSG00000182287	-	6	4	126	1567	108.75	123.5	72.43560358460932	5376.0	2163	7003.475672835596
ENST00000359276.9	ENSG00000047230	-	19	17	335	1777	108.29411764705883	97	42.09181141546767	6706.555555555556	4143.0	7731.826222311656
ENST00000380155.4	ENSG00000169895	+	9	7	288	5109	108.0	119	40.13311184877976	4947.0	2416.5	5451.26889553511
ENST00000380122.10	ENSG00000086712	+	10	8	124	3092	143.25	108.0	77.34108130316551	5965.777777777777	2135	9970.459816098977
ENST00000380087.7	ENSG00000102054	-	12	10	325	763	119.3	121.5	38.724238748704494	2158.2727272727275	966	1918.507236937567
ENST00000251900.9	ENSG00000102098	-	15	13	97	2067	153.69230769230768	152	73.25569899944601	7943.857142857143	3712.0	10690.712301642183
ENST00000379942.5	ENSG00000044446	-	33	31	260	1358	111.58064516129032	108	43.96496650254487	2710.625	1461.5	5117.550949996145
ENST00000422285.7	ENSG00000131828	+	11	9	168	2230	105.66666666666667	93	39.771220750688556	1444.3	1183.0	1431.1179817812988
ENST00000397821.8	ENSG00000147010	-	18	16	294	2482	122.0	109.0	55.5409758646713	20523.29411764706	12937	23026.96911982965
ENST00000379607.10	ENSG00000173674	-	7	5	214	3787	82.6	84	19.667231630303235	2150.0	1967.0	590.7713601724444
ENST00000379565.9	ENSG00000177189	-	22	20	346	5610	101.55	96.5	34.31506497459281	5191.047619047619	1858	8257.697442242543
ENST00000404933.7	ENSG00000102172	+	11	9	165	526	112.44444444444444	115	35.51447279318359	5242.6	3044.0	7791.900427152972
ENST00000379341.9	ENSG00000123131	+	7	5	319	113	104.8	118	39.4106584568185	2991.5	3225.5	1037.7195671278441
ENST00000379303.10	ENSG00000123130	-	16	14	152	2928	88.42857142857143	87.0	39.611020777467566	2526.9333333333334	1123	3034.3255891470153
ENST00000379270.5	ENSG00000130066	+	6	4	245	525	69.75	68.0	28.194266556636418	397.8	125	588.0766956783783
ENST00000328046.8	ENSG00000174010	-	4	2	47	5311	457.0	457.0	360.62445840513925	12398.333333333334	16958	8955.128493401608
ENST00000304543.10	ENSG00000005889	+	10	8	66	6063	185.375	142.5	164.39320241421177	6546.111111111111	1152	10099.197560257504
ENST00000427190.6	ENSG00000198814	+	21	19	193	2731	83.73684210526316	81	31.95629325129204	3676.25	1965.5	4269.445321732456
ENST00000288422.4	ENSG00000157625	-	11	9	141	4134	263.55555555555554	103	445.30694782113807	5516.6	4036.5	4926.050823033712
ENST00000275954.4	ENSG00000147027	-	3	1	482	3417	141.0	141	NA	13085.5	13085.5	6124.251831856688
ENST00000378628.9	ENSG00000130962	+	4	2	32	4156	106.0	106.0	77.78174593052023	34509.333333333336	27135	19681.45488355303
ENST00000378616.5	ENSG00000047597	+	3	1	416	4495	263.0	263	NA	20583.0	20583.0	17683.32638391318
ENST00000378578.9	ENSG00000165169	-	5	3	91	1816	81.33333333333333	78	41.10150037812894	1646.25	899.0	1868.4753811597304
ENST00000645032.1	ENSG00000156313	-	15	13	170	2838	132.69230769230768	150	42.1908059008607	2740.6428571428573	2072.0	2064.946436524271
ENST00000614558.3	ENSG00000165175	+	3	1	29	1850	1879.0	1879	NA	658.0	658.0	550.129075763134
ENST00000378444.9	ENSG00000183337	-	15	13	744	1150	385.84615384615387	167	740.7643401867477	2842.714285714286	1153.5	5050.701115512752
ENST00000636580.2	ENSG00000182220	+	9	7	133	1288	117.28571428571429	131	32.58176527709063	2954.625	1568.5	2831.6543845553306
ENST00000324817.6	ENSG00000180182	-	31	29	345	3575	140.55172413793105	133	48.55526027623177	2641.4	2215.0	2574.600840840221
ENST00000644876.2	ENSG00000215301	+	17	15	136	2635	124.26666666666667	136	38.760190672291344	717.375	339.0	896.432773088237
ENST00000338702.4	ENSG00000189221	+	15	13	116	2451	104.92307692307692	98	34.77657626061335	6184.857142857143	2336.0	8388.25476353824
ENST00000378069.5	ENSG00000069535	-	15	13	197	1009	104.92307692307692	98	34.77657626061335	8090.785714285715	2784.5	12607.969824852675
ENST00000378045.5	ENSG00000069509	-	5	3	55	637	120.66666666666667	129	41.137979208188305	4541.75	3181.5	4529.810987594663
ENST00000611820.5	ENSG00000147050	+	30	28	525	1398	148.96428571428572	118.0	142.10702334739153	8051.6551724137935	2256	17059.34981024411
ENST00000276055.4	ENSG00000147119	+	2	0	1659	737	NA	NA	NA	22336.0	22336	NA
ENST00000616978.5	ENSG00000065923	-	17	15	414	7953	106.93333333333334	106	36.73742091162763	9368.5625	5690.5	18066.456826464342
ENST00000218340.4	ENSG00000102218	+	5	3	160	2673	289.0	115	326.8134024179547	10404.0	11059.5	7598.947514842653
ENST00000614628.5	ENSG00000102221	+	11	9	299	3076	174.66666666666666	158	122.03483109342184	14387.5	5338.5	21830.80734115591
ENST00000377811.4	ENSG00000147123	-	3	1	230	225	131.0	131	NA	950.5	950.5	1099.5510447450813
ENST00000335972.11	ENSG00000130985	+	26	24	196	335	126.70833333333333	112.0	44.37437486801968	709.12	156	1138.5510645845739
ENST00000357227.9	ENSG00000102225	+	16	14	425	1267	104.21428571428571	102.0	40.749098284367115	544.4	108	1119.6924832930054
ENST00000377107.7	ENSG00000102226	+	21	19	211	536	128.89473684210526	116	53.72139521730208	606.2	181.0	1286.9748126599263
ENST00000377045.9	ENSG00000078061	+	16	14	47	586	124.64285714285714	133.5	46.90023313515476	555.0666666666667	235	585.5734023363848
ENST00000218388.9	ENSG00000102265	+	6	4	39	269	115.25	126.0	23.556669260883776	717.0	853	516.0174415656898
ENST00000376983.8	ENSG00000126767	-	7	5	141	1407	265.6	244	167.49567158586515	2027.8333333333333	674.0	3203.2579300872208
ENST00000338637.13	ENSG00000197779	+	5	3	86	10704	146.66666666666666	127	62.85167725155259	19374.0	14050.0	15690.992787796018
ENST00000376943.8	ENSG00000147118	-	6	4	81	2947	117.75	108.5	58.522787584552624	5128.0	854	8122.047740563952
ENST00000348411.3	ENSG00000068438	+	13	11	198	615	98.72727272727273	84	55.3553807846914	687.75	235.5	903.4626444961629
ENST00000326194.11	ENSG00000102312	+	15	13	112	434	101.61538461538461	101	58.831027048571436	710.7142857142857	397.0	829.7776744471913
ENST00000495186.6	ENSG00000147155	+	5	3	100	483	180.66666666666666	131	173.9032297955772	1446.0	1369.5	1191.975670892657
ENST00000376771.9	ENSG00000068354	+	6	4	207	2996	145.5	141.5	34.39476704383968	3822.2	1412	5771.357353344185
ENST00000376759.8	ENSG00000102317	+	7	5	90	3698	102.0	106	12.103718436910205	396.8333333333333	388.0	206.4126126637291
ENST00000376729.10	ENSG00000101940	+	10	8	123	4022	164.0	136.5	76.08641703446717	657.8888888888889	457	616.203587389031
ENST00000376687.4	ENSG00000101945	+	6	4	70	1580	271.5	146.5	261.116193803959	1909.4	1043	2138.539758807397
ENST00000334136.11	ENSG00000094631	+	29	27	76	433	133.66666666666666	114	115.30561398034622	671.1428571428571	140.0	1245.9239532790505
ENST00000696123.1	ENSG00000126768	-	6	4	45	369	101.0	105.5	27.410460290431704	700.4	812	654.7016877937615
ENST00000376488.8	ENSG00000068308	-	9	7	631	1272	140.71428571428572	149	52.79429983661205	4087.0	1065.5	5150.996131124265
ENST00000376423.8	ENSG00000068400	-	26	24	77	563	99.625	96.0	46.35384933127007	1020.44	708	1043.5448433105307
ENST00000315869.8	ENSG00000068323	-	10	8	247	1876	146.0	116.0	85.58871754751658	1260.111111111111	795	1240.303132750664
ENST00000603986.6	ENSG00000147144	+	11	9	97	1311	228.77777777777777	141	265.7596554115098	738.9	369.5	865.788330559689
ENST00000376372.9	ENSG00000196998	-	11	9	137	471	110.0	102	43.29549630157853	384.8	124.5	510.60460893598156
ENST00000376327.6	ENSG00000102007	+	5	3	199	564	113.33333333333333	96	34.44318994131254	558.75	548.5	451.72659504025955
ENST00000263233.9	ENSG00000102003	-	7	5	43	1468	182.0	192	98.99747471526736	1659.6666666666667	1318.0	961.7784914764245
ENST00000621775.2	ENSG00000273820	+	1	0	3075	3075	NA	NA	NA	NA	NA	NA
ENST00000376091.8	ENSG00000171365	+	15	13	197	7102	197.23076923076923	152	132.76429856839894	11912.285714285714	1757.5	31032.8133691484
ENST00000340438.6	ENSG00000189369	+	1	0	2791	2791	NA	NA	NA	NA	NA	NA
ENST00000326587.12	ENSG00000179222	+	13	11	133	209	216.45454545454547	81	251.67572931705737	500.75	264.0	466.9701421251295
ENST00000375442.8	ENSG00000184205	+	7	5	939	765	222.2	112	257.15015069021445	559.8333333333334	220.5	622.489973145485
ENST00000375401.8	ENSG00000126012	-	26	24	468	1175	173.625	153.5	106.02289026842064	1089.6	505	1825.0899749510068
ENST00000642864.1	ENSG00000124313	-	15	13	934	2309	214.92307692307693	162	224.94942451525318	5888.428571428572	1409.0	11266.244229243703
ENST00000322213.9	ENSG00000072501	-	25	23	163	6038	152.56521739130434	147	46.85259873160867	1616.5	434.5	2711.156772205964
ENST00000168216.11	ENSG00000072506	-	6	4	52	334	142.0	147.0	27.784887978899608	431.2	203	509.34438251540575
ENST00000338154.11	ENSG00000172943	-	22	20	712	2567	153.9	122.0	78.99093885410295	4830.333333333333	2031	6712.446404503602
ENST00000375180.7	ENSG00000184083	-	16	14	755	4964	166.92857142857142	155.5	77.10678338483615	7125.0	3347	8397.740810139696
ENST00000354646.7	ENSG00000196632	-	24	22	361	5831	236.0	165.5	219.63389451322766	6688.695652173913	3327	9699.949955047952
ENST00000375135.4	ENSG00000102302	-	18	16	1109	961	142.0625	141.5	90.57112766586638	2731.6470588235293	553	5845.334773787303
ENST00000375068.6	ENSG00000102316	+	13	11	58	135	168.9090909090909	80	164.4387147513958	518.3333333333334	408.5	419.4434263149059
ENST00000374987.4	ENSG00000169188	+	6	4	217	2540	120.5	115.5	52.42454895688978	1091.2	690	885.9191272345349
ENST00000342972.3	ENSG00000187601	+	1	0	1440	1440	NA	NA	NA	NA	NA	NA
ENST00000374941.9	ENSG00000083750	+	10	8	671	529	106.375	98.0	54.92055951228881	4330.555555555556	2195	5986.444397785532
ENST00000338222.7	ENSG00000188021	+	1	0	4242	4242	NA	NA	NA	NA	NA	NA
ENST00000374888.3	ENSG00000198455	+	1	0	5467	5467	NA	NA	NA	NA	NA	NA
ENST00000374884.3	ENSG00000186767	-	1	0	4105	4105	NA	NA	NA	NA	NA	NA
ENST00000671741.2	ENSG00000131089	-	10	8	99	3243	170.0	180.0	57.785316968438075	16171.777777777777	10148	17303.12868224832
ENST00000374869.8	ENSG00000184675	-	2	0	139	8268	NA	NA	NA	12185.0	12185	NA
ENST00000374852.4	ENSG00000102043	-	14	12	113	963	132.0	129.0	35.38875013847814	9593.23076923077	3066	17157.948911771895
ENST00000374839.8	ENSG00000126970	-	5	3	126	2090	169.33333333333334	172	5.507570547286102	14480.0	1354.0	26572.17006569091
ENST00000374811.8	ENSG00000001497	-	14	12	308	320	153.5	118.0	123.31740273855033	1518.1538461538462	979	1448.0844154810086
ENST00000360270.7	ENSG00000147065	+	13	11	200	2203	141.54545454545453	131	62.31912007781181	5859.833333333333	1281.5	13877.09480228175
ENST00000374719.8	ENSG00000131080	-	7	5	84	2457	182.8	165	121.20313527297881	6664.5	2197.5	8809.16542585051
ENST00000355520.6	ENSG00000079482	-	25	23	328	4820	105.26086956521739	96	60.68564109880625	15982.625	4608.0	29937.874156779635
ENST00000374599.8	ENSG00000130052	+	15	13	262	1532	242.23076923076923	174	359.14253295085916	5230.571428571428	687.5	12950.42855076046
ENST00000204961.5	ENSG00000090776	+	5	3	884	1919	166.66666666666666	129	98.08329793259061	2459.25	486.0	4177.849556490356
ENST00000374571.5	ENSG00000181191	-	2	0	82	2280	NA	NA	NA	2231.0	2231	NA
ENST00000356413.5	ENSG00000089289	+	7	5	94	492	219.2	196	136.33304808446115	5199.333333333333	1650.5	6689.831557421058
ENST00000239666.9	ENSG00000120509	-	7	5	68	522	80.2	84	20.4132310034448	390.3333333333333	340.5	209.08530954293911
ENST00000374403.4	ENSG00000090889	+	31	29	47	825	121.24137931034483	115	38.37750007902118	4213.166666666667	1086.5	6327.303277413515
ENST00000374360.8	ENSG00000082458	+	19	17	724	3328	117.05882352941177	115	43.85697006781718	3034.1111111111113	602.0	6189.279991279884
ENST00000374274.8	ENSG00000147164	-	4	2	193	1872	110.5	110.5	20.506096654409877	2267.3333333333335	886	2534.130488616033
ENST00000374259.8	ENSG00000184481	+	3	1	1131	1456	1057.0	1057	NA	2019.0	2019.0	2380.121425473919
ENST00000314425.9	ENSG00000147130	-	25	23	112	1485	171.2608695652174	151	125.78271936207524	374.2083333333333	302.0	250.29668989224467
ENST00000276079.13	ENSG00000147140	+	12	10	87	1227	134.7	106.5	79.42578646482234	1352.090909090909	675	1747.7565307871378
ENST00000373719.8	ENSG00000147162	+	22	20	233	2273	146.45	147.0	49.96575142824807	1778.7619047619048	946	2083.6955368950116
ENST00000373669.8	ENSG00000102309	+	4	2	72	973	97.0	97.0	32.526911934581186	5115.0	4632	4911.344927817634
ENST00000334463.4	ENSG00000186871	-	2	0	184	4034	NA	NA	NA	30145.0	30145	NA
ENST00000651998.1	ENSG00000125931	-	3	1	90	599	125.0	125	NA	1727.5	1727.5	1644.023266258723
ENST00000373573.9	ENSG00000147099	-	11	9	193	561	111.11111111111111	109	35.261325997629626	24157.4	3660.5	37515.280114167406
ENST00000373542.9	ENSG00000067177	-	32	30	504	2362	114.0	109.0	42.86868481690375	4167.967741935484	2207	3572.3983399006233
ENST00000373502.10	ENSG00000204116	+	6	4	384	6157	82.0	58.5	49.37610758251404	23409.2	6955	40247.11669424283
ENST00000332687.11	ENSG00000131263	-	4	2	203	10086	138.0	138.0	76.36753236814714	7028.0	1419	9867.015404872946
ENST00000373383.9	ENSG00000094841	+	7	5	556	1481	87.4	70	46.2849867667692	4721.166666666667	2310.0	6952.303572677668
ENST00000361470.4	ENSG00000198934	+	1	0	3633	3633	NA	NA	NA	NA	NA	NA
ENST00000373344.11	ENSG00000085224	-	35	33	235	3750	217.57575757575756	128	514.4241337592351	7946.235294117647	2499.0	13139.588333708276
ENST00000618282.5	ENSG00000102158	-	10	8	127	3489	111.25	104.5	37.17814258020814	7242.555555555556	4502	6942.563793569187
ENST00000341514.11	ENSG00000165240	+	23	21	143	4102	202.23809523809524	162	146.59635219264658	5964.136363636364	1933.5	12815.435478528578
ENST00000373316.5	ENSG00000102144	+	11	9	158	3506	127.55555555555556	120	41.61463417810828	2023.6	1067.0	2058.174822506582
ENST00000341864.6	ENSG00000187325	-	7	5	90	2026	108.2	111	28.630403420140624	1207.6666666666667	751.0	1203.9251914743984
ENST00000358130.7	ENSG00000198157	-	7	5	177	1532	78.0	54	55.641710972974224	14352.666666666666	1372.5	32198.226942902722
ENST00000373212.6	ENSG00000131171	+	4	2	144	1353	133.5	133.5	74.24621202458749	31560.666666666668	18783	38416.73211418865
ENST00000373177.3	ENSG00000165259	-	11	9	112	4137	228.44444444444446	123	331.4736456760594	17827.1	10042.0	22721.932910980773
ENST00000373173.7	ENSG00000155008	+	9	7	51	5726	100.42857142857143	105	22.485974464520048	10369.875	5808.5	13766.518425279917
ENST00000357749.7	ENSG00000188419	-	15	13	75	3642	132.3846153846154	105	88.45671112804129	12924.357142857143	7295.5	14870.400333999303
ENST00000324765.13	ENSG00000147202	+	27	25	349	5745	124.36	115	57.12769322608198	35036.653846153844	13522.5	46490.29083405894
ENST00000373020.9	ENSG00000000003	-	8	6	199	2879	115.0	103.5	41.81387329583329	847.2857142857143	836	445.848148396482
ENST00000682095.1	ENSG00000102384	+	22	20	45	3294	112.25	113.0	52.96759187912628	2968.5238095238096	1145	3820.7936167640305
ENST00000372902.4	ENSG00000126953	-	2	0	210	1000	NA	NA	NA	1872.0	1872	NA
ENST00000218516.4	ENSG00000102393	-	7	5	216	297	161.0	175	40.66939881532551	1467.5	1296.5	1325.8706950528774
ENST00000316594.6	ENSG00000126945	+	2	0	98	2198	NA	NA	NA	3616.0	3616	NA
ENST00000372829.8	ENSG00000126947	+	4	2	114	1892	59.5	59.5	7.7781745930520225	676.3333333333334	544	447.426344031432
ENST00000361910.9	ENSG00000198960	-	3	1	116	1642	82.0	82	NA	518.0	518.0	308.2985565973347
ENST00000471229.7	ENSG00000102401	+	5	3	126	3010	70.66666666666667	71	9.504384952922168	336.25	273.5	134.1873690031964
ENST00000356824.9	ENSG00000184867	-	6	4	93	2435	72.75	71.5	7.58836829188814	350.2	318	118.64737670930613
ENST00000483720.7	ENSG00000158301	+	5	3	105	3197	78.0	78	10.0	437.5	451.5	156.22739836533157
ENST00000372695.6	ENSG00000102409	+	3	1	131	1098	83.0	83	NA	413.5	413.5	41.71930009000631
ENST00000372685.8	ENSG00000180964	-	3	1	78	1023	73.0	73	NA	493.5	493.5	132.22896808188437
ENST00000372677.8	ENSG00000133134	-	3	1	131	636	76.0	76	NA	401.0	401.0	35.35533905932738
ENST00000372661.6	ENSG00000185222	+	3	1	101	848	79.0	79	NA	464.5	464.5	16.263455967290593
ENST00000361298.9	ENSG00000166681	+	3	1	76	655	79.0	79	NA	408.5	408.5	7.7781745930520225
ENST00000372625.8	ENSG00000172465	+	3	1	51	1069	80.0	80	NA	389.5	389.5	111.01576464628796
ENST00000441076.7	ENSG00000123562	-	4	2	69	1554	121.5	121.5	44.54772721475249	3112.0	1447	2950.7997221092455
ENST00000493442.2	ENSG00000123575	+	6	4	530	6295	199.75	191.0	54.26094359666076	4365.2	1418	4681.007765428295
ENST00000255499.3	ENSG00000133135	+	7	5	697	1437	133.8	97	74.22061708177857	11252.166666666666	3563.0	17237.477848184946
ENST00000357242.10	ENSG00000133138	+	21	19	311	2581	149.31578947368422	130	68.54524266787347	3387.45	1352.0	4476.236606264592
ENST00000355610.9	ENSG00000133131	-	17	15	345	895	170.53333333333333	129	155.49316322438042	3479.8125	1393.0	4332.973732034387
ENST00000685964.1	ENSG00000089682	-	8	6	57	5809	189.83333333333334	170.5	115.79881979824607	7133.285714285715	1883	10161.532392874047
ENST00000372435.10	ENSG00000147224	+	7	5	241	1087	148.4	160	35.514785653302205	3407.8333333333335	2214.5	3532.9879375206856
ENST00000372383.9	ENSG00000157514	-	3	1	688	1529	52.0	52	NA	30149.0	30149.0	41012.193308819755
ENST00000217958.8	ENSG00000101843	-	5	3	136	921	137.66666666666666	147	34.947579792216416	1466.5	1604.0	1279.207436918136
ENST00000328300.11	ENSG00000188153	+	53	51	369	1249	96.33333333333333	90	50.13807601680251	4830.326923076923	1634.5	14234.033162371663
ENST00000372106.6	ENSG00000101888	+	4	2	178	2192	116.0	116.0	41.012193308819754	1751.0	1023	1380.388351153399
ENST00000672401.1	ENSG00000068366	-	16	14	119	2852	137.14285714285714	139.5	50.96583643497361	5802.133333333333	2019	9706.442057186754
ENST00000372068.7	ENSG00000157600	+	7	5	65	4544	192.2	79	264.3968607983083	28184.166666666668	31097.0	24256.770678857207
ENST00000355899.8	ENSG00000102024	+	16	14	87	1433	126.28571428571429	127.5	34.593081948293054	5760.0	1512	12352.354026662286
ENST00000254029.8	ENSG00000131725	+	20	18	475	1069	142.77777777777777	119.5	129.0693181545827	5249.578947368421	2430	8105.679040139351
ENST00000276202.9	ENSG00000147251	+	53	51	259	460	117.6470588235294	114	41.760183682264504	3531.0384615384614	1918.5	6669.310820618658
ENST00000371666.8	ENSG00000131724	+	11	9	121	2772	122.55555555555556	133	41.015579695742176	6293.2	5518.5	4846.234891358675
ENST00000371628.8	ENSG00000175556	+	11	9	980	821	145.22222222222223	123	50.558821628321645	4063.0	2818.5	4386.436113495531
ENST00000217971.8	ENSG00000101856	+	3	1	407	1316	156.0	156	NA	3151.5	3151.5	658.3164132846757
ENST00000317881.9	ENSG00000005022	+	4	2	183	496	314.0	314.0	244.65894629054543	548.6666666666666	387	428.04477958892727
ENST00000644802.2	ENSG00000018610	-	7	5	178	1641	96.4	93	36.37719065568423	4160.0	1648.0	5388.324229294299
ENST00000371558.7	ENSG00000077721	+	6	4	193	1297	71.5	85.0	30.599564267050166	1617.0	450	2528.331762249567
ENST00000394610.7	ENSG00000125354	-	11	9	93	3107	143.88888888888889	162	50.84644639609646	7172.9	4610.5	4862.415916439527
ENST00000361575.4	ENSG00000198918	-	3	1	57	229	104.0	104	NA	2368.5	2368.5	1140.5632380539012
ENST00000276201.7	ENSG00000125351	-	11	9	191	1006	127.33333333333333	107	78.2527954772224	1659.9	1155.5	1816.5460785665625
ENST00000371410.5	ENSG00000101882	-	9	7	532	4723	98.14285714285714	81	33.8498083275153	2142.25	1908.5	1675.5564320973667
ENST00000557385.2	ENSG00000177485	+	3	1	166	4985	102.0	102	NA	1167.0	1167.0	741.0479066835018
ENST00000200639.9	ENSG00000005893	-	9	7	191	5315	147.0	159	49.41322360124531	4576.75	2527.5	4576.600883063449
ENST00000371322.11	ENSG00000158290	-	20	18	880	2999	113.11111111111111	107.0	35.909836255116524	1641.578947368421	1029	2312.9068606839382
ENST00000245838.13	ENSG00000125676	-	39	37	101	770	127.8108108108108	122	73.02504815238164	3339.0526315789475	1206.0	5090.429833427324
ENST00000371199.8	ENSG00000101966	+	7	5	241	6985	266.4	100	363.9804939828507	7560.333333333333	4406.5	9065.05513864459
ENST00000371145.8	ENSG00000101972	+	35	33	151	2083	119.54545454545455	108	42.96589556634636	3963.8823529411766	1938.5	9965.925649248333
ENST00000371121.5	ENSG00000102038	-	25	23	294	728	129.0	122	42.38996450705156	3041.5	1773.5	3691.4181556686312
ENST00000371113.9	ENSG00000122126	+	24	22	220	2411	115.54545454545455	112.0	45.61926000185539	2048.913043478261	1060	2443.4267091533466
ENST00000357166.11	ENSG00000188706	-	11	9	191	3199	131.22222222222223	104	74.44423714730674	3602.8	1193.0	4209.996537343522
ENST00000540052.6	ENSG00000085185	+	14	12	128	2218	426.5833333333333	161.5	897.5808353906662	5228.615384615385	3255	5974.964261238466
ENST00000308167.10	ENSG00000102034	-	9	7	173	3571	199.42857142857142	192	103.71412173671938	5175.375	1496.5	9747.559620416354
ENST00000545805.6	ENSG00000102078	+	11	9	58	449	123.11111111111111	96	52.0347106373343	3182.4	1929.5	2708.4975006654727
ENST00000305536.11	ENSG00000134597	+	6	4	51	1296	119.0	123.0	51.96152422706632	1969.4	1431	2027.1484405440071
ENST00000394363.6	ENSG00000165675	-	15	13	161	3121	141.84615384615384	135	54.581508092402736	19697.071428571428	6185.5	34860.479782797214
ENST00000370874.2	ENSG00000123728	-	6	4	78	2563	332.75	211.5	333.82068539861336	2490.2	1028	3522.877474451815
ENST00000370853.8	ENSG00000076770	-	9	7	188	10358	250.85714285714286	165	284.9780275573473	13427.125	3267.5	17854.35230202989
ENST00000370833.7	ENSG00000171004	-	5	3	455	3079	213.0	87	266.37567456507736	82110.5	39640.5	112301.01400106175
ENST00000370828.4	ENSG00000076716	-	9	7	684	2967	186.85714285714286	159	91.83940434517305	13803.5	3243.0	25566.86805222728
ENST00000370803.8	ENSG00000156531	+	11	9	156	3130	127.11111111111111	134	40.68612922251404	5104.9	1548.5	7015.045473044982
ENST00000298556.8	ENSG00000165704	+	9	7	174	639	83.14285714285714	77	52.63531315073741	4888.625	3479.5	4684.745912838512
ENST00000343004.10	ENSG00000156504	-	10	8	1098	2718	70.125	63.5	20.67736858085601	2584.777777777778	1521	3017.4474219850863
ENST00000370783.8	ENSG00000101928	-	6	4	76	1561	177.75	190.0	77.86473313809446	5055.6	2286	6190.435065486108
ENST00000339249.5	ENSG00000173275	+	5	3	40	3221	257.6666666666667	205	176.01231017554804	3646.0	1910.0	4696.803593934922
ENST00000639893.2	ENSG00000165359	+	18	16	444	983	154.8125	138.0	73.72129384829506	3408.6470588235293	1021	6119.587056546141
ENST00000305963.3	ENSG00000169446	-	4	2	392	4596	78.5	78.5	36.062445840513924	2752.0	2486	717.0132495289051
ENST00000630721.3	ENSG00000198689	+	18	16	43	2818	113.9375	106.0	47.75558431569373	3361.823529411765	3139	2750.2983300747146
ENST00000370683.6	ENSG00000022267	+	6	4	88	1484	178.5	178.5	7.505553499465135	2404.4	601	3852.3144731446832
ENST00000250617.7	ENSG00000129675	-	22	20	215	2620	101.25	94.5	39.75169642192711	5263.0	2108	7902.350523736593
ENST00000320676.11	ENSG00000147274	-	9	7	129	992	127.28571428571429	126	29.56751756976049	656.625	775.0	478.43074957913933
ENST00000682941.1	ENSG00000101974	-	30	28	1038	2615	120.21428571428571	106.5	48.56561589868956	6885.758620689655	2394	19090.440509126875
ENST00000340855.11	ENSG00000010404	-	9	7	272	6231	153.85714285714286	171	38.11573853160298	2592.375	2457.5	1725.6240227399312
ENST00000600449.8	ENSG00000269556	-	7	5	250	1700	154.0	177	49.43177115985225	5419.5	2979.5	7322.353139531035
ENST00000370396.7	ENSG00000171100	+	15	13	42	1716	127.23076923076923	111	48.014153896106244	7222.214285714285	4054.0	7333.075912273433
ENST00000445323.7	ENSG00000063601	+	16	14	281	2544	122.21428571428571	107.0	52.08599187354071	4478.466666666666	4845	3676.034895424818
ENST00000370377.8	ENSG00000102181	-	11	9	147	2766	72.66666666666667	69	21.517434791350013	12876.6	3626.5	20463.852429751994
ENST00000325307.12	ENSG00000029993	+	5	3	42	2995	156.66666666666666	155	17.55942292142123	982.5	705.5	866.3226881480133
ENST00000330374.7	ENSG00000160131	+	3	1	156	4449	110.0	110	NA	3722.0	3722.0	3602.0019433642733
ENST00000370277.5	ENSG00000147400	-	5	3	50	937	142.0	138	15.394804318340652	587.75	540.0	265.76728542091104
ENST00000695776.1	ENSG00000147394	+	25	23	172	2201	96.26086956521739	90	37.49450552633054	2950.875	1460.5	4169.98233040256
ENST00000650114.2	ENSG00000063587	+	4	2	133	6108	89.5	89.5	17.67766952966369	4118.0	2348	4103.085546268808
ENST00000331595.9	ENSG00000182492	+	8	6	134	1299	153.33333333333334	126.0	63.20970389636916	1744.857142857143	452	3436.381547915939
ENST00000342782.4	ENSG00000130829	+	4	2	223	1347	432.0	432.0	33.94112549695428	563.3333333333334	493	312.4937332704983
ENST00000345046.12	ENSG00000185825	-	8	6	54	484	124.33333333333333	130.0	19.60272089957582	3230.285714285714	1045	3942.186944420813
ENST00000218104.6	ENSG00000101986	+	10	8	1311	1267	136.375	144.5	33.26060518305187	1803.4444444444443	643	2201.7271124682497
ENST00000217901.10	ENSG00000067829	-	13	11	130	206	90.81818181818181	98	42.289048657585525	606.0833333333334	254.5	963.8053800462314
ENST00000370086.8	ENSG00000180879	+	6	4	87	171	87.5	82.5	23.2163735324878	644.8	256	651.6315676822295
ENST00000464845.6	ENSG00000102030	-	8	6	154	999	75.0	72.0	29.509320561476844	601.4285714285714	408	492.77068944992294
ENST00000310441.12	ENSG00000172534	-	26	24	1171	1830	244.79166666666666	172.0	277.26803531203717	615.44	310	1136.9345143850635
ENST00000369980.8	ENSG00000184216	-	14	12	226	1411	162.0	141.0	89.46202851184711	447.3076923076923	304	464.3908886228254
ENST00000453960.7	ENSG00000169057	-	3	1	114	9878	351.0	351	NA	32901.0	32901.0	45459.894962483144
ENST00000369850.10	ENSG00000196924	-	48	46	129	506	171.1304347826087	155.0	94.52280352631014	374.40425531914894	105	664.0235282491541
ENST00000601016.6	ENSG00000102125	+	11	9	414	824	74.22222222222223	78	27.063710840245918	828.2	257.0	1612.6874602490232
ENST00000447750.7	ENSG00000203879	+	11	9	146	948	127.33333333333333	132	42.7551166528639	407.4	275.5	368.23217313718436
ENST00000369682.4	ENSG00000130827	+	33	31	148	5190	178.93548387096774	147	117.31636302007519	269.1875	142.5	355.9439460672642
ENST00000357360.5	ENSG00000196976	-	3	1	554	284	129.0	129	NA	270.0	270.0	65.05382386916237
ENST00000651600.1	ENSG00000126903	-	2	0	323	1772	NA	NA	NA	1224.0	1224	NA
ENST00000447601.7	ENSG00000071889	-	9	7	473	736	83.42857142857143	85	40.128365457438136	1033.625	373.5	1269.599592391239
ENST00000393562.10	ENSG00000160211	-	13	11	58	700	133.1818181818182	126	61.12089361555209	1102.75	271.0	2765.636278097189
ENST00000369550.10	ENSG00000130826	+	15	13	118	891	112.3076923076923	119	34.237855791955916	882.6428571428571	665.0	635.4410469711759
ENST00000369534.8	ENSG00000130830	-	12	10	214	670	112.2	83.5	51.05509007162971	2254.181818181818	960	3679.5057499121217
ENST00000369498.8	ENSG00000165775	+	5	3	228	5710	119.66666666666667	132	38.99145205469185	6791.0	5708.0	4362.756620914503
ENST00000330045.12	ENSG00000185515	+	11	9	143	1855	85.66666666666667	88	48.381298039635105	4880.1	1379.0	7749.181712355899
ENST00000286428.7	ENSG00000155959	+	6	4	116	1070	107.5	112.0	31.680698645494967	4353.2	3607	2880.645882436784
ENST00000369454.4	ENSG00000155961	-	2	0	418	2995	NA	NA	NA	2844.0	2844	NA
ENST00000286448.12	ENSG00000124333	+	8	6	104	1887	100.5	92.0	38.43305868650061	8547.285714285714	6010	7816.939356599993
