transcript_id	gene_id	strand	n_exons	n_5UTR_junctions	n_CDS_junctions	n_3UTR_junctions	stop_dist_closest_upstream	stop_dist_closest_downstream	stop_dist_last_downstream	start_dist_closest_upstream	start_dist_closest_downstream
ENST00000338591.8	ENSG00000187961	+	12	0	11	0	228	NA	NA	NA	107
ENST00000304952.11	ENSG00000188290	-	4	0	3	0	373	NA	NA	NA	108
ENST00000649529.1	ENSG00000187608	+	2	0	1	0	494	NA	NA	NA	3
ENST00000379370.7	ENSG00000188157	+	36	0	35	0	157	NA	NA	NA	201
ENST00000379198.5	ENSG00000176022	+	1	0	0	0	NA	NA	NA	NA	NA
ENST00000349431.11	ENSG00000160087	-	7	0	5	0	284	NA	NA	0	131
ENST00000354700.10	ENSG00000131584	-	24	0	23	0	144	NA	NA	NA	47
ENST00000343938.9	ENSG00000224051	+	3	1	1	0	522	NA	NA	75	122
ENST00000378888.10	ENSG00000107404	-	15	0	14	0	373	NA	NA	NA	170
ENST00000309212.11	ENSG00000162576	-	10	0	9	0	25	NA	NA	NA	49
ENST00000400809.8	ENSG00000221978	-	11	0	10	0	351	NA	NA	NA	288
ENST00000476993.2	ENSG00000179403	+	3	0	2	0	706	NA	NA	NA	73
ENST00000378756.8	ENSG00000197785	+	16	0	15	0	146	NA	NA	NA	205
ENST00000341832.11	ENSG00000248333	-	20	1	18	0	92	NA	NA	13	111
ENST00000617444.5	ENSG00000189339	-	10	2	7	0	237	NA	NA	147	322
ENST00000341426.9	ENSG00000008130	-	12	1	10	0	156	NA	NA	40	179
ENST00000378609.9	ENSG00000078369	-	12	2	8	1	106	10	10	46	57
ENST00000378567.8	ENSG00000067606	+	18	0	17	0	87	NA	NA	NA	71
ENST00000378536.5	ENSG00000157933	+	7	0	6	0	188	NA	NA	NA	969
ENST00000378531.8	ENSG00000116151	-	14	0	13	0	196	NA	NA	NA	76
ENST00000605895.6	ENSG00000157916	+	7	1	5	0	89	NA	NA	7	81
ENST00000447513.7	ENSG00000157911	-	6	0	5	0	68	NA	NA	NA	112
ENST00000378378.9	ENSG00000130762	+	15	1	13	0	139	NA	NA	19	588
ENST00000270708.12	ENSG00000116213	-	12	0	11	0	142	NA	NA	NA	69
ENST00000378230.8	ENSG00000116198	-	22	1	20	0	115	NA	NA	14	113
ENST00000378083.8	ENSG00000069424	+	16	1	14	0	89	NA	NA	26	218
ENST00000343813.10	ENSG00000116237	-	5	0	4	0	182	NA	NA	NA	195
ENST00000361521.9	ENSG00000097021	-	9	0	8	0	98	NA	NA	NA	143
ENST00000377728.8	ENSG00000171680	-	21	1	19	0	9	NA	NA	87	43
ENST00000377674.9	ENSG00000204859	+	11	1	9	0	296	NA	NA	69	690
ENST00000377658.8	ENSG00000162413	-	4	0	3	0	293	NA	NA	NA	1021
ENST00000377648.5	ENSG00000116273	+	4	0	3	0	226	NA	NA	NA	39
ENST00000054650.9	ENSG00000041988	+	6	1	4	0	281	NA	NA	69	74
ENST00000303635.12	ENSG00000171735	+	23	0	22	0	32	NA	NA	NA	45
ENST00000054666.11	ENSG00000049245	+	5	0	4	0	19	NA	NA	NA	2
ENST00000377482.10	ENSG00000116285	-	4	1	2	0	1186	NA	NA	73	125
ENST00000400908.7	ENSG00000142599	-	23	1	21	0	33	NA	NA	144	325
ENST00000234590.10	ENSG00000074800	-	12	1	10	0	69	NA	NA	9	85
ENST00000377403.7	ENSG00000049239	+	5	1	3	0	1360	NA	NA	10	627
ENST00000328089.11	ENSG00000171621	+	3	1	1	0	127	NA	NA	149	694
ENST00000302692.7	ENSG00000171612	+	7	0	6	0	202	NA	NA	NA	56
ENST00000340381.11	ENSG00000188807	+	11	0	10	0	97	NA	NA	NA	113
ENST00000377346.9	ENSG00000171608	+	24	2	21	0	137	NA	NA	32	141
ENST00000377298.9	ENSG00000171603	-	19	0	18	0	197	NA	NA	NA	91
ENST00000377263.6	ENSG00000178585	-	6	3	2	0	58	NA	NA	24	96
ENST00000377223.6	ENSG00000162441	-	8	2	5	0	58	NA	NA	8	101
ENST00000377205.6	ENSG00000173614	+	5	1	3	0	400	NA	NA	56	115
ENST00000343090.11	ENSG00000130939	+	28	0	27	0	61	NA	NA	NA	24
ENST00000676179.1	ENSG00000054523	+	49	1	47	0	42	NA	NA	79	106
ENST00000377038.8	ENSG00000160049	-	6	0	5	0	212	NA	NA	NA	136
ENST00000377022.8	ENSG00000130940	-	21	3	17	0	1117	NA	NA	23	16
ENST00000240185.8	ENSG00000120948	+	6	1	4	0	530	NA	NA	12	238
ENST00000376957.7	ENSG00000116649	-	8	0	7	0	20	NA	NA	NA	167
ENST00000361445.9	ENSG00000198793	-	58	1	56	0	15	NA	NA	14	162
ENST00000376810.6	ENSG00000120942	+	2	0	1	0	487	NA	NA	NA	529
ENST00000354287.5	ENSG00000116661	-	6	0	5	0	134	NA	NA	NA	22
ENST00000251547.10	ENSG00000132879	+	6	1	4	0	143	NA	NA	30	265
ENST00000376753.9	ENSG00000116663	+	6	1	4	0	236	NA	NA	3	286
ENST00000376692.9	ENSG00000116670	-	9	1	7	0	41	NA	NA	12	40
ENST00000314340.10	ENSG00000177674	+	5	0	4	0	115	NA	NA	NA	27
ENST00000376590.9	ENSG00000177000	-	12	1	10	0	218	NA	NA	13	236
ENST00000346436.11	ENSG00000011021	+	23	0	22	0	80	NA	NA	NA	87
ENST00000196061.5	ENSG00000083444	+	19	0	18	0	155	NA	NA	NA	76
ENST00000235329.10	ENSG00000116688	+	19	2	16	0	69	NA	NA	4	175
ENST00000616661.5	ENSG00000162496	-	6	0	5	0	84	NA	NA	NA	195
ENST00000621990.5	ENSG00000162493	+	6	0	5	0	6	NA	NA	NA	67
ENST00000311066.10	ENSG00000116731	+	10	1	7	1	120	24	24	65	9
ENST00000376008.3	ENSG00000171729	+	4	2	1	0	417	NA	NA	193	344
ENST00000375980.9	ENSG00000142634	+	4	0	3	0	131	NA	NA	NA	308
ENST00000375847.8	ENSG00000116138	+	15	1	13	0	399	NA	NA	18	167
ENST00000375799.8	ENSG00000116786	+	20	0	19	0	137	NA	NA	NA	60
ENST00000375766.8	ENSG00000162458	+	9	2	6	0	113	NA	NA	20	250
ENST00000375743.9	ENSG00000116809	-	16	2	13	0	283	NA	NA	2	205
ENST00000358432.8	ENSG00000142627	-	17	0	16	0	105	NA	NA	NA	85
ENST00000270747.8	ENSG00000142632	-	16	1	14	0	157	NA	NA	29	412
ENST00000375592.8	ENSG00000037637	-	10	1	8	0	1115	NA	NA	17	250
ENST00000337132.10	ENSG00000157191	+	8	0	7	0	48	NA	NA	NA	92
ENST00000375535.4	ENSG00000117122	-	9	1	7	0	103	NA	NA	41	37
ENST00000326735.13	ENSG00000159363	-	29	0	28	0	137	NA	NA	NA	10
ENST00000375486.9	ENSG00000117115	-	16	0	15	0	233	NA	NA	NA	92
ENST00000375436.9	ENSG00000179051	-	13	1	11	0	104	NA	NA	8	285
ENST00000361221.8	ENSG00000074964	+	29	1	27	0	532	NA	NA	43	37
ENST00000375341.8	ENSG00000159423	-	15	0	14	0	112	NA	NA	NA	62
ENST00000235835.8	ENSG00000053371	-	7	0	6	0	161	NA	NA	NA	298
ENST00000375153.8	ENSG00000040487	+	8	1	6	0	71	NA	NA	78	164
ENST00000264202.8	ENSG00000077549	-	9	0	8	0	87	NA	NA	NA	3
ENST00000375136.8	ENSG00000158747	+	4	1	2	0	263	NA	NA	19	170
ENST00000294543.11	ENSG00000162542	-	16	3	12	0	404	NA	NA	8	179
ENST00000375120.4	ENSG00000169914	+	8	0	7	0	176	NA	NA	NA	221
ENST00000375078.4	ENSG00000162545	-	2	0	1	0	70	NA	NA	NA	166
ENST00000264198.5	ENSG00000090432	-	4	0	3	0	729	NA	NA	NA	120
ENST00000375071.4	ENSG00000158825	+	4	0	3	0	116	NA	NA	NA	154
ENST00000321556.5	ENSG00000158828	+	8	0	7	0	257	NA	NA	NA	387
ENST00000438032.6	ENSG00000127483	-	13	1	11	0	294	NA	NA	100	96
ENST00000374893.11	ENSG00000117298	-	19	0	18	0	176	NA	NA	NA	51
ENST00000308271.14	ENSG00000090686	-	27	0	26	0	22	NA	NA	NA	134
ENST00000656825.1	ENSG00000070831	+	6	1	4	0	89	NA	NA	50	105
ENST00000375647.5	ENSG00000184677	+	18	1	16	0	194	NA	NA	69	697
ENST00000400181.9	ENSG00000004487	+	21	0	20	0	185	NA	NA	NA	351
ENST00000302291.9	ENSG00000169641	-	4	2	1	0	158	NA	NA	119	3072
ENST00000314011.9	ENSG00000125945	-	4	1	2	0	1252	NA	NA	60	33
ENST00000336689.8	ENSG00000088280	-	25	0	24	0	74	NA	NA	NA	129
ENST00000361729.3	ENSG00000007968	-	7	0	6	0	268	NA	NA	NA	252
ENST00000374561.6	ENSG00000117318	-	3	0	1	1	59	26	26	NA	300
ENST00000643754.2	ENSG00000142676	+	6	0	5	0	29	NA	NA	NA	6
ENST00000613537.5	ENSG00000011007	+	11	0	10	0	61	NA	NA	NA	75
ENST00000246151.9	ENSG00000057757	+	6	0	5	0	101	NA	NA	NA	198
ENST00000374514.8	ENSG00000011009	+	10	1	8	0	50	NA	NA	26	78
ENST00000617979.5	ENSG00000117308	-	12	2	9	0	58	NA	NA	5	121
ENST00000334351.8	ENSG00000189266	+	3	2	0	0	437	NA	NA	18	NA
ENST00000492112.3	ENSG00000188529	-	6	0	5	0	297	NA	NA	NA	65
ENST00000374399.9	ENSG00000001461	+	12	1	10	0	199	NA	NA	257	93
ENST00000374395.9	ENSG00000117602	+	5	1	3	0	184	NA	NA	59	195
ENST00000323848.14	ENSG00000133226	+	17	0	16	0	104	NA	NA	NA	21
ENST00000374379.9	ENSG00000169504	+	6	0	5	0	164	NA	NA	NA	72
ENST00000236273.9	ENSG00000117614	-	7	0	6	0	165	NA	NA	NA	24
ENST00000243189.12	ENSG00000117616	-	5	1	3	0	116	NA	NA	66	520
ENST00000374358.5	ENSG00000183726	+	7	1	5	0	45	NA	NA	13	93
ENST00000374343.5	ENSG00000204178	+	11	0	10	0	202	NA	NA	NA	80
ENST00000374338.5	ENSG00000157978	+	9	0	8	0	144	NA	NA	NA	88
ENST00000374332.9	ENSG00000117643	+	12	0	11	0	126	NA	NA	NA	540
ENST00000374315.1	ENSG00000162430	+	12	0	11	0	170	NA	NA	NA	183
ENST00000374303.7	ENSG00000117640	+	7	1	5	0	105	NA	NA	86	24
ENST00000675840.1	ENSG00000182749	-	3	2	0	0	1062	NA	NA	22	NA
ENST00000455785.7	ENSG00000117632	-	5	1	3	0	71	NA	NA	62	13
ENST00000374282.8	ENSG00000158006	-	11	1	9	0	94	NA	NA	47	90
ENST00000374269.2	ENSG00000175087	+	3	1	1	0	740	NA	NA	17	285
ENST00000374266.7	ENSG00000142684	+	3	0	2	0	141	NA	NA	NA	200
ENST00000451429.8	ENSG00000130695	+	14	1	12	0	157	NA	NA	22	55
ENST00000270792.10	ENSG00000142669	+	3	0	2	0	65	NA	NA	NA	48
ENST00000236342.12	ENSG00000117682	+	9	1	7	0	236	NA	NA	55	63
ENST00000374168.7	ENSG00000117676	+	22	0	21	0	122	NA	NA	NA	63
ENST00000674202.1	ENSG00000060642	+	4	1	2	0	281	NA	NA	57	78
ENST00000374142.9	ENSG00000204160	+	8	0	7	0	117	NA	NA	NA	335
ENST00000339276.6	ENSG00000175793	+	1	0	0	0	NA	NA	NA	NA	NA
ENST00000374135.9	ENSG00000142751	-	5	0	4	0	72	NA	NA	NA	411
ENST00000321265.10	ENSG00000090273	+	9	0	8	0	51	NA	NA	NA	81
ENST00000263980.8	ENSG00000090020	-	12	0	11	0	337	NA	NA	NA	352
ENST00000319394.8	ENSG00000142784	+	16	1	14	0	197	NA	NA	99	48
ENST00000374076.9	ENSG00000186501	+	6	0	5	0	87	NA	NA	NA	194
ENST00000357582.3	ENSG00000142733	-	29	0	28	0	78	NA	NA	NA	340
ENST00000618852.5	ENSG00000158195	-	9	1	7	0	157	NA	NA	43	130
ENST00000673934.1	ENSG00000126705	-	9	7	0	1	4885	44	44	74	4855
ENST00000361157.11	ENSG00000126709	-	5	1	3	0	94	NA	NA	32	70
ENST00000373954.11	ENSG00000009780	+	9	0	8	0	86	NA	NA	NA	81
ENST00000373943.9	ENSG00000117758	+	9	0	8	0	98	NA	NA	NA	118
ENST00000311772.10	ENSG00000117751	+	7	0	6	0	353	NA	NA	NA	56
ENST00000373912.8	ENSG00000117748	-	9	0	8	0	84	NA	NA	NA	10
ENST00000373884.6	ENSG00000158156	+	3	0	2	0	697	NA	NA	NA	293
ENST00000373871.8	ENSG00000158161	-	18	1	16	0	80	NA	NA	68	33
ENST00000253063.4	ENSG00000130766	+	10	0	9	0	86	NA	NA	NA	90
ENST00000373842.9	ENSG00000130772	+	3	1	1	0	553	NA	NA	66	73
ENST00000373839.8	ENSG00000204138	+	14	1	12	0	15	NA	NA	38	16
ENST00000683442.1	ENSG00000180198	+	13	4	8	0	175	NA	NA	9	73
ENST00000373824.9	ENSG00000120656	-	6	1	4	0	35	NA	NA	84	168
ENST00000373816.6	ENSG00000162419	+	10	1	8	0	700	NA	NA	30	128
ENST00000373812.8	ENSG00000198492	+	5	0	4	0	23	NA	NA	NA	27
ENST00000343067.9	ENSG00000159023	+	21	1	18	1	98	7	7	7	468
ENST00000373795.7	ENSG00000116350	-	6	0	5	0	816	NA	NA	NA	107
ENST00000263702.11	ENSG00000116353	-	10	0	9	0	157	NA	NA	NA	176
ENST00000339394.7	ENSG00000162512	-	5	0	4	0	166	NA	NA	NA	138
ENST00000426105.7	ENSG00000134644	-	22	1	20	0	131	NA	NA	11	363
ENST00000263694.9	ENSG00000060688	-	10	0	9	0	49	NA	NA	NA	141
ENST00000344147.10	ENSG00000121766	+	8	1	6	0	161	NA	NA	55	66
ENST00000373713.7	ENSG00000121769	-	4	0	3	0	53	NA	NA	NA	73
ENST00000373709.8	ENSG00000168528	+	10	0	9	0	135	NA	NA	NA	39
ENST00000373672.8	ENSG00000084636	-	71	1	69	0	202	NA	NA	34	73
ENST00000647444.2	ENSG00000184007	-	6	1	4	0	108	NA	NA	593	96
ENST00000327300.12	ENSG00000121774	+	9	0	8	0	97	NA	NA	NA	382
ENST00000336294.10	ENSG00000121775	+	9	0	8	0	242	NA	NA	NA	4
ENST00000373625.8	ENSG00000025800	+	14	0	13	0	187	NA	NA	NA	4
ENST00000373610.8	ENSG00000084652	+	11	1	9	0	293	NA	NA	32	169
ENST00000373602.10	ENSG00000160050	+	6	1	4	0	54	NA	NA	23	164
ENST00000677711.2	ENSG00000084623	+	11	0	10	0	81	NA	NA	NA	3
ENST00000373548.8	ENSG00000116478	+	14	0	13	0	27	NA	NA	NA	49
ENST00000329421.8	ENSG00000175130	-	2	0	1	0	500	NA	NA	NA	87
ENST00000455895.7	ENSG00000160058	-	11	0	10	0	32	NA	NA	NA	11
ENST00000373493.10	ENSG00000162521	+	12	0	11	0	65	NA	NA	NA	16
ENST00000401073.7	ENSG00000162522	+	7	0	6	0	22	NA	NA	NA	235
ENST00000373477.9	ENSG00000134684	-	13	0	12	0	110	NA	NA	NA	57
ENST00000373475.10	ENSG00000116497	+	7	2	4	0	114	NA	NA	2	831
ENST00000672715.1	ENSG00000004455	-	6	0	5	0	221	NA	NA	NA	93
ENST00000294517.11	ENSG00000142920	+	12	3	8	0	138	NA	NA	72	105
ENST00000291416.10	ENSG00000116525	-	5	0	4	0	550	NA	NA	NA	408
ENST00000539719.6	ENSG00000160094	+	9	1	7	0	116	NA	NA	88	38
ENST00000683057.1	ENSG00000134686	-	15	1	13	0	154	NA	NA	54	174
ENST00000684572.1	ENSG00000121903	+	8	1	6	0	1258	NA	NA	110	417
ENST00000521580.3	ENSG00000163866	-	2	1	0	0	283	NA	NA	5	NA
ENST00000357182.9	ENSG00000163867	-	16	1	14	0	1831	NA	NA	74	93
ENST00000359858.9	ENSG00000197056	+	10	1	8	0	2282	NA	NA	74	96
ENST00000357214.6	ENSG00000116560	-	10	0	9	0	137	NA	NA	NA	828
ENST00000314607.11	ENSG00000146463	+	30	0	29	0	207	NA	NA	NA	39
ENST00000325722.8	ENSG00000142687	-	21	1	19	0	187	NA	NA	28	142
ENST00000373243.7	ENSG00000020129	+	7	0	6	0	436	NA	NA	NA	33
ENST00000373237.4	ENSG00000126067	-	6	0	5	0	107	NA	NA	NA	91
ENST00000318121.8	ENSG00000092853	-	25	0	24	0	110	NA	NA	NA	24
ENST00000373166.8	ENSG00000054116	-	5	0	4	0	119	NA	NA	NA	42
ENST00000474796.2	ENSG00000116871	+	17	0	16	0	10	NA	NA	NA	46
ENST00000354618.10	ENSG00000054118	+	12	2	9	0	221	NA	NA	31	137
ENST00000490466.2	ENSG00000142694	-	3	1	1	0	430	NA	NA	30	67
ENST00000373132.4	ENSG00000196182	-	11	1	9	0	218	NA	NA	8	112
ENST00000315732.3	ENSG00000181817	-	2	1	0	0	395	NA	NA	24	NA
ENST00000235532.9	ENSG00000116885	-	10	0	9	0	116	NA	NA	NA	112
ENST00000373087.7	ENSG00000163874	+	6	1	4	0	874	NA	NA	38	443
ENST00000296215.8	ENSG00000163877	-	4	0	3	0	264	NA	NA	NA	224
ENST00000373062.8	ENSG00000134697	-	16	0	15	0	152	NA	NA	NA	64
ENST00000373055.6	ENSG00000134690	+	10	0	9	0	44	NA	NA	NA	94
ENST00000373044.3	ENSG00000196449	-	5	0	4	0	72	NA	NA	NA	389
ENST00000373036.5	ENSG00000188786	-	11	1	9	0	430	NA	NA	51	408
ENST00000373024.8	ENSG00000204084	-	24	1	22	0	115	NA	NA	26	57
ENST00000373016.4	ENSG00000183386	-	6	1	4	0	154	NA	NA	20	156
ENST00000373014.5	ENSG00000183520	+	8	0	7	0	83	NA	NA	NA	63
ENST00000373001.4	ENSG00000116954	-	7	0	6	0	151	NA	NA	NA	237
ENST00000432648.8	ENSG00000174574	+	5	0	4	0	10	NA	NA	NA	220
ENST00000372858.8	ENSG00000090621	-	16	0	14	1	89	14	14	NA	193
ENST00000372811.10	ENSG00000168389	+	14	0	13	0	63	NA	NA	NA	93
ENST00000372805.8	ENSG00000131236	+	13	1	11	0	83	NA	NA	10	112
ENST00000372759.4	ENSG00000084073	+	10	0	9	0	224	NA	NA	NA	123
ENST00000372718.8	ENSG00000084070	+	10	0	9	0	125	NA	NA	NA	103
ENST00000415550.6	ENSG00000164002	+	4	3	0	0	1151	NA	NA	30	NA
ENST00000372699.8	ENSG00000117010	+	5	1	3	0	898	NA	NA	24	15
ENST00000447388.8	ENSG00000066136	+	10	1	8	0	119	NA	NA	8	105
ENST00000372638.4	ENSG00000179862	-	1	0	0	0	NA	NA	NA	NA	NA
ENST00000650070.2	ENSG00000171793	+	19	1	16	1	84	10	10	13	166
ENST00000695335.1	ENSG00000010803	-	16	1	14	0	125	NA	NA	117	13
ENST00000361346.6	ENSG00000198815	-	13	1	11	0	115	NA	NA	17	44
ENST00000372561.4	ENSG00000127125	+	3	0	2	0	323	NA	NA	NA	508
ENST00000304979.8	ENSG00000171960	+	10	0	8	1	68	22	22	NA	66
ENST00000321358.12	ENSG00000065978	+	8	0	6	1	234	32	32	NA	166
ENST00000372521.9	ENSG00000177868	-	3	1	1	0	86	NA	NA	36	114
ENST00000651192.1	ENSG00000164011	+	4	2	1	0	863	NA	NA	94	84
ENST00000426263.10	ENSG00000117394	-	10	0	9	0	200	NA	NA	NA	18
ENST00000310955.11	ENSG00000117399	+	11	1	9	0	178	NA	NA	49	181
ENST00000372458.8	ENSG00000066322	-	8	1	6	0	221	NA	NA	14	46
ENST00000359947.9	ENSG00000142949	+	34	2	31	0	68	NA	NA	45	91
ENST00000372396.4	ENSG00000066135	+	22	1	20	0	140	NA	NA	39	138
ENST00000372343.8	ENSG00000117408	+	20	0	19	0	96	NA	NA	NA	84
ENST00000255108.8	ENSG00000132768	+	6	0	5	0	124	NA	NA	NA	147
ENST00000472174.7	ENSG00000117410	+	8	0	7	0	26	NA	NA	NA	67
ENST00000372324.6	ENSG00000117411	+	7	1	5	0	150	NA	NA	52	313
ENST00000372310.8	ENSG00000196517	-	14	1	12	0	194	NA	NA	85	30
ENST00000372289.7	ENSG00000178028	+	10	0	9	0	59	NA	NA	NA	105
ENST00000372257.7	ENSG00000117419	-	9	0	8	0	82	NA	NA	NA	135
ENST00000361799.7	ENSG00000187147	+	15	1	13	0	71	NA	NA	117	625
ENST00000372237.8	ENSG00000126106	-	3	0	2	0	650	NA	NA	NA	61
ENST00000372224.9	ENSG00000142945	+	21	0	20	0	82	NA	NA	NA	70
ENST00000372201.5	ENSG00000173846	+	15	0	14	0	191	NA	NA	NA	210
ENST00000360403.7	ENSG00000070785	-	12	1	10	0	52	NA	NA	9	148
ENST00000372172.5	ENSG00000126107	-	21	0	20	0	84	NA	NA	NA	369
ENST00000359600.6	ENSG00000162415	-	14	0	13	0	862	NA	NA	NA	595
ENST00000372090.6	ENSG00000132773	+	8	0	7	0	620	NA	NA	NA	52
ENST00000319248.13	ENSG00000117450	-	6	1	4	0	85	NA	NA	11	106
ENST00000351829.9	ENSG00000117448	+	9	1	7	0	65	NA	NA	6	84
ENST00000350030.8	ENSG00000132780	+	15	0	14	0	80	NA	NA	NA	59
ENST00000355105.8	ENSG00000159592	-	13	3	9	0	152	NA	NA	55	60
ENST00000372025.5	ENSG00000159596	+	3	1	1	0	701	NA	NA	95	42
ENST00000396478.4	ENSG00000197429	-	9	1	7	0	224	NA	NA	50	292
ENST00000361297.7	ENSG00000086015	+	29	0	28	0	1528	NA	NA	NA	177
ENST00000371984.8	ENSG00000085998	-	22	1	20	0	87	NA	NA	50	120
ENST00000371975.9	ENSG00000085999	+	18	0	17	0	210	NA	NA	NA	3
ENST00000617190.5	ENSG00000132128	-	10	0	9	0	219	NA	NA	NA	199
ENST00000474844.6	ENSG00000117481	+	6	0	5	0	276	NA	NA	NA	93
ENST00000243167.9	ENSG00000117480	+	15	0	14	0	128	NA	NA	NA	195
ENST00000371945.10	ENSG00000079277	-	13	2	10	0	225	NA	NA	2	100
ENST00000319928.9	ENSG00000142961	-	4	1	2	0	29	NA	NA	50	418
ENST00000574428.6	ENSG00000123472	-	9	0	8	0	194	NA	NA	NA	266
ENST00000371933.8	ENSG00000159658	-	11	0	10	0	175	NA	NA	NA	185
ENST00000371877.8	ENSG00000123473	-	17	1	15	0	786	NA	NA	43	44
ENST00000371873.10	ENSG00000162368	+	6	0	5	0	41	NA	NA	NA	171
ENST00000371847.8	ENSG00000132122	-	13	0	12	0	180	NA	NA	NA	51
ENST00000396153.7	ENSG00000185104	-	19	0	18	0	83	NA	NA	NA	45
ENST00000371761.4	ENSG00000123080	+	2	0	1	0	377	NA	NA	NA	129
ENST00000242719.4	ENSG00000123091	+	3	0	2	0	171	NA	NA	NA	123
ENST00000680483.1	ENSG00000085831	-	18	0	17	0	123	NA	NA	NA	41
ENST00000371733.8	ENSG00000085832	-	25	0	24	0	146	NA	NA	NA	33
ENST00000352171.12	ENSG00000078618	-	31	0	30	0	197	NA	NA	NA	341
ENST00000371626.9	ENSG00000117862	-	7	0	6	0	79	NA	NA	NA	97
ENST00000371614.2	ENSG00000198841	-	1	0	0	0	NA	NA	NA	NA	NA
ENST00000287727.8	ENSG00000157077	+	19	2	16	0	161	NA	NA	36	70
ENST00000284376.8	ENSG00000154222	-	25	1	22	1	128	2	2	14	69
ENST00000371568.8	ENSG00000085840	-	17	1	15	0	194	NA	NA	5	95
ENST00000257181.10	ENSG00000134748	+	10	0	9	0	42	NA	NA	NA	130
ENST00000257177.9	ENSG00000134744	-	30	1	28	0	67	NA	NA	93	718
ENST00000361314.5	ENSG00000116157	+	3	0	2	0	163	NA	NA	NA	138
ENST00000371538.5	ENSG00000162377	-	3	0	2	0	448	NA	NA	NA	106
ENST00000294353.7	ENSG00000162378	+	14	0	13	0	190	NA	NA	NA	30
ENST00000371528.2	ENSG00000203995	+	14	0	13	0	175	NA	NA	NA	90
ENST00000371522.9	ENSG00000121310	-	10	0	9	0	77	NA	NA	NA	121
ENST00000371514.8	ENSG00000116171	+	16	0	15	0	95	NA	NA	NA	69
ENST00000371486.4	ENSG00000157184	+	5	0	4	0	331	NA	NA	NA	152
ENST00000294360.5	ENSG00000162384	-	8	0	7	0	77	NA	NA	NA	6
ENST00000371470.8	ENSG00000162385	-	5	0	4	0	99	NA	NA	NA	88
ENST00000371429.4	ENSG00000058804	-	18	0	17	0	63	NA	NA	NA	57
ENST00000072644.7	ENSG00000058799	-	11	2	7	1	89	9	9	49	31
ENST00000194214.10	ENSG00000081870	-	6	1	4	0	116	NA	NA	15	98
ENST00000371370.8	ENSG00000116212	+	9	2	6	0	274	NA	NA	14	473
ENST00000234827.6	ENSG00000116205	+	5	1	3	0	188	NA	NA	42	102
ENST00000610401.6	ENSG00000157216	-	18	0	17	0	29	NA	NA	NA	56
ENST00000343744.7	ENSG00000162390	+	16	0	15	0	155	NA	NA	NA	33
ENST00000371281.4	ENSG00000243725	+	10	0	9	0	102	NA	NA	NA	111
ENST00000371269.9	ENSG00000116133	-	9	0	8	0	153	NA	NA	NA	231
ENST00000294383.7	ENSG00000162402	-	68	0	67	0	62	NA	NA	NA	324
ENST00000371250.4	ENSG00000162407	-	6	0	5	0	125	NA	NA	NA	139
ENST00000371244.9	ENSG00000162409	+	9	0	8	0	238	NA	NA	NA	94
ENST00000371226.8	ENSG00000162600	-	9	1	7	0	209	NA	NA	16	500
ENST00000371222.4	ENSG00000177606	-	1	0	0	0	NA	NA	NA	NA	NA
ENST00000371208.5	ENSG00000134709	+	22	0	21	0	170	NA	NA	NA	63
ENST00000403491.8	ENSG00000162599	+	11	0	10	0	17	NA	NA	NA	27
ENST00000606498.5	ENSG00000162604	-	7	0	5	1	110	20	20	NA	164
ENST00000642238.2	ENSG00000132849	+	44	1	42	0	146	NA	NA	35	22
ENST00000339950.5	ENSG00000162607	+	9	1	7	0	735	NA	NA	69	170
ENST00000317868.9	ENSG00000125703	+	11	1	9	0	167	NA	NA	68	76
ENST00000263440.6	ENSG00000088035	+	15	1	13	0	197	NA	NA	207	82
ENST00000271002.15	ENSG00000142856	-	9	0	7	1	49	2	2	NA	5
ENST00000371084.8	ENSG00000079739	+	11	0	10	0	89	NA	NA	NA	246
ENST00000371079.6	ENSG00000185483	+	9	0	8	0	1427	NA	NA	NA	91
ENST00000651257.2	ENSG00000158966	+	27	0	26	0	238	NA	NA	NA	198
ENST00000294428.8	ENSG00000162437	+	12	0	11	0	146	NA	NA	NA	249
ENST00000342505.5	ENSG00000162434	-	25	1	23	0	95	NA	NA	77	6
ENST00000327299.8	ENSG00000162433	+	5	0	4	0	114	NA	NA	NA	145
ENST00000371069.5	ENSG00000116675	+	19	0	18	0	101	NA	NA	NA	193
ENST00000371065.9	ENSG00000213625	+	4	0	3	0	116	NA	NA	NA	16
ENST00000401041.6	ENSG00000198160	+	14	0	13	0	328	NA	NA	NA	67
ENST00000235345.6	ENSG00000116704	-	12	0	11	0	108	NA	NA	NA	203
ENST00000370986.9	ENSG00000116717	+	4	0	3	0	113	NA	NA	NA	44
ENST00000370982.4	ENSG00000172380	-	4	2	1	0	125	NA	NA	26	93
ENST00000262348.9	ENSG00000116729	-	12	0	11	0	109	NA	NA	NA	106
ENST00000456315.7	ENSG00000024526	-	12	0	11	0	137	NA	NA	NA	48
ENST00000370952.4	ENSG00000066557	-	15	0	14	0	105	NA	NA	NA	151
ENST00000370949.2	ENSG00000116754	+	12	0	11	0	197	NA	NA	NA	203
ENST00000370944.9	ENSG00000118454	-	13	0	12	0	130	NA	NA	NA	430
ENST00000370938.8	ENSG00000116761	+	12	0	11	0	26	NA	NA	NA	168
ENST00000370898.9	ENSG00000254685	+	4	0	3	0	1441	NA	NA	NA	82
ENST00000340866.10	ENSG00000116791	-	9	1	7	0	161	NA	NA	13	111
ENST00000370867.8	ENSG00000162623	+	6	0	5	0	219	NA	NA	NA	174
ENST00000370841.9	ENSG00000117054	+	12	0	11	0	71	NA	NA	NA	30
ENST00000328299.4	ENSG00000184005	+	5	0	4	0	186	NA	NA	NA	18
ENST00000370812.8	ENSG00000142892	-	11	0	10	0	116	NA	NA	NA	93
ENST00000354567.7	ENSG00000154027	+	14	0	13	0	68	NA	NA	NA	60
ENST00000370801.8	ENSG00000036549	-	15	4	10	0	144	NA	NA	51	1505
ENST00000370794.7	ENSG00000077254	-	24	1	22	0	157	NA	NA	51	81
ENST00000334785.12	ENSG00000162614	+	13	1	11	0	368	NA	NA	52	27
ENST00000370768.7	ENSG00000162613	-	20	0	19	0	8	NA	NA	NA	120
ENST00000370763.6	ENSG00000162616	+	3	0	2	0	233	NA	NA	NA	211
ENST00000370751.10	ENSG00000137959	+	9	1	7	0	34	NA	NA	10	478
ENST00000370747.9	ENSG00000137965	+	9	1	7	0	46	NA	NA	10	457
ENST00000686636.1	ENSG00000117114	+	24	1	22	0	754	NA	NA	100	73
ENST00000260505.13	ENSG00000137941	-	21	1	19	0	120	NA	NA	176	25
ENST00000370685.7	ENSG00000142875	+	10	0	9	0	125	NA	NA	NA	187
ENST00000370645.9	ENSG00000174021	-	4	1	1	1	125	20	20	210	81
ENST00000370630.6	ENSG00000117151	-	7	0	6	0	200	NA	NA	NA	177
ENST00000342203.8	ENSG00000117155	-	14	1	12	0	174	NA	NA	89	43
ENST00000341460.6	ENSG00000097096	-	7	0	6	0	499	NA	NA	NA	745
ENST00000284031.13	ENSG00000153904	-	6	0	5	0	116	NA	NA	NA	303
ENST00000370574.4	ENSG00000117174	-	10	0	9	0	40	NA	NA	NA	656
ENST00000370558.8	ENSG00000097033	+	9	0	8	0	107	NA	NA	NA	72
ENST00000370550.10	ENSG00000153936	+	7	0	6	0	226	NA	NA	NA	124
ENST00000370544.10	ENSG00000143013	+	5	1	3	0	8	NA	NA	3	236
ENST00000370521.8	ENSG00000065243	+	22	0	21	0	203	NA	NA	NA	48
ENST00000370500.10	ENSG00000137947	-	7	0	6	0	133	NA	NA	NA	17
ENST00000330947.7	ENSG00000197147	+	6	4	1	0	272	NA	NA	26	2139
ENST00000370454.9	ENSG00000171488	+	3	1	1	0	2273	NA	NA	4	138
ENST00000337338.9	ENSG00000171492	+	3	2	0	0	2578	NA	NA	2	NA
ENST00000340281.9	ENSG00000162664	+	12	0	11	0	347	NA	NA	NA	16
ENST00000337393.10	ENSG00000122482	-	6	1	4	0	192	NA	NA	17	44
ENST00000234626.11	ENSG00000097046	+	12	1	10	0	394	NA	NA	63	115
ENST00000212355.9	ENSG00000069702	-	17	1	15	0	118	NA	NA	113	61
ENST00000370383.5	ENSG00000172031	+	7	0	6	0	231	NA	NA	NA	231
ENST00000636805.2	ENSG00000189195	+	18	0	17	0	466	NA	NA	NA	149
ENST00000370321.8	ENSG00000122406	+	8	0	7	0	99	NA	NA	NA	3
ENST00000370310.5	ENSG00000154511	-	5	0	4	0	812	NA	NA	NA	54
ENST00000370298.9	ENSG00000143033	+	15	0	14	0	357	NA	NA	NA	5
ENST00000370282.8	ENSG00000117500	-	4	0	3	0	218	NA	NA	NA	189
ENST00000370272.9	ENSG00000117505	+	3	0	2	0	146	NA	NA	NA	220
ENST00000260502.11	ENSG00000137936	-	12	1	10	0	178	NA	NA	11	317
ENST00000370238.8	ENSG00000023909	-	7	0	6	0	169	NA	NA	NA	126
ENST00000260526.11	ENSG00000137962	-	23	1	21	0	880	NA	NA	32	205
ENST00000370214.9	ENSG00000117528	+	23	0	22	0	77	NA	NA	NA	110
ENST00000334047.12	ENSG00000117525	-	6	0	5	0	136	NA	NA	NA	100
ENST00000271227.11	ENSG00000143036	+	15	0	14	0	104	NA	NA	NA	27
ENST00000370206.9	ENSG00000117519	-	7	0	6	0	341	NA	NA	NA	57
ENST00000370205.6	ENSG00000172339	-	4	0	3	0	230	NA	NA	NA	136
ENST00000674951.1	ENSG00000117569	+	14	0	13	0	129	NA	NA	NA	8
ENST00000263174.9	ENSG00000099260	+	8	0	7	0	43	NA	NA	NA	45
ENST00000646001.2	ENSG00000156869	-	17	1	14	0	92	NA	NA	0	196
ENST00000361915.8	ENSG00000162688	+	34	1	32	0	117	NA	NA	68	82
ENST00000287482.6	ENSG00000156876	-	17	0	16	0	106	NA	NA	NA	65
ENST00000370128.9	ENSG00000137996	+	11	0	10	0	101	NA	NA	NA	45
ENST00000336454.5	ENSG00000079335	+	16	0	15	0	29	NA	NA	NA	49
ENST00000370114.8	ENSG00000162694	-	5	1	3	0	488	NA	NA	71	5
ENST00000357650.9	ENSG00000162695	+	11	0	10	0	47	NA	NA	NA	80
ENST00000305352.7	ENSG00000170989	+	2	1	0	0	1311	NA	NA	163	NA
ENST00000423855.7	ENSG00000185946	+	15	0	13	1	59	13	13	NA	192
ENST00000370078.2	ENSG00000198890	+	1	0	0	0	NA	NA	NA	NA	NA
ENST00000370056.9	ENSG00000134215	-	27	0	26	0	41	NA	NA	NA	204
ENST00000565488.6	ENSG00000085491	-	10	0	9	0	184	NA	NA	NA	183
ENST00000370035.8	ENSG00000162636	+	11	0	10	0	42	NA	NA	NA	137
ENST00000370025.9	ENSG00000134186	+	6	0	5	0	858	NA	NA	NA	276
ENST00000370008.4	ENSG00000116266	+	19	0	18	0	94	NA	NA	NA	49
ENST00000264126.9	ENSG00000121957	+	15	1	13	0	239	NA	NA	248	56
ENST00000369962.8	ENSG00000085433	-	15	1	13	0	142	NA	NA	9	158
ENST00000338366.6	ENSG00000197780	-	4	0	3	0	170	NA	NA	NA	27
ENST00000338272.9	ENSG00000215717	+	3	0	2	0	82	NA	NA	NA	10
ENST00000234677.7	ENSG00000031698	+	11	0	10	0	157	NA	NA	NA	136
ENST00000271332.4	ENSG00000143126	+	34	0	33	0	27	NA	NA	NA	3310
ENST00000256637.8	ENSG00000134243	-	20	0	19	0	14	NA	NA	NA	306
ENST00000420578.7	ENSG00000174151	+	3	0	2	0	503	NA	NA	NA	148
ENST00000369864.5	ENSG00000181754	-	2	1	0	0	1568	NA	NA	87	NA
ENST00000528667.7	ENSG00000116337	+	19	1	17	0	209	NA	NA	262	91
ENST00000329608.11	ENSG00000184371	+	9	0	7	1	42	14	14	NA	39
ENST00000369799.10	ENSG00000168710	+	17	0	16	0	6	NA	NA	NA	120
ENST00000369784.9	ENSG00000162775	+	3	0	1	1	70	41	41	NA	2863
ENST00000602318.6	ENSG00000134248	-	4	0	3	0	60	NA	NA	NA	35
ENST00000369763.5	ENSG00000121931	-	4	0	3	0	440	NA	NA	NA	68
ENST00000484310.6	ENSG00000156171	-	10	3	6	0	107	NA	NA	14	131
ENST00000357172.9	ENSG00000134255	+	9	1	7	0	119	NA	NA	73	339
ENST00000235090.10	ENSG00000116455	-	10	0	9	0	159	NA	NA	NA	115
ENST00000369722.8	ENSG00000116459	+	7	0	6	0	77	NA	NA	NA	40
ENST00000369709.4	ENSG00000116473	+	8	1	5	1	86	30	30	27	57
ENST00000369702.5	ENSG00000064703	+	11	0	10	0	1162	NA	NA	NA	301
ENST00000271277.11	ENSG00000143079	+	6	2	3	0	1481	NA	NA	9	99
ENST00000358039.9	ENSG00000007341	-	15	0	14	0	98	NA	NA	NA	205
ENST00000369645.6	ENSG00000155363	+	21	1	19	0	91	NA	NA	65	137
ENST00000339083.12	ENSG00000155366	-	6	2	3	0	173	NA	NA	7	156
ENST00000309276.11	ENSG00000155367	-	10	0	9	0	147	NA	NA	NA	326
ENST00000369626.8	ENSG00000155380	-	5	1	3	0	274	NA	NA	44	217
ENST00000361127.6	ENSG00000198799	+	18	0	17	0	226	NA	NA	NA	239
ENST00000307546.14	ENSG00000081026	+	21	0	20	0	1117	NA	NA	NA	316
ENST00000369604.6	ENSG00000116793	-	19	1	17	0	20	NA	NA	30	45
ENST00000261441.9	ENSG00000081019	-	7	0	6	0	473	NA	NA	NA	703
ENST00000369569.6	ENSG00000134262	-	10	0	9	0	427	NA	NA	NA	113
ENST00000650450.2	ENSG00000118655	+	4	0	3	0	1060	NA	NA	NA	189
ENST00000426820.7	ENSG00000163349	+	16	1	14	0	488	NA	NA	2	1076
ENST00000358465.7	ENSG00000197323	-	20	0	19	0	212	NA	NA	NA	526
ENST00000369535.5	ENSG00000213281	-	7	1	3	2	119	5	44	17	111
ENST00000358528.9	ENSG00000009307	-	20	1	17	0	47	NA	NA	0	199
ENST00000060969.6	ENSG00000052723	-	5	0	4	0	101	NA	NA	NA	159
ENST00000369516.7	ENSG00000134198	-	8	0	7	0	65	NA	NA	NA	69
ENST00000355485.7	ENSG00000173218	+	8	1	6	0	260	NA	NA	137	71
ENST00000295598.10	ENSG00000163399	+	23	0	22	0	28	NA	NA	NA	12
ENST00000369486.8	ENSG00000143061	-	11	1	9	0	250	NA	NA	630	43
ENST00000393203.3	ENSG00000134247	+	9	0	8	0	166	NA	NA	NA	49
ENST00000369466.9	ENSG00000116830	+	23	0	22	0	144	NA	NA	NA	28
ENST00000256649.9	ENSG00000134253	-	6	0	5	0	148	NA	NA	NA	488
ENST00000356554.7	ENSG00000198162	+	13	0	12	0	132	NA	NA	NA	302
ENST00000369443.10	ENSG00000196505	-	14	1	12	0	47	NA	NA	67	176
ENST00000349139.6	ENSG00000065183	+	27	1	25	0	155	NA	NA	32	171
ENST00000235521.5	ENSG00000116874	-	6	0	5	0	448	NA	NA	NA	90
ENST00000421812.3	ENSG00000143067	-	3	1	1	0	1411	NA	NA	37	226
ENST00000641023.2	ENSG00000092621	+	12	0	11	0	154	NA	NA	NA	138
ENST00000256646.7	ENSG00000134250	-	34	0	33	0	1388	NA	NA	NA	73
ENST00000578049.4	ENSG00000265808	-	5	0	4	0	154	NA	NA	NA	75
ENST00000582693.5	ENSG00000265491	-	9	0	8	0	131	NA	NA	NA	102
ENST00000393045.7	ENSG00000131788	-	14	0	13	0	266	NA	NA	NA	24
ENST00000369306.8	ENSG00000131779	-	4	0	3	0	405	NA	NA	NA	56
ENST00000604000.4	ENSG00000271601	-	6	0	5	0	242	NA	NA	NA	292
ENST00000369314.2	ENSG00000121851	+	8	1	6	0	86	NA	NA	41	126
ENST00000582401.6	ENSG00000265972	-	8	0	7	0	35	NA	NA	NA	250
ENST00000254101.4	ENSG00000131791	-	8	1	6	0	77	NA	NA	23	156
ENST00000369258.8	ENSG00000131778	+	23	0	22	0	78	NA	NA	NA	127
ENST00000234739.8	ENSG00000116128	+	10	3	6	0	1117	NA	NA	259	53
ENST00000695795.1	ENSG00000178104	+	47	0	46	0	41	NA	NA	NA	20
ENST00000369152.6	ENSG00000178096	+	2	1	0	0	463	NA	NA	50	NA
ENST00000369146.8	ENSG00000159164	-	13	1	11	0	183	NA	NA	347	622
ENST00000271628.9	ENSG00000143368	-	6	0	5	0	187	NA	NA	NA	34
ENST00000581312.6	ENSG00000264522	-	12	1	10	0	1208	NA	NA	66	85
ENST00000369124.5	ENSG00000023902	+	6	0	5	0	704	NA	NA	NA	30
ENST00000583931.6	ENSG00000143401	-	7	0	6	0	70	NA	NA	NA	54
ENST00000369109.8	ENSG00000117362	-	7	0	6	0	64	NA	NA	NA	113
ENST00000324862.7	ENSG00000117360	+	16	1	14	0	146	NA	NA	48	145
ENST00000369047.9	ENSG00000143369	+	10	0	9	0	230	NA	NA	NA	70
ENST00000271643.9	ENSG00000143382	+	19	2	16	0	136	NA	NA	84	20
ENST00000369026.3	ENSG00000143384	-	3	0	2	0	116	NA	NA	NA	688
ENST00000369014.10	ENSG00000143420	-	4	0	3	0	15	NA	NA	NA	57
ENST00000271732.8	ENSG00000143457	-	5	1	3	0	427	NA	NA	12	183
ENST00000368985.8	ENSG00000163131	-	8	1	6	0	99	NA	NA	1	126
ENST00000358595.10	ENSG00000143437	-	22	0	21	0	89	NA	NA	NA	25
ENST00000692827.1	ENSG00000143379	+	22	1	20	0	117	NA	NA	11	260
ENST00000368954.10	ENSG00000143418	-	11	1	9	0	140	NA	NA	1	173
ENST00000683666.2	ENSG00000143409	-	10	1	8	0	80	NA	NA	89	453
ENST00000271620.8	ENSG00000143363	+	8	0	7	0	428	NA	NA	NA	39
ENST00000357235.6	ENSG00000197622	-	5	1	2	1	74	17	17	263	54
ENST00000368921.5	ENSG00000213190	+	2	1	0	0	278	NA	NA	6	NA
ENST00000368918.8	ENSG00000143458	+	9	0	7	0	299	NA	NA	0	108
ENST00000368908.10	ENSG00000163155	-	3	0	2	0	138	NA	NA	NA	180
ENST00000368888.9	ENSG00000143398	+	16	0	15	0	2	NA	NA	NA	85
ENST00000368884.8	ENSG00000159352	+	10	0	9	0	170	NA	NA	NA	26
ENST00000336715.11	ENSG00000143373	+	9	1	7	0	494	NA	NA	17	2115
ENST00000368873.6	ENSG00000143393	-	12	1	10	0	181	NA	NA	28	909
ENST00000452671.7	ENSG00000143390	-	11	2	8	0	992	NA	NA	13	116
ENST00000368868.10	ENSG00000143416	-	12	0	11	0	162	NA	NA	NA	4
ENST00000271715.7	ENSG00000143442	-	19	1	17	0	1662	NA	NA	1	124
ENST00000271636.12	ENSG00000143375	+	21	1	19	0	141	NA	NA	14	873
ENST00000368849.8	ENSG00000143367	+	13	0	12	0	63	NA	NA	NA	60
ENST00000368824.8	ENSG00000182134	-	13	1	11	0	52	NA	NA	27	124
ENST00000368814.8	ENSG00000159445	-	6	0	5	0	40	NA	NA	NA	99
ENST00000368811.8	ENSG00000197747	-	3	1	1	0	161	NA	NA	21	132
ENST00000271638.3	ENSG00000163191	-	3	0	2	0	161	NA	NA	NA	3
ENST00000368716.9	ENSG00000196154	-	3	1	1	0	164	NA	NA	15	141
ENST00000368708.9	ENSG00000196754	-	3	1	1	0	152	NA	NA	10	144
ENST00000368706.9	ENSG00000188643	-	3	1	1	0	158	NA	NA	26	153
ENST00000368694.8	ENSG00000160679	+	6	1	4	0	205	NA	NA	17	65
ENST00000368685.6	ENSG00000143553	+	4	0	3	0	101	NA	NA	NA	143
ENST00000361891.9	ENSG00000143621	-	14	0	13	0	160	NA	NA	NA	5
ENST00000318967.7	ENSG00000143624	+	30	0	29	0	77	NA	NA	NA	150
ENST00000368655.5	ENSG00000143614	-	11	1	9	0	133	NA	NA	1	335
ENST00000361217.9	ENSG00000198837	-	28	1	26	0	145	NA	NA	23	317
ENST00000368633.2	ENSG00000160741	-	14	0	13	0	220	NA	NA	NA	153
ENST00000356205.9	ENSG00000143570	-	4	1	2	0	656	NA	NA	32	187
ENST00000271843.9	ENSG00000143543	-	5	0	4	0	156	NA	NA	NA	83
ENST00000651641.1	ENSG00000143549	-	10	0	9	0	3	NA	NA	NA	117
ENST00000428931.6	ENSG00000143569	+	27	1	25	0	95	NA	NA	40	90
ENST00000328703.12	ENSG00000143575	+	7	0	6	0	85	NA	NA	NA	53
ENST00000368489.6	ENSG00000143515	+	28	1	26	0	278	NA	NA	37	31
ENST00000368485.8	ENSG00000160712	+	10	0	9	0	246	NA	NA	NA	85
ENST00000292211.5	ENSG00000160714	-	13	0	12	0	31	NA	NA	NA	327
ENST00000368474.9	ENSG00000160710	-	15	0	14	0	237	NA	NA	NA	15
ENST00000368463.8	ENSG00000163346	-	11	1	9	0	93	NA	NA	36	51
ENST00000448116.7	ENSG00000160691	-	12	0	11	0	128	NA	NA	NA	495
ENST00000308987.6	ENSG00000173207	+	3	0	2	0	52	NA	NA	NA	59
ENST00000292180.8	ENSG00000160688	+	7	0	6	0	135	NA	NA	NA	372
ENST00000535420.6	ENSG00000160685	+	3	1	1	0	465	NA	NA	6	1154
ENST00000356955.7	ENSG00000143537	+	23	0	22	0	42	NA	NA	NA	79
ENST00000368409.8	ENSG00000243364	+	4	0	3	0	136	NA	NA	NA	113
ENST00000368407.8	ENSG00000169242	+	5	0	4	0	112	NA	NA	NA	92
ENST00000368404.9	ENSG00000169241	+	6	0	5	0	101	NA	NA	NA	80
ENST00000295682.6	ENSG00000163463	-	5	0	4	0	120	NA	NA	NA	4
ENST00000368378.7	ENSG00000169231	-	23	0	22	0	58	NA	NA	NA	79
ENST00000368373.8	ENSG00000177628	-	11	0	10	0	105	NA	NA	NA	27
ENST00000361361.7	ENSG00000160767	-	12	0	11	0	173	NA	NA	NA	225
ENST00000302631.8	ENSG00000116521	-	9	0	8	0	146	NA	NA	NA	66
ENST00000368361.9	ENSG00000176444	-	13	0	11	0	182	NA	NA	0	170
ENST00000392403.8	ENSG00000116539	-	28	1	26	0	91	NA	NA	99	420
ENST00000368331.6	ENSG00000116580	-	32	1	30	0	149	NA	NA	26	505
ENST00000368324.5	ENSG00000132718	+	4	0	3	0	310	NA	NA	NA	34
ENST00000368323.8	ENSG00000143622	-	6	1	4	0	230	NA	NA	43	106
ENST00000368321.8	ENSG00000132680	-	14	0	13	0	199	NA	NA	NA	38
ENST00000295702.9	ENSG00000163479	-	6	0	4	0	110	NA	NA	0	155
ENST00000368309.4	ENSG00000160803	-	11	0	10	0	152	NA	NA	NA	108
ENST00000368300.9	ENSG00000160789	+	12	0	11	0	26	NA	NA	NA	356
ENST00000359511.5	ENSG00000160785	+	4	1	2	0	191	NA	NA	13	625
ENST00000361813.5	ENSG00000198952	-	22	0	21	0	83	NA	NA	NA	74
ENST00000362007.6	ENSG00000198715	-	6	0	5	0	165	NA	NA	NA	120
ENST00000295688.8	ENSG00000163468	-	14	0	13	0	104	NA	NA	NA	31
ENST00000348159.9	ENSG00000116604	-	12	1	10	0	11	NA	NA	138	54
ENST00000361170.7	ENSG00000183856	-	38	0	37	0	113	NA	NA	NA	37
ENST00000368222.8	ENSG00000143320	-	4	0	3	0	50	NA	NA	NA	70
ENST00000368219.2	ENSG00000143319	-	4	1	2	0	113	NA	NA	117	747
ENST00000368216.9	ENSG00000143303	+	8	0	7	0	121	NA	NA	NA	111
ENST00000361531.6	ENSG00000143314	-	6	1	4	0	136	NA	NA	60	183
ENST00000357325.10	ENSG00000143321	-	6	0	5	0	6	NA	NA	NA	87
ENST00000271526.9	ENSG00000143294	+	7	0	6	0	86	NA	NA	NA	468
ENST00000368194.8	ENSG00000132694	-	41	0	40	0	58	NA	NA	NA	32
ENST00000368192.9	ENSG00000117036	-	5	1	3	0	1138	NA	NA	13	46
ENST00000295809.12	ENSG00000163565	+	12	1	10	0	80	NA	NA	20	265
ENST00000368107.2	ENSG00000158716	+	2	0	1	0	185	NA	NA	NA	267
ENST00000368097.9	ENSG00000158710	-	5	1	3	0	141	NA	NA	28	180
ENST00000368090.5	ENSG00000143315	-	1	0	0	0	NA	NA	NA	NA	NA
ENST00000314485.12	ENSG00000162729	-	7	0	5	1	115	16	16	NA	64
ENST00000360472.9	ENSG00000162734	+	4	1	2	0	64	NA	NA	2	172
ENST00000368074.6	ENSG00000132716	-	14	2	11	0	116	NA	NA	26	49
ENST00000368072.10	ENSG00000162735	-	8	0	7	0	83	NA	NA	NA	70
ENST00000241704.8	ENSG00000122218	-	33	0	32	0	59	NA	NA	NA	40
ENST00000368061.3	ENSG00000162738	+	8	1	6	0	260	NA	NA	190	71
ENST00000368021.7	ENSG00000158773	-	11	1	9	0	89	NA	NA	85	8
ENST00000368009.7	ENSG00000158793	+	7	0	6	0	266	NA	NA	NA	2
ENST00000368006.8	ENSG00000158796	-	6	2	3	0	376	NA	NA	64	325
ENST00000368003.6	ENSG00000143222	+	6	0	5	0	80	NA	NA	NA	123
ENST00000368002.8	ENSG00000143258	+	14	2	11	0	90	NA	NA	21	600
ENST00000319769.10	ENSG00000158850	-	8	2	5	0	273	NA	NA	14	253
ENST00000367988.8	ENSG00000158882	+	10	1	8	0	139	NA	NA	135	115
ENST00000367975.7	ENSG00000143252	+	6	0	5	0	104	NA	NA	NA	20
ENST00000367942.4	ENSG00000118217	+	16	0	15	0	208	NA	NA	NA	82
ENST00000294794.8	ENSG00000162745	-	8	0	7	0	601	NA	NA	NA	174
ENST00000361897.10	ENSG00000198929	+	10	0	9	0	415	NA	NA	NA	105
ENST00000489294.2	ENSG00000152332	+	8	0	7	0	146	NA	NA	NA	268
ENST00000367925.6	ENSG00000117143	+	11	1	9	0	92	NA	NA	57	280
ENST00000367921.8	ENSG00000162733	+	18	2	15	0	134	NA	NA	27	82
ENST00000254521.8	ENSG00000132196	+	9	0	8	0	122	NA	NA	NA	35
ENST00000313961.10	ENSG00000143248	-	5	0	4	0	161	NA	NA	NA	44
ENST00000420696.7	ENSG00000185630	+	9	0	8	0	92	NA	NA	NA	191
ENST00000367889.8	ENSG00000143198	+	6	1	4	0	136	NA	NA	7	117
ENST00000354775.5	ENSG00000143149	-	11	0	10	0	94	NA	NA	NA	181
ENST00000367879.9	ENSG00000143179	+	7	0	6	0	139	NA	NA	NA	99
ENST00000367876.9	ENSG00000143157	+	6	1	3	1	1471	15	15	2	132
ENST00000367874.5	ENSG00000152382	-	8	0	7	0	152	NA	NA	NA	74
ENST00000370509.5	ENSG00000143162	-	4	0	3	0	3	NA	NA	NA	354
ENST00000359523.7	ENSG00000197965	+	6	0	5	0	101	NA	NA	NA	91
ENST00000367840.4	ENSG00000143164	+	22	0	21	0	64	NA	NA	NA	97
ENST00000682931.1	ENSG00000143147	-	6	1	4	0	265	NA	NA	44	374
ENST00000367833.7	ENSG00000143155	+	7	0	6	0	143	NA	NA	NA	104
ENST00000271375.7	ENSG00000213064	+	8	0	7	0	39	NA	NA	NA	63
ENST00000367815.9	ENSG00000143153	+	6	0	5	0	263	NA	NA	NA	97
ENST00000367808.8	ENSG00000117475	+	7	1	5	0	185	NA	NA	50	28
ENST00000236137.10	ENSG00000117479	-	6	0	5	0	128	NA	NA	NA	204
ENST00000359326.9	ENSG00000000460	+	25	3	21	0	197	NA	NA	23	66
ENST00000367771.11	ENSG00000000457	-	13	1	11	0	59	NA	NA	50	165
ENST00000361580.7	ENSG00000075945	-	20	0	19	0	105	NA	NA	NA	32
ENST00000367763.8	ENSG00000120370	+	5	0	4	0	447	NA	NA	NA	61
ENST00000239461.11	ENSG00000116132	+	4	0	3	0	138	NA	NA	NA	241
ENST00000647382.2	ENSG00000117523	+	35	1	33	0	260	NA	NA	57	112
ENST00000236192.12	ENSG00000117533	-	8	1	6	0	28	NA	NA	49	66
ENST00000627582.3	ENSG00000197959	+	21	0	20	0	69	NA	NA	NA	161
ENST00000344529.5	ENSG00000135845	-	2	1	0	0	1101	NA	NA	208	NA
ENST00000263688.4	ENSG00000094975	+	24	0	23	0	443	NA	NA	NA	62
ENST00000340385.6	ENSG00000117592	+	5	0	4	0	128	NA	NA	NA	95
ENST00000209884.5	ENSG00000076321	+	12	1	10	0	84	NA	NA	41	23
ENST00000682279.1	ENSG00000120334	-	6	2	3	0	71	NA	NA	7	168
ENST00000649689.2	ENSG00000117593	+	17	0	16	0	187	NA	NA	NA	127
ENST00000367696.7	ENSG00000135870	-	20	1	18	0	150	NA	NA	150	231
ENST00000681986.1	ENSG00000152061	+	26	1	24	0	152	NA	NA	33	138
ENST00000367679.7	ENSG00000116161	+	6	0	5	0	156	NA	NA	NA	15
ENST00000367649.8	ENSG00000075391	+	18	0	17	0	164	NA	NA	NA	202
ENST00000367635.8	ENSG00000116191	+	20	1	18	0	29	NA	NA	83	57
ENST00000263733.5	ENSG00000116199	+	8	1	6	0	231	NA	NA	133	377
ENST00000367627.8	ENSG00000186283	+	6	0	5	0	250	NA	NA	NA	259
ENST00000367619.8	ENSG00000057252	+	16	1	14	0	56	NA	NA	8	118
ENST00000609928.6	ENSG00000169905	-	7	3	3	0	757	NA	NA	146	34
ENST00000606911.7	ENSG00000143337	+	10	0	9	0	787	NA	NA	NA	475
ENST00000367602.8	ENSG00000116260	+	12	0	11	0	775	NA	NA	NA	265
ENST00000367595.4	ENSG00000230124	-	8	0	7	0	154	NA	NA	NA	222
ENST00000367590.9	ENSG00000143324	+	15	0	14	0	60	NA	NA	NA	69
ENST00000258301.6	ENSG00000135823	-	8	0	7	0	76	NA	NA	NA	35
ENST00000367580.6	ENSG00000153029	+	6	0	5	0	40	NA	NA	NA	67
ENST00000367577.7	ENSG00000162783	+	1	0	0	0	NA	NA	NA	NA	NA
ENST00000331872.11	ENSG00000135821	-	7	1	5	0	318	NA	NA	13	166
ENST00000367559.7	ENSG00000135828	-	7	1	5	0	186	NA	NA	164	1480
ENST00000367558.6	ENSG00000143333	-	5	0	4	0	221	NA	NA	NA	44
ENST00000367553.6	ENSG00000135838	+	13	2	10	0	184	NA	NA	16	68
ENST00000367549.4	ENSG00000135829	+	28	1	26	0	351	NA	NA	22	111
ENST00000258341.5	ENSG00000135862	+	28	0	27	0	256	NA	NA	NA	418
ENST00000264144.5	ENSG00000058085	+	23	0	22	0	253	NA	NA	NA	79
ENST00000287713.7	ENSG00000157064	-	11	0	10	0	102	NA	NA	NA	85
ENST00000688051.1	ENSG00000116698	+	23	0	22	0	113	NA	NA	NA	29
ENST00000367535.8	ENSG00000116701	-	15	0	14	0	112	NA	NA	NA	174
ENST00000359856.11	ENSG00000162704	-	4	0	3	0	62	NA	NA	NA	143
ENST00000360851.4	ENSG00000143344	+	18	0	17	0	187	NA	NA	NA	27
ENST00000645668.2	ENSG00000198860	+	5	0	4	0	20	NA	NA	NA	135
ENST00000318130.13	ENSG00000116406	-	20	0	19	0	409	NA	NA	NA	158
ENST00000367511.4	ENSG00000135842	-	14	0	13	0	1120	NA	NA	NA	55
ENST00000367510.8	ENSG00000121481	+	7	1	5	0	101	NA	NA	2	87
ENST00000367500.9	ENSG00000116668	+	19	1	17	0	129	NA	NA	9	84
ENST00000367498.8	ENSG00000116679	-	15	2	12	0	253	NA	NA	18	111
ENST00000367478.9	ENSG00000047410	-	51	0	50	0	55	NA	NA	NA	151
ENST00000287859.11	ENSG00000157181	+	14	1	12	0	67	NA	NA	19	99
ENST00000367468.10	ENSG00000073756	-	10	0	9	0	409	NA	NA	NA	52
ENST00000367466.4	ENSG00000116711	+	18	1	16	0	131	NA	NA	69	33
ENST00000235382.7	ENSG00000116741	+	5	0	4	0	194	NA	NA	NA	110
ENST00000367454.6	ENSG00000116750	-	11	0	10	0	44	NA	NA	NA	76
ENST00000400968.7	ENSG00000116747	+	9	1	7	0	152	NA	NA	21	580
ENST00000367439.8	ENSG00000023572	-	4	0	3	0	134	NA	NA	NA	119
ENST00000367435.5	ENSG00000134371	+	17	0	16	0	36	NA	NA	NA	131
ENST00000367405.5	ENSG00000177888	-	11	1	9	0	655	NA	NA	117	1120
ENST00000620048.6	ENSG00000213047	-	23	0	22	0	512	NA	NA	NA	17
ENST00000367385.9	ENSG00000151414	+	10	1	8	0	110	NA	NA	28	57
ENST00000367353.2	ENSG00000162702	-	2	1	0	0	2705	NA	NA	18	NA
ENST00000367350.5	ENSG00000118193	-	30	1	28	0	379	NA	NA	115	1112
ENST00000331314.11	ENSG00000118197	-	8	1	6	0	263	NA	NA	11	804
ENST00000358823.7	ENSG00000118200	+	17	0	16	0	305	NA	NA	NA	139
ENST00000367330.6	ENSG00000116857	-	5	0	4	0	152	NA	NA	NA	66
ENST00000367311.5	ENSG00000174307	-	2	0	0	1	NA	63	63	NA	446
ENST00000340006.7	ENSG00000159176	-	6	1	4	0	76	NA	NA	1	112
ENST00000361565.9	ENSG00000198700	+	24	0	23	0	110	NA	NA	NA	163
ENST00000362011.7	ENSG00000198892	+	5	0	4	0	46	NA	NA	NA	73
ENST00000367287.5	ENSG00000134375	+	6	0	5	0	85	NA	NA	NA	26
ENST00000272217.7	ENSG00000143862	-	7	0	6	0	49	NA	NA	NA	123
ENST00000646651.1	ENSG00000077152	-	7	1	5	0	125	NA	NA	64	109
ENST00000367265.9	ENSG00000117139	-	27	0	26	0	137	NA	NA	NA	204
ENST00000367262.4	ENSG00000183155	-	2	0	1	0	245	NA	NA	NA	126
ENST00000367261.8	ENSG00000117153	-	12	1	10	0	126	NA	NA	45	195
ENST00000340990.10	ENSG00000159346	-	8	1	6	0	128	NA	NA	94	141
ENST00000367249.9	ENSG00000159348	-	9	0	8	0	172	NA	NA	NA	15
ENST00000367242.4	ENSG00000163444	+	8	0	7	0	185	NA	NA	NA	109
ENST00000290551.5	ENSG00000159388	+	2	0	1	0	334	NA	NA	NA	142
ENST00000357681.10	ENSG00000058668	+	21	1	19	0	308	NA	NA	464	193
ENST00000414487.7	ENSG00000182004	+	5	0	4	0	55	NA	NA	NA	54
ENST00000367204.6	ENSG00000143842	+	14	1	12	0	276	NA	NA	1	219
ENST00000367202.9	ENSG00000143845	-	8	0	7	0	72	NA	NA	NA	258
ENST00000272203.8	ENSG00000143850	-	23	2	19	1	115	9	9	13	102
ENST00000367188.5	ENSG00000158615	-	2	0	1	0	221	NA	NA	NA	1920
ENST00000684373.1	ENSG00000133056	-	33	1	31	0	188	NA	NA	84	933
ENST00000367182.8	ENSG00000198625	+	11	1	9	0	569	NA	NA	35	78
ENST00000367177.4	ENSG00000170382	-	2	1	0	0	2367	NA	NA	226	NA
ENST00000264515.11	ENSG00000117222	-	14	0	13	0	28	NA	NA	NA	19
ENST00000367162.8	ENSG00000133059	-	13	0	12	0	187	NA	NA	NA	265
ENST00000367157.6	ENSG00000163545	-	7	0	6	0	1063	NA	NA	NA	231
ENST00000429964.7	ENSG00000117266	+	16	1	14	0	34	NA	NA	21	130
ENST00000357992.9	ENSG00000158711	-	5	1	3	0	98	NA	NA	9	207
ENST00000367145.4	ENSG00000158715	-	5	1	3	0	437	NA	NA	230	172
ENST00000367142.5	ENSG00000069275	-	7	0	6	0	199	NA	NA	NA	17
ENST00000367139.8	ENSG00000117280	-	6	1	4	0	111	NA	NA	130	124
ENST00000367137.4	ENSG00000133065	-	11	1	9	0	185	NA	NA	646	372
ENST00000573034.8	ENSG00000266028	+	23	1	21	0	383	NA	NA	542	67
ENST00000581977.7	ENSG00000263528	+	22	2	19	0	33	NA	NA	32	87
ENST00000579436.7	ENSG00000266094	+	6	0	5	0	152	NA	NA	NA	457
ENST00000271764.7	ENSG00000143486	-	15	0	14	0	70	NA	NA	NA	56
ENST00000367109.8	ENSG00000143479	+	3	0	2	0	1577	NA	NA	NA	77
ENST00000367103.4	ENSG00000162889	+	10	0	9	0	143	NA	NA	NA	279
ENST00000315927.9	ENSG00000180667	-	2	0	1	0	703	NA	NA	NA	343
ENST00000367080.8	ENSG00000123836	+	15	1	13	0	167	NA	NA	17	85
ENST00000367064.9	ENSG00000196352	+	10	0	9	0	64	NA	NA	NA	100
ENST00000367033.4	ENSG00000076356	-	32	1	30	0	95	NA	NA	80	1188
ENST00000367029.5	ENSG00000123689	+	2	1	0	0	343	NA	NA	32	NA
ENST00000294811.2	ENSG00000162757	-	2	1	0	0	884	NA	NA	75	NA
ENST00000491415.7	ENSG00000117597	+	12	0	11	0	243	NA	NA	NA	107
ENST00000367012.4	ENSG00000082497	+	4	1	2	0	779	NA	NA	17	175
ENST00000419091.7	ENSG00000117625	+	12	0	11	0	344	NA	NA	NA	166
ENST00000261464.10	ENSG00000082512	+	11	1	9	0	574	NA	NA	1	218
ENST00000367001.5	ENSG00000170385	-	2	0	1	0	901	NA	NA	NA	622
ENST00000366999.9	ENSG00000117650	-	8	0	7	0	226	NA	NA	NA	96
ENST00000366997.9	ENSG00000123684	-	8	1	6	0	151	NA	NA	27	238
ENST00000366994.8	ENSG00000143493	-	20	0	19	0	287	NA	NA	NA	94
ENST00000366991.5	ENSG00000143476	+	15	0	14	0	98	NA	NA	NA	52
ENST00000261461.7	ENSG00000066027	+	13	0	12	0	132	NA	NA	NA	181
ENST00000261455.9	ENSG00000065600	-	8	0	7	0	161	NA	NA	NA	36
ENST00000366988.5	ENSG00000117691	+	4	0	3	0	176	NA	NA	NA	177
ENST00000341491.9	ENSG00000162772	+	4	1	2	0	197	NA	NA	4	240
ENST00000366974.9	ENSG00000203705	+	10	0	9	0	143	NA	NA	NA	66
ENST00000366971.9	ENSG00000162769	+	10	0	9	0	74	NA	NA	NA	738
ENST00000366962.8	ENSG00000174606	-	9	0	8	0	151	NA	NA	NA	59
ENST00000366960.8	ENSG00000136643	+	15	0	14	0	110	NA	NA	NA	105
ENST00000366958.9	ENSG00000117707	+	5	1	3	0	185	NA	NA	67	1725
ENST00000366957.10	ENSG00000143499	+	12	0	11	0	80	NA	NA	NA	173
ENST00000366955.8	ENSG00000117724	+	20	1	18	0	203	NA	NA	41	162
ENST00000259154.9	ENSG00000136636	+	18	0	17	0	561	NA	NA	NA	83
ENST00000366935.8	ENSG00000092978	-	10	0	9	0	220	NA	NA	NA	56
ENST00000366932.4	ENSG00000067533	+	5	0	4	0	143	NA	NA	NA	139
ENST00000366930.9	ENSG00000092969	+	7	0	6	0	158	NA	NA	NA	346
ENST00000366923.8	ENSG00000136628	-	32	0	31	0	150	NA	NA	NA	46
ENST00000322067.12	ENSG00000162813	-	9	1	7	0	148	NA	NA	8	120
ENST00000366922.3	ENSG00000067704	+	23	0	22	0	142	NA	NA	NA	267
ENST00000358951.7	ENSG00000118873	-	35	0	34	0	155	NA	NA	NA	115
ENST00000366917.6	ENSG00000116141	+	18	0	17	0	354	NA	NA	NA	51
ENST00000294889.6	ENSG00000162817	+	2	0	1	0	119	NA	NA	NA	309
ENST00000366903.8	ENSG00000136630	+	4	0	3	0	509	NA	NA	NA	592
ENST00000366899.4	ENSG00000143507	-	4	1	2	0	265	NA	NA	43	811
ENST00000340020.11	ENSG00000186063	-	10	0	9	0	96	NA	NA	NA	110
ENST00000675850.1	ENSG00000154309	+	9	2	6	0	3587	NA	NA	17	509
ENST00000295006.6	ENSG00000162909	+	21	0	20	0	23	NA	NA	NA	237
ENST00000343537.12	ENSG00000143514	-	18	0	17	0	41	NA	NA	NA	27
ENST00000323699.9	ENSG00000143753	+	3	0	2	0	146	NA	NA	NA	82
ENST00000281701.11	ENSG00000143748	-	23	0	22	0	44	NA	NA	NA	57
ENST00000465271.6	ENSG00000143771	+	5	0	4	0	27	NA	NA	NA	69
ENST00000414423.9	ENSG00000162923	-	14	0	13	0	25	NA	NA	NA	722
ENST00000272163.9	ENSG00000143815	-	14	1	12	0	160	NA	NA	14	165
ENST00000366843.7	ENSG00000154380	-	14	0	13	0	37	NA	NA	NA	5
ENST00000272167.10	ENSG00000143819	+	9	1	7	0	201	NA	NA	5	183
ENST00000366835.8	ENSG00000196187	-	25	2	21	1	173	7	7	14	186
ENST00000366812.6	ENSG00000182827	-	8	0	7	0	211	NA	NA	NA	286
ENST00000681046.1	ENSG00000183814	-	15	0	14	0	105	NA	NA	NA	31
ENST00000366794.10	ENSG00000143799	-	23	0	22	0	81	NA	NA	NA	120
ENST00000429204.6	ENSG00000143772	-	8	1	6	0	215	NA	NA	205	1932
ENST00000366783.8	ENSG00000143801	+	13	3	9	0	155	NA	NA	20	141
ENST00000366777.4	ENSG00000163050	+	15	1	13	0	284	NA	NA	9	177
ENST00000366766.8	ENSG00000143776	-	37	0	36	0	131	NA	NA	NA	178
ENST00000617596.5	ENSG00000143740	+	5	1	3	0	146	NA	NA	45	497
ENST00000272102.10	ENSG00000143761	+	5	1	3	0	161	NA	NA	37	148
ENST00000453943.6	ENSG00000143774	+	8	0	7	0	32	NA	NA	NA	61
ENST00000284551.11	ENSG00000154370	-	6	0	5	0	547	NA	NA	NA	408
ENST00000366690.5	ENSG00000168118	+	8	0	6	1	115	13	13	NA	31
ENST00000284617.7	ENSG00000154429	-	4	1	2	0	176	NA	NA	48	367
ENST00000344517.5	ENSG00000135776	-	13	0	12	0	231	NA	NA	NA	517
ENST00000258281.7	ENSG00000135801	-	5	1	3	0	797	NA	NA	3	142
ENST00000258243.7	ENSG00000135763	+	10	1	8	0	197	NA	NA	13	126
ENST00000366672.5	ENSG00000143641	+	16	0	15	0	155	NA	NA	NA	126
ENST00000391860.7	ENSG00000177614	-	7	0	6	0	195	NA	NA	NA	331
ENST00000366669.9	ENSG00000135775	+	18	0	17	0	101	NA	NA	NA	72
ENST00000366647.9	ENSG00000116906	+	16	0	15	0	43	NA	NA	NA	78
ENST00000366645.1	ENSG00000116903	-	1	0	0	0	NA	NA	NA	NA	NA
ENST00000366641.4	ENSG00000135766	-	5	0	4	0	64	NA	NA	NA	891
ENST00000366639.9	ENSG00000116918	+	6	0	5	0	377	NA	NA	NA	16
ENST00000674635.1	ENSG00000116991	-	23	2	20	0	146	NA	NA	269	1483
ENST00000366621.8	ENSG00000135750	+	3	0	2	0	259	NA	NA	NA	355
ENST00000366615.10	ENSG00000168275	+	3	0	2	0	95	NA	NA	NA	212
ENST00000366609.4	ENSG00000168264	-	2	0	1	0	715	NA	NA	NA	1048
ENST00000366607.5	ENSG00000173726	-	5	0	4	0	44	NA	NA	NA	121
ENST00000264183.9	ENSG00000054267	-	24	1	22	0	127	NA	NA	49	6
ENST00000282841.9	ENSG00000152904	+	4	1	2	0	761	NA	NA	23	70
ENST00000366600.8	ENSG00000162885	-	12	0	11	0	134	NA	NA	NA	112
ENST00000366592.8	ENSG00000077585	+	7	0	6	0	108	NA	NA	NA	414
ENST00000366584.9	ENSG00000116977	+	10	1	8	0	149	NA	NA	103	45
ENST00000366582.8	ENSG00000119285	-	45	1	43	0	88	NA	NA	32	142
ENST00000366577.10	ENSG00000116984	+	33	0	32	0	86	NA	NA	NA	34
ENST00000366553.3	ENSG00000203668	-	2	1	0	0	2277	NA	NA	307	NA
ENST00000366548.8	ENSG00000174371	+	16	3	12	0	135	NA	NA	17	161
ENST00000366542.6	ENSG00000143702	-	20	1	18	0	289	NA	NA	41	105
ENST00000366541.8	ENSG00000054282	+	18	0	17	0	29	NA	NA	NA	67
ENST00000673466.1	ENSG00000117020	-	14	1	12	0	85	NA	NA	112	46
ENST00000358704.4	ENSG00000179456	+	2	0	1	0	1582	NA	NA	NA	13
ENST00000366535.4	ENSG00000035687	-	13	0	12	0	52	NA	NA	NA	183
ENST00000302550.16	ENSG00000121644	+	5	0	4	0	233	NA	NA	NA	42
ENST00000411948.7	ENSG00000203667	+	4	0	3	0	135	NA	NA	NA	42
ENST00000640218.2	ENSG00000153187	-	14	0	13	0	53	NA	NA	NA	691
ENST00000490107.6	ENSG00000185420	-	12	0	11	0	101	NA	NA	NA	164
ENST00000366513.9	ENSG00000162852	+	11	1	9	0	205	NA	NA	51	379
ENST00000648844.2	ENSG00000153207	-	36	1	34	0	192	NA	NA	7	121
ENST00000682384.1	ENSG00000162714	-	10	3	6	0	757	NA	NA	37	390
ENST00000366472.6	ENSG00000175137	-	7	1	5	0	470	NA	NA	431	183
ENST00000306601.9	ENSG00000171163	-	12	1	10	0	306	NA	NA	12	179
ENST00000356150.10	ENSG00000035115	-	10	0	9	0	190	NA	NA	NA	1
ENST00000281017.8	ENSG00000151353	-	5	0	4	0	95	NA	NA	NA	57
ENST00000252804.9	ENSG00000130508	-	23	0	22	0	119	NA	NA	NA	200
ENST00000327435.11	ENSG00000182551	-	4	0	3	0	119	NA	NA	NA	120
ENST00000320892.11	ENSG00000151692	+	9	2	6	0	131	NA	NA	11	135
ENST00000396290.2	ENSG00000115738	+	3	0	1	1	56	8	8	NA	348
ENST00000256707.8	ENSG00000134313	-	30	1	28	0	1262	NA	NA	36	108
ENST00000305997.8	ENSG00000143797	-	13	0	12	0	225	NA	NA	NA	75
ENST00000281419.8	ENSG00000151693	+	28	0	27	0	74	NA	NA	NA	126
ENST00000355346.9	ENSG00000119185	-	7	1	5	0	71	NA	NA	35	72
ENST00000310823.8	ENSG00000151694	-	19	0	18	0	341	NA	NA	NA	97
ENST00000238081.8	ENSG00000134308	-	6	1	4	0	59	NA	NA	82	294
ENST00000305883.6	ENSG00000172059	+	4	0	3	0	280	NA	NA	NA	42
ENST00000304567.10	ENSG00000171848	+	10	0	9	0	152	NA	NA	NA	99
ENST00000307845.8	ENSG00000115756	+	5	2	2	0	97	NA	NA	24	378
ENST00000234111.9	ENSG00000115758	-	12	2	9	0	144	NA	NA	17	102
ENST00000272227.8	ENSG00000143870	-	13	0	12	0	68	NA	NA	NA	19
ENST00000315872.11	ENSG00000134318	-	33	0	32	0	3	NA	NA	NA	141
ENST00000381525.8	ENSG00000169016	-	7	0	6	0	46	NA	NA	NA	108
ENST00000674199.1	ENSG00000134324	+	21	1	19	0	159	NA	NA	9	192
ENST00000155926.9	ENSG00000071575	+	3	0	2	0	468	NA	NA	NA	270
ENST00000233084.8	ENSG00000079785	+	26	0	25	0	130	NA	NA	NA	16
ENST00000448223.7	ENSG00000163029	-	28	2	25	0	114	NA	NA	5	120
ENST00000381254.7	ENSG00000178295	+	14	1	12	0	1318	NA	NA	15	161
ENST00000381249.4	ENSG00000240857	-	2	0	1	0	617	NA	NA	NA	393
ENST00000333610.4	ENSG00000183891	-	3	0	2	0	139	NA	NA	NA	149
ENST00000281405.9	ENSG00000118965	-	27	0	26	0	150	NA	NA	NA	24
ENST00000175091.5	ENSG00000068697	-	7	0	6	0	74	NA	NA	NA	111
ENST00000254351.9	ENSG00000115884	-	5	0	4	0	169	NA	NA	NA	66
ENST00000361078.7	ENSG00000055917	-	21	1	19	0	131	NA	NA	18	51
ENST00000272233.6	ENSG00000143878	+	1	0	0	0	NA	NA	NA	NA	NA
ENST00000304031.8	ENSG00000118960	-	7	0	6	0	258	NA	NA	NA	32
ENST00000237822.8	ENSG00000118961	-	7	1	5	0	191	NA	NA	2	154
ENST00000238789.10	ENSG00000119778	-	28	0	27	0	41	NA	NA	NA	216
ENST00000309033.5	ENSG00000173960	+	7	1	5	0	195	NA	NA	14	41
ENST00000380986.9	ENSG00000119782	+	4	0	3	0	128	NA	NA	NA	37
ENST00000233468.5	ENSG00000115128	-	4	0	3	0	89	NA	NA	NA	30
ENST00000355123.9	ENSG00000198399	-	40	1	38	0	157	NA	NA	33	31
ENST00000348332.8	ENSG00000084676	+	23	4	18	0	170	NA	NA	17	89
ENST00000380834.7	ENSG00000138092	+	8	1	5	1	136	36	36	68	46
ENST00000679454.1	ENSG00000138031	-	22	1	20	0	182	NA	NA	197	675
ENST00000403714.8	ENSG00000084710	+	23	0	22	0	105	NA	NA	NA	7
ENST00000321117.10	ENSG00000119772	-	23	1	21	0	141	NA	NA	177	72
ENST00000406818.8	ENSG00000138101	-	21	1	18	1	4	30	30	1	67
ENST00000264712.8	ENSG00000084731	-	8	0	7	0	93	NA	NA	NA	1545
ENST00000264710.5	ENSG00000084733	+	6	0	5	0	83	NA	NA	NA	127
ENST00000380649.8	ENSG00000084754	-	20	0	19	0	145	NA	NA	NA	67
ENST00000317799.10	ENSG00000138029	+	16	1	14	0	35	NA	NA	8	64
ENST00000260585.12	ENSG00000138018	+	10	0	9	0	98	NA	NA	NA	57
ENST00000344420.10	ENSG00000213699	+	6	0	5	0	469	NA	NA	NA	77
ENST00000288699.11	ENSG00000157851	+	13	1	11	0	85	NA	NA	4	261
ENST00000233121.7	ENSG00000084764	+	7	1	5	0	68	NA	NA	7	121
ENST00000238788.14	ENSG00000119777	+	17	0	16	0	126	NA	NA	NA	151
ENST00000360131.5	ENSG00000084693	+	15	1	13	0	171	NA	NA	46	215
ENST00000456793.2	ENSG00000228474	-	3	1	0	1	114	24	24	1	137
ENST00000260598.10	ENSG00000138030	+	8	0	7	0	85	NA	NA	NA	92
ENST00000402394.6	ENSG00000138028	-	6	1	4	0	614	NA	NA	11	80
ENST00000260643.7	ENSG00000138073	-	9	0	8	0	94	NA	NA	NA	135
ENST00000310574.8	ENSG00000138074	-	17	2	14	0	143	NA	NA	140	393
ENST00000264705.9	ENSG00000084774	+	44	0	43	0	102	NA	NA	NA	82
ENST00000380044.6	ENSG00000115204	-	8	1	6	0	69	NA	NA	5	70
ENST00000233575.7	ENSG00000115234	+	15	0	14	0	113	NA	NA	NA	63
ENST00000323703.11	ENSG00000163795	-	4	0	3	0	826	NA	NA	NA	55
ENST00000344034.5	ENSG00000115241	-	10	0	9	0	206	NA	NA	NA	120
ENST00000379852.8	ENSG00000115216	+	18	1	16	0	104	NA	NA	20	210
ENST00000355467.6	ENSG00000243943	+	14	0	13	0	308	NA	NA	NA	30
ENST00000337768.10	ENSG00000119760	-	6	1	4	0	262	NA	NA	89	14
ENST00000326019.11	ENSG00000163798	+	14	0	13	0	49	NA	NA	NA	663
ENST00000379624.6	ENSG00000158019	+	12	1	10	0	63	NA	NA	24	128
ENST00000264716.9	ENSG00000075426	+	4	0	3	0	518	NA	NA	NA	102
ENST00000395366.3	ENSG00000213639	+	8	0	7	0	104	NA	NA	NA	52
ENST00000320081.10	ENSG00000115295	+	16	1	14	0	321	NA	NA	15	133
ENST00000261353.9	ENSG00000119801	+	3	1	1	0	224	NA	NA	24	141
ENST00000395323.9	ENSG00000213626	+	3	0	2	0	188	NA	NA	NA	26
ENST00000379509.8	ENSG00000172954	+	6	1	4	0	502	NA	NA	4	165
ENST00000322054.10	ENSG00000013016	+	6	0	5	0	527	NA	NA	NA	227
ENST00000404530.6	ENSG00000162959	-	10	1	8	0	131	NA	NA	17	61
ENST00000342166.10	ENSG00000162961	-	5	1	3	0	72	NA	NA	36	36
ENST00000315285.9	ENSG00000021574	+	17	0	16	0	122	NA	NA	NA	415
ENST00000282587.9	ENSG00000152683	+	14	0	13	0	500	NA	NA	NA	3
ENST00000238831.9	ENSG00000119820	+	6	0	5	0	137	NA	NA	NA	79
ENST00000404816.7	ENSG00000049323	+	34	0	33	0	181	NA	NA	NA	494
ENST00000238823.13	ENSG00000119812	-	8	0	7	0	668	NA	NA	NA	53
ENST00000280527.7	ENSG00000150938	+	17	0	16	0	176	NA	NA	NA	331
ENST00000405912.8	ENSG00000171055	-	8	0	7	0	16	NA	NA	NA	266
ENST00000233099.6	ENSG00000008869	-	36	1	34	0	304	NA	NA	22	126
ENST00000233057.9	ENSG00000055332	-	17	2	14	0	122	NA	NA	16	119
ENST00000234170.10	ENSG00000115816	-	16	0	15	0	139	NA	NA	NA	156
ENST00000002125.9	ENSG00000003509	+	10	0	9	0	215	NA	NA	NA	55
ENST00000234179.8	ENSG00000115825	-	19	1	17	0	173	NA	NA	655	288
ENST00000338415.8	ENSG00000115828	+	7	0	6	0	145	NA	NA	NA	120
ENST00000295324.4	ENSG00000163171	-	2	1	0	0	999	NA	NA	235	NA
ENST00000610745.5	ENSG00000138061	-	3	1	1	0	588	NA	NA	1	1043
ENST00000449105.8	ENSG00000143889	-	13	0	12	0	55	NA	NA	NA	189
ENST00000272252.10	ENSG00000143891	+	7	0	6	0	77	NA	NA	NA	190
ENST00000313117.11	ENSG00000115875	-	8	0	7	0	54	NA	NA	NA	28
ENST00000281950.8	ENSG00000152147	+	3	1	1	0	375	NA	NA	19	128
ENST00000457308.6	ENSG00000163214	-	24	1	22	0	143	NA	NA	6	224
ENST00000644631.4	ENSG00000188010	+	5	0	4	0	102	NA	NA	NA	58
ENST00000402219.8	ENSG00000115904	-	23	0	22	0	491	NA	NA	NA	87
ENST00000263881.8	ENSG00000011566	-	34	0	33	0	87	NA	NA	NA	96
ENST00000332839.9	ENSG00000183023	-	11	1	9	0	376	NA	NA	24	1808
ENST00000294964.6	ENSG00000162878	+	7	0	6	0	85	NA	NA	NA	639
ENST00000318522.10	ENSG00000143924	+	23	0	22	0	473	NA	NA	NA	25
ENST00000234301.3	ENSG00000115944	-	3	0	2	0	140	NA	NA	NA	72
ENST00000282388.4	ENSG00000152518	-	2	0	1	0	1433	NA	NA	NA	51
ENST00000405975.7	ENSG00000115970	-	38	1	36	0	395	NA	NA	24	76
ENST00000260665.12	ENSG00000138095	-	38	0	37	0	56	NA	NA	NA	149
ENST00000282412.9	ENSG00000138032	+	6	1	4	0	305	NA	NA	14	846
ENST00000409411.6	ENSG00000138078	-	14	1	12	0	89	NA	NA	48	75
ENST00000263736.5	ENSG00000068784	-	21	0	19	0	289	NA	NA	0	80
ENST00000306156.8	ENSG00000171132	+	15	0	14	0	146	NA	NA	NA	348
ENST00000263734.5	ENSG00000116016	+	16	0	15	0	151	NA	NA	NA	26
ENST00000238738.9	ENSG00000119729	+	5	0	4	0	155	NA	NA	NA	142
ENST00000281382.11	ENSG00000151665	-	6	1	4	0	113	NA	NA	21	228
ENST00000238892.4	ENSG00000119878	+	5	0	4	0	64	NA	NA	NA	16
ENST00000394861.3	ENSG00000171150	+	2	1	0	0	1622	NA	NA	12	NA
ENST00000319466.9	ENSG00000180398	-	4	1	2	0	131	NA	NA	6	149
ENST00000319190.11	ENSG00000068724	+	20	0	19	0	221	NA	NA	NA	184
ENST00000272298.12	ENSG00000143933	-	6	0	5	0	28	NA	NA	NA	3
ENST00000233146.7	ENSG00000095002	+	16	0	15	0	170	NA	NA	NA	211
ENST00000234420.11	ENSG00000116062	+	10	0	9	0	81	NA	NA	NA	260
ENST00000403359.8	ENSG00000138081	-	23	0	22	0	129	NA	NA	NA	232
ENST00000340553.8	ENSG00000170802	+	7	2	4	0	523	NA	NA	14	537
ENST00000294952.13	ENSG00000162869	+	22	0	21	0	29	NA	NA	NA	57
ENST00000263634.8	ENSG00000115239	-	10	1	8	0	187	NA	NA	13	196
ENST00000295304.5	ENSG00000143942	+	3	0	2	0	383	NA	NA	NA	135
ENST00000185150.9	ENSG00000068912	+	14	0	13	0	71	NA	NA	NA	162
ENST00000404125.6	ENSG00000068878	-	47	0	45	1	134	5	5	NA	242
ENST00000394666.9	ENSG00000170634	+	4	0	3	0	114	NA	NA	NA	58
ENST00000356805.9	ENSG00000115306	+	36	1	34	0	218	NA	NA	47	148
ENST00000337526.11	ENSG00000115310	-	9	0	8	0	42	NA	NA	NA	556
ENST00000272317.11	ENSG00000143947	+	6	1	4	0	149	NA	NA	17	48
ENST00000263629.9	ENSG00000085760	-	16	3	12	0	172	NA	NA	7	219
ENST00000436346.7	ENSG00000115355	-	33	0	31	1	64	36	36	NA	63
ENST00000349456.9	ENSG00000163001	+	10	0	9	0	101	NA	NA	NA	115
ENST00000616407.2	ENSG00000275052	-	17	0	16	0	95	NA	NA	NA	142
ENST00000355426.8	ENSG00000115380	-	12	2	9	0	161	NA	NA	7	81
ENST00000340157.9	ENSG00000028116	+	13	1	11	0	344	NA	NA	5	136
ENST00000642384.2	ENSG00000119866	-	4	0	3	0	2020	NA	NA	NA	55
ENST00000238714.8	ENSG00000115421	+	22	0	21	0	98	NA	NA	NA	17
ENST00000394479.4	ENSG00000162924	+	10	0	9	0	772	NA	NA	NA	10
ENST00000316752.11	ENSG00000162927	-	18	1	16	0	38	NA	NA	15	126
ENST00000295030.6	ENSG00000162928	+	4	0	3	0	298	NA	NA	NA	92
ENST00000398571.7	ENSG00000115464	-	80	0	79	0	607	NA	NA	NA	43
ENST00000401558.7	ENSG00000082898	-	25	1	23	0	146	NA	NA	6	126
ENST00000394440.8	ENSG00000115484	-	14	0	13	0	14	NA	NA	NA	127
ENST00000311832.6	ENSG00000173163	+	3	0	2	0	110	NA	NA	NA	180
ENST00000301998.5	ENSG00000170340	+	2	1	0	0	1202	NA	NA	9	NA
ENST00000431489.6	ENSG00000115504	+	23	1	21	0	90	NA	NA	295	104
ENST00000272321.12	ENSG00000143951	-	18	0	17	0	50	NA	NA	NA	75
ENST00000337130.10	ENSG00000169764	+	10	0	9	0	107	NA	NA	NA	19
ENST00000272322.9	ENSG00000143952	-	23	1	21	0	105	NA	NA	20	136
ENST00000358912.5	ENSG00000197329	-	7	1	5	0	566	NA	NA	69	71
ENST00000238875.10	ENSG00000119862	+	5	0	4	0	143	NA	NA	NA	36
ENST00000409933.6	ENSG00000119844	+	10	1	8	0	147	NA	NA	32	1935
ENST00000313349.3	ENSG00000179833	-	2	1	0	0	948	NA	NA	4	NA
ENST00000234256.4	ENSG00000115902	+	8	0	7	0	234	NA	NA	NA	527
ENST00000377990.7	ENSG00000011523	+	7	1	4	1	169	5	5	46	357
ENST00000409784.8	ENSG00000138069	-	6	0	5	0	197	NA	NA	NA	23
ENST00000260641.10	ENSG00000138071	+	9	0	8	0	170	NA	NA	NA	48
ENST00000356388.9	ENSG00000198369	-	6	0	5	0	668	NA	NA	NA	26
ENST00000272369.14	ENSG00000143995	+	13	0	11	1	58	38	38	NA	12
ENST00000272342.6	ENSG00000143971	+	6	0	5	0	127	NA	NA	NA	223
ENST00000263657.7	ENSG00000115946	+	7	0	6	0	67	NA	NA	NA	207
ENST00000234310.8	ENSG00000221823	-	6	0	5	0	47	NA	NA	NA	3
ENST00000303795.9	ENSG00000169621	+	10	0	9	0	202	NA	NA	NA	96
ENST00000303714.9	ENSG00000169604	+	18	0	17	0	260	NA	NA	NA	152
ENST00000357308.9	ENSG00000198380	-	20	0	19	0	44	NA	NA	NA	7
ENST00000410022.7	ENSG00000169599	-	8	0	7	0	44	NA	NA	NA	62
ENST00000394295.6	ENSG00000196975	+	13	1	11	0	59	NA	NA	46	9
ENST00000282570.4	ENSG00000087338	+	14	0	13	0	95	NA	NA	NA	260
ENST00000264444.7	ENSG00000059728	+	6	0	5	0	187	NA	NA	NA	73
ENST00000303577.7	ENSG00000169564	+	1	0	0	0	NA	NA	NA	NA	NA
ENST00000264434.7	ENSG00000115998	-	10	2	7	0	208	NA	NA	12	823
ENST00000433529.7	ENSG00000116001	-	13	0	12	0	126	NA	NA	NA	26
ENST00000433351.7	ENSG00000116005	+	6	0	5	0	658	NA	NA	NA	112
ENST00000272348.7	ENSG00000143977	-	4	0	3	0	50	NA	NA	NA	32
ENST00000430566.6	ENSG00000035141	-	3	0	2	0	188	NA	NA	NA	408
ENST00000295400.11	ENSG00000163235	-	6	0	5	0	7	NA	NA	NA	40
ENST00000272438.9	ENSG00000144043	-	6	0	5	0	115	NA	NA	NA	70
ENST00000244204.11	ENSG00000124357	+	10	0	9	0	190	NA	NA	NA	29
ENST00000244221.9	ENSG00000124374	-	4	1	2	0	56	NA	NA	11	138
ENST00000264447.9	ENSG00000075292	+	28	1	26	0	65	NA	NA	202	1317
ENST00000410020.8	ENSG00000135636	+	56	0	55	0	38	NA	NA	NA	91
ENST00000001146.7	ENSG00000003137	-	6	0	5	0	392	NA	NA	NA	204
ENST00000272427.11	ENSG00000144036	-	22	0	21	0	126	NA	NA	NA	113
ENST00000234454.6	ENSG00000116096	+	3	0	2	0	190	NA	NA	NA	304
ENST00000486777.7	ENSG00000135631	-	6	0	5	0	203	NA	NA	NA	431
ENST00000258083.3	ENSG00000135617	-	5	0	4	0	120	NA	NA	NA	67
ENST00000258091.10	ENSG00000135624	+	12	0	11	0	221	NA	NA	NA	6
ENST00000272444.8	ENSG00000144048	-	9	0	8	0	198	NA	NA	NA	101
ENST00000394070.7	ENSG00000124356	+	10	1	8	0	56	NA	NA	12	203
ENST00000264093.9	ENSG00000114956	+	7	0	6	0	26	NA	NA	NA	142
ENST00000327428.10	ENSG00000163170	-	4	0	3	0	65	NA	NA	NA	54
ENST00000396049.5	ENSG00000114978	-	6	0	5	0	77	NA	NA	NA	14
ENST00000394053.7	ENSG00000065911	+	8	0	7	0	163	NA	NA	NA	101
ENST00000628224.3	ENSG00000204843	-	32	0	31	0	137	NA	NA	NA	33
ENST00000348227.4	ENSG00000005448	+	10	1	8	0	131	NA	NA	1	222
ENST00000272430.10	ENSG00000114993	-	12	0	11	0	331	NA	NA	NA	111
ENST00000448666.7	ENSG00000115275	-	4	0	3	0	1737	NA	NA	NA	352
ENST00000233630.11	ENSG00000115289	-	9	0	8	0	47	NA	NA	NA	93
ENST00000258080.8	ENSG00000115317	+	8	0	7	0	165	NA	NA	NA	506
ENST00000264094.8	ENSG00000115318	-	14	1	12	0	73	NA	NA	12	313
ENST00000357877.7	ENSG00000135622	+	14	0	13	0	610	NA	NA	NA	145
ENST00000290573.7	ENSG00000159399	+	18	0	17	0	144	NA	NA	NA	63
ENST00000483063.2	ENSG00000115350	+	4	0	3	0	13	NA	NA	NA	213
ENST00000321027.8	ENSG00000005436	-	17	0	16	0	117	NA	NA	NA	265
ENST00000233143.6	ENSG00000034510	+	3	1	1	0	34	NA	NA	15	100
ENST00000409785.9	ENSG00000176407	+	7	0	6	0	261	NA	NA	NA	16
ENST00000282111.4	ENSG00000152284	+	12	0	11	0	433	NA	NA	NA	249
ENST00000377386.8	ENSG00000152291	-	4	0	3	0	5	NA	NA	NA	46
ENST00000295802.9	ENSG00000042445	-	11	0	10	0	139	NA	NA	NA	172
ENST00000409013.8	ENSG00000115459	+	14	3	10	0	202	NA	NA	232	54
ENST00000263867.9	ENSG00000042493	-	10	1	8	0	65	NA	NA	13	23
ENST00000306434.8	ENSG00000168906	+	9	0	8	0	102	NA	NA	NA	91
ENST00000233838.9	ENSG00000115486	-	15	0	14	0	192	NA	NA	NA	43
ENST00000263864.10	ENSG00000118640	+	3	0	2	0	140	NA	NA	NA	3
ENST00000306384.5	ENSG00000168899	+	3	0	2	0	209	NA	NA	NA	3
ENST00000334462.10	ENSG00000168890	-	8	1	6	0	241	NA	NA	116	65
ENST00000306279.4	ENSG00000168874	+	3	0	2	0	5	NA	NA	NA	768
ENST00000638572.2	ENSG00000115525	-	7	0	6	0	248	NA	NA	NA	82
ENST00000410111.8	ENSG00000132305	-	15	0	14	0	613	NA	NA	NA	45
ENST00000337109.9	ENSG00000132313	+	4	0	3	0	188	NA	NA	NA	43
ENST00000538924.7	ENSG00000068615	-	9	0	8	0	71	NA	NA	NA	32
ENST00000312912.10	ENSG00000115548	+	26	1	24	0	80	NA	NA	30	186
ENST00000263856.9	ENSG00000115561	-	6	0	5	0	145	NA	NA	NA	45
ENST00000237455.5	ENSG00000239305	-	4	0	3	0	1575	NA	NA	NA	226
ENST00000283632.5	ENSG00000153561	+	9	0	8	0	63	NA	NA	NA	142
ENST00000347055.4	ENSG00000172086	-	4	3	0	0	801	NA	NA	22	NA
ENST00000303236.9	ENSG00000172071	-	17	0	16	0	200	NA	NA	NA	308
ENST00000283646.5	ENSG00000153574	+	9	0	8	0	97	NA	NA	NA	285
ENST00000295208.7	ENSG00000144026	-	5	2	2	0	985	NA	NA	6	121
ENST00000614034.5	ENSG00000275111	+	5	1	3	0	1003	NA	NA	39	33
ENST00000233379.9	ENSG00000115042	+	8	1	6	0	62	NA	NA	6	245
ENST00000288943.5	ENSG00000158050	-	4	0	3	0	214	NA	NA	NA	388
ENST00000337288.10	ENSG00000084090	-	8	0	7	0	184	NA	NA	NA	290
ENST00000258439.8	ENSG00000135956	-	4	1	2	0	307	NA	NA	131	244
ENST00000488633.2	ENSG00000144021	+	7	0	6	0	240	NA	NA	NA	139
ENST00000323853.10	ENSG00000144028	-	45	0	44	0	143	NA	NA	NA	45
ENST00000240423.9	ENSG00000121152	+	18	0	17	0	59	NA	NA	NA	19
ENST00000357485.8	ENSG00000196843	+	7	0	6	0	1214	NA	NA	NA	4
ENST00000264963.9	ENSG00000114988	-	8	0	7	0	142	NA	NA	NA	187
ENST00000377075.3	ENSG00000158158	+	7	0	6	0	197	NA	NA	NA	1402
ENST00000393537.5	ENSG00000213337	-	4	0	3	0	143	NA	NA	NA	100
ENST00000305476.10	ENSG00000168758	-	15	1	13	0	829	NA	NA	37	109
ENST00000289228.7	ENSG00000115073	-	11	0	10	0	102	NA	NA	NA	48
ENST00000186436.10	ENSG00000075568	-	41	0	40	0	284	NA	NA	NA	187
ENST00000409851.8	ENSG00000040933	+	25	2	22	0	132	NA	NA	103	106
ENST00000328709.8	ENSG00000183513	-	3	0	2	0	41	NA	NA	NA	99
ENST00000357765.7	ENSG00000115446	+	6	1	4	0	136	NA	NA	4	280
ENST00000393487.6	ENSG00000071073	-	16	1	14	0	26	NA	NA	235	94
ENST00000289359.6	ENSG00000158411	-	7	0	6	0	95	NA	NA	NA	151
ENST00000289371.11	ENSG00000158417	+	24	0	23	0	107	NA	NA	NA	35
ENST00000258428.8	ENSG00000135945	-	23	1	21	0	111	NA	NA	10	54
ENST00000672756.2	ENSG00000144218	-	25	3	21	0	121	NA	NA	64	53
ENST00000264249.8	ENSG00000115526	-	7	2	4	0	537	NA	NA	32	100
ENST00000264258.8	ENSG00000071082	+	5	0	3	0	31	NA	NA	0	107
ENST00000289382.8	ENSG00000158435	+	7	0	6	0	197	NA	NA	NA	514
ENST00000410023.6	ENSG00000115594	+	12	2	9	0	406	NA	NA	6	61
ENST00000258436.10	ENSG00000135953	-	6	0	5	0	787	NA	NA	NA	165
ENST00000393359.7	ENSG00000135966	-	12	1	10	0	176	NA	NA	17	688
ENST00000258457.7	ENSG00000135974	+	4	0	3	0	56	NA	NA	NA	99
ENST00000530340.6	ENSG00000115641	-	7	2	4	0	151	NA	NA	24	156
ENST00000233154.9	ENSG00000071051	+	5	2	2	0	194	NA	NA	16	226
ENST00000283148.12	ENSG00000115652	-	15	0	14	0	131	NA	NA	NA	94
ENST00000309863.11	ENSG00000135968	+	23	0	22	0	70	NA	NA	NA	6
ENST00000544547.6	ENSG00000169756	+	10	0	9	0	114	NA	NA	NA	32
ENST00000283195.11	ENSG00000153201	+	29	0	28	0	305	NA	NA	NA	72
ENST00000295124.9	ENSG00000163006	+	15	0	14	0	165	NA	NA	NA	93
ENST00000445609.7	ENSG00000144061	-	20	0	19	0	272	NA	NA	NA	69
ENST00000302759.11	ENSG00000169679	-	25	0	24	0	195	NA	NA	NA	26
ENST00000393256.8	ENSG00000153094	+	4	1	2	0	98	NA	NA	13	394
ENST00000341068.8	ENSG00000153107	-	48	1	46	0	115	NA	NA	24	213
ENST00000295408.9	ENSG00000153208	+	19	0	18	0	513	NA	NA	NA	61
ENST00000283206.9	ENSG00000153214	+	19	0	18	0	59	NA	NA	NA	165
ENST00000409573.7	ENSG00000144161	-	9	0	7	1	32	16	16	NA	74
ENST00000409871.6	ENSG00000188177	+	12	0	11	0	1483	NA	NA	NA	32
ENST00000263331.10	ENSG00000125630	+	15	0	14	0	882	NA	NA	NA	177
ENST00000272542.8	ENSG00000144136	+	11	1	9	0	161	NA	NA	266	334
ENST00000259199.9	ENSG00000136682	+	15	0	14	0	106	NA	NA	NA	154
ENST00000245680.7	ENSG00000115084	-	16	0	14	1	75	23	23	NA	40
ENST00000263238.7	ENSG00000115091	+	12	0	11	0	95	NA	NA	NA	44
ENST00000263239.7	ENSG00000088205	+	14	0	13	0	142	NA	NA	NA	85
ENST00000376300.7	ENSG00000125633	-	24	0	23	0	53	NA	NA	NA	42
ENST00000245787.9	ENSG00000125629	+	6	1	4	0	41	NA	NA	138	244
ENST00000393110.7	ENSG00000115107	+	6	1	4	0	281	NA	NA	393	22
ENST00000355857.8	ENSG00000155368	+	4	0	3	0	73	NA	NA	NA	9
ENST00000306406.5	ENSG00000171227	+	2	0	1	0	551	NA	NA	NA	21
ENST00000263708.7	ENSG00000088179	+	27	1	25	0	86	NA	NA	17	138
ENST00000263713.10	ENSG00000115109	+	25	1	23	0	66	NA	NA	8	180
ENST00000426077.3	ENSG00000226479	-	1	0	0	0	NA	NA	NA	NA	NA
ENST00000272519.10	ENSG00000144118	+	5	1	3	0	119	NA	NA	47	114
ENST00000361492.9	ENSG00000074047	+	14	1	12	0	2467	NA	NA	30	148
ENST00000696935.1	ENSG00000074054	-	41	1	39	0	86	NA	NA	285	195
ENST00000285814.9	ENSG00000155438	-	7	0	6	0	188	NA	NA	NA	105
ENST00000389682.8	ENSG00000211460	+	6	0	5	0	233	NA	NA	NA	66
ENST00000259254.9	ENSG00000136732	+	4	0	3	0	196	NA	NA	NA	49
ENST00000316724.10	ENSG00000136717	-	19	0	18	0	107	NA	NA	NA	84
ENST00000682094.1	ENSG00000169967	-	17	1	15	0	225	NA	NA	65	4
ENST00000355119.9	ENSG00000072163	-	10	0	9	0	147	NA	NA	NA	11
ENST00000322313.9	ENSG00000136709	-	22	1	20	0	229	NA	NA	23	204
ENST00000272647.10	ENSG00000144233	-	8	2	5	0	111	NA	NA	38	407
ENST00000643581.2	ENSG00000136715	-	21	1	19	0	158	NA	NA	6	112
ENST00000259253.11	ENSG00000136731	+	41	0	40	0	25	NA	NA	NA	58
ENST00000259241.7	ENSG00000136720	-	2	0	1	0	708	NA	NA	NA	527
ENST00000259239.8	ENSG00000136718	+	9	0	8	0	112	NA	NA	NA	3
ENST00000175756.10	ENSG00000072135	+	15	0	14	0	67	NA	NA	NA	93
ENST00000389915.4	ENSG00000152102	-	7	1	4	1	112	13	13	11	70
ENST00000693505.1	ENSG00000115762	+	8	1	6	0	136	NA	NA	8	37
ENST00000281923.4	ENSG00000152127	+	16	0	15	0	198	NA	NA	NA	241
ENST00000264157.10	ENSG00000082258	+	9	0	8	0	1418	NA	NA	NA	158
ENST00000264159.11	ENSG00000121988	-	21	1	19	0	98	NA	NA	7	161
ENST00000683871.1	ENSG00000048991	+	27	2	24	0	355	NA	NA	40	171
ENST00000272638.14	ENSG00000144224	+	13	0	12	0	138	NA	NA	NA	82
ENST00000264156.3	ENSG00000076003	-	17	0	16	0	116	NA	NA	NA	107
ENST00000264161.9	ENSG00000115866	-	16	0	15	0	91	NA	NA	NA	66
ENST00000241393.4	ENSG00000121966	-	2	0	1	0	1043	NA	NA	NA	15
ENST00000280098.9	ENSG00000144228	+	11	1	9	0	144	NA	NA	60	78
ENST00000682281.1	ENSG00000121964	-	12	3	8	0	83	NA	NA	23	179
ENST00000627532.3	ENSG00000169554	-	10	1	8	0	577	NA	NA	69	73
ENST00000241416.12	ENSG00000121989	+	11	0	10	0	194	NA	NA	NA	55
ENST00000392857.10	ENSG00000115947	-	14	1	12	0	188	NA	NA	17	57
ENST00000258484.11	ENSG00000135999	+	14	0	13	0	72	NA	NA	NA	153
ENST00000435030.6	ENSG00000168280	+	26	0	24	1	106	8	8	NA	126
ENST00000303319.10	ENSG00000168288	-	8	1	6	0	194	NA	NA	52	9
ENST00000263895.9	ENSG00000115963	-	6	1	4	0	251	NA	NA	38	150
ENST00000243346.10	ENSG00000123609	-	8	1	6	0	182	NA	NA	6	81
ENST00000295087.13	ENSG00000162980	-	6	0	5	0	48	NA	NA	NA	46
ENST00000263904.5	ENSG00000115145	-	14	0	13	0	228	NA	NA	NA	40
ENST00000288670.14	ENSG00000157827	+	26	0	25	0	109	NA	NA	NA	117
ENST00000325926.4	ENSG00000177519	-	1	0	0	0	NA	NA	NA	NA	NA
ENST00000339562.9	ENSG00000153234	-	8	2	5	0	256	NA	NA	2	864
ENST00000438166.7	ENSG00000115159	+	17	1	15	0	125	NA	NA	8	102
ENST00000434821.7	ENSG00000115170	-	11	2	8	0	134	NA	NA	7	67
ENST00000389759.8	ENSG00000144283	+	22	1	20	0	248	NA	NA	5	132
ENST00000263635.8	ENSG00000115183	+	27	2	24	0	1434	NA	NA	15	61
ENST00000359774.9	ENSG00000196151	-	11	1	9	0	157	NA	NA	24	398
ENST00000392783.7	ENSG00000123636	-	37	2	34	0	153	NA	NA	2	145
ENST00000409175.6	ENSG00000136536	+	12	3	8	0	58	NA	NA	14	153
ENST00000348849.8	ENSG00000153250	-	14	0	12	1	77	8	8	NA	75
ENST00000392749.7	ENSG00000136560	+	8	1	6	0	176	NA	NA	49	99
ENST00000409682.8	ENSG00000115233	+	12	2	9	0	98	NA	NA	4	48
ENST00000360534.8	ENSG00000197635	-	26	0	25	0	101	NA	NA	NA	6
ENST00000649979.2	ENSG00000115267	-	16	0	15	0	179	NA	NA	NA	453
ENST00000437150.7	ENSG00000115271	+	8	0	7	0	26	NA	NA	NA	27
ENST00000333129.4	ENSG00000182263	-	3	1	1	0	2254	NA	NA	145	25
ENST00000263915.8	ENSG00000115290	-	14	0	13	0	146	NA	NA	NA	191
ENST00000652658.2	ENSG00000082438	-	14	1	12	0	86	NA	NA	50	41
ENST00000243344.8	ENSG00000123607	-	29	0	28	0	77	NA	NA	NA	21
ENST00000355999.5	ENSG00000198648	-	18	0	17	0	74	NA	NA	NA	208
ENST00000305747.11	ENSG00000172292	+	10	0	9	0	152	NA	NA	NA	170
ENST00000282074.7	ENSG00000152253	-	7	1	5	0	124	NA	NA	14	133
ENST00000260970.8	ENSG00000138398	+	14	2	11	0	1110	NA	NA	16	61
ENST00000359744.8	ENSG00000144362	+	4	3	0	0	751	NA	NA	26	NA
ENST00000392647.7	ENSG00000213160	+	4	1	2	0	310	NA	NA	2	1213
ENST00000260956.9	ENSG00000138385	+	12	1	10	0	88	NA	NA	9	66
ENST00000272793.11	ENSG00000144357	+	39	0	38	0	117	NA	NA	NA	545
ENST00000234160.5	ENSG00000115806	+	10	0	9	0	340	NA	NA	NA	63
ENST00000431350.7	ENSG00000198586	-	21	0	20	0	176	NA	NA	NA	139
ENST00000375258.9	ENSG00000123600	-	10	1	8	0	190	NA	NA	12	143
ENST00000375255.8	ENSG00000115827	+	14	0	13	0	140	NA	NA	NA	126
ENST00000397119.8	ENSG00000077380	+	18	1	16	0	113	NA	NA	9	108
ENST00000422440.7	ENSG00000115840	-	18	0	17	0	201	NA	NA	NA	12
ENST00000264108.5	ENSG00000128708	+	11	0	10	0	167	NA	NA	NA	7
ENST00000684293.1	ENSG00000091409	+	26	0	24	1	107	23	23	NA	182
ENST00000375213.8	ENSG00000091436	+	20	1	18	0	700	NA	NA	34	159
ENST00000306721.8	ENSG00000144354	+	10	0	9	0	30	NA	NA	NA	21
ENST00000310015.12	ENSG00000172845	-	7	0	6	0	316	NA	NA	NA	7
ENST00000284719.8	ENSG00000138430	-	11	0	9	0	101	NA	NA	0	101
ENST00000342016.8	ENSG00000138433	-	10	0	9	0	675	NA	NA	NA	72
ENST00000272732.11	ENSG00000144306	+	8	1	6	0	182	NA	NA	9	159
ENST00000392552.7	ENSG00000163328	-	16	1	14	0	300	NA	NA	31	460
ENST00000679041.1	ENSG00000115935	-	8	1	6	0	55	NA	NA	38	51
ENST00000409900.9	ENSG00000128656	-	13	0	12	0	171	NA	NA	NA	19
ENST00000264110.7	ENSG00000115966	-	14	2	11	0	226	NA	NA	43	32
ENST00000284727.9	ENSG00000154518	-	5	1	3	0	114	NA	NA	73	39
ENST00000272748.9	ENSG00000144320	-	13	1	11	0	232	NA	NA	62	27
ENST00000249442.11	ENSG00000128654	+	10	0	9	0	171	NA	NA	NA	40
ENST00000392524.7	ENSG00000170144	+	11	0	9	1	52	16	16	NA	72
ENST00000397062.8	ENSG00000116044	-	5	0	4	0	1223	NA	NA	NA	45
ENST00000264167.11	ENSG00000018510	+	20	0	19	0	121	NA	NA	NA	260
ENST00000408939.4	ENSG00000196659	-	1	0	0	0	NA	NA	NA	NA	NA
ENST00000286070.10	ENSG00000155636	+	10	0	8	1	192	9	9	NA	300
ENST00000190611.9	ENSG00000079156	+	25	2	22	0	108	NA	NA	155	102
ENST00000325748.9	ENSG00000180228	-	8	0	7	0	157	NA	NA	NA	65
ENST00000428443.8	ENSG00000187231	-	18	1	16	0	129	NA	NA	25	55
ENST00000410053.8	ENSG00000163510	-	20	1	18	0	586	NA	NA	113	27
ENST00000410062.9	ENSG00000170035	+	6	1	4	0	97	NA	NA	25	194
ENST00000431877.7	ENSG00000138434	+	18	0	16	1	104	14	14	NA	211
ENST00000354221.5	ENSG00000162999	+	4	0	3	0	227	NA	NA	NA	226
ENST00000337859.11	ENSG00000065548	+	10	0	9	0	190	NA	NA	NA	75
ENST00000261023.8	ENSG00000138448	+	30	0	29	0	95	NA	NA	NA	185
ENST00000304698.10	ENSG00000144369	+	8	0	7	0	1344	NA	NA	NA	238
ENST00000409830.6	ENSG00000144366	+	12	2	9	0	71	NA	NA	44	28
ENST00000304636.9	ENSG00000168542	+	51	0	50	0	146	NA	NA	NA	79
ENST00000374866.9	ENSG00000204262	-	54	0	53	0	146	NA	NA	NA	97
ENST00000261024.7	ENSG00000138449	-	8	0	7	0	313	NA	NA	NA	43
ENST00000392349.9	ENSG00000128699	-	5	2	2	0	135	NA	NA	7	174
ENST00000392329.7	ENSG00000151689	+	7	2	4	0	558	NA	NA	64	204
ENST00000392328.6	ENSG00000151690	+	8	2	5	0	203	NA	NA	53	1532
ENST00000409150.8	ENSG00000189362	-	9	0	8	0	123	NA	NA	NA	97
ENST00000337386.10	ENSG00000138386	+	10	3	6	0	88	NA	NA	19	819
ENST00000320717.8	ENSG00000115419	+	18	0	17	0	156	NA	NA	NA	386
ENST00000361099.8	ENSG00000115415	-	25	2	22	0	14	NA	NA	1	128
ENST00000392318.8	ENSG00000128641	+	31	1	29	0	123	NA	NA	9	135
ENST00000425611.9	ENSG00000173559	+	6	0	5	0	169	NA	NA	NA	91
ENST00000359634.10	ENSG00000196950	+	10	1	8	0	158	NA	NA	11	1008
ENST00000263955.9	ENSG00000081320	-	8	1	6	0	282	NA	NA	44	122
ENST00000644978.2	ENSG00000138411	-	29	1	27	0	111	NA	NA	35	292
ENST00000263956.8	ENSG00000119041	-	18	0	17	0	122	NA	NA	NA	102
ENST00000354764.9	ENSG00000197121	-	27	0	26	0	138	NA	NA	NA	147
ENST00000282272.15	ENSG00000065413	-	28	0	27	0	58	NA	NA	NA	27
ENST00000335508.11	ENSG00000115524	-	25	0	24	0	158	NA	NA	NA	28
ENST00000263960.7	ENSG00000115520	+	5	0	4	0	167	NA	NA	NA	104
ENST00000388968.8	ENSG00000144381	-	12	1	10	0	152	NA	NA	2	174
ENST00000233893.10	ENSG00000115541	+	4	0	3	0	50	NA	NA	NA	3
ENST00000323303.9	ENSG00000115540	+	8	0	7	0	131	NA	NA	NA	60
ENST00000282276.8	ENSG00000247626	+	1	0	0	0	NA	NA	NA	NA	NA
ENST00000417098.6	ENSG00000119042	-	11	1	9	0	461	NA	NA	59	169
ENST00000354611.9	ENSG00000162971	-	8	0	7	0	256	NA	NA	NA	78
ENST00000392290.6	ENSG00000162972	+	5	0	4	0	78	NA	NA	NA	450
ENST00000409140.8	ENSG00000196141	+	13	2	10	0	395	NA	NA	22	39
ENST00000359878.8	ENSG00000155729	-	7	1	5	0	516	NA	NA	75	160
ENST00000409600.6	ENSG00000082153	+	12	1	10	0	31	NA	NA	10	64
ENST00000321356.9	ENSG00000013441	-	13	0	11	0	143	NA	NA	0	161
ENST00000392283.9	ENSG00000240344	-	7	1	5	0	126	NA	NA	70	3
ENST00000234296.7	ENSG00000115942	-	18	2	15	0	86	NA	NA	10	94
ENST00000681958.1	ENSG00000155744	-	13	2	10	0	601	NA	NA	30	51
ENST00000673742.1	ENSG00000064012	+	9	1	7	0	135	NA	NA	26	305
ENST00000332624.8	ENSG00000115993	-	16	1	14	0	675	NA	NA	199	91
ENST00000194530.8	ENSG00000082146	+	12	1	10	0	143	NA	NA	95	12
ENST00000264276.11	ENSG00000003393	-	34	1	32	0	38	NA	NA	60	20
ENST00000286201.3	ENSG00000155760	+	1	0	0	0	NA	NA	NA	NA	NA
ENST00000392246.7	ENSG00000116030	-	5	0	4	0	68	NA	NA	NA	12
ENST00000264279.10	ENSG00000055044	+	15	0	14	0	50	NA	NA	NA	45
ENST00000392238.3	ENSG00000138439	+	8	0	7	0	318	NA	NA	NA	601
ENST00000261015.5	ENSG00000138442	-	13	0	12	0	77	NA	NA	NA	41
ENST00000356079.9	ENSG00000119004	+	13	0	12	0	150	NA	NA	NA	72
ENST00000406610.7	ENSG00000116117	+	23	0	22	0	357	NA	NA	NA	120
ENST00000357785.10	ENSG00000118257	+	17	0	16	0	304	NA	NA	NA	73
ENST00000392222.7	ENSG00000114942	+	6	0	5	0	154	NA	NA	NA	80
ENST00000621141.5	ENSG00000183671	-	2	1	0	0	1095	NA	NA	28	NA
ENST00000264377.8	ENSG00000114948	+	26	0	25	0	48	NA	NA	NA	214
ENST00000402774.8	ENSG00000118246	+	12	1	10	0	119	NA	NA	50	777
ENST00000309446.11	ENSG00000118263	-	4	0	3	0	51	NA	NA	NA	102
ENST00000353267.8	ENSG00000118260	+	8	1	6	0	144	NA	NA	8	114
ENST00000411432.6	ENSG00000144401	-	4	1	2	0	397	NA	NA	29	147
ENST00000295414.8	ENSG00000163249	+	10	0	9	0	110	NA	NA	NA	220
ENST00000295417.4	ENSG00000163251	-	2	1	0	0	2012	NA	NA	255	NA
ENST00000427836.8	ENSG00000178385	-	8	1	6	0	177	NA	NA	318	610
ENST00000345146.7	ENSG00000138413	-	10	2	7	0	90	NA	NA	16	122
ENST00000264380.9	ENSG00000115020	+	42	1	40	0	115	NA	NA	9	172
ENST00000682079.1	ENSG00000078018	+	16	4	11	0	215	NA	NA	29	262
ENST00000359429.11	ENSG00000197713	+	6	0	5	0	122	NA	NA	NA	122
ENST00000281772.14	ENSG00000144445	-	15	1	13	0	230	NA	NA	29	1088
ENST00000450366.7	ENSG00000115365	-	10	1	8	0	76	NA	NA	16	81
ENST00000434687.6	ENSG00000030419	-	9	2	6	0	724	NA	NA	15	34
ENST00000260947.9	ENSG00000138376	-	11	0	10	0	332	NA	NA	NA	158
ENST00000236959.14	ENSG00000138363	+	16	0	15	0	119	NA	NA	NA	19
ENST00000354785.11	ENSG00000115414	-	46	0	45	0	71	NA	NA	NA	148
ENST00000265322.8	ENSG00000115425	-	8	0	7	0	85	NA	NA	NA	124
ENST00000392132.7	ENSG00000079246	+	21	0	20	0	14	NA	NA	NA	21
ENST00000357276.9	ENSG00000138375	+	18	2	15	0	239	NA	NA	58	811
ENST00000491306.6	ENSG00000197756	+	4	0	3	0	63	NA	NA	NA	3
ENST00000233809.9	ENSG00000115457	+	4	0	3	0	164	NA	NA	NA	442
ENST00000233813.5	ENSG00000115461	-	4	0	3	0	131	NA	NA	NA	337
ENST00000315717.10	ENSG00000163466	+	11	1	9	0	24	NA	NA	8	74
ENST00000248450.9	ENSG00000127837	-	11	0	10	0	75	NA	NA	NA	121
ENST00000258412.8	ENSG00000135926	-	12	1	10	0	146	NA	NA	40	202
ENST00000273062.7	ENSG00000144579	+	7	0	6	0	128	NA	NA	NA	67
ENST00000258399.8	ENSG00000135913	-	26	3	22	0	87	NA	NA	24	156
ENST00000273064.11	ENSG00000144580	+	8	0	7	0	168	NA	NA	NA	24
ENST00000411696.7	ENSG00000115568	-	11	3	7	0	469	NA	NA	34	280
ENST00000359273.8	ENSG00000074582	+	8	1	6	0	252	NA	NA	49	320
ENST00000295704.7	ENSG00000163481	-	10	0	9	0	578	NA	NA	NA	41
ENST00000295709.8	ENSG00000163482	+	27	1	25	0	143	NA	NA	89	84
ENST00000392102.6	ENSG00000135912	+	20	2	17	0	255	NA	NA	98	1487
ENST00000360507.10	ENSG00000115649	-	8	0	7	0	542	NA	NA	NA	69
ENST00000430297.7	ENSG00000144567	+	9	0	8	0	616	NA	NA	NA	281
ENST00000289528.10	ENSG00000158552	+	9	0	8	0	44	NA	NA	NA	55
ENST00000265316.9	ENSG00000115657	-	19	0	18	0	108	NA	NA	NA	549
ENST00000361242.9	ENSG00000198925	-	16	2	13	0	5	NA	NA	29	103
ENST00000323348.10	ENSG00000163516	+	14	1	12	0	123	NA	NA	30	148
ENST00000295759.12	ENSG00000163521	-	17	1	15	0	275	NA	NA	70	72
ENST00000396738.7	ENSG00000115661	+	8	1	6	0	138	NA	NA	104	86
ENST00000248437.9	ENSG00000127824	-	4	0	3	0	971	NA	NA	NA	3
ENST00000336576.10	ENSG00000135924	+	9	1	7	0	355	NA	NA	36	65
ENST00000273075.9	ENSG00000123992	-	15	0	14	0	50	NA	NA	NA	36
ENST00000313597.10	ENSG00000144591	+	13	1	11	0	100	NA	NA	20	40
ENST00000243776.11	ENSG00000123989	-	4	0	3	0	1259	NA	NA	NA	314
ENST00000404537.6	ENSG00000124006	-	21	0	20	0	7	NA	NA	NA	1012
ENST00000456909.6	ENSG00000144589	+	25	1	23	0	149	NA	NA	26	61
ENST00000281821.7	ENSG00000116106	-	18	0	16	1	114	820	820	NA	91
ENST00000357430.8	ENSG00000123983	+	17	3	13	0	157	NA	NA	40	378
ENST00000409304.6	ENSG00000135919	-	9	1	7	0	37	NA	NA	22	259
ENST00000264414.9	ENSG00000036257	-	16	0	15	0	131	NA	NA	NA	66
ENST00000305123.6	ENSG00000169047	-	2	0	0	1	NA	22	22	NA	3750
ENST00000392062.7	ENSG00000144468	+	9	3	5	0	91	NA	NA	90	433
ENST00000304593.14	ENSG00000168958	+	9	2	6	0	131	NA	NA	40	181
ENST00000310078.13	ENSG00000173744	+	13	0	12	0	59	NA	NA	NA	167
ENST00000675903.1	ENSG00000153827	-	42	1	40	0	196	NA	NA	49	98
ENST00000258381.11	ENSG00000135899	-	19	1	17	0	113	NA	NA	1	147
ENST00000258418.10	ENSG00000135932	+	9	1	7	0	188	NA	NA	43	114
ENST00000326427.11	ENSG00000135916	+	6	0	5	0	91	NA	NA	NA	120
ENST00000308696.11	ENSG00000173692	+	25	0	23	1	146	10	10	NA	16
ENST00000322723.9	ENSG00000115053	-	14	0	13	0	76	NA	NA	NA	18
ENST00000409115.8	ENSG00000187514	+	5	0	4	0	47	NA	NA	NA	45
ENST00000350033.8	ENSG00000144524	+	7	1	5	0	158	NA	NA	16	162
ENST00000325385.12	ENSG00000144535	+	21	1	19	0	161	NA	NA	93	52
ENST00000408957.7	ENSG00000221944	-	1	0	0	0	NA	NA	NA	NA	NA
ENST00000258416.8	ENSG00000135930	+	7	0	6	0	72	NA	NA	NA	20
ENST00000264059.8	ENSG00000115468	+	4	0	3	0	134	NA	NA	NA	302
ENST00000373563.9	ENSG00000204120	+	29	2	26	0	67	NA	NA	43	41
ENST00000264051.8	ENSG00000066248	-	15	1	13	0	190	NA	NA	74	268
ENST00000392017.9	ENSG00000085978	+	18	0	17	0	93	NA	NA	NA	115
ENST00000411486.7	ENSG00000123485	-	9	0	8	0	75	NA	NA	NA	117
ENST00000339728.6	ENSG00000188042	-	2	0	1	0	30	NA	NA	NA	575
ENST00000392011.7	ENSG00000130147	+	6	2	3	0	224	NA	NA	132	118
ENST00000304032.13	ENSG00000157985	+	18	0	17	0	203	NA	NA	NA	163
ENST00000354371.7	ENSG00000198612	+	8	0	7	0	79	NA	NA	NA	78
ENST00000272930.9	ENSG00000184182	+	10	1	8	0	50	NA	NA	16	118
ENST00000254663.12	ENSG00000132330	+	12	0	11	0	153	NA	NA	NA	89
ENST00000254654.8	ENSG00000132323	-	12	0	11	0	140	NA	NA	NA	55
ENST00000272937.10	ENSG00000144485	-	4	0	3	0	424	NA	NA	NA	81
ENST00000254657.8	ENSG00000132326	-	23	1	21	0	149	NA	NA	19	230
ENST00000373327.5	ENSG00000204104	+	17	0	16	0	165	NA	NA	NA	123
ENST00000264607.9	ENSG00000065802	+	5	0	4	0	127	NA	NA	NA	49
ENST00000543185.6	ENSG00000068024	-	27	1	25	0	39	NA	NA	219	22
ENST00000264039.7	ENSG00000063660	+	9	0	8	0	232	NA	NA	NA	166
ENST00000405954.2	ENSG00000188542	+	2	0	1	0	137	NA	NA	NA	393
ENST00000270357.10	ENSG00000142327	+	11	0	10	0	293	NA	NA	NA	528
ENST00000391984.7	ENSG00000142330	+	12	0	11	0	29	NA	NA	NA	141
ENST00000498729.9	ENSG00000130294	-	49	1	47	0	42	NA	NA	60	106
ENST00000391980.7	ENSG00000122085	-	4	0	3	0	440	NA	NA	NA	21
ENST00000234040.9	ENSG00000115687	-	18	1	16	0	157	NA	NA	42	196
ENST00000234038.11	ENSG00000115685	+	10	0	9	0	176	NA	NA	NA	52
ENST00000310931.10	ENSG00000115677	-	28	2	25	0	86	NA	NA	37	76
ENST00000264042.8	ENSG00000006607	+	27	1	25	0	117	NA	NA	24	183
ENST00000316586.9	ENSG00000115694	-	12	1	10	0	39	NA	NA	100	30
ENST00000318407.5	ENSG00000176720	+	5	1	3	0	125	NA	NA	29	220
ENST00000407315.6	ENSG00000176946	-	6	0	5	0	119	NA	NA	NA	77
ENST00000404914.8	ENSG00000168397	+	13	0	12	0	73	NA	NA	NA	10
ENST00000313552.11	ENSG00000168395	+	8	0	7	0	42	NA	NA	NA	37
ENST00000251607.11	ENSG00000072756	+	8	1	6	0	248	NA	NA	27	148
ENST00000319331.4	ENSG00000175928	+	2	1	0	0	2428	NA	NA	278	NA
ENST00000272902.10	ENSG00000144455	-	9	0	8	0	110	NA	NA	NA	270
ENST00000256495.4	ENSG00000134107	+	5	0	4	0	856	NA	NA	NA	80
ENST00000256496.8	ENSG00000134108	+	7	0	6	0	49	NA	NA	NA	123
ENST00000256497.9	ENSG00000134109	+	12	0	11	0	89	NA	NA	NA	509
ENST00000157600.8	ENSG00000071282	+	6	0	5	0	158	NA	NA	NA	42
ENST00000264926.7	ENSG00000070950	-	13	0	12	0	102	NA	NA	NA	51
ENST00000452837.7	ENSG00000134077	+	10	1	8	0	164	NA	NA	53	252
ENST00000402198.7	ENSG00000168137	+	23	2	20	0	608	NA	NA	116	71
ENST00000296003.9	ENSG00000163719	+	19	0	18	0	183	NA	NA	NA	159
ENST00000383829.7	ENSG00000156983	+	14	1	12	0	183	NA	NA	10	599
ENST00000344629.12	ENSG00000114026	+	7	0	6	0	89	NA	NA	NA	137
ENST00000256460.8	ENSG00000134072	-	12	1	10	0	82	NA	NA	32	83
ENST00000301964.7	ENSG00000171148	-	9	1	7	0	192	NA	NA	27	207
ENST00000397261.8	ENSG00000241553	+	6	0	5	0	5	NA	NA	NA	3
ENST00000647897.1	ENSG00000171135	+	2	0	1	0	462	NA	NA	NA	89
ENST00000245046.7	ENSG00000125037	-	8	0	7	0	128	NA	NA	NA	155
ENST00000256474.3	ENSG00000134086	+	3	0	2	0	178	NA	NA	NA	340
ENST00000256458.5	ENSG00000134070	+	13	0	12	0	112	NA	NA	NA	94
ENST00000350697.8	ENSG00000157020	-	9	0	8	0	113	NA	NA	NA	3
ENST00000693202.1	ENSG00000197548	+	21	3	17	0	32	NA	NA	10	160
ENST00000430365.7	ENSG00000144560	-	5	0	4	0	271	NA	NA	NA	82
ENST00000651735.1	ENSG00000132170	+	8	2	5	0	247	NA	NA	8	220
ENST00000284995.11	ENSG00000154743	+	12	1	10	0	59	NA	NA	17	189
ENST00000170447.12	ENSG00000075975	+	8	0	7	0	137	NA	NA	NA	26
ENST00000251849.9	ENSG00000132155	-	17	1	15	0	143	NA	NA	26	207
ENST00000456430.6	ENSG00000144712	+	15	0	14	0	227	NA	NA	NA	68
ENST00000613206.2	ENSG00000144711	-	14	0	13	0	539	NA	NA	NA	23
ENST00000254508.7	ENSG00000132182	-	40	0	39	0	100	NA	NA	NA	167
ENST00000295757.8	ENSG00000163517	+	10	0	9	0	215	NA	NA	NA	2
ENST00000396914.4	ENSG00000163528	-	3	0	2	0	307	NA	NA	NA	22
ENST00000306077.5	ENSG00000170876	+	12	0	11	0	202	NA	NA	NA	12
ENST00000306024.4	ENSG00000170860	+	4	0	3	0	80	NA	NA	NA	21
ENST00000622186.5	ENSG00000131389	+	15	2	12	0	140	NA	NA	11	229
ENST00000383794.7	ENSG00000154781	+	11	0	10	0	298	NA	NA	NA	42
ENST00000425241.6	ENSG00000177463	+	14	1	12	0	174	NA	NA	39	72
ENST00000253686.7	ENSG00000131368	-	4	0	3	0	192	NA	NA	NA	134
ENST00000253699.7	ENSG00000131381	-	14	3	10	0	1148	NA	NA	168	148
ENST00000253693.7	ENSG00000131375	+	21	0	20	0	144	NA	NA	NA	102
ENST00000383791.8	ENSG00000131370	-	9	0	8	0	217	NA	NA	NA	138
ENST00000383790.8	ENSG00000206562	-	6	1	4	0	181	NA	NA	124	225
ENST00000396842.7	ENSG00000144597	+	6	0	5	0	46	NA	NA	NA	103
ENST00000683139.1	ENSG00000206560	-	28	0	27	0	286	NA	NA	NA	117
ENST00000285083.10	ENSG00000154814	+	9	2	6	0	154	NA	NA	8	119
ENST00000334133.9	ENSG00000131378	-	10	1	8	0	404	NA	NA	8	145
ENST00000615277.5	ENSG00000154822	+	6	0	5	0	179	NA	NA	NA	327
ENST00000696125.1	ENSG00000131374	-	23	2	20	0	293	NA	NA	35	97
ENST00000338745.11	ENSG00000182568	-	11	1	9	0	512	NA	NA	24	211
ENST00000273047.9	ENSG00000144566	+	6	1	4	0	115	NA	NA	93	163
ENST00000263754.5	ENSG00000114166	+	18	0	17	0	193	NA	NA	NA	303
ENST00000396703.6	ENSG00000182247	+	6	1	4	0	97	NA	NA	8	176
ENST00000306627.8	ENSG00000170142	+	6	1	4	0	97	NA	NA	33	152
ENST00000425478.7	ENSG00000197885	-	5	2	2	0	242	NA	NA	17	94
ENST00000307839.10	ENSG00000174748	+	4	1	2	0	305	NA	NA	10	172
ENST00000312521.9	ENSG00000174738	+	8	0	7	0	196	NA	NA	NA	16
ENST00000646209.2	ENSG00000151090	-	11	3	7	0	241	NA	NA	42	22
ENST00000330688.9	ENSG00000077092	+	8	0	7	0	196	NA	NA	NA	157
ENST00000264331.9	ENSG00000077097	-	36	0	35	0	170	NA	NA	NA	69
ENST00000280700.10	ENSG00000151092	-	12	0	11	0	175	NA	NA	NA	131
ENST00000454389.6	ENSG00000033867	-	26	0	25	0	81	NA	NA	NA	60
ENST00000479665.6	ENSG00000163512	-	8	1	6	0	412	NA	NA	5	216
ENST00000383767.7	ENSG00000144642	+	15	0	14	0	6	NA	NA	NA	75
ENST00000295754.10	ENSG00000163513	+	7	0	6	0	179	NA	NA	NA	94
ENST00000295770.4	ENSG00000163527	+	16	0	15	0	80	NA	NA	NA	314
ENST00000396556.7	ENSG00000144645	-	12	0	11	0	44	NA	NA	NA	281
ENST00000282541.10	ENSG00000152642	+	8	0	7	0	96	NA	NA	NA	47
ENST00000307526.4	ENSG00000170293	+	4	0	3	0	83	NA	NA	NA	147
ENST00000334983.10	ENSG00000153551	+	5	0	4	0	13	NA	NA	NA	159
ENST00000205636.4	ENSG00000091317	-	4	0	3	0	137	NA	NA	NA	138
ENST00000273130.9	ENSG00000144635	-	13	0	12	0	109	NA	NA	NA	146
ENST00000328834.10	ENSG00000182973	+	19	0	18	0	154	NA	NA	NA	22
ENST00000307363.10	ENSG00000170266	-	16	0	15	0	299	NA	NA	NA	75
ENST00000342462.5	ENSG00000188167	-	2	1	0	0	1469	NA	NA	108	NA
ENST00000320954.11	ENSG00000170275	+	7	0	6	0	53	NA	NA	NA	471
ENST00000484457.6	ENSG00000153558	+	15	0	14	0	107	NA	NA	NA	3
ENST00000682230.1	ENSG00000163539	-	39	0	38	0	86	NA	NA	NA	195
ENST00000307296.8	ENSG00000170248	+	18	0	17	0	174	NA	NA	NA	209
ENST00000231790.8	ENSG00000076242	+	19	0	18	0	167	NA	NA	NA	116
ENST00000336686.9	ENSG00000093167	-	28	1	26	0	110	NA	NA	55	90
ENST00000361924.7	ENSG00000144674	+	24	0	22	1	29	34	34	NA	72
ENST00000273179.10	ENSG00000144677	+	8	0	7	0	125	NA	NA	NA	79
ENST00000334661.5	ENSG00000187091	-	15	0	14	0	85	NA	NA	NA	34
ENST00000333167.13	ENSG00000060971	-	12	0	11	0	75	NA	NA	NA	171
ENST00000311806.8	ENSG00000172939	+	18	0	17	0	74	NA	NA	NA	70
ENST00000352511.5	ENSG00000114739	+	11	0	10	0	194	NA	NA	NA	52
ENST00000287675.10	ENSG00000157036	+	6	0	5	0	461	NA	NA	NA	163
ENST00000319283.8	ENSG00000114745	-	9	0	8	0	253	NA	NA	NA	63
ENST00000273153.10	ENSG00000144655	-	5	1	3	0	989	NA	NA	40	205
ENST00000650617.1	ENSG00000144659	+	7	0	6	0	122	NA	NA	NA	69
ENST00000232905.4	ENSG00000114784	+	4	0	3	0	44	NA	NA	NA	31
ENST00000339296.10	ENSG00000172888	+	5	1	3	0	1060	NA	NA	62	24
ENST00000349496.11	ENSG00000168036	+	15	1	13	0	208	NA	NA	48	13
ENST00000327628.10	ENSG00000182606	+	16	0	15	0	795	NA	NA	NA	91
ENST00000264454.8	ENSG00000093183	-	7	1	5	0	200	NA	NA	27	182
ENST00000011691.6	ENSG00000008324	+	3	0	2	0	87	NA	NA	NA	69
ENST00000232978.13	ENSG00000114857	+	17	1	15	0	87	NA	NA	23	58
ENST00000232974.11	ENSG00000114853	+	6	1	4	0	361	NA	NA	81	1473
ENST00000321331.12	ENSG00000181061	-	4	1	2	0	49	NA	NA	22	97
ENST00000344697.3	ENSG00000144647	-	2	1	0	0	1847	NA	NA	105	NA
ENST00000296088.12	ENSG00000163788	+	7	2	4	0	1218	NA	NA	106	589
ENST00000644371.2	ENSG00000011198	+	7	0	6	0	89	NA	NA	NA	47
ENST00000396056.7	ENSG00000169981	+	4	1	2	0	1246	NA	NA	127	192
ENST00000326047.9	ENSG00000163808	+	35	0	34	0	62	NA	NA	NA	19
ENST00000265564.8	ENSG00000075914	+	8	0	7	0	104	NA	NA	NA	57
ENST00000503771.2	ENSG00000249992	-	1	0	0	0	NA	NA	NA	NA	NA
ENST00000645846.2	ENSG00000011376	+	22	2	19	0	179	NA	NA	21	234
ENST00000273317.5	ENSG00000144791	+	8	0	7	0	137	NA	NA	NA	1408
ENST00000389061.10	ENSG00000211456	+	20	0	19	0	136	NA	NA	NA	32
ENST00000296135.11	ENSG00000163818	-	10	0	9	0	18	NA	NA	NA	3
ENST00000296137.7	ENSG00000163820	-	18	1	16	0	75	NA	NA	112	55
ENST00000409792.4	ENSG00000181555	-	21	0	20	0	161	NA	NA	NA	71
ENST00000684063.1	ENSG00000088727	-	21	1	19	0	50	NA	NA	5	93
ENST00000232766.6	ENSG00000114648	+	10	0	9	0	386	NA	NA	NA	129
ENST00000265562.5	ENSG00000076201	+	25	0	24	0	479	NA	NA	NA	84
ENST00000296149.9	ENSG00000163832	-	7	0	6	0	128	NA	NA	NA	54
ENST00000254480.10	ENSG00000173473	-	28	0	27	0	97	NA	NA	NA	195
ENST00000445061.6	ENSG00000132153	+	22	2	19	0	253	NA	NA	27	28
ENST00000683076.1	ENSG00000047849	-	21	1	19	0	4	NA	NA	19	223
ENST00000302506.8	ENSG00000164045	-	15	0	14	0	140	NA	NA	NA	170
ENST00000442597.6	ENSG00000172113	-	6	1	4	0	166	NA	NA	7	90
ENST00000296440.11	ENSG00000164050	-	38	2	35	0	104	NA	NA	6	1107
ENST00000438607.2	ENSG00000232112	+	4	0	3	0	34	NA	NA	NA	16
ENST00000296444.7	ENSG00000164054	-	6	0	5	0	79	NA	NA	NA	76
ENST00000232375.8	ENSG00000114268	-	14	0	13	0	59	NA	NA	NA	97
ENST00000203407.6	ENSG00000010256	-	13	0	12	0	64	NA	NA	NA	69
ENST00000294129.7	ENSG00000213672	-	13	0	12	0	203	NA	NA	NA	171
ENST00000328631.10	ENSG00000068745	-	6	1	4	0	500	NA	NA	130	202
ENST00000265563.13	ENSG00000114302	-	11	0	10	0	133	NA	NA	NA	262
ENST00000319017.5	ENSG00000178537	-	9	0	8	0	62	NA	NA	NA	105
ENST00000356401.9	ENSG00000177479	+	16	2	13	0	71	NA	NA	97	255
ENST00000608424.6	ENSG00000178252	+	6	0	5	0	463	NA	NA	NA	100
ENST00000326739.9	ENSG00000178035	-	14	0	13	0	21	NA	NA	NA	98
ENST00000395443.7	ENSG00000198218	-	10	1	8	0	192	NA	NA	21	309
ENST00000306125.12	ENSG00000172053	-	24	0	23	0	50	NA	NA	NA	117
ENST00000417901.6	ENSG00000172046	-	27	1	25	0	116	NA	NA	136	124
ENST00000305544.9	ENSG00000172037	-	32	0	31	0	136	NA	NA	NA	76
ENST00000321895.7	ENSG00000177352	-	2	1	0	0	1455	NA	NA	52	NA
ENST00000332780.4	ENSG00000185909	+	6	1	4	0	196	NA	NA	134	376
ENST00000265560.9	ENSG00000114316	-	22	0	21	0	158	NA	NA	NA	101
ENST00000418115.6	ENSG00000067560	-	5	1	3	0	173	NA	NA	2	156
ENST00000273590.4	ENSG00000145022	+	3	0	2	0	42	NA	NA	NA	214
ENST00000273598.8	ENSG00000145029	-	6	0	5	0	41	NA	NA	NA	132
ENST00000308775.7	ENSG00000173402	+	3	1	1	0	2402	NA	NA	116	285
ENST00000327697.11	ENSG00000164068	+	39	1	37	0	120	NA	NA	36	82
ENST00000308388.7	ENSG00000173540	-	9	0	8	0	131	NA	NA	NA	129
ENST00000321599.9	ENSG00000176095	-	6	1	4	0	533	NA	NA	128	223
ENST00000333486.4	ENSG00000182179	-	24	0	23	0	129	NA	NA	NA	56
ENST00000331456.7	ENSG00000183763	-	15	0	14	0	122	NA	NA	NA	98
ENST00000296473.8	ENSG00000164077	-	6	1	4	0	140	NA	NA	13	127
ENST00000266022.9	ENSG00000004534	+	21	1	19	0	125	NA	NA	66	44
ENST00000347869.8	ENSG00000003756	+	25	1	23	0	125	NA	NA	53	17
ENST00000002829.8	ENSG00000001617	+	19	1	17	0	410	NA	NA	48	112
ENST00000614032.5	ENSG00000188338	+	16	1	14	0	104	NA	NA	51	101
ENST00000313601.11	ENSG00000114353	+	9	0	7	1	190	25	25	NA	118
ENST00000616701.5	ENSG00000012171	+	17	0	16	0	404	NA	NA	NA	109
ENST00000417626.8	ENSG00000214706	-	12	0	11	0	80	NA	NA	NA	58
ENST00000336307.6	ENSG00000186792	-	4	1	2	0	269	NA	NA	17	894
ENST00000232496.5	ENSG00000114383	-	3	0	2	0	65	NA	NA	NA	146
ENST00000359365.9	ENSG00000068028	-	6	0	5	0	146	NA	NA	NA	250
ENST00000425346.6	ENSG00000114395	+	4	1	2	0	503	NA	NA	25	127
ENST00000266025.4	ENSG00000126062	-	2	0	1	0	204	NA	NA	NA	851
ENST00000348721.4	ENSG00000114737	-	3	0	2	0	535	NA	NA	NA	20
ENST00000621469.5	ENSG00000114738	+	11	1	9	0	152	NA	NA	52	219
ENST00000528157.7	ENSG00000145050	+	4	0	3	0	184	NA	NA	NA	94
ENST00000563281.2	ENSG00000259956	+	1	0	0	0	NA	NA	NA	NA	NA
ENST00000684192.1	ENSG00000164080	+	23	2	20	0	994	NA	NA	54	139
ENST00000341333.10	ENSG00000164081	+	5	1	3	0	292	NA	NA	34	258
ENST00000232888.7	ENSG00000114767	-	15	0	14	0	93	NA	NA	NA	87
ENST00000398755.8	ENSG00000041880	+	11	1	9	0	169	NA	NA	2	183
ENST00000461554.6	ENSG00000090097	-	14	2	11	0	288	NA	NA	64	81
ENST00000361143.10	ENSG00000114779	-	4	1	2	0	179	NA	NA	28	211
ENST00000273596.8	ENSG00000248487	+	5	0	4	0	182	NA	NA	NA	69
ENST00000636358.2	ENSG00000243989	+	15	1	13	0	164	NA	NA	18	94
ENST00000495880.2	ENSG00000164086	-	3	0	2	0	307	NA	NA	NA	517
ENST00000296484.7	ENSG00000164087	-	11	0	10	0	98	NA	NA	NA	18
ENST00000484952.6	ENSG00000023330	+	12	2	9	0	160	NA	NA	32	199
ENST00000305533.10	ENSG00000247596	-	9	0	8	0	167	NA	NA	NA	25
ENST00000323588.9	ENSG00000164088	+	10	0	9	0	144	NA	NA	NA	224
ENST00000296490.8	ENSG00000164091	-	9	0	8	0	29	NA	NA	NA	161
ENST00000436784.7	ENSG00000168237	+	5	1	3	0	866	NA	NA	39	377
ENST00000460680.6	ENSG00000163930	-	17	0	16	0	133	NA	NA	NA	37
ENST00000345716.9	ENSG00000010322	+	21	0	20	0	610	NA	NA	NA	93
ENST00000422318.7	ENSG00000168268	-	14	0	13	0	261	NA	NA	NA	232
ENST00000266014.11	ENSG00000016864	-	10	1	8	0	190	NA	NA	36	16
ENST00000233027.10	ENSG00000114904	-	16	0	15	0	92	NA	NA	NA	93
ENST00000394752.8	ENSG00000163935	-	21	1	19	0	140	NA	NA	130	28
ENST00000330452.8	ENSG00000163932	+	19	2	16	0	158	NA	NA	19	115
ENST00000462138.6	ENSG00000163931	-	14	0	13	0	175	NA	NA	NA	107
ENST00000315251.11	ENSG00000016391	-	9	2	6	0	418	NA	NA	59	703
ENST00000335754.8	ENSG00000113812	-	13	0	12	0	143	NA	NA	NA	123
ENST00000495461.6	ENSG00000113811	-	5	0	4	0	3	NA	NA	NA	19
ENST00000264634.9	ENSG00000114251	-	5	0	4	0	458	NA	NA	NA	6
ENST00000394672.8	ENSG00000180376	+	18	0	17	0	86	NA	NA	NA	11
ENST00000683822.1	ENSG00000163946	-	24	0	23	0	529	NA	NA	NA	331
ENST00000296315.8	ENSG00000163947	-	10	0	9	0	352	NA	NA	NA	96
ENST00000296318.12	ENSG00000144730	-	13	0	12	0	112	NA	NA	NA	126
ENST00000288266.8	ENSG00000157500	+	22	0	21	0	146	NA	NA	NA	54
ENST00000311180.9	ENSG00000174840	+	3	0	2	0	442	NA	NA	NA	1308
ENST00000303436.11	ENSG00000168374	-	6	0	5	0	86	NA	NA	NA	67
ENST00000311128.10	ENSG00000174839	-	20	0	19	0	131	NA	NA	NA	237
ENST00000671191.1	ENSG00000163681	+	25	1	22	1	83	7	7	1104	198
ENST00000295956.9	ENSG00000136068	+	46	0	45	0	187	NA	NA	NA	292
ENST00000478253.6	ENSG00000163686	+	10	2	7	0	176	NA	NA	25	119
ENST00000356151.7	ENSG00000168297	+	18	0	17	0	208	NA	NA	NA	102
ENST00000302746.11	ENSG00000168291	-	10	0	9	0	145	NA	NA	NA	42
ENST00000404589.8	ENSG00000168301	+	3	1	1	0	686	NA	NA	43	27
ENST00000492590.6	ENSG00000189283	-	10	4	4	1	95	6	6	17	103
ENST00000474889.6	ENSG00000144724	+	30	0	29	0	146	NA	NA	NA	85
ENST00000674280.1	ENSG00000163635	+	13	2	10	0	17	NA	NA	11	325
ENST00000354883.11	ENSG00000144741	+	10	0	9	0	117	NA	NA	NA	33
ENST00000273261.8	ENSG00000144749	-	19	0	18	0	226	NA	NA	NA	218
ENST00000417314.2	ENSG00000163376	+	4	0	3	0	463	NA	NA	NA	16
ENST00000307227.10	ENSG00000172340	-	11	0	10	0	115	NA	NA	NA	84
ENST00000383701.8	ENSG00000163378	-	18	3	14	0	146	NA	NA	14	210
ENST00000398559.7	ENSG00000144747	-	17	0	16	0	143	NA	NA	NA	142
ENST00000273258.4	ENSG00000144746	+	3	0	2	0	172	NA	NA	NA	176
ENST00000398540.8	ENSG00000114541	-	23	0	22	0	120	NA	NA	NA	162
ENST00000352241.9	ENSG00000187098	+	10	0	9	0	401	NA	NA	NA	104
ENST00000325599.13	ENSG00000144736	-	11	0	10	0	552	NA	NA	NA	143
ENST00000356692.10	ENSG00000163605	+	9	0	8	0	325	NA	NA	NA	34
ENST00000464233.6	ENSG00000169855	-	31	1	29	0	14	NA	NA	50	88
ENST00000429644.7	ENSG00000114480	-	16	0	15	0	56	NA	NA	NA	143
ENST00000263780.9	ENSG00000083937	+	6	0	5	0	110	NA	NA	NA	34
ENST00000482016.6	ENSG00000163320	-	4	3	0	0	526	NA	NA	23	NA
ENST00000394222.8	ENSG00000169379	+	10	0	9	0	76	NA	NA	NA	59
ENST00000314622.9	ENSG00000178694	+	6	0	5	0	279	NA	NA	NA	12
ENST00000463745.6	ENSG00000113966	+	8	1	6	0	25	NA	NA	27	123
ENST00000394198.7	ENSG00000170854	-	10	1	8	0	158	NA	NA	39	432
ENST00000341181.11	ENSG00000080822	-	5	1	3	0	220	NA	NA	18	292
ENST00000647941.2	ENSG00000080819	-	7	0	6	0	87	NA	NA	NA	556
ENST00000483910.6	ENSG00000064225	+	10	1	8	0	86	NA	NA	11	89
ENST00000326840.11	ENSG00000057019	-	16	0	15	0	469	NA	NA	NA	205
ENST00000477258.2	ENSG00000168386	-	6	1	4	0	191	NA	NA	10	252
ENST00000394144.9	ENSG00000036054	+	19	0	18	0	81	NA	NA	NA	53
ENST00000394140.9	ENSG00000114021	+	10	0	9	0	91	NA	NA	NA	7
ENST00000284320.6	ENSG00000154174	-	12	0	11	0	153	NA	NA	NA	324
ENST00000323523.8	ENSG00000181458	+	6	1	4	0	93	NA	NA	3	190
ENST00000240851.9	ENSG00000114354	+	8	1	6	0	382	NA	NA	43	184
ENST00000394095.7	ENSG00000138468	-	24	0	23	0	137	NA	NA	NA	40
ENST00000265260.8	ENSG00000081154	+	5	0	4	0	126	NA	NA	NA	64
ENST00000312938.5	ENSG00000066422	-	11	0	10	0	517	NA	NA	NA	310
ENST00000394077.8	ENSG00000114391	-	6	0	5	0	80	NA	NA	NA	5
ENST00000341893.8	ENSG00000182504	+	11	0	10	0	704	NA	NA	NA	43
ENST00000273347.10	ENSG00000144815	+	8	3	4	0	550	NA	NA	195	93
ENST00000326172.9	ENSG00000144802	+	12	0	11	0	53	NA	NA	NA	289
ENST00000306107.9	ENSG00000170017	+	16	0	14	1	87	26	26	NA	73
ENST00000394030.8	ENSG00000114423	-	19	1	17	0	259	NA	NA	14	168
ENST00000325805.13	ENSG00000114439	+	18	3	14	0	87	NA	NA	9	162
ENST00000361309.6	ENSG00000196776	-	11	0	10	0	4	NA	NA	NA	46
ENST00000264538.4	ENSG00000114446	-	11	0	10	0	178	NA	NA	NA	212
ENST00000361582.8	ENSG00000198919	+	33	1	30	1	110	7	7	72	32
ENST00000485303.6	ENSG00000177707	+	6	0	5	0	580	NA	NA	NA	160
ENST00000431670.7	ENSG00000144824	+	18	1	16	0	140	NA	NA	14	1335
ENST00000273359.8	ENSG00000144827	+	5	0	4	0	344	NA	NA	NA	142
ENST00000283290.10	ENSG00000144848	-	12	0	11	0	81	NA	NA	NA	72
ENST00000492406.6	ENSG00000138459	+	7	1	5	0	65	NA	NA	19	130
ENST00000314400.10	ENSG00000163608	-	9	0	8	0	468	NA	NA	NA	106
ENST00000240922.8	ENSG00000121579	-	5	0	4	0	177	NA	NA	NA	8
ENST00000273398.8	ENSG00000114573	+	15	1	13	0	92	NA	NA	13	82
ENST00000358160.9	ENSG00000178075	+	18	0	17	0	80	NA	NA	NA	27
ENST00000393765.7	ENSG00000121578	-	8	2	5	0	132	NA	NA	145	253
ENST00000264245.9	ENSG00000031081	+	12	0	11	0	2408	NA	NA	NA	100
ENST00000319172.10	ENSG00000176142	-	9	1	7	0	233	NA	NA	74	113
ENST00000295588.9	ENSG00000163389	+	11	0	10	0	156	NA	NA	NA	85
ENST00000264235.13	ENSG00000082701	-	11	0	10	0	67	NA	NA	NA	88
ENST00000295628.4	ENSG00000163428	-	4	0	3	0	208	NA	NA	NA	500
ENST00000295633.8	ENSG00000163430	-	11	0	9	0	44	NA	NA	0	63
ENST00000283875.6	ENSG00000153767	+	5	1	3	0	427	NA	NA	30	448
ENST00000310864.11	ENSG00000173226	-	15	2	12	0	229	NA	NA	12	100
ENST00000273668.7	ENSG00000145088	+	6	0	5	0	46	NA	NA	NA	106
ENST00000330689.6	ENSG00000196981	-	1	0	0	0	NA	NA	NA	NA	NA
ENST00000344337.11	ENSG00000114030	-	14	1	12	0	187	NA	NA	5	129
ENST00000682323.1	ENSG00000138496	-	11	1	9	0	379	NA	NA	89	15
ENST00000296161.9	ENSG00000163840	+	5	0	4	0	69	NA	NA	NA	187
ENST00000474629.7	ENSG00000173193	+	17	0	16	0	289	NA	NA	NA	187
ENST00000306103.3	ENSG00000169087	-	8	0	7	0	530	NA	NA	NA	64
ENST00000261038.6	ENSG00000138463	+	9	0	8	0	115	NA	NA	NA	343
ENST00000316218.12	ENSG00000065485	+	17	0	16	0	80	NA	NA	NA	42
ENST00000492595.6	ENSG00000121542	+	7	1	5	0	200	NA	NA	19	182
ENST00000383657.10	ENSG00000206527	-	7	0	6	0	82	NA	NA	NA	155
ENST00000360304.8	ENSG00000065534	-	34	3	30	0	244	NA	NA	3	165
ENST00000409697.8	ENSG00000175455	-	13	0	12	0	939	NA	NA	NA	30
ENST00000232607.7	ENSG00000114491	+	6	0	5	0	169	NA	NA	NA	156
ENST00000296181.9	ENSG00000082781	-	15	0	14	0	95	NA	NA	NA	70
ENST00000311127.9	ENSG00000173706	-	17	0	16	0	149	NA	NA	NA	316
ENST00000469902.6	ENSG00000221955	-	14	1	12	0	162	NA	NA	45	51
ENST00000360647.9	ENSG00000163848	-	9	3	5	0	1598	NA	NA	16	333
ENST00000296220.6	ENSG00000144909	-	13	0	12	0	65	NA	NA	NA	164
ENST00000360370.9	ENSG00000114544	-	11	1	9	0	209	NA	NA	27	273
ENST00000296233.4	ENSG00000163884	-	3	1	1	0	168	NA	NA	25	1082
ENST00000389709.8	ENSG00000070476	-	10	0	9	0	86	NA	NA	NA	907
ENST00000524230.9	ENSG00000197763	-	16	0	15	0	68	NA	NA	NA	243
ENST00000290913.8	ENSG00000159685	+	8	0	7	0	5	NA	NA	NA	87
ENST00000265056.12	ENSG00000073111	+	16	0	15	0	110	NA	NA	NA	6
ENST00000232744.13	ENSG00000114626	+	12	0	11	0	206	NA	NA	NA	56
ENST00000265052.10	ENSG00000074416	-	8	0	7	0	125	NA	NA	NA	10
ENST00000243253.8	ENSG00000058262	+	12	0	11	0	186	NA	NA	NA	7
ENST00000322623.10	ENSG00000175792	-	11	0	10	0	159	NA	NA	NA	141
ENST00000254730.11	ENSG00000132394	+	7	0	6	0	190	NA	NA	NA	316
ENST00000341105.7	ENSG00000179348	-	6	1	4	0	299	NA	NA	45	229
ENST00000265062.8	ENSG00000075785	+	6	1	4	0	95	NA	NA	8	53
ENST00000308982.12	ENSG00000177646	+	18	0	17	0	100	NA	NA	NA	150
ENST00000422453.7	ENSG00000169714	-	5	1	3	0	117	NA	NA	14	124
ENST00000314797.10	ENSG00000181789	+	24	0	23	0	130	NA	NA	NA	37
ENST00000429544.7	ENSG00000129071	-	8	0	7	0	77	NA	NA	NA	104
ENST00000348417.7	ENSG00000163913	+	30	0	29	0	89	NA	NA	NA	41
ENST00000324093.9	ENSG00000004399	-	36	0	35	0	116	NA	NA	NA	1311
ENST00000393238.8	ENSG00000172765	-	7	3	3	0	314	NA	NA	130	576
ENST00000510168.6	ENSG00000017260	+	28	1	26	0	130	NA	NA	180	6
ENST00000264992.8	ENSG00000034533	-	6	2	3	0	330	NA	NA	25	1302
ENST00000383366.9	ENSG00000114670	+	18	2	15	0	219	NA	NA	96	170
ENST00000264995.8	ENSG00000114686	-	10	0	9	0	152	NA	NA	NA	92
ENST00000260818.11	ENSG00000138246	+	56	1	54	0	106	NA	NA	13	68
ENST00000356232.10	ENSG00000081307	+	12	0	11	0	83	NA	NA	NA	161
ENST00000264993.8	ENSG00000091527	+	5	0	4	0	150	NA	NA	NA	240
ENST00000260810.10	ENSG00000163781	-	28	1	26	0	143	NA	NA	7	84
ENST00000678299.1	ENSG00000144867	+	7	0	6	0	213	NA	NA	NA	154
ENST00000285208.9	ENSG00000154917	-	8	0	7	0	64	NA	NA	NA	70
ENST00000310926.11	ENSG00000174640	-	14	0	13	0	117	NA	NA	NA	96
ENST00000623711.4	ENSG00000163785	-	15	0	14	0	111	NA	NA	NA	232
ENST00000249883.10	ENSG00000114019	-	10	1	8	0	58	NA	NA	61	734
ENST00000675561.1	ENSG00000182923	+	15	1	13	0	158	NA	NA	25	44
ENST00000264977.8	ENSG00000073711	+	14	1	12	0	123	NA	NA	440	1995
ENST00000309993.3	ENSG00000174579	-	2	0	1	0	1591	NA	NA	NA	142
ENST00000251654.9	ENSG00000114054	+	15	0	14	0	121	NA	NA	NA	183
ENST00000383202.7	ENSG00000118007	-	34	1	32	0	23	NA	NA	83	29
ENST00000481752.6	ENSG00000158092	+	4	1	2	0	194	NA	NA	18	226
ENST00000327532.7	ENSG00000158163	-	16	1	14	0	161	NA	NA	81	501
ENST00000260803.9	ENSG00000138231	-	8	0	7	0	693	NA	NA	NA	197
ENST00000469044.6	ENSG00000114098	+	22	0	21	0	33	NA	NA	NA	45
ENST00000423968.7	ENSG00000158186	+	6	1	4	0	99	NA	NA	18	193
ENST00000264982.8	ENSG00000114107	-	18	2	15	0	61	NA	NA	5	69
ENST00000360570.8	ENSG00000158234	+	6	1	4	0	149	NA	NA	16	44
ENST00000674063.1	ENSG00000051382	-	24	2	21	0	137	NA	NA	16	171
ENST00000333188.10	ENSG00000184432	-	22	0	21	0	95	NA	NA	NA	3
ENST00000672186.1	ENSG00000114115	-	4	0	3	0	53	NA	NA	NA	259
ENST00000324194.12	ENSG00000114120	+	7	0	6	0	193	NA	NA	NA	41
ENST00000286353.9	ENSG00000155893	+	6	1	4	0	937	NA	NA	53	79
ENST00000321464.7	ENSG00000177311	+	6	4	0	0	3587	NA	NA	0	NA
ENST00000286364.9	ENSG00000155903	+	24	0	23	0	30	NA	NA	NA	133
ENST00000286371.8	ENSG00000069849	+	7	0	6	0	170	NA	NA	NA	109
ENST00000489671.6	ENSG00000114126	-	13	1	11	0	183	NA	NA	92	15
ENST00000392993.7	ENSG00000175066	-	16	0	15	0	148	NA	NA	NA	147
ENST00000392981.7	ENSG00000114127	-	41	0	40	0	302	NA	NA	NA	75
ENST00000476941.6	ENSG00000144935	+	13	0	12	0	227	NA	NA	NA	172
ENST00000295992.8	ENSG00000163710	-	9	0	8	0	130	NA	NA	NA	83
ENST00000473835.7	ENSG00000163714	+	28	0	27	0	138	NA	NA	NA	45
ENST00000316549.11	ENSG00000181804	-	16	0	15	0	227	NA	NA	NA	175
ENST00000315691.8	ENSG00000181744	+	3	0	2	0	331	NA	NA	NA	657
ENST00000282903.10	ENSG00000152952	-	20	0	19	0	155	NA	NA	NA	109
ENST00000354952.7	ENSG00000114698	-	9	1	7	0	44	NA	NA	21	7
ENST00000342435.9	ENSG00000188313	-	9	1	7	0	56	NA	NA	13	13
ENST00000345003.9	ENSG00000163754	+	8	0	7	0	173	NA	NA	NA	7
ENST00000310053.10	ENSG00000071794	-	25	0	24	0	152	NA	NA	NA	20
ENST00000296051.7	ENSG00000163755	+	17	0	16	0	127	NA	NA	NA	217
ENST00000305366.8	ENSG00000169908	-	5	0	4	0	14	NA	NA	NA	177
ENST00000360632.8	ENSG00000018408	-	7	1	5	0	184	NA	NA	3	431
ENST00000473414.6	ENSG00000114744	-	5	0	4	0	197	NA	NA	NA	67
ENST00000392894.8	ENSG00000082996	+	10	1	8	0	364	NA	NA	16	114
ENST00000239940.12	ENSG00000070087	-	3	0	2	0	97	NA	NA	NA	132
ENST00000688009.1	ENSG00000196428	+	3	0	2	0	260	NA	NA	NA	1958
ENST00000239944.7	ENSG00000120742	-	3	0	2	0	40	NA	NA	NA	84
ENST00000471696.6	ENSG00000198843	+	6	0	4	1	124	30	30	NA	137
ENST00000312960.4	ENSG00000181788	-	2	0	1	0	557	NA	NA	NA	417
ENST00000324210.10	ENSG00000152601	+	10	1	7	1	56	19	19	789	174
ENST00000305097.6	ENSG00000169860	+	1	0	0	0	NA	NA	NA	NA	NA
ENST00000496811.6	ENSG00000174953	-	25	0	24	0	185	NA	NA	NA	243
ENST00000360490.7	ENSG00000196549	+	23	1	21	0	99	NA	NA	10	160
ENST00000496455.7	ENSG00000163655	+	16	0	15	0	101	NA	NA	NA	27
ENST00000265044.7	ENSG00000114850	-	5	0	4	0	66	NA	NA	NA	133
ENST00000295924.12	ENSG00000163659	+	6	1	4	0	447	NA	NA	41	917
ENST00000295926.8	ENSG00000163660	-	11	0	10	0	348	NA	NA	NA	303
ENST00000483851.7	ENSG00000168779	-	5	0	4	0	257	NA	NA	NA	346
ENST00000611884.5	ENSG00000174891	+	10	1	8	0	92	NA	NA	2	194
ENST00000466246.7	ENSG00000178053	+	8	0	7	0	105	NA	NA	NA	47
ENST00000486715.6	ENSG00000168827	+	18	0	17	0	131	NA	NA	NA	81
ENST00000264265.4	ENSG00000079257	-	6	0	5	0	98	NA	NA	NA	129
ENST00000326448.12	ENSG00000068885	-	20	1	18	0	110	NA	NA	46	37
ENST00000309784.9	ENSG00000213186	-	3	2	0	0	1214	NA	NA	3	NA
ENST00000334256.9	ENSG00000186432	-	17	0	16	0	98	NA	NA	NA	69
ENST00000498165.6	ENSG00000163590	+	4	0	3	0	346	NA	NA	NA	399
ENST00000351193.7	ENSG00000169251	+	16	1	14	0	130	NA	NA	20	44
ENST00000392750.7	ENSG00000114209	-	9	2	6	0	81	NA	NA	116	96
ENST00000446050.7	ENSG00000163536	+	9	1	7	0	76	NA	NA	18	250
ENST00000470487.6	ENSG00000173905	-	16	0	15	0	149	NA	NA	NA	187
ENST00000349841.10	ENSG00000085274	+	8	1	6	0	262	NA	NA	31	266
ENST00000295797.5	ENSG00000163558	+	18	0	17	0	87	NA	NA	NA	101
ENST00000259119.9	ENSG00000136603	+	7	1	5	0	158	NA	NA	633	1098
ENST00000295822.7	ENSG00000163577	-	5	1	3	0	59	NA	NA	35	165
ENST00000351298.9	ENSG00000075651	-	27	1	25	0	224	NA	NA	31	160
ENST00000415807.7	ENSG00000075420	+	26	1	24	0	311	NA	NA	28	111
ENST00000241261.7	ENSG00000121858	-	5	0	4	0	427	NA	NA	NA	132
ENST00000475381.7	ENSG00000144959	-	5	0	4	0	617	NA	NA	NA	138
ENST00000392692.8	ENSG00000114346	+	25	1	23	0	89	NA	NA	22	130
ENST00000457928.7	ENSG00000177565	-	16	2	13	0	26	NA	NA	45	58
ENST00000311417.7	ENSG00000172667	-	6	1	4	0	211	NA	NA	57	270
ENST00000263967.4	ENSG00000121879	+	21	1	19	0	270	NA	NA	76	352
ENST00000496856.6	ENSG00000121864	+	6	2	3	0	1153	NA	NA	11	58
ENST00000471841.6	ENSG00000171109	+	18	1	16	0	78	NA	NA	7	112
ENST00000232564.8	ENSG00000114450	-	10	1	8	0	106	NA	NA	42	57
ENST00000429709.7	ENSG00000136518	+	14	0	13	0	80	NA	NA	NA	25
ENST00000263966.8	ENSG00000058056	+	21	0	20	0	93	NA	NA	NA	168
ENST00000296015.9	ENSG00000163728	+	12	0	11	0	912	NA	NA	NA	161
ENST00000382564.8	ENSG00000205981	-	6	0	5	0	70	NA	NA	NA	3
ENST00000323116.10	ENSG00000058063	+	30	0	29	0	81	NA	NA	NA	27
ENST00000292782.9	ENSG00000043093	-	7	0	6	0	79	NA	NA	NA	3
ENST00000265594.9	ENSG00000078070	-	19	0	18	0	128	NA	NA	NA	89
ENST00000242810.11	ENSG00000114796	+	8	2	5	0	200	NA	NA	61	920
ENST00000305135.10	ENSG00000163872	+	31	1	29	0	108	NA	NA	19	100
ENST00000334444.11	ENSG00000114770	-	30	1	28	0	101	NA	NA	55	129
ENST00000648915.2	ENSG00000145191	+	16	0	15	0	59	NA	NA	NA	195
ENST00000313143.9	ENSG00000161202	+	15	0	14	0	436	NA	NA	NA	161
ENST00000292807.9	ENSG00000161203	+	12	1	10	0	134	NA	NA	43	74
ENST00000429586.7	ENSG00000161204	+	21	0	20	0	158	NA	NA	NA	73
ENST00000310118.9	ENSG00000175166	+	21	0	20	0	182	NA	NA	NA	135
ENST00000346169.7	ENSG00000114867	+	33	2	30	0	181	NA	NA	34	60
ENST00000330394.3	ENSG00000182580	+	16	0	15	0	108	NA	NA	NA	118
ENST00000317897.5	ENSG00000177383	-	1	0	0	0	NA	NA	NA	NA	NA
ENST00000231887.8	ENSG00000113790	-	7	0	6	0	1261	NA	NA	NA	74
ENST00000421852.6	ENSG00000163900	-	5	0	4	0	220	NA	NA	NA	119
ENST00000296257.10	ENSG00000163904	+	17	0	16	0	62	NA	NA	NA	101
ENST00000382199.7	ENSG00000073792	-	16	0	15	0	92	NA	NA	NA	178
ENST00000453386.7	ENSG00000136527	-	9	0	8	0	10	NA	NA	NA	36
ENST00000306376.10	ENSG00000244405	-	13	1	11	0	221	NA	NA	74	45
ENST00000338733.10	ENSG00000113838	-	8	1	5	1	129	22	22	43	336
ENST00000265028.8	ENSG00000090520	+	10	0	9	0	64	NA	NA	NA	68
ENST00000323963.10	ENSG00000156976	+	11	0	10	0	144	NA	NA	NA	29
ENST00000169298.8	ENSG00000073849	+	8	3	4	0	241	NA	NA	50	607
ENST00000406870.7	ENSG00000113916	-	10	2	7	0	143	NA	NA	10	161
ENST00000447382.6	ENSG00000196083	+	12	2	9	0	367	NA	NA	1	64
ENST00000392455.9	ENSG00000152492	+	12	0	11	0	19	NA	NA	NA	49
ENST00000361510.8	ENSG00000198836	+	31	0	29	1	64	6	6	NA	32
ENST00000232424.4	ENSG00000114315	+	4	0	3	0	550	NA	NA	NA	108
ENST00000645319.2	ENSG00000133657	-	34	2	31	0	197	NA	NA	46	51
ENST00000347147.9	ENSG00000145014	-	10	0	9	0	110	NA	NA	NA	137
ENST00000265245.10	ENSG00000041802	-	14	0	13	0	179	NA	NA	NA	99
ENST00000329759.6	ENSG00000185112	+	1	0	0	0	NA	NA	NA	NA	NA
ENST00000326793.11	ENSG00000114331	-	23	0	22	0	100	NA	NA	NA	53
ENST00000618156.5	ENSG00000184203	-	6	0	5	0	46	NA	NA	NA	122
ENST00000672887.2	ENSG00000061938	-	16	1	14	0	6	NA	NA	18	163
ENST00000360110.9	ENSG00000072274	-	19	1	17	0	242	NA	NA	23	36
ENST00000431016.6	ENSG00000161217	-	9	1	7	0	206	NA	NA	10	117
ENST00000296328.9	ENSG00000163960	-	11	0	10	0	161	NA	NA	NA	73
ENST00000318037.3	ENSG00000163961	-	6	0	5	0	953	NA	NA	NA	301
ENST00000311630.7	ENSG00000174013	+	3	0	2	0	185	NA	NA	NA	318
ENST00000409690.5	ENSG00000174007	-	3	1	1	0	361	NA	NA	70	130
ENST00000392391.9	ENSG00000163964	+	6	0	5	0	143	NA	NA	NA	112
ENST00000327134.7	ENSG00000180370	+	15	1	13	0	86	NA	NA	21	187
ENST00000323460.10	ENSG00000119231	+	10	1	8	0	110	NA	NA	31	1513
ENST00000321256.10	ENSG00000114503	-	4	0	3	0	71	NA	NA	NA	78
ENST00000667157.1	ENSG00000075711	-	25	1	23	0	106	NA	NA	31	19
ENST00000392379.6	ENSG00000161267	-	8	2	5	0	469	NA	NA	43	83
ENST00000296343.10	ENSG00000145016	-	20	0	19	0	178	NA	NA	NA	65
ENST00000241502.9	ENSG00000122068	+	9	0	8	0	98	NA	NA	NA	103
ENST00000425562.7	ENSG00000186001	+	21	0	20	0	125	NA	NA	NA	262
ENST00000265239.11	ENSG00000114473	-	12	2	9	0	134	NA	NA	59	8
ENST00000647248.2	ENSG00000182899	+	5	1	3	0	23	NA	NA	32	11
ENST00000453061.7	ENSG00000174227	+	13	0	12	0	216	NA	NA	NA	154
ENST00000362003.10	ENSG00000185619	+	11	3	7	0	47	NA	NA	9	109
ENST00000314167.9	ENSG00000178950	-	28	0	27	0	101	NA	NA	NA	145
ENST00000273814.8	ENSG00000145214	-	23	0	22	0	101	NA	NA	NA	271
ENST00000510644.6	ENSG00000127418	+	7	1	5	0	442	NA	NA	16	79
ENST00000382952.8	ENSG00000159692	-	10	1	8	0	183	NA	NA	188	7
ENST00000303400.9	ENSG00000090316	+	9	0	8	0	95	NA	NA	NA	69
ENST00000489418.6	ENSG00000163950	-	8	0	7	0	116	NA	NA	NA	59
ENST00000382936.8	ENSG00000168936	-	4	0	3	0	248	NA	NA	NA	205
ENST00000440486.8	ENSG00000068078	+	18	1	16	0	146	NA	NA	102	109
ENST00000302787.3	ENSG00000168924	-	14	0	13	0	149	NA	NA	NA	82
ENST00000508803.6	ENSG00000109685	+	22	1	20	0	271	NA	NA	29	597
ENST00000423729.3	ENSG00000185818	+	3	0	2	0	367	NA	NA	NA	376
ENST00000337190.7	ENSG00000123933	-	6	0	5	0	157	NA	NA	NA	64
ENST00000314289.13	ENSG00000063978	+	8	1	6	0	149	NA	NA	157	9
ENST00000637812.2	ENSG00000125386	+	21	0	20	0	93	NA	NA	NA	255
ENST00000315423.12	ENSG00000168884	-	6	0	5	0	263	NA	NA	NA	276
ENST00000503393.8	ENSG00000087266	+	13	1	11	0	137	NA	NA	4	136
ENST00000683351.1	ENSG00000087274	+	16	1	14	0	352	NA	NA	20	195
ENST00000355443.9	ENSG00000109736	-	13	1	11	0	115	NA	NA	21	171
ENST00000382753.5	ENSG00000132406	-	5	0	3	1	99	10	10	NA	97
ENST00000337872.9	ENSG00000168826	+	8	1	6	0	676	NA	NA	19	152
ENST00000621129.5	ENSG00000168824	+	5	1	3	0	200	NA	NA	26	129
ENST00000382723.5	ENSG00000163132	+	2	0	1	0	442	NA	NA	NA	469
ENST00000324989.12	ENSG00000072832	-	14	0	13	0	91	NA	NA	NA	381
ENST00000226760.5	ENSG00000109501	+	8	1	6	0	1811	NA	NA	5	232
ENST00000285599.8	ENSG00000013288	+	19	0	18	0	97	NA	NA	NA	138
ENST00000382581.5	ENSG00000179010	+	2	0	0	1	NA	13	13	NA	396
ENST00000307659.6	ENSG00000170871	+	10	2	7	0	179	NA	NA	269	231
ENST00000409757.9	ENSG00000132405	+	14	1	12	0	65	NA	NA	17	722
ENST00000310074.8	ENSG00000173011	+	2	0	1	0	992	NA	NA	NA	270
ENST00000264954.5	ENSG00000109519	-	4	0	3	0	346	NA	NA	NA	62
ENST00000420658.6	ENSG00000196526	-	18	1	16	0	26	NA	NA	2	127
ENST00000499869.7	ENSG00000071127	-	15	0	14	0	106	NA	NA	NA	16
ENST00000326756.4	ENSG00000178163	-	3	2	0	0	3435	NA	NA	211	NA
ENST00000330852.10	ENSG00000157869	-	7	0	6	0	92	NA	NA	NA	75
ENST00000040738.10	ENSG00000038219	-	26	0	25	0	117	NA	NA	NA	243
ENST00000341285.8	ENSG00000118564	-	11	0	10	0	76	NA	NA	NA	84
ENST00000226299.9	ENSG00000002549	+	13	0	12	0	189	NA	NA	NA	102
ENST00000251496.7	ENSG00000109805	+	21	0	20	0	123	NA	NA	NA	111
ENST00000504154.6	ENSG00000145147	+	37	0	36	0	241	NA	NA	NA	179
ENST00000334304.10	ENSG00000152990	-	19	0	18	0	1242	NA	NA	NA	257
ENST00000264867.7	ENSG00000109819	-	13	0	12	0	103	NA	NA	NA	54
ENST00000336812.5	ENSG00000109606	-	14	0	13	0	117	NA	NA	NA	71
ENST00000382103.7	ENSG00000109618	-	11	0	10	0	294	NA	NA	NA	114
ENST00000264864.8	ENSG00000038210	+	10	0	9	0	173	NA	NA	NA	268
ENST00000302874.9	ENSG00000168228	+	13	0	12	0	135	NA	NA	NA	127
ENST00000506197.3	ENSG00000250317	+	3	0	2	0	37	NA	NA	NA	109
ENST00000355476.8	ENSG00000168214	+	11	0	10	0	315	NA	NA	NA	20
ENST00000264866.9	ENSG00000109680	+	21	0	20	0	74	NA	NA	NA	99
ENST00000467087.7	ENSG00000109689	+	12	0	11	0	477	NA	NA	NA	151
ENST00000695919.1	ENSG00000169851	+	3	0	2	0	376	NA	NA	NA	3174
ENST00000303965.9	ENSG00000047365	-	33	1	31	0	371	NA	NA	159	905
ENST00000454158.7	ENSG00000181826	-	7	0	5	1	135	4	4	NA	88
ENST00000381967.9	ENSG00000169299	+	14	0	13	0	102	NA	NA	NA	81
ENST00000698857.1	ENSG00000065882	+	22	1	20	0	200	NA	NA	93	417
ENST00000261438.10	ENSG00000109787	+	6	1	4	0	181	NA	NA	39	57
ENST00000358869.5	ENSG00000197712	+	15	2	12	0	101	NA	NA	8	348
ENST00000504108.7	ENSG00000109790	+	11	0	10	0	56	NA	NA	NA	383
ENST00000349703.7	ENSG00000035928	-	25	0	24	0	83	NA	NA	NA	3
ENST00000316423.11	ENSG00000109814	-	12	1	10	0	110	NA	NA	7	162
ENST00000295958.10	ENSG00000163683	-	5	1	3	0	32	NA	NA	35	75
ENST00000261427.10	ENSG00000078140	+	7	0	6	0	74	NA	NA	NA	63
ENST00000303538.13	ENSG00000121892	-	33	1	31	0	3	NA	NA	40	138
ENST00000261435.11	ENSG00000078177	+	18	2	15	0	45	NA	NA	114	229
ENST00000295971.12	ENSG00000163694	-	7	3	3	0	239	NA	NA	31	1123
ENST00000508593.6	ENSG00000163697	-	18	4	13	0	167	NA	NA	50	19
ENST00000284440.9	ENSG00000154277	+	9	0	8	0	86	NA	NA	NA	33
ENST00000503057.6	ENSG00000064042	+	32	3	28	0	25	NA	NA	102	9
ENST00000504986.6	ENSG00000109133	+	7	0	6	0	129	NA	NA	NA	45
ENST00000264451.12	ENSG00000014824	+	18	0	17	0	44	NA	NA	NA	109
ENST00000381668.9	ENSG00000124406	-	37	0	36	0	97	NA	NA	NA	49
ENST00000281543.6	ENSG00000151806	+	17	0	16	0	137	NA	NA	NA	165
ENST00000295448.8	ENSG00000163281	-	7	1	5	0	61	NA	NA	35	124
ENST00000381571.6	ENSG00000169019	-	5	0	4	0	20	NA	NA	NA	66
ENST00000507489.2	ENSG00000170448	-	23	1	21	0	173	NA	NA	2	235
ENST00000295461.10	ENSG00000163293	+	6	0	5	0	610	NA	NA	NA	46
ENST00000381501.8	ENSG00000135605	-	18	1	16	0	83	NA	NA	45	138
ENST00000264313.11	ENSG00000109171	+	8	0	7	0	66	NA	NA	NA	389
ENST00000358350.9	ENSG00000075539	-	64	3	60	0	258	NA	NA	80	120
ENST00000264312.12	ENSG00000109180	+	9	1	7	0	37	NA	NA	5	58
ENST00000508632.6	ENSG00000145247	-	7	1	5	0	81	NA	NA	62	66
ENST00000334635.10	ENSG00000109184	+	11	0	10	0	55	NA	NA	NA	25
ENST00000381431.10	ENSG00000163069	-	6	0	5	0	203	NA	NA	NA	33
ENST00000441222.8	ENSG00000109189	-	9	0	8	0	101	NA	NA	NA	36
ENST00000248706.5	ENSG00000128045	+	4	0	3	0	470	NA	NA	NA	142
ENST00000401642.8	ENSG00000184178	-	9	0	8	0	92	NA	NA	NA	838
ENST00000337488.11	ENSG00000145216	+	18	0	17	0	147	NA	NA	NA	85
ENST00000263921.8	ENSG00000109220	-	6	0	5	0	50	NA	NA	NA	119
ENST00000288135.6	ENSG00000157404	+	21	0	20	0	128	NA	NA	NA	67
ENST00000264228.9	ENSG00000128039	+	5	0	4	0	259	NA	NA	NA	221
ENST00000381334.10	ENSG00000134851	+	6	0	5	0	76	NA	NA	NA	207
ENST00000513440.6	ENSG00000134852	-	23	3	19	0	179	NA	NA	43	47
ENST00000381295.7	ENSG00000090989	+	19	1	17	0	152	NA	NA	10	124
ENST00000257287.5	ENSG00000174799	+	26	1	23	1	102	12	12	45	113
ENST00000264220.6	ENSG00000128059	-	11	0	10	0	196	NA	NA	NA	128
ENST00000309042.12	ENSG00000084093	+	4	1	2	0	2311	NA	NA	9	898
ENST00000314595.6	ENSG00000047315	+	25	0	24	0	89	NA	NA	NA	19
ENST00000322244.10	ENSG00000033178	-	33	0	32	0	135	NA	NA	NA	71
ENST00000254803.4	ENSG00000132467	+	1	0	0	0	NA	NA	NA	NA	NA
ENST00000381006.8	ENSG00000018189	+	18	0	17	0	143	NA	NA	NA	178
ENST00000254799.11	ENSG00000132463	-	10	0	8	1	49	26	26	NA	357
ENST00000309395.7	ENSG00000173542	+	6	0	5	0	77	NA	NA	NA	14
ENST00000286648.10	ENSG00000156136	+	7	0	6	0	26	NA	NA	NA	91
ENST00000264485.11	ENSG00000080493	+	26	1	23	1	43	37	37	1	73
ENST00000507544.3	ENSG00000163626	-	6	0	5	0	173	NA	NA	NA	333
ENST00000358602.9	ENSG00000132466	-	34	0	33	0	59	NA	NA	NA	393
ENST00000325278.7	ENSG00000163738	+	8	0	7	0	112	NA	NA	NA	143
ENST00000324439.10	ENSG00000163743	-	9	0	8	0	128	NA	NA	NA	90
ENST00000311638.7	ENSG00000174796	+	5	1	3	0	254	NA	NA	20	80
ENST00000359707.9	ENSG00000138757	-	12	1	10	0	272	NA	NA	24	95
ENST00000514213.7	ENSG00000138768	+	24	0	23	0	89	NA	NA	NA	66
ENST00000286733.9	ENSG00000138744	-	11	0	9	1	81	37	37	NA	206
ENST00000356260.10	ENSG00000198301	-	22	0	21	0	47	NA	NA	NA	90
ENST00000264896.8	ENSG00000138760	-	12	0	11	0	38	NA	NA	NA	117
ENST00000296043.7	ENSG00000138771	+	11	0	10	0	368	NA	NA	NA	168
ENST00000264893.11	ENSG00000138758	+	10	0	9	0	15	NA	NA	NA	27
ENST00000237654.9	ENSG00000118816	-	7	1	5	0	443	NA	NA	43	114
ENST00000316355.10	ENSG00000138764	+	8	0	6	0	123	NA	NA	0	138
ENST00000504123.7	ENSG00000138767	-	12	0	11	0	212	NA	NA	NA	5
ENST00000264908.11	ENSG00000138772	+	13	1	11	0	59	NA	NA	38	15
ENST00000502613.3	ENSG00000138756	+	16	0	15	0	1423	NA	NA	NA	178
ENST00000512733.5	ENSG00000163291	-	6	0	5	0	142	NA	NA	NA	185
ENST00000403729.7	ENSG00000163297	-	17	0	16	0	38	NA	NA	NA	152
ENST00000313899.12	ENSG00000138668	-	9	0	7	1	67	31	31	NA	233
ENST00000295470.10	ENSG00000152795	-	8	0	6	1	70	23	23	NA	443
ENST00000273920.8	ENSG00000145293	+	6	0	5	0	139	NA	NA	NA	84
ENST00000319540.9	ENSG00000145284	-	5	0	4	0	190	NA	NA	NA	232
ENST00000302236.10	ENSG00000168152	+	5	0	4	0	1980	NA	NA	NA	80
ENST00000295491.9	ENSG00000163319	+	6	0	5	0	76	NA	NA	NA	100
ENST00000264409.5	ENSG00000138678	+	12	0	11	0	99	NA	NA	NA	141
ENST00000295887.6	ENSG00000163624	+	13	0	12	0	129	NA	NA	NA	117
ENST00000395184.6	ENSG00000138639	+	10	1	8	0	243	NA	NA	20	180
ENST00000411767.7	ENSG00000163629	+	48	1	46	0	95	NA	NA	5	115
ENST00000395146.9	ENSG00000172493	+	21	1	19	0	121	NA	NA	36	38
ENST00000273963.10	ENSG00000145332	-	10	1	8	0	123	NA	NA	151	216
ENST00000358290.9	ENSG00000198189	-	7	0	6	0	90	NA	NA	NA	210
ENST00000237596.7	ENSG00000118762	+	15	0	14	0	236	NA	NA	NA	595
ENST00000608933.6	ENSG00000163644	-	7	1	5	0	131	NA	NA	59	440
ENST00000264346.12	ENSG00000138642	+	23	0	22	0	226	NA	NA	NA	199
ENST00000264350.8	ENSG00000138646	+	23	0	22	0	205	NA	NA	NA	265
ENST00000273968.5	ENSG00000145337	-	2	0	1	0	141	NA	NA	NA	203
ENST00000323061.7	ENSG00000177432	-	1	0	0	0	NA	NA	NA	NA	NA
ENST00000264344.10	ENSG00000138640	-	24	0	23	0	126	NA	NA	NA	27
ENST00000603357.3	ENSG00000180346	+	2	1	0	0	2485	NA	NA	908	NA
ENST00000394991.8	ENSG00000145335	-	6	1	4	0	32	NA	NA	25	121
ENST00000354268.9	ENSG00000163104	+	24	1	22	0	61	NA	NA	49	190
ENST00000317968.9	ENSG00000163110	+	13	1	11	0	89	NA	NA	42	96
ENST00000515059.6	ENSG00000138696	+	13	3	9	0	125	NA	NA	17	143
ENST00000408927.8	ENSG00000138698	+	15	0	14	0	127	NA	NA	NA	4
ENST00000305798.8	ENSG00000168785	-	8	0	7	0	65	NA	NA	NA	81
ENST00000450253.7	ENSG00000151247	-	7	0	6	0	114	NA	NA	NA	18
ENST00000296411.11	ENSG00000164024	+	11	0	10	0	163	NA	NA	NA	114
ENST00000296412.14	ENSG00000197894	-	9	0	8	0	24	NA	NA	NA	12
ENST00000394876.7	ENSG00000145331	-	8	1	6	0	268	NA	NA	23	185
ENST00000499666.7	ENSG00000109270	-	7	1	5	0	73	NA	NA	37	9
ENST00000442697.7	ENSG00000164031	-	8	0	7	0	124	NA	NA	NA	133
ENST00000296417.6	ENSG00000164032	-	5	0	4	0	61	NA	NA	NA	3
ENST00000273990.6	ENSG00000145358	-	3	1	1	0	490	NA	NA	49	91
ENST00000394854.8	ENSG00000138814	-	14	0	13	0	196	NA	NA	NA	58
ENST00000356736.5	ENSG00000138821	-	9	1	7	0	149	NA	NA	253	219
ENST00000226574.9	ENSG00000109320	+	24	1	22	0	160	NA	NA	7	39
ENST00000647097.2	ENSG00000109323	-	17	0	16	0	224	NA	NA	NA	177
ENST00000453744.7	ENSG00000109332	-	8	1	6	0	45	NA	NA	128	24
ENST00000273986.10	ENSG00000145354	+	3	0	2	0	89	NA	NA	NA	103
ENST00000296424.9	ENSG00000164039	-	10	1	8	0	53	NA	NA	20	72
ENST00000265148.9	ENSG00000138778	-	49	0	48	0	94	NA	NA	NA	56
ENST00000380013.9	ENSG00000168769	+	11	2	8	0	1471	NA	NA	46	3409
ENST00000340139.10	ENSG00000138785	-	8	2	5	0	584	NA	NA	9	156
ENST00000515279.6	ENSG00000138780	+	12	1	10	0	136	NA	NA	21	426
ENST00000379987.7	ENSG00000168743	+	12	0	11	0	95	NA	NA	NA	71
ENST00000394708.7	ENSG00000145348	-	26	1	24	0	110	NA	NA	29	193
ENST00000672341.1	ENSG00000164022	+	7	1	5	0	166	NA	NA	25	109
ENST00000265174.5	ENSG00000138801	-	12	0	11	0	138	NA	NA	NA	60
ENST00000690982.1	ENSG00000164023	+	7	2	4	0	203	NA	NA	244	455
ENST00000332884.11	ENSG00000155016	+	5	0	4	0	178	NA	NA	NA	490
ENST00000309522.8	ENSG00000138796	+	8	0	7	0	118	NA	NA	NA	132
ENST00000265165.6	ENSG00000138795	-	12	0	10	1	34	7	7	NA	213
ENST00000361564.9	ENSG00000198856	+	4	0	3	0	18	NA	NA	NA	139
ENST00000265175.5	ENSG00000138802	+	24	0	23	0	114	NA	NA	NA	133
ENST00000394650.7	ENSG00000005059	+	8	0	7	0	77	NA	NA	NA	99
ENST00000265164.7	ENSG00000138794	-	7	0	6	0	238	NA	NA	NA	40
ENST00000302274.8	ENSG00000170522	-	4	0	3	0	424	NA	NA	NA	89
ENST00000309733.6	ENSG00000174749	+	2	0	1	0	245	NA	NA	NA	153
ENST00000274000.10	ENSG00000138660	+	10	0	9	0	265	NA	NA	NA	83
ENST00000505019.6	ENSG00000138658	-	28	1	26	0	142	NA	NA	66	21
ENST00000344442.10	ENSG00000174720	+	13	1	11	0	80	NA	NA	2	202
ENST00000511664.6	ENSG00000145349	-	21	0	19	1	66	30	30	NA	65
ENST00000310836.11	ENSG00000174607	+	6	1	4	0	363	NA	NA	2	822
ENST00000388822.10	ENSG00000145388	+	11	0	10	0	304	NA	NA	NA	66
ENST00000280551.11	ENSG00000150961	-	23	1	21	0	140	NA	NA	41	118
ENST00000692078.1	ENSG00000145390	+	19	4	14	0	873	NA	NA	542	144
ENST00000354960.8	ENSG00000138735	-	21	0	20	0	137	NA	NA	NA	152
ENST00000264808.8	ENSG00000138738	-	16	0	15	0	164	NA	NA	NA	93
ENST00000296511.10	ENSG00000164111	-	13	1	11	0	59	NA	NA	35	9
ENST00000243498.10	ENSG00000123737	+	12	0	11	0	84	NA	NA	NA	66
ENST00000274026.10	ENSG00000145386	-	8	0	7	0	48	NA	NA	NA	213
ENST00000644866.2	ENSG00000138685	+	3	0	2	0	185	NA	NA	NA	178
ENST00000304430.10	ENSG00000170917	-	5	0	4	0	397	NA	NA	NA	238
ENST00000274008.5	ENSG00000145375	+	16	0	15	0	176	NA	NA	NA	163
ENST00000651917.1	ENSG00000164056	+	3	2	0	0	1014	NA	NA	55	NA
ENST00000504087.6	ENSG00000151458	-	5	1	2	1	3547	4	4	763	512
ENST00000296464.9	ENSG00000164070	+	19	0	18	0	191	NA	NA	NA	107
ENST00000270861.10	ENSG00000142731	+	16	0	15	0	102	NA	NA	NA	30
ENST00000641686.2	ENSG00000164073	-	12	0	11	0	206	NA	NA	NA	62
ENST00000296425.10	ENSG00000164040	-	3	0	2	0	97	NA	NA	NA	418
ENST00000226319.11	ENSG00000077684	+	11	1	9	0	907	NA	NA	26	52
ENST00000344876.9	ENSG00000189184	-	4	0	3	0	667	NA	NA	NA	2487
ENST00000280612.9	ENSG00000151012	-	12	0	11	0	61	NA	NA	NA	277
ENST00000280614.4	ENSG00000151014	+	3	0	2	0	835	NA	NA	NA	190
ENST00000686138.1	ENSG00000109381	-	10	2	7	0	624	NA	NA	166	72
ENST00000296543.10	ENSG00000164134	+	20	0	19	0	200	NA	NA	NA	54
ENST00000305626.6	ENSG00000172007	+	2	0	1	0	440	NA	NA	NA	249
ENST00000274031.8	ENSG00000145391	-	8	0	7	0	180	NA	NA	NA	40
ENST00000325617.10	ENSG00000153132	-	15	1	13	0	80	NA	NA	9	144
ENST00000323570.8	ENSG00000179387	+	9	1	7	0	145	NA	NA	9	142
ENST00000442267.3	ENSG00000109436	-	21	0	20	0	722	NA	NA	NA	130
ENST00000515673.7	ENSG00000170153	-	7	0	6	0	118	NA	NA	NA	484
ENST00000262992.9	ENSG00000109452	-	26	3	22	0	132	NA	NA	126	91
ENST00000307017.9	ENSG00000170185	+	10	0	9	0	161	NA	NA	NA	682
ENST00000262994.9	ENSG00000109458	+	10	0	9	0	158	NA	NA	NA	72
ENST00000283131.4	ENSG00000153147	+	24	0	23	0	65	NA	NA	NA	177
ENST00000507656.6	ENSG00000164162	-	5	1	3	0	230	NA	NA	12	115
ENST00000296577.9	ENSG00000164163	+	18	1	16	0	47	NA	NA	27	103
ENST00000447906.8	ENSG00000164164	-	21	0	20	0	1220	NA	NA	NA	159
ENST00000302085.9	ENSG00000170365	+	7	1	5	0	143	NA	NA	176	400
ENST00000649156.2	ENSG00000151611	+	7	1	5	0	287	NA	NA	65	439
ENST00000508784.6	ENSG00000151612	-	15	0	13	1	15	18	18	NA	43
ENST00000296581.11	ENSG00000164167	+	4	1	2	0	34	NA	NA	10	94
ENST00000335472.12	ENSG00000120519	-	12	0	11	0	29	NA	NA	NA	100
ENST00000651419.1	ENSG00000151617	+	8	1	6	0	140	NA	NA	70	420
ENST00000296582.8	ENSG00000164168	+	10	0	9	0	265	NA	NA	NA	123
ENST00000322396.7	ENSG00000164169	-	12	0	11	0	215	NA	NA	NA	189
ENST00000336498.8	ENSG00000071205	+	23	0	22	0	88	NA	NA	NA	154
ENST00000358102.8	ENSG00000151623	-	9	1	7	0	155	NA	NA	2	1757
ENST00000651943.2	ENSG00000198589	-	57	1	55	0	90	NA	NA	219	216
ENST00000604030.7	ENSG00000109686	-	20	0	19	0	116	NA	NA	NA	112
ENST00000435205.6	ENSG00000164142	+	14	3	10	0	253	NA	NA	122	105
ENST00000263985.11	ENSG00000059691	-	13	0	12	0	128	NA	NA	NA	176
ENST00000281708.10	ENSG00000109670	-	14	3	10	0	268	NA	NA	69	501
ENST00000338700.10	ENSG00000109654	+	12	0	11	0	152	NA	NA	NA	30
ENST00000409959.8	ENSG00000121210	+	35	0	34	0	275	NA	NA	NA	124
ENST00000499023.7	ENSG00000171566	-	15	0	14	0	59	NA	NA	NA	9
ENST00000311277.9	ENSG00000164114	-	14	1	12	0	122	NA	NA	64	75
ENST00000502773.6	ENSG00000145431	-	6	0	5	0	116	NA	NA	NA	118
ENST00000264428.9	ENSG00000109738	+	10	1	8	0	296	NA	NA	29	122
ENST00000511912.6	ENSG00000171503	+	13	0	12	0	163	NA	NA	NA	34
ENST00000307720.4	ENSG00000171497	-	10	0	9	0	88	NA	NA	NA	85
ENST00000264433.11	ENSG00000052795	+	17	0	16	0	78	NA	NA	NA	107
ENST00000691494.1	ENSG00000109756	+	30	0	29	0	25	NA	NA	NA	69
ENST00000274054.3	ENSG00000145414	-	8	0	7	0	451	NA	NA	NA	365
ENST00000226725.11	ENSG00000109466	+	15	0	14	0	28	NA	NA	NA	26
ENST00000261507.11	ENSG00000052802	+	6	1	4	0	195	NA	NA	31	255
ENST00000306193.8	ENSG00000145439	-	5	0	4	0	178	NA	NA	NA	142
ENST00000284637.14	ENSG00000154447	-	12	1	10	0	168	NA	NA	95	393
ENST00000507142.6	ENSG00000137601	-	36	2	33	0	13	NA	NA	48	117
ENST00000513761.6	ENSG00000109572	+	13	1	11	0	90	NA	NA	16	160
ENST00000361618.4	ENSG00000198948	-	3	1	1	0	931	NA	NA	133	298
ENST00000265000.9	ENSG00000109586	+	12	0	11	0	137	NA	NA	NA	126
ENST00000296503.10	ENSG00000164104	-	5	1	3	0	158	NA	NA	20	150
ENST00000296504.4	ENSG00000164105	+	4	0	3	0	122	NA	NA	NA	315
ENST00000393674.7	ENSG00000164117	-	6	1	4	0	187	NA	NA	8	329
ENST00000503780.6	ENSG00000164118	+	12	2	9	0	48	NA	NA	50	89
ENST00000296522.11	ENSG00000164120	-	7	0	6	0	138	NA	NA	NA	93
ENST00000393658.7	ENSG00000150625	-	7	0	6	0	152	NA	NA	NA	37
ENST00000503362.2	ENSG00000129128	+	5	0	4	0	132	NA	NA	NA	143
ENST00000618562.2	ENSG00000150630	-	7	0	6	0	114	NA	NA	NA	147
ENST00000264596.4	ENSG00000109674	+	10	0	9	0	182	NA	NA	NA	156
ENST00000264595.7	ENSG00000038002	-	9	0	8	0	100	NA	NA	NA	127
ENST00000438320.7	ENSG00000129187	-	6	1	4	0	78	NA	NA	7	108
ENST00000403733.8	ENSG00000151718	+	23	0	22	0	66	NA	NA	NA	131
ENST00000504169.2	ENSG00000168564	+	3	0	2	0	1339	NA	NA	NA	272
ENST00000302327.4	ENSG00000168556	+	2	0	1	0	670	NA	NA	NA	172
ENST00000326397.10	ENSG00000182552	-	8	0	7	0	32	NA	NA	NA	24
ENST00000308497.9	ENSG00000173320	+	4	0	3	0	195	NA	NA	NA	166
ENST00000393593.8	ENSG00000168310	-	9	1	7	0	308	NA	NA	6	87
ENST00000308394.9	ENSG00000164305	-	8	2	5	0	229	NA	NA	15	53
ENST00000314970.11	ENSG00000164306	+	14	2	11	0	257	NA	NA	59	180
ENST00000281453.10	ENSG00000151725	-	13	0	12	0	113	NA	NA	NA	47
ENST00000281455.7	ENSG00000151726	-	21	1	19	0	140	NA	NA	32	195
ENST00000281456.11	ENSG00000151729	+	4	0	3	0	157	NA	NA	NA	111
ENST00000458385.7	ENSG00000164323	-	5	1	3	0	127	NA	NA	16	1054
ENST00000652585.2	ENSG00000109762	+	19	0	18	0	80	NA	NA	NA	429
ENST00000335174.6	ENSG00000186352	+	5	0	4	0	0	NA	NA	NA	27
ENST00000284767.12	ENSG00000154553	-	8	0	7	0	189	NA	NA	NA	93
ENST00000695409.1	ENSG00000154556	-	27	3	23	0	61	NA	NA	40	10
ENST00000296795.8	ENSG00000164342	+	5	1	3	0	228	NA	NA	7	441
ENST00000296824.4	ENSG00000164366	-	3	1	1	0	661	NA	NA	10	121
ENST00000264933.9	ENSG00000249915	+	6	0	5	0	98	NA	NA	NA	101
ENST00000264935.6	ENSG00000112877	+	12	0	11	0	165	NA	NA	NA	82
ENST00000467963.6	ENSG00000028310	-	16	0	15	0	100	NA	NA	NA	52
ENST00000166345.8	ENSG00000071539	+	13	0	12	0	95	NA	NA	NA	92
ENST00000264930.10	ENSG00000113504	-	24	0	23	0	91	NA	NA	NA	124
ENST00000320895.10	ENSG00000049656	-	17	0	16	0	84	NA	NA	NA	162
ENST00000283415.4	ENSG00000153395	-	14	0	13	0	184	NA	NA	NA	135
ENST00000296564.9	ENSG00000164151	+	19	0	18	0	181	NA	NA	NA	84
ENST00000264670.11	ENSG00000037474	-	19	0	18	0	306	NA	NA	NA	96
ENST00000274192.7	ENSG00000145545	+	5	0	4	0	66	NA	NA	NA	293
ENST00000230859.8	ENSG00000112941	+	13	0	12	0	194	NA	NA	NA	716
ENST00000440940.7	ENSG00000124275	+	15	1	13	0	144	NA	NA	25	129
ENST00000382496.10	ENSG00000112902	-	23	2	20	0	119	NA	NA	77	124
ENST00000280326.9	ENSG00000150753	+	11	0	10	0	127	NA	NA	NA	105
ENST00000274140.10	ENSG00000145495	+	26	0	25	0	90	NA	NA	NA	19
ENST00000296657.7	ENSG00000164236	+	4	0	3	0	847	NA	NA	NA	366
ENST00000230895.11	ENSG00000112977	-	4	0	3	0	113	NA	NA	NA	55
ENST00000344204.9	ENSG00000038382	+	57	0	56	0	542	NA	NA	NA	157
ENST00000284274.5	ENSG00000154124	+	7	0	6	0	194	NA	NA	NA	152
ENST00000284268.8	ENSG00000154122	-	12	0	11	0	113	NA	NA	NA	96
ENST00000308683.3	ENSG00000173545	-	6	0	5	0	127	NA	NA	NA	625
ENST00000513610.6	ENSG00000145555	-	41	0	40	0	101	NA	NA	NA	21
ENST00000322611.4	ENSG00000176788	+	2	1	0	0	692	NA	NA	9	NA
ENST00000344624.8	ENSG00000113360	-	36	3	32	0	130	NA	NA	46	20
ENST00000265070.7	ENSG00000113384	-	4	0	3	0	424	NA	NA	NA	225
ENST00000382142.8	ENSG00000150712	-	16	0	15	0	569	NA	NA	NA	81
ENST00000265069.13	ENSG00000056097	-	20	0	19	0	179	NA	NA	NA	37
ENST00000265073.9	ENSG00000113387	+	5	1	3	0	79	NA	NA	1	72
ENST00000265109.8	ENSG00000039560	+	18	1	16	0	77	NA	NA	48	36
ENST00000648817.1	ENSG00000168724	+	12	0	11	0	161	NA	NA	NA	97
ENST00000296603.5	ENSG00000164187	-	18	1	16	0	60	NA	NA	57	174
ENST00000274255.11	ENSG00000145604	+	10	0	9	0	213	NA	NA	NA	8
ENST00000381937.9	ENSG00000152620	-	12	0	11	0	138	NA	NA	NA	300
ENST00000265113.9	ENSG00000079215	+	10	1	8	0	204	NA	NA	95	181
ENST00000282516.13	ENSG00000164190	+	47	1	45	0	365	NA	NA	79	64
ENST00000231498.8	ENSG00000113569	-	35	0	34	0	138	NA	NA	NA	157
ENST00000453190.7	ENSG00000113594	-	20	1	18	0	623	NA	NA	19	142
ENST00000274276.8	ENSG00000145623	+	18	1	16	0	572	NA	NA	13	73
ENST00000357387.8	ENSG00000164327	-	38	0	37	0	74	NA	NA	NA	49
ENST00000320816.11	ENSG00000153071	-	15	1	12	1	65	6	6	101	91
ENST00000302472.4	ENSG00000171522	+	3	1	1	0	599	NA	NA	43	867
ENST00000337702.5	ENSG00000113638	-	5	1	3	0	353	NA	NA	1	221
ENST00000196371.10	ENSG00000083720	-	17	0	16	0	41	NA	NA	NA	78
ENST00000381647.7	ENSG00000205765	+	6	0	5	0	283	NA	NA	NA	100
ENST00000281623.8	ENSG00000151876	+	7	0	6	0	89	NA	NA	NA	189
ENST00000682664.1	ENSG00000172262	+	7	1	5	0	686	NA	NA	15	124
ENST00000325110.11	ENSG00000112972	-	11	2	8	0	89	NA	NA	10	448
ENST00000306846.8	ENSG00000172239	-	11	0	10	0	93	NA	NA	NA	265
ENST00000303221.10	ENSG00000170571	-	9	0	8	0	17	NA	NA	NA	112
ENST00000281631.10	ENSG00000151883	+	26	0	25	0	102	NA	NA	NA	91
ENST00000282588.7	ENSG00000213949	+	29	0	28	0	44	NA	NA	NA	61
ENST00000396954.8	ENSG00000164172	-	7	2	4	0	65	NA	NA	47	98
ENST00000296684.10	ENSG00000164258	+	5	0	4	0	103	NA	NA	NA	98
ENST00000504924.6	ENSG00000185305	-	5	0	4	0	152	NA	NA	NA	48
ENST00000381410.5	ENSG00000178996	+	2	0	1	0	253	NA	NA	NA	1621
ENST00000503787.6	ENSG00000164294	+	3	0	2	0	163	NA	NA	NA	204
ENST00000282572.5	ENSG00000152669	-	3	0	2	0	485	NA	NA	NA	381
ENST00000251636.10	ENSG00000067248	-	27	0	26	0	52	NA	NA	NA	187
ENST00000230640.10	ENSG00000039123	+	27	0	26	0	52	NA	NA	NA	134
ENST00000307259.9	ENSG00000067113	-	6	0	5	0	128	NA	NA	NA	58
ENST00000396865.7	ENSG00000177058	-	16	2	13	0	165	NA	NA	34	113
ENST00000381298.7	ENSG00000134352	-	17	2	14	0	737	NA	NA	15	64
ENST00000399503.4	ENSG00000095015	+	20	0	19	0	149	NA	NA	NA	482
ENST00000381199.8	ENSG00000155545	-	13	0	12	0	457	NA	NA	NA	9
ENST00000506184.7	ENSG00000062194	+	12	2	9	0	158	NA	NA	57	63
ENST00000274289.8	ENSG00000145632	-	14	0	13	0	191	NA	NA	NA	270
ENST00000340635.11	ENSG00000113448	-	15	0	14	0	416	NA	NA	NA	455
ENST00000265036.10	ENSG00000035499	-	11	0	10	0	161	NA	NA	NA	48
ENST00000508821.6	ENSG00000164181	-	9	2	6	0	209	NA	NA	34	64
ENST00000676185.1	ENSG00000049167	-	12	0	11	0	68	NA	NA	NA	77
ENST00000339020.8	ENSG00000188725	-	3	2	0	0	252	NA	NA	28	NA
ENST00000407818.8	ENSG00000068796	+	21	0	20	0	85	NA	NA	NA	64
ENST00000199320.9	ENSG00000086189	-	12	0	11	0	42	NA	NA	NA	79
ENST00000325324.11	ENSG00000086200	+	30	1	28	0	164	NA	NA	6	138
ENST00000513458.9	ENSG00000153006	-	5	0	4	0	189	NA	NA	NA	13
ENST00000381070.8	ENSG00000153015	+	14	0	13	0	162	NA	NA	NA	42
ENST00000231524.14	ENSG00000113595	-	11	0	10	0	179	NA	NA	NA	81
ENST00000399438.8	ENSG00000113597	+	13	0	12	0	107	NA	NA	NA	46
ENST00000381007.9	ENSG00000197860	-	11	1	9	0	111	NA	NA	22	100
ENST00000380985.10	ENSG00000123213	+	13	0	12	0	134	NA	NA	NA	41
ENST00000284037.10	ENSG00000112851	+	26	2	23	0	107	NA	NA	9	189
ENST00000334121.11	ENSG00000153914	+	12	0	11	0	149	NA	NA	NA	161
ENST00000403625.7	ENSG00000069020	+	29	0	28	0	3904	NA	NA	NA	363
ENST00000521381.6	ENSG00000145675	+	16	1	14	0	189	NA	NA	386	334
ENST00000396591.8	ENSG00000145740	+	16	0	15	0	170	NA	NA	NA	83
ENST00000256442.10	ENSG00000134057	+	9	0	8	0	107	NA	NA	NA	21
ENST00000256441.5	ENSG00000134056	+	4	0	3	0	17	NA	NA	NA	42
ENST00000256443.8	ENSG00000134058	+	12	0	11	0	28	NA	NA	NA	66
ENST00000396496.7	ENSG00000183323	-	12	1	10	0	305	NA	NA	40	304
ENST00000217893.10	ENSG00000273841	-	3	2	0	0	811	NA	NA	17	NA
ENST00000354868.10	ENSG00000152942	+	19	3	15	0	261	NA	NA	175	9
ENST00000325631.10	ENSG00000152939	+	7	1	5	0	122	NA	NA	15	1146
ENST00000396442.7	ENSG00000197822	+	9	1	7	0	101	NA	NA	68	50
ENST00000274400.10	ENSG00000145736	-	16	1	14	0	119	NA	NA	33	56
ENST00000358731.9	ENSG00000145734	+	39	0	38	0	131	NA	NA	NA	212
ENST00000340941.11	ENSG00000131844	+	17	0	16	0	117	NA	NA	NA	129
ENST00000296755.12	ENSG00000131711	+	7	0	6	0	155	NA	NA	NA	184
ENST00000337273.10	ENSG00000083312	+	25	0	23	1	107	36	36	NA	15
ENST00000430046.7	ENSG00000157107	+	26	0	25	0	22	NA	NA	NA	33
ENST00000380591.8	ENSG00000145741	+	6	0	5	0	46	NA	NA	NA	132
ENST00000296785.8	ENSG00000164331	-	9	1	7	0	55	NA	NA	104	289
ENST00000296792.9	ENSG00000164338	+	13	1	11	0	217	NA	NA	83	90
ENST00000513042.7	ENSG00000214944	+	36	1	34	0	169	NA	NA	11	33
ENST00000302351.9	ENSG00000171617	-	3	1	0	1	1782	33	33	13	1802
ENST00000261416.12	ENSG00000049860	+	14	0	13	0	57	NA	NA	NA	299
ENST00000296805.8	ENSG00000164347	-	21	1	19	0	128	NA	NA	24	63
ENST00000610426.5	ENSG00000164346	+	6	0	5	0	67	NA	NA	NA	3
ENST00000287936.9	ENSG00000113161	+	20	1	18	0	54	NA	NA	23	165
ENST00000643780.2	ENSG00000113163	-	17	0	16	0	127	NA	NA	NA	96
ENST00000241436.9	ENSG00000122008	+	15	1	13	0	84	NA	NA	13	135
ENST00000428202.7	ENSG00000152359	-	12	1	10	0	143	NA	NA	14	84
ENST00000274364.11	ENSG00000145703	+	36	0	35	0	113	NA	NA	NA	46
ENST00000319211.5	ENSG00000181104	+	2	0	1	0	1189	NA	NA	NA	88
ENST00000296677.5	ENSG00000164251	+	2	0	1	0	1111	NA	NA	NA	82
ENST00000312916.12	ENSG00000164252	+	14	0	13	0	200	NA	NA	NA	210
ENST00000255198.3	ENSG00000132846	-	3	2	0	0	721	NA	NA	17	NA
ENST00000296679.9	ENSG00000164253	-	13	0	12	0	152	NA	NA	NA	51
ENST00000380377.9	ENSG00000171530	-	4	0	3	0	80	NA	NA	NA	53
ENST00000255194.11	ENSG00000132842	-	27	0	26	0	153	NA	NA	NA	128
ENST00000621999.5	ENSG00000085365	+	9	0	8	0	164	NA	NA	NA	57
ENST00000380345.7	ENSG00000145685	-	5	3	1	0	256	NA	NA	185	430
ENST00000396137.5	ENSG00000152409	+	11	0	9	1	307	4	4	NA	1032
ENST00000334082.11	ENSG00000152413	-	9	0	8	0	188	NA	NA	NA	5
ENST00000453514.6	ENSG00000164329	+	15	1	13	0	74	NA	NA	37	137
ENST00000507668.7	ENSG00000164300	-	12	0	11	0	147	NA	NA	NA	27
ENST00000505560.5	ENSG00000039319	+	19	2	16	0	158	NA	NA	39	70
ENST00000439211.7	ENSG00000228716	-	6	0	5	0	78	NA	NA	NA	86
ENST00000407610.8	ENSG00000131732	+	6	1	4	0	118	NA	NA	17	384
ENST00000615665.5	ENSG00000145687	-	17	0	16	0	29	NA	NA	NA	62
ENST00000502346.2	ENSG00000174695	-	4	0	3	0	70	NA	NA	NA	3
ENST00000265077.8	ENSG00000038427	+	15	1	13	0	127	NA	NA	6	70
ENST00000296591.10	ENSG00000164176	-	11	0	10	0	149	NA	NA	NA	67
ENST00000247655.4	ENSG00000127184	+	3	0	1	1	116	28	28	NA	75
ENST00000274376.11	ENSG00000145715	+	25	0	24	0	83	NA	NA	NA	539
ENST00000256897.9	ENSG00000134480	-	9	0	8	0	38	NA	NA	NA	117
ENST00000296595.11	ENSG00000164180	-	12	0	11	0	277	NA	NA	NA	3
ENST00000504921.7	ENSG00000081189	-	11	1	9	0	321	NA	NA	142	54
ENST00000283122.8	ENSG00000153140	-	5	0	4	0	43	NA	NA	NA	17
ENST00000316610.7	ENSG00000176055	-	2	0	1	0	385	NA	NA	NA	454
ENST00000651687.1	ENSG00000113356	+	8	1	6	0	86	NA	NA	43	117
ENST00000315948.11	ENSG00000176018	-	3	1	1	0	665	NA	NA	11	255
ENST00000265138.4	ENSG00000113369	-	8	0	7	0	56	NA	NA	NA	280
ENST00000327111.8	ENSG00000175745	+	3	0	2	0	280	NA	NA	NA	463
ENST00000395965.8	ENSG00000113391	-	11	1	9	0	142	NA	NA	18	106
ENST00000265140.10	ENSG00000133302	+	21	0	19	0	481	NA	NA	0	114
ENST00000358746.7	ENSG00000198677	-	43	3	39	0	74	NA	NA	1	90
ENST00000380005.9	ENSG00000175449	+	6	1	4	0	263	NA	NA	135	60
ENST00000379982.8	ENSG00000164292	+	12	0	11	0	115	NA	NA	NA	2
ENST00000237858.11	ENSG00000173221	-	3	0	1	1	113	7	7	NA	207
ENST00000237853.9	ENSG00000118985	-	12	0	11	0	116	NA	NA	NA	147
ENST00000443439.7	ENSG00000164307	-	19	1	17	0	155	NA	NA	17	524
ENST00000437043.8	ENSG00000164308	+	19	1	17	0	143	NA	NA	122	575
ENST00000231368.10	ENSG00000113441	+	18	0	17	0	131	NA	NA	NA	19
ENST00000513185.3	ENSG00000174136	+	3	0	2	0	668	NA	NA	NA	136
ENST00000614616.5	ENSG00000153922	-	36	1	34	0	345	NA	NA	148	53
ENST00000312637.5	ENSG00000174132	+	3	0	2	0	3	NA	NA	NA	434
ENST00000231461.10	ENSG00000113532	-	5	0	4	0	282	NA	NA	NA	113
ENST00000438793.8	ENSG00000145730	+	26	1	24	0	178	NA	NA	373	89
ENST00000399004.7	ENSG00000145723	-	8	1	6	0	274	NA	NA	7	139
ENST00000230792.7	ENSG00000112874	-	7	1	5	0	110	NA	NA	6	206
ENST00000333274.11	ENSG00000184349	-	5	0	4	0	121	NA	NA	NA	125
ENST00000281092.9	ENSG00000151422	+	20	2	17	0	142	NA	NA	59	207
ENST00000361189.7	ENSG00000198961	-	10	1	8	0	125	NA	NA	87	31
ENST00000261483.5	ENSG00000112893	+	22	0	21	0	152	NA	NA	NA	135
ENST00000355943.8	ENSG00000164209	+	8	0	7	0	578	NA	NA	NA	283
ENST00000513710.4	ENSG00000134987	+	23	0	22	0	149	NA	NA	NA	162
ENST00000282356.9	ENSG00000152495	+	11	0	10	0	440	NA	NA	NA	161
ENST00000296632.8	ENSG00000164211	-	6	1	4	0	220	NA	NA	9	105
ENST00000261486.6	ENSG00000129595	-	23	0	22	0	128	NA	NA	NA	99
ENST00000505459.6	ENSG00000153037	+	5	0	4	0	133	NA	NA	NA	41
ENST00000379638.9	ENSG00000129625	-	5	0	4	0	49	NA	NA	NA	118
ENST00000389063.3	ENSG00000172795	+	11	0	10	0	163	NA	NA	NA	53
ENST00000161863.9	ENSG00000047188	+	30	0	28	1	80	8	8	NA	187
ENST00000513154.6	ENSG00000152503	-	10	0	9	0	354	NA	NA	NA	27
ENST00000419445.6	ENSG00000164219	-	9	0	8	0	181	NA	NA	NA	140
ENST00000379611.10	ENSG00000164221	-	10	0	9	0	42	NA	NA	NA	117
ENST00000274457.5	ENSG00000145780	-	3	1	1	0	1309	NA	NA	190	544
ENST00000456936.4	ENSG00000134970	-	3	0	2	0	236	NA	NA	NA	192
ENST00000250535.5	ENSG00000129596	-	5	0	4	0	29	NA	NA	NA	170
ENST00000316788.12	ENSG00000177879	+	6	0	5	0	128	NA	NA	NA	69
ENST00000274458.9	ENSG00000145781	+	7	0	6	0	38	NA	NA	NA	41
ENST00000343348.11	ENSG00000092421	-	19	1	17	0	1198	NA	NA	38	100
ENST00000510708.6	ENSG00000169570	-	6	0	5	0	170	NA	NA	NA	218
ENST00000539542.6	ENSG00000172869	+	44	0	43	0	224	NA	NA	NA	87
ENST00000504771.3	ENSG00000145779	+	2	0	1	0	565	NA	NA	NA	31
ENST00000510025.7	ENSG00000133835	+	24	0	23	0	89	NA	NA	NA	58
ENST00000231004.5	ENSG00000113083	-	7	0	6	0	6	NA	NA	NA	631
ENST00000379516.7	ENSG00000205302	+	15	0	14	0	50	NA	NA	NA	108
ENST00000261369.9	ENSG00000064652	+	7	0	6	0	67	NA	NA	NA	60
ENST00000306442.5	ENSG00000168938	-	5	0	4	0	128	NA	NA	NA	117
ENST00000306467.10	ENSG00000168944	-	20	0	19	0	234	NA	NA	NA	49
ENST00000696905.1	ENSG00000151292	+	14	1	12	0	54	NA	NA	247	178
ENST00000513986.2	ENSG00000168916	-	10	1	8	0	6	NA	NA	183	906
ENST00000285689.8	ENSG00000155324	+	14	0	13	0	41	NA	NA	NA	83
ENST00000409134.8	ENSG00000164904	-	18	0	17	0	54	NA	NA	NA	192
ENST00000261366.10	ENSG00000113368	+	11	0	10	0	41	NA	NA	NA	359
ENST00000296662.10	ENSG00000164241	-	5	2	2	0	176	NA	NA	7	114
ENST00000296666.13	ENSG00000164244	+	9	1	7	0	209	NA	NA	20	103
ENST00000262461.7	ENSG00000064651	+	27	0	26	0	135	NA	NA	NA	756
ENST00000304043.10	ENSG00000169567	-	3	0	2	0	164	NA	NA	NA	111
ENST00000505065.2	ENSG00000158985	+	5	2	2	0	98	NA	NA	285	54
ENST00000510461.6	ENSG00000217128	-	18	0	17	0	78	NA	NA	NA	92
ENST00000360568.8	ENSG00000072682	-	15	1	13	0	70	NA	NA	18	82
ENST00000253754.8	ENSG00000131435	+	7	0	6	0	204	NA	NA	NA	93
ENST00000200652.4	ENSG00000197208	+	10	0	9	0	75	NA	NA	NA	393
ENST00000245407.8	ENSG00000197375	+	10	0	9	0	87	NA	NA	NA	393
ENST00000245414.9	ENSG00000125347	-	10	1	8	0	124	NA	NA	5	87
ENST00000403231.6	ENSG00000131437	-	19	0	18	0	48	NA	NA	NA	6
ENST00000378719.7	ENSG00000164402	-	10	0	9	0	165	NA	NA	NA	30
ENST00000378679.8	ENSG00000164403	-	10	3	6	0	332	NA	NA	42	978
ENST00000378670.8	ENSG00000164405	+	3	1	1	0	94	NA	NA	13	154
ENST00000265343.10	ENSG00000072364	-	21	1	19	0	127	NA	NA	4	123
ENST00000304858.7	ENSG00000170606	+	19	0	18	0	203	NA	NA	NA	107
ENST00000265333.8	ENSG00000213585	-	9	1	7	0	91	NA	NA	6	67
ENST00000342854.10	ENSG00000081059	+	10	0	9	0	79	NA	NA	NA	249
ENST00000353411.11	ENSG00000113558	-	6	0	4	0	35	NA	NA	0	97
ENST00000481195.6	ENSG00000113575	-	7	0	6	0	72	NA	NA	NA	102
ENST00000265334.9	ENSG00000006837	-	13	1	11	0	59	NA	NA	21	165
ENST00000265339.7	ENSG00000119048	+	6	0	5	0	128	NA	NA	NA	44
ENST00000458198.3	ENSG00000237190	-	3	0	2	0	11	NA	NA	NA	239
ENST00000681547.2	ENSG00000043143	+	12	0	10	0	823	NA	NA	0	58
ENST00000402673.7	ENSG00000152700	-	7	1	5	0	116	NA	NA	18	58
ENST00000398844.7	ENSG00000113615	+	23	0	22	0	114	NA	NA	NA	97
ENST00000452510.7	ENSG00000145833	+	23	0	22	0	47	NA	NA	NA	17
ENST00000394976.4	ENSG00000181904	+	2	1	0	0	569	NA	NA	3	NA
ENST00000358387.9	ENSG00000113621	+	5	0	4	0	196	NA	NA	NA	103
ENST00000442011.7	ENSG00000120708	+	17	0	16	0	40	NA	NA	NA	134
ENST00000545279.6	ENSG00000113658	+	8	2	5	0	143	NA	NA	169	403
ENST00000314940.7	ENSG00000177733	-	1	0	0	0	NA	NA	NA	NA	NA
ENST00000689681.1	ENSG00000031003	-	24	2	21	0	123	NA	NA	35	157
ENST00000254900.10	ENSG00000112983	-	27	0	26	0	92	NA	NA	NA	19
ENST00000394894.8	ENSG00000112984	+	19	1	17	0	317	NA	NA	21	165
ENST00000323760.11	ENSG00000158402	-	14	1	12	0	149	NA	NA	38	194
ENST00000239906.10	ENSG00000120709	+	5	1	3	0	257	NA	NA	152	78
ENST00000314358.10	ENSG00000120733	+	24	0	23	0	80	NA	NA	NA	192
ENST00000378339.7	ENSG00000132563	+	8	0	7	0	68	NA	NA	NA	32
ENST00000239938.5	ENSG00000120738	+	2	0	1	0	1324	NA	NA	NA	307
ENST00000360541.10	ENSG00000120705	-	11	1	9	0	82	NA	NA	18	86
ENST00000297185.9	ENSG00000113013	-	17	0	16	0	77	NA	NA	NA	81
ENST00000302763.12	ENSG00000044115	+	18	1	16	0	287	NA	NA	2	105
ENST00000394817.7	ENSG00000120725	-	10	1	8	0	356	NA	NA	10	105
ENST00000265192.9	ENSG00000120727	+	4	1	2	0	65	NA	NA	26	138
ENST00000302060.10	ENSG00000170464	-	8	0	7	0	124	NA	NA	NA	40
ENST00000330794.9	ENSG00000184584	-	8	1	5	0	193	NA	NA	0	227
ENST00000398733.8	ENSG00000131508	+	7	0	6	0	45	NA	NA	NA	24
ENST00000302517.8	ENSG00000171604	+	3	1	1	0	44	NA	NA	160	924
ENST00000331327.5	ENSG00000185129	+	1	0	0	0	NA	NA	NA	NA	NA
ENST00000261813.9	ENSG00000113068	-	4	0	3	0	83	NA	NA	NA	33
ENST00000230990.7	ENSG00000113070	-	6	0	4	1	72	19	19	NA	46
ENST00000336283.9	ENSG00000213523	-	5	0	4	0	211	NA	NA	NA	25
ENST00000323146.8	ENSG00000176087	+	3	2	0	0	1579	NA	NA	605	NA
ENST00000252102.9	ENSG00000131495	-	3	0	2	0	91	NA	NA	NA	101
ENST00000358337.10	ENSG00000120314	+	7	0	6	0	321	NA	NA	NA	191
ENST00000504156.7	ENSG00000170445	-	13	0	12	0	71	NA	NA	NA	90
ENST00000230771.9	ENSG00000112855	+	13	0	12	0	59	NA	NA	NA	108
ENST00000313368.8	ENSG00000178913	-	1	0	0	0	NA	NA	NA	NA	NA
ENST00000305264.8	ENSG00000171720	-	15	0	14	0	69	NA	NA	NA	55
ENST00000435817.7	ENSG00000197948	-	20	0	19	0	65	NA	NA	NA	21
ENST00000287008.8	ENSG00000156453	-	5	0	4	0	394	NA	NA	NA	40
ENST00000394520.7	ENSG00000013561	+	9	2	6	0	57	NA	NA	6	154
ENST00000311337.11	ENSG00000113552	-	7	1	5	0	100	NA	NA	6	124
ENST00000253814.6	ENSG00000131507	+	8	0	6	1	103	3	3	NA	63
ENST00000434127.3	ENSG00000187678	-	2	1	0	0	946	NA	NA	47	NA
ENST00000645722.2	ENSG00000145819	+	23	0	22	0	88	NA	NA	NA	154
ENST00000394464.7	ENSG00000113580	-	9	1	7	0	152	NA	NA	13	1184
ENST00000274496.10	ENSG00000145817	-	6	1	4	0	162	NA	NA	10	110
ENST00000265271.7	ENSG00000091009	+	21	0	20	0	83	NA	NA	NA	59
ENST00000679501.2	ENSG00000113649	+	23	0	22	0	201	NA	NA	NA	59
ENST00000343218.10	ENSG00000113657	-	14	0	13	0	88	NA	NA	NA	381
ENST00000340253.10	ENSG00000145868	+	22	1	20	0	178	NA	NA	63	128
ENST00000305988.6	ENSG00000169252	+	1	0	0	0	NA	NA	NA	NA	NA
ENST00000309868.12	ENSG00000173210	+	24	1	22	0	113	NA	NA	87	13
ENST00000296721.9	ENSG00000157510	+	19	0	18	0	23	NA	NA	NA	16
ENST00000329271.8	ENSG00000164284	+	4	0	3	0	364	NA	NA	NA	77
ENST00000274569.9	ENSG00000145882	+	6	0	5	0	661	NA	NA	NA	88
ENST00000377843.8	ENSG00000113712	-	10	0	9	0	7	NA	NA	NA	123
ENST00000309241.10	ENSG00000155846	+	12	0	11	0	100	NA	NA	NA	78
ENST00000286298.5	ENSG00000155850	+	3	1	1	0	1520	NA	NA	25	699
ENST00000502717.6	ENSG00000113716	+	20	1	18	0	467	NA	NA	2	137
ENST00000261799.9	ENSG00000113721	-	23	1	21	0	183	NA	NA	6	40
ENST00000261797.7	ENSG00000070614	+	15	1	13	0	119	NA	NA	387	513
ENST00000307662.5	ENSG00000171992	+	3	1	1	0	683	NA	NA	332	2028
ENST00000447998.7	ENSG00000132912	-	13	0	12	0	213	NA	NA	NA	135
ENST00000526627.2	ENSG00000256235	+	2	1	0	0	193	NA	NA	11	NA
ENST00000274599.10	ENSG00000145908	-	6	2	3	0	1549	NA	NA	27	15
ENST00000521591.6	ENSG00000145901	-	18	1	16	0	34	NA	NA	36	136
ENST00000354546.10	ENSG00000197043	-	26	1	24	0	59	NA	NA	25	18
ENST00000357164.4	ENSG00000196743	+	4	0	3	0	155	NA	NA	NA	81
ENST00000243389.8	ENSG00000123643	+	11	1	9	0	271	NA	NA	5	143
ENST00000231061.9	ENSG00000113140	-	10	1	8	0	28	NA	NA	13	57
ENST00000313115.11	ENSG00000177556	-	4	0	2	1	124	47	47	NA	6
ENST00000356245.8	ENSG00000145907	+	12	1	10	0	206	NA	NA	49	95
ENST00000351797.9	ENSG00000055147	-	14	1	12	0	134	NA	NA	14	210
ENST00000522782.6	ENSG00000037749	+	3	1	1	0	793	NA	NA	166	295
ENST00000297107.11	ENSG00000164574	+	12	0	11	0	158	NA	NA	NA	159
ENST00000297109.11	ENSG00000164576	+	4	0	3	0	128	NA	NA	NA	201
ENST00000518297.6	ENSG00000155506	+	19	0	18	0	209	NA	NA	NA	436
ENST00000285896.11	ENSG00000155508	+	7	1	5	0	149	NA	NA	72	117
ENST00000285873.8	ENSG00000082516	-	28	0	27	0	167	NA	NA	NA	166
ENST00000286317.6	ENSG00000155868	-	2	1	0	0	718	NA	NA	17	NA
ENST00000620254.5	ENSG00000055163	+	31	1	29	0	167	NA	NA	23	117
ENST00000257527.9	ENSG00000135074	-	23	0	22	0	53	NA	NA	NA	94
ENST00000231198.12	ENSG00000113272	+	6	0	5	0	161	NA	NA	NA	191
ENST00000286307.6	ENSG00000155858	+	4	0	3	0	410	NA	NA	NA	448
ENST00000411809.7	ENSG00000113282	-	12	0	11	0	346	NA	NA	NA	41
ENST00000313708.11	ENSG00000164330	-	16	0	15	0	31	NA	NA	NA	134
ENST00000424310.7	ENSG00000145860	-	11	1	9	0	365	NA	NA	39	184
ENST00000296786.8	ENSG00000164332	+	11	1	9	0	27	NA	NA	46	154
ENST00000231238.10	ENSG00000113312	+	8	1	6	0	133	NA	NA	29	330
ENST00000307063.9	ENSG00000170234	-	2	0	1	0	1683	NA	NA	NA	584
ENST00000257536.13	ENSG00000135083	-	6	1	4	0	420	NA	NA	49	66
ENST00000408953.4	ENSG00000221886	-	2	1	0	0	1833	NA	NA	49	NA
ENST00000352433.10	ENSG00000164611	+	6	1	4	0	79	NA	NA	11	91
ENST00000340828.7	ENSG00000113328	+	7	0	4	1	191	4	4	0	264
ENST00000321757.11	ENSG00000038274	+	7	0	6	0	170	NA	NA	NA	63
ENST00000265293.9	ENSG00000113645	+	23	0	22	0	66	NA	NA	NA	119
ENST00000231572.8	ENSG00000113643	+	15	0	14	0	109	NA	NA	NA	45
ENST00000239231.7	ENSG00000120137	-	7	0	6	0	50	NA	NA	NA	28
ENST00000519560.6	ENSG00000184347	-	36	0	35	0	235	NA	NA	NA	197
ENST00000296930.10	ENSG00000181163	+	11	0	10	0	38	NA	NA	NA	58
ENST00000176763.10	ENSG00000072786	-	19	0	18	0	140	NA	NA	NA	156
ENST00000393792.3	ENSG00000168246	-	3	0	2	0	397	NA	NA	NA	70
ENST00000311601.6	ENSG00000174705	-	13	0	12	0	1547	NA	NA	NA	75
ENST00000239223.4	ENSG00000120129	-	4	0	3	0	370	NA	NA	NA	367
ENST00000393784.8	ENSG00000113719	+	10	0	9	0	107	NA	NA	NA	20
ENST00000519374.6	ENSG00000113732	+	4	0	2	1	93	37	37	NA	104
ENST00000296953.6	ENSG00000164463	+	9	1	7	0	115	NA	NA	191	9
ENST00000265087.9	ENSG00000113739	-	4	0	3	0	402	NA	NA	NA	151
ENST00000311086.9	ENSG00000145919	-	4	0	2	1	195	2	2	NA	237
ENST00000265085.10	ENSG00000113742	+	10	0	9	0	227	NA	NA	NA	1125
ENST00000321442.10	ENSG00000164466	+	11	1	9	0	96	NA	NA	9	164
ENST00000265097.9	ENSG00000051596	-	6	0	5	0	163	NA	NA	NA	267
ENST00000429602.7	ENSG00000170085	+	10	0	9	0	262	NA	NA	NA	129
ENST00000310389.6	ENSG00000175414	+	4	0	3	0	173	NA	NA	NA	183
ENST00000614830.5	ENSG00000048162	-	5	0	4	0	143	NA	NA	NA	107
ENST00000274787.3	ENSG00000146066	+	2	0	1	0	166	NA	NA	NA	154
ENST00000310418.9	ENSG00000175416	-	6	0	5	0	171	NA	NA	NA	187
ENST00000261942.7	ENSG00000113194	+	11	0	10	0	182	NA	NA	NA	63
ENST00000274811.9	ENSG00000146083	-	11	1	9	0	62	NA	NA	44	107
ENST00000508164.6	ENSG00000048140	+	9	0	8	0	180	NA	NA	NA	87
ENST00000511320.6	ENSG00000087206	-	15	1	13	0	210	NA	NA	8	147
ENST00000303251.11	ENSG00000169228	-	8	0	7	0	64	NA	NA	NA	117
ENST00000303204.9	ENSG00000169230	+	5	0	4	0	148	NA	NA	NA	92
ENST00000439742.7	ENSG00000213347	-	6	0	5	0	115	NA	NA	NA	70
ENST00000303127.12	ENSG00000169223	-	8	0	7	0	160	NA	NA	NA	196
ENST00000323249.8	ENSG00000131188	+	4	2	1	0	397	NA	NA	239	427
ENST00000393565.6	ENSG00000113758	-	15	0	14	0	70	NA	NA	NA	86
ENST00000355841.7	ENSG00000196923	-	13	1	11	0	86	NA	NA	11	96
ENST00000514747.6	ENSG00000146067	-	9	0	7	1	96	2	2	NA	210
ENST00000029410.10	ENSG00000027847	+	6	0	5	0	155	NA	NA	NA	50
ENST00000274605.6	ENSG00000145911	+	5	1	3	0	527	NA	NA	30	330
ENST00000313386.9	ENSG00000145916	+	11	2	8	0	63	NA	NA	12	139
ENST00000274606.8	ENSG00000145912	-	4	0	3	0	125	NA	NA	NA	160
ENST00000358344.8	ENSG00000197451	+	8	1	6	0	70	NA	NA	23	209
ENST00000316308.9	ENSG00000113240	-	13	0	11	0	140	NA	NA	0	161
ENST00000335815.7	ENSG00000169131	-	5	1	3	0	1561	NA	NA	51	33
ENST00000251582.12	ENSG00000087116	-	22	0	21	0	457	NA	NA	NA	139
ENST00000319449.9	ENSG00000176783	+	18	0	17	0	143	NA	NA	NA	310
ENST00000393432.9	ENSG00000169045	-	14	1	11	0	49	1	1	31	97
ENST00000247461.9	ENSG00000127022	+	15	1	13	0	53	NA	NA	3	171
ENST00000292599.4	ENSG00000161021	+	5	0	4	0	982	NA	NA	NA	315
ENST00000292591.12	ENSG00000161013	-	15	0	14	0	23	NA	NA	NA	97
ENST00000389805.9	ENSG00000161011	+	8	0	7	0	157	NA	NA	NA	205
ENST00000292586.11	ENSG00000161010	-	7	0	6	0	494	NA	NA	NA	66
ENST00000355235.8	ENSG00000197226	-	21	0	20	0	680	NA	NA	NA	118
ENST00000521389.6	ENSG00000113269	-	9	0	8	0	15	NA	NA	NA	247
ENST00000452135.7	ENSG00000050748	-	12	1	10	0	142	NA	NA	47	122
ENST00000253778.13	ENSG00000131459	-	19	0	18	0	44	NA	NA	NA	7
ENST00000261951.9	ENSG00000113300	+	12	1	10	0	212	NA	NA	2	112
ENST00000307826.5	ENSG00000131446	-	2	1	0	0	1463	NA	NA	126	NA
ENST00000502412.2	ENSG00000196670	-	2	0	1	0	2701	NA	NA	NA	1
ENST00000274773.12	ENSG00000146054	-	7	0	6	0	511	NA	NA	NA	522
ENST00000315073.10	ENSG00000146063	+	6	0	5	0	601	NA	NA	NA	813
ENST00000512805.6	ENSG00000204628	-	8	0	7	0	65	NA	NA	NA	109
ENST00000688015.1	ENSG00000183718	-	2	0	1	0	50	NA	NA	NA	813
ENST00000419235.7	ENSG00000112679	+	7	0	6	0	182	NA	NA	NA	21
ENST00000645831.2	ENSG00000054598	+	1	0	0	0	NA	NA	NA	NA	NA
ENST00000380815.5	ENSG00000112699	-	11	0	10	0	62	NA	NA	NA	102
ENST00000380773.9	ENSG00000124535	+	7	0	6	0	275	NA	NA	NA	822
ENST00000380739.6	ENSG00000021355	-	7	1	5	0	404	NA	NA	8	168
ENST00000380539.7	ENSG00000124570	-	7	1	5	0	401	NA	NA	10	165
ENST00000380455.11	ENSG00000124588	+	7	1	5	0	176	NA	NA	85	7
ENST00000259808.9	ENSG00000137275	+	11	1	9	0	286	NA	NA	60	164
ENST00000380379.10	ENSG00000137274	+	7	0	6	0	87	NA	NA	NA	107
ENST00000333628.4	ENSG00000137267	-	4	0	3	0	1060	NA	NA	NA	57
ENST00000259818.8	ENSG00000137285	-	4	0	3	0	1060	NA	NA	NA	57
ENST00000438998.7	ENSG00000180822	+	3	0	2	0	121	NA	NA	NA	174
ENST00000380283.5	ENSG00000168994	-	5	0	4	0	117	NA	NA	NA	256
ENST00000337659.11	ENSG00000112739	+	15	0	14	0	203	NA	NA	NA	41
ENST00000380118.8	ENSG00000198721	-	10	0	9	0	155	NA	NA	NA	50
ENST00000397588.8	ENSG00000153046	+	7	0	6	0	158	NA	NA	NA	24
ENST00000244766.7	ENSG00000124785	-	3	0	2	0	228	NA	NA	NA	55
ENST00000379938.7	ENSG00000124782	+	13	3	9	0	457	NA	NA	42	171
ENST00000244763.9	ENSG00000124783	-	8	0	7	0	67	NA	NA	NA	79
ENST00000379834.7	ENSG00000124784	+	17	0	16	0	110	NA	NA	NA	71
ENST00000379802.8	ENSG00000096696	+	24	0	23	0	3236	NA	NA	NA	170
ENST00000283147.7	ENSG00000153162	+	7	0	6	0	149	NA	NA	NA	664
ENST00000379715.10	ENSG00000124802	-	4	0	3	0	140	NA	NA	NA	87
ENST00000710437.1	ENSG00000124786	-	10	1	8	0	150	NA	NA	93	201
ENST00000379613.10	ENSG00000137203	-	7	0	6	0	288	NA	NA	NA	51
ENST00000229563.6	ENSG00000111843	+	6	1	4	0	51	NA	NA	44	20
ENST00000354666.4	ENSG00000197977	-	8	0	7	0	125	NA	NA	NA	3
ENST00000416247.4	ENSG00000224531	+	2	0	1	0	199	NA	NA	NA	76
ENST00000379446.10	ENSG00000111859	-	7	0	6	0	509	NA	NA	NA	12
ENST00000379388.7	ENSG00000095951	+	9	1	7	0	1178	NA	NA	103	40
ENST00000379375.6	ENSG00000078401	+	5	0	4	0	105	NA	NA	NA	64
ENST00000379287.4	ENSG00000145990	-	2	0	1	0	919	NA	NA	NA	253
ENST00000606117.2	ENSG00000124523	+	10	2	7	0	75	NA	NA	35	115
ENST00000011619.6	ENSG00000010017	-	14	0	13	0	130	NA	NA	NA	571
ENST00000379170.9	ENSG00000050393	-	9	0	8	0	55	NA	NA	NA	415
ENST00000379153.4	ENSG00000112149	+	5	0	4	0	128	NA	NA	NA	37
ENST00000341776.7	ENSG00000008083	+	18	0	17	0	182	NA	NA	NA	45
ENST00000344537.10	ENSG00000047579	-	10	0	9	0	244	NA	NA	NA	56
ENST00000356840.8	ENSG00000007944	+	7	0	6	0	89	NA	NA	NA	87
ENST00000259727.5	ENSG00000137198	+	9	0	8	0	180	NA	NA	NA	87
ENST00000436367.6	ENSG00000124788	-	8	6	1	0	530	NA	NA	160	1917
ENST00000229922.7	ENSG00000112186	+	13	1	11	0	83	NA	NA	1	121
ENST00000259963.4	ENSG00000137414	+	5	0	4	0	144	NA	NA	NA	712
ENST00000262077.3	ENSG00000124789	-	22	0	21	0	84	NA	NA	NA	111
ENST00000259711.11	ENSG00000137177	-	39	0	38	0	836	NA	NA	NA	55
ENST00000309983.5	ENSG00000137364	-	9	1	7	0	112	NA	NA	44	140
ENST00000650836.2	ENSG00000165097	+	22	2	19	0	83	NA	NA	13	87
ENST00000652689.1	ENSG00000124795	-	11	1	9	0	11	NA	NA	9	145
ENST00000259939.4	ENSG00000137393	+	8	1	6	0	140	NA	NA	36	165
ENST00000378700.8	ENSG00000172201	+	3	0	1	1	44	15	15	NA	441
ENST00000324607.8	ENSG00000172197	-	13	0	12	0	126	NA	NA	NA	99
ENST00000346618.8	ENSG00000112242	+	7	0	6	0	262	NA	NA	NA	393
ENST00000244745.4	ENSG00000124766	+	1	0	0	0	NA	NA	NA	NA	NA
ENST00000378386.8	ENSG00000124532	+	11	0	10	0	110	NA	NA	NA	190
ENST00000357578.8	ENSG00000112294	+	10	0	9	0	205	NA	NA	NA	354
ENST00000230048.5	ENSG00000112304	+	3	0	2	0	156	NA	NA	NA	81
ENST00000378119.9	ENSG00000112308	-	5	0	4	0	125	NA	NA	NA	129
ENST00000329474.7	ENSG00000079691	+	37	0	36	0	136	NA	NA	NA	40
ENST00000357618.10	ENSG00000010704	+	6	0	5	0	40	NA	NA	NA	76
ENST00000415922.7	ENSG00000181315	-	4	3	0	0	1383	NA	NA	175	NA
ENST00000683778.1	ENSG00000197279	+	4	0	2	0	907	NA	NA	0	411
ENST00000340487.5	ENSG00000196812	+	4	1	2	0	520	NA	NA	31	387
ENST00000330236.7	ENSG00000198315	+	6	1	4	0	961	NA	NA	92	417
ENST00000252207.10	ENSG00000137185	+	4	1	2	0	616	NA	NA	73	420
ENST00000377294.3	ENSG00000187626	-	5	0	4	0	859	NA	NA	NA	423
ENST00000421553.7	ENSG00000197062	+	4	1	2	0	901	NA	NA	66	420
ENST00000344279.11	ENSG00000235109	-	4	1	2	0	688	NA	NA	95	381
ENST00000684592.1	ENSG00000158691	-	4	1	2	0	1288	NA	NA	68	402
ENST00000377199.4	ENSG00000204713	-	8	0	7	0	595	NA	NA	NA	420
ENST00000376772.8	ENSG00000204619	+	3	0	2	0	202	NA	NA	NA	69
ENST00000454678.7	ENSG00000234127	-	10	3	6	0	682	NA	NA	161	438
ENST00000376621.8	ENSG00000204590	-	12	0	11	0	241	NA	NA	NA	73
ENST00000376560.8	ENSG00000204576	+	4	0	3	0	106	NA	NA	NA	106
ENST00000326195.13	ENSG00000204574	+	25	0	24	0	166	NA	NA	NA	73
ENST00000376511.7	ENSG00000204569	-	20	2	17	0	109	NA	NA	11	107
ENST00000259873.5	ENSG00000204568	+	7	0	6	0	295	NA	NA	NA	78
ENST00000376442.8	ENSG00000204560	-	20	0	19	0	128	NA	NA	NA	207
ENST00000274853.8	ENSG00000146112	-	3	0	2	0	19	NA	NA	NA	1611
ENST00000376421.7	ENSG00000137404	-	4	0	3	0	281	NA	NA	NA	133
ENST00000376406.8	ENSG00000137337	-	15	1	13	0	167	NA	NA	3	136
ENST00000327892.13	ENSG00000196230	+	4	0	3	0	1057	NA	NA	NA	57
ENST00000376389.8	ENSG00000137312	-	13	1	11	0	29	NA	NA	14	43
ENST00000259874.6	ENSG00000137331	-	2	0	1	0	260	NA	NA	NA	210
ENST00000376568.8	ENSG00000204580	+	18	1	16	0	140	NA	NA	42	85
ENST00000676266.1	ENSG00000137411	+	30	1	28	0	101	NA	NA	27	201
ENST00000376257.8	ENSG00000137310	+	4	1	2	0	240	NA	NA	573	238
ENST00000376033.3	ENSG00000204469	+	31	1	29	0	140	NA	NA	100	112
ENST00000676615.2	ENSG00000204463	-	26	1	24	0	95	NA	NA	13	108
ENST00000375911.2	ENSG00000204439	-	1	0	0	0	NA	NA	NA	NA	NA
ENST00000375789.7	ENSG00000213722	-	6	0	5	0	116	NA	NA	NA	297
ENST00000375784.8	ENSG00000213719	-	6	0	5	0	161	NA	NA	NA	39
ENST00000375654.5	ENSG00000204390	-	2	1	0	0	1938	NA	NA	13	NA
ENST00000375650.5	ENSG00000204388	+	1	0	0	0	NA	NA	NA	NA	NA
ENST00000375631.5	ENSG00000204386	-	6	0	5	0	226	NA	NA	NA	159
ENST00000375527.3	ENSG00000204366	-	2	1	0	0	1399	NA	NA	20	NA
ENST00000375429.8	ENSG00000204356	-	11	1	9	0	97	NA	NA	8	75
ENST00000685781.1	ENSG00000204344	+	7	0	6	0	45	NA	NA	NA	100
ENST00000375203.8	ENSG00000213676	-	18	0	17	0	229	NA	NA	NA	91
ENST00000375156.4	ENSG00000204315	-	2	1	0	0	1123	NA	NA	74	NA
ENST00000324816.11	ENSG00000221988	+	9	1	7	0	143	NA	NA	8	183
ENST00000375107.8	ENSG00000204310	-	7	1	5	0	172	NA	NA	9	200
ENST00000375094.4	ENSG00000204308	+	6	0	5	0	97	NA	NA	NA	140
ENST00000375050.6	ENSG00000204304	-	9	0	8	0	92	NA	NA	NA	221
ENST00000374882.8	ENSG00000204264	-	6	0	5	0	88	NA	NA	NA	147
ENST00000354258.5	ENSG00000168394	-	11	0	10	0	206	NA	NA	NA	598
ENST00000374825.9	ENSG00000204256	+	13	1	11	0	136	NA	NA	1304	29
ENST00000374680.4	ENSG00000204231	-	10	0	9	0	147	NA	NA	NA	235
ENST00000374677.8	ENSG00000112473	+	7	0	6	0	272	NA	NA	NA	411
ENST00000374656.5	ENSG00000204227	+	7	1	5	0	101	NA	NA	58	78
ENST00000374606.10	ENSG00000204220	+	4	0	3	0	129	NA	NA	NA	64
ENST00000497454.6	ENSG00000237441	-	18	1	16	0	211	NA	NA	41	156
ENST00000431845.3	ENSG00000236104	-	2	1	0	0	1973	NA	NA	69	NA
ENST00000428849.7	ENSG00000237649	+	11	0	10	0	44	NA	NA	NA	12
ENST00000374516.8	ENSG00000112511	+	15	1	13	0	288	NA	NA	16	159
ENST00000646630.1	ENSG00000197283	+	19	0	18	0	146	NA	NA	NA	67
ENST00000374467.4	ENSG00000030110	-	6	1	4	0	104	NA	NA	31	70
ENST00000605930.3	ENSG00000096433	+	58	0	57	0	68	NA	NA	NA	89
ENST00000476320.6	ENSG00000186577	-	5	1	3	0	65	NA	NA	73	111
ENST00000607016.2	ENSG00000272325	-	5	0	4	0	178	NA	NA	NA	99
ENST00000374023.8	ENSG00000196821	-	5	0	4	0	35	NA	NA	NA	158
ENST00000244520.10	ENSG00000124562	+	6	0	5	0	124	NA	NA	NA	8
ENST00000192788.6	ENSG00000065060	+	21	0	20	0	125	NA	NA	NA	44
ENST00000360359.5	ENSG00000064999	+	24	0	23	0	3	NA	NA	NA	197
ENST00000373953.8	ENSG00000065029	+	14	1	12	0	104	NA	NA	96	73
ENST00000316637.7	ENSG00000023892	+	11	0	10	0	223	NA	NA	NA	96
ENST00000360694.8	ENSG00000112033	+	8	2	5	0	247	NA	NA	101	130
ENST00000357266.9	ENSG00000096060	-	11	1	9	0	107	NA	NA	19	105
ENST00000373825.7	ENSG00000096063	-	16	0	15	0	184	NA	NA	NA	13
ENST00000229794.9	ENSG00000112062	+	12	0	11	0	67	NA	NA	NA	116
ENST00000211287.9	ENSG00000156711	+	12	0	11	0	79	NA	NA	NA	119
ENST00000357641.10	ENSG00000096070	+	13	1	11	0	183	NA	NA	26	1448
ENST00000373731.7	ENSG00000112078	+	8	1	6	0	292	NA	NA	46	160
ENST00000229812.8	ENSG00000112079	-	14	1	12	0	130	NA	NA	5	131
ENST00000373715.11	ENSG00000112081	+	6	1	4	0	27	NA	NA	2	206
ENST00000244741.10	ENSG00000124762	+	3	1	1	0	49	NA	NA	5	445
ENST00000373699.6	ENSG00000137168	-	4	0	3	0	220	NA	NA	NA	56
ENST00000373627.10	ENSG00000137409	-	12	0	11	0	71	NA	NA	NA	321
ENST00000373509.6	ENSG00000137193	+	6	0	5	0	157	NA	NA	NA	82
ENST00000373491.3	ENSG00000065491	+	13	0	12	0	128	NA	NA	NA	56
ENST00000373451.9	ENSG00000137200	+	24	1	22	0	132	NA	NA	6	133
ENST00000373408.4	ENSG00000198937	-	4	0	3	0	103	NA	NA	NA	42
ENST00000287218.9	ENSG00000156639	+	6	0	5	0	154	NA	NA	NA	71
ENST00000481247.6	ENSG00000183826	-	11	1	9	0	197	NA	NA	27	185
ENST00000373365.5	ENSG00000124767	-	6	0	5	0	88	NA	NA	NA	84
ENST00000229903.5	ENSG00000112167	-	2	0	1	0	344	NA	NA	NA	207
ENST00000359534.4	ENSG00000164626	-	5	0	4	0	865	NA	NA	NA	186
ENST00000274867.9	ENSG00000146122	+	25	1	23	0	224	NA	NA	56	168
ENST00000340692.10	ENSG00000124615	-	11	0	10	0	760	NA	NA	NA	123
ENST00000341376.11	ENSG00000001167	+	10	1	8	0	53	NA	NA	61	75
ENST00000307972.10	ENSG00000137166	+	17	1	15	0	147	NA	NA	16	204
ENST00000373033.6	ENSG00000112561	-	9	1	7	0	479	NA	NA	22	213
ENST00000265350.9	ENSG00000124641	-	4	0	3	0	215	NA	NA	NA	14
ENST00000230340.9	ENSG00000112578	+	7	0	6	0	345	NA	NA	NA	268
ENST00000372991.9	ENSG00000112576	-	5	0	4	0	167	NA	NA	NA	198
ENST00000695948.1	ENSG00000124496	-	18	4	13	0	324	NA	NA	258	1437
ENST00000372901.2	ENSG00000024048	+	47	0	46	0	141	NA	NA	NA	78
ENST00000372836.5	ENSG00000137161	+	6	0	5	0	223	NA	NA	NA	151
ENST00000304611.13	ENSG00000124587	-	17	0	16	0	136	NA	NA	NA	882
ENST00000485511.6	ENSG00000112640	+	16	0	15	0	137	NA	NA	NA	27
ENST00000244711.4	ENSG00000124733	-	4	0	3	0	151	NA	NA	NA	28
ENST00000326974.9	ENSG00000124702	+	11	1	9	0	66	NA	NA	59	154
ENST00000244496.6	ENSG00000124541	+	7	0	6	0	136	NA	NA	NA	130
ENST00000265348.9	ENSG00000044090	-	26	1	24	0	323	NA	NA	8	580
ENST00000347162.10	ENSG00000137171	+	16	1	14	0	50	NA	NA	25	258
ENST00000230419.9	ENSG00000112655	+	20	0	19	0	160	NA	NA	NA	79
ENST00000265354.6	ENSG00000112658	+	7	0	6	0	95	NA	NA	NA	513
ENST00000252050.9	ENSG00000112659	+	41	1	39	0	195	NA	NA	9	595
ENST00000361428.3	ENSG00000171467	-	10	0	9	0	3344	NA	NA	NA	399
ENST00000372530.9	ENSG00000124574	+	22	1	20	0	162	NA	NA	11	161
ENST00000372449.6	ENSG00000137221	+	11	3	7	0	1094	NA	NA	24	99
ENST00000372422.7	ENSG00000137207	-	9	0	8	0	148	NA	NA	NA	81
ENST00000642195.1	ENSG00000171453	+	9	0	8	0	118	NA	NA	NA	69
ENST00000265351.12	ENSG00000124571	-	32	0	31	0	137	NA	NA	NA	105
ENST00000372236.9	ENSG00000170734	+	11	1	9	0	897	NA	NA	4	137
ENST00000307126.10	ENSG00000172432	-	12	0	11	0	176	NA	NA	NA	186
ENST00000372014.5	ENSG00000180992	-	3	1	1	0	366	NA	NA	18	71
ENST00000323267.11	ENSG00000137216	+	24	1	22	0	191	NA	NA	24	159
ENST00000371755.9	ENSG00000112759	+	13	1	11	0	111	NA	NA	51	29
ENST00000371646.10	ENSG00000096384	+	12	0	10	0	109	NA	NA	0	147
ENST00000393812.4	ENSG00000157593	-	4	0	3	0	938	NA	NA	NA	11
ENST00000619360.6	ENSG00000146232	-	6	0	5	0	65	NA	NA	NA	365
ENST00000371477.4	ENSG00000096401	+	16	0	15	0	104	NA	NA	NA	45
ENST00000321037.5	ENSG00000001561	+	4	1	2	0	364	NA	NA	33	826
ENST00000371383.7	ENSG00000112796	-	5	2	2	0	427	NA	NA	35	829
ENST00000371374.6	ENSG00000172348	-	5	1	3	0	160	NA	NA	2	225
ENST00000296861.2	ENSG00000146072	-	6	0	5	0	229	NA	NA	NA	96
ENST00000359314.5	ENSG00000198087	+	18	0	17	0	41	NA	NA	NA	4
ENST00000274813.4	ENSG00000146085	-	13	1	11	0	128	NA	NA	39	385
ENST00000335783.4	ENSG00000031691	+	9	1	7	0	131	NA	NA	18	102
ENST00000596288.7	ENSG00000112118	-	17	0	16	0	198	NA	NA	NA	78
ENST00000442253.3	ENSG00000170915	+	2	1	0	0	1116	NA	NA	52	NA
ENST00000182527.4	ENSG00000065308	-	11	0	10	0	73	NA	NA	NA	120
ENST00000211314.5	ENSG00000096092	+	5	1	3	0	39	NA	NA	16	70
ENST00000323557.12	ENSG00000112146	+	13	0	12	0	108	NA	NA	NA	3
ENST00000304434.11	ENSG00000012660	-	8	1	6	0	143	NA	NA	8	58
ENST00000650454.1	ENSG00000001084	-	16	0	15	0	211	NA	NA	NA	150
ENST00000370888.6	ENSG00000137269	+	14	0	13	0	158	NA	NA	NA	159
ENST00000370706.9	ENSG00000112200	+	15	0	14	0	46	NA	NA	NA	21
ENST00000370693.5	ENSG00000112208	+	3	0	2	0	412	NA	NA	NA	113
ENST00000468148.6	ENSG00000112210	-	7	1	5	0	139	NA	NA	65	155
ENST00000649934.3	ENSG00000168216	-	16	0	15	0	113	NA	NA	NA	69
ENST00000418814.7	ENSG00000082269	+	22	3	18	0	205	NA	NA	39	77
ENST00000370455.8	ENSG00000112305	+	11	0	10	0	134	NA	NA	NA	118
ENST00000370435.5	ENSG00000119900	+	7	0	6	0	663	NA	NA	NA	234
ENST00000309268.11	ENSG00000156508	-	8	1	6	0	124	NA	NA	30	144
ENST00000355773.6	ENSG00000119899	-	11	0	10	0	137	NA	NA	NA	94
ENST00000322507.13	ENSG00000111799	-	66	1	64	0	10	NA	NA	35	73
ENST00000684430.2	ENSG00000112695	-	4	0	3	0	58	NA	NA	NA	18
ENST00000230461.11	ENSG00000112697	-	7	0	6	0	193	NA	NA	NA	237
ENST00000447266.7	ENSG00000112701	+	24	0	23	0	209	NA	NA	NA	52
ENST00000369977.8	ENSG00000196586	+	35	1	33	0	199	NA	NA	47	117
ENST00000275034.5	ENSG00000146247	-	40	0	39	0	637	NA	NA	NA	40
ENST00000620514.2	ENSG00000118418	-	7	0	6	0	38	NA	NA	NA	15
ENST00000369846.9	ENSG00000135338	-	8	1	6	0	862	NA	NA	191	190
ENST00000369838.6	ENSG00000198478	+	4	0	3	0	11	NA	NA	NA	45
ENST00000369816.5	ENSG00000118402	-	6	0	5	0	275	NA	NA	NA	100
ENST00000369798.7	ENSG00000112742	+	22	1	20	0	83	NA	NA	2	139
ENST00000320393.9	ENSG00000083123	+	10	0	9	0	140	NA	NA	NA	196
ENST00000306270.12	ENSG00000005700	-	29	1	27	0	131	NA	NA	357	321
ENST00000369750.4	ENSG00000146242	+	2	1	0	0	1601	NA	NA	339	NA
ENST00000369747.8	ENSG00000118420	-	10	0	9	0	20	NA	NA	NA	77
ENST00000513973.6	ENSG00000013375	-	13	1	11	0	89	NA	NA	2	204
ENST00000369724.5	ENSG00000013392	+	3	1	1	0	677	NA	NA	140	201
ENST00000369705.4	ENSG00000065833	-	14	0	13	0	170	NA	NA	NA	78
ENST00000369681.10	ENSG00000065615	+	16	0	15	0	54	NA	NA	NA	75
ENST00000403245.8	ENSG00000135315	-	27	1	25	0	206	NA	NA	59	57
ENST00000257770.8	ENSG00000135318	+	9	0	8	0	163	NA	NA	NA	339
ENST00000314673.8	ENSG00000135317	-	29	0	28	0	38	NA	NA	NA	140
ENST00000369622.8	ENSG00000135316	-	11	1	9	0	591	NA	NA	12	148
ENST00000369552.9	ENSG00000164414	+	8	0	7	0	127	NA	NA	NA	16
ENST00000369536.10	ENSG00000146282	-	20	0	19	0	86	NA	NA	NA	36
ENST00000392844.8	ENSG00000135336	+	20	0	19	0	105	NA	NA	NA	24
ENST00000257787.6	ENSG00000135334	-	5	0	4	0	10	NA	NA	NA	235
ENST00000369485.9	ENSG00000111880	-	16	0	15	0	163	NA	NA	NA	64
ENST00000336032.4	ENSG00000146278	+	2	0	1	0	443	NA	NA	NA	540
ENST00000435041.3	ENSG00000198833	-	8	0	7	0	278	NA	NA	NA	31
ENST00000369415.9	ENSG00000025039	-	7	0	6	0	151	NA	NA	NA	148
ENST00000257749.9	ENSG00000112182	-	9	5	3	0	482	NA	NA	12	243
ENST00000369329.8	ENSG00000135341	-	17	0	16	0	180	NA	NA	NA	120
ENST00000369303.9	ENSG00000135333	-	17	0	16	0	114	NA	NA	NA	97
ENST00000358812.9	ENSG00000172469	+	5	1	3	0	657	NA	NA	38	544
ENST00000369278.5	ENSG00000014123	+	19	0	18	0	218	NA	NA	NA	77
ENST00000369244.7	ENSG00000112234	-	10	3	6	0	163	NA	NA	72	512
ENST00000389677.6	ENSG00000146267	-	6	0	5	0	289	NA	NA	NA	266
ENST00000369239.10	ENSG00000132424	-	12	2	9	0	1090	NA	NA	31	88
ENST00000500704.7	ENSG00000123552	-	18	1	16	0	130	NA	NA	10	100
ENST00000520429.6	ENSG00000112237	-	12	0	11	0	54	NA	NA	NA	32
ENST00000369162.7	ENSG00000112249	-	42	1	40	0	147	NA	NA	41	90
ENST00000262903.9	ENSG00000085382	-	24	0	23	0	102	NA	NA	NA	76
ENST00000652536.2	ENSG00000085377	-	15	0	14	0	294	NA	NA	NA	45
ENST00000369076.8	ENSG00000057663	-	8	1	6	0	136	NA	NA	58	108
ENST00000369063.8	ENSG00000130347	-	9	0	8	0	107	NA	NA	NA	274
ENST00000369046.8	ENSG00000130348	+	11	0	10	0	220	NA	NA	NA	24
ENST00000606017.2	ENSG00000272398	-	2	0	1	0	173	NA	NA	NA	69
ENST00000311381.8	ENSG00000130349	+	4	1	2	0	179	NA	NA	12	470
ENST00000369042.6	ENSG00000178409	-	4	1	2	0	2246	NA	NA	11	37
ENST00000369037.9	ENSG00000164494	-	8	0	7	0	158	NA	NA	NA	296
ENST00000369002.9	ENSG00000025796	-	21	0	20	0	143	NA	NA	NA	124
ENST00000193322.8	ENSG00000081087	-	6	0	5	0	55	NA	NA	NA	402
ENST00000230085.13	ENSG00000112335	-	4	0	3	0	105	NA	NA	NA	162
ENST00000406360.2	ENSG00000118689	+	3	0	1	1	1400	35	35	NA	621
ENST00000436639.7	ENSG00000080546	-	10	0	9	0	86	NA	NA	NA	279
ENST00000517392.6	ENSG00000183137	+	11	1	9	0	221	NA	NA	3	160
ENST00000310786.10	ENSG00000135535	-	6	0	5	0	166	NA	NA	NA	175
ENST00000358807.8	ENSG00000135596	-	25	1	23	0	148	NA	NA	43	258
ENST00000230122.4	ENSG00000112365	-	7	1	5	0	723	NA	NA	28	952
ENST00000392589.6	ENSG00000112290	-	11	3	7	0	157	NA	NA	28	133
ENST00000307731.2	ENSG00000168438	+	15	0	14	0	177	NA	NA	NA	189
ENST00000368911.8	ENSG00000155111	-	13	0	12	0	131	NA	NA	NA	128
ENST00000368851.10	ENSG00000112394	+	6	0	5	0	232	NA	NA	NA	343
ENST00000368802.8	ENSG00000009413	-	32	0	31	0	140	NA	NA	NA	139
ENST00000354650.7	ENSG00000010810	-	14	3	10	0	208	NA	NA	11	247
ENST00000368662.10	ENSG00000074935	-	12	0	11	0	158	NA	NA	NA	25
ENST00000230538.12	ENSG00000112769	-	39	1	37	0	145	NA	NA	141	195
ENST00000612661.2	ENSG00000277443	+	2	0	1	0	896	NA	NA	NA	102
ENST00000519065.6	ENSG00000196591	-	14	0	13	0	30	NA	NA	NA	52
ENST00000319550.9	ENSG00000178425	+	12	0	11	0	115	NA	NA	NA	93
ENST00000420283.3	ENSG00000187189	-	1	0	0	0	NA	NA	NA	NA	NA
ENST00000368608.4	ENSG00000189241	-	1	0	0	0	NA	NA	NA	NA	NA
ENST00000644252.3	ENSG00000111817	+	6	1	4	0	1758	NA	NA	53	416
ENST00000466444.7	ENSG00000111832	+	7	0	6	0	121	NA	NA	NA	73
ENST00000368564.7	ENSG00000196911	+	14	0	13	0	187	NA	NA	NA	4
ENST00000338728.10	ENSG00000164465	+	15	0	14	0	532	NA	NA	NA	112
ENST00000368498.7	ENSG00000047932	-	9	0	8	0	130	NA	NA	NA	285
ENST00000368494.4	ENSG00000153989	+	5	0	4	0	90	NA	NA	NA	415
ENST00000368491.8	ENSG00000111860	-	13	0	12	0	163	NA	NA	NA	73
ENST00000229595.6	ENSG00000111875	+	4	0	3	0	212	NA	NA	NA	109
ENST00000368468.4	ENSG00000111885	-	13	1	11	0	126	NA	NA	222	603
ENST00000282561.4	ENSG00000152661	+	2	1	0	0	1164	NA	NA	16	NA
ENST00000368455.9	ENSG00000025156	+	13	0	12	0	295	NA	NA	NA	93
ENST00000339697.5	ENSG00000111897	-	10	0	9	0	135	NA	NA	NA	39
ENST00000534000.6	ENSG00000111907	+	7	0	6	0	128	NA	NA	NA	19
ENST00000398153.7	ENSG00000111906	-	6	0	5	0	97	NA	NA	NA	84
ENST00000392477.7	ENSG00000111912	+	16	1	14	0	135	NA	NA	64	50
ENST00000229633.7	ENSG00000111911	+	5	0	4	0	32	NA	NA	NA	201
ENST00000368328.5	ENSG00000203760	+	3	0	2	0	26	NA	NA	NA	126
ENST00000368314.6	ENSG00000118518	+	3	1	1	0	1077	NA	NA	108	2
ENST00000368226.9	ENSG00000152894	-	30	0	29	0	53	NA	NA	NA	100
ENST00000368149.3	ENSG00000146376	-	15	0	14	0	91	NA	NA	NA	113
ENST00000361794.7	ENSG00000198945	+	23	2	20	0	143	NA	NA	15	102
ENST00000337057.8	ENSG00000079819	-	20	1	17	1	107	6	6	14	492
ENST00000431975.7	ENSG00000118507	+	8	0	7	0	196	NA	NA	NA	19
ENST00000368068.8	ENSG00000112282	-	29	0	28	0	167	NA	NA	NA	39
ENST00000230050.4	ENSG00000112306	+	6	1	4	0	62	NA	NA	37	14
ENST00000355286.12	ENSG00000112319	+	20	1	18	0	80	NA	NA	65	33
ENST00000237264.9	ENSG00000028839	+	7	1	5	0	79	NA	NA	44	135
ENST00000367858.10	ENSG00000118515	-	14	0	13	0	167	NA	NA	NA	69
ENST00000367837.10	ENSG00000112339	-	18	0	17	0	11	NA	NA	NA	43
ENST00000265602.11	ENSG00000135541	-	29	3	25	0	2	NA	NA	54	10
ENST00000420702.6	ENSG00000146410	-	8	1	6	0	113	NA	NA	54	63
ENST00000531224.6	ENSG00000029363	-	13	2	10	0	5	NA	NA	10	104
ENST00000359015.5	ENSG00000197442	-	30	0	29	0	60	NA	NA	NA	448
ENST00000318471.5	ENSG00000112357	+	10	0	9	0	68	NA	NA	NA	130
ENST00000612899.5	ENSG00000118503	+	9	1	7	0	284	NA	NA	15	295
ENST00000421351.4	ENSG00000112378	-	3	0	2	0	226	NA	NA	NA	214
ENST00000607197.6	ENSG00000051620	+	4	0	3	0	198	NA	NA	NA	102
ENST00000617445.5	ENSG00000024862	+	6	1	4	0	54	NA	NA	42	158
ENST00000450536.7	ENSG00000135597	-	20	0	19	0	68	NA	NA	NA	153
ENST00000367660.4	ENSG00000146386	+	3	1	1	0	184	NA	NA	6	61
ENST00000367658.3	ENSG00000112406	+	4	0	3	0	164	NA	NA	NA	271
ENST00000367651.4	ENSG00000164442	-	2	1	0	0	820	NA	NA	8	NA
ENST00000367630.9	ENSG00000009844	+	8	0	7	0	145	NA	NA	NA	112
ENST00000367609.8	ENSG00000112414	+	25	0	24	0	178	NA	NA	NA	2
ENST00000367603.8	ENSG00000010818	-	10	4	5	0	824	NA	NA	387	5187
ENST00000237283.9	ENSG00000189007	-	6	0	5	0	43	NA	NA	NA	96
ENST00000367591.5	ENSG00000034693	+	12	0	11	0	83	NA	NA	NA	73
ENST00000002165.11	ENSG00000001036	-	7	0	6	0	140	NA	NA	NA	224
ENST00000440869.7	ENSG00000112419	+	13	0	12	0	15	NA	NA	NA	46
ENST00000674357.1	ENSG00000118495	-	8	6	1	0	1239	NA	NA	324	152
ENST00000367569.4	ENSG00000169976	-	1	0	0	0	NA	NA	NA	NA	NA
ENST00000237281.5	ENSG00000118496	-	3	1	1	0	203	NA	NA	16	2034
ENST00000275233.12	ENSG00000146414	-	30	1	28	0	96	NA	NA	32	633
ENST00000367495.4	ENSG00000118508	+	3	0	2	0	149	NA	NA	NA	250
ENST00000321680.11	ENSG00000164506	+	28	0	27	0	41	NA	NA	NA	150
ENST00000367467.8	ENSG00000111961	+	20	0	19	0	263	NA	NA	NA	156
ENST00000367463.5	ENSG00000111962	+	8	0	7	0	283	NA	NA	NA	247
ENST00000637181.2	ENSG00000055208	+	7	1	5	0	142	NA	NA	89	102
ENST00000253329.3	ENSG00000131013	-	13	0	12	0	251	NA	NA	NA	70
ENST00000367419.10	ENSG00000055211	+	8	0	7	0	111	NA	NA	NA	120
ENST00000367411.7	ENSG00000186625	-	11	1	9	0	198	NA	NA	13	162
ENST00000543571.6	ENSG00000131023	-	8	1	6	0	509	NA	NA	140	348
ENST00000239367.7	ENSG00000120256	-	7	0	6	0	154	NA	NA	NA	613
ENST00000361131.5	ENSG00000198729	+	4	0	3	0	74	NA	NA	NA	306
ENST00000696526.1	ENSG00000120278	+	17	2	14	0	1063	NA	NA	98	411
ENST00000367321.8	ENSG00000120254	+	28	0	26	1	89	32	32	NA	227
ENST00000402676.7	ENSG00000131016	+	5	1	2	1	5029	13	13	179	162
ENST00000325144.5	ENSG00000181472	-	3	1	1	0	1371	NA	NA	12	173
ENST00000367294.4	ENSG00000146476	+	5	0	4	0	767	NA	NA	NA	41
ENST00000367178.8	ENSG00000213079	+	20	0	19	0	1456	NA	NA	NA	30
ENST00000367166.5	ENSG00000029639	-	7	0	6	0	246	NA	NA	NA	133
ENST00000636930.2	ENSG00000049618	+	20	0	19	0	1724	NA	NA	NA	1791
ENST00000400788.9	ENSG00000215712	-	4	0	3	0	98	NA	NA	NA	88
ENST00000359775.10	ENSG00000175048	+	9	0	8	0	398	NA	NA	NA	245
ENST00000392185.8	ENSG00000130340	+	18	0	17	0	47	NA	NA	NA	12
ENST00000355585.9	ENSG00000078269	+	27	0	26	0	746	NA	NA	NA	127
ENST00000647468.2	ENSG00000122335	-	17	1	15	0	136	NA	NA	1	91
ENST00000367097.8	ENSG00000130338	+	14	0	13	0	116	NA	NA	NA	252
ENST00000367075.4	ENSG00000092820	-	14	1	12	0	164	NA	NA	73	12
ENST00000621533.5	ENSG00000146457	+	8	1	6	0	583	NA	NA	8	30
ENST00000367048.5	ENSG00000120437	+	9	0	8	0	170	NA	NA	NA	55
ENST00000321394.12	ENSG00000120438	-	12	0	11	0	216	NA	NA	NA	64
ENST00000392142.9	ENSG00000085511	+	27	0	26	0	20	NA	NA	NA	152
ENST00000320285.9	ENSG00000026652	-	9	1	7	0	94	NA	NA	89	178
ENST00000361752.8	ENSG00000112531	+	8	0	7	0	16	NA	NA	NA	142
ENST00000539869.4	ENSG00000112541	-	22	0	21	0	102	NA	NA	NA	865
ENST00000360961.11	ENSG00000060762	-	5	0	4	0	24	NA	NA	NA	71
ENST00000265678.9	ENSG00000071242	-	21	0	20	0	125	NA	NA	NA	99
ENST00000683244.1	ENSG00000130396	+	34	0	33	0	153	NA	NA	NA	105
ENST00000339209.9	ENSG00000130024	-	12	0	11	0	85	NA	NA	NA	87
ENST00000366773.8	ENSG00000130023	+	18	0	17	0	183	NA	NA	NA	6
ENST00000366756.4	ENSG00000198719	-	11	0	10	0	5	NA	NA	NA	54
ENST00000476287.4	ENSG00000112584	+	11	1	8	1	40	12	12	21	1734
ENST00000541970.6	ENSG00000071994	-	6	0	5	0	158	NA	NA	NA	283
ENST00000313766.6	ENSG00000177706	+	10	0	9	0	249	NA	NA	NA	605
ENST00000402802.8	ENSG00000197461	-	6	0	5	0	10	NA	NA	NA	63
ENST00000537384.6	ENSG00000188191	-	11	1	9	0	172	NA	NA	22	177
ENST00000401592.6	ENSG00000164828	+	19	0	18	0	116	NA	NA	NA	77
ENST00000265857.8	ENSG00000239857	+	9	0	8	0	88	NA	NA	NA	155
ENST00000265846.10	ENSG00000105963	-	11	0	10	0	28	NA	NA	NA	82
ENST00000316495.8	ENSG00000178381	-	5	1	3	0	155	NA	NA	45	55
ENST00000297508.8	ENSG00000164877	-	17	0	16	0	76	NA	NA	NA	143
ENST00000404767.8	ENSG00000164880	-	48	1	46	0	115	NA	NA	41	58
ENST00000343242.9	ENSG00000198517	+	3	1	1	0	434	NA	NA	44	36
ENST00000288607.3	ENSG00000157778	-	2	0	1	0	152	NA	NA	NA	216
ENST00000222990.8	ENSG00000106266	-	11	0	10	0	113	NA	NA	NA	94
ENST00000360876.9	ENSG00000106263	+	19	0	17	1	103	15	15	NA	499
ENST00000222725.10	ENSG00000106003	+	8	0	7	0	66	NA	NA	NA	432
ENST00000340611.9	ENSG00000106009	-	14	1	12	0	695	NA	NA	16	127
ENST00000402050.7	ENSG00000106012	+	22	0	21	0	118	NA	NA	NA	36
ENST00000258796.12	ENSG00000136295	+	14	0	13	0	71	NA	NA	NA	123
ENST00000275364.8	ENSG00000146535	-	4	0	3	0	569	NA	NA	NA	309
ENST00000396912.2	ENSG00000146587	+	5	1	3	0	1906	NA	NA	44	15
ENST00000288828.9	ENSG00000157954	+	13	0	12	0	112	NA	NA	NA	74
ENST00000396872.8	ENSG00000164638	+	11	1	9	0	142	NA	NA	8	169
ENST00000430969.6	ENSG00000182095	-	30	1	28	0	206	NA	NA	243	187
ENST00000382368.8	ENSG00000155034	-	5	0	4	0	156	NA	NA	NA	18
ENST00000646664.1	ENSG00000075624	-	6	1	4	0	143	NA	NA	6	123
ENST00000382361.8	ENSG00000075618	+	5	0	4	0	202	NA	NA	NA	832
ENST00000389902.8	ENSG00000011275	-	17	1	15	0	319	NA	NA	69	67
ENST00000199389.11	ENSG00000086232	-	15	0	14	0	128	NA	NA	NA	118
ENST00000306177.10	ENSG00000106346	+	18	1	15	1	7	37	37	9	241
ENST00000350796.8	ENSG00000008256	-	13	0	12	0	72	NA	NA	NA	34
ENST00000348035.9	ENSG00000136238	+	6	0	5	0	130	NA	NA	NA	35
ENST00000297056.11	ENSG00000164535	-	15	0	14	0	198	NA	NA	NA	95
ENST00000258739.9	ENSG00000136240	-	5	0	4	0	34	NA	NA	NA	91
ENST00000335965.11	ENSG00000136247	+	8	2	5	0	293	NA	NA	7	117
ENST00000344417.10	ENSG00000146576	+	6	0	5	0	201	NA	NA	NA	192
ENST00000382252.6	ENSG00000205903	+	9	4	4	0	2308	NA	NA	28	355
ENST00000405858.6	ENSG00000164631	-	5	1	3	0	1855	NA	NA	50	15
ENST00000436587.7	ENSG00000106392	+	4	1	2	0	203	NA	NA	17	220
ENST00000340080.9	ENSG00000164654	+	13	3	9	0	96	NA	NA	40	1294
ENST00000682710.1	ENSG00000219545	+	4	1	2	0	257	NA	NA	63	82
ENST00000339600.6	ENSG00000189043	-	4	0	3	0	56	NA	NA	NA	42
ENST00000634607.2	ENSG00000106443	+	18	0	17	0	74	NA	NA	NA	1
ENST00000651779.1	ENSG00000122644	+	2	1	0	0	691	NA	NA	89	NA
ENST00000430479.6	ENSG00000006468	-	14	2	11	0	221	NA	NA	87	45
ENST00000306999.7	ENSG00000106524	-	10	0	9	0	184	NA	NA	NA	67
ENST00000258761.8	ENSG00000136261	+	12	1	10	0	28	NA	NA	7	58
ENST00000262067.5	ENSG00000106537	+	6	0	5	0	74	NA	NA	NA	63
ENST00000242057.9	ENSG00000106546	+	11	0	10	0	143	NA	NA	NA	65
ENST00000428135.7	ENSG00000071189	-	26	0	25	0	247	NA	NA	NA	12
ENST00000242261.6	ENSG00000122691	-	2	0	0	1	NA	43	43	NA	651
ENST00000222567.6	ENSG00000105849	-	4	0	3	0	411	NA	NA	NA	254
ENST00000222573.5	ENSG00000105855	+	14	0	13	0	122	NA	NA	NA	127
ENST00000222584.8	ENSG00000105866	+	6	0	5	0	247	NA	NA	NA	7
ENST00000406877.8	ENSG00000164649	-	10	0	9	0	30	NA	NA	NA	24
ENST00000665637.1	ENSG00000136237	-	26	0	25	0	115	NA	NA	NA	231
ENST00000339077.10	ENSG00000122550	+	11	0	10	0	283	NA	NA	NA	120
ENST00000258742.10	ENSG00000136243	+	7	0	6	0	577	NA	NA	NA	121
ENST00000258729.8	ENSG00000136231	-	15	0	14	0	98	NA	NA	NA	175
ENST00000297071.9	ENSG00000164548	-	8	0	7	0	10	NA	NA	NA	36
ENST00000307471.8	ENSG00000169193	+	4	2	1	0	184	NA	NA	145	238
ENST00000222644.10	ENSG00000105926	+	12	1	10	0	176	NA	NA	2	117
ENST00000313367.7	ENSG00000070882	-	23	1	21	0	96	NA	NA	149	96
ENST00000618183.5	ENSG00000122566	-	11	0	9	1	61	22	22	NA	6
ENST00000396386.7	ENSG00000122565	+	6	1	4	0	126	NA	NA	28	24
ENST00000338523.9	ENSG00000086300	+	7	1	5	0	81	NA	NA	23	24
ENST00000345317.7	ENSG00000005020	-	13	0	11	1	92	10	10	NA	67
ENST00000222726.4	ENSG00000106004	-	2	0	1	0	250	NA	NA	NA	562
ENST00000242159.5	ENSG00000122592	-	2	0	1	0	313	NA	NA	NA	379
ENST00000265395.7	ENSG00000106049	-	8	0	7	0	158	NA	NA	NA	91
ENST00000396319.7	ENSG00000106052	+	17	1	15	0	201	NA	NA	7	162
ENST00000283928.10	ENSG00000153814	-	5	0	4	0	176	NA	NA	NA	115
ENST00000357727.7	ENSG00000146592	+	11	0	10	0	163	NA	NA	NA	3
ENST00000242059.10	ENSG00000136193	-	8	1	6	0	158	NA	NA	1	159
ENST00000222803.10	ENSG00000106080	-	4	0	3	0	158	NA	NA	NA	197
ENST00000449726.6	ENSG00000106086	+	14	0	13	0	197	NA	NA	NA	40
ENST00000323037.5	ENSG00000180233	+	5	0	3	1	57	23	23	NA	469
ENST00000222823.9	ENSG00000106100	-	14	3	10	0	72	NA	NA	121	201
ENST00000275428.9	ENSG00000006625	-	4	0	3	0	143	NA	NA	NA	141
ENST00000389266.8	ENSG00000106105	+	17	0	16	0	125	NA	NA	NA	222
ENST00000311813.11	ENSG00000240583	+	4	0	3	0	179	NA	NA	NA	384
ENST00000318709.9	ENSG00000105778	+	16	0	15	0	115	NA	NA	NA	93
ENST00000304056.9	ENSG00000170852	-	4	1	2	0	1535	NA	NA	338	170
ENST00000242209.9	ENSG00000122642	+	10	0	9	0	176	NA	NA	NA	221
ENST00000610140.7	ENSG00000122643	-	9	0	8	0	101	NA	NA	NA	138
ENST00000242067.11	ENSG00000122507	+	23	1	21	0	31	NA	NA	11	112
ENST00000311350.8	ENSG00000122557	-	9	1	7	0	161	NA	NA	297	147
ENST00000350320.11	ENSG00000122545	+	14	0	13	0	39	NA	NA	NA	61
ENST00000265748.7	ENSG00000011426	+	24	0	23	0	123	NA	NA	NA	18
ENST00000310758.9	ENSG00000155849	-	22	1	20	0	200	NA	NA	73	78
ENST00000199448.9	ENSG00000086289	+	3	0	2	0	196	NA	NA	NA	269
ENST00000009041.12	ENSG00000010270	+	9	1	6	1	55	18	18	58	225
ENST00000356264.7	ENSG00000078053	-	21	0	20	0	107	NA	NA	NA	69
ENST00000005257.7	ENSG00000006451	+	5	1	3	0	122	NA	NA	37	114
ENST00000306984.8	ENSG00000168303	-	2	0	1	0	200	NA	NA	NA	339
ENST00000395925.8	ENSG00000106571	-	15	1	13	0	2311	NA	NA	42	124
ENST00000319357.6	ENSG00000164543	+	7	0	6	0	324	NA	NA	NA	206
ENST00000317534.6	ENSG00000062582	-	4	0	3	0	283	NA	NA	NA	39
ENST00000453200.6	ENSG00000106608	-	6	0	5	0	2593	NA	NA	NA	14
ENST00000222402.8	ENSG00000078967	+	7	0	6	0	45	NA	NA	NA	24
ENST00000448521.6	ENSG00000136279	+	13	0	12	0	139	NA	NA	NA	83
ENST00000223369.3	ENSG00000106636	+	7	0	6	0	35	NA	NA	NA	104
ENST00000355451.8	ENSG00000015676	-	6	0	5	0	110	NA	NA	NA	192
ENST00000258772.10	ENSG00000136271	-	14	0	13	0	77	NA	NA	NA	60
ENST00000457408.7	ENSG00000158604	-	5	0	4	0	149	NA	NA	NA	160
ENST00000222673.6	ENSG00000105953	+	23	1	21	0	120	NA	NA	27	222
ENST00000309315.9	ENSG00000122515	+	19	1	17	0	107	NA	NA	62	50
ENST00000468812.6	ENSG00000196262	+	5	0	4	0	135	NA	NA	NA	69
ENST00000308153.9	ENSG00000105968	-	5	0	4	0	61	NA	NA	NA	3
ENST00000395699.5	ENSG00000146676	-	1	0	0	0	NA	NA	NA	NA	NA
ENST00000258781.11	ENSG00000136280	+	10	0	9	0	280	NA	NA	NA	30
ENST00000258770.8	ENSG00000136270	-	11	1	9	0	101	NA	NA	50	411
ENST00000613132.5	ENSG00000146674	-	5	0	3	1	125	16	16	NA	403
ENST00000395564.9	ENSG00000183696	+	9	2	6	0	139	NA	NA	21	44
ENST00000433017.6	ENSG00000132436	-	4	3	0	0	2034	NA	NA	10	NA
ENST00000401949.6	ENSG00000106070	-	19	3	15	0	146	NA	NA	46	51
ENST00000265136.12	ENSG00000106078	-	13	0	12	0	17	NA	NA	NA	41
ENST00000275493.7	ENSG00000146648	+	28	0	27	0	361	NA	NA	NA	88
ENST00000254770.3	ENSG00000132434	+	9	0	8	0	94	NA	NA	NA	204
ENST00000285279.10	ENSG00000154978	-	5	0	4	0	190	NA	NA	NA	54
ENST00000322090.8	ENSG00000146729	+	10	0	9	0	64	NA	NA	NA	92
ENST00000275605.8	ENSG00000146733	-	8	3	4	0	107	NA	NA	19	140
ENST00000434526.8	ENSG00000129103	+	9	0	8	0	84	NA	NA	NA	67
ENST00000395422.4	ENSG00000106153	-	4	0	3	0	10	NA	NA	NA	50
ENST00000360768.5	ENSG00000196715	+	3	0	2	0	226	NA	NA	NA	194
ENST00000304895.9	ENSG00000169919	-	12	0	11	0	166	NA	NA	NA	210
ENST00000304842.6	ENSG00000169902	+	6	1	3	1	17	30	30	101	845
ENST00000639828.2	ENSG00000243335	+	4	0	3	0	376	NA	NA	NA	144
ENST00000341567.8	ENSG00000106609	+	7	1	5	0	20	NA	NA	18	159
ENST00000246868.7	ENSG00000126524	-	5	0	4	0	128	NA	NA	NA	128
ENST00000359626.10	ENSG00000198874	+	16	0	15	0	221	NA	NA	NA	4
ENST00000342771.10	ENSG00000158321	+	19	0	18	0	1248	NA	NA	NA	309
ENST00000438747.7	ENSG00000130305	-	10	0	9	0	114	NA	NA	NA	93
ENST00000339594.9	ENSG00000009954	-	20	0	18	1	357	16	16	NA	107
ENST00000223368.7	ENSG00000106635	-	6	0	5	0	92	NA	NA	NA	92
ENST00000305632.11	ENSG00000106638	-	7	0	6	0	465	NA	NA	NA	130
ENST00000324941.5	ENSG00000176428	+	4	0	3	0	362	NA	NA	NA	138
ENST00000395176.3	ENSG00000176410	-	1	0	0	0	NA	NA	NA	NA	NA
ENST00000222812.8	ENSG00000106089	-	10	0	9	0	77	NA	NA	NA	30
ENST00000222800.8	ENSG00000106077	-	6	0	5	0	132	NA	NA	NA	125
ENST00000336180.7	ENSG00000106683	+	16	0	15	0	162	NA	NA	NA	55
ENST00000265753.13	ENSG00000106682	+	7	0	6	0	139	NA	NA	NA	59
ENST00000223398.11	ENSG00000106665	+	17	1	15	0	11	NA	NA	67	121
ENST00000424337.7	ENSG00000006704	+	27	1	25	0	68	NA	NA	6	123
ENST00000573035.6	ENSG00000263001	+	35	1	32	1	58	18	18	5	99
ENST00000610322.5	ENSG00000274523	-	11	0	10	0	77	NA	NA	NA	324
ENST00000336926.11	ENSG00000127946	-	31	0	30	0	52	NA	NA	NA	120
ENST00000461988.6	ENSG00000127948	+	16	1	14	0	144	NA	NA	13	179
ENST00000493111.7	ENSG00000189077	-	12	0	11	0	113	NA	NA	NA	81
ENST00000359697.8	ENSG00000127952	-	9	1	7	0	131	NA	NA	4	103
ENST00000315758.10	ENSG00000146701	+	9	0	8	0	131	NA	NA	NA	66
ENST00000248553.7	ENSG00000106211	+	3	0	2	0	189	NA	NA	NA	364
ENST00000307630.5	ENSG00000170027	-	2	0	1	0	656	NA	NA	NA	87
ENST00000430490.7	ENSG00000091073	+	11	2	8	0	227	NA	NA	89	268
ENST00000248594.11	ENSG00000127947	+	18	0	17	0	61	NA	NA	NA	99
ENST00000257663.4	ENSG00000135211	-	2	1	0	0	451	NA	NA	50	NA
ENST00000422959.8	ENSG00000006576	+	19	1	17	0	20	NA	NA	35	45
ENST00000649796.2	ENSG00000127955	+	8	0	7	0	190	NA	NA	NA	118
ENST00000265361.8	ENSG00000075223	-	18	1	16	0	413	NA	NA	38	103
ENST00000356860.8	ENSG00000153956	-	39	0	38	0	116	NA	NA	NA	95
ENST00000643230.2	ENSG00000170381	-	17	0	16	0	452	NA	NA	NA	115
ENST00000265362.9	ENSG00000075213	-	17	0	16	0	455	NA	NA	NA	112
ENST00000331242.12	ENSG00000135164	+	18	2	15	0	109	NA	NA	8	109
ENST00000257637.8	ENSG00000135185	-	4	0	3	0	122	NA	NA	NA	78
ENST00000331536.8	ENSG00000005469	+	18	2	15	0	120	NA	NA	21	115
ENST00000622132.5	ENSG00000085563	-	28	1	26	0	206	NA	NA	6	68
ENST00000341119.10	ENSG00000075303	-	12	2	9	0	112	NA	NA	24	97
ENST00000265728.6	ENSG00000006634	+	12	0	11	0	975	NA	NA	NA	46
ENST00000413139.2	ENSG00000008277	+	32	0	31	0	20	NA	NA	NA	85
ENST00000297205.7	ENSG00000164647	+	5	1	3	0	257	NA	NA	31	84
ENST00000394621.7	ENSG00000157214	+	6	2	3	0	287	NA	NA	33	492
ENST00000222511.11	ENSG00000105793	+	10	0	9	0	262	NA	NA	NA	33
ENST00000496677.6	ENSG00000157224	+	4	3	0	0	767	NA	NA	33	NA
ENST00000380050.8	ENSG00000058091	+	15	0	13	1	115	29	29	NA	91
ENST00000287934.4	ENSG00000157240	+	1	0	0	0	NA	NA	NA	NA	NA
ENST00000003100.13	ENSG00000001630	-	10	0	9	0	178	NA	NA	NA	192
ENST00000394505.7	ENSG00000001631	-	19	3	15	0	68	NA	NA	2	102
ENST00000265742.8	ENSG00000001629	+	20	1	18	0	737	NA	NA	90	188
ENST00000287957.5	ENSG00000157259	+	5	0	4	0	190	NA	NA	NA	249
ENST00000248633.9	ENSG00000127980	-	24	0	23	0	84	NA	NA	NA	129
ENST00000445716.6	ENSG00000234545	-	11	0	10	0	86	NA	NA	NA	24
ENST00000424848.3	ENSG00000105810	-	8	1	6	0	146	NA	NA	367	233
ENST00000305866.10	ENSG00000004766	+	28	0	27	0	119	NA	NA	NA	33
ENST00000248564.6	ENSG00000127920	+	2	0	1	0	125	NA	NA	NA	96
ENST00000222547.8	ENSG00000105829	-	4	0	3	0	155	NA	NA	NA	19
ENST00000297268.11	ENSG00000164692	+	52	0	51	0	146	NA	NA	NA	70
ENST00000297273.9	ENSG00000127995	+	18	0	17	0	266	NA	NA	NA	133
ENST00000648936.2	ENSG00000127990	-	11	0	10	0	16	NA	NA	NA	109
ENST00000433360.6	ENSG00000158528	+	20	1	18	0	212	NA	NA	216	1395
ENST00000222572.8	ENSG00000105854	-	9	0	8	0	158	NA	NA	NA	74
ENST00000005178.6	ENSG00000004799	-	11	0	10	0	140	NA	NA	NA	130
ENST00000265631.10	ENSG00000004864	-	18	0	17	0	186	NA	NA	NA	15
ENST00000248566.4	ENSG00000127922	-	3	0	2	0	42	NA	NA	NA	76
ENST00000432641.3	ENSG00000196636	+	2	0	1	0	203	NA	NA	NA	174
ENST00000394308.8	ENSG00000070669	-	13	2	10	0	209	NA	NA	23	249
ENST00000297293.6	ENSG00000164715	+	14	0	13	0	28	NA	NA	NA	103
ENST00000297290.4	ENSG00000164713	+	3	0	2	0	132	NA	NA	NA	142
ENST00000005260.9	ENSG00000006453	-	14	0	13	0	75	NA	NA	NA	51
ENST00000265634.4	ENSG00000106236	+	5	0	4	0	227	NA	NA	NA	426
ENST00000361368.7	ENSG00000198742	-	18	0	17	0	99	NA	NA	NA	55
ENST00000262942.10	ENSG00000241685	+	10	1	8	0	38	NA	NA	29	64
ENST00000646101.2	ENSG00000130429	+	10	1	8	0	38	NA	NA	13	64
ENST00000350498.8	ENSG00000106244	-	6	0	5	0	58	NA	NA	NA	13
ENST00000292476.10	ENSG00000160917	+	8	0	7	0	68	NA	NA	NA	103
ENST00000331410.10	ENSG00000198556	+	5	1	3	0	1012	NA	NA	54	24
ENST00000337673.7	ENSG00000160908	-	3	0	2	0	1102	NA	NA	NA	456
ENST00000326775.10	ENSG00000196652	+	7	1	5	0	1141	NA	NA	40	414
ENST00000449309.2	ENSG00000221909	-	2	1	0	0	1820	NA	NA	99	NA
ENST00000252713.9	ENSG00000197343	+	3	1	1	0	1339	NA	NA	27	136
ENST00000394152.7	ENSG00000197037	+	8	3	4	0	829	NA	NA	46	387
ENST00000349062.7	ENSG00000146833	-	6	0	5	0	583	NA	NA	NA	393
ENST00000324306.11	ENSG00000106261	+	6	1	4	0	892	NA	NA	88	426
ENST00000292450.9	ENSG00000166529	+	4	1	2	0	829	NA	NA	96	399
ENST00000299667.9	ENSG00000166526	-	6	2	3	0	1069	NA	NA	76	55
ENST00000303904.8	ENSG00000168090	+	10	0	9	0	140	NA	NA	NA	76
ENST00000303887.10	ENSG00000166508	-	15	0	14	0	201	NA	NA	NA	31
ENST00000359593.9	ENSG00000221838	+	15	0	14	0	224	NA	NA	NA	58
ENST00000262932.5	ENSG00000166997	+	6	0	5	0	163	NA	NA	NA	118
ENST00000310512.4	ENSG00000146834	+	4	0	3	0	52	NA	NA	NA	1671
ENST00000300181.7	ENSG00000166925	-	5	1	3	0	209	NA	NA	269	762
ENST00000300176.9	ENSG00000106351	+	12	0	11	0	59	NA	NA	NA	221
ENST00000223061.6	ENSG00000106333	+	9	0	8	0	166	NA	NA	NA	95
ENST00000393950.7	ENSG00000106330	+	5	0	4	0	31	NA	NA	NA	205
ENST00000303210.9	ENSG00000172354	+	10	1	8	0	106	NA	NA	89	57
ENST00000678049.1	ENSG00000146830	-	27	3	23	0	52	NA	NA	69	35
ENST00000358173.8	ENSG00000196411	-	17	0	16	0	129	NA	NA	NA	52
ENST00000354161.8	ENSG00000146828	+	14	1	12	0	886	NA	NA	42	181
ENST00000200457.9	ENSG00000087077	+	9	0	8	0	131	NA	NA	NA	109
ENST00000241069.11	ENSG00000087085	-	5	1	3	0	121	NA	NA	20	1068
ENST00000306085.11	ENSG00000169871	+	3	2	0	0	2268	NA	NA	1	NA
ENST00000223095.5	ENSG00000106366	+	9	1	7	0	37	NA	NA	1	271
ENST00000337619.11	ENSG00000106367	+	5	0	4	0	47	NA	NA	NA	3
ENST00000249330.3	ENSG00000128564	-	2	1	0	0	1867	NA	NA	20	NA
ENST00000223127.8	ENSG00000106397	-	19	0	18	0	155	NA	NA	NA	109
ENST00000305105.3	ENSG00000106400	+	5	0	4	0	21	NA	NA	NA	22
ENST00000397912.3	ENSG00000128563	+	6	0	5	0	97	NA	NA	NA	126
ENST00000495936.7	ENSG00000160991	+	4	2	1	0	539	NA	NA	13	225
ENST00000292616.10	ENSG00000161036	+	15	0	14	0	140	NA	NA	NA	80
ENST00000292614.10	ENSG00000005075	-	4	0	3	0	35	NA	NA	NA	53
ENST00000323716.8	ENSG00000170632	+	7	0	6	0	254	NA	NA	NA	139
ENST00000465647.6	ENSG00000161048	-	5	1	3	0	125	NA	NA	16	294
ENST00000249269.9	ENSG00000105819	+	13	0	12	0	64	NA	NA	NA	99
ENST00000379263.8	ENSG00000105821	-	17	0	16	0	74	NA	NA	NA	64
ENST00000292644.5	ENSG00000161057	+	12	0	11	0	157	NA	NA	NA	70
ENST00000297431.9	ENSG00000164815	-	14	0	13	0	45	NA	NA	NA	72
ENST00000311117.8	ENSG00000005483	+	27	2	24	0	1508	NA	NA	114	71
ENST00000393651.8	ENSG00000135250	-	16	0	15	0	184	NA	NA	NA	16
ENST00000469408.6	ENSG00000091127	-	16	1	14	0	136	NA	NA	32	398
ENST00000257700.7	ENSG00000135249	+	15	0	14	0	192	NA	NA	NA	42
ENST00000419735.8	ENSG00000146776	-	12	0	11	0	38	NA	NA	NA	181
ENST00000455385.7	ENSG00000008282	-	5	0	4	0	134	NA	NA	NA	69
ENST00000222553.8	ENSG00000105835	-	11	0	10	0	110	NA	NA	NA	57
ENST00000523505.3	ENSG00000253276	-	1	0	0	0	NA	NA	NA	NA	NA
ENST00000265717.5	ENSG00000005249	+	11	0	10	0	133	NA	NA	NA	307
ENST00000222574.9	ENSG00000105856	+	11	1	9	0	17	NA	NA	15	169
ENST00000297135.9	ENSG00000164597	-	22	0	21	0	114	NA	NA	NA	94
ENST00000265720.8	ENSG00000105865	+	8	2	5	0	247	NA	NA	21	116
ENST00000440859.8	ENSG00000105879	+	6	0	5	0	1035	NA	NA	NA	13
ENST00000205402.10	ENSG00000091140	+	14	0	13	0	65	NA	NA	NA	39
ENST00000222399.11	ENSG00000091136	-	34	1	32	0	136	NA	NA	86	37
ENST00000415914.4	ENSG00000177683	-	3	0	2	0	914	NA	NA	NA	80
ENST00000249356.4	ENSG00000128590	+	3	1	1	0	454	NA	NA	10	217
ENST00000405709.7	ENSG00000184903	-	6	1	4	0	119	NA	NA	2	135
ENST00000428084.6	ENSG00000128512	-	53	0	52	0	446	NA	NA	NA	37
ENST00000403825.8	ENSG00000006652	+	12	0	11	0	89	NA	NA	NA	94
ENST00000312814.11	ENSG00000146802	-	5	1	3	0	547	NA	NA	128	1128
ENST00000297145.9	ENSG00000164603	-	5	0	4	0	629	NA	NA	NA	160
ENST00000393486.6	ENSG00000135272	+	5	1	3	0	247	NA	NA	107	94
ENST00000358204.9	ENSG00000135269	+	7	0	6	0	188	NA	NA	NA	27
ENST00000222693.5	ENSG00000105971	+	3	0	2	0	150	NA	NA	NA	150
ENST00000341049.7	ENSG00000105974	+	3	0	2	0	341	NA	NA	NA	30
ENST00000397752.8	ENSG00000105976	+	21	1	19	0	237	NA	NA	14	1200
ENST00000361183.8	ENSG00000198898	+	10	0	9	0	140	NA	NA	NA	39
ENST00000323984.8	ENSG00000004866	+	16	0	15	0	95	NA	NA	NA	151
ENST00000222747.8	ENSG00000106025	-	8	1	6	0	305	NA	NA	70	66
ENST00000315870.10	ENSG00000071243	+	12	0	11	0	116	NA	NA	NA	28
ENST00000359943.8	ENSG00000196937	-	10	1	8	0	89	NA	NA	41	13
ENST00000417368.7	ENSG00000008311	-	24	1	22	0	118	NA	NA	15	210
ENST00000449022.7	ENSG00000081803	-	30	0	29	0	173	NA	NA	NA	339
ENST00000223023.5	ENSG00000106299	-	11	0	10	0	61	NA	NA	NA	117
ENST00000265827.8	ENSG00000048405	-	6	1	4	0	0	NA	NA	58	61
ENST00000321407.3	ENSG00000179562	-	2	0	1	0	1295	NA	NA	NA	1032
ENST00000354725.8	ENSG00000197157	+	24	0	23	0	65	NA	NA	NA	78
ENST00000338791.11	ENSG00000106348	-	17	0	16	0	21	NA	NA	NA	146
ENST00000249364.9	ENSG00000128595	+	7	1	5	0	104	NA	NA	11	221
ENST00000297788.9	ENSG00000128596	+	18	0	16	1	101	6	6	NA	16
ENST00000325888.13	ENSG00000128591	+	48	0	47	0	187	NA	NA	NA	352
ENST00000249289.5	ENSG00000128524	+	2	0	1	0	201	NA	NA	NA	158
ENST00000357234.10	ENSG00000128604	+	9	1	7	0	245	NA	NA	11	195
ENST00000265388.10	ENSG00000064419	-	23	0	21	1	60	32	32	NA	120
ENST00000486685.3	ENSG00000158457	+	8	0	7	0	101	NA	NA	NA	102
ENST00000249373.8	ENSG00000128602	+	12	0	11	0	427	NA	NA	NA	331
ENST00000325006.8	ENSG00000158467	+	17	0	16	0	6	NA	NA	NA	363
ENST00000393232.6	ENSG00000106459	+	11	1	9	0	163	NA	NA	6	223
ENST00000355621.8	ENSG00000186591	-	7	0	6	0	124	NA	NA	NA	53
ENST00000335420.10	ENSG00000128607	+	10	0	9	0	209	NA	NA	NA	166
ENST00000223208.10	ENSG00000106477	-	11	0	10	0	148	NA	NA	NA	33
ENST00000223215.10	ENSG00000106484	+	12	0	11	0	117	NA	NA	NA	26
ENST00000425248.5	ENSG00000158623	-	24	0	23	0	130	NA	NA	NA	37
ENST00000352689.11	ENSG00000128585	+	18	0	17	0	121	NA	NA	NA	98
ENST00000378555.8	ENSG00000128567	-	9	0	8	0	197	NA	NA	NA	100
ENST00000262570.10	ENSG00000106554	-	8	0	7	0	23	NA	NA	NA	81
ENST00000253861.5	ENSG00000131558	+	18	0	17	0	237	NA	NA	NA	86
ENST00000378509.9	ENSG00000205060	-	10	0	9	0	246	NA	NA	NA	77
ENST00000285930.9	ENSG00000085662	-	10	0	9	0	42	NA	NA	NA	66
ENST00000344924.8	ENSG00000172331	+	3	1	1	0	178	NA	NA	61	601
ENST00000361675.7	ENSG00000122786	+	15	2	12	0	5	NA	NA	41	71
ENST00000541284.6	ENSG00000080802	-	12	1	10	0	301	NA	NA	92	174
ENST00000393085.4	ENSG00000105887	-	4	0	3	0	86	NA	NA	NA	72
ENST00000330387.11	ENSG00000182158	-	12	0	11	0	75	NA	NA	NA	102
ENST00000343526.9	ENSG00000122779	+	19	0	18	0	209	NA	NA	NA	364
ENST00000242351.10	ENSG00000105939	-	13	0	12	0	259	NA	NA	NA	308
ENST00000464848.5	ENSG00000105948	+	18	0	17	0	111	NA	NA	NA	3
ENST00000354926.9	ENSG00000146963	+	10	0	9	0	177	NA	NA	NA	61
ENST00000263549.8	ENSG00000059378	-	12	0	11	0	325	NA	NA	NA	326
ENST00000397560.7	ENSG00000006459	-	20	0	19	0	94	NA	NA	NA	194
ENST00000326232.14	ENSG00000157800	-	15	1	13	0	92	NA	NA	70	89
ENST00000255977.7	ENSG00000133606	-	8	0	7	0	212	NA	NA	NA	185
ENST00000072869.9	ENSG00000133597	+	8	0	7	0	140	NA	NA	NA	933
ENST00000247866.9	ENSG00000090266	+	4	0	2	1	74	30	30	NA	98
ENST00000646891.2	ENSG00000157764	-	18	0	17	0	173	NA	NA	NA	138
ENST00000324787.10	ENSG00000090263	-	3	1	1	0	105	NA	NA	27	215
ENST00000649286.2	ENSG00000006530	+	16	1	14	0	137	NA	NA	14	101
ENST00000358406.10	ENSG00000197448	+	8	0	7	0	49	NA	NA	NA	72
ENST00000310447.10	ENSG00000106144	+	11	0	10	0	131	NA	NA	NA	74
ENST00000322764.10	ENSG00000159840	+	10	1	8	0	104	NA	NA	15	208
ENST00000479870.6	ENSG00000198420	-	9	1	7	0	9	NA	NA	14	620
ENST00000056217.10	ENSG00000050327	+	15	1	13	0	157	NA	NA	12	3154
ENST00000360057.7	ENSG00000196511	-	9	1	7	0	118	NA	NA	16	43
ENST00000325222.9	ENSG00000055130	+	22	1	20	0	80	NA	NA	161	140
ENST00000320356.7	ENSG00000106462	-	20	1	18	0	60	NA	NA	7	117
ENST00000652332.1	ENSG00000155660	-	10	0	9	0	415	NA	NA	NA	88
ENST00000475153.6	ENSG00000197024	+	6	0	5	0	1153	NA	NA	NA	24
ENST00000610704.5	ENSG00000170265	+	8	0	7	0	835	NA	NA	NA	165
ENST00000335870.7	ENSG00000170260	+	5	0	4	0	856	NA	NA	NA	24
ENST00000458143.7	ENSG00000181220	-	7	0	6	0	1099	NA	NA	NA	24
ENST00000496259.6	ENSG00000133619	+	17	0	16	0	841	NA	NA	NA	12
ENST00000425642.3	ENSG00000171130	+	4	0	2	1	93	20	20	NA	104
ENST00000489432.7	ENSG00000214022	+	3	1	1	0	1717	NA	NA	41	157
ENST00000329630.10	ENSG00000196456	+	3	1	1	0	1582	NA	NA	49	31
ENST00000358849.9	ENSG00000197150	+	16	0	15	0	140	NA	NA	NA	95
ENST00000485972.6	ENSG00000164885	-	12	0	11	0	86	NA	NA	NA	37
ENST00000413384.7	ENSG00000164889	+	23	1	21	0	80	NA	NA	63	51
ENST00000297532.11	ENSG00000164896	-	10	0	9	0	107	NA	NA	NA	82
ENST00000297533.9	ENSG00000164897	-	3	1	1	0	351	NA	NA	30	389
ENST00000035307.7	ENSG00000033100	+	4	0	3	0	1307	NA	NA	NA	263
ENST00000262188.13	ENSG00000082014	-	13	0	12	0	53	NA	NA	NA	78
ENST00000568733.6	ENSG00000013374	+	15	1	13	0	178	NA	NA	2	117
ENST00000262187.10	ENSG00000106615	-	8	0	7	0	92	NA	NA	NA	52
ENST00000287878.9	ENSG00000106617	-	16	0	15	0	31	NA	NA	NA	114
ENST00000430044.7	ENSG00000178234	+	12	1	10	0	131	NA	NA	38	295
ENST00000359321.2	ENSG00000196584	-	3	0	2	0	721	NA	NA	NA	39
ENST00000256001.13	ENSG00000133627	+	12	0	11	0	95	NA	NA	NA	44
ENST00000404141.6	ENSG00000157212	-	21	0	20	0	15	NA	NA	NA	81
ENST00000340368.9	ENSG00000186480	+	6	1	4	0	29	NA	NA	27	412
ENST00000401878.8	ENSG00000184863	+	18	0	17	0	48	NA	NA	NA	43
ENST00000353442.10	ENSG00000105983	-	17	0	16	0	85	NA	NA	NA	66
ENST00000348165.10	ENSG00000009335	+	23	0	22	0	170	NA	NA	NA	66
ENST00000262177.9	ENSG00000105993	+	10	1	8	0	82	NA	NA	26	65
ENST00000356309.8	ENSG00000146918	-	28	1	26	0	51	NA	NA	39	78
ENST00000275418.13	ENSG00000117868	-	23	0	22	0	45	NA	NA	NA	330
ENST00000350302.8	ENSG00000147364	+	10	1	8	0	89	NA	NA	7	134
ENST00000331222.6	ENSG00000182372	+	3	1	1	0	317	NA	NA	123	543
ENST00000320248.4	ENSG00000176595	+	2	1	0	0	2779	NA	NA	908	NA
ENST00000285518.11	ENSG00000155189	+	8	0	7	0	225	NA	NA	NA	219
ENST00000276282.7	ENSG00000147324	-	3	0	2	0	33	NA	NA	NA	2998
ENST00000250263.8	ENSG00000104626	+	7	0	6	0	242	NA	NA	NA	108
ENST00000310455.4	ENSG00000173281	-	2	1	0	0	874	NA	NA	17	NA
ENST00000310430.11	ENSG00000173273	+	27	0	26	0	86	NA	NA	NA	673
ENST00000221086.8	ENSG00000104643	+	10	0	9	0	163	NA	NA	NA	182
ENST00000353047.11	ENSG00000164733	-	10	1	8	0	97	NA	NA	25	126
ENST00000398246.8	ENSG00000154359	-	12	0	11	0	158	NA	NA	NA	721
ENST00000276297.9	ENSG00000164741	-	18	1	16	0	120	NA	NA	125	1023
ENST00000503731.6	ENSG00000104723	+	11	0	9	1	18	47	47	NA	138
ENST00000262096.13	ENSG00000104219	+	13	0	11	1	40	35	35	NA	130
ENST00000361272.9	ENSG00000198791	-	7	1	5	0	128	NA	NA	95	117
ENST00000324849.9	ENSG00000155975	+	12	0	10	0	80	1	1	NA	125
ENST00000494857.6	ENSG00000003989	+	13	2	10	0	196	NA	NA	22	376
ENST00000251630.11	ENSG00000104213	+	6	0	5	0	188	NA	NA	NA	55
ENST00000693296.1	ENSG00000129422	-	15	1	13	0	213	NA	NA	154	2091
ENST00000325083.13	ENSG00000078674	+	39	2	36	0	25	NA	NA	22	96
ENST00000637790.2	ENSG00000104763	-	14	0	13	0	89	NA	NA	NA	78
ENST00000327040.13	ENSG00000156011	-	16	0	15	0	215	NA	NA	NA	21
ENST00000265807.8	ENSG00000104611	+	10	1	8	0	92	NA	NA	204	181
ENST00000397977.8	ENSG00000104613	+	17	0	16	0	156	NA	NA	NA	129
ENST00000650287.1	ENSG00000175445	+	10	0	9	0	0	NA	NA	NA	88
ENST00000276390.7	ENSG00000147416	+	14	0	13	0	139	NA	NA	NA	136
ENST00000381569.5	ENSG00000061337	-	4	1	2	0	641	NA	NA	134	345
ENST00000252512.14	ENSG00000130227	+	28	0	27	0	93	NA	NA	NA	18
ENST00000358242.6	ENSG00000158856	+	16	1	14	0	113	NA	NA	171	18
ENST00000289921.8	ENSG00000158863	+	17	0	16	0	138	NA	NA	NA	45
ENST00000306306.8	ENSG00000168476	-	8	0	7	0	65	NA	NA	NA	32
ENST00000306385.10	ENSG00000168487	+	20	0	19	0	134	NA	NA	NA	148
ENST00000306433.9	ENSG00000168495	+	9	1	7	0	122	NA	NA	5	165
ENST00000381237.6	ENSG00000104635	+	9	1	7	0	146	NA	NA	15	270
ENST00000240139.10	ENSG00000120910	+	14	0	13	0	187	NA	NA	NA	49
ENST00000409417.6	ENSG00000120913	+	9	0	8	0	177	NA	NA	NA	93
ENST00000308511.9	ENSG00000158941	+	21	1	19	0	44	NA	NA	38	58
ENST00000276416.11	ENSG00000147439	-	9	0	8	0	146	NA	NA	NA	8
ENST00000251822.7	ENSG00000008853	+	10	1	8	0	217	NA	NA	10	192
ENST00000221132.8	ENSG00000104689	-	10	0	9	0	319	NA	NA	NA	306
ENST00000397677.6	ENSG00000147457	+	11	1	9	0	61	NA	NA	440	299
ENST00000389131.8	ENSG00000134013	-	14	1	12	0	79	NA	NA	83	355
ENST00000519973.6	ENSG00000147454	+	4	0	3	0	520	NA	NA	NA	210
ENST00000290271.7	ENSG00000159167	-	4	0	3	0	270	NA	NA	NA	118
ENST00000610854.2	ENSG00000277586	-	4	0	3	0	142	NA	NA	NA	1044
ENST00000276440.12	ENSG00000147459	+	52	0	51	0	104	NA	NA	NA	43
ENST00000221200.9	ENSG00000104756	-	12	0	11	0	116	NA	NA	NA	48
ENST00000330560.8	ENSG00000184661	+	15	0	13	0	1228	NA	NA	0	61
ENST00000380737.8	ENSG00000221914	+	10	0	9	0	279	NA	NA	NA	7
ENST00000380629.7	ENSG00000104765	+	6	0	5	0	48	NA	NA	NA	100
ENST00000522362.7	ENSG00000240694	-	3	2	0	0	1582	NA	NA	488	NA
ENST00000521913.7	ENSG00000092964	+	14	0	13	0	91	NA	NA	NA	354
ENST00000305364.9	ENSG00000104228	-	6	0	5	0	577	NA	NA	NA	435
ENST00000346049.10	ENSG00000120899	+	31	1	29	0	215	NA	NA	37	204
ENST00000521400.6	ENSG00000120915	+	19	0	18	0	78	NA	NA	NA	101
ENST00000316403.15	ENSG00000120885	-	9	1	7	0	9	NA	NA	29	97
ENST00000301904.4	ENSG00000168077	+	6	0	5	0	451	NA	NA	NA	7
ENST00000356537.9	ENSG00000147419	-	9	0	8	0	29	NA	NA	NA	28
ENST00000305188.13	ENSG00000171320	+	11	1	9	0	132	NA	NA	16	53
ENST00000301905.9	ENSG00000168078	-	8	1	6	0	196	NA	NA	20	58
ENST00000344423.10	ENSG00000186918	-	10	1	8	0	111	NA	NA	58	240
ENST00000380254.7	ENSG00000214050	-	9	1	7	0	9	NA	NA	16	99
ENST00000220562.9	ENSG00000012232	+	7	2	4	0	209	NA	NA	475	2148
ENST00000287701.15	ENSG00000147421	+	10	1	8	0	137	NA	NA	57	23
ENST00000240100.7	ENSG00000120875	-	4	0	3	0	385	NA	NA	NA	433
ENST00000256255.11	ENSG00000133872	-	6	0	5	0	25	NA	NA	NA	103
ENST00000321250.13	ENSG00000104660	+	4	0	3	0	116	NA	NA	NA	16
ENST00000397323.9	ENSG00000157110	+	9	0	6	2	62	8	112	NA	66
ENST00000355904.9	ENSG00000197265	-	8	1	6	0	116	NA	NA	4	166
ENST00000265616.10	ENSG00000104691	+	8	0	7	0	167	NA	NA	NA	88
ENST00000221138.9	ENSG00000104695	-	7	0	6	0	72	NA	NA	NA	102
ENST00000298139.7	ENSG00000165392	+	35	1	33	0	107	NA	NA	76	96
ENST00000327671.10	ENSG00000172728	-	5	1	3	0	227	NA	NA	273	81
ENST00000360128.11	ENSG00000198042	+	10	0	9	0	197	NA	NA	NA	15
ENST00000431156.7	ENSG00000129696	-	8	1	6	0	104	NA	NA	99	647
ENST00000256257.2	ENSG00000133874	-	6	0	5	0	114	NA	NA	NA	25
ENST00000519638.3	ENSG00000147475	+	12	1	10	0	200	NA	NA	15	107
ENST00000220659.11	ENSG00000104221	-	4	0	3	0	723	NA	NA	NA	154
ENST00000330843.9	ENSG00000156675	-	6	0	5	0	218	NA	NA	NA	371
ENST00000338825.5	ENSG00000187840	+	3	0	2	0	31	NA	NA	NA	145
ENST00000343823.11	ENSG00000129691	+	16	0	15	0	107	NA	NA	NA	188
ENST00000311351.9	ENSG00000175324	-	4	0	3	0	170	NA	NA	NA	46
ENST00000397166.7	ENSG00000085788	+	18	1	15	1	81	27	27	8	220
ENST00000424479.7	ENSG00000147535	-	7	0	6	0	160	NA	NA	NA	74
ENST00000317025.13	ENSG00000147548	-	24	1	22	0	241	NA	NA	44	675
ENST00000379957.9	ENSG00000165046	+	11	1	9	0	62	NA	NA	34	47
ENST00000447712.7	ENSG00000077782	-	18	1	16	0	176	NA	NA	88	91
ENST00000317827.9	ENSG00000147526	+	13	0	12	0	68	NA	NA	NA	161
ENST00000617275.5	ENSG00000169499	+	12	1	10	0	362	NA	NA	23	141
ENST00000456397.7	ENSG00000169490	-	4	0	3	0	213	NA	NA	NA	227
ENST00000487273.7	ENSG00000168615	+	22	0	21	0	93	NA	NA	NA	97
ENST00000220772.8	ENSG00000104332	-	3	0	2	0	322	NA	NA	NA	544
ENST00000357743.9	ENSG00000147533	+	5	0	3	1	47	16	16	NA	111
ENST00000396987.7	ENSG00000158669	+	13	1	11	0	108	NA	NA	848	165
ENST00000265713.8	ENSG00000083168	-	17	1	15	0	2662	NA	NA	325	600
ENST00000396926.8	ENSG00000070718	+	9	1	7	0	100	NA	NA	72	273
ENST00000220809.9	ENSG00000104368	-	14	1	12	0	158	NA	NA	26	72
ENST00000520810.6	ENSG00000104365	+	22	1	20	0	65	NA	NA	18	105
ENST00000265421.9	ENSG00000070501	+	14	0	13	0	94	NA	NA	NA	61
ENST00000022615.9	ENSG00000078668	+	10	2	7	0	91	NA	NA	2	67
ENST00000520262.6	ENSG00000168575	-	11	1	9	0	164	NA	NA	264	289
ENST00000254250.7	ENSG00000131931	-	3	0	2	0	374	NA	NA	NA	71
ENST00000527424.6	ENSG00000120925	-	7	1	5	0	269	NA	NA	7	137
ENST00000302279.8	ENSG00000168522	+	9	0	8	0	122	NA	NA	NA	200
ENST00000331373.10	ENSG00000185900	+	5	3	1	0	770	NA	NA	21	282
ENST00000379644.9	ENSG00000165102	+	18	0	17	0	181	NA	NA	NA	118
ENST00000297423.9	ENSG00000164808	+	20	0	19	0	143	NA	NA	NA	33
ENST00000408965.4	ENSG00000221869	-	1	0	0	0	NA	NA	NA	NA	NA
ENST00000649973.1	ENSG00000104738	+	17	1	15	0	92	NA	NA	14	70
ENST00000523111.7	ENSG00000169139	+	4	0	3	0	146	NA	NA	NA	16
ENST00000020945.4	ENSG00000019549	-	3	0	2	0	181	NA	NA	NA	79
ENST00000522514.6	ENSG00000168300	-	6	1	4	0	367	NA	NA	95	307
ENST00000025008.10	ENSG00000023287	-	24	2	21	0	77	NA	NA	51	71
ENST00000359530.7	ENSG00000047249	-	14	1	12	0	60	NA	NA	35	113
ENST00000276500.5	ENSG00000147509	+	5	0	4	0	188	NA	NA	NA	69
ENST00000521604.7	ENSG00000187735	-	10	0	9	0	8	NA	NA	NA	63
ENST00000316963.8	ENSG00000120992	-	9	0	8	0	53	NA	NA	NA	69
ENST00000260102.9	ENSG00000137547	+	5	0	4	0	337	NA	NA	NA	108
ENST00000434581.7	ENSG00000167904	-	8	2	5	0	86	NA	NA	69	325
ENST00000260129.6	ENSG00000137574	+	13	0	12	0	122	NA	NA	NA	101
ENST00000519728.6	ENSG00000254087	+	13	1	11	0	202	NA	NA	5	132
ENST00000262644.9	ENSG00000104331	-	5	0	4	0	271	NA	NA	NA	387
ENST00000519262.6	ENSG00000169122	+	4	3	0	0	1436	NA	NA	324	NA
ENST00000399598.7	ENSG00000215114	+	8	0	7	0	162	NA	NA	NA	84
ENST00000260130.9	ENSG00000137575	+	9	1	7	0	54	NA	NA	15	51
ENST00000038176.8	ENSG00000035681	-	31	0	30	0	94	NA	NA	NA	59
ENST00000361421.2	ENSG00000198846	-	9	0	8	0	36	NA	NA	NA	102
ENST00000317995.5	ENSG00000178538	-	9	0	7	1	134	36	36	NA	100
ENST00000262646.12	ENSG00000104388	+	8	0	7	0	95	NA	NA	NA	46
ENST00000423902.7	ENSG00000171316	+	38	1	36	0	917	NA	NA	174	1665
ENST00000379454.9	ENSG00000198363	-	25	0	24	0	150	NA	NA	NA	103
ENST00000539294.6	ENSG00000185728	+	5	0	4	0	23	NA	NA	NA	24
ENST00000310193.4	ENSG00000172817	-	6	0	5	0	287	NA	NA	NA	122
ENST00000276569.8	ENSG00000104442	-	7	1	5	0	191	NA	NA	35	183
ENST00000262146.9	ENSG00000066855	+	8	1	6	0	68	NA	NA	80	66
ENST00000401827.8	ENSG00000205268	-	13	0	12	0	205	NA	NA	NA	138
ENST00000522677.8	ENSG00000185697	-	16	0	15	0	128	NA	NA	NA	20
ENST00000310421.5	ENSG00000175073	-	3	0	2	0	871	NA	NA	NA	2710
ENST00000678616.1	ENSG00000104218	+	31	1	29	0	211	NA	NA	10	99
ENST00000262215.8	ENSG00000066777	-	39	0	38	0	164	NA	NA	NA	124
ENST00000402687.9	ENSG00000137573	+	23	4	18	0	30	NA	NA	60	172
ENST00000452400.7	ENSG00000140396	-	23	2	20	0	11	NA	NA	19	86
ENST00000262213.7	ENSG00000067167	-	11	0	10	0	73	NA	NA	NA	123
ENST00000276590.5	ENSG00000147592	-	7	0	6	0	43	NA	NA	NA	122
ENST00000340726.8	ENSG00000104313	-	18	2	15	0	80	NA	NA	4	124
ENST00000240285.10	ENSG00000121039	+	6	0	5	0	123	NA	NA	NA	289
ENST00000524300.6	ENSG00000040341	-	15	3	11	0	93	NA	NA	17	114
ENST00000520242.6	ENSG00000154582	-	4	1	2	0	190	NA	NA	50	4
ENST00000396418.7	ENSG00000171033	+	4	2	1	0	79	NA	NA	27	151
ENST00000263849.9	ENSG00000104427	+	9	0	8	0	165	NA	NA	NA	16
ENST00000354724.8	ENSG00000164683	-	5	0	4	0	583	NA	NA	NA	89
ENST00000518937.6	ENSG00000076554	-	8	0	7	0	119	NA	NA	NA	19
ENST00000455036.8	ENSG00000205189	+	6	0	5	0	305	NA	NA	NA	972
ENST00000220597.4	ENSG00000076641	-	9	3	5	0	362	NA	NA	80	125
ENST00000297258.11	ENSG00000164687	+	4	0	3	0	53	NA	NA	NA	79
ENST00000256108.10	ENSG00000133731	-	9	1	7	0	115	NA	NA	24	63
ENST00000297265.5	ENSG00000164695	+	5	0	4	0	64	NA	NA	NA	190
ENST00000345957.9	ENSG00000104497	-	8	1	6	0	96	NA	NA	96	375
ENST00000360375.8	ENSG00000133739	+	19	0	18	0	122	NA	NA	NA	104
ENST00000416274.7	ENSG00000133740	+	8	0	7	0	109	NA	NA	NA	234
ENST00000321764.4	ENSG00000185015	+	7	0	6	0	119	NA	NA	NA	37
ENST00000285379.10	ENSG00000104267	+	7	0	6	0	119	NA	NA	NA	34
ENST00000517970.6	ENSG00000123124	+	25	2	22	0	99	NA	NA	21	70
ENST00000406452.8	ENSG00000176623	-	10	0	9	0	50	NA	NA	NA	129
ENST00000517490.6	ENSG00000085719	+	17	2	14	0	122	NA	NA	10	132
ENST00000286614.11	ENSG00000156103	-	10	0	9	0	334	NA	NA	NA	132
ENST00000220751.5	ENSG00000104312	+	11	0	10	0	337	NA	NA	NA	173
ENST00000451899.7	ENSG00000164823	+	6	0	5	0	1029	NA	NA	NA	44
ENST00000458549.7	ENSG00000180694	-	3	0	2	0	191	NA	NA	NA	795
ENST00000285419.8	ENSG00000155099	-	7	0	6	0	143	NA	NA	NA	106
ENST00000404789.8	ENSG00000155100	+	7	0	6	0	84	NA	NA	NA	82
ENST00000523629.7	ENSG00000079102	-	12	1	10	0	275	NA	NA	85	88
ENST00000520560.6	ENSG00000183808	-	4	3	0	0	3033	NA	NA	28	NA
ENST00000297598.5	ENSG00000164951	+	2	1	0	0	1657	NA	NA	44	NA
ENST00000297596.3	ENSG00000164949	-	5	1	3	0	277	NA	NA	9	331
ENST00000336148.10	ENSG00000197275	-	15	1	13	0	217	NA	NA	16	135
ENST00000297591.10	ENSG00000164944	-	24	0	23	0	154	NA	NA	NA	63
ENST00000414645.6	ENSG00000156162	+	19	0	18	0	164	NA	NA	NA	16
ENST00000523731.6	ENSG00000164941	+	27	0	26	0	116	NA	NA	NA	130
ENST00000308108.9	ENSG00000175305	-	12	1	10	0	113	NA	NA	26	14
ENST00000342697.5	ENSG00000164938	-	4	1	2	0	249	NA	NA	150	112
ENST00000396124.9	ENSG00000156170	+	9	0	8	0	128	NA	NA	NA	197
ENST00000315367.4	ENSG00000175895	+	2	1	0	0	763	NA	NA	14	NA
ENST00000517309.6	ENSG00000156471	+	13	0	12	0	109	NA	NA	NA	179
ENST00000302190.9	ENSG00000169439	+	5	0	4	0	163	NA	NA	NA	60
ENST00000322128.5	ENSG00000180543	-	1	0	0	0	NA	NA	NA	NA	NA
ENST00000336273.8	ENSG00000147649	+	12	0	11	0	70	NA	NA	NA	381
ENST00000521545.7	ENSG00000104341	+	7	0	6	0	77	NA	NA	NA	99
ENST00000254898.7	ENSG00000132561	+	19	1	17	0	55	NA	NA	26	142
ENST00000254878.8	ENSG00000132541	-	6	0	5	0	62	NA	NA	NA	65
ENST00000419617.7	ENSG00000104375	-	11	0	10	0	158	NA	NA	NA	26
ENST00000297565.9	ENSG00000164920	+	4	1	2	0	182	NA	NA	114	656
ENST00000520468.7	ENSG00000164919	-	4	1	1	1	113	16	16	31	114
ENST00000388798.7	ENSG00000104450	+	19	1	17	0	131	NA	NA	2	140
ENST00000341084.7	ENSG00000034677	-	10	1	8	0	690	NA	NA	93	674
ENST00000335659.7	ENSG00000186106	-	5	2	2	0	216	NA	NA	27	311
ENST00000318607.10	ENSG00000070756	-	15	0	13	1	92	2	2	NA	193
ENST00000395958.6	ENSG00000164924	-	6	1	4	0	59	NA	NA	11	294
ENST00000311212.9	ENSG00000120963	-	4	1	1	1	95	13	13	2	135
ENST00000220931.11	ENSG00000104490	-	4	1	2	0	97	NA	NA	19	378
ENST00000251810.8	ENSG00000048392	-	9	0	8	0	152	NA	NA	NA	48
ENST00000285407.11	ENSG00000155090	-	4	0	3	0	259	NA	NA	NA	36
ENST00000337198.10	ENSG00000155096	-	12	2	9	0	111	NA	NA	95	102
ENST00000518738.2	ENSG00000155097	+	13	1	11	0	95	NA	NA	39	132
ENST00000358755.5	ENSG00000164930	+	7	1	5	0	168	NA	NA	152	177
ENST00000297578.9	ENSG00000164933	-	7	0	6	0	135	NA	NA	NA	154
ENST00000612750.5	ENSG00000164934	+	11	0	10	0	87	NA	NA	NA	70
ENST00000276654.10	ENSG00000147650	-	7	0	6	0	866	NA	NA	NA	79
ENST00000517566.7	ENSG00000164830	+	17	1	15	0	135	NA	NA	138	23
ENST00000517746.6	ENSG00000154188	-	9	0	8	0	160	NA	NA	NA	297
ENST00000220853.8	ENSG00000104412	+	11	0	10	0	86	NA	NA	NA	40
ENST00000239690.9	ENSG00000120526	-	10	0	9	0	292	NA	NA	NA	118
ENST00000521688.6	ENSG00000120533	+	5	0	4	0	76	NA	NA	NA	6
ENST00000337573.10	ENSG00000147654	+	7	1	5	0	120	NA	NA	15	83
ENST00000395715.8	ENSG00000104447	-	7	1	5	0	1061	NA	NA	121	37
ENST00000521861.6	ENSG00000147677	-	8	0	7	0	97	NA	NA	NA	132
ENST00000309822.7	ENSG00000147679	+	3	0	2	0	386	NA	NA	NA	188
ENST00000297338.7	ENSG00000164754	-	14	1	12	0	191	NA	NA	32	144
ENST00000378204.7	ENSG00000182197	-	11	0	10	0	185	NA	NA	NA	962
ENST00000297350.9	ENSG00000164761	-	5	0	4	0	388	NA	NA	NA	30
ENST00000614891.5	ENSG00000147676	+	4	0	3	0	71	NA	NA	NA	132
ENST00000313655.5	ENSG00000136982	-	9	0	8	0	108	NA	NA	NA	182
ENST00000286234.6	ENSG00000155792	+	9	0	8	0	128	NA	NA	NA	122
ENST00000297848.8	ENSG00000187955	+	48	1	46	0	79	NA	NA	37	88
ENST00000517992.2	ENSG00000172164	-	7	0	6	0	92	NA	NA	NA	571
ENST00000314393.6	ENSG00000178764	+	4	2	0	1	2732	5	5	219	2518
ENST00000259512.9	ENSG00000136986	-	8	0	7	0	138	NA	NA	NA	153
ENST00000395571.8	ENSG00000165156	-	4	2	0	1	2846	4	4	225	2625
ENST00000287394.10	ENSG00000156802	-	28	0	27	0	41	NA	NA	NA	171
ENST00000517956.5	ENSG00000156804	-	9	0	8	0	89	NA	NA	NA	116
ENST00000334705.12	ENSG00000176853	+	24	0	23	0	185	NA	NA	NA	72
ENST00000297632.8	ENSG00000164983	-	7	0	6	0	101	NA	NA	NA	304
ENST00000328599.4	ENSG00000183665	+	1	0	0	0	NA	NA	NA	NA	NA
ENST00000303545.4	ENSG00000170881	+	2	0	1	0	1813	NA	NA	NA	181
ENST00000276689.8	ENSG00000147684	+	4	0	3	0	131	NA	NA	NA	101
ENST00000518547.6	ENSG00000170873	-	14	0	13	0	700	NA	NA	NA	72
ENST00000318410.12	ENSG00000164961	-	29	1	27	0	56	NA	NA	124	186
ENST00000287437.8	ENSG00000156831	+	8	2	5	0	117	NA	NA	14	157
ENST00000311922.4	ENSG00000173334	+	3	0	2	0	465	NA	NA	NA	360
ENST00000694912.1	ENSG00000153310	-	14	4	9	0	63	NA	NA	10	73
ENST00000518721.6	ENSG00000153317	-	30	1	28	0	74	NA	NA	27	59
ENST00000254624.10	ENSG00000132294	+	23	0	22	0	105	NA	NA	NA	10
ENST00000395386.7	ENSG00000129292	+	21	1	19	0	142	NA	NA	37	83
ENST00000323851.13	ENSG00000104419	-	16	1	14	0	241	NA	NA	18	63
ENST00000522652.6	ENSG00000008513	-	10	4	5	0	173	NA	NA	50	306
ENST00000355849.10	ENSG00000131773	+	9	0	8	0	91	NA	NA	NA	88
ENST00000220913.10	ENSG00000104472	+	3	0	2	0	121	NA	NA	NA	147
ENST00000696786.1	ENSG00000169398	-	36	2	33	0	212	NA	NA	32	195
ENST00000519811.6	ENSG00000105339	+	23	0	22	0	200	NA	NA	NA	102
ENST00000517878.6	ENSG00000022567	-	9	1	7	0	125	NA	NA	400	241
ENST00000521578.6	ENSG00000184489	+	6	1	4	0	117	NA	NA	853	105
ENST00000524325.6	ENSG00000171045	-	14	1	11	1	95	12	12	39	88
ENST00000356613.4	ENSG00000198576	-	3	0	0	2	NA	598	743	NA	1788
ENST00000612905.2	ENSG00000234616	-	2	1	0	0	2168	NA	NA	462	NA
ENST00000336138.4	ENSG00000130193	+	2	0	1	0	113	NA	NA	NA	513
ENST00000262577.6	ENSG00000014164	-	12	0	11	0	31	NA	NA	NA	46
ENST00000262580.9	ENSG00000104518	+	11	1	9	0	242	NA	NA	4	217
ENST00000504548.4	ENSG00000179886	+	1	0	0	0	NA	NA	NA	NA	NA
ENST00000388913.4	ENSG00000180921	-	5	1	3	0	2802	NA	NA	15	447
ENST00000442628.7	ENSG00000185189	-	18	0	17	0	68	NA	NA	NA	129
ENST00000313028.12	ENSG00000178685	-	11	0	10	0	346	NA	NA	NA	2
ENST00000395068.9	ENSG00000178719	+	7	1	5	0	149	NA	NA	24	379
ENST00000398712.7	ENSG00000179526	-	9	0	7	1	116	13	13	NA	201
ENST00000322428.10	ENSG00000179632	+	8	1	6	0	21	NA	NA	44	83
ENST00000326134.10	ENSG00000179832	+	44	2	41	0	85	NA	NA	56	22
ENST00000569669.6	ENSG00000261236	-	16	0	15	0	153	NA	NA	NA	99
ENST00000528838.6	ENSG00000185122	+	13	0	12	0	205	NA	NA	NA	117
ENST00000528718.6	ENSG00000185000	-	17	0	16	0	155	NA	NA	NA	200
ENST00000643944.2	ENSG00000185803	+	5	1	3	0	212	NA	NA	110	130
ENST00000308860.11	ENSG00000173137	+	15	0	14	0	105	NA	NA	NA	12
ENST00000301305.8	ENSG00000147804	-	12	0	11	0	128	NA	NA	NA	192
ENST00000409379.8	ENSG00000160949	-	26	0	25	0	193	NA	NA	NA	25
ENST00000530374.6	ENSG00000187954	-	4	0	3	0	391	NA	NA	NA	372
ENST00000435887.2	ENSG00000160972	+	12	2	9	0	383	NA	NA	734	259
ENST00000301327.5	ENSG00000167700	+	5	0	4	0	173	NA	NA	NA	682
ENST00000617875.6	ENSG00000160957	-	21	0	20	0	124	NA	NA	NA	84
ENST00000292524.6	ENSG00000160959	+	4	1	2	0	567	NA	NA	111	329
ENST00000377307.7	ENSG00000147799	-	12	1	10	0	194	NA	NA	81	80
ENST00000429371.7	ENSG00000196378	-	6	2	3	0	1339	NA	NA	54	33
ENST00000528957.6	ENSG00000161016	-	5	0	4	0	158	NA	NA	NA	138
ENST00000417550.7	ENSG00000196150	-	6	1	4	0	1321	NA	NA	54	42
ENST00000382297.7	ENSG00000107104	+	12	1	10	0	62	NA	NA	83	37
ENST00000349721.8	ENSG00000080503	+	34	1	32	0	35	NA	NA	36	225
ENST00000382100.8	ENSG00000147852	+	19	0	18	0	35	NA	NA	NA	82
ENST00000397885.3	ENSG00000080608	-	18	1	16	0	132	NA	NA	10	82
ENST00000617270.5	ENSG00000080298	-	17	1	15	0	238	NA	NA	8	117
ENST00000262352.8	ENSG00000106688	+	12	0	11	0	246	NA	NA	NA	91
ENST00000381883.5	ENSG00000205808	+	1	0	0	0	NA	NA	NA	NA	NA
ENST00000381854.4	ENSG00000106993	+	7	0	6	0	101	NA	NA	NA	132
ENST00000381809.8	ENSG00000147853	-	5	0	4	0	120	NA	NA	NA	151
ENST00000381750.9	ENSG00000120158	+	9	0	8	0	150	NA	NA	NA	136
ENST00000381652.4	ENSG00000096968	+	25	2	22	0	107	NA	NA	25	226
ENST00000223864.7	ENSG00000107020	-	6	2	3	0	121	NA	NA	6	81
ENST00000381577.4	ENSG00000120217	+	7	1	5	0	22	NA	NA	14	52
ENST00000414202.7	ENSG00000107036	+	26	0	25	0	288	NA	NA	NA	144
ENST00000339450.10	ENSG00000099219	-	15	0	14	0	164	NA	NA	NA	338
ENST00000276893.10	ENSG00000147854	+	16	0	15	0	146	NA	NA	NA	153
ENST00000321612.8	ENSG00000178445	-	25	0	24	0	143	NA	NA	NA	255
ENST00000381309.8	ENSG00000107077	+	22	1	20	0	176	NA	NA	17	144
ENST00000319264.4	ENSG00000153714	+	2	0	1	0	374	NA	NA	NA	312
ENST00000319217.12	ENSG00000107186	-	47	1	45	0	146	NA	NA	57	16
ENST00000380953.6	ENSG00000147862	-	11	0	10	0	17	NA	NA	NA	30
ENST00000380916.9	ENSG00000175893	-	10	3	6	0	132	NA	NA	45	154
ENST00000512701.7	ENSG00000155158	-	20	0	19	0	90	NA	NA	NA	42
ENST00000380733.9	ENSG00000164985	-	16	1	14	0	60	NA	NA	141	72
ENST00000380647.8	ENSG00000044459	+	26	0	25	0	101	NA	NA	NA	360
ENST00000380607.5	ENSG00000107295	+	9	0	8	0	199	NA	NA	NA	45
ENST00000380527.3	ENSG00000155876	+	1	0	0	0	NA	NA	NA	NA	NA
ENST00000380502.8	ENSG00000147874	-	17	0	16	0	61	NA	NA	NA	128
ENST00000276914.7	ENSG00000147872	-	8	1	6	0	401	NA	NA	22	30
ENST00000380338.9	ENSG00000171843	-	11	0	10	0	131	NA	NA	NA	12
ENST00000359039.5	ENSG00000198642	-	1	0	0	0	NA	NA	NA	NA	NA
ENST00000644715.2	ENSG00000099810	+	8	0	7	0	38	NA	NA	NA	33
ENST00000304494.10	ENSG00000147889	-	3	0	2	0	13	NA	NA	NA	150
ENST00000276925.7	ENSG00000147883	-	2	0	1	0	260	NA	NA	NA	156
ENST00000397312.7	ENSG00000107105	-	7	1	5	0	327	NA	NA	15	229
ENST00000358022.6	ENSG00000198680	-	1	0	0	0	NA	NA	NA	NA	NA
ENST00000333916.8	ENSG00000120159	-	6	0	5	0	346	NA	NA	NA	303
ENST00000397292.8	ENSG00000137055	-	14	0	13	0	565	NA	NA	NA	149
ENST00000380062.10	ENSG00000096872	+	20	1	18	0	118	NA	NA	19	120
ENST00000262244.6	ENSG00000120162	-	4	1	2	0	29	NA	NA	198	418
ENST00000380003.8	ENSG00000147894	-	11	1	9	0	186	NA	NA	44	444
ENST00000309951.8	ENSG00000122729	+	21	1	19	0	113	NA	NA	22	97
ENST00000379883.3	ENSG00000107201	-	18	0	17	0	296	NA	NA	NA	106
ENST00000360538.7	ENSG00000197579	-	3	0	2	0	2939	NA	NA	NA	3
ENST00000379817.7	ENSG00000137074	-	8	1	6	0	154	NA	NA	4	133
ENST00000330899.5	ENSG00000086061	+	9	1	7	0	218	NA	NA	10	132
ENST00000397149.4	ENSG00000122692	-	12	0	11	0	98	NA	NA	NA	26
ENST00000379731.5	ENSG00000086062	-	6	0	5	0	132	NA	NA	NA	412
ENST00000634734.3	ENSG00000107262	-	7	0	6	0	89	NA	NA	NA	451
ENST00000223500.9	ENSG00000086065	+	8	0	7	0	50	NA	NA	NA	69
ENST00000379540.8	ENSG00000086102	+	24	0	23	0	72	NA	NA	NA	25
ENST00000297991.6	ENSG00000165272	-	6	0	5	0	168	NA	NA	NA	108
ENST00000297990.9	ENSG00000165271	-	26	0	25	0	149	NA	NA	NA	54
ENST00000263228.4	ENSG00000107341	+	5	0	4	0	219	NA	NA	NA	177
ENST00000379238.7	ENSG00000137073	-	29	1	27	0	95	NA	NA	41	99
ENST00000361264.9	ENSG00000198876	-	9	0	8	0	158	NA	NA	NA	78
ENST00000297661.9	ENSG00000165006	+	7	1	5	0	140	NA	NA	7	34
ENST00000402558.7	ENSG00000186638	-	13	1	11	0	140	NA	NA	25	623
ENST00000379158.7	ENSG00000164978	+	5	3	1	0	316	NA	NA	16	127
ENST00000651358.1	ENSG00000164970	-	6	0	5	0	158	NA	NA	NA	60
ENST00000378980.8	ENSG00000122756	-	10	1	7	0	0	NA	NA	0	85
ENST00000378959.9	ENSG00000164967	-	2	1	0	0	527	NA	NA	36	NA
ENST00000277010.9	ENSG00000147955	-	4	0	3	0	226	NA	NA	NA	151
ENST00000378842.8	ENSG00000213930	+	11	0	10	0	80	NA	NA	NA	82
ENST00000682809.1	ENSG00000137094	+	5	1	3	0	233	NA	NA	132	182
ENST00000358901.11	ENSG00000165280	-	17	0	16	0	105	NA	NA	NA	17
ENST00000378617.4	ENSG00000165282	-	11	1	9	0	129	NA	NA	1	511
ENST00000356493.10	ENSG00000165283	-	10	0	9	0	137	NA	NA	NA	45
ENST00000322813.10	ENSG00000005238	-	9	2	6	0	153	NA	NA	75	894
ENST00000635942.2	ENSG00000198722	+	40	0	39	0	285	NA	NA	NA	22
ENST00000361226.8	ENSG00000198853	+	12	1	10	0	201	NA	NA	92	2014
ENST00000336395.6	ENSG00000107140	+	10	0	9	0	880	NA	NA	NA	219
ENST00000426546.7	ENSG00000159884	+	5	0	4	0	441	NA	NA	NA	106
ENST00000378387.4	ENSG00000137135	-	9	0	8	0	15	NA	NA	NA	138
ENST00000645482.3	ENSG00000198467	-	9	0	8	0	82	NA	NA	NA	114
ENST00000314888.10	ENSG00000137076	-	57	1	55	0	125	NA	NA	33	130
ENST00000378103.7	ENSG00000070610	-	17	0	16	0	278	NA	NA	NA	359
ENST00000378078.5	ENSG00000107185	+	9	1	7	0	223	NA	NA	19	116
ENST00000342694.7	ENSG00000159899	+	22	0	21	0	65	NA	NA	NA	667
ENST00000377966.4	ENSG00000122707	+	21	0	20	0	221	NA	NA	NA	100
ENST00000377960.9	ENSG00000122694	+	5	0	4	0	160	NA	NA	NA	13
ENST00000345519.10	ENSG00000122705	+	5	0	4	0	171	NA	NA	NA	217
ENST00000642385.2	ENSG00000159921	-	12	1	10	0	235	NA	NA	42	164
ENST00000259605.11	ENSG00000137075	-	12	0	11	0	62	NA	NA	NA	12
ENST00000298048.7	ENSG00000165304	+	18	1	16	0	177	NA	NA	38	58
ENST00000336755.10	ENSG00000147905	+	9	1	7	0	433	NA	NA	21	610
ENST00000318158.11	ENSG00000137106	+	9	0	8	0	121	NA	NA	NA	83
ENST00000307750.5	ENSG00000168795	-	2	1	0	0	2037	NA	NA	4	NA
ENST00000377798.9	ENSG00000137054	+	12	0	11	0	159	NA	NA	NA	76
ENST00000432825.7	ENSG00000147912	-	11	1	9	0	174	NA	NA	6	585
ENST00000321301.7	ENSG00000175768	-	2	0	1	0	34	NA	NA	NA	121
ENST00000297994.4	ENSG00000165275	+	9	1	7	0	106	NA	NA	29	186
ENST00000377724.8	ENSG00000122741	+	7	0	6	0	368	NA	NA	NA	539
ENST00000242275.7	ENSG00000122696	-	3	2	0	0	935	NA	NA	42	NA
ENST00000377707.4	ENSG00000107338	-	6	0	5	0	183	NA	NA	NA	717
ENST00000377698.4	ENSG00000137124	+	2	1	0	0	1562	NA	NA	9	NA
ENST00000484259.3	ENSG00000165060	+	5	0	4	0	150	NA	NA	NA	165
ENST00000361138.7	ENSG00000198887	+	25	0	24	0	140	NA	NA	NA	185
ENST00000377126.4	ENSG00000119138	-	2	0	1	0	229	NA	NA	NA	505
ENST00000377044.9	ENSG00000135048	-	24	1	22	0	196	NA	NA	12	331
ENST00000333421.7	ENSG00000107362	-	4	1	2	0	219	NA	NA	3	467
ENST00000376962.10	ENSG00000107372	-	7	2	4	0	148	NA	NA	9	151
ENST00000257497.11	ENSG00000135046	+	13	1	11	0	56	NA	NA	14	66
ENST00000376854.6	ENSG00000135045	-	2	0	1	0	158	NA	NA	NA	426
ENST00000361092.9	ENSG00000106733	-	9	1	7	0	19	NA	NA	35	29
ENST00000346234.7	ENSG00000134996	+	10	0	9	0	58	NA	NA	NA	34
ENST00000376736.6	ENSG00000135002	-	4	0	3	0	130	NA	NA	NA	82
ENST00000376730.5	ENSG00000187210	+	4	3	0	0	1429	NA	NA	143	NA
ENST00000360280.8	ENSG00000197969	+	72	0	71	0	50	NA	NA	NA	100
ENST00000286548.9	ENSG00000156052	-	7	0	6	0	190	NA	NA	NA	136
ENST00000376552.8	ENSG00000106829	+	20	0	19	0	107	NA	NA	NA	45
ENST00000376499.8	ENSG00000196781	-	20	0	19	0	107	NA	NA	NA	24
ENST00000376395.9	ENSG00000135018	-	11	0	10	0	152	NA	NA	NA	180
ENST00000376371.7	ENSG00000165113	-	13	2	10	0	47	NA	NA	43	216
ENST00000297814.7	ENSG00000165115	-	18	1	16	0	484	NA	NA	87	298
ENST00000376263.8	ENSG00000165119	-	17	2	14	0	33	NA	NA	27	58
ENST00000445877.6	ENSG00000178966	+	3	2	0	0	1913	NA	NA	36	NA
ENST00000357081.8	ENSG00000135049	-	26	1	24	0	177	NA	NA	33	32
ENST00000361671.10	ENSG00000135040	+	23	1	21	0	59	NA	NA	5	124
ENST00000388712.7	ENSG00000135052	-	10	1	8	0	76	NA	NA	21	129
ENST00000375991.9	ENSG00000135070	-	4	0	3	0	148	NA	NA	NA	81
ENST00000375963.8	ENSG00000083223	-	27	1	25	0	67	NA	NA	31	520
ENST00000408954.8	ENSG00000196730	+	26	1	24	0	1232	NA	NA	108	62
ENST00000325303.9	ENSG00000156345	-	8	0	7	0	197	NA	NA	NA	75
ENST00000375859.4	ENSG00000106723	+	6	1	4	0	199	NA	NA	158	52
ENST00000358157.3	ENSG00000213694	+	2	1	0	0	1283	NA	NA	147	NA
ENST00000314355.7	ENSG00000123975	+	3	0	2	0	52	NA	NA	NA	59
ENST00000375807.8	ENSG00000187742	+	17	0	16	0	103	NA	NA	NA	36
ENST00000422704.7	ENSG00000187764	-	16	2	13	0	925	NA	NA	243	106
ENST00000252506.11	ENSG00000130222	+	4	0	3	0	110	NA	NA	NA	53
ENST00000375754.9	ENSG00000165025	+	14	1	12	0	72	NA	NA	41	417
ENST00000375731.9	ENSG00000148090	-	10	0	9	0	77	NA	NA	NA	262
ENST00000297689.4	ENSG00000165030	-	2	1	0	0	1560	NA	NA	172	NA
ENST00000375708.4	ENSG00000169071	-	9	0	8	0	1445	NA	NA	NA	97
ENST00000262554.7	ENSG00000090054	-	15	0	14	0	93	NA	NA	NA	57
ENST00000443024.7	ENSG00000196305	-	34	1	32	0	82	NA	NA	7	119
ENST00000442668.7	ENSG00000198000	-	17	1	15	0	50	NA	NA	48	139
ENST00000287996.8	ENSG00000127080	-	13	0	12	0	225	NA	NA	NA	81
ENST00000356884.11	ENSG00000185963	-	7	0	6	0	309	NA	NA	NA	240
ENST00000375464.7	ENSG00000165233	+	6	0	5	0	115	NA	NA	NA	7
ENST00000375446.5	ENSG00000131669	-	4	0	2	1	154	10	10	NA	75
ENST00000277165.11	ENSG00000048828	+	18	0	17	0	311	NA	NA	NA	474
ENST00000359246.9	ENSG00000197724	+	22	0	21	0	88	NA	NA	NA	98
ENST00000620992.5	ENSG00000158079	+	9	0	8	0	116	NA	NA	NA	244
ENST00000375344.8	ENSG00000148110	+	12	0	11	0	251	NA	NA	NA	108
ENST00000289081.8	ENSG00000158169	-	15	1	13	0	143	NA	NA	78	165
ENST00000331920.11	ENSG00000185920	-	24	0	22	1	539	2	2	NA	201
ENST00000653738.2	ENSG00000182150	+	19	0	18	0	978	NA	NA	NA	46
ENST00000253270.13	ENSG00000130958	-	12	0	11	0	99	NA	NA	NA	158
ENST00000375256.5	ENSG00000165244	-	5	0	4	0	222	NA	NA	NA	420
ENST00000375249.5	ENSG00000130956	+	8	0	7	0	56	NA	NA	NA	349
ENST00000375241.6	ENSG00000081377	-	14	0	13	0	36	NA	NA	NA	160
ENST00000481138.6	ENSG00000196597	-	6	2	3	0	1855	NA	NA	44	15
ENST00000259470.6	ENSG00000136943	-	8	1	6	0	99	NA	NA	10	126
ENST00000355295.5	ENSG00000196116	+	17	1	15	0	220	NA	NA	6	207
ENST00000259365.9	ENSG00000136842	+	10	1	8	0	64	NA	NA	48	120
ENST00000341170.5	ENSG00000136925	-	10	1	8	0	298	NA	NA	50	165
ENST00000375147.8	ENSG00000136937	+	23	0	22	0	113	NA	NA	NA	34
ENST00000339399.5	ENSG00000136938	+	7	0	6	0	67	NA	NA	NA	54
ENST00000210444.6	ENSG00000095380	+	6	0	5	0	209	NA	NA	NA	132
ENST00000341469.7	ENSG00000106785	-	6	0	5	0	535	NA	NA	NA	207
ENST00000375077.5	ENSG00000106789	-	12	0	10	0	131	NA	NA	0	201
ENST00000465784.7	ENSG00000095383	-	13	0	12	0	207	NA	NA	NA	369
ENST00000374994.9	ENSG00000106799	+	9	0	8	0	125	NA	NA	NA	97
ENST00000476832.2	ENSG00000119523	-	2	0	1	0	902	NA	NA	NA	348
ENST00000223641.5	ENSG00000106803	+	4	0	3	0	87	NA	NA	NA	3
ENST00000395097.7	ENSG00000119508	+	8	2	5	0	247	NA	NA	2	951
ENST00000259400.11	ENSG00000136874	+	8	1	6	0	239	NA	NA	62	123
ENST00000262455.7	ENSG00000023318	-	12	0	11	0	101	NA	NA	NA	57
ENST00000262457.7	ENSG00000119509	+	17	1	15	0	106	NA	NA	24	106
ENST00000395067.7	ENSG00000066697	+	3	1	1	0	409	NA	NA	33	418
ENST00000339664.7	ENSG00000136870	+	3	0	2	0	1720	NA	NA	NA	33
ENST00000389120.8	ENSG00000155827	+	20	1	18	0	176	NA	NA	26	129
ENST00000374793.8	ENSG00000136824	+	25	1	23	0	176	NA	NA	61	168
ENST00000374720.8	ENSG00000070214	+	16	0	15	0	23	NA	NA	NA	36
ENST00000481272.6	ENSG00000106701	+	14	0	13	0	125	NA	NA	NA	15
ENST00000357998.10	ENSG00000106692	+	11	2	8	0	213	NA	NA	88	105
ENST00000374692.8	ENSG00000095209	+	6	0	5	0	215	NA	NA	NA	112
ENST00000277225.10	ENSG00000148143	+	13	1	11	0	207	NA	NA	30	220
ENST00000358015.8	ENSG00000119318	+	10	0	9	0	113	NA	NA	NA	66
ENST00000374672.5	ENSG00000136826	-	5	0	4	0	175	NA	NA	NA	5
ENST00000374647.10	ENSG00000070061	-	37	1	35	0	67	NA	NA	55	150
ENST00000325551.9	ENSG00000119326	-	19	0	18	0	65	NA	NA	NA	141
ENST00000374541.4	ENSG00000070159	-	26	1	24	0	77	NA	NA	17	138
ENST00000374517.6	ENSG00000136810	-	5	0	4	0	62	NA	NA	NA	24
ENST00000683809.1	ENSG00000198121	-	6	3	2	0	301	NA	NA	103	45
ENST00000684092.1	ENSG00000136813	-	50	1	48	0	139	NA	NA	82	22
ENST00000407693.7	ENSG00000106853	-	10	1	8	0	110	NA	NA	10	106
ENST00000313525.4	ENSG00000059769	+	4	0	3	0	122	NA	NA	NA	336
ENST00000374293.5	ENSG00000242616	+	3	0	1	1	125	7	7	NA	81
ENST00000374279.4	ENSG00000148154	+	9	0	8	0	170	NA	NA	NA	98
ENST00000374257.6	ENSG00000119314	-	14	1	12	0	132	NA	NA	51	34
ENST00000398805.8	ENSG00000119471	+	11	0	10	0	112	NA	NA	NA	17
ENST00000337530.11	ENSG00000165185	+	4	1	2	0	806	NA	NA	24	1171
ENST00000374242.9	ENSG00000148153	-	5	1	3	0	95	NA	NA	56	25
ENST00000374232.8	ENSG00000148158	+	9	0	8	0	59	NA	NA	NA	156
ENST00000238256.8	ENSG00000119321	-	28	0	27	0	77	NA	NA	NA	53
ENST00000374212.5	ENSG00000136868	+	5	1	3	0	201	NA	NA	35	129
ENST00000374206.4	ENSG00000176386	-	4	2	1	0	176	NA	NA	41	81
ENST00000374198.5	ENSG00000136875	+	14	0	13	0	193	NA	NA	NA	27
ENST00000374180.4	ENSG00000119431	-	3	2	0	0	930	NA	NA	175	NA
ENST00000409155.8	ENSG00000148218	-	12	1	10	0	61	NA	NA	75	113
ENST00000374171.5	ENSG00000148229	-	5	1	3	0	172	NA	NA	115	66
ENST00000695401.1	ENSG00000138835	+	23	0	22	0	185	NA	NA	NA	79
ENST00000374126.10	ENSG00000157657	+	15	0	14	0	1516	NA	NA	NA	33
ENST00000362057.4	ENSG00000095397	-	12	0	11	0	182	NA	NA	NA	618
ENST00000374050.4	ENSG00000136888	+	3	0	2	0	173	NA	NA	NA	82
ENST00000350763.9	ENSG00000041982	-	28	1	26	0	110	NA	NA	136	457
ENST00000313400.9	ENSG00000148219	-	23	0	22	0	237	NA	NA	NA	442
ENST00000450136.2	ENSG00000119401	+	2	1	0	0	2042	NA	NA	81	NA
ENST00000349780.9	ENSG00000136861	-	38	0	37	0	56	NA	NA	NA	59
ENST00000373930.4	ENSG00000106780	-	6	0	5	0	451	NA	NA	NA	601
ENST00000608872.6	ENSG00000119402	-	8	2	5	0	288	NA	NA	20	490
ENST00000373855.7	ENSG00000119397	+	44	2	41	0	23	NA	NA	31	217
ENST00000373840.9	ENSG00000119396	-	8	1	6	0	177	NA	NA	7	52
ENST00000432226.7	ENSG00000148180	+	18	2	15	0	169	NA	NA	9	196
ENST00000408936.8	ENSG00000136848	+	16	0	15	0	167	NA	NA	NA	124
ENST00000417201.4	ENSG00000119446	-	6	1	4	0	159	NA	NA	16	113
ENST00000344641.8	ENSG00000148187	+	7	1	5	0	77	NA	NA	28	184
ENST00000362012.7	ENSG00000095303	+	11	0	10	0	355	NA	NA	NA	7
ENST00000259467.9	ENSG00000136940	-	4	1	2	0	551	NA	NA	5	172
ENST00000357244.7	ENSG00000056586	-	21	1	19	0	195	NA	NA	67	231
ENST00000373659.4	ENSG00000186130	-	2	1	0	0	1283	NA	NA	9	NA
ENST00000373656.4	ENSG00000171448	-	2	1	0	0	1335	NA	NA	10	NA
ENST00000373647.9	ENSG00000011454	+	26	1	24	0	122	NA	NA	49	150
ENST00000394215.7	ENSG00000119522	-	24	0	23	0	1193	NA	NA	NA	17
ENST00000320246.10	ENSG00000119408	+	10	1	8	0	110	NA	NA	29	90
ENST00000353214.6	ENSG00000136950	+	6	2	3	0	62	NA	NA	863	149
ENST00000373555.9	ENSG00000136935	-	23	2	20	0	80	NA	NA	155	135
ENST00000336505.11	ENSG00000173611	-	18	0	17	0	146	NA	NA	NA	53
ENST00000373547.9	ENSG00000119414	-	7	0	6	0	248	NA	NA	NA	75
ENST00000373538.8	ENSG00000136933	+	8	1	6	0	292	NA	NA	6	53
ENST00000324460.7	ENSG00000044574	-	8	0	7	0	562	NA	NA	NA	122
ENST00000297933.11	ENSG00000165219	+	28	3	24	0	140	NA	NA	32	185
ENST00000265960.8	ENSG00000119487	-	12	1	10	0	125	NA	NA	69	259
ENST00000373489.10	ENSG00000167081	+	9	0	8	0	92	NA	NA	NA	200
ENST00000361171.8	ENSG00000196814	+	10	0	9	0	86	NA	NA	NA	81
ENST00000373464.5	ENSG00000169155	+	3	2	0	0	1426	NA	NA	23	NA
ENST00000319119.5	ENSG00000177125	+	2	1	0	0	1524	NA	NA	10	NA
ENST00000259351.10	ENSG00000136828	+	19	1	17	0	29	NA	NA	65	57
ENST00000373371.8	ENSG00000136856	+	10	0	9	0	137	NA	NA	NA	56
ENST00000361436.10	ENSG00000197958	-	7	0	6	0	5	NA	NA	NA	37
ENST00000300417.11	ENSG00000148356	+	26	2	23	0	125	NA	NA	32	72
ENST00000373312.4	ENSG00000136830	-	14	0	13	0	586	NA	NA	NA	55
ENST00000373299.5	ENSG00000136854	+	19	0	18	0	82	NA	NA	NA	37
ENST00000373284.10	ENSG00000160404	-	5	0	4	0	244	NA	NA	NA	151
ENST00000373264.5	ENSG00000136807	+	7	0	6	0	365	NA	NA	NA	92
ENST00000373247.7	ENSG00000136877	+	15	0	14	0	409	NA	NA	NA	138
ENST00000373203.9	ENSG00000106991	-	15	0	14	0	124	NA	NA	NA	67
ENST00000335791.10	ENSG00000136840	-	6	1	4	0	189	NA	NA	75	12
ENST00000314392.13	ENSG00000136908	-	4	0	3	0	58	NA	NA	NA	3
ENST00000373095.6	ENSG00000167106	-	11	0	10	0	45	NA	NA	NA	146
ENST00000373078.5	ENSG00000171169	-	2	0	1	0	472	NA	NA	NA	511
ENST00000373069.10	ENSG00000148339	+	11	0	10	0	184	NA	NA	NA	261
ENST00000372938.10	ENSG00000148337	-	17	1	15	0	209	NA	NA	5	170
ENST00000372923.8	ENSG00000106976	+	22	0	21	0	60	NA	NA	NA	161
ENST00000611957.5	ENSG00000167110	-	27	0	26	0	214	NA	NA	NA	84
ENST00000372890.6	ENSG00000167112	-	8	0	7	0	325	NA	NA	NA	109
ENST00000300452.8	ENSG00000167113	+	7	0	6	0	171	NA	NA	NA	70
ENST00000300456.5	ENSG00000167114	+	13	1	11	0	157	NA	NA	6	161
ENST00000372838.9	ENSG00000167123	+	13	0	11	0	252	1	1	NA	197
ENST00000309971.9	ENSG00000119392	+	16	0	15	0	68	NA	NA	NA	99
ENST00000372739.7	ENSG00000197694	+	57	1	55	0	125	NA	NA	3	237
ENST00000322030.13	ENSG00000119335	+	8	0	7	0	23	NA	NA	NA	73
ENST00000291906.5	ENSG00000160447	+	22	0	21	0	212	NA	NA	NA	24
ENST00000372663.9	ENSG00000160446	-	5	0	4	0	321	NA	NA	NA	100
ENST00000291900.7	ENSG00000160445	-	16	1	14	0	57	NA	NA	94	158
ENST00000372648.10	ENSG00000107021	+	12	0	11	0	65	NA	NA	NA	23
ENST00000372642.5	ENSG00000167136	+	3	0	2	0	282	NA	NA	NA	501
ENST00000372586.4	ENSG00000175283	-	1	0	0	0	NA	NA	NA	NA	NA
ENST00000372577.2	ENSG00000095319	+	44	0	43	0	176	NA	NA	NA	32
ENST00000372564.8	ENSG00000148341	-	11	0	10	0	107	NA	NA	NA	63
ENST00000684074.1	ENSG00000148343	+	16	1	14	0	206	NA	NA	143	96
ENST00000372546.9	ENSG00000167130	+	8	0	7	0	36	NA	NA	NA	76
ENST00000318080.7	ENSG00000095321	-	14	0	13	0	215	NA	NA	NA	27
ENST00000393370.7	ENSG00000119383	+	10	0	9	0	77	NA	NA	NA	31
ENST00000372491.4	ENSG00000188483	-	1	0	0	0	NA	NA	NA	NA	NA
ENST00000340607.5	ENSG00000148344	-	3	0	2	0	249	NA	NA	NA	126
ENST00000259339.7	ENSG00000136816	+	5	0	4	0	241	NA	NA	NA	199
ENST00000351698.5	ENSG00000136827	-	5	0	4	0	250	NA	NA	NA	178
ENST00000372447.7	ENSG00000136819	-	9	0	8	0	91	NA	NA	NA	83
ENST00000372429.8	ENSG00000136878	+	26	2	22	1	160	17	17	16	81
ENST00000446176.7	ENSG00000187239	-	17	0	16	0	7	NA	NA	NA	24
ENST00000347136.11	ENSG00000148358	+	18	0	17	0	96	NA	NA	NA	141
ENST00000372398.6	ENSG00000107130	+	8	0	6	1	98	18	18	NA	64
ENST00000319725.10	ENSG00000107164	+	19	0	18	0	8	NA	NA	NA	84
ENST00000247291.8	ENSG00000126878	+	6	0	5	0	87	NA	NA	NA	31
ENST00000359428.10	ENSG00000126883	+	36	0	35	0	33	NA	NA	NA	45
ENST00000402686.8	ENSG00000130714	+	20	1	18	0	174	NA	NA	30	122
ENST00000372215.5	ENSG00000130717	-	7	0	6	0	181	NA	NA	NA	108
ENST00000683357.1	ENSG00000107263	-	27	0	26	0	150	NA	NA	NA	61
ENST00000292035.10	ENSG00000160563	-	8	0	7	0	134	NA	NA	NA	203
ENST00000224140.6	ENSG00000107290	-	26	2	23	0	746	NA	NA	7	177
ENST00000372159.8	ENSG00000125485	-	20	0	19	0	246	NA	NA	NA	75
ENST00000372146.5	ENSG00000125484	+	5	0	4	0	64	NA	NA	NA	357
ENST00000298552.9	ENSG00000165699	-	23	2	20	0	519	NA	NA	80	106
ENST00000343730.10	ENSG00000148297	-	5	1	3	0	189	NA	NA	38	123
ENST00000371964.5	ENSG00000148291	+	6	0	5	0	83	NA	NA	NA	78
ENST00000371989.8	ENSG00000148248	-	6	0	5	0	266	NA	NA	NA	48
ENST00000371942.8	ENSG00000148300	-	8	0	7	0	119	NA	NA	NA	225
ENST00000316948.9	ENSG00000160325	+	5	0	4	0	90	NA	NA	NA	121
ENST00000371899.9	ENSG00000160326	-	10	0	9	0	155	NA	NA	NA	92
ENST00000439388.6	ENSG00000123453	-	21	1	19	0	125	NA	NA	30	331
ENST00000303407.12	ENSG00000169925	-	12	1	10	0	115	NA	NA	113	213
ENST00000358625.4	ENSG00000196363	+	14	1	12	0	100	NA	NA	58	81
ENST00000481739.2	ENSG00000186350	+	10	0	9	0	147	NA	NA	NA	28
ENST00000371817.8	ENSG00000130635	+	66	0	65	0	146	NA	NA	NA	109
ENST00000371793.8	ENSG00000130558	+	6	0	5	0	674	NA	NA	NA	150
ENST00000389532.9	ENSG00000130559	-	17	0	16	0	302	NA	NA	NA	160
ENST00000371756.4	ENSG00000130560	-	10	0	9	0	115	NA	NA	NA	138
ENST00000277554.4	ENSG00000148411	-	6	1	4	0	508	NA	NA	59	886
ENST00000440944.6	ENSG00000160360	+	14	0	13	0	206	NA	NA	NA	68
ENST00000371738.4	ENSG00000213221	-	3	0	2	0	168	NA	NA	NA	228
ENST00000357365.8	ENSG00000165689	-	10	0	9	0	99	NA	NA	NA	70
ENST00000371712.4	ENSG00000148384	-	10	0	9	0	132	NA	NA	NA	812
ENST00000684901.1	ENSG00000148396	-	32	2	29	0	68	NA	NA	69	3567
ENST00000651671.1	ENSG00000148400	-	34	0	33	0	1487	NA	NA	NA	61
ENST00000308874.12	ENSG00000172889	+	11	3	7	0	22	NA	NA	42	80
ENST00000371696.7	ENSG00000169692	-	6	0	5	0	175	NA	NA	NA	182
ENST00000311502.12	ENSG00000196642	+	15	0	14	0	200	NA	NA	NA	130
ENST00000224073.6	ENSG00000107223	-	5	0	4	0	61	NA	NA	NA	78
ENST00000247668.7	ENSG00000127191	+	11	1	9	0	218	NA	NA	28	188
ENST00000325285.8	ENSG00000159069	-	9	1	7	0	243	NA	NA	23	193
ENST00000341511.11	ENSG00000107331	-	49	0	48	0	35	NA	NA	NA	66
ENST00000371579.7	ENSG00000176978	-	13	0	12	0	135	NA	NA	NA	67
ENST00000322310.10	ENSG00000176101	+	3	0	2	0	107	NA	NA	NA	52
ENST00000409012.6	ENSG00000176058	-	4	0	3	0	62	NA	NA	NA	1725
ENST00000684003.1	ENSG00000188566	+	14	0	13	0	144	NA	NA	NA	135
ENST00000357503.3	ENSG00000198113	+	2	1	0	0	1308	NA	NA	37	NA
ENST00000356628.4	ENSG00000198435	-	1	0	0	0	NA	NA	NA	NA	NA
ENST00000371475.9	ENSG00000165802	-	16	0	15	0	97	NA	NA	NA	71
ENST00000298585.3	ENSG00000165724	-	6	0	5	0	143	NA	NA	NA	51
ENST00000460843.6	ENSG00000181090	+	27	0	26	0	180	NA	NA	NA	21
ENST00000381604.9	ENSG00000015171	+	15	1	13	0	122	NA	NA	19	116
ENST00000280886.12	ENSG00000151240	-	37	0	36	0	252	NA	NA	NA	85
ENST00000316157.8	ENSG00000107929	-	18	1	16	0	287	NA	NA	39	81
ENST00000360803.9	ENSG00000107937	+	17	0	16	0	152	NA	NA	NA	48
ENST00000381344.8	ENSG00000067064	-	5	0	4	0	317	NA	NA	NA	140
ENST00000263150.9	ENSG00000047056	+	14	1	12	0	131	NA	NA	40	138
ENST00000381125.9	ENSG00000067057	+	22	0	21	0	129	NA	NA	NA	112
ENST00000497571.6	ENSG00000067082	-	4	0	3	0	51	NA	NA	NA	102
ENST00000380872.9	ENSG00000187134	+	9	0	8	0	42	NA	NA	NA	84
ENST00000380554.5	ENSG00000196139	+	9	0	8	0	42	NA	NA	NA	84
ENST00000355029.9	ENSG00000173848	+	12	0	11	0	406	NA	NA	NA	128
ENST00000357700.11	ENSG00000196372	-	6	0	5	0	127	NA	NA	NA	43
ENST00000380191.9	ENSG00000057608	-	11	0	10	0	146	NA	NA	NA	45
ENST00000362091.9	ENSG00000134452	+	21	0	20	0	170	NA	NA	NA	1
ENST00000379977.8	ENSG00000134470	-	7	0	6	0	111	NA	NA	NA	88
ENST00000379775.9	ENSG00000170525	+	15	0	14	0	47	NA	NA	NA	76
ENST00000397167.6	ENSG00000198879	-	21	1	19	0	140	NA	NA	51	100
ENST00000356708.12	ENSG00000165629	+	10	0	8	1	6	31	31	NA	56
ENST00000344293.6	ENSG00000165632	+	7	0	6	0	114	NA	NA	NA	166
ENST00000379328.9	ENSG00000107485	+	6	1	4	0	284	NA	NA	369	241
ENST00000633077.2	ENSG00000048740	+	13	0	12	0	127	NA	NA	NA	74
ENST00000609104.6	ENSG00000148429	-	15	1	13	0	1408	NA	NA	83	4
ENST00000379215.9	ENSG00000134463	+	5	0	4	0	320	NA	NA	NA	170
ENST00000357604.10	ENSG00000151461	-	22	1	20	0	9	NA	NA	18	365
ENST00000263035.9	ENSG00000181192	+	17	0	16	0	101	NA	NA	NA	154
ENST00000298428.14	ENSG00000065665	+	12	0	11	0	186	NA	NA	NA	7
ENST00000491614.6	ENSG00000165609	-	10	1	8	0	109	NA	NA	41	63
ENST00000619168.5	ENSG00000183049	+	11	0	10	0	118	NA	NA	NA	92
ENST00000378825.5	ENSG00000151468	-	3	0	2	0	263	NA	NA	NA	374
ENST00000263038.9	ENSG00000107537	-	9	0	8	0	53	NA	NA	NA	75
ENST00000327347.10	ENSG00000086475	-	9	1	7	0	214	NA	NA	78	193
ENST00000378572.8	ENSG00000165630	+	10	0	9	0	80	NA	NA	NA	66
ENST00000357447.7	ENSG00000151474	-	25	1	22	1	69	3	3	81	45
ENST00000181796.7	ENSG00000065809	-	5	0	4	0	116	NA	NA	NA	411
ENST00000378372.8	ENSG00000187522	+	14	0	13	0	78	NA	NA	NA	57
ENST00000354919.11	ENSG00000152455	+	6	0	5	0	106	NA	NA	NA	31
ENST00000378278.7	ENSG00000152457	-	14	0	13	0	922	NA	NA	NA	109
ENST00000356189.6	ENSG00000176244	-	4	0	3	0	73	NA	NA	NA	12
ENST00000378197.5	ENSG00000152464	+	3	2	0	0	861	NA	NA	10	NA
ENST00000378165.9	ENSG00000152465	-	12	0	11	0	20	NA	NA	NA	110
ENST00000378116.9	ENSG00000148468	-	8	0	7	0	1686	NA	NA	NA	97
ENST00000277632.8	ENSG00000148481	-	15	0	14	0	149	NA	NA	NA	94
ENST00000535784.7	ENSG00000165983	+	5	1	3	0	210	NA	NA	48	432
ENST00000345264.10	ENSG00000148484	-	9	1	7	0	102	NA	NA	3	109
ENST00000544301.7	ENSG00000026025	+	10	1	8	0	41	NA	NA	147	563
ENST00000377524.8	ENSG00000136738	+	14	0	13	0	237	NA	NA	NA	40
ENST00000377304.7	ENSG00000241058	-	11	0	10	0	212	NA	NA	NA	75
ENST00000377275.4	ENSG00000165997	+	6	0	5	0	48	NA	NA	NA	46
ENST00000377252.5	ENSG00000120594	+	14	0	13	0	116	NA	NA	NA	112
ENST00000377122.9	ENSG00000078114	-	28	0	27	0	176	NA	NA	NA	81
ENST00000307729.12	ENSG00000078403	+	23	0	21	0	44	NA	NA	0	160
ENST00000376980.8	ENSG00000136770	-	12	0	11	0	68	NA	NA	NA	222
ENST00000376573.9	ENSG00000150867	-	10	0	9	0	80	NA	NA	NA	144
ENST00000376510.8	ENSG00000148450	+	5	0	4	0	104	NA	NA	NA	118
ENST00000376454.8	ENSG00000120549	+	21	0	20	0	497	NA	NA	NA	70
ENST00000396432.7	ENSG00000107863	-	26	1	24	0	1694	NA	NA	380	63
ENST00000320152.11	ENSG00000099256	-	9	0	8	0	47	NA	NA	NA	48
ENST00000376356.5	ENSG00000185875	+	3	2	0	0	2279	NA	NA	48	NA
ENST00000376140.4	ENSG00000136754	-	11	0	10	0	175	NA	NA	NA	117
ENST00000376087.5	ENSG00000107890	-	34	0	33	0	133	NA	NA	NA	242
ENST00000376016.8	ENSG00000136758	-	19	0	18	0	143	NA	NA	NA	33
ENST00000375940.9	ENSG00000120539	+	12	0	11	0	157	NA	NA	NA	186
ENST00000396271.8	ENSG00000107897	-	13	0	12	0	12	NA	NA	NA	15
ENST00000356940.11	ENSG00000099246	+	7	0	6	0	175	NA	NA	NA	68
ENST00000683449.1	ENSG00000150054	-	17	1	15	0	179	NA	NA	131	37
ENST00000354911.9	ENSG00000095787	+	14	0	13	0	69	NA	NA	NA	41
ENST00000375533.6	ENSG00000095739	+	3	0	2	0	418	NA	NA	NA	76
ENST00000355867.9	ENSG00000197321	-	38	3	34	0	86	NA	NA	50	8
ENST00000263063.9	ENSG00000107951	-	9	0	8	0	362	NA	NA	NA	157
ENST00000263056.6	ENSG00000107968	+	9	2	6	0	130	NA	NA	23	336
ENST00000436087.7	ENSG00000183621	-	7	4	2	0	612	NA	NA	31	37
ENST00000424869.6	ENSG00000148516	+	9	0	8	0	592	NA	NA	NA	58
ENST00000344936.7	ENSG00000165322	-	20	2	17	0	174	NA	NA	71	684
ENST00000302418.5	ENSG00000170759	-	26	0	24	1	130	21	21	NA	126
ENST00000319778.11	ENSG00000120616	-	14	0	13	0	72	NA	NA	NA	153
ENST00000302278.8	ENSG00000150093	-	16	0	14	0	65	NA	NA	0	67
ENST00000374867.7	ENSG00000099250	-	17	0	16	0	289	NA	NA	NA	73
ENST00000374788.8	ENSG00000148498	-	25	0	24	0	393	NA	NA	NA	120
ENST00000374749.8	ENSG00000108094	-	21	1	19	0	131	NA	NA	22	119
ENST00000685392.1	ENSG00000095794	+	8	1	6	0	144	NA	NA	54	44
ENST00000374704.8	ENSG00000108100	+	10	0	9	0	116	NA	NA	NA	154
ENST00000374694.3	ENSG00000177283	-	1	0	0	0	NA	NA	NA	NA	NA
ENST00000395867.8	ENSG00000198105	-	6	2	3	0	1501	NA	NA	27	15
ENST00000302609.8	ENSG00000175395	-	6	1	4	0	1068	NA	NA	85	15
ENST00000374466.4	ENSG00000169826	+	8	1	6	0	292	NA	NA	253	661
ENST00000682386.1	ENSG00000169813	-	4	3	0	0	1299	NA	NA	52	NA
ENST00000374433.7	ENSG00000169740	-	3	1	1	0	751	NA	NA	69	70
ENST00000343575.11	ENSG00000107562	-	3	0	2	0	90	NA	NA	NA	61
ENST00000340258.10	ENSG00000107551	+	11	1	9	0	60	NA	NA	38	62
ENST00000298299.4	ENSG00000165512	+	2	1	0	0	763	NA	NA	89	NA
ENST00000453424.7	ENSG00000165406	-	8	1	6	0	304	NA	NA	78	102
ENST00000344646.10	ENSG00000172671	-	10	1	8	0	135	NA	NA	117	184
ENST00000580018.4	ENSG00000265354	+	7	0	6	0	115	NA	NA	NA	106
ENST00000581486.6	ENSG00000266412	-	10	1	8	0	5	NA	NA	14	141
ENST00000374189.6	ENSG00000107643	+	12	1	10	0	145	NA	NA	49	122
ENST00000355832.10	ENSG00000225830	-	21	1	19	0	419	NA	NA	14	422
ENST00000374103.9	ENSG00000197444	-	23	1	21	0	123	NA	NA	1	204
ENST00000616448.2	ENSG00000227345	-	18	0	17	0	154	NA	NA	NA	217
ENST00000282633.10	ENSG00000099290	+	31	0	30	0	139	NA	NA	NA	3
ENST00000361781.7	ENSG00000198964	-	11	6	4	0	179	NA	NA	231	623
ENST00000373980.11	ENSG00000185532	+	18	0	17	0	98	NA	NA	NA	311
ENST00000331173.6	ENSG00000177613	-	1	0	0	0	NA	NA	NA	NA	NA
ENST00000373944.8	ENSG00000122952	-	9	0	7	1	41	42	42	NA	41
ENST00000373935.4	ENSG00000151151	-	6	0	5	0	622	NA	NA	NA	190
ENST00000333926.6	ENSG00000122873	+	3	0	2	0	89	NA	NA	NA	31
ENST00000373910.9	ENSG00000072401	+	7	0	6	0	45	NA	NA	NA	24
ENST00000487519.6	ENSG00000108064	+	7	0	6	0	146	NA	NA	NA	101
ENST00000373886.8	ENSG00000122870	+	21	0	20	0	130	NA	NA	NA	190
ENST00000618804.5	ENSG00000148541	-	14	0	13	0	123	NA	NA	NA	62
ENST00000395348.8	ENSG00000165449	-	6	1	4	0	178	NA	NA	36	196
ENST00000263102.7	ENSG00000108091	-	9	0	8	0	194	NA	NA	NA	303
ENST00000280772.7	ENSG00000151150	-	44	0	42	1	68	20	20	NA	114
ENST00000395284.8	ENSG00000170312	+	8	1	6	0	98	NA	NA	25	37
ENST00000337910.10	ENSG00000072422	-	11	2	8	0	169	NA	NA	10	192
ENST00000373789.8	ENSG00000182010	-	12	0	11	0	535	NA	NA	NA	60
ENST00000373783.3	ENSG00000181915	+	1	0	0	0	NA	NA	NA	NA	NA
ENST00000277746.11	ENSG00000148572	+	4	0	3	0	707	NA	NA	NA	30
ENST00000373758.5	ENSG00000165476	+	8	0	7	0	56	NA	NA	NA	32
ENST00000225171.7	ENSG00000108176	-	5	0	4	0	94	NA	NA	NA	78
ENST00000212015.11	ENSG00000096717	+	9	0	8	0	328	NA	NA	NA	430
ENST00000373700.9	ENSG00000148634	-	25	2	22	0	208	NA	NA	78	226
ENST00000265866.12	ENSG00000096746	+	10	1	8	0	76	NA	NA	23	112
ENST00000602465.6	ENSG00000204130	-	18	0	17	0	143	NA	NA	NA	4
ENST00000358410.8	ENSG00000138346	-	21	0	20	0	68	NA	NA	NA	74
ENST00000609923.6	ENSG00000122912	-	9	0	8	0	156	NA	NA	NA	130
ENST00000265872.11	ENSG00000060339	+	25	1	23	0	59	NA	NA	50	73
ENST00000298596.11	ENSG00000165730	+	4	0	3	0	147	NA	NA	NA	310
ENST00000373585.8	ENSG00000107625	+	15	0	14	0	278	NA	NA	NA	87
ENST00000354185.9	ENSG00000165732	+	15	0	14	0	269	NA	NA	NA	87
ENST00000361983.7	ENSG00000198954	+	7	0	6	0	875	NA	NA	NA	426
ENST00000263559.11	ENSG00000122958	+	9	0	8	0	113	NA	NA	NA	3
ENST00000359426.7	ENSG00000156515	+	18	0	17	0	144	NA	NA	NA	63
ENST00000373290.7	ENSG00000099282	+	8	0	7	0	149	NA	NA	NA	96
ENST00000287078.7	ENSG00000156521	-	4	0	3	0	217	NA	NA	NA	1166
ENST00000373241.9	ENSG00000079332	-	7	1	5	0	116	NA	NA	16	58
ENST00000446961.4	ENSG00000172731	-	5	1	3	0	154	NA	NA	63	82
ENST00000373218.5	ENSG00000148730	+	3	0	2	0	31	NA	NA	NA	145
ENST00000263563.7	ENSG00000107719	+	20	1	18	0	152	NA	NA	29	185
ENST00000373202.8	ENSG00000166224	+	15	1	13	0	140	NA	NA	43	27
ENST00000335350.10	ENSG00000107731	+	17	0	16	0	165	NA	NA	NA	79
ENST00000373189.6	ENSG00000198246	+	6	0	5	0	654	NA	NA	NA	1
ENST00000394936.8	ENSG00000197746	-	14	0	13	0	35	NA	NA	NA	40
ENST00000373115.5	ENSG00000122863	+	3	1	1	0	1299	NA	NA	107	140
ENST00000299381.5	ENSG00000166295	+	4	1	2	0	115	NA	NA	27	142
ENST00000307365.4	ENSG00000168209	+	3	1	1	0	493	NA	NA	60	205
ENST00000444643.8	ENSG00000148719	-	9	0	7	1	121	31	31	NA	133
ENST00000361114.10	ENSG00000107745	-	12	1	10	0	160	NA	NA	1	161
ENST00000373053.8	ENSG00000156026	+	8	0	7	0	77	NA	NA	NA	150
ENST00000394890.7	ENSG00000122884	-	15	1	13	0	70	NA	NA	32	76
ENST00000357321.9	ENSG00000166321	+	9	1	7	0	200	NA	NA	9	83
ENST00000242505.11	ENSG00000138286	+	14	0	13	0	73	NA	NA	NA	47
ENST00000372950.6	ENSG00000213551	-	5	0	4	0	119	NA	NA	NA	180
ENST00000372945.8	ENSG00000182180	-	3	0	2	0	139	NA	NA	NA	13
ENST00000372921.10	ENSG00000138279	-	13	1	11	0	122	NA	NA	1	54
ENST00000360663.10	ENSG00000107758	-	14	0	13	0	178	NA	NA	NA	85
ENST00000687698.1	ENSG00000166348	-	24	2	21	0	559	NA	NA	17	147
ENST00000345254.9	ENSG00000176986	+	23	1	21	0	140	NA	NA	28	172
ENST00000372841.8	ENSG00000196968	+	3	0	2	0	144	NA	NA	NA	708
ENST00000604729.6	ENSG00000214655	+	26	0	25	0	203	NA	NA	NA	208
ENST00000423381.6	ENSG00000148660	-	23	0	21	1	232	13	13	NA	65
ENST00000372764.4	ENSG00000122861	+	11	1	9	0	176	NA	NA	31	57
ENST00000211998.10	ENSG00000035403	+	22	0	21	0	146	NA	NA	NA	168
ENST00000355264.9	ENSG00000185009	-	9	1	7	0	100	NA	NA	3	273
ENST00000287239.10	ENSG00000156650	+	18	2	15	0	2557	NA	NA	258	621
ENST00000542569.6	ENSG00000156671	+	6	1	4	0	304	NA	NA	15	578
ENST00000332211.11	ENSG00000165637	+	10	1	8	0	91	NA	NA	25	31
ENST00000372538.8	ENSG00000165644	-	7	0	6	0	152	NA	NA	NA	94
ENST00000372524.5	ENSG00000165655	-	2	0	1	0	1625	NA	NA	NA	315
ENST00000372391.7	ENSG00000151208	-	32	0	31	0	103	NA	NA	NA	304
ENST00000372371.8	ENSG00000148606	-	31	0	30	0	148	NA	NA	NA	44
ENST00000334512.10	ENSG00000108175	+	25	4	20	0	107	NA	NA	49	60
ENST00000225174.8	ENSG00000108179	+	6	0	5	0	135	NA	NA	NA	195
ENST00000372336.4	ENSG00000165424	-	4	0	3	0	113	NA	NA	NA	246
ENST00000422982.8	ENSG00000122359	-	16	2	13	0	59	NA	NA	8	55
ENST00000372134.6	ENSG00000165678	+	9	1	7	0	84	NA	NA	39	129
ENST00000372088.8	ENSG00000107771	+	10	1	8	0	818	NA	NA	39	1417
ENST00000298767.10	ENSG00000062650	-	19	1	17	0	65	NA	NA	22	499
ENST00000372037.8	ENSG00000107779	+	13	2	10	0	125	NA	NA	152	67
ENST00000372017.4	ENSG00000173267	+	5	0	4	0	20	NA	NA	NA	121
ENST00000277865.5	ENSG00000148672	-	13	0	12	0	119	NA	NA	NA	445
ENST00000371996.9	ENSG00000107789	+	5	0	4	0	396	NA	NA	NA	637
ENST00000456849.2	ENSG00000198682	+	13	0	12	0	138	NA	NA	NA	27
ENST00000680024.1	ENSG00000138138	-	10	1	8	0	120	NA	NA	13	162
ENST00000371953.8	ENSG00000171862	+	9	0	8	0	185	NA	NA	NA	79
ENST00000371926.8	ENSG00000138134	+	11	1	9	0	56	NA	NA	53	30
ENST00000224784.10	ENSG00000107796	-	9	1	7	0	143	NA	NA	23	129
ENST00000652046.1	ENSG00000026103	+	9	0	8	0	331	NA	NA	NA	30
ENST00000336233.10	ENSG00000107798	-	10	1	8	0	233	NA	NA	1	111
ENST00000307534.10	ENSG00000152782	-	7	0	6	0	59	NA	NA	NA	292
ENST00000371728.8	ENSG00000138182	+	33	1	31	0	77	NA	NA	1	147
ENST00000336126.6	ENSG00000180628	+	10	1	8	0	47	NA	NA	183	112
ENST00000298068.10	ENSG00000165338	+	21	0	20	0	120	NA	NA	NA	138
ENST00000238994.6	ENSG00000119938	-	2	0	1	0	939	NA	NA	NA	14
ENST00000371627.5	ENSG00000107854	+	27	0	26	0	62	NA	NA	NA	199
ENST00000265990.12	ENSG00000095564	+	38	0	37	0	143	NA	NA	NA	14
ENST00000265997.5	ENSG00000107864	-	10	1	8	0	227	NA	NA	11	1005
ENST00000358935.3	ENSG00000198060	+	6	0	5	0	116	NA	NA	NA	35
ENST00000260731.5	ENSG00000138160	+	22	0	21	0	131	NA	NA	NA	77
ENST00000282728.10	ENSG00000152804	+	4	0	3	0	221	NA	NA	NA	361
ENST00000359263.9	ENSG00000138119	-	54	0	53	0	38	NA	NA	NA	88
ENST00000371485.8	ENSG00000138180	+	9	1	7	0	203	NA	NA	12	183
ENST00000427197.2	ENSG00000176273	+	3	0	2	0	738	NA	NA	NA	178
ENST00000371380.8	ENSG00000138193	+	33	1	30	1	188	25	25	364	1206
ENST00000371361.3	ENSG00000173145	-	21	0	20	0	128	NA	NA	NA	9
ENST00000225235.5	ENSG00000108239	+	13	0	12	0	68	NA	NA	NA	971
ENST00000348459.10	ENSG00000119969	+	22	0	21	0	94	NA	NA	NA	31
ENST00000329399.7	ENSG00000107438	-	7	0	6	0	186	NA	NA	NA	96
ENST00000371224.7	ENSG00000059573	-	18	1	16	0	181	NA	NA	28	88
ENST00000371217.10	ENSG00000119977	-	14	0	13	0	233	NA	NA	NA	256
ENST00000465148.3	ENSG00000107443	+	6	1	4	0	411	NA	NA	41	69
ENST00000316045.10	ENSG00000177853	+	6	5	0	0	4577	NA	NA	126	NA
ENST00000371142.9	ENSG00000077147	-	15	0	14	0	67	NA	NA	NA	102
ENST00000339364.10	ENSG00000155629	-	17	0	16	0	57	NA	NA	NA	13
ENST00000421806.4	ENSG00000196233	+	8	5	2	0	4341	NA	NA	50	238
ENST00000371019.4	ENSG00000181274	-	1	0	0	0	NA	NA	NA	NA	NA
ENST00000370992.9	ENSG00000052749	-	34	0	33	0	102	NA	NA	NA	139
ENST00000334828.6	ENSG00000171314	+	4	0	3	0	169	NA	NA	NA	139
ENST00000393760.6	ENSG00000171307	+	12	2	9	0	114	NA	NA	5	243
ENST00000438925.7	ENSG00000155229	-	31	0	30	0	27	NA	NA	NA	112
ENST00000370664.4	ENSG00000165886	+	3	0	2	0	385	NA	NA	NA	70
ENST00000307450.11	ENSG00000171160	-	5	1	3	0	148	NA	NA	30	67
ENST00000370631.4	ENSG00000155252	+	9	0	8	0	161	NA	NA	NA	435
ENST00000285605.8	ENSG00000155254	+	2	0	0	1	NA	1588	1588	NA	2109
ENST00000684270.1	ENSG00000155256	+	13	1	11	0	64	NA	NA	1	197
ENST00000361490.9	ENSG00000107521	-	20	1	17	0	162	NA	NA	0	117
ENST00000370508.7	ENSG00000120053	-	9	0	8	0	139	NA	NA	NA	118
ENST00000370495.6	ENSG00000155287	-	4	0	3	0	517	NA	NA	NA	291
ENST00000370489.5	ENSG00000198018	+	13	1	11	0	231	NA	NA	95	8
ENST00000016171.6	ENSG00000014919	-	9	0	8	0	131	NA	NA	NA	90
ENST00000370476.10	ENSG00000119929	+	9	0	8	0	114	NA	NA	NA	61
ENST00000324109.9	ENSG00000107554	-	17	1	15	0	185	NA	NA	10	145
ENST00000421367.7	ENSG00000107566	-	11	0	10	0	221	NA	NA	NA	113
ENST00000370397.8	ENSG00000213341	-	21	0	20	0	29	NA	NA	NA	105
ENST00000370372.7	ENSG00000196072	-	5	0	4	0	31	NA	NA	NA	55
ENST00000370355.3	ENSG00000099194	+	6	0	5	0	199	NA	NA	NA	27
ENST00000238961.9	ENSG00000119906	+	20	0	19	0	35	NA	NA	NA	140
ENST00000210633.4	ENSG00000095539	+	15	1	13	0	826	NA	NA	384	124
ENST00000454422.2	ENSG00000107816	+	5	1	3	0	683	NA	NA	42	408
ENST00000393459.6	ENSG00000107819	+	12	2	9	0	96	NA	NA	3	161
ENST00000370162.8	ENSG00000166169	-	9	1	7	0	364	NA	NA	46	115
ENST00000331272.9	ENSG00000107829	-	9	0	8	0	119	NA	NA	NA	725
ENST00000370110.6	ENSG00000107833	-	6	0	4	1	118	10	10	NA	118
ENST00000361464.8	ENSG00000198408	-	16	0	15	0	136	NA	NA	NA	199
ENST00000299238.7	ENSG00000166189	+	1	0	0	0	NA	NA	NA	NA	NA
ENST00000673968.1	ENSG00000198728	-	11	0	10	0	230	NA	NA	NA	25
ENST00000278070.7	ENSG00000148840	+	14	0	13	0	103	NA	NA	NA	153
ENST00000605788.6	ENSG00000166197	+	13	0	12	0	158	NA	NA	NA	120
ENST00000369983.5	ENSG00000107862	+	40	1	38	0	280	NA	NA	10	96
ENST00000661543.1	ENSG00000077150	+	23	1	21	0	124	NA	NA	72	21
ENST00000369956.8	ENSG00000107872	+	4	0	3	0	189	NA	NA	NA	53
ENST00000369937.5	ENSG00000107874	-	9	1	7	0	146	NA	NA	10	74
ENST00000238936.8	ENSG00000138111	+	10	2	7	0	262	NA	NA	75	168
ENST00000369905.9	ENSG00000138107	-	11	0	10	0	102	NA	NA	NA	48
ENST00000369902.8	ENSG00000107882	+	12	0	11	0	89	NA	NA	NA	182
ENST00000643721.2	ENSG00000171206	+	6	0	5	0	607	NA	NA	NA	570
ENST00000260746.6	ENSG00000138175	-	6	0	5	0	47	NA	NA	NA	3
ENST00000369893.10	ENSG00000156398	+	12	1	10	0	99	NA	NA	25	161
ENST00000448841.7	ENSG00000166272	+	4	0	3	0	736	NA	NA	NA	90
ENST00000404739.8	ENSG00000076685	-	19	2	16	0	236	NA	NA	24	101
ENST00000369849.9	ENSG00000148798	+	3	0	2	0	309	NA	NA	NA	1065
ENST00000369847.4	ENSG00000156374	-	10	0	9	0	56	NA	NA	NA	360
ENST00000369774.9	ENSG00000107957	-	15	0	14	0	1973	NA	NA	NA	72
ENST00000224950.8	ENSG00000107960	-	10	1	8	0	157	NA	NA	62	133
ENST00000369755.4	ENSG00000065613	+	19	0	18	0	146	NA	NA	NA	150
ENST00000369727.4	ENSG00000156384	+	4	0	3	0	191	NA	NA	NA	13
ENST00000369713.10	ENSG00000148834	+	6	0	5	0	153	NA	NA	NA	34
ENST00000337478.3	ENSG00000148841	-	2	1	0	0	1656	NA	NA	13	NA
ENST00000356080.9	ENSG00000148700	+	15	1	13	0	292	NA	NA	29	195
ENST00000332674.9	ENSG00000119950	+	6	0	5	0	163	NA	NA	NA	274
ENST00000369603.10	ENSG00000119953	-	6	0	4	0	137	NA	NA	0	120
ENST00000369583.4	ENSG00000138166	+	4	0	3	0	406	NA	NA	NA	379
ENST00000361804.5	ENSG00000108055	+	29	0	28	0	71	NA	NA	NA	15
ENST00000280154.12	ENSG00000150593	+	12	1	10	0	60	NA	NA	62	43
ENST00000448814.7	ENSG00000214413	-	4	1	2	0	166	NA	NA	56	37
ENST00000369452.9	ENSG00000108061	+	9	1	7	0	208	NA	NA	234	703
ENST00000348367.9	ENSG00000119927	-	22	2	19	0	116	NA	NA	29	102
ENST00000354655.9	ENSG00000197142	+	21	1	19	0	140	NA	NA	29	156
ENST00000369405.7	ENSG00000023041	-	11	1	9	0	103	NA	NA	214	267
ENST00000393077.3	ENSG00000151532	+	8	0	7	0	93	NA	NA	NA	94
ENST00000355995.9	ENSG00000148737	+	15	0	14	0	417	NA	NA	NA	189
ENST00000369318.8	ENSG00000165806	+	7	0	5	0	229	NA	NA	0	110
ENST00000361384.7	ENSG00000198924	-	9	0	8	0	160	NA	NA	NA	460
ENST00000369301.3	ENSG00000196865	+	11	0	10	0	256	NA	NA	NA	178
ENST00000369287.8	ENSG00000165813	-	16	1	14	0	83	NA	NA	61	632
ENST00000533213.7	ENSG00000099204	-	23	0	22	0	113	NA	NA	NA	244
ENST00000369248.9	ENSG00000151553	+	17	0	16	0	105	NA	NA	NA	45
ENST00000298746.5	ENSG00000165832	+	8	0	7	0	256	NA	NA	NA	286
ENST00000355422.11	ENSG00000151892	-	11	1	9	0	146	NA	NA	246	40
ENST00000369209.8	ENSG00000165868	-	12	0	11	0	637	NA	NA	NA	40
ENST00000355371.9	ENSG00000187164	-	17	0	16	0	222	NA	NA	NA	58
ENST00000334464.7	ENSG00000165650	-	5	0	4	0	2203	NA	NA	NA	872
ENST00000369151.8	ENSG00000151893	-	9	0	8	0	40	NA	NA	NA	367
ENST00000425699.3	ENSG00000188613	+	1	0	0	0	NA	NA	NA	NA	NA
ENST00000369144.8	ENSG00000107581	-	22	0	21	0	229	NA	NA	NA	49
ENST00000298510.4	ENSG00000165672	-	7	0	6	0	53	NA	NA	NA	36
ENST00000392870.3	ENSG00000198873	+	16	0	15	0	98	NA	NA	NA	52
ENST00000369103.3	ENSG00000148908	-	5	0	4	0	146	NA	NA	NA	49
ENST00000436547.7	ENSG00000151923	-	12	0	11	0	126	NA	NA	NA	32
ENST00000369085.8	ENSG00000151929	+	4	0	3	0	818	NA	NA	NA	180
ENST00000650623.2	ENSG00000198825	+	20	0	19	0	1149	NA	NA	NA	97
ENST00000369077.4	ENSG00000197771	-	16	0	15	0	126	NA	NA	NA	58
ENST00000369075.8	ENSG00000107651	+	19	0	17	1	81	21	21	NA	163
ENST00000263461.11	ENSG00000120008	+	29	0	28	0	157	NA	NA	NA	86
ENST00000224652.12	ENSG00000107669	-	12	0	11	0	178	NA	NA	NA	106
ENST00000369023.8	ENSG00000107672	-	11	0	9	1	74	13	13	NA	292
ENST00000368886.10	ENSG00000095574	-	5	2	2	0	943	NA	NA	46	133
ENST00000358776.7	ENSG00000196177	+	11	0	10	0	70	NA	NA	NA	42
ENST00000368865.9	ENSG00000154473	+	8	0	6	0	15	NA	NA	0	195
ENST00000368845.6	ENSG00000065154	-	10	1	8	0	160	NA	NA	29	199
ENST00000368842.10	ENSG00000107902	+	7	0	6	0	96	NA	NA	NA	125
ENST00000337318.8	ENSG00000189319	-	5	1	3	0	362	NA	NA	174	78
ENST00000368836.7	ENSG00000203791	-	7	0	6	0	0	NA	NA	NA	110
ENST00000359653.4	ENSG00000019995	+	9	0	8	0	218	NA	NA	NA	814
ENST00000337195.11	ENSG00000175029	-	11	2	8	0	180	NA	NA	101	58
ENST00000356792.9	ENSG00000107938	+	25	0	24	0	171	NA	NA	NA	108
ENST00000284690.4	ENSG00000089876	-	11	0	10	0	168	NA	NA	NA	282
ENST00000448723.2	ENSG00000148848	-	23	0	22	0	60	NA	NA	NA	88
ENST00000623213.2	ENSG00000150760	+	52	0	51	0	95	NA	NA	NA	46
ENST00000254667.8	ENSG00000132334	+	21	2	18	0	74	NA	NA	7	109
ENST00000651593.1	ENSG00000170430	+	5	1	3	0	209	NA	NA	12	125
ENST00000440978.2	ENSG00000108001	-	17	0	16	0	17	NA	NA	NA	134
ENST00000331244.10	ENSG00000108010	+	11	0	10	0	50	NA	NA	NA	92
ENST00000338492.9	ENSG00000151640	+	14	0	13	0	91	NA	NA	NA	39
ENST00000368614.8	ENSG00000148814	+	11	1	9	0	176	NA	NA	48	210
ENST00000305233.6	ENSG00000171813	+	3	0	1	1	1647	17	17	NA	125
ENST00000368594.8	ENSG00000068383	+	16	0	14	1	80	8	8	NA	75
ENST00000368547.4	ENSG00000127884	-	8	0	7	0	65	NA	NA	NA	88
ENST00000382762.8	ENSG00000177951	-	4	0	3	0	167	NA	NA	NA	19
ENST00000526104.6	ENSG00000177963	+	10	0	9	0	120	NA	NA	NA	84
ENST00000408968.4	ENSG00000185885	+	2	0	1	0	191	NA	NA	NA	186
ENST00000399808.5	ENSG00000142089	-	2	0	1	0	152	NA	NA	NA	249
ENST00000329962.11	ENSG00000182272	+	20	0	19	0	123	NA	NA	NA	151
ENST00000331563.7	ENSG00000184363	+	13	0	12	0	35	NA	NA	NA	232
ENST00000431843.7	ENSG00000185187	-	10	1	8	0	163	NA	NA	153	7
ENST00000308020.6	ENSG00000174915	+	12	0	11	0	162	NA	NA	NA	182
ENST00000354420.7	ENSG00000023191	-	11	2	8	0	87	NA	NA	87	101
ENST00000397583.8	ENSG00000099849	+	6	1	4	0	87	NA	NA	7	124
ENST00000264555.10	ENSG00000070047	+	18	1	16	0	143	NA	NA	21	94
ENST00000525445.6	ENSG00000185507	-	11	1	9	0	155	NA	NA	283	20
ENST00000382409.4	ENSG00000177030	-	12	0	11	0	104	NA	NA	NA	289
ENST00000397510.9	ENSG00000177042	+	5	0	4	0	205	NA	NA	NA	19
ENST00000318562.13	ENSG00000177106	+	21	1	19	0	80	NA	NA	78	44
ENST00000319863.13	ENSG00000177225	-	8	0	7	0	6	NA	NA	NA	64
ENST00000628067.3	ENSG00000177542	-	10	1	8	0	153	NA	NA	163	20
ENST00000336615.9	ENSG00000177666	+	10	1	8	0	339	NA	NA	145	187
ENST00000397420.9	ENSG00000177697	+	9	2	6	0	59	NA	NA	7	84
ENST00000397397.7	ENSG00000214063	+	9	2	6	0	68	NA	NA	17	63
ENST00000323578.13	ENSG00000177830	-	13	1	11	0	98	NA	NA	43	111
ENST00000448903.7	ENSG00000183020	+	22	0	21	0	77	NA	NA	NA	67
ENST00000317204.11	ENSG00000078902	-	6	0	5	0	214	NA	NA	NA	33
ENST00000329957.7	ENSG00000182208	-	5	0	4	0	316	NA	NA	NA	110
ENST00000397374.8	ENSG00000184545	-	7	1	5	0	1056	NA	NA	108	231
ENST00000311604.8	ENSG00000130592	+	11	0	9	1	89	14	14	NA	53
ENST00000263645.10	ENSG00000110651	+	8	0	7	0	62	NA	NA	NA	66
ENST00000440480.8	ENSG00000129757	-	4	1	1	1	130	6	6	10	787
ENST00000314222.5	ENSG00000181649	-	2	0	0	1	NA	11	11	NA	469
ENST00000380542.9	ENSG00000205531	-	16	1	13	1	5	33	33	17	14
ENST00000380525.9	ENSG00000110619	-	23	0	22	0	134	NA	NA	NA	25
ENST00000263650.12	ENSG00000021762	-	22	1	20	0	138	NA	NA	21	136
ENST00000278243.9	ENSG00000148985	+	7	1	5	0	130	NA	NA	10	165
ENST00000351018.5	ENSG00000177105	-	2	1	0	0	643	NA	NA	68	NA
ENST00000526596.2	ENSG00000167323	+	13	0	12	0	516	NA	NA	NA	139
ENST00000300738.10	ENSG00000167325	+	19	0	18	0	188	NA	NA	NA	19
ENST00000254436.8	ENSG00000132109	-	7	1	5	0	568	NA	NA	49	408
ENST00000300747.10	ENSG00000167333	-	7	1	5	0	550	NA	NA	57	426
ENST00000380034.8	ENSG00000132256	-	8	1	6	0	586	NA	NA	61	417
ENST00000449352.7	ENSG00000051009	-	12	1	10	0	361	NA	NA	191	138
ENST00000609360.6	ENSG00000166313	-	15	1	13	0	167	NA	NA	14	721
ENST00000345851.8	ENSG00000110171	-	12	1	10	0	152	NA	NA	37	131
ENST00000396777.8	ENSG00000132254	-	8	1	6	0	155	NA	NA	42	99
ENST00000254605.11	ENSG00000132275	-	7	0	6	0	119	NA	NA	NA	99
ENST00000299421.9	ENSG00000166333	+	13	1	11	0	149	NA	NA	92	89
ENST00000299424.9	ENSG00000166337	-	5	0	4	0	89	NA	NA	NA	232
ENST00000299427.12	ENSG00000166340	-	13	0	12	0	140	NA	NA	NA	17
ENST00000288937.7	ENSG00000158042	-	3	0	2	0	284	NA	NA	NA	174
ENST00000299492.9	ENSG00000166387	+	24	1	22	0	194	NA	NA	36	64
ENST00000299498.11	ENSG00000166394	-	9	1	7	0	172	NA	NA	66	78
ENST00000299506.3	ENSG00000166402	+	12	0	11	0	133	NA	NA	NA	38
ENST00000534025.6	ENSG00000175348	-	5	0	4	0	155	NA	NA	NA	105
ENST00000328194.8	ENSG00000184014	-	23	0	22	0	183	NA	NA	NA	109
ENST00000528080.6	ENSG00000166471	-	7	0	6	0	169	NA	NA	NA	121
ENST00000379719.8	ENSG00000205339	+	25	0	24	0	97	NA	NA	NA	84
ENST00000396602.7	ENSG00000166478	+	16	1	14	0	83	NA	NA	7	112
ENST00000450114.7	ENSG00000166483	+	11	0	10	0	153	NA	NA	NA	576
ENST00000318950.11	ENSG00000133789	+	12	0	11	0	106	NA	NA	NA	99
ENST00000256190.13	ENSG00000133812	-	40	0	39	0	98	NA	NA	NA	55
ENST00000278175.10	ENSG00000148926	+	4	1	2	0	309	NA	NA	21	98
ENST00000396553.7	ENSG00000133805	+	15	1	13	0	176	NA	NA	5	221
ENST00000265981.7	ENSG00000110315	-	6	1	4	0	150	NA	NA	47	143
ENST00000413761.7	ENSG00000236287	-	3	2	0	0	2222	NA	NA	141	NA
ENST00000227756.5	ENSG00000110328	-	11	0	10	0	146	NA	NA	NA	235
ENST00000527733.7	ENSG00000170242	+	28	0	27	0	174	NA	NA	NA	39
ENST00000683431.1	ENSG00000050165	-	7	0	6	0	222	NA	NA	NA	213
ENST00000334956.15	ENSG00000197702	+	13	0	12	0	76	NA	NA	NA	136
ENST00000527636.7	ENSG00000187079	+	13	2	10	0	113	NA	NA	54	202
ENST00000403290.6	ENSG00000133794	+	20	4	15	0	160	NA	NA	8	140
ENST00000278174.10	ENSG00000148925	-	9	1	7	0	310	NA	NA	57	101
ENST00000354817.8	ENSG00000197601	+	12	1	10	0	162	NA	NA	7	189
ENST00000256196.9	ENSG00000133818	-	6	0	5	0	87	NA	NA	NA	108
ENST00000439561.7	ENSG00000129083	-	22	1	20	0	59	NA	NA	57	91
ENST00000396394.7	ENSG00000129084	-	10	0	9	0	56	NA	NA	NA	3
ENST00000282096.9	ENSG00000152270	+	16	0	15	0	199	NA	NA	NA	978
ENST00000683767.1	ENSG00000110693	-	16	1	14	0	303	NA	NA	4	237
ENST00000525634.6	ENSG00000110700	-	6	0	5	0	33	NA	NA	NA	23
ENST00000529010.6	ENSG00000070081	+	14	1	11	0	7	NA	NA	0	144
ENST00000265965.10	ENSG00000129158	-	11	0	10	0	328	NA	NA	NA	60
ENST00000524803.6	ENSG00000166788	-	12	0	11	0	92	NA	NA	NA	135
ENST00000349215.8	ENSG00000110756	-	23	1	21	0	60	NA	NA	49	108
ENST00000265963.9	ENSG00000110768	+	15	1	13	0	86	NA	NA	15	154
ENST00000422447.8	ENSG00000134333	+	8	1	6	0	164	NA	NA	24	126
ENST00000251968.4	ENSG00000074319	-	10	0	9	0	89	NA	NA	NA	42
ENST00000396197.8	ENSG00000151116	-	12	0	11	0	167	NA	NA	NA	42
ENST00000336349.6	ENSG00000179119	-	6	0	5	0	93	NA	NA	NA	60
ENST00000280734.3	ENSG00000151117	+	3	0	2	0	436	NA	NA	NA	21
ENST00000446113.7	ENSG00000177054	+	17	0	16	0	138	NA	NA	NA	27
ENST00000250024.9	ENSG00000129173	-	13	1	11	0	182	NA	NA	109	15
ENST00000451739.7	ENSG00000109854	+	5	0	4	0	225	NA	NA	NA	195
ENST00000328697.11	ENSG00000109881	-	6	0	5	0	214	NA	NA	NA	359
ENST00000379214.9	ENSG00000205213	-	18	0	17	0	1276	NA	NA	NA	185
ENST00000356660.9	ENSG00000176697	-	2	1	0	0	764	NA	NA	21	NA
ENST00000263181.7	ENSG00000121621	-	17	1	15	0	82	NA	NA	46	325
ENST00000465995.6	ENSG00000170946	+	5	1	3	0	130	NA	NA	33	111
ENST00000532287.6	ENSG00000148950	-	6	1	4	0	68	NA	NA	29	105
ENST00000054950.4	ENSG00000049449	+	6	0	5	0	107	NA	NA	NA	254
ENST00000257836.4	ENSG00000135378	+	6	1	4	0	231	NA	NA	22	103
ENST00000650167.2	ENSG00000060749	+	13	0	12	0	140	NA	NA	NA	209
ENST00000334274.9	ENSG00000176148	+	10	1	8	0	202	NA	NA	24	163
ENST00000323959.9	ENSG00000176102	-	21	0	20	0	202	NA	NA	NA	27
ENST00000303296.9	ENSG00000110422	+	17	1	15	0	476	NA	NA	2	1097
ENST00000642928.2	ENSG00000085063	-	4	1	2	0	217	NA	NA	18	67
ENST00000265651.8	ENSG00000110429	-	11	0	10	0	176	NA	NA	NA	104
ENST00000257818.3	ENSG00000135363	-	6	2	3	0	219	NA	NA	271	7
ENST00000341394.9	ENSG00000135387	+	19	0	17	0	64	NA	NA	0	216
ENST00000257829.8	ENSG00000135372	+	29	1	27	0	108	NA	NA	15	108
ENST00000435224.3	ENSG00000166016	-	17	0	16	0	197	NA	NA	NA	883
ENST00000241052.5	ENSG00000121691	+	13	0	12	0	65	NA	NA	NA	66
ENST00000395787.4	ENSG00000149089	-	7	0	6	0	99	NA	NA	NA	57
ENST00000227868.9	ENSG00000110435	+	11	0	10	0	258	NA	NA	NA	160
ENST00000428726.8	ENSG00000026508	+	18	0	17	0	204	NA	NA	NA	67
ENST00000317811.6	ENSG00000179431	+	1	0	0	0	NA	NA	NA	NA	NA
ENST00000315571.6	ENSG00000179241	+	6	0	5	0	237	NA	NA	NA	46
ENST00000530639.6	ENSG00000135362	+	9	1	7	0	394	NA	NA	125	164
ENST00000526995.6	ENSG00000175104	-	7	1	5	0	812	NA	NA	22	296
ENST00000531273.6	ENSG00000166181	+	14	0	13	0	82	NA	NA	NA	69
ENST00000039989.9	ENSG00000052841	+	24	0	23	0	131	NA	NA	NA	159
ENST00000278353.10	ENSG00000149084	+	11	0	10	0	104	NA	NA	NA	160
ENST00000302708.9	ENSG00000166199	+	10	1	8	0	92	NA	NA	70	79
ENST00000533608.7	ENSG00000151348	+	14	1	12	0	138	NA	NA	30	536
ENST00000227155.9	ENSG00000085117	+	10	2	7	0	77	NA	NA	20	63
ENST00000520358.7	ENSG00000157570	+	10	3	6	0	47	NA	NA	10	63
ENST00000525680.6	ENSG00000175274	-	7	1	5	0	133	NA	NA	31	129
ENST00000314134.4	ENSG00000181830	+	2	0	1	0	559	NA	NA	NA	535
ENST00000616080.2	ENSG00000121671	+	12	0	10	1	139	3	3	NA	215
ENST00000241014.6	ENSG00000121653	+	12	0	11	0	72	NA	NA	NA	101
ENST00000378750.10	ENSG00000121680	-	11	0	10	0	58	NA	NA	NA	112
ENST00000401752.6	ENSG00000165905	+	14	1	12	0	215	NA	NA	62	285
ENST00000676320.1	ENSG00000135365	-	19	3	15	0	257	NA	NA	83	54
ENST00000621158.5	ENSG00000157613	+	12	0	11	0	36	NA	NA	NA	102
ENST00000395566.9	ENSG00000110492	+	5	1	3	0	25	NA	NA	1	76
ENST00000683756.1	ENSG00000110497	-	18	1	16	0	493	NA	NA	120	135
ENST00000326737.3	ENSG00000180423	-	3	1	1	0	379	NA	NA	144	670
ENST00000683050.1	ENSG00000175224	+	19	2	16	0	77	NA	NA	13	69
ENST00000311956.9	ENSG00000175220	-	13	1	11	0	188	NA	NA	49	133
ENST00000529230.6	ENSG00000175216	-	44	1	42	0	242	NA	NA	37	57
ENST00000378623.6	ENSG00000134569	-	38	0	37	0	332	NA	NA	NA	52
ENST00000524782.6	ENSG00000149182	-	16	0	15	0	20	NA	NA	NA	72
ENST00000298838.11	ENSG00000165912	-	11	2	8	0	115	NA	NA	37	54
ENST00000256996.9	ENSG00000134574	+	10	0	9	0	49	NA	NA	NA	127
ENST00000672073.1	ENSG00000134575	-	11	0	10	0	133	NA	NA	NA	114
ENST00000441012.7	ENSG00000025434	+	10	1	8	0	146	NA	NA	37	43
ENST00000706887.1	ENSG00000110514	+	37	1	35	0	104	NA	NA	88	62
ENST00000362021.9	ENSG00000165915	+	10	1	8	0	75	NA	NA	8	301
ENST00000298852.8	ENSG00000165916	-	12	0	11	0	110	NA	NA	NA	75
ENST00000687097.1	ENSG00000149187	-	15	2	12	0	127	NA	NA	81	71
ENST00000302503.8	ENSG00000109919	-	13	0	12	0	86	NA	NA	NA	87
ENST00000263773.10	ENSG00000109920	-	17	0	16	0	90	NA	NA	NA	220
ENST00000378460.7	ENSG00000030066	-	36	0	35	0	89	NA	NA	NA	100
ENST00000418331.7	ENSG00000149177	+	25	0	24	0	158	NA	NA	NA	96
ENST00000358252.8	ENSG00000149115	-	12	1	9	1	60	13	13	65	94
ENST00000278412.7	ENSG00000149136	-	17	1	15	0	71	NA	NA	119	54
ENST00000395124.6	ENSG00000134802	-	14	2	11	0	104	NA	NA	180	184
ENST00000278426.8	ENSG00000149150	-	15	1	13	0	146	NA	NA	13	154
ENST00000287156.9	ENSG00000156587	-	4	0	3	0	151	NA	NA	NA	27
ENST00000533682.2	ENSG00000172409	+	3	1	1	0	671	NA	NA	22	606
ENST00000287169.8	ENSG00000156599	+	12	1	10	0	165	NA	NA	1070	104
ENST00000431606.5	ENSG00000156603	-	5	0	4	0	68	NA	NA	NA	217
ENST00000278422.9	ENSG00000213593	+	8	0	7	0	146	NA	NA	NA	189
ENST00000395074.7	ENSG00000110031	-	9	0	8	0	269	NA	NA	NA	13
ENST00000316059.7	ENSG00000186660	+	11	0	10	0	510	NA	NA	NA	341
ENST00000343597.4	ENSG00000189057	+	4	2	1	0	2123	NA	NA	86	81
ENST00000227451.4	ENSG00000110042	+	9	0	8	0	233	NA	NA	NA	211
ENST00000300146.10	ENSG00000166889	-	19	0	18	0	21	NA	NA	NA	15
ENST00000337979.9	ENSG00000166900	+	11	0	9	1	83	31	31	NA	30
ENST00000300151.5	ENSG00000166902	-	4	0	3	0	485	NA	NA	NA	55
ENST00000227524.9	ENSG00000110107	-	16	0	15	0	97	NA	NA	NA	19
ENST00000227525.8	ENSG00000110108	+	4	1	2	0	391	NA	NA	8	237
ENST00000453848.7	ENSG00000006118	+	11	0	10	0	1043	NA	NA	NA	100
ENST00000301765.10	ENSG00000167987	-	5	1	3	0	719	NA	NA	6	93
ENST00000294072.9	ENSG00000162144	-	7	2	4	0	23	NA	NA	15	184
ENST00000515837.7	ENSG00000187049	+	5	0	4	0	6	NA	NA	NA	34
ENST00000439958.8	ENSG00000149532	-	10	1	7	1	162	6	6	55	54
ENST00000301761.7	ENSG00000167985	+	4	0	3	0	130	NA	NA	NA	36
ENST00000257215.10	ENSG00000134780	+	20	1	18	0	957	NA	NA	44	95
ENST00000537328.6	ENSG00000134825	-	4	0	2	1	126	11	11	NA	3
ENST00000305885.3	ENSG00000168496	+	2	1	0	0	1163	NA	NA	21	NA
ENST00000350997.12	ENSG00000149485	-	12	0	11	0	51	NA	NA	NA	375
ENST00000278840.9	ENSG00000134824	+	12	0	11	0	51	NA	NA	NA	207
ENST00000278829.7	ENSG00000221968	-	12	0	11	0	51	NA	NA	NA	213
ENST00000394836.7	ENSG00000167994	-	10	0	9	0	82	NA	NA	NA	11
ENST00000273550.12	ENSG00000167996	-	4	0	3	0	164	NA	NA	NA	114
ENST00000415229.6	ENSG00000162174	+	7	1	5	0	205	NA	NA	88	190
ENST00000378024.9	ENSG00000124942	-	5	1	2	0	17330	NA	NA	0	154
ENST00000476907.6	ENSG00000149016	-	9	0	8	0	1150	NA	NA	NA	82
ENST00000278823.7	ENSG00000149480	-	18	0	17	0	165	NA	NA	NA	28
ENST00000394773.7	ENSG00000149499	-	22	0	21	0	203	NA	NA	NA	22
ENST00000265471.10	ENSG00000149541	-	5	0	4	0	98	NA	NA	NA	82
ENST00000301935.10	ENSG00000162191	-	9	0	8	0	49	NA	NA	NA	59
ENST00000301785.7	ENSG00000214753	-	14	0	13	0	80	NA	NA	NA	538
ENST00000316461.9	ENSG00000162222	+	3	0	2	0	94	NA	NA	NA	238
ENST00000394807.5	ENSG00000185670	-	2	1	0	0	1625	NA	NA	51	NA
ENST00000294172.7	ENSG00000162231	-	21	0	20	0	38	NA	NA	NA	28
ENST00000294179.8	ENSG00000162236	-	11	1	9	0	159	NA	NA	19	225
ENST00000415826.3	ENSG00000176485	-	5	1	3	0	101	NA	NA	54	15
ENST00000398868.8	ENSG00000184743	-	13	0	12	0	86	NA	NA	NA	46
ENST00000377819.10	ENSG00000133318	+	9	0	8	0	45	NA	NA	NA	142
ENST00000294244.9	ENSG00000168005	+	6	0	5	0	211	NA	NA	NA	127
ENST00000402010.8	ENSG00000072518	+	19	0	18	0	360	NA	NA	NA	54
ENST00000301459.5	ENSG00000167771	-	12	0	11	0	314	NA	NA	NA	127
ENST00000377793.9	ENSG00000110583	+	8	0	7	0	141	NA	NA	NA	6
ENST00000314133.4	ENSG00000176340	+	2	0	1	0	95	NA	NA	NA	114
ENST00000538426.6	ENSG00000167770	+	7	0	6	0	197	NA	NA	NA	58
ENST00000255681.7	ENSG00000133315	-	11	0	9	1	4	31	31	NA	298
ENST00000305218.9	ENSG00000168439	+	14	0	13	0	72	NA	NA	NA	9
ENST00000309318.8	ENSG00000173457	-	4	0	3	0	68	NA	NA	NA	258
ENST00000309032.8	ENSG00000002330	-	4	1	2	0	128	NA	NA	8	187
ENST00000438980.7	ENSG00000173264	+	7	0	6	0	159	NA	NA	NA	357
ENST00000000442.11	ENSG00000173153	+	7	1	5	0	259	NA	NA	12	325
ENST00000265462.9	ENSG00000126432	+	6	0	5	0	105	NA	NA	NA	171
ENST00000334205.9	ENSG00000162302	+	17	0	16	0	197	NA	NA	NA	55
ENST00000377390.8	ENSG00000168066	-	13	0	12	0	337	NA	NA	NA	31
ENST00000294066.7	ENSG00000168067	-	32	0	31	0	87	NA	NA	NA	96
ENST00000320631.8	ENSG00000110047	-	5	0	4	0	524	NA	NA	NA	404
ENST00000377264.8	ENSG00000110046	-	41	0	40	0	236	NA	NA	NA	171
ENST00000164133.7	ENSG00000068971	+	14	1	12	0	147	NA	NA	264	199
ENST00000246747.9	ENSG00000213465	+	5	0	4	0	134	NA	NA	NA	65
ENST00000652489.1	ENSG00000168061	+	2	0	1	0	502	NA	NA	NA	574
ENST00000294258.8	ENSG00000162300	+	8	1	6	0	186	NA	NA	8	102
ENST00000279263.14	ENSG00000149809	+	10	0	9	0	160	NA	NA	NA	52
ENST00000529639.6	ENSG00000149806	-	5	1	3	0	125	NA	NA	8	75
ENST00000279242.7	ENSG00000149792	+	4	0	3	0	146	NA	NA	NA	78
ENST00000377190.8	ENSG00000162298	-	16	1	14	0	106	NA	NA	17	132
ENST00000279247.11	ENSG00000014216	+	22	1	20	0	26	NA	NA	1	267
ENST00000528416.6	ENSG00000133884	+	11	0	10	0	76	NA	NA	NA	32
ENST00000398802.6	ENSG00000162241	-	7	1	5	0	268	NA	NA	18	37
ENST00000317568.10	ENSG00000126391	+	11	0	9	0	118	NA	NA	0	85
ENST00000270176.10	ENSG00000142186	+	18	0	17	0	124	NA	NA	NA	111
ENST00000301873.11	ENSG00000168056	-	28	0	27	0	151	NA	NA	NA	331
ENST00000309295.9	ENSG00000173442	+	19	0	18	0	99	NA	NA	NA	104
ENST00000309100.8	ENSG00000173327	-	10	0	9	0	337	NA	NA	NA	739
ENST00000355703.4	ENSG00000197136	+	35	0	34	0	212	NA	NA	NA	153
ENST00000534313.6	ENSG00000213445	+	16	1	14	0	146	NA	NA	91	679
ENST00000406246.8	ENSG00000173039	-	11	0	10	0	622	NA	NA	NA	7
ENST00000532090.3	ENSG00000254470	-	2	0	1	0	2486	NA	NA	NA	150
ENST00000308162.10	ENSG00000172757	-	4	0	3	0	112	NA	NA	NA	3
ENST00000307998.11	ENSG00000172638	-	11	1	9	0	161	NA	NA	7	111
ENST00000312579.4	ENSG00000175602	+	1	0	0	0	NA	NA	NA	NA	NA
ENST00000438576.3	ENSG00000175573	-	2	0	1	0	759	NA	NA	NA	122
ENST00000312515.7	ENSG00000175550	+	7	0	6	0	105	NA	NA	NA	42
ENST00000533544.6	ENSG00000175376	-	6	1	4	0	144	NA	NA	116	87
ENST00000312175.7	ENSG00000175334	+	3	1	1	0	146	NA	NA	16	123
ENST00000320580.9	ENSG00000175115	+	24	0	23	0	115	NA	NA	NA	356
ENST00000394067.7	ENSG00000174996	+	16	1	14	0	83	NA	NA	11	228
ENST00000311481.11	ENSG00000174903	+	6	0	5	0	194	NA	NA	NA	14
ENST00000376901.9	ENSG00000174851	-	8	0	7	0	146	NA	NA	NA	31
ENST00000311320.9	ENSG00000174791	-	10	0	9	0	476	NA	NA	NA	86
ENST00000357440.7	ENSG00000174669	-	12	0	11	0	111	NA	NA	NA	29
ENST00000531863.6	ENSG00000254986	+	18	1	16	0	172	NA	NA	8	270
ENST00000310442.5	ENSG00000174165	-	3	0	2	0	295	NA	NA	NA	281
ENST00000310325.10	ENSG00000174080	-	13	0	12	0	74	NA	NA	NA	213
ENST00000533244.6	ENSG00000173992	+	8	0	7	0	153	NA	NA	NA	39
ENST00000310137.5	ENSG00000239306	+	3	0	2	0	207	NA	NA	NA	337
ENST00000310046.9	ENSG00000173914	-	4	1	1	1	667	10	10	12	412
ENST00000393960.7	ENSG00000173599	-	23	2	19	0	248	NA	NA	0	136
ENST00000309602.5	ENSG00000173621	+	2	0	1	0	558	NA	NA	NA	1349
ENST00000308831.7	ENSG00000173156	+	5	0	4	0	167	NA	NA	NA	132
ENST00000529006.7	ENSG00000173120	+	21	1	19	0	181	NA	NA	83	42
ENST00000308595.10	ENSG00000173020	+	21	0	20	0	164	NA	NA	NA	113
ENST00000511455.7	ENSG00000172932	+	15	0	14	0	213	NA	NA	NA	90
ENST00000308127.9	ENSG00000172830	+	14	0	13	0	296	NA	NA	NA	66
ENST00000312419.8	ENSG00000175482	-	4	0	3	0	24	NA	NA	NA	97
ENST00000307980.7	ENSG00000172613	+	11	0	10	0	95	NA	NA	NA	34
ENST00000376745.9	ENSG00000172531	-	7	0	6	0	110	NA	NA	NA	55
ENST00000312629.10	ENSG00000175634	+	15	0	14	0	180	NA	NA	NA	78
ENST00000279146.8	ENSG00000110711	+	6	0	5	0	205	NA	NA	NA	99
ENST00000356404.8	ENSG00000110697	-	24	1	22	0	263	NA	NA	41	78
ENST00000376693.3	ENSG00000167799	-	4	0	3	0	305	NA	NA	NA	194
ENST00000342456.11	ENSG00000006534	+	10	1	8	0	190	NA	NA	1	162
ENST00000265686.8	ENSG00000110719	+	20	1	18	0	78	NA	NA	4	117
ENST00000265689.9	ENSG00000110721	-	12	0	11	0	59	NA	NA	NA	350
ENST00000304363.9	ENSG00000110066	-	11	1	9	0	1483	NA	NA	76	160
ENST00000294304.12	ENSG00000162337	+	23	0	22	0	261	NA	NA	NA	91
ENST00000393800.7	ENSG00000110075	+	24	2	21	0	51	NA	NA	6	227
ENST00000265641.10	ENSG00000110090	-	19	1	17	0	86	NA	NA	13	141
ENST00000255078.8	ENSG00000132740	+	15	0	14	0	197	NA	NA	NA	86
ENST00000294309.8	ENSG00000162341	+	25	0	24	0	78	NA	NA	NA	109
ENST00000227507.3	ENSG00000110092	+	5	0	4	0	164	NA	NA	NA	198
ENST00000301838.5	ENSG00000168040	+	2	0	1	0	340	NA	NA	NA	286
ENST00000253925.12	ENSG00000131626	+	28	0	25	1	58	13	13	0	264
ENST00000301843.13	ENSG00000085733	+	18	1	15	0	136	NA	NA	0	87
ENST00000355527.8	ENSG00000172893	-	9	2	6	0	464	NA	NA	6	98
ENST00000393695.8	ENSG00000137497	-	27	2	24	0	11	NA	NA	32	42
ENST00000278671.10	ENSG00000149357	-	5	0	4	0	92	NA	NA	NA	42
ENST00000227618.9	ENSG00000110200	-	6	2	3	0	47	NA	NA	10	120
ENST00000298229.7	ENSG00000165458	+	28	0	27	0	90	NA	NA	NA	182
ENST00000538039.6	ENSG00000162129	-	16	0	15	0	248	NA	NA	NA	403
ENST00000393609.8	ENSG00000186635	-	35	2	32	0	17	NA	NA	44	509
ENST00000321297.10	ENSG00000168010	+	18	0	17	0	87	NA	NA	NA	118
ENST00000409418.9	ENSG00000137478	-	20	0	19	0	83	NA	NA	NA	21
ENST00000263674.4	ENSG00000110237	+	21	0	20	0	196	NA	NA	NA	3192
ENST00000064780.7	ENSG00000054967	+	11	1	9	0	47	NA	NA	25	45
ENST00000356467.5	ENSG00000054965	-	8	1	5	1	112	19	19	18	70
ENST00000336083.8	ENSG00000175582	-	8	0	7	0	64	NA	NA	NA	70
ENST00000310614.12	ENSG00000175581	+	8	0	7	0	74	NA	NA	NA	21
ENST00000355693.5	ENSG00000181924	-	2	1	0	0	279	NA	NA	16	NA
ENST00000663595.2	ENSG00000175567	-	8	2	5	0	114	NA	NA	99	126
ENST00000328257.13	ENSG00000214517	+	14	0	13	0	18	NA	NA	NA	101
ENST00000298198.5	ENSG00000165434	-	14	0	13	0	102	NA	NA	NA	111
ENST00000263681.7	ENSG00000077514	+	12	0	11	0	202	NA	NA	NA	60
ENST00000263672.11	ENSG00000118363	+	5	0	4	0	186	NA	NA	NA	114
ENST00000294064.9	ENSG00000162139	+	3	0	2	0	1079	NA	NA	NA	94
ENST00000420843.7	ENSG00000137486	-	16	0	15	0	111	NA	NA	NA	20
ENST00000336898.8	ENSG00000158555	-	17	2	14	0	148	NA	NA	60	117
ENST00000358171.8	ENSG00000149257	+	5	1	3	0	302	NA	NA	34	622
ENST00000228027.12	ENSG00000062282	+	8	0	7	0	154	NA	NA	NA	121
ENST00000356136.8	ENSG00000198382	+	15	0	14	0	702	NA	NA	NA	117
ENST00000260045.8	ENSG00000137492	-	5	0	4	0	1930	NA	NA	NA	89
ENST00000695367.1	ENSG00000158636	+	22	1	20	0	194	NA	NA	39	70
ENST00000333090.5	ENSG00000182704	+	2	1	0	0	1069	NA	NA	8	NA
ENST00000532485.6	ENSG00000078124	+	11	0	10	0	53	NA	NA	NA	103
ENST00000648180.1	ENSG00000149260	+	13	1	11	0	182	NA	NA	35	165
ENST00000356341.8	ENSG00000149269	-	15	1	13	0	86	NA	NA	21	190
ENST00000313578.4	ENSG00000178301	+	3	0	2	0	79	NA	NA	NA	619
ENST00000525428.6	ENSG00000074201	-	7	0	5	1	67	23	23	NA	125
ENST00000393427.7	ENSG00000087884	+	4	1	2	0	140	NA	NA	18	132
ENST00000340067.4	ENSG00000188997	-	2	1	0	0	811	NA	NA	29	NA
ENST00000529308.6	ENSG00000118369	+	11	1	9	0	167	NA	NA	10	673
ENST00000361507.5	ENSG00000033327	-	10	0	9	0	143	NA	NA	NA	75
ENST00000313010.8	ENSG00000137509	-	9	0	8	0	216	NA	NA	NA	168
ENST00000527633.6	ENSG00000137502	-	5	1	3	0	250	NA	NA	8	93
ENST00000690938.1	ENSG00000165494	+	16	0	15	0	215	NA	NA	NA	192
ENST00000529689.6	ENSG00000137500	-	9	0	8	0	55	NA	NA	NA	100
ENST00000304511.7	ENSG00000171202	+	5	1	3	0	192	NA	NA	7	86
ENST00000527447.2	ENSG00000137504	-	1	0	0	0	NA	NA	NA	NA	NA
ENST00000393346.8	ENSG00000073921	-	20	0	19	0	14	NA	NA	NA	130
ENST00000263360.11	ENSG00000074266	+	12	0	11	0	126	NA	NA	NA	114
ENST00000278483.8	ENSG00000149196	+	5	0	4	0	54	NA	NA	NA	30
ENST00000280258.6	ENSG00000150687	+	2	1	0	0	1164	NA	NA	13	NA
ENST00000531380.2	ENSG00000174804	-	2	0	1	0	1328	NA	NA	NA	285
ENST00000305494.6	ENSG00000166575	+	15	0	14	0	132	NA	NA	NA	141
ENST00000243662.11	ENSG00000123892	-	3	0	2	0	152	NA	NA	NA	202
ENST00000227266.10	ENSG00000109861	-	7	0	6	0	502	NA	NA	NA	172
ENST00000320585.11	ENSG00000110172	-	11	0	10	0	146	NA	NA	NA	64
ENST00000326402.9	ENSG00000180773	-	11	0	10	0	307	NA	NA	NA	55
ENST00000298966.7	ENSG00000166002	-	3	2	0	0	259	NA	NA	80	NA
ENST00000448108.7	ENSG00000166012	-	6	1	4	0	143	NA	NA	27	68
ENST00000251871.9	ENSG00000042429	+	12	0	11	0	211	NA	NA	NA	250
ENST00000227638.8	ENSG00000110218	+	5	0	4	0	79	NA	NA	NA	181
ENST00000544612.6	ENSG00000168876	+	3	1	1	0	461	NA	NA	90	258
ENST00000433060.3	ENSG00000166025	+	13	0	12	0	106	NA	NA	NA	49
ENST00000335080.6	ENSG00000186280	+	3	2	0	0	1920	NA	NA	349	NA
ENST00000278505.5	ENSG00000149218	+	2	0	1	0	1202	NA	NA	NA	300
ENST00000536441.7	ENSG00000149212	-	10	0	9	0	86	NA	NA	NA	78
ENST00000358780.10	ENSG00000077458	-	10	0	9	0	89	NA	NA	NA	87
ENST00000325542.10	ENSG00000166037	+	11	0	10	0	230	NA	NA	NA	45
ENST00000346299.10	ENSG00000087053	-	15	0	14	0	161	NA	NA	NA	80
ENST00000524717.6	ENSG00000184384	-	5	0	4	0	1015	NA	NA	NA	513
ENST00000332349.5	ENSG00000183340	+	2	1	0	0	1741	NA	NA	167	NA
ENST00000298815.13	ENSG00000165895	+	24	0	23	0	88	NA	NA	NA	154
ENST00000282441.10	ENSG00000137693	+	9	0	8	0	238	NA	NA	NA	321
ENST00000227758.7	ENSG00000110330	+	9	1	7	0	193	NA	NA	1257	895
ENST00000398136.7	ENSG00000152558	-	5	0	4	0	24	NA	NA	NA	100
ENST00000393158.7	ENSG00000170962	-	7	0	6	0	125	NA	NA	NA	124
ENST00000444739.7	ENSG00000196954	-	9	0	7	1	98	6	6	NA	7
ENST00000533400.6	ENSG00000137752	-	9	0	8	0	98	NA	NA	NA	7
ENST00000301919.9	ENSG00000170903	-	3	1	1	0	575	NA	NA	150	462
ENST00000531837.2	ENSG00000182359	-	4	2	1	0	1605	NA	NA	12	233
ENST00000278618.9	ENSG00000149313	+	6	0	5	0	164	NA	NA	NA	183
ENST00000525815.6	ENSG00000110660	-	8	0	7	0	185	NA	NA	NA	110
ENST00000393094.7	ENSG00000166266	+	19	0	18	0	194	NA	NA	NA	24
ENST00000265838.9	ENSG00000075239	+	12	0	11	0	120	NA	NA	NA	72
ENST00000278612.9	ENSG00000149308	-	18	0	17	0	77	NA	NA	NA	37
ENST00000322536.8	ENSG00000178105	+	18	0	17	0	177	NA	NA	NA	186
ENST00000278590.8	ENSG00000149289	+	6	0	5	0	1396	NA	NA	NA	21
ENST00000645495.2	ENSG00000137710	-	14	1	12	0	164	NA	NA	64	12
ENST00000260270.3	ENSG00000137714	+	4	0	3	0	114	NA	NA	NA	185
ENST00000375614.7	ENSG00000204381	+	7	0	6	0	363	NA	NA	NA	85
ENST00000304987.4	ENSG00000170145	+	15	0	14	0	633	NA	NA	NA	135
ENST00000527614.6	ENSG00000137713	-	15	0	14	0	16	NA	NA	NA	114
ENST00000440460.7	ENSG00000150764	+	20	0	19	0	80	NA	NA	NA	60
ENST00000280346.11	ENSG00000150768	+	14	0	13	0	129	NA	NA	NA	279
ENST00000504148.3	ENSG00000150779	-	2	0	1	0	167	NA	NA	NA	84
ENST00000375549.8	ENSG00000204370	+	4	0	3	0	165	NA	NA	NA	52
ENST00000280357.12	ENSG00000150782	-	6	1	4	0	221	NA	NA	8	79
ENST00000316851.12	ENSG00000149294	+	20	0	19	0	120	NA	NA	NA	52
ENST00000529221.6	ENSG00000149292	+	22	1	20	0	75	NA	NA	15	58
ENST00000299964.4	ENSG00000166741	+	3	0	2	0	432	NA	NA	NA	154
ENST00000375490.10	ENSG00000076053	+	5	0	4	0	362	NA	NA	NA	96
ENST00000331581.11	ENSG00000182985	-	12	0	11	0	118	NA	NA	NA	124
ENST00000260210.5	ENSG00000137656	-	10	0	9	0	93	NA	NA	NA	143
ENST00000527958.6	ENSG00000168092	+	6	1	4	0	278	NA	NA	7	81
ENST00000324225.9	ENSG00000149577	+	26	0	25	0	62	NA	NA	NA	183
ENST00000392951.9	ENSG00000149591	+	5	1	3	0	144	NA	NA	12	180
ENST00000320934.8	ENSG00000160613	-	17	2	14	0	359	NA	NA	12	468
ENST00000300650.9	ENSG00000167257	+	15	1	13	0	65	NA	NA	6	107
ENST00000313005.11	ENSG00000186318	-	9	0	8	0	241	NA	NA	NA	261
ENST00000278935.8	ENSG00000110274	+	33	2	30	0	96	NA	NA	21	82
ENST00000278937.7	ENSG00000149573	-	6	0	4	1	63	13	13	NA	58
ENST00000252108.8	ENSG00000110344	+	20	1	18	0	126	NA	NA	41	121
ENST00000313236.10	ENSG00000149582	+	9	1	7	0	73	NA	NA	27	70
ENST00000264028.5	ENSG00000095139	+	10	0	9	0	89	NA	NA	NA	3
ENST00000600882.6	ENSG00000019144	+	23	1	21	0	140	NA	NA	21	60
ENST00000534980.7	ENSG00000110367	-	14	1	11	1	175	8	8	267	200
ENST00000683865.1	ENSG00000186174	-	10	2	7	0	1093	NA	NA	76	26
ENST00000533632.6	ENSG00000196655	+	5	0	4	0	78	NA	NA	NA	175
ENST00000617285.5	ENSG00000149428	-	26	1	24	0	61	NA	NA	7	91
ENST00000621676.5	ENSG00000160695	+	16	0	15	0	164	NA	NA	NA	187
ENST00000652429.1	ENSG00000256269	+	14	0	13	0	173	NA	NA	NA	33
ENST00000354202.9	ENSG00000172269	-	9	0	8	0	65	NA	NA	NA	161
ENST00000648610.2	ENSG00000172375	+	14	0	13	0	211	NA	NA	NA	354
ENST00000350777.7	ENSG00000172273	+	10	1	8	0	414	NA	NA	10	181
ENST00000264033.6	ENSG00000110395	+	16	0	15	0	286	NA	NA	NA	195
ENST00000264036.6	ENSG00000076706	-	16	0	15	0	29	NA	NA	NA	67
ENST00000260187.7	ENSG00000036672	-	13	1	11	0	87	NA	NA	41	774
ENST00000284240.10	ENSG00000154096	-	4	1	2	0	112	NA	NA	24	37
ENST00000264025.8	ENSG00000110400	-	6	0	5	0	550	NA	NA	NA	79
ENST00000328965.9	ENSG00000184232	+	4	0	3	0	274	NA	NA	NA	231
ENST00000397843.7	ENSG00000196914	+	41	0	40	0	10	NA	NA	NA	32
ENST00000683345.1	ENSG00000154114	+	9	2	6	0	318	NA	NA	17	133
ENST00000264027.9	ENSG00000109929	+	5	1	3	0	455	NA	NA	10	210
ENST00000284273.6	ENSG00000154127	+	14	0	13	0	137	NA	NA	NA	161
ENST00000534624.6	ENSG00000109971	-	9	1	7	0	185	NA	NA	5	205
ENST00000448775.4	ENSG00000166250	-	7	0	6	0	300	NA	NA	NA	28
ENST00000635736.2	ENSG00000023171	+	20	0	19	0	89	NA	NA	NA	374
ENST00000530393.6	ENSG00000166261	-	9	3	5	0	994	NA	NA	97	402
ENST00000456829.7	ENSG00000110002	+	19	2	16	0	79	NA	NA	15	43
ENST00000263593.8	ENSG00000110013	-	10	0	9	0	251	NA	NA	NA	67
ENST00000227135.7	ENSG00000064199	+	5	1	3	0	143	NA	NA	27	154
ENST00000284292.11	ENSG00000154146	+	4	0	1	2	221	6	24	NA	15
ENST00000344762.6	ENSG00000149548	+	16	1	14	0	121	NA	NA	9	177
ENST00000682305.1	ENSG00000150433	-	5	2	2	0	134	NA	NA	76	110
ENST00000278919.8	ENSG00000149557	-	10	1	8	0	16	NA	NA	45	311
ENST00000278903.11	ENSG00000149547	+	11	1	9	0	162	NA	NA	70	42
ENST00000392708.9	ENSG00000134910	+	18	1	16	0	38	NA	NA	35	88
ENST00000438015.7	ENSG00000149554	+	13	1	11	0	95	NA	NA	20	65
ENST00000531738.6	ENSG00000064309	-	20	1	18	0	163	NA	NA	61	76
ENST00000533050.6	ENSG00000197798	+	9	2	6	0	13	NA	NA	7	86
ENST00000332118.11	ENSG00000182934	-	14	0	13	0	128	NA	NA	NA	117
ENST00000392679.6	ENSG00000150455	+	5	2	2	0	19	NA	NA	92	67
ENST00000263579.5	ENSG00000110063	+	6	0	5	0	266	NA	NA	NA	201
ENST00000444328.7	ENSG00000110080	+	11	1	9	0	86	NA	NA	60	16
ENST00000392668.8	ENSG00000134954	-	10	1	8	0	215	NA	NA	14	69
ENST00000527786.7	ENSG00000151702	+	9	0	8	0	529	NA	NA	NA	18
ENST00000682444.1	ENSG00000170322	-	27	2	24	0	125	NA	NA	21	135
ENST00000360871.8	ENSG00000170325	-	21	1	19	0	203	NA	NA	118	69
ENST00000338167.10	ENSG00000084234	+	17	0	16	0	101	NA	NA	NA	105
ENST00000357899.9	ENSG00000196323	-	8	1	5	1	26	49	49	56	1018
ENST00000265909.9	ENSG00000120451	-	11	0	10	0	132	NA	NA	NA	1674
ENST00000281187.10	ENSG00000151502	+	6	0	5	0	146	NA	NA	NA	223
ENST00000281182.9	ENSG00000151498	+	11	0	10	0	52	NA	NA	NA	109
ENST00000399788.7	ENSG00000073614	-	28	0	27	0	206	NA	NA	NA	165
ENST00000239830.9	ENSG00000120647	+	13	2	10	0	146	NA	NA	16	38
ENST00000315939.11	ENSG00000060237	+	28	0	27	0	317	NA	NA	NA	759
ENST00000358495.8	ENSG00000002016	-	12	1	10	0	61	NA	NA	18	84
ENST00000360905.9	ENSG00000082805	+	19	1	17	0	137	NA	NA	156	669
ENST00000339235.4	ENSG00000171823	-	2	0	1	0	62	NA	NA	NA	1194
ENST00000397196.7	ENSG00000111186	+	5	1	3	0	458	NA	NA	57	80
ENST00000357103.5	ENSG00000006831	+	8	1	6	0	128	NA	NA	86	171
ENST00000280665.11	ENSG00000151065	-	9	0	8	0	80	NA	NA	NA	150
ENST00000001008.6	ENSG00000004478	+	10	0	9	0	107	NA	NA	NA	105
ENST00000359843.8	ENSG00000111206	-	9	1	7	0	1025	NA	NA	47	502
ENST00000489288.7	ENSG00000171792	+	3	1	1	0	548	NA	NA	84	168
ENST00000448120.7	ENSG00000078246	+	11	0	10	0	133	NA	NA	NA	41
ENST00000359864.8	ENSG00000197905	+	13	2	10	0	113	NA	NA	29	226
ENST00000011898.10	ENSG00000011105	+	9	2	6	0	71	NA	NA	17	63
ENST00000440314.7	ENSG00000130038	-	20	3	16	0	84	NA	NA	36	228
ENST00000228820.9	ENSG00000111224	-	8	0	7	0	316	NA	NA	NA	18
ENST00000261254.8	ENSG00000118971	+	5	0	4	0	149	NA	NA	NA	195
ENST00000261250.8	ENSG00000047621	-	14	1	12	0	92	NA	NA	25	178
ENST00000009180.10	ENSG00000010278	+	8	0	7	0	65	NA	NA	NA	66
ENST00000162749.7	ENSG00000067182	-	10	0	9	0	310	NA	NA	NA	39
ENST00000228916.7	ENSG00000111319	-	13	1	11	0	380	NA	NA	54	416
ENST00000228918.9	ENSG00000111321	+	10	0	9	0	277	NA	NA	NA	96
ENST00000315579.10	ENSG00000010292	+	32	1	30	0	85	NA	NA	23	127
ENST00000229239.10	ENSG00000111640	+	9	1	7	0	69	NA	NA	23	29
ENST00000683879.1	ENSG00000126746	-	12	2	9	0	401	NA	NA	5	66
ENST00000543155.6	ENSG00000111652	+	8	1	6	0	39	NA	NA	43	162
ENST00000203630.10	ENSG00000089693	-	9	1	6	1	187	26	26	28	50
ENST00000309083.8	ENSG00000159335	+	5	0	4	0	50	NA	NA	NA	45
ENST00000290510.10	ENSG00000110811	+	15	0	14	0	164	NA	NA	NA	498
ENST00000229268.13	ENSG00000111667	+	20	0	19	0	93	NA	NA	NA	111
ENST00000396705.10	ENSG00000111669	+	7	0	6	0	118	NA	NA	NA	115
ENST00000524270.6	ENSG00000111671	-	3	1	1	0	127	NA	NA	96	664
ENST00000229277.6	ENSG00000111674	+	12	1	10	0	69	NA	NA	12	85
ENST00000318974.14	ENSG00000111679	+	16	0	14	1	114	26	26	NA	8
ENST00000535923.6	ENSG00000215021	-	10	0	9	0	27	NA	NA	NA	127
ENST00000261407.9	ENSG00000111684	-	13	0	11	1	116	13	13	NA	151
ENST00000266546.11	ENSG00000139182	+	18	0	17	0	140	NA	NA	NA	64
ENST00000675855.1	ENSG00000139197	+	16	1	14	0	201	NA	NA	16	147
ENST00000075120.12	ENSG00000059804	-	10	0	9	0	218	NA	NA	NA	15
ENST00000162391.8	ENSG00000065970	+	11	1	9	0	88	NA	NA	14	333
ENST00000339754.11	ENSG00000089818	+	8	0	7	0	48	NA	NA	NA	95
ENST00000535829.6	ENSG00000166532	+	6	1	4	0	463	NA	NA	56	175
ENST00000544916.6	ENSG00000111752	+	15	1	13	0	154	NA	NA	48	114
ENST00000000412.8	ENSG00000003056	-	7	1	5	0	122	NA	NA	1	176
ENST00000266458.10	ENSG00000139112	+	4	0	3	0	65	NA	NA	NA	90
ENST00000320756.7	ENSG00000111196	-	5	0	4	0	99	NA	NA	NA	94
ENST00000228251.9	ENSG00000060138	-	10	0	8	1	65	35	35	NA	262
ENST00000622602.2	ENSG00000256537	+	1	0	0	0	NA	NA	NA	NA	NA
ENST00000396373.9	ENSG00000139083	+	8	0	7	0	105	NA	NA	NA	33
ENST00000261349.9	ENSG00000070018	-	23	0	22	0	294	NA	NA	NA	55
ENST00000535902.6	ENSG00000111261	-	4	1	2	0	931	NA	NA	100	223
ENST00000298573.9	ENSG00000111266	-	7	1	5	0	1182	NA	NA	365	228
ENST00000228865.3	ENSG00000111269	+	4	0	3	0	4	NA	NA	NA	15
ENST00000228872.9	ENSG00000111276	+	3	0	1	1	121	9	9	NA	475
ENST00000358007.7	ENSG00000213782	+	12	0	11	0	131	NA	NA	NA	87
ENST00000014914.6	ENSG00000013588	+	4	1	2	0	92	NA	NA	7	922
ENST00000197268.13	ENSG00000084444	+	13	0	12	0	5	NA	NA	NA	37
ENST00000256951.10	ENSG00000134531	+	5	1	3	0	157	NA	NA	42	78
ENST00000261168.9	ENSG00000171681	+	15	1	13	0	419	NA	NA	7	1558
ENST00000261167.7	ENSG00000084463	-	12	1	10	0	433	NA	NA	45	64
ENST00000228945.9	ENSG00000111348	-	6	1	4	0	199	NA	NA	12	181
ENST00000256953.6	ENSG00000134533	-	5	1	3	0	407	NA	NA	114	61
ENST00000281172.10	ENSG00000151491	-	21	1	19	0	113	NA	NA	21	59
ENST00000419869.7	ENSG00000023734	+	10	0	9	0	61	NA	NA	NA	112
ENST00000428559.7	ENSG00000023697	+	9	0	8	0	56	NA	NA	NA	31
ENST00000396210.8	ENSG00000008394	+	4	1	2	0	246	NA	NA	22	126
ENST00000266508.14	ENSG00000139154	+	8	0	7	0	30	NA	NA	NA	671
ENST00000240651.14	ENSG00000121350	+	12	0	11	0	248	NA	NA	NA	84
ENST00000444129.7	ENSG00000004700	-	15	1	13	0	152	NA	NA	45	16
ENST00000229314.10	ENSG00000111711	+	5	0	4	0	38	NA	NA	NA	25
ENST00000350669.5	ENSG00000111716	-	8	1	6	0	167	NA	NA	6	129
ENST00000446597.6	ENSG00000111731	-	27	1	25	0	131	NA	NA	29	90
ENST00000266517.9	ENSG00000139163	+	8	0	7	0	72	NA	NA	NA	156
ENST00000451604.7	ENSG00000134532	-	15	0	14	0	303	NA	NA	NA	38
ENST00000261192.12	ENSG00000060982	-	11	0	10	0	41	NA	NA	NA	6
ENST00000381356.9	ENSG00000205707	+	3	1	1	0	221	NA	NA	37	51
ENST00000311936.8	ENSG00000133703	-	5	1	3	0	116	NA	NA	11	111
ENST00000689635.1	ENSG00000123094	+	6	2	3	0	121	NA	NA	108	103
ENST00000242728.5	ENSG00000123095	-	5	0	4	0	1102	NA	NA	NA	62
ENST00000242729.7	ENSG00000123096	+	3	0	2	0	365	NA	NA	NA	279
ENST00000261191.12	ENSG00000064102	-	17	1	15	0	39	NA	NA	11	225
ENST00000229395.8	ENSG00000111790	+	7	1	5	0	137	NA	NA	14	135
ENST00000343028.9	ENSG00000064115	-	12	0	11	0	262	NA	NA	NA	91
ENST00000389032.8	ENSG00000211455	+	14	1	12	0	127	NA	NA	11	134
ENST00000228425.11	ENSG00000110841	+	30	2	27	0	86	NA	NA	35	64
ENST00000381271.7	ENSG00000087448	+	3	0	2	0	451	NA	NA	NA	872
ENST00000360150.9	ENSG00000087502	-	14	1	12	0	62	NA	NA	37	106
ENST00000256079.9	ENSG00000133704	-	25	0	24	0	97	NA	NA	NA	84
ENST00000695402.1	ENSG00000110888	-	19	1	17	0	568	NA	NA	39	177
ENST00000389082.10	ENSG00000170456	-	21	0	20	0	183	NA	NA	NA	127
ENST00000652176.1	ENSG00000151746	+	10	0	9	0	87	NA	NA	NA	213
ENST00000534526.7	ENSG00000139132	+	17	0	16	0	257	NA	NA	NA	166
ENST00000549701.6	ENSG00000087470	+	20	0	19	0	56	NA	NA	NA	102
ENST00000331366.10	ENSG00000139117	-	20	0	19	0	188	NA	NA	NA	98
ENST00000398675.8	ENSG00000151233	-	8	0	7	0	161	NA	NA	NA	221
ENST00000534854.7	ENSG00000015153	-	4	0	3	0	237	NA	NA	NA	26
ENST00000266529.8	ENSG00000139168	-	8	1	6	0	131	NA	NA	2	84
ENST00000358314.12	ENSG00000134283	+	10	1	8	0	194	NA	NA	20	72
ENST00000345127.9	ENSG00000139174	-	8	1	6	0	856	NA	NA	48	132
ENST00000613694.5	ENSG00000198001	+	12	1	10	0	35	NA	NA	9	161
ENST00000395510.7	ENSG00000151239	-	9	0	8	0	170	NA	NA	NA	25
ENST00000320560.13	ENSG00000177119	+	20	0	19	0	206	NA	NA	NA	70
ENST00000334344.11	ENSG00000189079	+	21	0	20	0	144	NA	NA	NA	92
ENST00000369367.8	ENSG00000139218	-	15	1	13	0	146	NA	NA	21	61
ENST00000398637.10	ENSG00000111371	-	17	2	14	0	101	NA	NA	93	122
ENST00000256689.10	ENSG00000134294	-	16	1	14	0	98	NA	NA	86	116
ENST00000550413.2	ENSG00000139211	-	3	2	0	0	1631	NA	NA	63	NA
ENST00000005386.8	ENSG00000005175	-	17	1	15	0	85	NA	NA	6	153
ENST00000442218.3	ENSG00000211584	+	3	0	2	0	136	NA	NA	NA	136
ENST00000080059.12	ENSG00000061273	-	26	0	25	0	45	NA	NA	NA	19
ENST00000429772.7	ENSG00000134291	+	8	1	6	0	96	NA	NA	28	187
ENST00000549518.6	ENSG00000079387	-	18	1	16	0	62	NA	NA	44	4
ENST00000359794.11	ENSG00000152556	+	23	1	21	0	144	NA	NA	8	85
ENST00000317697.8	ENSG00000177981	-	4	1	2	0	632	NA	NA	33	129
ENST00000420613.7	ENSG00000139620	-	10	1	8	0	131	NA	NA	9	251
ENST00000261900.8	ENSG00000129315	-	9	0	8	0	1403	NA	NA	NA	161
ENST00000357869.8	ENSG00000174233	-	22	1	20	0	125	NA	NA	4	864
ENST00000301050.7	ENSG00000167535	+	13	0	12	0	314	NA	NA	NA	45
ENST00000308025.8	ENSG00000174243	-	17	0	15	0	223	NA	NA	0	209
ENST00000309739.6	ENSG00000172602	-	5	0	4	0	245	NA	NA	NA	120
ENST00000550765.6	ENSG00000134285	-	6	0	5	0	217	NA	NA	NA	129
ENST00000256682.9	ENSG00000134287	-	5	1	3	0	161	NA	NA	93	148
ENST00000548065.7	ENSG00000181929	-	12	0	11	0	107	NA	NA	NA	9
ENST00000301068.11	ENSG00000167550	-	8	0	7	0	89	NA	NA	NA	52
ENST00000267102.13	ENSG00000139636	-	17	0	16	0	67	NA	NA	NA	72
ENST00000336023.9	ENSG00000123416	-	4	0	3	0	980	NA	NA	NA	3
ENST00000301071.12	ENSG00000167552	-	4	0	3	0	980	NA	NA	NA	3
ENST00000301072.11	ENSG00000167553	+	4	0	3	0	974	NA	NA	NA	3
ENST00000549441.7	ENSG00000178401	+	4	2	1	0	185	NA	NA	107	840
ENST00000552918.6	ENSG00000123352	+	14	2	11	0	311	NA	NA	243	25
ENST00000343810.9	ENSG00000187778	-	15	1	13	0	86	NA	NA	110	10
ENST00000548825.7	ENSG00000110844	+	26	0	25	0	92	NA	NA	NA	3
ENST00000267115.10	ENSG00000139644	+	10	1	8	0	23	NA	NA	30	56
ENST00000335999.7	ENSG00000167566	-	13	2	10	0	212	NA	NA	36	123
ENST00000312377.10	ENSG00000161800	-	17	1	15	0	75	NA	NA	4	85
ENST00000447966.7	ENSG00000110881	+	12	1	10	0	104	NA	NA	16	362
ENST00000394963.9	ENSG00000066117	+	13	0	12	0	53	NA	NA	NA	177
ENST00000550487.6	ENSG00000178449	+	2	1	0	0	181	NA	NA	8	NA
ENST00000317551.12	ENSG00000139624	-	10	0	9	0	149	NA	NA	NA	197
ENST00000341247.9	ENSG00000050405	-	11	1	9	0	1005	NA	NA	23	119
ENST00000398473.7	ENSG00000161813	+	16	0	15	0	338	NA	NA	NA	18
ENST00000301180.10	ENSG00000066084	+	38	0	37	0	252	NA	NA	NA	100
ENST00000262053.8	ENSG00000123268	+	7	1	5	0	144	NA	NA	6	93
ENST00000332160.5	ENSG00000185432	+	2	0	1	0	236	NA	NA	NA	498
ENST00000262052.9	ENSG00000110911	-	16	1	14	0	110	NA	NA	38	34
ENST00000262055.9	ENSG00000050426	+	9	0	8	0	70	NA	NA	NA	122
ENST00000228515.6	ENSG00000110925	-	5	1	3	0	923	NA	NA	86	151
ENST00000257915.10	ENSG00000135457	-	15	0	14	0	37	NA	NA	NA	122
ENST00000412716.8	ENSG00000183283	+	4	0	3	0	128	NA	NA	NA	13
ENST00000603798.6	ENSG00000170545	-	4	1	2	0	178	NA	NA	38	34
ENST00000356317.8	ENSG00000139629	-	12	2	9	0	113	NA	NA	103	491
ENST00000453097.7	ENSG00000050438	+	25	0	24	0	12	NA	NA	NA	48
ENST00000257963.9	ENSG00000135503	+	9	0	8	0	125	NA	NA	NA	91
ENST00000394825.6	ENSG00000123358	+	7	1	5	0	256	NA	NA	2	876
ENST00000262056.14	ENSG00000063046	+	15	0	14	0	80	NA	NA	NA	13
ENST00000301463.9	ENSG00000167778	-	11	0	10	0	134	NA	NA	NA	23
ENST00000301464.4	ENSG00000167779	+	4	0	3	0	122	NA	NA	NA	334
ENST00000444623.6	ENSG00000139631	-	17	3	13	0	173	NA	NA	6	126
ENST00000416904.5	ENSG00000139651	+	7	1	5	0	89	NA	NA	307	9
ENST00000425354.7	ENSG00000172819	-	10	2	7	0	187	NA	NA	142	184
ENST00000329548.5	ENSG00000182544	+	2	1	0	0	1370	NA	NA	18	NA
ENST00000257934.9	ENSG00000135476	+	31	1	29	0	201	NA	NA	12	81
ENST00000327443.9	ENSG00000185591	+	6	0	5	0	313	NA	NA	NA	7
ENST00000429243.7	ENSG00000205352	+	4	1	2	0	44	NA	NA	20	19
ENST00000546463.6	ENSG00000197111	+	15	1	13	0	36	NA	NA	75	69
ENST00000547488.6	ENSG00000139625	-	14	1	12	0	98	NA	NA	37	445
ENST00000266987.7	ENSG00000139546	+	9	0	8	0	157	NA	NA	NA	53
ENST00000420353.7	ENSG00000170653	-	12	1	10	0	217	NA	NA	21	48
ENST00000394349.9	ENSG00000135390	-	5	1	3	0	114	NA	NA	31	39
ENST00000550804.6	ENSG00000012822	-	15	1	13	0	177	NA	NA	24	156
ENST00000682136.1	ENSG00000123415	-	4	2	1	0	527	NA	NA	19	285
ENST00000209875.9	ENSG00000094916	-	5	1	3	0	150	NA	NA	42	137
ENST00000340913.11	ENSG00000135486	+	11	0	9	1	55	5	5	NA	15
ENST00000394313.7	ENSG00000161642	-	7	0	6	0	230	NA	NA	NA	87
ENST00000293379.9	ENSG00000161638	-	30	0	29	0	83	NA	NA	NA	218
ENST00000257879.11	ENSG00000135424	-	25	0	24	0	230	NA	NA	NA	206
ENST00000257857.9	ENSG00000135404	-	8	1	6	0	65	NA	NA	11	66
ENST00000257868.10	ENSG00000135414	+	3	0	2	0	380	NA	NA	NA	445
ENST00000243045.10	ENSG00000123353	+	4	1	2	0	135	NA	NA	1	174
ENST00000678005.2	ENSG00000135392	-	7	1	5	0	210	NA	NA	56	1407
ENST00000331886.10	ENSG00000065357	+	24	1	22	0	83	NA	NA	81	64
ENST00000266970.9	ENSG00000123374	+	7	0	6	0	104	NA	NA	NA	116
ENST00000360299.10	ENSG00000111540	+	6	1	4	0	115	NA	NA	92	163
ENST00000266971.8	ENSG00000139531	+	5	2	2	0	1409	NA	NA	10	50
ENST00000267101.8	ENSG00000065361	+	28	0	27	0	526	NA	NA	NA	82
ENST00000303305.11	ENSG00000170515	+	13	0	12	0	65	NA	NA	NA	88
ENST00000257940.7	ENSG00000135482	+	3	2	0	0	1356	NA	NA	52	NA
ENST00000394048.10	ENSG00000139641	+	31	0	30	0	39	NA	NA	NA	390
ENST00000695999.1	ENSG00000196465	+	8	1	5	1	28	10	10	46	174
ENST00000550697.6	ENSG00000092841	+	7	0	5	1	28	17	17	NA	3
ENST00000550164.6	ENSG00000139613	-	29	0	28	0	76	NA	NA	NA	111
ENST00000345093.9	ENSG00000181852	-	7	2	4	0	351	NA	NA	23	90
ENST00000267023.9	ENSG00000139579	+	7	1	5	0	199	NA	NA	23	79
ENST00000267116.8	ENSG00000139645	-	28	0	27	0	250	NA	NA	NA	27
ENST00000308197.10	ENSG00000135469	+	5	0	4	0	167	NA	NA	NA	134
ENST00000351328.8	ENSG00000062485	-	11	0	10	0	170	NA	NA	NA	42
ENST00000440411.8	ENSG00000135473	-	26	1	24	0	34	NA	NA	114	282
ENST00000314128.9	ENSG00000170581	-	24	1	22	0	142	NA	NA	7	131
ENST00000553532.6	ENSG00000111602	-	29	1	27	0	70	NA	NA	61	97
ENST00000262031.10	ENSG00000076067	+	14	0	12	1	80	7	7	NA	66
ENST00000549884.6	ENSG00000076108	-	29	1	27	0	165	NA	NA	2	136
ENST00000262030.8	ENSG00000110955	-	10	0	9	0	100	NA	NA	NA	127
ENST00000262033.11	ENSG00000110958	-	8	0	7	0	19	NA	NA	NA	2
ENST00000454682.6	ENSG00000196531	-	9	1	7	0	14	NA	NA	2	70
ENST00000338193.11	ENSG00000198056	-	13	0	12	0	19	NA	NA	NA	103
ENST00000300101.3	ENSG00000166860	-	2	1	0	0	2182	NA	NA	44	NA
ENST00000300128.9	ENSG00000166881	-	9	0	8	0	180	NA	NA	NA	127
ENST00000300131.8	ENSG00000166886	+	7	0	6	0	109	NA	NA	NA	83
ENST00000300134.8	ENSG00000166888	-	22	1	20	0	189	NA	NA	21	116
ENST00000349394.6	ENSG00000182379	+	2	0	1	0	869	NA	NA	NA	57
ENST00000328923.8	ENSG00000182199	+	12	0	11	0	127	NA	NA	NA	33
ENST00000402412.6	ENSG00000179912	-	24	2	21	0	340	NA	NA	35	165
ENST00000355673.8	ENSG00000166987	+	13	2	10	0	74	NA	NA	24	113
ENST00000548249.6	ENSG00000175203	-	14	0	13	0	86	NA	NA	NA	36
ENST00000455537.7	ENSG00000155980	+	29	0	27	1	78	37	37	NA	129
ENST00000354947.10	ENSG00000166908	+	10	0	9	0	80	NA	NA	NA	174
ENST00000337737.8	ENSG00000178498	+	7	3	3	0	75	NA	NA	75	1
ENST00000341156.9	ENSG00000135454	-	11	1	9	0	217	NA	NA	1	218
ENST00000257910.8	ENSG00000135452	+	6	0	5	0	74	NA	NA	NA	63
ENST00000257904.11	ENSG00000135446	-	8	1	6	0	92	NA	NA	19	218
ENST00000324871.12	ENSG00000037897	-	6	0	5	0	155	NA	NA	NA	110
ENST00000398073.7	ENSG00000175215	-	8	0	7	0	125	NA	NA	NA	64
ENST00000320743.8	ENSG00000139263	-	19	0	18	0	244	NA	NA	NA	236
ENST00000228705.7	ENSG00000111110	-	10	0	9	0	147	NA	NA	NA	245
ENST00000261234.11	ENSG00000118600	+	6	0	5	0	417	NA	NA	NA	169
ENST00000398055.8	ENSG00000174206	-	3	0	2	0	816	NA	NA	NA	235
ENST00000332707.10	ENSG00000184575	+	25	1	23	0	26	NA	NA	74	60
ENST00000331710.10	ENSG00000183735	+	21	1	19	0	51	NA	NA	31	87
ENST00000258145.8	ENSG00000135677	-	14	0	13	0	78	NA	NA	NA	192
ENST00000308259.10	ENSG00000174099	+	7	1	5	0	167	NA	NA	51	76
ENST00000403681.7	ENSG00000149948	+	5	0	4	0	47	NA	NA	NA	111
ENST00000358230.8	ENSG00000155957	-	7	0	6	0	206	NA	NA	NA	97
ENST00000359742.9	ENSG00000155974	-	25	0	24	0	227	NA	NA	NA	55
ENST00000545606.6	ENSG00000111530	+	15	0	14	0	224	NA	NA	NA	68
ENST00000344096.4	ENSG00000127334	+	3	0	2	0	1607	NA	NA	NA	49
ENST00000682720.1	ENSG00000111554	-	15	0	14	0	112	NA	NA	NA	18
ENST00000229179.9	ENSG00000111581	+	28	0	27	0	107	NA	NA	NA	8
ENST00000258149.11	ENSG00000135679	+	11	0	10	0	575	NA	NA	NA	14
ENST00000551568.6	ENSG00000135678	-	9	1	7	0	242	NA	NA	3	160
ENST00000435070.7	ENSG00000111605	+	10	0	8	1	186	4	4	NA	60
ENST00000247843.7	ENSG00000127337	+	7	0	6	0	169	NA	NA	NA	51
ENST00000549921.6	ENSG00000166225	+	9	4	4	0	950	NA	NA	26	66
ENST00000299300.11	ENSG00000166226	+	16	0	15	0	30	NA	NA	NA	3
ENST00000247833.12	ENSG00000127328	+	11	1	9	0	82	NA	NA	25	251
ENST00000229195.8	ENSG00000111596	+	16	1	14	0	86	NA	NA	95	48
ENST00000266674.10	ENSG00000139292	+	18	0	17	0	1087	NA	NA	NA	212
ENST00000378743.9	ENSG00000133858	-	35	0	34	0	137	NA	NA	NA	598
ENST00000308086.3	ENSG00000173451	+	3	0	2	0	419	NA	NA	NA	71
ENST00000266673.10	ENSG00000139291	+	6	0	5	0	163	NA	NA	NA	130
ENST00000485960.7	ENSG00000121749	+	17	0	16	0	221	NA	NA	NA	30
ENST00000519948.4	ENSG00000253719	+	1	0	0	0	NA	NA	NA	NA	NA
ENST00000266671.10	ENSG00000139289	-	2	0	0	1	NA	27	27	NA	1232
ENST00000650064.2	ENSG00000179941	-	2	0	1	0	1974	NA	NA	NA	197
ENST00000261183.8	ENSG00000091039	-	24	1	22	0	132	NA	NA	67	42
ENST00000426126.7	ENSG00000186908	+	17	0	16	0	138	NA	NA	NA	93
ENST00000311083.10	ENSG00000175183	-	6	1	4	0	76	NA	NA	1	112
ENST00000322886.12	ENSG00000165891	-	13	0	11	0	170	NA	NA	0	93
ENST00000261205.9	ENSG00000067715	+	11	3	7	0	206	NA	NA	17	166
ENST00000328827.9	ENSG00000177425	-	7	1	5	0	86	NA	NA	147	516
ENST00000450142.7	ENSG00000058272	-	25	0	24	0	86	NA	NA	NA	237
ENST00000248306.8	ENSG00000127720	+	12	0	11	0	92	NA	NA	NA	259
ENST00000321196.8	ENSG00000179104	+	12	0	11	0	179	NA	NA	NA	83
ENST00000266682.10	ENSG00000072041	-	12	1	10	0	374	NA	NA	188	289
ENST00000266712.11	ENSG00000139324	+	14	1	12	0	811	NA	NA	28	189
ENST00000644744.1	ENSG00000049130	-	10	0	8	1	39	38	38	NA	15
ENST00000279488.8	ENSG00000139318	-	3	0	2	0	307	NA	NA	NA	400
ENST00000313546.8	ENSG00000139323	-	12	0	11	0	104	NA	NA	NA	15
ENST00000428670.8	ENSG00000070961	-	21	1	19	0	311	NA	NA	221	208
ENST00000256015.5	ENSG00000133639	-	2	0	1	0	367	NA	NA	NA	148
ENST00000322349.13	ENSG00000102189	-	29	0	28	0	122	NA	NA	NA	24
ENST00000318066.7	ENSG00000177889	-	4	0	3	0	40	NA	NA	NA	30
ENST00000551556.2	ENSG00000120833	+	2	0	1	0	457	NA	NA	NA	139
ENST00000397809.10	ENSG00000173588	-	17	2	14	0	104	NA	NA	101	173
ENST00000261226.9	ENSG00000057704	-	4	0	3	0	302	NA	NA	NA	78
ENST00000333003.10	ENSG00000120798	-	14	1	12	0	174	NA	NA	7	54
ENST00000343958.9	ENSG00000180263	-	21	0	20	0	36	NA	NA	NA	16
ENST00000323666.10	ENSG00000111142	+	11	0	10	0	252	NA	NA	NA	151
ENST00000266735.10	ENSG00000139343	+	4	0	3	0	66	NA	NA	NA	3
ENST00000228740.7	ENSG00000111144	-	19	0	18	0	117	NA	NA	NA	159
ENST00000228741.8	ENSG00000111145	+	5	1	3	0	98	NA	NA	2	207
ENST00000261211.8	ENSG00000059758	-	17	1	15	0	37	NA	NA	29	118
ENST00000266742.9	ENSG00000139350	+	16	2	13	0	104	NA	NA	8	136
ENST00000556029.6	ENSG00000120802	+	9	0	8	0	285	NA	NA	NA	279
ENST00000552981.6	ENSG00000075415	+	8	1	6	0	160	NA	NA	4	157
ENST00000299157.5	ENSG00000166130	-	3	0	2	0	836	NA	NA	NA	179
ENST00000551964.6	ENSG00000120868	+	27	1	25	0	146	NA	NA	41	138
ENST00000279907.12	ENSG00000111647	-	21	0	20	0	119	NA	NA	NA	44
ENST00000188312.7	ENSG00000075089	+	11	0	10	0	129	NA	NA	NA	68
ENST00000360820.7	ENSG00000136021	+	18	1	16	0	644	NA	NA	28	177
ENST00000547754.6	ENSG00000139354	+	10	2	7	0	1328	NA	NA	30	18
ENST00000261636.13	ENSG00000120805	-	6	0	5	0	30	NA	NA	NA	4
ENST00000229266.8	ENSG00000111666	+	9	0	8	0	44	NA	NA	NA	273
ENST00000299314.12	ENSG00000111670	-	21	0	20	0	77	NA	NA	NA	117
ENST00000258534.13	ENSG00000136048	+	7	0	6	0	44	NA	NA	NA	131
ENST00000552283.6	ENSG00000075188	-	10	1	8	0	113	NA	NA	65	156
ENST00000327680.7	ENSG00000185480	+	11	1	9	0	340	NA	NA	3	153
ENST00000392876.8	ENSG00000111696	-	14	0	13	0	252	NA	NA	NA	208
ENST00000299767.10	ENSG00000166598	+	18	0	17	0	29	NA	NA	NA	49
ENST00000392872.8	ENSG00000139372	+	10	0	9	0	142	NA	NA	NA	23
ENST00000360814.9	ENSG00000120820	-	11	2	8	0	169	NA	NA	28	19
ENST00000229330.9	ENSG00000111727	+	15	0	14	0	314	NA	NA	NA	163
ENST00000240055.8	ENSG00000120837	-	8	1	6	0	32	NA	NA	79	6
ENST00000525566.6	ENSG00000198431	+	17	0	16	0	68	NA	NA	NA	91
ENST00000303694.6	ENSG00000171310	+	3	0	2	0	854	NA	NA	NA	118
ENST00000258538.8	ENSG00000136052	-	11	1	9	0	185	NA	NA	167	555
ENST00000258494.14	ENSG00000136010	-	23	0	22	0	55	NA	NA	NA	48
ENST00000332180.10	ENSG00000136051	+	33	0	32	0	67	NA	NA	NA	61
ENST00000258530.8	ENSG00000136044	-	21	0	20	0	134	NA	NA	NA	54
ENST00000261402.7	ENSG00000074590	-	7	0	6	0	1153	NA	NA	NA	240
ENST00000378026.5	ENSG00000136026	-	2	0	1	0	1325	NA	NA	NA	483
ENST00000299045.8	ENSG00000166046	+	10	1	8	0	244	NA	NA	35	157
ENST00000228347.9	ENSG00000013503	+	28	0	27	0	129	NA	NA	NA	72
ENST00000392837.9	ENSG00000111785	+	10	0	9	0	111	NA	NA	NA	84
ENST00000280756.9	ENSG00000151135	+	4	2	1	0	286	NA	NA	6	64
ENST00000240050.9	ENSG00000120832	-	3	2	0	0	1214	NA	NA	57	NA
ENST00000008527.10	ENSG00000008405	-	13	0	11	0	103	1	1	NA	158
ENST00000280758.10	ENSG00000151136	+	17	0	16	0	209	NA	NA	NA	1135
ENST00000228437.10	ENSG00000110851	-	12	1	10	0	312	NA	NA	256	11
ENST00000552695.6	ENSG00000198855	+	3	1	1	0	1075	NA	NA	58	301
ENST00000261401.8	ENSG00000110880	-	11	1	9	0	119	NA	NA	5	195
ENST00000257548.10	ENSG00000135093	+	13	0	12	0	264	NA	NA	NA	83
ENST00000429722.3	ENSG00000189046	-	4	1	2	0	306	NA	NA	151	280
ENST00000242576.7	ENSG00000076248	+	7	0	6	0	140	NA	NA	NA	132
ENST00000228495.11	ENSG00000110906	-	7	0	6	0	218	NA	NA	NA	3
ENST00000342494.8	ENSG00000151148	+	28	2	25	0	191	NA	NA	21	161
ENST00000545712.7	ENSG00000139428	-	9	0	8	0	108	NA	NA	NA	134
ENST00000228510.8	ENSG00000110921	+	11	1	9	0	151	NA	NA	14	78
ENST00000318348.9	ENSG00000139433	-	5	0	4	0	182	NA	NA	NA	103
ENST00000405876.9	ENSG00000139437	+	13	0	11	0	32	NA	NA	0	188
ENST00000355312.8	ENSG00000139436	-	20	0	19	0	212	NA	NA	NA	52
ENST00000261739.9	ENSG00000076513	+	15	0	14	0	195	NA	NA	NA	96
ENST00000242591.10	ENSG00000122970	+	19	1	17	0	182	NA	NA	21	144
ENST00000539276.7	ENSG00000174437	+	20	0	19	0	269	NA	NA	NA	118
ENST00000228827.8	ENSG00000111231	-	8	0	7	0	62	NA	NA	NA	48
ENST00000549578.6	ENSG00000111237	-	4	0	3	0	117	NA	NA	NA	3
ENST00000354300.5	ENSG00000196850	-	6	0	5	0	58	NA	NA	NA	223
ENST00000397659.9	ENSG00000204852	+	15	0	13	1	143	2	2	NA	220
ENST00000335007.10	ENSG00000186298	-	7	0	6	0	89	NA	NA	NA	55
ENST00000341259.7	ENSG00000111252	+	8	1	6	0	319	NA	NA	27	732
ENST00000673436.1	ENSG00000204842	-	25	0	24	0	28	NA	NA	NA	251
ENST00000419234.9	ENSG00000089234	-	12	0	11	0	363	NA	NA	NA	82
ENST00000261733.7	ENSG00000111275	+	13	0	12	0	32	NA	NA	NA	114
ENST00000261735.4	ENSG00000089248	+	3	0	2	0	502	NA	NA	NA	144
ENST00000412615.7	ENSG00000135148	+	12	1	10	0	56	NA	NA	12	47
ENST00000202917.10	ENSG00000089127	+	6	0	5	0	164	NA	NA	NA	180
ENST00000306014.10	ENSG00000123064	-	20	0	19	0	232	NA	NA	NA	174
ENST00000548278.2	ENSG00000139405	+	4	2	1	0	507	NA	NA	64	302
ENST00000335509.11	ENSG00000186815	+	28	1	26	0	116	NA	NA	125	112
ENST00000680972.1	ENSG00000089060	-	16	1	14	0	197	NA	NA	82	156
ENST00000261741.10	ENSG00000122965	-	24	0	23	0	97	NA	NA	NA	36
ENST00000349155.7	ENSG00000135111	-	7	0	6	0	461	NA	NA	NA	389
ENST00000257575.9	ENSG00000135119	+	11	1	9	0	134	NA	NA	153	24
ENST00000335209.12	ENSG00000088992	-	8	0	7	0	77	NA	NA	NA	58
ENST00000622495.5	ENSG00000135108	-	12	0	11	0	190	NA	NA	NA	239
ENST00000315436.8	ENSG00000176871	-	9	0	8	0	162	NA	NA	NA	13
ENST00000359236.10	ENSG00000176834	-	9	0	8	0	55	NA	NA	NA	79
ENST00000392533.8	ENSG00000135090	-	21	2	18	0	161	NA	NA	88	120
ENST00000543473.2	ENSG00000111707	+	12	0	11	0	98	NA	NA	NA	142
ENST00000281938.7	ENSG00000152137	+	3	0	2	0	159	NA	NA	NA	367
ENST00000229328.10	ENSG00000111725	+	7	0	6	0	77	NA	NA	NA	159
ENST00000392521.7	ENSG00000122966	-	48	1	46	0	23	NA	NA	13	96
ENST00000229340.10	ENSG00000111737	-	6	0	5	0	128	NA	NA	NA	52
ENST00000637617.2	ENSG00000089159	-	15	0	14	0	266	NA	NA	NA	13
ENST00000202967.4	ENSG00000089163	+	4	1	2	0	152	NA	NA	1	497
ENST00000551765.6	ENSG00000257218	+	4	0	3	0	52	NA	NA	NA	81
ENST00000229390.8	ENSG00000111786	-	4	0	3	0	143	NA	NA	NA	188
ENST00000242577.11	ENSG00000088986	+	3	1	1	0	137	NA	NA	6	132
ENST00000325954.9	ENSG00000022840	+	17	0	16	0	76	NA	NA	NA	157
ENST00000228506.8	ENSG00000110917	+	5	0	4	0	229	NA	NA	NA	235
ENST00000242592.9	ENSG00000122971	+	10	0	9	0	152	NA	NA	NA	46
ENST00000353487.7	ENSG00000157837	-	11	0	10	0	71	NA	NA	NA	23
ENST00000257570.10	ENSG00000135114	-	6	0	5	0	497	NA	NA	NA	198
ENST00000337233.9	ENSG00000135124	+	12	0	11	0	26	NA	NA	NA	134
ENST00000404169.8	ENSG00000110931	-	17	1	15	0	170	NA	NA	59	471
ENST00000261819.8	ENSG00000089053	-	17	0	16	0	211	NA	NA	NA	207
ENST00000361234.10	ENSG00000170633	+	6	0	5	0	190	NA	NA	NA	6
ENST00000377071.9	ENSG00000089094	-	23	0	22	0	181	NA	NA	NA	126
ENST00000449592.7	ENSG00000188735	+	12	0	11	0	113	NA	NA	NA	69
ENST00000267205.7	ENSG00000139725	-	5	0	4	0	164	NA	NA	NA	138
ENST00000541212.6	ENSG00000110801	+	6	0	5	0	27	NA	NA	NA	138
ENST00000261822.5	ENSG00000110987	+	6	0	5	0	71	NA	NA	NA	92
ENST00000319080.12	ENSG00000175727	+	17	0	16	0	121	NA	NA	NA	413
ENST00000267199.9	ENSG00000139719	-	13	0	12	0	181	NA	NA	NA	102
ENST00000620786.5	ENSG00000130779	-	26	1	24	0	225	NA	NA	106	85
ENST00000633063.3	ENSG00000033030	-	14	0	13	0	778	NA	NA	NA	199
ENST00000331738.12	ENSG00000111011	-	10	0	9	0	179	NA	NA	NA	6
ENST00000333479.12	ENSG00000184445	+	64	1	62	0	23	NA	NA	73	129
ENST00000280557.11	ENSG00000139726	+	8	1	6	0	44	NA	NA	9	106
ENST00000253083.9	ENSG00000130787	+	32	0	31	0	47	NA	NA	NA	93
ENST00000267202.7	ENSG00000139722	-	4	0	3	0	491	NA	NA	NA	111
ENST00000228922.12	ENSG00000111325	+	7	0	6	0	263	NA	NA	NA	132
ENST00000606320.6	ENSG00000051825	-	24	1	22	0	101	NA	NA	158	104
ENST00000602398.3	ENSG00000139697	-	32	0	30	0	142	NA	NA	0	132
ENST00000402868.8	ENSG00000183955	+	8	0	7	0	210	NA	NA	NA	10
ENST00000280571.10	ENSG00000150977	-	4	0	3	0	30	NA	NA	NA	339
ENST00000526639.3	ENSG00000184209	+	2	1	0	0	743	NA	NA	3	NA
ENST00000376874.9	ENSG00000188026	-	7	0	6	0	144	NA	NA	NA	309
ENST00000262225.8	ENSG00000086598	+	4	0	3	0	124	NA	NA	NA	180
ENST00000238146.9	ENSG00000111364	+	14	0	13	0	176	NA	NA	NA	108
ENST00000424014.7	ENSG00000111361	-	9	0	8	0	164	NA	NA	NA	13
ENST00000330342.8	ENSG00000185344	+	20	0	19	0	105	NA	NA	NA	117
ENST00000238156.8	ENSG00000119242	-	5	1	3	0	772	NA	NA	59	34
ENST00000337815.9	ENSG00000179195	+	5	4	0	0	1384	NA	NA	599	NA
ENST00000261693.11	ENSG00000073060	-	13	0	11	0	128	1	1	NA	126
ENST00000339647.6	ENSG00000150991	-	2	1	0	0	2060	NA	NA	3	NA
ENST00000308736.7	ENSG00000150990	-	27	0	26	0	85	NA	NA	NA	106
ENST00000341446.9	ENSG00000184992	+	3	0	2	0	439	NA	NA	NA	213
ENST00000392373.7	ENSG00000111450	-	11	0	9	1	80	46	46	NA	30
ENST00000543796.6	ENSG00000132341	+	7	1	5	0	44	NA	NA	10	36
ENST00000261674.9	ENSG00000061936	+	18	0	17	0	65	NA	NA	NA	218
ENST00000321867.6	ENSG00000177169	+	28	0	27	0	55	NA	NA	NA	111
ENST00000680143.1	ENSG00000112787	+	19	0	18	0	807	NA	NA	NA	291
ENST00000320574.10	ENSG00000177084	-	49	0	48	0	113	NA	NA	NA	62
ENST00000317479.8	ENSG00000176894	+	5	0	4	0	68	NA	NA	NA	122
ENST00000498926.7	ENSG00000247077	+	6	0	5	0	150	NA	NA	NA	191
ENST00000357997.10	ENSG00000176915	-	13	0	12	0	201	NA	NA	NA	181
ENST00000450791.8	ENSG00000090615	-	24	1	22	0	189	NA	NA	183	133
ENST00000450056.7	ENSG00000072609	-	18	1	16	0	42	NA	NA	12	133
ENST00000360187.9	ENSG00000196458	-	5	2	2	0	1789	NA	NA	162	15
ENST00000248211.11	ENSG00000256223	+	5	1	3	0	1465	NA	NA	59	33
ENST00000361479.10	ENSG00000196199	+	14	0	13	0	41	NA	NA	NA	213
ENST00000338910.9	ENSG00000121390	-	9	0	8	0	185	NA	NA	NA	372
ENST00000337963.9	ENSG00000132950	-	8	2	5	0	758	NA	NA	10	492
ENST00000610343.5	ENSG00000121741	+	25	2	22	0	192	NA	NA	10	847
ENST00000382848.5	ENSG00000165474	-	2	1	0	0	702	NA	NA	22	NA
ENST00000351808.10	ENSG00000032742	+	26	1	24	0	121	NA	NA	6	90
ENST00000255305.11	ENSG00000132953	-	23	0	22	0	197	NA	NA	NA	69
ENST00000309594.5	ENSG00000173141	+	2	1	0	0	313	NA	NA	5	NA
ENST00000400590.8	ENSG00000180776	-	13	0	11	1	37	41	41	NA	118
ENST00000382374.9	ENSG00000165487	-	12	0	11	0	104	NA	NA	NA	210
ENST00000248484.9	ENSG00000127863	+	10	1	8	0	8	NA	NA	34	69
ENST00000381989.4	ENSG00000102699	-	34	1	32	0	195	NA	NA	1	132
ENST00000381884.9	ENSG00000151849	-	17	1	15	0	192	NA	NA	66	444
ENST00000381801.6	ENSG00000139505	-	14	0	13	0	260	NA	NA	NA	24
ENST00000381588.9	ENSG00000127870	-	5	2	2	0	1768	NA	NA	18	193
ENST00000381527.8	ENSG00000132964	+	13	0	12	0	125	NA	NA	NA	128
ENST00000335327.6	ENSG00000132970	+	10	2	7	0	157	NA	NA	10	133
ENST00000282344.11	ENSG00000152484	-	9	0	8	0	101	NA	NA	NA	48
ENST00000241463.5	ENSG00000122035	+	4	0	3	0	467	NA	NA	NA	124
ENST00000381140.10	ENSG00000122034	+	9	0	8	0	164	NA	NA	NA	201
ENST00000381120.8	ENSG00000122033	-	5	2	2	0	218	NA	NA	1	460
ENST00000316334.5	ENSG00000139517	-	10	1	8	0	135	NA	NA	100	407
ENST00000302979.5	ENSG00000186184	+	2	0	1	0	375	NA	NA	NA	26
ENST00000380958.8	ENSG00000152520	+	19	0	18	0	140	NA	NA	NA	430
ENST00000282397.9	ENSG00000102755	-	30	0	29	0	201	NA	NA	NA	64
ENST00000266943.11	ENSG00000139508	-	6	1	4	0	84	NA	NA	24	189
ENST00000380752.10	ENSG00000139514	-	13	2	10	0	103	NA	NA	14	370
ENST00000380680.5	ENSG00000122042	-	5	0	4	0	52	NA	NA	NA	27
ENST00000380615.8	ENSG00000102781	-	11	1	9	0	198	NA	NA	14	162
ENST00000341423.10	ENSG00000189403	-	5	1	3	0	176	NA	NA	14	150
ENST00000320027.10	ENSG00000120694	-	18	0	17	0	206	NA	NA	NA	107
ENST00000343307.5	ENSG00000187676	+	15	0	14	0	167	NA	NA	NA	70
ENST00000380152.8	ENSG00000139618	+	27	1	25	0	608	NA	NA	39	67
ENST00000267068.6	ENSG00000244754	-	6	0	4	0	201	NA	NA	0	1259
ENST00000315596.15	ENSG00000083642	+	35	1	33	0	35	NA	NA	19	108
ENST00000336934.10	ENSG00000133121	-	14	0	13	0	117	NA	NA	NA	169
ENST00000379939.7	ENSG00000172915	+	59	0	58	0	90	NA	NA	NA	294
ENST00000360631.8	ENSG00000133083	-	17	1	15	0	164	NA	NA	19	376
ENST00000438666.7	ENSG00000133104	-	9	1	7	0	267	NA	NA	2	810
ENST00000255476.3	ENSG00000133111	+	3	0	2	0	110	NA	NA	NA	600
ENST00000379826.5	ENSG00000120693	-	7	1	5	0	143	NA	NA	186	412
ENST00000239891.4	ENSG00000120697	-	10	0	9	0	115	NA	NA	NA	66
ENST00000389704.4	ENSG00000120699	+	11	0	10	0	115	NA	NA	NA	17
ENST00000350612.11	ENSG00000102710	-	26	1	24	0	137	NA	NA	93	3
ENST00000239878.9	ENSG00000120686	+	6	0	5	0	67	NA	NA	NA	2
ENST00000352251.8	ENSG00000120685	-	13	0	12	0	122	NA	NA	NA	45
ENST00000379600.8	ENSG00000188811	+	7	0	6	0	252	NA	NA	NA	84
ENST00000455146.8	ENSG00000133103	+	19	0	18	0	147	NA	NA	NA	153
ENST00000379561.6	ENSG00000150907	-	3	0	1	1	1337	15	15	NA	630
ENST00000338625.9	ENSG00000102743	+	7	1	5	0	124	NA	NA	69	55
ENST00000239882.7	ENSG00000120690	-	9	1	7	0	603	NA	NA	228	72
ENST00000379487.5	ENSG00000120688	+	10	0	9	0	210	NA	NA	NA	2
ENST00000379485.2	ENSG00000165572	-	1	0	0	0	NA	NA	NA	NA	NA
ENST00000379483.4	ENSG00000120696	-	1	0	0	0	NA	NA	NA	NA	NA
ENST00000379359.4	ENSG00000102760	+	5	0	4	0	7	NA	NA	NA	49
ENST00000379310.8	ENSG00000102763	-	45	0	44	0	108	NA	NA	NA	163
ENST00000025301.4	ENSG00000023516	+	13	2	10	0	140	NA	NA	49	51
ENST00000379221.4	ENSG00000120675	+	6	0	5	0	70	NA	NA	NA	108
ENST00000690772.1	ENSG00000120658	-	17	3	13	0	131	NA	NA	74	70
ENST00000444614.8	ENSG00000151773	-	7	2	4	0	149	NA	NA	113	46
ENST00000379161.5	ENSG00000083635	-	10	0	9	0	116	NA	NA	NA	412
ENST00000379151.9	ENSG00000133114	+	8	0	7	0	218	NA	NA	NA	88
ENST00000340473.8	ENSG00000188342	+	8	0	7	0	119	NA	NA	NA	66
ENST00000530705.6	ENSG00000133112	-	6	0	5	0	2	NA	NA	NA	28
ENST00000519676.6	ENSG00000174032	-	10	1	8	0	41	NA	NA	55	64
ENST00000349995.10	ENSG00000136152	+	23	0	22	0	29	NA	NA	NA	174
ENST00000679008.1	ENSG00000123200	-	19	1	17	0	170	NA	NA	9	117
ENST00000323076.7	ENSG00000136167	-	16	1	14	0	132	NA	NA	24	64
ENST00000389797.8	ENSG00000136141	+	20	0	19	0	206	NA	NA	NA	307
ENST00000378720.8	ENSG00000139684	-	10	2	7	0	80	NA	NA	7	68
ENST00000258662.3	ENSG00000136159	+	3	0	2	0	139	NA	NA	NA	158
ENST00000258648.7	ENSG00000136146	-	7	0	6	0	172	NA	NA	NA	125
ENST00000647800.2	ENSG00000136156	+	6	0	5	0	85	NA	NA	NA	117
ENST00000267163.6	ENSG00000139687	+	27	0	26	0	73	NA	NA	NA	137
ENST00000344532.8	ENSG00000136161	-	15	3	11	0	140	NA	NA	23	42
ENST00000492622.6	ENSG00000102531	+	26	1	24	0	314	NA	NA	39	99
ENST00000409308.6	ENSG00000102547	-	11	3	7	0	179	NA	NA	31	111
ENST00000611815.2	ENSG00000136169	+	14	1	12	0	117	NA	NA	341	16
ENST00000378302.7	ENSG00000136144	-	13	2	10	0	140	NA	NA	41	126
ENST00000242827.11	ENSG00000123179	-	4	0	3	0	240	NA	NA	NA	171
ENST00000261667.8	ENSG00000102753	-	17	0	16	0	98	NA	NA	NA	69
ENST00000361840.8	ENSG00000123178	-	5	0	4	0	97	NA	NA	NA	106
ENST00000378182.4	ENSG00000204977	+	2	1	0	0	1229	NA	NA	6	NA
ENST00000311234.9	ENSG00000102786	-	18	0	17	0	93	NA	NA	NA	111
ENST00000298125.7	ENSG00000139668	+	12	0	11	0	29	NA	NA	NA	137
ENST00000242839.10	ENSG00000123191	-	21	0	20	0	273	NA	NA	NA	51
ENST00000610828.5	ENSG00000136098	-	16	1	14	0	84	NA	NA	57	117
ENST00000258613.5	ENSG00000136114	-	5	1	3	0	1378	NA	NA	81	58
ENST00000378060.9	ENSG00000136100	-	14	0	13	0	93	NA	NA	NA	96
ENST00000400324.9	ENSG00000139734	-	28	0	27	0	262	NA	NA	NA	180
ENST00000377881.8	ENSG00000083544	+	14	0	12	1	116	10	10	NA	41
ENST00000613252.5	ENSG00000276644	-	11	0	10	0	37	NA	NA	NA	848
ENST00000377818.4	ENSG00000204899	-	3	0	2	0	23	NA	NA	NA	79
ENST00000390667.11	ENSG00000136122	+	12	1	10	0	65	NA	NA	15	153
ENST00000377767.9	ENSG00000083520	-	21	0	20	0	83	NA	NA	NA	228
ENST00000326291.11	ENSG00000083535	+	18	1	16	0	50	NA	NA	47	252
ENST00000377687.6	ENSG00000102554	+	4	0	3	0	178	NA	NA	NA	261
ENST00000703967.1	ENSG00000118922	-	8	1	6	0	181	NA	NA	31	33
ENST00000377636.8	ENSG00000136111	-	21	0	20	0	233	NA	NA	NA	498
ENST00000377595.8	ENSG00000118939	+	9	0	8	0	83	NA	NA	NA	42
ENST00000377534.8	ENSG00000136153	+	31	0	30	0	22	NA	NA	NA	69
ENST00000377474.4	ENSG00000178695	-	1	0	0	0	NA	NA	NA	NA	NA
ENST00000377453.9	ENSG00000102805	+	4	0	3	0	511	NA	NA	NA	173
ENST00000355619.10	ENSG00000005812	-	5	1	3	0	643	NA	NA	1	348
ENST00000418532.6	ENSG00000139737	+	7	0	6	0	75	NA	NA	NA	626
ENST00000218652.12	ENSG00000102471	+	8	0	6	1	103	3	3	NA	321
ENST00000377104.4	ENSG00000136158	-	2	1	0	0	998	NA	NA	51	NA
ENST00000377047.9	ENSG00000183098	+	9	0	8	0	202	NA	NA	NA	160
ENST00000376958.5	ENSG00000152749	+	9	0	8	0	158	NA	NA	NA	145
ENST00000645237.2	ENSG00000125257	-	31	0	30	0	107	NA	NA	NA	74
ENST00000376829.7	ENSG00000134874	-	23	3	19	0	79	NA	NA	212	36
ENST00000602402.6	ENSG00000102580	+	12	0	11	0	157	NA	NA	NA	82
ENST00000376747.8	ENSG00000102595	-	39	0	38	0	22	NA	NA	NA	158
ENST00000679496.1	ENSG00000139793	+	9	1	7	0	127	NA	NA	604	174
ENST00000651721.2	ENSG00000065150	+	29	3	25	0	86	NA	NA	4	90
ENST00000319562.11	ENSG00000152767	+	27	1	25	0	81	NA	NA	23	171
ENST00000539966.6	ENSG00000102572	-	11	0	10	0	36	NA	NA	NA	42
ENST00000682017.1	ENSG00000088387	-	53	0	52	0	122	NA	NA	NA	126
ENST00000376387.5	ENSG00000125304	+	17	0	16	0	67	NA	NA	NA	171
ENST00000267294.5	ENSG00000139800	-	2	0	1	0	442	NA	NA	NA	1477
ENST00000376335.8	ENSG00000043355	+	3	0	2	0	359	NA	NA	NA	1075
ENST00000376285.6	ENSG00000175198	+	24	0	23	0	68	NA	NA	NA	105
ENST00000342624.10	ENSG00000125247	-	19	1	17	0	148	NA	NA	207	3
ENST00000376052.5	ENSG00000134900	+	30	0	29	0	89	NA	NA	NA	165
ENST00000376032.9	ENSG00000151287	-	6	1	4	0	179	NA	NA	60	15
ENST00000376004.5	ENSG00000134901	-	10	0	9	0	17	NA	NA	NA	182
ENST00000646441.1	ENSG00000125266	-	5	0	4	0	388	NA	NA	NA	122
ENST00000400198.8	ENSG00000134884	-	4	0	3	0	164	NA	NA	NA	347
ENST00000375898.4	ENSG00000139826	+	2	1	0	0	1033	NA	NA	20	NA
ENST00000375856.5	ENSG00000185950	-	2	0	1	0	4	NA	NA	NA	4012
ENST00000375820.10	ENSG00000187498	-	52	0	51	0	81	NA	NA	NA	84
ENST00000360467.7	ENSG00000134871	+	48	1	46	0	257	NA	NA	44	44
ENST00000267328.5	ENSG00000139832	-	2	0	1	0	532	NA	NA	NA	172
ENST00000257347.9	ENSG00000134905	-	15	0	14	0	71	NA	NA	NA	224
ENST00000333219.9	ENSG00000153487	+	2	0	1	0	703	NA	NA	NA	136
ENST00000267339.6	ENSG00000088448	-	6	0	5	0	475	NA	NA	NA	210
ENST00000646102.2	ENSG00000102606	+	22	0	21	0	122	NA	NA	NA	165
ENST00000261965.8	ENSG00000126216	-	22	0	21	0	158	NA	NA	NA	76
ENST00000375645.8	ENSG00000068650	+	30	0	28	1	77	10	10	NA	39
ENST00000535094.7	ENSG00000126217	+	30	0	29	0	85	NA	NA	NA	79
ENST00000332556.5	ENSG00000185896	+	9	0	8	0	139	NA	NA	NA	61
ENST00000375431.9	ENSG00000139835	-	8	0	7	0	89	NA	NA	NA	32
ENST00000434316.7	ENSG00000150403	+	13	1	11	0	113	NA	NA	80	444
ENST00000375370.10	ENSG00000198176	+	12	1	10	0	147	NA	NA	64	12
ENST00000334062.8	ENSG00000185989	-	24	0	23	0	75	NA	NA	NA	55
ENST00000356221.8	ENSG00000130177	+	18	0	17	0	259	NA	NA	NA	48
ENST00000375299.8	ENSG00000169062	+	10	0	9	0	128	NA	NA	NA	207
ENST00000361283.4	ENSG00000198824	+	3	2	0	0	2493	NA	NA	55	NA
ENST00000429687.8	ENSG00000129484	+	16	0	15	0	159	NA	NA	NA	46
ENST00000262715.10	ENSG00000129566	-	55	1	53	0	122	NA	NA	24	567
ENST00000206542.9	ENSG00000092094	-	11	0	10	0	39	NA	NA	NA	115
ENST00000216714.8	ENSG00000100823	+	5	1	3	0	517	NA	NA	68	58
ENST00000250489.9	ENSG00000165782	-	7	0	6	0	143	NA	NA	NA	142
ENST00000556147.6	ENSG00000165795	-	16	1	14	0	166	NA	NA	6	75
ENST00000298694.9	ENSG00000165801	+	24	0	22	1	41	6	6	NA	3
ENST00000360947.8	ENSG00000165804	-	5	1	3	0	604	NA	NA	83	6
ENST00000553300.6	ENSG00000092199	-	9	2	6	0	83	NA	NA	36	241
ENST00000216297.7	ENSG00000092201	-	26	0	25	0	145	NA	NA	NA	66
ENST00000646647.2	ENSG00000100888	-	38	1	36	0	563	NA	NA	215	843
ENST00000397762.6	ENSG00000129472	-	8	0	7	0	107	NA	NA	NA	46
ENST00000448790.7	ENSG00000092203	+	9	0	8	0	60	NA	NA	NA	6
ENST00000298717.9	ENSG00000165819	-	11	0	10	0	111	NA	NA	NA	100
ENST00000537235.2	ENSG00000165821	-	2	0	1	0	2950	NA	NA	NA	67
ENST00000428304.7	ENSG00000100439	+	7	0	6	0	89	NA	NA	NA	23
ENST00000311852.11	ENSG00000157227	+	10	0	9	0	331	NA	NA	NA	108
ENST00000359591.9	ENSG00000197324	+	7	0	6	0	587	NA	NA	NA	34
ENST00000359890.8	ENSG00000100461	-	14	1	12	0	3	NA	NA	10	66
ENST00000541587.6	ENSG00000092036	-	10	1	8	0	183	NA	NA	22	55
ENST00000262713.7	ENSG00000129474	-	8	0	7	0	125	NA	NA	NA	1006
ENST00000487137.7	ENSG00000139880	-	13	1	10	1	499	520	520	124	201
ENST00000605057.6	ENSG00000100813	-	19	0	18	0	326	NA	NA	NA	138
ENST00000316902.12	ENSG00000092068	-	11	0	10	0	166	NA	NA	NA	151
ENST00000354772.10	ENSG00000092096	-	10	0	9	0	288	NA	NA	NA	96
ENST00000288014.7	ENSG00000259431	+	2	0	1	0	145	NA	NA	NA	547
ENST00000397120.8	ENSG00000213983	-	22	1	20	0	101	NA	NA	5	204
ENST00000446197.8	ENSG00000100897	+	15	1	13	0	134	NA	NA	213	155
ENST00000206451.11	ENSG00000092010	+	11	0	10	0	80	NA	NA	NA	39
ENST00000216799.9	ENSG00000100908	-	6	1	4	0	186	NA	NA	12	198
ENST00000216802.10	ENSG00000100911	-	11	0	10	0	80	NA	NA	NA	48
ENST00000354464.11	ENSG00000196497	-	30	0	29	0	130	NA	NA	NA	69
ENST00000347519.12	ENSG00000254505	-	6	0	5	0	58	NA	NA	NA	31
ENST00000288087.12	ENSG00000213920	-	6	0	5	0	127	NA	NA	NA	37
ENST00000250495.10	ENSG00000129559	-	4	0	3	0	96	NA	NA	NA	18
ENST00000399440.7	ENSG00000100938	+	10	1	8	0	189	NA	NA	35	87
ENST00000216840.11	ENSG00000100949	-	17	1	15	0	148	NA	NA	54	3
ENST00000288111.12	ENSG00000157379	-	9	1	7	0	136	NA	NA	24	150
ENST00000267425.8	ENSG00000196943	+	10	0	9	0	157	NA	NA	NA	247
ENST00000250373.9	ENSG00000100968	+	10	0	9	0	67	NA	NA	NA	100
ENST00000382554.4	ENSG00000205978	+	9	1	7	0	2850	NA	NA	17	198
ENST00000553935.6	ENSG00000100441	+	8	1	6	0	249	NA	NA	17	201
ENST00000399395.8	ENSG00000100445	-	6	0	5	0	409	NA	NA	NA	16
ENST00000323944.10	ENSG00000168952	-	6	1	4	0	23	NA	NA	32	154
ENST00000331968.11	ENSG00000184304	-	18	0	17	0	218	NA	NA	NA	264
ENST00000206595.11	ENSG00000092140	+	15	1	13	0	256	NA	NA	4	37
ENST00000396618.9	ENSG00000100473	+	12	1	10	0	175	NA	NA	23	34
ENST00000357479.10	ENSG00000196792	-	18	0	17	0	169	NA	NA	NA	282
ENST00000542754.7	ENSG00000100478	+	6	1	4	0	128	NA	NA	71	138
ENST00000399332.6	ENSG00000092148	-	43	1	41	0	137	NA	NA	21	140
ENST00000543095.7	ENSG00000129493	-	36	1	34	0	307	NA	NA	74	126
ENST00000281081.12	ENSG00000151413	+	11	0	10	0	62	NA	NA	NA	108
ENST00000345122.8	ENSG00000100852	+	7	1	5	0	327	NA	NA	168	3717
ENST00000250457.9	ENSG00000129521	-	5	0	4	0	31	NA	NA	NA	357
ENST00000298130.5	ENSG00000165389	-	2	0	1	0	103	NA	NA	NA	112
ENST00000362031.10	ENSG00000129515	-	14	0	13	0	53	NA	NA	NA	6
ENST00000298159.11	ENSG00000165410	-	4	0	3	0	112	NA	NA	NA	3
ENST00000360310.6	ENSG00000198604	-	27	1	25	0	196	NA	NA	58	113
ENST00000261475.10	ENSG00000092020	-	13	0	12	0	188	NA	NA	NA	58
ENST00000261479.9	ENSG00000100902	+	7	0	6	0	57	NA	NA	NA	76
ENST00000216797.10	ENSG00000100906	-	6	0	5	0	47	NA	NA	NA	227
ENST00000680220.1	ENSG00000174373	-	42	0	40	1	7	24	24	NA	106
ENST00000216807.12	ENSG00000100916	+	10	0	9	0	117	NA	NA	NA	142
ENST00000416007.9	ENSG00000151332	-	9	0	8	0	107	NA	NA	NA	129
ENST00000684589.1	ENSG00000151338	+	13	2	10	0	66	NA	NA	60	19
ENST00000307712.11	ENSG00000100934	-	20	1	18	0	89	NA	NA	21	221
ENST00000308317.12	ENSG00000092208	+	10	0	9	0	39	NA	NA	NA	137
ENST00000330149.10	ENSG00000182400	-	6	0	5	0	31	NA	NA	NA	81
ENST00000216832.9	ENSG00000100941	+	9	0	8	0	1360	NA	NA	NA	113
ENST00000298097.8	ENSG00000165355	-	4	0	3	0	271	NA	NA	NA	599
ENST00000396128.9	ENSG00000179454	-	5	0	3	0	163	NA	NA	0	899
ENST00000355765.11	ENSG00000185246	+	14	1	12	0	56	NA	NA	19	324
ENST00000396062.4	ENSG00000100442	-	7	0	6	0	54	NA	NA	NA	108
ENST00000267430.10	ENSG00000187790	+	23	0	22	0	138	NA	NA	NA	508
ENST00000298288.11	ENSG00000165501	+	4	0	3	0	240	NA	NA	NA	183
ENST00000305386.4	ENSG00000168282	+	1	0	0	0	NA	NA	NA	NA	NA
ENST00000298292.13	ENSG00000165506	-	3	0	2	0	506	NA	NA	NA	1863
ENST00000298307.10	ENSG00000165516	+	13	0	12	0	123	NA	NA	NA	153
ENST00000298310.10	ENSG00000165525	-	33	0	32	0	77	NA	NA	NA	59
ENST00000298316.7	ENSG00000165527	+	2	1	0	0	1008	NA	NA	481	NA
ENST00000216373.10	ENSG00000100485	-	23	0	22	0	509	NA	NA	NA	87
ENST00000267436.9	ENSG00000087299	-	10	0	9	0	195	NA	NA	NA	140
ENST00000682126.1	ENSG00000012983	-	33	1	31	0	87	NA	NA	109	108
ENST00000358385.12	ENSG00000198513	+	14	0	13	0	110	NA	NA	NA	34
ENST00000324679.5	ENSG00000151748	-	5	0	4	0	201	NA	NA	NA	94
ENST00000530997.7	ENSG00000100503	-	31	2	28	0	209	NA	NA	21	183
ENST00000216392.8	ENSG00000100504	-	20	0	19	0	164	NA	NA	NA	243
ENST00000457354.7	ENSG00000139921	+	8	0	7	0	178	NA	NA	NA	152
ENST00000344768.10	ENSG00000139926	+	14	1	12	0	284	NA	NA	146	99
ENST00000556766.6	ENSG00000186469	+	4	2	1	0	128	NA	NA	29	87
ENST00000216286.10	ENSG00000087303	-	22	0	21	0	10	NA	NA	NA	228
ENST00000281741.9	ENSG00000087301	-	21	2	18	0	283	NA	NA	73	160
ENST00000395686.8	ENSG00000197930	-	16	0	15	0	60	NA	NA	NA	114
ENST00000216410.8	ENSG00000100522	-	6	1	4	0	147	NA	NA	14	154
ENST00000341590.8	ENSG00000073712	-	15	1	13	0	173	NA	NA	9	157
ENST00000673822.2	ENSG00000100523	-	13	0	12	0	181	NA	NA	NA	838
ENST00000335183.11	ENSG00000100526	+	8	0	7	0	86	NA	NA	NA	9
ENST00000216416.9	ENSG00000100528	-	5	0	4	0	27	NA	NA	NA	81
ENST00000358056.8	ENSG00000197045	-	7	0	6	0	71	NA	NA	NA	3
ENST00000554335.6	ENSG00000020577	+	13	1	11	0	28	NA	NA	421	196
ENST00000491895.7	ENSG00000131979	-	6	0	5	0	126	NA	NA	NA	343
ENST00000360586.8	ENSG00000198554	-	26	1	24	0	200	NA	NA	16	77
ENST00000555846.2	ENSG00000180008	+	3	2	0	0	1412	NA	NA	90	NA
ENST00000395468.9	ENSG00000168175	+	4	1	2	0	11	NA	NA	4	18
ENST00000395314.8	ENSG00000126777	+	44	1	42	0	4	NA	NA	30	523
ENST00000267460.9	ENSG00000139946	+	6	0	5	0	566	NA	NA	NA	77
ENST00000261556.11	ENSG00000070269	+	16	0	15	0	254	NA	NA	NA	160
ENST00000261558.8	ENSG00000053770	+	8	0	7	0	82	NA	NA	NA	74
ENST00000556492.6	ENSG00000139977	+	5	1	3	0	137	NA	NA	1	771
ENST00000254286.9	ENSG00000131966	+	13	0	12	0	181	NA	NA	NA	77
ENST00000216455.9	ENSG00000100567	+	11	0	10	0	44	NA	NA	NA	21
ENST00000355431.8	ENSG00000032219	+	24	1	22	0	103	NA	NA	57	6
ENST00000395159.7	ENSG00000100575	-	6	3	2	0	134	NA	NA	26	39
ENST00000360909.8	ENSG00000100592	+	25	1	23	0	209	NA	NA	37	183
ENST00000247194.9	ENSG00000126790	-	5	0	4	0	125	NA	NA	NA	508
ENST00000267484.10	ENSG00000139970	-	9	0	8	0	42	NA	NA	NA	241
ENST00000557185.6	ENSG00000100612	-	7	0	6	0	47	NA	NA	NA	133
ENST00000395076.9	ENSG00000100614	+	6	1	4	0	29	NA	NA	20	834
ENST00000645694.3	ENSG00000126778	-	2	0	1	0	294	NA	NA	NA	560
ENST00000216513.5	ENSG00000100625	-	3	0	2	0	796	NA	NA	NA	863
ENST00000261245.9	ENSG00000020426	+	8	0	7	0	120	NA	NA	NA	89
ENST00000261249.7	ENSG00000126814	-	5	0	4	0	85	NA	NA	NA	11
ENST00000267488.9	ENSG00000139974	+	16	0	15	0	80	NA	NA	NA	105
ENST00000332981.11	ENSG00000027075	+	14	0	13	0	146	NA	NA	NA	363
ENST00000337138.9	ENSG00000100644	+	15	0	14	0	151	NA	NA	NA	35
ENST00000216294.5	ENSG00000023608	+	10	0	9	0	34	NA	NA	NA	128
ENST00000337537.8	ENSG00000154001	-	14	1	12	0	99	NA	NA	7	157
ENST00000247225.7	ENSG00000126821	-	3	0	2	0	551	NA	NA	NA	684
ENST00000652337.1	ENSG00000100714	+	28	0	26	1	89	5	5	NA	41
ENST00000608382.6	ENSG00000089775	-	3	1	1	0	1134	NA	NA	7	173
ENST00000683701.1	ENSG00000126804	+	2	1	0	0	2159	NA	NA	18	NA
ENST00000247207.7	ENSG00000126803	+	1	0	0	0	NA	NA	NA	NA	NA
ENST00000247226.13	ENSG00000126822	+	17	1	15	0	721	NA	NA	39	351
ENST00000549115.7	ENSG00000258289	+	4	0	3	0	92	NA	NA	NA	39
ENST00000358664.9	ENSG00000125952	-	5	0	4	0	187	NA	NA	NA	36
ENST00000673929.1	ENSG00000033170	+	11	2	8	0	317	NA	NA	227	203
ENST00000478722.6	ENSG00000171723	+	23	0	22	0	133	NA	NA	NA	64
ENST00000261681.9	ENSG00000072415	+	15	2	12	0	176	NA	NA	153	367
ENST00000216442.12	ENSG00000100554	-	9	0	8	0	141	NA	NA	NA	41
ENST00000256383.11	ENSG00000134001	+	8	1	6	0	125	NA	NA	1	241
ENST00000329153.10	ENSG00000054690	+	29	1	27	0	161	NA	NA	34	126
ENST00000216452.9	ENSG00000100564	-	4	0	3	0	92	NA	NA	NA	180
ENST00000261783.4	ENSG00000081181	+	8	0	7	0	205	NA	NA	NA	111
ENST00000554659.6	ENSG00000100568	-	6	0	5	0	96	NA	NA	NA	115
ENST00000381346.9	ENSG00000072042	-	7	0	6	0	102	NA	NA	NA	74
ENST00000347230.9	ENSG00000072121	-	42	1	40	0	203	NA	NA	83	194
ENST00000471583.6	ENSG00000182185	+	11	1	9	0	16	NA	NA	2	84
ENST00000439696.3	ENSG00000185650	-	2	0	1	0	959	NA	NA	NA	57
ENST00000394419.9	ENSG00000072110	-	22	0	21	0	158	NA	NA	NA	105
ENST00000341516.10	ENSG00000139990	-	9	0	8	0	1754	NA	NA	NA	214
ENST00000685843.1	ENSG00000081177	+	10	2	7	0	216	NA	NA	47	333
ENST00000336643.10	ENSG00000029364	+	7	0	6	0	230	NA	NA	NA	96
ENST00000342745.5	ENSG00000100647	+	6	1	4	0	25	NA	NA	80	121
ENST00000557154.6	ENSG00000100650	+	8	1	6	0	267	NA	NA	19	126
ENST00000361956.8	ENSG00000198732	+	12	0	11	0	16	NA	NA	NA	99
ENST00000256366.6	ENSG00000213463	-	4	0	3	0	140	NA	NA	NA	64
ENST00000256379.10	ENSG00000133997	-	8	0	7	0	130	NA	NA	NA	22
ENST00000256367.3	ENSG00000133985	+	3	0	2	0	79	NA	NA	NA	406
ENST00000381232.8	ENSG00000197555	+	24	4	19	0	143	NA	NA	302	1498
ENST00000556143.6	ENSG00000165861	-	12	1	10	0	232	NA	NA	434	483
ENST00000261973.12	ENSG00000119707	+	19	1	17	0	92	NA	NA	15	106
ENST00000324501.10	ENSG00000080815	+	12	2	9	0	155	NA	NA	53	87
ENST00000553645.7	ENSG00000119661	+	8	0	7	0	40	NA	NA	NA	3
ENST00000555661.6	ENSG00000140043	+	10	1	8	0	76	NA	NA	47	37
ENST00000286544.5	ENSG00000156050	-	9	0	8	0	138	NA	NA	NA	54
ENST00000334696.11	ENSG00000187097	-	16	3	12	0	86	NA	NA	70	217
ENST00000553458.6	ENSG00000119711	-	12	0	11	0	104	NA	NA	NA	48
ENST00000356924.9	ENSG00000119688	-	19	0	18	0	68	NA	NA	NA	38
ENST00000555619.6	ENSG00000119655	-	5	0	4	0	14	NA	NA	NA	82
ENST00000356357.9	ENSG00000119682	-	20	2	17	0	102	NA	NA	45	16
ENST00000325680.12	ENSG00000119596	+	21	0	19	1	146	37	37	NA	873
ENST00000334220.9	ENSG00000119689	+	15	0	14	0	134	NA	NA	NA	63
ENST00000557413.6	ENSG00000198208	-	12	2	9	0	110	NA	NA	20	265
ENST00000266126.10	ENSG00000119718	+	8	0	7	0	157	NA	NA	NA	163
ENST00000355774.7	ENSG00000119684	-	13	1	11	0	119	NA	NA	63	3280
ENST00000238618.8	ENSG00000119640	-	3	1	1	0	215	NA	NA	8	84
ENST00000238616.10	ENSG00000119638	-	22	0	21	0	122	NA	NA	NA	219
ENST00000303575.9	ENSG00000170348	-	5	0	4	0	121	NA	NA	NA	225
ENST00000303562.9	ENSG00000170345	+	4	0	3	0	641	NA	NA	NA	141
ENST00000651602.1	ENSG00000140044	+	4	1	2	0	185	NA	NA	23	201
ENST00000256319.7	ENSG00000133935	-	5	1	3	0	79	NA	NA	31	133
ENST00000298832.14	ENSG00000119685	+	32	1	30	0	22	NA	NA	95	74
ENST00000238682.8	ENSG00000119699	-	7	0	6	0	158	NA	NA	NA	352
ENST00000251089.8	ENSG00000013523	-	10	0	9	0	160	NA	NA	NA	64
ENST00000238647.5	ENSG00000119669	-	1	0	0	0	NA	NA	NA	NA	NA
ENST00000361786.7	ENSG00000198894	+	4	1	2	0	893	NA	NA	52	136
ENST00000261534.9	ENSG00000009830	-	21	0	20	0	105	NA	NA	NA	248
ENST00000216465.10	ENSG00000100577	+	9	0	8	0	126	NA	NA	NA	15
ENST00000216468.8	ENSG00000100580	-	6	0	5	0	217	NA	NA	NA	118
ENST00000557658.6	ENSG00000151445	-	20	0	18	0	20	NA	NA	0	93
ENST00000216479.8	ENSG00000100591	+	9	0	8	0	172	NA	NA	NA	80
ENST00000216484.7	ENSG00000100596	-	12	0	11	0	119	NA	NA	NA	132
ENST00000238561.10	ENSG00000063761	+	11	1	9	0	171	NA	NA	11	135
ENST00000555265.6	ENSG00000100629	-	25	2	22	0	103	NA	NA	15	147
ENST00000553612.6	ENSG00000165417	-	9	0	8	0	107	NA	NA	NA	30
ENST00000614646.5	ENSG00000140022	-	8	1	6	0	83	NA	NA	198	88
ENST00000336735.9	ENSG00000071537	-	21	0	20	0	209	NA	NA	NA	70
ENST00000393545.9	ENSG00000042317	+	12	0	11	0	584	NA	NA	NA	19
ENST00000556564.6	ENSG00000070778	-	19	1	17	0	128	NA	NA	202	180
ENST00000557258.6	ENSG00000053254	-	6	1	4	0	555	NA	NA	14	543
ENST00000316738.12	ENSG00000140025	-	6	0	5	0	81	NA	NA	NA	75
ENST00000335725.9	ENSG00000042088	+	17	2	14	0	73	NA	NA	7	559
ENST00000261303.13	ENSG00000100764	+	11	0	10	0	134	NA	NA	NA	3
ENST00000554943.6	ENSG00000100796	-	15	0	14	0	110	NA	NA	NA	142
ENST00000342058.9	ENSG00000140092	-	11	0	10	0	161	NA	NA	NA	17
ENST00000267622.8	ENSG00000100815	-	21	0	20	0	220	NA	NA	NA	139
ENST00000644486.2	ENSG00000066427	-	11	0	10	0	94	NA	NA	NA	24
ENST00000216487.12	ENSG00000100599	+	10	0	9	0	326	NA	NA	NA	44
ENST00000334869.9	ENSG00000100600	-	14	1	12	0	42	NA	NA	29	138
ENST00000163416.7	ENSG00000066455	+	13	1	11	0	80	NA	NA	30	544
ENST00000267615.11	ENSG00000100605	-	11	1	9	0	343	NA	NA	142	95
ENST00000415050.3	ENSG00000153485	+	2	0	1	0	411	NA	NA	NA	80
ENST00000013070.11	ENSG00000012963	+	11	0	10	0	92	NA	NA	NA	150
ENST00000334746.10	ENSG00000011114	-	11	1	9	0	815	NA	NA	106	82
ENST00000203664.10	ENSG00000089723	+	6	0	5	0	206	NA	NA	NA	3
ENST00000621632.5	ENSG00000089737	-	9	1	7	0	271	NA	NA	5	718
ENST00000238609.4	ENSG00000119632	-	4	0	3	0	193	NA	NA	NA	7
ENST00000343455.8	ENSG00000100697	-	27	1	25	0	165	NA	NA	45	144
ENST00000555181.6	ENSG00000100744	+	4	2	1	0	161	NA	NA	1	258
ENST00000216277.13	ENSG00000090060	+	22	0	21	0	95	NA	NA	NA	8
ENST00000216639.8	ENSG00000100749	+	13	1	11	0	31	NA	NA	5	160
ENST00000331768.10	ENSG00000183576	-	13	1	11	0	446	NA	NA	8	103
ENST00000389879.9	ENSG00000090061	+	11	1	9	0	625	NA	NA	52	197
ENST00000262233.11	ENSG00000066629	+	22	0	21	0	125	NA	NA	NA	67
ENST00000392920.8	ENSG00000196405	+	14	0	13	0	37	NA	NA	NA	11
ENST00000262238.10	ENSG00000100811	+	5	0	4	0	182	NA	NA	NA	679
ENST00000359232.8	ENSG00000197119	-	4	0	3	0	749	NA	NA	NA	34
ENST00000392882.7	ENSG00000140105	-	11	1	9	0	161	NA	NA	73	99
ENST00000402312.8	ENSG00000176473	+	7	1	5	0	221	NA	NA	15	822
ENST00000216281.13	ENSG00000080824	-	11	0	9	0	109	NA	NA	0	162
ENST00000342702.8	ENSG00000140153	+	3	0	2	0	1277	NA	NA	NA	249
ENST00000361847.7	ENSG00000080823	-	12	0	11	0	77	NA	NA	NA	7
ENST00000216756.11	ENSG00000100865	-	5	0	4	0	202	NA	NA	NA	7
ENST00000359520.12	ENSG00000196663	+	20	1	18	0	154	NA	NA	72	219
ENST00000286918.9	ENSG00000156381	-	4	3	0	0	1006	NA	NA	53	NA
ENST00000262241.7	ENSG00000089902	+	12	0	11	0	38	NA	NA	NA	301
ENST00000392745.8	ENSG00000131323	+	12	2	9	0	571	NA	NA	17	245
ENST00000361246.7	ENSG00000198752	-	37	0	36	0	131	NA	NA	NA	175
ENST00000560869.6	ENSG00000185215	+	12	1	10	0	141	NA	NA	148	235
ENST00000216554.8	ENSG00000100664	+	12	2	9	0	89	NA	NA	208	72
ENST00000429436.7	ENSG00000075413	+	18	0	17	0	345	NA	NA	NA	51
ENST00000348956.7	ENSG00000166165	-	8	1	6	0	178	NA	NA	12	193
ENST00000389749.9	ENSG00000166166	+	4	1	2	0	271	NA	NA	29	331
ENST00000299204.6	ENSG00000166170	-	2	1	0	0	1371	NA	NA	28	NA
ENST00000311141.7	ENSG00000100711	+	7	0	6	0	35	NA	NA	NA	138
ENST00000202556.14	ENSG00000088808	-	17	0	16	0	41	NA	NA	NA	9
ENST00000392634.9	ENSG00000203485	+	23	1	20	1	55	2	2	9	391
ENST00000329967.11	ENSG00000184990	+	4	0	3	0	57	NA	NA	NA	118
ENST00000649815.2	ENSG00000142208	-	15	2	12	0	79	NA	NA	79	46
ENST00000414716.8	ENSG00000099814	+	19	1	17	0	247	NA	NA	27	105
ENST00000336219.4	ENSG00000170779	-	2	1	0	0	731	NA	NA	6	NA
ENST00000331782.8	ENSG00000184916	-	26	0	25	0	475	NA	NA	NA	66
ENST00000392568.7	ENSG00000183828	-	5	0	4	0	240	NA	NA	NA	81
ENST00000392554.8	ENSG00000184887	+	4	0	3	0	1032	NA	NA	NA	374
ENST00000447393.6	ENSG00000179364	+	25	0	24	0	118	NA	NA	NA	119
ENST00000331320.12	ENSG00000182979	+	21	0	20	0	150	NA	NA	NA	28
ENST00000329146.9	ENSG00000182809	+	8	0	7	0	67	NA	NA	NA	43
ENST00000392519.7	ENSG00000184986	+	2	1	0	0	1072	NA	NA	113	NA
ENST00000337451.8	ENSG00000140157	+	8	3	4	0	634	NA	NA	93	139
ENST00000617928.5	ENSG00000273749	-	31	1	29	0	164	NA	NA	6	117
ENST00000390687.9	ENSG00000128739	+	10	3	6	0	37	NA	NA	143	3
ENST00000648336.2	ENSG00000114062	-	13	2	10	0	120	NA	NA	100	20
ENST00000311550.10	ENSG00000166206	-	9	0	8	0	341	NA	NA	NA	80
ENST00000332303.6	ENSG00000185115	-	1	0	0	0	NA	NA	NA	NA	NA
ENST00000435680.6	ENSG00000166912	-	16	0	15	0	602	NA	NA	NA	60
ENST00000307145.4	ENSG00000169926	+	2	0	1	0	289	NA	NA	NA	577
ENST00000361627.8	ENSG00000198826	+	12	0	11	0	1588	NA	NA	NA	129
ENST00000306730.8	ENSG00000169857	-	6	0	5	0	115	NA	NA	NA	267
ENST00000256545.9	ENSG00000134153	-	5	0	4	0	152	NA	NA	NA	236
ENST00000256544.8	ENSG00000134152	-	10	1	8	0	32	NA	NA	14	117
ENST00000267750.9	ENSG00000128463	+	5	0	4	0	35	NA	NA	NA	86
ENST00000328848.6	ENSG00000182117	-	2	0	1	0	140	NA	NA	NA	54
ENST00000314891.11	ENSG00000176454	-	14	0	13	0	175	NA	NA	NA	114
ENST00000156471.10	ENSG00000021776	-	35	0	34	0	314	NA	NA	NA	75
ENST00000356321.4	ENSG00000198146	-	3	2	0	0	2131	NA	NA	56	NA
ENST00000256538.9	ENSG00000134146	-	9	0	8	0	53	NA	NA	NA	23
ENST00000561208.6	ENSG00000134138	-	12	0	11	0	286	NA	NA	NA	12
ENST00000299084.9	ENSG00000166068	+	7	0	6	0	650	NA	NA	NA	32
ENST00000397609.6	ENSG00000171262	+	8	0	7	0	404	NA	NA	NA	71
ENST00000260356.6	ENSG00000137801	+	22	1	20	0	7	NA	NA	29	67
ENST00000263791.10	ENSG00000128829	+	39	0	38	0	57	NA	NA	NA	144
ENST00000267884.11	ENSG00000140319	-	5	0	4	0	167	NA	NA	NA	24
ENST00000638170.2	ENSG00000259330	+	1	0	0	0	NA	NA	NA	NA	NA
ENST00000249776.13	ENSG00000128944	+	9	0	8	0	128	NA	NA	NA	209
ENST00000487418.8	ENSG00000128928	+	12	0	11	0	133	NA	NA	NA	144
ENST00000416165.6	ENSG00000140320	+	7	1	5	0	189	NA	NA	14	1432
ENST00000416810.7	ENSG00000128891	-	4	1	2	0	156	NA	NA	12	244
ENST00000315616.12	ENSG00000166133	+	3	0	2	0	734	NA	NA	NA	606
ENST00000267868.8	ENSG00000051180	+	10	1	8	0	123	NA	NA	2	87
ENST00000338376.8	ENSG00000137824	-	13	1	11	0	53	NA	NA	7	187
ENST00000260447.6	ENSG00000137880	+	3	0	2	0	123	NA	NA	NA	36
ENST00000220496.9	ENSG00000104129	-	11	0	10	0	122	NA	NA	NA	78
ENST00000355341.8	ENSG00000166140	+	11	0	10	0	78	NA	NA	NA	279
ENST00000562057.6	ENSG00000166145	+	11	1	9	0	205	NA	NA	65	475
ENST00000220509.10	ENSG00000104142	+	5	0	4	0	725	NA	NA	NA	91
ENST00000617768.5	ENSG00000128965	+	3	0	2	0	401	NA	NA	NA	231
ENST00000648947.1	ENSG00000128908	-	36	1	34	0	217	NA	NA	43	143
ENST00000334660.10	ENSG00000187446	+	7	0	6	0	53	NA	NA	NA	67
ENST00000260386.7	ENSG00000137825	+	7	0	6	0	203	NA	NA	NA	489
ENST00000304330.9	ENSG00000103932	-	25	1	23	0	149	NA	NA	76	181
ENST00000263798.8	ENSG00000092445	+	19	0	18	0	390	NA	NA	NA	124
ENST00000457542.7	ENSG00000137802	+	31	1	29	0	227	NA	NA	109	114
ENST00000220325.9	ENSG00000103966	-	6	0	5	0	536	NA	NA	NA	236
ENST00000318006.10	ENSG00000166887	-	25	0	24	0	75	NA	NA	NA	73
ENST00000389834.9	ENSG00000103978	-	20	0	19	0	41	NA	NA	NA	144
ENST00000318010.13	ENSG00000214013	+	24	0	23	0	109	NA	NA	NA	29
ENST00000564754.7	ENSG00000103994	-	22	1	20	0	56	NA	NA	32	54
ENST00000249647.8	ENSG00000092531	+	8	1	6	0	65	NA	NA	14	57
ENST00000267890.11	ENSG00000128881	-	15	1	13	0	462	NA	NA	67	69
ENST00000260403.7	ENSG00000137842	+	14	0	13	0	326	NA	NA	NA	180
ENST00000300213.9	ENSG00000166946	+	11	0	10	0	114	NA	NA	NA	109
ENST00000562188.7	ENSG00000168803	+	13	3	9	0	194	NA	NA	163	63
ENST00000684362.1	ENSG00000140265	-	6	1	4	0	868	NA	NA	112	318
ENST00000564079.6	ENSG00000137822	+	18	0	17	0	12	NA	NA	NA	78
ENST00000382044.9	ENSG00000067369	-	28	0	27	0	187	NA	NA	NA	7
ENST00000300231.6	ENSG00000166963	+	6	3	2	0	155	NA	NA	150	8035
ENST00000420765.6	ENSG00000168781	-	32	2	29	0	802	NA	NA	28	147
ENST00000300289.10	ENSG00000167004	+	13	0	12	0	113	NA	NA	NA	167
ENST00000249786.9	ENSG00000140264	+	3	0	2	0	63	NA	NA	NA	7
ENST00000442995.4	ENSG00000242028	+	4	0	3	0	95	NA	NA	NA	162
ENST00000263795.11	ENSG00000092470	+	13	0	12	0	264	NA	NA	NA	60
ENST00000417257.6	ENSG00000171877	-	14	0	13	0	577	NA	NA	NA	102
ENST00000260327.9	ENSG00000137770	+	13	1	11	0	65	NA	NA	24	186
ENST00000648006.3	ENSG00000166710	+	4	0	2	1	13	15	15	NA	67
ENST00000267814.14	ENSG00000140263	+	9	0	8	0	165	NA	NA	NA	66
ENST00000396659.8	ENSG00000171766	-	9	0	8	0	112	NA	NA	NA	69
ENST00000305560.11	ENSG00000171763	+	8	0	7	0	167	NA	NA	NA	1089
ENST00000261867.5	ENSG00000104154	-	8	1	6	0	154	NA	NA	114	391
ENST00000220531.9	ENSG00000104164	+	5	0	4	0	119	NA	NA	NA	82
ENST00000324324.12	ENSG00000104177	-	17	0	16	0	163	NA	NA	NA	161
ENST00000331200.8	ENSG00000128951	+	7	0	6	0	56	NA	NA	NA	280
ENST00000316623.10	ENSG00000166147	-	66	1	64	0	389	NA	NA	181	164
ENST00000380950.7	ENSG00000103995	-	27	1	25	0	1039	NA	NA	7	87
ENST00000530028.3	ENSG00000255302	+	1	0	0	0	NA	NA	NA	NA	NA
ENST00000559471.6	ENSG00000138593	-	18	0	17	0	682	NA	NA	NA	24
ENST00000388901.10	ENSG00000166200	-	13	0	12	0	144	NA	NA	NA	54
ENST00000560031.6	ENSG00000156958	+	10	0	9	0	207	NA	NA	NA	53
ENST00000267842.10	ENSG00000140284	+	10	0	9	0	176	NA	NA	NA	478
ENST00000380877.8	ENSG00000104064	-	9	0	7	0	152	NA	NA	0	108
ENST00000646667.1	ENSG00000092439	-	39	0	38	0	130	NA	NA	NA	3
ENST00000261854.10	ENSG00000138600	-	15	0	14	0	74	NA	NA	NA	66
ENST00000261842.10	ENSG00000081014	+	21	0	20	0	160	NA	NA	NA	150
ENST00000560891.6	ENSG00000104093	-	44	0	43	0	209	NA	NA	NA	87
ENST00000267838.7	ENSG00000140280	-	3	0	2	0	42	NA	NA	NA	273
ENST00000249700.9	ENSG00000128872	+	10	1	8	0	34	NA	NA	69	126
ENST00000308580.12	ENSG00000138594	+	10	1	8	0	34	NA	NA	74	126
ENST00000299601.10	ENSG00000166477	-	12	0	11	0	104	NA	NA	NA	58
ENST00000261845.7	ENSG00000069956	+	6	1	4	0	1098	NA	NA	631	555
ENST00000261837.12	ENSG00000069966	-	13	1	11	0	11	NA	NA	18	126
ENST00000399233.7	ENSG00000197535	-	42	0	41	0	152	NA	NA	NA	27
ENST00000249822.9	ENSG00000128989	-	3	0	2	0	170	NA	NA	NA	45
ENST00000619572.5	ENSG00000047346	-	13	1	11	0	153	NA	NA	101	16
ENST00000260443.9	ENSG00000137876	-	6	0	5	0	73	NA	NA	NA	81
ENST00000336787.6	ENSG00000069974	-	7	2	4	0	198	NA	NA	22	153
ENST00000164305.10	ENSG00000069943	+	12	0	11	0	146	NA	NA	NA	163
ENST00000563719.4	ENSG00000171016	-	3	0	2	0	1124	NA	NA	NA	49
ENST00000435532.8	ENSG00000069869	-	29	0	28	0	102	NA	NA	NA	45
ENST00000696102.1	ENSG00000151575	+	12	0	11	0	77	NA	NA	NA	27
ENST00000333725.10	ENSG00000140262	+	21	1	18	1	142	12	12	22	75
ENST00000281282.6	ENSG00000128849	+	19	1	17	0	135	NA	NA	15	1602
ENST00000299638.8	ENSG00000255529	+	4	0	3	0	143	NA	NA	NA	113
ENST00000249750.9	ENSG00000128918	-	13	0	12	0	72	NA	NA	NA	117
ENST00000260408.8	ENSG00000137845	-	16	0	15	0	94	NA	NA	NA	55
ENST00000559228.6	ENSG00000128923	+	9	0	8	0	128	NA	NA	NA	840
ENST00000380516.7	ENSG00000137776	-	21	0	20	0	108	NA	NA	NA	162
ENST00000348370.9	ENSG00000157450	+	14	1	12	0	117	NA	NA	19	880
ENST00000288207.7	ENSG00000157456	+	9	0	8	0	110	NA	NA	NA	24
ENST00000288235.9	ENSG00000157483	-	28	0	27	0	76	NA	NA	NA	3
ENST00000396060.7	ENSG00000140307	-	5	1	3	0	25	NA	NA	49	72
ENST00000607373.6	ENSG00000140299	-	10	1	8	0	51	NA	NA	57	50
ENST00000451270.7	ENSG00000182718	-	13	1	11	0	59	NA	NA	11	48
ENST00000261520.9	ENSG00000128915	-	16	1	14	0	128	NA	NA	92	41
ENST00000335670.11	ENSG00000069667	-	11	0	10	0	164	NA	NA	NA	166
ENST00000636159.2	ENSG00000171914	+	59	3	55	0	128	NA	NA	36	136
ENST00000403994.9	ENSG00000140416	+	10	0	9	0	3	NA	NA	NA	114
ENST00000330964.10	ENSG00000185088	-	4	0	3	0	28	NA	NA	NA	6
ENST00000178638.8	ENSG00000074410	-	11	0	10	0	72	NA	NA	NA	85
ENST00000380324.8	ENSG00000140455	+	15	0	14	0	165	NA	NA	NA	91
ENST00000300030.8	ENSG00000166797	-	5	0	4	0	97	NA	NA	NA	124
ENST00000559844.6	ENSG00000028528	+	15	0	14	0	50	NA	NA	NA	159
ENST00000300026.4	ENSG00000166794	-	5	0	4	0	122	NA	NA	NA	135
ENST00000303052.13	ENSG00000169118	-	12	1	10	0	54	NA	NA	224	181
ENST00000261884.8	ENSG00000103671	+	13	0	12	0	67	NA	NA	NA	101
ENST00000326648.5	ENSG00000180357	+	10	1	7	1	73	6	6	127	747
ENST00000300069.5	ENSG00000166831	-	8	0	6	1	62	8	8	NA	87
ENST00000323544.5	ENSG00000241839	+	6	0	5	0	989	NA	NA	NA	12
ENST00000204566.7	ENSG00000090487	-	9	1	7	0	116	NA	NA	24	63
ENST00000220058.9	ENSG00000103707	-	9	0	8	0	194	NA	NA	NA	209
ENST00000204549.9	ENSG00000090470	-	5	0	4	0	123	NA	NA	NA	870
ENST00000300107.7	ENSG00000166855	-	14	0	13	0	90	NA	NA	NA	79
ENST00000649807.2	ENSG00000138617	-	6	0	5	0	135	NA	NA	NA	174
ENST00000300141.11	ENSG00000074603	-	20	1	18	0	122	NA	NA	11	259
ENST00000261875.10	ENSG00000074696	+	11	0	10	0	76	NA	NA	NA	87
ENST00000313182.7	ENSG00000138614	-	12	1	10	0	251	NA	NA	62	222
ENST00000443035.8	ENSG00000174485	-	33	2	30	0	136	NA	NA	22	311
ENST00000261890.7	ENSG00000103769	+	5	0	4	0	139	NA	NA	NA	40
ENST00000319212.9	ENSG00000166938	+	17	0	16	0	308	NA	NA	NA	139
ENST00000261881.9	ENSG00000075131	-	8	1	6	0	223	NA	NA	8	133
ENST00000307102.10	ENSG00000169032	+	11	0	10	0	113	NA	NA	NA	80
ENST00000288840.10	ENSG00000137834	+	4	0	3	0	538	NA	NA	NA	817
ENST00000327367.9	ENSG00000166949	+	9	0	8	0	123	NA	NA	NA	206
ENST00000261880.10	ENSG00000103591	-	10	0	9	0	77	NA	NA	NA	73
ENST00000178640.10	ENSG00000137764	+	22	0	21	0	104	NA	NA	NA	135
ENST00000249806.11	ENSG00000128973	-	7	0	6	0	270	NA	NA	NA	83
ENST00000306917.5	ENSG00000169018	+	2	0	1	0	1635	NA	NA	NA	248
ENST00000261861.10	ENSG00000103647	+	12	0	11	0	131	NA	NA	NA	15
ENST00000465139.6	ENSG00000140350	-	7	0	6	0	61	NA	NA	NA	54
ENST00000261858.7	ENSG00000138604	+	5	2	2	0	1024	NA	NA	13	586
ENST00000679126.1	ENSG00000137807	+	24	0	23	0	15	NA	NA	NA	11
ENST00000451782.7	ENSG00000140332	-	20	0	19	0	107	NA	NA	NA	24
ENST00000322954.11	ENSG00000137831	-	19	0	18	0	71	NA	NA	NA	78
ENST00000340912.6	ENSG00000166192	+	2	1	0	0	685	NA	NA	47	NA
ENST00000335181.10	ENSG00000067225	-	11	1	9	0	106	NA	NA	13	154
ENST00000569795.6	ENSG00000137817	-	24	2	21	0	102	NA	NA	194	3
ENST00000268097.10	ENSG00000213614	-	14	0	13	0	63	NA	NA	NA	253
ENST00000268057.9	ENSG00000140463	+	16	0	15	0	109	NA	NA	NA	24
ENST00000456471.3	ENSG00000159322	-	7	0	6	0	554	NA	NA	NA	233
ENST00000261908.11	ENSG00000067141	+	29	0	28	0	83	NA	NA	NA	130
ENST00000318443.10	ENSG00000103855	+	10	1	8	0	22	NA	NA	54	79
ENST00000261921.8	ENSG00000129038	+	7	0	6	0	6	NA	NA	NA	1102
ENST00000541638.6	ENSG00000067221	-	7	0	6	0	193	NA	NA	NA	133
ENST00000268058.8	ENSG00000140464	+	9	0	8	0	787	NA	NA	NA	129
ENST00000261918.9	ENSG00000138623	-	14	0	13	0	361	NA	NA	NA	178
ENST00000395081.7	ENSG00000138629	-	11	1	9	0	137	NA	NA	29	184
ENST00000346246.10	ENSG00000179361	+	9	1	7	0	163	NA	NA	77	552
ENST00000395066.9	ENSG00000179335	+	13	0	11	0	176	NA	NA	0	152
ENST00000315127.9	ENSG00000179151	-	7	1	5	0	334	NA	NA	18	164
ENST00000220003.14	ENSG00000103653	+	13	1	11	0	182	NA	NA	65	15
ENST00000440863.7	ENSG00000140474	-	16	0	15	0	16	NA	NA	NA	102
ENST00000268099.13	ENSG00000140497	-	9	0	8	0	134	NA	NA	NA	57
ENST00000352410.9	ENSG00000178802	+	8	0	7	0	218	NA	NA	NA	16
ENST00000357635.10	ENSG00000178761	-	5	0	4	0	167	NA	NA	NA	214
ENST00000322347.11	ENSG00000178741	-	5	0	3	1	113	10	10	NA	100
ENST00000322177.6	ENSG00000178718	-	1	0	0	0	NA	NA	NA	NA	NA
ENST00000425597.8	ENSG00000198794	+	7	1	5	0	194	NA	NA	48	7
ENST00000267978.10	ENSG00000140400	-	26	0	25	0	126	NA	NA	NA	101
ENST00000394947.8	ENSG00000169375	-	21	1	19	0	230	NA	NA	33	189
ENST00000618819.5	ENSG00000169410	-	13	0	12	0	214	NA	NA	NA	63
ENST00000308588.10	ENSG00000169371	-	9	1	7	0	323	NA	NA	5	158
ENST00000403490.3	ENSG00000177971	-	1	0	0	0	NA	NA	NA	NA	NA
ENST00000308527.6	ENSG00000173548	+	2	0	1	0	253	NA	NA	NA	1471
ENST00000308508.5	ENSG00000173546	-	10	0	9	0	1834	NA	NA	NA	88
ENST00000267938.9	ENSG00000140367	+	13	0	12	0	31	NA	NA	NA	180
ENST00000308275.8	ENSG00000167196	+	7	0	6	0	417	NA	NA	NA	140
ENST00000563290.6	ENSG00000140386	-	32	1	30	0	103	NA	NA	59	6
ENST00000394885.8	ENSG00000117906	+	7	0	6	0	152	NA	NA	NA	144
ENST00000267970.9	ENSG00000140391	-	7	0	6	0	92	NA	NA	NA	63
ENST00000336216.9	ENSG00000140382	+	10	1	7	1	136	7	7	4	89
ENST00000258930.8	ENSG00000136425	-	6	0	5	0	21	NA	NA	NA	51
ENST00000394852.8	ENSG00000140403	+	7	0	6	0	215	NA	NA	NA	132
ENST00000267973.7	ENSG00000140395	-	11	1	9	0	89	NA	NA	39	12
ENST00000258886.13	ENSG00000136381	+	22	0	21	0	110	NA	NA	NA	19
ENST00000388988.9	ENSG00000188266	+	5	1	3	0	460	NA	NA	5	337
ENST00000299565.9	ENSG00000169684	+	6	0	5	0	161	NA	NA	NA	106
ENST00000426013.7	ENSG00000185787	+	12	0	11	0	84	NA	NA	NA	40
ENST00000220166.10	ENSG00000103811	-	12	0	11	0	75	NA	NA	NA	91
ENST00000299705.10	ENSG00000166557	+	3	0	2	0	236	NA	NA	NA	168
ENST00000261749.11	ENSG00000086666	+	7	2	4	0	148	NA	NA	17	154
ENST00000303329.9	ENSG00000172379	+	19	0	18	0	98	NA	NA	NA	31
ENST00000258884.5	ENSG00000136379	+	3	0	2	0	219	NA	NA	NA	590
ENST00000267984.4	ENSG00000140406	+	1	0	0	0	NA	NA	NA	NA	NA
ENST00000302824.7	ENSG00000172345	-	6	0	5	0	147	NA	NA	NA	99
ENST00000329713.5	ENSG00000183496	-	2	0	1	0	1453	NA	NA	NA	256
ENST00000268206.12	ENSG00000140598	-	20	1	18	0	188	NA	NA	19	91
ENST00000286760.5	ENSG00000156232	+	10	0	9	0	307	NA	NA	NA	609
ENST00000450735.7	ENSG00000103942	-	9	0	8	0	188	NA	NA	NA	5
ENST00000261721.9	ENSG00000064726	-	8	0	7	0	158	NA	NA	NA	401
ENST00000268220.12	ENSG00000140612	-	6	0	5	0	50	NA	NA	NA	51
ENST00000560079.7	ENSG00000166716	+	11	3	7	0	530	NA	NA	19	2220
ENST00000394553.6	ENSG00000073417	+	22	0	21	0	106	NA	NA	NA	186
ENST00000337975.6	ENSG00000183655	-	3	1	0	1	1779	25	25	10	1794
ENST00000332810.4	ENSG00000181026	+	4	1	2	0	236	NA	NA	64	540
ENST00000306072.10	ENSG00000172183	+	4	1	2	0	116	NA	NA	24	228
ENST00000268150.13	ENSG00000140545	-	8	0	7	0	137	NA	NA	NA	73
ENST00000352732.10	ENSG00000140526	+	11	2	8	0	196	NA	NA	6	194
ENST00000268124.11	ENSG00000140521	-	23	1	21	0	76	NA	NA	159	659
ENST00000394412.8	ENSG00000166813	-	19	1	17	0	367	NA	NA	24	328
ENST00000300056.8	ENSG00000166821	-	3	0	2	0	571	NA	NA	NA	56
ENST00000300060.7	ENSG00000166825	-	21	1	19	0	152	NA	NA	223	614
ENST00000336418.9	ENSG00000157823	-	6	0	5	0	128	NA	NA	NA	69
ENST00000268154.9	ENSG00000140548	+	5	1	3	0	169	NA	NA	28	1458
ENST00000330062.8	ENSG00000182054	-	11	0	10	0	87	NA	NA	NA	115
ENST00000411539.7	ENSG00000185033	+	14	0	13	0	739	NA	NA	NA	157
ENST00000329600.8	ENSG00000183208	+	4	3	0	0	1166	NA	NA	9	NA
ENST00000268182.10	ENSG00000140575	+	38	0	37	0	113	NA	NA	NA	55
ENST00000268184.11	ENSG00000140577	+	15	0	14	0	208	NA	NA	NA	132
ENST00000355112.8	ENSG00000197299	+	22	1	20	0	177	NA	NA	4	98
ENST00000268171.8	ENSG00000140564	+	16	1	14	0	592	NA	NA	159	177
ENST00000328850.8	ENSG00000182511	+	19	1	17	0	142	NA	NA	9	213
ENST00000559717.6	ENSG00000196547	+	23	1	21	0	152	NA	NA	18	132
ENST00000418476.2	ENSG00000140553	+	20	0	19	0	257	NA	NA	NA	51
ENST00000394258.7	ENSG00000166965	+	8	1	6	0	151	NA	NA	123	166
ENST00000394249.8	ENSG00000198901	-	15	0	14	0	71	NA	NA	NA	11
ENST00000318445.11	ENSG00000176463	+	10	0	9	0	379	NA	NA	NA	180
ENST00000394196.9	ENSG00000173575	+	39	1	37	0	333	NA	NA	71	62
ENST00000329082.12	ENSG00000182175	-	4	0	3	0	707	NA	NA	NA	14
ENST00000394166.8	ENSG00000185551	+	3	0	2	0	274	NA	NA	NA	442
ENST00000268042.7	ENSG00000140450	+	8	0	7	0	56	NA	NA	NA	307
ENST00000650285.1	ENSG00000140443	+	21	0	20	0	381	NA	NA	NA	94
ENST00000394132.7	ENSG00000103852	-	14	4	9	0	117	NA	NA	20	180
ENST00000301981.8	ENSG00000168904	+	10	1	8	0	72	NA	NA	60	168
ENST00000557942.6	ENSG00000068305	+	12	2	9	0	381	NA	NA	142	54
ENST00000684762.1	ENSG00000183060	-	3	1	1	0	608	NA	NA	8	282
ENST00000332783.12	ENSG00000183475	+	6	3	2	0	139	NA	NA	51	211
ENST00000254190.4	ENSG00000131873	-	3	0	2	0	1592	NA	NA	NA	320
ENST00000526049.6	ENSG00000131871	-	6	0	5	0	85	NA	NA	NA	76
ENST00000254193.11	ENSG00000131876	-	9	0	8	0	58	NA	NA	NA	82
ENST00000611716.5	ENSG00000140479	-	22	0	21	0	97	NA	NA	NA	297
ENST00000333202.8	ENSG00000184277	-	6	0	5	0	165	NA	NA	NA	91
ENST00000293860.6	ENSG00000161980	-	3	0	2	0	127	NA	NA	NA	111
ENST00000262316.10	ENSG00000007384	-	18	1	16	0	419	NA	NA	24	117
ENST00000356432.8	ENSG00000103152	+	4	0	3	0	376	NA	NA	NA	24
ENST00000293872.13	ENSG00000007392	-	10	0	9	0	141	NA	NA	NA	61
ENST00000399932.8	ENSG00000167930	+	13	2	10	0	211	NA	NA	33	268
ENST00000262320.8	ENSG00000103126	-	11	1	9	0	126	NA	NA	81	878
ENST00000431232.7	ENSG00000129925	-	13	0	12	0	296	NA	NA	NA	121
ENST00000219479.7	ENSG00000103202	+	5	0	4	0	123	NA	NA	NA	91
ENST00000219481.10	ENSG00000242612	+	9	0	7	0	217	1	1	NA	80
ENST00000262305.9	ENSG00000090565	+	14	0	13	0	113	NA	NA	NA	714
ENST00000248139.8	ENSG00000197562	+	6	0	5	0	280	NA	NA	NA	142
ENST00000307650.9	ENSG00000172366	+	5	0	4	0	70	NA	NA	NA	52
ENST00000293879.9	ENSG00000161996	+	41	0	40	0	157	NA	NA	NA	10
ENST00000315082.9	ENSG00000140983	+	19	0	18	0	126	NA	NA	NA	37
ENST00000219548.9	ENSG00000103266	+	7	0	6	0	125	NA	NA	NA	159
ENST00000293883.9	ENSG00000127580	-	9	0	8	0	168	NA	NA	NA	481
ENST00000397621.6	ENSG00000127585	-	6	1	4	0	148	NA	NA	14	633
ENST00000568223.7	ENSG00000103260	+	4	0	3	0	316	NA	NA	NA	104
ENST00000389703.8	ENSG00000103253	+	8	0	7	0	168	NA	NA	NA	105
ENST00000545450.7	ENSG00000102854	+	18	2	15	0	85	NA	NA	9	85
ENST00000007264.7	ENSG00000007376	-	6	1	4	0	427	NA	NA	7	182
ENST00000397514.8	ENSG00000103275	+	7	1	5	0	63	NA	NA	11	66
ENST00000382745.9	ENSG00000103249	-	25	0	24	0	86	NA	NA	NA	141
ENST00000397412.8	ENSG00000007545	+	21	1	19	0	164	NA	NA	1	346
ENST00000248098.8	ENSG00000206053	+	5	0	4	0	187	NA	NA	NA	44
ENST00000610761.2	ENSG00000138834	+	32	0	31	0	121	NA	NA	NA	318
ENST00000219302.8	ENSG00000103024	-	5	0	4	0	117	NA	NA	NA	46
ENST00000568449.7	ENSG00000197774	+	8	0	7	0	170	NA	NA	NA	247
ENST00000566339.6	ENSG00000162032	-	7	1	5	0	346	NA	NA	12	126
ENST00000262302.14	ENSG00000095906	+	7	0	6	0	145	NA	NA	NA	16
ENST00000397356.8	ENSG00000063854	-	9	0	8	0	99	NA	NA	NA	76
ENST00000427358.5	ENSG00000180185	+	1	0	0	0	NA	NA	NA	NA	NA
ENST00000361871.8	ENSG00000198736	-	4	0	3	0	31	NA	NA	NA	55
ENST00000568546.6	ENSG00000183751	+	22	0	21	0	133	NA	NA	NA	41
ENST00000248114.7	ENSG00000127554	+	3	0	2	0	162	NA	NA	NA	258
ENST00000248121.7	ENSG00000127561	+	4	0	3	0	209	NA	NA	NA	99
ENST00000424542.7	ENSG00000065054	+	7	0	6	0	158	NA	NA	NA	213
ENST00000219476.9	ENSG00000103197	+	42	1	40	0	164	NA	NA	29	138
ENST00000326181.11	ENSG00000131653	+	21	1	19	0	14	NA	NA	38	81
ENST00000569417.6	ENSG00000167965	+	9	1	7	0	118	NA	NA	55	129
ENST00000333503.8	ENSG00000184207	-	2	0	1	0	325	NA	NA	NA	640
ENST00000301727.9	ENSG00000167967	+	14	0	13	0	356	NA	NA	NA	157
ENST00000301729.9	ENSG00000167969	-	7	0	6	0	166	NA	NA	NA	52
ENST00000320225.10	ENSG00000205937	-	8	1	6	0	99	NA	NA	117	71
ENST00000301732.10	ENSG00000167972	-	33	3	29	0	131	NA	NA	26	54
ENST00000397066.9	ENSG00000162063	+	17	0	16	0	475	NA	NA	NA	16
ENST00000646147.1	ENSG00000162065	+	8	1	6	0	154	NA	NA	115	965
ENST00000330398.9	ENSG00000185883	+	3	0	2	0	204	NA	NA	NA	79
ENST00000342085.9	ENSG00000140992	+	14	0	13	0	116	NA	NA	NA	24
ENST00000301738.9	ENSG00000167977	+	6	0	5	0	29	NA	NA	NA	252
ENST00000301740.13	ENSG00000167978	+	15	1	13	0	9	NA	NA	31	242
ENST00000253928.14	ENSG00000059122	+	10	2	7	0	39	NA	NA	73	325
ENST00000318782.9	ENSG00000162073	+	3	0	2	0	433	NA	NA	NA	166
ENST00000262300.13	ENSG00000127564	-	9	1	7	0	111	NA	NA	255	10
ENST00000326577.9	ENSG00000006327	+	4	0	3	0	55	NA	NA	NA	94
ENST00000248089.8	ENSG00000103145	-	4	0	3	0	135	NA	NA	NA	95
ENST00000326266.13	ENSG00000131652	+	13	0	12	0	80	NA	NA	NA	39
ENST00000219091.9	ENSG00000122386	+	7	1	5	0	1069	NA	NA	14	57
ENST00000396878.8	ENSG00000085644	+	6	1	4	0	658	NA	NA	115	399
ENST00000414144.7	ENSG00000010539	-	5	1	3	0	721	NA	NA	81	250
ENST00000219069.6	ENSG00000006194	+	6	0	5	0	1165	NA	NA	NA	387
ENST00000669516.2	ENSG00000162086	+	7	1	5	0	679	NA	NA	116	408
ENST00000407558.9	ENSG00000122390	+	8	2	4	1	156	207	207	6	110
ENST00000294008.4	ENSG00000188827	-	15	1	13	0	351	NA	NA	602	535
ENST00000262367.10	ENSG00000005339	-	31	0	30	0	2156	NA	NA	NA	85
ENST00000294016.8	ENSG00000162104	-	11	1	9	0	1191	NA	NA	43	1693
ENST00000204517.11	ENSG00000090447	-	7	0	6	0	194	NA	NA	NA	89
ENST00000433375.2	ENSG00000126603	+	7	1	5	0	799	NA	NA	66	172
ENST00000304735.4	ENSG00000168140	+	2	1	0	0	2030	NA	NA	9	NA
ENST00000283429.11	ENSG00000153406	-	6	1	4	0	179	NA	NA	34	40
ENST00000570646.6	ENSG00000103415	+	6	1	4	0	127	NA	NA	41	86
ENST00000567695.6	ENSG00000089486	-	6	2	3	0	111	NA	NA	14	85
ENST00000283474.12	ENSG00000153443	-	3	0	2	0	350	NA	NA	NA	120
ENST00000262370.12	ENSG00000102858	+	17	0	16	0	112	NA	NA	NA	88
ENST00000304283.9	ENSG00000168096	-	18	2	14	1	76	12	12	2	170
ENST00000219478.11	ENSG00000103199	-	6	1	4	0	682	NA	NA	98	414
ENST00000262376.11	ENSG00000118900	+	18	1	16	0	49	NA	NA	39	249
ENST00000345988.7	ENSG00000118898	-	22	0	21	0	2663	NA	NA	NA	62
ENST00000312251.8	ENSG00000103174	-	10	0	9	0	207	NA	NA	NA	86
ENST00000427587.9	ENSG00000118894	-	8	0	7	0	100	NA	NA	NA	96
ENST00000268251.13	ENSG00000183044	+	16	1	14	0	121	NA	NA	41	70
ENST00000268261.9	ENSG00000140650	+	8	0	7	0	101	NA	NA	NA	66
ENST00000311052.10	ENSG00000153048	-	4	1	2	0	162	NA	NA	7	158
ENST00000344836.9	ENSG00000187555	-	31	0	30	0	106	NA	NA	NA	79
ENST00000359543.8	ENSG00000213853	-	5	1	3	0	187	NA	NA	60	78
ENST00000283027.10	ENSG00000103274	+	11	0	10	0	58	NA	NA	NA	19
ENST00000331808.5	ENSG00000182108	-	2	0	0	1	NA	150	150	NA	437
ENST00000409790.6	ENSG00000038532	+	24	0	23	0	355	NA	NA	NA	80
ENST00000622633.5	ENSG00000189067	-	4	1	2	0	108	NA	NA	5	220
ENST00000329565.6	ENSG00000184602	+	2	1	0	0	351	NA	NA	85	NA
ENST00000283033.10	ENSG00000153066	-	12	0	11	0	642	NA	NA	NA	254
ENST00000355758.9	ENSG00000122299	-	23	1	21	0	189	NA	NA	34	68
ENST00000571133.6	ENSG00000171490	-	9	0	8	0	326	NA	NA	NA	105
ENST00000434724.7	ENSG00000103342	-	15	0	14	0	52	NA	NA	NA	352
ENST00000566228.6	ENSG00000048471	+	21	0	20	0	123	NA	NA	NA	7
ENST00000381774.9	ENSG00000103381	-	4	0	3	0	229	NA	NA	NA	70
ENST00000571589.6	ENSG00000186260	+	17	2	14	0	535	NA	NA	63	154
ENST00000437198.7	ENSG00000140694	-	24	0	23	0	55	NA	NA	NA	19
ENST00000261658.7	ENSG00000103429	+	8	1	6	0	192	NA	NA	73	263
ENST00000287667.12	ENSG00000103512	+	31	0	30	0	131	NA	NA	NA	165
ENST00000396410.9	ENSG00000179889	+	23	0	22	0	259	NA	NA	NA	21
ENST00000396368.8	ENSG00000166783	-	27	1	25	0	244	NA	NA	58	144
ENST00000396354.6	ENSG00000072864	+	9	1	7	0	60	NA	NA	43	83
ENST00000399410.8	ENSG00000103222	+	31	0	30	0	108	NA	NA	NA	48
ENST00000304414.12	ENSG00000170540	-	6	0	5	0	118	NA	NA	NA	36
ENST00000304381.10	ENSG00000170537	+	16	0	15	0	65	NA	NA	NA	67
ENST00000381440.5	ENSG00000205730	+	1	0	0	0	NA	NA	NA	NA	NA
ENST00000353258.8	ENSG00000006007	-	6	0	5	0	147	NA	NA	NA	261
ENST00000694978.1	ENSG00000103540	+	14	1	12	0	75	NA	NA	15	141
ENST00000219837.12	ENSG00000103550	-	5	1	3	0	311	NA	NA	2	918
ENST00000300571.7	ENSG00000167191	-	4	1	2	0	44	NA	NA	1	1030
ENST00000396083.7	ENSG00000066654	-	4	0	3	0	406	NA	NA	NA	231
ENST00000357967.9	ENSG00000196678	-	9	0	8	0	1343	NA	NA	NA	23
ENST00000261377.11	ENSG00000005189	+	20	1	18	0	81	NA	NA	2	138
ENST00000324344.9	ENSG00000188215	-	3	1	1	0	483	NA	NA	105	431
ENST00000567954.6	ENSG00000102897	+	4	0	2	0	116	NA	NA	0	159
ENST00000233047.9	ENSG00000011638	+	5	1	3	0	81	NA	NA	98	96
ENST00000358154.8	ENSG00000197006	+	5	0	4	0	205	NA	NA	NA	165
ENST00000268379.9	ENSG00000140740	+	14	0	13	0	83	NA	NA	NA	33
ENST00000263026.10	ENSG00000103319	+	18	1	16	0	109	NA	NA	76	246
ENST00000299853.10	ENSG00000058600	+	21	1	19	0	56	NA	NA	38	36
ENST00000268383.7	ENSG00000140743	-	5	0	4	0	858	NA	NA	NA	79
ENST00000309859.8	ENSG00000103365	-	17	0	16	0	110	NA	NA	NA	91
ENST00000261584.9	ENSG00000083093	-	13	0	12	0	210	NA	NA	NA	48
ENST00000300087.7	ENSG00000166847	+	6	0	5	0	97	NA	NA	NA	48
ENST00000300093.9	ENSG00000166851	+	10	0	9	0	203	NA	NA	NA	408
ENST00000319715.10	ENSG00000122257	+	18	0	17	0	1569	NA	NA	NA	166
ENST00000395799.8	ENSG00000090905	+	25	0	24	0	375	NA	NA	NA	5
ENST00000289968.11	ENSG00000140750	-	20	0	19	0	130	NA	NA	NA	53
ENST00000286096.9	ENSG00000155666	+	8	1	6	0	164	NA	NA	31	498
ENST00000304658.10	ENSG00000169180	-	24	0	23	0	101	NA	NA	NA	3
ENST00000324873.8	ENSG00000176046	-	3	0	1	1	136	14	14	NA	112
ENST00000317058.8	ENSG00000176476	+	10	1	8	0	116	NA	NA	15	75
ENST00000314752.12	ENSG00000196502	-	8	1	6	0	112	NA	NA	4	148
ENST00000336783.9	ENSG00000168488	+	22	0	21	0	332	NA	NA	NA	299
ENST00000313511.8	ENSG00000178952	-	10	0	9	0	173	NA	NA	NA	52
ENST00000684370.1	ENSG00000178188	+	8	0	7	0	373	NA	NA	NA	939
ENST00000358201.9	ENSG00000177548	-	13	0	12	0	101	NA	NA	NA	61
ENST00000320805.9	ENSG00000176953	+	8	0	7	0	158	NA	NA	NA	387
ENST00000311008.16	ENSG00000169682	+	12	0	11	0	94	NA	NA	NA	241
ENST00000322945.11	ENSG00000103495	+	5	0	4	0	154	NA	NA	NA	192
ENST00000357402.10	ENSG00000013364	+	15	1	13	0	227	NA	NA	35	125
ENST00000568000.6	ENSG00000174943	-	6	0	5	0	236	NA	NA	NA	244
ENST00000279396.11	ENSG00000149932	+	6	1	3	1	137	34	34	37	165
ENST00000308893.9	ENSG00000149930	+	16	1	14	0	1715	NA	NA	35	132
ENST00000563197.6	ENSG00000169592	+	7	0	6	0	221	NA	NA	NA	81
ENST00000642816.3	ENSG00000149925	+	10	1	8	0	95	NA	NA	13	141
ENST00000279387.12	ENSG00000149923	+	9	1	7	0	129	NA	NA	63	98
ENST00000398841.6	ENSG00000090238	-	4	0	3	0	89	NA	NA	NA	231
ENST00000219150.10	ENSG00000102879	+	11	1	9	0	104	NA	NA	1	198
ENST00000305596.8	ENSG00000169217	-	7	1	5	0	110	NA	NA	26	78
ENST00000409939.8	ENSG00000169221	-	9	0	8	0	629	NA	NA	NA	956
ENST00000613509.2	ENSG00000180035	+	3	1	1	0	1777	NA	NA	15	79
ENST00000319296.10	ENSG00000179965	+	3	1	1	0	812	NA	NA	9	141
ENST00000380412.7	ENSG00000169957	-	2	0	1	0	1534	NA	NA	NA	88
ENST00000395091.3	ENSG00000169951	-	3	0	2	0	913	NA	NA	NA	196
ENST00000223459.11	ENSG00000229809	-	3	0	2	0	520	NA	NA	NA	196
ENST00000287461.8	ENSG00000156853	-	3	0	2	0	1183	NA	NA	NA	205
ENST00000300835.9	ENSG00000156858	+	12	1	10	0	279	NA	NA	50	23
ENST00000324685.11	ENSG00000103549	+	20	1	18	0	176	NA	NA	71	132
ENST00000262525.6	ENSG00000102870	-	3	1	1	0	2536	NA	NA	33	73
ENST00000215115.5	ENSG00000099385	-	6	0	5	0	125	NA	NA	NA	92
ENST00000338343.10	ENSG00000099364	+	11	1	9	0	178	NA	NA	24	177
ENST00000318663.5	ENSG00000175938	+	2	0	1	0	659	NA	NA	NA	228
ENST00000262519.14	ENSG00000099381	+	19	1	17	0	173	NA	NA	15	150
ENST00000313843.8	ENSG00000103496	+	11	0	9	1	80	16	16	NA	30
ENST00000300849.5	ENSG00000167394	-	3	1	1	0	1212	NA	NA	22	647
ENST00000300850.5	ENSG00000167395	+	3	1	1	0	121	NA	NA	79	5377
ENST00000394975.3	ENSG00000167397	-	3	0	2	0	208	NA	NA	NA	173
ENST00000219794.11	ENSG00000103507	+	12	1	10	0	144	NA	NA	177	195
ENST00000219797.9	ENSG00000103510	+	11	0	10	0	64	NA	NA	NA	211
ENST00000254108.12	ENSG00000089280	+	15	0	14	0	39	NA	NA	NA	13
ENST00000394863.8	ENSG00000140682	+	11	0	10	0	266	NA	NA	NA	13
ENST00000303383.8	ENSG00000171241	-	13	0	12	0	325	NA	NA	NA	103
ENST00000299138.12	ENSG00000069329	-	17	0	16	0	179	NA	NA	NA	3
ENST00000340124.9	ENSG00000166123	+	12	1	10	0	90	NA	NA	22	243
ENST00000317089.10	ENSG00000069345	-	9	0	8	0	191	NA	NA	NA	78
ENST00000562435.6	ENSG00000171208	-	9	0	8	0	580	NA	NA	NA	34
ENST00000323584.10	ENSG00000102893	+	31	0	30	0	137	NA	NA	NA	76
ENST00000394725.3	ENSG00000196470	-	2	1	0	0	850	NA	NA	2	NA
ENST00000262384.4	ENSG00000102921	-	7	0	6	0	357	NA	NA	NA	198
ENST00000427478.7	ENSG00000205423	+	6	0	5	0	41	NA	NA	NA	25
ENST00000299192.8	ENSG00000155393	+	15	0	14	0	122	NA	NA	NA	138
ENST00000673801.1	ENSG00000121281	+	26	1	24	0	146	NA	NA	268	171
ENST00000427738.8	ENSG00000083799	+	19	2	16	0	184	NA	NA	123	504
ENST00000251020.9	ENSG00000103449	-	3	0	2	0	440	NA	NA	NA	76
ENST00000447540.6	ENSG00000177200	+	39	1	37	0	875	NA	NA	164	1452
ENST00000262133.11	ENSG00000103479	+	22	0	21	0	170	NA	NA	NA	240
ENST00000394657.12	ENSG00000166971	-	10	1	8	0	107	NA	NA	70	42
ENST00000647211.2	ENSG00000103494	-	27	1	25	0	112	NA	NA	7	85
ENST00000471389.6	ENSG00000140718	+	9	0	8	0	153	NA	NA	NA	45
ENST00000394636.9	ENSG00000176842	+	3	0	2	0	796	NA	NA	NA	249
ENST00000219070.9	ENSG00000087245	+	13	0	12	0	103	NA	NA	NA	153
ENST00000262134.10	ENSG00000087253	+	14	0	13	0	184	NA	NA	NA	171
ENST00000262493.12	ENSG00000087258	+	9	0	7	1	187	29	29	NA	118
ENST00000290649.10	ENSG00000159461	-	14	0	13	0	147	NA	NA	NA	255
ENST00000300291.10	ENSG00000167005	-	7	0	6	0	21	NA	NA	NA	116
ENST00000566157.6	ENSG00000087263	+	13	0	12	0	161	NA	NA	NA	154
ENST00000245185.6	ENSG00000125148	+	3	0	2	0	91	NA	NA	NA	28
ENST00000439977.7	ENSG00000051108	+	8	0	7	0	164	NA	NA	NA	147
ENST00000290776.13	ENSG00000140848	+	16	1	14	0	107	NA	NA	35	180
ENST00000309137.13	ENSG00000172775	-	7	1	5	0	217	NA	NA	15	127
ENST00000394420.9	ENSG00000159579	+	15	1	13	0	96	NA	NA	155	350
ENST00000219204.8	ENSG00000102931	+	6	0	5	0	101	NA	NA	NA	38
ENST00000219207.10	ENSG00000102934	-	4	0	3	0	116	NA	NA	NA	135
ENST00000006053.7	ENSG00000006210	+	3	0	2	0	1002	NA	NA	NA	70
ENST00000394391.9	ENSG00000005194	-	9	1	7	0	110	NA	NA	55	157
ENST00000262507.11	ENSG00000088682	+	9	0	8	0	35	NA	NA	NA	73
ENST00000219252.10	ENSG00000102978	+	9	0	8	0	144	NA	NA	NA	86
ENST00000340099.10	ENSG00000125170	-	9	1	7	0	118	NA	NA	181	66
ENST00000379661.8	ENSG00000140854	+	20	1	18	0	132	NA	NA	266	40
ENST00000445690.7	ENSG00000140859	-	20	1	17	1	4	25	25	39	172
ENST00000299237.3	ENSG00000166188	-	2	1	0	0	2005	NA	NA	257	NA
ENST00000219281.8	ENSG00000103005	+	7	0	6	0	104	NA	NA	NA	98
ENST00000219271.4	ENSG00000102996	+	10	0	9	0	439	NA	NA	NA	162
ENST00000262498.8	ENSG00000070761	-	6	0	5	0	5	NA	NA	NA	84
ENST00000262506.8	ENSG00000070770	-	12	0	10	1	76	18	18	NA	104
ENST00000318129.6	ENSG00000181938	+	3	0	2	0	230	NA	NA	NA	186
ENST00000570248.6	ENSG00000103034	+	15	0	14	0	154	NA	NA	NA	21
ENST00000317147.10	ENSG00000125107	-	49	1	47	0	78	NA	NA	174	102
ENST00000219320.9	ENSG00000103042	-	12	2	9	0	102	NA	NA	115	270
ENST00000245206.10	ENSG00000125166	-	10	0	9	0	122	NA	NA	NA	89
ENST00000544898.6	ENSG00000166548	-	10	0	9	0	98	NA	NA	NA	124
ENST00000567572.6	ENSG00000140931	+	5	0	4	0	28	NA	NA	NA	147
ENST00000394106.7	ENSG00000183723	-	4	0	3	0	164	NA	NA	NA	186
ENST00000290810.8	ENSG00000159593	-	20	0	19	0	109	NA	NA	NA	53
ENST00000311765.4	ENSG00000172840	+	2	1	0	0	1643	NA	NA	54	NA
ENST00000412916.7	ENSG00000067955	+	6	0	5	0	68	NA	NA	NA	78
ENST00000219139.8	ENSG00000125149	+	16	0	15	0	86	NA	NA	NA	64
ENST00000564992.2	ENSG00000140939	+	4	1	2	0	7	NA	NA	8	295
ENST00000379378.8	ENSG00000205250	+	10	0	9	0	115	NA	NA	NA	135
ENST00000258201.9	ENSG00000135723	-	22	0	21	0	82	NA	NA	NA	201
ENST00000379344.8	ENSG00000196155	+	22	1	20	0	5	NA	NA	169	499
ENST00000290949.8	ENSG00000159720	-	8	0	7	0	161	NA	NA	NA	130
ENST00000042381.9	ENSG00000039523	+	22	1	20	0	97	NA	NA	23	104
ENST00000264010.10	ENSG00000102974	+	12	2	9	0	184	NA	NA	9	781
ENST00000243878.9	ENSG00000124074	-	7	0	6	0	160	NA	NA	NA	85
ENST00000268797.12	ENSG00000141098	-	3	1	1	0	898	NA	NA	87	259
ENST00000317506.8	ENSG00000141084	-	14	0	13	0	130	NA	NA	NA	235
ENST00000303596.3	ENSG00000168286	+	1	0	0	0	NA	NA	NA	NA	NA
ENST00000291041.6	ENSG00000159792	+	3	1	1	0	317	NA	NA	70	957
ENST00000358514.9	ENSG00000205220	-	8	0	7	0	111	NA	NA	NA	56
ENST00000332395.7	ENSG00000182810	-	1	0	0	0	NA	NA	NA	NA	NA
ENST00000565263.6	ENSG00000167264	+	17	2	14	0	237	NA	NA	18	126
ENST00000346183.8	ENSG00000072736	+	10	0	9	0	121	NA	NA	NA	103
ENST00000219345.10	ENSG00000103066	+	6	0	5	0	511	NA	NA	NA	127
ENST00000219343.11	ENSG00000103064	+	11	2	8	0	94	NA	NA	36	523
ENST00000263997.11	ENSG00000103061	-	5	0	4	0	130	NA	NA	NA	192
ENST00000441236.3	ENSG00000132600	+	19	2	16	0	170	NA	NA	83	95
ENST00000563169.7	ENSG00000184939	+	5	1	3	0	1654	NA	NA	35	33
ENST00000264012.9	ENSG00000062038	+	16	0	15	0	209	NA	NA	NA	45
ENST00000261769.10	ENSG00000039068	+	16	0	15	0	209	NA	NA	NA	48
ENST00000261778.2	ENSG00000103047	+	18	0	17	0	176	NA	NA	NA	94
ENST00000448552.7	ENSG00000168802	-	4	1	2	0	224	NA	NA	35	23
ENST00000314423.12	ENSG00000141076	+	17	1	15	0	116	NA	NA	2	159
ENST00000336278.9	ENSG00000168807	+	7	0	6	0	92	NA	NA	NA	580
ENST00000254950.13	ENSG00000132612	+	11	0	10	0	101	NA	NA	NA	21
ENST00000306875.10	ENSG00000213380	-	6	0	4	1	256	27	27	NA	377
ENST00000307892.13	ENSG00000103018	+	5	0	4	0	90	NA	NA	NA	174
ENST00000320623.10	ENSG00000181019	-	6	0	5	0	305	NA	NA	NA	7
ENST00000359154.7	ENSG00000198373	+	24	1	22	0	99	NA	NA	15	70
ENST00000288050.9	ENSG00000090857	+	19	2	16	0	404	NA	NA	32	227
ENST00000261772.13	ENSG00000090861	-	21	1	19	0	185	NA	NA	21	144
ENST00000288071.11	ENSG00000157349	+	12	0	11	0	61	NA	NA	NA	57
ENST00000302243.12	ENSG00000168872	+	12	0	11	0	61	NA	NA	NA	57
ENST00000342907.3	ENSG00000157350	-	7	1	5	0	173	NA	NA	1003	339
ENST00000302516.10	ENSG00000189091	+	26	1	24	0	140	NA	NA	70	70
ENST00000261776.10	ENSG00000103043	-	19	0	18	0	162	NA	NA	NA	104
ENST00000434935.7	ENSG00000180917	-	3	2	0	0	2331	NA	NA	19	NA
ENST00000299980.9	ENSG00000166747	-	23	1	21	0	101	NA	NA	3	201
ENST00000427980.7	ENSG00000224470	+	3	2	0	0	2186	NA	NA	117	NA
ENST00000425432.6	ENSG00000102984	-	8	2	5	0	654	NA	NA	77	40
ENST00000378799.11	ENSG00000182149	+	10	1	8	0	199	NA	NA	15	88
ENST00000219240.9	ENSG00000102967	+	9	0	8	0	54	NA	NA	NA	21
ENST00000268483.8	ENSG00000140830	-	4	1	2	0	165	NA	NA	37	132
ENST00000268482.8	ENSG00000140829	+	27	1	25	0	84	NA	NA	19	323
ENST00000219313.9	ENSG00000103035	+	7	0	6	0	444	NA	NA	NA	74
ENST00000422840.7	ENSG00000090863	-	26	0	25	0	167	NA	NA	NA	438
ENST00000361070.9	ENSG00000168411	-	13	1	11	0	143	NA	NA	2	518
ENST00000308807.12	ENSG00000168404	-	11	1	9	0	34	NA	NA	2	460
ENST00000262144.11	ENSG00000103091	-	26	0	25	0	235	NA	NA	NA	54
ENST00000335325.9	ENSG00000186187	+	5	0	3	1	57	33	33	NA	424
ENST00000450168.3	ENSG00000166816	-	11	0	10	0	165	NA	NA	NA	72
ENST00000162330.10	ENSG00000050820	-	7	0	6	0	512	NA	NA	NA	12
ENST00000283882.4	ENSG00000153774	-	7	0	6	0	90	NA	NA	NA	64
ENST00000561878.2	ENSG00000166822	-	3	0	2	0	130	NA	NA	NA	133
ENST00000258173.11	ENSG00000205084	-	7	0	6	0	180	NA	NA	NA	139
ENST00000037243.7	ENSG00000034713	+	4	0	3	0	90	NA	NA	NA	34
ENST00000564657.2	ENSG00000065457	-	10	1	8	0	132	NA	NA	21	169
ENST00000248248.8	ENSG00000103111	+	6	1	4	0	200	NA	NA	10	148
ENST00000268533.9	ENSG00000140876	+	4	0	3	0	368	NA	NA	NA	35
ENST00000566780.6	ENSG00000186153	+	9	0	8	0	188	NA	NA	NA	107
ENST00000326043.5	ENSG00000178573	-	2	0	1	0	93	NA	NA	NA	1118
ENST00000570137.7	ENSG00000166446	-	7	0	6	0	158	NA	NA	NA	24
ENST00000219400.8	ENSG00000103121	-	4	1	2	0	86	NA	NA	35	81
ENST00000299575.5	ENSG00000166454	+	4	0	3	0	1809	NA	NA	NA	336
ENST00000537098.8	ENSG00000153815	+	21	0	20	0	53	NA	NA	NA	300
ENST00000564138.6	ENSG00000197943	+	33	1	31	0	42	NA	NA	47	193
ENST00000433866.7	ENSG00000230989	+	4	0	2	1	118	3	3	NA	45
ENST00000393306.6	ENSG00000140961	+	6	1	4	0	945	NA	NA	32	67
ENST00000343411.8	ENSG00000140943	-	23	1	21	0	196	NA	NA	324	163
ENST00000219439.9	ENSG00000103160	-	6	2	3	0	98	NA	NA	6	220
ENST00000262428.5	ENSG00000103187	-	4	0	3	0	110	NA	NA	NA	77
ENST00000564996.6	ENSG00000135686	+	5	1	3	0	555	NA	NA	16	63
ENST00000219473.12	ENSG00000103194	+	14	0	13	0	187	NA	NA	NA	21
ENST00000262424.10	ENSG00000103196	+	15	1	13	0	54	NA	NA	74	240
ENST00000313732.9	ENSG00000153786	-	8	2	5	0	176	NA	NA	17	315
ENST00000253458.12	ENSG00000131149	+	16	0	15	0	134	NA	NA	NA	7
ENST00000253462.8	ENSG00000131153	-	5	0	4	0	125	NA	NA	NA	90
ENST00000253457.8	ENSG00000131148	-	5	0	4	0	159	NA	NA	NA	231
ENST00000360900.11	ENSG00000103248	-	8	0	7	0	470	NA	NA	NA	16
ENST00000311635.12	ENSG00000103264	-	9	0	8	0	222	NA	NA	NA	340
ENST00000268607.10	ENSG00000140941	+	4	0	3	0	174	NA	NA	NA	40
ENST00000671377.2	ENSG00000140948	-	13	0	12	0	55	NA	NA	NA	570
ENST00000270583.10	ENSG00000104731	-	12	0	10	1	115	2	2	NA	99
ENST00000261622.5	ENSG00000103257	-	10	0	9	0	55	NA	NA	NA	538
ENST00000682872.1	ENSG00000172530	+	14	1	12	0	71	NA	NA	68	70
ENST00000312838.9	ENSG00000158717	-	6	0	5	0	65	NA	NA	NA	155
ENST00000453996.7	ENSG00000174177	+	15	0	14	0	69	NA	NA	NA	68
ENST00000301015.14	ENSG00000103335	-	51	0	50	0	249	NA	NA	NA	64
ENST00000268695.10	ENSG00000141012	-	14	0	13	0	86	NA	NA	NA	120
ENST00000301030.10	ENSG00000167522	-	13	2	10	0	185	NA	NA	59	87
ENST00000397901.8	ENSG00000131165	-	7	0	6	0	21	NA	NA	NA	7
ENST00000353379.12	ENSG00000185324	+	13	0	12	0	97	NA	NA	NA	87
ENST00000289805.10	ENSG00000158792	-	3	1	1	0	971	NA	NA	1	303
ENST00000389386.8	ENSG00000075399	-	15	0	14	0	93	NA	NA	NA	99
ENST00000443381.7	ENSG00000158805	+	11	0	10	0	270	NA	NA	NA	205
ENST00000378247.8	ENSG00000204991	+	15	0	14	0	222	NA	NA	NA	244
ENST00000315491.12	ENSG00000258947	+	4	0	3	0	1075	NA	NA	NA	57
ENST00000563594.6	ENSG00000140995	+	13	2	10	0	102	NA	NA	10	124
ENST00000319004.6	ENSG00000179409	-	2	0	1	0	3166	NA	NA	NA	10
ENST00000304478.9	ENSG00000171861	+	4	0	3	0	535	NA	NA	NA	314
ENST00000336868.8	ENSG00000167693	-	8	0	7	0	182	NA	NA	NA	360
ENST00000302538.10	ENSG00000159842	-	23	0	22	0	89	NA	NA	NA	61
ENST00000264335.13	ENSG00000108953	-	6	0	5	0	52	NA	NA	NA	64
ENST00000300574.3	ENSG00000167193	-	3	0	2	0	137	NA	NA	NA	241
ENST00000648651.1	ENSG00000197879	-	32	0	31	0	26	NA	NA	NA	75
ENST00000421807.7	ENSG00000132376	-	12	0	11	0	56	NA	NA	NA	44
ENST00000313486.12	ENSG00000174238	-	12	0	10	1	44	23	23	NA	20
ENST00000301335.10	ENSG00000167703	-	14	1	12	0	161	NA	NA	46	160
ENST00000301336.7	ENSG00000167705	-	8	0	7	0	177	NA	NA	NA	228
ENST00000330676.8	ENSG00000185561	-	4	0	3	0	452	NA	NA	NA	176
ENST00000254722.9	ENSG00000132386	+	8	1	6	0	259	NA	NA	8	84
ENST00000305513.12	ENSG00000186532	-	11	1	9	0	153	NA	NA	12	134
ENST00000254719.10	ENSG00000132383	+	17	0	16	0	104	NA	NA	NA	33
ENST00000263083.12	ENSG00000108963	+	13	0	11	1	89	19	19	NA	61
ENST00000572195.3	ENSG00000262664	+	2	0	1	0	499	NA	NA	NA	184
ENST00000263073.11	ENSG00000070366	-	19	0	18	0	130	NA	NA	NA	88
ENST00000344595.10	ENSG00000167720	+	8	1	6	0	218	NA	NA	4	168
ENST00000301364.10	ENSG00000167721	-	15	0	14	0	178	NA	NA	NA	97
ENST00000268989.8	ENSG00000141258	+	24	0	23	0	88	NA	NA	NA	57
ENST00000174618.5	ENSG00000070444	-	6	0	5	0	748	NA	NA	NA	73
ENST00000397195.10	ENSG00000007168	+	11	1	9	0	73	NA	NA	190	32
ENST00000651024.2	ENSG00000132361	-	26	0	25	0	183	NA	NA	NA	100
ENST00000254695.13	ENSG00000132359	+	25	0	23	1	8	31	31	NA	44
ENST00000046640.9	ENSG00000040531	+	12	2	9	0	133	NA	NA	19	61
ENST00000225525.4	ENSG00000213977	-	4	0	3	0	137	NA	NA	NA	39
ENST00000263087.9	ENSG00000083457	-	31	0	30	0	95	NA	NA	NA	34
ENST00000348335.7	ENSG00000004660	-	16	1	14	0	72	NA	NA	43	360
ENST00000397041.8	ENSG00000074370	-	21	0	20	0	19	NA	NA	NA	118
ENST00000381638.7	ENSG00000074755	-	55	0	54	0	80	NA	NA	NA	354
ENST00000301391.8	ENSG00000167740	+	4	0	3	0	216	NA	NA	NA	250
ENST00000396981.7	ENSG00000132388	-	6	0	4	1	86	38	38	NA	46
ENST00000254718.9	ENSG00000132382	-	26	0	25	0	552	NA	NA	NA	198
ENST00000269260.7	ENSG00000141480	+	15	0	14	0	93	NA	NA	NA	23
ENST00000263088.11	ENSG00000129219	+	25	1	23	0	224	NA	NA	1	109
ENST00000355280.11	ENSG00000141503	+	32	0	31	0	83	NA	NA	NA	57
ENST00000225665.12	ENSG00000108528	-	8	0	7	0	155	NA	NA	NA	95
ENST00000262482.11	ENSG00000108523	+	10	1	8	0	301	NA	NA	423	84
ENST00000225655.6	ENSG00000108518	-	3	0	2	0	97	NA	NA	NA	132
ENST00000519602.6	ENSG00000108515	+	12	1	10	0	69	NA	NA	2	85
ENST00000348066.8	ENSG00000108509	-	23	1	21	0	63	NA	NA	64	31
ENST00000320785.10	ENSG00000129250	+	23	2	20	0	683	NA	NA	27	106
ENST00000537505.6	ENSG00000029725	+	18	0	17	0	101	NA	NA	NA	34
ENST00000225296.8	ENSG00000005100	-	12	0	11	0	308	NA	NA	NA	289
ENST00000572447.6	ENSG00000129195	+	6	1	3	1	30	15	15	35	294
ENST00000250101.10	ENSG00000129235	+	4	0	3	0	68	NA	NA	NA	145
ENST00000308027.7	ENSG00000174327	+	4	0	3	0	199	NA	NA	NA	199
ENST00000399506.9	ENSG00000132535	-	20	0	19	0	106	NA	NA	NA	30
ENST00000356839.10	ENSG00000072778	+	20	0	19	0	140	NA	NA	NA	62
ENST00000005340.10	ENSG00000004975	-	15	0	14	0	448	NA	NA	NA	194
ENST00000320316.8	ENSG00000040633	-	5	0	4	0	214	NA	NA	NA	34
ENST00000302386.10	ENSG00000170296	-	4	0	3	0	65	NA	NA	NA	90
ENST00000574322.6	ENSG00000175826	-	8	0	7	0	60	NA	NA	NA	102
ENST00000317370.13	ENSG00000181856	+	11	0	10	0	203	NA	NA	NA	33
ENST00000336458.13	ENSG00000132507	+	6	1	3	1	62	12	12	21	165
ENST00000380728.7	ENSG00000132522	-	11	1	9	0	83	NA	NA	67	94
ENST00000333751.8	ENSG00000213859	+	1	0	0	0	NA	NA	NA	NA	NA
ENST00000302926.7	ENSG00000169992	+	7	0	6	0	873	NA	NA	NA	457
ENST00000380599.9	ENSG00000174282	-	4	2	1	0	1950	NA	NA	9	1091
ENST00000321337.12	ENSG00000161956	+	11	1	9	0	110	NA	NA	11	715
ENST00000250113.12	ENSG00000129245	-	17	0	16	0	95	NA	NA	NA	81
ENST00000269298.10	ENSG00000141504	-	6	0	5	0	167	NA	NA	NA	66
ENST00000250111.9	ENSG00000129244	+	7	0	6	0	164	NA	NA	NA	112
ENST00000269305.9	ENSG00000141510	-	11	1	9	0	81	NA	NA	28	74
ENST00000448097.7	ENSG00000132510	+	24	4	19	0	23	NA	NA	5	137
ENST00000332439.5	ENSG00000182224	+	4	0	3	0	230	NA	NA	NA	160
ENST00000303731.9	ENSG00000170043	-	4	0	3	0	128	NA	NA	NA	99
ENST00000563694.6	ENSG00000170037	+	19	0	18	0	125	NA	NA	NA	270
ENST00000317276.9	ENSG00000179094	-	23	1	21	0	272	NA	NA	139	275
ENST00000316509.11	ENSG00000220205	-	5	0	4	0	16	NA	NA	NA	2
ENST00000437139.7	ENSG00000179029	-	5	0	4	0	69	NA	NA	NA	87
ENST00000389017.6	ENSG00000196544	-	1	0	0	0	NA	NA	NA	NA	NA
ENST00000585124.6	ENSG00000178999	-	9	1	7	0	173	NA	NA	25	48
ENST00000651323.1	ENSG00000178971	-	23	0	22	0	139	NA	NA	NA	33
ENST00000577745.2	ENSG00000125434	-	5	0	4	0	173	NA	NA	NA	375
ENST00000648839.1	ENSG00000161970	-	4	1	2	0	128	NA	NA	5	168
ENST00000334527.12	ENSG00000166579	+	9	1	7	0	93	NA	NA	12	86
ENST00000360416.8	ENSG00000133026	-	43	1	41	0	144	NA	NA	31	345
ENST00000173229.7	ENSG00000065320	+	7	1	5	0	328	NA	NA	63	1018
ENST00000432992.7	ENSG00000007237	-	14	0	13	0	113	NA	NA	NA	183
ENST00000379774.5	ENSG00000170222	+	4	1	2	0	310	NA	NA	17	601
ENST00000379672.10	ENSG00000006740	+	21	0	20	0	139	NA	NA	NA	53
ENST00000261643.8	ENSG00000006695	+	7	0	6	0	403	NA	NA	NA	43
ENST00000312280.9	ENSG00000109099	-	5	1	3	0	163	NA	NA	34	78
ENST00000649191.2	ENSG00000221926	-	12	6	5	0	583	NA	NA	337	519
ENST00000304222.3	ENSG00000170425	+	2	0	1	0	663	NA	NA	NA	335
ENST00000399277.6	ENSG00000214941	-	5	0	4	0	116	NA	NA	NA	76
ENST00000261647.10	ENSG00000011295	+	10	0	9	0	148	NA	NA	NA	184
ENST00000268712.8	ENSG00000141027	-	46	1	44	0	187	NA	NA	70	108
ENST00000299736.5	ENSG00000166582	-	5	0	4	0	124	NA	NA	NA	410
ENST00000302182.8	ENSG00000170315	+	2	1	0	0	695	NA	NA	6	NA
ENST00000338560.12	ENSG00000187688	+	15	1	13	0	100	NA	NA	107	200
ENST00000395825.4	ENSG00000141040	-	6	1	4	0	1570	NA	NA	198	403
ENST00000285071.9	ENSG00000154803	-	14	3	10	0	201	NA	NA	24	249
ENST00000268717.10	ENSG00000141030	-	12	0	11	0	53	NA	NA	NA	55
ENST00000268711.4	ENSG00000141026	+	2	0	1	0	216	NA	NA	NA	224
ENST00000225688.4	ENSG00000108551	-	2	0	1	0	559	NA	NA	NA	286
ENST00000353383.6	ENSG00000108557	+	6	2	3	0	11	NA	NA	16	5565
ENST00000261646.11	ENSG00000072310	-	19	0	18	0	229	NA	NA	NA	91
ENST00000379504.8	ENSG00000175662	-	15	0	14	0	148	NA	NA	NA	52
ENST00000268719.9	ENSG00000141034	+	6	0	5	0	63	NA	NA	NA	438
ENST00000225729.8	ENSG00000108591	+	13	0	12	0	86	NA	NA	NA	64
ENST00000399138.5	ENSG00000091542	+	4	0	3	0	177	NA	NA	NA	770
ENST00000316843.9	ENSG00000131899	+	23	0	21	1	78	2	2	NA	81
ENST00000327031.9	ENSG00000177731	-	30	0	29	0	134	NA	NA	NA	63
ENST00000323019.9	ENSG00000177427	+	4	1	2	0	1054	NA	NA	7	147
ENST00000321105.10	ENSG00000177302	-	19	0	18	0	178	NA	NA	NA	180
ENST00000406438.5	ENSG00000176994	+	2	0	1	0	453	NA	NA	NA	2360
ENST00000316694.8	ENSG00000176974	-	12	1	10	0	169	NA	NA	19	96
ENST00000307767.13	ENSG00000171928	+	7	0	6	0	26	NA	NA	NA	12
ENST00000268835.7	ENSG00000141127	+	12	2	9	0	158	NA	NA	32	119
ENST00000314728.10	ENSG00000072134	+	11	2	8	0	298	NA	NA	170	595
ENST00000395604.8	ENSG00000166484	+	7	1	5	0	153	NA	NA	5	232
ENST00000270570.8	ENSG00000142494	+	17	0	16	0	226	NA	NA	NA	135
ENST00000176643.11	ENSG00000072210	+	10	0	9	0	14	NA	NA	NA	153
ENST00000395544.9	ENSG00000083290	-	27	0	26	0	58	NA	NA	NA	90
ENST00000225737.11	ENSG00000108599	-	15	0	14	0	5	NA	NA	NA	88
ENST00000395527.9	ENSG00000128487	+	15	1	13	0	89	NA	NA	21	147
ENST00000261497.9	ENSG00000124422	-	13	0	12	0	42	NA	NA	NA	171
ENST00000395511.8	ENSG00000109016	+	7	0	6	0	205	NA	NA	NA	20
ENST00000342679.9	ENSG00000034152	+	12	0	11	0	83	NA	NA	NA	49
ENST00000262394.7	ENSG00000109046	+	9	0	8	0	159	NA	NA	NA	40
ENST00000644974.2	ENSG00000141068	+	21	0	20	0	78	NA	NA	NA	231
ENST00000407008.8	ENSG00000087095	+	11	0	10	0	54	NA	NA	NA	458
ENST00000226230.8	ENSG00000109084	+	3	0	2	0	259	NA	NA	NA	126
ENST00000395418.8	ENSG00000109083	-	5	1	3	0	81	NA	NA	2	127
ENST00000226225.7	ENSG00000109079	+	7	1	5	0	236	NA	NA	114	205
ENST00000540200.6	ENSG00000004142	-	11	0	10	0	114	NA	NA	NA	161
ENST00000292114.8	ENSG00000244045	+	6	0	5	0	95	NA	NA	NA	211
ENST00000585482.6	ENSG00000004139	+	9	0	8	0	129	NA	NA	NA	470
ENST00000612814.5	ENSG00000076351	-	5	0	4	0	57	NA	NA	NA	228
ENST00000335765.9	ENSG00000109103	-	5	0	4	0	112	NA	NA	NA	220
ENST00000308360.8	ENSG00000087111	-	12	0	11	0	275	NA	NA	NA	34
ENST00000226253.9	ENSG00000109107	-	9	1	7	0	95	NA	NA	12	112
ENST00000321765.10	ENSG00000076382	-	24	0	23	0	71	NA	NA	NA	51
ENST00000247020.9	ENSG00000132581	-	3	0	2	0	287	NA	NA	NA	151
ENST00000314616.11	ENSG00000109111	+	37	1	35	0	186	NA	NA	31	109
ENST00000395245.9	ENSG00000109113	-	10	0	9	0	67	NA	NA	NA	54
ENST00000292090.8	ENSG00000160606	-	4	0	3	0	383	NA	NA	NA	194
ENST00000268766.11	ENSG00000160602	+	15	0	14	0	28	NA	NA	NA	47
ENST00000262395.10	ENSG00000076604	+	7	0	6	0	632	NA	NA	NA	143
ENST00000581407.6	ENSG00000173065	-	3	1	1	0	1606	NA	NA	40	82
ENST00000394908.9	ENSG00000132589	-	11	0	10	0	38	NA	NA	NA	49
ENST00000378895.9	ENSG00000167536	-	5	0	4	0	451	NA	NA	NA	127
ENST00000332830.9	ENSG00000109118	-	15	0	14	0	334	NA	NA	NA	66
ENST00000527372.7	ENSG00000196535	-	42	1	40	0	144	NA	NA	81	999
ENST00000225388.9	ENSG00000108256	-	4	0	3	0	52	NA	NA	NA	277
ENST00000307201.5	ENSG00000168792	-	2	0	1	0	525	NA	NA	NA	881
ENST00000225394.8	ENSG00000108262	-	20	0	19	0	212	NA	NA	NA	52
ENST00000394859.8	ENSG00000198720	+	15	0	14	0	228	NA	NA	NA	114
ENST00000540801.6	ENSG00000141298	-	16	0	15	0	2090	NA	NA	NA	63
ENST00000247026.10	ENSG00000126653	+	7	0	6	0	1059	NA	NA	NA	20
ENST00000225719.9	ENSG00000108582	+	21	0	20	0	226	NA	NA	NA	746
ENST00000451249.7	ENSG00000108587	+	9	0	8	0	124	NA	NA	NA	31
ENST00000324238.7	ENSG00000176390	-	8	0	7	0	256	NA	NA	NA	129
ENST00000321990.5	ENSG00000176208	+	23	0	22	0	78	NA	NA	NA	66
ENST00000581216.6	ENSG00000172171	-	4	0	3	0	437	NA	NA	NA	31
ENST00000328381.10	ENSG00000181481	+	5	0	4	0	529	NA	NA	NA	372
ENST00000621161.5	ENSG00000131242	+	15	0	14	0	116	NA	NA	NA	159
ENST00000302362.11	ENSG00000172301	-	4	0	3	0	169	NA	NA	NA	99
ENST00000322652.10	ENSG00000178691	+	16	0	15	0	345	NA	NA	NA	274
ENST00000545287.7	ENSG00000126858	+	20	0	19	0	117	NA	NA	NA	37
ENST00000313401.4	ENSG00000176749	+	2	1	0	0	1068	NA	NA	145	NA
ENST00000318217.10	ENSG00000176658	-	22	0	21	0	156	NA	NA	NA	95
ENST00000579849.6	ENSG00000006042	+	8	2	5	0	207	NA	NA	54	131
ENST00000225831.4	ENSG00000108691	+	3	0	2	0	105	NA	NA	NA	76
ENST00000361952.5	ENSG00000198783	+	1	0	0	0	NA	NA	NA	NA	NA
ENST00000378526.9	ENSG00000005156	+	20	1	18	0	233	NA	NA	4	547
ENST00000394597.7	ENSG00000092871	-	7	1	5	0	181	NA	NA	8	180
ENST00000345365.11	ENSG00000185379	-	10	0	9	0	83	NA	NA	NA	82
ENST00000442241.9	ENSG00000073536	-	13	0	12	0	12	NA	NA	NA	18
ENST00000685675.1	ENSG00000172716	-	7	3	3	0	783	NA	NA	19	1069
ENST00000225873.9	ENSG00000108733	-	3	0	2	0	399	NA	NA	NA	126
ENST00000610402.5	ENSG00000006125	+	22	1	20	0	74	NA	NA	23	37
ENST00000605844.6	ENSG00000270647	+	16	0	15	0	39	NA	NA	NA	7
ENST00000614623.5	ENSG00000278259	-	26	2	23	0	155	NA	NA	143	12
ENST00000614443.2	ENSG00000277161	+	2	1	0	0	1522	NA	NA	8	NA
ENST00000613102.5	ENSG00000278311	+	14	1	12	0	203	NA	NA	106	93
ENST00000618403.5	ENSG00000278535	+	7	0	6	0	41	NA	NA	NA	147
ENST00000616317.5	ENSG00000278540	-	56	0	55	0	123	NA	NA	NA	38
ENST00000615182.5	ENSG00000276234	+	16	1	14	0	185	NA	NA	97	25
ENST00000617516.5	ENSG00000276023	+	3	2	0	0	688	NA	NA	92	NA
ENST00000612223.5	ENSG00000275066	-	22	0	21	0	131	NA	NA	NA	77
ENST00000617633.5	ENSG00000278053	-	15	0	14	0	57	NA	NA	NA	87
ENST00000612932.6	ENSG00000274211	+	10	0	8	1	120	31	31	NA	980
ENST00000622683.5	ENSG00000275832	+	24	0	23	0	1028	NA	NA	NA	63
ENST00000621332.5	ENSG00000275023	+	20	0	19	0	41	NA	NA	NA	109
ENST00000620225.5	ENSG00000277258	-	11	2	8	0	377	NA	NA	40	112
ENST00000619039.5	ENSG00000276293	-	10	0	9	0	80	NA	NA	NA	159
ENST00000614790.5	ENSG00000273559	-	10	0	9	0	114	NA	NA	NA	18
ENST00000318008.11	ENSG00000002834	+	7	0	6	0	173	NA	NA	NA	69
ENST00000394303.8	ENSG00000067191	-	14	0	13	0	464	NA	NA	NA	84
ENST00000225430.9	ENSG00000108298	+	6	0	5	0	123	NA	NA	NA	5
ENST00000264658.11	ENSG00000108306	-	15	0	14	0	107	NA	NA	NA	42
ENST00000300651.11	ENSG00000125686	-	17	0	16	0	3246	NA	NA	NA	25
ENST00000447079.6	ENSG00000167258	+	14	0	13	0	712	NA	NA	NA	1046
ENST00000336308.10	ENSG00000131748	+	15	1	13	0	104	NA	NA	51	219
ENST00000269571.10	ENSG00000141736	+	27	0	26	0	355	NA	NA	NA	73
ENST00000309156.9	ENSG00000141738	+	15	1	13	0	146	NA	NA	50	155
ENST00000304046.7	ENSG00000172057	-	4	1	2	0	135	NA	NA	22	174
ENST00000264639.9	ENSG00000108344	+	12	0	11	0	77	NA	NA	NA	220
ENST00000450525.7	ENSG00000126351	+	9	1	7	0	250	NA	NA	297	53
ENST00000246672.4	ENSG00000126368	-	8	0	7	0	199	NA	NA	NA	31
ENST00000398532.9	ENSG00000188895	+	9	0	8	0	90	NA	NA	NA	768
ENST00000323571.9	ENSG00000171475	+	8	1	6	0	40	NA	NA	69	63
ENST00000209728.9	ENSG00000094804	+	12	1	10	0	89	NA	NA	13	178
ENST00000254066.10	ENSG00000131759	+	9	1	7	0	217	NA	NA	362	178
ENST00000423485.6	ENSG00000131747	-	35	0	34	0	128	NA	NA	NA	21
ENST00000269593.5	ENSG00000141753	+	4	0	3	0	134	NA	NA	NA	349
ENST00000348513.12	ENSG00000073584	-	11	1	9	0	208	NA	NA	45	7
ENST00000361566.7	ENSG00000171345	-	6	0	5	0	254	NA	NA	NA	420
ENST00000469257.2	ENSG00000173812	+	4	0	3	0	44	NA	NA	NA	31
ENST00000393931.8	ENSG00000173801	-	14	1	12	0	151	NA	NA	8	208
ENST00000393928.6	ENSG00000141696	-	8	0	7	0	22	NA	NA	NA	462
ENST00000321562.9	ENSG00000141756	+	10	0	9	0	185	NA	NA	NA	245
ENST00000435506.7	ENSG00000141698	-	9	0	8	0	134	NA	NA	NA	12
ENST00000352035.7	ENSG00000131473	-	29	1	27	0	94	NA	NA	23	159
ENST00000393892.8	ENSG00000173786	+	4	0	3	0	449	NA	NA	NA	3
ENST00000457167.9	ENSG00000168259	-	14	0	13	0	37	NA	NA	NA	77
ENST00000393885.9	ENSG00000168256	+	4	1	2	0	239	NA	NA	14	94
ENST00000225916.10	ENSG00000108773	-	18	0	17	0	193	NA	NA	NA	339
ENST00000346213.9	ENSG00000108774	-	6	1	4	0	115	NA	NA	88	166
ENST00000293328.8	ENSG00000173757	-	19	1	17	0	126	NA	NA	10	128
ENST00000590949.6	ENSG00000126561	+	19	1	17	0	162	NA	NA	10	128
ENST00000264657.10	ENSG00000168610	-	24	1	22	0	55	NA	NA	23	128
ENST00000357037.6	ENSG00000177469	-	2	0	1	0	701	NA	NA	NA	471
ENST00000343619.9	ENSG00000033627	+	22	1	20	0	93	NA	NA	47	117
ENST00000225927.7	ENSG00000108784	+	6	0	5	0	1210	NA	NA	NA	383
ENST00000585807.6	ENSG00000108786	+	6	0	5	0	269	NA	NA	NA	97
ENST00000393818.3	ENSG00000068120	+	9	0	8	0	62	NA	NA	NA	700
ENST00000435881.7	ENSG00000108788	+	8	0	7	0	56	NA	NA	NA	42
ENST00000309428.10	ENSG00000141699	-	9	0	8	0	457	NA	NA	NA	239
ENST00000251413.8	ENSG00000131462	+	11	0	10	0	197	NA	NA	NA	49
ENST00000251412.8	ENSG00000037042	+	11	0	10	0	197	NA	NA	NA	49
ENST00000591022.6	ENSG00000068137	-	13	0	12	0	176	NA	NA	NA	162
ENST00000428826.7	ENSG00000108799	-	21	2	18	0	60	NA	NA	11	117
ENST00000253794.7	ENSG00000131475	+	6	0	5	0	112	NA	NA	NA	53
ENST00000328434.8	ENSG00000183978	-	2	0	1	0	106	NA	NA	NA	214
ENST00000590099.6	ENSG00000126581	-	12	1	10	0	168	NA	NA	2	130
ENST00000590720.6	ENSG00000131467	+	11	0	10	0	80	NA	NA	NA	42
ENST00000415816.7	ENSG00000068079	+	7	0	6	0	191	NA	NA	NA	21
ENST00000355653.8	ENSG00000108828	-	6	0	5	0	83	NA	NA	NA	387
ENST00000587250.4	ENSG00000108830	+	5	0	4	0	248	NA	NA	NA	102
ENST00000357654.9	ENSG00000012048	-	23	1	21	0	124	NA	NA	19	80
ENST00000590996.6	ENSG00000188554	+	21	1	19	0	173	NA	NA	9	102
ENST00000320033.5	ENSG00000175906	+	2	1	0	0	677	NA	NA	72	NA
ENST00000262415.8	ENSG00000067596	+	23	0	22	0	219	NA	NA	NA	148
ENST00000319349.10	ENSG00000175832	-	13	1	11	0	224	NA	NA	51	60
ENST00000226004.8	ENSG00000108861	-	3	0	2	0	205	NA	NA	NA	125
ENST00000398389.9	ENSG00000161647	-	20	2	17	0	176	NA	NA	37	25
ENST00000269095.9	ENSG00000108852	-	13	1	11	0	176	NA	NA	33	31
ENST00000206380.8	ENSG00000091947	-	4	0	3	0	308	NA	NA	NA	137
ENST00000293406.8	ENSG00000161654	-	5	0	4	0	92	NA	NA	NA	124
ENST00000269097.9	ENSG00000141349	+	6	0	5	0	363	NA	NA	NA	218
ENST00000682912.1	ENSG00000108840	-	27	1	25	0	39	NA	NA	189	22
ENST00000538716.7	ENSG00000168591	+	4	1	2	0	363	NA	NA	33	35
ENST00000587097.6	ENSG00000087152	-	13	1	11	0	148	NA	NA	60	51
ENST00000436088.6	ENSG00000108312	-	21	1	19	0	125	NA	NA	67	58
ENST00000377095.10	ENSG00000013306	-	12	1	10	0	115	NA	NA	15	85
ENST00000293443.12	ENSG00000161682	-	8	0	7	0	1458	NA	NA	NA	118
ENST00000591680.6	ENSG00000186566	-	8	0	7	0	3885	NA	NA	NA	45
ENST00000315323.5	ENSG00000180340	+	1	0	0	0	NA	NA	NA	NA	NA
ENST00000315286.13	ENSG00000180329	-	5	0	4	0	187	NA	NA	NA	204
ENST00000315005.8	ENSG00000161692	+	14	0	13	0	658	NA	NA	NA	19
ENST00000592524.6	ENSG00000182963	-	3	2	0	0	1210	NA	NA	20	NA
ENST00000426333.7	ENSG00000108883	-	28	1	26	0	95	NA	NA	4	105
ENST00000593135.6	ENSG00000186185	-	16	1	14	0	106	NA	NA	14	313
ENST00000651974.1	ENSG00000172992	-	5	1	3	0	291	NA	NA	114	112
ENST00000258960.7	ENSG00000136448	+	12	0	11	0	20	NA	NA	NA	131
ENST00000321854.13	ENSG00000181513	+	10	1	8	0	128	NA	NA	37	88
ENST00000332499.4	ENSG00000186834	+	1	0	0	0	NA	NA	NA	NA	NA
ENST00000589230.6	ENSG00000168517	+	4	2	1	0	794	NA	NA	44	66
ENST00000331495.8	ENSG00000184922	+	27	0	25	1	91	9	9	NA	129
ENST00000344686.8	ENSG00000006062	-	16	1	14	0	164	NA	NA	20	256
ENST00000430334.8	ENSG00000225190	-	12	1	10	0	111	NA	NA	41	48
ENST00000262410.10	ENSG00000186868	+	13	1	11	0	215	NA	NA	17	133
ENST00000432791.7	ENSG00000120071	-	15	1	13	0	227	NA	NA	89	1289
ENST00000398238.8	ENSG00000073969	+	21	0	20	0	21	NA	NA	NA	12
ENST00000640051.2	ENSG00000108433	+	6	0	5	0	161	NA	NA	NA	29
ENST00000066544.8	ENSG00000004897	-	19	0	18	0	82	NA	NA	NA	27
ENST00000559488.7	ENSG00000259207	+	15	0	14	0	65	NA	NA	NA	79
ENST00000322157.9	ENSG00000141279	+	23	0	22	0	152	NA	NA	NA	255
ENST00000290158.9	ENSG00000108424	+	22	0	21	0	0	NA	NA	NA	40
ENST00000578982.6	ENSG00000198933	+	10	1	8	0	128	NA	NA	34	225
ENST00000007414.8	ENSG00000006025	-	23	1	21	0	108	NA	NA	87	75
ENST00000290216.14	ENSG00000141295	-	8	0	6	0	158	NA	NA	0	174
ENST00000376741.5	ENSG00000167182	+	7	0	6	0	100	NA	NA	NA	7
ENST00000642017.2	ENSG00000108439	+	7	0	6	0	168	NA	NA	NA	138
ENST00000338399.9	ENSG00000108465	+	14	0	13	0	65	NA	NA	NA	6
ENST00000362042.8	ENSG00000082641	+	6	1	4	0	1346	NA	NA	512	510
ENST00000225603.9	ENSG00000108468	-	5	1	3	0	144	NA	NA	37	140
ENST00000359238.7	ENSG00000002919	+	7	1	5	0	273	NA	NA	13	42
ENST00000360943.10	ENSG00000159202	+	7	0	6	0	170	NA	NA	NA	317
ENST00000502492.6	ENSG00000159210	-	8	0	7	0	137	NA	NA	NA	54
ENST00000290341.8	ENSG00000159217	+	15	0	14	0	92	NA	NA	NA	175
ENST00000430262.3	ENSG00000198740	-	6	1	4	0	511	NA	NA	258	900
ENST00000300408.8	ENSG00000167085	-	7	1	5	0	212	NA	NA	27	88
ENST00000504102.6	ENSG00000121067	-	10	1	8	0	144	NA	NA	66	78
ENST00000240364.7	ENSG00000121104	-	8	0	7	0	300	NA	NA	NA	196
ENST00000259021.9	ENSG00000136504	+	15	0	14	0	101	NA	NA	NA	15
ENST00000320031.13	ENSG00000005884	+	26	0	24	1	110	32	32	NA	206
ENST00000503176.6	ENSG00000005882	+	11	0	10	0	140	NA	NA	NA	118
ENST00000612501.2	ENSG00000108819	-	10	0	9	0	53	NA	NA	NA	1371
ENST00000225964.10	ENSG00000108821	-	51	0	50	0	146	NA	NA	NA	103
ENST00000338165.9	ENSG00000154920	+	9	1	7	0	176	NA	NA	24	775
ENST00000225972.8	ENSG00000108829	-	7	0	6	0	247	NA	NA	NA	105
ENST00000300441.9	ENSG00000167107	+	16	0	15	0	50	NA	NA	NA	128
ENST00000285238.13	ENSG00000108846	+	31	0	30	0	108	NA	NA	NA	45
ENST00000285243.7	ENSG00000154945	-	5	0	4	0	146	NA	NA	NA	134
ENST00000505658.6	ENSG00000108848	+	10	0	9	0	160	NA	NA	NA	99
ENST00000499247.3	ENSG00000141232	-	2	1	0	0	1183	NA	NA	146	NA
ENST00000262013.12	ENSG00000008294	-	30	0	29	0	115	NA	NA	NA	303
ENST00000393196.8	ENSG00000239672	+	5	1	3	0	117	NA	NA	4	126
ENST00000586178.6	ENSG00000011258	-	17	2	14	0	118	NA	NA	48	154
ENST00000262065.8	ENSG00000108960	-	7	0	6	0	200	NA	NA	NA	26
ENST00000268896.10	ENSG00000141179	+	6	0	5	0	65	NA	NA	NA	141
ENST00000284061.8	ENSG00000153933	+	12	1	10	0	179	NA	NA	18	464
ENST00000316881.9	ENSG00000121060	-	9	0	8	0	529	NA	NA	NA	597
ENST00000262288.8	ENSG00000121064	+	13	0	12	0	62	NA	NA	NA	76
ENST00000337714.8	ENSG00000121057	+	11	1	9	0	74	NA	NA	24	1714
ENST00000577830.6	ENSG00000180891	-	11	1	8	1	67	4	4	315	336
ENST00000581208.2	ENSG00000136451	-	6	0	5	0	427	NA	NA	NA	33
ENST00000258962.5	ENSG00000136450	-	4	0	3	0	194	NA	NA	NA	194
ENST00000579991.3	ENSG00000264364	+	3	1	1	0	137	NA	NA	9	132
ENST00000225504.8	ENSG00000213246	-	5	0	4	0	67	NA	NA	NA	69
ENST00000682306.1	ENSG00000108389	-	18	0	17	0	177	NA	NA	NA	45
ENST00000308249.4	ENSG00000175175	+	7	0	6	0	1057	NA	NA	NA	464
ENST00000262294.12	ENSG00000108395	-	24	0	23	0	82	NA	NA	NA	21
ENST00000330137.12	ENSG00000182628	-	4	0	3	0	68	NA	NA	NA	33
ENST00000262293.9	ENSG00000068489	+	10	1	8	0	68	NA	NA	5	128
ENST00000300917.10	ENSG00000167447	+	4	0	3	0	197	NA	NA	NA	1759
ENST00000284116.9	ENSG00000153982	+	10	0	9	0	122	NA	NA	NA	142
ENST00000312655.9	ENSG00000175155	+	5	1	3	0	89	NA	NA	195	117
ENST00000251241.9	ENSG00000108406	+	18	0	17	0	139	NA	NA	NA	112
ENST00000269122.8	ENSG00000141367	+	32	0	31	0	124	NA	NA	NA	42
ENST00000393038.3	ENSG00000141378	-	2	0	0	0	539	NA	NA	0	NA
ENST00000262291.9	ENSG00000062716	+	12	1	10	0	143	NA	NA	26	76
ENST00000325752.8	ENSG00000108423	-	9	1	7	0	102	NA	NA	39	172
ENST00000225577.9	ENSG00000108443	+	15	0	14	0	237	NA	NA	NA	141
ENST00000305783.13	ENSG00000189050	-	9	0	8	0	134	NA	NA	NA	56
ENST00000300896.9	ENSG00000170832	-	34	0	33	0	173	NA	NA	NA	58
ENST00000083182.8	ENSG00000062725	-	13	0	12	0	253	NA	NA	NA	138
ENST00000305921.8	ENSG00000170836	+	6	0	5	0	557	NA	NA	NA	472
ENST00000259008.7	ENSG00000136492	-	20	1	18	0	844	NA	NA	30	93
ENST00000251334.7	ENSG00000108506	-	25	1	23	0	169	NA	NA	18	293
ENST00000397786.7	ENSG00000108510	-	30	0	29	0	132	NA	NA	NA	66
ENST00000346027.10	ENSG00000146872	+	22	1	20	0	173	NA	NA	5	81
ENST00000303375.10	ENSG00000011028	+	30	0	29	0	220	NA	NA	NA	118
ENST00000360793.8	ENSG00000008283	-	6	1	4	0	192	NA	NA	13	202
ENST00000614556.5	ENSG00000136485	+	7	0	6	0	172	NA	NA	NA	138
ENST00000258975.7	ENSG00000136463	+	5	0	4	0	200	NA	NA	NA	280
ENST00000361733.8	ENSG00000198909	+	16	0	15	0	228	NA	NA	NA	4
ENST00000259006.8	ENSG00000136490	-	5	1	3	0	159	NA	NA	50	42
ENST00000336174.12	ENSG00000266173	-	13	1	11	0	152	NA	NA	44	36
ENST00000225726.10	ENSG00000108588	-	13	1	11	0	80	NA	NA	19	264
ENST00000389924.7	ENSG00000198231	+	18	1	16	0	704	NA	NA	16	221
ENST00000310144.11	ENSG00000087191	+	12	0	11	0	53	NA	NA	NA	24
ENST00000433197.4	ENSG00000178607	-	22	0	21	0	212	NA	NA	NA	54
ENST00000584379.6	ENSG00000136478	-	12	1	10	0	122	NA	NA	25	1644
ENST00000225792.10	ENSG00000108654	-	13	0	12	0	403	NA	NA	NA	44
ENST00000556440.7	ENSG00000258890	+	20	0	19	0	176	NA	NA	NA	19
ENST00000262435.14	ENSG00000108854	-	19	0	18	0	99	NA	NA	NA	52
ENST00000439174.7	ENSG00000120063	-	4	0	3	0	572	NA	NA	NA	283
ENST00000413366.8	ENSG00000154229	+	17	0	16	0	164	NA	NA	NA	173
ENST00000356126.8	ENSG00000197170	-	11	0	10	0	209	NA	NA	NA	108
ENST00000581322.6	ENSG00000154217	+	9	0	8	0	316	NA	NA	NA	48
ENST00000330459.8	ENSG00000182481	+	11	1	9	0	92	NA	NA	23	75
ENST00000580666.6	ENSG00000108932	-	6	1	4	0	250	NA	NA	7	232
ENST00000621439.5	ENSG00000141337	+	12	1	10	0	274	NA	NA	551	218
ENST00000262139.10	ENSG00000070540	-	13	0	12	0	47	NA	NA	NA	80
ENST00000589228.6	ENSG00000108946	+	11	1	9	0	172	NA	NA	6	177
ENST00000392676.8	ENSG00000154265	-	39	1	37	0	107	NA	NA	15	102
ENST00000245479.3	ENSG00000125398	+	3	0	2	0	844	NA	NA	NA	431
ENST00000255559.8	ENSG00000133195	-	10	1	8	0	78	NA	NA	11	108
ENST00000405159.8	ENSG00000133193	-	4	0	3	0	239	NA	NA	NA	221
ENST00000335793.4	ENSG00000179604	-	2	1	0	0	1182	NA	NA	112	NA
ENST00000392627.7	ENSG00000170412	+	4	1	2	0	179	NA	NA	32	1051
ENST00000262613.10	ENSG00000109062	+	6	0	5	0	188	NA	NA	NA	441
ENST00000335464.10	ENSG00000109066	+	10	1	8	0	760	NA	NA	67	45
ENST00000425042.7	ENSG00000167861	-	19	0	18	0	63	NA	NA	NA	66
ENST00000337231.5	ENSG00000109089	+	5	0	4	0	891	NA	NA	NA	79
ENST00000322444.7	ENSG00000180901	+	6	0	5	0	29	NA	NA	NA	339
ENST00000329783.9	ENSG00000170190	+	7	2	4	0	153	NA	NA	48	199
ENST00000245552.7	ENSG00000125458	-	5	0	4	0	154	NA	NA	NA	174
ENST00000409753.8	ENSG00000189159	-	5	0	4	0	148	NA	NA	NA	56
ENST00000420826.7	ENSG00000188612	-	4	0	3	0	62	NA	NA	NA	21
ENST00000245539.11	ENSG00000125445	+	5	0	4	0	221	NA	NA	NA	83
ENST00000325102.13	ENSG00000125457	-	6	1	4	0	227	NA	NA	50	82
ENST00000416858.7	ENSG00000125454	-	8	2	5	0	188	NA	NA	38	132
ENST00000316804.10	ENSG00000177885	-	6	1	4	0	185	NA	NA	137	78
ENST00000314256.12	ENSG00000177728	+	32	1	30	0	72	NA	NA	106	24
ENST00000321617.8	ENSG00000177303	-	20	1	18	0	90	NA	NA	404	94
ENST00000333213.11	ENSG00000182173	+	11	0	10	0	150	NA	NA	NA	56
ENST00000392550.8	ENSG00000073350	+	26	1	24	0	7	NA	NA	30	75
ENST00000317905.10	ENSG00000108469	-	20	1	18	0	100	NA	NA	14	130
ENST00000584667.6	ENSG00000161526	+	11	0	10	0	181	NA	NA	NA	106
ENST00000200181.8	ENSG00000132470	+	40	1	38	0	139	NA	NA	10	79
ENST00000589666.6	ENSG00000132478	+	16	0	15	0	155	NA	NA	NA	104
ENST00000254806.8	ENSG00000132471	-	8	0	7	0	53	NA	NA	NA	59
ENST00000254816.6	ENSG00000132481	-	6	0	5	0	640	NA	NA	NA	675
ENST00000293217.10	ENSG00000161533	-	14	0	13	0	47	NA	NA	NA	109
ENST00000269391.11	ENSG00000141576	-	19	0	18	0	118	NA	NA	NA	88
ENST00000327490.8	ENSG00000185262	+	3	0	2	0	311	NA	NA	NA	120
ENST00000446526.8	ENSG00000161542	-	10	0	9	0	158	NA	NA	NA	170
ENST00000592299.6	ENSG00000176170	+	6	1	4	0	780	NA	NA	194	10
ENST00000675367.1	ENSG00000129667	-	19	2	16	0	419	NA	NA	21	150
ENST00000397625.9	ENSG00000070495	-	6	0	5	0	131	NA	NA	NA	129
ENST00000341249.11	ENSG00000181038	+	5	1	3	0	165	NA	NA	21	84
ENST00000359995.10	ENSG00000161547	-	3	0	1	1	303	8	8	NA	362
ENST00000436233.9	ENSG00000129657	+	17	2	14	0	105	NA	NA	30	63
ENST00000427177.6	ENSG00000184640	+	12	0	11	0	135	NA	NA	NA	19
ENST00000696270.1	ENSG00000078687	+	23	1	21	0	360	NA	NA	37	63
ENST00000590602.6	ENSG00000141524	-	20	1	18	0	63	NA	NA	74	56
ENST00000225777.8	ENSG00000108639	+	4	0	3	0	197	NA	NA	NA	99
ENST00000350051.8	ENSG00000089685	+	4	0	3	0	89	NA	NA	NA	111
ENST00000330871.3	ENSG00000184557	-	2	1	0	0	765	NA	NA	88	NA
ENST00000446868.8	ENSG00000108669	-	14	0	13	0	78	NA	NA	NA	22
ENST00000449938.7	ENSG00000055483	-	21	2	17	1	131	21	21	9	253
ENST00000262768.11	ENSG00000035862	-	5	0	4	0	197	NA	NA	NA	130
ENST00000392446.10	ENSG00000171302	-	5	2	2	0	370	NA	NA	22	631
ENST00000579760.6	ENSG00000173918	+	4	1	2	0	550	NA	NA	14	155
ENST00000579016.6	ENSG00000167280	+	14	0	13	0	416	NA	NA	NA	146
ENST00000310942.9	ENSG00000173894	+	5	0	4	0	1310	NA	NA	NA	72
ENST00000269385.9	ENSG00000141570	-	5	0	4	0	923	NA	NA	NA	69
ENST00000269397.9	ENSG00000141582	-	5	0	4	0	1436	NA	NA	NA	69
ENST00000310924.7	ENSG00000167291	-	12	1	10	0	248	NA	NA	62	181
ENST00000302262.8	ENSG00000171298	+	20	1	18	0	59	NA	NA	32	546
ENST00000649764.2	ENSG00000141543	-	12	0	11	0	16	NA	NA	NA	169
ENST00000326317.11	ENSG00000181523	-	8	0	7	0	559	NA	NA	NA	88
ENST00000306773.5	ENSG00000171246	-	5	0	4	0	221	NA	NA	NA	444
ENST00000306801.8	ENSG00000141564	+	34	0	33	0	68	NA	NA	NA	162
ENST00000325167.9	ENSG00000176108	+	8	0	7	0	55	NA	NA	NA	63
ENST00000428708.7	ENSG00000175866	+	14	0	13	0	69	NA	NA	NA	54
ENST00000675386.2	ENSG00000266074	+	28	1	26	0	206	NA	NA	206	178
ENST00000573283.7	ENSG00000184009	-	6	1	4	0	143	NA	NA	6	123
ENST00000327787.13	ENSG00000185504	-	9	0	8	0	131	NA	NA	NA	165
ENST00000331134.11	ENSG00000182446	-	17	0	16	0	157	NA	NA	NA	15
ENST00000611590.2	ENSG00000182612	+	4	1	2	0	393	NA	NA	106	36
ENST00000329138.9	ENSG00000185359	+	22	0	21	0	110	NA	NA	NA	37
ENST00000350690.10	ENSG00000183048	+	11	0	10	0	101	NA	NA	NA	93
ENST00000455127.7	ENSG00000225663	-	5	1	3	0	64	NA	NA	48	8
ENST00000331483.9	ENSG00000185624	-	11	0	10	0	80	NA	NA	NA	145
ENST00000269321.12	ENSG00000141522	-	6	1	4	0	199	NA	NA	27	190
ENST00000538936.7	ENSG00000185813	-	13	0	12	0	111	NA	NA	NA	89
ENST00000328666.11	ENSG00000187531	-	10	0	9	0	198	NA	NA	NA	93
ENST00000357736.9	ENSG00000197063	-	3	1	1	0	452	NA	NA	29	36
ENST00000306897.9	ENSG00000169750	+	6	0	5	0	130	NA	NA	NA	35
ENST00000310496.9	ENSG00000169733	-	8	0	7	0	81	NA	NA	NA	267
ENST00000578552.6	ENSG00000169727	+	13	0	12	0	74	NA	NA	NA	33
ENST00000306796.10	ENSG00000169718	-	14	1	12	0	139	NA	NA	10	237
ENST00000306749.4	ENSG00000169710	-	43	1	41	0	137	NA	NA	7	127
ENST00000582743.6	ENSG00000141526	+	5	1	3	0	274	NA	NA	26	223
ENST00000314028.11	ENSG00000141551	-	9	0	8	0	50	NA	NA	NA	76
ENST00000313056.10	ENSG00000181396	-	9	0	8	0	136	NA	NA	NA	74
ENST00000309794.16	ENSG00000141562	+	11	0	10	0	241	NA	NA	NA	27
ENST00000335255.10	ENSG00000141568	+	9	0	8	0	196	NA	NA	NA	419
ENST00000392325.9	ENSG00000141580	-	10	0	9	0	106	NA	NA	NA	67
ENST00000320095.12	ENSG00000176845	+	4	0	3	0	319	NA	NA	NA	170
ENST00000261601.8	ENSG00000101557	+	16	0	15	0	151	NA	NA	NA	16
ENST00000261600.11	ENSG00000079134	-	21	0	20	0	295	NA	NA	NA	54
ENST00000400256.5	ENSG00000158270	-	10	0	9	0	19	NA	NA	NA	7
ENST00000314574.5	ENSG00000176105	-	12	1	10	0	208	NA	NA	8	271
ENST00000320876.11	ENSG00000101596	+	48	0	47	0	24	NA	NA	NA	186
ENST00000254528.4	ENSG00000132205	+	8	0	7	0	337	NA	NA	NA	134
ENST00000677752.1	ENSG00000101577	-	20	1	18	0	144	NA	NA	9	192
ENST00000237500.10	ENSG00000118680	+	4	1	2	0	172	NA	NA	15	184
ENST00000343820.10	ENSG00000177426	+	3	0	2	0	575	NA	NA	NA	16
ENST00000651870.1	ENSG00000198081	-	4	2	1	0	1346	NA	NA	81	3
ENST00000341928.7	ENSG00000082397	-	23	1	20	1	110	7	7	11	183
ENST00000383472.9	ENSG00000088756	+	18	0	17	0	94	NA	NA	NA	122
ENST00000580170.6	ENSG00000173482	+	33	0	32	0	53	NA	NA	NA	73
ENST00000649141.2	ENSG00000206418	+	6	0	5	0	113	NA	NA	NA	514
ENST00000262126.9	ENSG00000101745	+	13	1	11	0	185	NA	NA	51	87
ENST00000262120.10	ENSG00000128791	+	5	1	3	0	181	NA	NA	37	123
ENST00000383432.8	ENSG00000017797	+	10	1	8	0	266	NA	NA	55	244
ENST00000400556.8	ENSG00000154845	-	20	0	19	0	163	NA	NA	NA	7
ENST00000578921.6	ENSG00000168461	+	7	0	6	0	97	NA	NA	NA	39
ENST00000400000.7	ENSG00000101558	+	6	0	5	0	158	NA	NA	NA	79
ENST00000322897.11	ENSG00000134265	+	12	0	11	0	143	NA	NA	NA	56
ENST00000269159.8	ENSG00000141401	+	8	0	7	0	115	NA	NA	NA	96
ENST00000317702.10	ENSG00000176014	+	4	0	3	0	1063	NA	NA	NA	57
ENST00000269143.8	ENSG00000141385	-	17	0	16	0	218	NA	NA	NA	114
ENST00000409402.9	ENSG00000134278	-	17	0	16	0	258	NA	NA	NA	337
ENST00000262127.7	ENSG00000101624	-	12	0	11	0	138	NA	NA	NA	63
ENST00000309660.10	ENSG00000175354	-	9	0	8	0	207	NA	NA	NA	69
ENST00000399892.7	ENSG00000085415	+	9	0	8	0	195	NA	NA	NA	111
ENST00000651643.1	ENSG00000177150	-	4	1	2	0	233	NA	NA	28	473
ENST00000383314.7	ENSG00000101654	+	12	2	9	0	37	NA	NA	42	417
ENST00000399799.3	ENSG00000067900	-	33	0	32	0	3	NA	NA	NA	93
ENST00000269214.10	ENSG00000141446	-	12	3	8	0	147	NA	NA	587	1530
ENST00000300413.10	ENSG00000167088	+	4	0	3	0	76	NA	NA	NA	14
ENST00000289119.7	ENSG00000158201	-	9	0	8	0	172	NA	NA	NA	162
ENST00000261537.7	ENSG00000101752	+	21	0	20	0	140	NA	NA	NA	229
ENST00000269216.10	ENSG00000141448	+	7	1	5	0	167	NA	NA	37	1135
ENST00000327155.10	ENSG00000101773	+	19	1	17	0	97	NA	NA	98	109
ENST00000383233.8	ENSG00000134490	-	15	0	14	0	60	NA	NA	NA	72
ENST00000339486.8	ENSG00000101782	+	13	0	12	0	107	NA	NA	NA	63
ENST00000269221.8	ENSG00000141452	+	20	0	19	0	79	NA	NA	NA	102
ENST00000269228.10	ENSG00000141458	-	25	0	24	0	82	NA	NA	NA	57
ENST00000317571.8	ENSG00000168234	+	14	0	13	0	89	NA	NA	NA	167
ENST00000319481.8	ENSG00000141447	-	28	1	26	0	102	NA	NA	2	121
ENST00000284202.9	ENSG00000154059	+	11	0	10	0	68	NA	NA	NA	36
ENST00000361524.8	ENSG00000198795	-	8	1	6	0	29	NA	NA	1	40
ENST00000415083.7	ENSG00000141380	-	11	0	10	0	26	NA	NA	NA	69
ENST00000269142.10	ENSG00000141384	+	15	0	14	0	167	NA	NA	NA	343
ENST00000269141.8	ENSG00000170558	-	16	0	15	0	206	NA	NA	NA	60
ENST00000261590.13	ENSG00000046604	+	15	0	14	0	1022	NA	NA	NA	45
ENST00000306851.10	ENSG00000118276	-	9	0	8	0	147	NA	NA	NA	115
ENST00000217740.4	ENSG00000101695	+	6	0	5	0	86	NA	NA	NA	164
ENST00000261593.8	ENSG00000134758	+	8	1	6	0	68	NA	NA	77	110
ENST00000269209.7	ENSG00000141441	-	6	0	5	0	897	NA	NA	NA	121
ENST00000444659.6	ENSG00000134769	+	23	1	20	1	17	32	32	1	67
ENST00000300249.10	ENSG00000166974	+	7	0	6	0	74	NA	NA	NA	122
ENST00000330501.12	ENSG00000186812	+	4	1	2	0	1048	NA	NA	80	414
ENST00000333206.10	ENSG00000186814	-	4	1	2	0	931	NA	NA	103	408
ENST00000261332.11	ENSG00000172466	-	4	1	2	0	538	NA	NA	83	420
ENST00000334598.12	ENSG00000153391	-	5	0	4	0	131	NA	NA	NA	156
ENST00000269195.6	ENSG00000141429	+	12	1	10	0	146	NA	NA	103	139
ENST00000399022.9	ENSG00000141425	-	7	0	6	0	149	NA	NA	NA	151
ENST00000269187.10	ENSG00000141424	-	10	1	8	0	152	NA	NA	9	789
ENST00000261326.6	ENSG00000075643	+	15	0	14	0	152	NA	NA	NA	142
ENST00000590592.6	ENSG00000134775	+	29	0	28	0	82	NA	NA	NA	165
ENST00000334295.9	ENSG00000134779	-	7	0	6	0	245	NA	NA	NA	85
ENST00000262039.9	ENSG00000078142	+	25	0	24	0	14	NA	NA	NA	68
ENST00000649279.2	ENSG00000152217	+	6	1	4	0	619	NA	NA	172	486
ENST00000409746.5	ENSG00000152229	-	15	0	13	1	49	9	9	NA	33
ENST00000398752.11	ENSG00000152234	-	12	0	11	0	81	NA	NA	NA	60
ENST00000585916.6	ENSG00000078043	-	14	0	13	0	179	NA	NA	NA	24
ENST00000300605.11	ENSG00000167220	-	7	1	5	0	103	NA	NA	10	101
ENST00000256413.8	ENSG00000134030	+	12	1	10	0	215	NA	NA	28	180
ENST00000262158.8	ENSG00000101665	-	4	0	3	0	538	NA	NA	NA	613
ENST00000675505.1	ENSG00000141627	-	18	1	16	0	149	NA	NA	53	140
ENST00000261292.9	ENSG00000101670	+	10	0	9	0	21	NA	NA	NA	97
ENST00000285093.15	ENSG00000167315	-	10	0	9	0	84	NA	NA	NA	16
ENST00000285039.12	ENSG00000167306	-	40	0	39	0	152	NA	NA	NA	27
ENST00000269468.10	ENSG00000141644	-	17	1	14	1	39	33	33	25	110
ENST00000285106.11	ENSG00000154832	-	15	0	14	0	146	NA	NA	NA	3
ENST00000321341.11	ENSG00000082212	+	16	1	14	0	167	NA	NA	12	108
ENST00000269466.8	ENSG00000141642	+	4	1	2	0	466	NA	NA	8	157
ENST00000342988.8	ENSG00000141646	+	12	1	10	0	211	NA	NA	127	249
ENST00000256429.8	ENSG00000134046	-	7	0	5	1	126	13	13	NA	542
ENST00000579534.6	ENSG00000101751	+	10	0	9	0	818	NA	NA	NA	115
ENST00000262094.10	ENSG00000041353	+	6	1	4	0	189	NA	NA	19	153
ENST00000354452.8	ENSG00000196628	-	20	1	17	1	136	5	5	20	72
ENST00000217515.11	ENSG00000091164	-	8	0	7	0	29	NA	NA	NA	98
ENST00000262093.11	ENSG00000066926	-	11	0	10	0	134	NA	NA	NA	67
ENST00000256854.10	ENSG00000134440	-	14	0	13	0	131	NA	NA	NA	10
ENST00000400345.8	ENSG00000049759	+	31	0	30	0	102	NA	NA	NA	48
ENST00000649217.2	ENSG00000172175	+	17	0	16	0	437	NA	NA	NA	209
ENST00000591808.6	ENSG00000074657	+	10	2	7	0	494	NA	NA	17	2346
ENST00000587834.6	ENSG00000166562	+	6	0	5	0	53	NA	NA	NA	87
ENST00000251047.6	ENSG00000074695	-	13	0	12	0	36	NA	NA	NA	214
ENST00000316660.7	ENSG00000141682	+	2	0	1	0	106	NA	NA	NA	58
ENST00000312828.4	ENSG00000176641	-	2	1	0	0	746	NA	NA	135	NA
ENST00000640252.2	ENSG00000197563	-	31	3	27	0	123	NA	NA	32	221
ENST00000644646.2	ENSG00000134444	+	29	0	28	0	120	NA	NA	NA	526
ENST00000269499.10	ENSG00000141664	+	14	0	13	0	67	NA	NA	NA	939
ENST00000262719.10	ENSG00000081913	+	17	0	16	0	1169	NA	NA	NA	1576
ENST00000333681.5	ENSG00000171791	-	3	1	1	0	134	NA	NA	286	585
ENST00000645214.2	ENSG00000119537	-	10	0	9	0	119	NA	NA	NA	108
ENST00000238497.10	ENSG00000119541	-	11	0	10	0	101	NA	NA	NA	27
ENST00000397985.7	ENSG00000166401	+	7	1	5	0	404	NA	NA	10	168
ENST00000310045.9	ENSG00000171451	-	2	1	0	0	4522	NA	NA	884	NA
ENST00000299608.7	ENSG00000166479	-	16	0	15	0	260	NA	NA	NA	46
ENST00000640769.2	ENSG00000176225	-	49	0	48	0	85	NA	NA	NA	31
ENST00000397942.4	ENSG00000170677	+	2	1	0	0	1733	NA	NA	126	NA
ENST00000169551.11	ENSG00000075336	+	6	0	5	0	104	NA	NA	NA	301
ENST00000340533.9	ENSG00000166347	-	5	0	4	0	81	NA	NA	NA	129
ENST00000322342.4	ENSG00000180011	-	2	0	1	0	924	NA	NA	NA	209
ENST00000580243.3	ENSG00000179981	+	2	0	1	0	3193	NA	NA	NA	40
ENST00000443185.7	ENSG00000101493	-	7	2	4	0	59	NA	NA	157	1810
ENST00000613122.5	ENSG00000060069	+	13	0	12	0	138	NA	NA	NA	314
ENST00000451882.3	ENSG00000226742	+	4	0	3	0	11	NA	NA	NA	51
ENST00000269601.10	ENSG00000141759	-	3	0	2	0	171	NA	NA	NA	153
ENST00000262198.9	ENSG00000101544	+	4	1	2	0	3197	NA	NA	13	108
ENST00000353265.8	ENSG00000178184	-	3	0	2	0	835	NA	NA	NA	72
ENST00000434325.7	ENSG00000141934	-	6	0	5	0	149	NA	NA	NA	52
ENST00000292363.10	ENSG00000070423	-	9	0	8	0	149	NA	NA	NA	75
ENST00000338448.10	ENSG00000099864	+	9	0	8	0	529	NA	NA	NA	5
ENST00000356948.11	ENSG00000011304	+	15	0	14	0	132	NA	NA	NA	8
ENST00000361574.10	ENSG00000198858	-	8	0	7	0	103	NA	NA	NA	71
ENST00000263620.8	ENSG00000116017	+	9	1	7	0	187	NA	NA	267	368
ENST00000356663.8	ENSG00000182087	-	11	0	10	0	545	NA	NA	NA	225
ENST00000263097.9	ENSG00000064666	+	7	0	6	0	275	NA	NA	NA	63
ENST00000263094.11	ENSG00000064687	+	47	1	45	0	155	NA	NA	137	66
ENST00000313093.7	ENSG00000180448	+	23	0	22	0	346	NA	NA	NA	90
ENST00000354171.13	ENSG00000167468	+	7	0	6	0	32	NA	NA	NA	84
ENST00000361757.8	ENSG00000064932	-	32	1	30	0	484	NA	NA	126	93
ENST00000326873.12	ENSG00000118046	+	10	0	8	1	193	17	17	NA	290
ENST00000650044.2	ENSG00000099625	-	10	1	8	0	963	NA	NA	21	105
ENST00000682408.1	ENSG00000167470	+	9	1	7	0	277	NA	NA	407	233
ENST00000587896.6	ENSG00000099622	+	6	1	4	0	462	NA	NA	6	103
ENST00000233078.9	ENSG00000071626	+	12	0	11	0	175	NA	NA	NA	29
ENST00000233596.8	ENSG00000115255	+	5	0	4	0	37	NA	NA	NA	115
ENST00000434436.8	ENSG00000071655	-	7	0	5	1	198	6	6	NA	110
ENST00000262965.12	ENSG00000071564	-	19	1	17	0	142	NA	NA	39	72
ENST00000170168.9	ENSG00000079313	-	16	0	15	0	88	NA	NA	NA	157
ENST00000250916.6	ENSG00000129911	-	2	0	1	0	301	NA	NA	NA	457
ENST00000292577.12	ENSG00000129968	-	5	1	3	0	225	NA	NA	238	332
ENST00000316097.13	ENSG00000227500	+	7	1	5	0	176	NA	NA	41	7
ENST00000255641.13	ENSG00000133275	+	12	1	10	0	54	NA	NA	265	187
ENST00000250896.9	ENSG00000099875	-	14	1	12	0	243	NA	NA	96	51
ENST00000357066.8	ENSG00000172081	-	5	2	2	0	29	NA	NA	119	421
ENST00000643116.3	ENSG00000065000	-	32	0	31	0	95	NA	NA	NA	96
ENST00000398665.8	ENSG00000104885	+	28	0	27	0	7	NA	NA	NA	81
ENST00000326631.7	ENSG00000104886	-	6	0	5	0	65	NA	NA	NA	94
ENST00000613503.5	ENSG00000005206	+	15	0	14	0	263	NA	NA	NA	66
ENST00000215570.8	ENSG00000099800	-	3	0	2	0	98	NA	NA	NA	120
ENST00000325327.4	ENSG00000176619	-	12	0	11	0	41	NA	NA	NA	264
ENST00000215631.9	ENSG00000099860	+	4	0	3	0	113	NA	NA	NA	44
ENST00000382159.8	ENSG00000176533	-	5	3	1	0	125	NA	NA	37	81
ENST00000269740.9	ENSG00000141873	-	3	1	1	0	734	NA	NA	122	210
ENST00000221566.7	ENSG00000104969	-	12	1	9	1	114	7	7	23	100
ENST00000307741.11	ENSG00000172009	+	13	0	12	0	161	NA	NA	NA	16
ENST00000317243.10	ENSG00000172006	+	5	0	4	0	1171	NA	NA	NA	53
ENST00000078429.9	ENSG00000088256	+	7	0	6	0	190	NA	NA	NA	136
ENST00000246117.9	ENSG00000125912	+	15	0	14	0	59	NA	NA	NA	184
ENST00000443272.3	ENSG00000141905	+	11	0	10	0	17	NA	NA	NA	30
ENST00000441788.7	ENSG00000105325	+	14	1	12	0	41	NA	NA	34	69
ENST00000355415.7	ENSG00000161091	-	10	0	9	0	22	NA	NA	NA	298
ENST00000333651.11	ENSG00000064961	+	10	1	8	0	12	NA	NA	18	38
ENST00000316757.4	ENSG00000011132	-	11	1	9	0	71	NA	NA	37	576
ENST00000545797.7	ENSG00000167657	-	9	1	7	0	536	NA	NA	94	62
ENST00000309311.7	ENSG00000167658	-	15	0	14	0	193	NA	NA	NA	3
ENST00000262971.3	ENSG00000105229	+	11	0	10	0	259	NA	NA	NA	27
ENST00000322357.9	ENSG00000178951	-	3	1	1	0	492	NA	NA	15	1262
ENST00000262948.10	ENSG00000126934	-	11	0	10	0	110	NA	NA	NA	92
ENST00000337491.7	ENSG00000077463	-	8	0	7	0	329	NA	NA	NA	66
ENST00000262962.12	ENSG00000105248	+	8	0	7	0	112	NA	NA	NA	24
ENST00000221856.11	ENSG00000105255	+	13	0	12	0	110	NA	NA	NA	15
ENST00000599840.6	ENSG00000008382	+	13	0	12	0	86	NA	NA	NA	7
ENST00000269886.7	ENSG00000141985	-	10	0	9	0	196	NA	NA	NA	45
ENST00000301281.11	ENSG00000167671	-	11	0	10	0	125	NA	NA	NA	83
ENST00000616600.5	ENSG00000167674	+	16	0	15	0	99	NA	NA	NA	72
ENST00000586582.6	ENSG00000167680	-	17	1	15	0	928	NA	NA	32	121
ENST00000327473.9	ENSG00000185361	+	2	1	0	0	563	NA	NA	3	NA
ENST00000262960.14	ENSG00000142002	-	22	2	19	0	92	NA	NA	35	56
ENST00000269856.5	ENSG00000141965	+	1	0	0	0	NA	NA	NA	NA	NA
ENST00000221957.9	ENSG00000105355	-	8	1	6	0	344	NA	NA	17	66
ENST00000650932.1	ENSG00000276043	+	17	1	15	0	146	NA	NA	10	153
ENST00000159111.9	ENSG00000127663	+	23	2	20	0	176	NA	NA	25	141
ENST00000262963.11	ENSG00000105426	-	38	1	36	0	68	NA	NA	94	91
ENST00000252542.9	ENSG00000130254	-	21	0	20	0	156	NA	NA	NA	186
ENST00000588852.2	ENSG00000160633	+	21	0	20	0	129	NA	NA	NA	189
ENST00000309061.12	ENSG00000141994	-	13	0	12	0	72	NA	NA	NA	98
ENST00000340578.10	ENSG00000031823	-	17	0	16	0	43	NA	NA	NA	22
ENST00000303657.10	ENSG00000087903	-	18	1	16	0	115	NA	NA	8	90
ENST00000252674.9	ENSG00000130382	-	12	0	11	0	128	NA	NA	NA	12
ENST00000245816.11	ENSG00000125656	+	6	0	5	0	172	NA	NA	NA	198
ENST00000600480.2	ENSG00000088247	-	19	0	18	0	277	NA	NA	NA	249
ENST00000301454.9	ENSG00000125648	-	10	0	9	0	184	NA	NA	NA	156
ENST00000245907.11	ENSG00000125730	-	41	0	40	0	141	NA	NA	NA	74
ENST00000264080.12	ENSG00000125734	-	18	0	17	0	72	NA	NA	NA	120
ENST00000313244.14	ENSG00000125733	+	15	0	14	0	148	NA	NA	NA	24
ENST00000245908.11	ENSG00000125731	-	10	1	8	0	160	NA	NA	68	69
ENST00000602142.6	ENSG00000141968	+	27	0	26	0	53	NA	NA	NA	204
ENST00000302850.10	ENSG00000171105	-	22	0	21	0	354	NA	NA	NA	100
ENST00000668164.2	ENSG00000104880	+	29	1	27	0	172	NA	NA	110	15
ENST00000264079.11	ENSG00000090674	+	14	0	13	0	36	NA	NA	NA	31
ENST00000600737.6	ENSG00000032444	+	32	0	31	0	74	NA	NA	NA	232
ENST00000160298.9	ENSG00000076826	+	17	0	16	0	305	NA	NA	NA	148
ENST00000221283.10	ENSG00000076944	+	19	0	18	0	85	NA	NA	NA	37
ENST00000221573.11	ENSG00000104976	+	5	0	4	0	319	NA	NA	NA	183
ENST00000318978.6	ENSG00000178531	-	2	1	0	0	268	NA	NA	20	NA
ENST00000407627.7	ENSG00000066044	-	6	1	4	0	324	NA	NA	16	172
ENST00000251363.10	ENSG00000090661	+	12	2	9	0	179	NA	NA	1	173
ENST00000301455.7	ENSG00000167772	+	7	0	6	0	181	NA	NA	NA	318
ENST00000328024.11	ENSG00000185236	+	5	0	4	0	145	NA	NA	NA	40
ENST00000325495.9	ENSG00000099783	+	16	0	15	0	163	NA	NA	NA	113
ENST00000247956.11	ENSG00000130803	+	7	1	5	0	1319	NA	NA	92	25
ENST00000247977.9	ENSG00000127452	-	3	0	2	0	821	NA	NA	NA	86
ENST00000586895.6	ENSG00000198258	+	5	1	3	0	43	NA	NA	11	56
ENST00000247970.9	ENSG00000127445	+	4	0	3	0	109	NA	NA	NA	58
ENST00000359526.9	ENSG00000130816	-	41	0	40	0	34	NA	NA	NA	80
ENST00000646641.1	ENSG00000267534	-	2	1	0	0	1103	NA	NA	42	NA
ENST00000525621.6	ENSG00000105397	-	25	2	22	0	134	NA	NA	20	193
ENST00000222005.7	ENSG00000105401	-	8	0	7	0	155	NA	NA	NA	102
ENST00000171111.10	ENSG00000079999	-	6	1	4	0	166	NA	NA	47	639
ENST00000309469.9	ENSG00000130734	+	10	0	9	0	182	NA	NA	NA	235
ENST00000393599.3	ENSG00000129355	-	2	0	1	0	359	NA	NA	NA	141
ENST00000335757.10	ENSG00000129353	+	22	0	21	0	106	NA	NA	NA	37
ENST00000389253.9	ENSG00000079805	+	21	0	20	0	69	NA	NA	NA	161
ENST00000214869.7	ENSG00000099203	-	4	0	3	0	218	NA	NA	NA	183
ENST00000327064.9	ENSG00000142453	+	16	0	15	0	142	NA	NA	NA	220
ENST00000586748.6	ENSG00000130733	-	10	1	7	1	116	20	20	30	31
ENST00000344626.10	ENSG00000127616	+	35	1	33	0	32	NA	NA	31	222
ENST00000558518.6	ENSG00000130164	+	18	0	17	0	35	NA	NA	NA	67
ENST00000586659.6	ENSG00000197256	-	13	2	10	0	53	NA	NA	79	37
ENST00000294618.12	ENSG00000130158	-	48	0	47	0	42	NA	NA	NA	44
ENST00000354882.10	ENSG00000105518	-	3	0	2	0	305	NA	NA	NA	100
ENST00000688289.1	ENSG00000105520	+	10	2	7	0	343	NA	NA	14	66
ENST00000252445.8	ENSG00000130165	-	4	1	2	0	64	NA	NA	18	116
ENST00000648477.1	ENSG00000102575	-	5	0	3	0	242	NA	NA	0	261
ENST00000418543.8	ENSG00000123154	+	11	2	8	0	149	NA	NA	36	103
ENST00000393261.8	ENSG00000132004	-	10	0	9	0	74	NA	NA	NA	409
ENST00000425528.6	ENSG00000105576	-	26	2	22	1	107	21	21	13	99
ENST00000397668.8	ENSG00000095066	-	23	0	22	0	149	NA	NA	NA	45
ENST00000302754.6	ENSG00000171223	+	1	0	0	0	NA	NA	NA	NA	NA
ENST00000301522.3	ENSG00000167815	-	6	1	4	0	85	NA	NA	9	103
ENST00000222219.8	ENSG00000105612	-	6	0	5	0	373	NA	NA	NA	86
ENST00000222214.10	ENSG00000105607	+	12	1	10	0	73	NA	NA	34	91
ENST00000316448.10	ENSG00000179218	+	9	0	8	0	200	NA	NA	NA	91
ENST00000586534.6	ENSG00000179262	+	9	0	8	0	113	NA	NA	NA	72
ENST00000292431.5	ENSG00000160877	+	6	1	4	0	259	NA	NA	8	946
ENST00000587230.6	ENSG00000104915	-	8	0	7	0	76	NA	NA	NA	35
ENST00000292433.4	ENSG00000160888	+	2	1	0	0	914	NA	NA	243	NA
ENST00000221554.13	ENSG00000104957	+	10	1	8	0	478	NA	NA	201	3
ENST00000040663.8	ENSG00000037757	+	6	0	5	0	160	NA	NA	NA	132
ENST00000590508.6	ENSG00000132003	+	14	0	13	0	859	NA	NA	NA	153
ENST00000318003.11	ENSG00000132024	+	29	0	28	0	20	NA	NA	NA	60
ENST00000254325.9	ENSG00000132005	-	21	1	19	0	169	NA	NA	52	319
ENST00000308677.9	ENSG00000072062	-	10	0	9	0	125	NA	NA	NA	46
ENST00000263382.8	ENSG00000105011	-	4	0	3	0	206	NA	NA	NA	109
ENST00000361434.8	ENSG00000072071	-	23	1	21	0	742	NA	NA	95	70
ENST00000242786.6	ENSG00000123146	+	20	0	19	0	29	NA	NA	NA	22
ENST00000242776.9	ENSG00000123136	-	11	1	9	0	16	NA	NA	4	208
ENST00000242783.11	ENSG00000123143	+	22	0	21	0	203	NA	NA	NA	21
ENST00000393033.9	ENSG00000123159	-	9	3	5	0	151	NA	NA	30	288
ENST00000254322.3	ENSG00000132002	-	3	0	2	0	230	NA	NA	NA	211
ENST00000215565.3	ENSG00000099795	-	3	0	2	0	132	NA	NA	NA	112
ENST00000292530.11	ENSG00000160961	+	12	1	10	0	1097	NA	NA	41	3
ENST00000342784.7	ENSG00000105137	+	8	0	7	0	403	NA	NA	NA	88
ENST00000263388.7	ENSG00000074181	-	33	0	32	0	1052	NA	NA	NA	118
ENST00000679869.1	ENSG00000141867	-	20	1	18	0	68	NA	NA	34	285
ENST00000269701.7	ENSG00000105127	-	14	0	13	0	455	NA	NA	NA	19
ENST00000397410.10	ENSG00000011243	-	14	0	13	0	308	NA	NA	NA	13
ENST00000643579.2	ENSG00000167460	+	8	0	7	0	82	NA	NA	NA	132
ENST00000248071.6	ENSG00000127528	+	3	0	2	0	175	NA	NA	NA	75
ENST00000455140.7	ENSG00000127527	-	24	0	23	0	146	NA	NA	NA	33
ENST00000546361.7	ENSG00000085872	-	17	0	16	0	193	NA	NA	NA	25
ENST00000595753.6	ENSG00000127526	-	6	0	5	0	230	NA	NA	NA	421
ENST00000263390.8	ENSG00000105085	-	3	0	2	0	1655	NA	NA	NA	72
ENST00000487416.7	ENSG00000214046	-	5	0	4	0	15	NA	NA	NA	26
ENST00000187762.7	ENSG00000072954	+	6	0	5	0	227	NA	NA	NA	124
ENST00000248054.10	ENSG00000127511	+	19	0	18	0	230	NA	NA	NA	120
ENST00000682292.1	ENSG00000099331	+	40	1	38	0	415	NA	NA	58	840
ENST00000215061.9	ENSG00000099330	+	6	0	5	0	122	NA	NA	NA	69
ENST00000291442.4	ENSG00000160113	-	4	0	3	0	274	NA	NA	NA	278
ENST00000247706.4	ENSG00000127220	-	5	1	3	0	170	NA	NA	8	761
ENST00000359866.9	ENSG00000130311	+	5	0	4	0	110	NA	NA	NA	3
ENST00000159087.7	ENSG00000074855	-	18	0	17	0	367	NA	NA	NA	106
ENST00000324894.13	ENSG00000130299	+	9	0	8	0	225	NA	NA	NA	53
ENST00000317040.12	ENSG00000141971	+	9	0	8	0	62	NA	NA	NA	90
ENST00000252603.7	ENSG00000130313	+	5	0	4	0	137	NA	NA	NA	288
ENST00000252599.9	ENSG00000130309	+	12	0	11	0	267	NA	NA	NA	260
ENST00000324096.9	ENSG00000130479	+	7	0	6	0	155	NA	NA	NA	118
ENST00000596536.6	ENSG00000130475	+	29	3	25	0	22	NA	NA	47	27
ENST00000445755.7	ENSG00000007080	+	5	1	3	0	207	NA	NA	11	159
ENST00000222250.5	ENSG00000105643	+	8	0	7	0	53	NA	NA	NA	274
ENST00000599612.3	ENSG00000254858	+	5	0	4	0	56	NA	NA	NA	187
ENST00000222256.9	ENSG00000105649	-	5	0	3	0	190	NA	NA	0	228
ENST00000252818.5	ENSG00000130522	-	1	0	0	0	NA	NA	NA	NA	NA
ENST00000593829.6	ENSG00000130520	-	5	0	4	0	91	NA	NA	NA	3
ENST00000270061.12	ENSG00000130511	+	18	0	17	0	29	NA	NA	NA	59
ENST00000338128.13	ENSG00000105655	-	11	1	9	0	204	NA	NA	9	120
ENST00000608443.6	ENSG00000105701	-	9	1	7	0	86	NA	NA	25	292
ENST00000222307.9	ENSG00000105700	+	5	1	3	0	229	NA	NA	21	101
ENST00000442744.7	ENSG00000221983	+	5	1	3	0	93	NA	NA	8	103
ENST00000392386.8	ENSG00000006016	-	9	0	8	0	13	NA	NA	NA	115
ENST00000321949.13	ENSG00000105662	+	14	0	13	0	211	NA	NA	NA	126
ENST00000262803.10	ENSG00000005007	+	24	0	22	1	119	4	4	NA	231
ENST00000247003.9	ENSG00000105671	+	13	0	12	0	188	NA	NA	NA	115
ENST00000392351.8	ENSG00000051128	-	10	1	8	0	191	NA	NA	67	14
ENST00000452918.7	ENSG00000064607	-	11	1	8	0	120	1	1	11	121
ENST00000318596.8	ENSG00000181035	+	8	1	6	0	307	NA	NA	34	81
ENST00000162044.14	ENSG00000064545	-	12	0	11	0	253	NA	NA	NA	3
ENST00000462790.8	ENSG00000254901	-	6	0	4	1	33	43	43	NA	37
ENST00000303088.9	ENSG00000064490	+	10	2	7	0	70	NA	NA	8	187
ENST00000331552.12	ENSG00000184162	-	5	0	4	0	116	NA	NA	NA	38
ENST00000262815.13	ENSG00000129933	+	19	0	18	0	74	NA	NA	NA	276
ENST00000683918.1	ENSG00000167491	+	12	1	10	0	130	NA	NA	6	269
ENST00000407877.8	ENSG00000064547	-	3	1	1	0	313	NA	NA	9	733
ENST00000203556.9	ENSG00000089639	-	21	0	20	0	373	NA	NA	NA	19
ENST00000304863.6	ENSG00000169021	-	2	0	1	0	610	NA	NA	NA	214
ENST00000585603.6	ENSG00000105171	+	7	0	6	0	136	NA	NA	NA	7
ENST00000436066.4	ENSG00000166289	+	2	1	0	0	855	NA	NA	16	NA
ENST00000262643.8	ENSG00000105173	+	12	1	10	0	122	NA	NA	24	23
ENST00000392271.6	ENSG00000105176	+	11	0	10	0	182	NA	NA	NA	117
ENST00000240587.5	ENSG00000121297	-	2	0	1	0	3205	NA	NA	NA	40
ENST00000355898.6	ENSG00000168813	+	7	2	4	0	366	NA	NA	2	2127
ENST00000392250.7	ENSG00000178904	+	19	1	17	0	161	NA	NA	37	103
ENST00000590247.7	ENSG00000105185	+	6	0	5	0	47	NA	NA	NA	66
ENST00000306065.9	ENSG00000105186	-	29	1	27	0	233	NA	NA	30	102
ENST00000305768.10	ENSG00000121289	-	19	0	18	0	216	NA	NA	NA	39
ENST00000588258.6	ENSG00000131944	+	5	1	3	0	251	NA	NA	13	106
ENST00000254260.8	ENSG00000131941	-	15	0	14	0	260	NA	NA	NA	69
ENST00000253193.9	ENSG00000130881	+	7	0	6	0	587	NA	NA	NA	73
ENST00000498907.3	ENSG00000245848	-	1	0	0	0	NA	NA	NA	NA	NA
ENST00000284000.9	ENSG00000153879	+	2	1	0	0	548	NA	NA	96	NA
ENST00000244137.12	ENSG00000124299	-	15	0	14	0	137	NA	NA	NA	17
ENST00000683859.1	ENSG00000153885	+	7	2	4	0	158	NA	NA	27	66
ENST00000544216.8	ENSG00000257103	+	10	0	9	0	23	NA	NA	NA	121
ENST00000356487.11	ENSG00000105220	+	18	0	17	0	135	NA	NA	NA	122
ENST00000246548.9	ENSG00000126261	+	17	0	16	0	181	NA	NA	NA	138
ENST00000404801.2	ENSG00000180884	-	4	0	3	0	1615	NA	NA	NA	33
ENST00000317991.10	ENSG00000089351	+	20	0	19	0	92	NA	NA	NA	8
ENST00000222305.8	ENSG00000105698	+	10	0	9	0	89	NA	NA	NA	62
ENST00000222284.10	ENSG00000105677	+	7	0	6	0	123	NA	NA	NA	77
ENST00000203166.10	ENSG00000249115	+	19	0	18	0	117	NA	NA	NA	98
ENST00000262633.9	ENSG00000126254	+	10	0	9	0	112	NA	NA	NA	128
ENST00000649813.2	ENSG00000126267	+	4	1	2	0	53	NA	NA	11	106
ENST00000587708.7	ENSG00000205155	+	4	1	2	0	139	NA	NA	96	61
ENST00000221891.9	ENSG00000105290	+	17	0	16	0	98	NA	NA	NA	147
ENST00000360535.9	ENSG00000105270	-	14	1	12	0	54	NA	NA	58	166
ENST00000292894.2	ENSG00000161277	-	4	0	3	0	152	NA	NA	NA	83
ENST00000401500.7	ENSG00000075702	+	32	0	31	0	260	NA	NA	NA	177
ENST00000221855.8	ENSG00000105254	+	6	0	5	0	114	NA	NA	NA	114
ENST00000246533.8	ENSG00000126247	+	11	1	9	0	26	NA	NA	15	209
ENST00000443387.3	ENSG00000167635	+	4	3	0	0	1660	NA	NA	782	NA
ENST00000270001.12	ENSG00000142065	-	5	1	3	0	1366	NA	NA	79	9
ENST00000523638.6	ENSG00000254004	-	3	2	0	0	1699	NA	NA	461	NA
ENST00000591340.6	ENSG00000186020	-	5	1	3	0	1456	NA	NA	46	14
ENST00000292928.7	ENSG00000161298	+	5	2	2	0	1420	NA	NA	13	139
ENST00000682579.1	ENSG00000189042	+	6	2	3	0	1720	NA	NA	66	9
ENST00000591344.2	ENSG00000267041	-	5	1	3	0	3037	NA	NA	69	12
ENST00000391711.8	ENSG00000185869	-	6	1	4	0	979	NA	NA	84	38
ENST00000333987.12	ENSG00000198453	+	7	2	4	0	1576	NA	NA	185	76
ENST00000316950.11	ENSG00000196437	-	6	2	3	0	1822	NA	NA	43	15
ENST00000222345.11	ENSG00000105738	+	22	2	19	0	143	NA	NA	310	1534
ENST00000355526.10	ENSG00000011332	-	12	0	11	0	70	NA	NA	NA	29
ENST00000301242.9	ENSG00000167641	-	4	0	3	0	128	NA	NA	NA	201
ENST00000301244.12	ENSG00000167642	+	7	0	6	0	166	NA	NA	NA	106
ENST00000339413.11	ENSG00000167645	-	8	0	7	0	155	NA	NA	NA	58
ENST00000263372.5	ENSG00000099337	+	3	0	2	0	223	NA	NA	NA	322
ENST00000215071.9	ENSG00000099341	+	7	0	6	0	137	NA	NA	NA	360
ENST00000252699.7	ENSG00000130402	+	21	0	20	0	158	NA	NA	NA	162
ENST00000221418.9	ENSG00000104823	-	10	0	9	0	104	NA	NA	NA	52
ENST00000221419.10	ENSG00000104824	-	13	0	12	0	58	NA	NA	NA	267
ENST00000249396.12	ENSG00000068903	-	16	0	15	0	155	NA	NA	NA	16
ENST00000313582.6	ENSG00000104825	+	6	0	5	0	101	NA	NA	NA	179
ENST00000221431.11	ENSG00000104835	-	16	0	15	0	143	NA	NA	NA	267
ENST00000360442.8	ENSG00000130669	+	10	2	7	0	155	NA	NA	22	204
ENST00000610417.5	ENSG00000179134	+	14	2	11	0	28	NA	NA	205	196
ENST00000221265.8	ENSG00000006712	-	14	0	13	0	412	NA	NA	NA	47
ENST00000315588.11	ENSG00000063322	+	4	0	3	0	242	NA	NA	NA	216
ENST00000597629.3	ENSG00000128016	+	2	0	1	0	956	NA	NA	NA	24
ENST00000425673.6	ENSG00000090924	+	19	1	17	0	1561	NA	NA	22	109
ENST00000432763.7	ENSG00000196235	+	30	1	28	0	143	NA	NA	87	75
ENST00000356433.10	ENSG00000090932	+	9	0	8	0	5	NA	NA	NA	69
ENST00000323039.10	ENSG00000105204	-	11	1	9	0	371	NA	NA	101	63
ENST00000157812.7	ENSG00000013275	+	11	0	10	0	113	NA	NA	NA	36
ENST00000392038.7	ENSG00000105221	-	14	1	12	0	79	NA	NA	84	46
ENST00000409735.9	ENSG00000105223	+	13	2	10	0	187	NA	NA	65	27
ENST00000357949.5	ENSG00000197019	-	2	0	0	0	710	NA	NA	0	NA
ENST00000322354.4	ENSG00000167565	-	2	1	0	0	596	NA	NA	6	NA
ENST00000291842.10	ENSG00000160410	+	18	0	17	0	231	NA	NA	NA	86
ENST00000252891.8	ENSG00000105245	-	10	0	9	0	670	NA	NA	NA	24
ENST00000324464.8	ENSG00000123815	-	15	1	13	0	338	NA	NA	3	102
ENST00000263370.3	ENSG00000086544	+	7	0	6	0	203	NA	NA	NA	1155
ENST00000243563.8	ENSG00000077312	+	6	0	5	0	159	NA	NA	NA	73
ENST00000310054.9	ENSG00000167600	+	9	0	8	0	208	NA	NA	NA	177
ENST00000301178.9	ENSG00000167601	+	20	0	19	0	351	NA	NA	NA	85
ENST00000392006.8	ENSG00000105323	+	15	0	14	0	116	NA	NA	NA	295
ENST00000269967.4	ENSG00000142039	+	5	0	4	0	120	NA	NA	NA	46
ENST00000221930.6	ENSG00000105329	-	7	0	6	0	158	NA	NA	NA	355
ENST00000598742.6	ENSG00000105372	+	6	0	4	0	26	NA	NA	0	71
ENST00000354532.8	ENSG00000076928	+	29	1	26	1	83	18	18	19	24
ENST00000222008.11	ENSG00000105404	-	5	0	4	0	88	NA	NA	NA	56
ENST00000359044.5	ENSG00000105732	+	2	1	0	0	2710	NA	NA	20	NA
ENST00000596251.6	ENSG00000160570	-	5	1	3	0	391	NA	NA	38	328
ENST00000301215.8	ENSG00000167625	+	3	2	0	0	2029	NA	NA	17	NA
ENST00000222330.8	ENSG00000105723	-	11	0	10	0	73	NA	NA	NA	283
ENST00000222329.9	ENSG00000105722	-	4	0	3	0	1273	NA	NA	NA	22
ENST00000681038.1	ENSG00000079432	+	21	1	19	0	367	NA	NA	10	2794
ENST00000262890.8	ENSG00000079462	-	5	0	4	0	287	NA	NA	NA	78
ENST00000251268.11	ENSG00000105429	+	42	0	41	0	1268	NA	NA	NA	187
ENST00000244289.9	ENSG00000079435	-	10	0	9	0	263	NA	NA	NA	883
ENST00000292140.10	ENSG00000176531	-	16	1	14	0	134	NA	NA	14	213
ENST00000292147.7	ENSG00000105755	-	7	0	6	0	52	NA	NA	NA	81
ENST00000336564.5	ENSG00000124444	+	3	1	1	0	427	NA	NA	15	85
ENST00000313040.12	ENSG00000131115	+	6	2	3	0	2128	NA	NA	2	60
ENST00000291182.9	ENSG00000159917	-	5	1	3	0	1978	NA	NA	48	15
ENST00000354340.9	ENSG00000062370	-	4	1	2	0	2503	NA	NA	3	124
ENST00000592529.6	ENSG00000167384	-	5	1	3	0	1744	NA	NA	43	51
ENST00000425690.8	ENSG00000073008	+	8	0	7	0	71	NA	NA	NA	79
ENST00000164227.10	ENSG00000069399	+	9	0	8	0	187	NA	NA	NA	256
ENST00000270233.12	ENSG00000187244	+	15	0	14	0	5	NA	NA	NA	82
ENST00000252483.10	ENSG00000130202	+	9	0	8	0	269	NA	NA	NA	88
ENST00000426677.7	ENSG00000130204	+	9	0	8	0	139	NA	NA	NA	274
ENST00000252486.9	ENSG00000130203	+	4	1	2	0	717	NA	NA	23	43
ENST00000221452.13	ENSG00000104856	+	12	0	11	0	385	NA	NA	NA	106
ENST00000221455.8	ENSG00000104859	+	21	1	19	0	42	NA	NA	29	99
ENST00000221462.9	ENSG00000104866	+	13	0	11	1	82	9	9	NA	202
ENST00000262891.9	ENSG00000007047	+	17	0	16	0	336	NA	NA	NA	51
ENST00000391945.10	ENSG00000104884	-	23	0	22	0	92	NA	NA	NA	5
ENST00000360957.10	ENSG00000104881	-	13	1	11	0	38	NA	NA	21	55
ENST00000245923.9	ENSG00000125744	-	11	0	10	0	81	NA	NA	NA	34
ENST00000245932.11	ENSG00000125753	+	13	0	12	0	37	NA	NA	NA	5
ENST00000245925.8	ENSG00000125746	-	19	0	18	0	125	NA	NA	NA	20
ENST00000012049.10	ENSG00000011478	+	7	0	6	0	145	NA	NA	NA	207
ENST00000317683.4	ENSG00000177051	-	2	1	0	0	1889	NA	NA	78	NA
ENST00000317578.7	ENSG00000177045	-	3	0	2	0	610	NA	NA	NA	803
ENST00000291270.9	ENSG00000104936	-	15	0	14	0	152	NA	NA	NA	160
ENST00000270223.7	ENSG00000185800	-	5	0	4	0	47	NA	NA	NA	441
ENST00000245934.12	ENSG00000125755	-	27	1	25	0	137	NA	NA	12	105
ENST00000302165.5	ENSG00000170604	-	1	0	0	0	NA	NA	NA	NA	NA
ENST00000263257.6	ENSG00000104967	-	4	0	3	0	1082	NA	NA	NA	85
ENST00000307522.5	ENSG00000169515	-	1	0	0	0	NA	NA	NA	NA	NA
ENST00000291281.9	ENSG00000105287	-	18	0	17	0	212	NA	NA	NA	240
ENST00000263280.11	ENSG00000090372	-	18	0	16	1	169	67	67	NA	282
ENST00000318584.10	ENSG00000181027	+	4	3	0	0	1526	NA	NA	39	NA
ENST00000542575.6	ENSG00000105281	-	8	0	7	0	237	NA	NA	NA	566
ENST00000263270.11	ENSG00000042753	-	5	0	4	0	101	NA	NA	NA	3
ENST00000672722.1	ENSG00000160007	+	7	1	5	0	357	NA	NA	188	3681
ENST00000253048.10	ENSG00000130749	-	15	1	13	0	1513	NA	NA	5	161
ENST00000270225.12	ENSG00000142230	+	9	0	8	0	92	NA	NA	NA	98
ENST00000439096.3	ENSG00000105327	-	4	1	2	0	116	NA	NA	15	274
ENST00000328771.9	ENSG00000134815	+	17	1	15	0	133	NA	NA	277	705
ENST00000558555.6	ENSG00000105419	-	13	0	11	1	49	18	18	NA	12
ENST00000263354.8	ENSG00000105402	-	11	0	10	0	101	NA	NA	NA	98
ENST00000263277.8	ENSG00000024422	+	6	1	4	0	551	NA	NA	55	404
ENST00000263274.12	ENSG00000105486	-	28	1	26	0	83	NA	NA	57	17
ENST00000270221.11	ENSG00000142227	+	5	1	3	0	169	NA	NA	15	78
ENST00000330720.7	ENSG00000105438	-	5	0	4	0	34	NA	NA	NA	91
ENST00000253237.10	ENSG00000105447	+	7	0	6	0	317	NA	NA	NA	187
ENST00000452733.7	ENSG00000105443	+	12	0	11	0	87	NA	NA	NA	19
ENST00000245222.9	ENSG00000063176	+	7	1	5	0	1092	NA	NA	113	39
ENST00000222122.10	ENSG00000105516	-	4	0	3	0	215	NA	NA	NA	139
ENST00000316273.11	ENSG00000105552	-	11	0	10	0	38	NA	NA	NA	24
ENST00000263278.9	ENSG00000087076	-	9	0	8	0	173	NA	NA	NA	88
ENST00000405315.9	ENSG00000104805	+	13	1	11	0	106	NA	NA	11	135
ENST00000345358.12	ENSG00000087088	+	6	0	5	0	104	NA	NA	NA	34
ENST00000331825.11	ENSG00000087086	+	4	0	3	0	152	NA	NA	NA	102
ENST00000323798.8	ENSG00000104812	-	16	0	15	0	323	NA	NA	NA	118
ENST00000595090.6	ENSG00000183207	+	15	0	14	0	25	NA	NA	NA	12
ENST00000598441.6	ENSG00000104852	+	10	1	8	0	648	NA	NA	10	147
ENST00000221459.7	ENSG00000104863	+	6	0	5	0	21	NA	NA	NA	37
ENST00000334186.9	ENSG00000177380	+	30	1	27	1	58	14	14	15	240
ENST00000252826.10	ENSG00000130529	+	25	0	24	0	4	NA	NA	NA	24
ENST00000593945.6	ENSG00000074219	-	13	1	11	0	113	NA	NA	6	232
ENST00000262265.10	ENSG00000104872	-	9	0	8	0	41	NA	NA	NA	90
ENST00000293350.9	ENSG00000161618	+	17	0	16	0	161	NA	NA	NA	90
ENST00000270645.8	ENSG00000142552	+	7	1	5	0	107	NA	NA	6	242
ENST00000246792.4	ENSG00000126458	-	6	0	5	0	84	NA	NA	NA	153
ENST00000360565.8	ENSG00000126461	+	11	1	9	0	191	NA	NA	6	108
ENST00000377139.8	ENSG00000126456	-	8	1	6	0	185	NA	NA	8	165
ENST00000246784.8	ENSG00000126453	+	7	1	5	0	50	NA	NA	8	107
ENST00000598293.6	ENSG00000169169	+	20	2	17	0	185	NA	NA	14	141
ENST00000354293.10	ENSG00000196961	+	23	0	22	0	77	NA	NA	NA	67
ENST00000313777.9	ENSG00000010361	-	11	0	10	0	223	NA	NA	NA	111
ENST00000312865.10	ENSG00000104973	+	18	0	17	0	97	NA	NA	NA	134
ENST00000391842.6	ENSG00000104960	+	12	0	11	0	11	NA	NA	NA	171
ENST00000344175.10	ENSG00000204673	-	5	1	3	0	143	NA	NA	7	379
ENST00000221543.10	ENSG00000104946	+	17	0	16	0	200	NA	NA	NA	21
ENST00000423777.7	ENSG00000169136	+	3	1	1	0	670	NA	NA	119	178
ENST00000316763.8	ENSG00000105053	-	15	2	11	1	148	12	12	1	139
ENST00000253727.10	ENSG00000131408	+	10	2	7	0	146	NA	NA	19	43
ENST00000334976.11	ENSG00000161671	+	7	0	6	0	110	NA	NA	NA	114
ENST00000598418.6	ENSG00000161677	-	5	1	3	0	99	NA	NA	17	146
ENST00000262259.7	ENSG00000105497	+	5	1	3	0	1840	NA	NA	180	72
ENST00000293471.11	ENSG00000176024	+	6	2	3	0	1618	NA	NA	193	15
ENST00000243644.9	ENSG00000256683	-	5	1	3	0	1360	NA	NA	171	15
ENST00000270649.11	ENSG00000142556	-	5	1	3	0	1519	NA	NA	216	15
ENST00000221315.10	ENSG00000256087	-	5	1	3	0	1720	NA	NA	192	15
ENST00000322088.11	ENSG00000105568	+	15	0	14	0	16	NA	NA	NA	78
ENST00000449416.6	ENSG00000130844	+	6	3	2	0	1255	NA	NA	73	9
ENST00000391770.9	ENSG00000179820	+	3	2	0	0	970	NA	NA	2	NA
ENST00000485876.6	ENSG00000170906	+	4	0	3	0	91	NA	NA	NA	10
ENST00000321030.9	ENSG00000105618	+	14	1	12	0	125	NA	NA	8	177
ENST00000221232.11	ENSG00000088038	+	18	1	16	0	98	NA	NA	50	25
ENST00000222224.4	ENSG00000105617	-	4	0	3	0	219	NA	NA	NA	132
ENST00000245615.6	ENSG00000125505	-	8	1	6	0	387	NA	NA	3	76
ENST00000396388.3	ENSG00000170892	+	4	0	3	0	187	NA	NA	NA	243
ENST00000302907.9	ENSG00000170889	+	5	1	3	0	177	NA	NA	25	97
ENST00000326764.10	ENSG00000167615	+	16	1	14	0	162	NA	NA	55	38
ENST00000611161.2	ENSG00000275183	-	1	0	0	0	NA	NA	NA	NA	NA
ENST00000415061.8	ENSG00000160439	-	7	0	6	0	235	NA	NA	NA	65
ENST00000263433.8	ENSG00000125503	-	22	0	21	0	86	NA	NA	NA	321
ENST00000412770.7	ENSG00000105063	-	24	1	22	0	3	NA	NA	6	227
ENST00000255613.8	ENSG00000133247	+	9	1	7	0	493	NA	NA	143	110
ENST00000344063.7	ENSG00000108107	+	5	1	3	0	89	NA	NA	8	81
ENST00000264552.14	ENSG00000108106	-	4	0	3	0	326	NA	NA	NA	3
ENST00000425675.7	ENSG00000063241	-	6	1	4	0	80	NA	NA	3	138
ENST00000598519.2	ENSG00000197483	+	3	1	1	0	3172	NA	NA	77	7
ENST00000325421.7	ENSG00000218891	-	2	1	0	0	1690	NA	NA	2	NA
ENST00000221665.5	ENSG00000179943	-	3	1	1	0	1196	NA	NA	36	294
ENST00000568956.2	ENSG00000261221	+	2	1	0	0	3205	NA	NA	26	NA
ENST00000325333.10	ENSG00000213015	+	2	1	0	0	530	NA	NA	12	NA
ENST00000308924.9	ENSG00000063244	+	12	0	11	0	134	NA	NA	NA	49
ENST00000610935.2	ENSG00000142409	-	3	1	1	0	1069	NA	NA	10	79
ENST00000337080.8	ENSG00000167685	+	5	2	2	0	577	NA	NA	22	297
ENST00000263095.10	ENSG00000083844	+	4	0	3	0	1627	NA	NA	NA	33
ENST00000414468.3	ENSG00000204524	+	4	0	3	0	1630	NA	NA	NA	30
ENST00000336128.12	ENSG00000188785	+	4	0	3	0	1459	NA	NA	NA	15
ENST00000356584.8	ENSG00000197128	-	4	0	3	0	1147	NA	NA	NA	33
ENST00000221735.12	ENSG00000105136	+	5	0	4	0	1234	NA	NA	NA	33
ENST00000282292.9	ENSG00000152439	+	4	0	3	0	1066	NA	NA	NA	33
ENST00000699333.1	ENSG00000251369	-	4	0	3	0	1018	NA	NA	NA	27
ENST00000196489.4	ENSG00000083817	-	4	0	3	0	1582	NA	NA	NA	33
ENST00000396161.10	ENSG00000213762	+	3	1	1	0	1243	NA	NA	57	40
ENST00000240731.5	ENSG00000121417	+	4	0	3	0	1477	NA	NA	NA	90
ENST00000551380.7	ENSG00000166704	-	7	1	5	0	1978	NA	NA	51	31
ENST00000598312.6	ENSG00000181894	-	4	3	0	0	1633	NA	NA	8	NA
ENST00000617501.5	ENSG00000171606	+	8	1	6	0	982	NA	NA	45	33
ENST00000306910.9	ENSG00000171574	+	4	0	3	0	973	NA	NA	NA	18
ENST00000196482.4	ENSG00000083812	+	4	1	2	0	1423	NA	NA	6	121
ENST00000263093.7	ENSG00000083807	-	10	0	9	0	176	NA	NA	NA	688
ENST00000312547.7	ENSG00000130724	-	6	1	4	0	127	NA	NA	24	168
ENST00000253023.8	ENSG00000130725	-	6	0	5	0	140	NA	NA	NA	109
ENST00000342665.5	ENSG00000177732	+	1	0	0	0	NA	NA	NA	NA	NA
ENST00000217233.9	ENSG00000101255	+	4	0	2	0	492	NA	NA	0	291
ENST00000356286.10	ENSG00000125826	+	12	0	11	0	80	NA	NA	NA	22
ENST00000354200.5	ENSG00000125875	-	8	0	7	0	255	NA	NA	NA	70
ENST00000381941.8	ENSG00000125898	+	2	1	0	0	984	NA	NA	97	NA
ENST00000335877.11	ENSG00000125818	+	7	0	6	0	51	NA	NA	NA	129
ENST00000400137.9	ENSG00000088832	-	5	0	3	1	128	37	37	NA	37
ENST00000216879.9	ENSG00000088833	-	9	0	8	0	162	NA	NA	NA	105
ENST00000358771.5	ENSG00000198053	+	8	0	7	0	248	NA	NA	NA	79
ENST00000381482.8	ENSG00000125834	+	4	0	2	1	712	38	38	NA	294
ENST00000381342.7	ENSG00000125835	-	7	0	6	0	10	NA	NA	NA	3
ENST00000329276.10	ENSG00000101361	+	12	0	11	0	365	NA	NA	NA	3
ENST00000380843.9	ENSG00000101365	-	12	0	11	0	86	NA	NA	NA	36
ENST00000360652.7	ENSG00000132635	-	8	1	6	0	247	NA	NA	21	124
ENST00000399903.7	ENSG00000132670	+	24	3	20	0	74	NA	NA	6	73
ENST00000217173.7	ENSG00000185019	-	5	1	3	0	208	NA	NA	41	54
ENST00000354488.8	ENSG00000198171	-	9	0	8	0	166	NA	NA	NA	91
ENST00000262919.10	ENSG00000088812	+	29	0	28	0	124	NA	NA	NA	410
ENST00000379751.5	ENSG00000125817	-	1	0	0	0	NA	NA	NA	NA	NA
ENST00000245960.10	ENSG00000101224	+	16	0	15	0	140	NA	NA	NA	200
ENST00000428216.4	ENSG00000088888	+	7	1	5	0	464	NA	NA	67	117
ENST00000358395.11	ENSG00000101236	-	6	1	4	0	138	NA	NA	7	143
ENST00000305958.9	ENSG00000088826	+	7	1	5	0	137	NA	NA	26	208
ENST00000379440.9	ENSG00000171867	+	2	1	0	0	771	NA	NA	10	NA
ENST00000379400.8	ENSG00000101265	-	12	2	9	0	69	NA	NA	32	59
ENST00000338244.6	ENSG00000089057	-	17	2	14	0	232	NA	NA	154	108
ENST00000202834.12	ENSG00000089063	-	4	1	2	0	140	NA	NA	15	99
ENST00000379143.10	ENSG00000132646	-	6	0	5	0	79	NA	NA	NA	221
ENST00000460006.6	ENSG00000101290	+	13	0	12	0	132	NA	NA	NA	57
ENST00000379019.7	ENSG00000125772	-	20	1	18	0	189	NA	NA	28	49
ENST00000203001.7	ENSG00000089195	-	11	0	10	0	191	NA	NA	NA	128
ENST00000378863.9	ENSG00000088766	+	7	0	6	0	84	NA	NA	NA	306
ENST00000246024.7	ENSG00000125827	-	8	0	7	0	370	NA	NA	NA	176
ENST00000338037.11	ENSG00000182621	+	32	0	31	0	227	NA	NA	NA	99
ENST00000378392.6	ENSG00000132623	+	11	2	8	0	158	NA	NA	44	346
ENST00000347364.7	ENSG00000125863	-	6	2	3	0	440	NA	NA	417	985
ENST00000334534.10	ENSG00000149346	+	8	1	6	0	720	NA	NA	29	27
ENST00000254958.10	ENSG00000101384	-	26	0	25	0	457	NA	NA	NA	81
ENST00000378226.7	ENSG00000132640	+	4	0	3	0	1032	NA	NA	NA	326
ENST00000337743.9	ENSG00000089123	-	14	1	12	0	92	NA	NA	74	145
ENST00000617257.2	ENSG00000089048	-	14	1	12	0	293	NA	NA	43	637
ENST00000341420.5	ENSG00000125848	-	3	2	0	0	2001	NA	NA	52	NA
ENST00000354981.7	ENSG00000089177	-	26	0	25	0	158	NA	NA	NA	47
ENST00000246071.8	ENSG00000125870	+	7	1	5	0	159	NA	NA	35	64
ENST00000246069.12	ENSG00000125868	+	4	0	3	0	109	NA	NA	NA	3
ENST00000377813.6	ENSG00000125844	-	25	2	22	0	38	NA	NA	21	1912
ENST00000377759.9	ENSG00000089006	-	13	0	12	0	50	NA	NA	NA	51
ENST00000377710.10	ENSG00000125871	+	5	1	3	0	170	NA	NA	59	511
ENST00000425686.3	ENSG00000125846	+	7	4	2	0	1747	NA	NA	6	121
ENST00000377603.5	ENSG00000132664	+	9	0	8	0	77	NA	NA	NA	62
ENST00000650089.1	ENSG00000101310	+	20	1	18	0	89	NA	NA	14	221
ENST00000255006.12	ENSG00000132669	+	13	2	10	0	323	NA	NA	36	57
ENST00000334982.9	ENSG00000173418	+	6	0	5	0	85	NA	NA	NA	53
ENST00000536226.2	ENSG00000101343	-	14	0	13	0	167	NA	NA	NA	51
ENST00000202677.12	ENSG00000188559	-	40	0	38	1	4	36	36	NA	106
ENST00000377191.5	ENSG00000088930	+	30	0	29	0	65	NA	NA	NA	75
ENST00000254998.3	ENSG00000132661	+	2	1	0	0	483	NA	NA	61	NA
ENST00000338121.10	ENSG00000125812	+	6	1	4	0	350	NA	NA	21	1364
ENST00000377026.4	ENSG00000125814	-	11	0	10	0	110	NA	NA	NA	98
ENST00000217456.3	ENSG00000101474	-	9	0	8	0	209	NA	NA	NA	95
ENST00000323482.9	ENSG00000154930	-	14	0	13	0	179	NA	NA	NA	334
ENST00000376652.9	ENSG00000197586	+	15	1	13	0	98	NA	NA	15	54
ENST00000216962.9	ENSG00000100994	+	20	0	19	0	152	NA	NA	NA	243
ENST00000262460.5	ENSG00000101003	+	7	0	6	0	68	NA	NA	NA	75
ENST00000278886.11	ENSG00000101004	-	24	1	22	0	191	NA	NA	11	180
ENST00000304788.4	ENSG00000170191	-	2	0	1	0	656	NA	NA	NA	90
ENST00000398174.9	ENSG00000101294	+	13	0	12	0	99	NA	NA	NA	183
ENST00000376112.4	ENSG00000125968	+	2	0	1	0	41	NA	NA	NA	426
ENST00000307677.5	ENSG00000171552	-	3	1	1	0	137	NA	NA	130	564
ENST00000202017.6	ENSG00000088356	-	5	0	4	0	82	NA	NA	NA	87
ENST00000398022.7	ENSG00000101337	+	18	0	17	0	149	NA	NA	NA	15
ENST00000246229.5	ENSG00000126003	-	3	1	1	0	1230	NA	NA	114	260
ENST00000375749.8	ENSG00000101346	+	7	0	6	0	188	NA	NA	NA	124
ENST00000375712.4	ENSG00000101350	+	9	1	7	0	96	NA	NA	65	1404
ENST00000375687.10	ENSG00000171456	+	13	0	12	0	2906	NA	NA	NA	57
ENST00000278980.11	ENSG00000149600	-	9	0	8	0	76	NA	NA	NA	84
ENST00000328111.6	ENSG00000088305	+	23	1	21	0	141	NA	NA	6	142
ENST00000375571.6	ENSG00000101367	+	7	1	5	0	56	NA	NA	3	121
ENST00000217381.3	ENSG00000101400	-	8	0	7	0	92	NA	NA	NA	310
ENST00000342704.11	ENSG00000078699	+	11	0	10	0	299	NA	NA	NA	34
ENST00000343380.6	ENSG00000101412	-	7	0	6	0	247	NA	NA	NA	261
ENST00000409299.8	ENSG00000101417	-	4	0	3	0	263	NA	NA	NA	113
ENST00000375200.6	ENSG00000131061	+	15	0	14	0	529	NA	NA	NA	31
ENST00000217402.3	ENSG00000101421	+	5	0	4	0	64	NA	NA	NA	190
ENST00000246194.8	ENSG00000125970	+	10	2	6	1	44	5	5	9	256
ENST00000374980.3	ENSG00000125977	-	9	0	8	0	175	NA	NA	NA	15
ENST00000217426.7	ENSG00000101444	-	10	0	9	0	131	NA	NA	NA	28
ENST00000374864.10	ENSG00000078747	+	25	2	22	0	99	NA	NA	21	70
ENST00000374810.8	ENSG00000078804	+	5	2	2	0	249	NA	NA	49	124
ENST00000359003.7	ENSG00000198646	-	15	2	12	0	43	NA	NA	49	235
ENST00000336431.10	ENSG00000131067	-	15	0	14	0	163	NA	NA	NA	169
ENST00000360596.7	ENSG00000131069	+	18	0	17	0	127	NA	NA	NA	178
ENST00000651619.1	ENSG00000100983	-	13	1	11	0	123	NA	NA	8	129
ENST00000252015.3	ENSG00000100991	-	19	0	18	0	137	NA	NA	NA	168
ENST00000374492.8	ENSG00000088298	-	11	0	10	0	500	NA	NA	NA	107
ENST00000374450.8	ENSG00000242372	-	7	1	5	0	9	NA	NA	5	107
ENST00000348547.7	ENSG00000125991	+	13	0	12	0	79	NA	NA	NA	88
ENST00000374273.8	ENSG00000061656	+	12	0	11	0	146	NA	NA	NA	304
ENST00000374114.8	ENSG00000244462	-	3	2	0	0	2820	NA	NA	22	NA
ENST00000374092.9	ENSG00000244005	-	13	0	12	0	63	NA	NA	NA	97
ENST00000253363.11	ENSG00000131051	-	17	1	15	0	100	NA	NA	13	51
ENST00000374012.8	ENSG00000025293	+	18	1	16	0	142	NA	NA	32	83
ENST00000305978.7	ENSG00000171222	-	2	1	0	0	594	NA	NA	55	NA
ENST00000338074.7	ENSG00000088367	+	22	1	20	0	8	NA	NA	14	177
ENST00000320849.9	ENSG00000131043	+	4	1	2	0	167	NA	NA	48	757
ENST00000339266.10	ENSG00000080845	+	13	2	10	0	218	NA	NA	72	999
ENST00000279022.7	ENSG00000101335	+	4	1	2	0	172	NA	NA	26	184
ENST00000373872.9	ENSG00000118707	+	3	1	1	0	521	NA	NA	34	192
ENST00000344795.8	ENSG00000101084	+	4	0	3	0	41	NA	NA	NA	114
ENST00000349004.6	ENSG00000101079	-	16	1	14	0	181	NA	NA	48	57
ENST00000373750.9	ENSG00000149636	-	11	1	9	0	109	NA	NA	15	34
ENST00000646673.2	ENSG00000101347	-	16	0	15	0	134	NA	NA	NA	208
ENST00000373664.8	ENSG00000080839	-	22	0	21	0	170	NA	NA	NA	156
ENST00000237530.11	ENSG00000118705	+	17	0	16	0	12	NA	NA	NA	13
ENST00000373606.8	ENSG00000101363	+	3	1	1	0	107	NA	NA	56	150
ENST00000373578.7	ENSG00000197122	+	14	3	10	0	208	NA	NA	4	250
ENST00000373537.7	ENSG00000166619	-	2	1	0	0	439	NA	NA	176	NA
ENST00000373447.8	ENSG00000101407	-	8	1	6	0	183	NA	NA	41	2302
ENST00000373433.9	ENSG00000101413	+	7	0	6	0	149	NA	NA	NA	151
ENST00000361475.7	ENSG00000198959	-	13	0	12	0	150	NA	NA	NA	10
ENST00000262879.11	ENSG00000170471	+	30	1	28	0	193	NA	NA	30	186
ENST00000619850.2	ENSG00000101447	+	4	0	3	0	981	NA	NA	NA	483
ENST00000252011.8	ENSG00000101452	+	22	0	21	0	44	NA	NA	NA	40
ENST00000373313.3	ENSG00000204103	-	1	0	0	0	NA	NA	NA	NA	NA
ENST00000361337.3	ENSG00000198900	+	21	0	20	0	102	NA	NA	NA	33
ENST00000685551.1	ENSG00000124181	+	32	0	31	0	42	NA	NA	NA	217
ENST00000683867.1	ENSG00000174306	-	4	2	1	0	10	NA	NA	150	2860
ENST00000373257.8	ENSG00000132793	+	20	1	18	0	144	NA	NA	8	192
ENST00000373233.8	ENSG00000124177	-	37	1	35	0	896	NA	NA	23	33
ENST00000244020.5	ENSG00000124193	+	6	0	5	0	360	NA	NA	NA	107
ENST00000373030.8	ENSG00000101052	+	14	1	12	0	47	NA	NA	6	119
ENST00000217026.5	ENSG00000101057	+	14	0	13	0	128	NA	NA	NA	20
ENST00000255174.3	ENSG00000132823	-	4	1	2	0	687	NA	NA	41	77
ENST00000396825.4	ENSG00000197296	-	2	0	1	0	615	NA	NA	NA	173
ENST00000262605.9	ENSG00000124120	+	5	1	3	0	278	NA	NA	15	445
ENST00000342374.5	ENSG00000132824	-	10	0	9	0	138	NA	NA	NA	39
ENST00000372886.6	ENSG00000168734	+	4	2	1	0	79	NA	NA	23	151
ENST00000372874.9	ENSG00000196839	-	12	0	11	0	13	NA	NA	NA	33
ENST00000353703.9	ENSG00000166913	+	6	1	4	0	56	NA	NA	3	300
ENST00000372813.4	ENSG00000025772	-	7	0	6	0	104	NA	NA	NA	127
ENST00000372806.8	ENSG00000101109	+	11	0	10	0	158	NA	NA	NA	35
ENST00000372733.3	ENSG00000124145	-	5	0	4	0	151	NA	NA	NA	60
ENST00000243918.10	ENSG00000204070	+	4	1	2	0	240	NA	NA	3	162
ENST00000372622.8	ENSG00000101457	+	13	0	12	0	138	NA	NA	NA	105
ENST00000356455.9	ENSG00000175063	+	6	0	5	0	58	NA	NA	NA	101
ENST00000491381.6	ENSG00000124104	+	4	0	3	0	674	NA	NA	NA	21
ENST00000255152.3	ENSG00000132801	+	2	0	1	0	1935	NA	NA	NA	155
ENST00000372523.1	ENSG00000168612	+	2	1	0	0	1517	NA	NA	60	NA
ENST00000646241.3	ENSG00000064601	+	15	0	13	0	83	NA	NA	0	194
ENST00000372409.8	ENSG00000100982	+	17	2	14	0	231	NA	NA	19	124
ENST00000322927.3	ENSG00000198026	-	28	1	26	0	127	NA	NA	50	201
ENST00000290231.11	ENSG00000124160	-	8	1	6	0	589	NA	NA	29	38
ENST00000372230.10	ENSG00000080189	-	10	1	8	0	130	NA	NA	257	120
ENST00000290246.11	ENSG00000062598	-	22	2	19	0	200	NA	NA	50	78
ENST00000371998.8	ENSG00000124151	+	23	2	20	0	11	NA	NA	19	83
ENST00000688720.1	ENSG00000196562	-	21	1	19	0	30	NA	NA	100	175
ENST00000371917.5	ENSG00000124198	+	39	0	38	0	176	NA	NA	NA	121
ENST00000262982.3	ENSG00000124207	+	25	1	23	0	89	NA	NA	11	85
ENST00000371856.7	ENSG00000124214	-	14	2	11	0	15	NA	NA	84	205
ENST00000618172.5	ENSG00000124228	+	21	0	20	0	18	NA	NA	NA	93
ENST00000396105.6	ENSG00000124201	-	14	1	12	0	2444	NA	NA	48	61
ENST00000371711.4	ENSG00000158470	-	9	0	8	0	147	NA	NA	NA	115
ENST00000361573.3	ENSG00000197818	+	16	0	15	0	107	NA	NA	NA	26
ENST00000289431.10	ENSG00000158480	-	3	1	1	0	1226	NA	NA	102	336
ENST00000244050.3	ENSG00000124216	+	3	0	2	0	184	NA	NA	NA	82
ENST00000371652.9	ENSG00000240849	-	6	0	5	0	121	NA	NA	NA	121
ENST00000303004.5	ENSG00000172216	+	1	0	0	0	NA	NA	NA	NA	NA
ENST00000371621.5	ENSG00000196396	+	10	0	9	0	23	NA	NA	NA	63
ENST00000371610.7	ENSG00000124171	+	3	0	2	0	829	NA	NA	NA	66
ENST00000371564.8	ENSG00000101096	-	11	0	9	1	43	45	45	NA	130
ENST00000338821.6	ENSG00000054793	-	28	0	27	0	136	NA	NA	NA	68
ENST00000216923.5	ENSG00000020256	-	6	0	5	0	1282	NA	NA	NA	46
ENST00000371471.7	ENSG00000171940	-	6	1	3	1	109	24	24	342	1366
ENST00000371384.4	ENSG00000124098	+	3	0	2	0	216	NA	NA	NA	186
ENST00000395915.8	ENSG00000087586	-	9	1	7	0	182	NA	NA	5	42
ENST00000395863.8	ENSG00000101144	-	7	0	6	0	149	NA	NA	NA	418
ENST00000395841.7	ENSG00000101146	+	12	1	10	0	86	NA	NA	7	90
ENST00000356208.10	ENSG00000132819	+	4	0	3	0	303	NA	NA	NA	237
ENST00000341744.8	ENSG00000124225	-	4	0	3	0	545	NA	NA	NA	109
ENST00000244040.4	ENSG00000124209	+	7	0	6	0	97	NA	NA	NA	36
ENST00000475243.6	ENSG00000124164	+	6	0	5	0	158	NA	NA	NA	58
ENST00000371141.8	ENSG00000124222	+	9	0	8	0	104	NA	NA	NA	132
ENST00000371085.8	ENSG00000087460	+	13	0	12	0	146	NA	NA	NA	139
ENST00000217131.6	ENSG00000101160	-	6	0	5	0	110	NA	NA	NA	143
ENST00000355937.9	ENSG00000101166	-	6	0	5	0	119	NA	NA	NA	32
ENST00000614565.5	ENSG00000179242	+	16	0	15	0	206	NA	NA	NA	57
ENST00000279068.11	ENSG00000149657	+	9	0	7	1	171	15	15	NA	127
ENST00000331758.8	ENSG00000184402	+	11	0	10	0	26	NA	NA	NA	69
ENST00000313733.9	ENSG00000130703	+	14	1	12	0	102	NA	NA	128	37
ENST00000370487.5	ENSG00000101189	+	5	0	4	0	187	NA	NA	NA	148
ENST00000290291.10	ENSG00000060491	+	7	0	6	0	1419	NA	NA	NA	171
ENST00000395343.6	ENSG00000101191	-	16	2	13	0	3181	NA	NA	2	839
ENST00000266069.5	ENSG00000101193	+	5	1	3	0	173	NA	NA	12	118
ENST00000370339.8	ENSG00000149658	-	5	0	4	0	26	NA	NA	NA	27
ENST00000370283.9	ENSG00000101199	+	13	1	11	0	309	NA	NA	4	60
ENST00000217182.6	ENSG00000101210	-	8	1	6	0	127	NA	NA	71	144
ENST00000370077.2	ENSG00000101216	-	10	1	8	0	640	NA	NA	57	131
ENST00000370053.3	ENSG00000197457	-	5	0	4	0	59	NA	NA	NA	19
ENST00000622789.5	ENSG00000101246	-	8	1	6	0	87	NA	NA	6	93
ENST00000355969.11	ENSG00000197114	+	7	1	5	0	138	NA	NA	28	584
ENST00000245663.9	ENSG00000130584	-	5	1	3	0	371	NA	NA	33	937
ENST00000346249.9	ENSG00000101150	+	7	0	6	0	95	NA	NA	NA	19
ENST00000360864.9	ENSG00000101152	+	5	1	3	0	103	NA	NA	11	107
ENST00000354216.11	ENSG00000198276	-	15	0	14	0	79	NA	NA	NA	113
ENST00000369888.6	ENSG00000196700	-	17	1	15	0	251	NA	NA	2	121
ENST00000369886.8	ENSG00000130590	-	5	0	4	0	22	NA	NA	NA	91
ENST00000266079.5	ENSG00000101161	+	21	0	20	0	152	NA	NA	NA	71
ENST00000343484.10	ENSG00000171703	+	10	0	9	0	8	NA	NA	NA	72
ENST00000395042.2	ENSG00000171700	-	6	1	4	0	191	NA	NA	68	30
ENST00000308824.11	ENSG00000203880	+	6	1	4	0	379	NA	NA	24	307
ENST00000285667.4	ENSG00000155304	-	5	0	4	0	667	NA	NA	NA	25
ENST00000318948.7	ENSG00000180530	-	4	3	0	0	3810	NA	NA	334	NA
ENST00000400183.7	ENSG00000155313	+	26	0	25	0	172	NA	NA	NA	45
ENST00000284878.12	ENSG00000154639	+	7	0	6	0	264	NA	NA	NA	43
ENST00000348354.7	ENSG00000154640	-	5	1	3	0	239	NA	NA	8	173
ENST00000284881.9	ENSG00000154642	-	5	1	3	0	166	NA	NA	7	127
ENST00000400075.4	ENSG00000154727	+	10	1	8	0	228	NA	NA	26	77
ENST00000346798.8	ENSG00000142192	-	18	0	17	0	101	NA	NA	NA	57
ENST00000284984.8	ENSG00000154734	-	9	0	8	0	699	NA	NA	NA	730
ENST00000303775.10	ENSG00000156239	-	6	0	5	0	106	NA	NA	NA	134
ENST00000493196.2	ENSG00000156253	-	5	0	4	0	234	NA	NA	NA	67
ENST00000399976.7	ENSG00000156256	+	18	1	16	0	121	NA	NA	41	61
ENST00000286788.9	ENSG00000156261	-	15	0	14	0	77	NA	NA	NA	60
ENST00000286800.8	ENSG00000156273	+	5	1	3	0	434	NA	NA	60	234
ENST00000541036.6	ENSG00000156299	-	28	3	24	0	469	NA	NA	11	963
ENST00000270142.11	ENSG00000142168	+	5	0	4	0	107	NA	NA	NA	72
ENST00000286835.12	ENSG00000156304	-	20	0	19	0	955	NA	NA	NA	30
ENST00000270112.7	ENSG00000142149	+	11	0	10	0	658	NA	NA	NA	261
ENST00000331923.9	ENSG00000159086	-	18	0	17	0	117	NA	NA	NA	343
ENST00000270139.8	ENSG00000142166	+	11	0	10	0	233	NA	NA	NA	76
ENST00000290219.11	ENSG00000159128	+	7	0	6	0	134	NA	NA	NA	73
ENST00000542230.7	ENSG00000142188	-	7	1	5	0	45	NA	NA	41	99
ENST00000381947.4	ENSG00000177692	-	2	1	0	0	1197	NA	NA	31	NA
ENST00000381815.9	ENSG00000159131	-	22	1	20	0	191	NA	NA	41	145
ENST00000356577.10	ENSG00000159140	+	12	0	11	0	59	NA	NA	NA	77
ENST00000303071.10	ENSG00000159147	-	10	0	9	0	137	NA	NA	NA	321
ENST00000290299.7	ENSG00000241837	-	7	0	6	0	113	NA	NA	NA	36
ENST00000381151.5	ENSG00000198743	+	2	1	0	0	2492	NA	NA	336	NA
ENST00000313806.9	ENSG00000159200	-	4	0	3	0	172	NA	NA	NA	252
ENST00000675419.1	ENSG00000159216	-	9	1	7	0	475	NA	NA	59	58
ENST00000290349.11	ENSG00000159228	+	3	0	2	0	436	NA	NA	NA	289
ENST00000290354.6	ENSG00000159231	+	3	0	2	0	436	NA	NA	NA	289
ENST00000400485.6	ENSG00000159256	+	17	0	16	0	153	NA	NA	NA	39
ENST00000314103.6	ENSG00000159259	+	14	1	12	0	91	NA	NA	77	126
ENST00000674895.3	ENSG00000159267	-	11	0	10	0	171	NA	NA	NA	195
ENST00000418766.6	ENSG00000182670	+	46	1	44	0	134	NA	NA	11	144
ENST00000309117.11	ENSG00000157538	-	8	0	7	0	82	NA	NA	NA	57
ENST00000647188.2	ENSG00000157540	+	12	1	10	0	620	NA	NA	76	10
ENST00000360938.8	ENSG00000157557	+	10	0	8	0	215	NA	NA	0	72
ENST00000342449.8	ENSG00000185658	-	41	0	40	0	1156	NA	NA	NA	49
ENST00000380749.10	ENSG00000205581	-	6	0	5	0	47	NA	NA	NA	15
ENST00000649170.1	ENSG00000182093	+	5	0	4	0	73	NA	NA	NA	102
ENST00000330333.11	ENSG00000182240	+	9	0	8	0	253	NA	NA	NA	312
ENST00000398598.8	ENSG00000157601	+	17	4	12	0	230	NA	NA	21	105
ENST00000398548.6	ENSG00000141956	-	24	1	22	0	482	NA	NA	9	37
ENST00000380486.4	ENSG00000157617	-	14	0	13	0	220	NA	NA	NA	279
ENST00000310826.10	ENSG00000173276	-	3	2	0	0	3213	NA	NA	13	NA
ENST00000398449.8	ENSG00000160179	+	15	0	14	0	228	NA	NA	NA	42
ENST00000352133.3	ENSG00000160190	+	20	1	18	0	15	NA	NA	178	56
ENST00000291539.11	ENSG00000160191	+	20	0	19	0	13	NA	NA	NA	69
ENST00000354250.7	ENSG00000160194	+	4	0	3	0	157	NA	NA	NA	48
ENST00000291547.10	ENSG00000160199	+	11	1	9	0	211	NA	NA	56	51
ENST00000340648.6	ENSG00000160208	+	16	0	15	0	193	NA	NA	NA	130
ENST00000291565.9	ENSG00000160209	+	11	0	10	0	112	NA	NA	NA	87
ENST00000497547.2	ENSG00000160214	+	13	0	12	0	262	NA	NA	NA	133
ENST00000291572.13	ENSG00000160216	+	10	2	7	0	88	NA	NA	48	178
ENST00000291574.9	ENSG00000160218	+	23	0	22	0	238	NA	NA	NA	67
ENST00000349048.9	ENSG00000141959	+	22	0	21	0	147	NA	NA	NA	85
ENST00000291592.6	ENSG00000160233	+	2	1	0	0	920	NA	NA	147	NA
ENST00000345496.7	ENSG00000184787	-	6	0	5	0	112	NA	NA	NA	43
ENST00000332859.11	ENSG00000184900	-	4	0	3	0	89	NA	NA	NA	21
ENST00000330938.8	ENSG00000183255	-	6	0	5	0	46	NA	NA	NA	115
ENST00000348831.9	ENSG00000197381	+	11	2	8	0	179	NA	NA	47	28
ENST00000311124.9	ENSG00000173638	-	6	1	4	0	482	NA	NA	49	189
ENST00000361866.8	ENSG00000142156	+	35	0	34	0	622	NA	NA	NA	97
ENST00000300527.9	ENSG00000142173	+	28	1	26	0	598	NA	NA	27	115
ENST00000397728.8	ENSG00000160285	-	22	0	21	0	131	NA	NA	NA	14
ENST00000291688.6	ENSG00000160294	-	28	0	27	0	158	NA	NA	NA	1219
ENST00000397701.9	ENSG00000182362	+	5	1	3	0	95	NA	NA	44	210
ENST00000359568.10	ENSG00000160299	+	47	0	46	0	43	NA	NA	NA	54
ENST00000417564.3	ENSG00000160305	+	38	0	37	0	252	NA	NA	NA	91
ENST00000355680.8	ENSG00000160310	+	12	2	9	0	32	NA	NA	56	39
ENST00000319363.11	ENSG00000177663	+	13	0	12	0	1513	NA	NA	NA	138
ENST00000336737.8	ENSG00000069998	-	8	0	7	0	336	NA	NA	NA	126
ENST00000262608.13	ENSG00000099954	+	19	0	18	0	5	NA	NA	NA	126
ENST00000253413.10	ENSG00000131100	-	9	0	8	0	62	NA	NA	NA	33
ENST00000317582.10	ENSG00000099968	+	7	1	5	0	857	NA	NA	50	121
ENST00000622694.5	ENSG00000015475	-	6	1	4	0	11	NA	NA	58	12
ENST00000441493.7	ENSG00000243156	-	32	1	30	0	184	NA	NA	74	264
ENST00000215794.8	ENSG00000184979	+	11	1	9	0	45	NA	NA	106	157
ENST00000215882.10	ENSG00000100075	-	9	0	8	0	114	NA	NA	NA	94
ENST00000263202.15	ENSG00000070010	-	12	0	11	0	74	NA	NA	NA	3
ENST00000361682.11	ENSG00000093010	+	6	1	3	0	200	NA	NA	0	289
ENST00000327374.9	ENSG00000183597	+	9	1	7	0	120	NA	NA	39	56
ENST00000351989.8	ENSG00000128191	+	14	1	12	0	83	NA	NA	277	720
ENST00000252136.12	ENSG00000099899	-	12	0	11	0	231	NA	NA	NA	24
ENST00000430524.6	ENSG00000099901	+	6	0	5	0	100	NA	NA	NA	246
ENST00000334554.12	ENSG00000099904	+	11	0	10	0	171	NA	NA	NA	104
ENST00000622235.5	ENSG00000244486	-	11	0	10	0	907	NA	NA	NA	173
ENST00000263205.11	ENSG00000099917	+	18	0	17	0	136	NA	NA	NA	68
ENST00000255882.11	ENSG00000241973	-	55	0	54	0	51	NA	NA	NA	156
ENST00000215730.12	ENSG00000099940	+	5	0	4	0	157	NA	NA	NA	237
ENST00000354336.8	ENSG00000099942	+	3	0	2	0	134	NA	NA	NA	311
ENST00000646124.2	ENSG00000099949	+	21	0	20	0	116	NA	NA	NA	200
ENST00000215742.9	ENSG00000184436	-	4	0	3	0	552	NA	NA	NA	80
ENST00000342192.9	ENSG00000185651	+	4	0	3	0	154	NA	NA	NA	27
ENST00000248958.5	ENSG00000128228	+	3	0	2	0	281	NA	NA	NA	187
ENST00000398831.8	ENSG00000100023	+	20	0	19	0	96	NA	NA	NA	32
ENST00000215832.11	ENSG00000100030	-	9	0	7	1	116	10	10	NA	119
ENST00000263212.10	ENSG00000100034	-	8	1	6	0	379	NA	NA	60	206
ENST00000357179.10	ENSG00000100038	-	18	1	16	0	481	NA	NA	98	70
ENST00000626650.3	ENSG00000275004	-	4	3	0	0	1699	NA	NA	68	NA
ENST00000405655.8	ENSG00000185686	-	6	2	3	0	576	NA	NA	77	21
ENST00000615612.2	ENSG00000128266	+	3	1	1	0	344	NA	NA	449	723
ENST00000263116.8	ENSG00000100228	+	11	1	9	0	64	NA	NA	12	69
ENST00000305877.13	ENSG00000186716	+	23	0	22	0	89	NA	NA	NA	1279
ENST00000484558.3	ENSG00000250479	-	4	0	3	0	19	NA	NA	NA	41
ENST00000215743.8	ENSG00000099953	+	8	0	7	0	133	NA	NA	NA	108
ENST00000644036.2	ENSG00000099956	+	9	0	8	0	39	NA	NA	NA	93
ENST00000358321.4	ENSG00000099994	+	15	0	14	0	24	NA	NA	NA	76
ENST00000435822.6	ENSG00000138867	-	6	0	5	0	91	NA	NA	NA	43
ENST00000215829.8	ENSG00000100028	+	4	1	2	0	61	NA	NA	18	126
ENST00000407690.6	ENSG00000100109	-	15	3	11	0	355	NA	NA	9	209
ENST00000338754.9	ENSG00000128294	-	7	2	3	1	41	8	8	88	842
ENST00000302326.5	ENSG00000169184	-	2	0	1	0	181	NA	NA	NA	3781
ENST00000335272.10	ENSG00000180957	-	12	0	10	1	47	39	39	NA	20
ENST00000397906.7	ENSG00000100154	-	23	0	22	0	1630	NA	NA	NA	102
ENST00000404276.6	ENSG00000183765	-	15	1	13	0	89	NA	NA	6	319
ENST00000249064.9	ENSG00000159873	+	5	0	4	0	237	NA	NA	NA	185
ENST00000344347.6	ENSG00000100219	-	6	0	5	0	557	NA	NA	NA	227
ENST00000544604.7	ENSG00000183579	+	9	0	8	0	43	NA	NA	NA	300
ENST00000400335.9	ENSG00000183762	+	9	0	8	0	168	NA	NA	NA	97
ENST00000397938.7	ENSG00000182944	+	17	0	16	0	39	NA	NA	NA	13
ENST00000616432.5	ENSG00000185340	+	6	1	4	0	1035	NA	NA	19	633
ENST00000357586.7	ENSG00000100280	-	23	1	21	0	74	NA	NA	27	37
ENST00000216121.12	ENSG00000184117	-	10	0	9	0	64	NA	NA	NA	98
ENST00000338641.10	ENSG00000186575	+	16	0	15	0	50	NA	NA	NA	114
ENST00000344318.4	ENSG00000100319	-	6	1	4	0	129	NA	NA	27	127
ENST00000330029.6	ENSG00000184076	+	2	0	1	0	41	NA	NA	NA	150
ENST00000307790.8	ENSG00000100325	-	20	1	18	0	171	NA	NA	17	81
ENST00000401950.7	ENSG00000100330	+	20	2	17	0	171	NA	NA	84	3
ENST00000215790.12	ENSG00000099992	-	9	0	8	0	476	NA	NA	NA	209
ENST00000215793.13	ENSG00000099995	-	16	0	15	0	101	NA	NA	NA	63
ENST00000382363.8	ENSG00000099999	-	9	0	8	0	22	NA	NA	NA	285
ENST00000615189.5	ENSG00000100003	+	12	0	11	0	130	NA	NA	NA	54
ENST00000266263.10	ENSG00000242114	+	4	0	3	0	72	NA	NA	NA	67
ENST00000343605.5	ENSG00000100036	+	2	0	1	0	433	NA	NA	NA	619
ENST00000397641.8	ENSG00000133422	-	26	0	25	0	68	NA	NA	NA	68
ENST00000333137.12	ENSG00000183963	+	21	1	18	1	144	21	21	80	51
ENST00000326132.11	ENSG00000138942	+	7	1	5	0	97	NA	NA	48	176
ENST00000331728.9	ENSG00000182541	+	16	0	15	0	144	NA	NA	NA	16
ENST00000215912.10	ENSG00000100100	-	6	0	5	0	204	NA	NA	NA	70
ENST00000266269.10	ENSG00000100105	-	5	0	4	0	418	NA	NA	NA	1271
ENST00000331457.9	ENSG00000185721	+	9	0	8	0	99	NA	NA	NA	42
ENST00000330125.10	ENSG00000184708	-	19	1	17	0	241	NA	NA	27	96
ENST00000439502.7	ENSG00000241878	-	8	0	7	0	224	NA	NA	NA	65
ENST00000327423.11	ENSG00000183530	-	9	1	7	0	276	NA	NA	51	474
ENST00000651528.2	ENSG00000100150	+	43	1	41	0	292	NA	NA	60	58
ENST00000248975.6	ENSG00000128245	+	2	0	1	0	653	NA	NA	NA	87
ENST00000216038.6	ENSG00000100220	-	12	0	11	0	107	NA	NA	NA	93
ENST00000266087.12	ENSG00000100225	+	9	0	8	0	386	NA	NA	NA	122
ENST00000266085.7	ENSG00000100234	+	5	0	4	0	197	NA	NA	NA	121
ENST00000397394.8	ENSG00000133424	-	15	1	13	0	197	NA	NA	82	106
ENST00000216106.6	ENSG00000100281	+	11	1	9	0	44	NA	NA	68	31
ENST00000449058.7	ENSG00000100284	+	15	0	14	0	154	NA	NA	NA	52
ENST00000216117.9	ENSG00000100292	+	5	0	4	0	130	NA	NA	NA	23
ENST00000216122.9	ENSG00000100297	+	17	1	15	0	101	NA	NA	8	167
ENST00000695854.1	ENSG00000100320	-	14	0	13	0	44	NA	NA	NA	186
ENST00000216181.11	ENSG00000100345	-	41	1	39	0	117	NA	NA	19	333
ENST00000216185.7	ENSG00000100348	-	4	0	2	0	113	NA	NA	0	263
ENST00000397224.9	ENSG00000100350	-	9	1	7	0	259	NA	NA	1	527
ENST00000433985.7	ENSG00000100360	-	7	0	6	0	98	NA	NA	NA	34
ENST00000249042.8	ENSG00000128311	-	3	1	1	0	298	NA	NA	21	595
ENST00000429360.6	ENSG00000128309	+	3	0	2	0	298	NA	NA	NA	36
ENST00000337843.7	ENSG00000133466	-	3	0	2	0	547	NA	NA	NA	51
ENST00000249071.11	ENSG00000128340	-	7	0	5	1	130	3	3	NA	35
ENST00000251973.10	ENSG00000100065	-	20	0	19	0	234	NA	NA	NA	235
ENST00000249014.5	ENSG00000128283	+	3	1	1	0	712	NA	NA	278	463
ENST00000343632.9	ENSG00000100083	+	17	0	16	0	110	NA	NA	NA	43
ENST00000215904.7	ENSG00000241360	+	2	0	1	0	316	NA	NA	NA	574
ENST00000215909.10	ENSG00000100097	+	4	0	3	0	146	NA	NA	NA	9
ENST00000248924.11	ENSG00000100116	+	9	0	8	0	151	NA	NA	NA	196
ENST00000215941.9	ENSG00000100124	-	8	0	7	0	74	NA	NA	NA	328
ENST00000215957.10	ENSG00000100139	+	16	0	15	0	121	NA	NA	NA	146
ENST00000442738.7	ENSG00000100142	+	5	0	4	0	90	NA	NA	NA	20
ENST00000332509.8	ENSG00000184381	-	17	1	15	0	144	NA	NA	45	209
ENST00000338483.7	ENSG00000185022	+	3	1	1	0	458	NA	NA	31	36
ENST00000361906.8	ENSG00000198792	-	9	1	7	0	241	NA	NA	58	192
ENST00000216014.9	ENSG00000100196	+	5	0	4	0	40	NA	NA	NA	91
ENST00000403230.3	ENSG00000100201	-	13	0	12	0	505	NA	NA	NA	287
ENST00000216034.6	ENSG00000100216	+	4	0	3	0	74	NA	NA	NA	117
ENST00000683374.1	ENSG00000100221	-	5	1	3	0	99	NA	NA	631	185
ENST00000689035.1	ENSG00000100242	-	18	1	16	0	113	NA	NA	37	122
ENST00000216068.9	ENSG00000100246	-	4	1	2	0	164	NA	NA	139	69
ENST00000333039.4	ENSG00000221890	-	5	0	4	0	224	NA	NA	NA	624
ENST00000407418.8	ENSG00000183741	-	5	0	4	0	992	NA	NA	NA	69
ENST00000216133.10	ENSG00000100307	-	6	0	5	0	157	NA	NA	NA	69
ENST00000331163.11	ENSG00000100311	-	7	0	5	1	124	29	29	NA	63
ENST00000328933.10	ENSG00000100321	+	4	0	3	0	218	NA	NA	NA	99
ENST00000216160.11	ENSG00000100324	+	11	0	10	0	207	NA	NA	NA	33
ENST00000325301.7	ENSG00000100335	+	6	2	3	0	806	NA	NA	7	144
ENST00000674920.3	ENSG00000128272	+	3	1	1	0	829	NA	NA	92	226
ENST00000355630.10	ENSG00000196588	-	15	2	12	0	517	NA	NA	21	241
ENST00000435456.7	ENSG00000100372	-	9	0	8	0	147	NA	NA	NA	54
ENST00000216218.8	ENSG00000100380	-	12	0	11	0	128	NA	NA	NA	110
ENST00000357137.9	ENSG00000196236	+	10	0	9	0	166	NA	NA	NA	64
ENST00000263253.9	ENSG00000100393	+	31	0	30	0	2183	NA	NA	NA	94
ENST00000216237.10	ENSG00000100395	+	17	0	16	0	112	NA	NA	NA	24
ENST00000356244.8	ENSG00000100401	-	16	1	14	0	69	NA	NA	38	112
ENST00000352645.5	ENSG00000100403	+	23	1	21	0	252	NA	NA	6	53
ENST00000266304.9	ENSG00000167074	+	4	0	3	0	215	NA	NA	NA	157
ENST00000327492.4	ENSG00000183864	-	2	1	0	0	1096	NA	NA	62	NA
ENST00000216252.4	ENSG00000100410	-	4	0	3	0	89	NA	NA	NA	52
ENST00000216254.9	ENSG00000100412	+	18	0	17	0	134	NA	NA	NA	36
ENST00000216259.8	ENSG00000100417	-	8	0	7	0	122	NA	NA	NA	87
ENST00000263256.7	ENSG00000100418	-	6	0	5	0	93	NA	NA	NA	88
ENST00000360079.8	ENSG00000196419	+	13	1	11	0	193	NA	NA	15	82
ENST00000401959.6	ENSG00000100138	-	3	0	2	0	262	NA	NA	NA	3
ENST00000255784.6	ENSG00000100147	+	7	1	5	0	125	NA	NA	16	103
ENST00000361204.9	ENSG00000198911	+	19	0	18	0	220	NA	NA	NA	88
ENST00000215980.10	ENSG00000100162	-	6	0	5	0	140	NA	NA	NA	57
ENST00000396398.8	ENSG00000198951	-	9	0	8	0	134	NA	NA	NA	16
ENST00000677622.1	ENSG00000100207	-	6	1	3	1	83	45	45	36	5655
ENST00000252115.10	ENSG00000100227	-	9	0	8	0	177	NA	NA	NA	59
ENST00000352397.10	ENSG00000100243	-	9	0	8	0	172	NA	NA	NA	21
ENST00000263245.10	ENSG00000242247	-	16	0	15	0	17	NA	NA	NA	69
ENST00000263246.8	ENSG00000100266	-	11	1	9	0	112	NA	NA	77	60
ENST00000266254.12	ENSG00000100271	-	11	2	8	0	129	NA	NA	4	113
ENST00000216129.7	ENSG00000100304	-	14	0	13	0	151	NA	NA	NA	177
ENST00000216180.8	ENSG00000100344	+	9	0	8	0	228	NA	NA	NA	187
ENST00000350028.5	ENSG00000100347	+	15	0	14	0	45	NA	NA	NA	21
ENST00000338758.12	ENSG00000188677	+	13	0	12	0	76	NA	NA	NA	112
ENST00000336985.11	ENSG00000186654	+	8	0	7	0	475	NA	NA	NA	134
ENST00000347635.9	ENSG00000093000	+	8	1	6	0	202	NA	NA	10	69
ENST00000441876.7	ENSG00000100376	+	9	1	7	0	19	NA	NA	9	47
ENST00000327858.11	ENSG00000077942	+	17	0	16	0	139	NA	NA	NA	79
ENST00000252934.10	ENSG00000130638	+	12	0	11	0	2	NA	NA	NA	116
ENST00000314567.8	ENSG00000205643	-	4	0	2	0	146	NA	NA	0	113
ENST00000674500.2	ENSG00000075275	-	35	0	34	0	24	NA	NA	NA	3544
ENST00000406902.6	ENSG00000075240	+	19	1	17	0	104	NA	NA	49	162
ENST00000216264.13	ENSG00000100422	-	13	0	12	0	72	NA	NA	NA	142
ENST00000337137.9	ENSG00000054611	+	13	0	12	0	128	NA	NA	NA	62
ENST00000404760.6	ENSG00000100425	-	13	1	11	0	183	NA	NA	14	1367
ENST00000216268.6	ENSG00000100426	+	2	1	0	0	3844	NA	NA	329	NA
ENST00000330817.11	ENSG00000182858	-	10	1	8	0	228	NA	NA	78	162
ENST00000328268.9	ENSG00000184164	+	10	0	9	0	52	NA	NA	NA	129
ENST00000360612.5	ENSG00000198355	+	6	0	5	0	187	NA	NA	NA	85
ENST00000380909.9	ENSG00000170638	+	10	1	8	0	174	NA	NA	34	33
ENST00000380903.7	ENSG00000073169	+	9	0	8	0	164	NA	NA	NA	554
ENST00000248846.10	ENSG00000128159	-	25	0	24	0	91	NA	NA	NA	741
ENST00000216271.10	ENSG00000100429	-	20	0	19	0	23	NA	NA	NA	59
ENST00000215659.13	ENSG00000188130	-	12	0	11	0	79	NA	NA	NA	125
ENST00000330651.11	ENSG00000185386	-	12	0	11	0	79	NA	NA	NA	116
ENST00000359337.9	ENSG00000196576	-	37	2	34	0	104	NA	NA	13	1068
ENST00000413817.8	ENSG00000205593	-	20	0	19	0	122	NA	NA	NA	177
ENST00000612753.5	ENSG00000100239	+	24	2	21	0	48	NA	NA	16	227
ENST00000380817.8	ENSG00000100241	-	41	0	40	0	98	NA	NA	NA	55
ENST00000474879.7	ENSG00000100258	-	14	0	13	0	308	NA	NA	NA	94
ENST00000420993.7	ENSG00000025770	+	20	0	19	0	140	NA	NA	NA	108
ENST00000329492.6	ENSG00000008735	+	12	0	11	0	72	NA	NA	NA	65
ENST00000216124.10	ENSG00000100299	-	8	0	7	0	319	NA	NA	NA	224
ENST00000390665.9	ENSG00000167393	-	13	0	12	0	150	NA	NA	NA	324
ENST00000381401.11	ENSG00000169100	-	4	0	3	0	157	NA	NA	NA	111
ENST00000381192.10	ENSG00000002586	+	10	0	9	0	25	NA	NA	NA	67
ENST00000398806.8	ENSG00000056998	+	11	1	9	0	161	NA	NA	128	7
ENST00000381154.6	ENSG00000006756	-	10	0	9	0	361	NA	NA	NA	44
ENST00000262848.6	ENSG00000183943	-	9	0	7	1	125	24	24	NA	166
ENST00000674429.1	ENSG00000101846	+	11	2	8	0	373	NA	NA	4	137
ENST00000381042.9	ENSG00000006757	-	7	1	5	0	131	NA	NA	13	180
ENST00000262648.8	ENSG00000011201	-	14	0	13	0	58	NA	NA	NA	207
ENST00000645353.2	ENSG00000101849	+	18	3	14	0	26	NA	NA	42	103
ENST00000380833.9	ENSG00000073464	+	13	2	10	0	90	NA	NA	11	144
ENST00000317552.9	ENSG00000101871	-	10	1	8	0	348	NA	NA	56	660
ENST00000380762.5	ENSG00000004961	+	7	1	5	0	198	NA	NA	42	100
ENST00000312196.10	ENSG00000005302	+	13	0	12	0	99	NA	NA	NA	102
ENST00000380668.10	ENSG00000101911	+	7	0	6	0	92	NA	NA	NA	122
ENST00000451311.7	ENSG00000205542	+	3	1	1	0	34	NA	NA	16	100
ENST00000464506.2	ENSG00000123595	+	3	2	0	0	631	NA	NA	26	NA
ENST00000340096.11	ENSG00000046651	+	23	0	22	0	42	NA	NA	NA	12
ENST00000316715.9	ENSG00000046653	-	8	0	7	0	149	NA	NA	NA	61
ENST00000380492.8	ENSG00000130150	+	15	0	14	0	137	NA	NA	NA	9
ENST00000333590.6	ENSG00000165195	-	6	1	4	0	266	NA	NA	62	715
ENST00000318636.8	ENSG00000169239	+	8	1	6	0	179	NA	NA	53	142
ENST00000307771.8	ENSG00000169249	+	11	0	10	0	511	NA	NA	NA	41
ENST00000672987.1	ENSG00000182287	-	6	0	4	0	47	NA	NA	0	179
ENST00000359276.9	ENSG00000047230	-	19	1	16	1	69	42	42	39	166
ENST00000380155.4	ENSG00000169895	+	9	0	8	0	127	NA	NA	NA	175
ENST00000380122.10	ENSG00000086712	+	10	0	9	0	338	NA	NA	NA	102
ENST00000380087.7	ENSG00000102054	-	12	0	11	0	68	NA	NA	NA	16
ENST00000251900.9	ENSG00000102098	-	15	1	13	0	128	NA	NA	24	22
ENST00000379942.5	ENSG00000044446	-	33	0	32	0	170	NA	NA	NA	78
ENST00000422285.7	ENSG00000131828	+	11	0	10	0	164	NA	NA	NA	57
ENST00000397821.8	ENSG00000147010	-	18	0	17	0	41	NA	NA	NA	4
ENST00000379607.10	ENSG00000173674	-	7	0	6	0	5	NA	NA	NA	16
ENST00000379565.9	ENSG00000177189	-	22	0	21	0	122	NA	NA	NA	69
ENST00000404933.7	ENSG00000102172	+	11	0	10	0	39	NA	NA	NA	49
ENST00000379341.9	ENSG00000123131	+	7	0	6	0	50	NA	NA	NA	241
ENST00000379303.10	ENSG00000123130	-	16	0	15	0	88	NA	NA	NA	20
ENST00000379270.5	ENSG00000130066	+	6	0	5	0	170	NA	NA	NA	66
ENST00000328046.8	ENSG00000174010	-	4	2	1	0	1109	NA	NA	7	705
ENST00000304543.10	ENSG00000005889	+	10	3	6	0	1183	NA	NA	28	58
ENST00000427190.6	ENSG00000198814	+	21	0	20	0	10	NA	NA	NA	78
ENST00000288422.4	ENSG00000157625	-	11	4	6	0	148	NA	NA	90	102
ENST00000275954.4	ENSG00000147027	-	3	0	2	0	178	NA	NA	NA	226
ENST00000378628.9	ENSG00000130962	+	4	1	2	0	485	NA	NA	41	10
ENST00000378616.5	ENSG00000047597	+	3	0	2	0	826	NA	NA	NA	245
ENST00000378578.9	ENSG00000165169	-	5	0	4	0	76	NA	NA	NA	30
ENST00000645032.1	ENSG00000156313	-	15	0	14	0	1705	NA	NA	NA	28
ENST00000614558.3	ENSG00000165175	+	3	2	0	0	815	NA	NA	264	NA
ENST00000378444.9	ENSG00000183337	-	15	1	13	0	291	NA	NA	40	86
ENST00000636580.2	ENSG00000182220	+	9	0	8	0	194	NA	NA	NA	37
ENST00000324817.6	ENSG00000180182	-	31	0	30	0	73	NA	NA	NA	215
ENST00000644876.2	ENSG00000215301	+	17	0	16	0	79	NA	NA	NA	45
ENST00000338702.4	ENSG00000189221	+	15	0	14	0	146	NA	NA	NA	73
ENST00000378069.5	ENSG00000069535	-	15	0	14	0	152	NA	NA	NA	46
ENST00000378045.5	ENSG00000069509	-	5	0	4	0	77	NA	NA	NA	28
ENST00000611820.5	ENSG00000147050	+	30	0	29	0	29	NA	NA	NA	161
ENST00000276055.4	ENSG00000147119	+	2	0	0	1	NA	32	32	NA	1492
ENST00000616978.5	ENSG00000065923	-	17	0	16	0	251	NA	NA	NA	325
ENST00000218340.4	ENSG00000102218	+	5	0	4	0	83	NA	NA	NA	102
ENST00000614628.5	ENSG00000102221	+	11	1	9	0	910	NA	NA	11	46
ENST00000377811.4	ENSG00000147123	-	3	0	2	0	123	NA	NA	NA	207
ENST00000335972.11	ENSG00000130985	+	26	0	24	0	135	NA	NA	0	117
ENST00000357227.9	ENSG00000102225	+	16	1	14	0	37	NA	NA	6	202
ENST00000377107.7	ENSG00000102226	+	21	0	20	0	137	NA	NA	NA	176
ENST00000377045.9	ENSG00000078061	+	16	1	14	0	134	NA	NA	59	96
ENST00000218388.9	ENSG00000102265	+	6	1	4	0	170	NA	NA	8	121
ENST00000376983.8	ENSG00000126767	-	7	2	4	0	98	NA	NA	34	210
ENST00000338637.13	ENSG00000197779	+	5	1	3	0	1708	NA	NA	163	54
ENST00000376943.8	ENSG00000147118	-	6	2	3	0	1630	NA	NA	44	15
ENST00000348411.3	ENSG00000068438	+	13	1	10	1	32	10	10	87	121
ENST00000326194.11	ENSG00000102312	+	15	1	13	0	101	NA	NA	37	136
ENST00000495186.6	ENSG00000147155	+	5	1	3	0	223	NA	NA	73	301
ENST00000376771.9	ENSG00000068354	+	6	0	5	0	1361	NA	NA	NA	123
ENST00000376759.8	ENSG00000102317	+	7	1	4	1	60	24	24	13	103
ENST00000376729.10	ENSG00000101940	+	10	1	8	0	184	NA	NA	39	41
ENST00000376687.4	ENSG00000101945	+	6	0	5	0	133	NA	NA	NA	19
ENST00000334136.11	ENSG00000094631	+	29	1	27	0	68	NA	NA	30	93
ENST00000696123.1	ENSG00000126768	-	6	0	5	0	88	NA	NA	NA	26
ENST00000376488.8	ENSG00000068308	-	9	0	8	0	121	NA	NA	NA	594
ENST00000376423.8	ENSG00000068400	-	26	0	25	0	92	NA	NA	NA	42
ENST00000315869.8	ENSG00000068323	-	10	0	9	0	443	NA	NA	NA	116
ENST00000603986.6	ENSG00000147144	+	11	1	9	0	114	NA	NA	83	63
ENST00000376372.9	ENSG00000196998	-	11	1	9	0	109	NA	NA	17	55
ENST00000376327.6	ENSG00000102007	+	5	0	4	0	22	NA	NA	NA	96
ENST00000263233.9	ENSG00000102003	-	7	0	5	1	326	5	5	NA	36
ENST00000621775.2	ENSG00000273820	+	1	0	0	0	NA	NA	NA	NA	NA
ENST00000376091.8	ENSG00000171365	+	15	2	12	0	90	NA	NA	128	16
ENST00000340438.6	ENSG00000189369	+	1	0	0	0	NA	NA	NA	NA	NA
ENST00000326587.12	ENSG00000179222	+	13	1	10	1	377	9	9	36	45
ENST00000375442.8	ENSG00000184205	+	7	0	6	0	163	NA	NA	NA	807
ENST00000375401.8	ENSG00000126012	-	26	0	25	0	365	NA	NA	NA	150
ENST00000642864.1	ENSG00000124313	-	15	0	14	0	965	NA	NA	NA	707
ENST00000322213.9	ENSG00000072501	-	25	0	24	0	83	NA	NA	NA	109
ENST00000168216.11	ENSG00000072506	-	6	0	5	0	190	NA	NA	NA	27
ENST00000338154.11	ENSG00000172943	-	22	1	20	0	88	NA	NA	92	98
ENST00000375180.7	ENSG00000184083	-	16	0	15	0	254	NA	NA	NA	699
ENST00000354646.7	ENSG00000196632	-	24	1	22	0	329	NA	NA	119	537
ENST00000375135.4	ENSG00000102302	-	18	0	17	0	305	NA	NA	NA	307
ENST00000375068.6	ENSG00000102316	+	13	1	10	1	434	9	9	29	45
ENST00000374987.4	ENSG00000169188	+	6	0	5	0	917	NA	NA	NA	157
ENST00000342972.3	ENSG00000187601	+	1	0	0	0	NA	NA	NA	NA	NA
ENST00000374941.9	ENSG00000083750	+	10	0	9	0	97	NA	NA	NA	92
ENST00000338222.7	ENSG00000188021	+	1	0	0	0	NA	NA	NA	NA	NA
ENST00000374888.3	ENSG00000198455	+	1	0	0	0	NA	NA	NA	NA	NA
ENST00000374884.3	ENSG00000186767	-	1	0	0	0	NA	NA	NA	NA	NA
ENST00000671741.2	ENSG00000131089	-	10	0	9	0	181	NA	NA	NA	30
ENST00000374869.8	ENSG00000184675	-	2	1	0	0	3505	NA	NA	98	NA
ENST00000374852.4	ENSG00000102043	-	14	0	13	0	506	NA	NA	NA	24
ENST00000374839.8	ENSG00000126970	-	5	0	4	0	113	NA	NA	NA	53
ENST00000374811.8	ENSG00000001497	-	14	0	13	0	126	NA	NA	NA	236
ENST00000360270.7	ENSG00000147065	+	13	0	12	0	164	NA	NA	NA	12
ENST00000374719.8	ENSG00000131080	-	7	1	4	1	376	11	11	10	87
ENST00000355520.6	ENSG00000079482	-	25	1	22	1	33	9	9	4	154
ENST00000374599.8	ENSG00000130052	+	15	0	14	0	117	NA	NA	NA	45
ENST00000204961.5	ENSG00000090776	+	5	0	4	0	412	NA	NA	NA	128
ENST00000374571.5	ENSG00000181191	-	2	1	0	0	1833	NA	NA	67	NA
ENST00000356413.5	ENSG00000089289	+	7	1	5	0	148	NA	NA	225	188
ENST00000239666.9	ENSG00000120509	-	7	1	5	0	34	NA	NA	13	87
ENST00000374403.4	ENSG00000090889	+	31	1	29	0	203	NA	NA	21	120
ENST00000374360.8	ENSG00000082458	+	19	0	18	0	106	NA	NA	NA	357
ENST00000374274.8	ENSG00000147164	-	4	0	3	0	102	NA	NA	NA	165
ENST00000374259.8	ENSG00000184481	+	3	0	2	0	7	NA	NA	NA	453
ENST00000314425.9	ENSG00000147130	-	25	1	23	0	192	NA	NA	19	667
ENST00000276079.13	ENSG00000147140	+	12	2	9	0	134	NA	NA	9	154
ENST00000373719.8	ENSG00000147162	+	22	0	21	0	174	NA	NA	NA	37
ENST00000373669.8	ENSG00000102309	+	4	0	3	0	158	NA	NA	NA	43
ENST00000334463.4	ENSG00000186871	-	2	0	1	0	3684	NA	NA	NA	68
ENST00000651998.1	ENSG00000125931	-	3	1	1	0	521	NA	NA	65	60
ENST00000373573.9	ENSG00000147099	-	11	0	10	0	22	NA	NA	NA	111
ENST00000373542.9	ENSG00000067177	-	32	0	31	0	173	NA	NA	NA	78
ENST00000373502.10	ENSG00000204116	+	6	0	5	0	50	NA	NA	NA	296
ENST00000332687.11	ENSG00000131263	-	4	1	2	0	1621	NA	NA	23	169
ENST00000373383.9	ENSG00000094841	+	7	0	6	0	106	NA	NA	NA	386
ENST00000361470.4	ENSG00000198934	+	1	0	0	0	NA	NA	NA	NA	NA
ENST00000373344.11	ENSG00000085224	-	35	0	34	0	278	NA	NA	NA	20
ENST00000618282.5	ENSG00000102158	-	10	0	9	0	15	NA	NA	NA	102
ENST00000341514.11	ENSG00000165240	+	23	1	21	0	276	NA	NA	21	120
ENST00000373316.5	ENSG00000102144	+	11	0	10	0	40	NA	NA	NA	65
ENST00000341864.6	ENSG00000187325	-	7	0	6	0	163	NA	NA	NA	51
ENST00000358130.7	ENSG00000198157	-	7	1	5	0	581	NA	NA	123	15
ENST00000373212.6	ENSG00000131171	+	4	0	3	0	32	NA	NA	NA	45
ENST00000373177.3	ENSG00000165259	-	11	1	8	0	125	NA	NA	0	147
ENST00000373173.7	ENSG00000155008	+	9	0	8	0	88	NA	NA	NA	15
ENST00000357749.7	ENSG00000188419	-	15	0	14	0	191	NA	NA	NA	49
ENST00000324765.13	ENSG00000147202	+	27	0	26	0	64	NA	NA	NA	132
ENST00000373020.9	ENSG00000000003	-	8	0	6	1	68	40	40	NA	87
ENST00000682095.1	ENSG00000102384	+	22	2	19	0	134	NA	NA	13	226
ENST00000372902.4	ENSG00000126953	-	2	0	1	0	161	NA	NA	NA	132
ENST00000218516.4	ENSG00000102393	-	7	0	6	0	290	NA	NA	NA	194
ENST00000316594.6	ENSG00000126945	+	2	1	0	0	1402	NA	NA	53	NA
ENST00000372829.8	ENSG00000126947	+	4	3	0	0	1483	NA	NA	122	NA
ENST00000361910.9	ENSG00000198960	-	3	2	0	0	1048	NA	NA	146	NA
ENST00000471229.7	ENSG00000102401	+	5	4	0	0	1285	NA	NA	146	NA
ENST00000356824.9	ENSG00000184867	-	6	5	0	0	2025	NA	NA	127	NA
ENST00000483720.7	ENSG00000158301	+	5	4	0	0	2849	NA	NA	333	NA
ENST00000372695.6	ENSG00000102409	+	3	2	0	0	367	NA	NA	5	NA
ENST00000372685.8	ENSG00000180964	-	3	2	0	0	391	NA	NA	38	NA
ENST00000372677.8	ENSG00000133134	-	3	2	0	0	391	NA	NA	5	NA
ENST00000372661.6	ENSG00000185222	+	3	2	0	0	384	NA	NA	70	NA
ENST00000361298.9	ENSG00000166681	+	3	2	0	0	317	NA	NA	12	NA
ENST00000372625.8	ENSG00000172465	+	3	2	0	0	511	NA	NA	32	NA
ENST00000441076.7	ENSG00000123562	-	4	3	0	0	890	NA	NA	24	NA
ENST00000493442.2	ENSG00000123575	+	6	0	5	0	170	NA	NA	NA	197
ENST00000255499.3	ENSG00000133135	+	7	0	6	0	133	NA	NA	NA	484
ENST00000357242.10	ENSG00000133138	+	21	0	20	0	395	NA	NA	NA	130
ENST00000355610.9	ENSG00000133131	-	17	0	16	0	153	NA	NA	NA	102
ENST00000685964.1	ENSG00000089682	-	8	0	7	0	166	NA	NA	NA	8
ENST00000372435.10	ENSG00000147224	+	7	0	6	0	92	NA	NA	NA	122
ENST00000372383.9	ENSG00000157514	-	3	0	2	0	230	NA	NA	NA	320
ENST00000217958.8	ENSG00000101843	-	5	0	4	0	153	NA	NA	NA	114
ENST00000328300.11	ENSG00000188153	+	53	0	52	0	81	NA	NA	NA	81
ENST00000372106.6	ENSG00000101888	+	4	0	3	0	181	NA	NA	NA	15
ENST00000672401.1	ENSG00000068366	-	16	2	13	0	157	NA	NA	12	228
ENST00000372068.7	ENSG00000157600	+	7	1	5	0	206	NA	NA	274	390
ENST00000355899.8	ENSG00000102024	+	16	1	14	0	132	NA	NA	8	73
ENST00000254029.8	ENSG00000131725	+	20	0	19	0	94	NA	NA	NA	77
ENST00000276202.9	ENSG00000147251	+	53	0	52	0	119	NA	NA	NA	102
ENST00000371666.8	ENSG00000131724	+	11	0	10	0	92	NA	NA	NA	88
ENST00000371628.8	ENSG00000175556	+	11	0	10	0	155	NA	NA	NA	817
ENST00000217971.8	ENSG00000101856	+	3	0	2	0	103	NA	NA	NA	328
ENST00000317881.9	ENSG00000005022	+	4	0	3	0	157	NA	NA	NA	111
ENST00000644802.2	ENSG00000018610	-	7	0	6	0	62	NA	NA	NA	124
ENST00000371558.7	ENSG00000077721	+	6	0	5	0	128	NA	NA	NA	44
ENST00000394610.7	ENSG00000125354	-	11	0	9	1	3	42	42	NA	30
ENST00000361575.4	ENSG00000198918	-	3	0	2	0	48	NA	NA	NA	3
ENST00000276201.7	ENSG00000125351	-	11	0	10	0	149	NA	NA	NA	156
ENST00000371410.5	ENSG00000101882	-	9	0	8	0	174	NA	NA	NA	386
ENST00000557385.2	ENSG00000177485	+	3	2	0	0	2020	NA	NA	2	NA
ENST00000200639.9	ENSG00000005893	-	9	0	8	0	139	NA	NA	NA	64
ENST00000371322.11	ENSG00000158290	-	20	0	19	0	95	NA	NA	NA	556
ENST00000245838.13	ENSG00000125676	-	39	0	37	1	27	19	19	NA	71
ENST00000371199.8	ENSG00000101966	+	7	1	5	0	193	NA	NA	32	877
ENST00000371145.8	ENSG00000101972	+	35	2	32	0	23	NA	NA	97	44
ENST00000371121.5	ENSG00000102038	-	25	0	24	0	71	NA	NA	NA	174
ENST00000371113.9	ENSG00000122126	+	24	0	23	0	124	NA	NA	NA	39
ENST00000357166.11	ENSG00000188706	-	11	2	8	0	116	NA	NA	135	167
ENST00000540052.6	ENSG00000085185	+	14	1	12	0	282	NA	NA	44	86
ENST00000308167.10	ENSG00000102034	-	9	1	7	0	804	NA	NA	209	75
ENST00000545805.6	ENSG00000102078	+	11	1	9	0	41	NA	NA	172	75
ENST00000305536.11	ENSG00000134597	+	6	0	5	0	487	NA	NA	NA	5
ENST00000394363.6	ENSG00000165675	-	15	3	11	0	131	NA	NA	38	97
ENST00000370874.2	ENSG00000123728	-	6	3	1	1	278	35	35	538	273
ENST00000370853.8	ENSG00000076770	-	9	1	7	0	11	NA	NA	703	177
ENST00000370833.7	ENSG00000171004	-	5	0	4	0	870	NA	NA	NA	428
ENST00000370828.4	ENSG00000076716	-	9	0	8	0	202	NA	NA	NA	160
ENST00000370803.8	ENSG00000156531	+	11	1	8	0	129	1	1	46	138
ENST00000298556.8	ENSG00000165704	+	9	0	8	0	47	NA	NA	NA	27
ENST00000343004.10	ENSG00000156504	-	10	0	9	0	144	NA	NA	NA	98
ENST00000370783.8	ENSG00000101928	-	6	1	4	0	31	NA	NA	101	154
ENST00000339249.5	ENSG00000173275	+	5	1	3	0	883	NA	NA	100	354
ENST00000639893.2	ENSG00000165359	+	18	0	17	0	108	NA	NA	NA	111
ENST00000305963.3	ENSG00000169446	-	4	0	3	0	159	NA	NA	NA	79
ENST00000630721.3	ENSG00000198689	+	18	1	16	0	272	NA	NA	56	169
ENST00000370683.6	ENSG00000022267	+	6	0	5	0	154	NA	NA	NA	22
ENST00000250617.7	ENSG00000129675	-	22	0	21	0	140	NA	NA	NA	165
ENST00000320676.11	ENSG00000147274	-	9	1	7	0	310	NA	NA	26	109
ENST00000682941.1	ENSG00000101974	-	30	0	28	1	101	4	4	NA	27
ENST00000340855.11	ENSG00000010404	-	9	0	8	0	472	NA	NA	NA	103
ENST00000600449.8	ENSG00000269556	-	7	0	6	0	244	NA	NA	NA	38
ENST00000370396.7	ENSG00000171100	+	15	1	13	0	167	NA	NA	10	63
ENST00000445323.7	ENSG00000063601	+	16	0	15	0	164	NA	NA	NA	146
ENST00000370377.8	ENSG00000102181	-	11	0	10	0	67	NA	NA	NA	67
ENST00000325307.12	ENSG00000029993	+	5	1	3	0	137	NA	NA	5	150
ENST00000330374.7	ENSG00000160131	+	3	0	2	0	142	NA	NA	NA	53
ENST00000370277.5	ENSG00000147400	-	5	0	4	0	89	NA	NA	NA	3
ENST00000695776.1	ENSG00000147394	+	25	1	22	0	98	1	1	45	34
ENST00000650114.2	ENSG00000063587	+	4	1	2	0	1156	NA	NA	46	31
ENST00000331595.9	ENSG00000182492	+	8	1	6	0	197	NA	NA	11	238
ENST00000342782.4	ENSG00000130829	+	4	1	2	0	325	NA	NA	35	373
ENST00000345046.12	ENSG00000185825	-	8	1	6	0	38	NA	NA	44	92
ENST00000218104.6	ENSG00000101986	+	10	0	9	0	246	NA	NA	NA	900
ENST00000217901.10	ENSG00000067829	-	13	0	12	0	101	NA	NA	NA	81
ENST00000370086.8	ENSG00000180879	+	6	0	5	0	104	NA	NA	NA	67
ENST00000464845.6	ENSG00000102030	-	8	0	7	0	236	NA	NA	NA	21
ENST00000310441.12	ENSG00000172534	-	26	0	25	0	39	NA	NA	NA	193
ENST00000369980.8	ENSG00000184216	-	14	0	13	0	58	NA	NA	NA	136
ENST00000453960.7	ENSG00000169057	-	3	0	2	0	1083	NA	NA	NA	62
ENST00000369850.10	ENSG00000196924	-	48	1	46	0	187	NA	NA	116	373
ENST00000601016.6	ENSG00000102125	+	11	0	10	0	101	NA	NA	NA	109
ENST00000447750.7	ENSG00000203879	+	11	0	10	0	152	NA	NA	NA	45
ENST00000369682.4	ENSG00000130827	+	33	1	31	0	95	NA	NA	27	594
ENST00000357360.5	ENSG00000196976	-	3	0	2	0	114	NA	NA	NA	188
ENST00000651600.1	ENSG00000126903	-	2	1	0	0	1575	NA	NA	142	NA
ENST00000447601.7	ENSG00000071889	-	9	0	8	0	95	NA	NA	NA	13
ENST00000393562.10	ENSG00000160211	-	13	1	11	0	90	NA	NA	8	120
ENST00000369550.10	ENSG00000130826	+	15	0	14	0	68	NA	NA	NA	16
ENST00000369534.8	ENSG00000130830	-	12	0	11	0	176	NA	NA	NA	102
ENST00000369498.8	ENSG00000165775	+	5	0	4	0	77	NA	NA	NA	133
ENST00000330045.12	ENSG00000185515	+	11	0	9	1	151	19	19	NA	123
ENST00000286428.7	ENSG00000155959	+	6	0	5	0	70	NA	NA	NA	93
ENST00000369454.4	ENSG00000155961	-	2	0	1	0	426	NA	NA	NA	215
ENST00000286448.12	ENSG00000124333	+	8	1	6	0	68	NA	NA	9	146
