transcript_id	gene_id	region	length	gc_content	frac_A	frac_C	frac_G	frac_U	frac_other	gc_skew	at_skew	purine_ratio	amino_ratio
ENST00000378546.9	ENSG00000162585	3UTR	161	0.7018633540372671	0.13664596273291926	0.42857142857142855	0.2732919254658385	0.16149068322981366	0.0	-0.22123893805309736	-0.08333333333333333	0.40993788819875776	0.5652173913043478
ENST00000376957.7	ENSG00000116649	3UTR	276	0.6304347826086957	0.15942028985507245	0.391304347826087	0.2391304347826087	0.21014492753623187	0.0	-0.2413793103448276	-0.13725490196078433	0.39855072463768115	0.5507246376811594
ENST00000373709.8	ENSG00000168528	3UTR	479	0.6388308977035491	0.16701461377870563	0.3924843423799583	0.24634655532359082	0.1941544885177453	0.0	-0.22875816993464052	-0.07514450867052024	0.4133611691022965	0.5594989561586639
ENST00000371226.8	ENSG00000162600	3UTR	246	0.21951219512195122	0.3983739837398374	0.09349593495934959	0.12601626016260162	0.3821138211382114	0.0	0.14814814814814814	0.020833333333333332	0.524390243902439	0.491869918699187
ENST00000370360.8	ENSG00000174842	3UTR	128	0.1953125	0.3984375	0.1328125	0.0625	0.40625	0.0	-0.36	-0.009708737864077669	0.4609375	0.53125
ENST00000369099.8	ENSG00000118292	3UTR	85	0.36470588235294116	0.4117647058823529	0.07058823529411765	0.29411764705882354	0.2235294117647059	0.0	0.6129032258064516	0.2962962962962963	0.7058823529411765	0.4823529411764706
ENST00000428931.6	ENSG00000143569	3UTR	552	0.4420289855072464	0.23731884057971014	0.2608695652173913	0.18115942028985507	0.32065217391304346	0.0	-0.18032786885245902	-0.14935064935064934	0.41847826086956524	0.49818840579710144
ENST00000367429.9	ENSG00000000971	3UTR	191	0.2774869109947644	0.3298429319371728	0.15706806282722513	0.12041884816753927	0.39267015706806285	0.0	-0.1320754716981132	-0.08695652173913043	0.450261780104712	0.4869109947643979
ENST00000310256.7	ENSG00000173409	3UTR	600	0.3283333333333333	0.38	0.17166666666666666	0.15666666666666668	0.2916666666666667	0.0	-0.04568527918781726	0.1315136476426799	0.5366666666666666	0.5516666666666666
ENST00000408888.8	ENSG00000188739	3UTR	530	0.46226415094339623	0.1830188679245283	0.23962264150943396	0.22264150943396227	0.35471698113207545	0.0	-0.036734693877551024	-0.3192982456140351	0.4056603773584906	0.4226415094339623
ENST00000349456.9	ENSG00000163001	3UTR	71	0.2112676056338028	0.4507042253521127	0.11267605633802817	0.09859154929577464	0.3380281690140845	0.0	-0.06666666666666667	0.14285714285714285	0.5492957746478874	0.5633802816901409
ENST00000244217.6	ENSG00000124370	3UTR	283	0.22968197879858657	0.4204946996466431	0.13074204946996468	0.0989399293286219	0.3498233215547703	0.0	-0.13846153846153847	0.09174311926605505	0.519434628975265	0.5512367491166078
ENST00000244230.7	ENSG00000124383	3UTR	86	0.20930232558139536	0.32558139534883723	0.08139534883720931	0.12790697674418605	0.46511627906976744	0.0	0.2222222222222222	-0.17647058823529413	0.45348837209302323	0.4069767441860465
ENST00000289359.6	ENSG00000158411	3UTR	112	0.22321428571428573	0.32142857142857145	0.08928571428571429	0.13392857142857142	0.45535714285714285	0.0	0.2	-0.1724137931034483	0.45535714285714285	0.4107142857142857
ENST00000295095.11	ENSG00000075884	3UTR	180	0.29444444444444445	0.3333333333333333	0.16111111111111112	0.13333333333333333	0.37222222222222223	0.0	-0.09433962264150944	-0.05511811023622047	0.4666666666666667	0.49444444444444446
ENST00000317647.12	ENSG00000163072	3UTR	544	0.44485294117647056	0.31985294117647056	0.20220588235294118	0.2426470588235294	0.23529411764705882	0.0	0.09090909090909091	0.152317880794702	0.5625	0.5220588235294118
ENST00000306125.12	ENSG00000172053	3UTR	97	0.5051546391752577	0.27835051546391754	0.31958762886597936	0.18556701030927836	0.21649484536082475	0.0	-0.2653061224489796	0.125	0.4639175257731959	0.5979381443298969
ENST00000295899.10	ENSG00000163634	3UTR	262	0.3053435114503817	0.33587786259541985	0.14885496183206107	0.15648854961832062	0.35877862595419846	0.0	0.025	-0.03296703296703297	0.49236641221374045	0.4847328244274809
ENST00000273668.7	ENSG00000145088	3UTR	138	0.1956521739130435	0.4420289855072464	0.07971014492753623	0.11594202898550725	0.36231884057971014	0.0	0.18518518518518517	0.0990990990990991	0.5579710144927537	0.5217391304347826
ENST00000342480.7	ENSG00000114631	3UTR	322	0.7763975155279503	0.13043478260869565	0.45962732919254656	0.3167701863354037	0.09316770186335403	0.0	-0.184	0.16666666666666666	0.4472049689440994	0.5900621118012422
ENST00000254730.11	ENSG00000132394	3UTR	387	0.6511627906976745	0.17829457364341086	0.3875968992248062	0.26356589147286824	0.17054263565891473	0.0	-0.19047619047619047	0.022222222222222223	0.4418604651162791	0.5658914728682171
ENST00000476781.6	ENSG00000136522	3UTR	587	0.3202725724020443	0.33560477001703576	0.1362862010221465	0.1839863713798978	0.3441226575809199	0.0	0.14893617021276595	-0.012531328320802004	0.5195911413969335	0.47189097103918226
ENST00000307944.6	ENSG00000213139	3UTR	253	0.4624505928853755	0.2964426877470356	0.25691699604743085	0.20553359683794467	0.24110671936758893	0.0	-0.1111111111111111	0.10294117647058823	0.5019762845849802	0.5533596837944664
ENST00000324642.4	ENSG00000164363	3UTR	111	0.7297297297297297	0.14414414414414414	0.32432432432432434	0.40540540540540543	0.12612612612612611	0.0	0.1111111111111111	0.06666666666666667	0.5495495495495496	0.46846846846846846
ENST00000396027.9	ENSG00000152422	3UTR	518	0.2857142857142857	0.361003861003861	0.14478764478764478	0.14092664092664092	0.3532818532818533	0.0	-0.013513513513513514	0.010810810810810811	0.5019305019305019	0.5057915057915058
ENST00000282611.8	ENSG00000152705	3UTR	73	0.5616438356164384	0.2328767123287671	0.2876712328767123	0.273972602739726	0.2054794520547945	0.0	-0.024390243902439025	0.0625	0.5068493150684932	0.5205479452054794
ENST00000305264.8	ENSG00000171720	3UTR	587	0.4940374787052811	0.20954003407155025	0.23850085178875638	0.2555366269165247	0.29642248722316866	0.0	0.034482758620689655	-0.1717171717171717	0.46507666098807493	0.44804088586030666
ENST00000438763.7	ENSG00000241106	3UTR	453	0.45474613686534215	0.24061810154525387	0.2693156732891832	0.18543046357615894	0.304635761589404	0.0	-0.18446601941747573	-0.11740890688259109	0.4260485651214128	0.5099337748344371
ENST00000372876.2	ENSG00000124659	3UTR	535	0.4542056074766355	0.2261682242990654	0.22803738317757008	0.2261682242990654	0.31962616822429907	0.0	-0.00411522633744856	-0.17123287671232876	0.4523364485981308	0.4542056074766355
ENST00000369798.7	ENSG00000112742	3UTR	325	0.3046153846153846	0.3384615384615385	0.15076923076923077	0.15384615384615385	0.3569230769230769	0.0	0.010101010101010102	-0.02654867256637168	0.49230769230769234	0.48923076923076925
ENST00000326499.11	ENSG00000112303	3UTR	430	0.38372093023255816	0.26744186046511625	0.1558139534883721	0.22790697674418606	0.3488372093023256	0.0	0.18787878787878787	-0.1320754716981132	0.49534883720930234	0.4232558139534884
ENST00000344962.9	ENSG00000188732	3UTR	486	0.22633744855967078	0.360082304526749	0.11728395061728394	0.10905349794238683	0.41358024691358025	0.0	-0.03636363636363636	-0.06914893617021277	0.4691358024691358	0.4773662551440329
ENST00000297533.9	ENSG00000164897	3UTR	464	0.7370689655172413	0.10991379310344827	0.3728448275862069	0.3642241379310345	0.15301724137931033	0.0	-0.011695906432748537	-0.16393442622950818	0.47413793103448276	0.4827586206896552
ENST00000276585.9	ENSG00000147586	3UTR	263	0.311787072243346	0.311787072243346	0.155893536121673	0.155893536121673	0.376425855513308	0.0	0.0	-0.09392265193370165	0.467680608365019	0.467680608365019
ENST00000448384.3	ENSG00000214954	3UTR	257	0.36964980544747084	0.33073929961089493	0.21011673151750973	0.15953307392996108	0.29961089494163423	0.0	-0.1368421052631579	0.04938271604938271	0.490272373540856	0.5408560311284046
ENST00000257497.11	ENSG00000135046	3UTR	286	0.2972027972027972	0.3776223776223776	0.16783216783216784	0.12937062937062938	0.32517482517482516	0.0	-0.12941176470588237	0.07462686567164178	0.506993006993007	0.5454545454545454
ENST00000323927.3	ENSG00000176248	3UTR	158	0.7025316455696202	0.15822784810126583	0.4620253164556962	0.24050632911392406	0.13924050632911392	0.0	-0.3153153153153153	0.06382978723404255	0.3987341772151899	0.620253164556962
ENST00000380554.5	ENSG00000196139	3UTR	183	0.453551912568306	0.2677595628415301	0.22404371584699453	0.22950819672131148	0.2786885245901639	0.0	0.012048192771084338	-0.02	0.4972677595628415	0.4918032786885246
ENST00000378372.8	ENSG00000187522	3UTR	135	0.21481481481481482	0.3851851851851852	0.08148148148148149	0.13333333333333333	0.4	0.0	0.2413793103448276	-0.018867924528301886	0.5185185185185185	0.4666666666666667
ENST00000299166.9	ENSG00000166136	3UTR	97	0.422680412371134	0.25773195876288657	0.2268041237113402	0.1958762886597938	0.31958762886597936	0.0	-0.07317073170731707	-0.10714285714285714	0.4536082474226804	0.4845360824742268
ENST00000397298.8	ENSG00000214026	3UTR	180	0.7055555555555556	0.18888888888888888	0.3	0.40555555555555556	0.10555555555555556	0.0	0.14960629921259844	0.2830188679245283	0.5944444444444444	0.4888888888888889
ENST00000241051.8	ENSG00000121690	3UTR	127	0.2204724409448819	0.36220472440944884	0.09448818897637795	0.12598425196850394	0.41732283464566927	0.0	0.14285714285714285	-0.0707070707070707	0.4881889763779528	0.4566929133858268
ENST00000263774.9	ENSG00000213619	3UTR	81	0.43209876543209874	0.2716049382716049	0.2222222222222222	0.20987654320987653	0.2962962962962963	0.0	-0.02857142857142857	-0.043478260869565216	0.48148148148148145	0.49382716049382713
ENST00000265471.10	ENSG00000149541	3UTR	405	0.6197530864197531	0.18518518518518517	0.31851851851851853	0.3012345679012346	0.19506172839506172	0.0	-0.027888446215139442	-0.025974025974025976	0.48641975308641977	0.5037037037037037
ENST00000280350.10	ENSG00000150773	3UTR	73	0.3424657534246575	0.3150684931506849	0.1232876712328767	0.2191780821917808	0.3424657534246575	0.0	0.28	-0.041666666666666664	0.5342465753424658	0.4383561643835616
ENST00000329406.5	ENSG00000183395	3UTR	193	0.32642487046632124	0.33678756476683935	0.14507772020725387	0.18134715025906736	0.33678756476683935	0.0	0.1111111111111111	0.0	0.5181347150259067	0.48186528497409326
ENST00000229379.3	ENSG00000111775	3UTR	193	0.44559585492227977	0.2849740932642487	0.23316062176165803	0.21243523316062177	0.2694300518134715	0.0	-0.046511627906976744	0.028037383177570093	0.49740932642487046	0.5181347150259067
ENST00000299601.10	ENSG00000166477	3UTR	131	0.183206106870229	0.40458015267175573	0.05343511450381679	0.1297709923664122	0.4122137404580153	0.0	0.4166666666666667	-0.009345794392523364	0.5343511450381679	0.4580152671755725
ENST00000219409.8	ENSG00000242173	3UTR	196	0.673469387755102	0.11734693877551021	0.4642857142857143	0.20918367346938777	0.20918367346938777	0.0	-0.3787878787878788	-0.28125	0.32653061224489793	0.5816326530612245
ENST00000394863.8	ENSG00000140682	3UTR	382	0.6256544502617801	0.20418848167539266	0.387434554973822	0.23821989528795812	0.17015706806282724	0.0	-0.2384937238493724	0.09090909090909091	0.4424083769633508	0.5916230366492147
ENST00000458121.7	ENSG00000102981	3UTR	127	0.5354330708661418	0.2440944881889764	0.2677165354330709	0.2677165354330709	0.2204724409448819	0.0	0.0	0.05084745762711865	0.5118110236220472	0.5118110236220472
ENST00000302422.4	ENSG00000205544	3UTR	91	0.34065934065934067	0.31868131868131866	0.0989010989010989	0.24175824175824176	0.34065934065934067	0.0	0.41935483870967744	-0.03333333333333333	0.5604395604395604	0.4175824175824176
ENST00000293831.13	ENSG00000161960	3UTR	520	0.4826923076923077	0.27692307692307694	0.2326923076923077	0.25	0.2403846153846154	0.0	0.035856573705179286	0.07063197026022305	0.5269230769230769	0.5096153846153846
ENST00000261652.7	ENSG00000240505	3UTR	466	0.575107296137339	0.33905579399141633	0.15450643776824036	0.4206008583690987	0.08583690987124463	0.0	0.4626865671641791	0.5959595959595959	0.759656652360515	0.49356223175965663
ENST00000422514.7	ENSG00000198242	3UTR	478	0.46443514644351463	0.25313807531380755	0.25523012552301255	0.20920502092050208	0.2824267782426778	0.0	-0.0990990990990991	-0.0546875	0.46234309623430964	0.5083682008368201
ENST00000314144.10	ENSG00000132141	3UTR	187	0.29411764705882354	0.36363636363636365	0.1657754010695187	0.12834224598930483	0.3422459893048128	0.0	-0.12727272727272726	0.030303030303030304	0.4919786096256685	0.5294117647058824
ENST00000333213.11	ENSG00000182173	3UTR	323	0.5510835913312694	0.2043343653250774	0.2786377708978328	0.2724458204334365	0.24458204334365324	0.0	-0.011235955056179775	-0.0896551724137931	0.47678018575851394	0.48297213622291024
ENST00000300784.8	ENSG00000167363	3UTR	441	0.7437641723356009	0.05442176870748299	0.6009070294784581	0.14285714285714285	0.2018140589569161	0.0	-0.6158536585365854	-0.5752212389380531	0.19727891156462585	0.655328798185941
ENST00000233997.4	ENSG00000172232	3UTR	141	0.7304964539007093	0.1347517730496454	0.48226950354609927	0.24822695035460993	0.1347517730496454	0.0	-0.32038834951456313	0.0	0.3829787234042553	0.6170212765957447
ENST00000233627.14	ENSG00000115286	3UTR	96	0.7291666666666666	0.08333333333333333	0.4375	0.2916666666666667	0.1875	0.0	-0.2	-0.38461538461538464	0.375	0.5208333333333334
ENST00000300961.10	ENSG00000167476	3UTR	77	0.7402597402597403	0.14285714285714285	0.38961038961038963	0.35064935064935066	0.11688311688311688	0.0	-0.05263157894736842	0.1	0.4935064935064935	0.5324675324675324
ENST00000292672.7	ENSG00000161082	3UTR	359	0.40668523676880225	0.3231197771587744	0.19220055710306408	0.21448467966573817	0.27019498607242337	0.0	0.0547945205479452	0.0892018779342723	0.5376044568245125	0.5153203342618384
ENST00000294618.12	ENSG00000130158	3UTR	202	0.5643564356435643	0.1782178217821782	0.29207920792079206	0.2722772277227723	0.25742574257425743	0.0	-0.03508771929824561	-0.18181818181818182	0.4504950495049505	0.47029702970297027
ENST00000291842.10	ENSG00000160410	3UTR	190	0.5631578947368421	0.19473684210526315	0.32105263157894737	0.24210526315789474	0.24210526315789474	0.0	-0.14018691588785046	-0.10843373493975904	0.4368421052631579	0.5157894736842106
ENST00000270221.11	ENSG00000142227	3UTR	83	0.7228915662650602	0.14457831325301204	0.5180722891566265	0.20481927710843373	0.13253012048192772	0.0	-0.43333333333333335	0.043478260869565216	0.3493975903614458	0.6626506024096386
ENST00000345358.12	ENSG00000087088	3UTR	162	0.5061728395061729	0.1728395061728395	0.16666666666666666	0.3395061728395062	0.32098765432098764	0.0	0.34146341463414637	-0.3	0.5123456790123457	0.3395061728395062
ENST00000376112.4	ENSG00000125968	3UTR	416	0.5024038461538461	0.23076923076923078	0.23557692307692307	0.2668269230769231	0.2668269230769231	0.0	0.06220095693779904	-0.07246376811594203	0.49759615384615385	0.46634615384615385
ENST00000217182.6	ENSG00000101210	3UTR	284	0.75	0.13380281690140844	0.45774647887323944	0.29225352112676056	0.11619718309859155	0.0	-0.22065727699530516	0.07042253521126761	0.426056338028169	0.5915492957746479
ENST00000300527.9	ENSG00000142173	3UTR	296	0.7297297297297297	0.13851351351351351	0.46959459459459457	0.26013513513513514	0.13175675675675674	0.0	-0.28703703703703703	0.025	0.39864864864864863	0.6081081081081081
ENST00000248958.5	ENSG00000128228	3UTR	124	0.5403225806451613	0.1693548387096774	0.12903225806451613	0.4112903225806452	0.2903225806451613	0.0	0.5223880597014925	-0.2631578947368421	0.5806451612903226	0.29838709677419356
ENST00000216254.9	ENSG00000100412	3UTR	361	0.4930747922437673	0.21052631578947367	0.2659279778393352	0.22714681440443213	0.296398891966759	0.0	-0.07865168539325842	-0.16939890710382513	0.4376731301939058	0.47645429362880887
ENST00000380903.7	ENSG00000073169	3UTR	247	0.631578947368421	0.18218623481781376	0.3603238866396761	0.27125506072874495	0.1862348178137652	0.0	-0.14102564102564102	-0.01098901098901099	0.4534412955465587	0.5425101214574899
ENST00000156109.7	ENSG00000068394	3UTR	214	0.45794392523364486	0.3130841121495327	0.22429906542056074	0.2336448598130841	0.22897196261682243	0.0	0.02040816326530612	0.15517241379310345	0.5467289719626168	0.5373831775700935
ENST00000373829.8	ENSG00000147166	3UTR	179	0.40782122905027934	0.2905027932960894	0.18994413407821228	0.21787709497206703	0.3016759776536313	0.0	0.0684931506849315	-0.018867924528301886	0.5083798882681564	0.48044692737430167
ENST00000378546.9	ENSG00000162585	5UTR	23	0.782608695652174	0.043478260869565216	0.391304347826087	0.391304347826087	0.17391304347826086	0.0	0.0	-0.6	0.43478260869565216	0.43478260869565216
ENST00000376957.7	ENSG00000116649	5UTR	75	0.88	0.013333333333333334	0.52	0.36	0.10666666666666667	0.0	-0.18181818181818182	-0.7777777777777778	0.37333333333333335	0.5333333333333333
ENST00000373709.8	ENSG00000168528	5UTR	53	0.9056603773584906	0.07547169811320754	0.49056603773584906	0.41509433962264153	0.018867924528301886	0.0	-0.08333333333333333	0.6	0.49056603773584906	0.5660377358490566
ENST00000371226.8	ENSG00000162600	5UTR	40	0.45	0.25	0.225	0.225	0.3	0.0	0.0	-0.09090909090909091	0.475	0.475
ENST00000370360.8	ENSG00000174842	5UTR	93	0.5806451612903226	0.27956989247311825	0.16129032258064516	0.41935483870967744	0.13978494623655913	0.0	0.4444444444444444	0.3333333333333333	0.6989247311827957	0.44086021505376344
ENST00000369099.8	ENSG00000118292	5UTR	28	0.42857142857142855	0.35714285714285715	0.25	0.17857142857142858	0.21428571428571427	0.0	-0.16666666666666666	0.25	0.5357142857142857	0.6071428571428571
ENST00000428931.6	ENSG00000143569	5UTR	61	0.3442622950819672	0.2786885245901639	0.11475409836065574	0.22950819672131148	0.3770491803278688	0.0	0.3333333333333333	-0.15	0.5081967213114754	0.39344262295081966
ENST00000367429.9	ENSG00000000971	5UTR	75	0.38666666666666666	0.37333333333333335	0.14666666666666667	0.24	0.24	0.0	0.2413793103448276	0.21739130434782608	0.6133333333333333	0.52
ENST00000310256.7	ENSG00000173409	5UTR	12	0.4166666666666667	0.3333333333333333	0.0	0.4166666666666667	0.25	0.0	1.0	0.14285714285714285	0.75	0.3333333333333333
ENST00000408888.8	ENSG00000188739	5UTR	24	0.4583333333333333	0.25	0.08333333333333333	0.375	0.2916666666666667	0.0	0.6363636363636364	-0.07692307692307693	0.625	0.3333333333333333
ENST00000349456.9	ENSG00000163001	5UTR	84	0.6904761904761905	0.08333333333333333	0.34523809523809523	0.34523809523809523	0.2261904761904762	0.0	0.0	-0.46153846153846156	0.42857142857142855	0.42857142857142855
ENST00000244217.6	ENSG00000124370	5UTR	10	0.4	0.3	0.3	0.1	0.3	0.0	-0.5	0.0	0.4	0.6
ENST00000244230.7	ENSG00000124383	5UTR	32	0.5625	0.15625	0.21875	0.34375	0.28125	0.0	0.2222222222222222	-0.2857142857142857	0.5	0.375
ENST00000289359.6	ENSG00000158411	5UTR	77	0.5584415584415584	0.2597402597402597	0.2987012987012987	0.2597402597402597	0.18181818181818182	0.0	-0.06976744186046512	0.17647058823529413	0.5194805194805194	0.5584415584415584
ENST00000295095.11	ENSG00000075884	5UTR	62	0.3870967741935484	0.3548387096774194	0.12903225806451613	0.25806451612903225	0.25806451612903225	0.0	0.3333333333333333	0.15789473684210525	0.6129032258064516	0.4838709677419355
ENST00000317647.12	ENSG00000163072	5UTR	10	0.3	0.4	0.3	0.0	0.3	0.0	-1.0	0.14285714285714285	0.4	0.7
ENST00000306125.12	ENSG00000172053	5UTR	24	0.4583333333333333	0.08333333333333333	0.25	0.20833333333333334	0.4583333333333333	0.0	-0.09090909090909091	-0.6923076923076923	0.2916666666666667	0.3333333333333333
ENST00000295899.10	ENSG00000163634	5UTR	15	0.9333333333333333	0.06666666666666667	0.6	0.3333333333333333	0.0	0.0	-0.2857142857142857	1.0	0.4	0.6666666666666666
ENST00000273668.7	ENSG00000145088	5UTR	77	0.5194805194805194	0.2727272727272727	0.14285714285714285	0.37662337662337664	0.2077922077922078	0.0	0.45	0.13513513513513514	0.6493506493506493	0.4155844155844156
ENST00000342480.7	ENSG00000114631	5UTR	35	0.8	0.11428571428571428	0.4	0.4	0.08571428571428572	0.0	0.0	0.14285714285714285	0.5142857142857142	0.5142857142857142
ENST00000254730.11	ENSG00000132394	5UTR	27	0.8888888888888888	0.037037037037037035	0.2962962962962963	0.5925925925925926	0.07407407407407407	0.0	0.3333333333333333	-0.3333333333333333	0.6296296296296297	0.3333333333333333
ENST00000476781.6	ENSG00000136522	5UTR	14	0.35714285714285715	0.42857142857142855	0.14285714285714285	0.21428571428571427	0.21428571428571427	0.0	0.2	0.3333333333333333	0.6428571428571429	0.5714285714285714
ENST00000307944.6	ENSG00000213139	5UTR	54	0.42592592592592593	0.3148148148148148	0.25925925925925924	0.16666666666666666	0.25925925925925924	0.0	-0.21739130434782608	0.0967741935483871	0.48148148148148145	0.5740740740740741
ENST00000324642.4	ENSG00000164363	5UTR	97	0.6288659793814433	0.17525773195876287	0.28865979381443296	0.3402061855670103	0.1958762886597938	0.0	0.08196721311475409	-0.05555555555555555	0.5154639175257731	0.4639175257731959
ENST00000396027.9	ENSG00000152422	5UTR	79	0.4430379746835443	0.31645569620253167	0.12658227848101267	0.31645569620253167	0.24050632911392406	0.0	0.42857142857142855	0.13636363636363635	0.6329113924050633	0.4430379746835443
ENST00000282611.8	ENSG00000152705	5UTR	85	0.35294117647058826	0.4235294117647059	0.12941176470588237	0.2235294117647059	0.2235294117647059	0.0	0.26666666666666666	0.3090909090909091	0.6470588235294118	0.5529411764705883
ENST00000305264.8	ENSG00000171720	5UTR	59	0.8983050847457628	0.03389830508474576	0.3728813559322034	0.5254237288135594	0.06779661016949153	0.0	0.16981132075471697	-0.3333333333333333	0.559322033898305	0.4067796610169492
ENST00000438763.7	ENSG00000241106	5UTR	51	0.35294117647058826	0.21568627450980393	0.21568627450980393	0.13725490196078433	0.43137254901960786	0.0	-0.2222222222222222	-0.3333333333333333	0.35294117647058826	0.43137254901960786
ENST00000372876.2	ENSG00000124659	5UTR	30	0.43333333333333335	0.4666666666666667	0.13333333333333333	0.3	0.1	0.0	0.38461538461538464	0.6470588235294118	0.7666666666666667	0.6
ENST00000369798.7	ENSG00000112742	5UTR	67	0.4626865671641791	0.208955223880597	0.22388059701492538	0.23880597014925373	0.3283582089552239	0.0	0.03225806451612903	-0.2222222222222222	0.44776119402985076	0.43283582089552236
ENST00000326499.11	ENSG00000112303	5UTR	21	0.42857142857142855	0.38095238095238093	0.2857142857142857	0.14285714285714285	0.19047619047619047	0.0	-0.3333333333333333	0.3333333333333333	0.5238095238095238	0.6666666666666666
ENST00000344962.9	ENSG00000188732	5UTR	20	0.65	0.1	0.45	0.2	0.25	0.0	-0.38461538461538464	-0.42857142857142855	0.3	0.55
ENST00000297533.9	ENSG00000164897	5UTR	90	0.8111111111111111	0.1111111111111111	0.35555555555555557	0.45555555555555555	0.07777777777777778	0.0	0.1232876712328767	0.17647058823529413	0.5666666666666667	0.4666666666666667
ENST00000276585.9	ENSG00000147586	5UTR	11	0.36363636363636365	0.45454545454545453	0.09090909090909091	0.2727272727272727	0.18181818181818182	0.0	0.5	0.42857142857142855	0.7272727272727273	0.5454545454545454
ENST00000448384.3	ENSG00000214954	5UTR	43	0.3488372093023256	0.20930232558139536	0.23255813953488372	0.11627906976744186	0.4418604651162791	0.0	-0.3333333333333333	-0.35714285714285715	0.32558139534883723	0.4418604651162791
ENST00000257497.11	ENSG00000135046	5UTR	74	0.3108108108108108	0.36486486486486486	0.12162162162162163	0.1891891891891892	0.32432432432432434	0.0	0.21739130434782608	0.058823529411764705	0.5540540540540541	0.4864864864864865
ENST00000323927.3	ENSG00000176248	5UTR	28	0.6428571428571429	0.17857142857142858	0.17857142857142858	0.4642857142857143	0.17857142857142858	0.0	0.4444444444444444	0.0	0.6428571428571429	0.35714285714285715
ENST00000380554.5	ENSG00000196139	5UTR	31	0.41935483870967744	0.3870967741935484	0.16129032258064516	0.25806451612903225	0.1935483870967742	0.0	0.23076923076923078	0.3333333333333333	0.6451612903225806	0.5483870967741935
ENST00000378372.8	ENSG00000187522	5UTR	97	0.7010309278350515	0.061855670103092786	0.3402061855670103	0.36082474226804123	0.23711340206185566	0.0	0.029411764705882353	-0.5862068965517241	0.422680412371134	0.4020618556701031
ENST00000299166.9	ENSG00000166136	5UTR	20	0.45	0.45	0.05	0.4	0.1	0.0	0.7777777777777778	0.6363636363636364	0.85	0.5
ENST00000397298.8	ENSG00000214026	5UTR	31	0.8387096774193549	0.0967741935483871	0.45161290322580644	0.3870967741935484	0.06451612903225806	0.0	-0.07692307692307693	0.2	0.4838709677419355	0.5483870967741935
ENST00000241051.8	ENSG00000121690	5UTR	78	0.6410256410256411	0.21794871794871795	0.20512820512820512	0.4358974358974359	0.14102564102564102	0.0	0.36	0.21428571428571427	0.6538461538461539	0.4230769230769231
ENST00000263774.9	ENSG00000213619	5UTR	18	0.4444444444444444	0.2777777777777778	0.2222222222222222	0.2222222222222222	0.2777777777777778	0.0	0.0	0.0	0.5	0.5
ENST00000265471.10	ENSG00000149541	5UTR	39	0.8974358974358975	0.05128205128205128	0.4358974358974359	0.46153846153846156	0.05128205128205128	0.0	0.02857142857142857	0.0	0.5128205128205128	0.48717948717948717
ENST00000280350.10	ENSG00000150773	5UTR	69	0.43478260869565216	0.34782608695652173	0.18840579710144928	0.2463768115942029	0.21739130434782608	0.0	0.13333333333333333	0.23076923076923078	0.5942028985507246	0.5362318840579711
ENST00000329406.5	ENSG00000183395	5UTR	63	0.31746031746031744	0.31746031746031744	0.15873015873015872	0.15873015873015872	0.36507936507936506	0.0	0.0	-0.06976744186046512	0.47619047619047616	0.47619047619047616
ENST00000229379.3	ENSG00000111775	5UTR	14	0.35714285714285715	0.5	0.21428571428571427	0.14285714285714285	0.14285714285714285	0.0	-0.2	0.5555555555555556	0.6428571428571429	0.7142857142857143
ENST00000299601.10	ENSG00000166477	5UTR	33	0.6363636363636364	0.2727272727272727	0.30303030303030304	0.3333333333333333	0.09090909090909091	0.0	0.047619047619047616	0.5	0.6060606060606061	0.5757575757575758
ENST00000219409.8	ENSG00000242173	5UTR	90	0.9111111111111111	0.03333333333333333	0.4	0.5111111111111111	0.05555555555555555	0.0	0.12195121951219512	-0.25	0.5444444444444444	0.43333333333333335
ENST00000394863.8	ENSG00000140682	5UTR	37	0.8918918918918919	0.02702702702702703	0.6216216216216216	0.2702702702702703	0.08108108108108109	0.0	-0.3939393939393939	-0.5	0.2972972972972973	0.6486486486486487
ENST00000458121.7	ENSG00000102981	5UTR	79	0.8987341772151899	0.02531645569620253	0.4810126582278481	0.4177215189873418	0.0759493670886076	0.0	-0.07042253521126761	-0.5	0.4430379746835443	0.5063291139240507
ENST00000302422.4	ENSG00000205544	5UTR	13	0.46153846153846156	0.15384615384615385	0.3076923076923077	0.15384615384615385	0.38461538461538464	0.0	-0.3333333333333333	-0.42857142857142855	0.3076923076923077	0.46153846153846156
ENST00000293831.13	ENSG00000161960	5UTR	17	0.4117647058823529	0.23529411764705882	0.23529411764705882	0.17647058823529413	0.35294117647058826	0.0	-0.14285714285714285	-0.2	0.4117647058823529	0.47058823529411764
ENST00000261652.7	ENSG00000240505	5UTR	43	0.32558139534883723	0.4418604651162791	0.18604651162790697	0.13953488372093023	0.23255813953488372	0.0	-0.14285714285714285	0.3103448275862069	0.5813953488372093	0.627906976744186
ENST00000422514.7	ENSG00000198242	5UTR	21	0.42857142857142855	0.2857142857142857	0.23809523809523808	0.19047619047619047	0.2857142857142857	0.0	-0.1111111111111111	0.0	0.47619047619047616	0.5238095238095238
ENST00000314144.10	ENSG00000132141	5UTR	67	0.44776119402985076	0.14925373134328357	0.23880597014925373	0.208955223880597	0.40298507462686567	0.0	-0.06666666666666667	-0.4594594594594595	0.3582089552238806	0.3880597014925373
ENST00000333213.11	ENSG00000182173	5UTR	33	0.9090909090909091	0.06060606060606061	0.30303030303030304	0.6060606060606061	0.030303030303030304	0.0	0.3333333333333333	0.3333333333333333	0.6666666666666666	0.36363636363636365
ENST00000300784.8	ENSG00000167363	5UTR	22	0.7727272727272727	0.13636363636363635	0.5454545454545454	0.22727272727272727	0.09090909090909091	0.0	-0.4117647058823529	0.2	0.36363636363636365	0.6818181818181818
ENST00000233997.4	ENSG00000172232	5UTR	10	0.9	0.0	0.7	0.2	0.1	0.0	-0.5555555555555556	-1.0	0.2	0.7
ENST00000233627.14	ENSG00000115286	5UTR	20	0.65	0.25	0.25	0.4	0.1	0.0	0.23076923076923078	0.42857142857142855	0.65	0.5
ENST00000300961.10	ENSG00000167476	5UTR	65	0.6923076923076923	0.13846153846153847	0.36923076923076925	0.3230769230769231	0.16923076923076924	0.0	-0.06666666666666667	-0.1	0.46153846153846156	0.5076923076923077
ENST00000292672.7	ENSG00000161082	5UTR	79	0.8987341772151899	0.0379746835443038	0.5316455696202531	0.3670886075949367	0.06329113924050633	0.0	-0.18309859154929578	-0.25	0.4050632911392405	0.569620253164557
ENST00000294618.12	ENSG00000130158	5UTR	84	0.9047619047619048	0.08333333333333333	0.38095238095238093	0.5238095238095238	0.011904761904761904	0.0	0.15789473684210525	0.75	0.6071428571428571	0.4642857142857143
ENST00000291842.10	ENSG00000160410	5UTR	27	0.9259259259259259	0.037037037037037035	0.4444444444444444	0.48148148148148145	0.037037037037037035	0.0	0.04	0.0	0.5185185185185185	0.48148148148148145
ENST00000270221.11	ENSG00000142227	5UTR	74	0.6351351351351351	0.16216216216216217	0.35135135135135137	0.28378378378378377	0.20270270270270271	0.0	-0.10638297872340426	-0.1111111111111111	0.44594594594594594	0.5135135135135135
ENST00000345358.12	ENSG00000087088	5UTR	54	0.8888888888888888	0.07407407407407407	0.35185185185185186	0.5370370370370371	0.037037037037037035	0.0	0.20833333333333334	0.3333333333333333	0.6111111111111112	0.42592592592592593
ENST00000376112.4	ENSG00000125968	5UTR	99	0.45454545454545453	0.15151515151515152	0.31313131313131315	0.1414141414141414	0.3939393939393939	0.0	-0.37777777777777777	-0.4444444444444444	0.29292929292929293	0.46464646464646464
ENST00000217182.6	ENSG00000101210	5UTR	97	0.7010309278350515	0.17525773195876287	0.4845360824742268	0.21649484536082475	0.12371134020618557	0.0	-0.38235294117647056	0.1724137931034483	0.3917525773195876	0.6597938144329897
ENST00000300527.9	ENSG00000142173	5UTR	89	0.7303370786516854	0.12359550561797752	0.38202247191011235	0.34831460674157305	0.14606741573033707	0.0	-0.046153846153846156	-0.08333333333333333	0.47191011235955055	0.5056179775280899
ENST00000248958.5	ENSG00000128228	5UTR	35	0.8857142857142857	0.05714285714285714	0.34285714285714286	0.5428571428571428	0.05714285714285714	0.0	0.22580645161290322	0.0	0.6	0.4
ENST00000216254.9	ENSG00000100412	5UTR	30	0.43333333333333335	0.3	0.26666666666666666	0.16666666666666666	0.26666666666666666	0.0	-0.23076923076923078	0.058823529411764705	0.4666666666666667	0.5666666666666667
ENST00000380903.7	ENSG00000073169	5UTR	26	0.8846153846153846	0.038461538461538464	0.3076923076923077	0.5769230769230769	0.07692307692307693	0.0	0.30434782608695654	-0.3333333333333333	0.6153846153846154	0.34615384615384615
ENST00000156109.7	ENSG00000068394	5UTR	13	0.46153846153846156	0.5384615384615384	0.07692307692307693	0.38461538461538464	0.0	0.0	0.6666666666666666	1.0	0.9230769230769231	0.6153846153846154
ENST00000373829.8	ENSG00000147166	5UTR	57	0.45614035087719296	0.2807017543859649	0.3333333333333333	0.12280701754385964	0.2631578947368421	0.0	-0.46153846153846156	0.03225806451612903	0.40350877192982454	0.6140350877192983
ENST00000378546.9	ENSG00000162585	CDS	543	0.7071823204419889	0.13996316758747698	0.34806629834254144	0.35911602209944754	0.15285451197053407	0.0	0.015625	-0.0440251572327044	0.4990791896869245	0.4880294659300184
ENST00000376957.7	ENSG00000116649	CDS	909	0.6182618261826183	0.19581958195819582	0.3256325632563256	0.29262926292629265	0.1859185918591859	0.0	-0.05338078291814947	0.025936599423631124	0.4884488448844885	0.5214521452145214
ENST00000373709.8	ENSG00000168528	CDS	1368	0.6162280701754386	0.15423976608187134	0.34502923976608185	0.2711988304093567	0.22953216374269006	0.0	-0.11981020166073547	-0.1961904761904762	0.42543859649122806	0.4992690058479532
ENST00000371226.8	ENSG00000162600	CDS	1575	0.4	0.30857142857142855	0.1853968253968254	0.2146031746031746	0.2914285714285714	0.0	0.07301587301587302	0.02857142857142857	0.5231746031746032	0.49396825396825395
ENST00000370360.8	ENSG00000174842	CDS	1785	0.3523809523809524	0.3456582633053221	0.1568627450980392	0.19551820728291316	0.30196078431372547	0.0	0.10969793322734499	0.06747404844290658	0.5411764705882353	0.5025210084033613
ENST00000369099.8	ENSG00000118292	CDS	396	0.44696969696969696	0.2777777777777778	0.20959595959595959	0.23737373737373738	0.27525252525252525	0.0	0.062146892655367235	0.0045662100456621	0.5151515151515151	0.48737373737373735
ENST00000428931.6	ENSG00000143569	CDS	3264	0.5306372549019608	0.2539828431372549	0.29044117647058826	0.24019607843137256	0.21537990196078433	0.0	-0.09468822170900693	0.08224543080939947	0.49417892156862747	0.5444240196078431
ENST00000367429.9	ENSG00000000971	CDS	3696	0.39826839826839827	0.3336038961038961	0.1774891774891775	0.22077922077922077	0.2681277056277056	0.0	0.10869565217391304	0.10881294964028777	0.5543831168831169	0.5110930735930735
ENST00000310256.7	ENSG00000173409	CDS	816	0.43995098039215685	0.27450980392156865	0.21446078431372548	0.22549019607843138	0.2855392156862745	0.0	0.025069637883008356	-0.019693654266958426	0.5	0.4889705882352941
ENST00000408888.8	ENSG00000188739	CDS	1293	0.419953596287703	0.36117556071152357	0.177107501933488	0.242846094354215	0.2188708430007734	0.0	0.15653775322283608	0.24533333333333332	0.6040216550657386	0.5382830626450116
ENST00000349456.9	ENSG00000163001	CDS	1029	0.41496598639455784	0.3770651117589893	0.1729834791059281	0.24198250728862974	0.20796890184645286	0.0	0.16627634660421545	0.28903654485049834	0.6190476190476191	0.5500485908649174
ENST00000244217.6	ENSG00000124370	CDS	531	0.4708097928436911	0.2787193973634652	0.2071563088512241	0.263653483992467	0.2504708097928437	0.0	0.12	0.05338078291814947	0.5423728813559322	0.4858757062146893
ENST00000244230.7	ENSG00000124383	CDS	2046	0.3919843597262952	0.39296187683284456	0.15591397849462366	0.23607038123167157	0.21505376344086022	0.0	0.20448877805486285	0.29260450160771706	0.6290322580645161	0.5488758553274682
ENST00000289359.6	ENSG00000158411	CDS	750	0.39866666666666667	0.348	0.16933333333333334	0.22933333333333333	0.25333333333333335	0.0	0.1505016722408027	0.1574279379157428	0.5773333333333334	0.5173333333333333
ENST00000295095.11	ENSG00000075884	CDS	1428	0.4166666666666667	0.3480392156862745	0.20588235294117646	0.2107843137254902	0.23529411764705882	0.0	0.011764705882352941	0.19327731092436976	0.5588235294117647	0.553921568627451
ENST00000317647.12	ENSG00000163072	CDS	1521	0.41354372123602895	0.36423405654174884	0.1952662721893491	0.2182774490466798	0.2222222222222222	0.0	0.05564387917329094	0.242152466367713	0.5825115055884287	0.559500328731098
ENST00000306125.12	ENSG00000172053	CDS	2328	0.5511168384879725	0.23238831615120276	0.27147766323024053	0.27963917525773196	0.21649484536082475	0.0	0.014809041309431021	0.0354066985645933	0.5120274914089347	0.5038659793814433
ENST00000295899.10	ENSG00000163634	CDS	615	0.3983739837398374	0.3723577235772358	0.16260162601626016	0.23577235772357724	0.22926829268292684	0.0	0.1836734693877551	0.23783783783783785	0.608130081300813	0.5349593495934959
ENST00000273668.7	ENSG00000145088	CDS	783	0.4163473818646232	0.33588761174968074	0.19923371647509577	0.21711366538952745	0.24776500638569604	0.0	0.04294478527607362	0.15098468271334792	0.5530012771392082	0.5351213282247765
ENST00000342480.7	ENSG00000114631	CDS	1818	0.6138613861386139	0.21837183718371836	0.29372937293729373	0.3201320132013201	0.16776677667766776	0.0	0.043010752688172046	0.13105413105413105	0.5385038503850385	0.5121012101210121
ENST00000254730.11	ENSG00000132394	CDS	1791	0.5963149078726968	0.21831379117811278	0.30597431602456726	0.29034059184812955	0.1853713009491904	0.0	-0.026217228464419477	0.08160442600276625	0.5086543830262423	0.52428810720268
ENST00000476781.6	ENSG00000136522	CDS	753	0.42363877822045154	0.3293492695883134	0.199203187250996	0.2244355909694555	0.24701195219123506	0.0	0.05956112852664577	0.14285714285714285	0.5537848605577689	0.5285524568393094
ENST00000307944.6	ENSG00000213139	CDS	537	0.49534450651769085	0.25884543761638734	0.24208566108007448	0.2532588454376164	0.24581005586592178	0.0	0.022556390977443608	0.025830258302583026	0.5121042830540037	0.5009310986964618
ENST00000324642.4	ENSG00000164363	CDS	1887	0.6083730789613142	0.17647058823529413	0.3184949655537891	0.2898781134075252	0.21515633280339164	0.0	-0.047038327526132406	-0.09878213802435724	0.4663487016428193	0.4949655537890832
ENST00000396027.9	ENSG00000152422	CDS	1005	0.3870646766169154	0.3522388059701492	0.16517412935323383	0.2218905472636816	0.2606965174129353	0.0	0.14652956298200515	0.14935064935064934	0.5741293532338309	0.5174129353233831
ENST00000282611.8	ENSG00000152705	CDS	1197	0.4903926482873851	0.23893065998329155	0.24644945697577275	0.24394319131161235	0.2706766917293233	0.0	-0.005110732538330494	-0.06229508196721312	0.4828738512949039	0.4853801169590643
ENST00000305264.8	ENSG00000171720	CDS	1287	0.5205905205905206	0.24242424242424243	0.2680652680652681	0.25252525252525254	0.236985236985237	0.0	-0.029850746268656716	0.011345218800648298	0.494949494949495	0.5104895104895105
ENST00000438763.7	ENSG00000241106	CDS	822	0.524330900243309	0.22992700729927007	0.22506082725060828	0.29927007299270075	0.24574209245742093	0.0	0.14153132250580047	-0.03324808184143223	0.5291970802919708	0.45498783454987834
ENST00000372876.2	ENSG00000124659	CDS	1041	0.5926993275696446	0.22574447646493756	0.27953890489913547	0.31316042267050914	0.18155619596541786	0.0	0.05672609400324149	0.10849056603773585	0.5389048991354467	0.505283381364073
ENST00000369798.7	ENSG00000112742	CDS	2574	0.3690753690753691	0.3605283605283605	0.1794871794871795	0.1895881895881896	0.2703962703962704	0.0	0.02736842105263158	0.14285714285714285	0.5501165501165501	0.54001554001554
ENST00000326499.11	ENSG00000112303	CDS	1563	0.42994241842610365	0.2891874600127959	0.2162507997440819	0.21369161868202174	0.28087012156110047	0.0	-0.005952380952380952	0.014590347923681257	0.5028790786948176	0.5054382597568778
ENST00000344962.9	ENSG00000188732	CDS	897	0.4659977703455964	0.2809364548494983	0.20958751393534003	0.2564102564102564	0.2530657748049052	0.0	0.10047846889952153	0.05219206680584551	0.5373467112597548	0.49052396878483834
ENST00000297533.9	ENSG00000164897	CDS	741	0.6572199730094467	0.1700404858299595	0.3792172739541161	0.27800269905533065	0.17273954116059378	0.0	-0.1540041067761807	-0.007874015748031496	0.44804318488529016	0.5492577597840755
ENST00000276585.9	ENSG00000147586	CDS	564	0.4858156028368794	0.2712765957446808	0.20035460992907803	0.2854609929078014	0.2429078014184397	0.0	0.17518248175182483	0.05517241379310345	0.5567375886524822	0.4716312056737589
ENST00000448384.3	ENSG00000214954	CDS	1044	0.39176245210727967	0.3314176245210728	0.19157088122605365	0.20019157088122605	0.2768199233716475	0.0	0.022004889975550123	0.08976377952755905	0.5316091954022989	0.5229885057471264
ENST00000257497.11	ENSG00000135046	CDS	1041	0.4457252641690682	0.31796349663784823	0.207492795389049	0.23823246878001922	0.23631123919308358	0.0	0.06896551724137931	0.14731369150779897	0.5561959654178674	0.5254562920268973
ENST00000323927.3	ENSG00000176248	CDS	2469	0.6289995949777237	0.18995544754961524	0.29526123936816523	0.3337383556095585	0.181044957472661	0.0	0.061171925305859624	0.024017467248908297	0.5236938031591738	0.48521668691778047
ENST00000380554.5	ENSG00000196139	CDS	972	0.46502057613168724	0.2880658436213992	0.2242798353909465	0.24074074074074073	0.24691358024691357	0.0	0.035398230088495575	0.07692307692307693	0.5288065843621399	0.5123456790123457
ENST00000378372.8	ENSG00000187522	CDS	1530	0.4091503267973856	0.3137254901960784	0.17973856209150327	0.22941176470588234	0.27712418300653596	0.0	0.12140575079872204	0.061946902654867256	0.5431372549019607	0.4934640522875817
ENST00000299166.9	ENSG00000166136	CDS	561	0.5704099821746881	0.22638146167557932	0.26916221033868093	0.30124777183600715	0.20320855614973263	0.0	0.05625	0.05394190871369295	0.5276292335115864	0.49554367201426025
ENST00000397298.8	ENSG00000214026	CDS	462	0.6125541125541125	0.22077922077922077	0.2878787878787879	0.3246753246753247	0.16666666666666666	0.0	0.06007067137809187	0.13966480446927373	0.5454545454545454	0.5086580086580087
ENST00000241051.8	ENSG00000121690	CDS	1536	0.404296875	0.3307291666666667	0.197265625	0.20703125	0.2649739583333333	0.0	0.024154589371980676	0.11038251366120219	0.5377604166666666	0.5279947916666666
ENST00000263774.9	ENSG00000213619	CDS	795	0.549685534591195	0.21509433962264152	0.25660377358490566	0.2930817610062893	0.23522012578616353	0.0	0.06636155606407322	-0.0446927374301676	0.5081761006289308	0.4716981132075472
ENST00000265471.10	ENSG00000149541	CDS	1008	0.6359126984126984	0.1775793650793651	0.3134920634920635	0.32242063492063494	0.1865079365079365	0.0	0.014040561622464899	-0.02452316076294278	0.5	0.49107142857142855
ENST00000280350.10	ENSG00000150773	CDS	948	0.39556962025316456	0.3491561181434599	0.20464135021097046	0.1909282700421941	0.2552742616033755	0.0	-0.034666666666666665	0.15532286212914484	0.540084388185654	0.5537974683544303
ENST00000329406.5	ENSG00000183395	CDS	498	0.3654618473895582	0.3514056224899598	0.1686746987951807	0.19678714859437751	0.28313253012048195	0.0	0.07692307692307693	0.10759493670886076	0.5481927710843374	0.5200803212851406
ENST00000229379.3	ENSG00000111775	CDS	330	0.5848484848484848	0.19696969696969696	0.30303030303030304	0.2818181818181818	0.21818181818181817	0.0	-0.03626943005181347	-0.051094890510948905	0.47878787878787876	0.5
ENST00000299601.10	ENSG00000166477	CDS	2001	0.43478260869565216	0.36081959020489757	0.1679160419790105	0.26686656671664166	0.20439780109945027	0.0	0.22758620689655173	0.27674624226348365	0.6276861569215393	0.5287356321839081
ENST00000219409.8	ENSG00000242173	CDS	678	0.6504424778761062	0.1710914454277286	0.28171091445427726	0.3687315634218289	0.17846607669616518	0.0	0.13378684807256236	-0.02109704641350211	0.5398230088495575	0.4528023598820059
ENST00000394863.8	ENSG00000140682	CDS	1386	0.6305916305916306	0.17676767676767677	0.35353535353535354	0.27705627705627706	0.19264069264069264	0.0	-0.12128146453089245	-0.04296875	0.4538239538239538	0.5303030303030303
ENST00000458121.7	ENSG00000102981	CDS	1038	0.6339113680154143	0.174373795761079	0.3208092485549133	0.313102119460501	0.19171483622350674	0.0	-0.0121580547112462	-0.04736842105263158	0.48747591522157996	0.4951830443159923
ENST00000302422.4	ENSG00000205544	CDS	342	0.6023391812865497	0.16666666666666666	0.31871345029239767	0.28362573099415206	0.2309941520467836	0.0	-0.05825242718446602	-0.16176470588235295	0.4502923976608187	0.4853801169590643
ENST00000293831.13	ENSG00000161960	CDS	1221	0.5036855036855037	0.26453726453726456	0.24406224406224405	0.2596232596232596	0.23177723177723178	0.0	0.030894308943089432	0.066006600660066	0.5241605241605242	0.5085995085995086
ENST00000261652.7	ENSG00000240505	CDS	882	0.6167800453514739	0.20634920634920634	0.30385487528344673	0.3129251700680272	0.17687074829931973	0.0	0.014705882352941176	0.07692307692307693	0.5192743764172335	0.5102040816326531
ENST00000422514.7	ENSG00000198242	CDS	471	0.49469214437367304	0.31634819532908703	0.24628450106157113	0.2484076433121019	0.18895966029723993	0.0	0.004291845493562232	0.25210084033613445	0.564755838641189	0.5626326963906582
ENST00000314144.10	ENSG00000132141	CDS	1593	0.4124293785310734	0.3145009416195857	0.17200251098556182	0.24042686754551162	0.2730696798493409	0.0	0.1659056316590563	0.07051282051282051	0.5549278091650973	0.48650345260514755
ENST00000333213.11	ENSG00000182173	CDS	1581	0.6375711574952562	0.18975332068311196	0.3181530676786844	0.31941808981657177	0.17267552182163187	0.0	0.001984126984126984	0.04712041884816754	0.5091714104996837	0.5079063883617964
ENST00000300784.8	ENSG00000167363	CDS	930	0.6096774193548387	0.2	0.27956989247311825	0.3301075268817204	0.19032258064516128	0.0	0.08289241622574955	0.024793388429752067	0.5301075268817205	0.47956989247311826
ENST00000233997.4	ENSG00000172232	CDS	756	0.6613756613756614	0.15873015873015872	0.33994708994708994	0.32142857142857145	0.17989417989417988	0.0	-0.028	-0.0625	0.4801587301587302	0.49867724867724866
ENST00000233627.14	ENSG00000115286	CDS	642	0.660436137071651	0.17133956386292834	0.338006230529595	0.32242990654205606	0.16822429906542055	0.0	-0.02358490566037736	0.009174311926605505	0.4937694704049844	0.5093457943925234
ENST00000300961.10	ENSG00000167476	CDS	996	0.7098393574297188	0.19879518072289157	0.3313253012048193	0.3785140562248996	0.09136546184738956	0.0	0.06647807637906648	0.370242214532872	0.5773092369477911	0.5301204819277109
ENST00000292672.7	ENSG00000161082	CDS	1458	0.6419753086419753	0.19272976680384088	0.3532235939643347	0.2887517146776406	0.16529492455418382	0.0	-0.10042735042735043	0.07662835249042145	0.48148148148148145	0.5459533607681756
ENST00000294618.12	ENSG00000130158	CDS	6144	0.6142578125	0.19889322916666666	0.3232421875	0.291015625	0.18684895833333334	0.0	-0.05246422893481717	0.031223628691983123	0.4899088541666667	0.5221354166666666
ENST00000291842.10	ENSG00000160410	CDS	2124	0.6247645951035782	0.18361581920903955	0.3309792843691149	0.2937853107344633	0.1916195856873823	0.0	-0.059532780708364735	-0.02132998745294856	0.4774011299435028	0.5145951035781544
ENST00000270221.11	ENSG00000142227	CDS	492	0.573170731707317	0.17479674796747968	0.3130081300813008	0.2601626016260163	0.25203252032520324	0.0	-0.09219858156028368	-0.18095238095238095	0.4349593495934959	0.4878048780487805
ENST00000345358.12	ENSG00000087088	CDS	579	0.6096718480138169	0.19689119170984457	0.27806563039723664	0.3316062176165803	0.19343696027633853	0.0	0.08781869688385269	0.008849557522123894	0.5284974093264249	0.4749568221070812
ENST00000376112.4	ENSG00000125968	CDS	468	0.6730769230769231	0.1752136752136752	0.32905982905982906	0.344017094017094	0.1517094017094017	0.0	0.022222222222222223	0.0718954248366013	0.5192307692307693	0.5042735042735043
ENST00000217182.6	ENSG00000101210	CDS	1392	0.6206896551724138	0.22557471264367815	0.2959770114942529	0.32471264367816094	0.15373563218390804	0.0	0.046296296296296294	0.1893939393939394	0.5502873563218391	0.521551724137931
ENST00000300527.9	ENSG00000142173	CDS	3060	0.6552287581699346	0.2084967320261438	0.3199346405228758	0.3352941176470588	0.13627450980392156	0.0	0.02344139650872818	0.209478672985782	0.5437908496732026	0.5284313725490196
ENST00000248958.5	ENSG00000128228	CDS	666	0.6591591591591591	0.17267267267267267	0.2972972972972973	0.36186186186186187	0.16816816816816818	0.0	0.0979498861047836	0.013215859030837005	0.5345345345345346	0.46996996996997
ENST00000216254.9	ENSG00000100412	CDS	2343	0.5731967562953478	0.23943661971830985	0.2880921895006402	0.28510456679470764	0.1873666239863423	0.0	-0.0052122114668652275	0.122	0.5245411865130175	0.5275288092189501
ENST00000380903.7	ENSG00000073169	CDS	2010	0.6706467661691542	0.16716417910447762	0.3288557213930348	0.3417910447761194	0.16218905472636816	0.0	0.019287833827893175	0.015105740181268883	0.508955223880597	0.49601990049751243
ENST00000156109.7	ENSG00000068394	CDS	1431	0.5897973445143256	0.23689727463312368	0.26484975541579314	0.3249475890985325	0.17330538085255065	0.0	0.1018957345971564	0.15502555366269166	0.5618448637316562	0.5017470300489169
ENST00000373829.8	ENSG00000147166	CDS	1044	0.5239463601532567	0.24616858237547892	0.24329501915708812	0.28065134099616856	0.22988505747126436	0.0	0.0712979890310786	0.03420523138832998	0.5268199233716475	0.48946360153256707
ENST00000378546.9	ENSG00000162585	mRNA	727	0.7083906464924347	0.1361760660247593	0.3672627235213205	0.34112792297111416	0.15543328748280605	0.0	-0.036893203883495145	-0.0660377358490566	0.47730398899587345	0.5034387895460798
ENST00000376957.7	ENSG00000116649	mRNA	1260	0.6365079365079365	0.176984126984127	0.3515873015873016	0.2849206349206349	0.1865079365079365	0.0	-0.10473815461346633	-0.026200873362445413	0.46190476190476193	0.5285714285714286
ENST00000373709.8	ENSG00000168528	mRNA	1900	0.63	0.15526315789473685	0.36105263157894735	0.26894736842105266	0.21473684210526317	0.0	-0.14619883040935672	-0.16073968705547653	0.4242105263157895	0.5163157894736842
ENST00000371226.8	ENSG00000162600	mRNA	1861	0.3772165502418055	0.3191832348199892	0.1740999462654487	0.2031166039763568	0.30360021493820527	0.0	0.07692307692307693	0.025021570319240724	0.522299838796346	0.49328318108543795
ENST00000370360.8	ENSG00000174842	mRNA	2006	0.35294117647058826	0.3459621136590229	0.15553339980059822	0.19740777666999004	0.30109670987038883	0.0	0.11864406779661017	0.06933744221879815	0.543369890329013	0.5014955134596212
ENST00000369099.8	ENSG00000118292	mRNA	509	0.43222003929273084	0.3045186640471513	0.18860510805500982	0.24361493123772102	0.2632612966601179	0.0	0.12727272727272726	0.0726643598615917	0.5481335952848723	0.4931237721021611
ENST00000428931.6	ENSG00000143569	mRNA	3877	0.5150889863296363	0.251998968274439	0.2834665978849626	0.23162238844467373	0.2329120453959247	0.0	-0.10065097646469705	0.039361702127659576	0.4836213567191127	0.5354655661594016
ENST00000367429.9	ENSG00000000971	mRNA	3962	0.392226148409894	0.3341746592629985	0.17592125189298335	0.21630489651691065	0.2735991923271075	0.0	0.10296010296010295	0.09966777408637874	0.5504795557799091	0.5100959111559819
ENST00000310256.7	ENSG00000173409	mRNA	1428	0.39285714285714285	0.31932773109243695	0.19467787114845939	0.19817927170868346	0.28781512605042014	0.0	0.008912655971479501	0.05190311418685121	0.5175070028011205	0.5140056022408963
ENST00000408888.8	ENSG00000188739	mRNA	1847	0.4325933946940985	0.3086085544125609	0.1938278289117488	0.23876556578234975	0.25879805089334057	0.0	0.10387984981226533	0.08778625954198473	0.5473741201949107	0.5024363833243097
ENST00000349456.9	ENSG00000163001	mRNA	1184	0.4222972972972973	0.3606418918918919	0.18158783783783783	0.24070945945945946	0.2170608108108108	0.0	0.14	0.24853801169590642	0.6013513513513513	0.5422297297297297
ENST00000244217.6	ENSG00000124370	mRNA	824	0.3871359223300971	0.3276699029126214	0.1820388349514563	0.20509708737864077	0.28519417475728154	0.0	0.05956112852664577	0.06930693069306931	0.5327669902912622	0.5097087378640777
ENST00000244230.7	ENSG00000124383	mRNA	2164	0.38724584103512016	0.3867837338262477	0.15388170055452866	0.2333641404805915	0.22597042513863216	0.0	0.2052505966587112	0.26244343891402716	0.6201478743068392	0.5406654343807763
ENST00000289359.6	ENSG00000158411	mRNA	939	0.3908413205537806	0.33759318423855167	0.1703940362087327	0.22044728434504793	0.2715654952076677	0.0	0.12806539509536785	0.10839160839160839	0.5580404685835996	0.5079872204472844
ENST00000295095.11	ENSG00000075884	mRNA	1670	0.4023952095808383	0.3467065868263473	0.19820359281437125	0.20419161676646708	0.2508982035928144	0.0	0.01488095238095238	0.16032064128256512	0.5508982035928144	0.5449101796407185
ENST00000317647.12	ENSG00000163072	mRNA	2075	0.42120481927710846	0.3527710843373494	0.19759036144578312	0.2236144578313253	0.22602409638554216	0.0	0.06178489702517163	0.2189841798501249	0.5763855421686747	0.5503614457831325
ENST00000306125.12	ENSG00000172053	mRNA	2449	0.5483870967741935	0.23274806043282972	0.273172723560637	0.2752143732135566	0.21886484279297672	0.0	0.0037230081906180195	0.03074141048824593	0.5079624336463863	0.5059207839934667
ENST00000295899.10	ENSG00000163634	mRNA	892	0.38004484304932734	0.35650224215246634	0.16591928251121077	0.2141255605381166	0.26345291479820626	0.0	0.12684365781710916	0.15009041591320071	0.570627802690583	0.5224215246636771
ENST00000273668.7	ENSG00000145088	mRNA	998	0.3937875751503006	0.3456913827655311	0.17835671342685372	0.2154308617234469	0.2605210420841683	0.0	0.09414758269720101	0.14049586776859505	0.561122244488978	0.5240480961923848
ENST00000342480.7	ENSG00000114631	mRNA	2175	0.6409195402298851	0.20367816091954022	0.32	0.32091954022988506	0.15540229885057472	0.0	0.0014347202295552368	0.13444302176696543	0.5245977011494253	0.5236781609195402
ENST00000254730.11	ENSG00000132394	mRNA	2205	0.6095238095238096	0.2090702947845805	0.3201814058956916	0.2893424036281179	0.18140589569160998	0.0	-0.050595238095238096	0.07084785133565621	0.4984126984126984	0.5292517006802722
ENST00000476781.6	ENSG00000136522	mRNA	1354	0.37813884785819796	0.3330871491875923	0.17134416543574593	0.206794682422452	0.28877400295420974	0.0	0.09375	0.07125890736342043	0.5398818316100443	0.5044313146233382
ENST00000307944.6	ENSG00000213139	mRNA	844	0.48104265402843605	0.273696682464455	0.2476303317535545	0.2334123222748815	0.245260663507109	0.0	-0.029556650246305417	0.0547945205479452	0.5071090047393365	0.5213270142180095
ENST00000324642.4	ENSG00000164363	mRNA	2095	0.6157517899761337	0.1747016706443914	0.31742243436754175	0.29832935560859186	0.20954653937947493	0.0	-0.031007751937984496	-0.0906832298136646	0.47303102625298327	0.49212410501193316
ENST00000396027.9	ENSG00000152422	mRNA	1602	0.3570536828963795	0.3533083645443196	0.15667915106117353	0.20037453183520598	0.28963795255930086	0.0	0.12237762237762238	0.09902912621359224	0.5536828963795256	0.5099875156054932
ENST00000282611.8	ENSG00000152705	mRNA	1355	0.48560885608856086	0.25018450184501845	0.24132841328413285	0.24428044280442804	0.26420664206642064	0.0	0.0060790273556231	-0.027259684361549498	0.4944649446494465	0.4915129151291513
ENST00000305264.8	ENSG00000171720	mRNA	1933	0.5240558717020176	0.22607346094154165	0.26228660113812724	0.2617692705638903	0.24987066735644076	0.0	-0.0009871668311944718	-0.05	0.48784273150543195	0.4883600620796689
ENST00000438763.7	ENSG00000241106	mRNA	1326	0.4939668174962293	0.2330316742081448	0.2398190045248869	0.25414781297134237	0.2730015082956259	0.0	0.02900763358778626	-0.07898658718330849	0.48717948717948717	0.47285067873303166
ENST00000372876.2	ENSG00000124659	mRNA	1606	0.5435865504358655	0.23038605230386053	0.25965130759651306	0.28393524283935245	0.22602739726027396	0.0	0.044673539518900345	0.009549795361527967	0.5143212951432129	0.4900373599003736
ENST00000369798.7	ENSG00000112742	mRNA	2966	0.3641267700606878	0.35468644639244773	0.17734322319622386	0.1867835468644639	0.28118678354686444	0.0	0.025925925925925925	0.11558854718981973	0.5414699932569117	0.5320296695886716
ENST00000326499.11	ENSG00000112303	mRNA	2014	0.4200595829195631	0.2855014895729891	0.20407149950347567	0.21598808341608738	0.2944389275074479	0.0	0.028368794326241134	-0.015410958904109588	0.5014895729890765	0.48957298907646474
ENST00000344962.9	ENSG00000188732	mRNA	1403	0.3856022808267997	0.3057733428367783	0.1810406272273699	0.2045616535994298	0.308624376336422	0.0	0.06099815157116451	-0.004640371229698376	0.5103349964362082	0.4868139700641482
ENST00000297533.9	ENSG00000164897	mRNA	1295	0.6965250965250965	0.1444015444015444	0.3752895752895753	0.32123552123552124	0.15907335907335907	0.0	-0.07760532150776053	-0.04834605597964377	0.46563706563706564	0.5196911196911197
ENST00000276585.9	ENSG00000147586	mRNA	838	0.4295942720763723	0.2863961813842482	0.18496420047732698	0.24463007159904535	0.2840095465393795	0.0	0.1388888888888889	0.0041841004184100415	0.5310262529832935	0.4713603818615752
ENST00000448384.3	ENSG00000214954	mRNA	1344	0.3861607142857143	0.3273809523809524	0.19642857142857142	0.18973214285714285	0.2864583333333333	0.0	-0.017341040462427744	0.06666666666666667	0.5171130952380952	0.5238095238095238
ENST00000257497.11	ENSG00000135046	mRNA	1401	0.40827980014275517	0.3326195574589579	0.1948608137044968	0.21341898643825838	0.25910064239828695	0.0	0.045454545454545456	0.12424607961399277	0.5460385438972163	0.5274803711634547
ENST00000323927.3	ENSG00000176248	mRNA	2655	0.6335216572504708	0.18794726930320152	0.303954802259887	0.3295668549905838	0.17853107344632768	0.0	0.04042806183115339	0.025693730729701953	0.5175141242937853	0.4919020715630885
ENST00000380554.5	ENSG00000196139	mRNA	1186	0.4620573355817875	0.2875210792580101	0.22259696458684655	0.23946037099494097	0.25042158516020235	0.0	0.0364963503649635	0.06896551724137931	0.5269814502529511	0.5101180438448567
ENST00000378372.8	ENSG00000187522	mRNA	1762	0.4103291713961407	0.30533484676503975	0.18104426787741204	0.2292849035187287	0.28433598183881953	0.0	0.11756569847856155	0.0356111645813282	0.5346197502837684	0.48637911464245176
ENST00000299166.9	ENSG00000166136	mRNA	678	0.5457227138643068	0.2374631268436578	0.25663716814159293	0.2890855457227139	0.2168141592920354	0.0	0.05945945945945946	0.045454545454545456	0.5265486725663717	0.4941002949852507
ENST00000397298.8	ENSG00000214026	mRNA	673	0.6478454680534919	0.2065378900445765	0.2986627043090639	0.3491827637444279	0.14561664190193166	0.0	0.0779816513761468	0.1729957805907173	0.5557206537890045	0.5052005943536404
ENST00000241051.8	ENSG00000121690	mRNA	1741	0.40149339460080413	0.327972429638139	0.19012062033314187	0.21137277426766227	0.27053417576105687	0.0	0.05293276108726753	0.09596928982725528	0.5393452039058013	0.5180930499712809
ENST00000263774.9	ENSG00000213619	mRNA	894	0.5369127516778524	0.2214765100671141	0.25279642058165547	0.2841163310961969	0.24161073825503357	0.0	0.058333333333333334	-0.043478260869565216	0.5055928411633109	0.4742729306487696
ENST00000265471.10	ENSG00000149541	mRNA	1452	0.6384297520661157	0.1763085399449036	0.3181818181818182	0.3202479338842975	0.18526170798898073	0.0	0.003236245954692557	-0.024761904761904763	0.4965564738292011	0.49449035812672176
ENST00000280350.10	ENSG00000150773	mRNA	1090	0.3944954128440367	0.3467889908256881	0.1981651376146789	0.1963302752293578	0.25871559633027524	0.0	-0.004651162790697674	0.14545454545454545	0.5431192660550459	0.544954128440367
ENST00000329406.5	ENSG00000183395	mRNA	754	0.35145888594164454	0.3448275862068966	0.16180371352785147	0.1896551724137931	0.3037135278514589	0.0	0.07924528301886792	0.06339468302658487	0.5344827586206896	0.506631299734748
ENST00000229379.3	ENSG00000111775	mRNA	537	0.5288640595903166	0.23649906890130354	0.2756052141527002	0.2532588454376164	0.2346368715083799	0.0	-0.04225352112676056	0.003952569169960474	0.4897579143389199	0.5121042830540037
ENST00000299601.10	ENSG00000166477	mRNA	2165	0.4226327944572748	0.36212471131639723	0.1630484988452656	0.25958429561200924	0.21524249422632794	0.0	0.2284153005464481	0.2544	0.6217090069284065	0.5251732101616629
ENST00000219409.8	ENSG00000242173	mRNA	964	0.6794605809128631	0.14730290456431536	0.32987551867219916	0.3495850622406639	0.17323651452282157	0.0	0.02900763358778626	-0.08090614886731391	0.49688796680497926	0.47717842323651455
ENST00000394863.8	ENSG00000140682	mRNA	1805	0.6349030470914128	0.17950138504155125	0.36620498614958447	0.26869806094182824	0.18559556786703602	0.0	-0.15357766143106458	-0.01669195751138088	0.4481994459833795	0.5457063711911357
ENST00000458121.7	ENSG00000102981	mRNA	1244	0.6406752411575563	0.1720257234726688	0.32556270096463025	0.31511254019292606	0.1872990353697749	0.0	-0.01631116687578419	-0.042505592841163314	0.4871382636655949	0.49758842443729906
ENST00000302422.4	ENSG00000205544	mRNA	446	0.5448430493273543	0.19730941704035873	0.273542600896861	0.2713004484304933	0.257847533632287	0.0	-0.00411522633744856	-0.1330049261083744	0.46860986547085204	0.47085201793721976
ENST00000293831.13	ENSG00000161960	mRNA	1758	0.49658703071672355	0.26791808873720135	0.24061433447098976	0.25597269624573377	0.2354948805460751	0.0	0.030927835051546393	0.06440677966101695	0.5238907849829352	0.5085324232081911
ENST00000261652.7	ENSG00000240505	mRNA	1391	0.5938173975557153	0.2580877066858375	0.2501797268152408	0.34363767074047447	0.14809489575844717	0.0	0.15738498789346247	0.27079646017699116	0.601725377426312	0.5082674335010784
ENST00000422514.7	ENSG00000198242	mRNA	970	0.47835051546391755	0.2845360824742268	0.25051546391752577	0.22783505154639175	0.23711340206185566	0.0	-0.04741379310344827	0.09090909090909091	0.5123711340206185	0.5350515463917526
ENST00000314144.10	ENSG00000132141	mRNA	1847	0.40173253925284247	0.3134813210611803	0.17379534380075798	0.22793719545208446	0.28478613968597727	0.0	0.1347708894878706	0.04796380090497738	0.5414185165132648	0.48727666486193827
ENST00000333213.11	ENSG00000182173	mRNA	1937	0.6277749096541043	0.18998451213216314	0.31130614352090863	0.3164687661331957	0.18224057821373257	0.0	0.008223684210526315	0.020804438280166437	0.5064532782653588	0.5012906556530717
ENST00000300784.8	ENSG00000167363	mRNA	1393	0.6547020818377602	0.15290739411342427	0.3854989231873654	0.26920315865039485	0.19239052404881551	0.0	-0.17763157894736842	-0.11434511434511435	0.4221105527638191	0.5384063173007897
ENST00000233997.4	ENSG00000172232	mRNA	907	0.6747519294377067	0.15325248070562295	0.36604189636163176	0.308710033076075	0.17199558985667035	0.0	-0.08496732026143791	-0.0576271186440678	0.4619625137816979	0.5192943770672547
ENST00000233627.14	ENSG00000115286	mRNA	758	0.6688654353562006	0.16226912928759896	0.3482849604221636	0.32058047493403696	0.16886543535620052	0.0	-0.04142011834319527	-0.0199203187250996	0.48284960422163586	0.5105540897097626
ENST00000300961.10	ENSG00000167476	mRNA	1138	0.710896309314587	0.19156414762741653	0.3374340949033392	0.37346221441124783	0.09753954305799649	0.0	0.05067985166872682	0.3252279635258359	0.5650263620386643	0.5289982425307557
ENST00000292672.7	ENSG00000161082	mRNA	1896	0.6081223628691983	0.2109704641350211	0.33016877637130804	0.2779535864978903	0.1809071729957806	0.0	-0.08586296617519515	0.07671601615074024	0.4889240506329114	0.5411392405063291
ENST00000294618.12	ENSG00000130158	mRNA	6430	0.6164852255054433	0.19673405909797823	0.3230171073094868	0.2934681181959565	0.18678071539657853	0.0	-0.0479313824419778	0.025952960259529603	0.49020217729393467	0.519751166407465
ENST00000291842.10	ENSG00000160410	mRNA	2341	0.6232379325074754	0.1828278513455788	0.3314822725331055	0.2917556599743699	0.19393421614694575	0.0	-0.06374228923920494	-0.02947845804988662	0.47458351131994875	0.5143101238786844
ENST00000270221.11	ENSG00000142227	mRNA	649	0.5993836671802774	0.1694915254237288	0.3436055469953775	0.25577812018489987	0.23112480739599384	0.0	-0.14652956298200515	-0.15384615384615385	0.4252696456086287	0.5130970724191063
ENST00000345358.12	ENSG00000087088	mRNA	795	0.6075471698113207	0.18364779874213835	0.26037735849056604	0.3471698113207547	0.2088050314465409	0.0	0.14285714285714285	-0.0641025641025641	0.5308176100628931	0.4440251572327044
ENST00000376112.4	ENSG00000125968	mRNA	983	0.5788402848423194	0.1963377416073245	0.28789420142421157	0.29094608341810785	0.22482197355035605	0.0	0.005272407732864675	-0.06763285024154589	0.4872838250254323	0.4842319430315361
ENST00000217182.6	ENSG00000101210	mRNA	1773	0.6457980823463056	0.20812182741116753	0.332205301748449	0.3135927805978567	0.1460800902425268	0.0	-0.028820960698689956	0.1751592356687898	0.5217146080090242	0.5403271291596164
ENST00000300527.9	ENSG00000142173	mRNA	3445	0.6635703918722786	0.20029027576197386	0.3343976777939042	0.32917271407837445	0.13613933236574746	0.0	-0.007874015748031496	0.1906816220880069	0.5294629898403483	0.5346879535558781
ENST00000248958.5	ENSG00000128228	mRNA	825	0.6509090909090909	0.16727272727272727	0.2739393939393939	0.37696969696969695	0.18181818181818182	0.0	0.15828677839851024	-0.041666666666666664	0.5442424242424242	0.4412121212121212
ENST00000216254.9	ENSG00000100412	mRNA	2734	0.5610826627651793	0.23628383321141186	0.2849305047549378	0.2761521580102414	0.20263350402340893	0.0	-0.01564537157757497	0.07666666666666666	0.5124359912216533	0.5212143379663496
ENST00000380903.7	ENSG00000073169	mRNA	2283	0.668856767411301	0.16732369689005694	0.3320192728865528	0.33683749452474815	0.16381953569864213	0.0	0.007203667321545514	0.010582010582010581	0.5041611914148051	0.49934296977660975
ENST00000156109.7	ENSG00000068394	mRNA	1658	0.571773220747889	0.24909529553679133	0.25814234016887816	0.31363088057901084	0.17913148371531967	0.0	0.0970464135021097	0.16338028169014085	0.5627261761158022	0.5072376357056695
ENST00000373829.8	ENSG00000147166	mRNA	1280	0.5046875	0.25390625	0.23984375	0.26484375	0.24140625	0.0	0.04953560371517028	0.025236593059936908	0.51875	0.49375
ENST00000378546.9	ENSG00000162585	start_codon_region	56	0.7857142857142857	0.07142857142857142	0.2857142857142857	0.5	0.14285714285714285	0.0	0.2727272727272727	-0.3333333333333333	0.5714285714285714	0.35714285714285715
ENST00000376957.7	ENSG00000116649	start_codon_region	63	0.9206349206349206	0.047619047619047616	0.6349206349206349	0.2857142857142857	0.031746031746031744	0.0	-0.3793103448275862	0.2	0.3333333333333333	0.6825396825396826
ENST00000373709.8	ENSG00000168528	start_codon_region	63	0.8095238095238095	0.07936507936507936	0.4126984126984127	0.3968253968253968	0.1111111111111111	0.0	-0.0196078431372549	-0.16666666666666666	0.47619047619047616	0.49206349206349204
ENST00000371226.8	ENSG00000162600	start_codon_region	63	0.4444444444444444	0.2222222222222222	0.19047619047619047	0.25396825396825395	0.3333333333333333	0.0	0.14285714285714285	-0.2	0.47619047619047616	0.4126984126984127
ENST00000370360.8	ENSG00000174842	start_codon_region	63	0.3333333333333333	0.4126984126984127	0.1111111111111111	0.2222222222222222	0.25396825396825395	0.0	0.3333333333333333	0.23809523809523808	0.6349206349206349	0.5238095238095238
ENST00000369099.8	ENSG00000118292	start_codon_region	61	0.4426229508196721	0.22950819672131148	0.22950819672131148	0.21311475409836064	0.32786885245901637	0.0	-0.037037037037037035	-0.17647058823529413	0.4426229508196721	0.45901639344262296
ENST00000428931.6	ENSG00000143569	start_codon_region	63	0.4126984126984127	0.2857142857142857	0.1746031746031746	0.23809523809523808	0.30158730158730157	0.0	0.15384615384615385	-0.02702702702702703	0.5238095238095238	0.4603174603174603
ENST00000367429.9	ENSG00000000971	start_codon_region	63	0.31746031746031744	0.36507936507936506	0.15873015873015872	0.15873015873015872	0.31746031746031744	0.0	0.0	0.06976744186046512	0.5238095238095238	0.5238095238095238
ENST00000310256.7	ENSG00000173409	start_codon_region	45	0.6666666666666666	0.2222222222222222	0.2	0.4666666666666667	0.1111111111111111	0.0	0.4	0.3333333333333333	0.6888888888888889	0.4222222222222222
ENST00000408888.8	ENSG00000188739	start_codon_region	57	0.49122807017543857	0.3157894736842105	0.10526315789473684	0.38596491228070173	0.19298245614035087	0.0	0.5714285714285714	0.2413793103448276	0.7017543859649122	0.42105263157894735
ENST00000349456.9	ENSG00000163001	start_codon_region	63	0.6349206349206349	0.1746031746031746	0.20634920634920634	0.42857142857142855	0.19047619047619047	0.0	0.35	-0.043478260869565216	0.6031746031746031	0.38095238095238093
ENST00000244217.6	ENSG00000124370	start_codon_region	43	0.6046511627906976	0.20930232558139536	0.2558139534883721	0.3488372093023256	0.18604651162790697	0.0	0.15384615384615385	0.058823529411764705	0.5581395348837209	0.46511627906976744
ENST00000244230.7	ENSG00000124383	start_codon_region	63	0.6666666666666666	0.12698412698412698	0.2857142857142857	0.38095238095238093	0.20634920634920634	0.0	0.14285714285714285	-0.23809523809523808	0.5079365079365079	0.4126984126984127
ENST00000289359.6	ENSG00000158411	start_codon_region	63	0.6190476190476191	0.23809523809523808	0.20634920634920634	0.4126984126984127	0.14285714285714285	0.0	0.3333333333333333	0.25	0.6507936507936508	0.4444444444444444
ENST00000295095.11	ENSG00000075884	start_codon_region	63	0.36507936507936506	0.36507936507936506	0.19047619047619047	0.1746031746031746	0.2698412698412698	0.0	-0.043478260869565216	0.15	0.5396825396825397	0.5555555555555556
ENST00000317647.12	ENSG00000163072	start_codon_region	43	0.4186046511627907	0.32558139534883723	0.23255813953488372	0.18604651162790697	0.2558139534883721	0.0	-0.1111111111111111	0.12	0.5116279069767442	0.5581395348837209
ENST00000306125.12	ENSG00000172053	start_codon_region	57	0.5263157894736842	0.10526315789473684	0.3157894736842105	0.21052631578947367	0.3684210526315789	0.0	-0.2	-0.5555555555555556	0.3157894736842105	0.42105263157894735
ENST00000295899.10	ENSG00000163634	start_codon_region	48	0.6666666666666666	0.20833333333333334	0.3125	0.3541666666666667	0.125	0.0	0.0625	0.25	0.5625	0.5208333333333334
ENST00000273668.7	ENSG00000145088	start_codon_region	63	0.4603174603174603	0.3492063492063492	0.19047619047619047	0.2698412698412698	0.19047619047619047	0.0	0.1724137931034483	0.29411764705882354	0.6190476190476191	0.5396825396825397
ENST00000342480.7	ENSG00000114631	start_codon_region	63	0.8095238095238095	0.07936507936507936	0.38095238095238093	0.42857142857142855	0.1111111111111111	0.0	0.058823529411764705	-0.16666666666666666	0.5079365079365079	0.4603174603174603
ENST00000254730.11	ENSG00000132394	start_codon_region	60	0.7833333333333333	0.11666666666666667	0.23333333333333334	0.55	0.1	0.0	0.40425531914893614	0.07692307692307693	0.6666666666666666	0.35
ENST00000476781.6	ENSG00000136522	start_codon_region	47	0.5319148936170213	0.1702127659574468	0.2127659574468085	0.3191489361702128	0.2978723404255319	0.0	0.2	-0.2727272727272727	0.48936170212765956	0.3829787234042553
ENST00000307944.6	ENSG00000213139	start_codon_region	63	0.38095238095238093	0.38095238095238093	0.2222222222222222	0.15873015873015872	0.23809523809523808	0.0	-0.16666666666666666	0.23076923076923078	0.5396825396825397	0.6031746031746031
ENST00000324642.4	ENSG00000164363	start_codon_region	63	0.6825396825396826	0.1746031746031746	0.4126984126984127	0.2698412698412698	0.14285714285714285	0.0	-0.20930232558139536	0.1	0.4444444444444444	0.5873015873015873
ENST00000396027.9	ENSG00000152422	start_codon_region	63	0.3968253968253968	0.4126984126984127	0.1111111111111111	0.2857142857142857	0.19047619047619047	0.0	0.44	0.3684210526315789	0.6984126984126984	0.5238095238095238
ENST00000282611.8	ENSG00000152705	start_codon_region	63	0.42857142857142855	0.3968253968253968	0.2222222222222222	0.20634920634920634	0.1746031746031746	0.0	-0.037037037037037035	0.3888888888888889	0.6031746031746031	0.6190476190476191
ENST00000305264.8	ENSG00000171720	start_codon_region	63	0.6984126984126984	0.14285714285714285	0.38095238095238093	0.31746031746031744	0.15873015873015872	0.0	-0.09090909090909091	-0.05263157894736842	0.4603174603174603	0.5238095238095238
ENST00000438763.7	ENSG00000241106	start_codon_region	63	0.49206349206349204	0.09523809523809523	0.2222222222222222	0.2698412698412698	0.4126984126984127	0.0	0.0967741935483871	-0.625	0.36507936507936506	0.31746031746031744
ENST00000372876.2	ENSG00000124659	start_codon_region	63	0.5238095238095238	0.2698412698412698	0.2222222222222222	0.30158730158730157	0.20634920634920634	0.0	0.15151515151515152	0.13333333333333333	0.5714285714285714	0.49206349206349204
ENST00000369798.7	ENSG00000112742	start_codon_region	63	0.4444444444444444	0.2698412698412698	0.19047619047619047	0.25396825396825395	0.2857142857142857	0.0	0.14285714285714285	-0.02857142857142857	0.5238095238095238	0.4603174603174603
ENST00000326499.11	ENSG00000112303	start_codon_region	54	0.4444444444444444	0.24074074074074073	0.2962962962962963	0.14814814814814814	0.3148148148148148	0.0	-0.3333333333333333	-0.13333333333333333	0.3888888888888889	0.5370370370370371
ENST00000344962.9	ENSG00000188732	start_codon_region	53	0.6792452830188679	0.09433962264150944	0.33962264150943394	0.33962264150943394	0.22641509433962265	0.0	0.0	-0.4117647058823529	0.4339622641509434	0.4339622641509434
ENST00000297533.9	ENSG00000164897	start_codon_region	63	0.6666666666666666	0.1746031746031746	0.20634920634920634	0.4603174603174603	0.15873015873015872	0.0	0.38095238095238093	0.047619047619047616	0.6349206349206349	0.38095238095238093
ENST00000276585.9	ENSG00000147586	start_codon_region	44	0.6136363636363636	0.1590909090909091	0.22727272727272727	0.38636363636363635	0.22727272727272727	0.0	0.25925925925925924	-0.17647058823529413	0.5454545454545454	0.38636363636363635
ENST00000448384.3	ENSG00000214954	start_codon_region	63	0.31746031746031744	0.2857142857142857	0.15873015873015872	0.15873015873015872	0.3968253968253968	0.0	0.0	-0.16279069767441862	0.4444444444444444	0.4444444444444444
ENST00000257497.11	ENSG00000135046	start_codon_region	63	0.3968253968253968	0.38095238095238093	0.1746031746031746	0.2222222222222222	0.2222222222222222	0.0	0.12	0.2631578947368421	0.6031746031746031	0.5555555555555556
ENST00000323927.3	ENSG00000176248	start_codon_region	61	0.6885245901639344	0.14754098360655737	0.16393442622950818	0.5245901639344263	0.16393442622950818	0.0	0.5238095238095238	-0.05263157894736842	0.6721311475409836	0.3114754098360656
ENST00000380554.5	ENSG00000196139	start_codon_region	63	0.3968253968253968	0.38095238095238093	0.1746031746031746	0.2222222222222222	0.2222222222222222	0.0	0.12	0.2631578947368421	0.6031746031746031	0.5555555555555556
ENST00000378372.8	ENSG00000187522	start_codon_region	63	0.6825396825396826	0.09523809523809523	0.4126984126984127	0.2698412698412698	0.2222222222222222	0.0	-0.20930232558139536	-0.4	0.36507936507936506	0.5079365079365079
ENST00000299166.9	ENSG00000166136	start_codon_region	53	0.6226415094339622	0.22641509433962265	0.1509433962264151	0.4716981132075472	0.1509433962264151	0.0	0.5151515151515151	0.2	0.6981132075471698	0.37735849056603776
ENST00000397298.8	ENSG00000214026	start_codon_region	63	0.7301587301587301	0.12698412698412698	0.3492063492063492	0.38095238095238093	0.14285714285714285	0.0	0.043478260869565216	-0.058823529411764705	0.5079365079365079	0.47619047619047616
ENST00000241051.8	ENSG00000121690	start_codon_region	63	0.6984126984126984	0.1746031746031746	0.23809523809523808	0.4603174603174603	0.12698412698412698	0.0	0.3181818181818182	0.15789473684210525	0.6349206349206349	0.4126984126984127
ENST00000263774.9	ENSG00000213619	start_codon_region	51	0.6470588235294118	0.1568627450980392	0.21568627450980393	0.43137254901960786	0.19607843137254902	0.0	0.3333333333333333	-0.1111111111111111	0.5882352941176471	0.37254901960784315
ENST00000265471.10	ENSG00000149541	start_codon_region	63	0.6984126984126984	0.14285714285714285	0.30158730158730157	0.3968253968253968	0.15873015873015872	0.0	0.13636363636363635	-0.05263157894736842	0.5396825396825397	0.4444444444444444
ENST00000280350.10	ENSG00000150773	start_codon_region	63	0.38095238095238093	0.36507936507936506	0.25396825396825395	0.12698412698412698	0.25396825396825395	0.0	-0.3333333333333333	0.1794871794871795	0.49206349206349204	0.6190476190476191
ENST00000329406.5	ENSG00000183395	start_codon_region	63	0.30158730158730157	0.38095238095238093	0.1746031746031746	0.12698412698412698	0.31746031746031744	0.0	-0.15789473684210525	0.09090909090909091	0.5079365079365079	0.5555555555555556
ENST00000229379.3	ENSG00000111775	start_codon_region	47	0.5106382978723404	0.19148936170212766	0.19148936170212766	0.3191489361702128	0.2978723404255319	0.0	0.25	-0.21739130434782608	0.5106382978723404	0.3829787234042553
ENST00000299601.10	ENSG00000166477	start_codon_region	63	0.5873015873015873	0.25396825396825395	0.20634920634920634	0.38095238095238093	0.15873015873015872	0.0	0.2972972972972973	0.23076923076923078	0.6349206349206349	0.4603174603174603
ENST00000219409.8	ENSG00000242173	start_codon_region	63	0.8571428571428571	0.047619047619047616	0.38095238095238093	0.47619047619047616	0.09523809523809523	0.0	0.1111111111111111	-0.3333333333333333	0.5238095238095238	0.42857142857142855
ENST00000394863.8	ENSG00000140682	start_codon_region	63	0.7619047619047619	0.09523809523809523	0.47619047619047616	0.2857142857142857	0.14285714285714285	0.0	-0.25	-0.2	0.38095238095238093	0.5714285714285714
ENST00000458121.7	ENSG00000102981	start_codon_region	63	0.8412698412698413	0.09523809523809523	0.49206349206349204	0.3492063492063492	0.06349206349206349	0.0	-0.16981132075471697	0.2	0.4444444444444444	0.5873015873015873
ENST00000302422.4	ENSG00000205544	start_codon_region	46	0.6304347826086957	0.10869565217391304	0.34782608695652173	0.2826086956521739	0.2608695652173913	0.0	-0.10344827586206896	-0.4117647058823529	0.391304347826087	0.45652173913043476
ENST00000293831.13	ENSG00000161960	start_codon_region	50	0.52	0.24	0.28	0.24	0.24	0.0	-0.07692307692307693	0.0	0.48	0.52
ENST00000261652.7	ENSG00000240505	start_codon_region	63	0.5396825396825397	0.2698412698412698	0.19047619047619047	0.3492063492063492	0.19047619047619047	0.0	0.29411764705882354	0.1724137931034483	0.6190476190476191	0.4603174603174603
ENST00000422514.7	ENSG00000198242	start_codon_region	54	0.5370370370370371	0.2962962962962963	0.25925925925925924	0.2777777777777778	0.16666666666666666	0.0	0.034482758620689655	0.28	0.5740740740740741	0.5555555555555556
ENST00000314144.10	ENSG00000132141	start_codon_region	63	0.47619047619047616	0.19047619047619047	0.25396825396825395	0.2222222222222222	0.3333333333333333	0.0	-0.06666666666666667	-0.2727272727272727	0.4126984126984127	0.4444444444444444
ENST00000333213.11	ENSG00000182173	start_codon_region	63	0.8571428571428571	0.1111111111111111	0.3492063492063492	0.5079365079365079	0.031746031746031744	0.0	0.18518518518518517	0.5555555555555556	0.6190476190476191	0.4603174603174603
ENST00000300784.8	ENSG00000167363	start_codon_region	55	0.7454545454545455	0.14545454545454545	0.43636363636363634	0.3090909090909091	0.10909090909090909	0.0	-0.17073170731707318	0.14285714285714285	0.45454545454545453	0.5818181818181818
ENST00000233997.4	ENSG00000172232	start_codon_region	43	0.7209302325581395	0.09302325581395349	0.4418604651162791	0.27906976744186046	0.18604651162790697	0.0	-0.22580645161290322	-0.3333333333333333	0.37209302325581395	0.5348837209302325
ENST00000233627.14	ENSG00000115286	start_codon_region	53	0.6981132075471698	0.1320754716981132	0.3018867924528302	0.39622641509433965	0.16981132075471697	0.0	0.13513513513513514	-0.125	0.5283018867924528	0.4339622641509434
ENST00000300961.10	ENSG00000167476	start_codon_region	63	0.6507936507936508	0.1746031746031746	0.3333333333333333	0.31746031746031744	0.1746031746031746	0.0	-0.024390243902439025	0.0	0.49206349206349204	0.5079365079365079
ENST00000292672.7	ENSG00000161082	start_codon_region	63	0.8571428571428571	0.07936507936507936	0.4603174603174603	0.3968253968253968	0.06349206349206349	0.0	-0.07407407407407407	0.1111111111111111	0.47619047619047616	0.5396825396825397
ENST00000294618.12	ENSG00000130158	start_codon_region	63	0.8253968253968254	0.09523809523809523	0.3968253968253968	0.42857142857142855	0.07936507936507936	0.0	0.038461538461538464	0.09090909090909091	0.5238095238095238	0.49206349206349204
ENST00000291842.10	ENSG00000160410	start_codon_region	60	0.8	0.11666666666666667	0.35	0.45	0.08333333333333333	0.0	0.125	0.16666666666666666	0.5666666666666667	0.4666666666666667
ENST00000270221.11	ENSG00000142227	start_codon_region	63	0.5873015873015873	0.07936507936507936	0.36507936507936506	0.2222222222222222	0.3333333333333333	0.0	-0.24324324324324326	-0.6153846153846154	0.30158730158730157	0.4444444444444444
ENST00000345358.12	ENSG00000087088	start_codon_region	63	0.8095238095238095	0.14285714285714285	0.23809523809523808	0.5714285714285714	0.047619047619047616	0.0	0.4117647058823529	0.5	0.7142857142857143	0.38095238095238093
ENST00000376112.4	ENSG00000125968	start_codon_region	63	0.5873015873015873	0.23809523809523808	0.36507936507936506	0.2222222222222222	0.1746031746031746	0.0	-0.24324324324324326	0.15384615384615385	0.4603174603174603	0.6031746031746031
ENST00000217182.6	ENSG00000101210	start_codon_region	63	0.5873015873015873	0.30158730158730157	0.38095238095238093	0.20634920634920634	0.1111111111111111	0.0	-0.2972972972972973	0.46153846153846156	0.5079365079365079	0.6825396825396826
ENST00000300527.9	ENSG00000142173	start_codon_region	63	0.6507936507936508	0.15873015873015872	0.36507936507936506	0.2857142857142857	0.19047619047619047	0.0	-0.12195121951219512	-0.09090909090909091	0.4444444444444444	0.5238095238095238
ENST00000248958.5	ENSG00000128228	start_codon_region	63	0.8571428571428571	0.06349206349206349	0.2857142857142857	0.5714285714285714	0.07936507936507936	0.0	0.3333333333333333	-0.1111111111111111	0.6349206349206349	0.3492063492063492
ENST00000216254.9	ENSG00000100412	start_codon_region	63	0.5396825396825397	0.2222222222222222	0.30158730158730157	0.23809523809523808	0.23809523809523808	0.0	-0.11764705882352941	-0.034482758620689655	0.4603174603174603	0.5238095238095238
ENST00000380903.7	ENSG00000073169	start_codon_region	59	0.7627118644067796	0.1016949152542373	0.288135593220339	0.4745762711864407	0.13559322033898305	0.0	0.24444444444444444	-0.14285714285714285	0.576271186440678	0.3898305084745763
ENST00000156109.7	ENSG00000068394	start_codon_region	46	0.5217391304347826	0.2826086956521739	0.17391304347826086	0.34782608695652173	0.1956521739130435	0.0	0.3333333333333333	0.18181818181818182	0.6304347826086957	0.45652173913043476
ENST00000373829.8	ENSG00000147166	start_codon_region	63	0.4603174603174603	0.23809523809523808	0.2857142857142857	0.1746031746031746	0.30158730158730157	0.0	-0.2413793103448276	-0.11764705882352941	0.4126984126984127	0.5238095238095238
ENST00000378546.9	ENSG00000162585	stop_codon_region	63	0.6190476190476191	0.25396825396825395	0.2698412698412698	0.3492063492063492	0.12698412698412698	0.0	0.1282051282051282	0.3333333333333333	0.6031746031746031	0.5238095238095238
ENST00000376957.7	ENSG00000116649	stop_codon_region	63	0.6349206349206349	0.20634920634920634	0.3492063492063492	0.2857142857142857	0.15873015873015872	0.0	-0.1	0.13043478260869565	0.49206349206349204	0.5555555555555556
ENST00000373709.8	ENSG00000168528	stop_codon_region	63	0.6507936507936508	0.15873015873015872	0.42857142857142855	0.2222222222222222	0.19047619047619047	0.0	-0.3170731707317073	-0.09090909090909091	0.38095238095238093	0.5873015873015873
ENST00000371226.8	ENSG00000162600	stop_codon_region	63	0.30158730158730157	0.4603174603174603	0.09523809523809523	0.20634920634920634	0.23809523809523808	0.0	0.3684210526315789	0.3181818181818182	0.6666666666666666	0.5555555555555556
ENST00000370360.8	ENSG00000174842	stop_codon_region	63	0.2698412698412698	0.4444444444444444	0.14285714285714285	0.12698412698412698	0.2857142857142857	0.0	-0.058823529411764705	0.21739130434782608	0.5714285714285714	0.5873015873015873
ENST00000369099.8	ENSG00000118292	stop_codon_region	63	0.4603174603174603	0.20634920634920634	0.12698412698412698	0.3333333333333333	0.3333333333333333	0.0	0.4482758620689655	-0.23529411764705882	0.5396825396825397	0.3333333333333333
ENST00000428931.6	ENSG00000143569	stop_codon_region	63	0.6349206349206349	0.1746031746031746	0.3968253968253968	0.23809523809523808	0.19047619047619047	0.0	-0.25	-0.043478260869565216	0.4126984126984127	0.5714285714285714
ENST00000367429.9	ENSG00000000971	stop_codon_region	63	0.3333333333333333	0.4126984126984127	0.19047619047619047	0.14285714285714285	0.25396825396825395	0.0	-0.14285714285714285	0.23809523809523808	0.5555555555555556	0.6031746031746031
ENST00000310256.7	ENSG00000173409	stop_codon_region	63	0.36507936507936506	0.2222222222222222	0.20634920634920634	0.15873015873015872	0.4126984126984127	0.0	-0.13043478260869565	-0.3	0.38095238095238093	0.42857142857142855
ENST00000408888.8	ENSG00000188739	stop_codon_region	63	0.4126984126984127	0.36507936507936506	0.23809523809523808	0.1746031746031746	0.2222222222222222	0.0	-0.15384615384615385	0.24324324324324326	0.5396825396825397	0.6031746031746031
ENST00000349456.9	ENSG00000163001	stop_codon_region	63	0.2222222222222222	0.5396825396825397	0.06349206349206349	0.15873015873015872	0.23809523809523808	0.0	0.42857142857142855	0.3877551020408163	0.6984126984126984	0.6031746031746031
ENST00000244217.6	ENSG00000124370	stop_codon_region	63	0.38095238095238093	0.30158730158730157	0.12698412698412698	0.25396825396825395	0.31746031746031744	0.0	0.3333333333333333	-0.02564102564102564	0.5555555555555556	0.42857142857142855
ENST00000244230.7	ENSG00000124383	stop_codon_region	63	0.19047619047619047	0.3968253968253968	0.06349206349206349	0.12698412698412698	0.4126984126984127	0.0	0.3333333333333333	-0.0196078431372549	0.5238095238095238	0.4603174603174603
ENST00000289359.6	ENSG00000158411	stop_codon_region	63	0.2698412698412698	0.36507936507936506	0.09523809523809523	0.1746031746031746	0.36507936507936506	0.0	0.29411764705882354	0.0	0.5396825396825397	0.4603174603174603
ENST00000295095.11	ENSG00000075884	stop_codon_region	63	0.4444444444444444	0.36507936507936506	0.2222222222222222	0.2222222222222222	0.19047619047619047	0.0	0.0	0.3142857142857143	0.5873015873015873	0.5873015873015873
ENST00000317647.12	ENSG00000163072	stop_codon_region	63	0.4126984126984127	0.4126984126984127	0.2857142857142857	0.12698412698412698	0.1746031746031746	0.0	-0.38461538461538464	0.40540540540540543	0.5396825396825397	0.6984126984126984
ENST00000306125.12	ENSG00000172053	stop_codon_region	63	0.5396825396825397	0.30158730158730157	0.2857142857142857	0.25396825396825395	0.15873015873015872	0.0	-0.058823529411764705	0.3103448275862069	0.5555555555555556	0.5873015873015873
ENST00000295899.10	ENSG00000163634	stop_codon_region	63	0.49206349206349204	0.36507936507936506	0.2857142857142857	0.20634920634920634	0.14285714285714285	0.0	-0.16129032258064516	0.4375	0.5714285714285714	0.6507936507936508
ENST00000273668.7	ENSG00000145088	stop_codon_region	63	0.2857142857142857	0.42857142857142855	0.07936507936507936	0.20634920634920634	0.2857142857142857	0.0	0.4444444444444444	0.2	0.6349206349206349	0.5079365079365079
ENST00000342480.7	ENSG00000114631	stop_codon_region	63	0.7142857142857143	0.1746031746031746	0.2857142857142857	0.42857142857142855	0.1111111111111111	0.0	0.2	0.2222222222222222	0.6031746031746031	0.4603174603174603
ENST00000254730.11	ENSG00000132394	stop_codon_region	63	0.6349206349206349	0.15873015873015872	0.3968253968253968	0.23809523809523808	0.20634920634920634	0.0	-0.25	-0.13043478260869565	0.3968253968253968	0.5555555555555556
ENST00000476781.6	ENSG00000136522	stop_codon_region	63	0.3492063492063492	0.30158730158730157	0.19047619047619047	0.15873015873015872	0.3492063492063492	0.0	-0.09090909090909091	-0.07317073170731707	0.4603174603174603	0.49206349206349204
ENST00000307944.6	ENSG00000213139	stop_codon_region	63	0.5238095238095238	0.1746031746031746	0.23809523809523808	0.2857142857142857	0.30158730158730157	0.0	0.09090909090909091	-0.26666666666666666	0.4603174603174603	0.4126984126984127
ENST00000324642.4	ENSG00000164363	stop_codon_region	63	0.746031746031746	0.1746031746031746	0.31746031746031744	0.42857142857142855	0.07936507936507936	0.0	0.14893617021276595	0.375	0.6031746031746031	0.49206349206349204
ENST00000396027.9	ENSG00000152422	stop_codon_region	63	0.36507936507936506	0.3492063492063492	0.20634920634920634	0.15873015873015872	0.2857142857142857	0.0	-0.13043478260869565	0.1	0.5079365079365079	0.5555555555555556
ENST00000282611.8	ENSG00000152705	stop_codon_region	63	0.6031746031746031	0.23809523809523808	0.23809523809523808	0.36507936507936506	0.15873015873015872	0.0	0.21052631578947367	0.2	0.6031746031746031	0.47619047619047616
ENST00000305264.8	ENSG00000171720	stop_codon_region	63	0.47619047619047616	0.31746031746031744	0.12698412698412698	0.3492063492063492	0.20634920634920634	0.0	0.4666666666666667	0.21212121212121213	0.6666666666666666	0.4444444444444444
ENST00000438763.7	ENSG00000241106	stop_codon_region	63	0.5238095238095238	0.1746031746031746	0.31746031746031744	0.20634920634920634	0.30158730158730157	0.0	-0.21212121212121213	-0.26666666666666666	0.38095238095238093	0.49206349206349204
ENST00000372876.2	ENSG00000124659	stop_codon_region	63	0.49206349206349204	0.25396825396825395	0.2698412698412698	0.2222222222222222	0.25396825396825395	0.0	-0.0967741935483871	0.0	0.47619047619047616	0.5238095238095238
ENST00000369798.7	ENSG00000112742	stop_codon_region	63	0.30158730158730157	0.4444444444444444	0.1111111111111111	0.19047619047619047	0.25396825396825395	0.0	0.2631578947368421	0.2727272727272727	0.6349206349206349	0.5555555555555556
ENST00000326499.11	ENSG00000112303	stop_codon_region	63	0.36507936507936506	0.25396825396825395	0.20634920634920634	0.15873015873015872	0.38095238095238093	0.0	-0.13043478260869565	-0.2	0.4126984126984127	0.4603174603174603
ENST00000344962.9	ENSG00000188732	stop_codon_region	63	0.3968253968253968	0.36507936507936506	0.2698412698412698	0.12698412698412698	0.23809523809523808	0.0	-0.36	0.21052631578947367	0.49206349206349204	0.6349206349206349
ENST00000297533.9	ENSG00000164897	stop_codon_region	63	0.6984126984126984	0.07936507936507936	0.38095238095238093	0.31746031746031744	0.2222222222222222	0.0	-0.09090909090909091	-0.47368421052631576	0.3968253968253968	0.4603174603174603
ENST00000276585.9	ENSG00000147586	stop_codon_region	63	0.31746031746031744	0.3968253968253968	0.14285714285714285	0.1746031746031746	0.2857142857142857	0.0	0.1	0.16279069767441862	0.5714285714285714	0.5396825396825397
ENST00000448384.3	ENSG00000214954	stop_codon_region	63	0.49206349206349204	0.23809523809523808	0.25396825396825395	0.23809523809523808	0.2698412698412698	0.0	-0.03225806451612903	-0.0625	0.47619047619047616	0.49206349206349204
ENST00000257497.11	ENSG00000135046	stop_codon_region	63	0.42857142857142855	0.2698412698412698	0.20634920634920634	0.2222222222222222	0.30158730158730157	0.0	0.037037037037037035	-0.05555555555555555	0.49206349206349204	0.47619047619047616
ENST00000323927.3	ENSG00000176248	stop_codon_region	63	0.746031746031746	0.15873015873015872	0.5079365079365079	0.23809523809523808	0.09523809523809523	0.0	-0.3617021276595745	0.25	0.3968253968253968	0.6666666666666666
ENST00000380554.5	ENSG00000196139	stop_codon_region	63	0.3968253968253968	0.30158730158730157	0.2222222222222222	0.1746031746031746	0.30158730158730157	0.0	-0.12	0.0	0.47619047619047616	0.5238095238095238
ENST00000378372.8	ENSG00000187522	stop_codon_region	63	0.2698412698412698	0.38095238095238093	0.09523809523809523	0.1746031746031746	0.3492063492063492	0.0	0.29411764705882354	0.043478260869565216	0.5555555555555556	0.47619047619047616
ENST00000299166.9	ENSG00000166136	stop_codon_region	63	0.5396825396825397	0.19047619047619047	0.19047619047619047	0.3492063492063492	0.2698412698412698	0.0	0.29411764705882354	-0.1724137931034483	0.5396825396825397	0.38095238095238093
ENST00000397298.8	ENSG00000214026	stop_codon_region	63	0.7777777777777778	0.09523809523809523	0.31746031746031744	0.4603174603174603	0.12698412698412698	0.0	0.1836734693877551	-0.14285714285714285	0.5555555555555556	0.4126984126984127
ENST00000241051.8	ENSG00000121690	stop_codon_region	63	0.30158730158730157	0.2698412698412698	0.1111111111111111	0.19047619047619047	0.42857142857142855	0.0	0.2631578947368421	-0.22727272727272727	0.4603174603174603	0.38095238095238093
ENST00000263774.9	ENSG00000213619	stop_codon_region	63	0.5555555555555556	0.31746031746031744	0.23809523809523808	0.31746031746031744	0.12698412698412698	0.0	0.14285714285714285	0.42857142857142855	0.6349206349206349	0.5555555555555556
ENST00000265471.10	ENSG00000149541	stop_codon_region	63	0.6349206349206349	0.19047619047619047	0.36507936507936506	0.2698412698412698	0.1746031746031746	0.0	-0.15	0.043478260869565216	0.4603174603174603	0.5555555555555556
ENST00000280350.10	ENSG00000150773	stop_codon_region	63	0.3968253968253968	0.2698412698412698	0.19047619047619047	0.20634920634920634	0.3333333333333333	0.0	0.04	-0.10526315789473684	0.47619047619047616	0.4603174603174603
ENST00000329406.5	ENSG00000183395	stop_codon_region	63	0.4603174603174603	0.23809523809523808	0.23809523809523808	0.2222222222222222	0.30158730158730157	0.0	-0.034482758620689655	-0.11764705882352941	0.4603174603174603	0.47619047619047616
ENST00000229379.3	ENSG00000111775	stop_codon_region	63	0.49206349206349204	0.3492063492063492	0.2857142857142857	0.20634920634920634	0.15873015873015872	0.0	-0.16129032258064516	0.375	0.5555555555555556	0.6349206349206349
ENST00000299601.10	ENSG00000166477	stop_codon_region	63	0.2698412698412698	0.4444444444444444	0.047619047619047616	0.2222222222222222	0.2857142857142857	0.0	0.6470588235294118	0.21739130434782608	0.6666666666666666	0.49206349206349204
ENST00000219409.8	ENSG00000242173	stop_codon_region	63	0.6190476190476191	0.15873015873015872	0.3968253968253968	0.2222222222222222	0.2222222222222222	0.0	-0.28205128205128205	-0.16666666666666666	0.38095238095238093	0.5555555555555556
ENST00000394863.8	ENSG00000140682	stop_codon_region	63	0.6984126984126984	0.09523809523809523	0.4603174603174603	0.23809523809523808	0.20634920634920634	0.0	-0.3181818181818182	-0.3684210526315789	0.3333333333333333	0.5555555555555556
ENST00000458121.7	ENSG00000102981	stop_codon_region	63	0.5555555555555556	0.23809523809523808	0.2857142857142857	0.2698412698412698	0.20634920634920634	0.0	-0.02857142857142857	0.07142857142857142	0.5079365079365079	0.5238095238095238
ENST00000302422.4	ENSG00000205544	stop_codon_region	63	0.47619047619047616	0.07936507936507936	0.25396825396825395	0.2222222222222222	0.4444444444444444	0.0	-0.06666666666666667	-0.696969696969697	0.30158730158730157	0.3333333333333333
ENST00000293831.13	ENSG00000161960	stop_codon_region	63	0.6190476190476191	0.19047619047619047	0.38095238095238093	0.23809523809523808	0.19047619047619047	0.0	-0.23076923076923078	0.0	0.42857142857142855	0.5714285714285714
ENST00000261652.7	ENSG00000240505	stop_codon_region	63	0.6666666666666666	0.23809523809523808	0.15873015873015872	0.5079365079365079	0.09523809523809523	0.0	0.5238095238095238	0.42857142857142855	0.746031746031746	0.3968253968253968
ENST00000422514.7	ENSG00000198242	stop_codon_region	63	0.38095238095238093	0.31746031746031744	0.19047619047619047	0.19047619047619047	0.30158730158730157	0.0	0.0	0.02564102564102564	0.5079365079365079	0.5079365079365079
ENST00000314144.10	ENSG00000132141	stop_codon_region	63	0.36507936507936506	0.31746031746031744	0.19047619047619047	0.1746031746031746	0.31746031746031744	0.0	-0.043478260869565216	0.0	0.49206349206349204	0.5079365079365079
ENST00000333213.11	ENSG00000182173	stop_codon_region	63	0.6031746031746031	0.19047619047619047	0.2857142857142857	0.31746031746031744	0.20634920634920634	0.0	0.05263157894736842	-0.04	0.5079365079365079	0.47619047619047616
ENST00000300784.8	ENSG00000167363	stop_codon_region	63	0.6825396825396826	0.1111111111111111	0.4444444444444444	0.23809523809523808	0.20634920634920634	0.0	-0.3023255813953488	-0.3	0.3492063492063492	0.5555555555555556
ENST00000233997.4	ENSG00000172232	stop_codon_region	63	0.6984126984126984	0.1746031746031746	0.36507936507936506	0.3333333333333333	0.12698412698412698	0.0	-0.045454545454545456	0.15789473684210525	0.5079365079365079	0.5396825396825397
ENST00000233627.14	ENSG00000115286	stop_codon_region	63	0.7619047619047619	0.12698412698412698	0.36507936507936506	0.3968253968253968	0.1111111111111111	0.0	0.041666666666666664	0.06666666666666667	0.5238095238095238	0.49206349206349204
ENST00000300961.10	ENSG00000167476	stop_codon_region	63	0.7936507936507936	0.15873015873015872	0.38095238095238093	0.4126984126984127	0.047619047619047616	0.0	0.04	0.5384615384615384	0.5714285714285714	0.5396825396825397
ENST00000292672.7	ENSG00000161082	stop_codon_region	63	0.6984126984126984	0.2222222222222222	0.4126984126984127	0.2857142857142857	0.07936507936507936	0.0	-0.18181818181818182	0.47368421052631576	0.5079365079365079	0.6349206349206349
ENST00000294618.12	ENSG00000130158	stop_codon_region	63	0.5238095238095238	0.3492063492063492	0.2698412698412698	0.25396825396825395	0.12698412698412698	0.0	-0.030303030303030304	0.4666666666666667	0.6031746031746031	0.6190476190476191
ENST00000291842.10	ENSG00000160410	stop_codon_region	63	0.47619047619047616	0.2857142857142857	0.25396825396825395	0.2222222222222222	0.23809523809523808	0.0	-0.06666666666666667	0.09090909090909091	0.5079365079365079	0.5396825396825397
ENST00000270221.11	ENSG00000142227	stop_codon_region	63	0.6984126984126984	0.15873015873015872	0.4444444444444444	0.25396825396825395	0.14285714285714285	0.0	-0.2727272727272727	0.05263157894736842	0.4126984126984127	0.6031746031746031
ENST00000345358.12	ENSG00000087088	stop_codon_region	63	0.5714285714285714	0.1746031746031746	0.30158730158730157	0.2698412698412698	0.25396825396825395	0.0	-0.05555555555555555	-0.18518518518518517	0.4444444444444444	0.47619047619047616
ENST00000376112.4	ENSG00000125968	stop_codon_region	63	0.6825396825396826	0.14285714285714285	0.38095238095238093	0.30158730158730157	0.1746031746031746	0.0	-0.11627906976744186	-0.1	0.4444444444444444	0.5238095238095238
ENST00000217182.6	ENSG00000101210	stop_codon_region	63	0.7777777777777778	0.1746031746031746	0.36507936507936506	0.4126984126984127	0.047619047619047616	0.0	0.061224489795918366	0.5714285714285714	0.5873015873015873	0.5396825396825397
ENST00000300527.9	ENSG00000142173	stop_codon_region	63	0.6984126984126984	0.09523809523809523	0.3968253968253968	0.30158730158730157	0.20634920634920634	0.0	-0.13636363636363635	-0.3684210526315789	0.3968253968253968	0.49206349206349204
ENST00000248958.5	ENSG00000128228	stop_codon_region	63	0.5873015873015873	0.1746031746031746	0.14285714285714285	0.4444444444444444	0.23809523809523808	0.0	0.5135135135135135	-0.15384615384615385	0.6190476190476191	0.31746031746031744
ENST00000216254.9	ENSG00000100412	stop_codon_region	63	0.6666666666666666	0.2222222222222222	0.36507936507936506	0.30158730158730157	0.1111111111111111	0.0	-0.09523809523809523	0.3333333333333333	0.5238095238095238	0.5873015873015873
ENST00000380903.7	ENSG00000073169	stop_codon_region	63	0.6031746031746031	0.20634920634920634	0.3333333333333333	0.2698412698412698	0.19047619047619047	0.0	-0.10526315789473684	0.04	0.47619047619047616	0.5396825396825397
ENST00000156109.7	ENSG00000068394	stop_codon_region	63	0.5873015873015873	0.2222222222222222	0.3492063492063492	0.23809523809523808	0.19047619047619047	0.0	-0.1891891891891892	0.07692307692307693	0.4603174603174603	0.5714285714285714
ENST00000373829.8	ENSG00000147166	stop_codon_region	63	0.49206349206349204	0.36507936507936506	0.09523809523809523	0.3968253968253968	0.14285714285714285	0.0	0.6129032258064516	0.4375	0.7619047619047619	0.4603174603174603
ENST00000378546.9	ENSG00000162585	tail_region	100	0.67	0.12	0.41	0.26	0.21	0.0	-0.22388059701492538	-0.2727272727272727	0.38	0.53
ENST00000376957.7	ENSG00000116649	tail_region	100	0.51	0.21	0.36	0.15	0.28	0.0	-0.4117647058823529	-0.14285714285714285	0.36	0.57
ENST00000373709.8	ENSG00000168528	tail_region	100	0.53	0.2	0.33	0.2	0.27	0.0	-0.24528301886792453	-0.14893617021276595	0.4	0.53
ENST00000371226.8	ENSG00000162600	tail_region	100	0.19	0.39	0.09	0.1	0.42	0.0	0.05263157894736842	-0.037037037037037035	0.49	0.48
ENST00000370360.8	ENSG00000174842	tail_region	100	0.19	0.38	0.12	0.07	0.43	0.0	-0.2631578947368421	-0.06172839506172839	0.45	0.5
ENST00000369099.8	ENSG00000118292	tail_region	100	0.35	0.39	0.07	0.28	0.26	0.0	0.6	0.2	0.67	0.46
ENST00000428931.6	ENSG00000143569	tail_region	100	0.23	0.25	0.08	0.15	0.52	0.0	0.30434782608695654	-0.35064935064935066	0.4	0.33
ENST00000367429.9	ENSG00000000971	tail_region	100	0.31	0.36	0.15	0.16	0.33	0.0	0.03225806451612903	0.043478260869565216	0.52	0.51
ENST00000310256.7	ENSG00000173409	tail_region	100	0.26	0.46	0.11	0.15	0.28	0.0	0.15384615384615385	0.24324324324324326	0.61	0.57
ENST00000408888.8	ENSG00000188739	tail_region	100	0.5	0.19	0.33	0.17	0.31	0.0	-0.32	-0.24	0.36	0.52
ENST00000349456.9	ENSG00000163001	tail_region	100	0.21	0.48	0.1	0.11	0.31	0.0	0.047619047619047616	0.21518987341772153	0.59	0.58
ENST00000244217.6	ENSG00000124370	tail_region	100	0.2	0.42	0.11	0.09	0.38	0.0	-0.1	0.05	0.51	0.53
ENST00000244230.7	ENSG00000124383	tail_region	100	0.21	0.35	0.08	0.13	0.44	0.0	0.23809523809523808	-0.11392405063291139	0.48	0.43
ENST00000289359.6	ENSG00000158411	tail_region	100	0.17	0.35	0.08	0.09	0.48	0.0	0.058823529411764705	-0.1566265060240964	0.44	0.43
ENST00000295095.11	ENSG00000075884	tail_region	100	0.27	0.34	0.13	0.14	0.39	0.0	0.037037037037037035	-0.0684931506849315	0.48	0.47
ENST00000317647.12	ENSG00000163072	tail_region	100	0.43	0.41	0.23	0.2	0.16	0.0	-0.06976744186046512	0.43859649122807015	0.61	0.64
ENST00000306125.12	ENSG00000172053	tail_region	100	0.5	0.28	0.31	0.19	0.22	0.0	-0.24	0.12	0.47	0.59
ENST00000295899.10	ENSG00000163634	tail_region	100	0.27	0.34	0.12	0.15	0.39	0.0	0.1111111111111111	-0.0684931506849315	0.49	0.46
ENST00000273668.7	ENSG00000145088	tail_region	100	0.2	0.42	0.08	0.12	0.38	0.0	0.2	0.05	0.54	0.5
ENST00000342480.7	ENSG00000114631	tail_region	100	0.78	0.12	0.46	0.32	0.1	0.0	-0.1794871794871795	0.09090909090909091	0.44	0.58
ENST00000254730.11	ENSG00000132394	tail_region	100	0.61	0.2	0.39	0.22	0.19	0.0	-0.2786885245901639	0.02564102564102564	0.42	0.59
ENST00000476781.6	ENSG00000136522	tail_region	100	0.3	0.4	0.17	0.13	0.3	0.0	-0.13333333333333333	0.14285714285714285	0.53	0.57
ENST00000307944.6	ENSG00000213139	tail_region	100	0.43	0.36	0.25	0.18	0.21	0.0	-0.16279069767441862	0.2631578947368421	0.54	0.61
ENST00000324642.4	ENSG00000164363	tail_region	100	0.72	0.14	0.32	0.4	0.14	0.0	0.1111111111111111	0.0	0.54	0.46
ENST00000396027.9	ENSG00000152422	tail_region	100	0.2	0.38	0.05	0.15	0.42	0.0	0.5	-0.05	0.53	0.43
ENST00000282611.8	ENSG00000152705	tail_region	100	0.53	0.26	0.23	0.3	0.21	0.0	0.1320754716981132	0.10638297872340426	0.56	0.49
ENST00000305264.8	ENSG00000171720	tail_region	100	0.34	0.24	0.15	0.19	0.42	0.0	0.11764705882352941	-0.2727272727272727	0.43	0.39
ENST00000438763.7	ENSG00000241106	tail_region	100	0.31	0.36	0.17	0.14	0.33	0.0	-0.0967741935483871	0.043478260869565216	0.5	0.53
ENST00000372876.2	ENSG00000124659	tail_region	100	0.39	0.31	0.09	0.3	0.3	0.0	0.5384615384615384	0.01639344262295082	0.61	0.4
ENST00000369798.7	ENSG00000112742	tail_region	100	0.29	0.35	0.12	0.17	0.36	0.0	0.1724137931034483	-0.014084507042253521	0.52	0.47
ENST00000326499.11	ENSG00000112303	tail_region	100	0.35	0.33	0.15	0.2	0.32	0.0	0.14285714285714285	0.015384615384615385	0.53	0.48
ENST00000344962.9	ENSG00000188732	tail_region	100	0.17	0.45	0.11	0.06	0.38	0.0	-0.29411764705882354	0.08433734939759036	0.51	0.56
ENST00000297533.9	ENSG00000164897	tail_region	100	0.6	0.22	0.17	0.43	0.18	0.0	0.43333333333333335	0.1	0.65	0.39
ENST00000276585.9	ENSG00000147586	tail_region	100	0.35	0.23	0.17	0.18	0.42	0.0	0.02857142857142857	-0.2923076923076923	0.41	0.4
ENST00000448384.3	ENSG00000214954	tail_region	100	0.32	0.35	0.13	0.19	0.33	0.0	0.1875	0.029411764705882353	0.54	0.48
ENST00000257497.11	ENSG00000135046	tail_region	100	0.33	0.42	0.19	0.14	0.25	0.0	-0.15151515151515152	0.2537313432835821	0.56	0.61
ENST00000323927.3	ENSG00000176248	tail_region	100	0.65	0.21	0.42	0.23	0.14	0.0	-0.2923076923076923	0.2	0.44	0.63
ENST00000380554.5	ENSG00000196139	tail_region	100	0.35	0.34	0.22	0.13	0.31	0.0	-0.2571428571428571	0.046153846153846156	0.47	0.56
ENST00000378372.8	ENSG00000187522	tail_region	100	0.22	0.35	0.09	0.13	0.43	0.0	0.18181818181818182	-0.10256410256410256	0.48	0.44
ENST00000299166.9	ENSG00000166136	tail_region	100	0.42	0.26	0.22	0.2	0.32	0.0	-0.047619047619047616	-0.10344827586206896	0.46	0.48
ENST00000397298.8	ENSG00000214026	tail_region	100	0.64	0.23	0.27	0.37	0.13	0.0	0.15625	0.2777777777777778	0.6	0.5
ENST00000241051.8	ENSG00000121690	tail_region	100	0.22	0.39	0.11	0.11	0.39	0.0	0.0	0.0	0.5	0.5
ENST00000263774.9	ENSG00000213619	tail_region	100	0.45	0.28	0.22	0.23	0.27	0.0	0.022222222222222223	0.01818181818181818	0.51	0.5
ENST00000265471.10	ENSG00000149541	tail_region	100	0.6	0.21	0.32	0.28	0.19	0.0	-0.06666666666666667	0.05	0.49	0.53
ENST00000280350.10	ENSG00000150773	tail_region	100	0.36	0.3	0.15	0.21	0.34	0.0	0.16666666666666666	-0.0625	0.51	0.45
ENST00000329406.5	ENSG00000183395	tail_region	100	0.28	0.34	0.1	0.18	0.38	0.0	0.2857142857142857	-0.05555555555555555	0.52	0.44
ENST00000229379.3	ENSG00000111775	tail_region	100	0.37	0.28	0.2	0.17	0.35	0.0	-0.08108108108108109	-0.1111111111111111	0.45	0.48
ENST00000299601.10	ENSG00000166477	tail_region	100	0.2	0.39	0.06	0.14	0.41	0.0	0.4	-0.025	0.53	0.45
ENST00000219409.8	ENSG00000242173	tail_region	100	0.68	0.07	0.44	0.24	0.25	0.0	-0.29411764705882354	-0.5625	0.31	0.51
ENST00000394863.8	ENSG00000140682	tail_region	100	0.54	0.21	0.37	0.17	0.25	0.0	-0.37037037037037035	-0.08695652173913043	0.38	0.58
ENST00000458121.7	ENSG00000102981	tail_region	100	0.52	0.24	0.24	0.28	0.24	0.0	0.07692307692307693	0.0	0.52	0.48
ENST00000302422.4	ENSG00000205544	tail_region	100	0.35	0.3	0.11	0.24	0.35	0.0	0.37142857142857144	-0.07692307692307693	0.54	0.41
ENST00000293831.13	ENSG00000161960	tail_region	100	0.32	0.37	0.12	0.2	0.31	0.0	0.25	0.08823529411764706	0.57	0.49
ENST00000261652.7	ENSG00000240505	tail_region	100	0.57	0.22	0.38	0.19	0.21	0.0	-0.3333333333333333	0.023255813953488372	0.41	0.6
ENST00000422514.7	ENSG00000198242	tail_region	100	0.5	0.24	0.32	0.18	0.26	0.0	-0.28	-0.04	0.42	0.56
ENST00000314144.10	ENSG00000132141	tail_region	100	0.25	0.4	0.14	0.11	0.35	0.0	-0.12	0.06666666666666667	0.51	0.54
ENST00000333213.11	ENSG00000182173	tail_region	100	0.48	0.28	0.19	0.29	0.24	0.0	0.20833333333333334	0.07692307692307693	0.57	0.47
ENST00000300784.8	ENSG00000167363	tail_region	100	0.73	0.1	0.52	0.21	0.17	0.0	-0.4246575342465753	-0.25925925925925924	0.31	0.62
ENST00000233997.4	ENSG00000172232	tail_region	100	0.72	0.14	0.49	0.23	0.14	0.0	-0.3611111111111111	0.0	0.37	0.63
ENST00000233627.14	ENSG00000115286	tail_region	100	0.72	0.09	0.42	0.3	0.19	0.0	-0.16666666666666666	-0.35714285714285715	0.39	0.51
ENST00000300961.10	ENSG00000167476	tail_region	100	0.74	0.16	0.35	0.39	0.1	0.0	0.05405405405405406	0.23076923076923078	0.55	0.51
ENST00000292672.7	ENSG00000161082	tail_region	100	0.24	0.48	0.13	0.11	0.28	0.0	-0.08333333333333333	0.2631578947368421	0.59	0.61
ENST00000294618.12	ENSG00000130158	tail_region	100	0.47	0.18	0.28	0.19	0.35	0.0	-0.19148936170212766	-0.32075471698113206	0.37	0.46
ENST00000291842.10	ENSG00000160410	tail_region	100	0.49	0.24	0.33	0.16	0.27	0.0	-0.3469387755102041	-0.058823529411764705	0.4	0.57
ENST00000270221.11	ENSG00000142227	tail_region	100	0.7	0.17	0.45	0.25	0.13	0.0	-0.2857142857142857	0.13333333333333333	0.42	0.62
ENST00000345358.12	ENSG00000087088	tail_region	100	0.5	0.19	0.12	0.38	0.31	0.0	0.52	-0.24	0.57	0.31
ENST00000376112.4	ENSG00000125968	tail_region	100	0.28	0.29	0.1	0.18	0.43	0.0	0.2857142857142857	-0.19444444444444445	0.47	0.39
ENST00000217182.6	ENSG00000101210	tail_region	100	0.63	0.21	0.38	0.25	0.16	0.0	-0.20634920634920634	0.13513513513513514	0.46	0.59
ENST00000300527.9	ENSG00000142173	tail_region	100	0.64	0.19	0.44	0.2	0.17	0.0	-0.375	0.05555555555555555	0.39	0.63
ENST00000248958.5	ENSG00000128228	tail_region	100	0.53	0.18	0.16	0.37	0.29	0.0	0.39622641509433965	-0.23404255319148937	0.55	0.34
ENST00000216254.9	ENSG00000100412	tail_region	100	0.4	0.29	0.23	0.17	0.31	0.0	-0.15	-0.03333333333333333	0.46	0.52
ENST00000380903.7	ENSG00000073169	tail_region	100	0.63	0.19	0.35	0.28	0.18	0.0	-0.1111111111111111	0.02702702702702703	0.47	0.54
ENST00000156109.7	ENSG00000068394	tail_region	100	0.38	0.44	0.14	0.24	0.18	0.0	0.2631578947368421	0.41935483870967744	0.68	0.58
ENST00000373829.8	ENSG00000147166	tail_region	100	0.4	0.29	0.18	0.22	0.31	0.0	0.1	-0.03333333333333333	0.51	0.47
